Applicant_ID,Patent_ID
INDIAN_INSTITUTE_OF_SCIENCE,PAT_00001
INDIAN_INSTITUTE_OF_SCIENCE,PAT_00002
INDIAN_INSTITUTE_OF_SCIENCE,PAT_00003
INDIAN_INSTITUTE_OF_SCIENCE,PAT_00004
INDIAN_INSTITUTE_OF_SCIENCE,PAT_00005
INDIAN_INSTITUTE_OF_SCIENCE,PAT_00006
INDIAN_INSTITUTE_OF_SCIENCE,PAT_00007
CARBON_CRAFT_DESIGN_PRIVATE_LIMITED,PAT_00007
INDIAN_INSTITUTE_OF_SCIENCE,PAT_00008
INDIAN_INSTITUTE_OF_SCIENCE,PAT_00009
INDIAN_INSTITUTE_OF_SCIENCE,PAT_00010
INDIAN_INSTITUTE_OF_SCIENCE,PAT_00011
INDIAN_INSTITUTE_OF_SCIENCE,PAT_00012
INDIAN_INSTITUTE_OF_SCIENCE,PAT_00013
INDIAN_INSTITUTE_OF_SCIENCE,PAT_00014
INDIAN_INSTITUTE_OF_SCIENCE,PAT_00015
INDIAN_INSTITUTE_OF_SCIENCE,PAT_00016
INDIAN_INSTITUTE_OF_SCIENCE,PAT_00017
INDIAN_INSTITUTE_OF_SCIENCE,PAT_00018
INDIAN_INSTITUTE_OF_SCIENCE,PAT_00019
INDIAN_INSTITUTE_OF_SCIENCE,PAT_00020
INDIAN_INSTITUTE_OF_SCIENCE,PAT_00021
ADVANCE_MECHANICAL_SERVICES_PRIVATE_LIMITED,PAT_00021
INDIAN_INSTITUTE_OF_SCIENCE,PAT_00022
INDIAN_INSTITUTE_OF_SCIENCE,PAT_00023
INDIAN_INSTITUTE_OF_SCIENCE,PAT_00024
INDIAN_INSTITUTE_OF_SCIENCE,PAT_00025
INDIAN_INSTITUTE_OF_SCIENCE,PAT_00026
INDIAN_INSTITUTE_OF_SCIENCE,PAT_00027
INDIAN_INSTITUTE_OF_SCIENCE,PAT_00028
INDIAN_INSTITUTE_OF_SCIENCE,PAT_00029
INDIAN_INSTITUTE_OF_SCIENCE,PAT_00030
INDIAN_INSTITUTE_OF_SCIENCE,PAT_00031
INDIAN_INSTITUTE_OF_SCIENCE,PAT_00032
INDIAN_INSTITUTE_OF_SCIENCE,PAT_00033
UNIVERSITY_OF_HYDERABAD,PAT_00033
INDIAN_INSTITUTE_OF_SCIENCE,PAT_00034
INDIAN_INSTITUTE_OF_SCIENCE,PAT_00035
INDIAN_INSTITUTE_OF_SCIENCE,PAT_00036
INDIAN_INSTITUTE_OF_SCIENCE,PAT_00037
INDIAN_INSTITUTE_OF_SCIENCE,PAT_00038
INDIAN_INSTITUTE_OF_SCIENCE,PAT_00039
INDIAN_INSTITUTE_OF_SCIENCE,PAT_00040
INDIAN_INSTITUTE_OF_SCIENCE,PAT_00041
INDIAN_INSTITUTE_OF_SCIENCE,PAT_00042
INDIAN_INSTITUTE_OF_SCIENCE,PAT_00043
INDIAN_INSTITUTE_OF_SCIENCE,PAT_00044
INDIAN_INSTITUTE_OF_SCIENCE,PAT_00045
INDIAN_INSTITUTE_OF_SCIENCE,PAT_00046
INDIAN_INSTITUTE_OF_SCIENCE,PAT_00047
INDIAN_INSTITUTE_OF_SCIENCE,PAT_00048
INDIAN_INSTITUTE_OF_SCIENCE,PAT_00049
INDIAN_INSTITUTE_OF_SCIENCE,PAT_00050
INDIAN_INSTITUTE_OF_SCIENCE,PAT_00051
INDIAN_INSTITUTE_OF_SCIENCE,PAT_00052
HIGH_SPEED_RAIL_INNOVATION_CENTRE_TRUST,PAT_00052
INDIAN_INSTITUTE_OF_TECHNOLOGY_BOMBAY,PAT_00052
INDIAN_INSTITUTE_OF_SCIENCE,PAT_00053
INDIAN_INSTITUTE_OF_SCIENCE,PAT_00054
INDIAN_INSTITUTE_OF_SCIENCE,PAT_00055
INDIAN_INSTITUTE_OF_SCIENCE,PAT_00056
INDIAN_INSTITUTE_OF_SCIENCE,PAT_00057
INDIAN_INSTITUTE_OF_SCIENCE,PAT_00058
INDIAN_INSTITUTE_OF_SCIENCE,PAT_00059
INDIAN_INSTITUTE_OF_SCIENCE,PAT_00060
INDIAN_INSTITUTE_OF_SCIENCE,PAT_00061
INDIAN_INSTITUTE_OF_SCIENCE,PAT_00062
INDIAN_INSTITUTE_OF_SCIENCE,PAT_00063
INDIAN_INSTITUTE_OF_SCIENCE,PAT_00064
INDIAN_INSTITUTE_OF_SCIENCE,PAT_00065
INDIAN_INSTITUTE_OF_SCIENCE,PAT_00066
INDIAN_INSTITUTE_OF_SCIENCE,PAT_00067
INDIAN_INSTITUTE_OF_SCIENCE,PAT_00068
INDIAN_INSTITUTE_OF_SCIENCE,PAT_00069
INDIAN_INSTITUTE_OF_SCIENCE,PAT_00070
INDIAN_INSTITUTE_OF_SCIENCE,PAT_00071
INDIAN_INSTITUTE_OF_SCIENCE,PAT_00072
INDIAN_INSTITUTE_OF_SCIENCE,PAT_00073
INDIAN_INSTITUTE_OF_SCIENCE,PAT_00074
JAWAHARLAL_NEHRU_CENTRE_FOR_ADVANCED_SCIENTIFIC_RESEARCH,PAT_00074
INDIAN_INSTITUTE_OF_SCIENCE,PAT_00075
INDIAN_INSTITUTE_OF_SCIENCE,PAT_00076
INDIAN_INSTITUTE_OF_SCIENCE,PAT_00077
INDIAN_INSTITUTE_OF_SCIENCE,PAT_00078
INDIAN_INSTITUTE_OF_SCIENCE,PAT_00079
INDIAN_INSTITUTE_OF_SCIENCE,PAT_00080
INDIAN_INSTITUTE_OF_SCIENCE,PAT_00081
INDIAN_INSTITUTE_OF_SCIENCE,PAT_00082
INDIAN_INSTITUTE_OF_SCIENCE,PAT_00083
INDIAN_INSTITUTE_OF_SCIENCE,PAT_00084
M_S_RAMAIAH_MEDICAL_COLLEGE,PAT_00084
INDIAN_INSTITUTE_OF_SCIENCE,PAT_00085
INDIAN_INSTITUTE_OF_SCIENCE,PAT_00086
INDIAN_INSTITUTE_OF_SCIENCE,PAT_00087
INDIAN_INSTITUTE_OF_SCIENCE,PAT_00088
INDIAN_INSTITUTE_OF_SCIENCE,PAT_00089
INDIAN_INSTITUTE_OF_SCIENCE,PAT_00090
INDIAN_INSTITUTE_OF_SCIENCE,PAT_00091
INDIAN_INSTITUTE_OF_SCIENCE,PAT_00092
AAGYAVISION_PRIVATE_LIMITED,PAT_00093
INDIAN_INSTITUTE_OF_SCIENCE,PAT_00093
INDIAN_INSTITUTE_OF_SCIENCE,PAT_00094
INDIAN_INSTITUTE_OF_SCIENCE,PAT_00095
INDIAN_INSTITUTE_OF_SCIENCE,PAT_00096
INDIAN_INSTITUTE_OF_SCIENCE,PAT_00097
INDIAN_INSTITUTE_OF_SCIENCE,PAT_00098
INDIAN_NAVY,PAT_00098
INDIAN_INSTITUTE_OF_SCIENCE,PAT_00099
INDIAN_INSTITUTE_OF_SCIENCE,PAT_00100
INDIAN_INSTITUTE_OF_SCIENCE,PAT_00101
INDIAN_INSTITUTE_OF_SCIENCE,PAT_00102
INDIAN_INSTITUTE_OF_SCIENCE,PAT_00103
INDIAN_INSTITUTE_OF_SCIENCE,PAT_00104
INDIAN_INSTITUTE_OF_SCIENCE,PAT_00105
INDIAN_INSTITUTE_OF_SCIENCE,PAT_00106
INDIAN_INSTITUTE_OF_SCIENCE,PAT_00107
INDIAN_INSTITUTE_OF_SCIENCE,PAT_00108
INDIAN_INSTITUTE_OF_SCIENCE,PAT_00109
INDIAN_INSTITUTE_OF_SCIENCE,PAT_00110
INDIAN_INSTITUTE_OF_SCIENCE,PAT_00111
INDIAN_INSTITUTE_OF_SCIENCE,PAT_00112
INDIAN_INSTITUTE_OF_SCIENCE,PAT_00113
INDIAN_INSTITUTE_OF_SCIENCE,PAT_00114
INDIAN_INSTITUTE_OF_SCIENCE,PAT_00115
INDIAN_INSTITUTE_OF_SCIENCE,PAT_00116
INDIAN_INSTITUTE_OF_SCIENCE,PAT_00117
INDIAN_INSTITUTE_OF_SCIENCE,PAT_00118
INDIAN_INSTITUTE_OF_SCIENCE,PAT_00119
INDIAN_INSTITUTE_OF_SCIENCE,PAT_00120
INDIAN_INSTITUTE_OF_SCIENCE,PAT_00121
INDIAN_INSTITUTE_OF_SCIENCE,PAT_00122
INDIAN_INSTITUTE_OF_SCIENCE,PAT_00123
INDIAN_INSTITUTE_OF_SCIENCE,PAT_00124
INDIAN_INSTITUTE_OF_SCIENCE,PAT_00125
INDIAN_INSTITUTE_OF_SCIENCE,PAT_00126
INDIAN_INSTITUTE_OF_SCIENCE,PAT_00127
INDIAN_INSTITUTE_OF_SCIENCE,PAT_00128
INDIAN_INSTITUTE_OF_SCIENCE,PAT_00129
INDIAN_INSTITUTE_OF_SCIENCE,PAT_00130
INDIAN_INSTITUTE_OF_SCIENCE,PAT_00131
INDIAN_INSTITUTE_OF_SCIENCE,PAT_00132
INDIAN_INSTITUTE_OF_SCIENCE,PAT_00133
INDIAN_INSTITUTE_OF_SCIENCE,PAT_00134
INDIAN_INSTITUTE_OF_SCIENCE,PAT_00135
INDIAN_INSTITUTE_OF_SCIENCE,PAT_00136
INDIAN_INSTITUTE_OF_SCIENCE,PAT_00137
INDIAN_INSTITUTE_OF_SCIENCE,PAT_00138
INDIAN_INSTITUTE_OF_SCIENCE,PAT_00139
INDIAN_INSTITUTE_OF_SCIENCE,PAT_00140
INDIAN_INSTITUTE_OF_SCIENCE,PAT_00141
INDIAN_INSTITUTE_OF_SCIENCE,PAT_00142
INDIAN_INSTITUTE_OF_SCIENCE,PAT_00143
INDIAN_INSTITUTE_OF_SCIENCE,PAT_00144
INDIAN_INSTITUTE_OF_SCIENCE,PAT_00145
INDIAN_INSTITUTE_OF_SCIENCE,PAT_00146
INDIAN_INSTITUTE_OF_SCIENCE,PAT_00147
INDIAN_INSTITUTE_OF_SCIENCE,PAT_00148
INDIAN_INSTITUTE_OF_SCIENCE,PAT_00149
INDIAN_INSTITUTE_OF_SCIENCE,PAT_00150
INDIAN_INSTITUTE_OF_SCIENCE,PAT_00151
FIBROHEAL_WOUNDCARE_PVT_LTD,PAT_00151
INDIAN_INSTITUTE_OF_SCIENCE,PAT_00152
INDIAN_INSTITUTE_OF_SCIENCE,PAT_00153
INDIAN_INSTITUTE_OF_SCIENCE,PAT_00154
INDIAN_INSTITUTE_OF_SCIENCE,PAT_00155
INDIAN_INSTITUTE_OF_SCIENCE,PAT_00156
INDIAN_INSTITUTE_OF_SCIENCE,PAT_00157
INDIAN_INSTITUTE_OF_SCIENCE,PAT_00158
INDIAN_INSTITUTE_OF_SCIENCE,PAT_00159
INDIAN_INSTITUTE_OF_SCIENCE,PAT_00160
INDIAN_INSTITUTE_OF_SCIENCE_IISC,PAT_00161
INDIAN_INSTITUTE_OF_SCIENCE,PAT_00162
INDIAN_INSTITUTE_OF_SCIENCE,PAT_00163
INDIAN_INSTITUTE_OF_SCIENCE,PAT_00164
INDIAN_INSTITUTE_OF_SCIENCE,PAT_00165
INDIAN_INSTITUTE_OF_SCIENCE,PAT_00166
INDIAN_INSTITUTE_OF_SCIENCE,PAT_00167
INDIAN_INSTITUTE_OF_SCIENCE,PAT_00168
INDIAN_INSTITUTE_OF_SCIENCE,PAT_00169
INDIAN_INSTITUTE_OF_SCIENCE,PAT_00170
INDIAN_INSTITUTE_OF_SCIENCE,PAT_00171
INDIAN_INSTITUTE_OF_SCIENCE,PAT_00172
INDIAN_INSTITUTE_OF_SCIENCE,PAT_00173
INDIAN_INSTITUTE_OF_SCIENCE,PAT_00174
INDIAN_INSTITUTE_OF_SCIENCE,PAT_00175
INDIAN_INSTITUTE_OF_SCIENCE,PAT_00176
INDIAN_INSTITUTE_OF_SCIENCE,PAT_00177
INDIAN_INSTITUTE_OF_SCIENCE,PAT_00178
INDIAN_INSTITUTE_OF_SCIENCE,PAT_00179
INDIAN_INSTITUTE_OF_SCIENCE,PAT_00180
INDIAN_INSTITUTE_OF_SCIENCE,PAT_00181
INDIAN_INSTITUTE_OF_SCIENCE,PAT_00182
INDIAN_INSTITUTE_OF_SCIENCE,PAT_00183
INDIAN_INSTITUTE_OF_SCIENCE,PAT_00184
INDIAN_INSTITUTE_OF_SCIENCE,PAT_00185
INDIAN_INSTITUTE_OF_SCIENCE_EDUCATION_AND_RESEARCH_PUNE_IISER_PUNE,PAT_00186
INDIAN_INSTITUTE_OF_SCIENCE,PAT_00186
INDIAN_INSTITUTE_OF_SCIENCE,PAT_00187
INDIAN_INSTITUTE_OF_SCIENCE,PAT_00188
INDIAN_INSTITUTE_OF_SCIENCE,PAT_00189
INDIAN_INSTITUTE_OF_SCIENCE,PAT_00190
INDIAN_INSTITUTE_OF_SCIENCE,PAT_00191
INDIAN_INSTITUTE_OF_SCIENCE,PAT_00192
INDIAN_INSTITUTE_OF_SCIENCE,PAT_00193
INDIAN_INSTITUTE_OF_SCIENCE,PAT_00194
INDIAN_INSTITUTE_OF_SCIENCE,PAT_00195
ALL_INDIA_INSTITUTE_OF_MEDICAL_SCIENCE_RISHIKESH,PAT_00195
INDIAN_INSTITUTE_OF_SCIENCE,PAT_00196
INDIAN_INSTITUTE_OF_SCIENCE,PAT_00197
INDIAN_INSTITUTE_OF_SCIENCE,PAT_00198
INDIAN_INSTITUTE_OF_SCIENCE,PAT_00199
INDIAN_INSTITUTE_OF_SCIENCE,PAT_00200
INDIAN_INSTITUTE_OF_SCIENCE,PAT_00201
INDIAN_INSTITUTE_OF_SCIENCE,PAT_00202
INDIAN_INSTITUTE_OF_SCIENCE,PAT_00203
INDIAN_INSTITUTE_OF_SCIENCE,PAT_00204
INDIAN_INSTITUTE_OF_SCIENCE,PAT_00205
INDIAN_INSTITUTE_OF_SCIENCE,PAT_00206
INDIAN_INSTITUTE_OF_SCIENCE,PAT_00207
INDIAN_INSTITUTE_OF_SCIENCE,PAT_00208
INDIAN_INSTITUTE_OF_SCIENCE,PAT_00209
INDIAN_INSTITUTE_OF_SCIENCE,PAT_00210
INDIAN_INSTITUTE_OF_SCIENCE,PAT_00211
INDIAN_INSTITUTE_OF_SCIENCE,PAT_00212
INDIAN_INSTITUTE_OF_SCIENCE,PAT_00213
WIPRO_LIMITED,PAT_00214
INDIAN_INSTITUTE_OF_SCIENCE,PAT_00214
INDIAN_INSTITUTE_OF_SCIENCE,PAT_00215
INDIAN_INSTITUTE_OF_SCIENCE,PAT_00216
INDIAN_INSTITUTE_OF_SCIENCE,PAT_00217
INDIAN_INSTITUTE_OF_SCIENCE,PAT_00218
INDIAN_INSTITUTE_OF_SCIENCE,PAT_00219
INSTITUTE_FOR_STEM_CELL_SCIENCE_AND_REGENERATIVE_MEDICINE,PAT_00219
INDIAN_INSTITUTE_OF_SCIENCE,PAT_00220
INDIAN_INSTITUTE_OF_SCIENCE,PAT_00221
INDIAN_INSTITUTE_OF_SCIENCE,PAT_00222
TRIVENI_TURBINE_LIMITED,PAT_00223
INDIAN_INSTITUTE_OF_SCIENCE,PAT_00223
INDIAN_INSTITUTE_OF_SCIENCE,PAT_00224
INDIAN_INSTITUTE_OF_SCIENCE,PAT_00225
INDIAN_INSTITUTE_OF_SCIENCE,PAT_00226
INDIAN_INSTITUTE_OF_SCIENCE,PAT_00227
INDIAN_INSTITUTE_OF_SCIENCE,PAT_00228
INDIAN_INSTITUTE_OF_SCIENCE,PAT_00229
INDIAN_INSTITUTE_OF_SCIENCE,PAT_00230
INDIAN_INSTITUTE_OF_SCIENCE,PAT_00231
INDIAN_INSTITUTE_OF_SCIENCE,PAT_00232
INDIAN_INSTITUTE_OF_SCIENCE,PAT_00233
INDIAN_INSTITUTE_OF_SCIENCE,PAT_00234
INDIAN_INSTITUTE_OF_SCIENCE,PAT_00235
INDIAN_INSTITUTE_OF_SCIENCE_IISC_BENGALURU,PAT_00236
INDIAN_INSTITUTE_OF_SCIENCE,PAT_00237
INDIAN_INSTITUTE_OF_SCIENCE_IISC,PAT_00238
INDIAN_INSTITUTE_OF_SCIENCE,PAT_00239
INDIAN_INSTITUTE_OF_SCIENCE,PAT_00240
INDIAN_INSTITUTE_OF_SCIENCE,PAT_00241
INDIAN_INSTITUTE_OF_SCIENCE,PAT_00242
INDIAN_INSTITUTE_OF_SCIENCE,PAT_00243
WIPRO_LIMITED,PAT_00244
INDIAN_INSTITUTE_OF_SCIENCE,PAT_00244
INDIAN_INSTITUTE_OF_SCIENCE,PAT_00245
INDIAN_INSTITUTE_OF_SCIENCE,PAT_00246
INDIAN_INSTITUTE_OF_SCIENCE,PAT_00247
INDIAN_INSTITUTE_OF_SCIENCE,PAT_00248
INDIAN_INSTITUTE_OF_SCIENCE,PAT_00249
INDIAN_INSTITUTE_OF_SCIENCE,PAT_00250
INDIAN_INSTITUTE_OF_SCIENCE,PAT_00251
INDIAN_INSTITUTE_OF_SCIENCE,PAT_00252
INDIAN_INSTITUTE_OF_SCIENCE,PAT_00253
INDIAN_INSTITUTE_OF_SCIENCE,PAT_00254
INDIAN_INSTITUTE_OF_SCIENCE,PAT_00255
INDIAN_INSTITUTE_OF_SCIENCE_IISC,PAT_00256
INDIAN_INSTITUTE_OF_SCIENCE_IISC,PAT_00257
INDIAN_INSTITUTE_OF_SCIENCE,PAT_00258
INDIAN_INSTITUTE_OF_SCIENCE,PAT_00259
INDIAN_INSTITUTE_OF_SCIENCE,PAT_00260
INDIAN_INSTITUTE_OF_SCIENCE,PAT_00261
INDIAN_INSTITUTE_OF_SCIENCE,PAT_00262
INDIAN_INSTITUTE_OF_SCIENCE,PAT_00263
INDIAN_INSTITUTE_OF_SCIENCE,PAT_00264
WIPRO_LIMITED,PAT_00265
INDIAN_INSTITUTE_OF_SCIENCE,PAT_00265
INDIAN_INSTITUTE_OF_SCIENCE,PAT_00266
INDIAN_INSTITUTE_OF_SCIENCE,PAT_00267
INDIAN_INSTITUTE_OF_SCIENCE,PAT_00268
INDIAN_INSTITUTE_OF_SCIENCE,PAT_00269
INDIAN_INSTITUTE_OF_SCIENCE,PAT_00270
INDIAN_INSTITUTE_OF_SCIENCE,PAT_00271
INDIAN_INSTITUTE_OF_SCIENCE,PAT_00272
INDIAN_INSTITUTE_OF_SCIENCE,PAT_00273
MIISKY_TECHNOVATION_PRIVATE_LIMITED,PAT_00273
INDIAN_INSTITUTE_OF_SCIENCE,PAT_00274
SAMSUNG_ELECTRONICS_CO_LTD,PAT_00275
INDIAN_INSTITUTE_OF_SCIENCE_BANGALORE,PAT_00275
INDIAN_INSTITUTE_OF_SCIENCE,PAT_00276
MYNVAX_PRIVATE_LIMITED,PAT_00276
INDIAN_INSTITUTE_OF_SCIENCE,PAT_00277
INDIAN_INSTITUTE_OF_SCIENCE,PAT_00278
INDIAN_INSTITUTE_OF_SCIENCE,PAT_00279
MIISKY_TECHNOVATION_PRIVATE_LIMITED,PAT_00279
INDIAN_INSTITUTE_OF_SCIENCE,PAT_00280
NATIONAL_INSTITUTE_OF_TECHNOLOGY,PAT_00280
INDIAN_INSTITUTE_OF_SCIENCE,PAT_00281
INDIAN_INSTITUTE_OF_SCIENCE_IISC,PAT_00282
RAJIV_GANDHI_UNIVERSITY_OF_HEALTH_SCIENCES_RGUHS,PAT_00282
INDIAN_INSTITUTE_OF_SCIENCE,PAT_00283
INDIAN_INSTITUTE_OF_SCIENCE,PAT_00284
INDIAN_ASSOCIATION_FOR_THE_CULTIVATION_OF_SCIENCE,PAT_00284
INDIAN_INSTITUTE_OF_SCIENCE,PAT_00285
INDIAN_INSTITUTE_OF_SCIENCE,PAT_00286
INDIAN_INSTITUTE_OF_SCIENCE,PAT_00287
INDIAN_INSTITUTE_OF_SCIENCE,PAT_00288
INDIAN_INSTITUTE_OF_SCIENCE,PAT_00289
INDIAN_INSTITUTE_OF_SCIENCE,PAT_00290
INDIAN_INSTITUTE_OF_SCIENCE,PAT_00291
INDIAN_INSTITUTE_OF_SCIENCE,PAT_00292
INDIAN_INSTITUTE_OF_SCIENCE,PAT_00293
INDIAN_INSTITUTE_OF_SCIENCE,PAT_00294
INDIAN_INSTITUTE_OF_SCIENCE_IISC,PAT_00295
INDIAN_INSTITUTE_OF_SCIENCE,PAT_00296
INDIAN_SPACE_RESEARCH_ORGANIZATION,PAT_00296
INDIAN_INSTITUTE_OF_SCIENCE,PAT_00297
TATA_STEEL_LIMITED,PAT_00298
INDIAN_INSTITUTE_OF_SCIENCE,PAT_00298
INDIAN_INSTITUTE_OF_SCIENCE,PAT_00299
INDIAN_INSTITUTE_OF_SCIENCE,PAT_00300
INDIAN_INSTITUTE_OF_SCIENCE,PAT_00301
INDIAN_INSTITUTE_OF_SCIENCE,PAT_00302
INDIAN_INSTITUTE_OF_SCIENCE,PAT_00303
FAURECIA_INDIA_PRIVATE_LIMITED,PAT_00303
INDIAN_INSTITUTE_OF_SCIENCE,PAT_00304
INDIAN_INSTITUTE_OF_SCIENCE,PAT_00305
INDIAN_INSTITUTE_OF_SCIENCE,PAT_00306
INSTITUTE_FOR_STEM_CELL_SCIENCE_AND_REGENERATIVE_MEDICINE,PAT_00306
POST_GRADUATE_INSTITUTE_OF_MEDICAL_EDUCATION_RESEARCH_CHANDIGARH,PAT_00306
INDIAN_INSTITUTE_OF_SCIENCE,PAT_00307
INDIAN_INSTITUTE_OF_SCIENCE,PAT_00308
INDIAN_INSTITUTE_OF_SCIENCE,PAT_00309
INDIAN_INSTITUTE_OF_SCIENCE,PAT_00310
INDIAN_INSTITUTE_OF_SCIENCE,PAT_00311
INDIAN_INSTITUTE_OF_SCIENCE,PAT_00312
INDIAN_INSTITUTE_OF_SCIENCE,PAT_00313
INDIAN_INSTITUTE_OF_SCIENCE,PAT_00314
INDIAN_INSTITUTE_OF_SCIENCE,PAT_00315
INDIAN_INSTITUTE_OF_SCIENCE,PAT_00316
INDIAN_INSTITUTE_OF_SCIENCE,PAT_00317
INDIAN_INSTITUTE_OF_SCIENCE,PAT_00318
INDIAN_INSTITUTE_OF_SCIENCE,PAT_00319
INDIAN_INSTITUTE_OF_SCIENCE,PAT_00320
INDIAN_INSTITUTE_OF_SCIENCE,PAT_00321
INDIAN_INSTITUTE_OF_SCIENCE,PAT_00322
INDIAN_INSTITUTE_OF_SCIENCE,PAT_00323
INDIAN_INSTITUTE_OF_SCIENCE,PAT_00324
CENTRAL_POWER_RESEARCH_INSTITUTE,PAT_00325
INDIAN_INSTITUTE_OF_SCIENCE,PAT_00325
INDIAN_INSTITUTE_OF_SCIENCE,PAT_00326
TRIVENI_TURBINE_LIMITED,PAT_00327
INDIAN_INSTITUTE_OF_SCIENCE,PAT_00327
INDIAN_INSTITUTE_OF_SCIENCE,PAT_00328
INDIAN_INSTITUTE_OF_SCIENCE,PAT_00329
INDIAN_INSTITUTE_OF_SCIENCE,PAT_00330
INDIAN_INSTITUTE_OF_SCIENCE,PAT_00331
FAURECIA_INDIA_PRIVATE_LIMITED,PAT_00331
INDIAN_INSTITUTE_OF_SCIENCE,PAT_00332
INDIAN_INSTITUTE_OF_SCIENCE,PAT_00333
INDIAN_INSTITUTE_OF_SCIENCE,PAT_00334
DEPARTMENT_OF_BIOTECHNOLOGY,PAT_00334
M_S_RAMAIAH_UNIVERSITY_OF_APPLIED_SCIENCES,PAT_00334
INDIAN_INSTITUTE_OF_SCIENCE,PAT_00335
INDIAN_INSTITUTE_OF_SCIENCE,PAT_00336
TATA_STEEL_LIMITED,PAT_00337
INDIAN_INSTITUTE_OF_SCIENCE,PAT_00337
INDIAN_INSTITUTE_OF_SCIENCE,PAT_00338
INDIAN_INSTITUTE_OF_SCIENCE,PAT_00339
INDIAN_INSTITUTE_OF_SCIENCE,PAT_00340
INDIAN_INSTITUTE_OF_SCIENCE,PAT_00341
INDIAN_INSTITUTE_OF_SCIENCE,PAT_00342
INDIAN_INSTITUTE_OF_SCIENCE,PAT_00343
INDIAN_INSTITUTE_OF_SCIENCE,PAT_00344
INDIAN_INSTITUTE_OF_SCIENCE,PAT_00345
INDIAN_INSTITUTE_OF_SCIENCE,PAT_00346
INDIAN_INSTITUTE_OF_SCIENCE,PAT_00347
INDIAN_INSTITUTE_OF_SCIENCE,PAT_00348
INDIAN_INSTITUTE_OF_SCIENCE,PAT_00349
INDIAN_INSTITUTE_OF_SCIENCE,PAT_00350
INDIAN_INSTITUTE_OF_SCIENCE,PAT_00351
INDIAN_INSTITUTE_OF_SCIENCE,PAT_00352
INDIAN_INSTITUTE_OF_SCIENCE,PAT_00353
INDIAN_INSTITUTE_OF_SCIENCE,PAT_00354
INDIAN_INSTITUTE_OF_SCIENCE,PAT_00355
INDIAN_INSTITUTE_OF_SCIENCE,PAT_00356
INDIAN_INSTITUTE_OF_SCIENCE,PAT_00357
INDIAN_INSTITUTE_OF_SCIENCE,PAT_00358
INDIAN_INSTITUTE_OF_SCIENCE,PAT_00359
INDIAN_INSTITUTE_OF_SCIENCE,PAT_00360
INDIAN_INSTITUTE_OF_SCIENCE,PAT_00361
INDIAN_INSTITUTE_OF_SCIENCE,PAT_00362
INDIAN_INSTITUTE_OF_SCIENCE,PAT_00363
INDIAN_INSTITUTE_OF_SCIENCE,PAT_00364
INDIAN_INSTITUTE_OF_SCIENCE,PAT_00365
INDIAN_INSTITUTE_OF_SCIENCE,PAT_00366
INDIAN_INSTITUTE_OF_SCIENCE,PAT_00367
IHUB_FOR_ROBOTICS_AND_AUTONOMOUS_SYSTEMS_INNOVATION_FOUNDATION,PAT_00368
INDIAN_INSTITUTE_OF_SCIENCE_BANGLORE,PAT_00368
MINISTRY_OF_HEAVY_INDUSTRIES_MHIGOVERNMENT_OF_INDIA,PAT_00368
INDIAN_INSTITUTE_OF_SCIENCE_IISC,PAT_00369
INDIAN_INSTITUTE_OF_SCIENCE,PAT_00370
INDIAN_INSTITUTE_OF_SCIENCE,PAT_00371
INDIAN_INSTITUTE_OF_SCIENCE,PAT_00372
SEMICONDUCTOR_LABORATORY_SCL,PAT_00372
INDIAN_INSTITUTE_OF_SCIENCE,PAT_00373
FIBROHEAL_WOUNDCARE_PVT_LTD,PAT_00373
INDIAN_INSTITUTE_OF_SCIENCE,PAT_00374
INDIAN_INSTITUTE_OF_SCIENCE,PAT_00375
INDIAN_INSTITUTE_OF_SCIENCE,PAT_00376
INDIAN_INSTITUTE_OF_SCIENCE,PAT_00377
INDIAN_INSTITUTE_OF_SCIENCE,PAT_00378
INDIAN_INSTITUTE_OF_SCIENCE,PAT_00379
INDIAN_INSTITUTE_OF_SCIENCE,PAT_00380
INDIAN_INSTITUTE_OF_SCIENCE,PAT_00381
TATA_CONSULTANCY_SERVICES,PAT_00381
INDIAN_INSTITUTE_OF_SCIENCE_IISC,PAT_00382
INDIAN_INSTITUTE_OF_SCIENCE,PAT_00383
INDIAN_INSTITUTE_OF_SCIENCE,PAT_00384
UNIVERSITY_OF_MYSORE,PAT_00384
CHAIRMAN_DEFENCE_RESEARCH_DEVELOPMENT_ORGANISATION_DRDO,PAT_00385
THE_REGISTRAR_INDIAN_INSTITUTE_OF_SCIENCE,PAT_00385
CHAIRMAN_DEFENCE_RESEARCH_DEVELOPMENT_ORGANISATION_DRDO,PAT_00386
THE_REGISTRAR_INDIAN_INSTITUTE_OF_SCIENCE,PAT_00386
CHAIRMAN_DEFENCE_RESEARCH_DEVELOPMENT_ORGANISATION_DRDO,PAT_00387
THE_REGISTRAR_INDIAN_INSTITUTE_OF_SCIENCE,PAT_00387
INDIAN_INSTITUTE_OF_SCIENCE,PAT_00388
INDIAN_INSTITUTE_OF_SCIENCE,PAT_00389
INDIAN_INSTITUTE_OF_SCIENCE,PAT_00390
INDIAN_INSTITUTE_OF_SCIENCE,PAT_00391
INDIAN_INSTITUTE_OF_SCIENCE,PAT_00392
INDIAN_INSTITUTE_OF_SCIENCE,PAT_00393
THE_TRUSTEES_OF_PRINCETON_UNIVERSITY,PAT_00394
INDIAN_INSTITUTE_OF_SCIENCE,PAT_00394
INDIAN_INSTITUTE_OF_SCIENCE,PAT_00395
INDIAN_INSTITUTE_OF_SCIENCE,PAT_00396
INDIAN_INSTITUTE_OF_SCIENCE,PAT_00397
INDIAN_INSTITUTE_OF_SCIENCE_IISC,PAT_00398
INDIAN_INSTITUTE_OF_SCIENCE,PAT_00399
FIBROHEAL_WOUNDCARE_PVT_LTD,PAT_00399
INDIAN_INSTITUTE_OF_SCIENCE,PAT_00400
INDIAN_INSTITUTE_OF_SCIENCE,PAT_00401
INDIAN_INSTITUTE_OF_SCIENCE,PAT_00402
CENTRE_FOR_NANO_SCIENCE_AND_ENGINEERING,PAT_00402
INDIAN_INSTITUTE_OF_SCIENCE,PAT_00403
RESIL_CHEMICALS_PRIVATE_LIMITED,PAT_00403
INDIAN_INSTITUTE_OF_SCIENCE,PAT_00404
INDIAN_INSTITUTE_OF_SCIENCE,PAT_00405
INDIAN_INSTITUTE_OF_SCIENCE,PAT_00406
INDIAN_INSTITUTE_OF_SCIENCE,PAT_00407
INDIAN_INSTITUTE_OF_SCIENCE,PAT_00408
IIITB_COMET_FOUNDATION,PAT_00409
INTERNATIONAL_INSTITUTE_OF_INFORMATION_TECHNOLOGY_BANGALORE,PAT_00409
INDIAN_INSTITUTE_OF_TECHNOLOGY_ROORKEE,PAT_00409
INTERNATIONAL_INSTITUTE_OF_INFORMATION_TECHNOLOGY_BANGALORE,PAT_00410
MAYANK_KABRA,PAT_00410
INTERNATIONAL_INSTITUTE_OF_INFORMATION_TECHNOLOGY_BANGALORE,PAT_00411
MAYANK_KABRA,PAT_00411
VISION_EMPOWER,PAT_00412
TOUCHÉTECH_LABS_PVT_LTD,PAT_00412
INTERNATIONAL_INSTITUTE_OF_INFORMATION_TECHNOLOGY_BANGALORE,PAT_00412
INTERNATIONAL_INSTITUTE_OF_INFORMATION_TECHNOLOGY_BANGALORE,PAT_00413
INTERNATIONAL_INSTITUTE_OF_INFORMATION_TECHNOLOGY_BANGALORE,PAT_00414
INTERNATIONAL_INSTITUTE_OF_INFORMATION_TECHNOLOGY_BANGALORE,PAT_00415
INTERNATIONAL_INSTITUTE_OF_INFORMATION_TECHNOLOGY_BANGALORE,PAT_00416
INTERNATIONAL_INSTITUTE_OF_INFORMATION_TECHNOLOGY_BANGALORE,PAT_00417
IIITB_COMET_FOUNDATION,PAT_00418
INDIAN_INSTITUTE_OF_TECHNOLOGY_ROORKEE,PAT_00418
BMS_COLLEGE_OF_ENGINEERING,PAT_00419
BMS_COLLEGE_OF_ENGINEERING,PAT_00420
BMS_COLLEGE_OF_ENGINEERING,PAT_00421
BMS_COLLEGE_OF_ENGINEERING,PAT_00422
BMS_COLLEGE_OF_ENGINEERING,PAT_00423
RAMAMOORTHY_JAYAGOWRI,PAT_00424
SHISHIRA_SHETTY_KENJUR_SUBHASHCHANDRA,PAT_00424
SRIJANA_SHANKARANAND_LALI,PAT_00424
BMS_COLLEGE_OF_ENGINEERING,PAT_00424
BMS_COLLEGE_OF_ENGINEERING,PAT_00425
BALACHANDRA_KUMARASWAMY_BMS_COLLEGE_OF_ENGINEERING,PAT_00426
BMS_COLLEGE_OF_ENGINEERING,PAT_00427
BMS_COLLEGE_OF_ENGINEERING,PAT_00428
BMS_COLLEGE_OF_ENGINEERING,PAT_00429
BMS_COLLEGE_OF_ENGINEERING,PAT_00430
BMS_COLLEGE_OF_ENGINEERING,PAT_00431
BMS_COLLEGE_OF_ENGINEERING,PAT_00432
BMS_COLLEGE_OF_ENGINEERING,PAT_00433
BMS_COLLEGE_OF_ENGINEERING,PAT_00434
BMS_COLLEGE_OF_ENGINEERING,PAT_00435
BMS_COLLEGE_OF_ENGINEERING,PAT_00436
BMS_COLLEGE_OF_ENGINEEERING,PAT_00437
BMS_COLLEGE_OF_ENGINEERING,PAT_00438
RV_COLLEGE_OF_ENGINEERING,PAT_00439
PURUSHOTHAM_GURURAJ,PAT_00439
RV_COLLEGE_OF_ENGINEERING,PAT_00440
RV_COLLEGE_OF_ENGINEERING,PAT_00441
RV_COLLEGE_OF_ENGINEERING,PAT_00442
RV_COLLEGE_OF_ENGINEERING,PAT_00443
RV_COLLEGE_OF_ENGINEERING,PAT_00444
RV_COLLEGE_OF_ENGINEERING,PAT_00445
RV_COLLEGE_OF_ENGINEERING,PAT_00446
RV_COLLEGE_OF_ENGINEERING,PAT_00447
RV_COLLEGE_OF_ENGINEERING,PAT_00448
RV_COLLEGE_OF_ENGINEERING,PAT_00449
RV_COLLEGE_OF_ENGINEERING,PAT_00450
DAYANANDA_SAGAR_COLLEGE_OF_ENGINEERING,PAT_00451
DAYANANDA_SAGAR_COLLEGE_OF_ENGINEERING,PAT_00452
DAYANANDA_SAGAR_COLLEGE_OF_ENGINEERING,PAT_00453
DAYANANDA_SAGAR_COLLEGE_OF_ENGINEERING,PAT_00454
DR_S_JENORIS_MUTHIYA,PAT_00454
THARUN_KUMAR_N,PAT_00454
BHARATH_K,PAT_00454
DIVYA_S,PAT_00454
SHASHANK_B_R,PAT_00454
DR_SURENDRA_B_S,PAT_00455
DAYANANDA_SAGAR_COLLEGE_OF_ENGINEERING,PAT_00455
DR_RUDRESH_M,PAT_00455
ATYAM_NAGESWARA_RAO,PAT_00456
DR_KISHAN_KUMAR_BHIMANI,PAT_00456
KHUSHBU_SARADVA,PAT_00456
DR_VIJAYAPRIYA_P,PAT_00456
CMR_INSTITUTE_OF_TECHNOLOGY_BANGALORE,PAT_00456
SHREEKANTH_MOOROOR_PRABHU,PAT_00457
DR_SUGATO_CHAKRABARTY,PAT_00457
CMR_INSTITUTE_OF_TECHNOLOGY,PAT_00457
DRVSPRAKASH,PAT_00458
CMR_INSTITUTE_OF_TECHNOLOGY_BANGALORE,PAT_00458
DRKCHITRA,PAT_00458
DRVINOTH_B,PAT_00458
DR_VENNILA_J,PAT_00458
DR_M_GUNASEKARAN,PAT_00458
MS_KEERTHI_VIJAYAN,PAT_00458
DR_MARGARET_MARY_T,PAT_00458
SHREEKANTH_MOOROOR_PRABHU,PAT_00459
CMR_INSTITUTE_OF_TECHNOLOGY_BENGALURU,PAT_00459
PES_UNIVERSITY,PAT_00460
PES_UNIVERSITY,PAT_00461
PES_UNIVERSITY,PAT_00462
PES_UNIVERSITY,PAT_00463
PES_UNIVERSITY,PAT_00464
PES_UNIVERSITY,PAT_00465
PES_UNIVERSITY,PAT_00466
PES_UNIVERSITY,PAT_00467
PES_UNIVERSITY,PAT_00468
PES_UNIVERSITY,PAT_00469
PES_UNIVERSITY,PAT_00470
PES_UNIVERSITY,PAT_00471
PES_UNIVERSITY,PAT_00472
PES_UNIVERSITY,PAT_00473
PES_UNIVERSITY,PAT_00474
PES_UNIVERSITY,PAT_00475
PES_UNIVERSITY,PAT_00476
PES_UNIVERSITY,PAT_00477
PES_UNIVERSITY,PAT_00478
PES_UNIVERSITY,PAT_00479
PES_UNIVERSITY_ELECTRONIC_CITY_CAMPUS,PAT_00480
MS_RAMAIAH_UNIVERSITY_OF_APPLIED_SCIENCES,PAT_00481
M_S_RAMAIAH_UNIVERSITY_OF_APPLIED_SCIENCES,PAT_00482
M_S_RAMAIAH_UNIVERSITY_OF_APPLIED_SCIENCES,PAT_00483
M_S_RAMAIAH_UNIVERSITY_OF_APPLIED_SCIENCES,PAT_00484
M_S_RAMAIAH_UNIVERSITY_OF_APPLIED_SCIENCES,PAT_00485
M_S_RAMAIAH_UNIVERSITY_OF_APPLIED_SCIENCES,PAT_00486
M_S_RAMAIAH_UNIVERSITY_OF_APPLIED_SCIENCES,PAT_00487
M_S_RAMAIAH_UNIVERSITY_OF_APPLIED_SCIENCES,PAT_00488
M_S_RAMAIAH_UNIVERSITY_OF_APPLIED_SCIENCES,PAT_00489
M_S_RAMAIAH_UNIVERSITY_OF_APPLIED_SCIENCES,PAT_00490
M_S_RAMAIAH_UNIVERSITY_OF_APPLIED_SCIENCES,PAT_00491
M_S_RAMAIAH_UNIVERSITY_OF_APPLIED_SCIENCES,PAT_00492
M_S_RAMAIAH_UNIVERSITY_OF_APPLIED_SCIENCES,PAT_00493
M_S_RAMAIAH_UNIVERSITY_OF_APPLIED_SCIENCES,PAT_00494
M_S_RAMAIAH_UNIVERSITY_OF_APPLIED_SCIENCES,PAT_00495
M_S_RAMAIAH_UNIVERSITY_OF_APPLIED_SCIENCES,PAT_00496
M_S_RAMAIAH_UNIVERSITY_OF_APPLIED_SCIENCES,PAT_00497
M_S_RAMAIAH_UNIVERSITY_OF_APPLIED_SCIENCES,PAT_00498
M_S_RAMAIAH_UNIVERSITY_OF_APPLIED_SCIENCES,PAT_00499
M_S_RAMAIAH_UNIVERSITY_OF_APPLIED_SCIENCES,PAT_00500
M_S_RAMAIAH_UNIVERSITY_OF_APPLIED_SCIENCES,PAT_00501
M_S_RAMAIAH_UNIVERSITY_OF_APPLIED_SCIENCES,PAT_00502
M_S_RAMAIAH_UNIVERSITY_OF_APPLIED_SCIENCES,PAT_00503
M_S_RAMAIAH_UNIVERSITY_OF_APPLIED_SCIENCES,PAT_00504
M_S_RAMAIAH_UNIVERSITY_OF_APPLIED_SCIENCES,PAT_00505
M_S_RAMAIAH_UNIVERSITY_OF_APPLIED_SCIENCES,PAT_00506
M_S_RAMAIAH_UNIVERSITY_OF_APPLIED_SCIENCES,PAT_00507
M_S_RAMAIAH_UNIVERSITY_OF_APPLIED_SCIENCES,PAT_00508
M_S_RAMAIAH_UNIVERSITY_OF_APPLIED_SCIENCES,PAT_00509
M_S_RAMAIAH_UNIVERSITY_OF_APPLIED_SCIENCES,PAT_00510
M_S_RAMAIAH_UNIVERSITY_OF_APPLIED_SCIENCES,PAT_00511
M_S_RAMAIAH_UNIVERSITY_OF_APPLIED_SCIENCES,PAT_00512
M_S_RAMAIAH_UNIVERSITY_OF_APPLIED_SCIENCES,PAT_00513
INDIAN_INSTITUTE_OF_SCIENCE,PAT_00514
INDIAN_INSTITUTE_OF_SCIENCE,PAT_00515
INDIAN_INSTITUTE_OF_SCIENCE,PAT_00516
INDIAN_INSTITUTE_OF_SCIENCE,PAT_00517
INDIAN_INSTITUTE_OF_SCIENCE,PAT_00518
INDIAN_INSTITUTE_OF_SCIENCE,PAT_00519
INDIAN_INSTITUTE_OF_SCIENCE,PAT_00520
INDIAN_INSTITUTE_OF_SCIENCE,PAT_00521
INDIAN_INSTITUTE_OF_SCIENCE,PAT_00522
INDIAN_INSTITUTE_OF_SCIENCE,PAT_00523
INDIAN_INSTITUTE_OF_SCIENCE,PAT_00524
INDIAN_INSTITUTE_OF_SCIENCE,PAT_00525
INDIAN_INSTITUTE_OF_SCIENCE,PAT_00526
INDIAN_INSTITUTE_OF_SCIENCE,PAT_00527
INDIAN_INSTITUTE_OF_SCIENCE,PAT_00528
INDIAN_INSTITUTE_OF_SCIENCE,PAT_00529
INDIAN_INSTITUTE_OF_SCIENCE,PAT_00530
INDIAN_INSTITUTE_OF_SCIENCE,PAT_00531
INDIAN_INSTITUTE_OF_TECHNOLOGY_PALAKKAD,PAT_00531
INDIAN_INSTITUTE_OF_SCIENCE,PAT_00532
INDIAN_INSTITUTE_OF_SCIENCE,PAT_00533
INDIAN_INSTITUTE_OF_SCIENCE,PAT_00534
INDIAN_INSTITUTE_OF_SCIENCE,PAT_00535
INDIAN_INSTITUTE_OF_SCIENCE,PAT_00536
INDIAN_INSTITUTE_OF_SCIENCE,PAT_00537
INDIAN_INSTITUTE_OF_SCIENCE,PAT_00538
INDIAN_INSTITUTE_OF_SCIENCE,PAT_00539
INDIAN_INSTITUTE_OF_SCIENCE,PAT_00540
INDIAN_INSTITUTE_OF_SCIENCE,PAT_00541
INDIAN_INSTITUTE_OF_SCIENCE,PAT_00542
INDIAN_INSTITUTE_OF_SCIENCE,PAT_00543
INDIAN_INSTITUTE_OF_SCIENCE,PAT_00544
INDIAN_INSTITUTE_OF_SCIENCE,PAT_00545
INDIAN_INSTITUTE_OF_SCIENCE,PAT_00546
INDIAN_INSTITUTE_OF_SCIENCE,PAT_00547
INDIAN_INSTITUTE_OF_SCIENCE,PAT_00548
INDIAN_INSTITUTE_OF_SCIENCE,PAT_00549
INDIAN_INSTITUTE_OF_SCIENCE,PAT_00550
INDIAN_INSTITUTE_OF_SCIENCE,PAT_00551
INDIAN_INSTITUTE_OF_SCIENCE,PAT_00552
INDIAN_INSTITUTE_OF_SCIENCE,PAT_00553
DAIMLER_TRUCK_AG,PAT_00554
INDIAN_INSTITUTE_OF_SCIENCE,PAT_00554
INDIAN_INSTITUTE_OF_SCIENCE,PAT_00555
INDIAN_INSTITUTE_OF_SCIENCE,PAT_00556
INDIAN_INSTITUTE_OF_SCIENCE,PAT_00557
INDIAN_INSTITUTE_OF_SCIENCE,PAT_00558
INDIAN_INSTITUTE_OF_SCIENCE,PAT_00559
INDIAN_INSTITUTE_OF_SCIENCE,PAT_00560
INDIAN_INSTITUTE_OF_SCIENCE,PAT_00561
INDIAN_INSTITUTE_OF_SCIENCE,PAT_00562
INDIAN_INSTITUTE_OF_SCIENCE,PAT_00563
INDIAN_INSTITUTE_OF_SCIENCE,PAT_00564
INDIAN_INSTITUTE_OF_SCIENCE,PAT_00565
INDIAN_INSTITUTE_OF_SCIENCE,PAT_00566
INDIAN_INSTITUTE_OF_SCIENCE,PAT_00567
INDIAN_INSTITUTE_OF_SCIENCE,PAT_00568
INDIAN_INSTITUTE_OF_SCIENCE,PAT_00569
INDIAN_INSTITUTE_OF_SCIENCE,PAT_00570
INDIAN_INSTITUTE_OF_SCIENCE,PAT_00571
INDIAN_INSTITUTE_OF_SCIENCE,PAT_00572
INDIAN_INSTITUTE_OF_SCIENCE,PAT_00573
INDIAN_INSTITUTE_OF_SCIENCE,PAT_00574
INDIAN_INSTITUTE_OF_SCIENCE,PAT_00575
INDIAN_INSTITUTE_OF_SCIENCE,PAT_00576
INDIAN_INSTITUTE_OF_SCIENCE,PAT_00577
INDIAN_INSTITUTE_OF_SCIENCE,PAT_00578
SUSTAINABLE_INNOVATIVE_MATERIALS_PRIVATE_LIMITED,PAT_00578
INDIAN_INSTITUTE_OF_SCIENCE,PAT_00579
INDIAN_INSTITUTE_OF_SCIENCE,PAT_00580
INDIAN_INSTITUTE_OF_SCIENCE,PAT_00581
INDIAN_INSTITUTE_OF_SCIENCE,PAT_00582
INDIAN_INSTITUTE_OF_SCIENCE,PAT_00583
INDIAN_INSTITUTE_OF_SCIENCE,PAT_00584
INDIAN_INSTITUTE_OF_SCIENCE,PAT_00585
INDIAN_INSTITUTE_OF_SCIENCE,PAT_00586
INDIAN_INSTITUTE_OF_SCIENCE,PAT_00587
INDIAN_INSTITUTE_OF_SCIENCE,PAT_00588
JAWAHARLAL_NEHRU_CENTRE_FOR_ADVANCED_SCIENTIFIC_RESEARCH,PAT_00589
INDIAN_INSTITUTE_OF_SCIENCE,PAT_00589
INDIAN_INSTITUTE_OF_SCIENCE,PAT_00590
INDIAN_INSTITUTE_OF_SCIENCE,PAT_00591
INDIAN_INSTITUTE_OF_SCIENCE,PAT_00592
INDIAN_INSTITUTE_OF_SCIENCE,PAT_00593
INDIAN_INSTITUTE_OF_SCIENCE,PAT_00594
INDIAN_INSTITUTE_OF_SCIENCE,PAT_00595
INDIAN_INSTITUTE_OF_SCIENCE,PAT_00596
INDIAN_INSTITUTE_OF_SCIENCE,PAT_00597
INDIAN_INSTITUTE_OF_SCIENCE,PAT_00598
INDIAN_INSTITUTE_OF_SCIENCE,PAT_00599
INDIAN_INSTITUTE_OF_SCIENCE,PAT_00600
INDIAN_INSTITUTE_OF_SCIENCE,PAT_00601
INDIAN_INSTITUTE_OF_SCIENCE,PAT_00602
INDIAN_INSTITUTE_OF_SCIENCE,PAT_00603
INDIAN_INSTITUTE_OF_SCIENCE,PAT_00604
INDIAN_INSTITUTE_OF_SCIENCE,PAT_00605
INDIAN_INSTITUTE_OF_SCIENCE,PAT_00606
INDIAN_INSTITUTE_OF_SCIENCE,PAT_00607
INDIAN_INSTITUTE_OF_SCIENCE,PAT_00608
INDIAN_INSTITUTE_OF_SCIENCE,PAT_00609
INDIAN_INSTITUTE_OF_SCIENCE,PAT_00610
INDIAN_INSTITUTE_OF_SCIENCE,PAT_00611
INDIAN_INSTITUTE_OF_SCIENCE,PAT_00612
INDIAN_INSTITUTE_OF_SCIENCE,PAT_00613
INDIAN_INSTITUTE_OF_SCIENCE,PAT_00614
INDIAN_INSTITUTE_OF_SCIENCE,PAT_00615
INDIAN_INSTITUTE_OF_SCIENCE,PAT_00616
INDIAN_INSTITUTE_OF_SCIENCE,PAT_00617
INDIAN_INSTITUTE_OF_SCIENCE,PAT_00618
INDIAN_INSTITUTE_OF_SCIENCE,PAT_00619
INDIAN_INSTITUTE_OF_SCIENCE,PAT_00620
INDIAN_INSTITUTE_OF_SCIENCE,PAT_00621
SHANMUKHA_INNOVATIONS_PRIVATE_LIMITED,PAT_00621
INDIAN_INSTITUTE_OF_SCIENCE,PAT_00622
INDIAN_INSTITUTE_OF_SCIENCE,PAT_00623
INDIAN_INSTITUTE_OF_SCIENCE,PAT_00624
MYNVAX_PRIVATE_LIMITED,PAT_00625
INDIAN_INSTITUTE_OF_SCIENCE,PAT_00625
MYNVAX_PRIVATE_LIMITED,PAT_00626
INDIAN_INSTITUTE_OF_SCIENCE,PAT_00626
INDIAN_INSTITUTE_OF_SCIENCE,PAT_00627
INDIAN_INSTITUTE_OF_SCIENCE,PAT_00628
INDIAN_INSTITUTE_OF_SCIENCE,PAT_00629
MYNVAX_PRIVATE_LIMITED,PAT_00630
INDIAN_INSTITUTE_OF_SCIENCE,PAT_00630
INDIAN_INSTITUTE_OF_SCIENCE,PAT_00631
INDIAN_INSTITUTE_OF_SCIENCE,PAT_00632
INDIAN_INSTITUTE_OF_SCIENCE,PAT_00633
HIGH_SPEED_RAIL_INNOVATION_CENTRE_TRUST,PAT_00633
INDIAN_INSTITUTE_OF_TECHNOLOGY_BOMBAY,PAT_00633
INDIAN_INSTITUTE_OF_SCIENCE,PAT_00634
INDIAN_INSTITUTE_OF_SCIENCE,PAT_00635
TRIVENI_TURBINE_LIMITED,PAT_00635
INDIAN_INSTITUTE_OF_SCIENCE,PAT_00636
INDIAN_INSTITUTE_OF_SCIENCE,PAT_00637
INDIAN_INSTITUTE_OF_SCIENCE,PAT_00638
INDIAN_INSTITUTE_OF_SCIENCE,PAT_00639
INDIAN_INSTITUTE_OF_SCIENCE,PAT_00640
INDIAN_INSTITUTE_OF_SCIENCE,PAT_00641
INDIAN_INSTITUTE_OF_SCIENCE,PAT_00642
INDIAN_INSTITUTE_OF_SCIENCE,PAT_00643
BHARAT_ELECTRONICS_LIMITED,PAT_00644
INDIAN_INSTITUTE_OF_SCIENCE,PAT_00644
INDIAN_INSTITUTE_OF_SCIENCE,PAT_00645
INDIAN_INSTITUTE_OF_SCIENCE,PAT_00646
INDIAN_INSTITUTE_OF_SCIENCE,PAT_00647
INDIAN_INSTITUTE_OF_SCIENCE,PAT_00648
INDIAN_INSTITUTE_OF_SCIENCE,PAT_00649
INDIAN_INSTITUTE_OF_SCIENCE,PAT_00650
INDIAN_INSTITUTE_OF_SCIENCE,PAT_00651
INDIAN_INSTITUTE_OF_SCIENCE,PAT_00652
INDIAN_INSTITUTE_OF_SCIENCE_EDUCATION_AND_RESEARCH_PUNE_IISER_PUNE,PAT_00653
INDIAN_INSTITUTE_OF_SCIENCE,PAT_00653
INDIAN_INSTITUTE_OF_SCIENCE,PAT_00654
POWER_GRID_CORPORATION_OF_INDIA_LTD,PAT_00654
INDIAN_INSTITUTE_OF_SCIENCE,PAT_00655
INDIAN_INSTITUTE_OF_SCIENCE,PAT_00656
INDIAN_INSTITUTE_OF_SCIENCE,PAT_00657
CLIMATE_ETC_TECHNOLOGY_SERVICES_PVT_LTD,PAT_00657
INDIAN_INSTITUTE_OF_SCIENCE,PAT_00658
INDIAN_INSTITUTE_OF_SCIENCE,PAT_00659
INDIAN_INSTITUTE_OF_SCIENCE,PAT_00660
INDIAN_INSTITUTE_OF_SCIENCE,PAT_00661
TATA_STEEL_LIMITED,PAT_00662
INDIAN_INSTITUTE_OF_SCIENCE,PAT_00662
INDIAN_INSTITUTE_OF_SCIENCE,PAT_00663
INDIAN_INSTITUTE_OF_SCIENCE,PAT_00664
BHARAT_ELECTRONICS_LIMITED,PAT_00665
INDIAN_INSTITUTE_OF_SCIENCE,PAT_00665
INDIAN_INSTITUTE_OF_SCIENCE,PAT_00666
INDIAN_COUNCIL_OF_MEDICAL_RESEARCH,PAT_00667
INDIAN_INSTITUTE_OF_SCIENCE,PAT_00667
INDIAN_INSTITUTE_OF_SCIENCE,PAT_00668
INDIAN_INSTITUTE_OF_SCIENCE,PAT_00669
INDIAN_INSTITUTE_OF_SCIENCE,PAT_00670
UNIVERSITÉ_DE_LORRAINE,PAT_00671
INDIAN_INSTITUTE_OF_SCIENCE,PAT_00671
INDIAN_INSTITUTE_OF_SCIENCE,PAT_00672
INDIAN_INSTITUTE_OF_SCIENCE,PAT_00673
WIPRO_LIMITED,PAT_00674
INDIAN_INSTITUTE_OF_SCIENCE,PAT_00674
INDIAN_INSTITUTE_OF_SCIENCE,PAT_00675
INDIAN_INSTITUTE_OF_SCIENCE,PAT_00676
ASHOK_LEYLAND_PVT_LTD,PAT_00676
TATA_STEEL_LIMITED,PAT_00677
INDIAN_INSTITUTE_OF_SCIENCE_IISC,PAT_00677
INDIAN_INSTITUTE_OF_SCIENCE,PAT_00678
INDIAN_INSTITUTE_OF_SCIENCE,PAT_00679
INDIAN_INSTITUTE_OF_SCIENCE,PAT_00680
INDIAN_INSTITUTE_OF_SCIENCE,PAT_00681
MYNVAX_PRIVATE_LIMITED,PAT_00681
INDIAN_INSTITUTE_OF_SCIENCE,PAT_00682
DEPARTMENT_OF_BIOTECHNOLOGY,PAT_00682
INDIAN_INSTITUTE_OF_SCIENCE,PAT_00683
JAWAHARLAL_NEHRU_CENTRE_FOR_ADVANCED_SCIENTIFIC_RESEARCH,PAT_00683
CENTRE_FOR_DEVELOPMENT_OF_ADVANCED_COMPUTING_CDAC,PAT_00684
INDIAN_INSTITUTE_OF_SCIENCE_IISC,PAT_00684
INDIAN_INSTITUTE_OF_SCIENCE,PAT_00685
INDIAN_INSTITUTE_OF_SCIENCE,PAT_00686
CHAIRMAN_DEFENCE_RESEARCH_DEVELOPMENT_ORGANISATION,PAT_00686
TRIVENI_TURBINE_LIMITED,PAT_00687
INDIAN_INSTITUTE_OF_SCIENCE,PAT_00687
INDIAN_INSTITUTE_OF_SCIENCE,PAT_00688
MAZUMDAR_SHAW_MEDICAL_FOUNDATION,PAT_00688
INDIAN_INSTITUTE_OF_SCIENCE,PAT_00689
BEYOND_ANTIBODY_LLP,PAT_00689
INDIAN_INSTITUTE_OF_SCIENCE,PAT_00690
INDIAN_INSTITUTE_OF_SCIENCE,PAT_00691
SAMSUNG_ELECTRONICS_CO_LTD,PAT_00692
INDIAN_INSTITUTE_OF_SCIENCE_BANGALORE,PAT_00692
INDIAN_INSTITUTE_OF_SCIENCE,PAT_00693
FOUNDATION_FOR_NEGLECTED_DISEASE_RESEARCH,PAT_00694
INDIAN_INSTITUTE_OF_SCIENCE,PAT_00694
INDIAN_INSTITUTE_OF_SCIENCE,PAT_00695
MIISKY_TECHNOVATION_PVT_LTD,PAT_00695
CENTRE_FOR_DEVELOPMENT_OF_ADVANCED_COMPUTING_CDAC,PAT_00696
INDIAN_INSTITUTE_OF_SCIENCE_IISC,PAT_00696
INDIAN_INSTITUTE_OF_SCIENCE,PAT_00697
INDIAN_INSTITUTE_OF_SCIENCE,PAT_00698
INDIAN_INSTITUTE_OF_SCIENCE,PAT_00699
RAJIV_GANDHI_UNIVERSITY_OF_HEALTH_SCIENCES_RGUHS,PAT_00699
INDIAN_INSTITUTE_OF_SCIENCE,PAT_00700
TRIVENI_TURBINE_LIMITED,PAT_00701
INDIAN_INSTITUTE_OF_SCIENCE,PAT_00701
INDIAN_INSTITUTE_OF_SCIENCE,PAT_00702
INDIAN_INSTITUTE_OF_SCIENCE,PAT_00703
DEPARTMENT_OF_BIOTECHNOLOGY,PAT_00703
INDIAN_INSTITUTE_OF_SCIENCE,PAT_00704
INDIAN_INSTITUTE_OF_SCIENCE,PAT_00705
INDIAN_INSTITUTE_OF_SCIENCE,PAT_00706
EMORY_UNIVERSITY,PAT_00707
INDIAN_INSTITUTE_OF_SCIENCE,PAT_00707
INDIAN_INSTITUTE_OF_SCIENCE,PAT_00708
INDIAN_INSTITUTE_OF_SCIENCE,PAT_00709
INDIAN_INSTITUTE_OF_SCIENCE,PAT_00710
UNILEVER_NV,PAT_00711
UNILEVER_PLC,PAT_00711
CONOPCO_INC_DBA_UNILEVER,PAT_00711
INDIAN_INSTITUTE_OF_SCIENCE,PAT_00711
INDIAN_INSTITUTE_OF_SCIENCE,PAT_00712
INDIAN_INSTITUTE_OF_SCIENCE,PAT_00713
ACCENTURE_GLOBAL_SOLUTIONS_LIMITED,PAT_00713
INDIAN_INSTITUTE_OF_SCIENCE,PAT_00714
INDIAN_INSTITUTE_OF_SCIENCE,PAT_00715
INDIAN_INSTITUTE_OF_SCIENCE,PAT_00716
INDIAN_SPACE_RESEARCH_ORGANISATION,PAT_00716
INDIAN_INSTITUTE_OF_SCIENCE,PAT_00717
INDIAN_INSTITUTE_OF_TECHNOLOGY_GUWAHATI,PAT_00718
INDIAN_INSTITUTE_OF_SCIENCE_IISC_BANGALORE,PAT_00718
DAIMLER_TRUCK_AG,PAT_00719
INDIAN_INSTITUTE_OF_SCIENCE,PAT_00719
IHUB_FOR_ROBOTICS_AND_AUTONOMOUS_SYSTEMS_INNOVATION_FOUNDATION,PAT_00720
INDIAN_INSTITUTE_OF_SCIENCE,PAT_00720
INDIAN_INSTITUTE_OF_SCIENCE,PAT_00721
INDIAN_INSTITUTE_OF_SCIENCE,PAT_00722
INDIAN_INSTITUTE_OF_SCIENCE,PAT_00723
INDIAN_INSTITUTE_OF_SCIENCE,PAT_00724
INDIAN_INSTITUTE_OF_SCIENCE,PAT_00725
INDIAN_INSTITUTE_OF_SCIENCE,PAT_00726
DAIMLER_TRUCK_AG,PAT_00727
INDIAN_INSTITUTE_OF_SCIENCE,PAT_00727
INDIAN_INSTITUTE_OF_SCIENCE,PAT_00728
INDIAN_INSTITUTE_OF_SCIENCE,PAT_00729
INDIAN_INSTITUTE_OF_SCIENCE,PAT_00730
INDIAN_INSTITUTE_OF_SCIENCE,PAT_00731
INDIAN_INSTITUTE_OF_SCIENCE,PAT_00732
INDIAN_INSTITUTE_OF_SCIENCE,PAT_00733
INDIAN_INSTITUTE_OF_SCIENCE_IISC,PAT_00734
LIVERPOOL_SCHOOL_OF_TROPICAL_MEDICINE_LSTM,PAT_00734
INTERNATIONAL_AIDS_VACCINE_INITIATIVE_IAVI,PAT_00734
INDIAN_INSTITUTE_OF_SCIENCE,PAT_00735
INDIAN_INSTITUTE_OF_SCIENCE,PAT_00736
INDIAN_INSTITUTE_OF_SCIENCE_IISC,PAT_00737
INDIAN_INSTITUTE_OF_SCIENCE,PAT_00738
INDIAN_INSTITUTE_OF_SCIENCE,PAT_00739
INDIAN_INSTITUTE_OF_SCIENCE,PAT_00740
DELTA_ELECTRONICS_INDIA_PVT_LTD,PAT_00741
DEPARTMENT_OF_ELECTRICAL_ENGINEERING_INDIAN_INSTITUTE_OF_SCIENCE_IISC,PAT_00741
INDIAN_INSTITUTE_OF_SCIENCE,PAT_00742
INDIAN_INSTITUTE_OF_SCIENCE,PAT_00743
INDIAN_INSTITUTE_OF_SCIENCE,PAT_00744
INDIAN_INSTITUTE_OF_SCIENCE,PAT_00745
TATA_CONSULTANCY_SERVICES_LIMITED,PAT_00745
INDIAN_INSTITUTE_OF_SCIENCE,PAT_00746
HINDUSTAN_PETROLEUM_CORPORATION_LIMITED,PAT_00747
INDIAN_INSTITUTE_OF_SCIENCE,PAT_00747
HINDUSTAN_PETROLEUM_CORPORATION_LIMITED,PAT_00748
INDIAN_INSTITUTE_OF_SCIENCE,PAT_00748
HINDUSTAN_PETROLEUM_CORPORATION_LIMITED,PAT_00749
INDIAN_INSTITUTE_OF_SCIENCE,PAT_00749
INDIAN_INSTITUTE_OF_SCIENCE,PAT_00750
INDIAN_INSTITUTE_OF_SCIENCE,PAT_00751
CHAIRMAN_DEFENCE_RESEARCH_DEVELOPMENT_ORGANISATION,PAT_00752
INDIAN_INSTITUTE_OF_SCIENCE,PAT_00752
FUJITSU_LIMITED,PAT_00753
INDIAN_INSTITUTE_OF_SCIENCE,PAT_00753
INDIAN_INSTITUTE_OF_SCIENCE,PAT_00754
INDIAN_INSTITUTE_OF_SCIENCE,PAT_00755
INDIAN_INSTITUTE_OF_SCIENCE,PAT_00756
TATA_CONSULTANCY_SERVICES_LIMITED,PAT_00756
INDIAN_INSTITUTE_OF_SCIENCE,PAT_00757
INDIAN_INSTITUTE_OF_SCIENCE,PAT_00758
INDIAN_INSTITUTE_OF_SCIENCE,PAT_00759
THE_REGENTS_OF_THE_UNIVERSITY_OF_CALIFORNIA,PAT_00759
INDIAN_INSTITUTE_OF_SCIENCE,PAT_00760
INDIAN_SPACE_RESEARCH_ORGANIZATION_HEADQUARTERS,PAT_00760
INDIAN_INSTITUTE_OF_SCIENCE,PAT_00761
CHAIRMAN_DEFENCE_RESEARCH_DEVELOPMENT_ORGANISATION_DRDO,PAT_00762
THE_REGISTRAR_INDIAN_INSTITUTE_OF_SCIENCE,PAT_00762
INDIAN_INSTITUTE_OF_SCIENCE,PAT_00763
WASHINGTON_UNIVERSITY,PAT_00763
INDIAN_INSTITUTE_OF_SCIENCE,PAT_00764
INDIAN_INSTITUTE_OF_SCIENCE_IISC,PAT_00765
DEPARTMENT_OF_BIOTECHNOLOGY_DBT,PAT_00765
FAURECIA_INDIA_PRIVATE_LIMITED,PAT_00766
INDIAN_INSTITUTE_OF_SCIENCE,PAT_00766
CENTRE_FOR_DEVELOPMENT_OF_ADVANCED_COMPUTING_CDAC,PAT_00767
2_INDIAN_INSTITUTE_OF_SCIENCE_IISC,PAT_00767
SREE_CHITRA_TIRUNAL_INSTITUTE_FOR_MEDICAL_SCIENCES_AND_TECHNOLOGY_SCTIMST,PAT_00767
INDIAN_INSTITUTE_OF_SCIENCE,PAT_00768
INDIAN_INSTITUTE_OF_SCIENCE,PAT_00769
IIITB_COMET_FOUNDATION,PAT_00770
INTERNATIONAL_INSTITUTE_OF_INFORMATION_TECHNOLOGY_BANGALORE,PAT_00770
INDIAN_INSTITUTE_OF_TECHNOLOGY_ROORKEE,PAT_00770
IIITB_COMET_FOUNDATION,PAT_00771
INTERNATIONAL_INSTITUTE_OF_INFORMATION_TECHNOLOGY_BANGALORE,PAT_00771
INDIAN_INSTITUTE_OF_TECHNOLOGY_ROORKEE,PAT_00771
SAMSUNG_ELECTRONICS_CO_LTD,PAT_00772
INTERNATIONAL_INSTITUTE_OF_INFORMATION_TECHNOLOGY_BANGALORE,PAT_00772
INTERNATIONAL_INSTITUTE_OF_INFORMATION_TECHNOLOGY_BANGALORE,PAT_00773
INTERNATIONAL_INSTITUTE_OF_INFORMATION_TECHNOLOGY_BANGALORE,PAT_00774
INTERNATIONAL_INSTITUTE_OF_INFORMATION_TECHNOLOGY_BANGALORE,PAT_00775
INTERNATIONAL_INSTITUTE_OF_INFORMATION_TECHNOLOGY_BANGALORE,PAT_00776
INTERNATIONAL_INSTITUTE_OF_INFORMATION_TECHNOLOGY_BANGALORE,PAT_00777
INTERNATIONAL_INSTITUTE_OF_INFORMATION_TECHNOLOGY_BANGALORE,PAT_00778
INTERNATIONAL_INSTITUTE_OF_INFORMATION_TECHNOLOGY_BANGALORE,PAT_00779
INTERNATIONAL_INSTITUTE_OF_INFORMATION_TECHNOLOGY_BANGALORE,PAT_00780
INTERNATIONAL_INSTITUTE_OF_INFORMATION_TECHNOLOGY_BANGALORE,PAT_00781
INTERNATIONAL_INSTITUTE_OF_INFORMATION_TECHNOLOGY_BANGALORE,PAT_00782
INTERNATIONAL_INSTITUTE_OF_INFORMATION_TECHNOLOGY_BANGALORE,PAT_00783
INTERNATIONAL_INSTITUTE_OF_INFORMATION_TECHNOLOGY_BANGALORE,PAT_00784
INTERNATIONAL_INSTITUTE_OF_INFORMATION_TECHNOLOGY_BANGALORE,PAT_00785
IIITB_COMET_FOUNDATION,PAT_00786
IIITB_COMET_FOUNDATION,PAT_00787
IIITB_COMET_FOUNDATION,PAT_00788
IIITB_COMET_FOUNDATION,PAT_00789
IIITB_COMET_FOUNDATION,PAT_00790
IIT_JODHPUR,PAT_00790
IIITB_COMET_FOUNDATION,PAT_00791
BMS_COLLEGE_OF_ENGINEERING,PAT_00792
BMS_COLLEGE_OF_ENGINEERING,PAT_00793
BMS_COLLEGE_OF_ENGINEERING,PAT_00794
BMS_COLLEGE_OF_ENGINEERING,PAT_00795
BMS_COLLEGE_OF_ENGINEERING,PAT_00796
BMS_COLLEGE_OF_ENGINEERING,PAT_00797
BMS_COLLEGE_OF_ENGINEERING,PAT_00798
BMS_COLLEGE_OF_ENGINEERING,PAT_00799
DR_V_PADMAPRIYA,PAT_00799
DR_S_UMA,PAT_00799
DR_SUSHMA_R,PAT_00799
MR_SHIVPRAKASH_MVARIMANI,PAT_00799
BMS_COLLEGE_OF_ENGINEERING,PAT_00800
BMS_COLLEGE_OF_ENGINEERING,PAT_00801
BMS_COLLEGE_OF_ENGINEERING,PAT_00802
BMS_COLLEGE_OF_ENGINEERING,PAT_00803
BMS_COLLEGE_OF_ENGINEERING,PAT_00804
BMS_COLLEGE_OF_ENGINEERING,PAT_00805
BMS_COLLEGE_OF_ENGINEERING,PAT_00806
BMS_COLLEGE_OF_ENGINEERING,PAT_00807
BMS_COLLEGE_OF_ENGINEERING,PAT_00808
BMS_COLLEGE_OF_ENGINEERING,PAT_00809
BMS_COLLEGE_OF_ENGINEERING,PAT_00810
MSNAGASHREE_B_A_AMRITA_VISHWA_VIDYAPEETHAM_MYSURU,PAT_00811
MSSINDHU_R_KASHYAP_AMRITA_VISHWA_VIDYAPEETHAM_MYSURU,PAT_00811
DRJAHNAVI_S_BMS_COLLEGE_OF_ENGINEERING,PAT_00811
DRMUTHUKUMARAN_V_SRM_INSTITUTE_OF_SCIENCE_AND_TECHNOLOGY,PAT_00811
REVA_UNIVERSITY,PAT_00811
BALACHANDRA_KUMARASWAMY,PAT_00812
M_VASANTHA_LAKSHMI,PAT_00812
BMS_COLLEGE_OF_ENGINEERING_BENGALURU,PAT_00812
BMS_COLLEGE_OF_ENGINEERING,PAT_00813
BMS_COLLEGE_OF_ENGINEERING,PAT_00814
BMS_COLLEGE_OF_ENGINEERING,PAT_00815
BMS_COLLEGE_OF_ENGINEERING,PAT_00816
MRS_M_K_NALINI_BMS_COLLEGE_OF_ENGINEERING_BANGALORE,PAT_00817
BMS_COLLEGE_OF_ENGINEERING,PAT_00818
BMS_COLLEGE_OF_ENGINEERING,PAT_00819
BMS_COLLEGE_OF_ENGINEERING,PAT_00820
BMS_COLLEGE_OF_ENGINEERING,PAT_00821
BMS_COLLEGE_OF_ENGINEERING,PAT_00822
RV_INSTITUTE_OF_TECHNOLOGY_AND_MANAGEMENT_RVITM,PAT_00823
DAYANANDA_SAGAR_ACADEMY_OF_TECHNOLOGY_AND_MANAGEMENT_DSATM,PAT_00823
RNS_INSTITUTE_OF_TECHNOLOGY_RNSIT,PAT_00823
RV_COLLEGE_OF_ENGINEERING_RVCE,PAT_00823
SAMATHA_R_SWAMY,PAT_00823
DR_NANDINI_PRASAD_K_S,PAT_00823
DR_PAVANI_C,PAT_00823
PUSHPA_G,PAT_00823
REKHA_B_S,PAT_00823
UPPIN_RASHMI,PAT_00823
RV_COLLEGE_OF_ENGINEERING,PAT_00824
DR_ASHOKA_S_BMAHARANI_SCIENCE_COLLEGE_FOR_WOMEN,PAT_00825
LAKSHMIKANTH_DMAHARANI_CLUSTER_UNIVERSITY,PAT_00825
PROFHANUMANTHAPPA_MBANGALORE_UNIVERSITY,PAT_00825
DR_THIPPESWAMY_GBMS_INSTITUTE_OF_TECHNOLOGY_AND_MANAGEMENT,PAT_00825
DRSAVITHA_RRV_COLLEGE_OF_ENGINEERING,PAT_00825
RV_COLLEGE_OF_ENGINEERING,PAT_00826
RV_COLLEGE_OF_ENGINEERING,PAT_00827
RV_COLLEGE_OF_ENGINEERING,PAT_00828
RV_COLLEGE_OF_ENGINEERING,PAT_00829
RV_COLLEGE_OF_ENGINEERING,PAT_00830
RV_COLLEGE_OF_ENGINEERING,PAT_00831
RV_COLLEGE_OF_ENGINEERING,PAT_00832
RV_COLLEGE_OF_ENGINEERING,PAT_00833
RV_COLLEGE_OF_ENGINEERING,PAT_00834
RV_COLLEGE_OF_ENGINEERING,PAT_00835
RV_COLLEGE_OF_ENGINEERING,PAT_00836
RV_COLLEGE_OF_ENGINEERING,PAT_00837
RV_COLLEGE_OF_ENGINEERING,PAT_00838
RV_COLLEGE_OF_ENGINEERING,PAT_00839
RV_COLLEGE_OF_ENGINEERING,PAT_00840
RV_COLLEGE_OF_ENGINEERING,PAT_00841
RV_COLLEGE_OF_ENGINEERING,PAT_00842
RV_COLLEGE_OF_ENGINEERING,PAT_00843
RV_COLLEGE_OF_ENGINEERING,PAT_00844
RV_COLLEGE_OF_ENGINEERING,PAT_00845
RV_COLLEGE_OF_ENGINEERING,PAT_00846
RV_COLLEGE_OF_ENGINEERING,PAT_00847
RV_COLLEGE_OF_ENGINEERING,PAT_00848
RV_COLLEGE_OF_ENGINEERING,PAT_00849
RV_COLLEGE_OF_ENGINEERING,PAT_00850
RV_COLLEGE_OF_ENGINEERING,PAT_00851
RV_COLLEGE_OF_ENGINEERING,PAT_00852
IITI_DRISHTI_CPS_FOUNDATION,PAT_00853
RV_COLLEGE_OF_ENGINEERING_BENGALURU,PAT_00853
RV_COLLEGE_OF_ENGINEERING,PAT_00854
RV_COLLEGE_OF_ENGINEERING,PAT_00855
RV_COLLEGE_OF_ENGINEERING,PAT_00856
INGENIOUZ,PAT_00857
MS_PRATHIBHA_SUDHAKARANAMITY_UNIVERSITY,PAT_00857
DR_NAGARAJ_G_CHOLLIRV_COLLEGE_OF_ENGINEERING,PAT_00857
DR_R_BALAKRISHNANRATHNAVEL_SUBRAMANIAM_COLLEGE_OF_ARTS_AND_SCIENCE_AUTONOMOUS,PAT_00857
DR_P_V_RAVINDRANATHRATHNAVEL_SUBRAMANIAM_COLLEGE_OF_ARTS_AND_SCIENCE_AUTONOMOUS,PAT_00857
MR_SAURABH_JAWAHAR_SANGHAVISVPM_COLLEGE_OF_PHARMACY_DEPARTMENT_OF_PHARMACEUTICS,PAT_00857
MR_BESCHI_I_SMARUTHUPANDIYAR_COLLEGE,PAT_00857
MRS_OVI_OMKAR_PARADKAR_GAURI_ALIAS_POOJA_MATHURDAS_NAIKLOVELY_PROFESSIONAL_UNIVERSITY,PAT_00857
BABU_T_ST_JOSEPHS_COLLEGE_OF_ENGINEERING,PAT_00857
APPASAMI_GNIT_TIRUCHI,PAT_00857
DR_M_SAVITHRIDR_NGP_ARTS_AND_SCIENCE_COLLEGE,PAT_00857
DR_S_GOMATHI_ALIAS_ROHINISRI_RAMAKRISHNA_COLLEGE_OF_ARTS_AND_SCIENCE,PAT_00857
DR_ELLAMPATI_SUNIL_KUMARSEVEN_HILLS_COLLEGE_OF_PHARMACY,PAT_00857
DAYANANDA_SAGAR_COLLEGE_OF_ENGINEERING,PAT_00858
DAYANANDA_SAGAR_COLLEGE_OF_ENGINEERING,PAT_00859
DAYANANDA_SAGAR_COLLEGE_OF_ENGINEERING,PAT_00860
DR_PAVITHRA_G,PAT_00860
DR_TC_MANJUNATH,PAT_00860
DR_SINDHU_SREE_M,PAT_00860
INDHUDHARA_J,PAT_00860
ACHUTHANANDA_M,PAT_00860
DAYANANDA_SAGAR_COLLEGE_OF_ENGINEERING,PAT_00861
DAYANANDA_SAGAR_COLLEGE_OF_ENGINEERING,PAT_00862
DAYANANDA_SAGAR_COLLEGE_OF_ENGINEERING,PAT_00863
DAYANANDA_SAGAR_COLLEGE_OF_ENGINEERING,PAT_00864
DAYANANDA_SAGAR_COLLEGE_OF_ENGINEERING,PAT_00865
DAYANANDA_SAGAR_COLLEGE_OF_ENGINEERING,PAT_00866
DAYANANDA_SAGAR_COLLEGE_OF_ENGINEERING,PAT_00867
DAYANANDA_SAGAR_COLLEGE_OF_ENGINEERING,PAT_00868
DAYANANDA_SAGAR_COLLEGE_OF_ENGINEERING,PAT_00869
DAYANANDA_SAGAR_COLLEGE_OF_ENGINEERING,PAT_00870
DAYANANDA_SAGAR_COLLEGE_OF_ENGINEERING,PAT_00871
DAYANANDA_SAGAR_COLLEGE_OF_ENGINEERING,PAT_00872
DAYANANDA_SAGAR_COLLEGE_OF_ENGINEERING,PAT_00873
DAYANANDA_SAGAR_COLLEGE_OF_ENGINEERING,PAT_00874
DAYANANDA_SAGAR_COLLEGE_OF_ENGINEERING,PAT_00875
DAYANANDA_SAGAR_COLLEGE_OF_ENGINEERING,PAT_00876
VAYUVYA_RAKSHA_SYSTEMS_PRIVATE_LIMITED,PAT_00876
DAYANANDA_SAGAR_COLLEGE_OF_ENGINEERING,PAT_00877
DAYANANDA_SAGAR_COLLEGE_OF_ENGINEERING,PAT_00878
DAYANANDA_SAGAR_COLLEGE_OF_ENGINEERING,PAT_00879
DAYANANDA_SAGAR_COLLEGE_OF_ENGINEERING,PAT_00880
DAYANANDA_SAGAR_COLLEGE_OF_ENGINEERING,PAT_00881
DAYANANDA_SAGAR_COLLEGE_OF_ENGINEERING,PAT_00882
DAYANANDA_SAGAR_COLLEGE_OF_ENGINEERING,PAT_00883
DAYANANDA_SAGAR_COLLEGE_OF_ENGINEERING,PAT_00884
DAYANANDA_SAGAR_COLLEGE_OF_ENGINEERING,PAT_00885
DAYANANDA_SAGAR_COLLEGE_OF_ENGINEERING,PAT_00886
DAYANANDA_SAGAR_COLLEGE_OF_ENGINEERING,PAT_00887
DAYANANDA_SAGAR_COLLEGE_OF_ENGINEERING,PAT_00888
DAYANANDA_SAGAR_COLLEGE_OF_ENGINEERING,PAT_00889
DAYANANDA_SAGAR_COLLEGE_OF_ENGINEERING,PAT_00890
DAYANANDA_SAGAR_COLLEGE_OF_ENGINEERING,PAT_00891
DAYANANDA_SAGAR_COLLEGE_OF_ENGINEERING,PAT_00892
DAYANANDA_SAGAR_COLLEGE_OF_ENGINEERING,PAT_00893
DAYANANDA_SAGAR_COLLEGE_OF_ENGINEERING,PAT_00894
DAYANANDA_SAGAR_COLLEGE_OF_ENGINEERING,PAT_00895
DAYANANDA_SAGAR_COLLEGE_OF_ENGINEERING,PAT_00896
DAYANANDA_SAGAR_COLLEGE_OF_ENGINEERING,PAT_00897
DAYANANDA_SAGAR_COLLEGE_OF_ENGINEERING,PAT_00898
DAYANANDA_SAGAR_COLLEGE_OF_ENGINEERING,PAT_00899
DAYANANDA_SAGAR_COLLEGE_OF_ENGINEERING,PAT_00900
DAYANANDA_SAGAR_COLLEGE_OF_ENGINEERING,PAT_00901
DAYANANDA_SAGAR_COLLEGE_OF_ENGINEERING,PAT_00902
DAYANANDA_SAGAR_COLLEGE_OF_ENGINEERING,PAT_00903
DAYANANDA_SAGAR_COLLEGE_OF_ENGINEERING,PAT_00904
DAYANANDA_SAGAR_COLLEGE_OF_ENGINEERING,PAT_00905
DAYANANDA_SAGAR_COLLEGE_OF_ENGINEERING,PAT_00906
DAYANANDA_SAGAR_COLLEGE_OF_ENGINEERING,PAT_00907
DAYANANDA_SAGAR_COLLEGE_OF_ENGINEERING,PAT_00908
DAYANANDA_SAGAR_COLLEGE_OF_ENGINEERING,PAT_00909
DAYANANDA_SAGAR_COLLEGE_OF_ENGINEERING,PAT_00910
DAYANANDA_SAGAR_COLLEGE_OF_ENGINEERING,PAT_00911
VAYUVYA_RAKSHA_SYSTEMS_PRIVATE_LIMITED,PAT_00911
DAYANANDA_SAGAR_COLLEGE_OF_ENGINEERING,PAT_00912
VAYUVYA_RAKSHA_SYSTEMS_PRIVATE_LIMITED,PAT_00912
DAYANANDA_SAGAR_COLLEGE_OF_ENGINEERING,PAT_00913
VAYUVYA_RAKSHA_SYSTEMS_PRIVATE_LIMITED,PAT_00913
DAYANANDA_SAGAR_COLLEGE_OF_ENGINEERING,PAT_00914
DAYANANDA_SAGAR_COLLEGE_OF_ENGINEERING,PAT_00915
DAYANANDA_SAGAR_COLLEGE_OF_ENGINEERING,PAT_00916
DAYANANDA_SAGAR_COLLEGE_OF_ENGINEERING,PAT_00917
DAYANANDA_SAGAR_COLLEGE_OF_ENGINEERING,PAT_00918
DAYANANDA_SAGAR_COLLEGE_OF_ENGINEERING,PAT_00919
DAYANANDA_SAGAR_COLLEGE_OF_ENGINEERING,PAT_00920
DAYANANDA_SAGAR_COLLEGE_OF_ENGINEERING,PAT_00921
DAYANANDA_SAGAR_COLLEGE_OF_ENGINEERING,PAT_00922
DAYANANDA_SAGAR_COLLEGE_OF_ENGINEERING,PAT_00923
DAYANANDA_SAGAR_COLLEGE_OF_ENGINEERING,PAT_00924
DAYANANDA_SAGAR_COLLEGE_OF_ENGINEERING,PAT_00925
DAYANANDA_SAGAR_COLLEGE_OF_ENGINEERING,PAT_00926
DAYANANDA_SAGAR_COLLEGE_OF_ENGINEERING,PAT_00927
DAYANANDA_SAGAR_COLLEGE_OF_ENGINEERING,PAT_00928
DAYANANDA_SAGAR_COLLEGE_OF_ENGINEERING,PAT_00929
DAYANANDA_SAGAR_COLLEGE_OF_ENGINEERING,PAT_00930
DAYANANDA_SAGAR_COLLEGE_OF_ENGINEERING,PAT_00931
DAYANANDA_SAGAR_COLLEGE_OF_ENGINEERING,PAT_00932
DAYANANDA_SAGAR_COLLEGE_OF_ENGINEERING,PAT_00933
DAYANANDA_SAGAR_COLLEGE_OF_ENGINEERING,PAT_00934
DAYANANDA_SAGAR_COLLEGE_OF_ENGINEERING,PAT_00935
DAYANANDA_SAGAR_COLLEGE_OF_ENGINEERING,PAT_00936
DAYANANDA_SAGAR_COLLEGE_OF_ENGINEERING,PAT_00937
DAYANANDA_SAGAR_COLLEGE_OF_ENGINEERING,PAT_00938
DAYANANDA_SAGAR_COLLEGE_OF_ENGINEERING,PAT_00939
DAYANANDA_SAGAR_COLLEGE_OF_ENGINEERING,PAT_00940
DAYANANDA_SAGAR_COLLEGE_OF_ENGINEERING,PAT_00941
DAYANANDA_SAGAR_COLLEGE_OF_ENGINEERING,PAT_00942
DAYANANDA_SAGAR_COLLEGE_OF_ENGINEERING,PAT_00943
DAYANANDA_SAGAR_COLLEGE_OF_ENGINEERING,PAT_00944
DAYANANDA_SAGAR_COLLEGE_OF_ENGINEERING,PAT_00945
DAYANANDA_SAGAR_COLLEGE_OF_ENGINEERING,PAT_00946
DAYANANDA_SAGAR_COLLEGE_OF_ENGINEERING,PAT_00947
DAYANANDA_SAGAR_COLLEGE_OF_ENGINEERING,PAT_00948
DAYANANDA_SAGAR_COLLEGE_OF_ENGINEERING,PAT_00949
DAYANANDA_SAGAR_COLLEGE_OF_ENGINEERING,PAT_00950
DAYANANDA_SAGAR_COLLEGE_OF_ENGINEERING,PAT_00951
DAYANANDA_SAGAR_COLLEGE_OF_ENGINEERING,PAT_00952
DAYANANDA_SAGAR_COLLEGE_OF_ENGINEERING,PAT_00953
DAYANANDA_SAGAR_COLLEGE_OF_ENGINEERING,PAT_00954
DAYANANDA_SAGAR_COLLEGE_OF_ENGINEERING,PAT_00955
DAYANANDA_SAGAR_COLLEGE_OF_ENGINEERING,PAT_00956
DAYANANDA_SAGAR_COLLEGE_OF_ENGINEERING,PAT_00957
DAYANANDA_SAGAR_COLLEGE_OF_ENGINEERING,PAT_00958
DAYANANDA_SAGAR_COLLEGE_OF_ENGINEERING,PAT_00959
DAYANANDA_SAGAR_COLLEGE_OF_ENGINEERING,PAT_00960
PASUMARTHI_USHA,PAT_00960
AJAY_KUMAR,PAT_00960
SUGANTHI_NEELAGIRI,PAT_00960
HARSHITHA,PAT_00960
KAVITHA_K,PAT_00960
K_CHETHANA,PAT_00960
SRIDEVI_H_R,PAT_00960
DR_K_G_HEMALATHA,PAT_00960
H_D_THANUSHREE,PAT_00960
DAYANANDA_SAGAR_COLLEGE_OF_ENGINEERING,PAT_00961
DAYANANDA_SAGAR_COLLEGE_OF_ENGINEERING,PAT_00962
DR_KALLUGUDI_VARI_NAGAMANI,PAT_00962
DR_RADHA_GUPTA,PAT_00962
DR_SOUBHAGYA_BADDI,PAT_00962
MS_KOMALA_C_S,PAT_00962
DR_MANJUNATH_B_E,PAT_00962
DR_AMRUTHALAKSHMI_M_R,PAT_00962
DAYANANDA_SAGAR_COLLEGE_OF_ENGINEERING,PAT_00963
DAYANANDA_SAGAR_COLLEGE_OF_ENGINEERING,PAT_00964
DR_NANDINI_A_PATTANASHETTI,PAT_00965
BHOOMIKA_H_A,PAT_00965
KESHAV,PAT_00965
HARSHA_VARDHANA,PAT_00965
DR_JAGADEESH_N_M,PAT_00965
DR_SUNIL_KUMAR_Y_C,PAT_00965
DR_BASAVARAJ_S_SANNAKASHAPPANAR,PAT_00965
DAYANANDA_SAGAR_ACADEMY_OF_TECHNOLOGY_AND_MANAGEMENT,PAT_00965
DAYANANDA_SAGAR_COLLEGE_OF_ENGINEERING,PAT_00965
DAYANANDA_SAGAR_COLLEGE_OF_ENGINEERING,PAT_00966
DAYANANDA_SAGAR_COLLEGE_OF_ENGINEERING,PAT_00967
DAYANANDA_SAGAR_COLLEGE_OF_ENGINEERING,PAT_00968
DAYANANDA_SAGAR_COLLEGE_OF_ENGINEERING,PAT_00969
DAYANANDA_SAGAR_COLLEGE_OF_ENGINEERING,PAT_00970
DAYANANDA_SAGAR_COLLEGE_OF_ENGINEERING,PAT_00971
DAYANANDA_SAGAR_COLLEGE_OF_ENGINEERING,PAT_00972
DAYANANDA_SAGAR_COLLEGE_OF_ENGINEERING,PAT_00973
DAYANANDA_SAGAR_COLLEGE_OF_ENGINEERING,PAT_00974
DAYANANDA_SAGAR_COLLEGE_OF_ENGINEERING,PAT_00975
DAYANANDA_SAGAR_COLLEGE_OF_ENGINEERING,PAT_00976
DAYANANDA_SAGAR_COLLEGE_OF_ENGINEERING,PAT_00977
DAYANANDA_SAGAR_COLLEGE_OF_ENGINEERING,PAT_00978
DAYANANDA_SAGAR_COLLEGE_OF_ENGINEERING,PAT_00979
DAYANANDA_SAGAR_COLLEGE_OF_ENGINEERING,PAT_00980
DAYANANDA_SAGAR_COLLEGE_OF_ENGINEERING,PAT_00981
DAYANANDA_SAGAR_COLLEGE_OF_ENGINEERING,PAT_00982
DAYANANDA_SAGAR_COLLEGE_OF_ENGINEERING,PAT_00983
DAYANANDA_SAGAR_COLLEGE_OF_ENGINEERING,PAT_00984
DAYANANDA_SAGAR_COLLEGE_OF_ENGINEERING,PAT_00985
DAYANANDA_SAGAR_COLLEGE_OF_ENGINEERING,PAT_00986
DAYANANDA_SAGAR_COLLEGE_OF_ENGINEERING,PAT_00987
DAYANANDA_SAGAR_COLLEGE_OF_ENGINEERING,PAT_00988
DAYANANDA_SAGAR_COLLEGE_OF_ENGINEERING,PAT_00989
DAYANANDA_SAGAR_COLLEGE_OF_ENGINEERING,PAT_00990
DAYANANDA_SAGAR_COLLEGE_OF_ENGINEERING,PAT_00991
DAYANANDA_SAGAR_COLLEGE_OF_ENGINEERING,PAT_00992
DAYANANDA_SAGAR_COLLEGE_OF_ENGINEERING,PAT_00993
DAYANANDA_SAGAR_COLLEGE_OF_ENGINEERING,PAT_00994
DAYANANDA_SAGAR_COLLEGE_OF_ENGINEERING,PAT_00995
DAYANANDA_SAGAR_COLLEGE_OF_ENGINEERING,PAT_00996
DAYANANDA_SAGAR_COLLEGE_OF_ENGINEERING,PAT_00997
DAYANANDA_SAGAR_COLLEGE_OF_ENGINEERING,PAT_00998
DAYANANDA_SAGAR_COLLEGE_OF_ENGINEERING,PAT_00999
DAYANANDA_SAGAR_COLLEGE_OF_ENGINEERING,PAT_01000
DAYANANDA_SAGAR_COLLEGE_OF_ENGINEERING,PAT_01001
DAYANANDA_SAGAR_COLLEGE_OF_ENGINEERING,PAT_01002
DAYANANDA_SAGAR_COLLEGE_OF_ENGINEERING,PAT_01003
DAYANANDA_SAGAR_COLLEGE_OF_ENGINEERING,PAT_01004
DAYANANDA_SAGAR_COLLEGE_OF_ENGINEERING,PAT_01005
DAYANANDA_SAGAR_COLLEGE_OF_ENGINEERING,PAT_01006
DAYANANDA_SAGAR_COLLEGE_OF_ENGINEERING,PAT_01007
DAYANANDA_SAGAR_COLLEGE_OF_ENGINEERING,PAT_01008
DAYANANDA_SAGAR_COLLEGE_OF_ENGINEERING,PAT_01009
DAYANANDA_SAGAR_COLLEGE_OF_ENGINEERING,PAT_01010
DAYANANDA_SAGAR_COLLEGE_OF_ENGINEERING,PAT_01011
DAYANANDA_SAGAR_COLLEGE_OF_ENGINEERING,PAT_01012
DAYANANDA_SAGAR_COLLEGE_OF_ENGINEERING,PAT_01013
DAYANANDA_SAGAR_COLLEGE_OF_ENGINEERING,PAT_01014
DAYANANDA_SAGAR_COLLEGE_OF_ENGINEERING,PAT_01015
DAYANANDA_SAGAR_COLLEGE_OF_ENGINEERING,PAT_01016
DAYANANDA_SAGAR_COLLEGE_OF_ENGINEERING,PAT_01017
DAYANANDA_SAGAR_COLLEGE_OF_ENGINEERING,PAT_01018
DAYANANDA_SAGAR_COLLEGE_OF_ENGINEERING,PAT_01019
DAYANANDA_SAGAR_COLLEGE_OF_ENGINEERING,PAT_01020
DAYANANDA_SAGAR_COLLEGE_OF_ENGINEERING,PAT_01021
DAYANANDA_SAGAR_COLLEGE_OF_ENGINEERING,PAT_01022
DAYANANDA_SAGAR_COLLEGE_OF_ENGINEERING,PAT_01023
DAYANANDA_SAGAR_COLLEGE_OF_ENGINEERING,PAT_01024
DAYANANDA_SAGAR_COLLEGE_OF_ENGINEERING,PAT_01025
DAYANANDA_SAGAR_COLLEGE_OF_ENGINEERING,PAT_01026
DAYANANDA_SAGAR_COLLEGE_OF_ENGINEERING,PAT_01027
DAYANANDA_SAGAR_COLLEGE_OF_ENGINEERING,PAT_01028
DAYANANDA_SAGAR_COLLEGE_OF_ENGINEERING,PAT_01029
DAYANANDA_SAGAR_COLLEGE_OF_ENGINEERING,PAT_01030
DAYANANDA_SAGAR_COLLEGE_OF_ENGINEERING,PAT_01031
DAYANANDA_SAGAR_COLLEGE_OF_ENGINEERING,PAT_01032
DAYANANDA_SAGAR_COLLEGE_OF_ENGINEERING,PAT_01033
DAYANANDA_SAGAR_COLLEGE_OF_ENGINEERING,PAT_01034
DAYANANDA_SAGAR_COLLEGE_OF_ENGINEERING,PAT_01035
DAYANANDA_SAGAR_COLLEGE_OF_ENGINEERING,PAT_01036
DAYANANDA_SAGAR_COLLEGE_OF_ENGINEERING,PAT_01037
DAYANANDA_SAGAR_COLLEGE_OF_ENGINEERING,PAT_01038
DAYANANDA_SAGAR_COLLEGE_OF_ENGINEERING,PAT_01039
DAYANANDA_SAGAR_COLLEGE_OF_ENGINEERING,PAT_01040
DAYANANDA_SAGAR_COLLEGE_OF_ENGINEERING,PAT_01041
DAYANANDA_SAGAR_COLLEGE_OF_ENGINEERING,PAT_01042
DAYANANDA_SAGAR_COLLEGE_OF_ENGINEERING,PAT_01043
DAYANANDA_SAGAR_COLLEGE_OF_ENGINEERING,PAT_01044
DAYANANDA_SAGAR_COLLEGE_OF_ENGINEERING,PAT_01045
DAYANANDA_SAGAR_COLLEGE_OF_ENGINEERING,PAT_01046
DAYANANDA_SAGAR_COLLEGE_OF_ENGINEERING,PAT_01047
DAYANANDA_SAGAR_COLLEGE_OF_ENGINEERING,PAT_01048
DAYANANDA_SAGAR_COLLEGE_OF_ENGINEERING,PAT_01049
DAYANANDA_SAGAR_COLLEGE_OF_ENGINEERING,PAT_01050
DAYANANDA_SAGAR_COLLEGE_OF_ENGINEERING,PAT_01051
DAYANANDA_SAGAR_COLLEGE_OF_ENGINEERING,PAT_01052
DAYANANDA_SAGAR_COLLEGE_OF_ENGINEERING,PAT_01053
DAYANANDA_SAGAR_COLLEGE_OF_ENGINEERING,PAT_01054
DAYANANDA_SAGAR_COLLEGE_OF_ENGINEERING,PAT_01055
DAYANANDA_SAGAR_COLLEGE_OF_ENGINEERING,PAT_01056
DAYANANDA_SAGAR_COLLEGE_OF_ENGINEERING,PAT_01057
DAYANANDA_SAGAR_COLLEGE_OF_ENGINEERING,PAT_01058
DAYANANDA_SAGAR_COLLEGE_OF_ENGINEERING,PAT_01059
DAYANANDA_SAGAR_COLLEGE_OF_ENGINEERING,PAT_01060
DAYANANDA_SAGAR_COLLEGE_OF_ENGINEERING,PAT_01061
DAYANANDA_SAGAR_COLLEGE_OF_ENGINEERING,PAT_01062
DAYANANDA_SAGAR_COLLEGE_OF_ENGINEERING,PAT_01063
DAYANANDA_SAGAR_COLLEGE_OF_ENGINEERING,PAT_01064
DAYANANDA_SAGAR_COLLEGE_OF_ENGINEERING,PAT_01065
DAYANANDA_SAGAR_COLLEGE_OF_ENGINEERING,PAT_01066
DAYANANDA_SAGAR_COLLEGE_OF_ENGINEERING,PAT_01067
DAYANANDA_SAGAR_COLLEGE_OF_ENGINEERING,PAT_01068
DAYANANDA_SAGAR_COLLEGE_OF_ENGINEERING,PAT_01069
DAYANANDA_SAGAR_COLLEGE_OF_ENGINEERING,PAT_01070
DAYANANDA_SAGAR_COLLEGE_OF_ENGINEERING,PAT_01071
DAYANANDA_SAGAR_COLLEGE_OF_ENGINEERING,PAT_01072
DAYANANDA_SAGAR_COLLEGE_OF_ENGINEERING,PAT_01073
DAYANANDA_SAGAR_COLLEGE_OF_ENGINEERING,PAT_01074
DAYANANDA_SAGAR_COLLEGE_OF_ENGINEERING,PAT_01075
DAYANANDA_SAGAR_COLLEGE_OF_ENGINEERING,PAT_01076
DAYANANDA_SAGAR_COLLEGE_OF_ENGINEERING,PAT_01077
DAYANANDA_SAGAR_COLLEGE_OF_ENGINEERING,PAT_01078
DAYANANDA_SAGAR_COLLEGE_OF_ENGINEERING,PAT_01079
DAYANANDA_SAGAR_COLLEGE_OF_ENGINEERING,PAT_01080
DAYANANDA_SAGAR_COLLEGE_OF_ENGINEERING,PAT_01081
DAYANANDA_SAGAR_COLLEGE_OF_ENGINEERING,PAT_01082
DAYANANDA_SAGAR_COLLEGE_OF_ENGINEERING,PAT_01083
DAYANANDA_SAGAR_COLLEGE_OF_ENGINEERING,PAT_01084
DAYANANDA_SAGAR_COLLEGE_OF_ENGINEERING,PAT_01085
DAYANANDA_SAGAR_COLLEGE_OF_ENGINEERING,PAT_01086
DAYANANDA_SAGAR_COLLEGE_OF_ENGINEERING,PAT_01087
DAYANANDA_SAGAR_COLLEGE_OF_ENGINEERING,PAT_01088
DAYANANDA_SAGAR_COLLEGE_OF_ENGINEERING,PAT_01089
DAYANANDA_SAGAR_COLLEGE_OF_ENGINEERING,PAT_01090
DAYANANDA_SAGAR_COLLEGE_OF_ENGINEERING,PAT_01091
DAYANANDA_SAGAR_COLLEGE_OF_ENGINEERING,PAT_01092
DAYANANDA_SAGAR_COLLEGE_OF_ENGINEERING,PAT_01093
DR_KIRAN_A_GUPTA,PAT_01093
DR_ROOPA_M,PAT_01093
DR_PAVITHRA_G,PAT_01093
DR_SWAPNIL_SHANTARAM_NINAWE,PAT_01093
DAYANANDA_SAGAR_COLLEGE_OF_ENGINEERING,PAT_01094
DAYANANDA_SAGAR_COLLEGE_OF_ENGINEERING,PAT_01095
DAYANANDA_SAGAR_COLLEGE_OF_ENGINEERING,PAT_01096
DR_HASEEBUDDIN_M_R,PAT_01096
DAYANANDA_SAGAR_COLLEGE_OF_ENGINEERING,PAT_01097
DAYANANDA_SAGAR_COLLEGE_OF_ENGINEERING,PAT_01098
DAYANANDA_SAGAR_COLLEGE_OF_ENGINEERING,PAT_01099
DAYANANDA_SAGAR_COLLEGE_OF_ENGINEERING,PAT_01100
DAYANANDA_SAGAR_COLLEGE_OF_ENGINEERING,PAT_01101
DAYANANDA_SAGAR_COLLEGE_OF_ENGINEERING,PAT_01102
GONAGOOR_TECHNOLOGY_SOLUTIONS_PRIVATE_LIMITED,PAT_01102
DAYANANDA_SAGAR_COLLEGE_OF_ENGINEERING,PAT_01103
DAYANANDA_SAGAR_COLLEGE_OF_ENGINEERING,PAT_01104
DAYANANDA_SAGAR_COLLEGE_OF_ENGINEERING,PAT_01105
DAYANANDA_SAGAR_COLLEGE_OF_ENGINEERING,PAT_01106
DAYANANDA_SAGAR_COLLEGE_OF_ENGINEERING,PAT_01107
DAYANANDA_SAGAR_COLLEGE_OF_ENGINEERING,PAT_01108
DAYANANDA_SAGAR_COLLEGE_OF_ENGINEERING,PAT_01109
DAYANANDA_SAGAR_COLLEGE_OF_ENGINEERING,PAT_01110
DR_PUSHA,PAT_01110
SATISH_BA,PAT_01110
DR_K_G_HEMALATHA,PAT_01110
DR_SUCHANA_MISHRA,PAT_01110
DR_SUGANTHI_NEELAGIRI,PAT_01110
DR_SHARATH_KUMAR_Y,PAT_01110
MS_DEEKSHITHA_A,PAT_01110
MS_RACHANA_M_H,PAT_01110
MR_GANESH_G_C,PAT_01110
DAYANANDA_SAGAR_COLLEGE_OF_ENGINEERING,PAT_01111
DAYANANDA_SAGAR_COLLEGE_OF_ENGINEERING,PAT_01112
DAYANANDA_SAGAR_COLLEGE_OF_ENGINEERING,PAT_01113
DAYANANDA_SAGAR_COLLEGE_OF_ENGINEERING,PAT_01114
DAYANANDA_SAGAR_COLLEGE_OF_ENGINEERING,PAT_01115
DAYANANDA_SAGAR_COLLEGE_OF_ENGINEERING,PAT_01116
DAYANANDA_SAGAR_COLLEGE_OF_ENGINEERING,PAT_01117
DAYANANDA_SAGAR_COLLEGE_OF_ENGINEERING,PAT_01118
DAYANANDA_SAGAR_COLLEGE_OF_ENGINEERING,PAT_01119
DAYANANDA_SAGAR_COLLEGE_OF_ENGINEERING,PAT_01120
DAYANANDA_SAGAR_COLLEGE_OF_ENGINEERING,PAT_01121
DAYANANDA_SAGAR_COLLEGE_OF_ENGINEERING,PAT_01122
DAYANANDA_SAGAR_COLLEGE_OF_ENGINEERING,PAT_01123
DAYANANDA_SAGAR_COLLEGE_OF_ENGINEERING,PAT_01124
DAYANANDA_SAGAR_COLLEGE_OF_ENGINEERING,PAT_01125
DAYANANDA_SAGAR_COLLEGE_OF_ENGINEERING,PAT_01126
DAYANANDA_SAGAR_COLLEGE_OF_ENGINEERING,PAT_01127
DAYANANDA_SAGAR_COLLEGE_OF_ENGINEERING,PAT_01128
DAYANANDA_SAGAR_COLLEGE_OF_ENGINEERING,PAT_01129
DAYANANDA_SAGAR_COLLEGE_OF_ENGINEERING,PAT_01130
DAYANANDA_SAGAR_COLLEGE_OF_ENGINEERING,PAT_01131
DAYANANDA_SAGAR_COLLEGE_OF_ENGINEERING,PAT_01132
DAYANANDA_SAGAR_COLLEGE_OF_ENGINEERING,PAT_01133
DAYANANDA_SAGAR_COLLEGE_OF_ENGINEERING,PAT_01134
DAYANANDA_SAGAR_COLLEGE_OF_ENGINEERING,PAT_01135
DAYANANDA_SAGAR_COLLEGE_OF_ENGINEERING,PAT_01136
DAYANANDA_SAGAR_COLLEGE_OF_ENGINEERING,PAT_01137
DAYANANDA_SAGAR_COLLEGE_OF_ENGINEERING,PAT_01138
DAYANANDA_SAGAR_COLLEGE_OF_ENGINEERING,PAT_01139
DAYANANDA_SAGAR_COLLEGE_OF_ENGINEERING,PAT_01140
DAYANANDA_SAGAR_COLLEGE_OF_ENGINEERING,PAT_01141
DAYANANDA_SAGAR_COLLEGE_OF_ENGINEERING,PAT_01142
DAYANANDA_SAGAR_COLLEGE_OF_ENGINEERING,PAT_01143
DAYANANDA_SAGAR_COLLEGE_OF_ENGINEERING,PAT_01144
DAYANANDA_SAGAR_COLLEGE_OF_ENGINEERING,PAT_01145
DAYANANDA_SAGAR_COLLEGE_OF_ENGINEERING,PAT_01146
DAYANANDA_SAGAR_COLLEGE_OF_ENGINEERING,PAT_01147
DAYANANDA_SAGAR_COLLEGE_OF_ENGINEERING,PAT_01148
DAYANANDA_SAGAR_COLLEGE_OF_ENGINEERING,PAT_01149
DAYANANDA_SAGAR_COLLEGE_OF_ENGINEERING,PAT_01150
DAYANANDA_SAGAR_COLLEGE_OF_ENGINEERING,PAT_01151
DAYANANDA_SAGAR_COLLEGE_OF_ENGINEERING,PAT_01152
DAYANANDA_SAGAR_COLLEGE_OF_ENGINEERING,PAT_01153
DAYANANDA_SAGAR_COLLEGE_OF_ENGINEERING,PAT_01154
DAYANANDA_SAGAR_COLLEGE_OF_ENGINEERING,PAT_01155
DAYANANDA_SAGAR_COLLEGE_OF_ENGINEERING,PAT_01156
DAYANANDA_SAGAR_COLLEGE_OF_ENGINEERING,PAT_01157
DAYANANDA_SAGAR_COLLEGE_OF_ENGINEERING,PAT_01158
DAYANANDA_SAGAR_COLLEGE_OF_ENGINEERING,PAT_01159
DAYANANDA_SAGAR_COLLEGE_OF_ENGINEERING,PAT_01160
DAYANANDA_SAGAR_COLLEGE_OF_ENGINEERING,PAT_01161
DAYANANDA_SAGAR_COLLEGE_OF_ENGINEERING,PAT_01162
DAYANANDA_SAGAR_COLLEGE_OF_ENGINEERING,PAT_01163
DAYANANDA_SAGAR_COLLEGE_OF_ENGINEERING,PAT_01164
DAYANANDA_SAGAR_COLLEGE_OF_ENGINEERING,PAT_01165
DAYANANDA_SAGAR_COLLEGE_OF_ENGINEERING,PAT_01166
DAYANANDA_SAGAR_COLLEGE_OF_ENGINEERING,PAT_01167
DAYANANDA_SAGAR_COLLEGE_OF_ENGINEERING,PAT_01168
DAYANANDA_SAGAR_COLLEGE_OF_ENGINEERING,PAT_01169
DAYANANDA_SAGAR_COLLEGE_OF_ENGINEERING,PAT_01170
DAYANANDA_SAGAR_COLLEGE_OF_ENGINEERING,PAT_01171
DAYANANDA_SAGAR_COLLEGE_OF_ENGINEERING,PAT_01172
DAYANANDA_SAGAR_COLLEGE_OF_ENGINEERING,PAT_01173
DAYANANDA_SAGAR_COLLEGE_OF_ENGINEERING,PAT_01174
DAYANANDA_SAGAR_COLLEGE_OF_ENGINEERING,PAT_01175
DAYANANDA_SAGAR_COLLEGE_OF_ENGINEERING,PAT_01176
DAYANANDA_SAGAR_COLLEGE_OF_ENGINEERING,PAT_01177
DAYANANDA_SAGAR_COLLEGE_OF_ENGINEERING,PAT_01178
DAYANANDA_SAGAR_COLLEGE_OF_ENGINEERING,PAT_01179
DAYANANDA_SAGAR_COLLEGE_OF_ENGINEERING,PAT_01180
DAYANANDA_SAGAR_COLLEGE_OF_ENGINEERING,PAT_01181
DAYANANDA_SAGAR_COLLEGE_OF_ENGINEERING,PAT_01182
DAYANANDA_SAGAR_COLLEGE_OF_ENGINEERING,PAT_01183
DAYANANDA_SAGAR_COLLEGE_OF_ENGINEERING,PAT_01184
DAYANANDA_SAGAR_COLLEGE_OF_ENGINEERING,PAT_01185
DAYANANDA_SAGAR_COLLEGE_OF_ENGINEERING,PAT_01186
DAYANANDA_SAGAR_COLLEGE_OF_ENGINEERING,PAT_01187
DAYANANDA_SAGAR_COLLEGE_OF_ENGINEERING,PAT_01188
DAYANANDA_SAGAR_COLLEGE_OF_ENGINEERING,PAT_01189
DAYANANDA_SAGAR_COLLEGE_OF_ENGINEERING,PAT_01190
DAYANANDA_SAGAR_COLLEGE_OF_ENGINEERING,PAT_01191
DAYANANDA_SAGAR_COLLEGE_OF_ENGINEERING,PAT_01192
DAYANANDA_SAGAR_COLLEGE_OF_ENGINEERING,PAT_01193
DAYANANDA_SAGAR_COLLEGE_OF_ENGINEERING,PAT_01194
DAYANANDA_SAGAR_COLLEGE_OF_ENGINEERING,PAT_01195
DAYANANDA_SAGAR_COLLEGE_OF_ENGINEERING,PAT_01196
DAYANANDA_SAGAR_COLLEGE_OF_ENGINEERING,PAT_01197
DAYANANDA_SAGAR_COLLEGE_OF_ENGINEERING,PAT_01198
DAYANANDA_SAGAR_COLLEGE_OF_ENGINEERING,PAT_01199
DAYANANDA_SAGAR_COLLEGE_OF_ENGINEERING,PAT_01200
DAYANANDA_SAGAR_COLLEGE_OF_ENGINEERING,PAT_01201
DAYANANDA_SAGAR_COLLEGE_OF_ENGINEERING,PAT_01202
DAYANANDA_SAGAR_COLLEGE_OF_ENGINEERING,PAT_01203
DAYANANDA_SAGAR_COLLEGE_OF_ENGINEERING,PAT_01204
DAYANANDA_SAGAR_COLLEGE_OF_ENGINEERING,PAT_01205
DAYANANDA_SAGAR_COLLEGE_OF_ENGINEERING,PAT_01206
DAYANANDA_SAGAR_COLLEGE_OF_ENGINEERING,PAT_01207
DAYANANDA_SAGAR_COLLEGE_OF_ENGINEERING,PAT_01208
DAYANANDA_SAGAR_COLLEGE_OF_ENGINEERING,PAT_01209
DAYANANDA_SAGAR_COLLEGE_OF_ENGINEERING,PAT_01210
DAYANANDA_SAGAR_COLLEGE_OF_ENGINEERING,PAT_01211
DAYANANDA_SAGAR_COLLEGE_OF_ENGINEERING,PAT_01212
DAYANANDA_SAGAR_COLLEGE_OF_ENGINEERING,PAT_01213
DAYANANDA_SAGAR_COLLEGE_OF_ENGINEERING,PAT_01214
DAYANANDA_SAGAR_COLLEGE_OF_ENGINEERING,PAT_01215
DAYANANDA_SAGAR_COLLEGE_OF_ENGINEERING,PAT_01216
DAYANANDA_SAGAR_COLLEGE_OF_ENGINEERING,PAT_01217
DAYANANDA_SAGAR_COLLEGE_OF_ENGINEERING,PAT_01218
DAYANANDA_SAGAR_COLLEGE_OF_ENGINEERING,PAT_01219
DAYANANDA_SAGAR_COLLEGE_OF_ENGINEERING,PAT_01220
DAYANANDA_SAGAR_COLLEGE_OF_ENGINEERING,PAT_01221
DAYANANDA_SAGAR_COLLEGE_OF_ENGINEERING,PAT_01222
DAYANANDA_SAGAR_COLLEGE_OF_ENGINEERING,PAT_01223
DAYANANDA_SAGAR_COLLEGE_OF_ENGINEERING,PAT_01224
DAYANANDA_SAGAR_COLLEGE_OF_ENGINEERING,PAT_01225
DAYANANDA_SAGAR_COLLEGE_OF_ENGINEERING,PAT_01226
DAYANANDA_SAGAR_COLLEGE_OF_ENGINEERING,PAT_01227
DAYANANDA_SAGAR_COLLEGE_OF_ENGINEERING,PAT_01228
DAYANANDA_SAGAR_COLLEGE_OF_ENGINEERING,PAT_01229
DAYANANDA_SAGAR_COLLEGE_OF_ENGINEERING,PAT_01230
DAYANANDA_SAGAR_COLLEGE_OF_ENGINEERING,PAT_01231
DAYANANDA_SAGAR_COLLEGE_OF_ENGINEERING,PAT_01232
DAYANANDA_SAGAR_COLLEGE_OF_ENGINEERING,PAT_01233
DAYANANDA_SAGAR_COLLEGE_OF_ENGINEERING,PAT_01234
DRROSE_BINDU_JOSEPH_DAYANANDA_SAGAR_COLLEGE_OF_ENGINEERING,PAT_01235
DRAGEORGE_MARIA_SELVAM_SACRED_HEART_COLLEGE_AUTONOMOUS,PAT_01235
DAYANANDA_SAGAR_COLLEGE_OF_ENGINEERING,PAT_01236
DAYANANDA_SAGAR_COLLEGE_OF_ENGINEERING,PAT_01237
DAYANANDA_SAGAR_COLLEGE_OF_ENGINEERING,PAT_01238
DAYANANDA_SAGAR_COLLEGE_OF_ENGINEERING,PAT_01239
DAYANANDA_SAGAR_COLLEGE_OF_ENGINEERING,PAT_01240
DAYANANDA_SAGAR_COLLEGE_OF_ENGINEERING,PAT_01241
DAYANANDA_SAGAR_COLLEGE_OF_ENGINEERING,PAT_01242
DAYANANDA_SAGAR_COLLEGE_OF_ENGINEERING,PAT_01243
DAYANANDA_SAGAR_COLLEGE_OF_ENGINEERING,PAT_01244
DAYANANDA_SAGAR_COLLEGE_OF_ENGINEERING,PAT_01245
DAYANANDA_SAGAR_COLLEGE_OF_ENGINEERING,PAT_01246
DAYANANDA_SAGAR_COLLEGE_OF_ENGINEERING,PAT_01247
DAYANANDA_SAGAR_COLLEGE_OF_ENGINEERING,PAT_01248
DAYANANDA_SAGAR_COLLEGE_OF_ENGINEERING,PAT_01249
DAYANANDA_SAGAR_COLLEGE_OF_ENGINEERING,PAT_01250
DAYANANDA_SAGAR_COLLEGE_OF_ENGINEERING,PAT_01251
DAYANANDA_SAGAR_COLLEGE_OF_ENGINEERING,PAT_01252
DAYANANDA_SAGAR_COLLEGE_OF_ENGINEERING,PAT_01253
DAYANANDA_SAGAR_COLLEGE_OF_ENGINEERING,PAT_01254
DAYANANDA_SAGAR_COLLEGE_OF_ENGINEERING,PAT_01255
DAYANANDA_SAGAR_COLLEGE_OF_ENGINEERING,PAT_01256
DAYANANDA_SAGAR_COLLEGE_OF_ENGINEERING,PAT_01257
DAYANANDA_SAGAR_COLLEGE_OF_ENGINEERING,PAT_01258
DAYANANDA_SAGAR_COLLEGE_OF_ENGINEERING,PAT_01259
DAYANANDA_SAGAR_COLLEGE_OF_ENGINEERING,PAT_01260
DAYANANDA_SAGAR_COLLEGE_OF_ENGINEERING,PAT_01261
DAYANANDA_SAGAR_COLLEGE_OF_ENGINEERING,PAT_01262
DAYANANDA_SAGAR_COLLEGE_OF_ENGINEERING,PAT_01263
DAYANANDA_SAGAR_COLLEGE_OF_ENGINEERING,PAT_01264
DAYANANDA_SAGAR_COLLEGE_OF_ENGINEERING,PAT_01265
DAYANANDA_SAGAR_COLLEGE_OF_ENGINEERING,PAT_01266
DAYANANDA_SAGAR_COLLEGE_OF_ENGINEERING,PAT_01267
DAYANANDA_SAGAR_COLLEGE_OF_ENGINEERING,PAT_01268
DAYANANDA_SAGAR_COLLEGE_OF_ENGINEERING,PAT_01269
DAYANANDA_SAGAR_COLLEGE_OF_ENGINEERING,PAT_01270
DAYANANDA_SAGAR_COLLEGE_OF_ENGINEERING,PAT_01271
DAYANANDA_SAGAR_COLLEGE_OF_ENGINEERING,PAT_01272
DAYANANDA_SAGAR_COLLEGE_OF_ENGINEERING,PAT_01273
DAYANANDA_SAGAR_COLLEGE_OF_ENGINEERING,PAT_01274
DAYANANDA_SAGAR_COLLEGE_OF_ENGINEERING,PAT_01275
DAYANANDA_SAGAR_COLLEGE_OF_ENGINEERING,PAT_01276
DAYANANDA_SAGAR_COLLEGE_OF_ENGINEERING,PAT_01277
DAYANANDA_SAGAR_COLLEGE_OF_ENGINEERING,PAT_01278
DAYANANDA_SAGAR_COLLEGE_OF_ENGINEERING,PAT_01279
DAYANANDA_SAGAR_COLLEGE_OF_ENGINEERING,PAT_01280
DAYANANDA_SAGAR_COLLEGE_OF_ENGINEERING,PAT_01281
DAYANANDA_SAGAR_COLLEGE_OF_ENGINEERING,PAT_01282
DAYANANDA_SAGAR_COLLEGE_OF_ENGINEERING,PAT_01283
DAYANANDA_SAGAR_COLLEGE_OF_ENGINEERING,PAT_01284
DAYANANDA_SAGAR_COLLEGE_OF_ENGINEERING,PAT_01285
DAYANANDA_SAGAR_COLLEGE_OF_ENGINEERING,PAT_01286
DAYANANDA_SAGAR_COLLEGE_OF_ENGINEERING,PAT_01287
DAYANANDA_SAGAR_COLLEGE_OF_ENGINEERING,PAT_01288
DAYANANDA_SAGAR_COLLEGE_OF_ENGINEERING,PAT_01289
DAYANANDA_SAGAR_COLLEGE_OF_ENGINEERING,PAT_01290
DAYANANDA_SAGAR_COLLEGE_OF_ENGINEERING,PAT_01291
DAYANANDA_SAGAR_COLLEGE_OF_ENGINEERING,PAT_01292
DAYANANDA_SAGAR_COLLEGE_OF_ENGINEERING,PAT_01293
DAYANANDA_SAGAR_COLLEGE_OF_ENGINEERING,PAT_01294
DAYANANDA_SAGAR_COLLEGE_OF_ENGINEERING,PAT_01295
DAYANANDA_SAGAR_COLLEGE_OF_ENGINEERING,PAT_01296
DAYANANDA_SAGAR_COLLEGE_OF_ENGINEERING,PAT_01297
DAYANANDA_SAGAR_COLLEGE_OF_ENGINEERING,PAT_01298
DAYANANDA_SAGAR_COLLEGE_OF_ENGINEERING,PAT_01299
DAYANANDA_SAGAR_COLLEGE_OF_ENGINEERING,PAT_01300
DAYANANDA_SAGAR_COLLEGE_OF_ENGINEERING,PAT_01301
DAYANANDA_SAGAR_COLLEGE_OF_ENGINEERING,PAT_01302
DAYANANDA_SAGAR_COLLEGE_OF_ENGINEERING,PAT_01303
DAYANANDA_SAGAR_COLLEGE_OF_ENGINEERING,PAT_01304
DAYANANDA_SAGAR_COLLEGE_OF_ENGINEERING,PAT_01305
DRRESHMA_J,PAT_01306
YOGESH_B_S,PAT_01306
PRAVEEN_N,PAT_01306
BHARATH_B_C,PAT_01306
SANTOSH_ANAND,PAT_01306
DAYANANDA_SAGAR_COLLEGE_OF_ENGINEERING,PAT_01306
DAYANANDA_SAGAR_COLLEGE_OF_ENGINEERING,PAT_01307
DAYANANDA_SAGAR_COLLEGE_OF_ENGINEERING,PAT_01308
DR_BASAVARAJ_PATIL,PAT_01308
DR_DATTATREYA_P_MANKAME,PAT_01308
MRS_PUSHPA_G,PAT_01308
DAYANANDA_SAGAR_COLLEGE_OF_ENGINEERING,PAT_01309
ARUNA_P,PAT_01310
DAYANANDA_SAGAR_COLLEGE_OF_ENGINEERING,PAT_01310
DR_C_M_JOSEPH,PAT_01310
DAYANANDA_SAGAR_COLLEGE_OF_ENGINEERING,PAT_01311
SBALAMURUGAN,PAT_01312
DHAVAL_ARVINDBHAI_JADAV_CHOTUBHAI_GOPALBHAI_PATEL_INSTITUTE_OF_TECHUTU_MALIBA_CAMPUSBARDOLIDISTSURAT394350_GUJARAT_INDIA,PAT_01312
DRPOOJA_TRIPATHI_INDERPRASTHA_ENGG_COLLEGE_GHAZIABAD_SURYA_NAGAR_FLYOVER_ROAD_INDUSTRIAL_AREA_SAHIBABAD_GHAZIABAD_UTTAR_PRADESH_201010_INDIA,PAT_01312
DRPRIYANKA_GAUTAM_ARNI_SCHOOL_OF_ENGG_TECHNOLOGY_ARNI_UNIVERSITY_KATHGARH_INDORA_HIMACHAL_PRADESH_176401_INDIA,PAT_01312
DRRKUMAR_ASSOCIATE_PROFESSOR_DEPARTMENT_OF_COMPUTER_SCIENCE_AND_ENGINEERING_SRI_RAMAKRISHNA_INSTITUTE_OF_TECHNOLLOGY_COIMBATORE_641032_TAMILNADU_INDIA,PAT_01312
YSHIREESHA_ASSISTANT_PROFESSOR_DEPT_OF_MECHANICAL_ENGINEERING_GMRIT_RAJAM_GMR_NAGAR_RAZAM_ANDHRA_PRADESH_532127_INDIA,PAT_01312
MRMOHAMMED_FIRDOS_ALAM_SHEIKH_ASSOCIATE_PROFESSOR_DEPT_OF_COMPUTER_SCIENCE_ENGINEERING_POORNIMA_UNIVERSITY_RAMCHANDRAPURA_PO_VIDHANI_VATIKA_ROAD_SITAPURA_RAJASTHAN_303905_INDIA,PAT_01312
SPOORTHI_SINGH_SENIOR_ASSISTANT_PROFESSOR_MECHATRONICS_DEPARTMENT_MIT_MAHE_MANIPAL_KARNATAKA_576104_INDIA,PAT_01312
C_R_SRINIVASAN_ASSISTANT_PROFESSORSENIOR_SCALE_INSTRUMENTATION_AND_CONTROL_ENGINEERING_MANIPAL_INSTITUTE_OF_TECHNOLOGY_MANIPAL_ACADEMY_OF_HIGHER_EDUCATION_MANIPAL_KARNATAKA_576104_INDIA,PAT_01312
DRSRIVIDYA_R_ASSOCIATE_PROFESSOR_ELECTRICAL_AND_ELECTRONICS_ENGINEERING_MANIPAL_INSTITUTE_OF_TECHNOLOGY_MANIPAL_ACADEMY_OF_HIGHER_EDUCATION_MANIPAL_KARNATAKA_576104_INDIA,PAT_01312
DRBHARATI_WUKKADADA_ASSOCIATE_PROFESSOR_AREA_DATA_SCIENCE_TECHNOLOGY_K_J_SOMAIYA_INSTITUTE_OF_MANAGEMENT_SOMAIYA_VIDYAVIHAR_UNIVERSITY_VIDYAVIHAR_MUMBAI400077_MAHARASHTRA_INDIA,PAT_01312
DRSVB_SUBRAHMANYESWARA_RAO_PROFESSOR_RAMACHANDRA_COLLEGE_OF_ENGINEERING_NH16_BYPASS_ROAD_VATLURU_ELURU_ANDHRA_PRADESH_534007_INDIA,PAT_01312
DRARCHANA_HR_ASSISTANT_PROFESSOR_DEPT_OF_ELECTRONICS_COMMUNICATION_ENGG_BMS_COLLEGE_OF_ENGINEERING_BULL_TEMPLE_ROAD_BANGALORE_560019_KARNATAKA_INDIA,PAT_01312
DRJYOTHI_AP_FACULTY_OF_ENGINEERING_AND_TECH_DEPT_OF_COMPUTER_SCIENCE_ENGG_RAMAIAH_UNIVERSITY_OF_APPLIED_SCIENCES_PEENYA_BENGALURU560058_KARNATAKA_INDIA,PAT_01312
DRSURENDRA_HH_ASSISTANT_PROFESSOR_DEPT_OF_ELECTRONICS_COMMUNICATION_ENGG_BMS_COLLEGE_OF_ENGINEERING_BULL_TEMPLE_ROAD_BANGALORE560019_KARNATAKA_INDIA,PAT_01312
DRCSNAGABHUSHANA_PROFESSOR_HOD_DEPT_OF_MATHEMATICS_HKBK_COLLEGE_OF_ENGINEERING_NAGAWARA_BANGALORE_KARNATAKA_560045_INDIA,PAT_01312
DRPAVITHRAG_ASSOCIATE_PROFESSOR_ELECTRONICS_COMMUNICATION_ENGG_DEPT_ECE_DAYANANDA_SAGAR_COLLEGE_OF_ENGG_DSCE_BLOCK_NO_17_ROOM_NO_17205_KUMARASWAMY_LAYOUT_SHAVIGEMALLESHWARA_HILLS_BANGALORE_560078_KARNATAKA_INDIA,PAT_01312
DRTCMANJUNATH_PROFESSOR_HEAD_OF_THE_DEPT_ELECTRONICS_COMMUNICATION_ENGG_DEPT_ECE_DAYANANDA_SAGAR_COLLEGE_OF_ENGG_DSCE_BLOCK_NO_17_ROOM_NO_208_KUMARASWAMY_LAYOUT_SHAVIGEMALLESHWARA_HILLS_BANGALORE560078_KARNATAKA_INDIA,PAT_01312
SBALAMURUGAN,PAT_01313
DR_GADDAM_VENU_GOPAL_VIGNANA_BHARATHI_INSTITUTE_OF_TECHNOLOGY_GHATKESAR_HYDERABAD_TELANGANA_501301_INDIA,PAT_01313
DR_VINOD_KUMAR_SCHOOL_OF_COMPUTING_SCIENCE_ENGINEERING_GALGOTIAS_UNIVERSITY_GREATER_NOIDA_UTTAR_PRADESH203201_INDIA,PAT_01313
DR_BALBIR_SINGH_SAULT_COLLEGE_TORONTO_ON_M6P_4A9_CANADA,PAT_01313
DRINDRAJIT_PAN_RCC_INSTITUTE_OF_INFORMATION_TECHNOLOGY_CANAL_S_RD_BELEGHATA_KOLKATA_WEST_BENGAL_700015_INDIA,PAT_01313
DR_SUBHAMITA_MUKHERJEE_TECHNO_MAIN_SALT_LAKE_EM41_SECTOR_V_SALT_LAKE_KOLKATA_PIN_700091_INDIA,PAT_01313
MR_RAVIN_KUMAR_GNIOT_GREATER_NOIDA_GAUTAM_BUDDHA_NAGAR_UTTAR_PRADESH201310_INDIA,PAT_01313
DR_MD_TABREZ_NAFIS_ASSISTANT_PROFESSOR_JAMIA_HAMDARD_DEEMED_UNIVERSITY_NEW_DELHI_110062_INDIA,PAT_01313
DR_PRAMOD_KUMAR_NAIK_DAYANANDA_SAGAR_UNIVERSITY_BENGALURU_KARNATAKA_560068_INDIA,PAT_01313
DR_MANJUNATHA_SC_ASSOCIATE_PROFESSOR_DEPARTMENT_OF_ELECTRICAL_AND_ELECTRONICS_ENGG_NH_4_BY_PASS_ROAD_SJMIT_SRI_JAGADGURU_MURUGARAJENDRA_INST_OF_TECH_CHITRADURGA577502_KARNATAKA_INDIA,PAT_01313
PROF_DR_SANDEEP_SAXENA_DEPARTMENT_OF_CSE_GREATER_NOIDA_INSTITUTE_OF_TECHNOLOGY_PLOT_NO_7_KNOWLEDGE_PARK_II_GREATER_NOIDA_UTTAR_PRADESH_201310_INDIA,PAT_01313
DRGGANESH_KUMAR_RATHINAM_TECHNICAL_CAMPUS_POLLACHI_MAIN_ROAD_EACHANARI_COIMBATORE641021_TAMILNADU_INDIA,PAT_01313
SUDHA_T_ASSISTANT_PROFESSOR_DEPARTMENT_OF_ELECTRICAL_AND_ELECTRONICS_ENGG_NH_4_BY_PASS_ROAD_SJMIT_SRI_JAGADGURU_MURUGARAJENDRA_INST_OF_TECH_CHITRADURGA577502_KARNATAKA_INDIA,PAT_01313
DRPAVITHRAG_ASSOCIATE_PROFESSOR_ELECTRONICS_COMMUNICATION_ENGG_DEPT_ECE_DAYANANDA_SAGAR_COLLEGE_OF_ENGG_DSCE_BLOCK_NO_17_ROOM_NO_17205_KUMARASWAMY_LAYOUT_SHAVIGEMALLESHWARA_HILLS_BANGALORE_560078_KARNATAKA_INDIA,PAT_01313
DRTCMANJUNATH_PROFESSOR_HEAD_OF_THE_DEPT_ELECTRONICS_COMMUNICATION_ENGG_DEPT_ECE_DAYANANDA_SAGAR_COLLEGE_OF_ENGG_DSCE_BLOCK_NO_17_ROOM_NO_208_KUMARASWAMY_LAYOUT_SHAVIGEMALLESHWARA_HILLS_BANGALORE560078_KARNATAKA_INDIA,PAT_01313
DR_A_GEORGE_MARIA_SELVAM_SACRED_HEART_COLLEGE_AUTONOMOUS,PAT_01314
DRROSE_BINDU_JOSEPH_DAYANANDA_SAGAR_COLLEGE_OF_ENGINEERING,PAT_01314
SBALAMURUGAN,PAT_01315
DR_GADDAM_VENU_GOPAL_DEPARTMENT_OF_PHYSICAL_SCIENCES_INFORMATION_TECHNOLOGY_AGRICULTURAL_ENGINEERING_COLLEGE_AND_RESEARCH_INSTITUTE_TAMIL_NADU_AGRICULTURAL_UNIVERSITY_COIMBATORE641003_TAMILNADU_INDIA,PAT_01315
DR_SHAILENDRA_KUMAR_PAREEK_CARDIAC_ANAESTHETISTS_NARAYANA_MULTISPECIALITY_HOSPITAL_KUMBHA_MARG_PRATAP_NAGAR_SANGANER_SITAPURA_INDUSTRIAL_AREA_SITAPURA_JAIPUR_RAJASTHAN_302033_INDIA,PAT_01315
DR_JAGANNATH_SAMANTA_ASSOCIATE_PROFESSOR_HALDIA_INSTITUTE_OF_TECHNOLOGY_PO_HIT_HALDIA_DIST_PURBA_MEDINIPUR_WEST_BENGAL_PIN721657_INDIA,PAT_01315
DR_TARUN_KUMAR_GHOSH_PROFESSOR_HEAD_DEPT_OF_CSEAIML_HALDIA_INSTITUTE_OF_TECHNOLOGY_PO_HIT_HALDIA_DIST_PURBA_MEDINIPUR_WEST_BENGAL_PIN721657_INDIA,PAT_01315
PANKAJ_JAIN_JECRC_UNIVERSITY_PLOT_NO_IS2036_IS2039_RAMCHANDRAPURA_INDUSTRIAL_AREA_JAIPUR_SITAPURA_VIDHANI_RAJASTHAN_303905_INDIA,PAT_01315
DRSHRIKRISHNA_DHAKAD_PROFESSOR_IN_DEPARTMENT_OF_MECHANICAL_ENGINEERING_UIT_RGPV_SHIVPRI_SATANWADA_DISTRICT_SHIVPURISTATE_MADHYA_PRADESH473551_INDIA,PAT_01315
DR_GEDELA_JAGGA_RAO_RISHI_MS_ENGINEERING_COLLEGE_NIZAMPET_CROSS_ROAD_NEAR_JNTUH_KUKATPALLY_HYDERABAD_TELANGANA_500090_INDIA,PAT_01315
DR_RAJESH_PUROHIT_PROFESSOR_DEPARTMENT_OF_MECHANICAL_ENGINEERING_MANIT_BHOPAL_MAULANA_AZAD_NATIONAL_INSTITUTE_OF_TECHNOLOGY_MANIT_BHOPAL_MADHYA_PRADESH_INDIA_PIN_462003,PAT_01315
DR_KAMLESH_LAKHWANI_JECRC_UNIVERSITY_PLOT_NO_IS2036_IS2039_RAMCHANDRAPURA_INDUSTRIAL_AREA_JAIPUR_SITAPURA_VIDHANI_RAJASTHAN_303905_INDIA,PAT_01315
DR_BHAVNA_SHARMA_ASSOCIATE_PROFESSOR_JECRC_UNIVERSITY_PLOT_NO_IS2036_IS2039_RAMCHANDRAPURA_INDUSTRIAL_AREA_JAIPUR_SITAPURA_VIDHANI_RAJASTHAN_303905_INDIA,PAT_01315
DRMRAMANAN_DEPARTMENT_OF_PHYSICAL_SCIENCES_INFORMATION_TECHNOLOGY_AGRICULTURAL_ENGINEERING_COLLEGE_AND_RESEARCH_INSTITUTE_TAMIL_NADU_AGRICULTURAL_UNIVERSITY_COIMBATORE641003,PAT_01315
C_R_SRINIVASAN_ASSISTANT_PROFESSORSENIOR_SCALE_INSTRUMENTATION_AND_CONTROL_ENGINEERING_MANIPAL_INSTITUTE_OF_TECHNOLOGY_MANIPAL_ACADEMY_OF_HIGHER_EDUCATION_MANIPAL_KARNATAKA_576104_INDIA,PAT_01315
DR_SRIVIDYA_R_ASSOCIATE_PROFESSOR_ELECTRICAL_AND_ELECTRONICS_ENGINEERING_MANIPAL_INSTITUTE_OF_TECHNOLOGY_MANIPAL_ACADEMY_OF_HIGHER_EDUCATION_MANIPAL_KARNATAKA_576104_INDIA,PAT_01315
DRSUHASINI_VK_PRINCIPAL_PROFESSOR_DEPT_OF_MASTER_OF_COMPUTER_APPLICATIONS_MCA_BHARATI_VIDYAPEETHS_INSTITUTE_OF_MANAGEMENT_INFORMATION_TECHNOLOGY_BVIMIT_SECTOR_8_CBD_BELAPUR_NAVIMUMBAI_400614_MAHARASHTRA_INDIA,PAT_01315
DR_KN_VIJAYKUMAR_PROFESSOR_HEAD_OF_THE_DEPT_MECHANICAL_ENGINEERING_NO_U_15_BHAKTIVEDANTA_SWAMI_RD_OPP_COOPER_HOSPITAL_NAVPADA_JVPD_SCHEME_DJ_SANGHVI_COLLEGE_OF_ENGG_VILE_PARLE_WEST_MUMBAI400056_MAHARASHTRA_INDIA,PAT_01315
MR_SANDEEP_KV_ASSISTANT_PROFESSOR_DEPT_OF_ELECTRONICS_TELECOMMUNICATION_ENGG_DAYANANDA_SAGAR_COLLEGE_OF_ENGG_DSCE_KUMARASWAMY_LAYOUT_SHAVIGEMALLESHWARA_HILLS_BANGALORE_560078_KARNATAKA,PAT_01315
MR_RAJASHEKHER_KOYYEDA_ASSISTANT_PROFESSOR_ELECTRICAL_ENGG_DEPT_TATYASAHEB_KORE_INSTITUTE_OF_ENGINEERING_TECHNOLOGY_WARANANAGAR_TAL_PANHALA_DIST_KOLHAPUR_MAHARASHTRA416113,PAT_01315
DRPAVITHRAG_ASSOCIATE_PROFESSOR_ELECTRONICS_COMMUNICATION_ENGG_DEPT_ECE_DAYANANDA_SAGAR_COLLEGE_OF_ENGG_DSCE_BLOCK_NO_17_ROOM_NO_17205_KUMARASWAMY_LAYOUT_SHAVIGEMALLESHWARA_HILLS_BANGALORE_560078_KARNATAKA_INDIA,PAT_01315
DRTCMANJUNATH_PROFESSOR_HEAD_OF_THE_DEPT_ELECTRONICS_COMMUNICATION_ENGG_DEPT_ECE_DAYANANDA_SAGAR_COLLEGE_OF_ENGG_DSCE_BLOCK_NO_17_ROOM_NO_208_KUMARASWAMY_LAYOUT_SHAVIGEMALLESHWARA_HILLS_BANGALORE560078_KARNATAKA_INDIA,PAT_01315
SBALAMURUGAN,PAT_01316
DRMRAMANAN_DEPARTMENT_OF_PHYSICAL_SCIENCES_INFORMATION_TECHNOLOGY_AGRICULTURAL_ENGINEERING_COLLEGE_AND_RESEARCH_INSTITUTE_TAMIL_NADU_AGRICULTURAL_UNIVERSITY_COIMBATORE641003_TAMILNADU_INDIA,PAT_01316
RAMASAMY_V_PHD_ASSOCIATE_PROFESSOR_DEPARTMENT_OF_CSE_VEL_TECH_RANGARAJAN_DRSAGUNTHALA_RD_INSTITUTE_OF_SCIENCE_AND_TECHNOLOGY_DEEMED_TO_BE_UNIVERSITY_AVADI_CHENNAIINDIA_600_062,PAT_01316
MRSGKAVIPRIYA_HINDUSTAN_INSTITUTE_OF_TECHNOLOGY_COIMBATORE641032_TAMILNADU_INDIA,PAT_01316
DRMRAJARAM_DEAN_EES_PARK_COLLEGE_OF_ENGINEERING_AND_TECHNOLOGY_COIMBATORE_641659_TAMILNADU_INDIA,PAT_01316
ANDREWJ_873_MUNIA_SAMY_KOIL_STREET_THOOTHUKUDI_628002_TAMILNADU_INDIA,PAT_01316
DRSHRIKRISHNA_DHAKAD_PROFESSOR_IN_DEPARTMENT_OF_MECHANICAL_ENGINEERING_UIT_RGPV_SHIVPRI_SATANWADA_DISTRICT_SHIVPURISTATE_MADHYA_PRADESH473551_INDIA,PAT_01316
DRVSHANTHI_PROFESSOR_HEAD_DEPT_OF_ECE_PARK_COLLEGE_OF_ENGINEERING_AND_TECHNOLOGY_COIMBATORE_641659_TAMILNADU_INDIA_AFFILIATED_TO_ANNA_UNIVERSITY_CHENNAI,PAT_01316
PROFCPREETHIBHA_DEPT_OF_ECE_PARK_COLLEGE_OF_ENGINEERING_TECHNOLOGYCOIMBATORE_641659_TAMILNADU_INDIA,PAT_01316
DR_ARUN_KUMAR_HIREMATH_ASSOCIATE_PROFESSOR_DEPARTMENT_OF_COMPUTER_SCIENCE_AND_ENGINEERING_BIET_DAVANAGERE_SHAMANUR_RD_BIET_DAVANAGERE_KARNATAKA_577004_INDIA,PAT_01316
NTHANIGAIVEL_ASSISTANT_PROFESSOR_IN_COMPUTER_SCIENCE_AND_ENGINEERING_KRISHNASAMY_COLLEGE_OF_ENGINEERING_AND_TECHNOLOGY_AFFILIATED_TO_ANNA_UNIVERSITY_CHENNAI_ANAND_NAGAR_S_KUMARAPURAM_NELLIKUPPAM_MAIN_ROAD_CUDDALORE_607109_TAMILNADU_INDIA,PAT_01316
M_AROCKIA_RANJITHKUMAR_M_KUMARASAMY_COLLEGE_OF_ENGINEERINGAUTONOMOUS_KARUR_THALAVAPALAYAM_TAMIL_NADU_639113_ANNA_UNIVERSITY,PAT_01316
ARJUN_H_ASSISTANT_PROFESSOR_DEPARTMENT_OF_COMPUTER_SCIENCE_AND_ENGINEERING_BIET_DAVANAGERE_SHAMANUR_RD_BIET_DAVANAGERE_KARNATAKA_577004,PAT_01316
DRPRAKASH_KURAVATTI_ASSOCIATE_PROFESSOR_DEPT_OF_ELECTRONICS_COMMUNICATION_ENGG_ATME_COLLEGE_OF_ENGG_MYSORE_KARNATAKA,PAT_01316
DRSUHASINI_VK_PRINCIPAL_PROFESSOR_DEPT_OF_MASTER_OF_COMPUTER_APPLICATIONS_MCA_BHARATI_VIDYAPEETHS_INSTITUTE_OF_MANAGEMENT_INFORMATION_TECHNOLOGY_BVIMIT_SECTOR_8_CBD_BELAPUR_NAVIMUMBAI_400614_MAHARASHTRA_INDIA,PAT_01316
DR_KN_VIJAYKUMAR_PROFESSOR_HEAD_OF_THE_DEPT_MECHANICAL_ENGINEERING_NO_U_15_BHAKTIVEDANTA_SWAMI_RD_OPP_COOPER_HOSPITAL_NAVPADA_JVPD_SCHEME_DJ_SANGHVI_COLLEGE_OF_ENGG_VILE_PARLE_WEST_MUMBAI400056_MAHARASHTRA_INDIA,PAT_01316
DRPAVITHRAG_ASSOCIATE_PROFESSOR_ELECTRONICS_COMMUNICATION_ENGG_DEPT_ECE_DAYANANDA_SAGAR_COLLEGE_OF_ENGG_DSCE_BLOCK_NO_17_ROOM_NO_17205_KUMARASWAMY_LAYOUT_SHAVIGEMALLESHWARA_HILLS_BANGALORE_560078_KARNATAKA_INDIA,PAT_01316
DRTCMANJUNATH_PROFESSOR_HEAD_OF_THE_DEPT_ELECTRONICS_COMMUNICATION_ENGG_DEPT_ECE_DAYANANDA_SAGAR_COLLEGE_OF_ENGG_DSCE_BLOCK_NO_17_ROOM_NO_208_KUMARASWAMY_LAYOUT_SHAVIGEMALLESHWARA_HILLS_BANGALORE560078_KARNATAKA_INDIA,PAT_01316
SBALAMURUGAN,PAT_01317
DR_V_GOPALA_KRISHNAN_DEPARTMENT_OF_PHYSICS_DR_N_G_P_ARTS_AND_SCIENCE_COLLEGE_COIMBATORE_641048_TAMILNADU_INDIA,PAT_01317
R_RAVIKUMAR_DEPARTMENT_OF_CHEMISTRY_DR_N_G_P_ARTS_AND_SCIENCE_COLLEGE_COIMBATORE_641048_TAMILNADU_INDIA,PAT_01317
MRSGDIVYA_HINDUSTAN_INSTITUTE_OF_TECHNOLOGY_COIMBATORE641032_TAMILNADU_INDIA,PAT_01317
DRTCMANJUNATH_PROFESSOR_HEAD_OF_THE_DEPT_ELECTRONICS_COMMUNICATION_ENGG_DEPT_ECE_DAYANANDA_SAGAR_COLLEGE_OF_ENGG_DSCE_BLOCK_NO_17_ROOM_NO_208_KUMARASWAMY_LAYOUT_SHAVIGEMALLESHWARA_HILLS_BANGALORE560078_KARNATAKA_INDIA,PAT_01317
DR_AMRESH_KUMAR_DEPARTMENT_OF_MATHEMATICS_BABU_BANARASI_DAS_NORTHERN_INDIA_INSTITUTE_OF_TECHNOLOGY_LUCKNOW_UTTAR_PRADESH_INDIA_226028,PAT_01317
RAMASAMY_V_PHD_ASSOCIATE_PROFESSOR_DEPARTMENT_OF_CSE_VEL_TECH_RANGARAJAN_DRSAGUNTHALA_RD_INSTITUTE_OF_SCIENCE_AND_TECHNOLOGY_DEEMED_TO_BE_UNIVERSITY_AVADI_CHENNAIINDIA_600_062,PAT_01317
YALLAPRAGADA_RAVI_RAJU_ASSISTANT_PROFESSOR_DEPARTMENT_OF_COMPUTER_SCIENCE_AND_TECHNOLOGY_MADANAPALLE_INSTITUTE_OF_TECHNOLOGY_AND_SCIENCE_KADIRI_ROAD_ANGALLU_VILLAGE_MADANAPALLE_ANDHRA_PRADESH_517325_INDIA,PAT_01317
DRGGANESH_KUMAR_RATHINAM_TECHNICAL_CAMPUS_POLLACHI_MAIN_ROAD_EACHANARI_COIMBATORE641021_TAMILNADU_INDIA,PAT_01317
MISSALAVANYA_RATHINAM_TECHNICAL_CAMPUS_POLLACHI_MAIN_ROAD_EACHANARI_COIMBATORE641021_TAMILNADU_INDIA,PAT_01317
MRTUDHAYAKUMAR_RATHINAM_TECHNICAL_CAMPUS_POLLACHI_MAIN_ROAD_EACHANARI_COIMBATORE641021_TAMILNADU_INDIA,PAT_01317
MRSPOORNA_PRAKASH_RATHINAM_TECHNICAL_CAMPUS_POLLACHI_MAIN_ROAD_EACHANARI_COIMBATORE641021_TAMILNADU_INDIA,PAT_01317
AVIJAY_MKUMARASAMY_COLLEGE_OF_ENGINEERING_KARUR_THALAVAPALAYAM_TAMIL_NADU_639113_INDIA,PAT_01317
DR_PIYUSH_KUMAR_TRIPATHI_AMITY_UNIVERSITY_UTTAR_PRADESH_LUCKNOW_MALHAUR_NEAR_RAILWAY_STATION_POST_OFFICE_CHINHUT_LUCKNOW_UTTAR_PRADESH_INDIA_226028,PAT_01317
DR_ALOK_AGRAWAL_AMITY_UNIVERSITY_UTTAR_PRADESH_LUCKNOW_MALHAUR_NEAR_RAILWAY_STATION_POST_OFFICE_CHINHUT_LUCKNOW_UTTAR_PRADESH_INDIA_226028,PAT_01317
DR_SUHASINI_VK_PRINCIPAL_PROFESSOR_DEPT_OF_MASTER_OF_COMPUTER_APPLICATIONS_MCA_BHARATI_VIDYAPEETHS_INSTITUTE_OF_MANAGEMENT_INFORMATION_TECHNOLOGY_BVIMIT_SECTOR_8_CBD_BELAPUR_NAVIMUMBAI_400614_MAHARASHTRA_INDIA,PAT_01317
DR_KN_VIJAYKUMAR_PROFESSOR_HEAD_OF_THE_DEPT_MECHANICAL_ENGINEERING_NO_U_15_BHAKTIVEDANTA_SWAMI_RD_OPP_COOPER_HOSPITAL_NAVPADA_JVPD_SCHEME_DJ_SANGHVI_COLLEGE_OF_ENGG_VILE_PARLE_WEST_MUMBAI400056_MAHARASHTRA_INDIA,PAT_01317
DR_MADHURI_PRAVIN_BORAWAKE_ASSISTANT_PROFESSOR_DEPT_OF_COMPUTER_SCIENCE_ENGG_PDEAS_COLLEGE_OF_ENGINEERING_MANJARI_HADAPSAR_PUNE411028_MAHARASHTRA_INDIA,PAT_01317
DR_SINDHU_SREE_M_ASSISTANT_PROFESSOR_ELECTRONICS_COMMUNICATION_ENGG_DEPT_ECE_DAYANANDA_SAGAR_COLLEGE_OF_ENGG_DSCE_BLOCK_NO_17_ROOM_NO_17205_KUMARASWAMY_LAYOUT_SHAVIGEMALLESHWARA_HILLS_BANGALORE_560078_KARNATAKA_INDIA,PAT_01317
DRPAVITHRAG_ASSOCIATE_PROFESSOR_ELECTRONICS_COMMUNICATION_ENGG_DEPT_ECE_DAYANANDA_SAGAR_COLLEGE_OF_ENGG_DSCE_BLOCK_NO_17_ROOM_NO_17205_KUMARASWAMY_LAYOUT_SHAVIGEMALLESHWARA_HILLS_BANGALORE_560078_KARNATAKA_INDIA,PAT_01317
SBALAMURUGAN,PAT_01318
DRBALBIR_SINGH_SAULT_COLLEGE_TORONTO_2340_DUNDAS_ST_W_SUITE_200_TORONTO_ON_M6P_4A9_CANADA_NORTH_AMERICA,PAT_01318
DRPURNENDU_SHEKHAR_PANDEY_KIET_GROUP_OF_INSTITUTIONS_ASSOCIATE_PROFESSOR_DEPARTMENT_OF_CSE_GHAZIABAD_UTTAR_PRADESH_INDIA_201206,PAT_01318
DRPOOJA_TRIPATHI_INDERPRASTHA_ENGG_COLLEGE_GHAZIABAD_UTTAR_PRADESH_201010_INDIA,PAT_01318
DRINDRAJIT_PAN_RCC_INSTITUTE_OF_INFORMATION_TECHNOLOGY_CANAL_S_RD_BELEGHATA_KOLKATA_WEST_BENGAL_700015_INDIA,PAT_01318
DR_SUBHAMITA_MUKHERJEE_TECHNO_MAIN_SALT_LAKE_EM41_SECTOR_V_SALT_LAKE_KOLKATA_PIN_700091,PAT_01318
DRSANDEEP_SAXENA_DEPARTMENT_OF_CSE_GREATER_NOIDA_INSTITUTE_OF_TECHNOLOGY_PLOT_NO_7_KNOWLEDGE_PARK_II_GREATER_NOIDA_UTTAR_PRADESH_201310,PAT_01318
AMAN_KUMAR_DEPARTMENT_OF_PHYSICS_SUSV_MEERUT_SUBHARTIPURAM_NH58_DELHIHARIDWAR_MEERUT_BYPASS_RD_MEERUT_UTTAR_PRADESH_250005,PAT_01318
DR_SHRIKRISHNA_DHAKAD_PROFESSOR_IN_THE_DEPARTMENT_OF_MECHANICAL_ENGINEERING_UITRGPV_DISTRICT_SHIVPURI_STATE_MADHYA_PRADESH_INDIA_PIN_CODE_473551,PAT_01318
RAMASAMY_V_PHD_ASSOCIATE_PROFESSOR_DEPARTMENT_OF_CSE_VEL_TECH_RANGARAJAN_DRSAGUNTHALA_RD_INSTITUTE_OF_SCIENCE_AND_TECHNOLOGY_DEEMED_TO_BE_UNIVERSITY_AVADI_CHENNAIINDIA_600_062,PAT_01318
DRCHANDAN_BANERJEE_NETAJI_SUBHASH_ENGINEERING_COLLEGE_TECHNO_CITY_GARIA_PANCHPOTA_KOLKATA_PIN700152_WEST_BENGAL_INDIA,PAT_01318
MSOWMIYA_ASSISTANT_PROFESSOR_DEPARTMENT_OF_INFORMATION_TECHNOLOGY_MKUMARASAMY_COLLEGE_OF_ENGINEERING_KARUR_THALAVAPALAYAM_TAMIL_NADU_639113_INDIA,PAT_01318
DRDPKOTHARI_EX_DIRECTOR_IIT_DELHI_EX_PRINCIPAL_VNIT_NAGPUR_CHAIRMAN_BOG_TIHRI_HYDRO_INSTITUTION_UTTRAKHAND_EX_VC_VIT_VELLORE_TIRUVALAM_RD_KATPADI_VELLORE_TAMIL_NADU_632014_INDIA,PAT_01318
DR_DHANANJAY_UPASANI_PROF_HEAD_ECE_DEPARTMENT_MIT_SCHOOL_OF_ENGG_SCIENCES_MIT_ART_DESIGN_AND_TECHNOLOGY_UNIVERSITY_RAJBAUGH_LONI_KALBHOR_SOLAPUR_HIGHWAY_NEAR_BHARAT_PETROL_PUMP_LONI_KALBHOR_RAILWAY_STATION_PUNE_412201_MAHARASHTRA_INDIA,PAT_01318
DR_SHUBHANGI_MILIND_JOSHI_ASSISTANT_PROFESSOR_ECE_DEPARTMENT_MIT_SCHOOL_OF_ENGG_SCIENCES_MIT_ART_DESIGN_AND_TECHNOLOGY_UNIVERSITY_RAJBAUGH_LONI_KALBHOR_SOLAPUR_HIGHWAY_NEAR_BHARAT_PETROL_PUMP_LONI_KALBHOR_RAILWAY_STATION_PUNE_412201_MAHARASHTRA_INDIA,PAT_01318
DR_SUHASINI_VK_PRINCIPAL_PROFESSOR_DEPT_OF_MASTER_OF_COMPUTER_APPLICATIONS_MCA_BHARATI_VIDYAPEETHS_INSTITUTE_OF_MANAGEMENT_INFORMATION_TECHNOLOGY_BVIMIT_SECTOR_8_CBD_BELAPUR_NAVIMUMBAI_400614_MAHARASHTRA_INDIA,PAT_01318
DR_KN_VIJAYKUMAR_PROFESSOR_HEAD_OF_THE_DEPT_MECHANICAL_ENGINEERING_NO_U_15_BHAKTIVEDANTA_SWAMI_RD_OPP_COOPER_HOSPITAL_NAVPADA_JVPD_SCHEME_DJ_SANGHVI_COLLEGE_OF_ENGG_VILE_PARLE_WEST_MUMBAI400056_MAHARASHTRA_INDIA,PAT_01318
DRPAVITHRAG_ASSOCIATE_PROFESSOR_ELECTRONICS_COMMUNICATION_ENGG_DEPT_ECE_DAYANANDA_SAGAR_COLLEGE_OF_ENGG_DSCE_BLOCK_NO_17_ROOM_NO_17205_KUMARASWAMY_LAYOUT_SHAVIGEMALLESHWARA_HILLS_BANGALORE_560078_KARNATAKA_INDIA,PAT_01318
DRTCMANJUNATH_PROFESSOR_HEAD_OF_THE_DEPT_ELECTRONICS_COMMUNICATION_ENGG_DEPT_ECE_DAYANANDA_SAGAR_COLLEGE_OF_ENGG_DSCE_BLOCK_NO_17_ROOM_NO_208_KUMARASWAMY_LAYOUT_SHAVIGEMALLESHWARA_HILLS_BANGALORE560078_KARNATAKA_INDIA,PAT_01318
DAYANANDA_SAGAR_COLLEGE_OF_ENGINEERING_KUMARASWAMY_LAYOUT_BANGALORE560078,PAT_01319
DAYANANDA_SAGAR_COLLEGE_OF_ENGINEERING_KUMARASWAMY_LAYOUT_BANGALORE560078,PAT_01320
DAYANANDA_SAGAR_COLLEGE_OF_ENGINEERING_KUMARASWAMY_LAYOUT_BANGALORE560078,PAT_01321
DAYANANDA_SAGAR_COLLEGE_OF_ENGINEERING_KUMARASWAMY_LAYOUT_BANGALORE560078,PAT_01322
DAYANANDA_SAGAR_COLLEGE_OF_ENGINEERING_KUMARASWAMY_LAYOUT_BANGALORE560078,PAT_01323
DAYANANDA_SAGAR_COLLEGE_OF_ENGINEERING_KUMARASWAMY_LAYOUT_BANGALORE560078,PAT_01324
DAYANANDA_SAGAR_COLLEGE_OF_ENGINEERING_KUMARASWAMY_LAYOUT_BANGALORE560078,PAT_01325
DAYANANDA_SAGAR_COLLEGE_OF_ENGINEERING_KUMARASWAMY_LAYOUT_BANGALORE560078,PAT_01326
DAYANANDA_SAGAR_COLLEGE_OF_ENGINEERING_KUMARASWAMY_LAYOUT_BANGALORE560078,PAT_01327
DAYANANDA_SAGAR_COLLEGE_OF_ENGINEERING_KUMARASWAMY_LAYOUT_BANGALORE560078,PAT_01328
DAYANANDA_SAGAR_COLLEGE_OF_ENGINEERING_KUMARASWAMY_LAYOUT_BANGALORE560078,PAT_01329
DAYANANDA_SAGAR_COLLEGE_OF_ENGINEERING_KUMARASWAMY_LAYOUT_BANGALORE560078,PAT_01330
DAYANANDA_SAGAR_COLLEGE_OF_ENGINEERING_KUMARASWAMY_LAYOUT_BANGALORE560078,PAT_01331
DAYANANDA_SAGAR_COLLEGE_OF_ENGINEERING_KUMARASWAMY_LAYOUT_BANGALORE560078,PAT_01332
DAYANANDA_SAGAR_COLLEGE_OF_ENGINEERING_KUMARASWAMY_LAYOUT_BANGALORE560078,PAT_01333
DAYANANDA_SAGAR_COLLEGE_OF_ENGINEERING_KUMARASWAMY_LAYOUT_BANGALORE560078,PAT_01334
DAYANANDA_SAGAR_COLLEGE_OF_ENGINEERING_KUMARASWAMY_LAYOUT_BANGALORE560078,PAT_01335
DAYANANDA_SAGAR_COLLEGE_OF_ENGINEERING_KUMARASWAMY_LAYOUT_BANGALORE560078,PAT_01336
DR_L_RAMESH_TIPS_COLLEGE_OF_ARTS_AND_SCIENCE,PAT_01337
DRASSHANTHI_TAMILNADU_COLLEGE_OF_ENGINEERING,PAT_01337
DRDSATHYADAYANANDA_SAGAR_COLLEGE_OF_ENGINEERING,PAT_01337
DR_M_SURESH_QIS_COLLEGE_OF_ENGINEERING_AND_TECHNOLOGY,PAT_01337
DRNSARANYA_KPR_INSTITUTE_OF_ENGINEERING_AND_TECHNOLOGY,PAT_01337
MR_SARAVANA_PRABHU_SUBRAMANIAM_KLA_INDIA_SOFTWARE_PRIVATE_LIMITED,PAT_01337
DR_JEBAKUMAR_IMMANUEL_D_SNS_COLLEGE_OF_ENGINEERING,PAT_01337
YOGESHWARI_M,PAT_01338
LALIT_KUMAR_SAGAR_LKS_SRMIST,PAT_01338
DRLINGAM_SAMPATH_BALAJI_INSTITUTE_OF_MANAGEMENT_SCIENCES,PAT_01338
MSHEMA_NEELAM_BALAJI_INSTITUTE_OF_MANAGEMENT_SCIENCES,PAT_01338
PROF_ALOK_CHAUHAN_MEERUT_INSTITUTE_OF_TECHNOLOGY,PAT_01338
DR_RUCHI_PANDEY_GGITS_JABALPUR,PAT_01338
DR_K_DEVI_DAV_AUTONOMOUS_COLLEGE,PAT_01338
DRABDULSATTAR_ABDULLAH_HAMAD_MADURAI_KAMARAJ_UNIVERSITY,PAT_01338
DR_SOURABH_KUMAR_JAIN_RESEARCH_FOUNDATION_OF_INDIA,PAT_01338
DR_DEVADUTTA_INDORIA_VIKRAM_DEB_GOVERNMENT_AUTONOMOUS_COLLEGE,PAT_01338
DRUDAYAKUMAR_DURAIRAJ_LINTON_UNIVERSITY_COLLEGE,PAT_01338
DR_TCMANJUNATH_DAYANANDA_SAGAR_COLLEGE_OF_ENGG_DSCE,PAT_01338
DR_PAVITHRA_G_DAYANANDA_SAGAR_COLLEGE_OF_ENGG_DSCE,PAT_01338
YOGESHWARI_M,PAT_01339
MOQDAD_IBRAHIM_JASSEM_UNIVERSITI_PENDIDIKAN_SULTAN_IDRIS,PAT_01339
DRNARESH_GUDURU_BALAJI_INSTITUTE_OF_TECHNOLOGY_AND_SCIENCE,PAT_01339
DRSWAPNAT_CVR_COLLEGE_OF_ENGINEERING,PAT_01339
DR_ARSALAN_MUJAHID_GHOURI_UNIVERSITI_PENDIDIKAN_SULTAN_IDRIS,PAT_01339
DR_RUCHI_PANDEY_GGITS_JABALPUR,PAT_01339
DR_DEVADUTTA_INDORIA_VIKRAM_DEB_GOVERNMENT_AUTONOMOUS_COLLEGE,PAT_01339
ALNOMAN_MUNDHER_TAYYEH_MANGALORE_UNIVERSITY,PAT_01339
DRABDULSATTAR_ABDULLAH_HAMAD_MADURAI_KAMARAJ_UNIVERSITY,PAT_01339
DR_KDEVI_DAV_AUTONOMOUS_COLLEGE,PAT_01339
DR_MAKARAND_UPADHYAYA_UNIVERSITY_OF_BAHRAIN,PAT_01339
DR_TCMANJUNATH_DAYANANDA_SAGAR_COLLEGE_OF_ENGG_DSCE,PAT_01339
DR_PAVITHRA_G_DAYANANDA_SAGAR_COLLEGE_OF_ENGG_DSCE,PAT_01339
YOGESHWARI_M,PAT_01340
LINKAN_PRIYADARSINI_KALINGA_INSTITUTE_OF_INDUSTRIAL_TECHNOLOGY,PAT_01340
DR_SHUBHASRI_KUNDU_KALINGA_INSTITUTE_OF_INDUSTRIAL_TECHNOLOGY,PAT_01340
DR_MANOJ_KUMAR_MAHARANA_KALINGA_INSTITUTE_OF_INDUSTRIAL_TECHNOLOGY,PAT_01340
AR_ARAVIND_PRINCE_SHRI_VENKATESHWARA_PADMAVATHY_ENGINEERING_COLLEGE,PAT_01340
DRSRAVIKUMAR_BSAR_CRESCENT_INSTITUTE_OF_SCIENCE,PAT_01340
DR_D_GOPINATH_SRM_INSTITUTE_OF_SCIENCE_AND_TECHNOLOGY,PAT_01340
DR_ABDUL_RAHMAN_H_MAHATMA_GANDHI_UNIVERSITY,PAT_01340
DRNOOKALA_VENU_BALAJI_INSTITUTE_OF_TECHNOLOGY_SCIENCE,PAT_01340
DRSWAPNA_T_CVR_COLLEGE_OF_ENGINEERING,PAT_01340
MRKALLEPELLI_SRIKANTH_BALAJI_INSTITUTE_OF_TECHNOLOGY_SCIENCE,PAT_01340
DR_PAVITHRA_G_DAYANANDA_SAGAR_COLLEGE_OF_ENGG_DSCE,PAT_01340
DR_TCMANJUNATH_DAYANANDA_SAGAR_COLLEGE_OF_ENGG_DSCE,PAT_01340
INGENIOUZ,PAT_01341
DR_ABHISHEK_M_BDAYANANDA_SAGAR_COLLEGE_OF_ENGINEERING,PAT_01341
MANASA_RDAYANANDA_SAGAR_COLLEGE_OF_ENGINEERING,PAT_01341
VIBHA_T_GDAYANANDA_SAGAR_COLLEGE_OF_ENGINEERING,PAT_01341
DEEKSHA_MALVAS_INSTITUTE_OF_ENGINEERING_AND_TECHNOLOGY,PAT_01341
BINDU_H_MDAYANANDA_SAGAR_COLLEGE_OF_ENGINEERING,PAT_01341
YOGESHWARI_M,PAT_01342
DRNOOKALA_VENU_BALAJI_INSTITUTE_OF_TECHNOLOGY_SCIENCE,PAT_01342
PROFSPALANIKUMAR_AMET_DEEMED_TO_BE_UNIVERSITY,PAT_01342
DRSWAPNA_T_CVR_COLLEGE_OF_ENGINEERING,PAT_01342
MRKALLEPELLI_SRIKANTH_BALAJI_INSTITUTE_OF_TECHNOLOGY_SCIENCE,PAT_01342
DRSRAVIKUMAR_BSAR_CRESCENT_INSTITUTE_OF_SCIENCE,PAT_01342
DRSKALIAPPAN_KUMARAGURU_COLLEGE_OF_TECHNOLOGY,PAT_01342
MRSBALAMURUGAN_SRI_KRISHNA_COLLEGE_OF_ENGINEERING_AND_TECHNOLOGY,PAT_01342
DR_SUMANA_B_K_MAHARANIS_WOMENS_COMMERCE_AND_MANAGEMENT_COLLEGE,PAT_01342
SIDDAPPAJIMR_SIR_M_VISVESVARAYA_INSTITUTE_OF_TECHNOLOGY,PAT_01342
DR_PAVITHRA_G_DAYANANDA_SAGAR_COLLEGE_OF_ENGG_DSCE,PAT_01342
DR_TCMANJUNATH_DAYANANDA_SAGAR_COLLEGE_OF_ENGG_DSCE,PAT_01342
YOGESHWARI_M,PAT_01343
DRNOOKALA_VENU_BALAJI_INSTITUTE_OF_TECHNOLOGY_SCIENCE,PAT_01343
DRJOSHIVINAYAKBHALACHANDRA,PAT_01343
DR_ANAMIKA_GALGOTIAS_COLLEGE_OF_ENGINEERING_AND_TECHNOLOGY,PAT_01343
GIRAJA_SHANKAR_CHAURASIA_SRM_INSTITUTE_OF_SCIENCE_TECHNOLOGY,PAT_01343
C_JEEVA_SRI_SAIRAM_ENGINEERING_COLLEGE,PAT_01343
S_GANGADHARA_T_VENKADESH_K_R_COLLEGE_OF_ARTS_SCIENCE,PAT_01343
S_SENTHILMURUGAN_SRMIST,PAT_01343
RAJAT_SRIVASTAVA_NATIONAL_UNIVERSITY_OF_SCIENCE_AND_TECHNOLOGY,PAT_01343
DRRAM_SUBBIAH_GOKARAJU_RANGARAJU_INSTITUTE_OF_ENGINEERING_AND_TECHNOLOGY,PAT_01343
DRMARKARAND_UPADHYAYA_UNIVERSITY_OF_BAHRAIN,PAT_01343
NEHA_SEHRAWAT_SGT_UNIVERSITY,PAT_01343
DR_PAVITHRA_G_DAYANANDA_SAGAR_COLLEGE_OF_ENGG_DSCE,PAT_01343
DR_TCMANJUNATH_DAYANANDA_SAGAR_COLLEGE_OF_ENGG,PAT_01343
UPPALA_SAIPRASANRAJ_JYOTHISHMATHI_INSTITUTE_OF_TECHNOLOGY_SCIENCE,PAT_01344
RAJAT_SRIVASTAVA_NATIONAL_UNIVERSITY_OF_SCIENCE_AND_TECHNOLOGY,PAT_01344
DR_RARUNBHARATHI_SRI_KRISHNA_COLLEGE_OF_ENGINEERING_AND_TECHNOLOGY,PAT_01344
MSIVARAMKRISHNAN_KARPAGAM_COLLEGE_OF_ENGINEERING,PAT_01344
DRMSIVA_RAMKUMAR_KARPAGAM_ACADEMY_OF_HIGHER_EDUCATION,PAT_01344
SAGAR_B_S_REVA_UNIVERSITY,PAT_01344
MARUTHI_GOWDA_T_REVA_UNIVERSITY,PAT_01344
JENO_PAULP_ADI_SHANKARA_INSTITUTE_OF_ENGINEERING_AND_TECHNILOGY,PAT_01344
DR_K_JEYALAKSHMI_PSNA_COLLEGE_OF_ENGINEERING_AND_TECHNOLOGY,PAT_01344
DR_SHIVAPPA_HA_DR_AMBEDKAR_INSTITUTE_OF_TECHNOLOGY,PAT_01344
DR_PAVITHRA_G_DAYANANDA_SAGAR_COLLEGE_OF_ENGG_DSCE,PAT_01344
DR_TCMANJUNATH_DAYANANDA_SAGAR_COLLEGE_OF_ENGG_DSCE,PAT_01344
FR_DRD_SUNDER_REDDYST_JOSEPHS_DEGREE_PG_COLLEGE,PAT_01345
DR_NAZIYA_HUSSAINIPS_ACADEMY,PAT_01345
DR_GOUTHAM_M_AADICHUNCHANAGIRI_INSTITUTE_OF_TECHNOLOGY,PAT_01345
DRRAVIPRAKASH_MTHE_OXFORD_COLLEGE_OF_ENGINEERING,PAT_01345
DR_CA_KISHORE_S_PESHORISMT_MITHIBAI_MOTIRAM_KUNDNANI_COLLEGE,PAT_01345
DR_RAJESH_KUMAR_PATJOSHINATIONAL_INSTITUTE_OF_SCIENCE_AND_TECHNOLOGY_AUTONOMOUS,PAT_01345
CHMH_SAIBABAKONERU_LAKSHMAIAH_EDUCATION_FOUNDATION,PAT_01345
SOUMYA_RANJAN_JENAVEL_TECH_RANGARAJAN_DRSAGUNTHALA_RD_INSTITUTE_OF_SCIENCE_TECHNOLOGY,PAT_01345
DRMPOMPAPATHIRVR_JC_COLLEGE_OF_ENGINEERING,PAT_01345
SAMPATH_KUMAR_BGM_INSTITUTE_OF_TECHNOLOGY,PAT_01345
VINIT_GUPTAMEDICAPS_UNIVERSITY_INDORE,PAT_01345
DR_PAVITHRA_GDAYANANDA_SAGAR_COLLEGE_OF_ENGG_DSCE,PAT_01345
DRJOSHIVINAYAKBHALACHANDRA,PAT_01346
MR_PAGALLA_BHAVANI_SHANKAR_UNIVERSITY_COLLEGE_OF_ENGINEERING_TECHNOLOGY_KRISHNA_UNIVERSITY,PAT_01346
DRSIDAGOUDA_PATIL_VSMS_BBA_BCA_AND_DEGREE_COLLEGE,PAT_01346
SUNEEL_C_SHINDE_KLE_SOCIETYS_KLE_COLLEGE_OF_ENGINEERING_AND_TECHNOLOGY,PAT_01346
CHIDAMBAR_JOSHI_VSMS_BBA_BCA_AND_DEGREE_COLLEGE,PAT_01346
NITIN_MUGADE_VSMS_BBA_BCA_AND_DEGREE_COLLEGE,PAT_01346
DR_MANJUNATH_M,PAT_01346
PRASANNA_M_KULKARNI,PAT_01346
PRIYANKA_D_SAVEETHA_SCHOOL_OF_ENGINEERING,PAT_01346
DRMARKARAND_UPADHYAYA_UNIVERSITY_OF_BAHRAIN,PAT_01346
DRMTHILLAINAYAKI_NEHRU_ARTS_AND_SCIENCE_COLLEGE,PAT_01346
SABARIMUTHU_M_KONGU_ENGINEERING_COLLEGE,PAT_01346
DR_PAVITHRA_G_DAYANANDA_SAGAR_COLLEGE_OF_ENGG_DSCE,PAT_01346
DR_TCMANJUNATH_DAYANANDA_SAGAR_COLLEGE_OF_ENGG_DSCE,PAT_01346
PROF_AJAY_KS_SINGHOLI_GBPANT_ENGINEERING_COLLEGE,PAT_01347
DR_RAJKUMAR_NATARAJAN_ECLERX,PAT_01347
DRG_KUMARAVEL_UNIVERSITY_OF_TECHNOLOGY_AND_APPLIED_SCIENCES_IBRI,PAT_01347
DRSKIRITHIGA,PAT_01347
ANITA_PRITAM_COLLEGE_OF_ENGINEERING_AND_TECHNOLOGY,PAT_01347
MAITRI_MALLICK_KMBB_COLLEGE_OF_ENGINEERING_AND_TECHNOLOGY,PAT_01347
DR_SHIVAPPA_HA_DR_AMBEDKAR_INSTITUTE_OF_TECHNOLOGY,PAT_01347
DR_MAKARAND_UPADHYAYA_UNIVERSITY_OF_BAHRAIN,PAT_01347
LAKSHMI_DEVADAS_ETAP_AUTOMATION_PVT_LTD,PAT_01347
JENOPAUL_P_ADI_SHANKARA_INSTITUTE_OF_ENGINEERING_AND_TECHNILOGY,PAT_01347
L_VADIVEL_KANNAN_PSNA_COLLEGE_OF_ENGINEERING_AND_TECHNOLOGY,PAT_01347
DR_PAVITHRA_G_DAYANANDA_SAGAR_COLLEGE_OF_ENGG,PAT_01347
DR_TCMANJUNATH_DAYANANDA_SAGAR_COLLEGE_OF_ENGG,PAT_01347
DR_K_ARUN_VASANTHA_GEETHAN_ST_JOSEPHS_INSTITUTE_OF_TECHNOLOGY,PAT_01348
DRDSENGENI_CK_COLLEGE_OF_ENGINEERING_AND_TECHNOLOGY,PAT_01348
DRSRIDEVI_ARUMUGAM_ADITHYA_INSTITUTE_OF_TECHNOLOGY,PAT_01348
DRLANITHAB_KARPAGAM_ACADEMY_OF_HIGHER_EDUCATION,PAT_01348
VENKATARAMANK_KGISL_INSTITUTE_OF_TECHNOLOGY,PAT_01348
RAJAT_SRIVASTAVA_UNIVERSITY_OF_PETROLEUM_AND_ENERGY_STUDIES,PAT_01348
DR_CHANDRASHEKAR_K_SJB_INSTITUTE_OF_TECH,PAT_01348
DR_SHIVAPPA_HA_DR_AMBEDKAR_INSTITUTE_OF_TECHNOLOGY,PAT_01348
DR_PAVITHRA_G_DAYANANDA_SAGAR_COLLEGE_OF_ENGG_DSCE,PAT_01348
DRIJERIN_LENO_DMI_ST_JOHN_THE_BAPTIST_UNIVERSITY,PAT_01348
DR_GLORINDAL_SELVAM_DMI_ST_JOHN_THE_BAPTIST_UNIVERSITY,PAT_01348
M_SATHISH_KUMAR_HINDUSTHAN_COLLEGE_OF_ENGINEERING_TECHNOLOGY,PAT_01348
PKAVIYA_PRIYA_HINDUSTHAN_COLLEGE_OF_ENGINEERING_AND_TECHNOLOGY,PAT_01348
TSAKTHI_SREE_HINDUSTHAN_COLLEGE_OF_ENGINEERING_AND_TECHNOLOGY,PAT_01348
SHAIK_RAHAMAT_BASHA_RAJEEV_GANDHI_MEMORIAL_COLLEGE_OF_ENGINEERING_AND_TECHNOLOGY,PAT_01349
MOQDAD_IBRAHIM_JASSEM_UNIVERSITY_PENDIDIKAN_SULTAN_IDRIS,PAT_01349
HAMEED_HASAN_KHALAF_TIKRIT_UNIVERSITY,PAT_01349
ABDULSATTAR_ABDULLAH_HAMAD_MADURAI_KAMARAJ_UNIVERSITY,PAT_01349
RAJAT_SRIVASTAVA_UNIVERSITY_OF_PETROLEUM_AND_ENERGY_STUDIES,PAT_01349
FAROOK_NEHAD_ABED_IMAM_ALADHAM_GOLLEGE,PAT_01349
DR_CHANDRASHEKAR_K_SJB_INSTITUTE_OF_TECH,PAT_01349
DR_SHIVAPPA_HA_DR_AMBEDKAR_INSTITUTE_OF_TECHNOLOGY,PAT_01349
DR_PAVITHRA_G_DAYANANDA_SAGAR_COLLEGE_OF_ENGG_DSCE,PAT_01349
DRIJERIN_LENO_DMI_ST_JOHN_THE_BAPTIST_UNIVERSITY,PAT_01349
DR_GLORINDAL_SELVAM_DMI_ST_JOHN_THE_BAPTIST_UNIVERSITY,PAT_01349
VENKATESH_R_PSNA_COLLEGE_OF_ENGINEERING_AND_TECHNOLOGY,PAT_01349
DRM_THANGAMANI_KONGU_ENGINEERING_COLLEGE,PAT_01349
DRVARULKUMAR_ASSISTANT_PROFESSOR_SRI_KRISHNA_COLLEGE_OF_ENGINEERING_AND_TECHNOLOGY,PAT_01350
DR_V_S_MANJULA_COLLEGE_OF_INFORMATICS_WOLLO_UNIVERSITY,PAT_01350
MR_A_RANJITH_ST_JOSEPH_UNIVERSITY_IN_TANZANIA,PAT_01350
MRSAROCKIA_JAYADHAS_JOSEPH_UNIVERSITY_IN_TANZANIA,PAT_01350
DR_SHASHI_RAJ_K_DAYANANDA_SAGAR_COLLEGE_OF_ENGINEERING,PAT_01350
DR_PRAKASH_KURAVATTI_ATME_COLLEGE_OF_ENGINEERING,PAT_01350
DR_N_P_G_BHAVANISAVEETHA_SCHOOL_OF_ENGINEERING,PAT_01351
MR_T_CH_ANIL_KUMARVFSTR_DEEMED_TO_BE_UNIVERSITY,PAT_01351
MR_HAQQANI_ARSHADYANBU_INDUSTRIAL_COLLEGE,PAT_01351
DR_PRATHIK_JAIN_SDAYANANDA_SAGAR_COLLEGE_OF_ENGINEERING,PAT_01351
PROF_PRERANA_CHAITHRAVISVESWARAYA_TECHNOLOGICAL_UNIVERSITY,PAT_01351
DR_SHANTHARAM_NAYAKVISVESWARAYA_TECHNOLOGICAL_UNIVERSITY,PAT_01351
DRAKSHAVENI_GBMSITM,PAT_01351
VASANTHAMMA_HPROUDHADEVARAYA_INSTITUTE_OF_TECHNOLOGY,PAT_01351
SHAHIDA_BEGUMPDIT,PAT_01351
MANJULA_S_DEVARGAONPROUDHADEVARAYA_INSTITUTE_OF_TECHNOLOGY,PAT_01351
DR_KIRANKUMAR_Y_BENDIGERIBASAVESHWAR_ENGINEERING_COLLEGE_AUTONOMOUS,PAT_01351
DR_SANTOSH_B_KUMBALAVATIBASAVESHWAR_ENGINEERING_COLLEGE_AUTONOMOUS,PAT_01351
VADDEMPUDI_KOTESWARA_RAOPRAKASAM_ENGINEERING_COLLEGE,PAT_01352
DR_PAVAN_TEJASVI_TDR_AMBEDKAR_INSTITUTE_OF_TECHNOLOGY,PAT_01352
DR_RANJITH_V_DR_AMBEDKAR_INSTITUTE_OF_TECHNOLOGY,PAT_01352
DRKARTHIK_RAJ_K_VSJB_INSTITUTE_OF_TECHNOLOGY,PAT_01352
DR_BHANUPRATAP_RDR_AMBEDKAR_INSTITUTE_OF_TECHNOLOGY,PAT_01352
DR_SIDRAMSRI_JAYACHAMARAJENDRA_COLLEGE_OF_ENGINEERING,PAT_01352
DR_BHARATH_V_GCMR_UNIVERSITY,PAT_01352
SURESH_PDAYANANDA_SAGAR_COLLEGE_OF_ENGINEERING,PAT_01352
ABHINANDAN_SARKARSHREE_RAMKRISHNA_INSTITUTE_OF_SCIENCE_AND_TECHNOLOGY,PAT_01352
DR_LALIT_S_THAKURPARUL_UNIVERSITY,PAT_01352
ABHINAV_SAMRITA_VISWA_VIDYAPEETM,PAT_01352
DRHASAN_KOTENISTANBUL_MEDENIYET_UNIVERSITY,PAT_01352
DR_SURESH_KUMAR_AGARWALINTERNATIONAL_INSTITUTE_OF_LIFESTYLE_MANAGEMENT,PAT_01353
S_HEMA_PRIYADARSHINI_DAYANANDA_SAGAR_COLLEGE_OF_ENGINEERING,PAT_01353
DR_NEELIMA_PRIYANKA_NUTULAPATISRK_INSTITUTE_OF_TECHNOLOGY,PAT_01353
DR_CATHERINE_T_JRMK_COLLEGE_OF_ENGINEERING_AND_TECHNOLOGY,PAT_01353
AKSHATHA_HARI_BHATVIDYALANKAR_INSTITUTE_OF_TECHNOLOGY,PAT_01353
MR_SP_COWSIGANKPR_INSTITUTE_OF_ENGINEERING_AND_TECHNOLOGY,PAT_01353
PRAFUL_NANDANKARGOVERNMENT_ENGINEERING_COLLEGE,PAT_01353
MR_T_CH_ANIL_KUMARVFSTR_DEEMED_TO_BE_UNIVERSITY,PAT_01353
MR_HAQQANI_ARSHADYANBU_INDUSTRIAL_COLLEGE,PAT_01353
DR_BHAGYASHREE_AMBORECAMBRIDGE_INSTITUTE_OF_TECHNOLOGY,PAT_01353
DR_HARSHITA_VACHHANIPRATIBHA_COLLEGE_OF_COMMERCE_AND_COMPUTER_STUDIES,PAT_01353
KHALLIKKUNAISAHKBK_COLLEGE_OF_ENGINEERING,PAT_01353
RAJESH_A_SMAHARAJA_INSTITUTE_OF_ENGINEERING,PAT_01353
DAYANANDA_SAGAR_COLLEGE_OF_ENGINEERING,PAT_01354
DAYANANDA_SAGAR_COLLEGE_OF_ENGINEERING,PAT_01355
DAYANANDA_SAGAR_COLLEGE_OF_ENGINEERING,PAT_01356
DAYANANDA_SAGAR_COLLEGE_OF_ENGINEERING,PAT_01357
DAYANANDA_SAGAR_COLLEGE_OF_ENGINEERING,PAT_01358
DAYANANDA_SAGAR_COLLEGE_OF_ENGINEERING,PAT_01359
KAVITHA_K,PAT_01359
AATHIRA_ANIL,PAT_01359
NANDINI_B_J,PAT_01359
PAVAN_NAIK_C,PAT_01359
VINOD_N_K,PAT_01359
DAYANANDA_SAGAR_COLLEGE_OF_ENGINEERING,PAT_01360
DAYANANDA_SAGAR_COLLEGE_OF_ENGINEERING,PAT_01361
DAYANANDA_SAGAR_COLLEGE_OF_ENGINEERING,PAT_01362
DAYANANDA_SAGAR_COLLEGE_OF_ENGINEERING,PAT_01363
DAYANANDA_SAGAR_COLLEGE_OF_ENGINEERING,PAT_01364
GONAGOOR_TECHNOLOGY_SOLUTIONS_PRIVATE_LIMITED,PAT_01364
DAYANANDA_SAGAR_COLLEGE_OF_ENGINEERING,PAT_01365
GONAGOOR_TECHNOLOGY_SOLUTIONS_PRIVATE_LIMITED,PAT_01365
GONAGOOR_TECHNOLOGY_SOLUTIONS_PVT_LIMITED,PAT_01366
DAYANANDA_SAGAR_COLLEGE_OF_ENGINEERING,PAT_01366
GONAGOOR_TECHNOLOGY_SOLUTIONS_PVT_LIMITED,PAT_01367
DAYANANDA_SAGAR_COLLEGE_OF_ENGINEERING,PAT_01367
DAYANANDA_SAGAR_COLLEGE_OF_ENGINEERING_BENGALURU,PAT_01368
DAYANANDA_SAGAR_COLLEGE_OF_ENGINEERING,PAT_01369
DAYANANDA_SAGAR_COLLEGE_OF_ENGINEERING,PAT_01370
DAYANANDA_SAGAR_COLLEGE_OF_ENGINEERING,PAT_01371
MS_NAGARATHNAMMA_K_G,PAT_01371
DR_SOWMYA_K,PAT_01371
DR_RADHA_GUPTA,PAT_01371
MS_KOMALA_C_S,PAT_01371
MS_PADMAJA_C,PAT_01371
MS_SAVITHRI_H,PAT_01371
DR_D_R_SASIREKHA,PAT_01371
DR_CHITRA_RAMAPRAKASH,PAT_01371
MS_YAMUNA_B,PAT_01371
DR_AMRUTHA_LAKSHMI,PAT_01371
MS_SANDRA_JASTIN,PAT_01371
DAYANANDA_SAGAR_COLLEGE_OF_ENGINEERING,PAT_01372
DAYANANDA_SAGAR_COLLEGE_OF_ENGINEERING,PAT_01373
DAYANANDA_SAGAR_COLLEGE_OF_ENGINEERING,PAT_01374
DR_RADHA_GUPTA,PAT_01374
DAYANANDA_SAGAR_COLLEGE_OF_ENGINEERING_BENGALURU,PAT_01375
DAYANANDA_SAGAR_COLLEGE_OF_ENGINEERING,PAT_01376
DAYANANDA_SAGAR_COLLEGE_OF_ENGINEERING,PAT_01377
DAYANANDA_SAGAR_COLLEGE_OF_ENGINEERING,PAT_01378
DAYANANDA_SAGAR_COLLEGE_OF_ENGINEERING_BENGALURU,PAT_01379
DAYANANDA_SAGAR_COLLEGE_OF_ENGINEERING,PAT_01380
IIT_BHILAI_INNOVATION_AND_TECHNOLOGY_FOUNDATION,PAT_01381
DAYANANDA_SAGAR_ENTREPRENEURSHIP_RESEARCH_AND_BUSINESS_INCUBATION_DERBI_FOUNDATION,PAT_01381
DAYANANDA_SAGAR_COLLEGE_OF_ENGINEERING,PAT_01381
DAYANANDA_SAGAR_COLLEGE_OF_ENGINEERING,PAT_01382
DAYANANDA_SAGAR_COLLEGE_OF_ENGINEERING,PAT_01383
DAYANANDA_SAGAR_COLLEGE_OF_ENGINEERING,PAT_01384
DAYANANDA_SAGAR_COLLEGE_OF_ENGINEERING,PAT_01385
DAYANANDA_SAGAR_COLLEGE_OF_ENGINEERING,PAT_01386
P_KAMALESWARI,PAT_01387
CMR_INSTITUTE_OF_TECHNOLOGY,PAT_01387
PRATIMA_RANI_JENA,PAT_01388
CMR_INSTITUTE_OF_TECHNOLOGY_BANGALORE,PAT_01388
DRKRAJALAKSHMI,PAT_01389
DRILANGO_VELCHAMY,PAT_01389
CMR_INSTITUTE_OF_TECHNOLOGY,PAT_01389
JASWANTH_SINGH,PAT_01389
DRVRUMA,PAT_01389
DRKRAJALAKSHMI,PAT_01390
DRILANGO_VELCHAMY,PAT_01390
CMR_INSTITUTE_OF_TECHNOLOGY,PAT_01390
JASWANTH_SINGH,PAT_01390
DRVRUMA,PAT_01390
RAMDAS_BALAN,PAT_01391
SUDARSHANA_RAMAN,PAT_01391
ANITHA_AZHAGAN_GANAPATHI,PAT_01391
CMR_INSTITUTE_OF_TECHNOLOGY_BENGALURU_560037,PAT_01391
RAMANARAO_VENKATA_JAKKA,PAT_01392
J_VAKULA_RANI,PAT_01392
AISHWARYA_JAKKA,PAT_01392
ANVITHA,PAT_01392
CMR_INSTITUTE_OF_TECHNOLOGY,PAT_01392
MOUMITA_ROY,PAT_01393
HARSHITHA_G,PAT_01393
CMR_INSTITUTE_OF_TECHNOLOGY,PAT_01393
POOJA_SHRIVASTAV,PAT_01394
CMR_INSTITUTE_OF_TECHNOLOGY,PAT_01394
VARSHA_PAWAR,PAT_01394
MOUMITA_ROY,PAT_01395
GOVIND_DADASAHEB_AGASAR,PAT_01395
CMR_INSTITUTE_OF_TECHNOLOGY,PAT_01395
R_VASUGI,PAT_01396
CMR_INSTITUTE_OF_TECHNOLOGY,PAT_01396
LILLY_ROSELINE_MARY_J,PAT_01396
DR_J_GUL_SHAIRA_BANU,PAT_01396
DR_SENTHILKUMAR_K_T,PAT_01396
P_KAMALESWARI,PAT_01396
DR_R_ELAVARASI,PAT_01396
NOVY_JACOB,PAT_01397
MR_RACHIT_JOSEPH,PAT_01397
MS_NAYANA_R,PAT_01397
MR_PARAM_RAVAL,PAT_01397
MR_M_CHAKRADHAR_REDDY,PAT_01397
MR_ARYA_ABHAS,PAT_01397
MS_SMRUTI_R,PAT_01397
MS_SREETHU_S,PAT_01397
MS_NIKITA_SAMEER_PRABHUDESAI,PAT_01397
CMR_INSTITUTE_OF_TECHNOLOGY,PAT_01397
KESAVAMOORTHY_R,PAT_01398
JAYANTHI,PAT_01398
SAKKARAVARTHI_S,PAT_01398
M_ANINDITA,PAT_01398
MUDUNURI_SHRILEKHA,PAT_01398
MUSFIRA_RAIHAN,PAT_01398
DR_RAJA_M,PAT_01398
CMR_INSTITUTE_OF_TECHNOLOGY_BENGALURU,PAT_01398
SHIKSHA,PAT_01399
CMR_INSTITUTE_OF_TECHNOLOGY,PAT_01399
RAKSHITHA_J,PAT_01399
JYOTHIKA_R,PAT_01399
NIHARIKA_KIRADOO,PAT_01399
MOHAMMED_HASSAN,PAT_01399
SREELIYA_S,PAT_01399
ANASWARA_VENUNADH,PAT_01400
SUSHEELAMMA_K_H,PAT_01400
AARYA_B,PAT_01400
AASTHA_RAI,PAT_01400
AKSHATA_SHASTRI,PAT_01400
ANANYA_VERMA,PAT_01400
CMR_INSTITUTE_OF_TECHNOLOGY,PAT_01400
PROF_BRIJESH_SINGH,PAT_01401
CMR_INSTITUTE_OF_TECHNOLOGY,PAT_01401
DR_ANJU_SHUKLA,PAT_01401
DR_ABILASHA_N,PAT_01401
DR_SHRUTI_TRAYMBAK,PAT_01401
DR_M_SUREKHA,PAT_01401
MRS_P_R_MADHU_SHREE,PAT_01401
PROF_BRIJESH_SINGH,PAT_01402
CMR_INSTITUTE_OF_TECHNOLOGY,PAT_01402
MRS_P_R_MADHU_SHREE,PAT_01402
DR_RANI_ANTHONY_RAJ,PAT_01402
DR_SHRUTHI_K,PAT_01402
DR_RAGA_JYOTHI,PAT_01402
PROF_PARNAPALLI_PUSHPANJALI,PAT_01402
MRS_K_KRISHNA_VENI,PAT_01402
ROMA_ABHAY_KUDALE,PAT_01403
AMULYA_R,PAT_01403
AKSHATA_UNDRI,PAT_01403
LAKSHITHA_S_R,PAT_01403
J_JESSICA_MARIS,PAT_01403
CMR_INSTITUTE_OF_TECHNOLOGY,PAT_01403
RENCITA_MARIA_COLACO,PAT_01404
CMR_INSTITUTE_OF_TECHNOLOGY,PAT_01404
NOVY_JACOB,PAT_01405
MOHAMED_AQEEB,PAT_01405
NIHA_MUSKAAN_SHARIEF,PAT_01405
RAMESH_V,PAT_01405
PAVAN_BHAT_G,PAT_01405
CMR_INSTITUTE_OF_TECHNOLOGY,PAT_01405
BALAJI_C,PAT_01406
DR_D_PRATHAP,PAT_01406
MR_OBULASETTY_NAVANEETH,PAT_01406
CMR_INSTITUTE_OF_TECHNOLOGY,PAT_01406
MAHANTESH_SUBHASH_HINGLAJE,PAT_01407
CMR_INSTITUTE_OF_TECHNOLOGY,PAT_01407
JYOTHI_A_M,PAT_01407
PRASHANTH_B,PAT_01407
KAVITA_PERMI,PAT_01407
SHIVAKUMAR_B_N,PAT_01407
CMR_INSTITUTE_OF_TECHNOLOGY_BENGALURU,PAT_01408
JAYANTHI_N,PAT_01408
KESAVAMOORTHY_R,PAT_01408
ABHINAV_GADDE,PAT_01408
ABHINAV_PV,PAT_01408
ABHISHEK_A,PAT_01408
AJITESH_KUMARA,PAT_01408
ASHUTOSH_SHUKLA,PAT_01408
NAVANEETHA_M,PAT_01409
CMR_INSTITUTE_OF_TECHNOLOGY,PAT_01409
SRIDEVI_S,PAT_01410
PAPPA_M,PAT_01410
DHANUSH_S_N,PAT_01410
SHARMILA_K_P,PAT_01410
MEENAKSHI_R_PATIL,PAT_01410
CMR_INSTITUTE_OF_TECHNOLOGY,PAT_01410
SACHIN_ARALIKATTI,PAT_01411
DR_SRIDEVI_S,PAT_01411
MEENAKSHI_PATIL,PAT_01411
AKARSH_P,PAT_01411
VARUN_N,PAT_01411
MAHESH_P,PAT_01411
MANOHAR_K_REDDY,PAT_01411
GANESH_S,PAT_01411
NANDAN_K,PAT_01411
SHREYAS_M,PAT_01411
CMR_INSTITUTE_OF_TECHNOLOGY,PAT_01411
PUNEETH_KUMAR_N,PAT_01412
VENKATESH_NAIK,PAT_01412
CMR_INSTITUTE_OF_TECHNOLOGY,PAT_01412
VARSHA_PAWAR,PAT_01413
CMR_INSTITUTE_OF_TECHNOLOGY,PAT_01413
MOUMITA_ROY,PAT_01414
CMR_INSTITUTE_OF_TECHNOLOGY,PAT_01414
VARSHA_BRAHMKHATRI,PAT_01415
PADMAVATHI_VADAKKATA,PAT_01415
CMR_INSTITUTE_OF_TECHNOLOGY,PAT_01415
SRIDEVI_S,PAT_01416
CHARAN_RAJ_JK,PAT_01416
ABHISHEK_P,PAT_01416
ADAM_NABEEL,PAT_01416
A_MOHAMMED_MUDDASIR,PAT_01416
ABDUL_BASID,PAT_01416
AKASH_R,PAT_01416
DARSHAN_M,PAT_01416
DRMEENAKSHI_R_PATIL,PAT_01416
CMR_INSTITUTE_OF_TECHNOLOGY,PAT_01416
DR_S_SEETHA,PAT_01417
CMR_INSTITUTE_OF_TECHNOLOGY,PAT_01417
RAMANARAO_VENKATA_JAKKA,PAT_01418
VAKULA_RANI_J,PAT_01418
AISHWARYA_JAKKA,PAT_01418
CMR_INSTITUTE_OF_TECHNOLOGY,PAT_01418
VEDANT_VIJAY_GURAV,PAT_01418
RAMANARAO_VENKATA_JAKKA,PAT_01419
VAKULA_RANI_J,PAT_01419
AISHWARYA_JAKKA,PAT_01419
VINUTHA_Y_N,PAT_01419
SUDEEP_S,PAT_01419
NISARGA_N,PAT_01419
CMR_INSTITUTE_OF_TECHNOLOGY,PAT_01419
VARSHA_BRAHMKHATRI,PAT_01420
UMA_RAJU,PAT_01420
CMR_INSTITUTE_OF_TECHNOLOGY,PAT_01420
ASHUTOSH_SRIVASTAVA,PAT_01421
CMR_INSTITUTE_OF_TECHNOLOGY,PAT_01421
DR_VENKATESWARAN_K,PAT_01421
RDHIVYA,PAT_01422
CMR_INSTITUTE_OF_TECHNOLOGY,PAT_01422
DRROHINI_V,PAT_01422
DAYA_RAMESHBHAI_THUMMAR,PAT_01423
MOUMITA_ROY,PAT_01423
CMR_INSTITUTE_OF_TECHNOLOGY,PAT_01423
ANASWARA_VENUNADH,PAT_01424
SAJAL_KUMAR,PAT_01424
UTKARSH_SHARMA,PAT_01424
VIJAY_SHANKAR,PAT_01424
SAMEER_KHAN,PAT_01424
SUSHANT_DHAKAL,PAT_01424
TANMAY_RAJ,PAT_01424
CMR_INSTITUTE_OF_TECHNOLOGY,PAT_01424
POOJA_SHRIVASTAV,PAT_01425
CMR_INSTITUTE_OF_TECHNOLOGY,PAT_01425
AASHITA_SRIVASTAVA,PAT_01425
JAYASHREE_M,PAT_01426
CMR_INSTITUTE_OF_TECHNOLOGY,PAT_01426
DR_SURUCHI_SABHERWAL,PAT_01427
DR_APOORVI_SOOD,PAT_01427
MEGHNA_SHARMA,PAT_01427
CMR_INSTITUTE_OF_TECHNOLOGY,PAT_01427
S_ABHINAV,PAT_01428
NOVY_JACOB,PAT_01428
SANNAREDDY_HEMANTH,PAT_01428
SAI_NAGA_ABHINAY_DEVULAPALLI,PAT_01428
HIMASREE_PANKU,PAT_01428
AMRITA_TIWARI,PAT_01428
CMR_INSTITUTE_OF_TECHNOLOGY,PAT_01428
RENCITA_MARIA_COLACO,PAT_01429
CMR_INSTITUTE_OF_TECHNOLOGY_BENGALURU,PAT_01429
ANASWARA_VENUNADH,PAT_01430
CMR_INSTITUTE_OF_TECHNOLOGY,PAT_01430
ASHUTOSH_SRIVASTAVA,PAT_01431
NANDINI_RAO_G,PAT_01431
CMR_INSTITUTE_OF_TECHNOLOGY,PAT_01431
DR_NIRANJAN_L,PAT_01432
NOVY_JACOB,PAT_01432
NAVYA_VK,PAT_01432
MR_NAVEEN_KUMAR_V_G,PAT_01432
MS_R_SUJATHA,PAT_01432
MS_RENJU_PANICKER,PAT_01432
MS_EPAVITHRA,PAT_01432
MS_KSANGEETHA,PAT_01432
CMR_INSTITUTE_OF_TECHNOLOGY,PAT_01432
DR_NIRANJAN_L,PAT_01433
VIJAYALAKSHMI,PAT_01433
CMR_INSTITUTE_OF_TECHNOLOGY,PAT_01433
CMR_INSTITUTE_OF_TECHNOLOGY,PAT_01434
P_SUSHEELKUMAR_S,PAT_01434
ASHUTOSH_SRIVASTAVA,PAT_01434
CMR_INSTITUTE_OF_TECHNOLOGY,PAT_01435
DR_RICHA_TENGSHE,PAT_01435
MEENAKSHI_PATIL,PAT_01435
DR_SRIDEVI_S,PAT_01435
LAVADEEP_KUMAR_TIWARI,PAT_01435
RISHI_DHAR_MISHRA,PAT_01435
RDHIVYA,PAT_01436
CMR_INSTITUTE_OF_TECHNOLOGY,PAT_01436
ANASWARA_VENUNADH,PAT_01437
SUSHEELAMMA_K_H,PAT_01437
CMR_INSTITUTE_OF_TECHNOLOGY,PAT_01437
DR_K_M_RAVIKUMAR,PAT_01437
ANASWARA_VENUNADH,PAT_01438
SUSHEELAMMA_K_H,PAT_01438
CMR_INSTITUTE_OF_TECHNOLOGY,PAT_01438
DR_K_M_RAVIKUMAR,PAT_01438
MR_BALAKRISHNA_KANCHERLA,PAT_01439
MRS_JYOTHSNA_DEVI_KUCHIPUDI,PAT_01439
VIJAYASANTHI_M,PAT_01439
CMR_INSTITUTE_OF_TECHNOLOGY,PAT_01439
DR_PARTHIBAN_KG,PAT_01439
MR_LALIT_CHOWDHURY,PAT_01439
KRISHNA_PRIYA_M_S,PAT_01439
DR_H_NIROSHINI_INFANTIA,PAT_01439
VARSHA_BRAHMKHATRI,PAT_01440
CMR_INSTITUTE_OF_TECHNOLOGY,PAT_01440
PARTHASARATHY_P,PAT_01441
VENKATESH_M,PAT_01441
CMR_INSTITUTE_OF_TECHNOLOGY,PAT_01441
PARTHASARATHY_P,PAT_01442
CMR_INSTITUTE_OF_TECHNOLOGY,PAT_01442
VARSHA_BRAHMKHATRI,PAT_01443
CMR_INSTITUTE_OF_TECHNOLOGY,PAT_01443
PRANITA_RANANAWARE,PAT_01443
DR_DEEPAK_SRIVASTAVA,PAT_01444
DR_KAVITA_SRIVASTAVA,PAT_01444
MR_K_ABHIJITH_SARALAYA,PAT_01444
DR_R_PUGALENTHI,PAT_01444
DR_ANIL_KUMAR,PAT_01444
CMR_INSTITUTE_OF_TECHNOLOGY_BANGALORE,PAT_01444
DR_AISHA_SIDDEKHA,PAT_01444
SHAILENDRA_BARANIYA,PAT_01445
CMR_INSTITUTE_OF_TECHNOLOGY,PAT_01445
RAJESH_GOPAL,PAT_01446
CMR_INSTITUTE_OF_TECHNOLOGY,PAT_01446
VENKATESH_NAIK,PAT_01447
SHIVAKUMARA_M_J,PAT_01447
CMR_INSTITUTE_OF_TECHNOLOGY,PAT_01447
RAJESH_GOPAL,PAT_01448
CMR_INSTITUTE_OF_TECHNOLOGY,PAT_01448
KESAVAMOORTHY_R,PAT_01449
DR_V_ANUSUYA,PAT_01449
SAKKARAVARTHI_S,PAT_01449
SAMEER_SINGH,PAT_01449
ANIKET_RITAM,PAT_01449
DR_RAJA_M,PAT_01449
V_RAJESH_KUMAR,PAT_01449
CMR_INSTITUTE_OF_TECHNOLOGY_BENGALURU,PAT_01449
ILANGO_VELCHAMY,PAT_01450
RAJALAKSHMI_K,PAT_01450
CMR_INSTITUTE_OF_TECHNOLOGY,PAT_01450
KARTHICK_P,PAT_01450
MUTHAKSHI_S,PAT_01450
GEETHA_N,PAT_01450
PALANI_JAGADISHWARI,PAT_01451
CMR_INSTITUTE_OF_TECHNOLOGY,PAT_01451
KESAVAMOORTHY_R,PAT_01452
LYNSHA_HELENA_PRATHEEBA_HP,PAT_01452
ADITYA_UMESH_UPADHYAY,PAT_01452
HARSH_RAJ,PAT_01452
AFFAN,PAT_01452
V_RAJESH_KUMAR,PAT_01452
CMR_INSTITUTE_OF_TECHNOLOGY_BENALURU,PAT_01452
KESAVAMOORTHY_R,PAT_01453
DR_N_JAYANTHI,PAT_01453
SINCHANA_S_D,PAT_01453
SHRUTI_JAYASWAL,PAT_01453
SAMPADA_R_DESAI,PAT_01453
CMR_INSTITUTE_OF_TECHNOLOGY_BENGALURU,PAT_01453
KESAVAMOORTHY_R,PAT_01454
DR_KAVITHA_P,PAT_01454
CMR_INSTITUTE_OF_TECHNOLOGY_BENGALURU,PAT_01454
KESAVAMOORTHY_R,PAT_01455
AKSHITA_R,PAT_01455
DEVESH_BARDIA,PAT_01455
AAROGYA_OJHA,PAT_01455
DR_SREEKANTH_M_PRABHU,PAT_01455
CMR_INSTITUTE_OF_TECHNOLOGY_BENGALURU,PAT_01455
SRIDEVI_S,PAT_01456
PAPPA_M,PAT_01456
MEENAKSHI_R_PATIL,PAT_01456
CHARAN_B,PAT_01456
MAHADEVAN_M,PAT_01456
MONEESH_L,PAT_01456
PARVATH_J,PAT_01456
BHANUTEJ_B_R,PAT_01456
BASAVAKIRAN_ALOORE,PAT_01456
D_ADITYA,PAT_01456
CMR_INSTITUTE_OF_TECHNOLOGY,PAT_01456
ASHUTOSH_SRIVASTAVA,PAT_01457
DR_VENKATESWARAN_K,PAT_01457
CMR_INSTITUTE_OF_TECHNOLOGY,PAT_01457
SENTHIL_VELAN_SUGANANTHAM,PAT_01458
CMR_INSTITUTE_OF_TECHNOLOGY,PAT_01458
MS_VISALINI_S,PAT_01458
MS_VIDHYA_S,PAT_01458
MS_DIANA_A,PAT_01458
MS_SANDYARANI_VADLAMUDI,PAT_01458
SRIDEVI_S,PAT_01459
JAYAJEVAA_N,PAT_01459
DEEKSHA_SR,PAT_01459
CMR_INSTITUTE_OF_TECHNOLOGY,PAT_01459
MEENAKSHI_PATIL,PAT_01460
DR_ELUMALAI_R,PAT_01460
PRADEEP_KUMAR,PAT_01460
PRIYANKA_PRIYA,PAT_01460
POOJA_D,PAT_01460
NAVYA_VINOD,PAT_01460
CHANDANA_L,PAT_01460
CHETTUSHANMUKA_PRIYA,PAT_01460
NEERAJ_KUMAR,PAT_01460
CMR_INSTITUTE_OF_TECHNOLOGY,PAT_01460
KISHORE_K_V,PAT_01461
CMR_INSTITUTE_OF_TECHNOLOGY,PAT_01461
ILANGO_VELCHAMY,PAT_01462
RAMESH_P,PAT_01462
CMR_INSTITUTE_OF_TECHNOLOGY,PAT_01462
MANISH_M,PAT_01462
KAMAL_JR,PAT_01462
KAVITHA_M,PAT_01462
ROSHAN_RATHOD,PAT_01462
ATYAM_NAGESWARA_RAO,PAT_01463
DR_UMA_LAKSHMI,PAT_01463
DR_SELVAM_JESIAH,PAT_01463
N_KAVI_PRIYA,PAT_01463
CMR_INSTITUTE_OF_TECHNOLOGY_BANGALORE,PAT_01463
KESAVAMOORTHY_R,PAT_01464
SSOLAI_MANOHAR,PAT_01464
SYED_FAIZAN,PAT_01464
SHEIKH_REYAN_AHMAD,PAT_01464
SHRADHA_AGARWAL,PAT_01464
BHUMIKA_ATAVALIGI,PAT_01464
SATHYA_T,PAT_01464
DR_RAJA_M,PAT_01464
CMR_INSTITUTE_OF_TECHNOLOGY_BENGALURU,PAT_01464
MEENAKSHI_PATIL,PAT_01465
DR_NAGESWARA_RAO_ATYAM,PAT_01465
CMR_INSTITUTE_OF_TECHNOLOGY,PAT_01465
ATYAM_NAGESWARA_RAO,PAT_01466
DR_VIJAYAPRIYA_P,PAT_01466
MR_THAMILMARAN_A,PAT_01466
DR_POOMPAVAI,PAT_01466
CMR_INSTITUTE_OF_TECHNOLOGY,PAT_01466
KESAVAMOORTHY_R,PAT_01467
SHUBHA_RAO_ANAND,PAT_01467
S_ESHA,PAT_01467
SHRESTHA_RAJ,PAT_01467
SREEPRIYA_PASIKANTI,PAT_01467
DR_RAJA_M,PAT_01467
V_RAJESH_KUMAR,PAT_01467
CMR_INSTITUTE_OF_TECHNOLOGY_BENGALURU,PAT_01467
KESAVAMOORTHY_R,PAT_01468
RITESH_KUMAR_SINGH,PAT_01468
RISHABH_KUMAR_PATEL,PAT_01468
RITIK_RAJ,PAT_01468
DR_RAJA_M,PAT_01468
CMR_INSTITUTE_OF_TECHNOLOGY_BENGALURU,PAT_01468
ASHWINI_PARASHURAM_PATIL,PAT_01469
VARSHA_PAWAR,PAT_01469
CMR_INSTITUTE_OF_TECHNOLOGY,PAT_01469
KESAVAMOORTHY_R,PAT_01470
ANSHIKA_SHUKLA,PAT_01470
SHREYAS_P,PAT_01470
LEKHA_REDDY_D,PAT_01470
V_RAJESH_KUMAR,PAT_01470
MADHUMITHA_G,PAT_01470
CMR_INSTITUTE_OF_TECHNOLOGY,PAT_01470
MEENAKSHI_PATIL,PAT_01471
RICHA_TENGSHE,PAT_01471
DEEKSHITHA_S,PAT_01471
DEVYASHREE_MENON,PAT_01471
CMR_INSTITUTE_OF_TECHNOLOGY,PAT_01471
POOJA_SHRIVASTAV,PAT_01472
CMR_INSTITUTE_OF_TECHNOLOGY,PAT_01472
AASHITA_SRIVASTAVA,PAT_01472
ANANTH_KUMAR_MS,PAT_01473
SUSMITHA_ALAMURU,PAT_01473
PSOWGANDHIKA,PAT_01473
NELLUTLA_SASIKALA,PAT_01473
CMR_INSTITUTE_OF_TECHNOLOGY,PAT_01473
KESAVAMOORTHY_R,PAT_01474
ANUSHA_M,PAT_01474
SAKKARAVARTHI_S,PAT_01474
DR_V_ANUSUYA,PAT_01474
DR_RAJA_M,PAT_01474
ADITI,PAT_01474
LAKSHMI_RAJEEV,PAT_01474
KAVYA_MANNE,PAT_01474
V_RAJESH_KUMAR,PAT_01474
CMR_INSTITUTE_OF_TECHNOLOGY_BENGALURU,PAT_01474
SUGUNADEVI_C,PAT_01475
ARVIND_R,PAT_01475
CMR_INSTITUTE_OF_TECHNOLOGY,PAT_01475
PARTHASARATHY_P,PAT_01476
MANJUNATH_V_GUDUR,PAT_01476
CMR_INSTITUTE_OF_TECHNOLOGY,PAT_01476
VISHAL_BHAKARE,PAT_01476
VIVEK_HUDDAR,PAT_01476
RANOJI_G_Y,PAT_01476
VISHAL,PAT_01476
ASHWINI_PARASHURAM_PATIL,PAT_01477
CMR_INSTITUTE_OF_TECHNOLOGY,PAT_01477
ANIKET_RITAM,PAT_01478
SAMEER_SINGH,PAT_01478
NAVANEETHA_M,PAT_01478
CMR_INSTITUTE_OF_TECHNOLOGY,PAT_01478
PARTHASARATHY_P,PAT_01479
DR_PRADEEP_KUMAR_MALLAIAH,PAT_01479
CMR_INSTITUTE_OF_TECHNOLOGY_BENGALURU,PAT_01479
SAVITHA_N_J,PAT_01480
JYOTHI_N_M,PAT_01480
CMR_INSTITUTE_OF_TECHNOLOGY_BENGALURU,PAT_01480
SMITHA_N,PAT_01481
DR_TANUJA_R,PAT_01481
CMR_INSTITUTE_OF_TECHNOLOGY,PAT_01481
MEENAKSHI_PATIL,PAT_01482
PRATHAM_SINHA,PAT_01482
ANAGHA_SRINIVAS,PAT_01482
PRAJWAL_N_G,PAT_01482
RISHAB_PREEJESH,PAT_01482
R_RAMYA,PAT_01482
S_VAISHNAV,PAT_01482
SATHVIKA_H_U,PAT_01482
R_K_RAMYA,PAT_01482
HARSHA_DIWAKAR,PAT_01482
CMR_INSTITUTE_OF_TECHNOLOGY_BENGALURU,PAT_01482
M_VIJAYASANTHI,PAT_01483
SURUCHI_SABHERWAL,PAT_01483
AKANKSHA_AKULWAR,PAT_01483
SHAIK_MOHAMMED_MUKASSIR,PAT_01483
DR_PRASANNA_KUMAR,PAT_01483
DR_SUNIL_GAEKWAD,PAT_01483
DR_VIKRAM_ATHREYA_V,PAT_01483
CMR_INSTITUTE_OF_TECHNOLOGY,PAT_01483
VAKULA_RANI_JAKKA,PAT_01484
KIRAN_N,PAT_01484
A_R_SAI_TEJAS,PAT_01484
AARYA_DIPESH_VIRA,PAT_01484
HARSHVARDHAN_SHARMA,PAT_01484
JAYANTHI_M,PAT_01484
AISHWARYA_JAKKA,PAT_01484
CMR_INSTITUTE_OF_TECHNOLOGY,PAT_01484
SRIDEVI_S,PAT_01485
KAVITHA_D,PAT_01485
CMR_INSTITUTE_OF_TECHNOLOGY,PAT_01485
PARTHASARATHY_P,PAT_01486
VENKATESH_M,PAT_01486
CMR_INSTITUTE_OF_TECHNOLOGY,PAT_01486
PARTHASARATHY_P,PAT_01487
VENKATESH_M,PAT_01487
CMR_INSTITUTE_OF_TECHNOLOGY,PAT_01487
UPASANA_MAHAJAN,PAT_01488
SABA_TAHSEEN,PAT_01488
CMR_INSTITUTE_OF_TECHNOLOGYBANGALORE,PAT_01488
UPASANA_MAHAJAN,PAT_01489
SABA_TAHSEEN,PAT_01489
CMR_INSTITUTE_OF_TECHNOLOGYBENGALURU,PAT_01489
SAGARIKA_BEHERA,PAT_01490
S_VARSHINI,PAT_01490
SHREYA_REDDY_A,PAT_01490
SHRUTHIKA_RAMIDI,PAT_01490
CMR_INSTITUTE_OF_TECHNOLOGYBANGALORE,PAT_01490
RAVEESHA_K_H,PAT_01491
CMR_INSTITUTE_OF_TECHNOLOGY,PAT_01491
MEENAKSHI_PATIL,PAT_01492
CMR_INSTITUTE_OF_TECHNOLOGY,PAT_01492
SACHIN_ARALIKATTI,PAT_01492
K_C_LIPIKA,PAT_01492
JAYASHREE_M,PAT_01492
ENDLA_DHEERAJ_REDDY,PAT_01492
MOHAMMED_HASEEB_ULLA,PAT_01492
SUMAN_A_PATIL,PAT_01493
ANASWARA_VENUNADH,PAT_01493
CMR_INSTITUTE_OF_TECHNOLOGY,PAT_01493
PROF_BRIJESH_SINGH,PAT_01494
CMR_INSTITUTE_OF_TECHNOLOGY,PAT_01494
MRS_P_R_MADHU_SHREE,PAT_01494
DR_ANJU_SHUKLA,PAT_01494
DR_MANJULA_NETI,PAT_01494
DR_SHRUTI_TRAYMBAK,PAT_01494
KESAVAMOORTHY_R,PAT_01495
CMR_INSTITUTE_OF_TECHNOLOGY_BENGALURU,PAT_01495
MRS_DEVISIVASANKARI_P,PAT_01495
ABHISHEK_B_R,PAT_01495
ANKIT_SREENIVASA,PAT_01495
ABHISHEK_KUMAR,PAT_01495
DR_RAJA_M,PAT_01495
DR_D_LOGANATHAN,PAT_01495
DR_M_VILASINI,PAT_01495
V_RAJESH_KUMAR,PAT_01495
KESAVAMOORTHY_R,PAT_01496
DR_GURUVAMMAL_S,PAT_01496
CMR_INSTITUTE_OF_TECHNOLOGY_BENGALURU,PAT_01496
PADMAVATHI_V,PAT_01497
HARITHA_A,PAT_01497
CMR_INSTITUTE_OF_TECHNOLOGY,PAT_01497
MEENAKSHI_PATIL,PAT_01498
EISHA_AKANKSHA,PAT_01498
CMR_INSTITUTE_OF_TECHNOLOGY,PAT_01498
KESAVAMOORTHY_R,PAT_01499
SAGAR_R,PAT_01499
V_RAJESH_KUMAR,PAT_01499
CMR_INSTITUTE_OF_TECHNOLOGY_BENGALURU,PAT_01499
MADAKARI_NAYAKA_H_M,PAT_01499
REMA_GOPALAN,PAT_01499
TEJAS_S,PAT_01499
DR_RAJA_M,PAT_01499
VENKATESH_M_BHAT,PAT_01499
DR_D_LOGANATHAN,PAT_01499
THEJASVI_ES,PAT_01499
DR_M_VILASINI,PAT_01499
VAKULA_RANI_JAKKA,PAT_01500
A_R_SAI_TEJAS,PAT_01500
KWATHAM_SRIKAR_REDDY,PAT_01500
VARUN_B_V,PAT_01500
AISHWARYA_JAKKA,PAT_01500
CMR_INSTITUTE_OF_TECHNOLOGY,PAT_01500
KESAVAMOORTHY_R,PAT_01501
REMA_GOPALAN,PAT_01501
ADITI,PAT_01501
DR_RAJA_M,PAT_01501
DR_D_LOGANATHAN,PAT_01501
DR_M_VILASINI,PAT_01501
ANUSHA_M,PAT_01501
ANNAPURNA_MANJUNATHA_MORABAD,PAT_01501
V_RAJESH_KUMAR,PAT_01501
P_KEZIA_JOY_KUMARI,PAT_01501
AKILA_P,PAT_01501
CMR_INSTITUTE_OF_TECHNOLOGY_BENGALURU,PAT_01501
POOJA_SHRIVASTAV,PAT_01502
CMR_INSTITUTE_OF_TECHNOLOGY,PAT_01502
AASHITA_SRIVASTAVA,PAT_01502
ANAND_R,PAT_01503
DRANJANEYULU_PASALA,PAT_01503
SUBHRO_MUKHERJEE,PAT_01503
CMR_INSTITUTE_OF_TECHNOLOGY,PAT_01503
EAST_POINT_COLLEGE_OF_ENGINEERING_AND_TECHNOLOGY,PAT_01503
SUMAN_A_PATIL,PAT_01504
CMR_INSTITUTE_OF_TECHNOLOGY,PAT_01504
KESAVAMOORTHY_R,PAT_01505
APARNA_N,PAT_01505
DR_V_N_MANJU,PAT_01505
DR_KUMARESAN_K,PAT_01505
CMR_INSTITUTE_OF_TECHNOLOGY_BENGALURU,PAT_01505
POONAM_VIJAY_TIJARE,PAT_01506
REVA_VIJAY_TIJARE,PAT_01506
CMR_INSTITUTE_OF_TECHNOLOGY,PAT_01506
SUMAN_A_PATIL,PAT_01507
ANANYA_PAUL,PAT_01507
CMR_INSTITUTE_OF_TECHNOLOGY,PAT_01507
SUMAN_A_PATIL,PAT_01508
ANANYA_PAUL,PAT_01508
ANASWARA_VENUNADH,PAT_01508
SENTHIL_VELAN_SUGANANTHAM,PAT_01508
CMR_INSTITUTE_OF_TECHNOLOGY,PAT_01508
MEENAKSHI_PATIL,PAT_01509
DR_KAVITHA_D,PAT_01509
CMR_INSTITUTE_OF_TECHNOLOGY,PAT_01509
DR_LAKSHMI_C_R,PAT_01509
KESAVAMOORTHY_R,PAT_01510
P_KEZIA_JOY_KUMARI,PAT_01510
AKILA_P,PAT_01510
MANJULA_SUBRAMANIAM,PAT_01510
V_RAJESH_KUMAR,PAT_01510
DR_P_ARUNA_JEYANTHY,PAT_01510
CMR_INSTITUTE_OF_TECHNOLOGY_BENGALURU,PAT_01510
PRATHAM_MAJUMDER,PAT_01511
M_VAZRALU,PAT_01511
J_SUNEETHA,PAT_01511
HUSNA_TABASSUM,PAT_01511
T_PUSHPA,PAT_01511
CMR_INSTITUTE_OF_TECHNOLOGY_BANGALORE,PAT_01511
T_GOMATHI,PAT_01512
DR_PRASANNA_S,PAT_01512
CMR_INSTITUTE_OF_TECHNOLOGYBENGALURU,PAT_01512
ANIL_D,PAT_01513
KISHORE_K_V,PAT_01513
DR_BALAJI_C,PAT_01513
CMR_INSTITUTE_OF_TECHNOLOGY,PAT_01513
SWETHA_S,PAT_01513
J_JESY_JANET_KUMARI,PAT_01513
KESAVAMOORTHY_R,PAT_01514
REMA_GOPALAN,PAT_01514
DR_RAJA_M,PAT_01514
DR_D_LOGANATHAN,PAT_01514
DR_M_VILASINI,PAT_01514
CHRISTINA_K,PAT_01514
ANUSHA_M,PAT_01514
ANNAPURNA_MANJUNATHA_MORABAD,PAT_01514
ADITI,PAT_01514
CMR_INSTITUTE_OF_TECHNOLOGY_BENGALURU,PAT_01514
KESAVAMOORTHY_R,PAT_01515
REMA_GOPALAN,PAT_01515
BELLAMKONDA_MEGHANA,PAT_01515
SUPRITHA_S,PAT_01515
CMR_INSTITUTE_OF_TECHNOLOGY_BENGALURU,PAT_01515
KESAVAMOORTHY_R,PAT_01516
REMA_GOPALAN,PAT_01516
ANNAPURNA_MANJUNATHA_MORABAD,PAT_01516
ANUSHA_M,PAT_01516
CHRISTINA_K,PAT_01516
ADITI,PAT_01516
CMR_INSTITUTE_OF_TECHNOLOGY_BENGALURU,PAT_01516
KESAVAMOORTHY_R,PAT_01517
REMA_GOPALAN,PAT_01517
ANUSHA_M,PAT_01517
ANNAPURNA_MANJUNATHA_MORABAD,PAT_01517
CHRISTINA_K,PAT_01517
ADITI,PAT_01517
CMR_INSTITUTE_OF_TECHNOLOGY_BENGALURU,PAT_01517
ANJU_DAS,PAT_01518
SUMIT_MOHANTY,PAT_01518
CMR_INSTITUTE_OF_TECHNOLOGY,PAT_01518
DR_NIRANJAN_L,PAT_01519
PARAMITA_MITRA,PAT_01519
DR_SUSHMA_T_V,PAT_01519
DR_DEEPA_R,PAT_01519
DR_PARTHASARATHY_P,PAT_01519
DR_VENKATESH_M,PAT_01519
CMR_INSTITUTE_OF_TECHNOLOGY,PAT_01519
ATYAM_NAGESWARA_RAO,PAT_01520
CMR_INSTITUTE_OF_TECHNOLOGY,PAT_01520
ATYAM_NAGESWARA_RAO,PAT_01521
CMR_INSTITUTE_OF_TECHNOLOGY,PAT_01521
ATYAM_NAGESWARA_RAO,PAT_01522
CMR_INSTITUTE_OF_TECHNOLOGY,PAT_01522
MEENAKSHI_PATIL,PAT_01523
SACHIN_ARALIKATTI,PAT_01523
CMR_INSTITUTE_OF_TECHNOLOGY,PAT_01523
MEENAKSHI_PATIL,PAT_01524
KRISHNA_TEJA_YADAV_CH_T,PAT_01524
CMR_INSTITUTE_OF_TECHNOLOGY,PAT_01524
KAVITHA_P,PAT_01525
JAYANTHIN,PAT_01525
JAGADISHWARIV,PAT_01525
CMR_INSTITUTE_OF_TECHNOLOGY,PAT_01525
VINAY_POULOSE,PAT_01526
SHYAM_P_JOY,PAT_01526
CMR_INSTITUTE_OF_TECHNOLOGY_BANGALORE,PAT_01526
SHANTHI_M_B,PAT_01527
RIJUTH_MENON_R,PAT_01527
CMR_INSTITUTE_OF_TECHNOLOGY_BENGALURU,PAT_01527
SHANTHI_M_B,PAT_01528
CMR_INSTITUTE_OF_TECHNOLOGY_BENGALURU,PAT_01528
RIJUTH_MENON_R,PAT_01528
GOKUL_P_R,PAT_01528
SHREYA_REDDY,PAT_01528
SHANTHI_M_B,PAT_01529
CMR_INSTITUTE_OF_TECHNOLOGY_BENGALURU,PAT_01529
RIJUTH_MENON_R,PAT_01529
SNEHAL_JAYACHANDER,PAT_01529
NAVYA_NARAYAN,PAT_01529
SHANTHI_M_B,PAT_01530
CMR_INSTITUTE_OF_TECHNOLOGY_BENGALURU,PAT_01530
ARUN_FRANCIS_TELLIS,PAT_01530
SHANTHI_M_B,PAT_01531
KARTHEEK_G_C_R,PAT_01531
SIREESHA_N_K,PAT_01531
CMR_INSTITUTE_OF_TECHNOLOGY,PAT_01531
KAVITHA_P,PAT_01532
JAGADISHWARIV,PAT_01532
CMR_INSTITUTE_OF_TECHNOLOGY,PAT_01532
JAYANTHIN,PAT_01532
ANJU_DAS,PAT_01533
PARVATHY_THAMPI_MS,PAT_01533
DR_JOHNSON_Y,PAT_01533
CMR_INSTITUTE_OF_TECHNOLOGY,PAT_01533
AJAY_P,PAT_01533
ANJU_DAS,PAT_01534
DR_RAMESH_P,PAT_01534
CMR_INSTITUTE_OF_TECHNOLOGY,PAT_01534
KESAVAMOORTHY_R,PAT_01535
DR_RAJA_M,PAT_01535
DR_R_VENKATESH,PAT_01535
SAHANA_ARIKRISHNAN,PAT_01535
KEERTHI_A_REDDY,PAT_01535
CHIDIGAM_BHAGYA_SRI,PAT_01535
G_S_PRIYANKA,PAT_01535
V_RAJESH_KUMAR,PAT_01535
CMR_INSTITUTE_OF_TECHNOLOGY_BENGALURU,PAT_01535
VENKATESWARAN_K,PAT_01536
SRIDHAR_N,PAT_01536
NIRANJAN_L,PAT_01536
CMR_INSTITUTE_OF_TECHNOLOGY,PAT_01536
NAVANEETHA_M,PAT_01537
DR_SHANTHI_M_B,PAT_01537
CMR_INSTITUTE_OF_TECHNOLOGY,PAT_01537
KESAVAMOORTHY_R,PAT_01538
RAKESH_S_B,PAT_01538
DR_RAJA_M,PAT_01538
DR_R_VENKATESH,PAT_01538
V_RAJESH_KUMAR,PAT_01538
KUMKUM_KUMARI,PAT_01538
CMR_INSTITUTE_OF_TECHNOLOGY_BENGALURU,PAT_01538
KESAVAMOORTHY_R,PAT_01539
DR_RAJA_M,PAT_01539
V_RAJESH_KUMAR,PAT_01539
DR_D_LOGANATHAN,PAT_01539
DR_R_VENKATESH,PAT_01539
NANDHA_GOPAL_S_M,PAT_01539
DR_M_VILASINI,PAT_01539
CMR_INSTITUTE_OF_TECHNOLOGY_BENGALURU,PAT_01539
MEENAKSHI_PATIL,PAT_01540
PROF_MILIND_B_BHILAVADE,PAT_01540
DR_K_S_SHIVAPRAKASHA,PAT_01540
DR_LALITA_S_ADMUTHE,PAT_01540
DR_NAVEEN_KUMAR_G_N,PAT_01540
DR_HARSHA_B_K,PAT_01540
DR_JJM_COLLEGE_OF_ENGINEERING_JAYSINGPUR,PAT_01540
CMR_INSTITUTE_OF_TECHNOLOGY_BENGALURU,PAT_01540
CMR_INSTITUTE_OF_TECHNOLOGY,PAT_01541
DEEKSHITHA_S_M,PAT_01541
AMBIKA_R,PAT_01541
MEENAKSHI_PATIL,PAT_01541
SOPHIYA_SUSAN_S,PAT_01541
ANAND_R,PAT_01542
DR_SWATHI_Y,PAT_01542
MANOJ_CHALLA,PAT_01542
CMR_INSTITUTE_OF_TECHNOLOGY,PAT_01542
DRRDEEPA,PAT_01543
DRNIRANJAN_L,PAT_01543
DRSUSHMA_TV,PAT_01543
MRS_PARAMITA_MITRA,PAT_01543
DRPSUSHEEL_KUMAR_S,PAT_01543
CMR_INSTITUTE_OF_TECHNOLOGY,PAT_01543
ANJU_DAS,PAT_01544
DRSSOLAI_MANOHAR,PAT_01544
CMR_INSTITUTE_OF_TECHNOLOGY,PAT_01544
SAVITHA_N_J,PAT_01545
JYOTHI_N_M,PAT_01545
CMR_INSTITUTE_OF_TECHNOLOGY_BENGALURU,PAT_01545
ANJU_DAS,PAT_01546
PVELRAJKUMAR,PAT_01546
CMR_INSTITUTE_OF_TECHNOLOGY,PAT_01546
ILANGO_VELCHAMY,PAT_01547
SAHANA_ARIKRISHNAN,PAT_01547
BANGARI_SHREYA,PAT_01547
SOUMYA_RAJ,PAT_01547
CMR_INSTITUTE_OF_TECHNOLOGY,PAT_01547
ILANGO_VELCHAMY,PAT_01548
JASWANTH_SINGH_G,PAT_01548
V_R_UMA,PAT_01548
IPAVAI,PAT_01548
CMR_INSTITUTE_OF_TECHNOLOGY,PAT_01548
GAUR_SHWETA,PAT_01549
CMR_INSTITUTE_OF_TECHNOLOGY,PAT_01549
RAVEESHAKH,PAT_01550
CMR_INSTITUTE_OF_TECHNOLOGY_CMRIT,PAT_01550
MOUMITA_ROY,PAT_01551
TAMAL_SARKAR,PAT_01551
CMR_INSTITUTE_OF_TECHNOLOGY,PAT_01551
SAGARIKA_BEHERA,PAT_01552
JHANSI_RANI_PRATHURI,PAT_01552
CMR_INSTITUTE_OF_TECHNOLOGY,PAT_01552
SANDHYA_MOORAKA,PAT_01553
CMR_INSTITUTE_OF_TECHNOLOGY,PAT_01553
RAHAMAN_FAZLUR,PAT_01554
CMR_INSTITUTE_OF_TECHNOLOGY_BENGALURU,PAT_01554
MOUMITA_ROY,PAT_01555
VARSHA_PAWAR,PAT_01555
CMR_INSTITUTE_OF_TECHNOLOGY,PAT_01555
K_KOMALA_DEVI,PAT_01556
VARSHA_PAWAR,PAT_01556
CMR_INSTITUTE_OF_TECHNOLOGY,PAT_01556
MS_RGEETHA,PAT_01556
ANAND_R,PAT_01557
MAHESH_KUMAR_JHA,PAT_01557
SWATHI_Y,PAT_01557
MONIKA_SINGH,PAT_01557
RAVEESH_HEGDE,PAT_01557
CMR_INSTITUTE_OF_TECHNOLOGY,PAT_01557
MOUMITA_ROY,PAT_01558
CMR_INSTITUTE_OF_TECHNOLOGY,PAT_01558
T_GOMATHI,PAT_01559
MOUMITA_ROY,PAT_01559
CMR_INSTITUTE_OF_TECHNOLOGY_BENGALURU,PAT_01559
POOJA_SHRIVASTAV,PAT_01560
CMR_INSTITUTE_OF_TECHNOLOGY,PAT_01560
AASHITA_SRIVASTAVA,PAT_01560
MR_ANIL_D,PAT_01561
DR_SH_MANJULA,PAT_01561
CMR_INSTITUTE_OF_TECHNOLOGY,PAT_01561
ANJU_DAS,PAT_01562
FAYAZ_I_N,PAT_01562
GAGAN_V,PAT_01562
FAZAL_FATHIMA,PAT_01562
CMR_INSTITUTE_OF_TECHNOLOGY_BENGALURU,PAT_01562
KESAVAMOORTHY_R,PAT_01563
DR_RAJA_M,PAT_01563
V_RAJESH_KUMAR,PAT_01563
DR_D_LOGANATHAN,PAT_01563
NANDHA_GOPAL_S_M,PAT_01563
M_VILASINI,PAT_01563
DR_R_VENKATESH,PAT_01563
CMR_INSTITUTE_OF_TECHNOLOGY_BENGALURU,PAT_01563
KESAVAMOORTHY_R,PAT_01564
DR_RAJA_M,PAT_01564
V_RAJESH_KUMAR,PAT_01564
DR_D_LOGANATHAN,PAT_01564
NANDHA_GOPAL_S_M,PAT_01564
M_VILASINI,PAT_01564
P_ALAGUVATHANA,PAT_01564
CMR_INSTITUTE_OF_TECHNOLOGY_BENGALURU,PAT_01564
KESAVAMOORTHY_R,PAT_01565
APARNA_N,PAT_01565
MANJU_V_N,PAT_01565
CMR_INSTITUTE_OF_TECHNOLOGY_BENGALURU,PAT_01565
RESHMA_P_ELDHO,PAT_01566
PRIYANKA_PRIYADARSHINI_PADHI,PAT_01566
CMR_INSTITUTE_OF_TECHNOLOGY,PAT_01566
ANAND_R,PAT_01567
DR_SWATHI_Y,PAT_01567
DR_SUDHAKAR_K_N,PAT_01567
MANOJ_CHALLA,PAT_01567
CMR_INSTITUTE_OF_TECHNOLOGY,PAT_01567
ANAND_R,PAT_01568
SUDHAKAR_K_N,PAT_01568
SWATHI_Y,PAT_01568
CMR_INSTITUTE_OF_TECHNOLOGY,PAT_01568
ASHWINI_MADHAVA_GAIKWAD,PAT_01569
MRSDEEPA_ANGADI,PAT_01569
MRVIJAYANAND,PAT_01569
SAMGILVINESCMRITACIN,PAT_01569
CMR_INSTITUTE_OF_TECHNOLOGY,PAT_01569
ASHWINI_MADHAVA_GAIKWAD,PAT_01570
DEEPA_ANGADI,PAT_01570
AKSHATHA_P_S,PAT_01570
CMR_INSTITUTE_OF_TECHNOLOGY,PAT_01570
KESAVAMOORTHY_R,PAT_01571
SHREEKANTH_MOOROOR_PRABHU,PAT_01571
CMR_INSTITUTE_OF_TECHNOLOGY_BENGALURU,PAT_01571
KESAVAMOORTHY_R,PAT_01572
RAKESH_S_B,PAT_01572
ROBERT_P,PAT_01572
NISHAD_A,PAT_01572
KUMKUM_KUMARI,PAT_01572
CMR_INSTITUTE_OF_TECHNOLOGY_BENGALURU,PAT_01572
DR_MANOJ_PRIYATHAM_M,PAT_01573
L_NIRANJAN,PAT_01573
SUHAS_A_R,PAT_01573
CMR_INSTITUTE_OF_TECHNOLOGY,PAT_01573
T_GOMATHI,PAT_01574
DR_PRASANNA_S,PAT_01574
CMR_INSTITUTE_OF_TECHNOLOGY_BENGALURU,PAT_01574
J_SUNEETHA,PAT_01575
A_SWAMY_GOUD,PAT_01575
M_VAZRALU,PAT_01575
NIRANJAN_L,PAT_01575
HUSNA_TABASSUM,PAT_01575
AFROZ_PASHA,PAT_01575
CMR_INSTITUTE_OF_TECHNOLOGY,PAT_01575
KESAVAMOORTHY_R,PAT_01576
ASWATHI_S,PAT_01576
GOUTHAM_GS_NAIR,PAT_01576
V_RAJESH_KUMAR,PAT_01576
CMR_INSTITUTE_OF_TECHNOLOGY_BENGALURU,PAT_01576
POONAM_VIJAY_TIJARE,PAT_01577
SAGARIKA_BEHERA,PAT_01577
CMR_INSTITUTE_OF_TECHNOLOGY_BANGALORE,PAT_01577
ASHWINI_MADHAVA_GAIKWAD,PAT_01578
CMR_INSTITUTE_OF_TECHNOLOGY,PAT_01578
MANIKANDAN_H,PAT_01579
PRASHANT_S_HATTI,PAT_01579
CMR_INSTITUTE_OF_TECHNOLOGY,PAT_01579
SAMPATH_KUMAR_L,PAT_01579
MADHU_KUMRAR_K,PAT_01579
PROF_BRIJESH_SINGH,PAT_01580
CMR_INSTITUTE_OF_TECHNOLOGY,PAT_01580
DR_ANJU_SHUKLA,PAT_01580
PROF_SANTHOSH_B_S,PAT_01580
DR_SHRUTI_TRAYMBAK,PAT_01580
SHILPA_MANGESH_PANDE,PAT_01581
DIVYA_SINGH,PAT_01581
CMR_INSTITUTE_OF_TECHNOLOGY,PAT_01581
SHILPA_MANGESH_PANDE,PAT_01582
CMR_INSTITUTE_OF_TECHNOLOGY,PAT_01582
KESAVAMOORTHY_R,PAT_01583
ANJALI_GUPTA,PAT_01583
CMR_INSTITUTE_OF_TECHNOLOGY_BENGALURU,PAT_01583
DR_DANTHULURI_SUDHA,PAT_01584
DR_KIRAN_BABU,PAT_01584
CMR_INSTITUTE_OF_TECHNOLOGY,PAT_01584
DRPUSHPA_MOHAN,PAT_01584
MANIKANDAN_H,PAT_01585
CYRIL_S,PAT_01585
CMR_INSTITUTE_OF_TECHNOLOGY,PAT_01585
VYSHALI_RAO_K_P,PAT_01586
DR_SRIVIDYA_R,PAT_01586
CMR_INSTITUTE_OF_TECHNOLOGY,PAT_01586
SHILPA_MANGESH_PANDE,PAT_01587
CMR_INSTITUTE_OF_TECHNOLOGY,PAT_01587
DRMANOJ_CHALLA,PAT_01587
DR_SWATHI_Y,PAT_01587
DRSHANTHI_MB,PAT_01587
DR_DANTHULURI_SUDHA,PAT_01587
SHILPA_MANGESH_PANDE,PAT_01588
CMR_INSTITUTE_OF_TECHNOLOGY,PAT_01588
DR_MANOJ_CHALLA,PAT_01588
DR_SWATHI_Y,PAT_01588
DR_SHANTHI_M_B,PAT_01588
DR_DANTHULURI_SUDHA,PAT_01588
VYSHALI_RAO_K_P,PAT_01589
CMR_INSTITUTE_OF_TECHNOLOGY,PAT_01589
KAMALJEETH_ANAND,PAT_01589
DRMANOJ_CHALLA,PAT_01589
DR_DANTHULURI_SUDHA,PAT_01589
DRSHANTHI_M_B,PAT_01589
VYSHALI_RAO_K_P,PAT_01590
CMR_INSTITUTE_OF_TECHNOLOGY,PAT_01590
DRMANOJ_CHALLA,PAT_01590
DRSHANTHI_M_B,PAT_01590
DRSWATHI_Y,PAT_01590
DR_DANTHULURI_SUDHA,PAT_01590
KESAVAMOORTHY_R,PAT_01591
SHYAMASREE_GHOSH,PAT_01591
METAHEURISTIC_CORPORATE_INDIA_PRIVATE_LIMITED,PAT_01591
CMR_INSTITUTE_OF_TECHNOLOGY_BENGALURU,PAT_01591
MOHAN_N,PAT_01592
CMR_INSTITUTE_OF_TECHNOLOGY,PAT_01592
SANJEEV_KUMAR_THALARI,PAT_01592
J_E_MOSHE_DAYAN,PAT_01593
DRELANGOVAN_GURUVA_REDDY,PAT_01593
MRVISWANATH_JAYARAM,PAT_01593
DRPRAKASH_SARAVANAN,PAT_01593
CMR_INSTITUTE_OF_TECHNOLOGY,PAT_01593
MRSBDEEPTI,PAT_01593
MRSBDURGADEVI,PAT_01593
PARTHASARATHY_P,PAT_01594
CMR_INSTITUTE_OF_TECHNOLOGY,PAT_01594
KESAVAMOORTHY_R,PAT_01595
DR_RAJA_M,PAT_01595
DR_S_P_ANANDARAJ,PAT_01595
DR_M_VILASINI,PAT_01595
CMR_INSTITUTE_OF_TECHNOLOGY_BENGALURU,PAT_01595
KESAVAMOORTHY_R,PAT_01596
DR_RAJA_M,PAT_01596
DR_S_P_ANANDARAJ,PAT_01596
DR_M_VILASINI,PAT_01596
CMR_INSTITUTE_OF_TECHNOLOGY_BENGALURU,PAT_01596
KESAVAMOORTHY_R,PAT_01597
DR_MOHAMMAD_IRFAN,PAT_01597
CMR_INSTITUTE_OF_TECHNOLOGY_BENGALURU,PAT_01597
KESAVAMOORTHY_R,PAT_01598
DR_RAJA_M,PAT_01598
DR_THANGA_MARIAPPAN_L,PAT_01598
DR_M_VILASINI,PAT_01598
CMR_INSTITUTE_OF_TECHNOLOGY_BENGALURU,PAT_01598
VENKATESH_NAIK,PAT_01599
CMR_INSTITUTE_OF_TECHNOLOGY,PAT_01599
SENTHIL_VELAN_SUGANANTHAM,PAT_01600
CMR_INSTITUTE_OF_TECHNOLOGY,PAT_01600
HEMA_HC,PAT_01601
CMR_INSTITUTE_OF_TECHNOLOGY,PAT_01601
USHA_A,PAT_01601
KESAVAMOORTHY_R,PAT_01602
PUNEETH_M,PAT_01602
PAVAN_KUMAR_P,PAT_01602
RAJA_M,PAT_01602
CMR_INSTITUTE_OF_TECHNOLOGY_BENGALURU,PAT_01602
SENTHIL_VELAN_SUGANANTHAM,PAT_01603
C_SUGUNADEVI,PAT_01603
SAM_GILVINE_SAMUVEL,PAT_01603
CMR_INSTITUTE_OF_TECHNOLOGY,PAT_01603
SOUNDARYA,PAT_01604
K_SHIJINA_PADMANABHAN,PAT_01604
K_SHEBINA_PADMANABHAN,PAT_01604
CMR_INSTITUTE_OF_TECHNOLOGY_BENGALURU,PAT_01604
SOMASUNDARAM_D,PAT_01605
DR_MEENAKSHI_R_PATIL,PAT_01605
CMR_INSTITUTE_OF_TECHNOLOGY_BANGALORE,PAT_01605
SOUNDARYA,PAT_01606
CHETHAN_KUMAR_G,PAT_01606
SAGAR_M_BALIGIDAD,PAT_01606
CMR_INSTITUTE_OF_TECHNOLOGY_BENGALURU,PAT_01606
SOUNDARYA,PAT_01607
ANUSUDHA_V,PAT_01607
SOPHIA_M,PAT_01607
CMR_INSTITUTE_OF_TECHNOLOGY_BENGALURU,PAT_01607
ANJU_DAS,PAT_01608
DR_NAGESWARA_RAO_ATYAM,PAT_01608
CMR_INSTITUTE_OF_TECHNOLOGY,PAT_01608
DR_P_VIJAYAPRIYA,PAT_01608
MR_THAMILMARAN,PAT_01608
SANTOSH_Y_N,PAT_01608
SHANTHI_M_B,PAT_01609
SHIVARAJ_V_B,PAT_01609
CMR_INSTITUTE_OF_TECHNOLOGY,PAT_01609
PHANI_KUMAR_PULLELA,PAT_01610
CHIDHANANDA_R_S,PAT_01610
CMR_UNIVERSITY,PAT_01610
CMR_INSTITUTE_OF_TECHNOLOGY,PAT_01610
SHANTHI_M_B,PAT_01611
SUDHAKAR_K_N,PAT_01611
DANTHULURI_SUDHA,PAT_01611
CMR_INSTITUTE_OF_TECHNOLOGY,PAT_01611
KESAVAMOORTHY_R,PAT_01612
DR_RAJA_M,PAT_01612
DR_M_VILASINI,PAT_01612
DR_THANGA_MARIAPPAN_L,PAT_01612
DR_D_LOGANATHAN,PAT_01612
CMR_INSTITUTE_OF_TECHNOLOGY_BENGALURU,PAT_01612
DR_THANGA_MARIAPPAN_L,PAT_01613
DR_RAJA_M,PAT_01613
KESAVAMOORTHY_R,PAT_01613
DR_M_VILASINI,PAT_01613
DR_D_LOGANATHAN,PAT_01613
CMR_INSTITUTE_OF_TECHNOLOGY_BENGALURU,PAT_01613
JOSHUA_SAMUEL_RAJ,PAT_01614
GAUTHAM_A_NAGENDRAN,PAT_01614
HARSHMEET_SINGH,PAT_01614
CMR_INSTITUTE_OF_TECHNOLOGY,PAT_01614
SHANTHI_M_B,PAT_01615
KARTHEEK_G_C_R,PAT_01615
CMR_INSTITUTE_OF_TECHNOLOGY,PAT_01615
KESAVAMOORTHY_R,PAT_01616
DR_RAJA_M,PAT_01616
DR_M_VILASINI,PAT_01616
DR_THANGA_MARIAPPAN_L,PAT_01616
V_RAJESH_KUMAR,PAT_01616
CMR_INSTITUTE_OF_TECHNOLOGY_BENGALURU,PAT_01616
KESAVAMOORTHY_R,PAT_01617
DR_RAJA_M,PAT_01617
DR_THANGA_MARIAPPAN_L,PAT_01617
DR_M_VILASINI,PAT_01617
V_RAJESH_KUMAR,PAT_01617
CMR_INSTITUTE_OF_TECHNOLOGY_BENGALURU,PAT_01617
ASHA_M_NAIR,PAT_01618
CMR_INSTITUTE_OF_TECHNOLOGY,PAT_01618
ASHA_M_NAIR,PAT_01619
CMR_INSTITUTE_OF_TECHNOLOGY,PAT_01619
ASHA_M_NAIR,PAT_01620
CMR_INSTITUTE_OF_TECHNOLOGY,PAT_01620
KESAVAMOORTHY_R,PAT_01621
MRS_DEVISIVASANKARI_P,PAT_01621
DR_RAJA_M,PAT_01621
MR_R_VIJAY_KUMAR,PAT_01621
DR_ALPHA_JOSEPH,PAT_01621
DR_THANGA_MARIAPPAN_L,PAT_01621
CMR_INSTITUTE_OF_TECHNOLOGY_BENGALURU,PAT_01621
KESAVAMOORTHY_R,PAT_01622
DR_RAJA_M,PAT_01622
DR_THANGA_MARIAPPAN_L,PAT_01622
DR_M_VILASINI,PAT_01622
DR_D_LOGANATHAN,PAT_01622
CMR_INSTITUTE_OF_TECHNOLOGY_BENGALURU,PAT_01622
KESAVAMOORTHY_R,PAT_01623
DR_RAJA_M,PAT_01623
DR_VIILASINI_M,PAT_01623
DR_THANGA_MARIAPPAN_L,PAT_01623
MR_V_RAJESH_KUMAR,PAT_01623
CMR_INSTITUTE_OF_TECHNOLOGY_BENGALURU,PAT_01623
BINISH_FATIMAH,PAT_01624
CMR_INSTITUTE_OF_TECHNOLOGY_BANGALORE,PAT_01624
PUSHPENDRA_SINGH,PAT_01624
AMIT_SINGHAL,PAT_01624
ANJU_DAS,PAT_01625
DRCHINMAYA_BEHERA,PAT_01625
SUMIT_MOHANTY,PAT_01625
CMR_INSTITUTE_OF_TECHNOLOGY,PAT_01625
VENKATESH_NAIK,PAT_01626
PUNEETH_KUMAR_N,PAT_01626
CMR_INSTITUTE_OF_TECHNOLOGY_BENGALURU,PAT_01626
DR_MANJUNATHA_B,PAT_01626
B_B_CHANDAN_URS,PAT_01626
JEEVITHA_C_SHEKAR,PAT_01626
THUSHARA_V,PAT_01626
SHANTHI_M_B,PAT_01627
DANTHULURI_SUDHA,PAT_01627
NITIK_TIWARI,PAT_01627
CMR_INSTITUTE_OF_TECHNOLOGY,PAT_01627
LEENA_N_FUKEY,PAT_01628
BINDUSHREE_R,PAT_01628
ILANGO_VELCHAMY,PAT_01628
V_R_UMA,PAT_01628
CMR_INSTITUTE_OF_TECHNOLOGY,PAT_01628
DR_ILANGO_VELCHAMY,PAT_01629
DR_V_R_UMA,PAT_01629
CMR_INSTITUTE_OF_TECHNOLOGY,PAT_01629
DR_ILANGO_VELCHAMY,PAT_01630
DR_V_R_UMA,PAT_01630
CMR_INSTITUTE_OF_TECHNOLOGY,PAT_01630
SHANTHI_M_B,PAT_01631
CMR_INSTITUTE_OF_TECHNOLOGY,PAT_01631
MANISHA_KUMARI,PAT_01631
VENKATESH_NAIK,PAT_01632
CMR_INSTITUTE_OF_TECHNOLOGY,PAT_01632
SHANTHI_M_B,PAT_01633
MANOJ_CHALLA,PAT_01633
L_SRUSHTI_HUNALLI,PAT_01633
DANTHULURI_SUDHA,PAT_01633
CMR_INSTITUTE_OF_TECHNOLOGY,PAT_01633
KAVITHA_P,PAT_01634
JAGADISHWARI_V,PAT_01634
CMR_INSTITUTE_OF_TECHNOLOGY,PAT_01634
MR_ANIL_D,PAT_01635
CMR_INSTITUTE_OF_TECHNOLOGY,PAT_01635
VARSHA_PAWAR,PAT_01636
CMR_INSTITUTE_OF_TECHNOLOGYBENGALURU,PAT_01636
CMR_INSTITUTE_OF_TECHNOLOGY,PAT_01637
SHANTHI_M_B,PAT_01637
HARSHUL_WALIA,PAT_01637
AAKANKSHA_AGRAWAL,PAT_01637
AMAN_KUMAR,PAT_01637
AMIT_VIKRAM,PAT_01637
JIDGNESH_SATISHCHANDRA_WANI,PAT_01637
M_YOGISH,PAT_01637
SHANTHI_M_B,PAT_01638
MADAKARI_NAYAKA_H_M,PAT_01638
DANTHULURI_SUDHA,PAT_01638
CMR_INSTITUTE_OF_TECHNOLOGY,PAT_01638
SHANTHI_M_B,PAT_01639
DRSWATHI_Y,PAT_01639
DR_MANOJ_CHALLA,PAT_01639
CMR_INSTITUTE_OF_TECHNOLOGY,PAT_01639
DANTHULURI_SUDHA,PAT_01639
BHOOMIKA_P,PAT_01639
SOUNDARYA,PAT_01640
CMR_INSTITUTE_OF_TECHNOLOGY_BANGALORE,PAT_01640
SOUNDARYA,PAT_01641
RAVI_KANT_TALLURI,PAT_01641
CMR_INSTITUTE_OF_TECHNOLOGY,PAT_01641
SOUNDARYA,PAT_01642
DR_PRAVEEN_S,PAT_01642
CMR_INSTITUTE_OF_TECHNOLOGY,PAT_01642
ARUN_S,PAT_01643
SANJANA_PRASAD,PAT_01643
NIRANJAN_L,PAT_01643
SREEKANTHA_B,PAT_01643
CMR_INSTITUTE_OF_TECHNOLOGY,PAT_01643
SHANTHI_M_B,PAT_01644
CMR_INSTITUTE_OF_TECHNOLOGY,PAT_01644
DANTHULURI_SUDHA,PAT_01644
ARUN_FRANCIS_TELLIS,PAT_01644
SAGARIKA_BEHERA,PAT_01644
SHANTHI_M_B,PAT_01645
GAURAV_KHATER,PAT_01645
CMR_INSTITUTE_OF_TECHNOLOGY,PAT_01645
SHANTHI_M_B,PAT_01646
MANOJ_S,PAT_01646
CMR_INSTITUTE_OF_TECHNOLOGY,PAT_01646
DANTHULURI_SUDHA,PAT_01646
KAVITHA_P,PAT_01647
CMR_INSTITUTE_OF_TECHNOLOGY,PAT_01647
KESAVAMOORTHY_R,PAT_01648
DR_PARAS_NATH_SINGH,PAT_01648
DR_SHANTHI_MB,PAT_01648
CMR_INSTITUTE_OF_TECHNOLOGY,PAT_01648
SHILPA_MANGESH_PANDE,PAT_01649
DIVYA_SINGH,PAT_01649
CMR_INSTITUTE_OF_TECHNOLOGY,PAT_01649
SAVITHA_N_J,PAT_01650
CMR_INSTITUTE_OF_TECHNOLOGY_BENGALURU,PAT_01650
DRSANCHARI_SAHA,PAT_01651
CMR_INSTITUTE_OF_TECHNOLOGY,PAT_01651
ANJU_DAS,PAT_01652
D_KODANDAPANI,PAT_01652
CMR_INSTITUTE_OF_TECHNOLOGY,PAT_01652
ANJU_DAS,PAT_01653
D_KODANDAPANI,PAT_01653
CMR_INSTITUTE_OF_TECHNOLOGY,PAT_01653
RDHIVYA,PAT_01654
CMR_INSTITUTE_OF_TECHNOLOGY_BENGALURU,PAT_01654
DRHELEN_JOSEPHINE,PAT_01654
SPRAKASH,PAT_01654
DR_KRAJALAKSHMI,PAT_01654
SMITHA_N,PAT_01655
CMR_INSTITUTE_OF_TECHNOLOGY,PAT_01655
PRATHAM_MAJUMDER,PAT_01656
CMR_INSTITUTE_OF_TECHNOLOGY,PAT_01656
GAUR_SHWETA,PAT_01657
CMR_INSTITUTE_OF_TECHNOLOGY,PAT_01657
T_GOMATHI,PAT_01658
CMR_INSTITUTE_OF_TECHNOLOGY_BENGAULRU,PAT_01658
DR_GNANESWARI_GNANAGURU,PAT_01659
CMR_INSTITUTE_OF_TECHNOLOGY,PAT_01659
MOHAMMED_AZAAHRUDDIN_S_A,PAT_01660
DR_VAKULA_RANI_J,PAT_01660
AISHWARYA_JAKKA,PAT_01660
ASHWINI_KUMAR,PAT_01660
LAVANYA_C,PAT_01660
CMR_INSTITUTE_OF_TECHNOLOGY,PAT_01660
SSRIDEVI,PAT_01661
DRNSRIDHAR,PAT_01661
CMR_INSTITUTE_OF_TECHNOLOGY,PAT_01661
EISHA_AKANKSHA,PAT_01662
CMR_INSTITUTE_OF_TECHNOLOGY,PAT_01662
J_E_MOSHE_DAYAN,PAT_01663
DR_A_G_MOHAN_DAS_GANDHI,PAT_01663
DR_LIJO_JACOB_VARGHESE,PAT_01663
DR_SUMA_SIRA_JACOB,PAT_01663
DR_MPADMAJA,PAT_01663
CMR_INSTITUTE_OF_TECHNOLOGY,PAT_01663
ARCHANA_HOMBALIMATH,PAT_01664
J_SUNEETHA,PAT_01664
ASWATHIS,PAT_01664
SWAMY_GOUD,PAT_01664
HUSNA_TABASSUM,PAT_01664
CMR_INSTITUTE_OF_TECHNOLOGY,PAT_01664
NIRANJAN_L,PAT_01665
SHILPA_A_N,PAT_01665
SRIDHAR_N,PAT_01665
SREEKANTHA_B,PAT_01665
CMR_INSTITUTE_OF_TECHNOLOGY,PAT_01665
MANJULA_HT,PAT_01666
SHYAMASREE_GHOSH,PAT_01666
ARCHANA_HOMBALIMATH,PAT_01666
CMR_INSTITUTE_OF_TECHNOLOGY,PAT_01666
ARCHANA_HOMBALIMATH,PAT_01667
MANJULA_HT,PAT_01667
SHYAMASREE_GHOSH,PAT_01667
SUPRIYA_HARLAPUR,PAT_01667
DR_NEHA_MANGLA,PAT_01667
CMR_INSTITUTE_OF_TECHNOLOGY,PAT_01667
ARCHANA_HOMBALIMATH,PAT_01668
MANJULA_HT,PAT_01668
SHYAMASREE_GHOSH,PAT_01668
SUPRIYA_HARLAPUR,PAT_01668
DR_NEHA_MANGLA,PAT_01668
CMR_INSTITUTE_OF_TECHNOLOGY,PAT_01668
ARCHANA_HOMBALIMATH,PAT_01669
ASWATHI_S,PAT_01669
J_SUNEETHA,PAT_01669
NISHAD_A,PAT_01669
CMR_INSTITUTE_OF_TECHNOLOGY,PAT_01669
NIRANJAN_L,PAT_01670
SHILPA_A_N,PAT_01670
SRIDHAR_N,PAT_01670
SREEKANTHA_B,PAT_01670
CMR_INSTITUTE_OF_TECHNOLOGY,PAT_01670
ARCHANA_HOMBALIMATH,PAT_01671
SUNEETHA_J,PAT_01671
ASWATHI_S,PAT_01671
SUPRIYA_HARLAPUR,PAT_01671
DR_NEHA_MANGLA,PAT_01671
CMR_INSTITUTE_OF_TECHNOLOGY,PAT_01671
SAGARIKA_BEHERA,PAT_01672
JHANSI_RANI_PRATHURI,PAT_01672
CMR_INSTITUTE_OF_TECHNOLOGY,PAT_01672
RESHMA_P_ELDHO,PAT_01673
LOKASREE_B_S,PAT_01673
NITHARA_P_V,PAT_01673
PRIYANKA_PRIYADARSHINI_PADHI,PAT_01673
CMR_INSTITUTE_OF_TECHNOLOGY,PAT_01673
RESHMA_P_ELDHO,PAT_01674
NITHARA_P_V,PAT_01674
LOKASREE_B_S,PAT_01674
PRIYANKA_PRIYADARSHINI_PADHI,PAT_01674
CMR_INSTITUTE_OF_TECHNOLOGY,PAT_01674
DR_VAKULA_RANI_J,PAT_01675
CMR_INSTITUTE_OF_TECHNOLOGY,PAT_01675
BISHAL_KUMAR_CHAKRABORTY,PAT_01675
AISHWARYA_JAKKA,PAT_01675
HAMSINI_KANURU,PAT_01675
SUSHMA_B,PAT_01676
CMR_INSTITUTE_OF_TECHNOLOGY_BANGALORE,PAT_01676
RAVEESHA_KH,PAT_01677
CMR_INSTITUTE_OF_TECHNOLOGY_BENGALURU,PAT_01677
PROFBINEET_KUMAR_JHA_CMR_INSTITUTE_OF_TECHNOLOGY,PAT_01678
DR_AKANA_CHANDRA_MOULI_VENKATA_SRINIVAS_AMC_ENGINEERING_COLLEGE,PAT_01678
PROF_DHEERAJ_D_GLOBAL_ACADEMY_OF_TECHNOLOGY,PAT_01678
CHIYYEDU_MANASA_GLOBAL_ACADEMY_OF_TECHNOLOGY,PAT_01678
DR_ASHA_JYOTHI_CH_JNTUH_JAGITHYAL,PAT_01678
NAZNEENTAJ_KNS_INSTITUTE_OF_TECHNOLOGY,PAT_01678
DRSJOE_PATRICK_GNANARAJ,PAT_01679
DR_S_RAMACHANDRAN_PROFESSOR_HEAD_CMR_INSTITUTE_OF_TECHNOLOGY,PAT_01679
DRPPRAKASH_AP_UNIVERSITY_COLLEGE_OF_ENGINEERING_VILLUPURAM,PAT_01679
MRARAMESH_UDHAYAKUMAR_ASSOC_PROF_MISRIMAL_NAVAJEE_MUNOTH_JAIN_ENGINEERING_COLLEGE,PAT_01679
DRNSBALAJI_POST_DOCTORAL_FELLOW_NIT_TRICHY,PAT_01679
SUMATHI_D,PAT_01680
CMR_INSTITUTE_OF_TECHNOLOGY_BANGALORE,PAT_01680
DR_REMA_GOPALAN,PAT_01681
CMR_INSTITUTE_OF_TECHNOLOGY,PAT_01681
DR_MITALI_PALIT,PAT_01681
MRS_P_R_MADHU_SHREE,PAT_01681
DR_RASHMI_SINGH_ROY,PAT_01681
DR_SWATHI_P_K,PAT_01681
ABINASH_PANDA,PAT_01682
MEENAKSHI_R_PATIL,PAT_01682
S_SEETHA,PAT_01682
ABHIJITH_VR,PAT_01682
CMR_INSTITUTE_OF_TECHNOLOGY_BENGALURU,PAT_01682
SUMATHI_D,PAT_01683
CMR_INSTITUTE_OF_TECHNOLOGY,PAT_01683
MEENAKSHI_PATIL,PAT_01684
DR_SRIDEVI_S,PAT_01684
MITHIL_R_KOKANE,PAT_01684
MOKSHA_BH,PAT_01684
SANJANA_S_RAO,PAT_01684
SHWETA_UMESHCHANDRA_KARJINNI,PAT_01684
NIKITA_THAKUR,PAT_01684
TRISHA_D_RAI,PAT_01684
SRESTHA_SARKAR,PAT_01684
SRIJAN_SHIVAKUMAR_KAKHANDAKI,PAT_01684
CMR_INSTITUTE_OF_TECHNOLOGY,PAT_01684
SATYABRATA_DAS,PAT_01685
CMR_INSTITUTE_OF_TECHNOLOGY,PAT_01685
AYUSH_KUMAR,PAT_01686
ABHIJEET_KUMAR,PAT_01686
MEENAKSHI_PATIL,PAT_01686
CHIRANTH_V,PAT_01686
BHARATH_KUMAR_R,PAT_01686
CHETHAN_D_R,PAT_01686
JEEVAN_B_V,PAT_01686
YADHUNANDAN_K_S,PAT_01686
CMR_INSTITUTE_OF_TECHNOLOGY_BENGALURU,PAT_01686
NOVY_JACOB,PAT_01687
SHRISHAILA_P,PAT_01687
RICHA_R_TENGSHE,PAT_01687
NITHIN_DP,PAT_01687
SAI_NATH,PAT_01687
CMR_INSTITUTE_OF_TECHNOLOGY,PAT_01687
VIJI_K,PAT_01688
K_CHITRA,PAT_01688
ANJU_DAS,PAT_01688
SUMIT_MOHANTY,PAT_01688
ATHAR_AHMED,PAT_01688
CMR_INSTITUTE_OF_TECHNOLOGY,PAT_01688
K_UMA_LAKSHMI,PAT_01689
NAVYA_V_K,PAT_01689
CMR_INSTITUTE_OF_TECHNOLOGY,PAT_01689
SELVAM_JESIAH,PAT_01689
N_KAVIPRIYA,PAT_01689
PROF_BRIJESH_SINGH,PAT_01690
CMR_INSTITUTE_OF_TECHNOLOGY_SRI_NIVASA_REDDY_LAYOUT_AECS_LAYOUT_MARATHAHALLI_BENGALURU_KARNATAKA_560037,PAT_01690
HARINI_L,PAT_01690
HARSHITHA_H_N,PAT_01690
G_S_NISHCHITHA,PAT_01690
DILIP_KUMAR_HM,PAT_01690
DIVYA_S,PAT_01690
GIREESH_C_NEELANNAVAR,PAT_01690
DHANUSH_SHANKAR_S,PAT_01690
GUNJAN_SINGH,PAT_01690
GAGAN_KUMAR_S,PAT_01690
GAYATHRI_K,PAT_01690
HRITHIK_V_G,PAT_01690
MS_SHEELAVATHI,PAT_01690
SATYABRATA_DAS,PAT_01691
CMR_INSTITUTE_OF_TECHNOLOGY,PAT_01691
SRIVIDYA_RAMISETTY,PAT_01692
MURALI_M_C,PAT_01692
CMR_INSTITUTE_OF_TECHNOLOGY_BENGALURU,PAT_01692
DRGNANESWARI_GNANAGURU,PAT_01693
DR_SSILVIA_PRISCILA,PAT_01693
DRPRAVEEN_B_M,PAT_01693
CMR_INSTITUTE_OF_TECHNOLOGY,PAT_01693
SANTHOSH_KRISHNA_B_V,PAT_01694
CMR_INSTITUTE_OF_TECHNOLOGY,PAT_01694
RNS_INSTITUTE_OF_TECHNOLOGY,PAT_01694
GELUVARAJB,PAT_01694
PALAKITI_VENKATA_NAGENDRA_PRADEEP,PAT_01694
LAKSHMI_S_HANNE,PAT_01694
SHARATH_KUMAR_M,PAT_01694
MYTHRIS,PAT_01694
ROOPAT,PAT_01694
VIJAYALAKSHMI_H_R,PAT_01694
YASHASWI_R,PAT_01694
BATHINAPATLA_AYYAPPA,PAT_01695
CMR_INSTITUTE_OF_TECHNOLOGY,PAT_01695
BATHINAPATLA_AYYAPPA,PAT_01696
CMR_INSTITUTE_OF_TECHNOLOGY,PAT_01696
SATYABRATA_DAS,PAT_01697
CMR_INSTITUTE_OF_TECHNOLOGY,PAT_01697
RAHAMAN_FAZLUR,PAT_01698
GUPTA_PRITI,PAT_01698
GAUTAM_PRABHAT,PAT_01698
CMR_INSTITUTE_OF_TECHNOLOGY_BENGALURU,PAT_01698
PARTHASARATHY_P,PAT_01699
VENKATESH_M,PAT_01699
CMR_INSTITUTE_OF_TECHNOLOGY,PAT_01699
DAYA_RAMESHBHAI_THUMMAR,PAT_01700
MOUMITA_ROY,PAT_01700
CMR_INSTITUTE_OF_TECHNOLOGY,PAT_01700
MAHESH_KUMAR_JHA,PAT_01701
CMR_INSTITUTE_OF_TECHNOLOGY,PAT_01701
DR_ILANGO_VELCHAMY,PAT_01702
IPAVAI,PAT_01702
DR_UMA_V_R,PAT_01702
CMR_INSTITUTE_OF_TECHNOLOGY,PAT_01702
DR_ILANGO_VELCHAMY,PAT_01703
JASWANTH_SINGH_G,PAT_01703
DRUMA_V_R,PAT_01703
CMR_INSTITUTE_OF_TECHNOLOGY,PAT_01703
DR_K_MEENAKSHI,PAT_01704
DR_HANUMANTHA_RAVI_P_V_N,PAT_01704
AARYAN_UPADHYAY,PAT_01704
CMR_INSTITUTE_OF_TECHNOLOGY,PAT_01704
ASHWINI_PARASHURAM_PATIL,PAT_01705
VARSHA_PAWAR,PAT_01705
RAHUL_B,PAT_01705
RAJESH_C,PAT_01705
CMR_INSTITUTE_OF_TECHNOLOGY,PAT_01705
ABHISHEK_JAVALI,PAT_01706
CMR_INSTITUTE_OF_TECHNOLOGY_BENGALURU,PAT_01706
CMR_INSTITUTE_OF_TECHNOLOGY_COLLEGE,PAT_01707
MALLA_REDDY_ENGINEERING_COLLEGE,PAT_01707
SRIVIDYA_RAMISETTY,PAT_01708
CMR_INSTITUTE_OF_TECHNOLOGY,PAT_01708
ANASWARA_VENUNADH,PAT_01709
SHILPA_MANGESH_PANDE,PAT_01709
CMR_INSTITUTE_OF_TECHNOLOGY,PAT_01709
ANSHIKA_SHUKLA,PAT_01710
PRIYANKA_S_TALEKAR,PAT_01710
BINDU_R,PAT_01710
ABHIJEET_KUMAR,PAT_01710
CMR_INSTITUTE_OF_TECHNOLOGY,PAT_01710
PREETHI_A,PAT_01711
CMR_INSTITUTE_OF_TECHNOLOGY,PAT_01711
ANSHIKA_SHUKLA,PAT_01712
PRIYANKA_S_TALEKAR,PAT_01712
BINDU_R,PAT_01712
CMR_INSTITUTE_OF_TECHNOLOGY,PAT_01712
SUGUNADEVI_C,PAT_01713
POORANI_M,PAT_01713
AMITHA_R,PAT_01713
CMR_INSTITUTE_OF_TECHNOLOGY,PAT_01713
SUGUNADEVI_C,PAT_01714
ARVIND_R,PAT_01714
MEGHANA_NANDIPATI,PAT_01714
KAVYA_MANNE,PAT_01714
KUMARI_SWADHA,PAT_01714
CMR_INSTITUTE_OF_TECHNOLOGY,PAT_01714
SUGUNADEVI_C,PAT_01715
ARVIND_R,PAT_01715
AMISHA_THAKUR,PAT_01715
CMR_INSTITUTE_OF_TECHNOLOGY,PAT_01715
ASUVITHA,PAT_01716
S_PALLAVI,PAT_01716
HARI_CHARAN_G,PAT_01716
CMR_INSTITUTE_OF_TECHNOLOGY,PAT_01716
ANSHIKA_SHUKLA,PAT_01717
PRIYANKA_S_TALEKAR,PAT_01717
NETHRA_NAIR,PAT_01717
RAJAT_GOSAL,PAT_01717
VARUN_MAHESH_MENON,PAT_01717
CMR_INSTITUTE_OF_TECHNOLOGY_BENGALURU,PAT_01717
VYSHALI_RAO_K_P,PAT_01718
CHETHAN_B,PAT_01718
NAVNEETHRAM_V_K,PAT_01718
CMR_INSTITUTE_OF_TECHNOLOGY,PAT_01718
BALAJI_C,PAT_01719
DR_SUMITHRA_R,PAT_01719
DR_RUDRESHA_C,PAT_01719
DR_VIDYA_SHREE_V,PAT_01719
CMR_INSTITUTE_OF_TECHNOLOGY,PAT_01719
DR_V_SENTHILKUMAR,PAT_01720
MADHU_GC,PAT_01720
CMR_INSTITUTE_OF_TECHNOLOGY,PAT_01720
DR_YOGESH_KUMAR_RATHORE,PAT_01720
MR_CHTTIMOTHU_SURESH_BABU,PAT_01720
MR_LALIT_CHOWDHURY,PAT_01720
DR_ASHISH_KUMAR_SHARMA,PAT_01720
VYSHALI_RAO_K_P,PAT_01721
SANGEETA_BHANJA_CHAUDHURI,PAT_01721
CMR_INSTITUTE_OF_TECHNOLOGY,PAT_01721
K_SHIJINA_PADMANABHAN,PAT_01722
CMR_INSTITUTE_OF_TECHNOLOGY,PAT_01722
RAJESH_GOPAL,PAT_01723
CMR_INSTITUTE_OF_TECHNOLOGY,PAT_01723
B_NARASIMHA_RAO,PAT_01724
PADIDHAPU_RAJENDRA,PAT_01724
CMR_INSTITUTE_OF_TECHNOLOGY_BENGALURU,PAT_01724
ATYAM_NAGESWARA_RAO,PAT_01725
PROF_SANTOSH_KATHARI,PAT_01725
DR_SANDEEP_KUMAR_M,PAT_01725
DR_JAHNAVI_M,PAT_01725
MR_N_NAGASUBBA_REDDY,PAT_01725
CMR_INSTITUTE_OF_TECHNOLOGY_BENGALURU,PAT_01725
ANASWARA_VENUNADH,PAT_01726
DEEPA_H,PAT_01726
DR_CIYAMALA_KUSHBU_S,PAT_01726
CH_MANASA,PAT_01726
CMR_INSTITUTE_OF_TECHNOLOGY,PAT_01726
DR_BOMMANNA_K,PAT_01727
PRASHANT_S_HATTI,PAT_01727
MANIKANDAN_H,PAT_01727
ANUPAMA_B_SOMANAKATTI,PAT_01727
CMR_INSTITUTE_OF_TECHNOLOGY,PAT_01727
MANIKANDAN_H,PAT_01728
PRASHANT_S_HATTI,PAT_01728
DR_BOMMANNA_K,PAT_01728
ANUPAMA_B_SOMANAKATTI,PAT_01728
CMR_INSTITUTE_OF_TECHNOLOGY,PAT_01728
MANIKANDAN_H,PAT_01729
PRASHANT_S_HATTI,PAT_01729
DR_BOMMANNA_K,PAT_01729
ANUPAMA_B_SOMANAKATTI,PAT_01729
CMR_INSTITUTE_OF_TECHNOLOGY,PAT_01729
BALAJI_C,PAT_01730
DR_DHANANJAY_DEY,PAT_01730
CMR_INSTITUTE_OF_TECHNOLOGY,PAT_01730
BALAJI_C,PAT_01731
DR_DHANANJAY_DEY,PAT_01731
CMR_INSTITUTE_OF_TECHNOLOGY,PAT_01731
BALAJI_C,PAT_01732
DR_I_PAKRUDHEEN,PAT_01732
CMR_INSTITUTE_OF_TECHNOLOGY,PAT_01732
ATYAM_NAGESWARA_RAO,PAT_01733
DR_T_POOMPAVAI,PAT_01733
RAJSREE_S,PAT_01733
SNEHA_SHARMA,PAT_01733
SUDIKSHA_BIRADAR,PAT_01733
CMR_INSTITUTE_OF_TECHNOLOGY,PAT_01733
SRIDEVI_S,PAT_01734
SHARMILA_K_P,PAT_01734
MALAVIKA_VINAY,PAT_01734
DEVADATHAN_MENON,PAT_01734
DEEKSHITHA_M,PAT_01734
CMR_INSTITUTE_OF_TECHNOLOGY,PAT_01734
SRIDEVI_S,PAT_01735
DR_PAPPA_M,PAT_01735
DR_MEENAKSHI_PATIL,PAT_01735
DR_SHARMILA_K_P,PAT_01735
CHINMAYI_M_KASHYAP,PAT_01735
BHOOMIKA_G,PAT_01735
ASHA_KIRANA_V,PAT_01735
AMULYA_S_RAO,PAT_01735
POOJASHREE_BASKAR,PAT_01735
CMR_INSTITUTE_OF_TECHNOLOGY,PAT_01735
MAHESH_KUMAR_JHA,PAT_01736
CMR_INSTITUTE_OF_TECHNOLOGY,PAT_01736
RANJITHA_R,PAT_01737
CMR_INSTITUTE_OF_TECHNOLOGY,PAT_01737
RANJITHA_R,PAT_01738
CMR_INSTITUTE_OF_TECHNOLOGY,PAT_01738
PREETHI_A,PAT_01739
CMR_INSTITUTE_OF_TECHNOLOGY_BENGALURU,PAT_01739
S_R_SRIRAKSHA,PAT_01740
CMR_INSTITUTE_OF_TECHNOLOGY,PAT_01740
UMA_RAJU,PAT_01741
CMR_INSTITUTE_OF_TECHNOLOGY,PAT_01741
SUGUNADEVI_C,PAT_01742
ARVIND_R,PAT_01742
DR_B_UMA_MAHESWARI,PAT_01742
CMR_INSTITUTE_OF_TECHNOLOGY,PAT_01742
SUGUNADEVI_C,PAT_01743
SHILPA_MANGESH_PANDE,PAT_01743
CMR_INSTITUTE_OF_TECHNOLOGY,PAT_01743
SUGUNADEVI_C,PAT_01744
VYSHALI_RAO_K_P,PAT_01744
SRIVIDYA_R,PAT_01744
CMR_INSTITUTE_OF_TECHNOLOGY,PAT_01744
ANASWARA_VENUNADH,PAT_01745
APARNA_N,PAT_01745
CMR_INSTITUTE_OF_TECHNOLOGY,PAT_01745
RAVEESH_HEGDE,PAT_01746
CMR_INSTITUTE_OF_TECHNOLOGY_BENGALURU,PAT_01746
NIDHIS_VAISHNAW,PAT_01747
CMR_INSTITUTE_OF_TECHNOLOGY_BENGALURU,PAT_01747
MAHESH_KUMAR_JHA,PAT_01748
CMR_INSTITUTE_OF_TECHNOLOGY,PAT_01748
MONIKA_SINGH,PAT_01749
CMR_INSTITUTE_OF_TECHNOLOGY,PAT_01749
RAMDAS_BALAN,PAT_01750
CMR_INSTITUTE_OF_TECHNOLOGYBENGALURU,PAT_01750
DRKCHITRA,PAT_01751
DR_VIJI_K,PAT_01751
ATHAR_AHMED,PAT_01751
BATHINENI_KOWSHIK4,PAT_01751
GAJJALA_KOUSITHA,PAT_01751
NEHASHREE_VT,PAT_01751
ANJU_DAS,PAT_01751
CMR_INSTITUTE_OF_TECHNOLOGY_BANGALORE,PAT_01751
GAUTAM_PRABHAT,PAT_01752
RAMDAS_BALAN,PAT_01752
CMR_INSTITUTE_OF_TECHNOLOGY_BENGALURU,PAT_01752
PADIDHAPU_RAJENDRA,PAT_01753
CMR_INSTITUTE_OF_TECHNOLOGY_BENGALURU,PAT_01753
SRIDEVI_S,PAT_01754
MEENAKSHI_R_PATIL,PAT_01754
SHARMILA_K_P,PAT_01754
SANJITHA,PAT_01754
RAGHU_B_S,PAT_01754
N_RAGHAVENDRA,PAT_01754
MOHAMMAD_FIROZ_K,PAT_01754
RAKSHITHA_M_R,PAT_01754
NIKHITHA_K_N,PAT_01754
ANKITA,PAT_01754
CMR_INSTITUTE_OF_TECHNOLOGY,PAT_01754
A_SUVITHA,PAT_01755
VARSHINI_N,PAT_01755
CMR_INSTITUTE_OF_TECHNOLOGY,PAT_01755
GAUTAM_PRABHAT,PAT_01756
GUPTA_PRITI,PAT_01756
RAHAMAN_FAZLUR,PAT_01756
CMR_INSTITUTE_OF_TECHNOLOGY,PAT_01756
K_KOMALA_DEVI,PAT_01757
CMR_INSTITUTE_OF_TECHNOLOGY,PAT_01757
DRJOSEPHINE_PREM_KUMAR,PAT_01757
SUDARSHANA_RAMAN,PAT_01758
CMR_INSTITUTE_OF_TECHNOLOGY_BENGALURU,PAT_01758
GUPTA_PRITI,PAT_01759
RAHAMAN_FAZLUR,PAT_01759
GAUTAM_PRABHAT,PAT_01759
CMR_INSTITUTE_OF_TECHNOLOGY,PAT_01759
GUPTA_PRITI,PAT_01760
GAUTAM_PRABHAT,PAT_01760
RAHAMAN_FAZLUR,PAT_01760
CMR_INSTITUTE_OF_TECHNOLOGY_BENGALURU,PAT_01760
SRIDHAR_N,PAT_01761
SOPHIYA_SUSAN_S,PAT_01761
NIYA_PRASAD,PAT_01761
PPRATHIKA,PAT_01761
SHIVANI_S_MURTHY,PAT_01761
CMR_INSTITUTE_OF_TECHNOLOGY,PAT_01761
SUTAPA_SARKAR,PAT_01762
CMR_INSTITUTE_OF_TECHNOLOGY,PAT_01762
VYSHALI_RAO_K_P,PAT_01763
DR_MFARIDA_BEGAM,PAT_01763
CMR_INSTITUTE_OF_TECHNOLOGY,PAT_01763
RDHIVYA,PAT_01764
CMR_INSTITUTE_OF_TECHNOLOGY,PAT_01764
DRHELEN_JOSEPHINE_VL,PAT_01764
KESAVAMOORTHY_R,PAT_01765
AKILA_P,PAT_01765
V_RAJESH_KUMAR,PAT_01765
DR_PARTHASARATHY_V,PAT_01765
TAMIL_SELVI_N,PAT_01765
DR_S_RAVINDRAN,PAT_01765
P_KEZIA_JOY_KUMARI,PAT_01765
MANJULA_SUBRAMANIAM,PAT_01765
CMR_INSTITUTE_OF_TECHNOLOGY_BENGALURU,PAT_01765
GNANESWARI_GNANAGURU,PAT_01766
CMR_INSTITUTE_OF_TECHNOLOGY_BENGALURU,PAT_01766
DR_MJ_CARMEL_MARY_BELINDA,PAT_01767
MRS_RBHUVANYA,PAT_01767
DR_NAVEEN_KUMAR_G_N,PAT_01767
MR_RAMBABU_NALAGANDLA,PAT_01767
CMR_INSTITUTE_OF_TECHNOLOGY,PAT_01767
DR_BALACHANDRA_PATTANAIK,PAT_01767
DR_SANCHARI_SAHA,PAT_01768
CMR_INSTITUTE_OF_TECHNOLOGY_BENGALURU,PAT_01768
KRISHNA_SOWJANYA_K,PAT_01769
DR_V_N_MANJU,PAT_01769
CMR_INSTITUTE_OF_TECHNOLOGY,PAT_01769
DR_BINDU_MADAVI,PAT_01769
NEHA_PATWARI,PAT_01769
DR_V_N_MANJU,PAT_01770
KRISHNA_SOWJANYA_K,PAT_01770
J_LENISHPRAMIEE,PAT_01770
APARNA_N,PAT_01770
ARVIND_D,PAT_01770
DRRSATHYA_BAMA_KRISHNA,PAT_01770
CMR_INSTITUTE_OF_TECHNOLOGY,PAT_01770
DR_SHREEKANTH_MOOROOR_PRABHU,PAT_01771
CMR_INSTITUTE_OF_TECHNOLOGY,PAT_01771
SENTHIL_VELAN_SUGANANTHAM,PAT_01772
ABHISEK_MIDYA,PAT_01772
CMR_INSTITUTE_OF_TECHNOLOGY_BENGALURU,PAT_01772
PARTHASARATHY_P,PAT_01773
CMR_INSTITUTE_OF_TECHNOLOGY_BENGALURU,PAT_01773
DRKCHITRA,PAT_01774
DRVIJI_K,PAT_01774
CMR_INSTITUTE_OF_TECHNOLOGY_BANGALORE,PAT_01774
DRKCHITRA,PAT_01775
DRVSPRAKASH,PAT_01775
DRVIJI_K,PAT_01775
CMR_INSTITUTE_OF_TECHNOLOGY_BANGALORE,PAT_01775
DR_PARAS_NATH_SINGH,PAT_01776
CMR_INSTITUTE_OF_TECHNOLOGY,PAT_01776
HARSHA_B_K,PAT_01777
MEENAKSHI_R_PATIL,PAT_01777
SHRUTHI_M_L_J,PAT_01777
CMR_INSTITUTE_OF_TECHNOLOGY_BENGALURU,PAT_01777
SRIVIDYA_RAMISETTY,PAT_01778
VYSHALI_RAO_K_P,PAT_01778
CMR_INSTITUTE_OF_TECHNOLOGY,PAT_01778
SHYAMALI_DAS,PAT_01779
CMR_INSTITUTE_OF_TECHNOLOGY,PAT_01779
SHYAMALI_DAS,PAT_01780
TANUSHREE_MOHAPATRA,PAT_01780
CMR_INSTITUTE_OF_TECHNOLOGY,PAT_01780
ANJU_DAS,PAT_01781
PVELRAJKUMAR,PAT_01781
CMR_INSTITUTE_OF_TECHNOLOGY,PAT_01781
PARTHASARATHY_P,PAT_01782
DR_VENKATESH_M,PAT_01782
DR_NIRANJAN_L,PAT_01782
DR_A_ANDREW_ROOBERT,PAT_01782
CMR_INSTITUTE_OF_TECHNOLOGY,PAT_01782
SENTHIL_VELAN_SUGANANTHAM,PAT_01783
CMR_INSTITUTE_OF_TECHNOLOGY,PAT_01783
PAPPA_M,PAT_01784
SHARMILA_KP,PAT_01784
MEENAKSHI_R_PATIL,PAT_01784
CMR_INSTITUTE_OF_TECHNOLOGY,PAT_01784
ASWINI_N,PAT_01785
RAVEESH_HEGDE,PAT_01785
MONIKA_SINGH,PAT_01785
MAHESH_KUMAR_JHA,PAT_01785
CMR_INSTITUTE_OF_TECHNOLOGY_BENGALURU,PAT_01785
SENTHIL_VELAN_SUGANANTHAM,PAT_01786
CMR_INSTITUTE_OF_TECHNOLOGY,PAT_01786
MEENAKSHI_PATIL,PAT_01787
DR_NAVEEN_KUMAR_G_N,PAT_01787
DR_HARSHA_B_K,PAT_01787
DHRUV_SHARMA,PAT_01787
CMR_INSTITUTE_OF_TECHNOLOGY,PAT_01787
MEENAKSHI_PATIL,PAT_01788
SUTAPA_SARKAR,PAT_01788
CMR_INSTITUTE_OF_TECHNOLOGY_BENGALURU,PAT_01788
UMA_RAJU,PAT_01789
PUSULURI_VENKATA_NAGA_HANUMANTHA_RAVI,PAT_01789
PRATAP_D,PAT_01789
K_MEENAKSHI,PAT_01789
CMR_INSTITUTE_OF_TECHNOLOGY,PAT_01789
HEMA_HC,PAT_01790
VIBHA_N_DALAWAI,PAT_01790
CMR_INSTITUTE_OF_TECHNOLOGY_BENGALURU,PAT_01790
NAGENDRA_P,PAT_01790
PREETI_JACOB,PAT_01791
CMR_INSTITUTE_OF_TECHNOLOGY_BENGALURU,PAT_01791
K_SHIJINA_PADMANABHAN,PAT_01792
CMR_INSTITUTE_OF_TECHNOLOGY_BENGALURU,PAT_01792
DR_B_RAJENDRA_PRASAD_REDDY,PAT_01793
CMR_INSTITUTE_OF_TECHNOLOGY,PAT_01793
ASWINI_N,PAT_01794
R_ELUMALAI,PAT_01794
CMR_INSTITUTE_OF_TECHNOLOGY_BENGALURU,PAT_01794
MANIKANDAN_H,PAT_01795
PRASHANT_S_HATTI,PAT_01795
CMR_INSTITUTE_OF_TECHNOLOGY,PAT_01795
ANISH_M,PAT_01796
JAYAPRABAKAR_J,PAT_01796
ARUNKUMAR_T,PAT_01796
MANIKANDAN_H,PAT_01796
CMR_INSTITUTE_OF_TECHNOLOGY,PAT_01796
CMR_INSTITUTE_OF_TECHNOLOGY,PAT_01797
DR_SENTHIL_VELAN_SUGANANTHAM,PAT_01797
MEENAKSHI_PATIL,PAT_01798
DR_EISHA_AKANKSHA,PAT_01798
CMR_INSTITUTE_OF_TECHNOLOGY_BENGALURU,PAT_01798
UMA_RAJU,PAT_01799
CMR_INSTITUTE_OF_TECHNOLOGY,PAT_01799
ASWINI_N,PAT_01800
PREETHI_A,PAT_01800
CMR_INSTITUTE_OF_TECHNOLOGY_BENGALURU,PAT_01800
SENTHIL_VELAN_SUGANANTHAM,PAT_01801
CMR_INSTITUTE_OF_TECHNOLOGY,PAT_01801
SMITHA_N,PAT_01802
TANUJA_R,PAT_01802
CMR_INSTITUTE_OF_TECHNOLOGY,PAT_01802
RESHMA_P_ELDHO,PAT_01803
CMR_INSTITUTE_OF_TECHNOLOGY,PAT_01803
RANJITHAR,PAT_01804
CMR_INSTITUTE_OF_TECHNOLOGY,PAT_01804
GAUTAM_FRABHAT,PAT_01805
GUPTA_PRITI,PAT_01805
RAHAMAN_FAZLUR,PAT_01805
CMR_INSTITUTE_OF_TECHNOLOGY_BENGALURU,PAT_01805
GUPTA_PRITI,PAT_01806
GAUTAM_PRABHAT,PAT_01806
RAHAMAN_FAZLUR,PAT_01806
CMR_INSTITUTE_OF_TECHNOLOGY_BENGALURU,PAT_01806
GUPTA_PRITI,PAT_01807
GAUTAM_PRABHAT,PAT_01807
RAHAMAN_FAZLUR,PAT_01807
CMR_INSTITUTE_OF_TECHNOLOGY_BENGALURU,PAT_01807
ANAND_R,PAT_01808
MAHESH_KUMAR_JHA,PAT_01808
RUBINI_P,PAT_01808
MONIKA_SINGH,PAT_01808
RAVEESH_HEGDE,PAT_01808
CMR_INSTITUTE_OF_TECHNOLOGY,PAT_01808
GNANESWARI_GNANAGURU,PAT_01809
CMR_INSTITUTE_OF_TECHNOLOGY,PAT_01809
K_KOMALA_DEVI,PAT_01810
CMR_INSTITUTE_OF_TECHNOLOGY,PAT_01810
DRJOSEPHINE_PREM_KUMAR,PAT_01810
SUDARSHANA_RAMAN,PAT_01811
CMR_INSTITUTE_OF_TECHNOLOGY,PAT_01811
MRTVINODHKANNAN_MOOKAMBIGAI_COLLEGE_OF_ENGINEERING,PAT_01812
DRASHISH_KUMAR_SRIVASTAVA_GALGOTIAS_UNIVERSITY,PAT_01812
MRSDIVYA_SINGH_CMRIT_CMR_INSTITUTE_OF_TECHNOLOGY,PAT_01812
DRSHADAB_IRFAN_UNITED_UNIVERSITY,PAT_01812
MRGAURAV_DWIVEDI_UNITED_UNIVERSITY,PAT_01812
ASHWINI_MADHAVA_GAIKWAD,PAT_01813
DR_MFARIDA_BEGAM,PAT_01813
CMR_INSTITUTE_OF_TECHNOLOGY,PAT_01813
DR_RAMYA_C,PAT_01814
DR_MANNAR_MANNAN_J,PAT_01814
MRS_C_SHARON_ROJI_PRIYA,PAT_01814
DR_SAVITA_CHANNAGAUDAR,PAT_01814
CMR_INSTITUTE_OF_TECHNOLOGY_BENGALURU,PAT_01814
SHREEKANTH_MOOROOR_PRABHU,PAT_01815
SUGATO_CHAKRABARTY,PAT_01815
CMR_INSTITUTE_OF_TECHNOLOGY_BENGALURU,PAT_01815
KEKA_MUKHOPADHYAYA,PAT_01816
CMR_INSTITUTE_OF_TECHNOLOGY,PAT_01816
S_ASIF_CMR_INSTITUTE_OF_TECHNOLOGY,PAT_01817
DR_M_SRIRAMA_LAKSHMI_REDDY_CMR_INSTITUTE_OF_TECHNOLOGY,PAT_01817
GANAPAVARAPU_SUREKHA_CMR_INSTITUTE_OF_TECHNOLOGY,PAT_01817
TN_CHITTI_NEW_HORIZON_COLLEGE_OF_ENGINEERING,PAT_01817
JYOTSNA_TARIGOPPULA_CMR_INSTITUTE_OF_TECHNOLOGY,PAT_01817
DRKCHITRA,PAT_01818
DRVSPRAKASH,PAT_01818
DRVIJI_K,PAT_01818
CMR_INSTITUTE_OF_TECHNOLOGY_BANGALORE,PAT_01818
DR_K_CHITRA,PAT_01819
DR_VIJI_K,PAT_01819
ATHAR_AHMED,PAT_01819
BATHINENI_KOWSHIK,PAT_01819
JIDGNESH_SATISHCHANDRA_WANI,PAT_01819
SIDDARTH_KRISHNA_HUDEDAMANI,PAT_01819
KOUSITHA_GAJJALA,PAT_01819
KEERTHI_ANNIGERI,PAT_01819
THE_CMR_INSTITUTE_OF_TECHNOLOGY,PAT_01819
DR_SANCHARI_SAHA,PAT_01820
CMR_INSTITUTE_OF_TECHNOLOGY_BENGALURU,PAT_01820
DR_PARTHASARATHY_P,PAT_01821
MRS_SUSMITHA_ALAMURU,PAT_01821
CMR_INSTITUTE_OF_TECHNOLOGY,PAT_01821
MS_ANKITHA_RAO,PAT_01822
DR_ADARSH_RAG_S,PAT_01822
DR_SOMASHEKARA_BHAT,PAT_01822
DR_SHOUNAK_DE,PAT_01822
MS_JAYALAKSHMI,PAT_01822
CMR_INSTITUTE_OF_TECHNOLOGY,PAT_01822
RESHMA_P_ELDHO,PAT_01823
NITHARA_P_V,PAT_01823
LOKASREE_B_S,PAT_01823
PRIYANKA_PRIYADARSHINI_PADHI,PAT_01823
CMR_INSTITUTE_OF_TECHNOLOGY,PAT_01823
SSHANKAR_NARAYAN,PAT_01824
NIDHI_S_VAISHNAW,PAT_01824
CMR_INSTITUTE_OF_TECHNOLOGY,PAT_01824
MADHI_S_VAISHNAW,PAT_01825
S_SHANKAR_NARAYAN,PAT_01825
CMR_INSTITUTE_OF_TECHNOLOGY,PAT_01825
DR_PARTHASARATHY_P,PAT_01826
MR_MANJUNATH_V_GUDUR,PAT_01826
DR_L_NAGARAJAN,PAT_01826
CMR_INSTITUTE_OF_TECHNOLOGY,PAT_01826
GIRIDHAR_S,PAT_01827
DR_VAKULA_RANI_J,PAT_01827
AISHWARYA_JAKKA,PAT_01827
HAMSINI_KANURU,PAT_01827
MAMATA_J,PAT_01827
BHAGATH_BABU,PAT_01827
TARUN_S_R,PAT_01827
CMR_INSTITUTE_OF_TECHNOLOGY,PAT_01827
SRIVIDYA_RAMISETTY,PAT_01828
VYSHALI_RAO_K_P,PAT_01828
CMR_INSTITUTE_OF_TECHNOLOGY,PAT_01828
DR_ALAVUDEEN_BASHA_A,PAT_01829
DR_PARTHASARATHY_P,PAT_01829
CMR_INSTITUTE_OF_TECHNOLOGY,PAT_01829
PARTHASARATHY_P,PAT_01830
NAVASHREE_N,PAT_01830
CMR_INSTITUTE_OF_TECHNOLOGY,PAT_01830
CHAITANYA_LEKSHMI_INDIRA,PAT_01831
CMR_INSTITUTE_OF_TECHNOLOGY,PAT_01831
DR_MANISH_MITTAL,PAT_01832
DR_MULUGETA_TESEMA,PAT_01832
DR_SABBINENI_POOJITHA,PAT_01832
CMR_INSTITUTE_OF_TECHNOLOGY,PAT_01832
MS_HARSHVARDHAN_SANGRAM_PATIL,PAT_01832
DR_SANGRAM_PATIL,PAT_01832
DR_BHAGATSING_JITKAR,PAT_01832
DR_NAVEEN_KUMAR_G_N,PAT_01832
SUDARSHANA_RAMAN,PAT_01833
CMR_INSTITUTE_OF_TECHNOLOGY_BENGALURU,PAT_01833
JOSHUA_SAMUEL_RAJ,PAT_01834
MSCSHARON_ROJI_PRIYA,PAT_01834
DRSAM_GILVINE_SAMUVEL,PAT_01834
CMR_INSTITUTE_OF_TECHNOLOGY,PAT_01834
PAPPA_M,PAT_01835
SRIDEVI_S,PAT_01835
SHARMILA_KP,PAT_01835
CMR_INSTITUTE_OF_TECHNOLOGY_BENGALURU,PAT_01835
PAPPA_M,PAT_01836
SHARMILA_KP,PAT_01836
SRIDEVI_S,PAT_01836
CMR_INSTITUTE_OF_TECHNOLOGY_BENGALURU,PAT_01836
RAHAMAN_FAZLUR,PAT_01837
CMR_INSTITUTE_OF_TECHNOLOGY,PAT_01837
SHARMILA_K_P,PAT_01838
PAPPA_M,PAT_01838
SRIDEVI_S,PAT_01838
MALAVIKA_VINAY,PAT_01838
DEVADATHAN_MENON,PAT_01838
CMR_INSTITUTE_OF_TECHNOLOGY,PAT_01838
VENKATESH_NAIK,PAT_01839
SAGAR_M_BALIGIDAD,PAT_01839
CMR_INSTITUTE_OF_TECHNOLOGY,PAT_01839
VENKATESH_NAIK,PAT_01840
NARENDRA_N,PAT_01840
CMR_INSTITUTE_OF_TECHNOLOGY_BENGALURU,PAT_01840
GOPI_S,PAT_01840
ANJU_DAS,PAT_01841
DR_NAGESWARA_RAO_ATYAM,PAT_01841
CMR_INSTITUTE_OF_TECHNOLOGY,PAT_01841
DR_P_VIJAYAPRIYA,PAT_01841
MR_THAMILMARAN,PAT_01841
SANTOSH_Y_N,PAT_01841
SENTHIL_VELAN_SUGANANTHAM,PAT_01842
CMR_INSTITUTE_OF_TECHNOLOGY,PAT_01842
PVELRAJKUMAR,PAT_01843
CMR_INSTITUTE_OF_TECHNOLOGY,PAT_01843
ASHWINI_PARASHURAM_PATIL,PAT_01844
CMR_INSTITUTE_OF_TECHNOLOGY_BENGALURU,PAT_01844
IMTIYAZ_AHMED_B_K,PAT_01845
CMR_INSTITUTE_OF_TECHNOLOGY,PAT_01845
RANJITHA_R,PAT_01846
CMR_INSTITUTE_OF_TECHNOLOGY,PAT_01846
PREETHI_A,PAT_01847
SARKAR_SUTAPA,PAT_01847
CMR_INSTITUTE_OF_TECHNOLOGY,PAT_01847
SUGANYA_J,PAT_01848
CMR_INSTITUTE_OF_TECHNOLOGY,PAT_01848
ASWINI_N,PAT_01849
RAVEESH_HEGDE,PAT_01849
CMR_INSTITUTE_OF_TECHNOLOGY,PAT_01849
SUTAPA_SARKAR,PAT_01850
PREETHI_A,PAT_01850
CMR_INSTITUTE_OF_TECHNOLOGY,PAT_01850
UMA_RAJU,PAT_01851
CMR_INSTITUTE_OF_TECHNOLOGY,PAT_01851
ALAVUDEEN_BASHA_A,PAT_01852
PARTHASARATHY_P,PAT_01852
MANJUNATH_V_GUDUR,PAT_01852
CMR_INSTITUTE_OF_TECHNOLOGY,PAT_01852
PARTHASARATHY_P,PAT_01853
CMR_INSTITUTE_OF_TECHNOLOGY,PAT_01853
SRIDEVI_S,PAT_01854
PAPPA_M,PAT_01854
SHARMILA_KP,PAT_01854
CMR_INSTITUTE_OF_TECHNOLOGY,PAT_01854
RICHA_TENGSHE,PAT_01855
CMR_INSTITUTE_OF_TECHNOLOGY,PAT_01855
JOSHUA_SAMUEL_RAJ,PAT_01856
S_SOLAI_MANOHAR,PAT_01856
CMR_INSTITUTE_OF_TECHNOLOGY,PAT_01856
GUPTA_PRITI,PAT_01857
GAUTAM_PRABHAT,PAT_01857
CMR_INSTITUTE_OF_TECHNOLOGY_BENGALURU,PAT_01857
GUPTA_PRITI,PAT_01858
CMR_INSTITUTE_OF_TECHNOLOGY_BENGALURU,PAT_01858
GAUTAM_PRABHAT,PAT_01859
CMR_INSTITUTE_OF_TECHNOLOGY_BENGALURU,PAT_01859
ARIJIT_DATTA,PAT_01860
CMR_INSTITUTE_OF_TECHNOLOGY,PAT_01860
K_KOMALA_DEVI,PAT_01861
CMR_INSTITUTE_OF_TECHNOLOGY_BENGALURU,PAT_01861
SANDHYA_MOORAKA,PAT_01861
KCSHALINI,PAT_01861
KKAVITHA,PAT_01861
PANITHA,PAT_01861
DR_N_JAYANTHI,PAT_01862
CMR_INSTITUTE_OF_TECHNOLOGY,PAT_01862
SOPHIYA_SUSAN_S,PAT_01863
CMR_INSTITUTE_OF_TECHNOLOGY,PAT_01863
SHERLY,PAT_01864
NOEL_ANAND_RAJ,PAT_01864
MARY_SUBAJA_CHRISTO,PAT_01864
CHRISTO_GEORGE,PAT_01864
CMR_INSTITUTE_OF_TECHNOLOGY,PAT_01864
GUPTA_PRITI,PAT_01865
CMR_INSTITUTE_OF_TECHNOLOGY,PAT_01865
GAUTAM_PRABHAT,PAT_01866
CMR_INSTITUTE_OF_TECHNOLOGY,PAT_01866
ARUNKUMAR,PAT_01867
SRINIVAS_REDDY_MUNGARA,PAT_01867
VIDHYASHREE_V,PAT_01867
SHASHIKIRAN_R,PAT_01867
JAGADISH,PAT_01867
RAHULS,PAT_01867
FAIZAN_BILAL_AHMAD,PAT_01867
TEJAS_V_N,PAT_01867
S_DHANUSH,PAT_01867
VIJAY_KUMAR_V,PAT_01867
ABDUL_MALIK_M_A,PAT_01867
SANDEEP_V,PAT_01867
CMR_INSTITUTE_OF_TECHNOLOGY,PAT_01867
ARUNKUMAR_YADAV,PAT_01868
RUCHIR_AJ,PAT_01868
CMR_INSTITUTE_OF_TECHNOLOGYBENGALURU_37,PAT_01868
INGENIOUZ,PAT_01869
DR_T_LALITHAJAIN_DEEMEDTOBE_UNIVERSITY,PAT_01869
DR_SUSHMA_JAISWALGURU_GHASIDAS_VISHWAVIDYALAYA,PAT_01869
DR_GANESH_D_RCMR_INSTITUTE_OF_TECHNOLOGY,PAT_01869
DRSAPRAM_SRILALITHA_ACE_ENGINEERING_COLLEGE,PAT_01869
DR_KAVITHA_HSIDDAGANGA_INSTITUTE_OF_TECHNOLOGY,PAT_01869
DR_GURPREET_SINGHPUNJAB_INSTITUTE_OF_TECHNOLOGYRAJPURA,PAT_01869
DR_AMANPREET_KAURUNIVERSITY_INSTITUTE_OF_ENGINEERING,PAT_01869
DR_AMIT_KUMAR_MANOCHAPUNJAB_INSTITUTE_OF_TECHNOLOGYMOGA,PAT_01869
DR_AASHDEEP_SINGHPUNJAB_INSTITUTE_OF_TECHNOLOGYRAJPURA,PAT_01869
DR_NABEEL_AHMADIFTM_UNIVERSITY,PAT_01869
DR_ARVIND_KUMAR_SHUKLAIFTM_UNIVERSITY,PAT_01869
MAKHAN_KUMBHKARCHRISTIAN_EMINENT_COLLEGE,PAT_01869
PES_UNIVERSITY,PAT_01870
PES_UNIVERSITY,PAT_01871
PES_UNIVERSITY,PAT_01872
PES_UNIVERSITY,PAT_01873
PES_UNIVERSITY,PAT_01874
PES_UNIVERSITY,PAT_01875
PES_UNIVERSITY,PAT_01876
PES_UNIVERSITY,PAT_01877
PES_UNIVERSITY,PAT_01878
PES_UNIVERSITY,PAT_01879
SAPTHAGIRI_NPS_UNIVERSITY,PAT_01879
JENY_JIJO,PAT_01879
SARITHA,PAT_01879
DR_S_JAGANNATHA,PAT_01879
PES_UNIVERSITY,PAT_01880
PES_UNIVERSITY,PAT_01881
PES_UNIVERSITY,PAT_01882
PES_UNIVERSITY,PAT_01883
PES_UNIVERSITY,PAT_01884
PES_UNIVERSITY,PAT_01885
PES_UNIVERSITY,PAT_01886
PES_UNIVERSITY,PAT_01887
PES_UNIVERSITY,PAT_01888
PES_UNIVERSITY,PAT_01889
PES_UNIVERSITY,PAT_01890
PES_UNIVERSITY,PAT_01891
PES_UNIVERSITY,PAT_01892
PES_UNIVERSITY,PAT_01893
PES_UNIVERSITY,PAT_01894
PES_UNIVERSITY,PAT_01895
PES_UNIVERSITY,PAT_01896
PES_UNIVERSITY,PAT_01897
PES_UNIVERSITY,PAT_01898
PES_UNIVERSITY,PAT_01899
PES_UNIVERSITY,PAT_01900
PES_UNIVERSITY,PAT_01901
PES_UNIVERSITY,PAT_01902
PES_UNIVERSITY,PAT_01903
PES_UNIVERSITY,PAT_01904
PES_UNIVERSITY,PAT_01905
PES_UNIVERSITY,PAT_01906
PES_UNIVERSITY,PAT_01907
PES_UNIVERSITY,PAT_01908
PES_UNIVERSITY,PAT_01909
PES_UNIVERSITY,PAT_01910
PES_UNIVERSITY,PAT_01911
PES_UNIVERSITY,PAT_01912
PES_UNIVERSITY,PAT_01913
PES_UNIVERSITY,PAT_01914
PES_UNIVERSITY,PAT_01915
PES_UNIVERSITY,PAT_01916
PES_UNIVERSITY,PAT_01917
PES_UNIVERSITY,PAT_01918
PES_UNIVERSITY,PAT_01919
PES_UNIVERSITY,PAT_01920
PES_UNIVERSITY,PAT_01921
PES_UNIVERSITY,PAT_01922
PES_UNIVERSITY,PAT_01923
PES_UNIVERSITY,PAT_01924
PES_UNIVERSITY,PAT_01925
PES_UNIVERSITY,PAT_01926
PES_UNIVERSITY,PAT_01927
PES_UNIVERSITY,PAT_01928
PES_UNIVERSITY,PAT_01929
PES_UNIVERSITY,PAT_01930
PES_UNIVERSITY,PAT_01931
PES_UNIVERSITY,PAT_01932
PES_UNIVERSITY,PAT_01933
PES_UNIVERSITY,PAT_01934
PES_UNIVERSITY,PAT_01935
PES_UNIVERSITY,PAT_01936
PES_UNIVERSITY,PAT_01937
PES_UNIVERSITY,PAT_01938
PES_UNIVERSITY,PAT_01939
PES_UNIVERSITY,PAT_01940
PES_UNIVERSITY,PAT_01941
PES_UNIVERSITY,PAT_01942
PES_UNIVERSITY,PAT_01943
PES_UNIVERSITY,PAT_01944
PES_UNIVERSITY,PAT_01945
PES_UNIVERSITY,PAT_01946
PES_UNIVERSITY,PAT_01947
PES_UNIVERSITY,PAT_01948
PES_UNIVERSITY,PAT_01949
PES_UNIVERSITY,PAT_01950
PES_UNIVERSITY,PAT_01951
PES_UNIVERSITY,PAT_01952
PES_UNIVERSITY,PAT_01953
PES_UNIVERSITY,PAT_01954
PES_UNIVERSITY,PAT_01955
PES_UNIVERSITY,PAT_01956
NEW_HORIZON_COLLEGE_OF_ENGINEERING,PAT_01957
NARAYANA_SWAMY_RAMAIAH,PAT_01957
NEW_HORIZON_COLLEGE_OF_ENGINEERING,PAT_01958
DR_NARAYANA_SWAMY_RAMAIAH,PAT_01958
MS_RAMAIAH_INSTITUTE_OF_TECHNOLOGY,PAT_01959
MS_RAMAIAH_INSTITUTE_OF_TECHNOLOGY,PAT_01960
MS_RAMAIAH_INSTITUTE_OF_TECHNOLOGY,PAT_01961
MS_RAMAIAH_INSTITUTE_OF_TECHNOLOGY,PAT_01962
MS_RAMAIAH_INSTITUTE_OF_TECHNOLOGY,PAT_01963
MS_RAMAIAH_INSTITUTE_OF_TECHNOLOGY,PAT_01964
MS_RAMAIAH_INSTITUTE_OF_TECHNOLOGY,PAT_01965
MS_RAMAIAH_INSTITUTE_OF_TECHNOLOGY,PAT_01966
MS_RAMAIAH_INSTITUTE_OF_TECHNOLOGY,PAT_01967
MS_RAMAIAH_INSTITUTE_OF_TECHNOLOGY,PAT_01968
MS_RAMAIAH_INSTITUTE_OF_TECHNOLOGY,PAT_01969
MS_RAMAIAH_INSTITUTE_OF_TECHNOLOGY,PAT_01970
MS_RAMAIAH_INSTITUTE_OF_TECHNOLOGY,PAT_01971
MS_RAMAIAH_INSTITUTE_OF_TECHNOLOGY,PAT_01972
MS_RAMAIAH_INSTITUTE_OF_TECHNOLOGY,PAT_01973
MS_RAMAIAH_INSTITUTE_OF_TECHNOLOGY,PAT_01974
MS_RAMAIAH_INSTITUTE_OF_TECHNOLOGY,PAT_01975
MS_RAMAIAH_INSTITUTE_OF_TECHNOLOGY,PAT_01976
MS_RAMAIAH_INSTITUTE_OF_TECHNOLOGY,PAT_01977
MS_RAMAIAH_INSTITUTE_OF_TECHNOLOGY,PAT_01978
MS_RAMAIAH_INSTITUTE_OF_TECHNOLOGY,PAT_01979
MS_RAMAIAH_INSTITUTE_OF_TECHNOLOGY,PAT_01980
MS_RAMAIAH_INSTITUTE_OF_TECHNOLOGY,PAT_01981
ABHAY_BHANDARKAR,PAT_01982
NAGARAJU_KOTTAM,PAT_01982
GATTUMANE_MOTAPPA_MADHU,PAT_01982
SAMPATH_CHINNAM,PAT_01982
SHAILAJA_ANANDA_KUMAR,PAT_01982
M_S_RAMAIAH_INSTITUTE_OF_TECHNOLOGY,PAT_01982
MS_RAMAIAH_INSTITUTE_OF_TECHNOLOGY,PAT_01983
M_S_RAMAIAH_UNIVERSITY_OF_APPLIED_SCIENCES,PAT_01984
M_S_RAMAIAH_UNIVERSITY_OF_APPLIED_SCIENCES,PAT_01985
MS_RAMAIAH_INSTITUTE_OF_TECHNOLOGY,PAT_01986
MS_RAMAIAH_INSTITUTE_OF_TECHNOLOGY,PAT_01987
MS_RAMAIAH_INSTITUTE_OF_TECHNOLOGY,PAT_01988
MS_RAMAIAH_INSTITUTE_OF_TECHNOLOGY,PAT_01989
MS_RAMAIAH_INSTITUTE_OF_TECHNOLOGY,PAT_01990
MS_RAMAIAH_INSTITUTE_OF_TECHNOLOGY,PAT_01991
MS_RAMAIAH_INSTITUTE_OF_TECHNOLOGY,PAT_01992
MS_RAMAIAH_INSTITUTE_OF_TECHNOLOGY,PAT_01993
MS_RAMAIAH_INSTITUTE_OF_TECHNOLOGY,PAT_01994
MS_RAMAIAH_INSTITUTE_OF_TECHNOLOGY,PAT_01995
MS_RAMAIAH_INSTITUTE_OF_TECHNOLOGY,PAT_01996
MS_RAMAIAH_INSTITUTE_OF_TECHNOLOGY,PAT_01997
MS_RAMAIAH_INSTITUTE_OF_TECHNOLOGY,PAT_01998
CHAIRMAN_DEFENCE_RESEARCH_DEVELOPMENT_ORGANISATION_DRDO,PAT_01999
VICE_CHANCELLOR_MS_RAMAIAH_UNIVERSITY_OF_APPLIED_SCIENCES,PAT_01999
MS_RAMAIAH_INSTITUTE_OF_TECHNOLOGY,PAT_02000
CHAIRMAN_DEFENCE_RESEARCH_DEVELOPMENT_ORGANISATION_DRDO,PAT_02001
VICE_CHANCELLOR_MS_RAMAIAH_UNIVERSITY_OF_APPLIED_SCIENCES,PAT_02001
MS_RAMAIAH_INSTITUTE_OF_TECHNOLOGY,PAT_02002
MS_RAMAIAH_INSTITUTE_OF_TECHNOLOGY,PAT_02003
MS_RAMAIAH_INSTITUTE_OF_TECHNOLOGY,PAT_02004
MS_RAMAIAH_UNIVERSITY_OF_APPLIED_SCIENCES,PAT_02005
MS_RAMAIAH_INSTITUTE_OF_TECHNOLOGY,PAT_02006
MS_RAMAIAH_INSTITUTE_OF_TECHNOLOGY,PAT_02007
MS_RAMAIAH_INSTITUTE_OF_TECHNOLOGY,PAT_02008
MS_RAMAIAH_INSTITUTE_OF_TECHNOLOGY,PAT_02009
MS_RAMAIAH_INSTITUTE_OF_TECHNOLOGY,PAT_02010
MS_RAMAIAH_INSTITUTE_OF_TECHNOLOGY,PAT_02011
MS_RAMAIAH_INSTITUTE_OF_TECHNOLOGY,PAT_02012
MS_RAMAIAH_INSTITUTE_OF_TECHNOLOGY,PAT_02013
MS_RAMAIAH_INSTITUTE_OF_TECHNOLOGY,PAT_02014
MS_RAMAIAH_INSTITUTE_OF_TECHNOLOGY,PAT_02015
MS_RAMAIAH_INSTITUTE_OF_TECHNOLOGY,PAT_02016
MS_RAMAIAH_INSTITUTE_OF_TECHNOLOGY,PAT_02017
MS_RAMAIAH_INSTITUTE_OF_TECHNOLOGY,PAT_02018
MS_RAMAIAH_INSTITUTE_OF_TECHNOLOGY,PAT_02019
MS_RAMAIAH_INSTITUTE_OF_TECHNOLOGY,PAT_02020
MS_RAMAIAH_INSTITUTE_OF_TECHNOLOGY,PAT_02021
MS_RAMAIAH_INSTITUTE_OF_TECHNOLOGY,PAT_02022
MS_RAMAIAH_INSTITUTE_OF_TECHNOLOGY,PAT_02023
MS_RAMAIAH_INSTITUTE_OF_TECHNOLOGY,PAT_02024
MS_RAMAIAH_INSTITUTE_OF_TECHNOLOGY,PAT_02025
MS_RAMAIAH_INSTITUTE_OF_TECHNOLOGY,PAT_02026
MS_RAMAIAH_INSTITUTE_OF_TECHNOLOGY,PAT_02027
MS_RAMAIAH_INSTITUTE_OF_TECHNOLOGY,PAT_02028
DR_GALANKI_VASANTHA,PAT_02029
DR_R_E_UGANDAR,PAT_02029
DR_KESHAMMA_E,PAT_02029
MS_NEHA_SHARMA,PAT_02029
DR_KALPANA_PRAVIN_RAHATE,PAT_02029
MS_KAJAL_ARORA,PAT_02029
DR_RAMAIAH_MADDI,PAT_02029
MR_MANEESH_KUMAR_SINGH,PAT_02029
MR_KIRAN_CHANABASAPPA_NILUGAL,PAT_02029
DRCHTARAKARAMARAO,PAT_02029
MS_SANAVI_BYAHUT,PAT_02029
MR_VIKRAM_KUMAR,PAT_02029
MS_RAMAIAH_INSTITUTE_OF_TECHNOLOGY,PAT_02030
MS_RAMAIAH_INSTITUTE_OF_TECHNOLOGY,PAT_02031
M_S_RAMAIAH_INSTITUTE_OF_TECHNOLOGY,PAT_02032
M_S_RAMAIAH_INSTITUTE_OF_TECHNOLOGY,PAT_02033
M_S_RAMAIAH_INSTITUTE_OF_TECHNOLOGY,PAT_02034
MS_RAMAIAH_INSTITUTE_OF_TECHNOLOGY,PAT_02035
MS_RAMAIAH_INSTITUTE_OF_TECHNOLOGY,PAT_02036
MS_RAMAIAH_INSTITUTE_OF_TECHNOLOGY,PAT_02037
MS_RAMAIAH_INSTITUTE_OF_TECHNOLOGY,PAT_02038
MS_RAMAIAH_INSTITUTE_OF_TECHNOLOGY,PAT_02039
MS_RAMAIAH_INSTITUTE_OF_TECHNOLOGY,PAT_02040
MS_RAMAIAH_INSTITUTE_OF_TECHNOLOGY,PAT_02041
MS_RAMAIAH_INSTITUTE_OF_TECHNOLOGY,PAT_02042
MS_RAMAIAH_INSTITUTE_OF_TECHNOLOGY,PAT_02043
MS_RAMAIAH_INSTITUTE_OF_TECHNOLOGY,PAT_02044
MS_RAMAIAH_INSTITUTE_OF_TECHNOLOGY,PAT_02045
MS_RAMAIAH_INSTITUTE_OF_TECHNOLOGY,PAT_02046
MS_RAMAIAH_INSTITUTE_OF_TECHNOLOGY,PAT_02047
MS_RAMAIAH_INSTITUTE_OF_TECHNOLOGY,PAT_02048
MS_RAMAIAH_INSTITUTE_OF_TECHNOLOGY,PAT_02049
MS_RAMAIAH_INSTITUTE_OF_TECHNOLOGY,PAT_02050
DR_M_SHOUKATH_ALIGEETHANJALI_COLLEGE_OF_ENGINEERING_AND_TECHNOLOGY,PAT_02051
POOJITHA_B_SRIDHARA_SETTYDAVANGERE_UNIVERSITY,PAT_02051
DR_SHOBHA_K_RRAMAIAH_INSTITUTE_OF_TECHNOLOGY,PAT_02051
DR_J_JAYAPRAKASHDRMGR_EDUCATIONAL_AND_RESEARCH_INSTITUTE_DEEMED_TO_BE_UNIVERSITY,PAT_02051
DRMANJUNATH_RRR_INSTITUTE_OF_TECHNOLOGY,PAT_02051
DRSUMANTH_VRR_INSTITUTE_OF_TECHNOLOGY,PAT_02051
DRNAVEEN_MRR_INSTITUTE_OF_TECHNOLOGY,PAT_02051
DR_VIJAYA_KUMAR_A_VPROUDHADEVARAYA_INSTITUTE_OF_TECHNOLOGY,PAT_02051
ASTHA_SINGH_KUSHWAHADRRAMMANOHAR_LOHIA_AVADH_UNIVERSITY,PAT_02051
RAMASHIS_BANERJEENATIONAL_INSTITUTE_OF_TECHNOLOGY_SILCHAR,PAT_02051
DR_A_KALAIVANINEHRU_ARTS_AND_SCIENCE_COLLEGEAUTONOMOUS,PAT_02051
REKHARSRI_RAMAKRISHNA_COLLEGE_OF_ARTS_AND_SCIENCE,PAT_02051
MS_RAMAIAH_INSTITUTE_OF_TECHNOLOGY,PAT_02052
MS_RAMAIAH_INSTITUTE_OF_TECHNOLOGY,PAT_02053
MS_RAMAIAH_INSTITUTE_OF_TECHNOLOGY,PAT_02054
MS_RAMAIAH_INSTITUTE_OF_TECHNOLOGY,PAT_02055
MS_RAMAIAH_INSTITUTE_OF_TECHNOLOGY,PAT_02056
MS_RAMAIAH_INSTITUTE_OF_TECHNOLOGY,PAT_02057
MS_RAMAIAH_INSTITUTE_OF_TECHNOLOGY,PAT_02058
MS_RAMAIAH_INSTITUTE_OF_TECHNOLOGY,PAT_02059
MS_RAMAIAH_INSTITUTE_OF_TECHNOLOGY,PAT_02060
MS_RAMAIAH_INSTITUTE_OF_TECHNOLOGY,PAT_02061
MS_RAMAIAH_INSTITUTE_OF_TECHNOLOGY,PAT_02062
RAMAIAH_INSTITUTE_OF_TECHNOLOGY,PAT_02063
DR_NARAYANA_SWAMY_RAMAIAH,PAT_02064
DR_V_SANGEETHA,PAT_02064
DR_D_NESAKUMAR,PAT_02064
MR_T_SANTHOSH_KUMAR,PAT_02064
MS_M_SARITHA,PAT_02064
MR_V_ADITHYA_POTHAN_RAJ,PAT_02064
DR_G_PAVITHRA,PAT_02064
DR_T_C_MANJUNATH,PAT_02064
DR_V_KAMATCHI_KANNAN,PAT_02064
DR_P_PONMURUGAN,PAT_02064
SATISH_RAMAIAH,PAT_02065
SATISH_RAMAIAH,PAT_02066
M_S_RAMAIAH_UNIVERSITY_OF_APPLIED_SCIENCES,PAT_02067
M_S_RAMAIAH_UNIVERSITY_OF_APPLIED_SCIENCES,PAT_02068
M_S_RAMAIAH_UNIVERSITY_OF_APPLIED_SCIENCES,PAT_02069
M_S_RAMAIAH_UNIVERSITY_OF_APPLIED_SCIENCES,PAT_02070
M_S_RAMAIAH_UNIVERSITY_OF_APPLIED_SCIENCES,PAT_02071
M_S_RAMAIAH_UNIVERSITY_OF_APPLIED_SCIENCES,PAT_02072
M_S_RAMAIAH_UNIVERSITY_OF_APPLIED_SCIENCES,PAT_02073
M_S_RAMAIAH_UNIVERSITY_OF_APPLIED_SCIENCES,PAT_02074
M_S_RAMAIAH_UNIVERSITY_OF_APPLIED_SCIENCES,PAT_02075
DR_GNKODANDA_RAMAIAH,PAT_02076
SNANDA_KISHOR,PAT_02076
DR_THANGADURAI_N,PAT_02076
RAMAIAH_INSTITUTE_OF_MANAGEMENT_STUDIES,PAT_02077
DR_M_SWAPNA,PAT_02077
DR_PRASAD_LINGANNA,PAT_02077
SHIVAKUMAR_R,PAT_02077
DR_S_MURALI,PAT_02077
DR_RAGHAVENDRA_P_K,PAT_02077
RASHMI_K_A,PAT_02077
LOKESH_Y_R,PAT_02077
DR_CHETHAN_KUMAR_K,PAT_02077
DR_SINDHU_N,PAT_02077
ABHISHEK_JAVALI,PAT_02078
DR_SHREYANKA_SUBBARAYAPPA,PAT_02078
DR_VARUN_D,PAT_02078
RAMAIAH_UNIVERSITY_OF_APPLIED_SCIENCES_BENGALURU,PAT_02078
DR_JYOTSNA_KUMAR,PAT_02079
SHIVANJALI_ESTHER,PAT_02079
SRINIVASA_GEJJALAGERE_RAMAIAH,PAT_02079
SHREENIVASA_MALAKATE_THIMESH,PAT_02079
M_S_RAMAIAH_INSTITUTE_OF_TECHNOLOGY,PAT_02080
M_S_RAMAIAH_INSTITUTE_OF_TECHNOLOGY,PAT_02081
BANGALORE_UNIVERSITY,PAT_02081
ABHAY_BHANDARKAR,PAT_02082
SUSHMA_BYLAIAH,PAT_02082
GATTUMANE_MOTAPPA_MADHU,PAT_02082
M_S_RAMAIAH_INSTITUTE_OF_TECHNOLOGY,PAT_02082
M_S_RAMAIAH_UNIVERSITY_OF_APPLIED_SCIENCES,PAT_02083
M_S_RAMAIAH_UNIVERSITY_OF_APPLIED_SCIENCES,PAT_02084
RAMAIAH_RAJU,PAT_02085
CHANDRASHEKAR_RACHANA,PAT_02085
M_S_RAMAIAH_UNIVERSITY_OF_APPLIED_SCIENCES,PAT_02086
M_S_RAMAIAH_UNIVERSITY_OF_APPLIED_SCIENCES,PAT_02087
IITI_DRISHTI_CPS_FOUNDATION,PAT_02088
RAMAIAH_INSTITUTE_OF_TECHNOLOGY,PAT_02088
M_S_RAMAIAH_UNIVERSITY_OF_APPLIED_SCIENCES,PAT_02089
M_S_RAMAIAH_UNIVERSITY_OF_APPLIED_SCIENCES,PAT_02090
DR_RIZWAN_SAYED_I_H_SAYED,PAT_02091
DR_ABHIJIT_PANDIT,PAT_02091
DR_MAMATHA_S,PAT_02091
LT_SACHIN_A_PALANDE,PAT_02091
DR_J_VIJAYALAKSHMI,PAT_02091
VENKATA_RAMAIAH_TURLAPATI,PAT_02091
MR_LAKSHMANACHARI_SIDDI,PAT_02091
MR_PANKAJ,PAT_02091
DR_J_SRINIVASAN,PAT_02091
DR_R_VIJAYALAKSHMI,PAT_02091
DR_A_MUTHULAKSHMI,PAT_02091
DR_HARIKUMAR_PALLATHADKA,PAT_02091
M_S_RAMAIAH_UNIVERSITY_OF_APPLIED_SCIENCES,PAT_02092
M_S_RAMAIAH_UNIVERSITY_OF_APPLIED_SCIENCES,PAT_02093
M_S_RAMAIAH_UNIVERSITY_OF_APPLIED_SCIENCES,PAT_02094
M_S_RAMAIAH_UNIVERSITY_OF_APPLIED_SCIENCES,PAT_02095
M_S_RAMAIAH_UNIVERSITY_OF_APPLIED_SCIENCES,PAT_02096
M_S_RAMAIAH_UNIVERSITY_OF_APPLIED_SCIENCES,PAT_02097
M_S_RAMAIAH_UNIVERSITY_OF_APPLIED_SCIENCES,PAT_02098
M_S_RAMAIAH_UNIVERSITY_OF_APPLIED_SCIENCES,PAT_02099
M_S_RAMAIAH_UNIVERSITY_OF_APPLIED_SCIENCES,PAT_02100
M_S_RAMAIAH_UNIVERSITY_OF_APPLIED_SCIENCES,PAT_02101
M_S_RAMAIAH_UNIVERSITY_OF_APPLIED_SCIENCES,PAT_02102
M_S_RAMAIAH_UNIVERSITY_OF_APPLIED_SCIENCES,PAT_02103
M_S_RAMAIAH_UNIVERSITY_OF_APPLIED_SCIENCES,PAT_02104
M_S_RAMAIAH_UNIVERSITY_OF_APPLIED_SCIENCES,PAT_02105
M_S_RAMAIAH_UNIVERSITY_OF_APPLIED_SCIENCES,PAT_02106
M_S_RAMAIAH_UNIVERSITY_OF_APPLIED_SCIENCES,PAT_02107
M_S_RAMAIAH_UNIVERSITY_OF_APPLIED_SCIENCES,PAT_02108
M_S_RAMAIAH_UNIVERSITY_OF_APPLIED_SCIENCES,PAT_02109
M_S_RAMAIAH_UNIVERSITY_OF_APPLIED_SCIENCES,PAT_02110
M_S_RAMAIAH_UNIVERSITY_OF_APPLIED_SCIENCES,PAT_02111
M_S_RAMAIAH_UNIVERSITY_OF_APPLIED_SCIENCES,PAT_02112
M_S_RAMAIAH_UNIVERSITY_OF_APPLIED_SCIENCES,PAT_02113
M_S_RAMAIAH_UNIVERSITY_OF_APPLIED_SCIENCES,PAT_02114
M_S_RAMAIAH_UNIVERSITY_OF_APPLIED_SCIENCES,PAT_02115
M_S_RAMAIAH_UNIVERSITY_OF_APPLIED_SCIENCES,PAT_02116
MS_RAMAIAH_COLLEGE_OF_ARTS_SCIENCE_COMMERCE,PAT_02117
M_S_RAMAIAH_UNIVERSITY_OF_APPLIED_SCIENCES,PAT_02118
M_S_RAMAIAH_UNIVERSITY_OF_APPLIED_SCIENCES,PAT_02119
M_S_RAMAIAH_UNIVERSITY_OF_APPLIED_SCIENCES,PAT_02120
M_S_RAMAIAH_UNIVERSITY_OF_APPLIED_SCIENCES,PAT_02121
M_S_RAMAIAH_UNIVERSITY_OF_APPLIED_SCIENCES,PAT_02122
M_S_RAMAIAH_UNIVERSITY_OF_APPLIED_SCIENCES,PAT_02123
M_S_RAMAIAH_UNIVERSITY_OF_APPLIED_SCIENCES,PAT_02124
M_S_RAMAIAH_UNIVERSITY_OF_APPLIED_SCIENCES,PAT_02125
M_S_RAMAIAH_UNIVERSITY_OF_APPLIED_SCIENCES,PAT_02126
M_S_RAMAIAH_UNIVERSITY_OF_APPLIED_SCIENCES,PAT_02127
M_S_RAMAIAH_UNIVERSITY_OF_APPLIED_SCIENCES,PAT_02128
M_S_RAMAIAH_UNIVERSITY_OF_APPLIED_SCIENCES,PAT_02129
M_S_RAMAIAH_UNIVERSITY_OF_APPLIED_SCIENCES,PAT_02130
M_S_RAMAIAH_UNIVERSITY_OF_APPLIED_SCIENCES,PAT_02131
M_S_RAMAIAH_UNIVERSITY_OF_APPLIED_SCIENCES,PAT_02132
M_S_RAMAIAH_UNIVERSITY_OF_APPLIED_SCIENCES,PAT_02133
M_S_RAMAIAH_UNIVERSITY_OF_APPLIED_SCIENCES,PAT_02134
M_S_RAMAIAH_UNIVERSITY_OF_APPLIED_SCIENCES,PAT_02135
M_S_RAMAIAH_UNIVERSITY_OF_APPLIED_SCIENCES,PAT_02136
M_S_RAMAIAH_UNIVERSITY_OF_APPLIED_SCIENCES,PAT_02137
M_S_RAMAIAH_UNIVERSITY_OF_APPLIED_SCIENCES,PAT_02138
M_S_RAMAIAH_UNIVERSITY_OF_APPLIED_SCIENCES,PAT_02139
M_S_RAMAIAH_UNIVERSITY_OF_APPLIED_SCIENCES,PAT_02140
M_S_RAMAIAH_UNIVERSITY_OF_APPLIED_SCIENCES,PAT_02141
M_S_RAMAIAH_UNIVERSITY_OF_APPLIED_SCIENCES,PAT_02142
M_S_RAMAIAH_UNIVERSITY_OF_APPLIED_SCIENCES,PAT_02143
M_S_RAMAIAH_INSTITUTE_OF_TECHNOLOGY,PAT_02144
DR_BASAPPA_C_YALLUR,PAT_02144
DR_SAMPATH_CHINNAM,PAT_02144
DR_MOAMEN_S_REFAT,PAT_02144
DR_AMNAH_MOHAMMED_ALSUHAIBANI,PAT_02144
DR_SAFYAH_B_BAKARE,PAT_02144
DR_VINAYAK_ADIMULE,PAT_02144
MS_MAYA_PAI_M,PAT_02144
DR_KESHAVAMURTHY_KEMPAIAH,PAT_02144
MS_VINUTA_KAMAT,PAT_02144
M_S_RAMAIAH_INSTITUTE_OF_TECHNOLOGY,PAT_02145
M_S_RAMAIAH_UNIVERSITY_OF_APPLIED_SCIENCES,PAT_02146
M_S_RAMAIAH_UNIVERSITY_OF_APPLIED_SCIENCES,PAT_02147
M_S_RAMAIAH_UNIVERSITY_OF_APPLIED_SCIENCES,PAT_02148
M_S_RAMAIAH_UNIVERSITY_OF_APPLIED_SCIENCES,PAT_02149
M_S_RAMAIAH_UNIVERSITY_OF_APPLIED_SCIENCES,PAT_02150
M_S_RAMAIAH_UNIVERSITY_OF_APPLIED_SCIENCES,PAT_02151
M_S_RAMAIAH_UNIVERSITY_OF_APPLIED_SCIENCES,PAT_02152
M_S_RAMAIAH_UNIVERSITY_OF_APPLIED_SCIENCES,PAT_02153
M_S_RAMAIAH_UNIVERSITY_OF_APPLIED_SCIENCES,PAT_02154
M_S_RAMAIAH_UNIVERSITY_OF_APPLIED_SCIENCES,PAT_02155
M_S_RAMAIAH_UNIVERSITY_OF_APPLIED_SCIENCES,PAT_02156
MS_RAMAIAH_INSTITUTE_OF_TECHNOLOGY,PAT_02157
M_S_RAMAIAH_UNIVERSITY_OF_APPLIED_SCIENCES,PAT_02158
M_S_RAMAIAH_UNIVERSITY_OF_APPLIED_SCIENCES,PAT_02159
M_S_RAMAIAH_UNIVERSITY_OF_APPLIED_SCIENCES,PAT_02160
M_S_RAMAIAH_UNIVERSITY_OF_APPLIED_SCIENCES,PAT_02161
M_S_RAMAIAH_UNIVERSITY_OF_APPLIED_SCIENCES,PAT_02162
M_S_RAMAIAH_UNIVERSITY_OF_APPLIED_SCIENCES,PAT_02163
M_S_RAMAIAH_UNIVERSITY_OF_APPLIED_SCIENCES,PAT_02164
M_S_RAMAIAH_UNIVERSITY_OF_APPLIED_SCIENCES,PAT_02165
M_S_RAMAIAH_UNIVERSITY_OF_APPLIED_SCIENCES,PAT_02166
M_S_RAMAIAH_UNIVERSITY_OF_APPLIED_SCIENCES,PAT_02167
M_S_RAMAIAH_UNIVERSITY_OF_APPLIED_SCIENCES,PAT_02168
M_S_RAMAIAH_UNIVERSITY_OF_APPLIED_SCIENCES,PAT_02169
DRKLOHESWARAN,PAT_02170
DRDVIJAYAKUMAR,PAT_02170
DR_VOOTLA_SUBBA_RAMAIAH,PAT_02170
DRGSELVAVINAYAGAM,PAT_02170
DR_VENKATESHWARAN_LOGANATHAN,PAT_02170
DR_R_VARALAKSHMI,PAT_02170
DRLSRINIVASAN,PAT_02170
DR_K_SARAVANAN,PAT_02170
MRPRAJASEKARAN,PAT_02170
DR_LALIT_GARG,PAT_02170
EERESHA_RAMAIAH,PAT_02171
DR_SUPRIYA_J_EEEDSCEAP,PAT_02172
CHETHAN_S_EEEDSCESTUDENT,PAT_02172
K_R_SAI_AKSHAYA_EEEDSCESTUDENT,PAT_02172
SHAKTHIVEL_S_EEEDSCESTUDENT,PAT_02172
JANHAVI_G_V_EEEDSCESTUDENT,PAT_02172
