Patent_ID,IPC_ID
PAT_00001,IPC01894
PAT_00001,IPC01897
PAT_00001,IPC01920
PAT_00001,IPC01976
PAT_00001,IPC01794
PAT_00001,IPC02018
PAT_00002,IPC04345
PAT_00002,IPC04338
PAT_00002,IPC04339
PAT_00002,IPC02005
PAT_00003,IPC01916
PAT_00003,IPC01248
PAT_00003,IPC01785
PAT_00003,IPC01254
PAT_00003,IPC01250
PAT_00004,IPC02917
PAT_00004,IPC03212
PAT_00004,IPC03219
PAT_00004,IPC02914
PAT_00004,IPC02918
PAT_00005,IPC01876
PAT_00005,IPC01006
PAT_00005,IPC01875
PAT_00005,IPC01880
PAT_00005,IPC01912
PAT_00006,IPC01876
PAT_00006,IPC01973
PAT_00006,IPC01958
PAT_00006,IPC01920
PAT_00006,IPC01944
PAT_00007,IPC01727
PAT_00007,IPC01731
PAT_00007,IPC01706
PAT_00007,IPC01708
PAT_00007,IPC01709
PAT_00008,IPC03935
PAT_00008,IPC03906
PAT_00009,IPC01768
PAT_00009,IPC00703
PAT_00009,IPC00580
PAT_00009,IPC00582
PAT_00009,IPC00583
PAT_00009,IPC00639
PAT_00009,IPC00641
PAT_00009,IPC00642
PAT_00010,IPC01132
PAT_00010,IPC01142
PAT_00010,IPC01139
PAT_00011,IPC02682
PAT_00011,IPC02649
PAT_00011,IPC00370
PAT_00011,IPC02622
PAT_00011,IPC02889
PAT_00012,IPC00525
PAT_00012,IPC00552
PAT_00012,IPC00700
PAT_00012,IPC00558
PAT_00012,IPC00588
PAT_00012,IPC00846
PAT_00013,IPC01003
PAT_00013,IPC02022
PAT_00013,IPC03756
PAT_00013,IPC01828
PAT_00013,IPC03680
PAT_00014,IPC01789
PAT_00014,IPC01832
PAT_00014,IPC01790
PAT_00014,IPC01816
PAT_00014,IPC01818
PAT_00014,IPC01824
PAT_00015,IPC03678
PAT_00015,IPC02196
PAT_00015,IPC03685
PAT_00015,IPC03691
PAT_00015,IPC03620
PAT_00016,IPC03679
PAT_00016,IPC03630
PAT_00016,IPC03668
PAT_00017,IPC01983
PAT_00017,IPC01224
PAT_00017,IPC01073
PAT_00017,IPC01891
PAT_00017,IPC01165
PAT_00018,IPC02184
PAT_00018,IPC02187
PAT_00018,IPC02016
PAT_00018,IPC02019
PAT_00018,IPC02193
PAT_00018,IPC01924
PAT_00018,IPC03573
PAT_00019,IPC04345
PAT_00019,IPC00992
PAT_00019,IPC00419
PAT_00019,IPC03603
PAT_00019,IPC04344
PAT_00020,IPC01807
PAT_00020,IPC01775
PAT_00020,IPC01777
PAT_00020,IPC01780
PAT_00020,IPC01782
PAT_00020,IPC01769
PAT_00020,IPC01770
PAT_00020,IPC01771
PAT_00021,IPC01194
PAT_00021,IPC01197
PAT_00021,IPC01196
PAT_00021,IPC01201
PAT_00021,IPC01204
PAT_00021,IPC01266
PAT_00021,IPC01270
PAT_00022,IPC04235
PAT_00022,IPC03856
PAT_00022,IPC04147
PAT_00023,IPC02143
PAT_00023,IPC02144
PAT_00023,IPC02146
PAT_00024,IPC00545
PAT_00024,IPC00546
PAT_00024,IPC00547
PAT_00024,IPC00549
PAT_00024,IPC00550
PAT_00024,IPC00555
PAT_00024,IPC00566
PAT_00024,IPC00571
PAT_00025,IPC03763
PAT_00025,IPC03764
PAT_00025,IPC03771
PAT_00025,IPC03761
PAT_00025,IPC03773
PAT_00025,IPC03774
PAT_00025,IPC03723
PAT_00025,IPC03726
PAT_00026,IPC02784
PAT_00026,IPC02728
PAT_00026,IPC02734
PAT_00026,IPC02735
PAT_00026,IPC02738
PAT_00026,IPC02750
PAT_00027,IPC02194
PAT_00027,IPC01264
PAT_00028,IPC03682
PAT_00028,IPC03463
PAT_00028,IPC03461
PAT_00029,IPC03631
PAT_00029,IPC03664
PAT_00029,IPC03680
PAT_00029,IPC03624
PAT_00029,IPC03637
PAT_00030,IPC00425
PAT_00030,IPC00424
PAT_00030,IPC00368
PAT_00030,IPC00426
PAT_00030,IPC00384
PAT_00031,IPC00628
PAT_00031,IPC02119
PAT_00031,IPC02101
PAT_00031,IPC02106
PAT_00032,IPC00391
PAT_00032,IPC00400
PAT_00032,IPC00378
PAT_00032,IPC00379
PAT_00033,IPC00845
PAT_00033,IPC01796
PAT_00033,IPC01797
PAT_00033,IPC01798
PAT_00033,IPC01799
PAT_00034,IPC02627
PAT_00034,IPC02477
PAT_00035,IPC03679
PAT_00035,IPC03630
PAT_00035,IPC03620
PAT_00036,IPC00572
PAT_00036,IPC01825
PAT_00036,IPC01834
PAT_00037,IPC01961
PAT_00037,IPC01922
PAT_00037,IPC01973
PAT_00037,IPC01980
PAT_00037,IPC01896
PAT_00038,IPC03786
PAT_00038,IPC03783
PAT_00038,IPC03784
PAT_00038,IPC03785
PAT_00039,IPC01226
PAT_00039,IPC01265
PAT_00039,IPC01193
PAT_00039,IPC01691
PAT_00039,IPC00140
PAT_00040,IPC01729
PAT_00040,IPC01706
PAT_00040,IPC01270
PAT_00040,IPC01265
PAT_00040,IPC01733
PAT_00041,IPC00978
PAT_00041,IPC00981
PAT_00041,IPC01656
PAT_00041,IPC01676
PAT_00042,IPC01894
PAT_00042,IPC01921
PAT_00042,IPC01947
PAT_00042,IPC01976
PAT_00043,IPC03994
PAT_00043,IPC03996
PAT_00043,IPC03991
PAT_00043,IPC04226
PAT_00043,IPC04047
PAT_00044,IPC01227
PAT_00044,IPC01216
PAT_00044,IPC01225
PAT_00044,IPC01255
PAT_00044,IPC01926
PAT_00045,IPC02697
PAT_00045,IPC02981
PAT_00045,IPC01438
PAT_00045,IPC03127
PAT_00045,IPC01309
PAT_00046,IPC00513
PAT_00046,IPC03382
PAT_00046,IPC00511
PAT_00046,IPC00368
PAT_00046,IPC00370
PAT_00047,IPC00779
PAT_00047,IPC00390
PAT_00047,IPC00793
PAT_00048,IPC01021
PAT_00048,IPC01919
PAT_00048,IPC01924
PAT_00048,IPC01164
PAT_00048,IPC01165
PAT_00049,IPC00695
PAT_00050,IPC00541
PAT_00050,IPC00542
PAT_00050,IPC00553
PAT_00050,IPC01810
PAT_00050,IPC00860
PAT_00050,IPC00862
PAT_00050,IPC00815
PAT_00050,IPC00837
PAT_00051,IPC02800
PAT_00051,IPC02803
PAT_00051,IPC02811
PAT_00051,IPC02738
PAT_00051,IPC02739
PAT_00052,IPC01334
PAT_00052,IPC01333
PAT_00052,IPC01367
PAT_00052,IPC01336
PAT_00052,IPC01335
PAT_00052,IPC03854
PAT_00053,IPC01918
PAT_00053,IPC01903
PAT_00053,IPC01943
PAT_00053,IPC01985
PAT_00053,IPC01892
PAT_00053,IPC01767
PAT_00054,IPC01974
PAT_00054,IPC01991
PAT_00055,IPC01823
PAT_00055,IPC04347
PAT_00056,IPC03622
PAT_00056,IPC03679
PAT_00056,IPC03640
PAT_00057,IPC01009
PAT_00057,IPC04200
PAT_00057,IPC00386
PAT_00057,IPC02936
PAT_00057,IPC02087
PAT_00058,IPC02759
PAT_00059,IPC02945
PAT_00059,IPC03694
PAT_00059,IPC03693
PAT_00060,IPC00779
PAT_00060,IPC00397
PAT_00061,IPC02461
PAT_00061,IPC02581
PAT_00061,IPC02580
PAT_00061,IPC02454
PAT_00062,IPC00824
PAT_00062,IPC01850
PAT_00062,IPC00819
PAT_00062,IPC00861
PAT_00062,IPC00813
PAT_00063,IPC01654
PAT_00063,IPC00968
PAT_00064,IPC02015
PAT_00065,IPC01339
PAT_00065,IPC03915
PAT_00065,IPC03877
PAT_00065,IPC03925
PAT_00065,IPC01342
PAT_00065,IPC03906
PAT_00066,IPC04089
PAT_00066,IPC04055
PAT_00067,IPC03931
PAT_00067,IPC03932
PAT_00067,IPC03925
PAT_00067,IPC03934
PAT_00067,IPC03906
PAT_00067,IPC03915
PAT_00067,IPC01344
PAT_00067,IPC03876
PAT_00068,IPC02133
PAT_00068,IPC02119
PAT_00069,IPC01830
PAT_00069,IPC01831
PAT_00069,IPC01829
PAT_00069,IPC02127
PAT_00070,IPC01584
PAT_00070,IPC01585
PAT_00071,IPC03925
PAT_00071,IPC03934
PAT_00071,IPC03929
PAT_00071,IPC03906
PAT_00071,IPC03867
PAT_00071,IPC03583
PAT_00072,IPC00064
PAT_00072,IPC00059
PAT_00072,IPC00063
PAT_00072,IPC00050
PAT_00073,IPC02691
PAT_00073,IPC03106
PAT_00073,IPC02662
PAT_00074,IPC01827
PAT_00074,IPC01815
PAT_00074,IPC00559
PAT_00074,IPC00560
PAT_00074,IPC00569
PAT_00075,IPC01896
PAT_00075,IPC01899
PAT_00075,IPC01945
PAT_00075,IPC01920
PAT_00075,IPC01805
PAT_00076,IPC03756
PAT_00076,IPC03764
PAT_00076,IPC02254
PAT_00076,IPC01976
PAT_00076,IPC01605
PAT_00077,IPC01813
PAT_00077,IPC00557
PAT_00077,IPC00551
PAT_00077,IPC01791
PAT_00077,IPC01811
PAT_00078,IPC02383
PAT_00078,IPC02429
PAT_00078,IPC02427
PAT_00078,IPC02430
PAT_00078,IPC02382
PAT_00079,IPC00591
PAT_00079,IPC00592
PAT_00079,IPC00661
PAT_00079,IPC00803
PAT_00079,IPC00804
PAT_00079,IPC01093
PAT_00079,IPC01604
PAT_00079,IPC01607
PAT_00080,IPC03632
PAT_00080,IPC03668
PAT_00080,IPC03679
PAT_00081,IPC04062
PAT_00081,IPC04285
PAT_00081,IPC04087
PAT_00081,IPC04064
PAT_00081,IPC04063
PAT_00082,IPC01539
PAT_00082,IPC03104
PAT_00082,IPC03219
PAT_00083,IPC02875
PAT_00083,IPC01426
PAT_00083,IPC03224
PAT_00083,IPC02867
PAT_00083,IPC00340
PAT_00084,IPC00393
PAT_00084,IPC00798
PAT_00084,IPC00799
PAT_00084,IPC03626
PAT_00085,IPC03733
PAT_00085,IPC03876
PAT_00085,IPC03906
PAT_00085,IPC03919
PAT_00086,IPC01973
PAT_00086,IPC01960
PAT_00086,IPC01876
PAT_00086,IPC01961
PAT_00086,IPC00551
PAT_00087,IPC00305
PAT_00087,IPC00306
PAT_00088,IPC03212
PAT_00088,IPC03219
PAT_00088,IPC03090
PAT_00088,IPC03511
PAT_00088,IPC03217
PAT_00089,IPC01653
PAT_00089,IPC01674
PAT_00089,IPC01693
PAT_00089,IPC01695
PAT_00089,IPC01696
PAT_00090,IPC01866
PAT_00090,IPC01868
PAT_00090,IPC01881
PAT_00090,IPC01963
PAT_00090,IPC01975
PAT_00090,IPC01976
PAT_00090,IPC01979
PAT_00090,IPC01983
PAT_00091,IPC02004
PAT_00091,IPC02007
PAT_00091,IPC02008
PAT_00091,IPC02009
PAT_00091,IPC02014
PAT_00091,IPC01933
PAT_00091,IPC01934
PAT_00092,IPC01193
PAT_00092,IPC01196
PAT_00092,IPC01197
PAT_00092,IPC01200
PAT_00092,IPC01266
PAT_00092,IPC01267
PAT_00093,IPC02867
PAT_00094,IPC00481
PAT_00094,IPC01954
PAT_00094,IPC01956
PAT_00094,IPC01220
PAT_00095,IPC02665
PAT_00095,IPC02666
PAT_00095,IPC02718
PAT_00095,IPC04047
PAT_00096,IPC00951
PAT_00096,IPC01653
PAT_00096,IPC01661
PAT_00096,IPC01696
PAT_00097,IPC01239
PAT_00097,IPC01701
PAT_00097,IPC01862
PAT_00097,IPC01924
PAT_00098,IPC02574
PAT_00098,IPC02582
PAT_00098,IPC02580
PAT_00098,IPC02581
PAT_00098,IPC02584
PAT_00099,IPC01877
PAT_00099,IPC01905
PAT_00099,IPC01917
PAT_00099,IPC01920
PAT_00099,IPC01967
PAT_00099,IPC01969
PAT_00099,IPC01972
PAT_00099,IPC01986
PAT_00100,IPC01649
PAT_00100,IPC03763
PAT_00100,IPC03769
PAT_00100,IPC03770
PAT_00100,IPC03773
PAT_00101,IPC01009
PAT_00101,IPC01602
PAT_00101,IPC01738
PAT_00101,IPC02758
PAT_00102,IPC01481
PAT_00102,IPC02467
PAT_00102,IPC02468
PAT_00103,IPC01343
PAT_00103,IPC03906
PAT_00103,IPC03914
PAT_00103,IPC03925
PAT_00103,IPC03937
PAT_00104,IPC02679
PAT_00104,IPC03736
PAT_00104,IPC03740
PAT_00104,IPC03744
PAT_00104,IPC03746
PAT_00104,IPC03747
PAT_00104,IPC03750
PAT_00104,IPC03876
PAT_00105,IPC00353
PAT_00105,IPC00354
PAT_00105,IPC02590
PAT_00105,IPC02586
PAT_00105,IPC02585
PAT_00106,IPC00473
PAT_00106,IPC00477
PAT_00106,IPC00478
PAT_00106,IPC00479
PAT_00107,IPC03756
PAT_00107,IPC03758
PAT_00107,IPC03763
PAT_00107,IPC03766
PAT_00108,IPC00528
PAT_00108,IPC00623
PAT_00108,IPC01776
PAT_00108,IPC01778
PAT_00109,IPC03724
PAT_00109,IPC03763
PAT_00109,IPC03768
PAT_00109,IPC03769
PAT_00109,IPC03773
PAT_00110,IPC03212
PAT_00110,IPC03219
PAT_00110,IPC03135
PAT_00110,IPC03125
PAT_00110,IPC03083
PAT_00111,IPC01127
PAT_00111,IPC03125
PAT_00111,IPC03158
PAT_00111,IPC03485
PAT_00111,IPC03487
PAT_00112,IPC01983
PAT_00112,IPC01924
PAT_00112,IPC01935
PAT_00112,IPC01950
PAT_00112,IPC01955
PAT_00113,IPC00368
PAT_00113,IPC02721
PAT_00113,IPC02720
PAT_00113,IPC00386
PAT_00113,IPC00427
PAT_00114,IPC04087
PAT_00114,IPC04093
PAT_00114,IPC04094
PAT_00115,IPC02867
PAT_00115,IPC02872
PAT_00115,IPC02884
PAT_00115,IPC02889
PAT_00115,IPC02909
PAT_00115,IPC03848
PAT_00116,IPC02753
PAT_00116,IPC02761
PAT_00116,IPC02764
PAT_00117,IPC01138
PAT_00117,IPC01139
PAT_00117,IPC02504
PAT_00117,IPC02505
PAT_00118,IPC01138
PAT_00118,IPC01139
PAT_00118,IPC02504
PAT_00118,IPC02505
PAT_00118,IPC02743
PAT_00118,IPC02974
PAT_00119,IPC04151
PAT_00119,IPC04152
PAT_00119,IPC03028
PAT_00120,IPC03906
PAT_00120,IPC03915
PAT_00120,IPC03916
PAT_00121,IPC00007
PAT_00121,IPC01032
PAT_00121,IPC01043
PAT_00121,IPC01501
PAT_00122,IPC02945
PAT_00122,IPC02948
PAT_00122,IPC02949
PAT_00123,IPC02707
PAT_00123,IPC02709
PAT_00124,IPC04322
PAT_00124,IPC03637
PAT_00124,IPC03824
PAT_00124,IPC03626
PAT_00124,IPC03644
PAT_00125,IPC02262
PAT_00125,IPC02284
PAT_00126,IPC00627
PAT_00126,IPC01858
PAT_00126,IPC00662
PAT_00126,IPC01859
PAT_00126,IPC01817
PAT_00127,IPC02940
PAT_00127,IPC02968
PAT_00127,IPC02927
PAT_00127,IPC02933
PAT_00127,IPC03675
PAT_00128,IPC02595
PAT_00128,IPC02596
PAT_00128,IPC02586
PAT_00128,IPC02202
PAT_00128,IPC02590
PAT_00129,IPC02966
PAT_00129,IPC00340
PAT_00129,IPC04054
PAT_00129,IPC04088
PAT_00129,IPC04040
PAT_00130,IPC01817
PAT_00130,IPC00625
PAT_00130,IPC00662
PAT_00130,IPC01858
PAT_00130,IPC01859
PAT_00131,IPC03644
PAT_00131,IPC04323
PAT_00131,IPC01262
PAT_00131,IPC04313
PAT_00131,IPC02609
PAT_00132,IPC03656
PAT_00132,IPC03677
PAT_00132,IPC03681
PAT_00133,IPC03907
PAT_00133,IPC03911
PAT_00133,IPC03915
PAT_00133,IPC03926
PAT_00133,IPC03932
PAT_00134,IPC03620
PAT_00134,IPC03669
PAT_00134,IPC03686
PAT_00134,IPC03666
PAT_00135,IPC03673
PAT_00135,IPC03620
PAT_00135,IPC03679
PAT_00136,IPC03620
PAT_00136,IPC03633
PAT_00136,IPC03669
PAT_00136,IPC03675
PAT_00136,IPC03686
PAT_00136,IPC03691
PAT_00137,IPC03679
PAT_00137,IPC03630
PAT_00137,IPC03664
PAT_00138,IPC00333
PAT_00138,IPC00414
PAT_00138,IPC00382
PAT_00139,IPC03906
PAT_00139,IPC03927
PAT_00139,IPC03928
PAT_00139,IPC03931
PAT_00140,IPC03917
PAT_00140,IPC03919
PAT_00140,IPC03920
PAT_00140,IPC03922
PAT_00141,IPC01343
PAT_00141,IPC01358
PAT_00141,IPC01361
PAT_00141,IPC01362
PAT_00141,IPC01364
PAT_00141,IPC03734
PAT_00141,IPC03876
PAT_00141,IPC03880
PAT_00142,IPC02636
PAT_00142,IPC00364
PAT_00142,IPC02635
PAT_00142,IPC03014
PAT_00142,IPC03056
PAT_00143,IPC00692
PAT_00143,IPC00648
PAT_00143,IPC01849
PAT_00143,IPC02093
PAT_00143,IPC01690
PAT_00144,IPC00743
PAT_00144,IPC01190
PAT_00144,IPC01266
PAT_00144,IPC01889
PAT_00145,IPC01164
PAT_00145,IPC01165
PAT_00145,IPC01974
PAT_00145,IPC01982
PAT_00146,IPC03906
PAT_00146,IPC03930
PAT_00147,IPC03887
PAT_00147,IPC03888
PAT_00147,IPC03942
PAT_00147,IPC03944
PAT_00147,IPC03946
PAT_00147,IPC03947
PAT_00147,IPC03948
PAT_00147,IPC03950
PAT_00148,IPC03512
PAT_00148,IPC02712
PAT_00148,IPC02714
PAT_00148,IPC03301
PAT_00148,IPC04175
PAT_00149,IPC02262
PAT_00149,IPC02281
PAT_00150,IPC02675
PAT_00150,IPC02908
PAT_00150,IPC02933
PAT_00150,IPC02966
PAT_00151,IPC00578
PAT_00151,IPC00689
PAT_00151,IPC00722
PAT_00151,IPC00742
PAT_00152,IPC03590
PAT_00152,IPC03591
PAT_00152,IPC03598
PAT_00152,IPC03599
PAT_00152,IPC03600
PAT_00152,IPC03601
PAT_00152,IPC03608
PAT_00153,IPC01234
PAT_00153,IPC01898
PAT_00153,IPC01920
PAT_00153,IPC02041
PAT_00154,IPC02142
PAT_00154,IPC02147
PAT_00154,IPC02148
PAT_00154,IPC02809
PAT_00155,IPC04287
PAT_00155,IPC04247
PAT_00155,IPC04249
PAT_00155,IPC04139
PAT_00155,IPC02901
PAT_00156,IPC01169
PAT_00156,IPC03696
PAT_00156,IPC02939
PAT_00156,IPC00792
PAT_00156,IPC03765
PAT_00157,IPC01126
PAT_00157,IPC01131
PAT_00157,IPC01133
PAT_00157,IPC01136
PAT_00157,IPC01138
PAT_00158,IPC02581
PAT_00158,IPC03646
PAT_00158,IPC04323
PAT_00159,IPC04037
PAT_00159,IPC04280
PAT_00159,IPC04285
PAT_00159,IPC04287
PAT_00160,IPC03757
PAT_00160,IPC03758
PAT_00160,IPC03760
PAT_00160,IPC03762
PAT_00160,IPC03768
PAT_00161,IPC00333
PAT_00161,IPC01142
PAT_00161,IPC01143
PAT_00161,IPC01443
PAT_00161,IPC01444
PAT_00162,IPC00972
PAT_00162,IPC02548
PAT_00162,IPC02687
PAT_00162,IPC02690
PAT_00162,IPC02698
PAT_00162,IPC02767
PAT_00162,IPC02774
PAT_00162,IPC02780
PAT_00163,IPC01020
PAT_00163,IPC01059
PAT_00163,IPC01061
PAT_00163,IPC01571
PAT_00163,IPC01573
PAT_00163,IPC01574
PAT_00164,IPC02478
PAT_00164,IPC02544
PAT_00164,IPC02934
PAT_00164,IPC04250
PAT_00164,IPC04256
PAT_00165,IPC02111
PAT_00165,IPC02589
PAT_00165,IPC02816
PAT_00165,IPC03635
PAT_00165,IPC04138
PAT_00166,IPC01876
PAT_00166,IPC01920
PAT_00166,IPC01958
PAT_00166,IPC01973
PAT_00167,IPC00737
PAT_00167,IPC00741
PAT_00167,IPC00742
PAT_00167,IPC01188
PAT_00167,IPC01191
PAT_00167,IPC01873
PAT_00167,IPC01874
PAT_00168,IPC01010
PAT_00168,IPC02708
PAT_00168,IPC02739
PAT_00168,IPC02752
PAT_00168,IPC03637
PAT_00169,IPC03609
PAT_00169,IPC03660
PAT_00169,IPC03680
PAT_00169,IPC03714
PAT_00169,IPC04003
PAT_00170,IPC03620
PAT_00170,IPC03627
PAT_00170,IPC04320
PAT_00171,IPC02050
PAT_00171,IPC02051
PAT_00171,IPC02052
PAT_00171,IPC02063
PAT_00171,IPC02064
PAT_00172,IPC01187
PAT_00172,IPC01193
PAT_00172,IPC01211
PAT_00172,IPC01265
PAT_00172,IPC01266
PAT_00172,IPC01268
PAT_00172,IPC01270
PAT_00173,IPC03845
PAT_00173,IPC03810
PAT_00173,IPC02735
PAT_00173,IPC03811
PAT_00173,IPC01603
PAT_00174,IPC04040
PAT_00174,IPC04042
PAT_00174,IPC04043
PAT_00174,IPC04045
PAT_00175,IPC00368
PAT_00175,IPC00386
PAT_00175,IPC00370
PAT_00175,IPC00383
PAT_00176,IPC00983
PAT_00176,IPC00985
PAT_00176,IPC01232
PAT_00176,IPC01257
PAT_00176,IPC01605
PAT_00176,IPC01606
PAT_00176,IPC01652
PAT_00176,IPC01937
PAT_00177,IPC02636
PAT_00177,IPC01143
PAT_00177,IPC00364
PAT_00177,IPC02875
PAT_00177,IPC02635
PAT_00178,IPC03675
PAT_00178,IPC03680
PAT_00178,IPC03664
PAT_00178,IPC03672
PAT_00178,IPC03665
PAT_00179,IPC02947
PAT_00179,IPC02950
PAT_00180,IPC02776
PAT_00180,IPC02802
PAT_00181,IPC03801
PAT_00181,IPC03808
PAT_00181,IPC03823
PAT_00181,IPC03832
PAT_00181,IPC04121
PAT_00182,IPC00807
PAT_00182,IPC00808
PAT_00182,IPC00424
PAT_00182,IPC00425
PAT_00182,IPC00348
PAT_00183,IPC01265
PAT_00183,IPC01273
PAT_00183,IPC01271
PAT_00183,IPC01266
PAT_00183,IPC01270
PAT_00184,IPC02733
PAT_00184,IPC02665
PAT_00184,IPC02668
PAT_00184,IPC02724
PAT_00184,IPC02669
PAT_00185,IPC03722
PAT_00185,IPC03757
PAT_00185,IPC03756
PAT_00185,IPC03734
PAT_00185,IPC03781
PAT_00186,IPC00648
PAT_00186,IPC00845
PAT_00186,IPC01811
PAT_00186,IPC01815
PAT_00186,IPC01819
PAT_00187,IPC03069
PAT_00187,IPC03050
PAT_00187,IPC04077
PAT_00187,IPC03133
PAT_00187,IPC04119
PAT_00188,IPC01940
PAT_00188,IPC03571
PAT_00188,IPC02065
PAT_00188,IPC01232
PAT_00188,IPC02960
PAT_00189,IPC00330
PAT_00189,IPC00329
PAT_00189,IPC00267
PAT_00189,IPC02421
PAT_00189,IPC03837
PAT_00190,IPC00818
PAT_00190,IPC00852
PAT_00190,IPC00853
PAT_00190,IPC00828
PAT_00190,IPC00851
PAT_00191,IPC00349
PAT_00191,IPC03065
PAT_00191,IPC03984
PAT_00191,IPC00565
PAT_00191,IPC01280
PAT_00192,IPC03668
PAT_00192,IPC03678
PAT_00192,IPC03675
PAT_00192,IPC03672
PAT_00192,IPC03665
PAT_00193,IPC00368
PAT_00193,IPC04297
PAT_00193,IPC04153
PAT_00193,IPC03474
PAT_00193,IPC00429
PAT_00194,IPC01481
PAT_00194,IPC01482
PAT_00194,IPC01486
PAT_00194,IPC01678
PAT_00194,IPC00971
PAT_00195,IPC00368
PAT_00195,IPC00799
PAT_00195,IPC00375
PAT_00195,IPC00827
PAT_00195,IPC01795
PAT_00196,IPC00368
PAT_00196,IPC03028
PAT_00196,IPC00385
PAT_00196,IPC00386
PAT_00196,IPC03125
PAT_00197,IPC00886
PAT_00197,IPC00771
PAT_00197,IPC01120
PAT_00197,IPC00772
PAT_00197,IPC03126
PAT_00198,IPC02688
PAT_00198,IPC03672
PAT_00198,IPC02684
PAT_00198,IPC02751
PAT_00198,IPC02689
PAT_00199,IPC02013
PAT_00199,IPC01192
PAT_00199,IPC01273
PAT_00199,IPC01271
PAT_00199,IPC01737
PAT_00200,IPC03678
PAT_00200,IPC03675
PAT_00200,IPC03668
PAT_00200,IPC03665
PAT_00200,IPC03672
PAT_00201,IPC01612
PAT_00201,IPC01616
PAT_00201,IPC01615
PAT_00201,IPC01614
PAT_00201,IPC01613
PAT_00202,IPC02928
PAT_00202,IPC02930
PAT_00202,IPC02734
PAT_00202,IPC03636
PAT_00202,IPC02935
PAT_00203,IPC00792
PAT_00203,IPC00793
PAT_00203,IPC00791
PAT_00203,IPC00795
PAT_00203,IPC00781
PAT_00204,IPC03824
PAT_00204,IPC04088
PAT_00204,IPC03831
PAT_00204,IPC03649
PAT_00204,IPC04050
PAT_00205,IPC00119
PAT_00205,IPC02040
PAT_00205,IPC01636
PAT_00205,IPC01633
PAT_00205,IPC00997
PAT_00206,IPC02714
PAT_00206,IPC03678
PAT_00206,IPC03654
PAT_00206,IPC02711
PAT_00206,IPC03982
PAT_00207,IPC01671
PAT_00207,IPC04312
PAT_00207,IPC01664
PAT_00207,IPC00696
PAT_00207,IPC01611
PAT_00208,IPC00044
PAT_00208,IPC01885
PAT_00208,IPC00724
PAT_00208,IPC00816
PAT_00208,IPC01739
PAT_00209,IPC02438
PAT_00209,IPC02681
PAT_00209,IPC04120
PAT_00209,IPC02460
PAT_00209,IPC03143
PAT_00210,IPC02787
PAT_00210,IPC02801
PAT_00210,IPC02803
PAT_00210,IPC02511
PAT_00210,IPC02740
PAT_00211,IPC00950
PAT_00211,IPC01662
PAT_00211,IPC00952
PAT_00211,IPC01682
PAT_00211,IPC00955
PAT_00212,IPC03167
PAT_00212,IPC04143
PAT_00212,IPC04147
PAT_00212,IPC03674
PAT_00212,IPC04142
PAT_00213,IPC02734
PAT_00213,IPC02930
PAT_00213,IPC02711
PAT_00213,IPC02928
PAT_00213,IPC02937
PAT_00214,IPC03014
PAT_00214,IPC03013
PAT_00214,IPC01143
PAT_00214,IPC02635
PAT_00214,IPC03017
PAT_00215,IPC00792
PAT_00215,IPC00781
PAT_00215,IPC00790
PAT_00215,IPC00492
PAT_00216,IPC00465
PAT_00216,IPC00741
PAT_00216,IPC00464
PAT_00216,IPC00727
PAT_00216,IPC00735
PAT_00217,IPC01656
PAT_00217,IPC00975
PAT_00217,IPC00981
PAT_00217,IPC01940
PAT_00217,IPC00974
PAT_00218,IPC01265
PAT_00218,IPC01266
PAT_00218,IPC01270
PAT_00218,IPC01267
PAT_00218,IPC01099
PAT_00219,IPC00779
PAT_00219,IPC00781
PAT_00219,IPC00784
PAT_00219,IPC01227
PAT_00219,IPC01599
PAT_00220,IPC02104
PAT_00220,IPC00638
PAT_00220,IPC02099
PAT_00220,IPC00667
PAT_00220,IPC02098
PAT_00221,IPC00792
PAT_00221,IPC00781
PAT_00221,IPC00780
PAT_00221,IPC02346
PAT_00222,IPC00770
PAT_00222,IPC01608
PAT_00222,IPC00941
PAT_00222,IPC00768
PAT_00222,IPC00766
PAT_00223,IPC02364
PAT_00223,IPC02289
PAT_00223,IPC02607
PAT_00223,IPC02363
PAT_00223,IPC02365
PAT_00224,IPC00115
PAT_00224,IPC02108
PAT_00224,IPC00340
PAT_00224,IPC02097
PAT_00224,IPC02101
PAT_00225,IPC03716
PAT_00225,IPC03717
PAT_00225,IPC03718
PAT_00225,IPC03623
PAT_00225,IPC01603
PAT_00226,IPC03038
PAT_00226,IPC03035
PAT_00226,IPC03036
PAT_00226,IPC01279
PAT_00226,IPC03037
PAT_00227,IPC01842
PAT_00227,IPC00625
PAT_00227,IPC02806
PAT_00227,IPC00689
PAT_00227,IPC01859
PAT_00228,IPC00648
PAT_00228,IPC00557
PAT_00228,IPC01814
PAT_00228,IPC00849
PAT_00228,IPC00535
PAT_00229,IPC00689
PAT_00229,IPC00697
PAT_00229,IPC01607
PAT_00229,IPC00698
PAT_00229,IPC00666
PAT_00230,IPC03704
PAT_00230,IPC03703
PAT_00230,IPC04225
PAT_00230,IPC01108
PAT_00230,IPC03708
PAT_00231,IPC01143
PAT_00231,IPC01136
PAT_00231,IPC00365
PAT_00231,IPC03546
PAT_00231,IPC00340
PAT_00232,IPC01949
PAT_00232,IPC01891
PAT_00232,IPC01887
PAT_00232,IPC01983
PAT_00232,IPC01884
PAT_00233,IPC03722
PAT_00233,IPC03763
PAT_00233,IPC03756
PAT_00233,IPC03773
PAT_00233,IPC03776
PAT_00234,IPC02251
PAT_00234,IPC01227
PAT_00234,IPC01980
PAT_00234,IPC00742
PAT_00234,IPC00118
PAT_00235,IPC01090
PAT_00235,IPC01100
PAT_00235,IPC01265
PAT_00235,IPC01266
PAT_00235,IPC01086
PAT_00236,IPC03156
PAT_00236,IPC03155
PAT_00236,IPC03152
PAT_00236,IPC03517
PAT_00236,IPC03481
PAT_00237,IPC02423
PAT_00237,IPC02425
PAT_00237,IPC03752
PAT_00237,IPC02426
PAT_00237,IPC02424
PAT_00238,IPC01983
PAT_00238,IPC01984
PAT_00238,IPC01920
PAT_00238,IPC01183
PAT_00238,IPC00745
PAT_00239,IPC02452
PAT_00239,IPC00921
PAT_00239,IPC01522
PAT_00239,IPC00920
PAT_00239,IPC01049
PAT_00240,IPC01057
PAT_00240,IPC01009
PAT_00240,IPC02818
PAT_00240,IPC03197
PAT_00240,IPC00368
PAT_00241,IPC02386
PAT_00241,IPC02389
PAT_00241,IPC02366
PAT_00241,IPC02413
PAT_00241,IPC02396
PAT_00242,IPC04287
PAT_00242,IPC00666
PAT_00242,IPC04186
PAT_00242,IPC04027
PAT_00242,IPC04242
PAT_00243,IPC01106
PAT_00243,IPC02610
PAT_00243,IPC02502
PAT_00243,IPC02459
PAT_00243,IPC01278
PAT_00244,IPC03197
PAT_00244,IPC03014
PAT_00244,IPC03212
PAT_00244,IPC03303
PAT_00244,IPC03217
PAT_00245,IPC02810
PAT_00245,IPC03298
PAT_00245,IPC02806
PAT_00245,IPC02724
PAT_00245,IPC04279
PAT_00246,IPC02605
PAT_00246,IPC02604
PAT_00246,IPC03742
PAT_00246,IPC01278
PAT_00246,IPC02367
PAT_00247,IPC03628
PAT_00247,IPC01599
PAT_00247,IPC02760
PAT_00247,IPC03680
PAT_00247,IPC03713
PAT_00248,IPC04323
PAT_00248,IPC03905
PAT_00248,IPC03739
PAT_00248,IPC03647
PAT_00248,IPC03742
PAT_00249,IPC00368
PAT_00249,IPC00385
PAT_00249,IPC00781
PAT_00249,IPC00386
PAT_00249,IPC03115
PAT_00250,IPC04095
PAT_00250,IPC03117
PAT_00250,IPC04236
PAT_00250,IPC01042
PAT_00250,IPC03822
PAT_00251,IPC03594
PAT_00251,IPC03716
PAT_00251,IPC03764
PAT_00251,IPC03765
PAT_00251,IPC01642
PAT_00252,IPC00941
PAT_00252,IPC00942
PAT_00252,IPC01616
PAT_00252,IPC00940
PAT_00253,IPC00937
PAT_00253,IPC00934
PAT_00253,IPC00935
PAT_00253,IPC00948
PAT_00253,IPC00939
PAT_00254,IPC02014
PAT_00254,IPC00852
PAT_00254,IPC00703
PAT_00254,IPC02013
PAT_00254,IPC04315
PAT_00255,IPC02061
PAT_00255,IPC02059
PAT_00255,IPC02042
PAT_00255,IPC03293
PAT_00255,IPC03187
PAT_00256,IPC03791
PAT_00256,IPC03753
PAT_00256,IPC03792
PAT_00256,IPC03774
PAT_00256,IPC03787
PAT_00257,IPC01089
PAT_00257,IPC00156
PAT_00257,IPC01172
PAT_00257,IPC01742
PAT_00257,IPC00999
PAT_00258,IPC03236
PAT_00258,IPC03090
PAT_00258,IPC03219
PAT_00258,IPC03201
PAT_00258,IPC03288
PAT_00259,IPC01406
PAT_00259,IPC02584
PAT_00259,IPC02940
PAT_00259,IPC02479
PAT_00259,IPC02466
PAT_00260,IPC02735
PAT_00260,IPC02731
PAT_00260,IPC02742
PAT_00260,IPC00370
PAT_00260,IPC02721
PAT_00261,IPC02735
PAT_00261,IPC02671
PAT_00261,IPC02744
PAT_00261,IPC02734
PAT_00261,IPC02731
PAT_00262,IPC03128
PAT_00262,IPC02529
PAT_00262,IPC02737
PAT_00262,IPC03836
PAT_00262,IPC02942
PAT_00263,IPC00506
PAT_00263,IPC02078
PAT_00263,IPC00094
PAT_00263,IPC00652
PAT_00263,IPC01186
PAT_00264,IPC03739
PAT_00264,IPC02605
PAT_00264,IPC02604
PAT_00264,IPC03742
PAT_00264,IPC03736
PAT_00265,IPC03013
PAT_00265,IPC01424
PAT_00265,IPC01422
PAT_00265,IPC04265
PAT_00265,IPC01425
PAT_00266,IPC02109
PAT_00266,IPC02121
PAT_00266,IPC00874
PAT_00266,IPC00182
PAT_00266,IPC02105
PAT_00267,IPC02716
PAT_00267,IPC02640
PAT_00267,IPC02781
PAT_00267,IPC02280
PAT_00267,IPC01121
PAT_00268,IPC02735
PAT_00268,IPC03197
PAT_00268,IPC02671
PAT_00268,IPC04043
PAT_00268,IPC04232
PAT_00269,IPC02731
PAT_00269,IPC02669
PAT_00269,IPC02726
PAT_00269,IPC02714
PAT_00269,IPC02725
PAT_00270,IPC03912
PAT_00270,IPC03808
PAT_00270,IPC00798
PAT_00270,IPC03754
PAT_00270,IPC03582
PAT_00271,IPC01009
PAT_00271,IPC00766
PAT_00271,IPC03128
PAT_00271,IPC02719
PAT_00271,IPC00368
PAT_00272,IPC03996
PAT_00272,IPC00960
PAT_00272,IPC01604
PAT_00272,IPC03684
PAT_00272,IPC01602
PAT_00273,IPC00386
PAT_00273,IPC00368
PAT_00273,IPC02789
PAT_00273,IPC02726
PAT_00274,IPC02751
PAT_00274,IPC02785
PAT_00274,IPC02758
PAT_00274,IPC03661
PAT_00274,IPC02760
PAT_00275,IPC04055
PAT_00275,IPC04056
PAT_00275,IPC04243
PAT_00275,IPC04286
PAT_00275,IPC03197
PAT_00276,IPC00635
PAT_00276,IPC00625
PAT_00276,IPC00637
PAT_00276,IPC02115
PAT_00276,IPC00643
PAT_00277,IPC02623
PAT_00277,IPC04208
PAT_00277,IPC03308
PAT_00277,IPC04167
PAT_00277,IPC03197
PAT_00278,IPC00767
PAT_00278,IPC00370
PAT_00278,IPC00383
PAT_00278,IPC02654
PAT_00278,IPC03128
PAT_00279,IPC00386
PAT_00279,IPC00369
PAT_00279,IPC00370
PAT_00279,IPC00368
PAT_00279,IPC00385
PAT_00280,IPC00466
PAT_00280,IPC00465
PAT_00280,IPC00467
PAT_00280,IPC03585
PAT_00280,IPC01098
PAT_00281,IPC02710
PAT_00281,IPC02656
PAT_00281,IPC03995
PAT_00281,IPC02818
PAT_00281,IPC03029
PAT_00282,IPC01009
PAT_00282,IPC02139
PAT_00282,IPC02815
PAT_00282,IPC02734
PAT_00282,IPC02713
PAT_00283,IPC00333
PAT_00283,IPC00375
PAT_00283,IPC04269
PAT_00283,IPC00368
PAT_00283,IPC03128
PAT_00284,IPC02804
PAT_00284,IPC04302
PAT_00284,IPC00980
PAT_00284,IPC01692
PAT_00284,IPC01468
PAT_00285,IPC00390
PAT_00286,IPC01011
PAT_00286,IPC01009
PAT_00286,IPC04096
PAT_00286,IPC02734
PAT_00286,IPC04081
PAT_00287,IPC02704
PAT_00288,IPC01011
PAT_00288,IPC01009
PAT_00288,IPC04096
PAT_00288,IPC01662
PAT_00288,IPC01291
PAT_00289,IPC02806
PAT_00289,IPC02809
PAT_00289,IPC02142
PAT_00289,IPC02807
PAT_00289,IPC01851
PAT_00290,IPC02758
PAT_00291,IPC02747
PAT_00291,IPC03619
PAT_00291,IPC03663
PAT_00292,IPC02375
PAT_00292,IPC03656
PAT_00292,IPC03672
PAT_00292,IPC03675
PAT_00292,IPC03664
PAT_00293,IPC00781
PAT_00293,IPC00785
PAT_00293,IPC00320
PAT_00293,IPC04319
PAT_00294,IPC03670
PAT_00294,IPC03678
PAT_00294,IPC03672
PAT_00294,IPC03664
PAT_00294,IPC03680
PAT_00295,IPC03232
PAT_00295,IPC03260
PAT_00296,IPC04038
PAT_00296,IPC04063
PAT_00296,IPC02895
PAT_00296,IPC03236
PAT_00296,IPC02894
PAT_00297,IPC03997
PAT_00297,IPC03998
PAT_00298,IPC02156
PAT_00298,IPC02174
PAT_00298,IPC02177
PAT_00298,IPC02176
PAT_00298,IPC02175
PAT_00299,IPC00869
PAT_00299,IPC01838
PAT_00299,IPC02104
PAT_00299,IPC01788
PAT_00299,IPC00633
PAT_00300,IPC03702
PAT_00300,IPC03701
PAT_00300,IPC02220
PAT_00300,IPC03670
PAT_00300,IPC01169
PAT_00301,IPC03668
PAT_00301,IPC03678
PAT_00301,IPC03097
PAT_00301,IPC03675
PAT_00301,IPC03664
PAT_00302,IPC03012
PAT_00302,IPC01628
PAT_00302,IPC02692
PAT_00302,IPC01149
PAT_00302,IPC02533
PAT_00303,IPC01426
PAT_00303,IPC00391
PAT_00303,IPC03201
PAT_00303,IPC00355
PAT_00303,IPC01423
PAT_00304,IPC01111
PAT_00304,IPC02173
PAT_00304,IPC02165
PAT_00304,IPC01101
PAT_00304,IPC01744
PAT_00305,IPC02784
PAT_00305,IPC02738
PAT_00305,IPC02793
PAT_00305,IPC04165
PAT_00305,IPC02074
PAT_00306,IPC00779
PAT_00306,IPC00689
PAT_00306,IPC00780
PAT_00306,IPC00338
PAT_00306,IPC00386
PAT_00307,IPC03097
PAT_00307,IPC03240
PAT_00307,IPC03234
PAT_00307,IPC04181
PAT_00307,IPC02632
PAT_00308,IPC00368
PAT_00308,IPC00380
PAT_00308,IPC00370
PAT_00308,IPC00391
PAT_00308,IPC03656
PAT_00309,IPC04095
PAT_00309,IPC04141
PAT_00309,IPC04068
PAT_00309,IPC03109
PAT_00309,IPC03120
PAT_00310,IPC03024
PAT_00310,IPC04077
PAT_00310,IPC03028
PAT_00310,IPC03127
PAT_00310,IPC02362
PAT_00311,IPC01605
PAT_00311,IPC01091
PAT_00311,IPC01102
PAT_00311,IPC01092
PAT_00311,IPC02196
PAT_00312,IPC02113
PAT_00312,IPC02082
PAT_00312,IPC02762
PAT_00312,IPC00591
PAT_00312,IPC03638
PAT_00313,IPC03791
PAT_00313,IPC03787
PAT_00313,IPC03767
PAT_00313,IPC01860
PAT_00313,IPC02135
PAT_00314,IPC03722
PAT_00314,IPC03764
PAT_00314,IPC03721
PAT_00314,IPC02171
PAT_00315,IPC03619
PAT_00315,IPC03655
PAT_00316,IPC00167
PAT_00316,IPC02128
PAT_00316,IPC01605
PAT_00316,IPC02160
PAT_00316,IPC01995
PAT_00317,IPC01499
PAT_00317,IPC03013
PAT_00317,IPC03014
PAT_00317,IPC03017
PAT_00317,IPC01381
PAT_00318,IPC03734
PAT_00318,IPC03497
PAT_00318,IPC02986
PAT_00318,IPC00210
PAT_00318,IPC01552
PAT_00319,IPC03217
PAT_00319,IPC03212
PAT_00319,IPC03672
PAT_00319,IPC03674
PAT_00319,IPC03135
PAT_00320,IPC02777
PAT_00320,IPC03691
PAT_00320,IPC02696
PAT_00320,IPC02981
PAT_00320,IPC02474
PAT_00321,IPC00167
PAT_00321,IPC02128
PAT_00321,IPC01605
PAT_00321,IPC02160
PAT_00321,IPC01995
PAT_00322,IPC00384
PAT_00322,IPC00341
PAT_00322,IPC00351
PAT_00322,IPC00337
PAT_00322,IPC00423
PAT_00323,IPC02804
PAT_00323,IPC04302
PAT_00323,IPC00980
PAT_00323,IPC01692
PAT_00323,IPC01468
PAT_00324,IPC02190
PAT_00325,IPC00931
PAT_00325,IPC02781
PAT_00325,IPC02705
PAT_00325,IPC02361
PAT_00325,IPC02357
PAT_00326,IPC03012
PAT_00326,IPC03967
PAT_00326,IPC03684
PAT_00326,IPC01065
PAT_00326,IPC03405
PAT_00327,IPC02595
PAT_00327,IPC02363
PAT_00327,IPC02607
PAT_00327,IPC02596
PAT_00327,IPC02365
PAT_00328,IPC00167
PAT_00328,IPC02128
PAT_00328,IPC01605
PAT_00328,IPC02160
PAT_00328,IPC01995
PAT_00329,IPC00340
PAT_00329,IPC03635
PAT_00329,IPC01599
PAT_00329,IPC00540
PAT_00329,IPC01099
PAT_00330,IPC01582
PAT_00330,IPC02470
PAT_00330,IPC01159
PAT_00330,IPC03901
PAT_00330,IPC02450
PAT_00331,IPC03125
PAT_00331,IPC03197
PAT_00331,IPC02936
PAT_00331,IPC00360
PAT_00331,IPC03127
PAT_00332,IPC03943
PAT_00333,IPC02747
PAT_00334,IPC00452
PAT_00335,IPC03978
PAT_00336,IPC03618
PAT_00337,IPC02176
PAT_00337,IPC02157
PAT_00337,IPC02178
PAT_00337,IPC02156
PAT_00337,IPC02179
PAT_00338,IPC03431
PAT_00339,IPC02957
PAT_00339,IPC03849
PAT_00339,IPC04248
PAT_00339,IPC02649
PAT_00339,IPC01605
PAT_00340,IPC00995
PAT_00340,IPC02042
PAT_00340,IPC02045
PAT_00340,IPC02054
PAT_00341,IPC02747
PAT_00341,IPC00957
PAT_00341,IPC02763
PAT_00341,IPC01606
PAT_00341,IPC01599
PAT_00342,IPC04303
PAT_00342,IPC04344
PAT_00342,IPC03684
PAT_00342,IPC02989
PAT_00343,IPC04355
PAT_00343,IPC02222
PAT_00343,IPC04356
PAT_00343,IPC02221
PAT_00343,IPC03217
PAT_00344,IPC02115
PAT_00344,IPC01053
PAT_00344,IPC02096
PAT_00344,IPC03642
PAT_00344,IPC01931
PAT_00345,IPC00994
PAT_00345,IPC01657
PAT_00345,IPC01679
PAT_00346,IPC02716
PAT_00346,IPC02781
PAT_00346,IPC02472
PAT_00346,IPC00774
PAT_00346,IPC02500
PAT_00347,IPC03722
PAT_00347,IPC03780
PAT_00348,IPC03944
PAT_00348,IPC03946
PAT_00348,IPC03954
PAT_00348,IPC03947
PAT_00349,IPC00594
PAT_00349,IPC02115
PAT_00349,IPC00424
PAT_00349,IPC00568
PAT_00350,IPC01906
PAT_00350,IPC01865
PAT_00350,IPC01987
PAT_00351,IPC01625
PAT_00351,IPC01623
PAT_00351,IPC01935
PAT_00351,IPC03724
PAT_00352,IPC03719
PAT_00352,IPC03685
PAT_00352,IPC02734
PAT_00352,IPC01603
PAT_00352,IPC03203
PAT_00353,IPC00455
PAT_00353,IPC01074
PAT_00353,IPC01075
PAT_00353,IPC01076
PAT_00353,IPC01077
PAT_00354,IPC01079
PAT_00354,IPC01078
PAT_00354,IPC01082
PAT_00354,IPC01080
PAT_00354,IPC02167
PAT_00355,IPC03631
PAT_00355,IPC03664
PAT_00355,IPC03680
PAT_00355,IPC03625
PAT_00356,IPC03217
PAT_00356,IPC03212
PAT_00356,IPC04208
PAT_00356,IPC03219
PAT_00356,IPC04088
PAT_00357,IPC01793
PAT_00357,IPC01997
PAT_00358,IPC00368
PAT_00358,IPC00370
PAT_00358,IPC03635
PAT_00358,IPC02278
PAT_00359,IPC02126
PAT_00359,IPC00635
PAT_00359,IPC01847
PAT_00359,IPC01855
PAT_00359,IPC02807
PAT_00360,IPC01802
PAT_00360,IPC01803
PAT_00360,IPC00830
PAT_00360,IPC00833
PAT_00361,IPC01064
PAT_00361,IPC01148
PAT_00362,IPC03220
PAT_00362,IPC03222
PAT_00362,IPC03207
PAT_00363,IPC04287
PAT_00363,IPC04300
PAT_00363,IPC04285
PAT_00363,IPC04251
PAT_00364,IPC02476
PAT_00364,IPC02691
PAT_00364,IPC02775
PAT_00365,IPC02475
PAT_00365,IPC02691
PAT_00365,IPC02775
PAT_00366,IPC00052
PAT_00366,IPC00058
PAT_00366,IPC00059
PAT_00366,IPC00063
PAT_00367,IPC01532
PAT_00367,IPC01531
PAT_00367,IPC01530
PAT_00367,IPC01535
PAT_00367,IPC01479
PAT_00367,IPC01499
PAT_00368,IPC01347
PAT_00368,IPC01354
PAT_00368,IPC01356
PAT_00368,IPC01537
PAT_00368,IPC01538
PAT_00368,IPC01540
PAT_00368,IPC03876
PAT_00369,IPC02102
PAT_00369,IPC00625
PAT_00369,IPC01842
PAT_00369,IPC02094
PAT_00370,IPC01894
PAT_00370,IPC02028
PAT_00370,IPC02069
PAT_00370,IPC02980
PAT_00370,IPC02981
PAT_00371,IPC02073
PAT_00371,IPC03108
PAT_00371,IPC03219
PAT_00371,IPC03245
PAT_00371,IPC03547
PAT_00372,IPC02183
PAT_00372,IPC02185
PAT_00372,IPC02191
PAT_00372,IPC02751
PAT_00373,IPC00724
PAT_00373,IPC00816
PAT_00373,IPC00713
PAT_00373,IPC00712
PAT_00373,IPC00741
PAT_00374,IPC01996
PAT_00374,IPC01824
PAT_00374,IPC01900
PAT_00374,IPC02000
PAT_00374,IPC00190
PAT_00375,IPC00978
PAT_00375,IPC00940
PAT_00375,IPC00988
PAT_00375,IPC01836
PAT_00375,IPC00943
PAT_00376,IPC03661
PAT_00376,IPC01842
PAT_00376,IPC02809
PAT_00376,IPC00668
PAT_00376,IPC04318
PAT_00377,IPC03673
PAT_00377,IPC03128
PAT_00377,IPC04287
PAT_00377,IPC03490
PAT_00377,IPC04006
PAT_00378,IPC04022
PAT_00378,IPC04029
PAT_00378,IPC04012
PAT_00378,IPC03034
PAT_00378,IPC03217
PAT_00379,IPC00737
PAT_00379,IPC01273
PAT_00379,IPC02320
PAT_00379,IPC02315
PAT_00379,IPC02316
PAT_00380,IPC01601
PAT_00380,IPC02182
PAT_00380,IPC00802
PAT_00380,IPC04252
PAT_00380,IPC03607
PAT_00381,IPC03068
PAT_00381,IPC03401
PAT_00381,IPC04265
PAT_00381,IPC04058
PAT_00381,IPC03240
PAT_00382,IPC03240
PAT_00382,IPC03136
PAT_00382,IPC04095
PAT_00382,IPC03270
PAT_00382,IPC03260
PAT_00383,IPC03808
PAT_00383,IPC03812
PAT_00383,IPC02949
PAT_00383,IPC03811
PAT_00383,IPC03810
PAT_00384,IPC01083
PAT_00384,IPC02169
PAT_00384,IPC02098
PAT_00384,IPC01115
PAT_00384,IPC03687
PAT_00385,IPC03675
PAT_00385,IPC03680
PAT_00385,IPC02948
PAT_00385,IPC02034
PAT_00385,IPC01622
PAT_00386,IPC03667
PAT_00386,IPC03675
PAT_00386,IPC03678
PAT_00386,IPC03671
PAT_00386,IPC03672
PAT_00387,IPC03675
PAT_00387,IPC02199
PAT_00387,IPC02195
PAT_00387,IPC03620
PAT_00387,IPC02224
PAT_00388,IPC01605
PAT_00388,IPC03569
PAT_00388,IPC03570
PAT_00388,IPC03568
PAT_00388,IPC03573
PAT_00389,IPC01743
PAT_00389,IPC02154
PAT_00389,IPC02153
PAT_00389,IPC02542
PAT_00389,IPC01114
PAT_00390,IPC03510
PAT_00390,IPC02068
PAT_00390,IPC02253
PAT_00390,IPC02250
PAT_00390,IPC00684
PAT_00391,IPC02618
PAT_00391,IPC03852
PAT_00391,IPC02508
PAT_00391,IPC01583
PAT_00391,IPC02485
PAT_00392,IPC03651
PAT_00392,IPC03133
PAT_00392,IPC03175
PAT_00392,IPC02965
PAT_00392,IPC02604
PAT_00393,IPC03773
PAT_00393,IPC03763
PAT_00393,IPC03772
PAT_00393,IPC03596
PAT_00393,IPC03770
PAT_00394,IPC02208
PAT_00394,IPC02202
PAT_00394,IPC01608
PAT_00394,IPC03776
PAT_00394,IPC02201
PAT_00395,IPC00981
PAT_00395,IPC01232
PAT_00395,IPC03566
PAT_00395,IPC02249
PAT_00395,IPC00980
PAT_00396,IPC00537
PAT_00396,IPC00570
PAT_00396,IPC00648
PAT_00396,IPC00587
PAT_00396,IPC00535
PAT_00397,IPC01057
PAT_00397,IPC03706
PAT_00397,IPC01056
PAT_00397,IPC03703
PAT_00397,IPC02663
PAT_00398,IPC04324
PAT_00398,IPC00989
PAT_00398,IPC00740
PAT_00398,IPC02001
PAT_00398,IPC00738
PAT_00399,IPC01261
PAT_00399,IPC01238
PAT_00399,IPC01962
PAT_00399,IPC01237
PAT_00399,IPC01004
PAT_00400,IPC00646
PAT_00400,IPC00805
PAT_00400,IPC01833
PAT_00400,IPC01841
PAT_00400,IPC01825
PAT_00401,IPC00799
PAT_00401,IPC00368
PAT_00401,IPC04156
PAT_00401,IPC00781
PAT_00401,IPC04260
PAT_00402,IPC02968
PAT_00402,IPC03843
PAT_00402,IPC04042
PAT_00402,IPC03842
PAT_00402,IPC02821
PAT_00403,IPC01605
PAT_00403,IPC04324
PAT_00403,IPC02025
PAT_00403,IPC01677
PAT_00403,IPC00666
PAT_00404,IPC01248
PAT_00404,IPC00217
PAT_00404,IPC01249
PAT_00404,IPC01045
PAT_00404,IPC01256
PAT_00405,IPC03616
PAT_00406,IPC02283
PAT_00406,IPC02282
PAT_00406,IPC02288
PAT_00406,IPC02301
PAT_00406,IPC02302
PAT_00407,IPC03944
PAT_00407,IPC02446
PAT_00407,IPC03951
PAT_00407,IPC03948
PAT_00407,IPC02445
PAT_00408,IPC03999
PAT_00408,IPC02846
PAT_00408,IPC02854
PAT_00408,IPC02827
PAT_00408,IPC03855
PAT_00409,IPC03820
PAT_00409,IPC03821
PAT_00410,IPC03125
PAT_00410,IPC03432
PAT_00411,IPC03145
PAT_00411,IPC03150
PAT_00411,IPC03146
PAT_00411,IPC03047
PAT_00412,IPC00167
PAT_00412,IPC02128
PAT_00412,IPC01605
PAT_00412,IPC02160
PAT_00412,IPC01995
PAT_00413,IPC04243
PAT_00413,IPC04278
PAT_00413,IPC03207
PAT_00413,IPC04253
PAT_00414,IPC03054
PAT_00414,IPC03558
PAT_00414,IPC04268
PAT_00416,IPC04039
PAT_00416,IPC04041
PAT_00416,IPC04044
PAT_00417,IPC03201
PAT_00417,IPC03522
PAT_00417,IPC03044
PAT_00417,IPC03053
PAT_00417,IPC03493
PAT_00418,IPC04061
PAT_00418,IPC04091
PAT_00418,IPC04087
PAT_00419,IPC04350
PAT_00419,IPC04348
PAT_00419,IPC04351
PAT_00420,IPC03515
PAT_00420,IPC03508
PAT_00420,IPC03516
PAT_00421,IPC03090
PAT_00421,IPC04142
PAT_00421,IPC04143
PAT_00422,IPC03642
PAT_00422,IPC03643
PAT_00422,IPC04313
PAT_00422,IPC04323
PAT_00423,IPC04076
PAT_00423,IPC00295
PAT_00423,IPC00296
PAT_00423,IPC00297
PAT_00423,IPC03212
PAT_00424,IPC02849
PAT_00424,IPC04006
PAT_00424,IPC03168
PAT_00424,IPC03164
PAT_00425,IPC02526
PAT_00425,IPC02531
PAT_00425,IPC00973
PAT_00425,IPC03898
PAT_00425,IPC03644
PAT_00426,IPC03479
PAT_00427,IPC00368
PAT_00427,IPC02806
PAT_00427,IPC02785
PAT_00427,IPC02801
PAT_00427,IPC02751
PAT_00428,IPC03233
PAT_00428,IPC03485
PAT_00428,IPC03487
PAT_00428,IPC03248
PAT_00428,IPC03482
PAT_00429,IPC03021
PAT_00429,IPC03984
PAT_00429,IPC01603
PAT_00429,IPC03848
PAT_00429,IPC03985
PAT_00430,IPC00495
PAT_00430,IPC00771
PAT_00430,IPC00768
PAT_00430,IPC00367
PAT_00430,IPC02493
PAT_00431,IPC03648
PAT_00431,IPC03637
PAT_00431,IPC03640
PAT_00431,IPC04316
PAT_00431,IPC03649
PAT_00432,IPC01605
PAT_00432,IPC01606
PAT_00432,IPC02003
PAT_00432,IPC01621
PAT_00432,IPC00621
PAT_00433,IPC03131
PAT_00433,IPC01560
PAT_00433,IPC03215
PAT_00433,IPC03240
PAT_00433,IPC03258
PAT_00433,IPC03281
PAT_00433,IPC03282
PAT_00433,IPC04259
PAT_00434,IPC04035
PAT_00434,IPC04067
PAT_00434,IPC04237
PAT_00434,IPC04276
PAT_00434,IPC04324
PAT_00435,IPC02635
PAT_00435,IPC03239
PAT_00435,IPC04084
PAT_00435,IPC03234
PAT_00435,IPC03419
PAT_00436,IPC03400
PAT_00436,IPC03239
PAT_00436,IPC03232
PAT_00436,IPC03282
PAT_00436,IPC01320
PAT_00437,IPC02497
PAT_00437,IPC03870
PAT_00437,IPC02399
PAT_00437,IPC02503
PAT_00437,IPC02343
PAT_00438,IPC04309
PAT_00438,IPC02547
PAT_00438,IPC02834
PAT_00438,IPC04322
PAT_00438,IPC04301
PAT_00439,IPC00205
PAT_00439,IPC00206
PAT_00439,IPC00209
PAT_00439,IPC01073
PAT_00440,IPC03601
PAT_00440,IPC03594
PAT_00440,IPC03595
PAT_00440,IPC03770
PAT_00440,IPC03593
PAT_00441,IPC01729
PAT_00441,IPC01727
PAT_00441,IPC00970
PAT_00441,IPC01731
PAT_00441,IPC00969
PAT_00442,IPC03418
PAT_00442,IPC03411
PAT_00442,IPC04097
PAT_00442,IPC04095
PAT_00443,IPC00029
PAT_00443,IPC00150
PAT_00443,IPC00135
PAT_00443,IPC01126
PAT_00443,IPC00032
PAT_00444,IPC01761
PAT_00444,IPC00005
PAT_00444,IPC00114
PAT_00444,IPC00007
PAT_00444,IPC02794
PAT_00445,IPC02394
PAT_00446,IPC03095
PAT_00446,IPC03094
PAT_00446,IPC03093
PAT_00446,IPC03092
PAT_00446,IPC03707
PAT_00447,IPC04096
PAT_00447,IPC03097
PAT_00447,IPC03092
PAT_00447,IPC04168
PAT_00447,IPC03126
PAT_00448,IPC01839
PAT_00449,IPC01725
PAT_00449,IPC00714
PAT_00449,IPC00981
PAT_00449,IPC01878
PAT_00449,IPC00980
PAT_00450,IPC00216
PAT_00450,IPC00929
PAT_00450,IPC01242
PAT_00450,IPC00878
PAT_00450,IPC02237
PAT_00451,IPC00380
PAT_00451,IPC00391
PAT_00451,IPC00368
PAT_00451,IPC00366
PAT_00451,IPC00218
PAT_00452,IPC00470
PAT_00452,IPC00476
PAT_00452,IPC01139
PAT_00453,IPC02044
PAT_00453,IPC02046
PAT_00453,IPC02045
PAT_00453,IPC00948
PAT_00453,IPC01073
PAT_00454,IPC00828
PAT_00454,IPC00869
PAT_00454,IPC00688
PAT_00454,IPC03722
PAT_00454,IPC03779
PAT_00455,IPC02753
PAT_00455,IPC02754
PAT_00455,IPC02752
PAT_00455,IPC02764
PAT_00455,IPC02756
PAT_00456,IPC00112
PAT_00456,IPC00106
PAT_00456,IPC00107
PAT_00456,IPC00109
PAT_00456,IPC01513
PAT_00457,IPC03142
PAT_00457,IPC03267
PAT_00457,IPC04165
PAT_00457,IPC03087
PAT_00457,IPC03223
PAT_00458,IPC00114
PAT_00458,IPC01047
PAT_00458,IPC00005
PAT_00458,IPC01046
PAT_00458,IPC03197
PAT_00459,IPC04080
PAT_00459,IPC00370
PAT_00459,IPC04096
PAT_00459,IPC03240
PAT_00459,IPC03063
PAT_00460,IPC03196
PAT_00460,IPC03239
PAT_00460,IPC03243
PAT_00460,IPC03247
PAT_00460,IPC03250
PAT_00461,IPC03393
PAT_00461,IPC03389
PAT_00461,IPC03257
PAT_00461,IPC00370
PAT_00461,IPC03399
PAT_00462,IPC03090
PAT_00462,IPC03212
PAT_00462,IPC03148
PAT_00462,IPC03165
PAT_00462,IPC04165
PAT_00463,IPC02804
PAT_00463,IPC04302
PAT_00463,IPC00980
PAT_00463,IPC01692
PAT_00463,IPC01468
PAT_00464,IPC03487
PAT_00464,IPC03485
PAT_00464,IPC03073
PAT_00464,IPC03135
PAT_00464,IPC03488
PAT_00465,IPC00167
PAT_00465,IPC02128
PAT_00465,IPC01605
PAT_00465,IPC02160
PAT_00465,IPC01995
PAT_00466,IPC00167
PAT_00466,IPC02128
PAT_00466,IPC01605
PAT_00466,IPC02160
PAT_00466,IPC01995
PAT_00467,IPC03197
PAT_00468,IPC00456
PAT_00468,IPC00459
PAT_00468,IPC03621
PAT_00469,IPC03219
PAT_00469,IPC03212
PAT_00469,IPC03201
PAT_00469,IPC04184
PAT_00469,IPC04197
PAT_00470,IPC03201
PAT_00470,IPC03212
PAT_00470,IPC01381
PAT_00470,IPC03219
PAT_00470,IPC03411
PAT_00471,IPC03110
PAT_00471,IPC03044
PAT_00471,IPC03451
PAT_00471,IPC03280
PAT_00471,IPC04159
PAT_00472,IPC04218
PAT_00472,IPC00368
PAT_00472,IPC04182
PAT_00472,IPC04183
PAT_00472,IPC03219
PAT_00473,IPC03236
PAT_00473,IPC03232
PAT_00473,IPC03554
PAT_00473,IPC03240
PAT_00473,IPC03177
PAT_00474,IPC00506
PAT_00474,IPC03426
PAT_00474,IPC03442
PAT_00474,IPC03531
PAT_00474,IPC00073
PAT_00475,IPC03257
PAT_00475,IPC04190
PAT_00475,IPC04217
PAT_00475,IPC04189
PAT_00475,IPC03260
PAT_00476,IPC03154
PAT_00476,IPC03157
PAT_00476,IPC04183
PAT_00476,IPC04162
PAT_00476,IPC03273
PAT_00477,IPC02661
PAT_00478,IPC01499
PAT_00478,IPC03207
PAT_00478,IPC00005
PAT_00478,IPC00114
PAT_00478,IPC03013
PAT_00479,IPC00915
PAT_00480,IPC01087
PAT_00480,IPC00728
PAT_00480,IPC01634
PAT_00480,IPC00723
PAT_00480,IPC01088
PAT_00481,IPC00933
PAT_00481,IPC01029
PAT_00481,IPC00932
PAT_00481,IPC01028
PAT_00481,IPC01030
PAT_00482,IPC03257
PAT_00482,IPC00187
PAT_00482,IPC00151
PAT_00482,IPC00567
PAT_00482,IPC00153
PAT_00483,IPC00689
PAT_00483,IPC00575
PAT_00483,IPC00651
PAT_00483,IPC00576
PAT_00483,IPC00706
PAT_00484,IPC00743
PAT_00484,IPC00741
PAT_00484,IPC00737
PAT_00484,IPC00739
PAT_00484,IPC01685
PAT_00485,IPC00693
PAT_00485,IPC00689
PAT_00485,IPC00650
PAT_00485,IPC00656
PAT_00485,IPC00657
PAT_00486,IPC00229
PAT_00486,IPC00235
PAT_00486,IPC00231
PAT_00486,IPC00228
PAT_00486,IPC00230
PAT_00487,IPC00341
PAT_00487,IPC00442
PAT_00487,IPC00533
PAT_00487,IPC00431
PAT_00487,IPC00689
PAT_00488,IPC00350
PAT_00488,IPC00415
PAT_00488,IPC02602
PAT_00489,IPC00669
PAT_00489,IPC00670
PAT_00489,IPC00675
PAT_00489,IPC00866
PAT_00490,IPC00418
PAT_00490,IPC02976
PAT_00490,IPC00416
PAT_00490,IPC00336
PAT_00490,IPC00442
PAT_00491,IPC01499
PAT_00491,IPC01493
PAT_00491,IPC01494
PAT_00491,IPC00916
PAT_00491,IPC02392
PAT_00492,IPC00793
PAT_00492,IPC01164
PAT_00492,IPC00716
PAT_00492,IPC00796
PAT_00492,IPC00780
PAT_00493,IPC00705
PAT_00494,IPC00200
PAT_00494,IPC00139
PAT_00494,IPC00164
PAT_00494,IPC01054
PAT_00494,IPC02462
PAT_00495,IPC02515
PAT_00496,IPC03013
PAT_00497,IPC00698
PAT_00497,IPC00539
PAT_00497,IPC00577
PAT_00497,IPC00689
PAT_00497,IPC00703
PAT_00498,IPC00726
PAT_00498,IPC01970
PAT_00498,IPC01924
PAT_00498,IPC00743
PAT_00498,IPC01971
PAT_00499,IPC00604
PAT_00499,IPC00577
PAT_00499,IPC00702
PAT_00499,IPC00527
PAT_00499,IPC00188
PAT_00500,IPC00706
PAT_00500,IPC00689
PAT_00500,IPC00703
PAT_00500,IPC02726
PAT_00500,IPC00666
PAT_00501,IPC00385
PAT_00501,IPC03940
PAT_00501,IPC03900
PAT_00501,IPC03896
PAT_00501,IPC03939
PAT_00502,IPC04095
PAT_00502,IPC03115
PAT_00502,IPC03182
PAT_00502,IPC03113
PAT_00502,IPC03114
PAT_00503,IPC00115
PAT_00503,IPC00437
PAT_00503,IPC00430
PAT_00503,IPC00744
PAT_00503,IPC02089
PAT_00504,IPC02655
PAT_00504,IPC02652
PAT_00504,IPC02920
PAT_00504,IPC02823
PAT_00504,IPC02608
PAT_00505,IPC04029
PAT_00505,IPC03990
PAT_00505,IPC04031
PAT_00505,IPC01781
PAT_00505,IPC03499
PAT_00506,IPC00689
PAT_00506,IPC00533
PAT_00506,IPC00698
PAT_00506,IPC00648
PAT_00506,IPC00183
PAT_00507,IPC00689
PAT_00507,IPC00694
PAT_00507,IPC00650
PAT_00507,IPC00693
PAT_00507,IPC00653
PAT_00508,IPC03212
PAT_00508,IPC03201
PAT_00508,IPC03219
PAT_00508,IPC03260
PAT_00508,IPC03197
PAT_00509,IPC00441
PAT_00509,IPC00348
PAT_00509,IPC00685
PAT_00509,IPC00548
PAT_00510,IPC03896
PAT_00510,IPC03940
PAT_00510,IPC03083
PAT_00510,IPC03903
PAT_00510,IPC03939
PAT_00511,IPC03900
PAT_00511,IPC03893
PAT_00511,IPC03889
PAT_00511,IPC03894
PAT_00511,IPC03895
PAT_00512,IPC03298
PAT_00512,IPC00339
PAT_00512,IPC03201
PAT_00512,IPC03532
PAT_00512,IPC02703
PAT_00513,IPC01672
PAT_00513,IPC00117
PAT_00513,IPC00718
PAT_00513,IPC01665
PAT_00513,IPC01658
PAT_00514,IPC01716
PAT_00514,IPC01728
PAT_00514,IPC01722
PAT_00514,IPC01723
PAT_00514,IPC01715
PAT_00515,IPC03680
PAT_00515,IPC03675
PAT_00515,IPC03679
PAT_00515,IPC03665
PAT_00515,IPC03626
PAT_00516,IPC02208
PAT_00516,IPC02214
PAT_00516,IPC02213
PAT_00516,IPC02212
PAT_00516,IPC02206
PAT_00517,IPC01624
PAT_00517,IPC01619
PAT_00517,IPC01606
PAT_00517,IPC01605
PAT_00517,IPC00612
PAT_00517,IPC01625
PAT_00517,IPC01773
PAT_00517,IPC01779
PAT_00518,IPC01930
PAT_00518,IPC02981
PAT_00518,IPC01927
PAT_00518,IPC02982
PAT_00518,IPC01932
PAT_00519,IPC03167
PAT_00519,IPC03455
PAT_00519,IPC03212
PAT_00519,IPC03218
PAT_00519,IPC03724
PAT_00520,IPC02861
PAT_00520,IPC02644
PAT_00520,IPC02828
PAT_00520,IPC02858
PAT_00520,IPC03711
PAT_00521,IPC00779
PAT_00521,IPC00689
PAT_00521,IPC00706
PAT_00521,IPC00658
PAT_00521,IPC00573
PAT_00522,IPC01499
PAT_00522,IPC01491
PAT_00522,IPC01488
PAT_00522,IPC01500
PAT_00522,IPC01490
PAT_00523,IPC02698
PAT_00523,IPC02685
PAT_00524,IPC01674
PAT_00524,IPC01689
PAT_00524,IPC01690
PAT_00524,IPC01687
PAT_00524,IPC01696
PAT_00524,IPC02095
PAT_00524,IPC01686
PAT_00524,IPC02088
PAT_00525,IPC03506
PAT_00525,IPC03712
PAT_00525,IPC03713
PAT_00525,IPC02862
PAT_00525,IPC03710
PAT_00526,IPC02650
PAT_00526,IPC02943
PAT_00526,IPC02946
PAT_00526,IPC02648
PAT_00526,IPC02720
PAT_00526,IPC02677
PAT_00526,IPC02678
PAT_00527,IPC04011
PAT_00527,IPC03846
PAT_00527,IPC03008
PAT_00527,IPC02666
PAT_00527,IPC04046
PAT_00528,IPC03218
PAT_00528,IPC03212
PAT_00528,IPC03714
PAT_00528,IPC03507
PAT_00528,IPC03658
PAT_00529,IPC03715
PAT_00529,IPC03620
PAT_00529,IPC03683
PAT_00529,IPC03658
PAT_00529,IPC03659
PAT_00530,IPC02142
PAT_00530,IPC01840
PAT_00530,IPC02114
PAT_00530,IPC02122
PAT_00530,IPC02130
PAT_00531,IPC03507
PAT_00531,IPC03513
PAT_00531,IPC02845
PAT_00531,IPC02832
PAT_00531,IPC02850
PAT_00532,IPC04331
PAT_00532,IPC04333
PAT_00532,IPC04335
PAT_00532,IPC04328
PAT_00533,IPC00368
PAT_00533,IPC03550
PAT_00533,IPC00387
PAT_00533,IPC03549
PAT_00533,IPC00389
PAT_00534,IPC00064
PAT_00534,IPC00068
PAT_00534,IPC02312
PAT_00534,IPC00052
PAT_00534,IPC02311
PAT_00535,IPC00026
PAT_00535,IPC00034
PAT_00535,IPC00027
PAT_00535,IPC00088
PAT_00535,IPC00033
PAT_00536,IPC02307
PAT_00536,IPC02310
PAT_00536,IPC02309
PAT_00536,IPC02308
PAT_00536,IPC02304
PAT_00537,IPC02241
PAT_00537,IPC02243
PAT_00537,IPC02240
PAT_00537,IPC02244
PAT_00537,IPC02245
PAT_00538,IPC04355
PAT_00538,IPC04340
PAT_00538,IPC02190
PAT_00538,IPC03511
PAT_00539,IPC03936
PAT_00539,IPC03912
PAT_00539,IPC03906
PAT_00539,IPC03908
PAT_00539,IPC03907
PAT_00540,IPC02010
PAT_00540,IPC02755
PAT_00540,IPC02014
PAT_00540,IPC02009
PAT_00540,IPC02005
PAT_00541,IPC03437
PAT_00541,IPC03436
PAT_00541,IPC03435
PAT_00541,IPC03434
PAT_00541,IPC03443
PAT_00542,IPC00424
PAT_00542,IPC00425
PAT_00542,IPC02881
PAT_00542,IPC02770
PAT_00542,IPC02767
PAT_00543,IPC01858
PAT_00543,IPC01859
PAT_00543,IPC00664
PAT_00543,IPC01849
PAT_00543,IPC00665
PAT_00544,IPC03207
PAT_00544,IPC00368
PAT_00544,IPC03042
PAT_00544,IPC03219
PAT_00544,IPC03012
PAT_00545,IPC03970
PAT_00545,IPC03972
PAT_00545,IPC04008
PAT_00545,IPC03971
PAT_00545,IPC04004
PAT_00546,IPC00963
PAT_00546,IPC00964
PAT_00546,IPC00962
PAT_00546,IPC00961
PAT_00546,IPC00783
PAT_00547,IPC01976
PAT_00547,IPC04324
PAT_00547,IPC01929
PAT_00547,IPC01927
PAT_00547,IPC01897
PAT_00548,IPC03819
PAT_00548,IPC03828
PAT_00548,IPC03823
PAT_00548,IPC03808
PAT_00548,IPC02991
PAT_00549,IPC02800
PAT_00549,IPC02145
PAT_00549,IPC02761
PAT_00549,IPC02755
PAT_00549,IPC02752
PAT_00550,IPC01965
PAT_00550,IPC01871
PAT_00550,IPC01872
PAT_00550,IPC01869
PAT_00550,IPC01964
PAT_00551,IPC01976
PAT_00551,IPC01897
PAT_00551,IPC01893
PAT_00551,IPC01977
PAT_00551,IPC01895
PAT_00552,IPC02350
PAT_00552,IPC02351
PAT_00552,IPC02347
PAT_00552,IPC02779
PAT_00552,IPC02352
PAT_00553,IPC02545
PAT_00553,IPC02537
PAT_00553,IPC02543
PAT_00553,IPC02546
PAT_00553,IPC02535
PAT_00554,IPC03876
PAT_00554,IPC03734
PAT_00554,IPC03733
PAT_00554,IPC03736
PAT_00554,IPC02853
PAT_00555,IPC02535
PAT_00555,IPC02536
PAT_00555,IPC02538
PAT_00555,IPC02537
PAT_00556,IPC01040
PAT_00556,IPC01041
PAT_00556,IPC01038
PAT_00556,IPC01032
PAT_00556,IPC01033
PAT_00556,IPC01035
PAT_00557,IPC02817
PAT_00557,IPC01010
PAT_00557,IPC00971
PAT_00557,IPC01009
PAT_00557,IPC01278
PAT_00558,IPC01976
PAT_00558,IPC01925
PAT_00558,IPC01897
PAT_00558,IPC01952
PAT_00558,IPC01948
PAT_00559,IPC03097
PAT_00559,IPC03011
PAT_00559,IPC03106
PAT_00559,IPC03001
PAT_00559,IPC03009
PAT_00560,IPC03611
PAT_00560,IPC03692
PAT_00560,IPC03634
PAT_00561,IPC03442
PAT_00561,IPC03443
PAT_00562,IPC00786
PAT_00562,IPC00788
PAT_00562,IPC00781
PAT_00563,IPC00852
PAT_00563,IPC00648
PAT_00563,IPC00525
PAT_00563,IPC00544
PAT_00563,IPC00689
PAT_00563,IPC00579
PAT_00563,IPC00536
PAT_00563,IPC00538
PAT_00564,IPC02452
PAT_00564,IPC01522
PAT_00564,IPC02453
PAT_00564,IPC02417
PAT_00564,IPC02418
PAT_00565,IPC01256
PAT_00565,IPC04324
PAT_00565,IPC01257
PAT_00565,IPC01921
PAT_00565,IPC01264
PAT_00566,IPC00998
PAT_00566,IPC00997
PAT_00566,IPC00996
PAT_00566,IPC01833
PAT_00566,IPC03776
PAT_00566,IPC02203
PAT_00566,IPC02211
PAT_00567,IPC03876
PAT_00567,IPC03733
PAT_00567,IPC03736
PAT_00567,IPC02852
PAT_00568,IPC02457
PAT_00568,IPC00782
PAT_00568,IPC02456
PAT_00568,IPC00783
PAT_00568,IPC02455
PAT_00569,IPC01084
PAT_00569,IPC02165
PAT_00569,IPC02167
PAT_00569,IPC02168
PAT_00569,IPC01085
PAT_00570,IPC01876
PAT_00570,IPC01783
PAT_00570,IPC01920
PAT_00570,IPC01958
PAT_00570,IPC01973
PAT_00570,IPC01912
PAT_00571,IPC03083
PAT_00571,IPC03073
PAT_00571,IPC03161
PAT_00572,IPC03186
PAT_00572,IPC03185
PAT_00572,IPC03052
PAT_00573,IPC02271
PAT_00573,IPC01319
PAT_00573,IPC01643
PAT_00573,IPC01644
PAT_00573,IPC01171
PAT_00574,IPC02387
PAT_00574,IPC02554
PAT_00574,IPC02553
PAT_00574,IPC02384
PAT_00574,IPC03650
PAT_00575,IPC01651
PAT_00575,IPC01650
PAT_00575,IPC00984
PAT_00575,IPC01764
PAT_00575,IPC01879
PAT_00576,IPC04219
PAT_00576,IPC02975
PAT_00576,IPC04169
PAT_00576,IPC02973
PAT_00577,IPC00123
PAT_00577,IPC00147
PAT_00577,IPC01541
PAT_00577,IPC01554
PAT_00577,IPC02239
PAT_00578,IPC01973
PAT_00578,IPC01261
PAT_00578,IPC01247
PAT_00578,IPC01243
PAT_00578,IPC01876
PAT_00579,IPC04143
PAT_00579,IPC00870
PAT_00579,IPC04147
PAT_00579,IPC04282
PAT_00579,IPC04145
PAT_00580,IPC02120
PAT_00580,IPC02812
PAT_00580,IPC00845
PAT_00580,IPC01844
PAT_00580,IPC00635
PAT_00581,IPC01896
PAT_00581,IPC01924
PAT_00581,IPC01902
PAT_00581,IPC01976
PAT_00581,IPC01009
PAT_00582,IPC01935
PAT_00582,IPC01605
PAT_00582,IPC01920
PAT_00582,IPC02024
PAT_00582,IPC01607
PAT_00583,IPC01603
PAT_00583,IPC01606
PAT_00583,IPC02032
PAT_00583,IPC04345
PAT_00583,IPC04341
PAT_00584,IPC01134
PAT_00584,IPC01141
PAT_00584,IPC01140
PAT_00585,IPC01808
PAT_00585,IPC01774
PAT_00585,IPC01784
PAT_00585,IPC01766
PAT_00585,IPC02030
PAT_00585,IPC02033
PAT_00585,IPC01917
PAT_00585,IPC02070
PAT_00586,IPC01880
PAT_00586,IPC01920
PAT_00586,IPC01957
PAT_00586,IPC01164
PAT_00586,IPC01882
PAT_00587,IPC03590
PAT_00587,IPC03601
PAT_00587,IPC03600
PAT_00587,IPC01606
PAT_00587,IPC01605
PAT_00587,IPC03594
PAT_00587,IPC03592
PAT_00587,IPC03595
PAT_00588,IPC00779
PAT_00588,IPC00689
PAT_00588,IPC00706
PAT_00588,IPC00698
PAT_00588,IPC00654
PAT_00589,IPC00846
PAT_00589,IPC00926
PAT_00589,IPC00577
PAT_00589,IPC01870
PAT_00589,IPC03620
PAT_00590,IPC01904
PAT_00590,IPC01883
PAT_00590,IPC01928
PAT_00590,IPC01929
PAT_00590,IPC01927
PAT_00591,IPC02304
PAT_00591,IPC00275
PAT_00591,IPC00274
PAT_00591,IPC01461
PAT_00592,IPC03637
PAT_00592,IPC03652
PAT_00592,IPC03640
PAT_00592,IPC03675
PAT_00592,IPC03620
PAT_00593,IPC02798
PAT_00593,IPC02142
PAT_00593,IPC02762
PAT_00593,IPC03013
PAT_00593,IPC01270
PAT_00594,IPC02031
PAT_00594,IPC01619
PAT_00594,IPC01605
PAT_00594,IPC01606
PAT_00594,IPC01603
PAT_00595,IPC00566
PAT_00595,IPC00556
PAT_00596,IPC04343
PAT_00596,IPC03722
PAT_00596,IPC03606
PAT_00596,IPC02756
PAT_00596,IPC04337
PAT_00597,IPC00845
PAT_00597,IPC00634
PAT_00597,IPC02124
PAT_00597,IPC00644
PAT_00597,IPC00689
PAT_00598,IPC01009
PAT_00598,IPC02078
PAT_00598,IPC02086
PAT_00599,IPC02592
PAT_00599,IPC01270
PAT_00599,IPC00269
PAT_00599,IPC01857
PAT_00599,IPC03692
PAT_00600,IPC00703
PAT_00600,IPC00694
PAT_00600,IPC00667
PAT_00600,IPC02112
PAT_00600,IPC00581
PAT_00601,IPC04143
PAT_00601,IPC04047
PAT_00601,IPC03205
PAT_00601,IPC03204
PAT_00601,IPC04091
PAT_00602,IPC03635
PAT_00602,IPC00480
PAT_00602,IPC00686
PAT_00602,IPC01133
PAT_00602,IPC03614
PAT_00603,IPC02083
PAT_00603,IPC03635
PAT_00603,IPC02113
PAT_00603,IPC02531
PAT_00603,IPC03627
PAT_00604,IPC02231
PAT_00604,IPC01656
PAT_00604,IPC01676
PAT_00604,IPC03756
PAT_00604,IPC02233
PAT_00605,IPC03865
PAT_00605,IPC03868
PAT_00605,IPC03869
PAT_00605,IPC01355
PAT_00605,IPC03934
PAT_00606,IPC02817
PAT_00606,IPC02981
PAT_00606,IPC01265
PAT_00606,IPC01266
PAT_00606,IPC01290
PAT_00607,IPC00368
PAT_00607,IPC00380
PAT_00607,IPC03543
PAT_00607,IPC00369
PAT_00608,IPC03298
PAT_00608,IPC03549
PAT_00608,IPC03321
PAT_00608,IPC03543
PAT_00608,IPC03214
PAT_00608,IPC03219
PAT_00608,IPC03104
PAT_00609,IPC03212
PAT_00609,IPC03217
PAT_00609,IPC03219
PAT_00609,IPC02868
PAT_00610,IPC02968
PAT_00610,IPC03634
PAT_00610,IPC02734
PAT_00610,IPC02673
PAT_00610,IPC00368
PAT_00611,IPC00201
PAT_00611,IPC00202
PAT_00611,IPC00311
PAT_00612,IPC01731
PAT_00612,IPC01724
PAT_00612,IPC01273
PAT_00613,IPC01647
PAT_00613,IPC01648
PAT_00613,IPC01646
PAT_00613,IPC01635
PAT_00614,IPC03588
PAT_00614,IPC03546
PAT_00614,IPC01326
PAT_00614,IPC03012
PAT_00614,IPC03580
PAT_00615,IPC02721
PAT_00615,IPC02720
PAT_00615,IPC02731
PAT_00615,IPC02667
PAT_00615,IPC02732
PAT_00616,IPC03511
PAT_00616,IPC01601
PAT_00616,IPC04327
PAT_00616,IPC04355
PAT_00617,IPC02317
PAT_00617,IPC01139
PAT_00617,IPC01126
PAT_00617,IPC01308
PAT_00617,IPC02258
PAT_00618,IPC04287
PAT_00618,IPC04253
PAT_00618,IPC04111
PAT_00618,IPC04282
PAT_00618,IPC04296
PAT_00619,IPC03920
PAT_00619,IPC03922
PAT_00619,IPC03911
PAT_00619,IPC03906
PAT_00620,IPC00368
PAT_00620,IPC02714
PAT_00620,IPC01009
PAT_00620,IPC00381
PAT_00620,IPC01022
PAT_00621,IPC02810
PAT_00621,IPC02724
PAT_00621,IPC02801
PAT_00621,IPC02800
PAT_00622,IPC02720
PAT_00622,IPC02722
PAT_00622,IPC02718
PAT_00622,IPC00388
PAT_00623,IPC02819
PAT_00623,IPC02794
PAT_00624,IPC03415
PAT_00624,IPC03445
PAT_00624,IPC02636
PAT_00624,IPC02631
PAT_00625,IPC00635
PAT_00625,IPC00637
PAT_00625,IPC01842
PAT_00625,IPC00848
PAT_00625,IPC01845
PAT_00626,IPC00664
PAT_00626,IPC00689
PAT_00626,IPC01858
PAT_00626,IPC00627
PAT_00626,IPC00842
PAT_00627,IPC02086
PAT_00627,IPC02078
PAT_00627,IPC01009
PAT_00628,IPC01369
PAT_00628,IPC01370
PAT_00628,IPC00499
PAT_00629,IPC00981
PAT_00629,IPC00979
PAT_00629,IPC01656
PAT_00630,IPC00637
PAT_00630,IPC01842
PAT_00630,IPC00635
PAT_00630,IPC00638
PAT_00630,IPC02115
PAT_00631,IPC01912
PAT_00631,IPC01163
PAT_00631,IPC01164
PAT_00631,IPC01172
PAT_00631,IPC01173
PAT_00631,IPC01166
PAT_00631,IPC01976
PAT_00632,IPC00635
PAT_00632,IPC01842
PAT_00632,IPC00640
PAT_00632,IPC00637
PAT_00632,IPC00824
PAT_00633,IPC01334
PAT_00633,IPC02685
PAT_00633,IPC01332
PAT_00633,IPC03143
PAT_00633,IPC01335
PAT_00634,IPC00518
PAT_00635,IPC02359
PAT_00635,IPC02360
PAT_00636,IPC03996
PAT_00636,IPC03975
PAT_00636,IPC03979
PAT_00636,IPC03981
PAT_00636,IPC03983
PAT_00637,IPC04005
PAT_00637,IPC03974
PAT_00637,IPC03975
PAT_00638,IPC01598
PAT_00638,IPC02646
PAT_00638,IPC03994
PAT_00639,IPC00901
PAT_00639,IPC00902
PAT_00639,IPC00904
PAT_00639,IPC00905
PAT_00639,IPC03280
PAT_00640,IPC00779
PAT_00640,IPC00689
PAT_00640,IPC00778
PAT_00640,IPC00344
PAT_00640,IPC00458
PAT_00641,IPC02415
PAT_00641,IPC02416
PAT_00641,IPC01506
PAT_00641,IPC02395
PAT_00641,IPC01492
PAT_00642,IPC04287
PAT_00642,IPC04089
PAT_00642,IPC04070
PAT_00643,IPC03237
PAT_00643,IPC03085
PAT_00644,IPC03715
PAT_00644,IPC02841
PAT_00644,IPC03628
PAT_00644,IPC03605
PAT_00644,IPC01599
PAT_00645,IPC00385
PAT_00645,IPC00368
PAT_00645,IPC00384
PAT_00645,IPC00799
PAT_00645,IPC00506
PAT_00646,IPC00063
PAT_00646,IPC00050
PAT_00647,IPC01895
PAT_00647,IPC01897
PAT_00647,IPC01959
PAT_00647,IPC01908
PAT_00647,IPC01867
PAT_00647,IPC01946
PAT_00647,IPC01988
PAT_00648,IPC04329
PAT_00648,IPC04330
PAT_00648,IPC04332
PAT_00648,IPC04334
PAT_00649,IPC00697
PAT_00649,IPC00531
PAT_00649,IPC00818
PAT_00650,IPC02611
PAT_00650,IPC03587
PAT_00650,IPC01515
PAT_00650,IPC02621
PAT_00651,IPC00368
PAT_00651,IPC00370
PAT_00651,IPC00793
PAT_00651,IPC00794
PAT_00652,IPC03538
PAT_00652,IPC00387
PAT_00652,IPC03549
PAT_00652,IPC03536
PAT_00652,IPC00786
PAT_00653,IPC00626
PAT_00653,IPC00658
PAT_00653,IPC00631
PAT_00653,IPC00657
PAT_00653,IPC00738
PAT_00653,IPC00728
PAT_00653,IPC00742
PAT_00654,IPC04147
PAT_00654,IPC04297
PAT_00654,IPC04122
PAT_00654,IPC04239
PAT_00654,IPC04126
PAT_00655,IPC02401
PAT_00655,IPC02381
PAT_00655,IPC02390
PAT_00655,IPC02421
PAT_00655,IPC02422
PAT_00656,IPC02401
PAT_00656,IPC02381
PAT_00656,IPC02390
PAT_00656,IPC02421
PAT_00656,IPC02422
PAT_00657,IPC02603
PAT_00657,IPC04323
PAT_00657,IPC03645
PAT_00657,IPC02578
PAT_00657,IPC02577
PAT_00658,IPC03632
PAT_00658,IPC03630
PAT_00658,IPC03679
PAT_00659,IPC02306
PAT_00659,IPC02307
PAT_00660,IPC03523
PAT_00660,IPC02103
PAT_00660,IPC00597
PAT_00660,IPC00636
PAT_00661,IPC04119
PAT_00661,IPC04068
PAT_00661,IPC04092
PAT_00661,IPC04094
PAT_00661,IPC04090
PAT_00662,IPC01987
PAT_00662,IPC02020
PAT_00662,IPC02026
PAT_00663,IPC02087
PAT_00663,IPC01009
PAT_00663,IPC02085
PAT_00663,IPC02078
PAT_00663,IPC03667
PAT_00664,IPC01476
PAT_00664,IPC01478
PAT_00665,IPC03715
PAT_00665,IPC02990
PAT_00665,IPC03602
PAT_00665,IPC03604
PAT_00665,IPC02198
PAT_00666,IPC01498
PAT_00666,IPC02631
PAT_00666,IPC02632
PAT_00666,IPC02891
PAT_00666,IPC02893
PAT_00666,IPC03016
PAT_00666,IPC03017
PAT_00666,IPC03419
PAT_00667,IPC02170
PAT_00667,IPC01271
PAT_00667,IPC02166
PAT_00667,IPC02167
PAT_00668,IPC02857
PAT_00668,IPC02863
PAT_00668,IPC02865
PAT_00668,IPC03580
PAT_00668,IPC03907
PAT_00668,IPC03918
PAT_00668,IPC03922
PAT_00669,IPC03910
PAT_00669,IPC03911
PAT_00670,IPC02086
PAT_00670,IPC02748
PAT_00670,IPC02714
PAT_00671,IPC02164
PAT_00671,IPC02173
PAT_00672,IPC03673
PAT_00672,IPC03620
PAT_00672,IPC03679
PAT_00673,IPC03679
PAT_00673,IPC03668
PAT_00673,IPC03675
PAT_00674,IPC03403
PAT_00674,IPC02635
PAT_00674,IPC01324
PAT_00674,IPC03329
PAT_00674,IPC03125
PAT_00674,IPC03342
PAT_00674,IPC03298
PAT_00674,IPC03313
PAT_00675,IPC02845
PAT_00675,IPC02847
PAT_00675,IPC02855
PAT_00675,IPC03003
PAT_00675,IPC03857
PAT_00675,IPC03912
PAT_00675,IPC03913
PAT_00675,IPC03932
PAT_00676,IPC02405
PAT_00676,IPC02421
PAT_00676,IPC02408
PAT_00676,IPC02410
PAT_00676,IPC02055
PAT_00677,IPC01976
PAT_00677,IPC01921
PAT_00677,IPC01922
PAT_00678,IPC00743
PAT_00678,IPC01002
PAT_00678,IPC01605
PAT_00678,IPC01606
PAT_00678,IPC02006
PAT_00678,IPC02008
PAT_00679,IPC03125
PAT_00679,IPC02936
PAT_00679,IPC03219
PAT_00679,IPC03212
PAT_00679,IPC03201
PAT_00680,IPC03439
PAT_00680,IPC03440
PAT_00680,IPC03441
PAT_00681,IPC00635
PAT_00681,IPC00637
PAT_00681,IPC00641
PAT_00681,IPC00848
PAT_00681,IPC01843
PAT_00681,IPC02118
PAT_00682,IPC02113
PAT_00682,IPC00593
PAT_00682,IPC00596
PAT_00682,IPC00741
PAT_00682,IPC00845
PAT_00683,IPC00827
PAT_00683,IPC00824
PAT_00683,IPC01809
PAT_00683,IPC00828
PAT_00683,IPC01826
PAT_00684,IPC03808
PAT_00684,IPC04313
PAT_00684,IPC03582
PAT_00684,IPC04314
PAT_00684,IPC03581
PAT_00685,IPC01278
PAT_00685,IPC04174
PAT_00685,IPC01048
PAT_00685,IPC04315
PAT_00685,IPC03695
PAT_00686,IPC04091
PAT_00686,IPC04119
PAT_00686,IPC04054
PAT_00686,IPC04068
PAT_00686,IPC04287
PAT_00687,IPC02607
PAT_00687,IPC02391
PAT_00687,IPC02365
PAT_00687,IPC02598
PAT_00687,IPC02597
PAT_00688,IPC02812
PAT_00688,IPC02142
PAT_00688,IPC02225
PAT_00688,IPC02813
PAT_00688,IPC02699
PAT_00689,IPC02142
PAT_00689,IPC02988
PAT_00689,IPC04195
PAT_00689,IPC04188
PAT_00689,IPC02812
PAT_00690,IPC01095
PAT_00690,IPC01096
PAT_00690,IPC01094
PAT_00690,IPC01097
PAT_00690,IPC01266
PAT_00690,IPC01267
PAT_00690,IPC01274
PAT_00691,IPC03820
PAT_00691,IPC03829
PAT_00691,IPC03808
PAT_00692,IPC04055
PAT_00692,IPC04056
PAT_00692,IPC04285
PAT_00692,IPC04054
PAT_00692,IPC04051
PAT_00693,IPC01900
PAT_00693,IPC01942
PAT_00693,IPC01978
PAT_00693,IPC02030
PAT_00694,IPC00554
PAT_00694,IPC00648
PAT_00694,IPC00699
PAT_00694,IPC00551
PAT_00694,IPC01792
PAT_00695,IPC04096
PAT_00695,IPC00368
PAT_00695,IPC00386
PAT_00695,IPC04075
PAT_00695,IPC00370
PAT_00696,IPC03582
PAT_00696,IPC02110
PAT_00696,IPC03902
PAT_00696,IPC03610
PAT_00696,IPC03646
PAT_00697,IPC00368
PAT_00697,IPC02811
PAT_00697,IPC03418
PAT_00697,IPC03197
PAT_00697,IPC00369
PAT_00698,IPC03699
PAT_00698,IPC03700
PAT_00698,IPC02376
PAT_00698,IPC03697
PAT_00698,IPC03698
PAT_00699,IPC00768
PAT_00699,IPC00769
PAT_00699,IPC00766
PAT_00699,IPC00765
PAT_00699,IPC00340
PAT_00700,IPC01265
PAT_00700,IPC01091
PAT_00700,IPC01099
PAT_00700,IPC02163
PAT_00700,IPC01271
PAT_00701,IPC02606
PAT_00701,IPC02364
PAT_00701,IPC02510
PAT_00701,IPC02363
PAT_00701,IPC02365
PAT_00702,IPC04093
PAT_00702,IPC04092
PAT_00702,IPC04066
PAT_00702,IPC03108
PAT_00702,IPC04094
PAT_00703,IPC00694
PAT_00703,IPC00689
PAT_00703,IPC00654
PAT_00703,IPC00596
PAT_00703,IPC00852
PAT_00704,IPC02142
PAT_00704,IPC03284
PAT_00704,IPC02864
PAT_00704,IPC00370
PAT_00704,IPC03524
PAT_00705,IPC00368
PAT_00705,IPC02751
PAT_00705,IPC01265
PAT_00705,IPC01250
PAT_00705,IPC00745
PAT_00706,IPC02624
PAT_00706,IPC04060
PAT_00706,IPC01886
PAT_00706,IPC04031
PAT_00706,IPC04197
PAT_00707,IPC00567
PAT_00707,IPC00625
PAT_00707,IPC00632
PAT_00707,IPC00640
PAT_00707,IPC00647
PAT_00708,IPC01653
PAT_00709,IPC02795
PAT_00709,IPC00154
PAT_00709,IPC03043
PAT_00709,IPC03876
PAT_00709,IPC00151
PAT_00710,IPC02802
PAT_00710,IPC02083
PAT_00710,IPC01009
PAT_00710,IPC02930
PAT_00710,IPC00960
PAT_00711,IPC02751
PAT_00712,IPC02735
PAT_00712,IPC02671
PAT_00712,IPC02138
PAT_00712,IPC02668
PAT_00712,IPC02705
PAT_00713,IPC03298
PAT_00713,IPC03543
PAT_00713,IPC03324
PAT_00713,IPC03212
PAT_00713,IPC03322
PAT_00714,IPC02680
PAT_00714,IPC02681
PAT_00714,IPC01128
PAT_00714,IPC02644
PAT_00714,IPC02645
PAT_00715,IPC01409
PAT_00715,IPC02084
PAT_00715,IPC03976
PAT_00715,IPC00365
PAT_00715,IPC01410
PAT_00716,IPC04025
PAT_00716,IPC04023
PAT_00716,IPC03035
PAT_00716,IPC04068
PAT_00716,IPC04028
PAT_00717,IPC03733
PAT_00717,IPC03736
PAT_00717,IPC02852
PAT_00717,IPC02853
PAT_00717,IPC03883
PAT_00717,IPC03882
PAT_00718,IPC01661
PAT_00718,IPC01668
PAT_00718,IPC01673
PAT_00718,IPC01656
PAT_00718,IPC01007
PAT_00719,IPC03727
PAT_00719,IPC03723
PAT_00719,IPC03724
PAT_00719,IPC03728
PAT_00719,IPC03729
PAT_00720,IPC03017
PAT_00720,IPC03013
PAT_00720,IPC01499
PAT_00720,IPC03421
PAT_00720,IPC03419
PAT_00721,IPC04345
PAT_00721,IPC01837
PAT_00721,IPC02032
PAT_00721,IPC02030
PAT_00722,IPC04345
PAT_00722,IPC01837
PAT_00722,IPC02032
PAT_00722,IPC02030
PAT_00723,IPC02859
PAT_00723,IPC02861
PAT_00723,IPC02858
PAT_00723,IPC02644
PAT_00723,IPC04257
PAT_00724,IPC00391
PAT_00724,IPC00371
PAT_00724,IPC00373
PAT_00724,IPC00368
PAT_00724,IPC03541
PAT_00724,IPC03549
PAT_00725,IPC03376
PAT_00725,IPC00882
PAT_00725,IPC03375
PAT_00725,IPC03374
PAT_00725,IPC03381
PAT_00726,IPC02642
PAT_00726,IPC02822
PAT_00726,IPC04353
PAT_00726,IPC02858
PAT_00726,IPC01598
PAT_00726,IPC02820
PAT_00727,IPC02027
PAT_00727,IPC01055
PAT_00727,IPC01052
PAT_00727,IPC01050
PAT_00727,IPC01051
PAT_00728,IPC01907
PAT_00728,IPC01987
PAT_00728,IPC01906
PAT_00728,IPC01786
PAT_00728,IPC01895
PAT_00729,IPC02800
PAT_00729,IPC00954
PAT_00729,IPC01009
PAT_00730,IPC00368
PAT_00730,IPC00388
PAT_00730,IPC02717
PAT_00730,IPC02720
PAT_00731,IPC02906
PAT_00731,IPC01425
PAT_00731,IPC03298
PAT_00731,IPC04266
PAT_00731,IPC03195
PAT_00732,IPC00737
PAT_00732,IPC01271
PAT_00732,IPC01273
PAT_00732,IPC01265
PAT_00732,IPC00732
PAT_00733,IPC00729
PAT_00733,IPC00730
PAT_00733,IPC00736
PAT_00733,IPC00741
PAT_00733,IPC01265
PAT_00733,IPC01271
PAT_00734,IPC01856
PAT_00734,IPC00645
PAT_00734,IPC00857
PAT_00734,IPC01853
PAT_00734,IPC01854
PAT_00734,IPC02100
PAT_00735,IPC00799
PAT_00735,IPC00797
PAT_00735,IPC00798
PAT_00735,IPC00801
PAT_00736,IPC02204
PAT_00736,IPC01626
PAT_00736,IPC02215
PAT_00736,IPC02172
PAT_00736,IPC03737
PAT_00736,IPC03756
PAT_00736,IPC03773
PAT_00737,IPC02142
PAT_00738,IPC04054
PAT_00738,IPC02903
PAT_00738,IPC02866
PAT_00738,IPC03828
PAT_00739,IPC03533
PAT_00739,IPC03117
PAT_00739,IPC03547
PAT_00739,IPC04257
PAT_00739,IPC03544
PAT_00740,IPC01031
PAT_00740,IPC01034
PAT_00740,IPC01266
PAT_00740,IPC01195
PAT_00741,IPC03906
PAT_00741,IPC03868
PAT_00741,IPC03933
PAT_00741,IPC03934
PAT_00742,IPC04346
PAT_00742,IPC01247
PAT_00742,IPC01261
PAT_00742,IPC01924
PAT_00742,IPC00420
PAT_00743,IPC01261
PAT_00743,IPC01247
PAT_00743,IPC02848
PAT_00743,IPC02496
PAT_00743,IPC00959
PAT_00744,IPC01247
PAT_00744,IPC01261
PAT_00744,IPC02048
PAT_00744,IPC02049
PAT_00744,IPC00991
PAT_00745,IPC02978
PAT_00745,IPC01703
PAT_00745,IPC01700
PAT_00745,IPC03505
PAT_00745,IPC02977
PAT_00746,IPC00368
PAT_00746,IPC00398
PAT_00746,IPC03763
PAT_00746,IPC02190
PAT_00746,IPC00797
PAT_00747,IPC03770
PAT_00747,IPC03763
PAT_00747,IPC03773
PAT_00747,IPC03725
PAT_00747,IPC01610
PAT_00747,IPC01618
PAT_00748,IPC03766
PAT_00748,IPC03764
PAT_00748,IPC03725
PAT_00748,IPC03730
PAT_00749,IPC03759
PAT_00749,IPC03776
PAT_00749,IPC02207
PAT_00749,IPC02209
PAT_00749,IPC02210
PAT_00749,IPC03766
PAT_00749,IPC03775
PAT_00750,IPC03722
PAT_00750,IPC02751
PAT_00750,IPC01602
PAT_00750,IPC01637
PAT_00750,IPC00987
PAT_00751,IPC03579
PAT_00751,IPC03585
PAT_00751,IPC03584
PAT_00751,IPC03574
PAT_00751,IPC03575
PAT_00751,IPC03576
PAT_00751,IPC03577
PAT_00751,IPC03578
PAT_00752,IPC03906
PAT_00752,IPC03907
PAT_00752,IPC03923
PAT_00752,IPC03925
PAT_00752,IPC03934
PAT_00753,IPC03207
PAT_00753,IPC03201
PAT_00753,IPC03226
PAT_00753,IPC04088
PAT_00753,IPC03552
PAT_00754,IPC02804
PAT_00754,IPC02117
PAT_00754,IPC02137
PAT_00754,IPC00837
PAT_00755,IPC02142
PAT_00756,IPC04072
PAT_00756,IPC03212
PAT_00756,IPC03010
PAT_00756,IPC03229
PAT_00756,IPC04068
PAT_00757,IPC02400
PAT_00757,IPC02534
PAT_00757,IPC02398
PAT_00757,IPC02393
PAT_00757,IPC02397
PAT_00758,IPC01739
PAT_00758,IPC03709
PAT_00758,IPC03705
PAT_00758,IPC03706
PAT_00758,IPC02979
PAT_00759,IPC03651
PAT_00759,IPC04144
PAT_00759,IPC00102
PAT_00759,IPC02706
PAT_00759,IPC03175
PAT_00760,IPC02199
PAT_00760,IPC02197
PAT_00760,IPC02189
PAT_00760,IPC03691
PAT_00760,IPC02200
PAT_00761,IPC02809
PAT_00761,IPC02142
PAT_00761,IPC02802
PAT_00761,IPC02807
PAT_00761,IPC02806
PAT_00762,IPC03629
PAT_00762,IPC03614
PAT_00762,IPC02969
PAT_00762,IPC02219
PAT_00762,IPC03664
PAT_00763,IPC03061
PAT_00763,IPC03364
PAT_00763,IPC03490
PAT_00763,IPC04176
PAT_00763,IPC02711
PAT_00764,IPC00799
PAT_00764,IPC02078
PAT_00764,IPC00375
PAT_00764,IPC00798
PAT_00764,IPC00918
PAT_00765,IPC00635
PAT_00765,IPC02118
PAT_00765,IPC00637
PAT_00765,IPC01842
PAT_00765,IPC02149
PAT_00766,IPC02376
PAT_00766,IPC02375
PAT_00766,IPC02785
PAT_00766,IPC02726
PAT_00766,IPC02713
PAT_00767,IPC02588
PAT_00767,IPC03876
PAT_00767,IPC02594
PAT_00767,IPC04147
PAT_00767,IPC02591
PAT_00768,IPC02944
PAT_00768,IPC03619
PAT_00769,IPC02552
PAT_00770,IPC04068
PAT_00770,IPC04072
PAT_00770,IPC04024
PAT_00770,IPC04078
PAT_00770,IPC04249
PAT_00771,IPC04068
PAT_00771,IPC04119
PAT_00771,IPC04026
PAT_00771,IPC04288
PAT_00771,IPC04072
PAT_00772,IPC00843
PAT_00772,IPC00635
PAT_00772,IPC00833
PAT_00772,IPC02093
PAT_00772,IPC00841
PAT_00773,IPC04336
PAT_00773,IPC03026
PAT_00773,IPC04342
PAT_00773,IPC02489
PAT_00773,IPC02999
PAT_00774,IPC02629
PAT_00774,IPC02628
PAT_00774,IPC02646
PAT_00774,IPC02647
PAT_00774,IPC02630
PAT_00775,IPC00506
PAT_00775,IPC00511
PAT_00775,IPC00501
PAT_00775,IPC00505
PAT_00775,IPC00474
PAT_00776,IPC04273
PAT_00776,IPC04271
PAT_00776,IPC04275
PAT_00776,IPC04085
PAT_00776,IPC04107
PAT_00777,IPC03059
PAT_00777,IPC04030
PAT_00777,IPC04213
PAT_00777,IPC03027
PAT_00777,IPC04214
PAT_00778,IPC01378
PAT_00778,IPC01125
PAT_00778,IPC03941
PAT_00778,IPC04179
PAT_00778,IPC04178
PAT_00779,IPC04048
PAT_00779,IPC04052
PAT_00779,IPC04147
PAT_00779,IPC04232
PAT_00780,IPC03271
PAT_00780,IPC04264
PAT_00780,IPC01757
PAT_00781,IPC04073
PAT_00781,IPC04119
PAT_00781,IPC04287
PAT_00782,IPC03042
PAT_00782,IPC03559
PAT_00782,IPC03113
PAT_00782,IPC03119
PAT_00782,IPC03208
PAT_00782,IPC03104
PAT_00783,IPC02871
PAT_00783,IPC02840
PAT_00783,IPC03820
PAT_00783,IPC02907
PAT_00784,IPC00003
PAT_00784,IPC03271
PAT_00784,IPC03556
PAT_00784,IPC03560
PAT_00784,IPC03561
PAT_00785,IPC00511
PAT_00785,IPC01139
PAT_00786,IPC03873
PAT_00786,IPC04032
PAT_00786,IPC03872
PAT_00786,IPC03925
PAT_00786,IPC03921
PAT_00787,IPC03832
PAT_00787,IPC03812
PAT_00787,IPC03802
PAT_00787,IPC03830
PAT_00787,IPC03819
PAT_00788,IPC03819
PAT_00788,IPC04054
PAT_00788,IPC03820
PAT_00788,IPC03808
PAT_00788,IPC03823
PAT_00789,IPC03819
PAT_00789,IPC03808
PAT_00789,IPC03820
PAT_00789,IPC03830
PAT_00790,IPC04054
PAT_00790,IPC04053
PAT_00790,IPC03819
PAT_00790,IPC03823
PAT_00790,IPC03825
PAT_00791,IPC03827
PAT_00791,IPC03820
PAT_00791,IPC04035
PAT_00791,IPC04054
PAT_00791,IPC03821
PAT_00792,IPC02486
PAT_00792,IPC02490
PAT_00793,IPC03277
PAT_00793,IPC03261
PAT_00793,IPC03279
PAT_00793,IPC03278
PAT_00794,IPC04079
PAT_00794,IPC04116
PAT_00794,IPC03061
PAT_00795,IPC01013
PAT_00795,IPC01016
PAT_00795,IPC01015
PAT_00795,IPC01017
PAT_00795,IPC01014
PAT_00796,IPC01502
PAT_00796,IPC03380
PAT_00797,IPC00494
PAT_00797,IPC02509
PAT_00797,IPC00331
PAT_00797,IPC00503
PAT_00797,IPC02523
PAT_00798,IPC03818
PAT_00798,IPC03823
PAT_00798,IPC03820
PAT_00799,IPC03235
PAT_00799,IPC03239
PAT_00799,IPC03238
PAT_00800,IPC03808
PAT_00800,IPC03823
PAT_00800,IPC03802
PAT_00801,IPC00515
PAT_00802,IPC00368
PAT_00802,IPC00385
PAT_00802,IPC03125
PAT_00802,IPC00391
PAT_00802,IPC00370
PAT_00803,IPC03125
PAT_00803,IPC00368
PAT_00803,IPC03207
PAT_00803,IPC00370
PAT_00803,IPC00394
PAT_00804,IPC03035
PAT_00804,IPC04142
PAT_00804,IPC04101
PAT_00804,IPC04183
PAT_00804,IPC04071
PAT_00805,IPC04101
PAT_00805,IPC04183
PAT_00805,IPC04288
PAT_00805,IPC04285
PAT_00805,IPC04319
PAT_00806,IPC03298
PAT_00806,IPC00002
PAT_00806,IPC03271
PAT_00806,IPC03325
PAT_00806,IPC03331
PAT_00806,IPC03207
PAT_00806,IPC03215
PAT_00806,IPC03219
PAT_00807,IPC02735
PAT_00807,IPC02671
PAT_00807,IPC02812
PAT_00807,IPC03546
PAT_00807,IPC03552
PAT_00808,IPC00368
PAT_00808,IPC03533
PAT_00808,IPC03536
PAT_00808,IPC03547
PAT_00808,IPC03549
PAT_00809,IPC03541
PAT_00809,IPC03495
PAT_00809,IPC03550
PAT_00809,IPC03207
PAT_00810,IPC00561
PAT_00810,IPC00562
PAT_00810,IPC00563
PAT_00810,IPC00564
PAT_00810,IPC00569
PAT_00810,IPC00648
PAT_00810,IPC01813
PAT_00810,IPC01822
PAT_00811,IPC00368
PAT_00811,IPC03280
PAT_00811,IPC00370
PAT_00811,IPC00391
PAT_00812,IPC03540
PAT_00812,IPC00368
PAT_00812,IPC00187
PAT_00812,IPC00190
PAT_00812,IPC00188
PAT_00813,IPC00002
PAT_00813,IPC00051
PAT_00813,IPC03091
PAT_00813,IPC03142
PAT_00813,IPC03234
PAT_00813,IPC03271
PAT_00814,IPC03257
PAT_00814,IPC04106
PAT_00814,IPC04110
PAT_00814,IPC04112
PAT_00815,IPC00148
PAT_00815,IPC00149
PAT_00815,IPC01180
PAT_00815,IPC01182
PAT_00815,IPC01559
PAT_00816,IPC04096
PAT_00816,IPC03197
PAT_00816,IPC03417
PAT_00816,IPC03239
PAT_00816,IPC02741
PAT_00817,IPC04096
PAT_00817,IPC00892
PAT_00817,IPC03426
PAT_00817,IPC03186
PAT_00817,IPC00895
PAT_00818,IPC00091
PAT_00818,IPC00092
PAT_00818,IPC00089
PAT_00818,IPC00086
PAT_00818,IPC01126
PAT_00819,IPC03186
PAT_00819,IPC03118
PAT_00819,IPC03420
PAT_00819,IPC03182
PAT_00819,IPC03260
PAT_00820,IPC03789
PAT_00820,IPC01605
PAT_00820,IPC02053
PAT_00820,IPC01670
PAT_00820,IPC01102
PAT_00821,IPC01606
PAT_00821,IPC01618
PAT_00821,IPC02003
PAT_00821,IPC01627
PAT_00821,IPC03738
PAT_00822,IPC03125
PAT_00822,IPC03197
PAT_00822,IPC00360
PAT_00822,IPC00358
PAT_00822,IPC03293
PAT_00823,IPC00368
PAT_00823,IPC03549
PAT_00823,IPC03533
PAT_00823,IPC03547
PAT_00823,IPC03550
PAT_00824,IPC03790
PAT_00824,IPC01686
PAT_00824,IPC03777
PAT_00824,IPC03788
PAT_00824,IPC02201
PAT_00825,IPC04142
PAT_00825,IPC04147
PAT_00825,IPC03180
PAT_00825,IPC03240
PAT_00825,IPC03283
PAT_00826,IPC03352
PAT_00826,IPC02331
PAT_00826,IPC04269
PAT_00826,IPC03392
PAT_00826,IPC03390
PAT_00827,IPC03466
PAT_00827,IPC02613
PAT_00827,IPC02614
PAT_00827,IPC03531
PAT_00827,IPC04007
PAT_00828,IPC04202
PAT_00828,IPC04205
PAT_00828,IPC04203
PAT_00828,IPC04204
PAT_00828,IPC04201
PAT_00829,IPC03227
PAT_00829,IPC03080
PAT_00829,IPC03226
PAT_00829,IPC03289
PAT_00829,IPC03186
PAT_00830,IPC02794
PAT_00830,IPC02715
PAT_00830,IPC02642
PAT_00830,IPC03271
PAT_00830,IPC03282
PAT_00831,IPC00385
PAT_00831,IPC03219
PAT_00831,IPC03212
PAT_00831,IPC03347
PAT_00831,IPC00368
PAT_00832,IPC03239
PAT_00832,IPC03257
PAT_00832,IPC03260
PAT_00832,IPC03207
PAT_00832,IPC03255
PAT_00833,IPC03097
PAT_00833,IPC03138
PAT_00833,IPC03236
PAT_00833,IPC03282
PAT_00833,IPC03234
PAT_00834,IPC03485
PAT_00834,IPC03487
PAT_00834,IPC03484
PAT_00834,IPC03135
PAT_00834,IPC03094
PAT_00835,IPC03298
PAT_00835,IPC03295
PAT_00835,IPC03219
PAT_00835,IPC03316
PAT_00835,IPC03212
PAT_00836,IPC01207
PAT_00836,IPC02569
PAT_00836,IPC03986
PAT_00836,IPC03987
PAT_00836,IPC03602
PAT_00837,IPC01605
PAT_00837,IPC02372
PAT_00837,IPC01613
PAT_00837,IPC01606
PAT_00837,IPC02374
PAT_00838,IPC02162
PAT_00838,IPC03219
PAT_00838,IPC01139
PAT_00838,IPC02158
PAT_00838,IPC01143
PAT_00839,IPC03125
PAT_00839,IPC01143
PAT_00839,IPC03013
PAT_00839,IPC03293
PAT_00839,IPC04215
PAT_00840,IPC00368
PAT_00840,IPC00370
PAT_00840,IPC03547
PAT_00840,IPC00386
PAT_00840,IPC03549
PAT_00841,IPC01464
PAT_00841,IPC02270
PAT_00841,IPC02325
PAT_00841,IPC02272
PAT_00841,IPC01465
PAT_00842,IPC04147
PAT_00842,IPC04141
PAT_00842,IPC03244
PAT_00842,IPC03256
PAT_00842,IPC03267
PAT_00843,IPC04323
PAT_00843,IPC02583
PAT_00843,IPC03209
PAT_00843,IPC04133
PAT_00843,IPC02465
PAT_00844,IPC00822
PAT_00844,IPC00368
PAT_00844,IPC02768
PAT_00844,IPC02350
PAT_00844,IPC02851
PAT_00845,IPC03254
PAT_00845,IPC04148
PAT_00845,IPC03265
PAT_00845,IPC03245
PAT_00845,IPC03103
PAT_00846,IPC00359
PAT_00846,IPC00836
PAT_00846,IPC00358
PAT_00846,IPC03547
PAT_00846,IPC03550
PAT_00847,IPC03332
PAT_00847,IPC03212
PAT_00847,IPC00368
PAT_00847,IPC03403
PAT_00847,IPC01323
PAT_00848,IPC03298
PAT_00848,IPC03207
PAT_00848,IPC03543
PAT_00848,IPC03012
PAT_00848,IPC03319
PAT_00849,IPC03471
PAT_00849,IPC00368
PAT_00849,IPC03482
PAT_00849,IPC00903
PAT_00849,IPC03075
PAT_00850,IPC00605
PAT_00850,IPC00610
PAT_00850,IPC00688
PAT_00850,IPC00128
PAT_00850,IPC00124
PAT_00851,IPC02451
PAT_00851,IPC01317
PAT_00851,IPC01328
PAT_00851,IPC01405
PAT_00851,IPC03879
PAT_00852,IPC03219
PAT_00852,IPC03298
PAT_00852,IPC03212
PAT_00852,IPC03293
PAT_00852,IPC03547
PAT_00853,IPC03479
PAT_00853,IPC03428
PAT_00853,IPC03274
PAT_00853,IPC03280
PAT_00853,IPC03161
PAT_00853,IPC03476
PAT_00854,IPC01639
PAT_00854,IPC01640
PAT_00854,IPC02002
PAT_00855,IPC03023
PAT_00855,IPC03867
PAT_00855,IPC03881
PAT_00855,IPC03684
PAT_00855,IPC02521
PAT_00856,IPC03197
PAT_00856,IPC00368
PAT_00856,IPC00416
PAT_00856,IPC03298
PAT_00856,IPC03291
PAT_00857,IPC03281
PAT_00857,IPC03553
PAT_00857,IPC03161
PAT_00857,IPC03159
PAT_00857,IPC03287
PAT_00858,IPC02873
PAT_00858,IPC02905
PAT_00858,IPC02907
PAT_00858,IPC02904
PAT_00858,IPC02866
PAT_00859,IPC03816
PAT_00859,IPC03832
PAT_00859,IPC03824
PAT_00859,IPC03823
PAT_00859,IPC03808
PAT_00860,IPC04143
PAT_00860,IPC03203
PAT_00860,IPC04095
PAT_00860,IPC04147
PAT_00860,IPC04148
PAT_00861,IPC01728
PAT_00861,IPC01729
PAT_00861,IPC01720
PAT_00861,IPC01712
PAT_00861,IPC01721
PAT_00862,IPC02285
PAT_00862,IPC02036
PAT_00862,IPC02038
PAT_00862,IPC02037
PAT_00862,IPC02035
PAT_00863,IPC01348
PAT_00863,IPC01350
PAT_00863,IPC03867
PAT_00863,IPC03866
PAT_00864,IPC03418
PAT_00864,IPC03401
PAT_00864,IPC03414
PAT_00864,IPC04270
PAT_00864,IPC03403
PAT_00865,IPC02877
PAT_00865,IPC02881
PAT_00865,IPC02876
PAT_00865,IPC02878
PAT_00865,IPC02912
PAT_00866,IPC03112
PAT_00866,IPC03115
PAT_00866,IPC03114
PAT_00866,IPC04147
PAT_00866,IPC03117
PAT_00867,IPC03219
PAT_00867,IPC03212
PAT_00867,IPC03320
PAT_00867,IPC03201
PAT_00867,IPC03321
PAT_00868,IPC04141
PAT_00868,IPC03533
PAT_00868,IPC03227
PAT_00868,IPC03116
PAT_00868,IPC03117
PAT_00869,IPC04095
PAT_00869,IPC03115
PAT_00869,IPC04148
PAT_00869,IPC03113
PAT_00869,IPC04147
PAT_00870,IPC01062
PAT_00870,IPC03962
PAT_00870,IPC01063
PAT_00870,IPC02567
PAT_00870,IPC02568
PAT_00871,IPC02457
PAT_00871,IPC00758
PAT_00871,IPC02456
PAT_00871,IPC02378
PAT_00871,IPC00761
PAT_00872,IPC03413
PAT_00872,IPC03403
PAT_00872,IPC03404
PAT_00872,IPC03401
PAT_00872,IPC03414
PAT_00873,IPC00368
PAT_00873,IPC00373
PAT_00873,IPC00385
PAT_00873,IPC00371
PAT_00873,IPC03540
PAT_00874,IPC03239
PAT_00874,IPC01569
PAT_00874,IPC03195
PAT_00874,IPC01060
PAT_00874,IPC03192
PAT_00875,IPC03271
PAT_00875,IPC03270
PAT_00875,IPC03232
PAT_00875,IPC03282
PAT_00875,IPC03240
PAT_00876,IPC03408
PAT_00876,IPC03403
PAT_00876,IPC03414
PAT_00876,IPC03409
PAT_00876,IPC03401
PAT_00877,IPC04143
PAT_00877,IPC04147
PAT_00877,IPC04142
PAT_00877,IPC03244
PAT_00877,IPC04141
PAT_00878,IPC04016
PAT_00878,IPC03974
PAT_00878,IPC04014
PAT_00878,IPC03969
PAT_00878,IPC04013
PAT_00879,IPC01499
PAT_00879,IPC01495
PAT_00879,IPC01485
PAT_00879,IPC01491
PAT_00879,IPC01496
PAT_00880,IPC02968
PAT_00880,IPC02946
PAT_00880,IPC02943
PAT_00880,IPC02951
PAT_00880,IPC02945
PAT_00881,IPC00470
PAT_00881,IPC00475
PAT_00881,IPC01129
PAT_00882,IPC01499
PAT_00882,IPC01063
PAT_00882,IPC01484
PAT_00882,IPC01501
PAT_00882,IPC01062
PAT_00883,IPC01499
PAT_00883,IPC03013
PAT_00883,IPC01484
PAT_00883,IPC01062
PAT_00883,IPC03017
PAT_00884,IPC01190
PAT_00884,IPC01195
PAT_00884,IPC01211
PAT_00884,IPC01193
PAT_00884,IPC01201
PAT_00885,IPC03379
PAT_00885,IPC03219
PAT_00885,IPC04218
PAT_00885,IPC03212
PAT_00885,IPC03374
PAT_00886,IPC03431
PAT_00886,IPC03433
PAT_00886,IPC03487
PAT_00886,IPC03485
PAT_00886,IPC03135
PAT_00887,IPC00077
PAT_00887,IPC03207
PAT_00887,IPC03271
PAT_00887,IPC00368
PAT_00887,IPC00371
PAT_00888,IPC04223
PAT_00888,IPC04230
PAT_00888,IPC03881
PAT_00888,IPC04269
PAT_00888,IPC04231
PAT_00889,IPC00221
PAT_00889,IPC00226
PAT_00889,IPC03381
PAT_00889,IPC03407
PAT_00889,IPC03414
PAT_00890,IPC00114
PAT_00890,IPC01126
PAT_00890,IPC03014
PAT_00890,IPC03219
PAT_00890,IPC03212
PAT_00891,IPC04228
PAT_00891,IPC04161
PAT_00891,IPC04121
PAT_00891,IPC04229
PAT_00891,IPC04034
PAT_00892,IPC01656
PAT_00892,IPC00981
PAT_00892,IPC00976
PAT_00892,IPC01695
PAT_00892,IPC00980
PAT_00893,IPC02738
PAT_00893,IPC02784
PAT_00893,IPC02791
PAT_00893,IPC02722
PAT_00893,IPC02672
PAT_00894,IPC02748
PAT_00894,IPC02761
PAT_00894,IPC02786
PAT_00894,IPC00060
PAT_00894,IPC00062
PAT_00895,IPC02193
PAT_00895,IPC02961
PAT_00895,IPC02963
PAT_00895,IPC02964
PAT_00895,IPC02962
PAT_00896,IPC03002
PAT_00896,IPC04304
PAT_00896,IPC02556
PAT_00896,IPC03006
PAT_00896,IPC03369
PAT_00897,IPC00051
PAT_00897,IPC00041
PAT_00897,IPC03207
PAT_00897,IPC02447
PAT_00897,IPC00070
PAT_00898,IPC03408
PAT_00898,IPC03409
PAT_00898,IPC03412
PAT_00898,IPC03410
PAT_00898,IPC03940
PAT_00899,IPC03876
PAT_00899,IPC03906
PAT_00900,IPC03935
PAT_00900,IPC03910
PAT_00900,IPC01344
PAT_00900,IPC03906
PAT_00901,IPC02786
PAT_00901,IPC04269
PAT_00901,IPC02751
PAT_00901,IPC03239
PAT_00901,IPC02785
PAT_00902,IPC03252
PAT_00902,IPC03253
PAT_00902,IPC01594
PAT_00902,IPC03356
PAT_00902,IPC01595
PAT_00903,IPC03201
PAT_00903,IPC03203
PAT_00903,IPC03321
PAT_00903,IPC03197
PAT_00903,IPC03204
PAT_00904,IPC03336
PAT_00904,IPC03487
PAT_00904,IPC03340
PAT_00904,IPC03485
PAT_00904,IPC03484
PAT_00905,IPC03431
PAT_00905,IPC03219
PAT_00905,IPC03485
PAT_00905,IPC03487
PAT_00905,IPC03212
PAT_00906,IPC03207
PAT_00906,IPC03226
PAT_00906,IPC03186
PAT_00906,IPC03227
PAT_00906,IPC03185
PAT_00907,IPC02768
PAT_00907,IPC02772
PAT_00907,IPC02773
PAT_00907,IPC03724
PAT_00907,IPC03733
PAT_00907,IPC03736
PAT_00907,IPC02852
PAT_00908,IPC02794
PAT_00908,IPC03271
PAT_00908,IPC00002
PAT_00908,IPC00024
PAT_00908,IPC03006
PAT_00909,IPC00943
PAT_00909,IPC02293
PAT_00909,IPC02561
PAT_00909,IPC01656
PAT_00909,IPC02556
PAT_00910,IPC03403
PAT_00910,IPC03282
PAT_00910,IPC03236
PAT_00910,IPC03207
PAT_00910,IPC03234
PAT_00911,IPC03201
PAT_00911,IPC03212
PAT_00911,IPC03219
PAT_00911,IPC03321
PAT_00911,IPC03197
PAT_00912,IPC03212
PAT_00912,IPC03219
PAT_00912,IPC03321
PAT_00912,IPC03324
PAT_00912,IPC03322
PAT_00913,IPC03097
PAT_00913,IPC03184
PAT_00913,IPC03182
PAT_00913,IPC03183
PAT_00913,IPC03639
PAT_00914,IPC00361
PAT_00914,IPC00391
PAT_00914,IPC03495
PAT_00914,IPC03207
PAT_00914,IPC00368
PAT_00915,IPC01432
PAT_00915,IPC01429
PAT_00915,IPC01433
PAT_00915,IPC01431
PAT_00915,IPC03236
PAT_00916,IPC02695
PAT_00916,IPC02514
PAT_00916,IPC02513
PAT_00916,IPC02512
PAT_00916,IPC03273
PAT_00917,IPC03452
PAT_00917,IPC03451
PAT_00917,IPC03280
PAT_00917,IPC03097
PAT_00917,IPC03453
PAT_00918,IPC03097
PAT_00918,IPC03058
PAT_00918,IPC03057
PAT_00918,IPC03044
PAT_00918,IPC03041
PAT_00919,IPC00221
PAT_00919,IPC00224
PAT_00919,IPC00223
PAT_00919,IPC03381
PAT_00919,IPC00225
PAT_00920,IPC03876
PAT_00920,IPC03884
PAT_00920,IPC03734
PAT_00921,IPC02791
PAT_00921,IPC03014
PAT_00921,IPC03013
PAT_00921,IPC03227
PAT_00921,IPC03273
PAT_00922,IPC01968
PAT_00922,IPC01970
PAT_00922,IPC01924
PAT_00922,IPC01967
PAT_00922,IPC01971
PAT_00923,IPC02753
PAT_00923,IPC02755
PAT_00923,IPC02764
PAT_00923,IPC02757
PAT_00923,IPC02761
PAT_00924,IPC01671
PAT_00924,IPC01657
PAT_00924,IPC00999
PAT_00924,IPC01658
PAT_00924,IPC00986
PAT_00925,IPC01653
PAT_00925,IPC01683
PAT_00925,IPC01694
PAT_00925,IPC01695
PAT_00925,IPC01656
PAT_00926,IPC01657
PAT_00926,IPC01671
PAT_00926,IPC01000
PAT_00926,IPC01610
PAT_00926,IPC00993
PAT_00927,IPC01761
PAT_00927,IPC01752
PAT_00927,IPC01619
PAT_00927,IPC01617
PAT_00927,IPC01763
PAT_00928,IPC02753
PAT_00928,IPC02764
PAT_00928,IPC02761
PAT_00928,IPC02765
PAT_00928,IPC02757
PAT_00929,IPC03816
PAT_00929,IPC03832
PAT_00929,IPC03808
PAT_00929,IPC03824
PAT_00929,IPC03826
PAT_00930,IPC01919
PAT_00930,IPC00726
PAT_00931,IPC03106
PAT_00931,IPC03189
PAT_00931,IPC03097
PAT_00931,IPC03564
PAT_00931,IPC03565
PAT_00932,IPC00443
PAT_00932,IPC03298
PAT_00932,IPC03300
PAT_00932,IPC03207
PAT_00932,IPC00445
PAT_00933,IPC04143
PAT_00933,IPC04047
PAT_00933,IPC04144
PAT_00933,IPC04079
PAT_00933,IPC04108
PAT_00934,IPC02329
PAT_00934,IPC02487
PAT_00934,IPC02305
PAT_00934,IPC02491
PAT_00934,IPC02488
PAT_00935,IPC03428
PAT_00935,IPC03427
PAT_00935,IPC03449
PAT_00935,IPC03426
PAT_00935,IPC03448
PAT_00936,IPC00077
PAT_00936,IPC00368
PAT_00936,IPC00369
PAT_00936,IPC00717
PAT_00936,IPC00373
PAT_00937,IPC03533
PAT_00937,IPC03544
PAT_00937,IPC03549
PAT_00937,IPC03554
PAT_00937,IPC03547
PAT_00938,IPC04095
PAT_00938,IPC03044
PAT_00938,IPC03113
PAT_00938,IPC03114
PAT_00938,IPC03107
PAT_00939,IPC03207
PAT_00939,IPC03273
PAT_00939,IPC02837
PAT_00939,IPC04147
PAT_00939,IPC04142
PAT_00940,IPC04142
PAT_00940,IPC03253
PAT_00940,IPC04147
PAT_00940,IPC03252
PAT_00940,IPC03244
PAT_00941,IPC03892
PAT_00941,IPC03999
PAT_00941,IPC04001
PAT_00941,IPC03907
PAT_00941,IPC03914
PAT_00941,IPC03913
PAT_00942,IPC02788
PAT_00942,IPC02729
PAT_00942,IPC03298
PAT_00942,IPC00078
PAT_00942,IPC02727
PAT_00943,IPC03262
PAT_00943,IPC03255
PAT_00943,IPC03257
PAT_00943,IPC03263
PAT_00943,IPC03260
PAT_00944,IPC03382
PAT_00944,IPC02642
PAT_00944,IPC03381
PAT_00944,IPC03390
PAT_00944,IPC02334
PAT_00945,IPC04142
PAT_00945,IPC04143
PAT_00945,IPC04146
PAT_00945,IPC03097
PAT_00945,IPC04141
PAT_00946,IPC03431
PAT_00946,IPC03125
PAT_00946,IPC03432
PAT_00946,IPC03433
PAT_00946,IPC03398
PAT_00947,IPC03876
PAT_00947,IPC02847
PAT_00947,IPC02856
PAT_00947,IPC03877
PAT_00947,IPC02846
PAT_00948,IPC04095
PAT_00948,IPC04147
PAT_00948,IPC03253
PAT_00948,IPC03254
PAT_00948,IPC03264
PAT_00949,IPC03408
PAT_00949,IPC03409
PAT_00949,IPC03402
PAT_00949,IPC03403
PAT_00949,IPC03410
PAT_00950,IPC01656
PAT_00950,IPC01666
PAT_00950,IPC01669
PAT_00950,IPC01653
PAT_00950,IPC01667
PAT_00951,IPC01690
PAT_00951,IPC01656
PAT_00951,IPC02299
PAT_00951,IPC01696
PAT_00951,IPC01688
PAT_00952,IPC03203
PAT_00952,IPC02924
PAT_00952,IPC03204
PAT_00952,IPC03201
PAT_00952,IPC03206
PAT_00953,IPC03271
PAT_00953,IPC03231
PAT_00953,IPC03203
PAT_00953,IPC03201
PAT_00953,IPC00102
PAT_00954,IPC03226
PAT_00954,IPC03227
PAT_00954,IPC03096
PAT_00954,IPC03201
PAT_00954,IPC03484
PAT_00955,IPC01863
PAT_00955,IPC00086
PAT_00955,IPC02128
PAT_00955,IPC02129
PAT_00955,IPC00087
PAT_00956,IPC00376
PAT_00956,IPC00401
PAT_00956,IPC00402
PAT_00956,IPC00368
PAT_00956,IPC00396
PAT_00957,IPC00729
PAT_00957,IPC01863
PAT_00957,IPC01861
PAT_00957,IPC00732
PAT_00957,IPC02116
PAT_00958,IPC02435
PAT_00958,IPC02436
PAT_00958,IPC02437
PAT_00958,IPC02431
PAT_00958,IPC02432
PAT_00959,IPC03203
PAT_00959,IPC04080
PAT_00959,IPC03060
PAT_00959,IPC03096
PAT_00959,IPC03201
PAT_00960,IPC03881
PAT_00960,IPC03934
PAT_00961,IPC03017
PAT_00961,IPC03212
PAT_00961,IPC03219
PAT_00961,IPC03013
PAT_00961,IPC01495
PAT_00962,IPC03097
PAT_00962,IPC03106
PAT_00962,IPC02746
PAT_00962,IPC03086
PAT_00962,IPC03087
PAT_00963,IPC03426
PAT_00963,IPC03454
PAT_00963,IPC04095
PAT_00963,IPC04096
PAT_00963,IPC03030
PAT_00964,IPC00346
PAT_00964,IPC00372
PAT_00964,IPC00345
PAT_00964,IPC00368
PAT_00964,IPC00344
PAT_00965,IPC02011
PAT_00965,IPC02012
PAT_00965,IPC02017
PAT_00965,IPC01993
PAT_00965,IPC01296
PAT_00966,IPC00016
PAT_00966,IPC00013
PAT_00966,IPC00011
PAT_00966,IPC00012
PAT_00966,IPC00010
PAT_00967,IPC00277
PAT_00967,IPC00276
PAT_00967,IPC00270
PAT_00967,IPC00278
PAT_00967,IPC00271
PAT_00968,IPC02180
PAT_00968,IPC01741
PAT_00968,IPC03514
PAT_00968,IPC01911
PAT_00968,IPC03794
PAT_00969,IPC02620
PAT_00969,IPC01408
PAT_00969,IPC02638
PAT_00969,IPC03503
PAT_00969,IPC00910
PAT_00970,IPC00368
PAT_00970,IPC00405
PAT_00970,IPC00385
PAT_00970,IPC04126
PAT_00970,IPC00370
PAT_00971,IPC02753
PAT_00971,IPC02764
PAT_00971,IPC02754
PAT_00971,IPC02765
PAT_00971,IPC00386
PAT_00972,IPC00612
PAT_00972,IPC00770
PAT_00972,IPC00940
PAT_00972,IPC02348
PAT_00972,IPC00941
PAT_00973,IPC00646
PAT_00973,IPC00666
PAT_00973,IPC03635
PAT_00973,IPC00852
PAT_00973,IPC02188
PAT_00974,IPC02943
PAT_00974,IPC01698
PAT_00974,IPC01603
PAT_00974,IPC02945
PAT_00974,IPC03847
PAT_00975,IPC03212
PAT_00975,IPC03219
PAT_00975,IPC03298
PAT_00975,IPC03324
PAT_00975,IPC00058
PAT_00976,IPC01143
PAT_00976,IPC00380
PAT_00976,IPC00768
PAT_00976,IPC00769
PAT_00976,IPC01543
PAT_00977,IPC00368
PAT_00977,IPC00386
PAT_00977,IPC03549
PAT_00977,IPC03028
PAT_00978,IPC01143
PAT_00978,IPC03207
PAT_00978,IPC03335
PAT_00978,IPC00032
PAT_00978,IPC04218
PAT_00979,IPC00368
PAT_00979,IPC00383
PAT_00979,IPC00385
PAT_00979,IPC00370
PAT_00980,IPC03257
PAT_00980,IPC03534
PAT_00980,IPC03260
PAT_00980,IPC03256
PAT_00980,IPC03533
PAT_00981,IPC02753
PAT_00981,IPC02764
PAT_00981,IPC02754
PAT_00981,IPC00386
PAT_00981,IPC02137
PAT_00982,IPC02764
PAT_00982,IPC02753
PAT_00982,IPC02809
PAT_00982,IPC02754
PAT_00982,IPC02791
PAT_00983,IPC01499
PAT_00983,IPC01536
PAT_00983,IPC01525
PAT_00983,IPC01524
PAT_00983,IPC04218
PAT_00984,IPC00957
PAT_00984,IPC00958
PAT_00984,IPC01671
PAT_00984,IPC00930
PAT_00984,IPC01677
PAT_00985,IPC01499
PAT_00985,IPC01528
PAT_00985,IPC00051
PAT_00985,IPC00070
PAT_00985,IPC04297
PAT_00986,IPC04141
PAT_00986,IPC03244
PAT_00986,IPC04132
PAT_00986,IPC03103
PAT_00987,IPC00368
PAT_00987,IPC00386
PAT_00987,IPC03549
PAT_00987,IPC03550
PAT_00987,IPC00232
PAT_00988,IPC03417
PAT_00988,IPC04265
PAT_00988,IPC04148
PAT_00988,IPC04147
PAT_00988,IPC04133
PAT_00989,IPC03091
PAT_00989,IPC03298
PAT_00989,IPC03325
PAT_00989,IPC03324
PAT_00989,IPC03212
PAT_00990,IPC02635
PAT_00990,IPC02636
PAT_00990,IPC03212
PAT_00990,IPC04110
PAT_00990,IPC03270
PAT_00991,IPC04141
PAT_00991,IPC04147
PAT_00991,IPC04143
PAT_00991,IPC04148
PAT_00991,IPC04267
PAT_00992,IPC02142
PAT_00992,IPC02806
PAT_00992,IPC00589
PAT_00992,IPC02805
PAT_00992,IPC01609
PAT_00993,IPC01677
PAT_00993,IPC01001
PAT_00993,IPC01657
PAT_00993,IPC01656
PAT_00993,IPC01679
PAT_00994,IPC03219
PAT_00994,IPC03212
PAT_00994,IPC03324
PAT_00994,IPC01430
PAT_00994,IPC04297
PAT_00995,IPC03330
PAT_00995,IPC03400
PAT_00995,IPC03065
PAT_00995,IPC03000
PAT_00995,IPC03067
PAT_00996,IPC00443
PAT_00996,IPC00447
PAT_00996,IPC00444
PAT_00997,IPC03324
PAT_00997,IPC03331
PAT_00997,IPC01419
PAT_00997,IPC03219
PAT_00997,IPC01418
PAT_00998,IPC01443
PAT_00998,IPC01517
PAT_00998,IPC01445
PAT_00998,IPC00499
PAT_00998,IPC01561
PAT_00999,IPC03282
PAT_00999,IPC03050
PAT_00999,IPC01560
PAT_00999,IPC01563
PAT_00999,IPC03242
PAT_01000,IPC01391
PAT_01000,IPC01389
PAT_01000,IPC01390
PAT_01000,IPC01371
PAT_01000,IPC01387
PAT_01001,IPC03832
PAT_01001,IPC03808
PAT_01001,IPC03802
PAT_01001,IPC03809
PAT_01001,IPC03641
PAT_01002,IPC02471
PAT_01002,IPC01124
PAT_01003,IPC03251
PAT_01003,IPC03363
PAT_01003,IPC03246
PAT_01003,IPC03192
PAT_01003,IPC03250
PAT_01004,IPC00518
PAT_01004,IPC00508
PAT_01004,IPC00510
PAT_01004,IPC00517
PAT_01004,IPC00509
PAT_01005,IPC00018
PAT_01005,IPC00019
PAT_01005,IPC00020
PAT_01005,IPC00021
PAT_01006,IPC03137
PAT_01006,IPC03956
PAT_01006,IPC03963
PAT_01007,IPC00707
PAT_01007,IPC03544
PAT_01007,IPC01073
PAT_01007,IPC01560
PAT_01007,IPC01563
PAT_01008,IPC03280
PAT_01008,IPC02795
PAT_01008,IPC03128
PAT_01008,IPC02863
PAT_01008,IPC04002
PAT_01009,IPC03125
PAT_01009,IPC03212
PAT_01009,IPC03219
PAT_01009,IPC03347
PAT_01009,IPC03104
PAT_01010,IPC01265
PAT_01010,IPC01189
PAT_01010,IPC02499
PAT_01010,IPC01269
PAT_01010,IPC01271
PAT_01011,IPC03207
PAT_01011,IPC04188
PAT_01011,IPC00368
PAT_01011,IPC03260
PAT_01011,IPC03256
PAT_01012,IPC03425
PAT_01012,IPC03207
PAT_01012,IPC00391
PAT_01012,IPC03549
PAT_01012,IPC03043
PAT_01013,IPC03111
PAT_01013,IPC03288
PAT_01013,IPC03345
PAT_01013,IPC04148
PAT_01013,IPC03346
PAT_01014,IPC00514
PAT_01014,IPC03381
PAT_01014,IPC00493
PAT_01014,IPC02882
PAT_01015,IPC03044
PAT_01015,IPC04131
PAT_01015,IPC04148
PAT_01015,IPC02693
PAT_01015,IPC03187
PAT_01016,IPC03013
PAT_01016,IPC04133
PAT_01016,IPC04257
PAT_01016,IPC01427
PAT_01016,IPC03401
PAT_01017,IPC03324
PAT_01017,IPC03219
PAT_01017,IPC03212
PAT_01017,IPC03319
PAT_01018,IPC01143
PAT_01018,IPC01126
PAT_01018,IPC00363
PAT_01018,IPC03485
PAT_01018,IPC03135
PAT_01019,IPC00506
PAT_01019,IPC01521
PAT_01019,IPC01518
PAT_01019,IPC02899
PAT_01019,IPC01520
PAT_01020,IPC00368
PAT_01020,IPC03552
PAT_01020,IPC03271
PAT_01020,IPC03274
PAT_01020,IPC03163
PAT_01021,IPC03280
PAT_01021,IPC00391
PAT_01021,IPC03541
PAT_01021,IPC00368
PAT_01021,IPC03549
PAT_01022,IPC04148
PAT_01022,IPC04143
PAT_01022,IPC04147
PAT_01022,IPC04141
PAT_01022,IPC03113
PAT_01023,IPC00368
PAT_01023,IPC03207
PAT_01023,IPC02915
PAT_01023,IPC03234
PAT_01023,IPC03387
PAT_01024,IPC03403
PAT_01024,IPC03331
PAT_01024,IPC04269
PAT_01024,IPC03411
PAT_01025,IPC01706
PAT_01025,IPC01720
PAT_01025,IPC02355
PAT_01025,IPC02285
PAT_01025,IPC02349
PAT_01026,IPC01413
PAT_01026,IPC01415
PAT_01026,IPC01411
PAT_01026,IPC01412
PAT_01026,IPC01414
PAT_01027,IPC03271
PAT_01027,IPC00051
PAT_01027,IPC02794
PAT_01027,IPC02750
PAT_01027,IPC04133
PAT_01028,IPC00368
PAT_01028,IPC00370
PAT_01028,IPC00386
PAT_01028,IPC00385
PAT_01029,IPC01446
PAT_01029,IPC02480
PAT_01029,IPC02483
PAT_01029,IPC02481
PAT_01029,IPC01422
PAT_01030,IPC01001
PAT_01030,IPC01671
PAT_01030,IPC01677
PAT_01030,IPC01658
PAT_01030,IPC01657
PAT_01031,IPC01375
PAT_01031,IPC01376
PAT_01031,IPC01377
PAT_01031,IPC03485
PAT_01031,IPC01380
PAT_01032,IPC01403
PAT_01032,IPC03207
PAT_01032,IPC01314
PAT_01032,IPC02484
PAT_01032,IPC01428
PAT_01033,IPC01453
PAT_01033,IPC01452
PAT_01033,IPC01455
PAT_01034,IPC04326
PAT_01034,IPC01073
PAT_01034,IPC03876
PAT_01034,IPC02296
PAT_01034,IPC03257
PAT_01035,IPC01200
PAT_01035,IPC01199
PAT_01035,IPC01194
PAT_01035,IPC01202
PAT_01035,IPC01266
PAT_01036,IPC01488
PAT_01036,IPC01489
PAT_01036,IPC01490
PAT_01036,IPC01533
PAT_01036,IPC01487
PAT_01037,IPC01081
PAT_01037,IPC01251
PAT_01038,IPC03399
PAT_01038,IPC04297
PAT_01038,IPC04133
PAT_01038,IPC03377
PAT_01038,IPC04257
PAT_01039,IPC00373
PAT_01039,IPC00771
PAT_01040,IPC03298
PAT_01040,IPC00967
PAT_01040,IPC03227
PAT_01040,IPC00965
PAT_01040,IPC00776
PAT_01041,IPC01663
PAT_01041,IPC01653
PAT_01041,IPC03207
PAT_01041,IPC04264
PAT_01042,IPC04143
PAT_01042,IPC04148
PAT_01042,IPC04147
PAT_01042,IPC04268
PAT_01042,IPC04133
PAT_01043,IPC03520
PAT_01043,IPC03526
PAT_01043,IPC03521
PAT_01043,IPC03522
PAT_01043,IPC02142
PAT_01044,IPC03212
PAT_01044,IPC03219
PAT_01044,IPC03044
PAT_01044,IPC03012
PAT_01045,IPC03533
PAT_01045,IPC03549
PAT_01045,IPC03550
PAT_01045,IPC03552
PAT_01045,IPC03219
PAT_01046,IPC02272
PAT_01046,IPC02791
PAT_01046,IPC01653
PAT_01046,IPC01660
PAT_01046,IPC01464
PAT_01047,IPC00368
PAT_01047,IPC03547
PAT_01047,IPC03382
PAT_01047,IPC00880
PAT_01047,IPC00315
PAT_01048,IPC03675
PAT_01048,IPC03672
PAT_01048,IPC03678
PAT_01048,IPC03676
PAT_01048,IPC03664
PAT_01049,IPC02575
PAT_01049,IPC02579
PAT_01049,IPC02588
PAT_01050,IPC03117
PAT_01050,IPC04148
PAT_01050,IPC03116
PAT_01050,IPC04137
PAT_01050,IPC03111
PAT_01051,IPC04147
PAT_01051,IPC04141
PAT_01051,IPC04143
PAT_01051,IPC03117
PAT_01051,IPC04148
PAT_01052,IPC03117
PAT_01052,IPC03116
PAT_01052,IPC03207
PAT_01052,IPC03212
PAT_01052,IPC03118
PAT_01053,IPC01671
PAT_01053,IPC01677
PAT_01053,IPC01681
PAT_01053,IPC00980
PAT_01053,IPC01679
PAT_01054,IPC01671
PAT_01054,IPC01657
PAT_01054,IPC01677
PAT_01054,IPC01001
PAT_01054,IPC01658
PAT_01055,IPC04049
PAT_01055,IPC03276
PAT_01055,IPC04218
PAT_01055,IPC03381
PAT_01055,IPC03399
PAT_01056,IPC02753
PAT_01056,IPC01605
PAT_01056,IPC02754
PAT_01056,IPC02764
PAT_01056,IPC02752
PAT_01057,IPC01645
PAT_01057,IPC01641
PAT_01057,IPC01606
PAT_01057,IPC02726
PAT_01057,IPC02202
PAT_01058,IPC03143
PAT_01058,IPC02968
PAT_01058,IPC02943
PAT_01058,IPC02969
PAT_01058,IPC01603
PAT_01059,IPC00051
PAT_01059,IPC00005
PAT_01059,IPC00007
PAT_01059,IPC03147
PAT_01059,IPC03271
PAT_01060,IPC00092
PAT_01060,IPC00091
PAT_01060,IPC00089
PAT_01060,IPC04270
PAT_01060,IPC03207
PAT_01061,IPC00845
PAT_01061,IPC00607
PAT_01061,IPC00185
PAT_01061,IPC00188
PAT_01061,IPC00124
PAT_01062,IPC02092
PAT_01062,IPC02136
PAT_01062,IPC00816
PAT_01062,IPC02067
PAT_01063,IPC03449
PAT_01063,IPC04190
PAT_01063,IPC03125
PAT_01063,IPC04188
PAT_01063,IPC03328
PAT_01064,IPC02888
PAT_01064,IPC02869
PAT_01064,IPC02889
PAT_01064,IPC02879
PAT_01064,IPC03334
PAT_01065,IPC03125
PAT_01065,IPC04077
PAT_01065,IPC04307
PAT_01065,IPC04138
PAT_01065,IPC04305
PAT_01066,IPC03260
PAT_01066,IPC03275
PAT_01066,IPC03233
PAT_01066,IPC03250
PAT_01066,IPC03276
PAT_01067,IPC03102
PAT_01067,IPC03208
PAT_01067,IPC03219
PAT_01067,IPC03217
PAT_01067,IPC03104
PAT_01068,IPC00852
PAT_01068,IPC00847
PAT_01068,IPC00845
PAT_01068,IPC00188
PAT_01068,IPC02151
PAT_01069,IPC03832
PAT_01069,IPC03808
PAT_01069,IPC03802
PAT_01069,IPC03817
PAT_01069,IPC03835
PAT_01070,IPC03536
PAT_01070,IPC03533
PAT_01070,IPC04147
PAT_01070,IPC04148
PAT_01070,IPC03245
PAT_01071,IPC03257
PAT_01071,IPC03207
PAT_01072,IPC01499
PAT_01072,IPC03013
PAT_01072,IPC01444
PAT_01072,IPC01135
PAT_01072,IPC01528
PAT_01073,IPC00368
PAT_01073,IPC00407
PAT_01073,IPC00405
PAT_01073,IPC00412
PAT_01073,IPC00403
PAT_01074,IPC04057
PAT_01074,IPC03985
PAT_01074,IPC04295
PAT_01074,IPC03993
PAT_01074,IPC03988
PAT_01075,IPC03967
PAT_01075,IPC03968
PAT_01076,IPC03023
PAT_01076,IPC03864
PAT_01076,IPC03118
PAT_01076,IPC03868
PAT_01076,IPC03867
PAT_01077,IPC01143
PAT_01077,IPC03125
PAT_01077,IPC03431
PAT_01077,IPC03325
PAT_01077,IPC03304
PAT_01078,IPC03181
PAT_01078,IPC03147
PAT_01078,IPC02099
PAT_01078,IPC03146
PAT_01078,IPC03032
PAT_01079,IPC04148
PAT_01079,IPC03207
PAT_01079,IPC00828
PAT_01079,IPC03230
PAT_01079,IPC03326
PAT_01080,IPC04133
PAT_01080,IPC04297
PAT_01080,IPC03395
PAT_01080,IPC03389
PAT_01080,IPC03381
PAT_01081,IPC03279
PAT_01081,IPC03738
PAT_01081,IPC02161
PAT_01081,IPC02162
PAT_01081,IPC03242
PAT_01082,IPC00368
PAT_01082,IPC00370
PAT_01082,IPC00407
PAT_01082,IPC00771
PAT_01082,IPC03207
PAT_01083,IPC03071
PAT_01083,IPC03102
PAT_01083,IPC03227
PAT_01083,IPC03073
PAT_01083,IPC03212
PAT_01084,IPC01994
PAT_01084,IPC01726
PAT_01084,IPC01746
PAT_01084,IPC02263
PAT_01084,IPC02797
PAT_01085,IPC01706
PAT_01085,IPC01632
PAT_01085,IPC02093
PAT_01085,IPC02794
PAT_01085,IPC02279
PAT_01086,IPC03207
PAT_01086,IPC03219
PAT_01086,IPC01720
PAT_01086,IPC01714
PAT_01086,IPC01729
PAT_01087,IPC01731
PAT_01087,IPC01720
PAT_01087,IPC01729
PAT_01087,IPC01706
PAT_01087,IPC01734
PAT_01088,IPC01454
PAT_01089,IPC01497
PAT_01089,IPC01485
PAT_01089,IPC01534
PAT_01089,IPC01315
PAT_01089,IPC01525
PAT_01090,IPC03271
PAT_01090,IPC03207
PAT_01090,IPC03234
PAT_01090,IPC03223
PAT_01090,IPC03549
PAT_01091,IPC01111
PAT_01091,IPC01107
PAT_01091,IPC01113
PAT_01091,IPC01109
PAT_01091,IPC01112
PAT_01092,IPC00076
PAT_01092,IPC03550
PAT_01092,IPC00077
PAT_01092,IPC00370
PAT_01092,IPC03547
PAT_01093,IPC03282
PAT_01093,IPC01694
PAT_01093,IPC00368
PAT_01093,IPC03549
PAT_01093,IPC04264
PAT_01094,IPC03485
PAT_01094,IPC00499
PAT_01094,IPC00501
PAT_01094,IPC03013
PAT_01094,IPC02635
PAT_01095,IPC02604
PAT_01095,IPC02551
PAT_01095,IPC02202
PAT_01095,IPC02549
PAT_01095,IPC03866
PAT_01096,IPC01467
PAT_01096,IPC02327
PAT_01096,IPC03371
PAT_01096,IPC02324
PAT_01096,IPC02326
PAT_01097,IPC02785
PAT_01097,IPC04264
PAT_01097,IPC03547
PAT_01097,IPC03387
PAT_01097,IPC03392
PAT_01098,IPC00067
PAT_01098,IPC00043
PAT_01098,IPC00068
PAT_01098,IPC00040
PAT_01098,IPC00070
PAT_01099,IPC02794
PAT_01099,IPC03790
PAT_01099,IPC00002
PAT_01099,IPC03326
PAT_01099,IPC02700
PAT_01100,IPC02785
PAT_01100,IPC03219
PAT_01100,IPC00085
PAT_01100,IPC03547
PAT_01100,IPC02751
PAT_01101,IPC01189
PAT_01101,IPC01265
PAT_01101,IPC01272
PAT_01101,IPC01270
PAT_01101,IPC01185
PAT_01102,IPC02889
PAT_01102,IPC02908
PAT_01102,IPC01523
PAT_01102,IPC02910
PAT_01103,IPC03886
PAT_01103,IPC03030
PAT_01103,IPC03944
PAT_01103,IPC03945
PAT_01103,IPC03876
PAT_01104,IPC04141
PAT_01104,IPC04148
PAT_01104,IPC01352
PAT_01104,IPC04147
PAT_01104,IPC03864
PAT_01105,IPC01359
PAT_01105,IPC03876
PAT_01105,IPC01351
PAT_01105,IPC00615
PAT_01105,IPC03546
PAT_01106,IPC00615
PAT_01106,IPC00180
PAT_01106,IPC02344
PAT_01106,IPC00200
PAT_01106,IPC04312
PAT_01107,IPC00114
PAT_01107,IPC02435
PAT_01107,IPC03867
PAT_01107,IPC03271
PAT_01107,IPC01039
PAT_01108,IPC03273
PAT_01108,IPC03234
PAT_01108,IPC03104
PAT_01108,IPC02924
PAT_01108,IPC03208
PAT_01109,IPC00368
PAT_01109,IPC00370
PAT_01109,IPC03549
PAT_01109,IPC03547
PAT_01109,IPC00386
PAT_01110,IPC03234
PAT_01110,IPC03867
PAT_01110,IPC03881
PAT_01110,IPC03128
PAT_01110,IPC03462
PAT_01111,IPC00223
PAT_01111,IPC00221
PAT_01111,IPC00227
PAT_01111,IPC00222
PAT_01111,IPC01243
PAT_01112,IPC01499
PAT_01112,IPC01481
PAT_01112,IPC01477
PAT_01112,IPC03048
PAT_01112,IPC01529
PAT_01113,IPC01494
PAT_01113,IPC01526
PAT_01113,IPC01527
PAT_01113,IPC01499
PAT_01113,IPC03722
PAT_01114,IPC00368
PAT_01114,IPC03271
PAT_01114,IPC00369
PAT_01114,IPC03547
PAT_01114,IPC00386
PAT_01115,IPC03533
PAT_01115,IPC03549
PAT_01115,IPC03268
PAT_01115,IPC03550
PAT_01115,IPC03536
PAT_01116,IPC03207
PAT_01116,IPC01440
PAT_01116,IPC03219
PAT_01116,IPC03230
PAT_01116,IPC04183
PAT_01117,IPC03808
PAT_01117,IPC03799
PAT_01117,IPC03832
PAT_01117,IPC04119
PAT_01117,IPC03798
PAT_01118,IPC03537
PAT_01118,IPC00521
PAT_01118,IPC00522
PAT_01119,IPC00340
PAT_01119,IPC00368
PAT_01119,IPC00429
PAT_01119,IPC02821
PAT_01119,IPC00506
PAT_01120,IPC00386
PAT_01120,IPC00368
PAT_01120,IPC02726
PAT_01120,IPC00843
PAT_01121,IPC02968
PAT_01121,IPC02945
PAT_01121,IPC02943
PAT_01121,IPC02969
PAT_01121,IPC01603
PAT_01122,IPC00368
PAT_01122,IPC00385
PAT_01122,IPC03533
PAT_01122,IPC03550
PAT_01122,IPC03549
PAT_01123,IPC03219
PAT_01123,IPC03212
PAT_01123,IPC03001
PAT_01124,IPC03403
PAT_01124,IPC04218
PAT_01124,IPC04270
PAT_01124,IPC03406
PAT_01125,IPC03234
PAT_01125,IPC02923
PAT_01125,IPC02924
PAT_01125,IPC02925
PAT_01125,IPC03070
PAT_01126,IPC04148
PAT_01126,IPC04297
PAT_01126,IPC04265
PAT_01126,IPC04133
PAT_01126,IPC04233
PAT_01127,IPC03044
PAT_01127,IPC03219
PAT_01127,IPC03208
PAT_01127,IPC03225
PAT_01127,IPC03178
PAT_01128,IPC03549
PAT_01128,IPC03550
PAT_01128,IPC00368
PAT_01128,IPC03219
PAT_01128,IPC03208
PAT_01129,IPC03135
PAT_01129,IPC03071
PAT_01129,IPC03485
PAT_01129,IPC04180
PAT_01129,IPC03257
PAT_01130,IPC00428
PAT_01131,IPC03280
PAT_01131,IPC03236
PAT_01131,IPC03451
PAT_01131,IPC03079
PAT_01131,IPC03225
PAT_01132,IPC03212
PAT_01132,IPC03344
PAT_01132,IPC03219
PAT_01132,IPC03324
PAT_01133,IPC00409
PAT_01133,IPC00400
PAT_01133,IPC00394
PAT_01133,IPC03125
PAT_01133,IPC00391
PAT_01133,IPC00395
PAT_01133,IPC00411
PAT_01134,IPC03207
PAT_01134,IPC04123
PAT_01134,IPC03549
PAT_01134,IPC03544
PAT_01134,IPC03533
PAT_01135,IPC03212
PAT_01135,IPC03219
PAT_01135,IPC03298
PAT_01135,IPC00416
PAT_01135,IPC03543
PAT_01136,IPC03533
PAT_01136,IPC03553
PAT_01136,IPC04141
PAT_01136,IPC03117
PAT_01136,IPC03244
PAT_01137,IPC04354
PAT_01137,IPC01605
PAT_01137,IPC01966
PAT_01137,IPC03940
PAT_01137,IPC01739
PAT_01138,IPC00212
PAT_01138,IPC03808
PAT_01138,IPC03143
PAT_01138,IPC03803
PAT_01138,IPC03142
PAT_01139,IPC02669
PAT_01139,IPC04211
PAT_01139,IPC02900
PAT_01139,IPC03510
PAT_01139,IPC03980
PAT_01140,IPC02830
PAT_01140,IPC02831
PAT_01140,IPC02829
PAT_01140,IPC02839
PAT_01140,IPC02844
PAT_01141,IPC02826
PAT_01141,IPC00258
PAT_01141,IPC03438
PAT_01141,IPC02824
PAT_01141,IPC02825
PAT_01142,IPC02405
PAT_01142,IPC04008
PAT_01142,IPC04013
PAT_01142,IPC04010
PAT_01142,IPC04009
PAT_01143,IPC01143
PAT_01143,IPC03549
PAT_01143,IPC03013
PAT_01143,IPC03210
PAT_01143,IPC02617
PAT_01144,IPC02259
PAT_01144,IPC03418
PAT_01144,IPC03268
PAT_01144,IPC03230
PAT_01144,IPC03331
PAT_01145,IPC04119
PAT_01145,IPC03212
PAT_01145,IPC03323
PAT_01145,IPC03226
PAT_01145,IPC03210
PAT_01146,IPC00599
PAT_01146,IPC00881
PAT_01146,IPC00046
PAT_01146,IPC00042
PAT_01146,IPC00048
PAT_01147,IPC03549
PAT_01147,IPC03533
PAT_01147,IPC03534
PAT_01147,IPC03543
PAT_01147,IPC03542
PAT_01148,IPC00778
PAT_01149,IPC03236
PAT_01149,IPC03367
PAT_01149,IPC00287
PAT_01149,IPC03251
PAT_01149,IPC03259
PAT_01150,IPC00368
PAT_01150,IPC00370
PAT_01150,IPC00369
PAT_01150,IPC00385
PAT_01151,IPC03426
PAT_01151,IPC03452
PAT_01151,IPC03293
PAT_01151,IPC03447
PAT_01151,IPC03446
PAT_01152,IPC04148
PAT_01152,IPC03330
PAT_01152,IPC03207
PAT_01152,IPC03343
PAT_01152,IPC03324
PAT_01153,IPC03073
PAT_01153,IPC03161
PAT_01153,IPC03219
PAT_01153,IPC03212
PAT_01153,IPC03157
PAT_01154,IPC03211
PAT_01154,IPC03219
PAT_01154,IPC03101
PAT_01154,IPC03098
PAT_01154,IPC00404
PAT_01155,IPC03233
PAT_01155,IPC00496
PAT_01155,IPC03285
PAT_01155,IPC00498
PAT_01155,IPC00368
PAT_01156,IPC02142
PAT_01156,IPC01970
PAT_01156,IPC01941
PAT_01156,IPC03192
PAT_01156,IPC01250
PAT_01157,IPC03280
PAT_01157,IPC00368
PAT_01157,IPC03449
PAT_01157,IPC03451
PAT_01157,IPC03426
PAT_01158,IPC03280
PAT_01158,IPC03549
PAT_01158,IPC03541
PAT_01158,IPC03550
PAT_01158,IPC03531
PAT_01159,IPC03280
PAT_01159,IPC03446
PAT_01159,IPC03236
PAT_01159,IPC01213
PAT_01159,IPC03240
PAT_01160,IPC01504
PAT_01160,IPC00385
PAT_01160,IPC01499
PAT_01160,IPC02851
PAT_01160,IPC00368
PAT_01161,IPC01475
PAT_01161,IPC01474
PAT_01161,IPC01485
PAT_01162,IPC02713
PAT_01162,IPC01659
PAT_01162,IPC01030
PAT_01162,IPC02701
PAT_01162,IPC00927
PAT_01163,IPC03144
PAT_01163,IPC03139
PAT_01163,IPC01442
PAT_01163,IPC01441
PAT_01163,IPC01440
PAT_01164,IPC01023
PAT_01164,IPC01024
PAT_01164,IPC02494
PAT_01164,IPC02612
PAT_01164,IPC02495
PAT_01165,IPC01440
PAT_01165,IPC01318
PAT_01165,IPC01407
PAT_01165,IPC01439
PAT_01165,IPC03456
PAT_01166,IPC04323
PAT_01166,IPC03742
PAT_01166,IPC03739
PAT_01166,IPC03029
PAT_01166,IPC03745
PAT_01167,IPC03748
PAT_01167,IPC03741
PAT_01167,IPC03743
PAT_01167,IPC03749
PAT_01167,IPC03740
PAT_01167,IPC01363
PAT_01167,IPC01331
PAT_01168,IPC03498
PAT_01168,IPC04217
PAT_01168,IPC04183
PAT_01168,IPC04196
PAT_01168,IPC04147
PAT_01169,IPC02444
PAT_01169,IPC02449
PAT_01169,IPC03791
PAT_01169,IPC02202
PAT_01169,IPC02448
PAT_01170,IPC02771
PAT_01170,IPC02319
PAT_01170,IPC02769
PAT_01170,IPC02767
PAT_01170,IPC02023
PAT_01171,IPC01755
PAT_01171,IPC01763
PAT_01171,IPC00095
PAT_01171,IPC01760
PAT_01171,IPC01758
PAT_01172,IPC01763
PAT_01172,IPC00191
PAT_01172,IPC02278
PAT_01172,IPC01939
PAT_01172,IPC01653
PAT_01173,IPC02753
PAT_01173,IPC01605
PAT_01173,IPC00991
PAT_01173,IPC02754
PAT_01173,IPC02764
PAT_01174,IPC02075
PAT_01174,IPC02077
PAT_01174,IPC00618
PAT_01174,IPC02076
PAT_01174,IPC00621
PAT_01175,IPC02046
PAT_01175,IPC02044
PAT_01175,IPC01730
PAT_01175,IPC02043
PAT_01175,IPC01656
PAT_01176,IPC01656
PAT_01176,IPC00981
PAT_01176,IPC00980
PAT_01176,IPC00982
PAT_01176,IPC00979
PAT_01177,IPC01924
PAT_01177,IPC01953
PAT_01177,IPC02128
PAT_01177,IPC00711
PAT_01177,IPC04348
PAT_01178,IPC00370
PAT_01178,IPC00373
PAT_01179,IPC00368
PAT_01179,IPC00369
PAT_01179,IPC00234
PAT_01179,IPC00805
PAT_01179,IPC03545
PAT_01179,IPC00232
PAT_01180,IPC00870
PAT_01180,IPC00869
PAT_01180,IPC00868
PAT_01180,IPC00680
PAT_01180,IPC02809
PAT_01181,IPC02131
PAT_01181,IPC02093
PAT_01181,IPC01613
PAT_01181,IPC02132
PAT_01181,IPC01615
PAT_01182,IPC03793
PAT_01182,IPC03239
PAT_01182,IPC02579
PAT_01182,IPC01504
PAT_01182,IPC03787
PAT_01183,IPC00520
PAT_01183,IPC02072
PAT_01183,IPC01068
PAT_01183,IPC03226
PAT_01183,IPC02570
PAT_01184,IPC03227
PAT_01184,IPC03176
PAT_01184,IPC03063
PAT_01184,IPC03230
PAT_01184,IPC04036
PAT_01185,IPC03352
PAT_01185,IPC03250
PAT_01185,IPC04133
PAT_01185,IPC03202
PAT_01185,IPC03305
PAT_01186,IPC01230
PAT_01186,IPC01563
PAT_01186,IPC01564
PAT_01186,IPC01560
PAT_01186,IPC02587
PAT_01187,IPC03533
PAT_01187,IPC03547
PAT_01187,IPC03544
PAT_01187,IPC00519
PAT_01187,IPC03268
PAT_01188,IPC03125
PAT_01188,IPC03127
PAT_01188,IPC03128
PAT_01188,IPC03347
PAT_01188,IPC03343
PAT_01189,IPC02794
PAT_01189,IPC03271
PAT_01189,IPC03212
PAT_01189,IPC03265
PAT_01189,IPC03219
PAT_01190,IPC03219
PAT_01190,IPC03212
PAT_01190,IPC03332
PAT_01190,IPC03343
PAT_01190,IPC03431
PAT_01191,IPC03672
PAT_01191,IPC03675
PAT_01191,IPC03680
PAT_01191,IPC03664
PAT_01191,IPC01601
PAT_01192,IPC04269
PAT_01192,IPC03381
PAT_01192,IPC02636
PAT_01192,IPC03373
PAT_01192,IPC04156
PAT_01193,IPC03183
PAT_01193,IPC03240
PAT_01193,IPC01143
PAT_01193,IPC03547
PAT_01194,IPC00385
PAT_01194,IPC00401
PAT_01194,IPC00413
PAT_01194,IPC03539
PAT_01194,IPC00887
PAT_01195,IPC04148
PAT_01195,IPC03110
PAT_01195,IPC03111
PAT_01195,IPC04147
PAT_01195,IPC03343
PAT_01196,IPC04148
PAT_01196,IPC03100
PAT_01196,IPC03369
PAT_01196,IPC04218
PAT_01196,IPC03298
PAT_01197,IPC03280
PAT_01197,IPC04147
PAT_01197,IPC04148
PAT_01197,IPC04141
PAT_01197,IPC03117
PAT_01198,IPC01746
PAT_01198,IPC02044
PAT_01198,IPC01729
PAT_01198,IPC00136
PAT_01198,IPC01718
PAT_01199,IPC02093
PAT_01199,IPC02279
PAT_01199,IPC01763
PAT_01199,IPC02150
PAT_01199,IPC02281
PAT_01200,IPC01727
PAT_01200,IPC01718
PAT_01200,IPC01707
PAT_01200,IPC01711
PAT_01200,IPC01717
PAT_01201,IPC03350
PAT_01201,IPC04141
PAT_01201,IPC04147
PAT_01201,IPC04148
PAT_01201,IPC03118
PAT_01202,IPC03431
PAT_01202,IPC03125
PAT_01202,IPC03163
PAT_01202,IPC03433
PAT_01202,IPC03485
PAT_01203,IPC03282
PAT_01203,IPC03234
PAT_01203,IPC03385
PAT_01203,IPC03219
PAT_01203,IPC02358
PAT_01204,IPC02753
PAT_01204,IPC02754
PAT_01204,IPC02764
PAT_01204,IPC01605
PAT_01204,IPC01602
PAT_01205,IPC03722
PAT_01205,IPC02753
PAT_01205,IPC02754
PAT_01205,IPC02764
PAT_01205,IPC02791
PAT_01206,IPC01354
PAT_01206,IPC01355
PAT_01206,IPC01352
PAT_01206,IPC01346
PAT_01206,IPC01351
PAT_01207,IPC02265
PAT_01207,IPC01466
PAT_01207,IPC01509
PAT_01207,IPC01512
PAT_01207,IPC01470
PAT_01208,IPC00869
PAT_01208,IPC03344
PAT_01208,IPC03207
PAT_01208,IPC03550
PAT_01208,IPC03298
PAT_01209,IPC03207
PAT_01209,IPC03183
PAT_01209,IPC03227
PAT_01209,IPC03451
PAT_01209,IPC04136
PAT_01210,IPC00368
PAT_01210,IPC03382
PAT_01210,IPC00385
PAT_01210,IPC03547
PAT_01210,IPC03207
PAT_01211,IPC00824
PAT_01211,IPC00833
PAT_01211,IPC00532
PAT_01211,IPC01505
PAT_01211,IPC03257
PAT_01212,IPC00384
PAT_01212,IPC00504
PAT_01212,IPC01588
PAT_01212,IPC00893
PAT_01212,IPC01653
PAT_01213,IPC03219
PAT_01213,IPC01385
PAT_01213,IPC03390
PAT_01213,IPC03394
PAT_01213,IPC00385
PAT_01214,IPC02924
PAT_01214,IPC03219
PAT_01214,IPC04257
PAT_01214,IPC03257
PAT_01214,IPC03550
PAT_01215,IPC00586
PAT_01215,IPC01681
PAT_01215,IPC00676
PAT_01215,IPC00585
PAT_01215,IPC01662
PAT_01216,IPC03207
PAT_01216,IPC03550
PAT_01216,IPC03546
PAT_01216,IPC03229
PAT_01216,IPC03543
PAT_01217,IPC03689
PAT_01217,IPC03966
PAT_01218,IPC00200
PAT_01218,IPC01150
PAT_01218,IPC01151
PAT_01219,IPC02375
PAT_01219,IPC02371
PAT_01219,IPC02370
PAT_01219,IPC02369
PAT_01219,IPC02388
PAT_01220,IPC03271
PAT_01220,IPC04262
PAT_01220,IPC00113
PAT_01220,IPC00075
PAT_01220,IPC00109
PAT_01221,IPC02447
PAT_01221,IPC02448
PAT_01221,IPC02449
PAT_01221,IPC03957
PAT_01222,IPC03013
PAT_01222,IPC03017
PAT_01222,IPC00852
PAT_01222,IPC01503
PAT_01222,IPC04155
PAT_01223,IPC00255
PAT_01223,IPC01558
PAT_01223,IPC00775
PAT_01223,IPC00776
PAT_01223,IPC00487
PAT_01224,IPC01504
PAT_01224,IPC01328
PAT_01224,IPC01480
PAT_01224,IPC01420
PAT_01224,IPC01293
PAT_01225,IPC01587
PAT_01226,IPC03295
PAT_01226,IPC04206
PAT_01226,IPC04220
PAT_01226,IPC04317
PAT_01226,IPC03549
PAT_01227,IPC01304
PAT_01228,IPC03271
PAT_01228,IPC03236
PAT_01228,IPC03234
PAT_01228,IPC03207
PAT_01228,IPC00002
PAT_01229,IPC01999
PAT_01229,IPC01122
PAT_01229,IPC03613
PAT_01229,IPC01123
PAT_01229,IPC02059
PAT_01230,IPC03273
PAT_01230,IPC02056
PAT_01230,IPC02062
PAT_01230,IPC03236
PAT_01230,IPC00176
PAT_01231,IPC03273
PAT_01231,IPC03861
PAT_01231,IPC03862
PAT_01231,IPC03866
PAT_01231,IPC03867
PAT_01232,IPC01321
PAT_01232,IPC01340
PAT_01232,IPC01366
PAT_01232,IPC03188
PAT_01232,IPC03870
PAT_01232,IPC03874
PAT_01232,IPC03875
PAT_01232,IPC03876
PAT_01233,IPC01041
PAT_01233,IPC01208
PAT_01233,IPC00755
PAT_01233,IPC00310
PAT_01233,IPC02458
PAT_01234,IPC03236
PAT_01234,IPC03426
PAT_01234,IPC00887
PAT_01234,IPC00895
PAT_01234,IPC03452
PAT_01235,IPC03549
PAT_01235,IPC03207
PAT_01235,IPC03533
PAT_01235,IPC03546
PAT_01235,IPC00368
PAT_01236,IPC01393
PAT_01236,IPC01396
PAT_01236,IPC03353
PAT_01236,IPC03403
PAT_01236,IPC02405
PAT_01237,IPC03212
PAT_01237,IPC03219
PAT_01237,IPC03201
PAT_01237,IPC03483
PAT_01237,IPC03254
PAT_01238,IPC03044
PAT_01238,IPC04098
PAT_01238,IPC03034
PAT_01238,IPC03040
PAT_01238,IPC03039
PAT_01239,IPC02625
PAT_01239,IPC03257
PAT_01239,IPC00042
PAT_01239,IPC03207
PAT_01239,IPC03253
PAT_01240,IPC02520
PAT_01240,IPC02530
PAT_01240,IPC04308
PAT_01240,IPC04305
PAT_01240,IPC04306
PAT_01241,IPC01653
PAT_01241,IPC01680
PAT_01241,IPC01678
PAT_01241,IPC01656
PAT_01241,IPC02270
PAT_01242,IPC01654
PAT_01242,IPC02376
PAT_01242,IPC00938
PAT_01242,IPC00920
PAT_01242,IPC02364
PAT_01243,IPC04163
PAT_01243,IPC00416
PAT_01243,IPC04283
PAT_01243,IPC04164
PAT_01243,IPC00417
PAT_01244,IPC02633
PAT_01244,IPC03431
PAT_01244,IPC00514
PAT_01244,IPC03293
PAT_01244,IPC03125
PAT_01245,IPC00368
PAT_01245,IPC00516
PAT_01245,IPC00454
PAT_01245,IPC00799
PAT_01245,IPC00463
PAT_01246,IPC02799
PAT_01247,IPC01545
PAT_01247,IPC00491
PAT_01247,IPC01556
PAT_01247,IPC01546
PAT_01247,IPC01593
PAT_01248,IPC03150
PAT_01248,IPC03146
PAT_01248,IPC03141
PAT_01248,IPC03634
PAT_01248,IPC03223
PAT_01249,IPC00489
PAT_01249,IPC00491
PAT_01249,IPC00507
PAT_01249,IPC00509
PAT_01250,IPC01212
PAT_01250,IPC01167
PAT_01250,IPC01152
PAT_01250,IPC01221
PAT_01250,IPC01215
PAT_01251,IPC03532
PAT_01251,IPC03452
PAT_01251,IPC03280
PAT_01251,IPC03454
PAT_01251,IPC03451
PAT_01252,IPC03425
PAT_01252,IPC00862
PAT_01252,IPC03549
PAT_01252,IPC03201
PAT_01252,IPC00829
PAT_01253,IPC03542
PAT_01253,IPC00416
PAT_01253,IPC03544
PAT_01253,IPC03547
PAT_01253,IPC03543
PAT_01254,IPC00096
PAT_01254,IPC02228
PAT_01254,IPC02229
PAT_01254,IPC02227
PAT_01254,IPC00941
PAT_01255,IPC01143
PAT_01255,IPC04208
PAT_01255,IPC03210
PAT_01255,IPC03014
PAT_01255,IPC03013
PAT_01256,IPC03125
PAT_01256,IPC04270
PAT_01256,IPC03127
PAT_01256,IPC03128
PAT_01256,IPC03293
PAT_01257,IPC02380
PAT_01257,IPC02407
PAT_01257,IPC02379
PAT_01257,IPC02403
PAT_01257,IPC02420
PAT_01258,IPC01189
PAT_01258,IPC01266
PAT_01258,IPC01178
PAT_01258,IPC01283
PAT_01258,IPC02342
PAT_01259,IPC03676
PAT_01259,IPC00852
PAT_01259,IPC03680
PAT_01259,IPC03675
PAT_01259,IPC03143
PAT_01260,IPC00980
PAT_01260,IPC00756
PAT_01260,IPC02564
PAT_01260,IPC00680
PAT_01260,IPC01025
PAT_01261,IPC03239
PAT_01261,IPC03876
PAT_01261,IPC03145
PAT_01261,IPC02960
PAT_01261,IPC03229
PAT_01262,IPC03239
PAT_01262,IPC03298
PAT_01262,IPC02659
PAT_01262,IPC03366
PAT_01262,IPC03128
PAT_01263,IPC03135
PAT_01263,IPC03240
PAT_01263,IPC03426
PAT_01263,IPC03447
PAT_01263,IPC04168
PAT_01264,IPC01345
PAT_01264,IPC01348
PAT_01264,IPC03918
PAT_01265,IPC00385
PAT_01266,IPC03426
PAT_01266,IPC03128
PAT_01266,IPC00385
PAT_01266,IPC03539
PAT_01266,IPC03257
PAT_01267,IPC00766
PAT_01267,IPC00812
PAT_01267,IPC00770
PAT_01267,IPC00768
PAT_01267,IPC00368
PAT_01268,IPC03236
PAT_01268,IPC00368
PAT_01268,IPC00385
PAT_01268,IPC03547
PAT_01268,IPC01656
PAT_01269,IPC00308
PAT_01269,IPC02604
PAT_01269,IPC00193
PAT_01269,IPC04301
PAT_01269,IPC00307
PAT_01270,IPC00595
PAT_01270,IPC01517
PAT_01270,IPC01141
PAT_01270,IPC01848
PAT_01270,IPC00907
PAT_01271,IPC00114
PAT_01271,IPC03234
PAT_01271,IPC01501
PAT_01271,IPC00105
PAT_01271,IPC03271
PAT_01272,IPC01265
PAT_01272,IPC03851
PAT_01272,IPC02439
PAT_01272,IPC01266
PAT_01272,IPC02452
PAT_01273,IPC04057
PAT_01273,IPC03236
PAT_01273,IPC01516
PAT_01273,IPC04067
PAT_01273,IPC02619
PAT_01274,IPC03557
PAT_01274,IPC03562
PAT_01274,IPC04147
PAT_01275,IPC03236
PAT_01275,IPC00168
PAT_01275,IPC00172
PAT_01275,IPC00167
PAT_01275,IPC00169
PAT_01276,IPC04019
PAT_01276,IPC04021
PAT_01276,IPC04029
PAT_01276,IPC04020
PAT_01276,IPC04018
PAT_01277,IPC03125
PAT_01277,IPC00360
PAT_01277,IPC02936
PAT_01277,IPC00501
PAT_01277,IPC02935
PAT_01278,IPC03143
PAT_01278,IPC01079
PAT_01278,IPC03140
PAT_01278,IPC03086
PAT_01278,IPC01100
PAT_01279,IPC03143
PAT_01279,IPC02492
PAT_01279,IPC03049
PAT_01279,IPC00362
PAT_01279,IPC03046
PAT_01280,IPC03044
PAT_01280,IPC03236
PAT_01280,IPC03268
PAT_01280,IPC03201
PAT_01280,IPC02848
PAT_01281,IPC03812
PAT_01281,IPC03716
PAT_01281,IPC03718
PAT_01281,IPC03808
PAT_01281,IPC03717
PAT_01282,IPC00887
PAT_01283,IPC03356
PAT_01283,IPC03236
PAT_01283,IPC03260
PAT_01283,IPC03257
PAT_01283,IPC01594
PAT_01284,IPC02635
PAT_01284,IPC03293
PAT_01284,IPC02636
PAT_01284,IPC03290
PAT_01284,IPC02633
PAT_01285,IPC02852
PAT_01285,IPC02853
PAT_01285,IPC03020
PAT_01285,IPC03734
PAT_01285,IPC03876
PAT_01285,IPC03906
PAT_01285,IPC03920
PAT_01286,IPC00058
PAT_01286,IPC00057
PAT_01286,IPC00056
PAT_01286,IPC01762
PAT_01286,IPC00064
PAT_01287,IPC03675
PAT_01287,IPC03680
PAT_01287,IPC03149
PAT_01287,IPC03672
PAT_01288,IPC01748
PAT_01288,IPC02107
PAT_01288,IPC01728
PAT_01288,IPC02313
PAT_01288,IPC01750
PAT_01289,IPC03628
PAT_01289,IPC01718
PAT_01289,IPC02134
PAT_01289,IPC01717
PAT_01289,IPC01735
PAT_01290,IPC00883
PAT_01290,IPC03539
PAT_01290,IPC00893
PAT_01290,IPC00885
PAT_01290,IPC00884
PAT_01291,IPC03125
PAT_01291,IPC03127
PAT_01291,IPC03431
PAT_01291,IPC00368
PAT_01291,IPC04186
PAT_01292,IPC01340
PAT_01292,IPC03870
PAT_01292,IPC03871
PAT_01292,IPC03874
PAT_01293,IPC02754
PAT_01293,IPC02753
PAT_01293,IPC02764
PAT_01293,IPC02752
PAT_01293,IPC00689
PAT_01294,IPC03270
PAT_01294,IPC02967
PAT_01294,IPC02155
PAT_01294,IPC03065
PAT_01294,IPC04189
PAT_01295,IPC01913
PAT_01295,IPC01166
PAT_01295,IPC01164
PAT_01295,IPC01864
PAT_01295,IPC02043
PAT_01296,IPC01972
PAT_01296,IPC02232
PAT_01296,IPC00746
PAT_01296,IPC00710
PAT_01296,IPC00715
PAT_01297,IPC00144
PAT_01297,IPC00142
PAT_01297,IPC00122
PAT_01297,IPC00143
PAT_01298,IPC01656
PAT_01298,IPC02791
PAT_01298,IPC01677
PAT_01298,IPC00982
PAT_01298,IPC00980
PAT_01299,IPC01356
PAT_01299,IPC03958
PAT_01300,IPC02385
PAT_01300,IPC02407
PAT_01300,IPC02412
PAT_01300,IPC02388
PAT_01300,IPC02390
PAT_01301,IPC03304
PAT_01301,IPC02887
PAT_01301,IPC00416
PAT_01301,IPC00417
PAT_01301,IPC00899
PAT_01302,IPC03044
PAT_01302,IPC03304
PAT_01302,IPC03194
PAT_01302,IPC04170
PAT_01302,IPC03303
PAT_01303,IPC03073
PAT_01303,IPC04124
PAT_01303,IPC04261
PAT_01303,IPC04127
PAT_01303,IPC03270
PAT_01304,IPC01511
PAT_01304,IPC01510
PAT_01304,IPC01509
PAT_01304,IPC01499
PAT_01304,IPC01469
PAT_01305,IPC01499
PAT_01305,IPC04254
PAT_01305,IPC03013
PAT_01305,IPC03419
PAT_01305,IPC03421
PAT_01306,IPC00046
PAT_01306,IPC03207
PAT_01306,IPC03257
PAT_01306,IPC03271
PAT_01306,IPC03212
PAT_01307,IPC00106
PAT_01307,IPC00109
PAT_01307,IPC00113
PAT_01307,IPC00111
PAT_01307,IPC00107
PAT_01308,IPC03117
PAT_01308,IPC04147
PAT_01308,IPC04142
PAT_01308,IPC03116
PAT_01308,IPC03118
PAT_01309,IPC00934
PAT_01309,IPC00936
PAT_01309,IPC02555
PAT_01309,IPC02785
PAT_01309,IPC02987
PAT_01310,IPC02338
PAT_01310,IPC02961
PAT_01310,IPC03718
PAT_01311,IPC03876
PAT_01311,IPC03014
PAT_01311,IPC01352
PAT_01311,IPC01354
PAT_01311,IPC01356
PAT_01312,IPC03201
PAT_01312,IPC00852
PAT_01312,IPC03212
PAT_01312,IPC03219
PAT_01312,IPC00368
PAT_01313,IPC00368
PAT_01313,IPC00370
PAT_01313,IPC00385
PAT_01313,IPC03002
PAT_01313,IPC03547
PAT_01314,IPC00416
PAT_01314,IPC00417
PAT_01314,IPC03306
PAT_01314,IPC03543
PAT_01314,IPC03549
PAT_01315,IPC00368
PAT_01315,IPC03201
PAT_01315,IPC00403
PAT_01315,IPC03197
PAT_01315,IPC00370
PAT_01316,IPC00385
PAT_01316,IPC00368
PAT_01316,IPC00829
PAT_01316,IPC00828
PAT_01316,IPC03550
PAT_01317,IPC03212
PAT_01317,IPC03201
PAT_01317,IPC03219
PAT_01317,IPC00852
PAT_01317,IPC03298
PAT_01318,IPC00368
PAT_01318,IPC00499
PAT_01318,IPC00501
PAT_01318,IPC03125
PAT_01318,IPC00385
PAT_01319,IPC03609
PAT_01319,IPC02205
PAT_01319,IPC02202
PAT_01319,IPC03751
PAT_01319,IPC00999
PAT_01320,IPC03271
PAT_01320,IPC03236
PAT_01320,IPC00084
PAT_01320,IPC03239
PAT_01320,IPC03257
PAT_01321,IPC03808
PAT_01321,IPC03801
PAT_01321,IPC03817
PAT_01321,IPC03835
PAT_01321,IPC03810
PAT_01322,IPC00368
PAT_01322,IPC00843
PAT_01322,IPC00370
PAT_01322,IPC00816
PAT_01322,IPC00369
PAT_01323,IPC03962
PAT_01323,IPC02571
PAT_01323,IPC01062
PAT_01323,IPC02521
PAT_01323,IPC01063
PAT_01324,IPC01143
PAT_01324,IPC01142
PAT_01324,IPC02326
PAT_01324,IPC03371
PAT_01324,IPC02324
PAT_01325,IPC02046
PAT_01325,IPC02539
PAT_01325,IPC02056
PAT_01325,IPC02060
PAT_01325,IPC02541
PAT_01326,IPC03382
PAT_01326,IPC00368
PAT_01326,IPC03201
PAT_01326,IPC00385
PAT_01326,IPC03563
PAT_01327,IPC04297
PAT_01327,IPC04068
PAT_01327,IPC04272
PAT_01327,IPC04264
PAT_01327,IPC04279
PAT_01328,IPC00383
PAT_01328,IPC00368
PAT_01328,IPC03212
PAT_01328,IPC03219
PAT_01328,IPC03207
PAT_01329,IPC02643
PAT_01329,IPC03861
PAT_01329,IPC03022
PAT_01329,IPC03002
PAT_01329,IPC02837
PAT_01330,IPC01656
PAT_01330,IPC01696
PAT_01330,IPC01676
PAT_01330,IPC01662
PAT_01330,IPC01653
PAT_01331,IPC03853
PAT_01331,IPC01499
PAT_01331,IPC03854
PAT_01331,IPC01849
PAT_01331,IPC02323
PAT_01332,IPC03028
PAT_01332,IPC03651
PAT_01332,IPC01507
PAT_01332,IPC02473
PAT_01332,IPC00273
PAT_01333,IPC01499
PAT_01333,IPC02616
PAT_01333,IPC03017
PAT_01333,IPC02615
PAT_01333,IPC02618
PAT_01334,IPC00459
PAT_01334,IPC00456
PAT_01334,IPC00338
PAT_01334,IPC00488
PAT_01334,IPC00211
PAT_01335,IPC02375
PAT_01335,IPC02377
PAT_01335,IPC02406
PAT_01335,IPC00946
PAT_01335,IPC02047
PAT_01336,IPC00124
PAT_01336,IPC00616
PAT_01336,IPC00125
PAT_01336,IPC03525
PAT_01336,IPC00126
PAT_01337,IPC04096
PAT_01337,IPC04095
PAT_01337,IPC03405
PAT_01337,IPC02257
PAT_01337,IPC03409
PAT_01338,IPC03266
PAT_01339,IPC03257
PAT_01339,IPC03068
PAT_01339,IPC03533
PAT_01339,IPC01981
PAT_01339,IPC04095
PAT_01340,IPC04297
PAT_01340,IPC02641
PAT_01340,IPC02642
PAT_01340,IPC02880
PAT_01340,IPC03386
PAT_01341,IPC03073
PAT_01341,IPC03533
PAT_01341,IPC00648
PAT_01341,IPC03159
PAT_01341,IPC03549
PAT_01342,IPC03249
PAT_01342,IPC02643
PAT_01342,IPC03357
PAT_01342,IPC03358
PAT_01342,IPC02294
PAT_01343,IPC04297
PAT_01343,IPC04218
PAT_01343,IPC00051
PAT_01343,IPC03197
PAT_01343,IPC04283
PAT_01344,IPC01312
PAT_01344,IPC00368
PAT_01344,IPC04033
PAT_01344,IPC03736
PAT_01344,IPC04269
PAT_01345,IPC03260
PAT_01345,IPC03236
PAT_01345,IPC03401
PAT_01345,IPC03416
PAT_01345,IPC03359
PAT_01346,IPC00051
PAT_01346,IPC03201
PAT_01346,IPC03001
PAT_01346,IPC00186
PAT_01346,IPC03271
PAT_01347,IPC03007
PAT_01347,IPC03183
PAT_01347,IPC01177
PAT_01347,IPC02290
PAT_01347,IPC03662
PAT_01348,IPC03212
PAT_01348,IPC03197
PAT_01348,IPC03201
PAT_01348,IPC03219
PAT_01348,IPC03304
PAT_01349,IPC03236
PAT_01349,IPC03239
PAT_01349,IPC03201
PAT_01349,IPC03232
PAT_01349,IPC03299
PAT_01350,IPC00368
PAT_01350,IPC03369
PAT_01350,IPC04208
PAT_01350,IPC02916
PAT_01350,IPC04299
PAT_01351,IPC03877
PAT_01351,IPC04308
PAT_01351,IPC04096
PAT_01351,IPC04268
PAT_01351,IPC04077
PAT_01352,IPC01345
PAT_01352,IPC03862
PAT_01352,IPC03881
PAT_01352,IPC03959
PAT_01352,IPC01341
PAT_01353,IPC00717
PAT_01353,IPC02908
PAT_01353,IPC00721
PAT_01353,IPC02888
PAT_01353,IPC02886
PAT_01354,IPC03273
PAT_01354,IPC03207
PAT_01354,IPC03234
PAT_01354,IPC02837
PAT_01354,IPC03219
PAT_01355,IPC00371
PAT_01355,IPC00368
PAT_01355,IPC00369
PAT_01355,IPC00383
PAT_01355,IPC00385
PAT_01356,IPC03733
PAT_01356,IPC03736
PAT_01356,IPC03876
PAT_01357,IPC03920
PAT_01357,IPC03922
PAT_01357,IPC01348
PAT_01357,IPC03023
PAT_01357,IPC03876
PAT_01357,IPC01357
PAT_01358,IPC03962
PAT_01358,IPC03004
PAT_01358,IPC03215
PAT_01358,IPC03324
PAT_01358,IPC03298
PAT_01359,IPC03935
PAT_01359,IPC03906
PAT_01359,IPC03907
PAT_01359,IPC03910
PAT_01360,IPC01449
PAT_01360,IPC01447
PAT_01360,IPC01448
PAT_01360,IPC03352
PAT_01360,IPC01395
PAT_01361,IPC03207
PAT_01361,IPC03227
PAT_01361,IPC03210
PAT_01362,IPC00368
PAT_01362,IPC03125
PAT_01362,IPC00403
PAT_01362,IPC03212
PAT_01362,IPC00407
PAT_01363,IPC01663
PAT_01363,IPC01662
PAT_01363,IPC00950
PAT_01363,IPC01682
PAT_01363,IPC00949
PAT_01364,IPC04057
PAT_01364,IPC04257
PAT_01364,IPC03260
PAT_01364,IPC02891
PAT_01365,IPC03013
PAT_01365,IPC01427
PAT_01365,IPC01499
PAT_01365,IPC01463
PAT_01365,IPC03419
PAT_01366,IPC01520
PAT_01366,IPC01519
PAT_01366,IPC01273
PAT_01366,IPC01265
PAT_01366,IPC01516
PAT_01367,IPC03186
PAT_01367,IPC04132
PAT_01367,IPC03185
PAT_01367,IPC03183
PAT_01367,IPC03117
PAT_01368,IPC00368
PAT_01368,IPC03125
PAT_01368,IPC03207
PAT_01368,IPC00399
PAT_01368,IPC00407
PAT_01369,IPC01357
PAT_01369,IPC03876
PAT_01369,IPC03207
PAT_01369,IPC01352
PAT_01369,IPC03866
PAT_01370,IPC02936
PAT_01370,IPC03125
PAT_01370,IPC03135
PAT_01370,IPC03431
PAT_01370,IPC03398
PAT_01371,IPC03079
PAT_01371,IPC03063
PAT_01371,IPC03083
PAT_01371,IPC03239
PAT_01371,IPC03484
PAT_01372,IPC01662
PAT_01372,IPC01656
PAT_01372,IPC01653
PAT_01372,IPC00948
PAT_01372,IPC01658
PAT_01373,IPC00051
PAT_01373,IPC04297
PAT_01373,IPC03960
PAT_01373,IPC03005
PAT_01373,IPC02794
PAT_01374,IPC03553
PAT_01374,IPC03257
PAT_01374,IPC03207
PAT_01374,IPC03549
PAT_01374,IPC00368
PAT_01375,IPC03867
PAT_01375,IPC00353
PAT_01375,IPC02446
PAT_01375,IPC00355
PAT_01375,IPC04132
PAT_01376,IPC04297
PAT_01376,IPC02984
PAT_01376,IPC04264
PAT_01376,IPC03525
PAT_01376,IPC04099
PAT_01377,IPC00812
PAT_01377,IPC03145
PAT_01377,IPC02120
PAT_01377,IPC03438
PAT_01377,IPC00813
PAT_01378,IPC04077
PAT_01378,IPC03207
PAT_01378,IPC00368
PAT_01378,IPC03382
PAT_01378,IPC04270
PAT_01379,IPC02643
PAT_01379,IPC02836
PAT_01379,IPC02837
PAT_01379,IPC02838
PAT_01380,IPC04147
PAT_01380,IPC03118
PAT_01380,IPC02330
PAT_01380,IPC00825
PAT_01380,IPC04296
PAT_01381,IPC03264
PAT_01381,IPC04262
PAT_01381,IPC00919
PAT_01381,IPC03245
PAT_01381,IPC03282
PAT_01382,IPC03045
PAT_01382,IPC03858
PAT_01382,IPC03863
PAT_01382,IPC03865
PAT_01382,IPC03867
PAT_01382,IPC03876
PAT_01382,IPC03909
PAT_01382,IPC03910
PAT_01383,IPC01444
PAT_01383,IPC01443
PAT_01383,IPC00500
PAT_01383,IPC01522
PAT_01383,IPC03444
PAT_01384,IPC00750
PAT_01384,IPC00748
PAT_01384,IPC00689
PAT_01384,IPC00749
PAT_01384,IPC01607
PAT_01385,IPC02046
PAT_01385,IPC01073
PAT_01385,IPC02058
PAT_01385,IPC02540
PAT_01385,IPC03232
PAT_01386,IPC02754
PAT_01386,IPC02753
PAT_01386,IPC02752
PAT_01386,IPC02756
PAT_01386,IPC02764
PAT_01387,IPC00109
PAT_01387,IPC03370
PAT_01387,IPC04218
PAT_01387,IPC03381
PAT_01387,IPC00106
PAT_01388,IPC03227
PAT_01388,IPC03226
PAT_01388,IPC03207
PAT_01388,IPC03212
PAT_01388,IPC03182
PAT_01389,IPC02791
PAT_01389,IPC03219
PAT_01389,IPC03212
PAT_01389,IPC03273
PAT_01389,IPC02750
PAT_01390,IPC03219
PAT_01390,IPC03207
PAT_01390,IPC03212
PAT_01390,IPC03227
PAT_01390,IPC03226
PAT_01391,IPC01631
PAT_01391,IPC01630
PAT_01391,IPC01629
PAT_01391,IPC01600
PAT_01391,IPC01740
PAT_01392,IPC03336
PAT_01392,IPC03197
PAT_01392,IPC03300
PAT_01392,IPC03340
PAT_01392,IPC03255
PAT_01393,IPC03544
PAT_01393,IPC03281
PAT_01393,IPC03533
PAT_01393,IPC03191
PAT_01393,IPC03233
PAT_01394,IPC03382
PAT_01394,IPC00385
PAT_01394,IPC03207
PAT_01394,IPC03219
PAT_01394,IPC03227
PAT_01395,IPC00391
PAT_01395,IPC00368
PAT_01395,IPC03549
PAT_01395,IPC03295
PAT_01395,IPC03298
PAT_01396,IPC03381
PAT_01396,IPC04258
PAT_01396,IPC04283
PAT_01396,IPC04259
PAT_01396,IPC02898
PAT_01397,IPC03336
PAT_01397,IPC03340
PAT_01397,IPC03095
PAT_01397,IPC03197
PAT_01397,IPC03198
PAT_01398,IPC03130
PAT_01398,IPC04209
PAT_01398,IPC04163
PAT_01398,IPC03295
PAT_01398,IPC03129
PAT_01399,IPC00408
PAT_01399,IPC00406
PAT_01399,IPC00368
PAT_01399,IPC03549
PAT_01399,IPC00377
PAT_01400,IPC02275
PAT_01400,IPC02276
PAT_01400,IPC02277
PAT_01400,IPC03844
PAT_01400,IPC00208
PAT_01401,IPC03212
PAT_01401,IPC03207
PAT_01401,IPC03533
PAT_01401,IPC03267
PAT_01401,IPC03161
PAT_01402,IPC03269
PAT_01402,IPC03263
PAT_01402,IPC03267
PAT_01402,IPC03227
PAT_01402,IPC03236
PAT_01403,IPC04227
PAT_01403,IPC03398
PAT_01403,IPC03494
PAT_01403,IPC03399
PAT_01403,IPC03396
PAT_01404,IPC01562
PAT_01404,IPC00457
PAT_01405,IPC02575
PAT_01405,IPC01653
PAT_01405,IPC02576
PAT_01405,IPC01663
PAT_01405,IPC03620
PAT_01406,IPC02626
PAT_01406,IPC01305
PAT_01407,IPC03207
PAT_01407,IPC03033
PAT_01408,IPC02791
PAT_01408,IPC01662
PAT_01408,IPC01653
PAT_01408,IPC01658
PAT_01408,IPC02292
PAT_01409,IPC04156
PAT_01409,IPC01322
PAT_01409,IPC00385
PAT_01409,IPC04269
PAT_01409,IPC00221
PAT_01410,IPC00075
PAT_01410,IPC03381
PAT_01410,IPC00076
PAT_01410,IPC01143
PAT_01410,IPC03392
PAT_01411,IPC03876
PAT_01411,IPC03881
PAT_01411,IPC03871
PAT_01411,IPC03735
PAT_01412,IPC01286
PAT_01412,IPC01288
PAT_01412,IPC01289
PAT_01412,IPC02287
PAT_01412,IPC01287
PAT_01413,IPC03533
PAT_01413,IPC03549
PAT_01413,IPC03552
PAT_01413,IPC03536
PAT_01413,IPC03227
PAT_01414,IPC03324
PAT_01414,IPC03256
PAT_01414,IPC03298
PAT_01414,IPC03219
PAT_01414,IPC03102
PAT_01415,IPC00077
PAT_01415,IPC00074
PAT_01415,IPC04257
PAT_01415,IPC04133
PAT_01416,IPC01307
PAT_01416,IPC03150
PAT_01416,IPC01294
PAT_01416,IPC01260
PAT_01416,IPC00272
PAT_01417,IPC04151
PAT_01417,IPC03125
PAT_01417,IPC02971
PAT_01417,IPC04269
PAT_01417,IPC03128
PAT_01418,IPC03207
PAT_01418,IPC02726
PAT_01418,IPC02735
PAT_01418,IPC02724
PAT_01418,IPC02730
PAT_01419,IPC03186
PAT_01419,IPC04130
PAT_01419,IPC03219
PAT_01419,IPC02601
PAT_01419,IPC03257
PAT_01420,IPC01399
PAT_01420,IPC03013
PAT_01420,IPC01400
PAT_01420,IPC00261
PAT_01420,IPC01138
PAT_01421,IPC00114
PAT_01421,IPC03207
PAT_01421,IPC00002
PAT_01421,IPC03212
PAT_01421,IPC03271
PAT_01422,IPC03382
PAT_01422,IPC03381
PAT_01422,IPC00385
PAT_01422,IPC00368
PAT_01422,IPC04077
PAT_01423,IPC00368
PAT_01423,IPC03298
PAT_01423,IPC00385
PAT_01423,IPC00816
PAT_01423,IPC00689
PAT_01424,IPC03125
PAT_01424,IPC03126
PAT_01424,IPC00900
PAT_01424,IPC03128
PAT_01424,IPC03127
PAT_01425,IPC00826
PAT_01425,IPC00368
PAT_01425,IPC00370
PAT_01425,IPC03550
PAT_01426,IPC00358
PAT_01426,IPC03548
PAT_01427,IPC02669
PAT_01427,IPC03207
PAT_01427,IPC03212
PAT_01427,IPC00368
PAT_01427,IPC01061
PAT_01428,IPC03002
PAT_01428,IPC04077
PAT_01428,IPC03005
PAT_01428,IPC03010
PAT_01428,IPC03861
PAT_01429,IPC03453
PAT_01429,IPC03336
PAT_01429,IPC03446
PAT_01429,IPC03128
PAT_01429,IPC03451
PAT_01430,IPC00717
PAT_01430,IPC00757
PAT_01430,IPC00721
PAT_01430,IPC04305
PAT_01430,IPC02565
PAT_01431,IPC00759
PAT_01431,IPC00760
PAT_01432,IPC01339
PAT_01432,IPC01357
PAT_01432,IPC03862
PAT_01432,IPC03273
PAT_01432,IPC03207
PAT_01433,IPC03550
PAT_01433,IPC04136
PAT_01433,IPC03552
PAT_01433,IPC03273
PAT_01433,IPC03549
PAT_01434,IPC02646
PAT_01434,IPC03193
PAT_01434,IPC03801
PAT_01435,IPC00368
PAT_01435,IPC00370
PAT_01435,IPC00386
PAT_01435,IPC00385
PAT_01435,IPC00425
PAT_01436,IPC03411
PAT_01436,IPC03403
PAT_01436,IPC03409
PAT_01436,IPC03552
PAT_01437,IPC00047
PAT_01437,IPC00268
PAT_01437,IPC00265
PAT_01437,IPC00261
PAT_01437,IPC00264
PAT_01438,IPC02252
PAT_01438,IPC00620
PAT_01438,IPC01155
PAT_01438,IPC02230
PAT_01438,IPC03778
PAT_01439,IPC03219
PAT_01439,IPC03212
PAT_01439,IPC01849
PAT_01439,IPC04268
PAT_01439,IPC00039
PAT_01440,IPC00666
PAT_01440,IPC00852
PAT_01440,IPC00703
PAT_01440,IPC00663
PAT_01440,IPC00574
PAT_01441,IPC02805
PAT_01441,IPC02760
PAT_01441,IPC02149
PAT_01441,IPC01605
PAT_01441,IPC02806
PAT_01442,IPC01605
PAT_01442,IPC03763
PAT_01442,IPC03595
PAT_01442,IPC03773
PAT_01443,IPC00852
PAT_01443,IPC00666
PAT_01443,IPC00565
PAT_01443,IPC00528
PAT_01443,IPC00646
PAT_01444,IPC01618
PAT_01444,IPC01620
PAT_01444,IPC01605
PAT_01444,IPC01914
PAT_01444,IPC01915
PAT_01445,IPC03533
PAT_01445,IPC03861
PAT_01445,IPC03236
PAT_01445,IPC03856
PAT_01445,IPC03867
PAT_01446,IPC00368
PAT_01446,IPC00388
PAT_01446,IPC00374
PAT_01447,IPC00620
PAT_01447,IPC01729
PAT_01447,IPC01732
PAT_01447,IPC01228
PAT_01447,IPC01712
PAT_01448,IPC00368
PAT_01448,IPC03549
PAT_01448,IPC00370
PAT_01448,IPC03550
PAT_01448,IPC00386
PAT_01449,IPC03360
PAT_01449,IPC03117
PAT_01449,IPC03352
PAT_01449,IPC02593
PAT_01449,IPC00295
PAT_01450,IPC03418
PAT_01450,IPC02875
PAT_01450,IPC01419
PAT_01450,IPC03403
PAT_01450,IPC03125
PAT_01451,IPC03219
PAT_01451,IPC03369
PAT_01451,IPC03212
PAT_01451,IPC03368
PAT_01451,IPC03372
PAT_01452,IPC00742
PAT_01452,IPC00465
PAT_01452,IPC01553
PAT_01452,IPC01981
PAT_01452,IPC02234
PAT_01453,IPC03876
PAT_01453,IPC02531
PAT_01453,IPC04257
PAT_01453,IPC04149
PAT_01453,IPC04223
PAT_01454,IPC02670
PAT_01454,IPC04163
PAT_01454,IPC00108
PAT_01454,IPC02668
PAT_01454,IPC00124
PAT_01455,IPC01374
PAT_01455,IPC01310
PAT_01456,IPC01436
PAT_01456,IPC01318
PAT_01456,IPC01392
PAT_01456,IPC01437
PAT_01456,IPC01320
PAT_01457,IPC00102
PAT_01457,IPC03271
PAT_01457,IPC00116
PAT_01457,IPC00103
PAT_01457,IPC01847
PAT_01458,IPC00368
PAT_01458,IPC00832
PAT_01458,IPC00370
PAT_01458,IPC00831
PAT_01458,IPC00383
PAT_01459,IPC03236
PAT_01459,IPC03272
PAT_01459,IPC03012
PAT_01459,IPC03234
PAT_01459,IPC03033
PAT_01460,IPC02992
PAT_01460,IPC02995
PAT_01460,IPC02527
PAT_01460,IPC02996
PAT_01460,IPC02518
PAT_01461,IPC03885
PAT_01462,IPC02521
PAT_01462,IPC02530
PAT_01462,IPC03960
PAT_01462,IPC04308
PAT_01462,IPC02525
PAT_01463,IPC03257
PAT_01463,IPC03207
PAT_01463,IPC03219
PAT_01463,IPC03229
PAT_01463,IPC03255
PAT_01464,IPC03240
PAT_01464,IPC00883
PAT_01464,IPC01208
PAT_01464,IPC00891
PAT_01464,IPC04293
PAT_01465,IPC03451
PAT_01465,IPC03236
PAT_01465,IPC03257
PAT_01465,IPC03280
PAT_01465,IPC03426
PAT_01466,IPC03239
PAT_01466,IPC03207
PAT_01466,IPC04133
PAT_01466,IPC03283
PAT_01466,IPC03236
PAT_01467,IPC01563
PAT_01467,IPC01560
PAT_01467,IPC00368
PAT_01467,IPC03232
PAT_01467,IPC01565
PAT_01468,IPC03163
PAT_01468,IPC04215
PAT_01468,IPC03487
PAT_01468,IPC03183
PAT_01468,IPC03486
PAT_01469,IPC00368
PAT_01469,IPC00370
PAT_01469,IPC03547
PAT_01469,IPC03227
PAT_01470,IPC03361
PAT_01470,IPC02519
PAT_01470,IPC02522
PAT_01470,IPC02524
PAT_01470,IPC03617
PAT_01471,IPC00515
PAT_01471,IPC00766
PAT_01471,IPC03442
PAT_01471,IPC00802
PAT_01471,IPC00385
PAT_01472,IPC03125
PAT_01472,IPC03495
PAT_01472,IPC03260
PAT_01472,IPC03485
PAT_01472,IPC03219
PAT_01473,IPC02322
PAT_01473,IPC02298
PAT_01473,IPC00756
PAT_01473,IPC00751
PAT_01473,IPC04104
PAT_01474,IPC03257
PAT_01474,IPC03240
PAT_01474,IPC03227
PAT_01474,IPC03263
PAT_01474,IPC04182
PAT_01475,IPC04218
PAT_01475,IPC03369
PAT_01475,IPC03186
PAT_01475,IPC03371
PAT_01475,IPC01143
PAT_01476,IPC04296
PAT_01476,IPC03115
PAT_01476,IPC04237
PAT_01476,IPC04235
PAT_01476,IPC04102
PAT_01477,IPC01499
PAT_01477,IPC03369
PAT_01477,IPC04218
PAT_01477,IPC03207
PAT_01477,IPC02919
PAT_01478,IPC03360
PAT_01478,IPC04147
PAT_01478,IPC03354
PAT_01478,IPC00295
PAT_01478,IPC03352
PAT_01479,IPC00999
PAT_01479,IPC00990
PAT_01479,IPC01605
PAT_01479,IPC02808
PAT_01479,IPC01000
PAT_01480,IPC03268
PAT_01480,IPC03232
PAT_01480,IPC03284
PAT_01480,IPC03351
PAT_01480,IPC03260
PAT_01481,IPC03533
PAT_01481,IPC00368
PAT_01481,IPC00386
PAT_01481,IPC03547
PAT_01481,IPC00370
PAT_01482,IPC03870
PAT_01482,IPC03871
PAT_01482,IPC03876
PAT_01482,IPC04149
PAT_01482,IPC04151
PAT_01483,IPC01362
PAT_01483,IPC01360
PAT_01483,IPC03876
PAT_01483,IPC03207
PAT_01483,IPC03211
PAT_01483,IPC03221
PAT_01484,IPC03207
PAT_01484,IPC03236
PAT_01484,IPC03192
PAT_01484,IPC00370
PAT_01484,IPC01311
PAT_01485,IPC04109
PAT_01485,IPC04106
PAT_01485,IPC04115
PAT_01485,IPC04118
PAT_01485,IPC04117
PAT_01486,IPC03680
PAT_01486,IPC03676
PAT_01486,IPC03675
PAT_01486,IPC01842
PAT_01486,IPC02118
PAT_01487,IPC02760
PAT_01487,IPC03676
PAT_01487,IPC02805
PAT_01487,IPC01602
PAT_01487,IPC03664
PAT_01488,IPC03219
PAT_01488,IPC03212
PAT_01488,IPC03201
PAT_01488,IPC04218
PAT_01488,IPC03298
PAT_01489,IPC03071
PAT_01489,IPC03207
PAT_01489,IPC03159
PAT_01489,IPC03152
PAT_01490,IPC03876
PAT_01490,IPC03838
PAT_01491,IPC02162
PAT_01491,IPC00248
PAT_01491,IPC01073
PAT_01491,IPC03257
PAT_01491,IPC04323
PAT_01492,IPC00476
PAT_01492,IPC00472
PAT_01492,IPC04077
PAT_01492,IPC00470
PAT_01492,IPC00471
PAT_01493,IPC03402
PAT_01493,IPC03412
PAT_01493,IPC04157
PAT_01494,IPC04147
PAT_01494,IPC03236
PAT_01494,IPC03240
PAT_01494,IPC03254
PAT_01494,IPC03263
PAT_01495,IPC01970
PAT_01495,IPC01901
PAT_01495,IPC01968
PAT_01495,IPC01553
PAT_01495,IPC01953
PAT_01495,IPC01239
PAT_01495,IPC01261
PAT_01496,IPC00368
PAT_01496,IPC00370
PAT_01496,IPC00338
PAT_01496,IPC03426
PAT_01496,IPC03550
PAT_01497,IPC03212
PAT_01497,IPC03257
PAT_01497,IPC03219
PAT_01497,IPC03074
PAT_01497,IPC03083
PAT_01498,IPC03485
PAT_01498,IPC02958
PAT_01498,IPC01462
PAT_01498,IPC04208
PAT_01498,IPC02938
PAT_01499,IPC04133
PAT_01499,IPC03187
PAT_01499,IPC04268
PAT_01499,IPC03010
PAT_01500,IPC03431
PAT_01500,IPC03135
PAT_01500,IPC04133
PAT_01500,IPC00493
PAT_01500,IPC00514
PAT_01501,IPC03426
PAT_01501,IPC03280
PAT_01501,IPC03451
PAT_01501,IPC03452
PAT_01501,IPC03449
PAT_01502,IPC03207
PAT_01502,IPC00368
PAT_01502,IPC03290
PAT_01502,IPC00370
PAT_01502,IPC03426
PAT_01503,IPC03250
PAT_01503,IPC03123
PAT_01503,IPC03121
PAT_01503,IPC02184
PAT_01503,IPC03195
PAT_01504,IPC03201
PAT_01504,IPC00368
PAT_01504,IPC00370
PAT_01504,IPC00386
PAT_01505,IPC00035
PAT_01505,IPC02785
PAT_01505,IPC02642
PAT_01505,IPC00145
PAT_01505,IPC02676
PAT_01506,IPC02021
PAT_01506,IPC03458
PAT_01506,IPC03459
PAT_01507,IPC03476
PAT_01507,IPC03478
PAT_01507,IPC03207
PAT_01507,IPC03219
PAT_01507,IPC03028
PAT_01508,IPC03536
PAT_01508,IPC03160
PAT_01508,IPC03240
PAT_01508,IPC03534
PAT_01508,IPC03537
PAT_01509,IPC03201
PAT_01509,IPC00425
PAT_01509,IPC03298
PAT_01509,IPC03219
PAT_01509,IPC03295
PAT_01510,IPC03207
PAT_01510,IPC03032
PAT_01510,IPC03043
PAT_01510,IPC03229
PAT_01510,IPC03034
PAT_01511,IPC03219
PAT_01511,IPC03338
PAT_01511,IPC03530
PAT_01512,IPC03117
PAT_01512,IPC03044
PAT_01512,IPC03036
PAT_01512,IPC03487
PAT_01512,IPC03111
PAT_01513,IPC03885
PAT_01513,IPC03876
PAT_01513,IPC03880
PAT_01513,IPC03866
PAT_01513,IPC00104
PAT_01514,IPC00522
PAT_01514,IPC03547
PAT_01514,IPC03536
PAT_01514,IPC03533
PAT_01514,IPC00519
PAT_01515,IPC00058
PAT_01515,IPC02078
PAT_01515,IPC02082
PAT_01515,IPC00742
PAT_01515,IPC02086
PAT_01516,IPC00356
PAT_01516,IPC00497
PAT_01516,IPC00501
PAT_01516,IPC00502
PAT_01516,IPC00503
PAT_01517,IPC03212
PAT_01517,IPC03219
PAT_01517,IPC03201
PAT_01517,IPC03271
PAT_01517,IPC04131
PAT_01518,IPC00040
PAT_01518,IPC03298
PAT_01518,IPC03271
PAT_01518,IPC02925
PAT_01518,IPC02892
PAT_01519,IPC04077
PAT_01519,IPC03240
PAT_01519,IPC03236
PAT_01519,IPC04262
PAT_01519,IPC04257
PAT_01520,IPC00213
PAT_01520,IPC03381
PAT_01520,IPC00041
PAT_01520,IPC00219
PAT_01520,IPC00220
PAT_01521,IPC03390
PAT_01521,IPC03382
PAT_01521,IPC03381
PAT_01521,IPC03369
PAT_01521,IPC03282
PAT_01522,IPC01453
PAT_01522,IPC01456
PAT_01522,IPC01459
PAT_01522,IPC01457
PAT_01522,IPC01458
PAT_01523,IPC00112
PAT_01523,IPC00107
PAT_01523,IPC00124
PAT_01523,IPC00110
PAT_01523,IPC03125
PAT_01524,IPC02785
PAT_01524,IPC02805
PAT_01524,IPC02783
PAT_01524,IPC02801
PAT_01524,IPC02718
PAT_01525,IPC00843
PAT_01525,IPC00368
PAT_01525,IPC00386
PAT_01525,IPC03538
PAT_01525,IPC03546
PAT_01526,IPC00503
PAT_01526,IPC04208
PAT_01526,IPC03028
PAT_01526,IPC02971
PAT_01527,IPC04142
PAT_01527,IPC03117
PAT_01527,IPC04147
PAT_01527,IPC03253
PAT_01527,IPC04143
PAT_01528,IPC04215
PAT_01528,IPC04147
PAT_01528,IPC03396
PAT_01528,IPC04257
PAT_01528,IPC03117
PAT_01529,IPC03431
PAT_01529,IPC03125
PAT_01529,IPC03126
PAT_01529,IPC03432
PAT_01529,IPC01282
PAT_01530,IPC03259
PAT_01530,IPC03127
PAT_01530,IPC03239
PAT_01530,IPC03286
PAT_01530,IPC02440
PAT_01531,IPC00368
PAT_01531,IPC04297
PAT_01531,IPC00385
PAT_01531,IPC03547
PAT_01531,IPC03065
PAT_01532,IPC00490
PAT_01532,IPC01244
PAT_01532,IPC01209
PAT_01532,IPC00468
PAT_01532,IPC01990
PAT_01533,IPC02563
PAT_01533,IPC04323
PAT_01533,IPC01318
PAT_01533,IPC01924
PAT_01533,IPC01363
PAT_01534,IPC03876
PAT_01534,IPC01354
PAT_01534,IPC01357
PAT_01534,IPC03866
PAT_01534,IPC03878
PAT_01535,IPC02936
PAT_01535,IPC02633
PAT_01535,IPC02959
PAT_01535,IPC00241
PAT_01535,IPC03125
PAT_01536,IPC00079
PAT_01536,IPC00081
PAT_01536,IPC00085
PAT_01536,IPC00080
PAT_01536,IPC00177
PAT_01537,IPC04077
PAT_01537,IPC03005
PAT_01537,IPC02557
PAT_01537,IPC01418
PAT_01537,IPC01281
PAT_01538,IPC02449
PAT_01538,IPC02441
PAT_01538,IPC03903
PAT_01538,IPC02439
PAT_01538,IPC02445
PAT_01539,IPC03219
PAT_01539,IPC03212
PAT_01539,IPC04208
PAT_01539,IPC03207
PAT_01539,IPC04218
PAT_01540,IPC03352
PAT_01540,IPC03197
PAT_01540,IPC03111
PAT_01540,IPC03355
PAT_01540,IPC03500
PAT_01541,IPC00368
PAT_01541,IPC00689
PAT_01541,IPC00833
PAT_01541,IPC03028
PAT_01541,IPC03547
PAT_01542,IPC03384
PAT_01542,IPC03236
PAT_01542,IPC03273
PAT_01542,IPC04264
PAT_01542,IPC00385
PAT_01543,IPC00368
PAT_01543,IPC00385
PAT_01543,IPC02637
PAT_01543,IPC00887
PAT_01543,IPC00370
PAT_01544,IPC03236
PAT_01544,IPC03012
PAT_01544,IPC03010
PAT_01544,IPC03284
PAT_01544,IPC03219
PAT_01545,IPC03268
PAT_01545,IPC03232
PAT_01545,IPC03351
PAT_01545,IPC03284
PAT_01545,IPC03236
PAT_01546,IPC02444
PAT_01546,IPC02449
PAT_01546,IPC02442
PAT_01546,IPC02439
PAT_01546,IPC02443
PAT_01547,IPC01312
PAT_01547,IPC01888
PAT_01547,IPC02636
PAT_01547,IPC03479
PAT_01547,IPC01426
PAT_01548,IPC03268
PAT_01548,IPC03240
PAT_01548,IPC03485
PAT_01548,IPC03284
PAT_01548,IPC03351
PAT_01549,IPC00218
PAT_01549,IPC00930
PAT_01549,IPC02142
PAT_01549,IPC00317
PAT_01549,IPC00322
PAT_01550,IPC00889
PAT_01550,IPC00879
PAT_01550,IPC02266
PAT_01550,IPC03690
PAT_01550,IPC04299
PAT_01551,IPC01434
PAT_01551,IPC03260
PAT_01551,IPC03275
PAT_01551,IPC04059
PAT_01551,IPC04217
PAT_01552,IPC04141
PAT_01552,IPC04142
PAT_01552,IPC03217
PAT_01552,IPC03061
PAT_01552,IPC03289
PAT_01553,IPC03111
PAT_01553,IPC03224
PAT_01553,IPC03254
PAT_01553,IPC03394
PAT_01553,IPC04223
PAT_01554,IPC00221
PAT_01554,IPC00224
PAT_01554,IPC00226
PAT_01554,IPC00225
PAT_01554,IPC00223
PAT_01555,IPC01882
PAT_01555,IPC03118
PAT_01555,IPC03279
PAT_01555,IPC03635
PAT_01555,IPC04227
PAT_01556,IPC00416
PAT_01556,IPC01385
PAT_01556,IPC03250
PAT_01556,IPC03262
PAT_01556,IPC04189
PAT_01557,IPC03212
PAT_01557,IPC03219
PAT_01557,IPC03289
PAT_01557,IPC04128
PAT_01557,IPC04194
PAT_01558,IPC00249
PAT_01558,IPC01105
PAT_01558,IPC03266
PAT_01558,IPC03504
PAT_01558,IPC03960
PAT_01559,IPC02529
PAT_01559,IPC02954
PAT_01559,IPC02956
PAT_01559,IPC03260
PAT_01559,IPC03275
PAT_01560,IPC00250
PAT_01560,IPC00251
PAT_01560,IPC00365
PAT_01560,IPC00683
PAT_01560,IPC00865
PAT_01561,IPC03400
PAT_01561,IPC04133
PAT_01561,IPC03385
PAT_01561,IPC04284
PAT_01561,IPC04131
PAT_01562,IPC00368
PAT_01562,IPC00385
PAT_01562,IPC02340
PAT_01562,IPC02528
PAT_01562,IPC04068
PAT_01563,IPC04218
PAT_01563,IPC03369
PAT_01563,IPC03282
PAT_01563,IPC03390
PAT_01563,IPC03397
PAT_01564,IPC03182
PAT_01564,IPC03245
PAT_01564,IPC03250
PAT_01564,IPC03362
PAT_01564,IPC04065
PAT_01565,IPC02333
PAT_01565,IPC02336
PAT_01565,IPC02338
PAT_01565,IPC03113
PAT_01565,IPC03391
PAT_01566,IPC02521
PAT_01566,IPC03023
PAT_01566,IPC03227
PAT_01566,IPC03266
PAT_01566,IPC03881
PAT_01567,IPC00810
PAT_01567,IPC02125
PAT_01567,IPC03135
PAT_01567,IPC03185
PAT_01567,IPC03487
PAT_01568,IPC01401
PAT_01568,IPC01402
PAT_01568,IPC02328
PAT_01568,IPC02501
PAT_01568,IPC04227
PAT_01569,IPC00332
PAT_01569,IPC01067
PAT_01569,IPC02571
PAT_01569,IPC02711
PAT_01569,IPC03029
PAT_01570,IPC00089
PAT_01570,IPC00090
PAT_01570,IPC00137
PAT_01570,IPC00138
PAT_01570,IPC02419
PAT_01571,IPC00800
PAT_01571,IPC02738
PAT_01571,IPC02849
PAT_01571,IPC04187
PAT_01571,IPC04283
PAT_01572,IPC01440
PAT_01572,IPC01483
PAT_01572,IPC03418
PAT_01572,IPC03671
PAT_01572,IPC04174
PAT_01573,IPC04272
PAT_01573,IPC04274
PAT_01573,IPC04279
PAT_01573,IPC04287
PAT_01573,IPC04297
PAT_01574,IPC03001
PAT_01574,IPC03083
PAT_01574,IPC03207
PAT_01574,IPC03280
PAT_01574,IPC03536
PAT_01575,IPC02331
PAT_01575,IPC03111
PAT_01575,IPC03226
PAT_01575,IPC03352
PAT_01575,IPC04135
PAT_01576,IPC01176
PAT_01576,IPC03248
PAT_01576,IPC03263
PAT_01576,IPC03349
PAT_01576,IPC03365
PAT_01577,IPC00678
PAT_01577,IPC00868
PAT_01577,IPC02521
PAT_01577,IPC02664
PAT_01577,IPC03881
PAT_01578,IPC00221
PAT_01578,IPC02335
PAT_01578,IPC03191
PAT_01578,IPC03381
PAT_01578,IPC03838
PAT_01579,IPC02776
PAT_01579,IPC02469
PAT_01579,IPC02686
PAT_01579,IPC02682
PAT_01579,IPC01589
PAT_01580,IPC04148
PAT_01580,IPC00051
PAT_01580,IPC02560
PAT_01580,IPC01398
PAT_01580,IPC02923
PAT_01581,IPC03260
PAT_01581,IPC03239
PAT_01581,IPC03195
PAT_01581,IPC03257
PAT_01581,IPC03275
PAT_01582,IPC00824
PAT_01582,IPC00581
PAT_01582,IPC00833
PAT_01582,IPC00839
PAT_01582,IPC00827
PAT_01583,IPC03300
PAT_01583,IPC03298
PAT_01583,IPC03302
PAT_01583,IPC03312
PAT_01583,IPC03201
PAT_01584,IPC00100
PAT_01584,IPC00099
PAT_01584,IPC00098
PAT_01584,IPC00097
PAT_01584,IPC00101
PAT_01585,IPC00514
PAT_01585,IPC03485
PAT_01585,IPC01421
PAT_01585,IPC02882
PAT_01585,IPC00511
PAT_01586,IPC03881
PAT_01586,IPC03964
PAT_01586,IPC03396
PAT_01586,IPC00073
PAT_01586,IPC04133
PAT_01587,IPC01563
PAT_01587,IPC01566
PAT_01587,IPC01560
PAT_01587,IPC01567
PAT_01587,IPC03257
PAT_01588,IPC00514
PAT_01588,IPC02636
PAT_01588,IPC02882
PAT_01589,IPC01557
PAT_01589,IPC00289
PAT_01589,IPC04269
PAT_01589,IPC02506
PAT_01589,IPC00309
PAT_01590,IPC02636
PAT_01590,IPC02635
PAT_01590,IPC00514
PAT_01590,IPC03260
PAT_01590,IPC02936
PAT_01591,IPC00368
PAT_01591,IPC00052
PAT_01591,IPC00386
PAT_01591,IPC00077
PAT_01591,IPC00298
PAT_01592,IPC00152
PAT_01592,IPC00618
PAT_01592,IPC00698
PAT_01592,IPC00203
PAT_01592,IPC00584
PAT_01593,IPC00231
PAT_01593,IPC03840
PAT_01593,IPC00368
PAT_01593,IPC04150
PAT_01593,IPC03183
PAT_01594,IPC02754
PAT_01594,IPC00819
PAT_01594,IPC00820
PAT_01594,IPC02137
PAT_01594,IPC01820
PAT_01595,IPC04095
PAT_01595,IPC04096
PAT_01595,IPC04268
PAT_01595,IPC04141
PAT_01595,IPC04142
PAT_01596,IPC00898
PAT_01596,IPC00903
PAT_01596,IPC00899
PAT_01596,IPC00900
PAT_01597,IPC03264
PAT_01597,IPC02206
PAT_01597,IPC02216
PAT_01597,IPC03267
PAT_01597,IPC03236
PAT_01598,IPC04095
PAT_01598,IPC04147
PAT_01598,IPC03244
PAT_01598,IPC03253
PAT_01598,IPC00610
PAT_01599,IPC00179
PAT_01599,IPC00196
PAT_01599,IPC00192
PAT_01599,IPC00204
PAT_01599,IPC00199
PAT_01600,IPC00343
PAT_01600,IPC00838
PAT_01600,IPC00818
PAT_01600,IPC00823
PAT_01600,IPC00812
PAT_01601,IPC02562
PAT_01601,IPC01320
PAT_01601,IPC02557
PAT_01601,IPC01680
PAT_01601,IPC00944
PAT_01602,IPC04207
PAT_01602,IPC04208
PAT_01602,IPC04218
PAT_01602,IPC01383
PAT_01602,IPC04096
PAT_01603,IPC01852
PAT_01603,IPC04297
PAT_01603,IPC02806
PAT_01603,IPC04096
PAT_01603,IPC03281
PAT_01604,IPC01295
PAT_01604,IPC01292
PAT_01604,IPC01961
PAT_01604,IPC01555
PAT_01604,IPC02255
PAT_01605,IPC00368
PAT_01605,IPC00370
PAT_01605,IPC03533
PAT_01606,IPC01653
PAT_01606,IPC02572
PAT_01606,IPC00255
PAT_01606,IPC01655
PAT_01606,IPC02447
PAT_01607,IPC02279
PAT_01607,IPC02262
PAT_01607,IPC02261
PAT_01607,IPC02284
PAT_01607,IPC02256
PAT_01608,IPC04095
PAT_01608,IPC03117
PAT_01608,IPC03110
PAT_01608,IPC04236
PAT_01608,IPC04237
PAT_01609,IPC01071
PAT_01609,IPC01070
PAT_01609,IPC01066
PAT_01609,IPC00881
PAT_01609,IPC01069
PAT_01610,IPC03135
PAT_01610,IPC03485
PAT_01610,IPC04223
PAT_01610,IPC03166
PAT_01610,IPC03254
PAT_01611,IPC04096
PAT_01611,IPC03369
PAT_01611,IPC04218
PAT_01611,IPC03382
PAT_01611,IPC01586
PAT_01612,IPC00051
PAT_01612,IPC03271
PAT_01612,IPC00040
PAT_01612,IPC00068
PAT_01612,IPC00002
PAT_01613,IPC03239
PAT_01613,IPC04096
PAT_01613,IPC04142
PAT_01613,IPC04147
PAT_01613,IPC04095
PAT_01614,IPC00482
PAT_01614,IPC01285
PAT_01614,IPC04191
PAT_01614,IPC03427
PAT_01614,IPC04175
PAT_01615,IPC00102
PAT_01615,IPC00282
PAT_01615,IPC03128
PAT_01615,IPC04232
PAT_01615,IPC02908
PAT_01616,IPC04215
PAT_01616,IPC04208
PAT_01616,IPC04216
PAT_01616,IPC01381
PAT_01616,IPC04156
PAT_01617,IPC03864
PAT_01617,IPC03861
PAT_01617,IPC03862
PAT_01617,IPC03876
PAT_01617,IPC02837
PAT_01618,IPC02286
PAT_01618,IPC01072
PAT_01618,IPC01727
PAT_01618,IPC01706
PAT_01618,IPC01233
PAT_01619,IPC02279
PAT_01619,IPC02262
PAT_01619,IPC02778
PAT_01619,IPC02284
PAT_01619,IPC02261
PAT_01620,IPC02279
PAT_01620,IPC02274
PAT_01620,IPC02285
PAT_01620,IPC02262
PAT_01620,IPC02286
PAT_01621,IPC04095
PAT_01621,IPC03117
PAT_01621,IPC03116
PAT_01621,IPC03212
PAT_01621,IPC04096
PAT_01622,IPC04096
PAT_01622,IPC03240
PAT_01622,IPC03117
PAT_01622,IPC03118
PAT_01622,IPC03282
PAT_01623,IPC03240
PAT_01623,IPC03281
PAT_01623,IPC03544
PAT_01623,IPC03552
PAT_01623,IPC03547
PAT_01624,IPC00368
PAT_01624,IPC03197
PAT_01624,IPC01271
PAT_01624,IPC00375
PAT_01625,IPC02081
PAT_01625,IPC02057
PAT_01625,IPC02078
PAT_01625,IPC04000
PAT_01625,IPC02407
PAT_01626,IPC03271
PAT_01626,IPC00113
PAT_01626,IPC00077
PAT_01626,IPC00075
PAT_01626,IPC01153
PAT_01627,IPC03277
PAT_01627,IPC03233
PAT_01627,IPC03070
PAT_01627,IPC02321
PAT_01627,IPC00751
PAT_01628,IPC02248
PAT_01628,IPC02247
PAT_01628,IPC02246
PAT_01628,IPC02242
PAT_01628,IPC03307
PAT_01629,IPC03268
PAT_01629,IPC03476
PAT_01629,IPC03260
PAT_01629,IPC03128
PAT_01629,IPC03550
PAT_01630,IPC03268
PAT_01630,IPC03236
PAT_01630,IPC03201
PAT_01630,IPC03197
PAT_01630,IPC03281
PAT_01631,IPC03236
PAT_01631,IPC04218
PAT_01631,IPC03113
PAT_01631,IPC02897
PAT_01631,IPC02922
PAT_01632,IPC00620
PAT_01632,IPC00179
PAT_01632,IPC01058
PAT_01632,IPC00200
PAT_01632,IPC01146
PAT_01633,IPC00239
PAT_01633,IPC00237
PAT_01633,IPC00238
PAT_01633,IPC00240
PAT_01633,IPC00236
PAT_01634,IPC03197
PAT_01634,IPC03355
PAT_01634,IPC03111
PAT_01634,IPC03254
PAT_01634,IPC01396
PAT_01635,IPC03385
PAT_01635,IPC02925
PAT_01635,IPC02642
PAT_01635,IPC02696
PAT_01635,IPC02794
PAT_01636,IPC03263
PAT_01636,IPC03255
PAT_01636,IPC03277
PAT_01636,IPC03118
PAT_01636,IPC03282
PAT_01637,IPC04270
PAT_01637,IPC04218
PAT_01637,IPC03403
PAT_01637,IPC03197
PAT_01637,IPC03389
PAT_01638,IPC04096
PAT_01638,IPC01265
PAT_01638,IPC00070
PAT_01638,IPC02318
PAT_01638,IPC03881
PAT_01639,IPC03127
PAT_01639,IPC03465
PAT_01639,IPC02672
PAT_01639,IPC03199
PAT_01640,IPC01721
PAT_01640,IPC01727
PAT_01640,IPC02314
PAT_01640,IPC01719
PAT_01640,IPC01722
PAT_01641,IPC01727
PAT_01641,IPC01728
PAT_01641,IPC01160
PAT_01641,IPC01732
PAT_01641,IPC01713
PAT_01642,IPC02059
PAT_01642,IPC02042
PAT_01642,IPC01751
PAT_01642,IPC03657
PAT_01642,IPC01753
PAT_01643,IPC02658
PAT_01643,IPC01549
PAT_01643,IPC01551
PAT_01643,IPC01545
PAT_01643,IPC01590
PAT_01644,IPC04270
PAT_01644,IPC03381
PAT_01644,IPC02635
PAT_01644,IPC03282
PAT_01644,IPC03390
PAT_01645,IPC03382
PAT_01645,IPC00294
PAT_01645,IPC00255
PAT_01645,IPC03388
PAT_01645,IPC00256
PAT_01646,IPC00875
PAT_01646,IPC02142
PAT_01646,IPC03281
PAT_01646,IPC03549
PAT_01646,IPC03531
PAT_01647,IPC04218
PAT_01647,IPC03151
PAT_01647,IPC03396
PAT_01647,IPC04212
PAT_01647,IPC04185
PAT_01648,IPC03476
PAT_01648,IPC03431
PAT_01648,IPC03477
PAT_01648,IPC03478
PAT_01648,IPC00514
PAT_01649,IPC01563
PAT_01649,IPC01018
PAT_01649,IPC01073
PAT_01649,IPC01560
PAT_01649,IPC02296
PAT_01650,IPC03197
PAT_01650,IPC04218
PAT_01650,IPC03369
PAT_01650,IPC03282
PAT_01650,IPC03236
PAT_01651,IPC00368
PAT_01651,IPC04297
PAT_01651,IPC04048
PAT_01651,IPC04075
PAT_01651,IPC04268
PAT_01652,IPC00172
PAT_01652,IPC00165
PAT_01652,IPC00168
PAT_01652,IPC00082
PAT_01652,IPC00166
PAT_01653,IPC00609
PAT_01653,IPC01553
PAT_01653,IPC00127
PAT_01653,IPC00004
PAT_01653,IPC01156
PAT_01654,IPC03036
PAT_01654,IPC03387
PAT_01654,IPC02550
PAT_01654,IPC03389
PAT_01654,IPC03852
PAT_01655,IPC03382
PAT_01655,IPC03838
PAT_01655,IPC03281
PAT_01655,IPC00368
PAT_01655,IPC00369
PAT_01656,IPC04141
PAT_01656,IPC04095
PAT_01656,IPC00368
PAT_01656,IPC03550
PAT_01656,IPC00294
PAT_01657,IPC00869
PAT_01657,IPC00864
PAT_01657,IPC00253
PAT_01657,IPC00679
PAT_01657,IPC00680
PAT_01658,IPC00907
PAT_01658,IPC00908
PAT_01658,IPC00913
PAT_01658,IPC03210
PAT_01658,IPC03430
PAT_01659,IPC03403
PAT_01659,IPC03351
PAT_01659,IPC03191
PAT_01659,IPC01394
PAT_01659,IPC03401
PAT_01660,IPC01418
PAT_01660,IPC01359
PAT_01660,IPC01358
PAT_01660,IPC03457
PAT_01660,IPC03881
PAT_01661,IPC00325
PAT_01661,IPC01067
PAT_01661,IPC00324
PAT_01661,IPC00323
PAT_01661,IPC03210
PAT_01662,IPC02794
PAT_01662,IPC00016
PAT_01662,IPC00501
PAT_01662,IPC01763
PAT_01662,IPC00114
PAT_01663,IPC04143
PAT_01663,IPC01365
PAT_01663,IPC03955
PAT_01663,IPC01036
PAT_01663,IPC00334
PAT_01664,IPC03390
PAT_01664,IPC04156
PAT_01664,IPC04270
PAT_01664,IPC02891
PAT_01664,IPC01379
PAT_01665,IPC00749
PAT_01665,IPC00698
PAT_01665,IPC01981
PAT_01665,IPC00606
PAT_01665,IPC00835
PAT_01666,IPC01547
PAT_01666,IPC04147
PAT_01666,IPC02642
PAT_01666,IPC04143
PAT_01666,IPC03117
PAT_01667,IPC04141
PAT_01667,IPC00242
PAT_01667,IPC00368
PAT_01667,IPC03281
PAT_01667,IPC03128
PAT_01668,IPC04141
PAT_01668,IPC00242
PAT_01668,IPC00368
PAT_01668,IPC03281
PAT_01668,IPC03128
PAT_01669,IPC00247
PAT_01669,IPC00872
PAT_01669,IPC00873
PAT_01669,IPC00252
PAT_01669,IPC04166
PAT_01670,IPC03968
PAT_01670,IPC03961
PAT_01670,IPC03867
PAT_01670,IPC03960
PAT_01670,IPC03687
PAT_01671,IPC00875
PAT_01671,IPC00871
PAT_01671,IPC02809
PAT_01671,IPC03291
PAT_01671,IPC04255
PAT_01672,IPC04141
PAT_01672,IPC04143
PAT_01672,IPC04146
PAT_01672,IPC03117
PAT_01672,IPC04145
PAT_01673,IPC02998
PAT_01673,IPC03125
PAT_01673,IPC00368
PAT_01673,IPC02997
PAT_01673,IPC03281
PAT_01674,IPC03885
PAT_01674,IPC03031
PAT_01674,IPC02924
PAT_01674,IPC03881
PAT_01674,IPC03002
PAT_01675,IPC00435
PAT_01675,IPC00260
PAT_01675,IPC00262
PAT_01675,IPC00866
PAT_01675,IPC00263
PAT_01676,IPC01143
PAT_01676,IPC02297
PAT_01676,IPC04244
PAT_01676,IPC01069
PAT_01676,IPC02300
PAT_01677,IPC03280
PAT_01677,IPC03450
PAT_01677,IPC00243
PAT_01677,IPC01300
PAT_01677,IPC01301
PAT_01678,IPC03118
PAT_01678,IPC03064
PAT_01678,IPC04142
PAT_01678,IPC03271
PAT_01678,IPC03303
PAT_01679,IPC01655
PAT_01679,IPC01696
PAT_01679,IPC01653
PAT_01679,IPC01654
PAT_01679,IPC01162
PAT_01680,IPC03298
PAT_01680,IPC03219
PAT_01680,IPC03212
PAT_01680,IPC02741
PAT_01680,IPC03321
PAT_01681,IPC03264
PAT_01681,IPC03207
PAT_01681,IPC03263
PAT_01681,IPC03201
PAT_01681,IPC03257
PAT_01682,IPC00948
PAT_01682,IPC00941
PAT_01682,IPC00940
PAT_01682,IPC00945
PAT_01682,IPC00947
PAT_01683,IPC04289
PAT_01683,IPC04287
PAT_01683,IPC04285
PAT_01683,IPC04267
PAT_01683,IPC03212
PAT_01684,IPC00368
PAT_01684,IPC00378
PAT_01684,IPC00391
PAT_01684,IPC00371
PAT_01684,IPC00410
PAT_01685,IPC00756
PAT_01685,IPC00755
PAT_01685,IPC00754
PAT_01685,IPC00960
PAT_01685,IPC00966
PAT_01686,IPC00292
PAT_01686,IPC00293
PAT_01686,IPC00291
PAT_01686,IPC00290
PAT_01686,IPC00312
PAT_01687,IPC03336
PAT_01687,IPC03212
PAT_01687,IPC03280
PAT_01687,IPC03339
PAT_01687,IPC03341
PAT_01688,IPC01303
PAT_01688,IPC01302
PAT_01688,IPC03438
PAT_01688,IPC03190
PAT_01688,IPC03426
PAT_01689,IPC03544
PAT_01689,IPC03207
PAT_01689,IPC03549
PAT_01689,IPC03185
PAT_01689,IPC03219
PAT_01690,IPC03239
PAT_01690,IPC03207
PAT_01690,IPC03236
PAT_01690,IPC03540
PAT_01691,IPC03731
PAT_01691,IPC03735
PAT_01691,IPC03782
PAT_01691,IPC03876
PAT_01691,IPC03859
PAT_01692,IPC03403
PAT_01692,IPC03282
PAT_01692,IPC02785
PAT_01692,IPC03957
PAT_01692,IPC03411
PAT_01693,IPC00409
PAT_01693,IPC00395
PAT_01693,IPC00400
PAT_01693,IPC03549
PAT_01693,IPC03228
PAT_01694,IPC03280
PAT_01694,IPC04133
PAT_01694,IPC04132
PAT_01694,IPC04279
PAT_01694,IPC03207
PAT_01695,IPC01001
PAT_01695,IPC01657
PAT_01695,IPC00994
PAT_01695,IPC01671
PAT_01695,IPC00121
PAT_01696,IPC01001
PAT_01696,IPC00994
PAT_01696,IPC01657
PAT_01696,IPC01671
PAT_01696,IPC00997
PAT_01697,IPC03013
PAT_01697,IPC01138
PAT_01697,IPC01143
PAT_01697,IPC00595
PAT_01697,IPC01137
PAT_01698,IPC00847
PAT_01698,IPC00845
PAT_01698,IPC02597
PAT_01698,IPC01924
PAT_01698,IPC00120
PAT_01699,IPC03676
PAT_01699,IPC03675
PAT_01699,IPC03664
PAT_01699,IPC02760
PAT_01699,IPC03680
PAT_01700,IPC03280
PAT_01700,IPC03161
PAT_01700,IPC03207
PAT_01700,IPC03117
PAT_01700,IPC03487
PAT_01701,IPC03161
PAT_01701,IPC03162
PAT_01701,IPC04100
PAT_01701,IPC03347
PAT_01701,IPC03257
PAT_01702,IPC03219
PAT_01702,IPC03270
PAT_01702,IPC00391
PAT_01702,IPC03161
PAT_01702,IPC03212
PAT_01703,IPC03254
PAT_01703,IPC03256
PAT_01703,IPC03117
PAT_01703,IPC03268
PAT_01703,IPC04148
PAT_01704,IPC00368
PAT_01704,IPC00887
PAT_01704,IPC03539
PAT_01704,IPC00895
PAT_01704,IPC03549
PAT_01705,IPC03549
PAT_01705,IPC03550
PAT_01705,IPC03533
PAT_01705,IPC03227
PAT_01705,IPC03552
PAT_01706,IPC01388
PAT_01706,IPC00214
PAT_01706,IPC00215
PAT_01706,IPC01384
PAT_01706,IPC01386
PAT_01707,IPC00178
PAT_01707,IPC00159
PAT_01707,IPC00702
PAT_01707,IPC00704
PAT_01708,IPC03242
PAT_01708,IPC01560
PAT_01708,IPC01563
PAT_01709,IPC00385
PAT_01709,IPC03377
PAT_01709,IPC03391
PAT_01709,IPC00380
PAT_01709,IPC02642
PAT_01710,IPC03431
PAT_01710,IPC03485
PAT_01710,IPC03487
PAT_01710,IPC03135
PAT_01710,IPC03449
PAT_01711,IPC04269
PAT_01711,IPC04297
PAT_01711,IPC04292
PAT_01711,IPC04294
PAT_01711,IPC03122
PAT_01712,IPC02871
PAT_01712,IPC02880
PAT_01713,IPC00280
PAT_01713,IPC00286
PAT_01713,IPC02971
PAT_01713,IPC03128
PAT_01713,IPC01373
PAT_01714,IPC03241
PAT_01714,IPC03227
PAT_01714,IPC03207
PAT_01714,IPC03387
PAT_01715,IPC00368
PAT_01715,IPC00386
PAT_01715,IPC00370
PAT_01715,IPC03381
PAT_01715,IPC04297
PAT_01716,IPC03273
PAT_01716,IPC03002
PAT_01716,IPC03236
PAT_01716,IPC02837
PAT_01716,IPC03032
PAT_01717,IPC03383
PAT_01717,IPC01322
PAT_01717,IPC00392
PAT_01717,IPC01423
PAT_01717,IPC03418
PAT_01718,IPC00327
PAT_01718,IPC01563
PAT_01718,IPC01560
PAT_01718,IPC04264
PAT_01718,IPC01070
PAT_01719,IPC01299
PAT_01719,IPC01306
PAT_01720,IPC00058
PAT_01720,IPC00057
PAT_01720,IPC00059
PAT_01720,IPC01752
PAT_01720,IPC01761
PAT_01721,IPC03280
PAT_01721,IPC03549
PAT_01721,IPC04123
PAT_01721,IPC03210
PAT_01721,IPC03043
PAT_01722,IPC00066
PAT_01722,IPC00065
PAT_01723,IPC01563
PAT_01723,IPC03282
PAT_01723,IPC03236
PAT_01723,IPC01560
PAT_01723,IPC01565
PAT_01724,IPC02802
PAT_01724,IPC03529
PAT_01724,IPC02734
PAT_01724,IPC02805
PAT_01724,IPC02814
PAT_01725,IPC03257
PAT_01725,IPC03161
PAT_01725,IPC03270
PAT_01725,IPC03236
PAT_01725,IPC03207
PAT_01726,IPC00370
PAT_01726,IPC03125
PAT_01726,IPC00771
PAT_01726,IPC00772
PAT_01727,IPC00368
PAT_01727,IPC00370
PAT_01727,IPC03549
PAT_01728,IPC00368
PAT_01728,IPC00370
PAT_01728,IPC03549
PAT_01729,IPC00132
PAT_01729,IPC00078
PAT_01729,IPC00176
PAT_01729,IPC02788
PAT_01729,IPC00134
PAT_01730,IPC03716
PAT_01730,IPC03718
PAT_01730,IPC03661
PAT_01730,IPC02223
PAT_01730,IPC03968
PAT_01731,IPC03718
PAT_01731,IPC03716
PAT_01731,IPC03674
PAT_01731,IPC01976
PAT_01731,IPC01910
PAT_01732,IPC00999
PAT_01732,IPC01605
PAT_01732,IPC01005
PAT_01732,IPC01606
PAT_01732,IPC03777
PAT_01733,IPC00514
PAT_01733,IPC02924
PAT_01733,IPC03125
PAT_01733,IPC03431
PAT_01733,IPC02882
PAT_01734,IPC02516
PAT_01734,IPC02517
PAT_01734,IPC03965
PAT_01735,IPC02657
PAT_01735,IPC04149
PAT_01735,IPC00512
PAT_01735,IPC00521
PAT_01735,IPC01544
PAT_01736,IPC00368
PAT_01736,IPC03550
PAT_01736,IPC03545
PAT_01736,IPC00369
PAT_01736,IPC00373
PAT_01736,IPC00370
PAT_01737,IPC00883
PAT_01737,IPC00891
PAT_01737,IPC00688
PAT_01737,IPC02236
PAT_01737,IPC00894
PAT_01738,IPC01752
PAT_01738,IPC00129
PAT_01738,IPC00040
PAT_01738,IPC00611
PAT_01738,IPC02039
PAT_01739,IPC04270
PAT_01739,IPC02302
PAT_01739,IPC02299
PAT_01739,IPC03282
PAT_01739,IPC04074
PAT_01740,IPC02339
PAT_01740,IPC00212
PAT_01740,IPC02960
PAT_01740,IPC01383
PAT_01740,IPC03382
PAT_01741,IPC02929
PAT_01741,IPC02931
PAT_01742,IPC02791
PAT_01742,IPC00092
PAT_01742,IPC02760
PAT_01742,IPC02753
PAT_01742,IPC02694
PAT_01743,IPC04133
PAT_01743,IPC04264
PAT_01743,IPC02295
PAT_01743,IPC02291
PAT_01743,IPC04126
PAT_01744,IPC02081
PAT_01744,IPC02133
PAT_01744,IPC01692
PAT_01744,IPC01684
PAT_01744,IPC02078
PAT_01745,IPC00368
PAT_01745,IPC03549
PAT_01745,IPC03533
PAT_01745,IPC03550
PAT_01745,IPC00407
PAT_01746,IPC04210
PAT_01746,IPC03478
PAT_01746,IPC03484
PAT_01746,IPC03485
PAT_01747,IPC00368
PAT_01747,IPC00370
PAT_01747,IPC00383
PAT_01747,IPC00386
PAT_01748,IPC04227
PAT_01748,IPC03491
PAT_01748,IPC04228
PAT_01748,IPC03475
PAT_01749,IPC03485
PAT_01749,IPC03487
PAT_01749,IPC04224
PAT_01749,IPC03482
PAT_01749,IPC03135
PAT_01750,IPC00999
PAT_01750,IPC03756
PAT_01750,IPC02066
PAT_01750,IPC01606
PAT_01750,IPC01905
PAT_01751,IPC03014
PAT_01751,IPC03547
PAT_01751,IPC04208
PAT_01751,IPC00429
PAT_01751,IPC03533
PAT_01752,IPC00055
PAT_01752,IPC00052
PAT_01752,IPC00054
PAT_01752,IPC00053
PAT_01752,IPC01949
PAT_01753,IPC02802
PAT_01753,IPC03528
PAT_01753,IPC03529
PAT_01753,IPC02805
PAT_01753,IPC03240
PAT_01754,IPC02657
PAT_01754,IPC04149
PAT_01754,IPC00512
PAT_01754,IPC00521
PAT_01754,IPC00259
PAT_01755,IPC00075
PAT_01755,IPC00077
PAT_01755,IPC01126
PAT_01755,IPC00072
PAT_01755,IPC01397
PAT_01756,IPC00907
PAT_01757,IPC03207
PAT_01757,IPC03227
PAT_01757,IPC03212
PAT_01757,IPC03219
PAT_01757,IPC03271
PAT_01758,IPC00617
PAT_01758,IPC00701
PAT_01758,IPC00188
PAT_01758,IPC00811
PAT_01758,IPC00847
PAT_01759,IPC00833
PAT_01759,IPC02784
PAT_01759,IPC02738
PAT_01759,IPC01676
PAT_01759,IPC00830
PAT_01760,IPC01787
PAT_01760,IPC00526
PAT_01760,IPC00544
PAT_01760,IPC01812
PAT_01760,IPC01801
PAT_01760,IPC00543
PAT_01760,IPC01800
PAT_01760,IPC01820
PAT_01761,IPC01143
PAT_01761,IPC01140
PAT_01761,IPC01568
PAT_01761,IPC01118
PAT_01761,IPC00321
PAT_01762,IPC03396
PAT_01762,IPC04077
PAT_01762,IPC04257
PAT_01762,IPC04262
PAT_01762,IPC03369
PAT_01763,IPC03044
PAT_01763,IPC03169
PAT_01763,IPC03226
PAT_01763,IPC03161
PAT_01763,IPC03040
PAT_01764,IPC03236
PAT_01764,IPC03240
PAT_01764,IPC03207
PAT_01764,IPC00368
PAT_01764,IPC04257
PAT_01765,IPC03219
PAT_01765,IPC03212
PAT_01765,IPC03273
PAT_01765,IPC03236
PAT_01765,IPC03234
PAT_01766,IPC00368
PAT_01766,IPC00371
PAT_01766,IPC03054
PAT_01766,IPC03545
PAT_01766,IPC03881
PAT_01766,IPC04264
PAT_01767,IPC04246
PAT_01767,IPC04287
PAT_01767,IPC04277
PAT_01767,IPC04033
PAT_01767,IPC04286
PAT_01768,IPC04279
PAT_01768,IPC04137
PAT_01768,IPC04290
PAT_01768,IPC04134
PAT_01768,IPC04128
PAT_01769,IPC02660
PAT_01769,IPC00246
PAT_01769,IPC01514
PAT_01769,IPC02921
PAT_01769,IPC00245
PAT_01770,IPC02924
PAT_01770,IPC00064
PAT_01770,IPC00040
PAT_01770,IPC00071
PAT_01770,IPC03240
PAT_01771,IPC03484
PAT_01771,IPC03155
PAT_01771,IPC03480
PAT_01771,IPC03429
PAT_01771,IPC03073
PAT_01772,IPC03088
PAT_01772,IPC03147
PAT_01772,IPC01143
PAT_01772,IPC03172
PAT_01772,IPC03182
PAT_01773,IPC02754
PAT_01773,IPC02181
PAT_01773,IPC02137
PAT_01773,IPC01605
PAT_01773,IPC03777
PAT_01774,IPC01348
PAT_01774,IPC01349
PAT_01774,IPC03000
PAT_01774,IPC03022
PAT_01774,IPC03023
PAT_01774,IPC03860
PAT_01774,IPC03867
PAT_01774,IPC03918
PAT_01775,IPC00854
PAT_01775,IPC00845
PAT_01775,IPC02911
PAT_01775,IPC03688
PAT_01775,IPC03924
PAT_01776,IPC03257
PAT_01776,IPC03173
PAT_01776,IPC03066
PAT_01776,IPC03174
PAT_01776,IPC03207
PAT_01777,IPC03111
PAT_01777,IPC04147
PAT_01777,IPC03110
PAT_01777,IPC03207
PAT_01777,IPC04235
PAT_01778,IPC03431
PAT_01778,IPC00514
PAT_01778,IPC00493
PAT_01778,IPC03400
PAT_01778,IPC02881
PAT_01779,IPC03539
PAT_01779,IPC03550
PAT_01779,IPC03540
PAT_01779,IPC00294
PAT_01779,IPC03426
PAT_01780,IPC03207
PAT_01780,IPC04133
PAT_01780,IPC03201
PAT_01780,IPC04268
PAT_01780,IPC03549
PAT_01781,IPC00368
PAT_01781,IPC00370
PAT_01781,IPC03547
PAT_01781,IPC00385
PAT_01781,IPC03549
PAT_01782,IPC03680
PAT_01782,IPC03675
PAT_01782,IPC03715
PAT_01782,IPC01601
PAT_01782,IPC03665
PAT_01783,IPC03431
PAT_01783,IPC00514
PAT_01783,IPC00493
PAT_01783,IPC03485
PAT_01783,IPC02890
PAT_01784,IPC02996
PAT_01784,IPC02992
PAT_01784,IPC02994
PAT_01784,IPC00762
PAT_01784,IPC02993
PAT_01785,IPC04171
PAT_01785,IPC04173
PAT_01785,IPC04172
PAT_01785,IPC04180
PAT_01785,IPC04181
PAT_01786,IPC02985
PAT_01786,IPC03465
PAT_01786,IPC04139
PAT_01786,IPC03127
PAT_01786,IPC01298
PAT_01787,IPC03350
PAT_01787,IPC03111
PAT_01787,IPC03355
PAT_01787,IPC03282
PAT_01787,IPC03192
PAT_01788,IPC03417
PAT_01788,IPC00368
PAT_01788,IPC04137
PAT_01788,IPC03401
PAT_01788,IPC03411
PAT_01789,IPC03223
PAT_01789,IPC03111
PAT_01789,IPC00863
PAT_01789,IPC00703
PAT_01789,IPC03280
PAT_01790,IPC01181
PAT_01790,IPC00190
PAT_01790,IPC00184
PAT_01790,IPC02683
PAT_01790,IPC00186
PAT_01791,IPC02345
PAT_01791,IPC01706
PAT_01791,IPC01728
PAT_01791,IPC01027
PAT_01791,IPC01026
PAT_01792,IPC02796
PAT_01792,IPC00761
PAT_01792,IPC04133
PAT_01792,IPC01158
PAT_01792,IPC02749
PAT_01793,IPC00386
PAT_01793,IPC02626
PAT_01793,IPC01305
PAT_01793,IPC01303
PAT_01793,IPC03291
PAT_01794,IPC04218
PAT_01794,IPC03378
PAT_01794,IPC03377
PAT_01794,IPC03379
PAT_01794,IPC03393
PAT_01795,IPC03899
PAT_01795,IPC02058
PAT_01795,IPC00084
PAT_01795,IPC01276
PAT_01795,IPC03502
PAT_01796,IPC02401
PAT_01796,IPC02405
PAT_01796,IPC02090
PAT_01796,IPC02385
PAT_01796,IPC02402
PAT_01797,IPC03127
PAT_01797,IPC03124
PAT_01797,IPC03108
PAT_01797,IPC04261
PAT_01798,IPC00365
PAT_01798,IPC01472
PAT_01798,IPC02883
PAT_01798,IPC03369
PAT_01798,IPC04218
PAT_01799,IPC00368
PAT_01799,IPC00294
PAT_01799,IPC03273
PAT_01799,IPC03547
PAT_01799,IPC00760
PAT_01800,IPC03381
PAT_01800,IPC03390
PAT_01800,IPC04158
PAT_01800,IPC04270
PAT_01800,IPC04291
PAT_01801,IPC03563
PAT_01801,IPC03136
PAT_01801,IPC04281
PAT_01801,IPC01037
PAT_01801,IPC02341
PAT_01802,IPC00368
PAT_01802,IPC00370
PAT_01802,IPC00383
PAT_01803,IPC00522
PAT_01803,IPC00521
PAT_01803,IPC00519
PAT_01803,IPC03536
PAT_01803,IPC03359
PAT_01804,IPC00620
PAT_01804,IPC00289
PAT_01804,IPC01581
PAT_01804,IPC01558
PAT_01804,IPC00602
PAT_01805,IPC00909
PAT_01805,IPC00907
PAT_01805,IPC00912
PAT_01805,IPC01311
PAT_01805,IPC00911
PAT_01806,IPC00852
PAT_01806,IPC00625
PAT_01806,IPC00845
PAT_01806,IPC00856
PAT_01806,IPC03627
PAT_01807,IPC01940
PAT_01807,IPC02784
PAT_01807,IPC01989
PAT_01807,IPC01909
PAT_01807,IPC02141
PAT_01808,IPC02933
PAT_01808,IPC02966
PAT_01808,IPC04054
PAT_01808,IPC04055
PAT_01808,IPC04040
PAT_01809,IPC03649
PAT_01809,IPC04140
PAT_01809,IPC04123
PAT_01809,IPC04127
PAT_01809,IPC04194
PAT_01810,IPC00002
PAT_01810,IPC00068
PAT_01810,IPC01846
PAT_01810,IPC02142
PAT_01810,IPC03271
PAT_01811,IPC00155
PAT_01811,IPC00157
PAT_01811,IPC00158
PAT_01811,IPC00159
PAT_01811,IPC00855
PAT_01812,IPC03403
PAT_01812,IPC03406
PAT_01812,IPC04143
PAT_01812,IPC04103
PAT_01813,IPC03074
PAT_01813,IPC03224
PAT_01813,IPC03226
PAT_01813,IPC03207
PAT_01813,IPC03857
PAT_01814,IPC03555
PAT_01814,IPC03801
PAT_01814,IPC04142
PAT_01814,IPC04133
PAT_01814,IPC04268
PAT_01815,IPC00971
PAT_01815,IPC03065
PAT_01815,IPC03110
PAT_01815,IPC03117
PAT_01815,IPC03223
PAT_01816,IPC03028
PAT_01816,IPC03117
PAT_01816,IPC03293
PAT_01816,IPC04269
PAT_01816,IPC04235
PAT_01817,IPC03210
PAT_01817,IPC03212
PAT_01817,IPC03219
PAT_01817,IPC03229
PAT_01817,IPC03300
PAT_01818,IPC01325
PAT_01818,IPC01327
PAT_01818,IPC01341
PAT_01818,IPC01416
PAT_01818,IPC01417
PAT_01819,IPC00917
PAT_01819,IPC02337
PAT_01819,IPC03449
PAT_01819,IPC03470
PAT_01819,IPC04161
PAT_01820,IPC00511
PAT_01820,IPC00914
PAT_01820,IPC01372
PAT_01820,IPC03546
PAT_01820,IPC04119
PAT_01821,IPC00386
PAT_01821,IPC01607
PAT_01821,IPC02753
PAT_01821,IPC02754
PAT_01821,IPC02805
PAT_01822,IPC03722
PAT_01822,IPC03597
PAT_01822,IPC03789
PAT_01823,IPC03865
PAT_01823,IPC03236
PAT_01823,IPC02845
PAT_01823,IPC03273
PAT_01823,IPC02833
PAT_01824,IPC03352
PAT_01824,IPC04234
PAT_01824,IPC00386
PAT_01824,IPC03254
PAT_01824,IPC02331
PAT_01825,IPC00385
PAT_01825,IPC00424
PAT_01826,IPC02573
PAT_01826,IPC02926
PAT_01826,IPC03819
PAT_01826,IPC03868
PAT_01826,IPC01935
PAT_01827,IPC00368
PAT_01827,IPC00386
PAT_01827,IPC03134
PAT_01827,IPC03294
PAT_01827,IPC02936
PAT_01828,IPC03349
PAT_01828,IPC03195
PAT_01828,IPC03348
PAT_01828,IPC03403
PAT_01828,IPC02636
PAT_01829,IPC00370
PAT_01829,IPC00843
PAT_01829,IPC03551
PAT_01829,IPC03531
PAT_01830,IPC02753
PAT_01830,IPC02140
PAT_01830,IPC02754
PAT_01830,IPC02764
PAT_01830,IPC01102
PAT_01831,IPC00999
PAT_01831,IPC01677
PAT_01831,IPC01605
PAT_01831,IPC01638
PAT_01831,IPC01657
PAT_01832,IPC03240
PAT_01832,IPC04075
PAT_01832,IPC03226
PAT_01832,IPC03062
PAT_01832,IPC03066
PAT_01833,IPC00613
PAT_01833,IPC00622
PAT_01833,IPC00610
PAT_01833,IPC00188
PAT_01834,IPC03876
PAT_01834,IPC01353
PAT_01834,IPC01345
PAT_01834,IPC01352
PAT_01834,IPC01359
PAT_01835,IPC02464
PAT_01835,IPC00225
PAT_01835,IPC02463
PAT_01835,IPC01938
PAT_01835,IPC00781
PAT_01836,IPC00061
PAT_01836,IPC00069
PAT_01836,IPC02960
PAT_01836,IPC03695
PAT_01836,IPC00068
PAT_01837,IPC02784
PAT_01837,IPC02738
PAT_01837,IPC02792
PAT_01837,IPC02723
PAT_01837,IPC01673
PAT_01838,IPC00300
PAT_01838,IPC00288
PAT_01838,IPC00302
PAT_01838,IPC00301
PAT_01838,IPC00299
PAT_01839,IPC01266
PAT_01839,IPC01189
PAT_01839,IPC01193
PAT_01839,IPC01198
PAT_01839,IPC02566
PAT_01840,IPC02081
PAT_01840,IPC02078
PAT_01840,IPC02080
PAT_01840,IPC02083
PAT_01840,IPC02079
PAT_01841,IPC04299
PAT_01841,IPC04033
PAT_01841,IPC04278
PAT_01841,IPC04241
PAT_01841,IPC04245
PAT_01842,IPC03170
PAT_01842,IPC03171
PAT_01842,IPC02849
PAT_01842,IPC03044
PAT_01842,IPC03176
PAT_01843,IPC03014
PAT_01843,IPC00328
PAT_01843,IPC00326
PAT_01843,IPC00320
PAT_01843,IPC00327
PAT_01844,IPC00091
PAT_01844,IPC00092
PAT_01844,IPC03298
PAT_01844,IPC00093
PAT_01844,IPC01143
PAT_01845,IPC03382
PAT_01845,IPC00279
PAT_01845,IPC00483
PAT_01845,IPC01385
PAT_01845,IPC00284
PAT_01846,IPC03540
PAT_01846,IPC00187
PAT_01846,IPC00621
PAT_01846,IPC00195
PAT_01846,IPC00146
PAT_01847,IPC01662
PAT_01847,IPC00953
PAT_01847,IPC01653
PAT_01847,IPC00007
PAT_01847,IPC02303
PAT_01848,IPC00285
PAT_01848,IPC00283
PAT_01848,IPC00486
PAT_01848,IPC00257
PAT_01848,IPC00284
PAT_01849,IPC03197
PAT_01849,IPC01499
PAT_01849,IPC03013
PAT_01849,IPC03403
PAT_01850,IPC03239
PAT_01850,IPC03236
PAT_01850,IPC03034
PAT_01850,IPC04222
PAT_01850,IPC02593
PAT_01851,IPC00719
PAT_01851,IPC00720
PAT_01851,IPC00721
PAT_01851,IPC00717
PAT_01851,IPC00244
PAT_01852,IPC00368
PAT_01852,IPC00370
PAT_01852,IPC00781
PAT_01852,IPC00787
PAT_01853,IPC02162
PAT_01853,IPC02159
PAT_01853,IPC01605
PAT_01853,IPC02218
PAT_01853,IPC01073
PAT_01854,IPC01550
PAT_01854,IPC01558
PAT_01854,IPC01548
PAT_01854,IPC01591
PAT_01854,IPC02790
PAT_01855,IPC04269
PAT_01855,IPC00628
PAT_01855,IPC02801
PAT_01855,IPC04235
PAT_01855,IPC03381
PAT_01856,IPC00368
PAT_01856,IPC02351
PAT_01856,IPC02651
PAT_01856,IPC02676
PAT_01856,IPC01277
PAT_01857,IPC02738
PAT_01857,IPC02784
PAT_01857,IPC01675
PAT_01857,IPC02734
PAT_01857,IPC02811
PAT_01858,IPC01009
PAT_01858,IPC01297
PAT_01858,IPC02813
PAT_01858,IPC02762
PAT_01858,IPC02815
PAT_01859,IPC00924
PAT_01859,IPC00923
PAT_01859,IPC00926
PAT_01859,IPC02783
PAT_01859,IPC04149
PAT_01860,IPC02953
PAT_01860,IPC02952
PAT_01860,IPC02949
PAT_01860,IPC04042
PAT_01860,IPC02941
PAT_01861,IPC03236
PAT_01861,IPC00368
PAT_01861,IPC03240
PAT_01861,IPC03426
PAT_01861,IPC03550
PAT_01862,IPC04269
PAT_01862,IPC00368
PAT_01862,IPC04033
PAT_01862,IPC03400
PAT_01862,IPC02463
PAT_01863,IPC03391
PAT_01863,IPC03383
PAT_01863,IPC02897
PAT_01863,IPC00368
PAT_01863,IPC03390
PAT_01864,IPC02463
PAT_01864,IPC03191
PAT_01864,IPC02464
PAT_01864,IPC03904
PAT_01864,IPC02559
PAT_01865,IPC00677
PAT_01865,IPC02474
PAT_01865,IPC02235
PAT_01865,IPC01284
PAT_01865,IPC01144
PAT_01866,IPC02760
PAT_01866,IPC02404
PAT_01866,IPC03640
PAT_01866,IPC01661
PAT_01866,IPC02428
PAT_01867,IPC02715
PAT_01867,IPC02702
PAT_01867,IPC02022
PAT_01867,IPC02983
PAT_01867,IPC01044
PAT_01868,IPC02268
PAT_01868,IPC00890
PAT_01868,IPC03083
PAT_01868,IPC02269
PAT_01868,IPC02267
PAT_01869,IPC03281
PAT_01869,IPC03536
PAT_01869,IPC03359
PAT_01869,IPC00521
PAT_01869,IPC03268
PAT_01870,IPC00514
PAT_01870,IPC02936
PAT_01870,IPC02959
PAT_01870,IPC03197
PAT_01870,IPC03310
PAT_01871,IPC03336
PAT_01871,IPC03424
PAT_01871,IPC03449
PAT_01871,IPC03340
PAT_01871,IPC03197
PAT_01872,IPC03011
PAT_01872,IPC03002
PAT_01872,IPC04075
PAT_01872,IPC04077
PAT_01872,IPC04082
PAT_01873,IPC04192
PAT_01873,IPC03132
PAT_01873,IPC03533
PAT_01873,IPC03131
PAT_01873,IPC03153
PAT_01874,IPC00368
PAT_01874,IPC03207
PAT_01874,IPC00385
PAT_01874,IPC00391
PAT_01874,IPC00383
PAT_01875,IPC01976
PAT_01875,IPC01222
PAT_01875,IPC01259
PAT_01875,IPC01247
PAT_01875,IPC01995
PAT_01876,IPC00423
PAT_01876,IPC03487
PAT_01876,IPC03533
PAT_01876,IPC03534
PAT_01876,IPC00422
PAT_01877,IPC03209
PAT_01877,IPC03161
PAT_01877,IPC03328
PAT_01877,IPC00077
PAT_01877,IPC03495
PAT_01878,IPC03330
PAT_01878,IPC03397
PAT_01878,IPC03324
PAT_01878,IPC03214
PAT_01878,IPC03213
PAT_01878,IPC03219
PAT_01878,IPC03209
PAT_01879,IPC03186
PAT_01879,IPC04113
PAT_01879,IPC03207
PAT_01880,IPC03549
PAT_01880,IPC00368
PAT_01880,IPC03541
PAT_01880,IPC03550
PAT_01880,IPC03552
PAT_01880,IPC03214
PAT_01880,IPC03219
PAT_01880,IPC03213
PAT_01881,IPC01745
PAT_01881,IPC01729
PAT_01881,IPC01710
PAT_01882,IPC02875
PAT_01882,IPC02870
PAT_01882,IPC03058
PAT_01882,IPC00214
PAT_01882,IPC00876
PAT_01883,IPC02594
PAT_01883,IPC03239
PAT_01883,IPC01557
PAT_01883,IPC00313
PAT_01883,IPC04296
PAT_01884,IPC03219
PAT_01884,IPC03212
PAT_01884,IPC03099
PAT_01885,IPC03125
PAT_01885,IPC03347
PAT_01885,IPC03343
PAT_01885,IPC03127
PAT_01885,IPC04186
PAT_01886,IPC00501
PAT_01886,IPC03125
PAT_01886,IPC00368
PAT_01886,IPC00385
PAT_01886,IPC00482
PAT_01887,IPC03458
PAT_01887,IPC00179
PAT_01887,IPC00869
PAT_01887,IPC03256
PAT_01887,IPC00683
PAT_01888,IPC01499
PAT_01888,IPC00114
PAT_01888,IPC03271
PAT_01888,IPC03236
PAT_01888,IPC03419
PAT_01889,IPC03427
PAT_01889,IPC03486
PAT_01889,IPC03492
PAT_01889,IPC03317
PAT_01889,IPC03347
PAT_01889,IPC03539
PAT_01890,IPC02633
PAT_01890,IPC02901
PAT_01890,IPC04257
PAT_01890,IPC04240
PAT_01891,IPC03267
PAT_01891,IPC03266
PAT_01891,IPC03540
PAT_01891,IPC03083
PAT_01891,IPC03273
PAT_01892,IPC03487
PAT_01892,IPC03431
PAT_01892,IPC03155
PAT_01892,IPC00368
PAT_01892,IPC03484
PAT_01893,IPC03344
PAT_01893,IPC03347
PAT_01893,IPC03215
PAT_01893,IPC03216
PAT_01893,IPC03495
PAT_01893,IPC03496
PAT_01893,IPC03105
PAT_01894,IPC00030
PAT_01894,IPC00031
PAT_01894,IPC01145
PAT_01895,IPC02354
PAT_01895,IPC02558
PAT_01895,IPC02848
PAT_01895,IPC02826
PAT_01895,IPC04019
PAT_01896,IPC00384
PAT_01896,IPC00475
PAT_01896,IPC00469
PAT_01896,IPC00465
PAT_01896,IPC01273
PAT_01897,IPC03244
PAT_01897,IPC03253
PAT_01897,IPC03254
PAT_01897,IPC01404
PAT_01897,IPC04154
PAT_01898,IPC00167
PAT_01898,IPC02128
PAT_01898,IPC01605
PAT_01898,IPC02160
PAT_01898,IPC01995
PAT_01899,IPC03219
PAT_01899,IPC03212
PAT_01899,IPC03207
PAT_01899,IPC03161
PAT_01899,IPC03322
PAT_01900,IPC03543
PAT_01900,IPC03096
PAT_01900,IPC03542
PAT_01900,IPC03078
PAT_01900,IPC03552
PAT_01901,IPC03449
PAT_01901,IPC03428
PAT_01901,IPC03485
PAT_01901,IPC03207
PAT_01901,IPC03219
PAT_01902,IPC04143
PAT_01902,IPC04142
PAT_01902,IPC04147
PAT_01902,IPC03203
PAT_01902,IPC04148
PAT_01903,IPC04095
PAT_01903,IPC03115
PAT_01903,IPC03113
PAT_01903,IPC03114
PAT_01903,IPC03084
PAT_01904,IPC00474
PAT_01904,IPC00476
PAT_01904,IPC00475
PAT_01904,IPC00473
PAT_01904,IPC00469
PAT_01905,IPC03533
PAT_01905,IPC03487
PAT_01905,IPC03485
PAT_01905,IPC03544
PAT_01905,IPC03549
PAT_01906,IPC03468
PAT_01906,IPC03467
PAT_01906,IPC03469
PAT_01906,IPC02532
PAT_01906,IPC01766
PAT_01907,IPC03422
PAT_01907,IPC03423
PAT_01907,IPC04310
PAT_01907,IPC01275
PAT_01907,IPC03890
PAT_01908,IPC01580
PAT_01908,IPC01473
PAT_01908,IPC00281
PAT_01908,IPC01576
PAT_01908,IPC01577
PAT_01909,IPC02753
PAT_01909,IPC00368
PAT_01909,IPC02754
PAT_01909,IPC00386
PAT_01909,IPC02805
PAT_01910,IPC03547
PAT_01910,IPC00521
PAT_01910,IPC03536
PAT_01910,IPC03537
PAT_01910,IPC00522
PAT_01911,IPC03240
PAT_01911,IPC03161
PAT_01911,IPC04125
PAT_01911,IPC03219
PAT_01911,IPC03257
PAT_01912,IPC03260
PAT_01912,IPC03226
PAT_01912,IPC04298
PAT_01912,IPC01248
PAT_01912,IPC01231
PAT_01913,IPC03207
PAT_01913,IPC03209
PAT_01913,IPC03227
PAT_01913,IPC03552
PAT_01913,IPC03219
PAT_01914,IPC00233
PAT_01914,IPC02885
PAT_01914,IPC04147
PAT_01914,IPC03426
PAT_01914,IPC00887
PAT_01915,IPC03128
PAT_01915,IPC03063
PAT_01915,IPC03207
PAT_01915,IPC03103
PAT_01916,IPC04148
PAT_01916,IPC04247
PAT_01916,IPC03173
PAT_01916,IPC04129
PAT_01916,IPC03248
PAT_01917,IPC00368
PAT_01917,IPC00370
PAT_01917,IPC03104
PAT_01917,IPC00386
PAT_01917,IPC03549
PAT_01918,IPC00368
PAT_01918,IPC00370
PAT_01918,IPC04119
PAT_01918,IPC00391
PAT_01919,IPC00368
PAT_01919,IPC03550
PAT_01919,IPC03549
PAT_01919,IPC03541
PAT_01919,IPC04296
PAT_01920,IPC03297
PAT_01920,IPC04198
PAT_01920,IPC03292
PAT_01920,IPC03212
PAT_01920,IPC03161
PAT_01921,IPC03403
PAT_01921,IPC03219
PAT_01921,IPC03324
PAT_01921,IPC03319
PAT_01921,IPC03304
PAT_01922,IPC04148
PAT_01922,IPC03115
PAT_01922,IPC03207
PAT_01922,IPC03113
PAT_01922,IPC03212
PAT_01923,IPC03471
PAT_01923,IPC03472
PAT_01923,IPC03161
PAT_01923,IPC03207
PAT_01923,IPC03473
PAT_01924,IPC03043
PAT_01924,IPC03217
PAT_01924,IPC03212
PAT_01924,IPC03186
PAT_01924,IPC04257
PAT_01925,IPC03186
PAT_01925,IPC04269
PAT_01925,IPC04131
PAT_01925,IPC04114
PAT_01925,IPC04132
PAT_01926,IPC04195
PAT_01926,IPC03501
PAT_01926,IPC04197
PAT_01926,IPC04188
PAT_01926,IPC04187
PAT_01927,IPC03367
PAT_01927,IPC03250
PAT_01927,IPC00365
PAT_01927,IPC04177
PAT_01927,IPC00429
PAT_01928,IPC03207
PAT_01928,IPC04119
PAT_01928,IPC00403
PAT_01928,IPC03091
PAT_01928,IPC04148
PAT_01929,IPC04141
PAT_01929,IPC04147
PAT_01929,IPC03259
PAT_01929,IPC03245
PAT_01929,IPC03254
PAT_01930,IPC04147
PAT_01930,IPC03336
PAT_01930,IPC03339
PAT_01930,IPC03535
PAT_01930,IPC03537
PAT_01931,IPC03485
PAT_01931,IPC03135
PAT_01931,IPC03292
PAT_01931,IPC03487
PAT_01931,IPC03212
PAT_01932,IPC03125
PAT_01932,IPC03293
PAT_01932,IPC03442
PAT_01932,IPC03454
PAT_01932,IPC00906
PAT_01933,IPC00887
PAT_01933,IPC00895
PAT_01933,IPC03539
PAT_01933,IPC03310
PAT_01933,IPC04191
PAT_01934,IPC00195
PAT_01934,IPC00681
PAT_01934,IPC01663
PAT_01934,IPC01210
PAT_01934,IPC00930
PAT_01935,IPC03431
PAT_01935,IPC00514
PAT_01935,IPC04193
PAT_01935,IPC00455
PAT_01935,IPC03207
PAT_01936,IPC02801
PAT_01936,IPC02747
PAT_01936,IPC02809
PAT_01936,IPC00390
PAT_01936,IPC02804
PAT_01936,IPC00630
PAT_01936,IPC03545
PAT_01937,IPC03232
PAT_01937,IPC03182
PAT_01937,IPC03236
PAT_01937,IPC03081
PAT_01938,IPC04224
PAT_01938,IPC04207
PAT_01938,IPC03381
PAT_01938,IPC00514
PAT_01938,IPC00335
PAT_01939,IPC00106
PAT_01939,IPC00175
PAT_01939,IPC00109
PAT_01939,IPC00094
PAT_01939,IPC01394
PAT_01940,IPC00114
PAT_01940,IPC01499
PAT_01940,IPC01037
PAT_01940,IPC00050
PAT_01940,IPC01501
PAT_01941,IPC03257
PAT_01941,IPC03207
PAT_01941,IPC03264
PAT_01941,IPC03260
PAT_01941,IPC03224
PAT_01942,IPC03280
PAT_01942,IPC04262
PAT_01942,IPC03187
PAT_01942,IPC03175
PAT_01942,IPC03186
PAT_01943,IPC03025
PAT_01943,IPC03125
PAT_01943,IPC03179
PAT_01943,IPC03293
PAT_01943,IPC03426
PAT_01944,IPC02633
PAT_01944,IPC02908
PAT_01944,IPC01126
PAT_01944,IPC02885
PAT_01944,IPC01137
PAT_01945,IPC03489
PAT_01945,IPC03149
PAT_01945,IPC03227
PAT_01945,IPC03304
PAT_01945,IPC03090
PAT_01946,IPC03125
PAT_01946,IPC03213
PAT_01946,IPC03333
PAT_01946,IPC03478
PAT_01947,IPC03264
PAT_01947,IPC03637
PAT_01947,IPC03257
PAT_01947,IPC03267
PAT_01947,IPC03614
PAT_01948,IPC04218
PAT_01948,IPC03369
PAT_01948,IPC04208
PAT_01948,IPC03219
PAT_01948,IPC03260
PAT_01949,IPC03201
PAT_01949,IPC03296
PAT_01949,IPC03219
PAT_01949,IPC03212
PAT_01949,IPC01381
PAT_01950,IPC04297
PAT_01950,IPC04269
PAT_01950,IPC03266
PAT_01950,IPC04238
PAT_01950,IPC03186
PAT_01951,IPC03212
PAT_01951,IPC03071
PAT_01951,IPC03260
PAT_01951,IPC03065
PAT_01952,IPC03212
PAT_01952,IPC03219
PAT_01952,IPC03431
PAT_01952,IPC03201
PAT_01952,IPC04183
PAT_01953,IPC03403
PAT_01953,IPC03406
PAT_01953,IPC04218
PAT_01953,IPC02902
PAT_01954,IPC01312
PAT_01954,IPC01313
PAT_01954,IPC04269
PAT_01954,IPC02409
PAT_01954,IPC03464
PAT_01955,IPC03161
PAT_01955,IPC03219
PAT_01955,IPC03160
PAT_01955,IPC03212
PAT_01955,IPC03207
PAT_01956,IPC03833
PAT_01956,IPC03807
PAT_01956,IPC03813
PAT_01956,IPC03814
PAT_01956,IPC00039
PAT_01957,IPC03533
PAT_01957,IPC03544
PAT_01957,IPC03281
PAT_01957,IPC03117
PAT_01957,IPC03547
PAT_01958,IPC03207
PAT_01958,IPC04095
PAT_01958,IPC03113
PAT_01958,IPC03219
PAT_01958,IPC04148
PAT_01959,IPC02411
PAT_01959,IPC03586
PAT_01959,IPC03589
PAT_01959,IPC02482
PAT_01959,IPC03850
PAT_01960,IPC01382
PAT_01960,IPC03318
PAT_01960,IPC03315
PAT_01960,IPC03337
PAT_01960,IPC03311
PAT_01961,IPC04324
PAT_01961,IPC03653
PAT_01961,IPC01259
PAT_01961,IPC01951
PAT_01961,IPC03567
PAT_01962,IPC04324
PAT_01962,IPC01937
PAT_01962,IPC01935
PAT_01962,IPC01927
PAT_01962,IPC02960
PAT_01963,IPC04324
PAT_01963,IPC01935
PAT_01963,IPC03653
PAT_01963,IPC03571
PAT_01963,IPC01937
PAT_01964,IPC01214
PAT_01964,IPC01174
PAT_01964,IPC01227
PAT_01964,IPC01921
PAT_01964,IPC01168
PAT_01965,IPC03143
PAT_01965,IPC00469
PAT_01965,IPC01265
PAT_01965,IPC00477
PAT_01965,IPC00474
PAT_01966,IPC00368
PAT_01966,IPC00416
PAT_01966,IPC02674
PAT_01966,IPC03125
PAT_01966,IPC00438
PAT_01967,IPC02575
PAT_01967,IPC00303
PAT_01967,IPC04349
PAT_01967,IPC01592
PAT_01967,IPC00304
PAT_01968,IPC01443
PAT_01968,IPC03400
PAT_01968,IPC01143
PAT_01968,IPC04199
PAT_01968,IPC01451
PAT_01969,IPC00506
PAT_01969,IPC00799
PAT_01969,IPC00484
PAT_01969,IPC00489
PAT_01969,IPC00797
PAT_01970,IPC00971
PAT_01970,IPC01806
PAT_01970,IPC03823
PAT_01970,IPC03824
PAT_01970,IPC01273
PAT_01971,IPC00506
PAT_01971,IPC03125
PAT_01971,IPC01129
PAT_01971,IPC01139
PAT_01971,IPC01143
PAT_01972,IPC03207
PAT_01972,IPC03547
PAT_01972,IPC00077
PAT_01972,IPC00385
PAT_01972,IPC00074
PAT_01973,IPC01444
PAT_01973,IPC01143
PAT_01973,IPC00340
PAT_01973,IPC01126
PAT_01973,IPC01443
PAT_01974,IPC03325
PAT_01974,IPC03324
PAT_01974,IPC03207
PAT_01974,IPC01391
PAT_01974,IPC03100
PAT_01975,IPC03013
PAT_01975,IPC01499
PAT_01975,IPC03219
PAT_01975,IPC04218
PAT_01975,IPC03310
PAT_01976,IPC04349
PAT_01976,IPC04350
PAT_01976,IPC02376
PAT_01976,IPC02414
PAT_01976,IPC03023
PAT_01977,IPC03271
PAT_01977,IPC00051
PAT_01977,IPC02794
PAT_01977,IPC00002
PAT_01977,IPC03212
PAT_01978,IPC03013
PAT_01978,IPC01330
PAT_01978,IPC01451
PAT_01978,IPC01329
PAT_01978,IPC02636
PAT_01979,IPC03537
PAT_01979,IPC00522
PAT_01979,IPC00521
PAT_01979,IPC03533
PAT_01979,IPC00519
PAT_01980,IPC03903
PAT_01980,IPC02433
PAT_01980,IPC02434
PAT_01980,IPC02451
PAT_01980,IPC02498
PAT_01981,IPC01203
PAT_01981,IPC01575
PAT_01981,IPC02981
PAT_01981,IPC01279
PAT_01981,IPC00017
PAT_01982,IPC03790
PAT_01982,IPC03778
PAT_01982,IPC03788
PAT_01982,IPC01686
PAT_01982,IPC03789
PAT_01983,IPC00188
PAT_01983,IPC00539
PAT_01983,IPC00696
PAT_01983,IPC00701
PAT_01983,IPC00557
PAT_01984,IPC04003
PAT_01984,IPC02953
PAT_01984,IPC02945
PAT_01984,IPC02875
PAT_01985,IPC02945
PAT_01985,IPC04325
PAT_01985,IPC03509
PAT_01985,IPC03051
PAT_01986,IPC02091
PAT_01986,IPC01227
PAT_01986,IPC01992
PAT_01986,IPC01975
PAT_01986,IPC01890
PAT_01987,IPC01263
PAT_01987,IPC01264
PAT_01987,IPC01240
PAT_01987,IPC01248
PAT_01987,IPC01921
PAT_01987,IPC01244
PAT_01987,IPC01922
PAT_01987,IPC01935
PAT_01988,IPC00429
PAT_01988,IPC00340
PAT_01988,IPC01143
PAT_01988,IPC00365
PAT_01988,IPC00364
PAT_01989,IPC01240
PAT_01989,IPC01241
PAT_01989,IPC01243
PAT_01989,IPC01246
PAT_01989,IPC01236
PAT_01989,IPC01263
PAT_01989,IPC01264
PAT_01989,IPC01260
PAT_01990,IPC04143
PAT_01990,IPC04147
PAT_01990,IPC04148
PAT_01990,IPC04142
PAT_01990,IPC03116
PAT_01991,IPC01499
PAT_01991,IPC03013
PAT_01991,IPC01508
PAT_01991,IPC02907
PAT_01991,IPC01484
PAT_01992,IPC01214
PAT_01992,IPC01923
PAT_01992,IPC01949
PAT_01992,IPC01235
PAT_01992,IPC01264
PAT_01993,IPC03808
PAT_01993,IPC03802
PAT_01993,IPC03136
PAT_01993,IPC02843
PAT_01993,IPC03832
PAT_01994,IPC00030
PAT_01994,IPC03314
PAT_01994,IPC03327
PAT_01995,IPC03253
PAT_01995,IPC04311
PAT_01995,IPC03572
PAT_01995,IPC00357
PAT_01995,IPC03841
PAT_01996,IPC01618
PAT_01996,IPC00977
PAT_01997,IPC00036
PAT_01997,IPC00037
PAT_01998,IPC00819
PAT_01998,IPC03550
PAT_01998,IPC00385
PAT_01998,IPC00368
PAT_01998,IPC00528
PAT_01999,IPC01129
PAT_01999,IPC03684
PAT_01999,IPC01130
PAT_01999,IPC02356
PAT_01999,IPC03688
PAT_02000,IPC00971
PAT_02000,IPC01009
PAT_02000,IPC02078
PAT_02000,IPC00989
PAT_02000,IPC01008
PAT_02001,IPC03125
PAT_02001,IPC03128
PAT_02001,IPC03127
PAT_02001,IPC00340
PAT_02001,IPC01139
PAT_02002,IPC00368
PAT_02002,IPC00383
PAT_02002,IPC00370
PAT_02002,IPC00421
PAT_02002,IPC00385
PAT_02003,IPC00620
PAT_02003,IPC01214
PAT_02003,IPC01222
PAT_02003,IPC01256
PAT_02003,IPC01253
PAT_02004,IPC00888
PAT_02004,IPC00028
PAT_02005,IPC03207
PAT_02005,IPC03212
PAT_02005,IPC03201
PAT_02005,IPC03298
PAT_02005,IPC02807
PAT_02006,IPC01009
PAT_02006,IPC02932
PAT_02006,IPC03435
PAT_02006,IPC03454
PAT_02007,IPC03940
PAT_02007,IPC04225
PAT_02007,IPC04352
PAT_02007,IPC04353
PAT_02008,IPC04323
PAT_02008,IPC03647
PAT_02008,IPC03646
PAT_02008,IPC02397
PAT_02008,IPC02238
PAT_02009,IPC01605
PAT_02009,IPC01606
PAT_02009,IPC01648
PAT_02009,IPC01620
PAT_02010,IPC03215
PAT_02010,IPC03219
PAT_02010,IPC01426
PAT_02011,IPC03240
PAT_02011,IPC03280
PAT_02011,IPC03212
PAT_02011,IPC04129
PAT_02011,IPC04105
PAT_02012,IPC00385
PAT_02012,IPC04257
PAT_02012,IPC00883
PAT_02012,IPC00895
PAT_02012,IPC00887
PAT_02013,IPC03239
PAT_02013,IPC03212
PAT_02013,IPC04163
PAT_02013,IPC03219
PAT_02013,IPC03201
PAT_02014,IPC00365
PAT_02014,IPC04182
PAT_02014,IPC00096
PAT_02014,IPC03014
PAT_02014,IPC03013
PAT_02015,IPC03239
PAT_02015,IPC03260
PAT_02015,IPC04147
PAT_02015,IPC03236
PAT_02015,IPC03536
PAT_02016,IPC01110
PAT_02017,IPC03431
PAT_02017,IPC03432
PAT_02017,IPC03839
PAT_02017,IPC03125
PAT_02017,IPC01282
PAT_02018,IPC03125
PAT_02018,IPC02936
PAT_02018,IPC02935
PAT_02018,IPC00360
PAT_02018,IPC04182
PAT_02019,IPC00368
PAT_02019,IPC03342
PAT_02019,IPC03533
PAT_02019,IPC03547
PAT_02019,IPC04258
PAT_02020,IPC03431
PAT_02020,IPC03260
PAT_02020,IPC00514
PAT_02020,IPC03298
PAT_02020,IPC03076
PAT_02021,IPC01570
PAT_02021,IPC01571
PAT_02021,IPC01578
PAT_02021,IPC01579
PAT_02022,IPC01103
PAT_02023,IPC00221
PAT_02023,IPC00226
PAT_02023,IPC01450
PAT_02024,IPC01596
PAT_02024,IPC01597
PAT_02025,IPC01368
PAT_02025,IPC01161
PAT_02025,IPC02507
PAT_02025,IPC03802
PAT_02025,IPC00221
PAT_02026,IPC01322
PAT_02026,IPC00368
PAT_02026,IPC03383
PAT_02026,IPC03201
PAT_02026,IPC00392
PAT_02027,IPC00320
PAT_02027,IPC01279
PAT_02027,IPC01064
PAT_02027,IPC00319
PAT_02027,IPC03640
PAT_02028,IPC03802
PAT_02028,IPC03825
PAT_02028,IPC03810
PAT_02028,IPC02848
PAT_02028,IPC04119
PAT_02029,IPC00687
PAT_02029,IPC00845
PAT_02029,IPC00869
PAT_02029,IPC02071
PAT_02029,IPC00689
PAT_02030,IPC02653
PAT_02030,IPC02835
PAT_02030,IPC02353
PAT_02030,IPC02852
PAT_02031,IPC03660
PAT_02031,IPC01218
PAT_02031,IPC00347
PAT_02031,IPC01229
PAT_02031,IPC00773
PAT_02032,IPC00610
PAT_02032,IPC00188
PAT_02032,IPC02186
PAT_02032,IPC02766
PAT_02032,IPC02192
PAT_02033,IPC00712
PAT_02033,IPC00731
PAT_02033,IPC00958
PAT_02033,IPC00708
PAT_02033,IPC00713
PAT_02034,IPC02735
PAT_02034,IPC01605
PAT_02034,IPC00691
PAT_02034,IPC00629
PAT_02034,IPC00589
PAT_02035,IPC00207
PAT_02035,IPC01175
PAT_02035,IPC02281
PAT_02035,IPC00342
PAT_02035,IPC00840
PAT_02036,IPC01754
PAT_02036,IPC00006
PAT_02036,IPC01759
PAT_02036,IPC01756
PAT_02036,IPC02078
PAT_02037,IPC03763
PAT_02037,IPC03601
PAT_02037,IPC03773
PAT_02037,IPC03722
PAT_02038,IPC00368
PAT_02038,IPC00370
PAT_02038,IPC00385
PAT_02038,IPC00386
PAT_02039,IPC01117
PAT_02039,IPC01119
PAT_02039,IPC01103
PAT_02039,IPC01116
PAT_02039,IPC01104
PAT_02040,IPC01261
PAT_02040,IPC01256
PAT_02040,IPC01248
PAT_02040,IPC01250
PAT_02040,IPC01243
PAT_02041,IPC00506
PAT_02041,IPC00368
PAT_02041,IPC00887
PAT_02041,IPC00895
PAT_02041,IPC00385
PAT_02042,IPC00368
PAT_02042,IPC00383
PAT_02042,IPC00370
PAT_02042,IPC00766
PAT_02043,IPC00375
PAT_02043,IPC00368
PAT_02043,IPC03207
PAT_02043,IPC03533
PAT_02044,IPC00370
PAT_02044,IPC04096
PAT_02044,IPC00368
PAT_02044,IPC04218
PAT_02044,IPC04208
PAT_02045,IPC00460
PAT_02045,IPC00798
PAT_02045,IPC00461
PAT_02045,IPC00344
PAT_02045,IPC00800
PAT_02046,IPC03197
PAT_02046,IPC03201
PAT_02046,IPC03207
PAT_02046,IPC03200
PAT_02046,IPC03295
PAT_02047,IPC03019
PAT_02047,IPC01230
PAT_02047,IPC03720
PAT_02047,IPC00928
PAT_02047,IPC01435
PAT_02048,IPC01467
PAT_02048,IPC01471
PAT_02048,IPC01472
PAT_02048,IPC02913
PAT_02048,IPC01138
PAT_02049,IPC00016
PAT_02049,IPC00009
PAT_02049,IPC00001
PAT_02049,IPC03250
PAT_02049,IPC00008
PAT_02050,IPC01184
PAT_02050,IPC01697
PAT_02050,IPC01179
PAT_02050,IPC01572
PAT_02050,IPC01181
PAT_02051,IPC03018
PAT_02051,IPC03207
PAT_02051,IPC02747
PAT_02051,IPC00145
PAT_02051,IPC02786
PAT_02052,IPC03298
PAT_02052,IPC03549
PAT_02052,IPC03219
PAT_02052,IPC03197
PAT_02052,IPC00425
PAT_02053,IPC00368
PAT_02053,IPC02933
PAT_02053,IPC00386
PAT_02053,IPC04219
PAT_02053,IPC02972
PAT_02054,IPC03808
PAT_02054,IPC03811
PAT_02054,IPC03812
PAT_02054,IPC03832
PAT_02054,IPC03801
PAT_02055,IPC00368
PAT_02055,IPC00385
PAT_02055,IPC00383
PAT_02055,IPC03876
PAT_02055,IPC00799
PAT_02056,IPC00510
PAT_02056,IPC00263
PAT_02056,IPC00517
PAT_02056,IPC00318
PAT_02056,IPC00266
PAT_02057,IPC00368
PAT_02057,IPC00385
PAT_02057,IPC03382
PAT_02057,IPC00370
PAT_02058,IPC03722
PAT_02058,IPC03773
PAT_02058,IPC03601
PAT_02058,IPC03756
PAT_02058,IPC03732
PAT_02059,IPC03832
PAT_02059,IPC03815
PAT_02059,IPC03805
PAT_02059,IPC03806
PAT_02059,IPC03804
PAT_02060,IPC03266
PAT_02060,IPC04096
PAT_02060,IPC04095
PAT_02060,IPC03110
PAT_02060,IPC03255
PAT_02061,IPC03755
PAT_02061,IPC00254
PAT_02061,IPC00897
PAT_02061,IPC00896
PAT_02061,IPC01338
PAT_02062,IPC00764
PAT_02062,IPC01037
PAT_02062,IPC00763
PAT_02062,IPC00370
PAT_02062,IPC00368
PAT_02063,IPC04083
PAT_02063,IPC04086
PAT_02063,IPC03005
PAT_02063,IPC03284
PAT_02063,IPC04263
PAT_02064,IPC01655
PAT_02065,IPC00753
PAT_02065,IPC00752
PAT_02065,IPC00161
PAT_02065,IPC01765
PAT_02065,IPC01154
PAT_02066,IPC03458
PAT_02066,IPC01542
PAT_02066,IPC02701
PAT_02066,IPC01545
PAT_02066,IPC03127
PAT_02067,IPC03267
PAT_02067,IPC03089
PAT_02067,IPC02860
PAT_02067,IPC01009
PAT_02067,IPC04095
PAT_02068,IPC03675
PAT_02068,IPC01206
PAT_02068,IPC00590
PAT_02068,IPC03612
PAT_02068,IPC00799
PAT_02069,IPC00777
PAT_02069,IPC00436
PAT_02069,IPC00441
PAT_02069,IPC00789
PAT_02069,IPC00586
PAT_02070,IPC00619
PAT_02070,IPC00696
PAT_02070,IPC00188
PAT_02070,IPC00689
PAT_02070,IPC00599
PAT_02071,IPC03962
PAT_02071,IPC02571
PAT_02071,IPC00328
PAT_02071,IPC01062
PAT_02071,IPC01699
PAT_02072,IPC00011
PAT_02072,IPC00014
PAT_02072,IPC00013
PAT_02072,IPC00005
PAT_02072,IPC00015
PAT_02073,IPC00368
PAT_02073,IPC03207
PAT_02073,IPC00385
PAT_02073,IPC00369
PAT_02073,IPC02351
PAT_02074,IPC00385
PAT_02074,IPC04257
PAT_02074,IPC02896
PAT_02074,IPC02633
PAT_02074,IPC02634
PAT_02075,IPC03072
PAT_02075,IPC03094
PAT_02075,IPC03212
PAT_02075,IPC03077
PAT_02075,IPC03219
PAT_02076,IPC03431
PAT_02076,IPC03255
PAT_02076,IPC02318
PAT_02076,IPC03248
PAT_02076,IPC03125
PAT_02077,IPC03264
PAT_02077,IPC03245
PAT_02077,IPC03254
PAT_02077,IPC04096
PAT_02077,IPC03263
PAT_02078,IPC03834
PAT_02078,IPC03835
PAT_02078,IPC03808
PAT_02078,IPC03832
PAT_02078,IPC03802
PAT_02079,IPC02030
PAT_02079,IPC01772
PAT_02079,IPC02734
PAT_02079,IPC00925
PAT_02079,IPC01821
PAT_02080,IPC03527
PAT_02080,IPC02969
PAT_02080,IPC01804
PAT_02080,IPC02943
PAT_02080,IPC02968
PAT_02081,IPC01990
PAT_02081,IPC01936
PAT_02081,IPC02226
PAT_02081,IPC01170
PAT_02081,IPC01157
PAT_02082,IPC03073
PAT_02082,IPC03114
PAT_02082,IPC03128
PAT_02082,IPC04311
PAT_02082,IPC03273
PAT_02083,IPC01652
PAT_02083,IPC00703
PAT_02083,IPC01937
PAT_02083,IPC00588
PAT_02083,IPC01605
PAT_02084,IPC00728
PAT_02084,IPC00709
PAT_02084,IPC00747
PAT_02084,IPC00750
PAT_02085,IPC00943
PAT_02085,IPC02599
PAT_02085,IPC00141
PAT_02085,IPC02600
PAT_02085,IPC00197
PAT_02086,IPC01265
PAT_02086,IPC01266
PAT_02086,IPC00465
PAT_02086,IPC01273
PAT_02086,IPC00432
PAT_02087,IPC02274
PAT_02087,IPC01727
PAT_02087,IPC01706
PAT_02087,IPC01713
PAT_02087,IPC02273
PAT_02088,IPC01652
PAT_02088,IPC01605
PAT_02088,IPC04321
PAT_02088,IPC01702
PAT_02088,IPC01705
PAT_02089,IPC00766
PAT_02089,IPC00648
PAT_02089,IPC03236
PAT_02089,IPC02809
PAT_02089,IPC02115
PAT_02090,IPC00452
PAT_02090,IPC00451
PAT_02090,IPC00485
PAT_02090,IPC00352
PAT_02090,IPC00440
PAT_02091,IPC03236
PAT_02091,IPC03257
PAT_02091,IPC03207
PAT_02091,IPC03910
PAT_02091,IPC01205
PAT_02092,IPC03528
PAT_02092,IPC02098
PAT_02092,IPC00625
PAT_02092,IPC00859
PAT_02092,IPC02802
PAT_02093,IPC00621
PAT_02093,IPC00922
PAT_02093,IPC01998
PAT_02093,IPC02782
PAT_02093,IPC01012
PAT_02094,IPC00134
PAT_02094,IPC00130
PAT_02094,IPC00131
PAT_02094,IPC00133
PAT_02095,IPC00852
PAT_02095,IPC03525
PAT_02095,IPC00530
PAT_02095,IPC03519
PAT_02095,IPC03518
PAT_02096,IPC00866
PAT_02096,IPC00677
PAT_02096,IPC04189
PAT_02096,IPC00681
PAT_02096,IPC00682
PAT_02097,IPC00340
PAT_02097,IPC00350
PAT_02097,IPC00809
PAT_02098,IPC03795
PAT_02098,IPC03992
PAT_02098,IPC02842
PAT_02098,IPC03142
PAT_02098,IPC03800
PAT_02099,IPC03949
PAT_02099,IPC02332
PAT_02099,IPC03876
PAT_02099,IPC03880
PAT_02099,IPC03952
PAT_02099,IPC03953
PAT_02100,IPC01736
PAT_02100,IPC00673
PAT_02100,IPC01749
PAT_02100,IPC00672
PAT_02100,IPC00674
PAT_02101,IPC00814
PAT_02101,IPC00691
PAT_02101,IPC00115
PAT_02101,IPC00956
PAT_02101,IPC00689
PAT_02102,IPC01509
PAT_02102,IPC01499
PAT_02103,IPC00452
PAT_02103,IPC00725
PAT_02103,IPC00671
PAT_02103,IPC00733
PAT_02103,IPC00734
PAT_02104,IPC04121
PAT_02104,IPC03055
PAT_02104,IPC03872
PAT_02104,IPC03056
PAT_02104,IPC03460
PAT_02105,IPC03236
PAT_02105,IPC03257
PAT_02105,IPC03271
PAT_02105,IPC00609
PAT_02105,IPC03073
PAT_02106,IPC04121
PAT_02106,IPC03058
PAT_02106,IPC04286
PAT_02106,IPC04091
PAT_02106,IPC04246
PAT_02107,IPC03815
PAT_02107,IPC02955
PAT_02107,IPC03832
PAT_02107,IPC03804
PAT_02107,IPC03830
PAT_02108,IPC00181
PAT_02108,IPC00194
PAT_02108,IPC01998
PAT_02109,IPC02945
PAT_02109,IPC02953
PAT_02109,IPC04313
PAT_02109,IPC02968
PAT_02109,IPC00568
PAT_02110,IPC00433
PAT_02110,IPC00432
PAT_02110,IPC00867
PAT_02110,IPC01273
PAT_02110,IPC00453
PAT_02111,IPC00841
PAT_02111,IPC00862
PAT_02111,IPC00858
PAT_02111,IPC02090
PAT_02111,IPC00703
PAT_02112,IPC03509
PAT_02112,IPC04221
PAT_02112,IPC03516
PAT_02112,IPC02970
PAT_02113,IPC00160
PAT_02113,IPC00189
PAT_02113,IPC00163
PAT_02113,IPC00162
PAT_02113,IPC00624
PAT_02114,IPC01706
PAT_02114,IPC01727
PAT_02114,IPC02260
PAT_02114,IPC01747
PAT_02114,IPC04160
PAT_02115,IPC00083
PAT_02115,IPC00084
PAT_02115,IPC00173
PAT_02115,IPC00174
PAT_02115,IPC00171
PAT_02116,IPC02033
PAT_02116,IPC03695
PAT_02116,IPC02531
PAT_02116,IPC01704
PAT_02116,IPC02029
PAT_02117,IPC02802
PAT_02117,IPC02082
PAT_02117,IPC00045
PAT_02117,IPC02138
PAT_02117,IPC02093
PAT_02118,IPC03549
PAT_02118,IPC03219
PAT_02118,IPC03298
PAT_02118,IPC03542
PAT_02118,IPC02930
PAT_02119,IPC00525
PAT_02119,IPC00651
PAT_02119,IPC00654
PAT_02119,IPC00658
PAT_02119,IPC00692
PAT_02119,IPC00693
PAT_02119,IPC00702
PAT_02120,IPC00525
PAT_02120,IPC00650
PAT_02120,IPC00655
PAT_02120,IPC00656
PAT_02120,IPC00660
PAT_02120,IPC00695
PAT_02120,IPC01607
PAT_02121,IPC00037
PAT_02121,IPC00170
PAT_02121,IPC00198
PAT_02121,IPC01019
PAT_02121,IPC01147
PAT_02122,IPC00689
PAT_02122,IPC00534
PAT_02122,IPC00837
PAT_02122,IPC00706
PAT_02122,IPC00691
PAT_02123,IPC00689
PAT_02123,IPC00816
PAT_02123,IPC00691
PAT_02123,IPC00650
PAT_02123,IPC00049
PAT_02124,IPC00429
PAT_02124,IPC00850
PAT_02124,IPC00462
PAT_02124,IPC00741
PAT_02124,IPC00821
PAT_02125,IPC00438
PAT_02126,IPC02201
PAT_02126,IPC02217
PAT_02126,IPC03770
PAT_02126,IPC01663
PAT_02127,IPC00523
PAT_02127,IPC00524
PAT_02127,IPC00525
PAT_02127,IPC00598
PAT_02127,IPC00675
PAT_02127,IPC00688
PAT_02127,IPC00866
PAT_02128,IPC00649
PAT_02128,IPC00689
PAT_02128,IPC01605
PAT_02128,IPC01606
PAT_02128,IPC01607
PAT_02129,IPC00689
PAT_02129,IPC01874
PAT_02129,IPC00691
PAT_02129,IPC00743
PAT_02129,IPC00614
PAT_02130,IPC00845
PAT_02130,IPC00689
PAT_02130,IPC00859
PAT_02130,IPC00844
PAT_02130,IPC00660
PAT_02131,IPC00600
PAT_02131,IPC00691
PAT_02131,IPC00687
PAT_02131,IPC00660
PAT_02131,IPC00817
PAT_02132,IPC00689
PAT_02132,IPC00835
PAT_02132,IPC00691
PAT_02132,IPC00837
PAT_02132,IPC00834
PAT_02133,IPC00852
PAT_02133,IPC00689
PAT_02133,IPC00565
PAT_02133,IPC00666
PAT_02133,IPC00188
PAT_02134,IPC00598
PAT_02134,IPC00650
PAT_02134,IPC00654
PAT_02134,IPC00659
PAT_02134,IPC00689
PAT_02135,IPC03142
PAT_02135,IPC03257
PAT_02135,IPC03139
PAT_02135,IPC00314
PAT_02135,IPC00316
PAT_02136,IPC00649
PAT_02136,IPC00650
PAT_02136,IPC00654
PAT_02136,IPC00658
PAT_02136,IPC00659
PAT_02136,IPC00697
PAT_02137,IPC00525
PAT_02137,IPC00650
PAT_02137,IPC00654
PAT_02137,IPC00658
PAT_02137,IPC00659
PAT_02137,IPC00692
PAT_02137,IPC00694
PAT_02138,IPC00533
PAT_02138,IPC00837
PAT_02138,IPC00548
PAT_02138,IPC00742
PAT_02139,IPC00689
PAT_02139,IPC00680
PAT_02139,IPC00650
PAT_02139,IPC00871
PAT_02139,IPC00608
PAT_02140,IPC00470
PAT_02140,IPC00506
PAT_02141,IPC03082
PAT_02141,IPC03101
PAT_02141,IPC03298
PAT_02141,IPC03549
PAT_02142,IPC03940
PAT_02142,IPC03896
PAT_02142,IPC00799
PAT_02142,IPC03870
PAT_02142,IPC03897
PAT_02143,IPC00930
PAT_02143,IPC02368
PAT_02143,IPC02373
PAT_02144,IPC00848
PAT_02144,IPC00812
PAT_02144,IPC02806
PAT_02144,IPC03552
PAT_02144,IPC02123
PAT_02145,IPC02031
PAT_02145,IPC03015
PAT_02145,IPC02874
PAT_02145,IPC02709
PAT_02145,IPC01835
PAT_02146,IPC00023
PAT_02146,IPC00022
PAT_02146,IPC00038
PAT_02146,IPC00025
PAT_02147,IPC00449
PAT_02147,IPC00447
PAT_02147,IPC00443
PAT_02147,IPC00446
PAT_02147,IPC00450
PAT_02148,IPC00610
PAT_02148,IPC00599
PAT_02148,IPC00577
PAT_02148,IPC00601
PAT_02148,IPC00539
PAT_02149,IPC01217
PAT_02149,IPC01251
PAT_02149,IPC01258
PAT_02149,IPC01252
PAT_02149,IPC01223
PAT_02150,IPC03212
PAT_02150,IPC03219
PAT_02150,IPC03201
PAT_02150,IPC03044
PAT_02150,IPC00375
PAT_02151,IPC00689
PAT_02151,IPC00618
PAT_02151,IPC00439
PAT_02151,IPC00658
PAT_02151,IPC02152
PAT_02152,IPC00657
PAT_02152,IPC02264
PAT_02152,IPC00652
PAT_02152,IPC01245
PAT_02152,IPC01243
PAT_02153,IPC00698
PAT_02153,IPC00690
PAT_02153,IPC00689
PAT_02153,IPC00659
PAT_02153,IPC00529
PAT_02154,IPC01129
PAT_02154,IPC03938
PAT_02154,IPC03891
PAT_02154,IPC00365
PAT_02154,IPC03886
PAT_02155,IPC01329
PAT_02155,IPC01338
PAT_02155,IPC01330
PAT_02155,IPC01460
PAT_02155,IPC01337
PAT_02156,IPC03300
PAT_02156,IPC03298
PAT_02156,IPC03200
PAT_02156,IPC03240
PAT_02156,IPC00806
PAT_02157,IPC01256
PAT_02157,IPC01249
PAT_02157,IPC01316
PAT_02157,IPC01251
PAT_02157,IPC01733
PAT_02158,IPC03281
PAT_02158,IPC00522
PAT_02158,IPC03544
PAT_02158,IPC03537
PAT_02158,IPC03533
PAT_02159,IPC04015
PAT_02159,IPC04017
PAT_02159,IPC03973
PAT_02159,IPC03977
PAT_02159,IPC04091
PAT_02160,IPC04119
PAT_02160,IPC04091
PAT_02160,IPC04285
PAT_02160,IPC04029
PAT_02160,IPC04069
PAT_02161,IPC03232
PAT_02161,IPC03298
PAT_02161,IPC03309
PAT_02161,IPC02639
PAT_02161,IPC01219
PAT_02162,IPC00368
PAT_02162,IPC03197
PAT_02162,IPC00369
PAT_02162,IPC00385
PAT_02162,IPC00370
PAT_02163,IPC00706
PAT_02163,IPC00188
PAT_02163,IPC00656
PAT_02163,IPC00691
PAT_02163,IPC00651
PAT_02164,IPC00603
PAT_02164,IPC00689
PAT_02164,IPC00658
PAT_02164,IPC00157
PAT_02164,IPC00533
PAT_02165,IPC00608
PAT_02165,IPC00599
PAT_02165,IPC00610
PAT_02165,IPC00124
PAT_02165,IPC00688
PAT_02166,IPC00689
PAT_02166,IPC00764
PAT_02166,IPC00610
PAT_02166,IPC00528
PAT_02166,IPC00530
PAT_02167,IPC00447
PAT_02167,IPC00443
PAT_02167,IPC00434
PAT_02167,IPC00445
PAT_02167,IPC00448
PAT_02168,IPC03796
PAT_02168,IPC03797
PAT_02168,IPC03798
PAT_02168,IPC03989
PAT_02168,IPC01327
PAT_02169,IPC00489
PAT_02169,IPC02562
PAT_02169,IPC00225
PAT_02169,IPC00539
PAT_02169,IPC00877
PAT_02170,IPC00386
PAT_02170,IPC00368
PAT_02170,IPC00383
PAT_02170,IPC03197
PAT_02170,IPC03533
PAT_02171,IPC02745
PAT_02171,IPC02744
PAT_02171,IPC00689
PAT_02171,IPC03615
PAT_02171,IPC02736
PAT_02172,IPC00105
PAT_02172,IPC03014
PAT_02172,IPC01143
PAT_02172,IPC03013
PAT_02172,IPC01126
