Publication_ID,Domain_ID
PUB_000001,MATERIALS_SCIENCE
PUB_000002,PHYSICS_AND_ASTRONOMY
PUB_000003,ENGINEERING
PUB_000004,MATERIALS_SCIENCE
PUB_000005,ENGINEERING
PUB_000006,ENGINEERING
PUB_000007,PHYSICS_AND_ASTRONOMY
PUB_000008,ENGINEERING
PUB_000009,COMPUTER_SCIENCE
PUB_000010,ENGINEERING
PUB_000011,MATERIALS_SCIENCE
PUB_000012,MATERIALS_SCIENCE
PUB_000013,MATERIALS_SCIENCE
PUB_000014,ENGINEERING
PUB_000015,ENGINEERING
PUB_000016,ENGINEERING
PUB_000017,COMPUTER_SCIENCE
PUB_000018,COMPUTER_SCIENCE
PUB_000019,ENGINEERING
PUB_000020,ENGINEERING
PUB_000021,ENGINEERING
PUB_000022,MATERIALS_SCIENCE
PUB_000023,COMPUTER_SCIENCE
PUB_000024,MATERIALS_SCIENCE
PUB_000025,MATERIALS_SCIENCE
PUB_000026,ENGINEERING
PUB_000027,ENGINEERING
PUB_000028,ENGINEERING
PUB_000029,ENGINEERING
PUB_000030,ENGINEERING
PUB_000031,COMPUTER_SCIENCE
PUB_000032,MATERIALS_SCIENCE
PUB_000033,ENGINEERING
PUB_000034,ENGINEERING
PUB_000035,ENGINEERING
PUB_000036,COMPUTER_SCIENCE
PUB_000037,COMPUTER_SCIENCE
PUB_000038,ENGINEERING
PUB_000039,MATERIALS_SCIENCE
PUB_000040,MATERIALS_SCIENCE
PUB_000041,ENGINEERING
PUB_000042,MATERIALS_SCIENCE
PUB_000043,MATERIALS_SCIENCE
PUB_000044,MATERIALS_SCIENCE
PUB_000045,MATERIALS_SCIENCE
PUB_000046,ENGINEERING
PUB_000047,COMPUTER_SCIENCE
PUB_000048,ENGINEERING
PUB_000049,ENGINEERING
PUB_000050,ENGINEERING
PUB_000051,MATERIALS_SCIENCE
PUB_000052,MATERIALS_SCIENCE
PUB_000053,COMPUTER_SCIENCE
PUB_000054,MATERIALS_SCIENCE
PUB_000055,PHYSICS_AND_ASTRONOMY
PUB_000056,MATERIALS_SCIENCE
PUB_000057,COMPUTER_SCIENCE
PUB_000058,ENGINEERING
PUB_000059,ENGINEERING
PUB_000060,MATERIALS_SCIENCE
PUB_000061,MATERIALS_SCIENCE
PUB_000062,COMPUTER_SCIENCE
PUB_000063,PHYSICS_AND_ASTRONOMY
PUB_000064,ENGINEERING
PUB_000065,ENGINEERING
PUB_000066,PHYSICS_AND_ASTRONOMY
PUB_000067,MATERIALS_SCIENCE
PUB_000068,ENGINEERING
PUB_000069,COMPUTER_SCIENCE
PUB_000070,ENGINEERING
PUB_000071,MATERIALS_SCIENCE
PUB_000072,COMPUTER_SCIENCE
PUB_000073,PHYSICS_AND_ASTRONOMY
PUB_000074,ENGINEERING
PUB_000075,ENGINEERING
PUB_000076,MATERIALS_SCIENCE
PUB_000077,PHYSICS_AND_ASTRONOMY
PUB_000078,ENGINEERING
PUB_000079,ENGINEERING
PUB_000080,MATERIALS_SCIENCE
PUB_000081,ENGINEERING
PUB_000082,ENGINEERING
PUB_000083,MATERIALS_SCIENCE
PUB_000084,ENGINEERING
PUB_000085,ENGINEERING
PUB_000086,ENGINEERING
PUB_000087,ENGINEERING
PUB_000088,ENGINEERING
PUB_000089,MATERIALS_SCIENCE
PUB_000090,PHYSICS_AND_ASTRONOMY
PUB_000091,MATERIALS_SCIENCE
PUB_000092,MATERIALS_SCIENCE
PUB_000093,PHYSICS_AND_ASTRONOMY
PUB_000094,MATERIALS_SCIENCE
PUB_000095,ENGINEERING
PUB_000096,MATERIALS_SCIENCE
PUB_000097,ENGINEERING
PUB_000098,COMPUTER_SCIENCE
PUB_000099,MATERIALS_SCIENCE
PUB_000100,ENGINEERING
PUB_000101,ENGINEERING
PUB_000102,ENGINEERING
PUB_000103,MATERIALS_SCIENCE
PUB_000104,ENGINEERING
PUB_000105,MATERIALS_SCIENCE
PUB_000106,ENGINEERING
PUB_000107,ENGINEERING
PUB_000108,MATERIALS_SCIENCE
PUB_000109,MATERIALS_SCIENCE
PUB_000110,COMPUTER_SCIENCE
PUB_000111,ENGINEERING
PUB_000112,ENGINEERING
PUB_000113,ENGINEERING
PUB_000114,ENGINEERING
PUB_000115,COMPUTER_SCIENCE
PUB_000116,COMPUTER_SCIENCE
PUB_000117,MATERIALS_SCIENCE
PUB_000118,MATERIALS_SCIENCE
PUB_000119,COMPUTER_SCIENCE
PUB_000120,PHYSICS_AND_ASTRONOMY
PUB_000121,COMPUTER_SCIENCE
PUB_000122,ENGINEERING
PUB_000123,ENGINEERING
PUB_000124,ENGINEERING
PUB_000125,MATERIALS_SCIENCE
PUB_000126,MATERIALS_SCIENCE
PUB_000127,ENGINEERING
PUB_000128,MATERIALS_SCIENCE
PUB_000129,MATERIALS_SCIENCE
PUB_000130,ENGINEERING
PUB_000131,MATERIALS_SCIENCE
PUB_000132,ENGINEERING
PUB_000133,PHYSICS_AND_ASTRONOMY
PUB_000134,ENGINEERING
PUB_000135,MATERIALS_SCIENCE
PUB_000136,MATERIALS_SCIENCE
PUB_000137,ENGINEERING
PUB_000138,MATERIALS_SCIENCE
PUB_000139,PHYSICS_AND_ASTRONOMY
PUB_000140,COMPUTER_SCIENCE
PUB_000141,MATERIALS_SCIENCE
PUB_000142,ENGINEERING
PUB_000143,MATERIALS_SCIENCE
PUB_000144,PHYSICS_AND_ASTRONOMY
PUB_000145,ENGINEERING
PUB_000146,ENGINEERING
PUB_000147,ENGINEERING
PUB_000148,MATERIALS_SCIENCE
PUB_000149,PHYSICS_AND_ASTRONOMY
PUB_000150,ENGINEERING
PUB_000151,MATERIALS_SCIENCE
PUB_000152,PHYSICS_AND_ASTRONOMY
PUB_000153,ENGINEERING
PUB_000154,ENGINEERING
PUB_000155,MATERIALS_SCIENCE
PUB_000156,MATERIALS_SCIENCE
PUB_000157,ENGINEERING
PUB_000158,ENGINEERING
PUB_000159,ENGINEERING
PUB_000160,MATERIALS_SCIENCE
PUB_000161,ENGINEERING
PUB_000162,PHYSICS_AND_ASTRONOMY
PUB_000163,ENGINEERING
PUB_000164,MATERIALS_SCIENCE
PUB_000165,ENGINEERING
PUB_000166,PHYSICS_AND_ASTRONOMY
PUB_000167,MATERIALS_SCIENCE
PUB_000168,MATERIALS_SCIENCE
PUB_000169,MATERIALS_SCIENCE
PUB_000170,MATERIALS_SCIENCE
PUB_000171,PHYSICS_AND_ASTRONOMY
PUB_000172,ENGINEERING
PUB_000173,MATERIALS_SCIENCE
PUB_000174,MATERIALS_SCIENCE
PUB_000175,MATERIALS_SCIENCE
PUB_000176,ENGINEERING
PUB_000177,ENGINEERING
PUB_000178,ENGINEERING
PUB_000179,COMPUTER_SCIENCE
PUB_000180,ENGINEERING
PUB_000181,MATERIALS_SCIENCE
PUB_000182,MATERIALS_SCIENCE
PUB_000183,MATERIALS_SCIENCE
PUB_000184,MATERIALS_SCIENCE
PUB_000185,PHYSICS_AND_ASTRONOMY
PUB_000186,ENGINEERING
PUB_000187,ENGINEERING
PUB_000188,MATERIALS_SCIENCE
PUB_000189,PHYSICS_AND_ASTRONOMY
PUB_000190,MATERIALS_SCIENCE
PUB_000191,MATERIALS_SCIENCE
PUB_000192,COMPUTER_SCIENCE
PUB_000193,MATERIALS_SCIENCE
PUB_000194,PHYSICS_AND_ASTRONOMY
PUB_000195,MATERIALS_SCIENCE
PUB_000196,MATERIALS_SCIENCE
PUB_000197,PHYSICS_AND_ASTRONOMY
PUB_000198,ENGINEERING
PUB_000199,ENGINEERING
PUB_000200,MATERIALS_SCIENCE
PUB_000201,MATERIALS_SCIENCE
PUB_000202,MATERIALS_SCIENCE
PUB_000203,ENGINEERING
PUB_000204,MATERIALS_SCIENCE
PUB_000205,MATERIALS_SCIENCE
PUB_000206,ENGINEERING
PUB_000207,ENGINEERING
PUB_000208,ENGINEERING
PUB_000209,MATERIALS_SCIENCE
PUB_000210,PHYSICS_AND_ASTRONOMY
PUB_000211,ENGINEERING
PUB_000212,ENGINEERING
PUB_000213,MATERIALS_SCIENCE
PUB_000214,ENGINEERING
PUB_000215,PHYSICS_AND_ASTRONOMY
PUB_000216,MATERIALS_SCIENCE
PUB_000217,COMPUTER_SCIENCE
PUB_000218,ENGINEERING
PUB_000219,ENGINEERING
PUB_000220,ENGINEERING
PUB_000221,ENGINEERING
PUB_000222,COMPUTER_SCIENCE
PUB_000223,ENGINEERING
PUB_000224,ENGINEERING
PUB_000225,ENGINEERING
PUB_000226,ENGINEERING
PUB_000227,ENGINEERING
PUB_000228,PHYSICS_AND_ASTRONOMY
PUB_000229,ENGINEERING
PUB_000230,ENGINEERING
PUB_000231,ENGINEERING
PUB_000232,ENGINEERING
PUB_000233,ENGINEERING
PUB_000234,MATERIALS_SCIENCE
PUB_000235,ENGINEERING
PUB_000236,ENGINEERING
PUB_000237,ENGINEERING
PUB_000238,MATERIALS_SCIENCE
PUB_000239,MATERIALS_SCIENCE
PUB_000240,MATERIALS_SCIENCE
PUB_000241,ENGINEERING
PUB_000242,PHYSICS_AND_ASTRONOMY
PUB_000243,ENGINEERING
PUB_000244,MATERIALS_SCIENCE
PUB_000245,MATERIALS_SCIENCE
PUB_000246,ENGINEERING
PUB_000247,MATERIALS_SCIENCE
PUB_000248,MATERIALS_SCIENCE
PUB_000249,ENGINEERING
PUB_000250,COMPUTER_SCIENCE
PUB_000251,PHYSICS_AND_ASTRONOMY
PUB_000252,MATERIALS_SCIENCE
PUB_000253,ENGINEERING
PUB_000254,ENGINEERING
PUB_000255,MATERIALS_SCIENCE
PUB_000256,ENGINEERING
PUB_000257,MATERIALS_SCIENCE
PUB_000258,MATERIALS_SCIENCE
PUB_000259,MATERIALS_SCIENCE
PUB_000260,MATERIALS_SCIENCE
PUB_000261,ENGINEERING
PUB_000262,MATERIALS_SCIENCE
PUB_000263,PHYSICS_AND_ASTRONOMY
PUB_000264,MATERIALS_SCIENCE
PUB_000265,MATERIALS_SCIENCE
PUB_000266,ENGINEERING
PUB_000267,COMPUTER_SCIENCE
PUB_000268,ENGINEERING
PUB_000269,MATERIALS_SCIENCE
PUB_000270,MATERIALS_SCIENCE
PUB_000271,ENGINEERING
PUB_000272,COMPUTER_SCIENCE
PUB_000273,ENGINEERING
PUB_000274,PHYSICS_AND_ASTRONOMY
PUB_000275,PHYSICS_AND_ASTRONOMY
PUB_000276,PHYSICS_AND_ASTRONOMY
PUB_000277,PHYSICS_AND_ASTRONOMY
PUB_000278,ENGINEERING
PUB_000279,ENGINEERING
PUB_000280,MATERIALS_SCIENCE
PUB_000281,PHYSICS_AND_ASTRONOMY
PUB_000282,MATERIALS_SCIENCE
PUB_000283,COMPUTER_SCIENCE
PUB_000284,ENGINEERING
PUB_000285,ENGINEERING
PUB_000286,ENGINEERING
PUB_000287,MATERIALS_SCIENCE
PUB_000288,ENGINEERING
PUB_000289,ENGINEERING
PUB_000290,MATERIALS_SCIENCE
PUB_000291,ENGINEERING
PUB_000292,PHYSICS_AND_ASTRONOMY
PUB_000293,MATERIALS_SCIENCE
PUB_000294,ENGINEERING
PUB_000295,ENGINEERING
PUB_000296,ENGINEERING
PUB_000297,PHYSICS_AND_ASTRONOMY
PUB_000298,MATERIALS_SCIENCE
PUB_000299,ENGINEERING
PUB_000300,ENGINEERING
PUB_000301,ENGINEERING
PUB_000302,ENGINEERING
PUB_000303,COMPUTER_SCIENCE
PUB_000304,ENGINEERING
PUB_000305,MATERIALS_SCIENCE
PUB_000306,ENGINEERING
PUB_000307,COMPUTER_SCIENCE
PUB_000308,COMPUTER_SCIENCE
PUB_000309,ENGINEERING
PUB_000310,ENGINEERING
PUB_000311,MATERIALS_SCIENCE
PUB_000312,ENGINEERING
PUB_000313,ENGINEERING
PUB_000314,ENGINEERING
PUB_000315,COMPUTER_SCIENCE
PUB_000316,MATERIALS_SCIENCE
PUB_000317,ENGINEERING
PUB_000318,MATERIALS_SCIENCE
PUB_000319,ENGINEERING
PUB_000320,MATERIALS_SCIENCE
PUB_000321,ENGINEERING
PUB_000322,MATERIALS_SCIENCE
PUB_000323,MATERIALS_SCIENCE
PUB_000324,ENGINEERING
PUB_000325,MATERIALS_SCIENCE
PUB_000326,MATERIALS_SCIENCE
PUB_000327,PHYSICS_AND_ASTRONOMY
PUB_000328,MATERIALS_SCIENCE
PUB_000329,MATERIALS_SCIENCE
PUB_000330,ENGINEERING
PUB_000331,MATHEMATICS
PUB_000332,MATERIALS_SCIENCE
PUB_000333,COMPUTER_SCIENCE
PUB_000334,PHYSICS_AND_ASTRONOMY
PUB_000335,PHYSICS_AND_ASTRONOMY
PUB_000336,ENGINEERING
PUB_000337,MATERIALS_SCIENCE
PUB_000338,PHYSICS_AND_ASTRONOMY
PUB_000339,ENGINEERING
PUB_000340,ENGINEERING
PUB_000341,ENGINEERING
PUB_000342,ENGINEERING
PUB_000343,PHYSICS_AND_ASTRONOMY
PUB_000344,ENGINEERING
PUB_000345,PHYSICS_AND_ASTRONOMY
PUB_000346,COMPUTER_SCIENCE
PUB_000347,ENGINEERING
PUB_000348,MATERIALS_SCIENCE
PUB_000349,ENGINEERING
PUB_000350,COMPUTER_SCIENCE
PUB_000351,MATERIALS_SCIENCE
PUB_000352,MATERIALS_SCIENCE
PUB_000353,ENGINEERING
PUB_000354,MATERIALS_SCIENCE
PUB_000355,ENGINEERING
PUB_000356,COMPUTER_SCIENCE
PUB_000357,ENGINEERING
PUB_000358,ENGINEERING
PUB_000359,ENGINEERING
PUB_000360,MATERIALS_SCIENCE
PUB_000361,ENGINEERING
PUB_000362,ENGINEERING
PUB_000363,ENGINEERING
PUB_000364,COMPUTER_SCIENCE
PUB_000365,ENGINEERING
PUB_000366,COMPUTER_SCIENCE
PUB_000367,MATERIALS_SCIENCE
PUB_000368,ENGINEERING
PUB_000369,MATERIALS_SCIENCE
PUB_000370,MATERIALS_SCIENCE
PUB_000371,COMPUTER_SCIENCE
PUB_000372,MATERIALS_SCIENCE
PUB_000373,MATERIALS_SCIENCE
PUB_000374,ENGINEERING
PUB_000375,PHYSICS_AND_ASTRONOMY
PUB_000376,MATERIALS_SCIENCE
PUB_000377,PHYSICS_AND_ASTRONOMY
PUB_000378,MATERIALS_SCIENCE
PUB_000379,MATERIALS_SCIENCE
PUB_000380,ENGINEERING
PUB_000381,PHYSICS_AND_ASTRONOMY
PUB_000382,COMPUTER_SCIENCE
PUB_000383,MATERIALS_SCIENCE
PUB_000384,ENGINEERING
PUB_000385,MATERIALS_SCIENCE
PUB_000386,ENGINEERING
PUB_000387,ENGINEERING
PUB_000388,ENGINEERING
PUB_000389,COMPUTER_SCIENCE
PUB_000390,MATERIALS_SCIENCE
PUB_000391,ENGINEERING
PUB_000392,ENGINEERING
PUB_000393,ENGINEERING
PUB_000394,ENGINEERING
PUB_000395,MATERIALS_SCIENCE
PUB_000396,ENGINEERING
PUB_000397,MATERIALS_SCIENCE
PUB_000398,MATERIALS_SCIENCE
PUB_000399,ENGINEERING
PUB_000400,COMPUTER_SCIENCE
PUB_000401,ENGINEERING
PUB_000402,ENGINEERING
PUB_000403,MATERIALS_SCIENCE
PUB_000404,MATERIALS_SCIENCE
PUB_000405,ENGINEERING
PUB_000406,ENGINEERING
PUB_000407,MATERIALS_SCIENCE
PUB_000408,ENGINEERING
PUB_000409,PHYSICS_AND_ASTRONOMY
PUB_000410,ENGINEERING
PUB_000411,ENGINEERING
PUB_000412,ENGINEERING
PUB_000413,ENGINEERING
PUB_000414,MATERIALS_SCIENCE
PUB_000415,PHYSICS_AND_ASTRONOMY
PUB_000416,MATERIALS_SCIENCE
PUB_000417,MATERIALS_SCIENCE
PUB_000418,ENGINEERING
PUB_000419,PHYSICS_AND_ASTRONOMY
PUB_000420,MATERIALS_SCIENCE
PUB_000421,MATERIALS_SCIENCE
PUB_000422,COMPUTER_SCIENCE
PUB_000423,MATERIALS_SCIENCE
PUB_000424,COMPUTER_SCIENCE
PUB_000425,MATERIALS_SCIENCE
PUB_000426,MATERIALS_SCIENCE
PUB_000427,ENGINEERING
PUB_000428,PHYSICS_AND_ASTRONOMY
PUB_000429,ENGINEERING
PUB_000430,ENGINEERING
PUB_000431,MATERIALS_SCIENCE
PUB_000432,ENGINEERING
PUB_000433,ENGINEERING
PUB_000434,ENGINEERING
PUB_000435,COMPUTER_SCIENCE
PUB_000436,PHYSICS_AND_ASTRONOMY
PUB_000437,ENGINEERING
PUB_000438,ENGINEERING
PUB_000439,ENGINEERING
PUB_000440,MATERIALS_SCIENCE
PUB_000441,MATERIALS_SCIENCE
PUB_000442,PHYSICS_AND_ASTRONOMY
PUB_000443,MATERIALS_SCIENCE
PUB_000444,ENGINEERING
PUB_000445,ENGINEERING
PUB_000446,MATERIALS_SCIENCE
PUB_000447,ENGINEERING
PUB_000448,COMPUTER_SCIENCE
PUB_000449,COMPUTER_SCIENCE
PUB_000450,MATERIALS_SCIENCE
PUB_000451,COMPUTER_SCIENCE
PUB_000452,MATERIALS_SCIENCE
PUB_000453,PHYSICS_AND_ASTRONOMY
PUB_000454,PHYSICS_AND_ASTRONOMY
PUB_000455,ENGINEERING
PUB_000456,MATERIALS_SCIENCE
PUB_000457,ENGINEERING
PUB_000458,COMPUTER_SCIENCE
PUB_000459,ENGINEERING
PUB_000460,MATERIALS_SCIENCE
PUB_000461,MATERIALS_SCIENCE
PUB_000462,MATERIALS_SCIENCE
PUB_000463,PHYSICS_AND_ASTRONOMY
PUB_000464,ENGINEERING
PUB_000465,MATERIALS_SCIENCE
PUB_000466,MATERIALS_SCIENCE
PUB_000467,ENGINEERING
PUB_000468,ENGINEERING
PUB_000469,ENGINEERING
PUB_000470,MATERIALS_SCIENCE
PUB_000471,PHYSICS_AND_ASTRONOMY
PUB_000472,PHYSICS_AND_ASTRONOMY
PUB_000473,MATERIALS_SCIENCE
PUB_000474,MATERIALS_SCIENCE
PUB_000475,ENGINEERING
PUB_000476,MATERIALS_SCIENCE
PUB_000477,ENGINEERING
PUB_000478,ENGINEERING
PUB_000479,MATHEMATICS
PUB_000480,COMPUTER_SCIENCE
PUB_000481,ENGINEERING
PUB_000482,ENGINEERING
PUB_000483,MATERIALS_SCIENCE
PUB_000484,COMPUTER_SCIENCE
PUB_000485,COMPUTER_SCIENCE
PUB_000486,COMPUTER_SCIENCE
PUB_000487,MATERIALS_SCIENCE
PUB_000488,COMPUTER_SCIENCE
PUB_000489,MATERIALS_SCIENCE
PUB_000490,COMPUTER_SCIENCE
PUB_000491,MATERIALS_SCIENCE
PUB_000492,MATERIALS_SCIENCE
PUB_000493,ENGINEERING
PUB_000494,ENGINEERING
PUB_000495,ENGINEERING
PUB_000496,ENGINEERING
PUB_000497,MATERIALS_SCIENCE
PUB_000498,ENGINEERING
PUB_000499,ENGINEERING
PUB_000500,ENGINEERING
PUB_000501,ENGINEERING
PUB_000502,ENGINEERING
PUB_000503,MATERIALS_SCIENCE
PUB_000504,ENGINEERING
PUB_000505,MATERIALS_SCIENCE
PUB_000506,ENGINEERING
PUB_000507,PHYSICS_AND_ASTRONOMY
PUB_000508,COMPUTER_SCIENCE
PUB_000509,ENGINEERING
PUB_000510,ENGINEERING
PUB_000511,ENGINEERING
PUB_000512,MATERIALS_SCIENCE
PUB_000513,ENGINEERING
PUB_000514,MATERIALS_SCIENCE
PUB_000515,COMPUTER_SCIENCE
PUB_000516,COMPUTER_SCIENCE
PUB_000517,PHYSICS_AND_ASTRONOMY
PUB_000518,ENGINEERING
PUB_000519,PHYSICS_AND_ASTRONOMY
PUB_000520,ENGINEERING
PUB_000521,ENGINEERING
PUB_000522,ENGINEERING
PUB_000523,ENGINEERING
PUB_000524,MATERIALS_SCIENCE
PUB_000525,COMPUTER_SCIENCE
PUB_000526,ENGINEERING
PUB_000527,PHYSICS_AND_ASTRONOMY
PUB_000528,MATERIALS_SCIENCE
PUB_000529,ENGINEERING
PUB_000530,ENGINEERING
PUB_000531,PHYSICS_AND_ASTRONOMY
PUB_000532,ENGINEERING
PUB_000533,ENGINEERING
PUB_000534,ENGINEERING
PUB_000535,MATERIALS_SCIENCE
PUB_000536,MATERIALS_SCIENCE
PUB_000537,ENGINEERING
PUB_000538,MATERIALS_SCIENCE
PUB_000539,ENGINEERING
PUB_000540,ENGINEERING
PUB_000541,ENGINEERING
PUB_000542,ENGINEERING
PUB_000543,ENGINEERING
PUB_000544,MATERIALS_SCIENCE
PUB_000545,ENGINEERING
PUB_000546,COMPUTER_SCIENCE
PUB_000547,ENGINEERING
PUB_000548,ENGINEERING
PUB_000549,ENGINEERING
PUB_000550,MATERIALS_SCIENCE
PUB_000551,MATERIALS_SCIENCE
PUB_000552,MATERIALS_SCIENCE
PUB_000553,COMPUTER_SCIENCE
PUB_000554,ENGINEERING
PUB_000555,PHYSICS_AND_ASTRONOMY
PUB_000556,ENGINEERING
PUB_000557,MATERIALS_SCIENCE
PUB_000558,PHYSICS_AND_ASTRONOMY
PUB_000559,PHYSICS_AND_ASTRONOMY
PUB_000560,MATERIALS_SCIENCE
PUB_000561,COMPUTER_SCIENCE
PUB_000562,MATERIALS_SCIENCE
PUB_000563,ENGINEERING
PUB_000564,MATERIALS_SCIENCE
PUB_000565,PHYSICS_AND_ASTRONOMY
PUB_000566,ENGINEERING
PUB_000567,MATERIALS_SCIENCE
PUB_000568,COMPUTER_SCIENCE
PUB_000569,PHYSICS_AND_ASTRONOMY
PUB_000570,ENGINEERING
PUB_000571,PHYSICS_AND_ASTRONOMY
PUB_000572,MATERIALS_SCIENCE
PUB_000573,COMPUTER_SCIENCE
PUB_000574,MATERIALS_SCIENCE
PUB_000575,ENGINEERING
PUB_000576,MATERIALS_SCIENCE
PUB_000577,ENGINEERING
PUB_000578,ENGINEERING
PUB_000579,ENGINEERING
PUB_000580,PHYSICS_AND_ASTRONOMY
PUB_000581,MATERIALS_SCIENCE
PUB_000582,ENGINEERING
PUB_000583,MATERIALS_SCIENCE
PUB_000584,ENGINEERING
PUB_000585,MATERIALS_SCIENCE
PUB_000586,COMPUTER_SCIENCE
PUB_000587,ENGINEERING
PUB_000588,ENGINEERING
PUB_000589,PHYSICS_AND_ASTRONOMY
PUB_000590,MATERIALS_SCIENCE
PUB_000591,PHYSICS_AND_ASTRONOMY
PUB_000592,MATERIALS_SCIENCE
PUB_000593,ENGINEERING
PUB_000594,MATERIALS_SCIENCE
PUB_000595,MATHEMATICS
PUB_000596,ENGINEERING
PUB_000597,PHYSICS_AND_ASTRONOMY
PUB_000598,PHYSICS_AND_ASTRONOMY
PUB_000599,MATERIALS_SCIENCE
PUB_000600,ENGINEERING
PUB_000601,ENGINEERING
PUB_000602,ENGINEERING
PUB_000603,ENGINEERING
PUB_000604,ENGINEERING
PUB_000605,MATERIALS_SCIENCE
PUB_000606,ENGINEERING
PUB_000607,ENGINEERING
PUB_000608,COMPUTER_SCIENCE
PUB_000609,COMPUTER_SCIENCE
PUB_000610,PHYSICS_AND_ASTRONOMY
PUB_000611,MATERIALS_SCIENCE
PUB_000612,ENGINEERING
PUB_000613,ENGINEERING
PUB_000614,MATERIALS_SCIENCE
PUB_000615,MATERIALS_SCIENCE
PUB_000616,COMPUTER_SCIENCE
PUB_000617,ENGINEERING
PUB_000618,COMPUTER_SCIENCE
PUB_000619,MATERIALS_SCIENCE
PUB_000620,MATERIALS_SCIENCE
PUB_000621,ENGINEERING
PUB_000622,ENGINEERING
PUB_000623,ENGINEERING
PUB_000624,PHYSICS_AND_ASTRONOMY
PUB_000625,MATERIALS_SCIENCE
PUB_000626,MATERIALS_SCIENCE
PUB_000627,MATERIALS_SCIENCE
PUB_000628,MATERIALS_SCIENCE
PUB_000629,ENGINEERING
PUB_000630,COMPUTER_SCIENCE
PUB_000631,ENGINEERING
PUB_000632,PHYSICS_AND_ASTRONOMY
PUB_000633,COMPUTER_SCIENCE
PUB_000634,MATERIALS_SCIENCE
PUB_000635,MATERIALS_SCIENCE
PUB_000636,MATERIALS_SCIENCE
PUB_000637,ENGINEERING
PUB_000638,ENGINEERING
PUB_000639,COMPUTER_SCIENCE
PUB_000640,PHYSICS_AND_ASTRONOMY
PUB_000641,ENGINEERING
PUB_000642,ENGINEERING
PUB_000643,ENGINEERING
PUB_000644,MATERIALS_SCIENCE
PUB_000645,MATERIALS_SCIENCE
PUB_000646,COMPUTER_SCIENCE
PUB_000647,ENGINEERING
PUB_000648,PHYSICS_AND_ASTRONOMY
PUB_000649,ENGINEERING
PUB_000650,MATERIALS_SCIENCE
PUB_000651,MATERIALS_SCIENCE
PUB_000652,PHYSICS_AND_ASTRONOMY
PUB_000653,MATERIALS_SCIENCE
PUB_000654,MATERIALS_SCIENCE
PUB_000655,ENGINEERING
PUB_000656,ENGINEERING
PUB_000657,ENGINEERING
PUB_000658,ENGINEERING
PUB_000659,ENGINEERING
PUB_000660,COMPUTER_SCIENCE
PUB_000661,ENGINEERING
PUB_000662,COMPUTER_SCIENCE
PUB_000663,COMPUTER_SCIENCE
PUB_000664,PHYSICS_AND_ASTRONOMY
PUB_000665,PHYSICS_AND_ASTRONOMY
PUB_000666,MATERIALS_SCIENCE
PUB_000667,ENGINEERING
PUB_000668,ENGINEERING
PUB_000669,ENGINEERING
PUB_000670,COMPUTER_SCIENCE
PUB_000671,MATERIALS_SCIENCE
PUB_000672,MATERIALS_SCIENCE
PUB_000673,MATERIALS_SCIENCE
PUB_000674,MATERIALS_SCIENCE
PUB_000675,MATERIALS_SCIENCE
PUB_000676,ENGINEERING
PUB_000677,COMPUTER_SCIENCE
PUB_000678,ENGINEERING
PUB_000679,ENGINEERING
PUB_000680,PHYSICS_AND_ASTRONOMY
PUB_000681,ENGINEERING
PUB_000682,ENGINEERING
PUB_000683,PHYSICS_AND_ASTRONOMY
PUB_000684,PHYSICS_AND_ASTRONOMY
PUB_000685,ENGINEERING
PUB_000686,COMPUTER_SCIENCE
PUB_000687,ENGINEERING
PUB_000688,ENGINEERING
PUB_000689,MATERIALS_SCIENCE
PUB_000690,ENGINEERING
PUB_000691,ENGINEERING
PUB_000692,ENGINEERING
PUB_000693,MATERIALS_SCIENCE
PUB_000694,COMPUTER_SCIENCE
PUB_000695,COMPUTER_SCIENCE
PUB_000696,PHYSICS_AND_ASTRONOMY
PUB_000697,ENGINEERING
PUB_000698,COMPUTER_SCIENCE
PUB_000699,MATERIALS_SCIENCE
PUB_000700,COMPUTER_SCIENCE
PUB_000701,COMPUTER_SCIENCE
PUB_000702,ENGINEERING
PUB_000703,MATERIALS_SCIENCE
PUB_000704,MATHEMATICS
PUB_000705,MATERIALS_SCIENCE
PUB_000706,ENGINEERING
PUB_000707,ENGINEERING
PUB_000708,PHYSICS_AND_ASTRONOMY
PUB_000709,ENGINEERING
PUB_000710,MATERIALS_SCIENCE
PUB_000711,PHYSICS_AND_ASTRONOMY
PUB_000712,ENGINEERING
PUB_000713,MATERIALS_SCIENCE
PUB_000714,ENGINEERING
PUB_000715,MATERIALS_SCIENCE
PUB_000716,ENGINEERING
PUB_000717,MATERIALS_SCIENCE
PUB_000718,COMPUTER_SCIENCE
PUB_000719,COMPUTER_SCIENCE
PUB_000720,MATERIALS_SCIENCE
PUB_000721,MATERIALS_SCIENCE
PUB_000722,COMPUTER_SCIENCE
PUB_000723,MATERIALS_SCIENCE
PUB_000724,MATERIALS_SCIENCE
PUB_000725,PHYSICS_AND_ASTRONOMY
PUB_000726,ENGINEERING
PUB_000727,ENGINEERING
PUB_000728,PHYSICS_AND_ASTRONOMY
PUB_000729,PHYSICS_AND_ASTRONOMY
PUB_000730,MATERIALS_SCIENCE
PUB_000731,MATERIALS_SCIENCE
PUB_000732,MATERIALS_SCIENCE
PUB_000733,ENGINEERING
PUB_000734,ENGINEERING
PUB_000735,PHYSICS_AND_ASTRONOMY
PUB_000736,PHYSICS_AND_ASTRONOMY
PUB_000737,COMPUTER_SCIENCE
PUB_000738,MATERIALS_SCIENCE
PUB_000739,ENGINEERING
PUB_000740,PHYSICS_AND_ASTRONOMY
PUB_000741,COMPUTER_SCIENCE
PUB_000742,MATERIALS_SCIENCE
PUB_000743,MATERIALS_SCIENCE
PUB_000744,MATERIALS_SCIENCE
PUB_000745,MATERIALS_SCIENCE
PUB_000746,ENGINEERING
PUB_000747,ENGINEERING
PUB_000748,COMPUTER_SCIENCE
PUB_000749,COMPUTER_SCIENCE
PUB_000750,MATERIALS_SCIENCE
PUB_000751,ENGINEERING
PUB_000752,ENGINEERING
PUB_000753,ENGINEERING
PUB_000754,ENGINEERING
PUB_000755,COMPUTER_SCIENCE
PUB_000756,MATERIALS_SCIENCE
PUB_000757,COMPUTER_SCIENCE
PUB_000758,MATERIALS_SCIENCE
PUB_000759,PHYSICS_AND_ASTRONOMY
PUB_000760,ENGINEERING
PUB_000761,ENGINEERING
PUB_000762,PHYSICS_AND_ASTRONOMY
PUB_000763,ENGINEERING
PUB_000764,COMPUTER_SCIENCE
PUB_000765,MATERIALS_SCIENCE
PUB_000766,ENGINEERING
PUB_000767,COMPUTER_SCIENCE
PUB_000768,ENGINEERING
PUB_000769,ENGINEERING
PUB_000770,MATERIALS_SCIENCE
PUB_000771,MATERIALS_SCIENCE
PUB_000772,ENGINEERING
PUB_000773,MATHEMATICS
PUB_000774,MATERIALS_SCIENCE
PUB_000775,ENGINEERING
PUB_000776,ENGINEERING
PUB_000777,ENGINEERING
PUB_000778,MATERIALS_SCIENCE
PUB_000779,MATERIALS_SCIENCE
PUB_000780,COMPUTER_SCIENCE
PUB_000781,ENGINEERING
PUB_000782,MATERIALS_SCIENCE
PUB_000783,COMPUTER_SCIENCE
PUB_000784,MATERIALS_SCIENCE
PUB_000785,PHYSICS_AND_ASTRONOMY
PUB_000786,COMPUTER_SCIENCE
PUB_000787,COMPUTER_SCIENCE
PUB_000788,COMPUTER_SCIENCE
PUB_000789,MATERIALS_SCIENCE
PUB_000790,ENGINEERING
PUB_000791,ENGINEERING
PUB_000792,COMPUTER_SCIENCE
PUB_000793,MATERIALS_SCIENCE
PUB_000794,MATERIALS_SCIENCE
PUB_000795,PHYSICS_AND_ASTRONOMY
PUB_000796,ENGINEERING
PUB_000797,ENGINEERING
PUB_000798,ENGINEERING
PUB_000799,MATERIALS_SCIENCE
PUB_000800,MATERIALS_SCIENCE
PUB_000801,MATERIALS_SCIENCE
PUB_000802,ENGINEERING
PUB_000803,MATERIALS_SCIENCE
PUB_000804,MATERIALS_SCIENCE
PUB_000805,MATERIALS_SCIENCE
PUB_000806,ENGINEERING
PUB_000807,ENGINEERING
PUB_000808,PHYSICS_AND_ASTRONOMY
PUB_000809,ENGINEERING
PUB_000810,MATERIALS_SCIENCE
PUB_000811,ENGINEERING
PUB_000812,PHYSICS_AND_ASTRONOMY
PUB_000813,MATHEMATICS
PUB_000814,MATERIALS_SCIENCE
PUB_000815,ENGINEERING
PUB_000816,ENGINEERING
PUB_000817,COMPUTER_SCIENCE
PUB_000818,ENGINEERING
PUB_000819,PHYSICS_AND_ASTRONOMY
PUB_000820,PHYSICS_AND_ASTRONOMY
PUB_000821,PHYSICS_AND_ASTRONOMY
PUB_000822,MATERIALS_SCIENCE
PUB_000823,ENGINEERING
PUB_000824,PHYSICS_AND_ASTRONOMY
PUB_000825,ENGINEERING
PUB_000826,COMPUTER_SCIENCE
PUB_000827,MATHEMATICS
PUB_000828,PHYSICS_AND_ASTRONOMY
PUB_000829,MATERIALS_SCIENCE
PUB_000830,PHYSICS_AND_ASTRONOMY
PUB_000831,MATHEMATICS
PUB_000832,ENGINEERING
PUB_000833,ENGINEERING
PUB_000834,ENGINEERING
PUB_000835,COMPUTER_SCIENCE
PUB_000836,MATERIALS_SCIENCE
PUB_000837,MATERIALS_SCIENCE
PUB_000838,COMPUTER_SCIENCE
PUB_000839,COMPUTER_SCIENCE
PUB_000840,ENGINEERING
PUB_000841,COMPUTER_SCIENCE
PUB_000842,ENGINEERING
PUB_000843,ENGINEERING
PUB_000844,COMPUTER_SCIENCE
PUB_000845,MATHEMATICS
PUB_000846,ENGINEERING
PUB_000847,ENGINEERING
PUB_000848,ENGINEERING
PUB_000849,COMPUTER_SCIENCE
PUB_000850,PHYSICS_AND_ASTRONOMY
PUB_000851,ENGINEERING
PUB_000852,ENGINEERING
PUB_000853,MATERIALS_SCIENCE
PUB_000854,COMPUTER_SCIENCE
PUB_000855,MATERIALS_SCIENCE
PUB_000856,MATERIALS_SCIENCE
PUB_000857,COMPUTER_SCIENCE
PUB_000858,PHYSICS_AND_ASTRONOMY
PUB_000859,PHYSICS_AND_ASTRONOMY
PUB_000860,MATHEMATICS
PUB_000861,ENGINEERING
PUB_000862,PHYSICS_AND_ASTRONOMY
PUB_000863,MATERIALS_SCIENCE
PUB_000864,ENGINEERING
PUB_000865,MATERIALS_SCIENCE
PUB_000866,ENGINEERING
PUB_000867,MATERIALS_SCIENCE
PUB_000868,MATHEMATICS
PUB_000869,COMPUTER_SCIENCE
PUB_000870,MATHEMATICS
PUB_000871,ENGINEERING
PUB_000872,ENGINEERING
PUB_000873,ENGINEERING
PUB_000874,ENGINEERING
PUB_000875,ENGINEERING
PUB_000876,MATERIALS_SCIENCE
PUB_000877,ENGINEERING
PUB_000878,MATHEMATICS
PUB_000879,MATERIALS_SCIENCE
PUB_000880,MATERIALS_SCIENCE
PUB_000881,ENGINEERING
PUB_000882,COMPUTER_SCIENCE
PUB_000883,ENGINEERING
PUB_000884,MATERIALS_SCIENCE
PUB_000885,ENGINEERING
PUB_000886,MATHEMATICS
PUB_000887,COMPUTER_SCIENCE
PUB_000888,ENGINEERING
PUB_000889,ENGINEERING
PUB_000890,ENGINEERING
PUB_000891,COMPUTER_SCIENCE
PUB_000892,ENGINEERING
PUB_000893,COMPUTER_SCIENCE
PUB_000894,COMPUTER_SCIENCE
PUB_000895,ENGINEERING
PUB_000896,MATERIALS_SCIENCE
PUB_000897,COMPUTER_SCIENCE
PUB_000898,COMPUTER_SCIENCE
PUB_000899,ENGINEERING
PUB_000900,PHYSICS_AND_ASTRONOMY
PUB_000901,MATERIALS_SCIENCE
PUB_000902,ENGINEERING
PUB_000903,ENGINEERING
PUB_000904,MATERIALS_SCIENCE
PUB_000905,MATERIALS_SCIENCE
PUB_000906,ENGINEERING
PUB_000907,MATERIALS_SCIENCE
PUB_000908,MATERIALS_SCIENCE
PUB_000909,ENGINEERING
PUB_000910,ENGINEERING
PUB_000911,ENGINEERING
PUB_000912,COMPUTER_SCIENCE
PUB_000913,ENGINEERING
PUB_000914,ENGINEERING
PUB_000915,ENGINEERING
PUB_000916,COMPUTER_SCIENCE
PUB_000917,PHYSICS_AND_ASTRONOMY
PUB_000918,ENGINEERING
PUB_000919,MATERIALS_SCIENCE
PUB_000920,ENGINEERING
PUB_000921,COMPUTER_SCIENCE
PUB_000922,PHYSICS_AND_ASTRONOMY
PUB_000923,MATERIALS_SCIENCE
PUB_000924,ENGINEERING
PUB_000925,ENGINEERING
PUB_000926,ENGINEERING
PUB_000927,MATERIALS_SCIENCE
PUB_000928,ENGINEERING
PUB_000929,MATERIALS_SCIENCE
PUB_000930,COMPUTER_SCIENCE
PUB_000931,ENGINEERING
PUB_000932,COMPUTER_SCIENCE
PUB_000933,ENGINEERING
PUB_000934,COMPUTER_SCIENCE
PUB_000935,COMPUTER_SCIENCE
PUB_000936,COMPUTER_SCIENCE
PUB_000937,COMPUTER_SCIENCE
PUB_000938,PHYSICS_AND_ASTRONOMY
PUB_000939,ENGINEERING
PUB_000940,ENGINEERING
PUB_000941,ENGINEERING
PUB_000942,ENGINEERING
PUB_000943,ENGINEERING
PUB_000944,ENGINEERING
PUB_000945,ENGINEERING
PUB_000946,PHYSICS_AND_ASTRONOMY
PUB_000947,MATERIALS_SCIENCE
PUB_000948,ENGINEERING
PUB_000949,ENGINEERING
PUB_000950,MATERIALS_SCIENCE
PUB_000951,ENGINEERING
PUB_000952,COMPUTER_SCIENCE
PUB_000953,ENGINEERING
PUB_000954,MATERIALS_SCIENCE
PUB_000955,ENGINEERING
PUB_000956,ENGINEERING
PUB_000957,MATERIALS_SCIENCE
PUB_000958,MATERIALS_SCIENCE
PUB_000959,ENGINEERING
PUB_000960,COMPUTER_SCIENCE
PUB_000961,ENGINEERING
PUB_000962,MATERIALS_SCIENCE
PUB_000963,MATHEMATICS
PUB_000964,MATERIALS_SCIENCE
PUB_000965,ENGINEERING
PUB_000966,ENGINEERING
PUB_000967,ENGINEERING
PUB_000968,ENGINEERING
PUB_000969,PHYSICS_AND_ASTRONOMY
PUB_000970,PHYSICS_AND_ASTRONOMY
PUB_000971,ENGINEERING
PUB_000972,ENGINEERING
PUB_000973,ENGINEERING
PUB_000974,ENGINEERING
PUB_000975,ENGINEERING
PUB_000976,PHYSICS_AND_ASTRONOMY
PUB_000977,ENGINEERING
PUB_000978,ENGINEERING
PUB_000979,COMPUTER_SCIENCE
PUB_000980,PHYSICS_AND_ASTRONOMY
PUB_000981,ENGINEERING
PUB_000982,PHYSICS_AND_ASTRONOMY
PUB_000983,MATERIALS_SCIENCE
PUB_000984,MATERIALS_SCIENCE
PUB_000985,ENGINEERING
PUB_000986,COMPUTER_SCIENCE
PUB_000987,ENGINEERING
PUB_000988,COMPUTER_SCIENCE
PUB_000989,ENGINEERING
PUB_000990,MATERIALS_SCIENCE
PUB_000991,MATERIALS_SCIENCE
PUB_000992,ENGINEERING
PUB_000993,ENGINEERING
PUB_000994,ENGINEERING
PUB_000995,MATERIALS_SCIENCE
PUB_000996,PHYSICS_AND_ASTRONOMY
PUB_000997,COMPUTER_SCIENCE
PUB_000998,COMPUTER_SCIENCE
PUB_000999,PHYSICS_AND_ASTRONOMY
PUB_001000,ENGINEERING
PUB_001001,MATERIALS_SCIENCE
PUB_001002,ENGINEERING
PUB_001003,PHYSICS_AND_ASTRONOMY
PUB_001004,ENGINEERING
PUB_001005,ENGINEERING
PUB_001006,ENGINEERING
PUB_001007,ENGINEERING
PUB_001008,ENGINEERING
PUB_001009,COMPUTER_SCIENCE
PUB_001010,PHYSICS_AND_ASTRONOMY
PUB_001011,ENGINEERING
PUB_001012,COMPUTER_SCIENCE
PUB_001013,PHYSICS_AND_ASTRONOMY
PUB_001014,COMPUTER_SCIENCE
PUB_001015,COMPUTER_SCIENCE
PUB_001016,ENGINEERING
PUB_001017,MATERIALS_SCIENCE
PUB_001018,ENGINEERING
PUB_001019,ENGINEERING
PUB_001020,ENGINEERING
PUB_001021,ENGINEERING
PUB_001022,COMPUTER_SCIENCE
PUB_001023,ENGINEERING
PUB_001024,PHYSICS_AND_ASTRONOMY
PUB_001025,ENGINEERING
PUB_001026,MATERIALS_SCIENCE
PUB_001027,ENGINEERING
PUB_001028,ENGINEERING
PUB_001029,MATERIALS_SCIENCE
PUB_001030,PHYSICS_AND_ASTRONOMY
PUB_001031,ENGINEERING
PUB_001032,MATERIALS_SCIENCE
PUB_001033,PHYSICS_AND_ASTRONOMY
PUB_001034,ENGINEERING
PUB_001035,COMPUTER_SCIENCE
PUB_001036,ENGINEERING
PUB_001037,COMPUTER_SCIENCE
PUB_001038,ENGINEERING
PUB_001039,MATERIALS_SCIENCE
PUB_001040,ENGINEERING
PUB_001041,ENGINEERING
PUB_001042,PHYSICS_AND_ASTRONOMY
PUB_001043,ENGINEERING
PUB_001044,COMPUTER_SCIENCE
PUB_001045,PHYSICS_AND_ASTRONOMY
PUB_001046,ENGINEERING
PUB_001047,ENGINEERING
PUB_001048,MATHEMATICS
PUB_001049,MATERIALS_SCIENCE
PUB_001050,ENGINEERING
PUB_001051,MATERIALS_SCIENCE
PUB_001052,COMPUTER_SCIENCE
PUB_001053,PHYSICS_AND_ASTRONOMY
PUB_001054,MATERIALS_SCIENCE
PUB_001055,MATERIALS_SCIENCE
PUB_001056,MATERIALS_SCIENCE
PUB_001057,ENGINEERING
PUB_001058,ENGINEERING
PUB_001059,PHYSICS_AND_ASTRONOMY
PUB_001060,ENGINEERING
PUB_001061,ENGINEERING
PUB_001062,ENGINEERING
PUB_001063,ENGINEERING
PUB_001064,COMPUTER_SCIENCE
PUB_001065,PHYSICS_AND_ASTRONOMY
PUB_001066,ENGINEERING
PUB_001067,ENGINEERING
PUB_001068,ENGINEERING
PUB_001069,COMPUTER_SCIENCE
PUB_001070,ENGINEERING
PUB_001071,ENGINEERING
PUB_001072,ENGINEERING
PUB_001073,ENGINEERING
PUB_001074,ENGINEERING
PUB_001075,COMPUTER_SCIENCE
PUB_001076,COMPUTER_SCIENCE
PUB_001077,ENGINEERING
PUB_001078,COMPUTER_SCIENCE
PUB_001079,COMPUTER_SCIENCE
PUB_001080,PHYSICS_AND_ASTRONOMY
PUB_001081,MATERIALS_SCIENCE
PUB_001082,ENGINEERING
PUB_001083,ENGINEERING
PUB_001084,ENGINEERING
PUB_001085,COMPUTER_SCIENCE
PUB_001086,COMPUTER_SCIENCE
PUB_001087,COMPUTER_SCIENCE
PUB_001088,MATERIALS_SCIENCE
PUB_001089,ENGINEERING
PUB_001090,COMPUTER_SCIENCE
PUB_001091,COMPUTER_SCIENCE
PUB_001092,COMPUTER_SCIENCE
PUB_001093,MATERIALS_SCIENCE
PUB_001094,ENGINEERING
PUB_001095,ENGINEERING
PUB_001096,COMPUTER_SCIENCE
PUB_001097,ENGINEERING
PUB_001098,COMPUTER_SCIENCE
PUB_001099,COMPUTER_SCIENCE
PUB_001100,MATERIALS_SCIENCE
PUB_001101,COMPUTER_SCIENCE
PUB_001102,ENGINEERING
PUB_001103,ENGINEERING
PUB_001104,ENGINEERING
PUB_001105,ENGINEERING
PUB_001106,COMPUTER_SCIENCE
PUB_001107,ENGINEERING
PUB_001108,ENGINEERING
PUB_001109,MATERIALS_SCIENCE
PUB_001110,ENGINEERING
PUB_001111,PHYSICS_AND_ASTRONOMY
PUB_001112,ENGINEERING
PUB_001113,ENGINEERING
PUB_001114,PHYSICS_AND_ASTRONOMY
PUB_001115,PHYSICS_AND_ASTRONOMY
PUB_001116,MATERIALS_SCIENCE
PUB_001117,COMPUTER_SCIENCE
PUB_001118,MATERIALS_SCIENCE
PUB_001119,MATERIALS_SCIENCE
PUB_001120,ENGINEERING
PUB_001121,COMPUTER_SCIENCE
PUB_001122,ENGINEERING
PUB_001123,ENGINEERING
PUB_001124,ENGINEERING
PUB_001125,MATHEMATICS
PUB_001126,ENGINEERING
PUB_001127,PHYSICS_AND_ASTRONOMY
PUB_001128,ENGINEERING
PUB_001129,MATERIALS_SCIENCE
PUB_001130,ENGINEERING
PUB_001131,PHYSICS_AND_ASTRONOMY
PUB_001132,ENGINEERING
PUB_001133,ENGINEERING
PUB_001134,ENGINEERING
PUB_001135,PHYSICS_AND_ASTRONOMY
PUB_001136,ENGINEERING
PUB_001137,ENGINEERING
PUB_001138,COMPUTER_SCIENCE
PUB_001139,ENGINEERING
PUB_001140,ENGINEERING
PUB_001141,ENGINEERING
PUB_001142,MATERIALS_SCIENCE
PUB_001143,ENGINEERING
PUB_001144,ENGINEERING
PUB_001145,MATHEMATICS
PUB_001146,ENGINEERING
PUB_001147,ENGINEERING
PUB_001148,MATERIALS_SCIENCE
PUB_001149,ENGINEERING
PUB_001150,MATHEMATICS
PUB_001151,MATERIALS_SCIENCE
PUB_001152,COMPUTER_SCIENCE
PUB_001153,COMPUTER_SCIENCE
PUB_001154,MATERIALS_SCIENCE
PUB_001155,ENGINEERING
PUB_001156,ENGINEERING
PUB_001157,ENGINEERING
PUB_001158,COMPUTER_SCIENCE
PUB_001159,PHYSICS_AND_ASTRONOMY
PUB_001160,COMPUTER_SCIENCE
PUB_001161,ENGINEERING
PUB_001162,COMPUTER_SCIENCE
PUB_001163,MATERIALS_SCIENCE
PUB_001164,ENGINEERING
PUB_001165,MATERIALS_SCIENCE
PUB_001166,ENGINEERING
PUB_001167,MATERIALS_SCIENCE
PUB_001168,ENGINEERING
PUB_001169,COMPUTER_SCIENCE
PUB_001170,ENGINEERING
PUB_001171,ENGINEERING
PUB_001172,COMPUTER_SCIENCE
PUB_001173,MATERIALS_SCIENCE
PUB_001174,ENGINEERING
PUB_001175,COMPUTER_SCIENCE
PUB_001176,MATHEMATICS
PUB_001177,ENGINEERING
PUB_001178,COMPUTER_SCIENCE
PUB_001179,MATERIALS_SCIENCE
PUB_001180,MATERIALS_SCIENCE
PUB_001181,MATHEMATICS
PUB_001182,ENGINEERING
PUB_001183,ENGINEERING
PUB_001184,COMPUTER_SCIENCE
PUB_001185,ENGINEERING
PUB_001186,PHYSICS_AND_ASTRONOMY
PUB_001187,ENGINEERING
PUB_001188,COMPUTER_SCIENCE
PUB_001189,ENGINEERING
PUB_001190,ENGINEERING
PUB_001191,ENGINEERING
PUB_001192,ENGINEERING
PUB_001193,COMPUTER_SCIENCE
PUB_001194,COMPUTER_SCIENCE
PUB_001195,ENGINEERING
PUB_001196,ENGINEERING
PUB_001197,MATHEMATICS
PUB_001198,ENGINEERING
PUB_001199,ENGINEERING
PUB_001200,ENGINEERING
PUB_001201,MATERIALS_SCIENCE
PUB_001202,ENGINEERING
PUB_001203,ENGINEERING
PUB_001204,MATERIALS_SCIENCE
PUB_001205,ENGINEERING
PUB_001206,ENGINEERING
PUB_001207,ENGINEERING
PUB_001208,MATHEMATICS
PUB_001209,COMPUTER_SCIENCE
PUB_001210,ENGINEERING
PUB_001211,MATERIALS_SCIENCE
PUB_001212,MATERIALS_SCIENCE
PUB_001213,PHYSICS_AND_ASTRONOMY
PUB_001214,ENGINEERING
PUB_001215,COMPUTER_SCIENCE
PUB_001216,ENGINEERING
PUB_001217,ENGINEERING
PUB_001218,ENGINEERING
PUB_001219,MATHEMATICS
PUB_001220,MATERIALS_SCIENCE
PUB_001221,ENGINEERING
PUB_001222,ENGINEERING
PUB_001223,ENGINEERING
PUB_001224,ENGINEERING
PUB_001225,ENGINEERING
PUB_001226,ENGINEERING
PUB_001227,MATERIALS_SCIENCE
PUB_001228,ENGINEERING
PUB_001229,MATERIALS_SCIENCE
PUB_001230,COMPUTER_SCIENCE
PUB_001231,ENGINEERING
PUB_001232,ENGINEERING
PUB_001233,COMPUTER_SCIENCE
PUB_001234,PHYSICS_AND_ASTRONOMY
PUB_001235,MATERIALS_SCIENCE
PUB_001236,ENGINEERING
PUB_001237,ENGINEERING
PUB_001238,PHYSICS_AND_ASTRONOMY
PUB_001239,PHYSICS_AND_ASTRONOMY
PUB_001240,ENGINEERING
PUB_001241,ENGINEERING
PUB_001242,MATERIALS_SCIENCE
PUB_001243,MATERIALS_SCIENCE
PUB_001244,ENGINEERING
PUB_001245,PHYSICS_AND_ASTRONOMY
PUB_001246,ENGINEERING
PUB_001247,MATERIALS_SCIENCE
PUB_001248,COMPUTER_SCIENCE
PUB_001249,ENGINEERING
PUB_001250,ENGINEERING
PUB_001251,MATHEMATICS
PUB_001252,COMPUTER_SCIENCE
PUB_001253,MATERIALS_SCIENCE
PUB_001254,ENGINEERING
PUB_001255,ENGINEERING
PUB_001256,ENGINEERING
PUB_001257,MATERIALS_SCIENCE
PUB_001258,COMPUTER_SCIENCE
PUB_001259,ENGINEERING
PUB_001260,ENGINEERING
PUB_001261,ENGINEERING
PUB_001262,COMPUTER_SCIENCE
PUB_001263,MATHEMATICS
PUB_001264,COMPUTER_SCIENCE
PUB_001265,ENGINEERING
PUB_001266,PHYSICS_AND_ASTRONOMY
PUB_001267,ENGINEERING
PUB_001268,ENGINEERING
PUB_001269,PHYSICS_AND_ASTRONOMY
PUB_001270,ENGINEERING
PUB_001271,ENGINEERING
PUB_001272,PHYSICS_AND_ASTRONOMY
PUB_001273,ENGINEERING
PUB_001274,PHYSICS_AND_ASTRONOMY
PUB_001275,ENGINEERING
PUB_001276,ENGINEERING
PUB_001277,PHYSICS_AND_ASTRONOMY
PUB_001278,COMPUTER_SCIENCE
PUB_001279,ENGINEERING
PUB_001280,ENGINEERING
PUB_001281,ENGINEERING
PUB_001282,ENGINEERING
PUB_001283,COMPUTER_SCIENCE
PUB_001284,ENGINEERING
PUB_001285,COMPUTER_SCIENCE
PUB_001286,ENGINEERING
PUB_001287,MATERIALS_SCIENCE
PUB_001288,COMPUTER_SCIENCE
PUB_001289,COMPUTER_SCIENCE
PUB_001290,ENGINEERING
PUB_001291,COMPUTER_SCIENCE
PUB_001292,MATERIALS_SCIENCE
PUB_001293,MATERIALS_SCIENCE
PUB_001294,ENGINEERING
PUB_001295,COMPUTER_SCIENCE
PUB_001296,ENGINEERING
PUB_001297,COMPUTER_SCIENCE
PUB_001298,ENGINEERING
PUB_001299,MATERIALS_SCIENCE
PUB_001300,ENGINEERING
PUB_001301,COMPUTER_SCIENCE
PUB_001302,PHYSICS_AND_ASTRONOMY
PUB_001303,COMPUTER_SCIENCE
PUB_001304,ENGINEERING
PUB_001305,ENGINEERING
PUB_001306,COMPUTER_SCIENCE
PUB_001307,ENGINEERING
PUB_001308,ENGINEERING
PUB_001309,COMPUTER_SCIENCE
PUB_001310,ENGINEERING
PUB_001311,MATERIALS_SCIENCE
PUB_001312,ENGINEERING
PUB_001313,ENGINEERING
PUB_001314,PHYSICS_AND_ASTRONOMY
PUB_001315,ENGINEERING
PUB_001316,ENGINEERING
PUB_001317,ENGINEERING
PUB_001318,COMPUTER_SCIENCE
PUB_001319,COMPUTER_SCIENCE
PUB_001320,ENGINEERING
PUB_001321,PHYSICS_AND_ASTRONOMY
PUB_001322,ENGINEERING
PUB_001323,MATERIALS_SCIENCE
PUB_001324,ENGINEERING
PUB_001325,ENGINEERING
PUB_001326,MATERIALS_SCIENCE
PUB_001327,ENGINEERING
PUB_001328,MATERIALS_SCIENCE
PUB_001329,COMPUTER_SCIENCE
PUB_001330,PHYSICS_AND_ASTRONOMY
PUB_001331,MATHEMATICS
PUB_001332,ENGINEERING
PUB_001333,MATHEMATICS
PUB_001334,ENGINEERING
PUB_001335,COMPUTER_SCIENCE
PUB_001336,ENGINEERING
PUB_001337,COMPUTER_SCIENCE
PUB_001338,ENGINEERING
PUB_001339,COMPUTER_SCIENCE
PUB_001340,MATERIALS_SCIENCE
PUB_001341,COMPUTER_SCIENCE
PUB_001342,COMPUTER_SCIENCE
PUB_001343,COMPUTER_SCIENCE
PUB_001344,ENGINEERING
PUB_001345,MATERIALS_SCIENCE
PUB_001346,ENGINEERING
PUB_001347,ENGINEERING
PUB_001348,ENGINEERING
PUB_001349,ENGINEERING
PUB_001350,ENGINEERING
PUB_001351,ENGINEERING
PUB_001352,ENGINEERING
PUB_001353,ENGINEERING
PUB_001354,ENGINEERING
PUB_001355,ENGINEERING
PUB_001356,ENGINEERING
PUB_001357,ENGINEERING
PUB_001358,COMPUTER_SCIENCE
PUB_001359,ENGINEERING
PUB_001360,ENGINEERING
PUB_001361,COMPUTER_SCIENCE
PUB_001362,MATERIALS_SCIENCE
PUB_001363,ENGINEERING
PUB_001364,COMPUTER_SCIENCE
PUB_001365,MATERIALS_SCIENCE
PUB_001366,ENGINEERING
PUB_001367,ENGINEERING
PUB_001368,ENGINEERING
PUB_001369,COMPUTER_SCIENCE
PUB_001370,ENGINEERING
PUB_001371,PHYSICS_AND_ASTRONOMY
PUB_001372,ENGINEERING
PUB_001373,ENGINEERING
PUB_001374,ENGINEERING
PUB_001375,ENGINEERING
PUB_001376,COMPUTER_SCIENCE
PUB_001377,ENGINEERING
PUB_001378,ENGINEERING
PUB_001379,ENGINEERING
PUB_001380,MATHEMATICS
PUB_001381,ENGINEERING
PUB_001382,MATERIALS_SCIENCE
PUB_001383,PHYSICS_AND_ASTRONOMY
PUB_001384,MATERIALS_SCIENCE
PUB_001385,MATHEMATICS
PUB_001386,COMPUTER_SCIENCE
PUB_001387,ENGINEERING
PUB_001388,ENGINEERING
PUB_001389,PHYSICS_AND_ASTRONOMY
PUB_001390,MATERIALS_SCIENCE
PUB_001391,ENGINEERING
PUB_001392,ENGINEERING
PUB_001393,MATHEMATICS
PUB_001394,MATHEMATICS
PUB_001395,COMPUTER_SCIENCE
PUB_001396,PHYSICS_AND_ASTRONOMY
PUB_001397,PHYSICS_AND_ASTRONOMY
PUB_001398,COMPUTER_SCIENCE
PUB_001399,ENGINEERING
PUB_001400,ENGINEERING
PUB_001401,ENGINEERING
PUB_001402,ENGINEERING
PUB_001403,COMPUTER_SCIENCE
PUB_001404,ENGINEERING
PUB_001405,MATERIALS_SCIENCE
PUB_001406,ENGINEERING
PUB_001407,ENGINEERING
PUB_001408,ENGINEERING
PUB_001409,MATERIALS_SCIENCE
PUB_001410,COMPUTER_SCIENCE
PUB_001411,ENGINEERING
PUB_001412,MATHEMATICS
PUB_001413,MATHEMATICS
PUB_001414,MATHEMATICS
PUB_001415,COMPUTER_SCIENCE
PUB_001416,PHYSICS_AND_ASTRONOMY
PUB_001417,ENGINEERING
PUB_001418,COMPUTER_SCIENCE
PUB_001419,COMPUTER_SCIENCE
PUB_001420,COMPUTER_SCIENCE
PUB_001421,COMPUTER_SCIENCE
PUB_001422,PHYSICS_AND_ASTRONOMY
PUB_001423,ENGINEERING
PUB_001424,MATERIALS_SCIENCE
PUB_001425,ENGINEERING
PUB_001426,ENGINEERING
PUB_001427,ENGINEERING
PUB_001428,ENGINEERING
PUB_001429,ENGINEERING
PUB_001430,ENGINEERING
PUB_001431,ENGINEERING
PUB_001432,ENGINEERING
PUB_001433,COMPUTER_SCIENCE
PUB_001434,ENGINEERING
PUB_001435,COMPUTER_SCIENCE
PUB_001436,ENGINEERING
PUB_001437,ENGINEERING
PUB_001438,ENGINEERING
PUB_001439,PHYSICS_AND_ASTRONOMY
PUB_001440,ENGINEERING
PUB_001441,ENGINEERING
PUB_001442,COMPUTER_SCIENCE
PUB_001443,COMPUTER_SCIENCE
PUB_001444,COMPUTER_SCIENCE
PUB_001445,ENGINEERING
PUB_001446,MATHEMATICS
PUB_001447,ENGINEERING
PUB_001448,MATERIALS_SCIENCE
PUB_001449,ENGINEERING
PUB_001450,PHYSICS_AND_ASTRONOMY
PUB_001451,ENGINEERING
PUB_001452,MATERIALS_SCIENCE
PUB_001453,ENGINEERING
PUB_001454,ENGINEERING
PUB_001455,ENGINEERING
PUB_001456,MATERIALS_SCIENCE
PUB_001457,ENGINEERING
PUB_001458,COMPUTER_SCIENCE
PUB_001459,ENGINEERING
PUB_001460,MATERIALS_SCIENCE
PUB_001461,ENGINEERING
PUB_001462,ENGINEERING
PUB_001463,MATERIALS_SCIENCE
PUB_001464,MATHEMATICS
PUB_001465,ENGINEERING
PUB_001466,MATERIALS_SCIENCE
PUB_001467,ENGINEERING
PUB_001468,ENGINEERING
PUB_001469,ENGINEERING
PUB_001470,ENGINEERING
PUB_001471,MATERIALS_SCIENCE
PUB_001472,COMPUTER_SCIENCE
PUB_001473,ENGINEERING
PUB_001474,ENGINEERING
PUB_001475,COMPUTER_SCIENCE
PUB_001476,ENGINEERING
PUB_001477,ENGINEERING
PUB_001478,ENGINEERING
PUB_001479,ENGINEERING
PUB_001480,ENGINEERING
PUB_001481,ENGINEERING
PUB_001482,PHYSICS_AND_ASTRONOMY
PUB_001483,ENGINEERING
PUB_001484,ENGINEERING
PUB_001485,ENGINEERING
PUB_001486,MATHEMATICS
PUB_001487,ENGINEERING
PUB_001488,MATHEMATICS
PUB_001489,MATHEMATICS
PUB_001490,MATHEMATICS
PUB_001491,PHYSICS_AND_ASTRONOMY
PUB_001492,COMPUTER_SCIENCE
PUB_001493,MATHEMATICS
PUB_001494,ENGINEERING
PUB_001495,ENGINEERING
PUB_001496,ENGINEERING
PUB_001497,COMPUTER_SCIENCE
PUB_001498,COMPUTER_SCIENCE
PUB_001499,PHYSICS_AND_ASTRONOMY
PUB_001500,COMPUTER_SCIENCE
PUB_001501,COMPUTER_SCIENCE
PUB_001502,COMPUTER_SCIENCE
PUB_001503,ENGINEERING
PUB_001504,MATERIALS_SCIENCE
PUB_001505,COMPUTER_SCIENCE
PUB_001506,ENGINEERING
PUB_001507,COMPUTER_SCIENCE
PUB_001508,ENGINEERING
PUB_001509,COMPUTER_SCIENCE
PUB_001510,ENGINEERING
PUB_001511,COMPUTER_SCIENCE
PUB_001512,COMPUTER_SCIENCE
PUB_001513,ENGINEERING
PUB_001514,ENGINEERING
PUB_001515,COMPUTER_SCIENCE
PUB_001516,ENGINEERING
PUB_001517,ENGINEERING
PUB_001518,COMPUTER_SCIENCE
PUB_001519,COMPUTER_SCIENCE
PUB_001520,ENGINEERING
PUB_001521,ENGINEERING
PUB_001522,MATERIALS_SCIENCE
PUB_001523,PHYSICS_AND_ASTRONOMY
PUB_001524,MATHEMATICS
PUB_001525,COMPUTER_SCIENCE
PUB_001526,MATERIALS_SCIENCE
PUB_001527,PHYSICS_AND_ASTRONOMY
PUB_001528,ENGINEERING
PUB_001529,ENGINEERING
PUB_001530,ENGINEERING
PUB_001531,ENGINEERING
PUB_001532,COMPUTER_SCIENCE
PUB_001533,ENGINEERING
PUB_001534,ENGINEERING
PUB_001535,ENGINEERING
PUB_001536,ENGINEERING
PUB_001537,ENGINEERING
PUB_001538,COMPUTER_SCIENCE
PUB_001539,MATERIALS_SCIENCE
PUB_001540,ENGINEERING
PUB_001541,PHYSICS_AND_ASTRONOMY
PUB_001542,COMPUTER_SCIENCE
PUB_001543,MATERIALS_SCIENCE
PUB_001544,ENGINEERING
PUB_001545,ENGINEERING
PUB_001546,ENGINEERING
PUB_001547,MATHEMATICS
PUB_001548,PHYSICS_AND_ASTRONOMY
PUB_001549,ENGINEERING
PUB_001550,COMPUTER_SCIENCE
PUB_001551,MATERIALS_SCIENCE
PUB_001552,ENGINEERING
PUB_001553,ENGINEERING
PUB_001554,ENGINEERING
PUB_001555,ENGINEERING
PUB_001556,MATHEMATICS
PUB_001557,COMPUTER_SCIENCE
PUB_001558,COMPUTER_SCIENCE
PUB_001559,COMPUTER_SCIENCE
PUB_001560,COMPUTER_SCIENCE
PUB_001561,PHYSICS_AND_ASTRONOMY
PUB_001562,PHYSICS_AND_ASTRONOMY
PUB_001563,MATERIALS_SCIENCE
PUB_001564,ENGINEERING
PUB_001565,COMPUTER_SCIENCE
PUB_001566,COMPUTER_SCIENCE
PUB_001567,ENGINEERING
PUB_001568,ENGINEERING
PUB_001569,ENGINEERING
PUB_001570,ENGINEERING
PUB_001571,PHYSICS_AND_ASTRONOMY
PUB_001572,PHYSICS_AND_ASTRONOMY
PUB_001573,PHYSICS_AND_ASTRONOMY
PUB_001574,ENGINEERING
PUB_001575,ENGINEERING
PUB_001576,ENGINEERING
PUB_001577,COMPUTER_SCIENCE
PUB_001578,ENGINEERING
PUB_001579,COMPUTER_SCIENCE
PUB_001580,COMPUTER_SCIENCE
PUB_001581,ENGINEERING
PUB_001582,COMPUTER_SCIENCE
PUB_001583,ENGINEERING
PUB_001584,ENGINEERING
PUB_001585,ENGINEERING
PUB_001586,COMPUTER_SCIENCE
PUB_001587,ENGINEERING
PUB_001588,ENGINEERING
PUB_001589,ENGINEERING
PUB_001590,COMPUTER_SCIENCE
PUB_001591,PHYSICS_AND_ASTRONOMY
PUB_001592,COMPUTER_SCIENCE
PUB_001593,ENGINEERING
PUB_001594,MATERIALS_SCIENCE
PUB_001595,PHYSICS_AND_ASTRONOMY
PUB_001596,COMPUTER_SCIENCE
PUB_001597,PHYSICS_AND_ASTRONOMY
PUB_001598,ENGINEERING
PUB_001599,ENGINEERING
PUB_001600,COMPUTER_SCIENCE
PUB_001601,COMPUTER_SCIENCE
PUB_001602,COMPUTER_SCIENCE
PUB_001603,COMPUTER_SCIENCE
PUB_001604,ENGINEERING
PUB_001605,ENGINEERING
PUB_001606,COMPUTER_SCIENCE
PUB_001607,ENGINEERING
PUB_001608,ENGINEERING
PUB_001609,PHYSICS_AND_ASTRONOMY
PUB_001610,ENGINEERING
PUB_001611,ENGINEERING
PUB_001612,ENGINEERING
PUB_001613,ENGINEERING
PUB_001614,COMPUTER_SCIENCE
PUB_001615,ENGINEERING
PUB_001616,COMPUTER_SCIENCE
PUB_001617,ENGINEERING
PUB_001618,MATERIALS_SCIENCE
PUB_001619,MATHEMATICS
PUB_001620,ENGINEERING
PUB_001621,COMPUTER_SCIENCE
PUB_001622,ENGINEERING
PUB_001623,ENGINEERING
PUB_001624,ENGINEERING
PUB_001625,MATERIALS_SCIENCE
PUB_001626,MATHEMATICS
PUB_001627,COMPUTER_SCIENCE
PUB_001628,COMPUTER_SCIENCE
PUB_001629,COMPUTER_SCIENCE
PUB_001630,COMPUTER_SCIENCE
PUB_001631,COMPUTER_SCIENCE
PUB_001632,COMPUTER_SCIENCE
PUB_001633,COMPUTER_SCIENCE
PUB_001634,COMPUTER_SCIENCE
PUB_001635,COMPUTER_SCIENCE
PUB_001636,COMPUTER_SCIENCE
PUB_001637,COMPUTER_SCIENCE
PUB_001638,COMPUTER_SCIENCE
PUB_001639,PHYSICS_AND_ASTRONOMY
PUB_001640,ENGINEERING
PUB_001641,ENGINEERING
PUB_001642,COMPUTER_SCIENCE
PUB_001643,COMPUTER_SCIENCE
PUB_001644,COMPUTER_SCIENCE
PUB_001645,COMPUTER_SCIENCE
PUB_001646,COMPUTER_SCIENCE
PUB_001647,COMPUTER_SCIENCE
PUB_001648,COMPUTER_SCIENCE
PUB_001649,PHYSICS_AND_ASTRONOMY
PUB_001650,COMPUTER_SCIENCE
PUB_001651,ENGINEERING
PUB_001652,COMPUTER_SCIENCE
PUB_001653,PHYSICS_AND_ASTRONOMY
PUB_001654,ENGINEERING
PUB_001655,COMPUTER_SCIENCE
PUB_001656,COMPUTER_SCIENCE
PUB_001657,COMPUTER_SCIENCE
PUB_001658,PHYSICS_AND_ASTRONOMY
PUB_001659,PHYSICS_AND_ASTRONOMY
PUB_001660,COMPUTER_SCIENCE
PUB_001661,ENGINEERING
PUB_001662,ENGINEERING
PUB_001663,PHYSICS_AND_ASTRONOMY
PUB_001664,COMPUTER_SCIENCE
PUB_001665,COMPUTER_SCIENCE
PUB_001666,PHYSICS_AND_ASTRONOMY
PUB_001667,ENGINEERING
PUB_001668,ENGINEERING
PUB_001669,ENGINEERING
PUB_001670,COMPUTER_SCIENCE
PUB_001671,MATERIALS_SCIENCE
PUB_001672,ENGINEERING
PUB_001673,ENGINEERING
PUB_001674,ENGINEERING
PUB_001675,PHYSICS_AND_ASTRONOMY
PUB_001676,MATHEMATICS
PUB_001677,ENGINEERING
PUB_001678,ENGINEERING
PUB_001679,MATHEMATICS
PUB_001680,MATERIALS_SCIENCE
PUB_001681,MATHEMATICS
PUB_001682,MATHEMATICS
PUB_001683,ENGINEERING
PUB_001684,COMPUTER_SCIENCE
PUB_001685,ENGINEERING
PUB_001686,COMPUTER_SCIENCE
PUB_001687,COMPUTER_SCIENCE
PUB_001688,COMPUTER_SCIENCE
PUB_001689,ENGINEERING
PUB_001690,COMPUTER_SCIENCE
PUB_001691,COMPUTER_SCIENCE
PUB_001692,COMPUTER_SCIENCE
PUB_001693,COMPUTER_SCIENCE
PUB_001694,COMPUTER_SCIENCE
PUB_001695,MATERIALS_SCIENCE
PUB_001696,COMPUTER_SCIENCE
PUB_001697,COMPUTER_SCIENCE
PUB_001698,PHYSICS_AND_ASTRONOMY
PUB_001699,ENGINEERING
PUB_001700,MATERIALS_SCIENCE
PUB_001701,ENGINEERING
PUB_001702,PHYSICS_AND_ASTRONOMY
PUB_001703,COMPUTER_SCIENCE
PUB_001704,ENGINEERING
PUB_001705,ENGINEERING
PUB_001706,ENGINEERING
PUB_001707,ENGINEERING
PUB_001708,MATERIALS_SCIENCE
PUB_001709,ENGINEERING
PUB_001710,ENGINEERING
PUB_001711,ENGINEERING
PUB_001712,ENGINEERING
PUB_001713,ENGINEERING
PUB_001714,ENGINEERING
PUB_001715,ENGINEERING
PUB_001716,ENGINEERING
PUB_001717,COMPUTER_SCIENCE
PUB_001718,ENGINEERING
PUB_001719,ENGINEERING
PUB_001720,ENGINEERING
PUB_001721,COMPUTER_SCIENCE
PUB_001722,MATHEMATICS
PUB_001723,COMPUTER_SCIENCE
PUB_001724,ENGINEERING
PUB_001725,COMPUTER_SCIENCE
PUB_001726,ENGINEERING
PUB_001727,ENGINEERING
PUB_001728,ENGINEERING
PUB_001729,ENGINEERING
PUB_001730,ENGINEERING
PUB_001731,ENGINEERING
PUB_001732,ENGINEERING
PUB_001733,COMPUTER_SCIENCE
PUB_001734,MATHEMATICS
PUB_001735,ENGINEERING
PUB_001736,PHYSICS_AND_ASTRONOMY
PUB_001737,ENGINEERING
PUB_001738,ENGINEERING
PUB_001739,COMPUTER_SCIENCE
PUB_001740,ENGINEERING
PUB_001741,MATERIALS_SCIENCE
PUB_001742,COMPUTER_SCIENCE
PUB_001743,ENGINEERING
PUB_001744,ENGINEERING
PUB_001745,COMPUTER_SCIENCE
PUB_001746,COMPUTER_SCIENCE
PUB_001747,MATERIALS_SCIENCE
PUB_001748,ENGINEERING
PUB_001749,ENGINEERING
PUB_001750,ENGINEERING
PUB_001751,ENGINEERING
PUB_001752,COMPUTER_SCIENCE
PUB_001753,COMPUTER_SCIENCE
PUB_001754,MATERIALS_SCIENCE
PUB_001755,ENGINEERING
PUB_001756,COMPUTER_SCIENCE
PUB_001757,ENGINEERING
PUB_001758,ENGINEERING
PUB_001759,PHYSICS_AND_ASTRONOMY
PUB_001760,ENGINEERING
PUB_001761,ENGINEERING
PUB_001762,MATHEMATICS
PUB_001763,ENGINEERING
PUB_001764,COMPUTER_SCIENCE
PUB_001765,MATHEMATICS
PUB_001766,ENGINEERING
PUB_001767,PHYSICS_AND_ASTRONOMY
PUB_001768,MATERIALS_SCIENCE
PUB_001769,ENGINEERING
PUB_001770,ENGINEERING
PUB_001771,PHYSICS_AND_ASTRONOMY
PUB_001772,MATERIALS_SCIENCE
PUB_001773,ENGINEERING
PUB_001774,MATERIALS_SCIENCE
PUB_001775,ENGINEERING
PUB_001776,ENGINEERING
PUB_001777,MATERIALS_SCIENCE
PUB_001778,COMPUTER_SCIENCE
PUB_001779,MATHEMATICS
PUB_001780,MATERIALS_SCIENCE
PUB_001781,ENGINEERING
PUB_001782,COMPUTER_SCIENCE
PUB_001783,MATERIALS_SCIENCE
PUB_001784,ENGINEERING
PUB_001785,ENGINEERING
PUB_001786,PHYSICS_AND_ASTRONOMY
PUB_001787,COMPUTER_SCIENCE
PUB_001788,COMPUTER_SCIENCE
PUB_001789,PHYSICS_AND_ASTRONOMY
PUB_001790,COMPUTER_SCIENCE
PUB_001791,ENGINEERING
PUB_001792,MATHEMATICS
PUB_001793,COMPUTER_SCIENCE
PUB_001794,PHYSICS_AND_ASTRONOMY
PUB_001795,MATHEMATICS
PUB_001796,ENGINEERING
PUB_001797,ENGINEERING
PUB_001798,COMPUTER_SCIENCE
PUB_001799,COMPUTER_SCIENCE
PUB_001800,ENGINEERING
PUB_001801,COMPUTER_SCIENCE
PUB_001802,PHYSICS_AND_ASTRONOMY
PUB_001803,PHYSICS_AND_ASTRONOMY
PUB_001804,COMPUTER_SCIENCE
PUB_001805,MATHEMATICS
PUB_001806,ENGINEERING
PUB_001807,ENGINEERING
PUB_001808,PHYSICS_AND_ASTRONOMY
PUB_001809,COMPUTER_SCIENCE
PUB_001810,MATERIALS_SCIENCE
PUB_001811,ENGINEERING
PUB_001812,COMPUTER_SCIENCE
PUB_001813,ENGINEERING
PUB_001814,COMPUTER_SCIENCE
PUB_001815,COMPUTER_SCIENCE
PUB_001816,ENGINEERING
PUB_001817,ENGINEERING
PUB_001818,COMPUTER_SCIENCE
PUB_001819,COMPUTER_SCIENCE
PUB_001820,ENGINEERING
PUB_001821,COMPUTER_SCIENCE
PUB_001822,PHYSICS_AND_ASTRONOMY
PUB_001823,PHYSICS_AND_ASTRONOMY
PUB_001824,PHYSICS_AND_ASTRONOMY
PUB_001825,ENGINEERING
PUB_001826,ENGINEERING
PUB_001827,MATERIALS_SCIENCE
PUB_001828,ENGINEERING
PUB_001829,ENGINEERING
PUB_001830,PHYSICS_AND_ASTRONOMY
PUB_001831,COMPUTER_SCIENCE
PUB_001832,ENGINEERING
PUB_001833,MATERIALS_SCIENCE
PUB_001834,ENGINEERING
PUB_001835,MATERIALS_SCIENCE
PUB_001836,ENGINEERING
PUB_001837,MATHEMATICS
PUB_001838,MATERIALS_SCIENCE
PUB_001839,COMPUTER_SCIENCE
PUB_001840,PHYSICS_AND_ASTRONOMY
PUB_001841,ENGINEERING
PUB_001842,ENGINEERING
PUB_001843,ENGINEERING
PUB_001844,ENGINEERING
PUB_001845,ENGINEERING
PUB_001846,ENGINEERING
PUB_001847,COMPUTER_SCIENCE
PUB_001848,ENGINEERING
PUB_001849,ENGINEERING
PUB_001850,ENGINEERING
PUB_001851,COMPUTER_SCIENCE
PUB_001852,ENGINEERING
PUB_001853,ENGINEERING
PUB_001854,ENGINEERING
PUB_001855,COMPUTER_SCIENCE
PUB_001856,COMPUTER_SCIENCE
PUB_001857,ENGINEERING
PUB_001858,COMPUTER_SCIENCE
PUB_001859,PHYSICS_AND_ASTRONOMY
PUB_001860,COMPUTER_SCIENCE
PUB_001861,MATHEMATICS
PUB_001862,ENGINEERING
PUB_001863,MATERIALS_SCIENCE
PUB_001864,MATERIALS_SCIENCE
PUB_001865,ENGINEERING
PUB_001866,MATERIALS_SCIENCE
PUB_001867,COMPUTER_SCIENCE
PUB_001868,COMPUTER_SCIENCE
PUB_001869,MATERIALS_SCIENCE
PUB_001870,COMPUTER_SCIENCE
PUB_001871,ENGINEERING
PUB_001872,PHYSICS_AND_ASTRONOMY
PUB_001873,MATHEMATICS
PUB_001874,ENGINEERING
PUB_001875,ENGINEERING
PUB_001876,ENGINEERING
PUB_001877,ENGINEERING
PUB_001878,ENGINEERING
PUB_001879,ENGINEERING
PUB_001880,PHYSICS_AND_ASTRONOMY
PUB_001881,PHYSICS_AND_ASTRONOMY
PUB_001882,COMPUTER_SCIENCE
PUB_001883,COMPUTER_SCIENCE
PUB_001884,ENGINEERING
PUB_001885,MATERIALS_SCIENCE
PUB_001886,ENGINEERING
PUB_001887,COMPUTER_SCIENCE
PUB_001888,ENGINEERING
PUB_001889,PHYSICS_AND_ASTRONOMY
PUB_001890,ENGINEERING
PUB_001891,MATERIALS_SCIENCE
PUB_001892,MATERIALS_SCIENCE
PUB_001893,COMPUTER_SCIENCE
PUB_001894,PHYSICS_AND_ASTRONOMY
PUB_001895,ENGINEERING
PUB_001896,ENGINEERING
PUB_001897,ENGINEERING
PUB_001898,COMPUTER_SCIENCE
PUB_001899,MATERIALS_SCIENCE
PUB_001900,MATERIALS_SCIENCE
PUB_001901,COMPUTER_SCIENCE
PUB_001902,PHYSICS_AND_ASTRONOMY
PUB_001903,PHYSICS_AND_ASTRONOMY
PUB_001904,PHYSICS_AND_ASTRONOMY
PUB_001905,ENGINEERING
PUB_001906,ENGINEERING
PUB_001907,ENGINEERING
PUB_001908,ENGINEERING
PUB_001909,PHYSICS_AND_ASTRONOMY
PUB_001910,COMPUTER_SCIENCE
PUB_001911,ENGINEERING
PUB_001912,MATHEMATICS
PUB_001913,ENGINEERING
PUB_001914,ENGINEERING
PUB_001915,ENGINEERING
PUB_001916,ENGINEERING
PUB_001917,PHYSICS_AND_ASTRONOMY
PUB_001918,ENGINEERING
PUB_001919,ENGINEERING
PUB_001920,PHYSICS_AND_ASTRONOMY
PUB_001921,MATHEMATICS
PUB_001922,ENGINEERING
PUB_001923,MATERIALS_SCIENCE
PUB_001924,ENGINEERING
PUB_001925,COMPUTER_SCIENCE
PUB_001926,MATERIALS_SCIENCE
PUB_001927,ENGINEERING
PUB_001928,COMPUTER_SCIENCE
PUB_001929,COMPUTER_SCIENCE
PUB_001930,ENGINEERING
PUB_001931,ENGINEERING
PUB_001932,MATERIALS_SCIENCE
PUB_001933,MATERIALS_SCIENCE
PUB_001934,MATERIALS_SCIENCE
PUB_001935,MATERIALS_SCIENCE
PUB_001936,ENGINEERING
PUB_001937,ENGINEERING
PUB_001938,COMPUTER_SCIENCE
PUB_001939,COMPUTER_SCIENCE
PUB_001940,ENGINEERING
PUB_001941,ENGINEERING
PUB_001942,MATERIALS_SCIENCE
PUB_001943,COMPUTER_SCIENCE
PUB_001944,COMPUTER_SCIENCE
PUB_001945,PHYSICS_AND_ASTRONOMY
PUB_001946,ENGINEERING
PUB_001947,COMPUTER_SCIENCE
PUB_001948,ENGINEERING
PUB_001949,COMPUTER_SCIENCE
PUB_001950,COMPUTER_SCIENCE
PUB_001951,ENGINEERING
PUB_001952,MATHEMATICS
PUB_001953,MATHEMATICS
PUB_001954,MATERIALS_SCIENCE
PUB_001955,ENGINEERING
PUB_001956,COMPUTER_SCIENCE
PUB_001957,MATERIALS_SCIENCE
PUB_001958,COMPUTER_SCIENCE
PUB_001959,COMPUTER_SCIENCE
PUB_001960,ENGINEERING
PUB_001961,COMPUTER_SCIENCE
PUB_001962,ENGINEERING
PUB_001963,ENGINEERING
PUB_001964,MATERIALS_SCIENCE
PUB_001965,MATERIALS_SCIENCE
PUB_001966,PHYSICS_AND_ASTRONOMY
PUB_001967,ENGINEERING
PUB_001968,ENGINEERING
PUB_001969,ENGINEERING
PUB_001970,MATERIALS_SCIENCE
PUB_001971,ENGINEERING
PUB_001972,PHYSICS_AND_ASTRONOMY
PUB_001973,MATERIALS_SCIENCE
PUB_001974,ENGINEERING
PUB_001975,ENGINEERING
PUB_001976,ENGINEERING
PUB_001977,PHYSICS_AND_ASTRONOMY
PUB_001978,PHYSICS_AND_ASTRONOMY
PUB_001979,COMPUTER_SCIENCE
PUB_001980,MATERIALS_SCIENCE
PUB_001981,COMPUTER_SCIENCE
PUB_001982,MATERIALS_SCIENCE
PUB_001983,MATERIALS_SCIENCE
PUB_001984,ENGINEERING
PUB_001985,MATERIALS_SCIENCE
PUB_001986,ENGINEERING
PUB_001987,ENGINEERING
PUB_001988,ENGINEERING
PUB_001989,ENGINEERING
PUB_001990,MATERIALS_SCIENCE
PUB_001991,COMPUTER_SCIENCE
PUB_001992,MATERIALS_SCIENCE
PUB_001993,COMPUTER_SCIENCE
PUB_001994,COMPUTER_SCIENCE
PUB_001995,MATERIALS_SCIENCE
PUB_001996,ENGINEERING
PUB_001997,MATERIALS_SCIENCE
PUB_001998,ENGINEERING
PUB_001999,ENGINEERING
PUB_002000,ENGINEERING
PUB_002001,MATERIALS_SCIENCE
PUB_002002,MATERIALS_SCIENCE
PUB_002003,ENGINEERING
PUB_002004,MATERIALS_SCIENCE
PUB_002005,ENGINEERING
PUB_002006,ENGINEERING
PUB_002007,MATERIALS_SCIENCE
PUB_002008,PHYSICS_AND_ASTRONOMY
PUB_002009,COMPUTER_SCIENCE
PUB_002010,ENGINEERING
PUB_002011,PHYSICS_AND_ASTRONOMY
PUB_002012,MATERIALS_SCIENCE
PUB_002013,MATERIALS_SCIENCE
PUB_002014,MATERIALS_SCIENCE
PUB_002015,ENGINEERING
PUB_002016,ENGINEERING
PUB_002017,ENGINEERING
PUB_002018,MATERIALS_SCIENCE
PUB_002019,MATHEMATICS
PUB_002020,ENGINEERING
PUB_002021,ENGINEERING
PUB_002022,COMPUTER_SCIENCE
PUB_002023,PHYSICS_AND_ASTRONOMY
PUB_002024,ENGINEERING
PUB_002025,PHYSICS_AND_ASTRONOMY
PUB_002026,ENGINEERING
PUB_002027,COMPUTER_SCIENCE
PUB_002028,ENGINEERING
PUB_002029,ENGINEERING
PUB_002030,ENGINEERING
PUB_002031,COMPUTER_SCIENCE
PUB_002032,ENGINEERING
PUB_002033,MATERIALS_SCIENCE
PUB_002034,ENGINEERING
PUB_002035,MATERIALS_SCIENCE
PUB_002036,ENGINEERING
PUB_002037,MATERIALS_SCIENCE
PUB_002038,ENGINEERING
PUB_002039,COMPUTER_SCIENCE
PUB_002040,ENGINEERING
PUB_002041,ENGINEERING
PUB_002042,MATERIALS_SCIENCE
PUB_002043,ENGINEERING
PUB_002044,PHYSICS_AND_ASTRONOMY
PUB_002045,MATERIALS_SCIENCE
PUB_002046,ENGINEERING
PUB_002047,MATERIALS_SCIENCE
PUB_002048,ENGINEERING
PUB_002049,ENGINEERING
PUB_002050,PHYSICS_AND_ASTRONOMY
PUB_002051,ENGINEERING
PUB_002052,PHYSICS_AND_ASTRONOMY
PUB_002053,ENGINEERING
PUB_002054,ENGINEERING
PUB_002055,ENGINEERING
PUB_002056,ENGINEERING
PUB_002057,ENGINEERING
PUB_002058,MATERIALS_SCIENCE
PUB_002059,ENGINEERING
PUB_002060,MATERIALS_SCIENCE
PUB_002061,COMPUTER_SCIENCE
PUB_002062,ENGINEERING
PUB_002063,MATERIALS_SCIENCE
PUB_002064,ENGINEERING
PUB_002065,MATERIALS_SCIENCE
PUB_002066,MATERIALS_SCIENCE
PUB_002067,MATERIALS_SCIENCE
PUB_002068,COMPUTER_SCIENCE
PUB_002069,ENGINEERING
PUB_002070,MATERIALS_SCIENCE
PUB_002071,MATERIALS_SCIENCE
PUB_002072,MATERIALS_SCIENCE
PUB_002073,PHYSICS_AND_ASTRONOMY
PUB_002074,MATERIALS_SCIENCE
PUB_002075,ENGINEERING
PUB_002076,MATERIALS_SCIENCE
PUB_002077,MATERIALS_SCIENCE
PUB_002078,ENGINEERING
PUB_002079,PHYSICS_AND_ASTRONOMY
PUB_002080,ENGINEERING
PUB_002081,MATERIALS_SCIENCE
PUB_002082,ENGINEERING
PUB_002083,ENGINEERING
PUB_002084,ENGINEERING
PUB_002085,MATERIALS_SCIENCE
PUB_002086,MATERIALS_SCIENCE
PUB_002087,MATHEMATICS
PUB_002088,ENGINEERING
PUB_002089,COMPUTER_SCIENCE
PUB_002090,ENGINEERING
PUB_002091,ENGINEERING
PUB_002092,ENGINEERING
PUB_002093,ENGINEERING
PUB_002094,MATERIALS_SCIENCE
PUB_002095,ENGINEERING
PUB_002096,ENGINEERING
PUB_002097,MATERIALS_SCIENCE
PUB_002098,ENGINEERING
PUB_002099,COMPUTER_SCIENCE
PUB_002100,ENGINEERING
PUB_002101,MATERIALS_SCIENCE
PUB_002102,COMPUTER_SCIENCE
PUB_002103,ENGINEERING
PUB_002104,ENGINEERING
PUB_002105,MATERIALS_SCIENCE
PUB_002106,MATERIALS_SCIENCE
PUB_002107,ENGINEERING
PUB_002108,ENGINEERING
PUB_002109,MATERIALS_SCIENCE
PUB_002110,ENGINEERING
PUB_002111,MATERIALS_SCIENCE
PUB_002112,ENGINEERING
PUB_002113,ENGINEERING
PUB_002114,ENGINEERING
PUB_002115,ENGINEERING
PUB_002116,ENGINEERING
PUB_002117,COMPUTER_SCIENCE
PUB_002118,COMPUTER_SCIENCE
PUB_002119,ENGINEERING
PUB_002120,MATERIALS_SCIENCE
PUB_002121,ENGINEERING
PUB_002122,MATERIALS_SCIENCE
PUB_002123,MATERIALS_SCIENCE
PUB_002124,ENGINEERING
PUB_002125,MATERIALS_SCIENCE
PUB_002126,MATERIALS_SCIENCE
PUB_002127,ENGINEERING
PUB_002128,ENGINEERING
PUB_002129,ENGINEERING
PUB_002130,ENGINEERING
PUB_002131,MATERIALS_SCIENCE
PUB_002132,PHYSICS_AND_ASTRONOMY
PUB_002133,ENGINEERING
PUB_002134,ENGINEERING
PUB_002135,MATERIALS_SCIENCE
PUB_002136,ENGINEERING
PUB_002137,MATERIALS_SCIENCE
PUB_002138,ENGINEERING
PUB_002139,ENGINEERING
PUB_002140,MATERIALS_SCIENCE
PUB_002141,ENGINEERING
PUB_002142,PHYSICS_AND_ASTRONOMY
PUB_002143,ENGINEERING
PUB_002144,MATERIALS_SCIENCE
PUB_002145,ENGINEERING
PUB_002146,PHYSICS_AND_ASTRONOMY
PUB_002147,ENGINEERING
PUB_002148,COMPUTER_SCIENCE
PUB_002149,ENGINEERING
PUB_002150,ENGINEERING
PUB_002151,ENGINEERING
PUB_002152,ENGINEERING
PUB_002153,MATERIALS_SCIENCE
PUB_002154,COMPUTER_SCIENCE
PUB_002155,PHYSICS_AND_ASTRONOMY
PUB_002156,ENGINEERING
PUB_002157,MATERIALS_SCIENCE
PUB_002158,ENGINEERING
PUB_002159,ENGINEERING
PUB_002160,MATERIALS_SCIENCE
PUB_002161,PHYSICS_AND_ASTRONOMY
PUB_002162,ENGINEERING
PUB_002163,MATERIALS_SCIENCE
PUB_002164,ENGINEERING
PUB_002165,PHYSICS_AND_ASTRONOMY
PUB_002166,ENGINEERING
PUB_002167,ENGINEERING
PUB_002168,ENGINEERING
PUB_002169,ENGINEERING
PUB_002170,ENGINEERING
PUB_002171,MATERIALS_SCIENCE
PUB_002172,ENGINEERING
PUB_002173,MATERIALS_SCIENCE
PUB_002174,ENGINEERING
PUB_002175,MATERIALS_SCIENCE
PUB_002176,ENGINEERING
PUB_002177,COMPUTER_SCIENCE
PUB_002178,MATHEMATICS
PUB_002179,ENGINEERING
PUB_002180,ENGINEERING
PUB_002181,MATERIALS_SCIENCE
PUB_002182,MATERIALS_SCIENCE
PUB_002183,MATERIALS_SCIENCE
PUB_002184,ENGINEERING
PUB_002185,ENGINEERING
PUB_002186,ENGINEERING
PUB_002187,MATERIALS_SCIENCE
PUB_002188,MATERIALS_SCIENCE
PUB_002189,MATERIALS_SCIENCE
PUB_002190,ENGINEERING
PUB_002191,ENGINEERING
PUB_002192,MATERIALS_SCIENCE
PUB_002193,MATERIALS_SCIENCE
PUB_002194,ENGINEERING
PUB_002195,ENGINEERING
PUB_002196,MATERIALS_SCIENCE
PUB_002197,ENGINEERING
PUB_002198,COMPUTER_SCIENCE
PUB_002199,ENGINEERING
PUB_002200,MATERIALS_SCIENCE
PUB_002201,PHYSICS_AND_ASTRONOMY
PUB_002202,PHYSICS_AND_ASTRONOMY
PUB_002203,ENGINEERING
PUB_002204,MATERIALS_SCIENCE
PUB_002205,PHYSICS_AND_ASTRONOMY
PUB_002206,COMPUTER_SCIENCE
PUB_002207,ENGINEERING
PUB_002208,MATERIALS_SCIENCE
PUB_002209,MATERIALS_SCIENCE
PUB_002210,ENGINEERING
PUB_002211,ENGINEERING
PUB_002212,ENGINEERING
PUB_002213,COMPUTER_SCIENCE
PUB_002214,ENGINEERING
PUB_002215,ENGINEERING
PUB_002216,COMPUTER_SCIENCE
PUB_002217,ENGINEERING
PUB_002218,ENGINEERING
PUB_002219,MATERIALS_SCIENCE
PUB_002220,MATERIALS_SCIENCE
PUB_002221,PHYSICS_AND_ASTRONOMY
PUB_002222,MATERIALS_SCIENCE
PUB_002223,COMPUTER_SCIENCE
PUB_002224,ENGINEERING
PUB_002225,MATERIALS_SCIENCE
PUB_002226,MATERIALS_SCIENCE
PUB_002227,ENGINEERING
PUB_002228,PHYSICS_AND_ASTRONOMY
PUB_002229,MATERIALS_SCIENCE
PUB_002230,PHYSICS_AND_ASTRONOMY
PUB_002231,PHYSICS_AND_ASTRONOMY
PUB_002232,PHYSICS_AND_ASTRONOMY
PUB_002233,ENGINEERING
PUB_002234,ENGINEERING
PUB_002235,ENGINEERING
PUB_002236,MATERIALS_SCIENCE
PUB_002237,MATERIALS_SCIENCE
PUB_002238,MATERIALS_SCIENCE
PUB_002239,ENGINEERING
PUB_002240,MATERIALS_SCIENCE
PUB_002241,ENGINEERING
PUB_002242,ENGINEERING
PUB_002243,ENGINEERING
PUB_002244,ENGINEERING
PUB_002245,PHYSICS_AND_ASTRONOMY
PUB_002246,PHYSICS_AND_ASTRONOMY
PUB_002247,PHYSICS_AND_ASTRONOMY
PUB_002248,MATERIALS_SCIENCE
PUB_002249,PHYSICS_AND_ASTRONOMY
PUB_002250,ENGINEERING
PUB_002251,MATERIALS_SCIENCE
PUB_002252,ENGINEERING
PUB_002253,MATERIALS_SCIENCE
PUB_002254,ENGINEERING
PUB_002255,ENGINEERING
PUB_002256,PHYSICS_AND_ASTRONOMY
PUB_002257,ENGINEERING
PUB_002258,ENGINEERING
PUB_002259,PHYSICS_AND_ASTRONOMY
PUB_002260,ENGINEERING
PUB_002261,ENGINEERING
PUB_002262,PHYSICS_AND_ASTRONOMY
PUB_002263,MATERIALS_SCIENCE
PUB_002264,ENGINEERING
PUB_002265,MATERIALS_SCIENCE
PUB_002266,ENGINEERING
PUB_002267,PHYSICS_AND_ASTRONOMY
PUB_002268,COMPUTER_SCIENCE
PUB_002269,PHYSICS_AND_ASTRONOMY
PUB_002270,MATERIALS_SCIENCE
PUB_002271,MATERIALS_SCIENCE
PUB_002272,COMPUTER_SCIENCE
PUB_002273,ENGINEERING
PUB_002274,ENGINEERING
PUB_002275,MATERIALS_SCIENCE
PUB_002276,COMPUTER_SCIENCE
PUB_002277,ENGINEERING
PUB_002278,MATERIALS_SCIENCE
PUB_002279,MATERIALS_SCIENCE
PUB_002280,MATHEMATICS
PUB_002281,ENGINEERING
PUB_002282,ENGINEERING
PUB_002283,MATERIALS_SCIENCE
PUB_002284,ENGINEERING
PUB_002285,ENGINEERING
PUB_002286,ENGINEERING
PUB_002287,ENGINEERING
PUB_002288,PHYSICS_AND_ASTRONOMY
PUB_002289,ENGINEERING
PUB_002290,MATERIALS_SCIENCE
PUB_002291,MATERIALS_SCIENCE
PUB_002292,MATERIALS_SCIENCE
PUB_002293,ENGINEERING
PUB_002294,ENGINEERING
PUB_002295,MATERIALS_SCIENCE
PUB_002296,MATERIALS_SCIENCE
PUB_002297,ENGINEERING
PUB_002298,ENGINEERING
PUB_002299,ENGINEERING
PUB_002300,ENGINEERING
PUB_002301,ENGINEERING
PUB_002302,PHYSICS_AND_ASTRONOMY
PUB_002303,MATERIALS_SCIENCE
PUB_002304,PHYSICS_AND_ASTRONOMY
PUB_002305,ENGINEERING
PUB_002306,ENGINEERING
PUB_002307,MATERIALS_SCIENCE
PUB_002308,ENGINEERING
PUB_002309,ENGINEERING
PUB_002310,ENGINEERING
PUB_002311,ENGINEERING
PUB_002312,PHYSICS_AND_ASTRONOMY
PUB_002313,ENGINEERING
PUB_002314,MATERIALS_SCIENCE
PUB_002315,PHYSICS_AND_ASTRONOMY
PUB_002316,MATERIALS_SCIENCE
PUB_002317,ENGINEERING
PUB_002318,ENGINEERING
PUB_002319,MATERIALS_SCIENCE
PUB_002320,PHYSICS_AND_ASTRONOMY
PUB_002321,MATERIALS_SCIENCE
PUB_002322,ENGINEERING
PUB_002323,MATERIALS_SCIENCE
PUB_002324,MATERIALS_SCIENCE
PUB_002325,MATERIALS_SCIENCE
PUB_002326,MATERIALS_SCIENCE
PUB_002327,COMPUTER_SCIENCE
PUB_002328,ENGINEERING
PUB_002329,MATERIALS_SCIENCE
PUB_002330,ENGINEERING
PUB_002331,ENGINEERING
PUB_002332,PHYSICS_AND_ASTRONOMY
PUB_002333,ENGINEERING
PUB_002334,ENGINEERING
PUB_002335,MATERIALS_SCIENCE
PUB_002336,MATERIALS_SCIENCE
PUB_002337,MATERIALS_SCIENCE
PUB_002338,ENGINEERING
PUB_002339,PHYSICS_AND_ASTRONOMY
PUB_002340,ENGINEERING
PUB_002341,ENGINEERING
PUB_002342,PHYSICS_AND_ASTRONOMY
PUB_002343,ENGINEERING
PUB_002344,ENGINEERING
PUB_002345,ENGINEERING
PUB_002346,ENGINEERING
PUB_002347,ENGINEERING
PUB_002348,MATERIALS_SCIENCE
PUB_002349,ENGINEERING
PUB_002350,ENGINEERING
PUB_002351,PHYSICS_AND_ASTRONOMY
PUB_002352,MATERIALS_SCIENCE
PUB_002353,MATERIALS_SCIENCE
PUB_002354,ENGINEERING
PUB_002355,ENGINEERING
PUB_002356,MATERIALS_SCIENCE
PUB_002357,MATERIALS_SCIENCE
PUB_002358,MATERIALS_SCIENCE
PUB_002359,MATERIALS_SCIENCE
PUB_002360,MATERIALS_SCIENCE
PUB_002361,ENGINEERING
PUB_002362,PHYSICS_AND_ASTRONOMY
PUB_002363,COMPUTER_SCIENCE
PUB_002364,MATERIALS_SCIENCE
PUB_002365,ENGINEERING
PUB_002366,MATERIALS_SCIENCE
PUB_002367,ENGINEERING
PUB_002368,ENGINEERING
PUB_002369,MATERIALS_SCIENCE
PUB_002370,MATERIALS_SCIENCE
PUB_002371,ENGINEERING
PUB_002372,ENGINEERING
PUB_002373,ENGINEERING
PUB_002374,MATERIALS_SCIENCE
PUB_002375,ENGINEERING
PUB_002376,ENGINEERING
PUB_002377,COMPUTER_SCIENCE
PUB_002378,ENGINEERING
PUB_002379,COMPUTER_SCIENCE
PUB_002380,ENGINEERING
PUB_002381,ENGINEERING
PUB_002382,MATERIALS_SCIENCE
PUB_002383,PHYSICS_AND_ASTRONOMY
PUB_002384,ENGINEERING
PUB_002385,ENGINEERING
PUB_002386,MATERIALS_SCIENCE
PUB_002387,MATERIALS_SCIENCE
PUB_002388,ENGINEERING
PUB_002389,PHYSICS_AND_ASTRONOMY
PUB_002390,ENGINEERING
PUB_002391,MATERIALS_SCIENCE
PUB_002392,ENGINEERING
PUB_002393,MATERIALS_SCIENCE
PUB_002394,MATERIALS_SCIENCE
PUB_002395,ENGINEERING
PUB_002396,ENGINEERING
PUB_002397,ENGINEERING
PUB_002398,ENGINEERING
PUB_002399,ENGINEERING
PUB_002400,ENGINEERING
PUB_002401,MATERIALS_SCIENCE
PUB_002402,ENGINEERING
PUB_002403,MATERIALS_SCIENCE
PUB_002404,MATERIALS_SCIENCE
PUB_002405,ENGINEERING
PUB_002406,MATERIALS_SCIENCE
PUB_002407,ENGINEERING
PUB_002408,MATERIALS_SCIENCE
PUB_002409,ENGINEERING
PUB_002410,PHYSICS_AND_ASTRONOMY
PUB_002411,COMPUTER_SCIENCE
PUB_002412,MATERIALS_SCIENCE
PUB_002413,MATERIALS_SCIENCE
PUB_002414,ENGINEERING
PUB_002415,MATERIALS_SCIENCE
PUB_002416,MATERIALS_SCIENCE
PUB_002417,ENGINEERING
PUB_002418,MATERIALS_SCIENCE
PUB_002419,MATERIALS_SCIENCE
PUB_002420,MATERIALS_SCIENCE
PUB_002421,ENGINEERING
PUB_002422,ENGINEERING
PUB_002423,ENGINEERING
PUB_002424,MATERIALS_SCIENCE
PUB_002425,MATERIALS_SCIENCE
PUB_002426,MATERIALS_SCIENCE
PUB_002427,MATERIALS_SCIENCE
PUB_002428,ENGINEERING
PUB_002429,MATERIALS_SCIENCE
PUB_002430,MATERIALS_SCIENCE
PUB_002431,MATERIALS_SCIENCE
PUB_002432,COMPUTER_SCIENCE
PUB_002433,ENGINEERING
PUB_002434,ENGINEERING
PUB_002435,ENGINEERING
PUB_002436,ENGINEERING
PUB_002437,MATERIALS_SCIENCE
PUB_002438,PHYSICS_AND_ASTRONOMY
PUB_002439,COMPUTER_SCIENCE
PUB_002440,ENGINEERING
PUB_002441,ENGINEERING
PUB_002442,MATERIALS_SCIENCE
PUB_002443,ENGINEERING
PUB_002444,MATERIALS_SCIENCE
PUB_002445,COMPUTER_SCIENCE
PUB_002446,MATERIALS_SCIENCE
PUB_002447,ENGINEERING
PUB_002448,PHYSICS_AND_ASTRONOMY
PUB_002449,ENGINEERING
PUB_002450,MATERIALS_SCIENCE
PUB_002451,ENGINEERING
PUB_002452,ENGINEERING
PUB_002453,MATERIALS_SCIENCE
PUB_002454,ENGINEERING
PUB_002455,COMPUTER_SCIENCE
PUB_002456,MATERIALS_SCIENCE
PUB_002457,MATERIALS_SCIENCE
PUB_002458,ENGINEERING
PUB_002459,ENGINEERING
PUB_002460,MATERIALS_SCIENCE
PUB_002461,MATERIALS_SCIENCE
PUB_002462,PHYSICS_AND_ASTRONOMY
PUB_002463,ENGINEERING
PUB_002464,ENGINEERING
PUB_002465,ENGINEERING
PUB_002466,MATERIALS_SCIENCE
PUB_002467,PHYSICS_AND_ASTRONOMY
PUB_002468,COMPUTER_SCIENCE
PUB_002469,ENGINEERING
PUB_002470,ENGINEERING
PUB_002471,MATERIALS_SCIENCE
PUB_002472,MATERIALS_SCIENCE
PUB_002473,ENGINEERING
PUB_002474,COMPUTER_SCIENCE
PUB_002475,COMPUTER_SCIENCE
PUB_002476,PHYSICS_AND_ASTRONOMY
PUB_002477,ENGINEERING
PUB_002478,MATERIALS_SCIENCE
PUB_002479,MATERIALS_SCIENCE
PUB_002480,PHYSICS_AND_ASTRONOMY
PUB_002481,ENGINEERING
PUB_002482,MATERIALS_SCIENCE
PUB_002483,MATHEMATICS
PUB_002484,MATERIALS_SCIENCE
PUB_002485,PHYSICS_AND_ASTRONOMY
PUB_002486,MATERIALS_SCIENCE
PUB_002487,ENGINEERING
PUB_002488,MATERIALS_SCIENCE
PUB_002489,PHYSICS_AND_ASTRONOMY
PUB_002490,ENGINEERING
PUB_002491,MATERIALS_SCIENCE
PUB_002492,MATERIALS_SCIENCE
PUB_002493,MATERIALS_SCIENCE
PUB_002494,ENGINEERING
PUB_002495,MATERIALS_SCIENCE
PUB_002496,COMPUTER_SCIENCE
PUB_002497,PHYSICS_AND_ASTRONOMY
PUB_002498,ENGINEERING
PUB_002499,MATERIALS_SCIENCE
PUB_002500,ENGINEERING
PUB_002501,ENGINEERING
PUB_002502,COMPUTER_SCIENCE
PUB_002503,ENGINEERING
PUB_002504,COMPUTER_SCIENCE
PUB_002505,ENGINEERING
PUB_002506,PHYSICS_AND_ASTRONOMY
PUB_002507,ENGINEERING
PUB_002508,ENGINEERING
PUB_002509,ENGINEERING
PUB_002510,ENGINEERING
PUB_002511,MATERIALS_SCIENCE
PUB_002512,ENGINEERING
PUB_002513,ENGINEERING
PUB_002514,ENGINEERING
PUB_002515,MATERIALS_SCIENCE
PUB_002516,ENGINEERING
PUB_002517,ENGINEERING
PUB_002518,ENGINEERING
PUB_002519,MATERIALS_SCIENCE
PUB_002520,PHYSICS_AND_ASTRONOMY
PUB_002521,MATERIALS_SCIENCE
PUB_002522,MATERIALS_SCIENCE
PUB_002523,ENGINEERING
PUB_002524,ENGINEERING
PUB_002525,ENGINEERING
PUB_002526,MATERIALS_SCIENCE
PUB_002527,ENGINEERING
PUB_002528,ENGINEERING
PUB_002529,MATERIALS_SCIENCE
PUB_002530,MATERIALS_SCIENCE
PUB_002531,MATERIALS_SCIENCE
PUB_002532,MATHEMATICS
PUB_002533,PHYSICS_AND_ASTRONOMY
PUB_002534,PHYSICS_AND_ASTRONOMY
PUB_002535,ENGINEERING
PUB_002536,ENGINEERING
PUB_002537,MATHEMATICS
PUB_002538,MATERIALS_SCIENCE
PUB_002539,MATERIALS_SCIENCE
PUB_002540,ENGINEERING
PUB_002541,COMPUTER_SCIENCE
PUB_002542,MATERIALS_SCIENCE
PUB_002543,ENGINEERING
PUB_002544,COMPUTER_SCIENCE
PUB_002545,ENGINEERING
PUB_002546,PHYSICS_AND_ASTRONOMY
PUB_002547,MATERIALS_SCIENCE
PUB_002548,ENGINEERING
PUB_002549,PHYSICS_AND_ASTRONOMY
PUB_002550,MATERIALS_SCIENCE
PUB_002551,ENGINEERING
PUB_002552,COMPUTER_SCIENCE
PUB_002553,ENGINEERING
PUB_002554,ENGINEERING
PUB_002555,ENGINEERING
PUB_002556,ENGINEERING
PUB_002557,ENGINEERING
PUB_002558,MATERIALS_SCIENCE
PUB_002559,MATERIALS_SCIENCE
PUB_002560,ENGINEERING
PUB_002561,ENGINEERING
PUB_002562,ENGINEERING
PUB_002563,PHYSICS_AND_ASTRONOMY
PUB_002564,COMPUTER_SCIENCE
PUB_002565,COMPUTER_SCIENCE
PUB_002566,ENGINEERING
PUB_002567,ENGINEERING
PUB_002568,PHYSICS_AND_ASTRONOMY
PUB_002569,ENGINEERING
PUB_002570,ENGINEERING
PUB_002571,MATERIALS_SCIENCE
PUB_002572,ENGINEERING
PUB_002573,MATERIALS_SCIENCE
PUB_002574,MATERIALS_SCIENCE
PUB_002575,MATERIALS_SCIENCE
PUB_002576,ENGINEERING
PUB_002577,COMPUTER_SCIENCE
PUB_002578,COMPUTER_SCIENCE
PUB_002579,COMPUTER_SCIENCE
PUB_002580,ENGINEERING
PUB_002581,ENGINEERING
PUB_002582,ENGINEERING
PUB_002583,ENGINEERING
PUB_002584,MATERIALS_SCIENCE
PUB_002585,ENGINEERING
PUB_002586,MATERIALS_SCIENCE
PUB_002587,ENGINEERING
PUB_002588,MATERIALS_SCIENCE
PUB_002589,COMPUTER_SCIENCE
PUB_002590,MATERIALS_SCIENCE
PUB_002591,PHYSICS_AND_ASTRONOMY
PUB_002592,MATERIALS_SCIENCE
PUB_002593,MATERIALS_SCIENCE
PUB_002594,MATERIALS_SCIENCE
PUB_002595,MATERIALS_SCIENCE
PUB_002596,COMPUTER_SCIENCE
PUB_002597,ENGINEERING
PUB_002598,ENGINEERING
PUB_002599,MATERIALS_SCIENCE
PUB_002600,COMPUTER_SCIENCE
PUB_002601,MATERIALS_SCIENCE
PUB_002602,MATERIALS_SCIENCE
PUB_002603,ENGINEERING
PUB_002604,COMPUTER_SCIENCE
PUB_002605,PHYSICS_AND_ASTRONOMY
PUB_002606,ENGINEERING
PUB_002607,ENGINEERING
PUB_002608,ENGINEERING
PUB_002609,COMPUTER_SCIENCE
PUB_002610,ENGINEERING
PUB_002611,COMPUTER_SCIENCE
PUB_002612,ENGINEERING
PUB_002613,MATERIALS_SCIENCE
PUB_002614,MATHEMATICS
PUB_002615,ENGINEERING
PUB_002616,PHYSICS_AND_ASTRONOMY
PUB_002617,ENGINEERING
PUB_002618,PHYSICS_AND_ASTRONOMY
PUB_002619,ENGINEERING
PUB_002620,COMPUTER_SCIENCE
PUB_002621,ENGINEERING
PUB_002622,ENGINEERING
PUB_002623,ENGINEERING
PUB_002624,PHYSICS_AND_ASTRONOMY
PUB_002625,MATHEMATICS
PUB_002626,COMPUTER_SCIENCE
PUB_002627,MATERIALS_SCIENCE
PUB_002628,ENGINEERING
PUB_002629,MATHEMATICS
PUB_002630,MATHEMATICS
PUB_002631,PHYSICS_AND_ASTRONOMY
PUB_002632,ENGINEERING
PUB_002633,MATERIALS_SCIENCE
PUB_002634,MATERIALS_SCIENCE
PUB_002635,MATERIALS_SCIENCE
PUB_002636,ENGINEERING
PUB_002637,ENGINEERING
PUB_002638,ENGINEERING
PUB_002639,ENGINEERING
PUB_002640,ENGINEERING
PUB_002641,ENGINEERING
PUB_002642,MATERIALS_SCIENCE
PUB_002643,MATERIALS_SCIENCE
PUB_002644,ENGINEERING
PUB_002645,MATERIALS_SCIENCE
PUB_002646,ENGINEERING
PUB_002647,ENGINEERING
PUB_002648,ENGINEERING
PUB_002649,ENGINEERING
PUB_002650,MATERIALS_SCIENCE
PUB_002651,MATERIALS_SCIENCE
PUB_002652,COMPUTER_SCIENCE
PUB_002653,PHYSICS_AND_ASTRONOMY
PUB_002654,PHYSICS_AND_ASTRONOMY
PUB_002655,MATERIALS_SCIENCE
PUB_002656,PHYSICS_AND_ASTRONOMY
PUB_002657,ENGINEERING
PUB_002658,ENGINEERING
PUB_002659,ENGINEERING
PUB_002660,MATERIALS_SCIENCE
PUB_002661,COMPUTER_SCIENCE
PUB_002662,COMPUTER_SCIENCE
PUB_002663,MATERIALS_SCIENCE
PUB_002664,PHYSICS_AND_ASTRONOMY
PUB_002665,MATERIALS_SCIENCE
PUB_002666,MATERIALS_SCIENCE
PUB_002667,ENGINEERING
PUB_002668,ENGINEERING
PUB_002669,ENGINEERING
PUB_002670,ENGINEERING
PUB_002671,ENGINEERING
PUB_002672,MATERIALS_SCIENCE
PUB_002673,ENGINEERING
PUB_002674,MATERIALS_SCIENCE
PUB_002675,ENGINEERING
PUB_002676,ENGINEERING
PUB_002677,ENGINEERING
PUB_002678,MATERIALS_SCIENCE
PUB_002679,ENGINEERING
PUB_002680,ENGINEERING
PUB_002681,ENGINEERING
PUB_002682,ENGINEERING
PUB_002683,COMPUTER_SCIENCE
PUB_002684,ENGINEERING
PUB_002685,COMPUTER_SCIENCE
PUB_002686,MATHEMATICS
PUB_002687,ENGINEERING
PUB_002688,COMPUTER_SCIENCE
PUB_002689,ENGINEERING
PUB_002690,ENGINEERING
PUB_002691,PHYSICS_AND_ASTRONOMY
PUB_002692,MATERIALS_SCIENCE
PUB_002693,MATERIALS_SCIENCE
PUB_002694,ENGINEERING
PUB_002695,MATHEMATICS
PUB_002696,PHYSICS_AND_ASTRONOMY
PUB_002697,MATERIALS_SCIENCE
PUB_002698,ENGINEERING
PUB_002699,PHYSICS_AND_ASTRONOMY
PUB_002700,MATHEMATICS
PUB_002701,ENGINEERING
PUB_002702,ENGINEERING
PUB_002703,PHYSICS_AND_ASTRONOMY
PUB_002704,ENGINEERING
PUB_002705,COMPUTER_SCIENCE
PUB_002706,MATERIALS_SCIENCE
PUB_002707,ENGINEERING
PUB_002708,ENGINEERING
PUB_002709,ENGINEERING
PUB_002710,MATERIALS_SCIENCE
PUB_002711,ENGINEERING
PUB_002712,ENGINEERING
PUB_002713,MATERIALS_SCIENCE
PUB_002714,MATHEMATICS
PUB_002715,MATERIALS_SCIENCE
PUB_002716,ENGINEERING
PUB_002717,MATERIALS_SCIENCE
PUB_002718,PHYSICS_AND_ASTRONOMY
PUB_002719,MATERIALS_SCIENCE
PUB_002720,MATERIALS_SCIENCE
PUB_002721,MATERIALS_SCIENCE
PUB_002722,ENGINEERING
PUB_002723,COMPUTER_SCIENCE
PUB_002724,PHYSICS_AND_ASTRONOMY
PUB_002725,PHYSICS_AND_ASTRONOMY
PUB_002726,MATERIALS_SCIENCE
PUB_002727,ENGINEERING
PUB_002728,MATERIALS_SCIENCE
PUB_002729,ENGINEERING
PUB_002730,COMPUTER_SCIENCE
PUB_002731,COMPUTER_SCIENCE
PUB_002732,ENGINEERING
PUB_002733,ENGINEERING
PUB_002734,ENGINEERING
PUB_002735,ENGINEERING
PUB_002736,ENGINEERING
PUB_002737,ENGINEERING
PUB_002738,ENGINEERING
PUB_002739,ENGINEERING
PUB_002740,MATHEMATICS
PUB_002741,ENGINEERING
PUB_002742,PHYSICS_AND_ASTRONOMY
PUB_002743,MATERIALS_SCIENCE
PUB_002744,ENGINEERING
PUB_002745,MATERIALS_SCIENCE
PUB_002746,PHYSICS_AND_ASTRONOMY
PUB_002747,ENGINEERING
PUB_002748,MATERIALS_SCIENCE
PUB_002749,ENGINEERING
PUB_002750,ENGINEERING
PUB_002751,MATERIALS_SCIENCE
PUB_002752,ENGINEERING
PUB_002753,ENGINEERING
PUB_002754,MATERIALS_SCIENCE
PUB_002755,COMPUTER_SCIENCE
PUB_002756,MATERIALS_SCIENCE
PUB_002757,MATERIALS_SCIENCE
PUB_002758,PHYSICS_AND_ASTRONOMY
PUB_002759,ENGINEERING
PUB_002760,MATERIALS_SCIENCE
PUB_002761,PHYSICS_AND_ASTRONOMY
PUB_002762,MATERIALS_SCIENCE
PUB_002763,ENGINEERING
PUB_002764,MATERIALS_SCIENCE
PUB_002765,MATERIALS_SCIENCE
PUB_002766,MATERIALS_SCIENCE
PUB_002767,COMPUTER_SCIENCE
PUB_002768,PHYSICS_AND_ASTRONOMY
PUB_002769,PHYSICS_AND_ASTRONOMY
PUB_002770,MATERIALS_SCIENCE
PUB_002771,MATERIALS_SCIENCE
PUB_002772,MATERIALS_SCIENCE
PUB_002773,MATERIALS_SCIENCE
PUB_002774,MATERIALS_SCIENCE
PUB_002775,PHYSICS_AND_ASTRONOMY
PUB_002776,ENGINEERING
PUB_002777,COMPUTER_SCIENCE
PUB_002778,MATERIALS_SCIENCE
PUB_002779,PHYSICS_AND_ASTRONOMY
PUB_002780,MATERIALS_SCIENCE
PUB_002781,COMPUTER_SCIENCE
PUB_002782,MATERIALS_SCIENCE
PUB_002783,MATERIALS_SCIENCE
PUB_002784,ENGINEERING
PUB_002785,MATERIALS_SCIENCE
PUB_002786,ENGINEERING
PUB_002787,MATERIALS_SCIENCE
PUB_002788,MATERIALS_SCIENCE
PUB_002789,ENGINEERING
PUB_002790,MATHEMATICS
PUB_002791,ENGINEERING
PUB_002792,ENGINEERING
PUB_002793,MATERIALS_SCIENCE
PUB_002794,ENGINEERING
PUB_002795,COMPUTER_SCIENCE
PUB_002796,ENGINEERING
PUB_002797,ENGINEERING
PUB_002798,ENGINEERING
PUB_002799,ENGINEERING
PUB_002800,MATERIALS_SCIENCE
PUB_002801,ENGINEERING
PUB_002802,ENGINEERING
PUB_002803,ENGINEERING
PUB_002804,ENGINEERING
PUB_002805,ENGINEERING
PUB_002806,COMPUTER_SCIENCE
PUB_002807,PHYSICS_AND_ASTRONOMY
PUB_002808,PHYSICS_AND_ASTRONOMY
PUB_002809,ENGINEERING
PUB_002810,MATERIALS_SCIENCE
PUB_002811,MATERIALS_SCIENCE
PUB_002812,ENGINEERING
PUB_002813,ENGINEERING
PUB_002814,ENGINEERING
PUB_002815,PHYSICS_AND_ASTRONOMY
PUB_002816,ENGINEERING
PUB_002817,ENGINEERING
PUB_002818,MATERIALS_SCIENCE
PUB_002819,ENGINEERING
PUB_002820,ENGINEERING
PUB_002821,MATERIALS_SCIENCE
PUB_002822,PHYSICS_AND_ASTRONOMY
PUB_002823,ENGINEERING
PUB_002824,ENGINEERING
PUB_002825,PHYSICS_AND_ASTRONOMY
PUB_002826,ENGINEERING
PUB_002827,ENGINEERING
PUB_002828,PHYSICS_AND_ASTRONOMY
PUB_002829,COMPUTER_SCIENCE
PUB_002830,ENGINEERING
PUB_002831,COMPUTER_SCIENCE
PUB_002832,ENGINEERING
PUB_002833,PHYSICS_AND_ASTRONOMY
PUB_002834,ENGINEERING
PUB_002835,COMPUTER_SCIENCE
PUB_002836,PHYSICS_AND_ASTRONOMY
PUB_002837,ENGINEERING
PUB_002838,COMPUTER_SCIENCE
PUB_002839,ENGINEERING
PUB_002840,ENGINEERING
PUB_002841,ENGINEERING
PUB_002842,ENGINEERING
PUB_002843,PHYSICS_AND_ASTRONOMY
PUB_002844,PHYSICS_AND_ASTRONOMY
PUB_002845,ENGINEERING
PUB_002846,ENGINEERING
PUB_002847,MATERIALS_SCIENCE
PUB_002848,ENGINEERING
PUB_002849,MATERIALS_SCIENCE
PUB_002850,MATERIALS_SCIENCE
PUB_002851,PHYSICS_AND_ASTRONOMY
PUB_002852,ENGINEERING
PUB_002853,COMPUTER_SCIENCE
PUB_002854,ENGINEERING
PUB_002855,MATERIALS_SCIENCE
PUB_002856,ENGINEERING
PUB_002857,ENGINEERING
PUB_002858,ENGINEERING
PUB_002859,ENGINEERING
PUB_002860,MATERIALS_SCIENCE
PUB_002861,ENGINEERING
PUB_002862,ENGINEERING
PUB_002863,COMPUTER_SCIENCE
PUB_002864,ENGINEERING
PUB_002865,ENGINEERING
PUB_002866,COMPUTER_SCIENCE
PUB_002867,ENGINEERING
PUB_002868,MATERIALS_SCIENCE
PUB_002869,MATERIALS_SCIENCE
PUB_002870,COMPUTER_SCIENCE
PUB_002871,ENGINEERING
PUB_002872,ENGINEERING
PUB_002873,ENGINEERING
PUB_002874,MATERIALS_SCIENCE
PUB_002875,ENGINEERING
PUB_002876,MATERIALS_SCIENCE
PUB_002877,COMPUTER_SCIENCE
PUB_002878,MATHEMATICS
PUB_002879,ENGINEERING
PUB_002880,ENGINEERING
PUB_002881,ENGINEERING
PUB_002882,ENGINEERING
PUB_002883,COMPUTER_SCIENCE
PUB_002884,ENGINEERING
PUB_002885,ENGINEERING
PUB_002886,ENGINEERING
PUB_002887,ENGINEERING
PUB_002888,ENGINEERING
PUB_002889,ENGINEERING
PUB_002890,ENGINEERING
PUB_002891,MATERIALS_SCIENCE
PUB_002892,ENGINEERING
PUB_002893,ENGINEERING
PUB_002894,ENGINEERING
PUB_002895,MATERIALS_SCIENCE
PUB_002896,COMPUTER_SCIENCE
PUB_002897,MATERIALS_SCIENCE
PUB_002898,ENGINEERING
PUB_002899,PHYSICS_AND_ASTRONOMY
PUB_002900,ENGINEERING
PUB_002901,ENGINEERING
PUB_002902,MATERIALS_SCIENCE
PUB_002903,ENGINEERING
PUB_002904,MATHEMATICS
PUB_002905,ENGINEERING
PUB_002906,ENGINEERING
PUB_002907,ENGINEERING
PUB_002908,COMPUTER_SCIENCE
PUB_002909,PHYSICS_AND_ASTRONOMY
PUB_002910,ENGINEERING
PUB_002911,ENGINEERING
PUB_002912,ENGINEERING
PUB_002913,ENGINEERING
PUB_002914,ENGINEERING
PUB_002915,ENGINEERING
PUB_002916,MATERIALS_SCIENCE
PUB_002917,ENGINEERING
PUB_002918,COMPUTER_SCIENCE
PUB_002919,COMPUTER_SCIENCE
PUB_002920,MATERIALS_SCIENCE
PUB_002921,COMPUTER_SCIENCE
PUB_002922,ENGINEERING
PUB_002923,MATERIALS_SCIENCE
PUB_002924,ENGINEERING
PUB_002925,ENGINEERING
PUB_002926,MATERIALS_SCIENCE
PUB_002927,ENGINEERING
PUB_002928,COMPUTER_SCIENCE
PUB_002929,ENGINEERING
PUB_002930,MATERIALS_SCIENCE
PUB_002931,PHYSICS_AND_ASTRONOMY
PUB_002932,ENGINEERING
PUB_002933,ENGINEERING
PUB_002934,COMPUTER_SCIENCE
PUB_002935,ENGINEERING
PUB_002936,ENGINEERING
PUB_002937,COMPUTER_SCIENCE
PUB_002938,ENGINEERING
PUB_002939,PHYSICS_AND_ASTRONOMY
PUB_002940,MATERIALS_SCIENCE
PUB_002941,ENGINEERING
PUB_002942,ENGINEERING
PUB_002943,PHYSICS_AND_ASTRONOMY
PUB_002944,MATERIALS_SCIENCE
PUB_002945,ENGINEERING
PUB_002946,MATERIALS_SCIENCE
PUB_002947,MATERIALS_SCIENCE
PUB_002948,ENGINEERING
PUB_002949,ENGINEERING
PUB_002950,ENGINEERING
PUB_002951,COMPUTER_SCIENCE
PUB_002952,MATERIALS_SCIENCE
PUB_002953,COMPUTER_SCIENCE
PUB_002954,ENGINEERING
PUB_002955,ENGINEERING
PUB_002956,ENGINEERING
PUB_002957,ENGINEERING
PUB_002958,COMPUTER_SCIENCE
PUB_002959,COMPUTER_SCIENCE
PUB_002960,COMPUTER_SCIENCE
PUB_002961,MATERIALS_SCIENCE
PUB_002962,ENGINEERING
PUB_002963,COMPUTER_SCIENCE
PUB_002964,COMPUTER_SCIENCE
PUB_002965,ENGINEERING
PUB_002966,ENGINEERING
PUB_002967,ENGINEERING
PUB_002968,MATERIALS_SCIENCE
PUB_002969,ENGINEERING
PUB_002970,COMPUTER_SCIENCE
PUB_002971,ENGINEERING
PUB_002972,ENGINEERING
PUB_002973,PHYSICS_AND_ASTRONOMY
PUB_002974,ENGINEERING
PUB_002975,PHYSICS_AND_ASTRONOMY
PUB_002976,ENGINEERING
PUB_002977,COMPUTER_SCIENCE
PUB_002978,COMPUTER_SCIENCE
PUB_002979,PHYSICS_AND_ASTRONOMY
PUB_002980,PHYSICS_AND_ASTRONOMY
PUB_002981,ENGINEERING
PUB_002982,COMPUTER_SCIENCE
PUB_002983,ENGINEERING
PUB_002984,ENGINEERING
PUB_002985,ENGINEERING
PUB_002986,COMPUTER_SCIENCE
PUB_002987,ENGINEERING
PUB_002988,PHYSICS_AND_ASTRONOMY
PUB_002989,MATERIALS_SCIENCE
PUB_002990,ENGINEERING
PUB_002991,ENGINEERING
PUB_002992,COMPUTER_SCIENCE
PUB_002993,ENGINEERING
PUB_002994,MATERIALS_SCIENCE
PUB_002995,MATERIALS_SCIENCE
PUB_002996,ENGINEERING
PUB_002997,PHYSICS_AND_ASTRONOMY
PUB_002998,COMPUTER_SCIENCE
PUB_002999,MATERIALS_SCIENCE
PUB_003000,ENGINEERING
PUB_003001,ENGINEERING
PUB_003002,COMPUTER_SCIENCE
PUB_003003,MATERIALS_SCIENCE
PUB_003004,MATERIALS_SCIENCE
PUB_003005,ENGINEERING
PUB_003006,PHYSICS_AND_ASTRONOMY
PUB_003007,ENGINEERING
PUB_003008,ENGINEERING
PUB_003009,COMPUTER_SCIENCE
PUB_003010,ENGINEERING
PUB_003011,ENGINEERING
PUB_003012,MATERIALS_SCIENCE
PUB_003013,ENGINEERING
PUB_003014,MATERIALS_SCIENCE
PUB_003015,MATERIALS_SCIENCE
PUB_003016,ENGINEERING
PUB_003017,COMPUTER_SCIENCE
PUB_003018,PHYSICS_AND_ASTRONOMY
PUB_003019,ENGINEERING
PUB_003020,ENGINEERING
PUB_003021,MATERIALS_SCIENCE
PUB_003022,ENGINEERING
PUB_003023,MATERIALS_SCIENCE
PUB_003024,PHYSICS_AND_ASTRONOMY
PUB_003025,ENGINEERING
PUB_003026,ENGINEERING
PUB_003027,MATERIALS_SCIENCE
PUB_003028,PHYSICS_AND_ASTRONOMY
PUB_003029,COMPUTER_SCIENCE
PUB_003030,ENGINEERING
PUB_003031,MATERIALS_SCIENCE
PUB_003032,COMPUTER_SCIENCE
PUB_003033,ENGINEERING
PUB_003034,ENGINEERING
PUB_003035,MATERIALS_SCIENCE
PUB_003036,ENGINEERING
PUB_003037,MATERIALS_SCIENCE
PUB_003038,COMPUTER_SCIENCE
PUB_003039,COMPUTER_SCIENCE
PUB_003040,ENGINEERING
PUB_003041,MATERIALS_SCIENCE
PUB_003042,MATERIALS_SCIENCE
PUB_003043,COMPUTER_SCIENCE
PUB_003044,COMPUTER_SCIENCE
PUB_003045,ENGINEERING
PUB_003046,COMPUTER_SCIENCE
PUB_003047,MATERIALS_SCIENCE
PUB_003048,MATERIALS_SCIENCE
PUB_003049,MATERIALS_SCIENCE
PUB_003050,ENGINEERING
PUB_003051,MATERIALS_SCIENCE
PUB_003052,ENGINEERING
PUB_003053,COMPUTER_SCIENCE
PUB_003054,ENGINEERING
PUB_003055,COMPUTER_SCIENCE
PUB_003056,ENGINEERING
PUB_003057,ENGINEERING
PUB_003058,ENGINEERING
PUB_003059,ENGINEERING
PUB_003060,COMPUTER_SCIENCE
PUB_003061,ENGINEERING
PUB_003062,ENGINEERING
PUB_003063,COMPUTER_SCIENCE
PUB_003064,ENGINEERING
PUB_003065,ENGINEERING
PUB_003066,MATERIALS_SCIENCE
PUB_003067,COMPUTER_SCIENCE
PUB_003068,MATERIALS_SCIENCE
PUB_003069,ENGINEERING
PUB_003070,ENGINEERING
PUB_003071,ENGINEERING
PUB_003072,ENGINEERING
PUB_003073,MATERIALS_SCIENCE
PUB_003074,PHYSICS_AND_ASTRONOMY
PUB_003075,ENGINEERING
PUB_003076,MATERIALS_SCIENCE
PUB_003077,MATERIALS_SCIENCE
PUB_003078,ENGINEERING
PUB_003079,ENGINEERING
PUB_003080,ENGINEERING
PUB_003081,MATHEMATICS
PUB_003082,ENGINEERING
PUB_003083,ENGINEERING
PUB_003084,ENGINEERING
PUB_003085,MATHEMATICS
PUB_003086,ENGINEERING
PUB_003087,ENGINEERING
PUB_003088,ENGINEERING
PUB_003089,MATERIALS_SCIENCE
PUB_003090,ENGINEERING
PUB_003091,ENGINEERING
PUB_003092,ENGINEERING
PUB_003093,ENGINEERING
PUB_003094,ENGINEERING
PUB_003095,ENGINEERING
PUB_003096,ENGINEERING
PUB_003097,MATERIALS_SCIENCE
PUB_003098,COMPUTER_SCIENCE
PUB_003099,ENGINEERING
PUB_003100,COMPUTER_SCIENCE
PUB_003101,PHYSICS_AND_ASTRONOMY
PUB_003102,MATERIALS_SCIENCE
PUB_003103,COMPUTER_SCIENCE
PUB_003104,ENGINEERING
PUB_003105,ENGINEERING
PUB_003106,COMPUTER_SCIENCE
PUB_003107,PHYSICS_AND_ASTRONOMY
PUB_003108,ENGINEERING
PUB_003109,ENGINEERING
PUB_003110,ENGINEERING
PUB_003111,COMPUTER_SCIENCE
PUB_003112,ENGINEERING
PUB_003113,ENGINEERING
PUB_003114,ENGINEERING
PUB_003115,COMPUTER_SCIENCE
PUB_003116,ENGINEERING
PUB_003117,MATERIALS_SCIENCE
PUB_003118,ENGINEERING
PUB_003119,PHYSICS_AND_ASTRONOMY
PUB_003120,MATHEMATICS
PUB_003121,ENGINEERING
PUB_003122,ENGINEERING
PUB_003123,ENGINEERING
PUB_003124,MATERIALS_SCIENCE
PUB_003125,MATERIALS_SCIENCE
PUB_003126,PHYSICS_AND_ASTRONOMY
PUB_003127,ENGINEERING
PUB_003128,ENGINEERING
PUB_003129,ENGINEERING
PUB_003130,ENGINEERING
PUB_003131,ENGINEERING
PUB_003132,COMPUTER_SCIENCE
PUB_003133,MATHEMATICS
PUB_003134,COMPUTER_SCIENCE
PUB_003135,ENGINEERING
PUB_003136,ENGINEERING
PUB_003137,MATERIALS_SCIENCE
PUB_003138,MATERIALS_SCIENCE
PUB_003139,MATERIALS_SCIENCE
PUB_003140,ENGINEERING
PUB_003141,ENGINEERING
PUB_003142,MATERIALS_SCIENCE
PUB_003143,ENGINEERING
PUB_003144,ENGINEERING
PUB_003145,ENGINEERING
PUB_003146,COMPUTER_SCIENCE
PUB_003147,ENGINEERING
PUB_003148,PHYSICS_AND_ASTRONOMY
PUB_003149,ENGINEERING
PUB_003150,COMPUTER_SCIENCE
PUB_003151,ENGINEERING
PUB_003152,MATERIALS_SCIENCE
PUB_003153,MATERIALS_SCIENCE
PUB_003154,COMPUTER_SCIENCE
PUB_003155,COMPUTER_SCIENCE
PUB_003156,COMPUTER_SCIENCE
PUB_003157,COMPUTER_SCIENCE
PUB_003158,COMPUTER_SCIENCE
PUB_003159,PHYSICS_AND_ASTRONOMY
PUB_003160,PHYSICS_AND_ASTRONOMY
PUB_003161,ENGINEERING
PUB_003162,ENGINEERING
PUB_003163,ENGINEERING
PUB_003164,ENGINEERING
PUB_003165,MATERIALS_SCIENCE
PUB_003166,PHYSICS_AND_ASTRONOMY
PUB_003167,MATERIALS_SCIENCE
PUB_003168,ENGINEERING
PUB_003169,COMPUTER_SCIENCE
PUB_003170,COMPUTER_SCIENCE
PUB_003171,ENGINEERING
PUB_003172,MATERIALS_SCIENCE
PUB_003173,ENGINEERING
PUB_003174,ENGINEERING
PUB_003175,ENGINEERING
PUB_003176,MATERIALS_SCIENCE
PUB_003177,COMPUTER_SCIENCE
PUB_003178,MATERIALS_SCIENCE
PUB_003179,MATERIALS_SCIENCE
PUB_003180,ENGINEERING
PUB_003181,ENGINEERING
PUB_003182,ENGINEERING
PUB_003183,PHYSICS_AND_ASTRONOMY
PUB_003184,MATERIALS_SCIENCE
PUB_003185,MATERIALS_SCIENCE
PUB_003186,PHYSICS_AND_ASTRONOMY
PUB_003187,COMPUTER_SCIENCE
PUB_003188,COMPUTER_SCIENCE
PUB_003189,COMPUTER_SCIENCE
PUB_003190,ENGINEERING
PUB_003191,MATERIALS_SCIENCE
PUB_003192,ENGINEERING
PUB_003193,MATERIALS_SCIENCE
PUB_003194,MATERIALS_SCIENCE
PUB_003195,ENGINEERING
PUB_003196,PHYSICS_AND_ASTRONOMY
PUB_003197,ENGINEERING
PUB_003198,ENGINEERING
PUB_003199,ENGINEERING
PUB_003200,COMPUTER_SCIENCE
PUB_003201,COMPUTER_SCIENCE
PUB_003202,ENGINEERING
PUB_003203,ENGINEERING
PUB_003204,PHYSICS_AND_ASTRONOMY
PUB_003205,COMPUTER_SCIENCE
PUB_003206,MATERIALS_SCIENCE
PUB_003207,MATHEMATICS
PUB_003208,MATHEMATICS
PUB_003209,ENGINEERING
PUB_003210,PHYSICS_AND_ASTRONOMY
PUB_003211,ENGINEERING
PUB_003212,MATERIALS_SCIENCE
PUB_003213,ENGINEERING
PUB_003214,PHYSICS_AND_ASTRONOMY
PUB_003215,ENGINEERING
PUB_003216,COMPUTER_SCIENCE
PUB_003217,ENGINEERING
PUB_003218,COMPUTER_SCIENCE
PUB_003219,ENGINEERING
PUB_003220,ENGINEERING
PUB_003221,COMPUTER_SCIENCE
PUB_003222,ENGINEERING
PUB_003223,MATERIALS_SCIENCE
PUB_003224,MATERIALS_SCIENCE
PUB_003225,MATERIALS_SCIENCE
PUB_003226,COMPUTER_SCIENCE
PUB_003227,ENGINEERING
PUB_003228,PHYSICS_AND_ASTRONOMY
PUB_003229,MATHEMATICS
PUB_003230,MATHEMATICS
PUB_003231,PHYSICS_AND_ASTRONOMY
PUB_003232,MATHEMATICS
PUB_003233,PHYSICS_AND_ASTRONOMY
PUB_003234,MATERIALS_SCIENCE
PUB_003235,ENGINEERING
PUB_003236,COMPUTER_SCIENCE
PUB_003237,ENGINEERING
PUB_003238,MATERIALS_SCIENCE
PUB_003239,MATERIALS_SCIENCE
PUB_003240,MATERIALS_SCIENCE
PUB_003241,COMPUTER_SCIENCE
PUB_003242,ENGINEERING
PUB_003243,ENGINEERING
PUB_003244,ENGINEERING
PUB_003245,ENGINEERING
PUB_003246,ENGINEERING
PUB_003247,COMPUTER_SCIENCE
PUB_003248,ENGINEERING
PUB_003249,MATERIALS_SCIENCE
PUB_003250,COMPUTER_SCIENCE
PUB_003251,ENGINEERING
PUB_003252,ENGINEERING
PUB_003253,MATHEMATICS
PUB_003254,ENGINEERING
PUB_003255,ENGINEERING
PUB_003256,PHYSICS_AND_ASTRONOMY
PUB_003257,PHYSICS_AND_ASTRONOMY
PUB_003258,PHYSICS_AND_ASTRONOMY
PUB_003259,MATHEMATICS
PUB_003260,COMPUTER_SCIENCE
PUB_003261,ENGINEERING
PUB_003262,ENGINEERING
PUB_003263,ENGINEERING
PUB_003264,ENGINEERING
PUB_003265,COMPUTER_SCIENCE
PUB_003266,MATERIALS_SCIENCE
PUB_003267,ENGINEERING
PUB_003268,ENGINEERING
PUB_003269,ENGINEERING
PUB_003270,ENGINEERING
PUB_003271,MATHEMATICS
PUB_003272,MATHEMATICS
PUB_003273,ENGINEERING
PUB_003274,PHYSICS_AND_ASTRONOMY
PUB_003275,ENGINEERING
PUB_003276,MATERIALS_SCIENCE
PUB_003277,ENGINEERING
PUB_003278,MATERIALS_SCIENCE
PUB_003279,ENGINEERING
PUB_003280,ENGINEERING
PUB_003281,ENGINEERING
PUB_003282,MATERIALS_SCIENCE
PUB_003283,ENGINEERING
PUB_003284,MATERIALS_SCIENCE
PUB_003285,COMPUTER_SCIENCE
PUB_003286,ENGINEERING
PUB_003287,MATHEMATICS
PUB_003288,MATERIALS_SCIENCE
PUB_003289,ENGINEERING
PUB_003290,ENGINEERING
PUB_003291,COMPUTER_SCIENCE
PUB_003292,ENGINEERING
PUB_003293,MATERIALS_SCIENCE
PUB_003294,COMPUTER_SCIENCE
PUB_003295,MATERIALS_SCIENCE
PUB_003296,ENGINEERING
PUB_003297,MATHEMATICS
PUB_003298,ENGINEERING
PUB_003299,ENGINEERING
PUB_003300,ENGINEERING
PUB_003301,COMPUTER_SCIENCE
PUB_003302,MATERIALS_SCIENCE
PUB_003303,MATHEMATICS
PUB_003304,ENGINEERING
PUB_003305,ENGINEERING
PUB_003306,ENGINEERING
PUB_003307,MATHEMATICS
PUB_003308,MATHEMATICS
PUB_003309,ENGINEERING
PUB_003310,ENGINEERING
PUB_003311,PHYSICS_AND_ASTRONOMY
PUB_003312,COMPUTER_SCIENCE
PUB_003313,MATERIALS_SCIENCE
PUB_003314,PHYSICS_AND_ASTRONOMY
PUB_003315,COMPUTER_SCIENCE
PUB_003316,MATERIALS_SCIENCE
PUB_003317,MATHEMATICS
PUB_003318,MATERIALS_SCIENCE
PUB_003319,COMPUTER_SCIENCE
PUB_003320,ENGINEERING
PUB_003321,COMPUTER_SCIENCE
PUB_003322,ENGINEERING
PUB_003323,ENGINEERING
PUB_003324,ENGINEERING
PUB_003325,ENGINEERING
PUB_003326,ENGINEERING
PUB_003327,COMPUTER_SCIENCE
PUB_003328,ENGINEERING
PUB_003329,COMPUTER_SCIENCE
PUB_003330,COMPUTER_SCIENCE
PUB_003331,COMPUTER_SCIENCE
PUB_003332,MATERIALS_SCIENCE
PUB_003333,ENGINEERING
PUB_003334,MATERIALS_SCIENCE
PUB_003335,COMPUTER_SCIENCE
PUB_003336,COMPUTER_SCIENCE
PUB_003337,ENGINEERING
PUB_003338,COMPUTER_SCIENCE
PUB_003339,MATERIALS_SCIENCE
PUB_003340,COMPUTER_SCIENCE
PUB_003341,ENGINEERING
PUB_003342,ENGINEERING
PUB_003343,ENGINEERING
PUB_003344,COMPUTER_SCIENCE
PUB_003345,PHYSICS_AND_ASTRONOMY
PUB_003346,ENGINEERING
PUB_003347,MATERIALS_SCIENCE
PUB_003348,MATERIALS_SCIENCE
PUB_003349,ENGINEERING
PUB_003350,ENGINEERING
PUB_003351,ENGINEERING
PUB_003352,ENGINEERING
PUB_003353,ENGINEERING
PUB_003354,ENGINEERING
PUB_003355,MATHEMATICS
PUB_003356,PHYSICS_AND_ASTRONOMY
PUB_003357,ENGINEERING
PUB_003358,ENGINEERING
PUB_003359,ENGINEERING
PUB_003360,ENGINEERING
PUB_003361,MATERIALS_SCIENCE
PUB_003362,MATERIALS_SCIENCE
PUB_003363,ENGINEERING
PUB_003364,ENGINEERING
PUB_003365,ENGINEERING
PUB_003366,ENGINEERING
PUB_003367,MATERIALS_SCIENCE
PUB_003368,COMPUTER_SCIENCE
PUB_003369,COMPUTER_SCIENCE
PUB_003370,ENGINEERING
PUB_003371,COMPUTER_SCIENCE
PUB_003372,ENGINEERING
PUB_003373,ENGINEERING
PUB_003374,MATERIALS_SCIENCE
PUB_003375,PHYSICS_AND_ASTRONOMY
PUB_003376,ENGINEERING
PUB_003377,MATERIALS_SCIENCE
PUB_003378,ENGINEERING
PUB_003379,ENGINEERING
PUB_003380,COMPUTER_SCIENCE
PUB_003381,COMPUTER_SCIENCE
PUB_003382,ENGINEERING
PUB_003383,ENGINEERING
PUB_003384,MATERIALS_SCIENCE
PUB_003385,MATERIALS_SCIENCE
PUB_003386,ENGINEERING
PUB_003387,MATERIALS_SCIENCE
PUB_003388,ENGINEERING
PUB_003389,COMPUTER_SCIENCE
PUB_003390,ENGINEERING
PUB_003391,PHYSICS_AND_ASTRONOMY
PUB_003392,ENGINEERING
PUB_003393,ENGINEERING
PUB_003394,COMPUTER_SCIENCE
PUB_003395,ENGINEERING
PUB_003396,ENGINEERING
PUB_003397,ENGINEERING
PUB_003398,ENGINEERING
PUB_003399,COMPUTER_SCIENCE
PUB_003400,COMPUTER_SCIENCE
PUB_003401,ENGINEERING
PUB_003402,ENGINEERING
PUB_003403,MATERIALS_SCIENCE
PUB_003404,ENGINEERING
PUB_003405,ENGINEERING
PUB_003406,ENGINEERING
PUB_003407,ENGINEERING
PUB_003408,ENGINEERING
PUB_003409,ENGINEERING
PUB_003410,COMPUTER_SCIENCE
PUB_003411,MATHEMATICS
PUB_003412,ENGINEERING
PUB_003413,COMPUTER_SCIENCE
PUB_003414,ENGINEERING
PUB_003415,ENGINEERING
PUB_003416,ENGINEERING
PUB_003417,COMPUTER_SCIENCE
PUB_003418,ENGINEERING
PUB_003419,ENGINEERING
PUB_003420,ENGINEERING
PUB_003421,ENGINEERING
PUB_003422,COMPUTER_SCIENCE
PUB_003423,MATHEMATICS
PUB_003424,PHYSICS_AND_ASTRONOMY
PUB_003425,MATERIALS_SCIENCE
PUB_003426,ENGINEERING
PUB_003427,COMPUTER_SCIENCE
PUB_003428,ENGINEERING
PUB_003429,COMPUTER_SCIENCE
PUB_003430,ENGINEERING
PUB_003431,ENGINEERING
PUB_003432,ENGINEERING
PUB_003433,PHYSICS_AND_ASTRONOMY
PUB_003434,PHYSICS_AND_ASTRONOMY
PUB_003435,COMPUTER_SCIENCE
PUB_003436,ENGINEERING
PUB_003437,PHYSICS_AND_ASTRONOMY
PUB_003438,COMPUTER_SCIENCE
PUB_003439,ENGINEERING
PUB_003440,PHYSICS_AND_ASTRONOMY
PUB_003441,MATHEMATICS
PUB_003442,COMPUTER_SCIENCE
PUB_003443,MATERIALS_SCIENCE
PUB_003444,PHYSICS_AND_ASTRONOMY
PUB_003445,ENGINEERING
PUB_003446,ENGINEERING
PUB_003447,ENGINEERING
PUB_003448,ENGINEERING
PUB_003449,COMPUTER_SCIENCE
PUB_003450,COMPUTER_SCIENCE
PUB_003451,ENGINEERING
PUB_003452,MATHEMATICS
PUB_003453,MATHEMATICS
PUB_003454,ENGINEERING
PUB_003455,ENGINEERING
PUB_003456,COMPUTER_SCIENCE
PUB_003457,MATHEMATICS
PUB_003458,MATHEMATICS
PUB_003459,COMPUTER_SCIENCE
PUB_003460,ENGINEERING
PUB_003461,COMPUTER_SCIENCE
PUB_003462,PHYSICS_AND_ASTRONOMY
PUB_003463,MATHEMATICS
PUB_003464,ENGINEERING
PUB_003465,ENGINEERING
PUB_003466,ENGINEERING
PUB_003467,PHYSICS_AND_ASTRONOMY
PUB_003468,ENGINEERING
PUB_003469,ENGINEERING
PUB_003470,PHYSICS_AND_ASTRONOMY
PUB_003471,COMPUTER_SCIENCE
PUB_003472,PHYSICS_AND_ASTRONOMY
PUB_003473,ENGINEERING
PUB_003474,COMPUTER_SCIENCE
PUB_003475,MATHEMATICS
PUB_003476,ENGINEERING
PUB_003477,COMPUTER_SCIENCE
PUB_003478,ENGINEERING
PUB_003479,MATHEMATICS
PUB_003480,ENGINEERING
PUB_003481,COMPUTER_SCIENCE
PUB_003482,ENGINEERING
PUB_003483,COMPUTER_SCIENCE
PUB_003484,MATHEMATICS
PUB_003485,MATHEMATICS
PUB_003486,MATHEMATICS
PUB_003487,MATHEMATICS
PUB_003488,MATHEMATICS
PUB_003489,COMPUTER_SCIENCE
PUB_003490,MATERIALS_SCIENCE
PUB_003491,PHYSICS_AND_ASTRONOMY
PUB_003492,COMPUTER_SCIENCE
PUB_003493,COMPUTER_SCIENCE
PUB_003494,ENGINEERING
PUB_003495,MATERIALS_SCIENCE
PUB_003496,ENGINEERING
PUB_003497,ENGINEERING
PUB_003498,PHYSICS_AND_ASTRONOMY
PUB_003499,MATERIALS_SCIENCE
PUB_003500,COMPUTER_SCIENCE
PUB_003501,MATERIALS_SCIENCE
PUB_003502,ENGINEERING
PUB_003503,COMPUTER_SCIENCE
PUB_003504,COMPUTER_SCIENCE
PUB_003505,ENGINEERING
PUB_003506,COMPUTER_SCIENCE
PUB_003507,ENGINEERING
PUB_003508,COMPUTER_SCIENCE
PUB_003509,COMPUTER_SCIENCE
PUB_003510,PHYSICS_AND_ASTRONOMY
PUB_003511,ENGINEERING
PUB_003512,PHYSICS_AND_ASTRONOMY
PUB_003513,COMPUTER_SCIENCE
PUB_003514,ENGINEERING
PUB_003515,ENGINEERING
PUB_003516,ENGINEERING
PUB_003517,ENGINEERING
PUB_003518,COMPUTER_SCIENCE
PUB_003519,ENGINEERING
PUB_003520,ENGINEERING
PUB_003521,PHYSICS_AND_ASTRONOMY
PUB_003522,COMPUTER_SCIENCE
PUB_003523,MATERIALS_SCIENCE
PUB_003524,MATERIALS_SCIENCE
PUB_003525,COMPUTER_SCIENCE
PUB_003526,COMPUTER_SCIENCE
PUB_003527,ENGINEERING
PUB_003528,COMPUTER_SCIENCE
PUB_003529,PHYSICS_AND_ASTRONOMY
PUB_003530,ENGINEERING
PUB_003531,ENGINEERING
PUB_003532,COMPUTER_SCIENCE
PUB_003533,ENGINEERING
PUB_003534,COMPUTER_SCIENCE
PUB_003535,ENGINEERING
PUB_003536,ENGINEERING
PUB_003537,MATERIALS_SCIENCE
PUB_003538,MATERIALS_SCIENCE
PUB_003539,ENGINEERING
PUB_003540,MATERIALS_SCIENCE
PUB_003541,ENGINEERING
PUB_003542,ENGINEERING
PUB_003543,ENGINEERING
PUB_003544,COMPUTER_SCIENCE
PUB_003545,ENGINEERING
PUB_003546,COMPUTER_SCIENCE
PUB_003547,ENGINEERING
PUB_003548,ENGINEERING
PUB_003549,ENGINEERING
PUB_003550,PHYSICS_AND_ASTRONOMY
PUB_003551,ENGINEERING
PUB_003552,MATHEMATICS
PUB_003553,MATHEMATICS
PUB_003554,MATHEMATICS
PUB_003555,MATHEMATICS
PUB_003556,COMPUTER_SCIENCE
PUB_003557,ENGINEERING
PUB_003558,ENGINEERING
PUB_003559,MATHEMATICS
PUB_003560,ENGINEERING
PUB_003561,ENGINEERING
PUB_003562,ENGINEERING
PUB_003563,ENGINEERING
PUB_003564,MATHEMATICS
PUB_003565,ENGINEERING
PUB_003566,MATERIALS_SCIENCE
PUB_003567,ENGINEERING
PUB_003568,MATHEMATICS
PUB_003569,COMPUTER_SCIENCE
PUB_003570,PHYSICS_AND_ASTRONOMY
PUB_003571,ENGINEERING
PUB_003572,MATERIALS_SCIENCE
PUB_003573,MATERIALS_SCIENCE
PUB_003574,ENGINEERING
PUB_003575,COMPUTER_SCIENCE
PUB_003576,ENGINEERING
PUB_003577,ENGINEERING
PUB_003578,COMPUTER_SCIENCE
PUB_003579,MATERIALS_SCIENCE
PUB_003580,COMPUTER_SCIENCE
PUB_003581,PHYSICS_AND_ASTRONOMY
PUB_003582,ENGINEERING
PUB_003583,COMPUTER_SCIENCE
PUB_003584,COMPUTER_SCIENCE
PUB_003585,COMPUTER_SCIENCE
PUB_003586,PHYSICS_AND_ASTRONOMY
PUB_003587,COMPUTER_SCIENCE
PUB_003588,ENGINEERING
PUB_003589,COMPUTER_SCIENCE
PUB_003590,COMPUTER_SCIENCE
PUB_003591,ENGINEERING
PUB_003592,COMPUTER_SCIENCE
PUB_003593,ENGINEERING
PUB_003594,ENGINEERING
PUB_003595,ENGINEERING
PUB_003596,ENGINEERING
PUB_003597,ENGINEERING
PUB_003598,ENGINEERING
PUB_003599,ENGINEERING
PUB_003600,ENGINEERING
PUB_003601,ENGINEERING
PUB_003602,COMPUTER_SCIENCE
PUB_003603,PHYSICS_AND_ASTRONOMY
PUB_003604,MATHEMATICS
PUB_003605,ENGINEERING
PUB_003606,ENGINEERING
PUB_003607,ENGINEERING
PUB_003608,COMPUTER_SCIENCE
PUB_003609,ENGINEERING
PUB_003610,MATERIALS_SCIENCE
PUB_003611,COMPUTER_SCIENCE
PUB_003612,PHYSICS_AND_ASTRONOMY
PUB_003613,MATHEMATICS
PUB_003614,COMPUTER_SCIENCE
PUB_003615,ENGINEERING
PUB_003616,ENGINEERING
PUB_003617,MATERIALS_SCIENCE
PUB_003618,COMPUTER_SCIENCE
PUB_003619,COMPUTER_SCIENCE
PUB_003620,COMPUTER_SCIENCE
PUB_003621,COMPUTER_SCIENCE
PUB_003622,ENGINEERING
PUB_003623,ENGINEERING
PUB_003624,COMPUTER_SCIENCE
PUB_003625,ENGINEERING
PUB_003626,ENGINEERING
PUB_003627,ENGINEERING
PUB_003628,MATERIALS_SCIENCE
PUB_003629,MATERIALS_SCIENCE
PUB_003630,COMPUTER_SCIENCE
PUB_003631,MATERIALS_SCIENCE
PUB_003632,COMPUTER_SCIENCE
PUB_003633,COMPUTER_SCIENCE
PUB_003634,COMPUTER_SCIENCE
PUB_003635,ENGINEERING
PUB_003636,COMPUTER_SCIENCE
PUB_003637,ENGINEERING
PUB_003638,COMPUTER_SCIENCE
PUB_003639,ENGINEERING
PUB_003640,ENGINEERING
PUB_003641,ENGINEERING
PUB_003642,ENGINEERING
PUB_003643,ENGINEERING
PUB_003644,COMPUTER_SCIENCE
PUB_003645,ENGINEERING
PUB_003646,ENGINEERING
PUB_003647,ENGINEERING
PUB_003648,ENGINEERING
PUB_003649,MATERIALS_SCIENCE
PUB_003650,MATERIALS_SCIENCE
PUB_003651,ENGINEERING
PUB_003652,ENGINEERING
PUB_003653,COMPUTER_SCIENCE
PUB_003654,ENGINEERING
PUB_003655,ENGINEERING
PUB_003656,ENGINEERING
PUB_003657,PHYSICS_AND_ASTRONOMY
PUB_003658,ENGINEERING
PUB_003659,ENGINEERING
PUB_003660,MATERIALS_SCIENCE
PUB_003661,MATERIALS_SCIENCE
PUB_003662,ENGINEERING
PUB_003663,MATERIALS_SCIENCE
PUB_003664,ENGINEERING
PUB_003665,PHYSICS_AND_ASTRONOMY
PUB_003666,ENGINEERING
PUB_003667,ENGINEERING
PUB_003668,ENGINEERING
PUB_003669,COMPUTER_SCIENCE
PUB_003670,PHYSICS_AND_ASTRONOMY
PUB_003671,ENGINEERING
PUB_003672,MATERIALS_SCIENCE
PUB_003673,ENGINEERING
PUB_003674,ENGINEERING
PUB_003675,ENGINEERING
PUB_003676,COMPUTER_SCIENCE
PUB_003677,COMPUTER_SCIENCE
PUB_003678,ENGINEERING
PUB_003679,ENGINEERING
PUB_003680,COMPUTER_SCIENCE
PUB_003681,MATERIALS_SCIENCE
PUB_003682,ENGINEERING
PUB_003683,ENGINEERING
PUB_003684,COMPUTER_SCIENCE
PUB_003685,ENGINEERING
PUB_003686,ENGINEERING
PUB_003687,MATERIALS_SCIENCE
PUB_003688,ENGINEERING
PUB_003689,ENGINEERING
PUB_003690,PHYSICS_AND_ASTRONOMY
PUB_003691,ENGINEERING
PUB_003692,COMPUTER_SCIENCE
PUB_003693,PHYSICS_AND_ASTRONOMY
PUB_003694,MATHEMATICS
PUB_003695,MATERIALS_SCIENCE
PUB_003696,COMPUTER_SCIENCE
PUB_003697,COMPUTER_SCIENCE
PUB_003698,ENGINEERING
PUB_003699,COMPUTER_SCIENCE
PUB_003700,COMPUTER_SCIENCE
PUB_003701,ENGINEERING
PUB_003702,COMPUTER_SCIENCE
PUB_003703,MATHEMATICS
PUB_003704,ENGINEERING
PUB_003705,COMPUTER_SCIENCE
PUB_003706,COMPUTER_SCIENCE
PUB_003707,ENGINEERING
PUB_003708,ENGINEERING
PUB_003709,COMPUTER_SCIENCE
PUB_003710,COMPUTER_SCIENCE
PUB_003711,ENGINEERING
PUB_003712,MATHEMATICS
PUB_003713,MATHEMATICS
PUB_003714,COMPUTER_SCIENCE
PUB_003715,ENGINEERING
PUB_003716,COMPUTER_SCIENCE
PUB_003717,MATHEMATICS
PUB_003718,MATHEMATICS
PUB_003719,ENGINEERING
PUB_003720,ENGINEERING
PUB_003721,MATHEMATICS
PUB_003722,ENGINEERING
PUB_003723,MATHEMATICS
PUB_003724,ENGINEERING
PUB_003725,COMPUTER_SCIENCE
PUB_003726,COMPUTER_SCIENCE
PUB_003727,COMPUTER_SCIENCE
PUB_003728,COMPUTER_SCIENCE
PUB_003729,COMPUTER_SCIENCE
PUB_003730,COMPUTER_SCIENCE
PUB_003731,COMPUTER_SCIENCE
PUB_003732,MATHEMATICS
PUB_003733,COMPUTER_SCIENCE
PUB_003734,ENGINEERING
PUB_003735,ENGINEERING
PUB_003736,MATERIALS_SCIENCE
PUB_003737,MATERIALS_SCIENCE
PUB_003738,COMPUTER_SCIENCE
PUB_003739,MATERIALS_SCIENCE
PUB_003740,COMPUTER_SCIENCE
PUB_003741,PHYSICS_AND_ASTRONOMY
PUB_003742,MATERIALS_SCIENCE
PUB_003743,ENGINEERING
PUB_003744,ENGINEERING
PUB_003745,MATERIALS_SCIENCE
PUB_003746,MATERIALS_SCIENCE
PUB_003747,MATHEMATICS
PUB_003748,COMPUTER_SCIENCE
PUB_003749,MATHEMATICS
PUB_003750,MATERIALS_SCIENCE
PUB_003751,MATHEMATICS
PUB_003752,MATHEMATICS
PUB_003753,ENGINEERING
PUB_003754,MATHEMATICS
PUB_003755,MATHEMATICS
PUB_003756,COMPUTER_SCIENCE
PUB_003757,MATHEMATICS
PUB_003758,COMPUTER_SCIENCE
PUB_003759,COMPUTER_SCIENCE
PUB_003760,COMPUTER_SCIENCE
PUB_003761,COMPUTER_SCIENCE
PUB_003762,ENGINEERING
PUB_003763,ENGINEERING
PUB_003764,ENGINEERING
PUB_003765,COMPUTER_SCIENCE
PUB_003766,COMPUTER_SCIENCE
PUB_003767,MATHEMATICS
PUB_003768,COMPUTER_SCIENCE
PUB_003769,ENGINEERING
PUB_003770,ENGINEERING
PUB_003771,MATHEMATICS
PUB_003772,ENGINEERING
PUB_003773,PHYSICS_AND_ASTRONOMY
PUB_003774,COMPUTER_SCIENCE
PUB_003775,ENGINEERING
PUB_003776,MATHEMATICS
PUB_003777,ENGINEERING
PUB_003778,ENGINEERING
PUB_003779,ENGINEERING
PUB_003780,PHYSICS_AND_ASTRONOMY
PUB_003781,ENGINEERING
PUB_003782,ENGINEERING
PUB_003783,MATHEMATICS
PUB_003784,MATHEMATICS
PUB_003785,MATHEMATICS
PUB_003786,MATHEMATICS
PUB_003787,MATHEMATICS
PUB_003788,MATHEMATICS
PUB_003789,MATHEMATICS
PUB_003790,COMPUTER_SCIENCE
PUB_003791,COMPUTER_SCIENCE
PUB_003792,COMPUTER_SCIENCE
PUB_003793,COMPUTER_SCIENCE
PUB_003794,COMPUTER_SCIENCE
PUB_003795,MATERIALS_SCIENCE
PUB_003796,PHYSICS_AND_ASTRONOMY
PUB_003797,ENGINEERING
PUB_003798,COMPUTER_SCIENCE
PUB_003799,COMPUTER_SCIENCE
PUB_003800,ENGINEERING
PUB_003801,COMPUTER_SCIENCE
PUB_003802,COMPUTER_SCIENCE
PUB_003803,MATHEMATICS
PUB_003804,COMPUTER_SCIENCE
PUB_003805,ENGINEERING
PUB_003806,COMPUTER_SCIENCE
PUB_003807,COMPUTER_SCIENCE
PUB_003808,MATHEMATICS
PUB_003809,MATHEMATICS
PUB_003810,ENGINEERING
PUB_003811,ENGINEERING
PUB_003812,ENGINEERING
PUB_003813,ENGINEERING
PUB_003814,MATHEMATICS
PUB_003815,COMPUTER_SCIENCE
PUB_003816,ENGINEERING
PUB_003817,ENGINEERING
PUB_003818,PHYSICS_AND_ASTRONOMY
PUB_003819,ENGINEERING
PUB_003820,COMPUTER_SCIENCE
PUB_003821,MATERIALS_SCIENCE
PUB_003822,COMPUTER_SCIENCE
PUB_003823,ENGINEERING
PUB_003824,ENGINEERING
PUB_003825,ENGINEERING
PUB_003826,MATHEMATICS
PUB_003827,ENGINEERING
PUB_003828,MATHEMATICS
PUB_003829,PHYSICS_AND_ASTRONOMY
PUB_003830,COMPUTER_SCIENCE
PUB_003831,ENGINEERING
PUB_003832,ENGINEERING
PUB_003833,COMPUTER_SCIENCE
PUB_003834,ENGINEERING
PUB_003835,COMPUTER_SCIENCE
PUB_003836,MATERIALS_SCIENCE
PUB_003837,MATHEMATICS
PUB_003838,COMPUTER_SCIENCE
PUB_003839,COMPUTER_SCIENCE
PUB_003840,MATHEMATICS
PUB_003841,COMPUTER_SCIENCE
PUB_003842,COMPUTER_SCIENCE
PUB_003843,COMPUTER_SCIENCE
PUB_003844,MATERIALS_SCIENCE
PUB_003845,COMPUTER_SCIENCE
PUB_003846,COMPUTER_SCIENCE
PUB_003847,COMPUTER_SCIENCE
PUB_003848,COMPUTER_SCIENCE
PUB_003849,ENGINEERING
PUB_003850,ENGINEERING
PUB_003851,PHYSICS_AND_ASTRONOMY
PUB_003852,ENGINEERING
PUB_003853,COMPUTER_SCIENCE
PUB_003854,COMPUTER_SCIENCE
PUB_003855,COMPUTER_SCIENCE
PUB_003856,ENGINEERING
PUB_003857,MATHEMATICS
PUB_003858,ENGINEERING
PUB_003859,ENGINEERING
PUB_003860,MATERIALS_SCIENCE
PUB_003861,ENGINEERING
PUB_003862,ENGINEERING
PUB_003863,ENGINEERING
PUB_003864,COMPUTER_SCIENCE
PUB_003865,ENGINEERING
PUB_003866,ENGINEERING
PUB_003867,COMPUTER_SCIENCE
PUB_003868,ENGINEERING
PUB_003869,ENGINEERING
PUB_003870,MATERIALS_SCIENCE
PUB_003871,MATHEMATICS
PUB_003872,ENGINEERING
PUB_003873,ENGINEERING
PUB_003874,PHYSICS_AND_ASTRONOMY
PUB_003875,MATERIALS_SCIENCE
PUB_003876,MATERIALS_SCIENCE
PUB_003877,COMPUTER_SCIENCE
PUB_003878,ENGINEERING
PUB_003879,MATERIALS_SCIENCE
PUB_003880,COMPUTER_SCIENCE
PUB_003881,ENGINEERING
PUB_003882,COMPUTER_SCIENCE
PUB_003883,COMPUTER_SCIENCE
PUB_003884,COMPUTER_SCIENCE
PUB_003885,ENGINEERING
PUB_003886,ENGINEERING
PUB_003887,ENGINEERING
PUB_003888,ENGINEERING
PUB_003889,PHYSICS_AND_ASTRONOMY
PUB_003890,COMPUTER_SCIENCE
PUB_003891,ENGINEERING
PUB_003892,MATHEMATICS
PUB_003893,COMPUTER_SCIENCE
PUB_003894,MATHEMATICS
PUB_003895,PHYSICS_AND_ASTRONOMY
PUB_003896,ENGINEERING
PUB_003897,ENGINEERING
PUB_003898,COMPUTER_SCIENCE
PUB_003899,COMPUTER_SCIENCE
PUB_003900,MATHEMATICS
PUB_003901,MATERIALS_SCIENCE
PUB_003902,MATERIALS_SCIENCE
PUB_003903,ENGINEERING
PUB_003904,COMPUTER_SCIENCE
PUB_003905,PHYSICS_AND_ASTRONOMY
PUB_003906,ENGINEERING
PUB_003907,PHYSICS_AND_ASTRONOMY
PUB_003908,COMPUTER_SCIENCE
PUB_003909,ENGINEERING
PUB_003910,PHYSICS_AND_ASTRONOMY
PUB_003911,MATHEMATICS
PUB_003912,ENGINEERING
PUB_003913,MATERIALS_SCIENCE
PUB_003914,MATERIALS_SCIENCE
PUB_003915,ENGINEERING
PUB_003916,COMPUTER_SCIENCE
PUB_003917,MATERIALS_SCIENCE
PUB_003918,PHYSICS_AND_ASTRONOMY
PUB_003919,PHYSICS_AND_ASTRONOMY
PUB_003920,COMPUTER_SCIENCE
PUB_003921,ENGINEERING
PUB_003922,COMPUTER_SCIENCE
PUB_003923,ENGINEERING
PUB_003924,COMPUTER_SCIENCE
PUB_003925,PHYSICS_AND_ASTRONOMY
PUB_003926,COMPUTER_SCIENCE
PUB_003927,ENGINEERING
PUB_003928,ENGINEERING
PUB_003929,COMPUTER_SCIENCE
PUB_003930,COMPUTER_SCIENCE
PUB_003931,COMPUTER_SCIENCE
PUB_003932,COMPUTER_SCIENCE
PUB_003933,ENGINEERING
PUB_003934,MATHEMATICS
PUB_003935,ENGINEERING
PUB_003936,COMPUTER_SCIENCE
PUB_003937,MATERIALS_SCIENCE
PUB_003938,ENGINEERING
PUB_003939,COMPUTER_SCIENCE
PUB_003940,ENGINEERING
PUB_003941,PHYSICS_AND_ASTRONOMY
PUB_003942,MATERIALS_SCIENCE
PUB_003943,ENGINEERING
PUB_003944,MATERIALS_SCIENCE
PUB_003945,ENGINEERING
PUB_003946,PHYSICS_AND_ASTRONOMY
PUB_003947,ENGINEERING
PUB_003948,ENGINEERING
PUB_003949,ENGINEERING
PUB_003950,COMPUTER_SCIENCE
PUB_003951,ENGINEERING
PUB_003952,MATHEMATICS
PUB_003953,ENGINEERING
PUB_003954,ENGINEERING
PUB_003955,PHYSICS_AND_ASTRONOMY
PUB_003956,ENGINEERING
PUB_003957,COMPUTER_SCIENCE
PUB_003958,ENGINEERING
PUB_003959,COMPUTER_SCIENCE
PUB_003960,MATERIALS_SCIENCE
PUB_003961,ENGINEERING
PUB_003962,MATERIALS_SCIENCE
PUB_003963,MATERIALS_SCIENCE
PUB_003964,MATERIALS_SCIENCE
PUB_003965,MATERIALS_SCIENCE
PUB_003966,MATERIALS_SCIENCE
PUB_003967,MATERIALS_SCIENCE
PUB_003968,PHYSICS_AND_ASTRONOMY
PUB_003969,ENGINEERING
PUB_003970,MATHEMATICS
PUB_003971,MATERIALS_SCIENCE
PUB_003972,ENGINEERING
PUB_003973,ENGINEERING
PUB_003974,MATERIALS_SCIENCE
PUB_003975,COMPUTER_SCIENCE
PUB_003976,MATERIALS_SCIENCE
PUB_003977,PHYSICS_AND_ASTRONOMY
PUB_003978,MATERIALS_SCIENCE
PUB_003979,ENGINEERING
PUB_003980,MATERIALS_SCIENCE
PUB_003981,COMPUTER_SCIENCE
PUB_003982,MATERIALS_SCIENCE
PUB_003983,COMPUTER_SCIENCE
PUB_003984,COMPUTER_SCIENCE
PUB_003985,MATERIALS_SCIENCE
PUB_003986,MATERIALS_SCIENCE
PUB_003987,ENGINEERING
PUB_003988,ENGINEERING
PUB_003989,ENGINEERING
PUB_003990,ENGINEERING
PUB_003991,MATERIALS_SCIENCE
PUB_003992,ENGINEERING
PUB_003993,ENGINEERING
PUB_003994,COMPUTER_SCIENCE
PUB_003995,ENGINEERING
PUB_003996,ENGINEERING
PUB_003997,COMPUTER_SCIENCE
PUB_003998,ENGINEERING
PUB_003999,ENGINEERING
PUB_004000,ENGINEERING
PUB_004001,MATERIALS_SCIENCE
PUB_004002,MATHEMATICS
PUB_004003,MATERIALS_SCIENCE
PUB_004004,COMPUTER_SCIENCE
PUB_004005,ENGINEERING
PUB_004006,ENGINEERING
PUB_004007,ENGINEERING
PUB_004008,ENGINEERING
PUB_004009,PHYSICS_AND_ASTRONOMY
PUB_004010,ENGINEERING
PUB_004011,ENGINEERING
PUB_004012,MATHEMATICS
PUB_004013,ENGINEERING
PUB_004014,ENGINEERING
PUB_004015,COMPUTER_SCIENCE
PUB_004016,PHYSICS_AND_ASTRONOMY
PUB_004017,ENGINEERING
PUB_004018,ENGINEERING
PUB_004019,COMPUTER_SCIENCE
PUB_004020,MATHEMATICS
PUB_004021,MATHEMATICS
PUB_004022,ENGINEERING
PUB_004023,ENGINEERING
PUB_004024,ENGINEERING
PUB_004025,ENGINEERING
PUB_004026,ENGINEERING
PUB_004027,MATHEMATICS
PUB_004028,PHYSICS_AND_ASTRONOMY
PUB_004029,MATERIALS_SCIENCE
PUB_004030,PHYSICS_AND_ASTRONOMY
PUB_004031,ENGINEERING
PUB_004032,COMPUTER_SCIENCE
PUB_004033,MATHEMATICS
PUB_004034,COMPUTER_SCIENCE
PUB_004035,ENGINEERING
PUB_004036,ENGINEERING
PUB_004037,ENGINEERING
PUB_004038,ENGINEERING
PUB_004039,MATERIALS_SCIENCE
PUB_004040,COMPUTER_SCIENCE
PUB_004041,PHYSICS_AND_ASTRONOMY
PUB_004042,COMPUTER_SCIENCE
PUB_004043,ENGINEERING
PUB_004044,ENGINEERING
PUB_004045,PHYSICS_AND_ASTRONOMY
PUB_004046,COMPUTER_SCIENCE
PUB_004047,ENGINEERING
PUB_004048,ENGINEERING
PUB_004049,MATERIALS_SCIENCE
PUB_004050,ENGINEERING
PUB_004051,COMPUTER_SCIENCE
PUB_004052,PHYSICS_AND_ASTRONOMY
PUB_004053,ENGINEERING
PUB_004054,ENGINEERING
PUB_004055,COMPUTER_SCIENCE
PUB_004056,MATERIALS_SCIENCE
PUB_004057,COMPUTER_SCIENCE
PUB_004058,COMPUTER_SCIENCE
PUB_004059,ENGINEERING
PUB_004060,COMPUTER_SCIENCE
PUB_004061,MATERIALS_SCIENCE
PUB_004062,ENGINEERING
PUB_004063,ENGINEERING
PUB_004064,ENGINEERING
PUB_004065,ENGINEERING
PUB_004066,ENGINEERING
PUB_004067,ENGINEERING
PUB_004068,COMPUTER_SCIENCE
PUB_004069,MATHEMATICS
PUB_004070,ENGINEERING
PUB_004071,MATHEMATICS
PUB_004072,ENGINEERING
PUB_004073,ENGINEERING
PUB_004074,ENGINEERING
PUB_004075,ENGINEERING
PUB_004076,MATERIALS_SCIENCE
PUB_004077,PHYSICS_AND_ASTRONOMY
PUB_004078,MATERIALS_SCIENCE
PUB_004079,ENGINEERING
PUB_004080,ENGINEERING
PUB_004081,ENGINEERING
PUB_004082,ENGINEERING
PUB_004083,ENGINEERING
PUB_004084,ENGINEERING
PUB_004085,ENGINEERING
PUB_004086,MATHEMATICS
PUB_004087,MATERIALS_SCIENCE
PUB_004088,MATERIALS_SCIENCE
PUB_004089,ENGINEERING
PUB_004090,ENGINEERING
PUB_004091,PHYSICS_AND_ASTRONOMY
PUB_004092,ENGINEERING
PUB_004093,MATHEMATICS
PUB_004094,MATERIALS_SCIENCE
PUB_004095,ENGINEERING
PUB_004096,MATHEMATICS
PUB_004097,MATERIALS_SCIENCE
PUB_004098,PHYSICS_AND_ASTRONOMY
PUB_004099,ENGINEERING
PUB_004100,MATERIALS_SCIENCE
PUB_004101,ENGINEERING
PUB_004102,MATERIALS_SCIENCE
PUB_004103,MATERIALS_SCIENCE
PUB_004104,PHYSICS_AND_ASTRONOMY
PUB_004105,ENGINEERING
PUB_004106,COMPUTER_SCIENCE
PUB_004107,COMPUTER_SCIENCE
PUB_004108,COMPUTER_SCIENCE
PUB_004109,COMPUTER_SCIENCE
PUB_004110,ENGINEERING
PUB_004111,COMPUTER_SCIENCE
PUB_004112,COMPUTER_SCIENCE
PUB_004113,MATHEMATICS
PUB_004114,PHYSICS_AND_ASTRONOMY
PUB_004115,ENGINEERING
PUB_004116,ENGINEERING
PUB_004117,PHYSICS_AND_ASTRONOMY
PUB_004118,COMPUTER_SCIENCE
PUB_004119,ENGINEERING
PUB_004120,COMPUTER_SCIENCE
PUB_004121,ENGINEERING
PUB_004122,ENGINEERING
PUB_004123,COMPUTER_SCIENCE
PUB_004124,ENGINEERING
PUB_004125,ENGINEERING
PUB_004126,MATERIALS_SCIENCE
PUB_004127,PHYSICS_AND_ASTRONOMY
PUB_004128,ENGINEERING
PUB_004129,MATERIALS_SCIENCE
PUB_004130,ENGINEERING
PUB_004131,MATERIALS_SCIENCE
PUB_004132,MATERIALS_SCIENCE
PUB_004133,MATERIALS_SCIENCE
PUB_004134,PHYSICS_AND_ASTRONOMY
PUB_004135,PHYSICS_AND_ASTRONOMY
PUB_004136,MATERIALS_SCIENCE
PUB_004137,MATERIALS_SCIENCE
PUB_004138,ENGINEERING
PUB_004139,ENGINEERING
PUB_004140,ENGINEERING
PUB_004141,ENGINEERING
PUB_004142,ENGINEERING
PUB_004143,ENGINEERING
PUB_004144,ENGINEERING
PUB_004145,MATERIALS_SCIENCE
PUB_004146,MATERIALS_SCIENCE
PUB_004147,ENGINEERING
PUB_004148,PHYSICS_AND_ASTRONOMY
PUB_004149,ENGINEERING
PUB_004150,MATERIALS_SCIENCE
PUB_004151,MATERIALS_SCIENCE
PUB_004152,ENGINEERING
PUB_004153,MATERIALS_SCIENCE
PUB_004154,ENGINEERING
PUB_004155,ENGINEERING
PUB_004156,PHYSICS_AND_ASTRONOMY
PUB_004157,ENGINEERING
PUB_004158,ENGINEERING
PUB_004159,ENGINEERING
PUB_004160,ENGINEERING
PUB_004161,MATERIALS_SCIENCE
PUB_004162,ENGINEERING
PUB_004163,MATERIALS_SCIENCE
PUB_004164,ENGINEERING
PUB_004165,ENGINEERING
PUB_004166,COMPUTER_SCIENCE
PUB_004167,COMPUTER_SCIENCE
PUB_004168,ENGINEERING
PUB_004169,ENGINEERING
PUB_004170,ENGINEERING
PUB_004171,ENGINEERING
PUB_004172,MATERIALS_SCIENCE
PUB_004173,MATERIALS_SCIENCE
PUB_004174,ENGINEERING
PUB_004175,COMPUTER_SCIENCE
PUB_004176,MATERIALS_SCIENCE
PUB_004177,COMPUTER_SCIENCE
PUB_004178,PHYSICS_AND_ASTRONOMY
PUB_004179,ENGINEERING
PUB_004180,ENGINEERING
PUB_004181,MATERIALS_SCIENCE
PUB_004182,COMPUTER_SCIENCE
PUB_004183,MATERIALS_SCIENCE
PUB_004184,MATERIALS_SCIENCE
PUB_004185,ENGINEERING
PUB_004186,PHYSICS_AND_ASTRONOMY
PUB_004187,ENGINEERING
PUB_004188,MATERIALS_SCIENCE
PUB_004189,COMPUTER_SCIENCE
PUB_004190,PHYSICS_AND_ASTRONOMY
PUB_004191,ENGINEERING
PUB_004192,MATERIALS_SCIENCE
PUB_004193,MATERIALS_SCIENCE
PUB_004194,MATERIALS_SCIENCE
PUB_004195,ENGINEERING
PUB_004196,ENGINEERING
PUB_004197,MATERIALS_SCIENCE
PUB_004198,MATERIALS_SCIENCE
PUB_004199,ENGINEERING
PUB_004200,ENGINEERING
PUB_004201,ENGINEERING
PUB_004202,MATERIALS_SCIENCE
PUB_004203,ENGINEERING
PUB_004204,COMPUTER_SCIENCE
PUB_004205,PHYSICS_AND_ASTRONOMY
PUB_004206,PHYSICS_AND_ASTRONOMY
PUB_004207,ENGINEERING
PUB_004208,MATERIALS_SCIENCE
PUB_004209,ENGINEERING
PUB_004210,MATERIALS_SCIENCE
PUB_004211,MATERIALS_SCIENCE
PUB_004212,ENGINEERING
PUB_004213,MATERIALS_SCIENCE
PUB_004214,ENGINEERING
PUB_004215,COMPUTER_SCIENCE
PUB_004216,MATERIALS_SCIENCE
PUB_004217,PHYSICS_AND_ASTRONOMY
PUB_004218,COMPUTER_SCIENCE
PUB_004219,MATERIALS_SCIENCE
PUB_004220,ENGINEERING
PUB_004221,MATERIALS_SCIENCE
PUB_004222,ENGINEERING
PUB_004223,ENGINEERING
PUB_004224,ENGINEERING
PUB_004225,ENGINEERING
PUB_004226,ENGINEERING
PUB_004227,ENGINEERING
PUB_004228,COMPUTER_SCIENCE
PUB_004229,PHYSICS_AND_ASTRONOMY
PUB_004230,ENGINEERING
PUB_004231,MATERIALS_SCIENCE
PUB_004232,PHYSICS_AND_ASTRONOMY
PUB_004233,ENGINEERING
PUB_004234,ENGINEERING
PUB_004235,MATHEMATICS
PUB_004236,ENGINEERING
PUB_004237,MATHEMATICS
PUB_004238,ENGINEERING
PUB_004239,PHYSICS_AND_ASTRONOMY
PUB_004240,ENGINEERING
PUB_004241,MATERIALS_SCIENCE
PUB_004242,ENGINEERING
PUB_004243,MATERIALS_SCIENCE
PUB_004244,COMPUTER_SCIENCE
PUB_004245,MATHEMATICS
PUB_004246,ENGINEERING
PUB_004247,ENGINEERING
PUB_004248,ENGINEERING
PUB_004249,ENGINEERING
PUB_004250,MATERIALS_SCIENCE
PUB_004251,MATERIALS_SCIENCE
PUB_004252,ENGINEERING
PUB_004253,PHYSICS_AND_ASTRONOMY
PUB_004254,ENGINEERING
PUB_004255,MATERIALS_SCIENCE
PUB_004256,ENGINEERING
PUB_004257,ENGINEERING
PUB_004258,MATERIALS_SCIENCE
PUB_004259,ENGINEERING
PUB_004260,MATERIALS_SCIENCE
PUB_004261,MATERIALS_SCIENCE
PUB_004262,ENGINEERING
PUB_004263,ENGINEERING
PUB_004264,ENGINEERING
PUB_004265,MATERIALS_SCIENCE
PUB_004266,ENGINEERING
PUB_004267,ENGINEERING
PUB_004268,MATERIALS_SCIENCE
PUB_004269,ENGINEERING
PUB_004270,COMPUTER_SCIENCE
PUB_004271,MATERIALS_SCIENCE
PUB_004272,MATERIALS_SCIENCE
PUB_004273,COMPUTER_SCIENCE
PUB_004274,ENGINEERING
PUB_004275,ENGINEERING
PUB_004276,COMPUTER_SCIENCE
PUB_004277,ENGINEERING
PUB_004278,MATERIALS_SCIENCE
PUB_004279,MATERIALS_SCIENCE
PUB_004280,MATERIALS_SCIENCE
PUB_004281,ENGINEERING
PUB_004282,ENGINEERING
PUB_004283,MATERIALS_SCIENCE
PUB_004284,ENGINEERING
PUB_004285,ENGINEERING
PUB_004286,ENGINEERING
PUB_004287,ENGINEERING
PUB_004288,MATERIALS_SCIENCE
PUB_004289,ENGINEERING
PUB_004290,COMPUTER_SCIENCE
PUB_004291,ENGINEERING
PUB_004292,ENGINEERING
PUB_004293,MATERIALS_SCIENCE
PUB_004294,PHYSICS_AND_ASTRONOMY
PUB_004295,MATERIALS_SCIENCE
PUB_004296,MATERIALS_SCIENCE
PUB_004297,ENGINEERING
PUB_004298,ENGINEERING
PUB_004299,COMPUTER_SCIENCE
PUB_004300,ENGINEERING
PUB_004301,ENGINEERING
PUB_004302,MATERIALS_SCIENCE
PUB_004303,ENGINEERING
PUB_004304,ENGINEERING
PUB_004305,ENGINEERING
PUB_004306,MATERIALS_SCIENCE
PUB_004307,ENGINEERING
PUB_004308,ENGINEERING
PUB_004309,ENGINEERING
PUB_004310,ENGINEERING
PUB_004311,ENGINEERING
PUB_004312,ENGINEERING
PUB_004313,MATERIALS_SCIENCE
PUB_004314,MATERIALS_SCIENCE
PUB_004315,ENGINEERING
PUB_004316,ENGINEERING
PUB_004317,ENGINEERING
PUB_004318,ENGINEERING
PUB_004319,ENGINEERING
PUB_004320,PHYSICS_AND_ASTRONOMY
PUB_004321,MATERIALS_SCIENCE
PUB_004322,MATERIALS_SCIENCE
PUB_004323,MATERIALS_SCIENCE
PUB_004324,PHYSICS_AND_ASTRONOMY
PUB_004325,MATERIALS_SCIENCE
PUB_004326,MATERIALS_SCIENCE
PUB_004327,ENGINEERING
PUB_004328,COMPUTER_SCIENCE
PUB_004329,PHYSICS_AND_ASTRONOMY
PUB_004330,MATERIALS_SCIENCE
PUB_004331,ENGINEERING
PUB_004332,ENGINEERING
PUB_004333,ENGINEERING
PUB_004334,MATERIALS_SCIENCE
PUB_004335,ENGINEERING
PUB_004336,MATERIALS_SCIENCE
PUB_004337,ENGINEERING
PUB_004338,MATERIALS_SCIENCE
PUB_004339,COMPUTER_SCIENCE
PUB_004340,ENGINEERING
PUB_004341,MATERIALS_SCIENCE
PUB_004342,MATERIALS_SCIENCE
PUB_004343,MATERIALS_SCIENCE
PUB_004344,ENGINEERING
PUB_004345,ENGINEERING
PUB_004346,MATERIALS_SCIENCE
PUB_004347,ENGINEERING
PUB_004348,MATERIALS_SCIENCE
PUB_004349,COMPUTER_SCIENCE
PUB_004350,ENGINEERING
PUB_004351,ENGINEERING
PUB_004352,ENGINEERING
PUB_004353,ENGINEERING
PUB_004354,ENGINEERING
PUB_004355,ENGINEERING
PUB_004356,PHYSICS_AND_ASTRONOMY
PUB_004357,PHYSICS_AND_ASTRONOMY
PUB_004358,MATERIALS_SCIENCE
PUB_004359,ENGINEERING
PUB_004360,ENGINEERING
PUB_004361,ENGINEERING
PUB_004362,MATERIALS_SCIENCE
PUB_004363,MATERIALS_SCIENCE
PUB_004364,ENGINEERING
PUB_004365,MATERIALS_SCIENCE
PUB_004366,ENGINEERING
PUB_004367,MATERIALS_SCIENCE
PUB_004368,ENGINEERING
PUB_004369,ENGINEERING
PUB_004370,ENGINEERING
PUB_004371,ENGINEERING
PUB_004372,COMPUTER_SCIENCE
PUB_004373,ENGINEERING
PUB_004374,ENGINEERING
PUB_004375,ENGINEERING
PUB_004376,ENGINEERING
PUB_004377,ENGINEERING
PUB_004378,PHYSICS_AND_ASTRONOMY
PUB_004379,ENGINEERING
PUB_004380,PHYSICS_AND_ASTRONOMY
PUB_004381,ENGINEERING
PUB_004382,MATERIALS_SCIENCE
PUB_004383,PHYSICS_AND_ASTRONOMY
PUB_004384,ENGINEERING
PUB_004385,ENGINEERING
PUB_004386,MATERIALS_SCIENCE
PUB_004387,ENGINEERING
PUB_004388,COMPUTER_SCIENCE
PUB_004389,COMPUTER_SCIENCE
PUB_004390,MATERIALS_SCIENCE
PUB_004391,ENGINEERING
PUB_004392,ENGINEERING
PUB_004393,ENGINEERING
PUB_004394,ENGINEERING
PUB_004395,MATERIALS_SCIENCE
PUB_004396,ENGINEERING
PUB_004397,ENGINEERING
PUB_004398,ENGINEERING
PUB_004399,MATERIALS_SCIENCE
PUB_004400,MATERIALS_SCIENCE
PUB_004401,ENGINEERING
PUB_004402,ENGINEERING
PUB_004403,PHYSICS_AND_ASTRONOMY
PUB_004404,ENGINEERING
PUB_004405,MATERIALS_SCIENCE
PUB_004406,ENGINEERING
PUB_004407,MATERIALS_SCIENCE
PUB_004408,ENGINEERING
PUB_004409,ENGINEERING
PUB_004410,MATERIALS_SCIENCE
PUB_004411,ENGINEERING
PUB_004412,ENGINEERING
PUB_004413,COMPUTER_SCIENCE
PUB_004414,PHYSICS_AND_ASTRONOMY
PUB_004415,ENGINEERING
PUB_004416,MATERIALS_SCIENCE
PUB_004417,ENGINEERING
PUB_004418,MATERIALS_SCIENCE
PUB_004419,COMPUTER_SCIENCE
PUB_004420,ENGINEERING
PUB_004421,ENGINEERING
PUB_004422,ENGINEERING
PUB_004423,MATERIALS_SCIENCE
PUB_004424,MATHEMATICS
PUB_004425,COMPUTER_SCIENCE
PUB_004426,MATERIALS_SCIENCE
PUB_004427,ENGINEERING
PUB_004428,MATERIALS_SCIENCE
PUB_004429,ENGINEERING
PUB_004430,ENGINEERING
PUB_004431,MATERIALS_SCIENCE
PUB_004432,PHYSICS_AND_ASTRONOMY
PUB_004433,PHYSICS_AND_ASTRONOMY
PUB_004434,PHYSICS_AND_ASTRONOMY
PUB_004435,ENGINEERING
PUB_004436,ENGINEERING
PUB_004437,ENGINEERING
PUB_004438,ENGINEERING
PUB_004439,ENGINEERING
PUB_004440,ENGINEERING
PUB_004441,ENGINEERING
PUB_004442,MATERIALS_SCIENCE
PUB_004443,ENGINEERING
PUB_004444,ENGINEERING
PUB_004445,MATERIALS_SCIENCE
PUB_004446,MATERIALS_SCIENCE
PUB_004447,ENGINEERING
PUB_004448,ENGINEERING
PUB_004449,ENGINEERING
PUB_004450,MATERIALS_SCIENCE
PUB_004451,ENGINEERING
PUB_004452,COMPUTER_SCIENCE
PUB_004453,MATERIALS_SCIENCE
PUB_004454,ENGINEERING
PUB_004455,COMPUTER_SCIENCE
PUB_004456,ENGINEERING
PUB_004457,PHYSICS_AND_ASTRONOMY
PUB_004458,ENGINEERING
PUB_004459,ENGINEERING
PUB_004460,ENGINEERING
PUB_004461,MATERIALS_SCIENCE
PUB_004462,PHYSICS_AND_ASTRONOMY
PUB_004463,ENGINEERING
PUB_004464,COMPUTER_SCIENCE
PUB_004465,PHYSICS_AND_ASTRONOMY
PUB_004466,ENGINEERING
PUB_004467,PHYSICS_AND_ASTRONOMY
PUB_004468,ENGINEERING
PUB_004469,MATERIALS_SCIENCE
PUB_004470,MATERIALS_SCIENCE
PUB_004471,MATHEMATICS
PUB_004472,MATERIALS_SCIENCE
PUB_004473,PHYSICS_AND_ASTRONOMY
PUB_004474,ENGINEERING
PUB_004475,MATERIALS_SCIENCE
PUB_004476,COMPUTER_SCIENCE
PUB_004477,PHYSICS_AND_ASTRONOMY
PUB_004478,PHYSICS_AND_ASTRONOMY
PUB_004479,COMPUTER_SCIENCE
PUB_004480,ENGINEERING
PUB_004481,ENGINEERING
PUB_004482,MATERIALS_SCIENCE
PUB_004483,ENGINEERING
PUB_004484,PHYSICS_AND_ASTRONOMY
PUB_004485,PHYSICS_AND_ASTRONOMY
PUB_004486,ENGINEERING
PUB_004487,MATERIALS_SCIENCE
PUB_004488,ENGINEERING
PUB_004489,ENGINEERING
PUB_004490,MATERIALS_SCIENCE
PUB_004491,MATERIALS_SCIENCE
PUB_004492,MATERIALS_SCIENCE
PUB_004493,PHYSICS_AND_ASTRONOMY
PUB_004494,ENGINEERING
PUB_004495,MATERIALS_SCIENCE
PUB_004496,PHYSICS_AND_ASTRONOMY
PUB_004497,COMPUTER_SCIENCE
PUB_004498,MATERIALS_SCIENCE
PUB_004499,ENGINEERING
PUB_004500,ENGINEERING
PUB_004501,ENGINEERING
PUB_004502,ENGINEERING
PUB_004503,PHYSICS_AND_ASTRONOMY
PUB_004504,MATERIALS_SCIENCE
PUB_004505,MATERIALS_SCIENCE
PUB_004506,MATERIALS_SCIENCE
PUB_004507,MATERIALS_SCIENCE
PUB_004508,MATERIALS_SCIENCE
PUB_004509,ENGINEERING
PUB_004510,MATERIALS_SCIENCE
PUB_004511,PHYSICS_AND_ASTRONOMY
PUB_004512,MATERIALS_SCIENCE
PUB_004513,COMPUTER_SCIENCE
PUB_004514,PHYSICS_AND_ASTRONOMY
PUB_004515,ENGINEERING
PUB_004516,PHYSICS_AND_ASTRONOMY
PUB_004517,MATERIALS_SCIENCE
PUB_004518,MATERIALS_SCIENCE
PUB_004519,ENGINEERING
PUB_004520,ENGINEERING
PUB_004521,PHYSICS_AND_ASTRONOMY
PUB_004522,ENGINEERING
PUB_004523,COMPUTER_SCIENCE
PUB_004524,MATERIALS_SCIENCE
PUB_004525,MATHEMATICS
PUB_004526,COMPUTER_SCIENCE
PUB_004527,MATERIALS_SCIENCE
PUB_004528,MATERIALS_SCIENCE
PUB_004529,PHYSICS_AND_ASTRONOMY
PUB_004530,MATERIALS_SCIENCE
PUB_004531,PHYSICS_AND_ASTRONOMY
PUB_004532,MATERIALS_SCIENCE
PUB_004533,MATERIALS_SCIENCE
PUB_004534,ENGINEERING
PUB_004535,ENGINEERING
PUB_004536,ENGINEERING
PUB_004537,COMPUTER_SCIENCE
PUB_004538,COMPUTER_SCIENCE
PUB_004539,PHYSICS_AND_ASTRONOMY
PUB_004540,ENGINEERING
PUB_004541,MATERIALS_SCIENCE
PUB_004542,COMPUTER_SCIENCE
PUB_004543,ENGINEERING
PUB_004544,MATERIALS_SCIENCE
PUB_004545,MATERIALS_SCIENCE
PUB_004546,MATERIALS_SCIENCE
PUB_004547,ENGINEERING
PUB_004548,ENGINEERING
PUB_004549,MATERIALS_SCIENCE
PUB_004550,ENGINEERING
PUB_004551,ENGINEERING
PUB_004552,PHYSICS_AND_ASTRONOMY
PUB_004553,MATERIALS_SCIENCE
PUB_004554,ENGINEERING
PUB_004555,PHYSICS_AND_ASTRONOMY
PUB_004556,ENGINEERING
PUB_004557,MATERIALS_SCIENCE
PUB_004558,MATERIALS_SCIENCE
PUB_004559,MATERIALS_SCIENCE
PUB_004560,ENGINEERING
PUB_004561,ENGINEERING
PUB_004562,ENGINEERING
PUB_004563,ENGINEERING
PUB_004564,MATERIALS_SCIENCE
PUB_004565,ENGINEERING
PUB_004566,ENGINEERING
PUB_004567,ENGINEERING
PUB_004568,ENGINEERING
PUB_004569,ENGINEERING
PUB_004570,ENGINEERING
PUB_004571,ENGINEERING
PUB_004572,MATERIALS_SCIENCE
PUB_004573,ENGINEERING
PUB_004574,ENGINEERING
PUB_004575,ENGINEERING
PUB_004576,MATERIALS_SCIENCE
PUB_004577,MATERIALS_SCIENCE
PUB_004578,PHYSICS_AND_ASTRONOMY
PUB_004579,MATERIALS_SCIENCE
PUB_004580,ENGINEERING
PUB_004581,ENGINEERING
PUB_004582,PHYSICS_AND_ASTRONOMY
PUB_004583,COMPUTER_SCIENCE
PUB_004584,MATERIALS_SCIENCE
PUB_004585,ENGINEERING
PUB_004586,MATERIALS_SCIENCE
PUB_004587,PHYSICS_AND_ASTRONOMY
PUB_004588,MATERIALS_SCIENCE
PUB_004589,COMPUTER_SCIENCE
PUB_004590,PHYSICS_AND_ASTRONOMY
PUB_004591,ENGINEERING
PUB_004592,COMPUTER_SCIENCE
PUB_004593,ENGINEERING
PUB_004594,ENGINEERING
PUB_004595,ENGINEERING
PUB_004596,COMPUTER_SCIENCE
PUB_004597,COMPUTER_SCIENCE
PUB_004598,COMPUTER_SCIENCE
PUB_004599,ENGINEERING
PUB_004600,PHYSICS_AND_ASTRONOMY
PUB_004601,ENGINEERING
PUB_004602,COMPUTER_SCIENCE
PUB_004603,ENGINEERING
PUB_004604,MATERIALS_SCIENCE
PUB_004605,PHYSICS_AND_ASTRONOMY
PUB_004606,ENGINEERING
PUB_004607,ENGINEERING
PUB_004608,MATERIALS_SCIENCE
PUB_004609,MATERIALS_SCIENCE
PUB_004610,PHYSICS_AND_ASTRONOMY
PUB_004611,MATERIALS_SCIENCE
PUB_004612,COMPUTER_SCIENCE
PUB_004613,MATERIALS_SCIENCE
PUB_004614,ENGINEERING
PUB_004615,ENGINEERING
PUB_004616,ENGINEERING
PUB_004617,MATERIALS_SCIENCE
PUB_004618,PHYSICS_AND_ASTRONOMY
PUB_004619,ENGINEERING
PUB_004620,ENGINEERING
PUB_004621,ENGINEERING
PUB_004622,MATERIALS_SCIENCE
PUB_004623,MATERIALS_SCIENCE
PUB_004624,ENGINEERING
PUB_004625,ENGINEERING
PUB_004626,ENGINEERING
PUB_004627,ENGINEERING
PUB_004628,ENGINEERING
PUB_004629,COMPUTER_SCIENCE
PUB_004630,COMPUTER_SCIENCE
PUB_004631,MATERIALS_SCIENCE
PUB_004632,ENGINEERING
PUB_004633,ENGINEERING
PUB_004634,COMPUTER_SCIENCE
PUB_004635,ENGINEERING
PUB_004636,COMPUTER_SCIENCE
PUB_004637,ENGINEERING
PUB_004638,ENGINEERING
PUB_004639,PHYSICS_AND_ASTRONOMY
PUB_004640,PHYSICS_AND_ASTRONOMY
PUB_004641,MATERIALS_SCIENCE
PUB_004642,COMPUTER_SCIENCE
PUB_004643,ENGINEERING
PUB_004644,MATERIALS_SCIENCE
PUB_004645,ENGINEERING
PUB_004646,ENGINEERING
PUB_004647,MATERIALS_SCIENCE
PUB_004648,ENGINEERING
PUB_004649,MATERIALS_SCIENCE
PUB_004650,MATERIALS_SCIENCE
PUB_004651,MATERIALS_SCIENCE
PUB_004652,MATERIALS_SCIENCE
PUB_004653,ENGINEERING
PUB_004654,ENGINEERING
PUB_004655,ENGINEERING
PUB_004656,ENGINEERING
PUB_004657,ENGINEERING
PUB_004658,ENGINEERING
PUB_004659,ENGINEERING
PUB_004660,MATERIALS_SCIENCE
PUB_004661,ENGINEERING
PUB_004662,MATERIALS_SCIENCE
PUB_004663,ENGINEERING
PUB_004664,ENGINEERING
PUB_004665,MATERIALS_SCIENCE
PUB_004666,COMPUTER_SCIENCE
PUB_004667,ENGINEERING
PUB_004668,ENGINEERING
PUB_004669,PHYSICS_AND_ASTRONOMY
PUB_004670,MATERIALS_SCIENCE
PUB_004671,ENGINEERING
PUB_004672,ENGINEERING
PUB_004673,PHYSICS_AND_ASTRONOMY
PUB_004674,MATERIALS_SCIENCE
PUB_004675,COMPUTER_SCIENCE
PUB_004676,MATERIALS_SCIENCE
PUB_004677,COMPUTER_SCIENCE
PUB_004678,COMPUTER_SCIENCE
PUB_004679,MATERIALS_SCIENCE
PUB_004680,ENGINEERING
PUB_004681,PHYSICS_AND_ASTRONOMY
PUB_004682,ENGINEERING
PUB_004683,PHYSICS_AND_ASTRONOMY
PUB_004684,PHYSICS_AND_ASTRONOMY
PUB_004685,ENGINEERING
PUB_004686,ENGINEERING
PUB_004687,PHYSICS_AND_ASTRONOMY
PUB_004688,ENGINEERING
PUB_004689,COMPUTER_SCIENCE
PUB_004690,MATHEMATICS
PUB_004691,ENGINEERING
PUB_004692,ENGINEERING
PUB_004693,ENGINEERING
PUB_004694,ENGINEERING
PUB_004695,PHYSICS_AND_ASTRONOMY
PUB_004696,COMPUTER_SCIENCE
PUB_004697,MATERIALS_SCIENCE
PUB_004698,COMPUTER_SCIENCE
PUB_004699,PHYSICS_AND_ASTRONOMY
PUB_004700,ENGINEERING
PUB_004701,ENGINEERING
PUB_004702,ENGINEERING
PUB_004703,ENGINEERING
PUB_004704,PHYSICS_AND_ASTRONOMY
PUB_004705,ENGINEERING
PUB_004706,MATHEMATICS
PUB_004707,MATERIALS_SCIENCE
PUB_004708,PHYSICS_AND_ASTRONOMY
PUB_004709,MATERIALS_SCIENCE
PUB_004710,COMPUTER_SCIENCE
PUB_004711,ENGINEERING
PUB_004712,COMPUTER_SCIENCE
PUB_004713,ENGINEERING
PUB_004714,ENGINEERING
PUB_004715,ENGINEERING
PUB_004716,MATERIALS_SCIENCE
PUB_004717,MATERIALS_SCIENCE
PUB_004718,ENGINEERING
PUB_004719,PHYSICS_AND_ASTRONOMY
PUB_004720,COMPUTER_SCIENCE
PUB_004721,ENGINEERING
PUB_004722,MATERIALS_SCIENCE
PUB_004723,ENGINEERING
PUB_004724,MATERIALS_SCIENCE
PUB_004725,ENGINEERING
PUB_004726,COMPUTER_SCIENCE
PUB_004727,MATHEMATICS
PUB_004728,PHYSICS_AND_ASTRONOMY
PUB_004729,ENGINEERING
PUB_004730,ENGINEERING
PUB_004731,ENGINEERING
PUB_004732,ENGINEERING
PUB_004733,MATERIALS_SCIENCE
PUB_004734,PHYSICS_AND_ASTRONOMY
PUB_004735,COMPUTER_SCIENCE
PUB_004736,ENGINEERING
PUB_004737,ENGINEERING
PUB_004738,PHYSICS_AND_ASTRONOMY
PUB_004739,ENGINEERING
PUB_004740,COMPUTER_SCIENCE
PUB_004741,COMPUTER_SCIENCE
PUB_004742,MATERIALS_SCIENCE
PUB_004743,MATERIALS_SCIENCE
PUB_004744,PHYSICS_AND_ASTRONOMY
PUB_004745,COMPUTER_SCIENCE
PUB_004746,ENGINEERING
PUB_004747,ENGINEERING
PUB_004748,ENGINEERING
PUB_004749,COMPUTER_SCIENCE
PUB_004750,MATERIALS_SCIENCE
PUB_004751,MATERIALS_SCIENCE
PUB_004752,MATHEMATICS
PUB_004753,MATERIALS_SCIENCE
PUB_004754,MATERIALS_SCIENCE
PUB_004755,ENGINEERING
PUB_004756,ENGINEERING
PUB_004757,ENGINEERING
PUB_004758,COMPUTER_SCIENCE
PUB_004759,MATHEMATICS
PUB_004760,ENGINEERING
PUB_004761,MATERIALS_SCIENCE
PUB_004762,COMPUTER_SCIENCE
PUB_004763,PHYSICS_AND_ASTRONOMY
PUB_004764,ENGINEERING
PUB_004765,MATERIALS_SCIENCE
PUB_004766,ENGINEERING
PUB_004767,ENGINEERING
PUB_004768,MATHEMATICS
PUB_004769,ENGINEERING
PUB_004770,ENGINEERING
PUB_004771,PHYSICS_AND_ASTRONOMY
PUB_004772,PHYSICS_AND_ASTRONOMY
PUB_004773,MATERIALS_SCIENCE
PUB_004774,MATERIALS_SCIENCE
PUB_004775,ENGINEERING
PUB_004776,PHYSICS_AND_ASTRONOMY
PUB_004777,MATHEMATICS
PUB_004778,ENGINEERING
PUB_004779,ENGINEERING
PUB_004780,MATERIALS_SCIENCE
PUB_004781,COMPUTER_SCIENCE
PUB_004782,ENGINEERING
PUB_004783,ENGINEERING
PUB_004784,MATERIALS_SCIENCE
PUB_004785,MATERIALS_SCIENCE
PUB_004786,ENGINEERING
PUB_004787,MATERIALS_SCIENCE
PUB_004788,PHYSICS_AND_ASTRONOMY
PUB_004789,ENGINEERING
PUB_004790,ENGINEERING
PUB_004791,ENGINEERING
PUB_004792,PHYSICS_AND_ASTRONOMY
PUB_004793,MATERIALS_SCIENCE
PUB_004794,PHYSICS_AND_ASTRONOMY
PUB_004795,MATERIALS_SCIENCE
PUB_004796,MATERIALS_SCIENCE
PUB_004797,ENGINEERING
PUB_004798,ENGINEERING
PUB_004799,ENGINEERING
PUB_004800,ENGINEERING
PUB_004801,MATERIALS_SCIENCE
PUB_004802,COMPUTER_SCIENCE
PUB_004803,ENGINEERING
PUB_004804,MATERIALS_SCIENCE
PUB_004805,PHYSICS_AND_ASTRONOMY
PUB_004806,ENGINEERING
PUB_004807,PHYSICS_AND_ASTRONOMY
PUB_004808,PHYSICS_AND_ASTRONOMY
PUB_004809,ENGINEERING
PUB_004810,MATERIALS_SCIENCE
PUB_004811,MATERIALS_SCIENCE
PUB_004812,COMPUTER_SCIENCE
PUB_004813,MATERIALS_SCIENCE
PUB_004814,PHYSICS_AND_ASTRONOMY
PUB_004815,ENGINEERING
PUB_004816,PHYSICS_AND_ASTRONOMY
PUB_004817,ENGINEERING
PUB_004818,ENGINEERING
PUB_004819,ENGINEERING
PUB_004820,COMPUTER_SCIENCE
PUB_004821,MATHEMATICS
PUB_004822,COMPUTER_SCIENCE
PUB_004823,COMPUTER_SCIENCE
PUB_004824,ENGINEERING
PUB_004825,MATERIALS_SCIENCE
PUB_004826,PHYSICS_AND_ASTRONOMY
PUB_004827,MATERIALS_SCIENCE
PUB_004828,MATERIALS_SCIENCE
PUB_004829,MATERIALS_SCIENCE
PUB_004830,ENGINEERING
PUB_004831,MATERIALS_SCIENCE
PUB_004832,ENGINEERING
PUB_004833,ENGINEERING
PUB_004834,ENGINEERING
PUB_004835,MATERIALS_SCIENCE
PUB_004836,ENGINEERING
PUB_004837,COMPUTER_SCIENCE
PUB_004838,ENGINEERING
PUB_004839,ENGINEERING
PUB_004840,COMPUTER_SCIENCE
PUB_004841,ENGINEERING
PUB_004842,MATERIALS_SCIENCE
PUB_004843,PHYSICS_AND_ASTRONOMY
PUB_004844,ENGINEERING
PUB_004845,ENGINEERING
PUB_004846,COMPUTER_SCIENCE
PUB_004847,ENGINEERING
PUB_004848,COMPUTER_SCIENCE
PUB_004849,ENGINEERING
PUB_004850,MATERIALS_SCIENCE
PUB_004851,COMPUTER_SCIENCE
PUB_004852,ENGINEERING
PUB_004853,MATERIALS_SCIENCE
PUB_004854,COMPUTER_SCIENCE
PUB_004855,MATERIALS_SCIENCE
PUB_004856,COMPUTER_SCIENCE
PUB_004857,MATERIALS_SCIENCE
PUB_004858,ENGINEERING
PUB_004859,ENGINEERING
PUB_004860,MATERIALS_SCIENCE
PUB_004861,ENGINEERING
PUB_004862,ENGINEERING
PUB_004863,ENGINEERING
PUB_004864,ENGINEERING
PUB_004865,ENGINEERING
PUB_004866,ENGINEERING
PUB_004867,PHYSICS_AND_ASTRONOMY
PUB_004868,MATERIALS_SCIENCE
PUB_004869,ENGINEERING
PUB_004870,ENGINEERING
PUB_004871,PHYSICS_AND_ASTRONOMY
PUB_004872,MATERIALS_SCIENCE
PUB_004873,ENGINEERING
PUB_004874,ENGINEERING
PUB_004875,MATERIALS_SCIENCE
PUB_004876,ENGINEERING
PUB_004877,MATERIALS_SCIENCE
PUB_004878,COMPUTER_SCIENCE
PUB_004879,ENGINEERING
PUB_004880,ENGINEERING
PUB_004881,MATERIALS_SCIENCE
PUB_004882,PHYSICS_AND_ASTRONOMY
PUB_004883,COMPUTER_SCIENCE
PUB_004884,ENGINEERING
PUB_004885,ENGINEERING
PUB_004886,COMPUTER_SCIENCE
PUB_004887,PHYSICS_AND_ASTRONOMY
PUB_004888,COMPUTER_SCIENCE
PUB_004889,ENGINEERING
PUB_004890,MATERIALS_SCIENCE
PUB_004891,ENGINEERING
PUB_004892,MATERIALS_SCIENCE
PUB_004893,ENGINEERING
PUB_004894,ENGINEERING
PUB_004895,ENGINEERING
PUB_004896,MATERIALS_SCIENCE
PUB_004897,COMPUTER_SCIENCE
PUB_004898,ENGINEERING
PUB_004899,ENGINEERING
PUB_004900,ENGINEERING
PUB_004901,PHYSICS_AND_ASTRONOMY
PUB_004902,PHYSICS_AND_ASTRONOMY
PUB_004903,ENGINEERING
PUB_004904,ENGINEERING
PUB_004905,MATERIALS_SCIENCE
PUB_004906,PHYSICS_AND_ASTRONOMY
PUB_004907,ENGINEERING
PUB_004908,MATERIALS_SCIENCE
PUB_004909,ENGINEERING
PUB_004910,PHYSICS_AND_ASTRONOMY
PUB_004911,ENGINEERING
PUB_004912,MATERIALS_SCIENCE
PUB_004913,ENGINEERING
PUB_004914,COMPUTER_SCIENCE
PUB_004915,COMPUTER_SCIENCE
PUB_004916,ENGINEERING
PUB_004917,MATERIALS_SCIENCE
PUB_004918,MATERIALS_SCIENCE
PUB_004919,ENGINEERING
PUB_004920,ENGINEERING
PUB_004921,MATERIALS_SCIENCE
PUB_004922,ENGINEERING
PUB_004923,MATERIALS_SCIENCE
PUB_004924,PHYSICS_AND_ASTRONOMY
PUB_004925,ENGINEERING
PUB_004926,COMPUTER_SCIENCE
PUB_004927,PHYSICS_AND_ASTRONOMY
PUB_004928,COMPUTER_SCIENCE
PUB_004929,ENGINEERING
PUB_004930,MATERIALS_SCIENCE
PUB_004931,MATERIALS_SCIENCE
PUB_004932,ENGINEERING
PUB_004933,MATERIALS_SCIENCE
PUB_004934,ENGINEERING
PUB_004935,PHYSICS_AND_ASTRONOMY
PUB_004936,COMPUTER_SCIENCE
PUB_004937,ENGINEERING
PUB_004938,MATERIALS_SCIENCE
PUB_004939,COMPUTER_SCIENCE
PUB_004940,PHYSICS_AND_ASTRONOMY
PUB_004941,ENGINEERING
PUB_004942,ENGINEERING
PUB_004943,PHYSICS_AND_ASTRONOMY
PUB_004944,ENGINEERING
PUB_004945,ENGINEERING
PUB_004946,COMPUTER_SCIENCE
PUB_004947,MATHEMATICS
PUB_004948,COMPUTER_SCIENCE
PUB_004949,MATERIALS_SCIENCE
PUB_004950,ENGINEERING
PUB_004951,MATERIALS_SCIENCE
PUB_004952,ENGINEERING
PUB_004953,ENGINEERING
PUB_004954,MATERIALS_SCIENCE
PUB_004955,COMPUTER_SCIENCE
PUB_004956,ENGINEERING
PUB_004957,MATHEMATICS
PUB_004958,ENGINEERING
PUB_004959,ENGINEERING
PUB_004960,MATERIALS_SCIENCE
PUB_004961,PHYSICS_AND_ASTRONOMY
PUB_004962,COMPUTER_SCIENCE
PUB_004963,ENGINEERING
PUB_004964,MATERIALS_SCIENCE
PUB_004965,ENGINEERING
PUB_004966,ENGINEERING
PUB_004967,MATERIALS_SCIENCE
PUB_004968,MATERIALS_SCIENCE
PUB_004969,PHYSICS_AND_ASTRONOMY
PUB_004970,MATERIALS_SCIENCE
PUB_004971,MATERIALS_SCIENCE
PUB_004972,ENGINEERING
PUB_004973,ENGINEERING
PUB_004974,MATHEMATICS
PUB_004975,PHYSICS_AND_ASTRONOMY
PUB_004976,ENGINEERING
PUB_004977,MATERIALS_SCIENCE
PUB_004978,ENGINEERING
PUB_004979,PHYSICS_AND_ASTRONOMY
PUB_004980,MATHEMATICS
PUB_004981,ENGINEERING
PUB_004982,MATERIALS_SCIENCE
PUB_004983,MATHEMATICS
PUB_004984,ENGINEERING
PUB_004985,ENGINEERING
PUB_004986,MATERIALS_SCIENCE
PUB_004987,COMPUTER_SCIENCE
PUB_004988,ENGINEERING
PUB_004989,MATERIALS_SCIENCE
PUB_004990,ENGINEERING
PUB_004991,MATERIALS_SCIENCE
PUB_004992,PHYSICS_AND_ASTRONOMY
PUB_004993,ENGINEERING
PUB_004994,ENGINEERING
PUB_004995,MATERIALS_SCIENCE
PUB_004996,COMPUTER_SCIENCE
PUB_004997,MATERIALS_SCIENCE
PUB_004998,ENGINEERING
PUB_004999,COMPUTER_SCIENCE
PUB_005000,MATERIALS_SCIENCE
PUB_005001,MATERIALS_SCIENCE
PUB_005002,MATERIALS_SCIENCE
PUB_005003,MATERIALS_SCIENCE
PUB_005004,MATERIALS_SCIENCE
PUB_005005,MATERIALS_SCIENCE
PUB_005006,MATERIALS_SCIENCE
PUB_005007,MATERIALS_SCIENCE
PUB_005008,PHYSICS_AND_ASTRONOMY
PUB_005009,COMPUTER_SCIENCE
PUB_005010,ENGINEERING
PUB_005011,ENGINEERING
PUB_005012,ENGINEERING
PUB_005013,COMPUTER_SCIENCE
PUB_005014,COMPUTER_SCIENCE
PUB_005015,MATERIALS_SCIENCE
PUB_005016,ENGINEERING
PUB_005017,COMPUTER_SCIENCE
PUB_005018,COMPUTER_SCIENCE
PUB_005019,COMPUTER_SCIENCE
PUB_005020,ENGINEERING
PUB_005021,ENGINEERING
PUB_005022,ENGINEERING
PUB_005023,ENGINEERING
PUB_005024,ENGINEERING
PUB_005025,COMPUTER_SCIENCE
PUB_005026,MATHEMATICS
PUB_005027,COMPUTER_SCIENCE
PUB_005028,PHYSICS_AND_ASTRONOMY
PUB_005029,COMPUTER_SCIENCE
PUB_005030,PHYSICS_AND_ASTRONOMY
PUB_005031,MATERIALS_SCIENCE
PUB_005032,ENGINEERING
PUB_005033,MATHEMATICS
PUB_005034,PHYSICS_AND_ASTRONOMY
PUB_005035,ENGINEERING
PUB_005036,MATERIALS_SCIENCE
PUB_005037,PHYSICS_AND_ASTRONOMY
PUB_005038,COMPUTER_SCIENCE
PUB_005039,MATERIALS_SCIENCE
PUB_005040,ENGINEERING
PUB_005041,COMPUTER_SCIENCE
PUB_005042,MATERIALS_SCIENCE
PUB_005043,ENGINEERING
PUB_005044,ENGINEERING
PUB_005045,ENGINEERING
PUB_005046,COMPUTER_SCIENCE
PUB_005047,MATERIALS_SCIENCE
PUB_005048,ENGINEERING
PUB_005049,ENGINEERING
PUB_005050,ENGINEERING
PUB_005051,COMPUTER_SCIENCE
PUB_005052,ENGINEERING
PUB_005053,ENGINEERING
PUB_005054,ENGINEERING
PUB_005055,MATERIALS_SCIENCE
PUB_005056,MATERIALS_SCIENCE
PUB_005057,ENGINEERING
PUB_005058,PHYSICS_AND_ASTRONOMY
PUB_005059,PHYSICS_AND_ASTRONOMY
PUB_005060,PHYSICS_AND_ASTRONOMY
PUB_005061,ENGINEERING
PUB_005062,PHYSICS_AND_ASTRONOMY
PUB_005063,MATERIALS_SCIENCE
PUB_005064,MATERIALS_SCIENCE
PUB_005065,MATHEMATICS
PUB_005066,COMPUTER_SCIENCE
PUB_005067,MATERIALS_SCIENCE
PUB_005068,MATERIALS_SCIENCE
PUB_005069,MATERIALS_SCIENCE
PUB_005070,COMPUTER_SCIENCE
PUB_005071,MATHEMATICS
PUB_005072,ENGINEERING
PUB_005073,ENGINEERING
PUB_005074,ENGINEERING
PUB_005075,ENGINEERING
PUB_005076,COMPUTER_SCIENCE
PUB_005077,MATERIALS_SCIENCE
PUB_005078,MATHEMATICS
PUB_005079,COMPUTER_SCIENCE
PUB_005080,ENGINEERING
PUB_005081,ENGINEERING
PUB_005082,MATERIALS_SCIENCE
PUB_005083,MATERIALS_SCIENCE
PUB_005084,MATERIALS_SCIENCE
PUB_005085,ENGINEERING
PUB_005086,ENGINEERING
PUB_005087,ENGINEERING
PUB_005088,MATERIALS_SCIENCE
PUB_005089,ENGINEERING
PUB_005090,ENGINEERING
PUB_005091,ENGINEERING
PUB_005092,ENGINEERING
PUB_005093,COMPUTER_SCIENCE
PUB_005094,MATERIALS_SCIENCE
PUB_005095,MATERIALS_SCIENCE
PUB_005096,ENGINEERING
PUB_005097,MATERIALS_SCIENCE
PUB_005098,MATERIALS_SCIENCE
PUB_005099,ENGINEERING
PUB_005100,COMPUTER_SCIENCE
PUB_005101,ENGINEERING
PUB_005102,MATERIALS_SCIENCE
PUB_005103,PHYSICS_AND_ASTRONOMY
PUB_005104,MATERIALS_SCIENCE
PUB_005105,MATERIALS_SCIENCE
PUB_005106,ENGINEERING
PUB_005107,MATERIALS_SCIENCE
PUB_005108,COMPUTER_SCIENCE
PUB_005109,ENGINEERING
PUB_005110,ENGINEERING
PUB_005111,PHYSICS_AND_ASTRONOMY
PUB_005112,ENGINEERING
PUB_005113,ENGINEERING
PUB_005114,ENGINEERING
PUB_005115,MATERIALS_SCIENCE
PUB_005116,ENGINEERING
PUB_005117,PHYSICS_AND_ASTRONOMY
PUB_005118,MATERIALS_SCIENCE
PUB_005119,COMPUTER_SCIENCE
PUB_005120,COMPUTER_SCIENCE
PUB_005121,MATERIALS_SCIENCE
PUB_005122,ENGINEERING
PUB_005123,MATERIALS_SCIENCE
PUB_005124,ENGINEERING
PUB_005125,COMPUTER_SCIENCE
PUB_005126,ENGINEERING
PUB_005127,MATERIALS_SCIENCE
PUB_005128,COMPUTER_SCIENCE
PUB_005129,PHYSICS_AND_ASTRONOMY
PUB_005130,ENGINEERING
PUB_005131,COMPUTER_SCIENCE
PUB_005132,ENGINEERING
PUB_005133,ENGINEERING
PUB_005134,ENGINEERING
PUB_005135,MATERIALS_SCIENCE
PUB_005136,ENGINEERING
PUB_005137,PHYSICS_AND_ASTRONOMY
PUB_005138,COMPUTER_SCIENCE
PUB_005139,COMPUTER_SCIENCE
PUB_005140,ENGINEERING
PUB_005141,MATHEMATICS
PUB_005142,MATERIALS_SCIENCE
PUB_005143,COMPUTER_SCIENCE
PUB_005144,COMPUTER_SCIENCE
PUB_005145,ENGINEERING
PUB_005146,ENGINEERING
PUB_005147,COMPUTER_SCIENCE
PUB_005148,ENGINEERING
PUB_005149,COMPUTER_SCIENCE
PUB_005150,ENGINEERING
PUB_005151,MATERIALS_SCIENCE
PUB_005152,ENGINEERING
PUB_005153,PHYSICS_AND_ASTRONOMY
PUB_005154,ENGINEERING
PUB_005155,ENGINEERING
PUB_005156,MATHEMATICS
PUB_005157,MATERIALS_SCIENCE
PUB_005158,MATERIALS_SCIENCE
PUB_005159,COMPUTER_SCIENCE
PUB_005160,COMPUTER_SCIENCE
PUB_005161,ENGINEERING
PUB_005162,ENGINEERING
PUB_005163,PHYSICS_AND_ASTRONOMY
PUB_005164,ENGINEERING
PUB_005165,COMPUTER_SCIENCE
PUB_005166,ENGINEERING
PUB_005167,ENGINEERING
PUB_005168,COMPUTER_SCIENCE
PUB_005169,ENGINEERING
PUB_005170,MATERIALS_SCIENCE
PUB_005171,ENGINEERING
PUB_005172,MATERIALS_SCIENCE
PUB_005173,COMPUTER_SCIENCE
PUB_005174,ENGINEERING
PUB_005175,MATERIALS_SCIENCE
PUB_005176,MATERIALS_SCIENCE
PUB_005177,MATHEMATICS
PUB_005178,MATHEMATICS
PUB_005179,ENGINEERING
PUB_005180,ENGINEERING
PUB_005181,MATERIALS_SCIENCE
PUB_005182,MATERIALS_SCIENCE
PUB_005183,MATERIALS_SCIENCE
PUB_005184,ENGINEERING
PUB_005185,COMPUTER_SCIENCE
PUB_005186,ENGINEERING
PUB_005187,MATERIALS_SCIENCE
PUB_005188,MATERIALS_SCIENCE
PUB_005189,ENGINEERING
PUB_005190,ENGINEERING
PUB_005191,COMPUTER_SCIENCE
PUB_005192,ENGINEERING
PUB_005193,COMPUTER_SCIENCE
PUB_005194,ENGINEERING
PUB_005195,ENGINEERING
PUB_005196,ENGINEERING
PUB_005197,ENGINEERING
PUB_005198,COMPUTER_SCIENCE
PUB_005199,COMPUTER_SCIENCE
PUB_005200,COMPUTER_SCIENCE
PUB_005201,MATERIALS_SCIENCE
PUB_005202,ENGINEERING
PUB_005203,COMPUTER_SCIENCE
PUB_005204,ENGINEERING
PUB_005205,MATERIALS_SCIENCE
PUB_005206,ENGINEERING
PUB_005207,COMPUTER_SCIENCE
PUB_005208,MATERIALS_SCIENCE
PUB_005209,MATERIALS_SCIENCE
PUB_005210,MATERIALS_SCIENCE
PUB_005211,COMPUTER_SCIENCE
PUB_005212,ENGINEERING
PUB_005213,ENGINEERING
PUB_005214,ENGINEERING
PUB_005215,PHYSICS_AND_ASTRONOMY
PUB_005216,MATERIALS_SCIENCE
PUB_005217,ENGINEERING
PUB_005218,COMPUTER_SCIENCE
PUB_005219,ENGINEERING
PUB_005220,COMPUTER_SCIENCE
PUB_005221,MATERIALS_SCIENCE
PUB_005222,ENGINEERING
PUB_005223,ENGINEERING
PUB_005224,ENGINEERING
PUB_005225,ENGINEERING
PUB_005226,ENGINEERING
PUB_005227,PHYSICS_AND_ASTRONOMY
PUB_005228,ENGINEERING
PUB_005229,MATERIALS_SCIENCE
PUB_005230,MATERIALS_SCIENCE
PUB_005231,ENGINEERING
PUB_005232,MATERIALS_SCIENCE
PUB_005233,ENGINEERING
PUB_005234,COMPUTER_SCIENCE
PUB_005235,COMPUTER_SCIENCE
PUB_005236,PHYSICS_AND_ASTRONOMY
PUB_005237,ENGINEERING
PUB_005238,ENGINEERING
PUB_005239,ENGINEERING
PUB_005240,PHYSICS_AND_ASTRONOMY
PUB_005241,ENGINEERING
PUB_005242,ENGINEERING
PUB_005243,ENGINEERING
PUB_005244,COMPUTER_SCIENCE
PUB_005245,COMPUTER_SCIENCE
PUB_005246,ENGINEERING
PUB_005247,ENGINEERING
PUB_005248,ENGINEERING
PUB_005249,PHYSICS_AND_ASTRONOMY
PUB_005250,ENGINEERING
PUB_005251,ENGINEERING
PUB_005252,MATERIALS_SCIENCE
PUB_005253,COMPUTER_SCIENCE
PUB_005254,MATERIALS_SCIENCE
PUB_005255,ENGINEERING
PUB_005256,ENGINEERING
PUB_005257,COMPUTER_SCIENCE
PUB_005258,ENGINEERING
PUB_005259,ENGINEERING
PUB_005260,COMPUTER_SCIENCE
PUB_005261,COMPUTER_SCIENCE
PUB_005262,PHYSICS_AND_ASTRONOMY
PUB_005263,ENGINEERING
PUB_005264,ENGINEERING
PUB_005265,MATERIALS_SCIENCE
PUB_005266,MATERIALS_SCIENCE
PUB_005267,PHYSICS_AND_ASTRONOMY
PUB_005268,MATHEMATICS
PUB_005269,PHYSICS_AND_ASTRONOMY
PUB_005270,MATHEMATICS
PUB_005271,ENGINEERING
PUB_005272,ENGINEERING
PUB_005273,MATERIALS_SCIENCE
PUB_005274,MATERIALS_SCIENCE
PUB_005275,COMPUTER_SCIENCE
PUB_005276,COMPUTER_SCIENCE
PUB_005277,ENGINEERING
PUB_005278,MATHEMATICS
PUB_005279,COMPUTER_SCIENCE
PUB_005280,ENGINEERING
PUB_005281,MATERIALS_SCIENCE
PUB_005282,ENGINEERING
PUB_005283,MATERIALS_SCIENCE
PUB_005284,PHYSICS_AND_ASTRONOMY
PUB_005285,ENGINEERING
PUB_005286,COMPUTER_SCIENCE
PUB_005287,PHYSICS_AND_ASTRONOMY
PUB_005288,PHYSICS_AND_ASTRONOMY
PUB_005289,MATERIALS_SCIENCE
PUB_005290,COMPUTER_SCIENCE
PUB_005291,COMPUTER_SCIENCE
PUB_005292,COMPUTER_SCIENCE
PUB_005293,ENGINEERING
PUB_005294,ENGINEERING
PUB_005295,ENGINEERING
PUB_005296,ENGINEERING
PUB_005297,ENGINEERING
PUB_005298,ENGINEERING
PUB_005299,PHYSICS_AND_ASTRONOMY
PUB_005300,MATHEMATICS
PUB_005301,MATHEMATICS
PUB_005302,PHYSICS_AND_ASTRONOMY
PUB_005303,PHYSICS_AND_ASTRONOMY
PUB_005304,MATHEMATICS
PUB_005305,PHYSICS_AND_ASTRONOMY
PUB_005306,MATERIALS_SCIENCE
PUB_005307,PHYSICS_AND_ASTRONOMY
PUB_005308,PHYSICS_AND_ASTRONOMY
PUB_005309,ENGINEERING
PUB_005310,PHYSICS_AND_ASTRONOMY
PUB_005311,MATERIALS_SCIENCE
PUB_005312,ENGINEERING
PUB_005313,COMPUTER_SCIENCE
PUB_005314,COMPUTER_SCIENCE
PUB_005315,ENGINEERING
PUB_005316,ENGINEERING
PUB_005317,COMPUTER_SCIENCE
PUB_005318,MATERIALS_SCIENCE
PUB_005319,MATERIALS_SCIENCE
PUB_005320,COMPUTER_SCIENCE
PUB_005321,ENGINEERING
PUB_005322,COMPUTER_SCIENCE
PUB_005323,ENGINEERING
PUB_005324,ENGINEERING
PUB_005325,COMPUTER_SCIENCE
PUB_005326,ENGINEERING
PUB_005327,ENGINEERING
PUB_005328,ENGINEERING
PUB_005329,ENGINEERING
PUB_005330,COMPUTER_SCIENCE
PUB_005331,COMPUTER_SCIENCE
PUB_005332,ENGINEERING
PUB_005333,ENGINEERING
PUB_005334,MATERIALS_SCIENCE
PUB_005335,COMPUTER_SCIENCE
PUB_005336,ENGINEERING
PUB_005337,MATHEMATICS
PUB_005338,ENGINEERING
PUB_005339,ENGINEERING
PUB_005340,ENGINEERING
PUB_005341,MATERIALS_SCIENCE
PUB_005342,COMPUTER_SCIENCE
PUB_005343,ENGINEERING
PUB_005344,ENGINEERING
PUB_005345,MATERIALS_SCIENCE
PUB_005346,ENGINEERING
PUB_005347,ENGINEERING
PUB_005348,COMPUTER_SCIENCE
PUB_005349,ENGINEERING
PUB_005350,ENGINEERING
PUB_005351,COMPUTER_SCIENCE
PUB_005352,ENGINEERING
PUB_005353,ENGINEERING
PUB_005354,COMPUTER_SCIENCE
PUB_005355,COMPUTER_SCIENCE
PUB_005356,MATERIALS_SCIENCE
PUB_005357,ENGINEERING
PUB_005358,MATHEMATICS
PUB_005359,COMPUTER_SCIENCE
PUB_005360,ENGINEERING
PUB_005361,ENGINEERING
PUB_005362,ENGINEERING
PUB_005363,MATERIALS_SCIENCE
PUB_005364,MATERIALS_SCIENCE
PUB_005365,COMPUTER_SCIENCE
PUB_005366,ENGINEERING
PUB_005367,MATHEMATICS
PUB_005368,COMPUTER_SCIENCE
PUB_005369,ENGINEERING
PUB_005370,MATERIALS_SCIENCE
PUB_005371,ENGINEERING
PUB_005372,ENGINEERING
PUB_005373,MATHEMATICS
PUB_005374,ENGINEERING
PUB_005375,PHYSICS_AND_ASTRONOMY
PUB_005376,COMPUTER_SCIENCE
PUB_005377,ENGINEERING
PUB_005378,MATERIALS_SCIENCE
PUB_005379,COMPUTER_SCIENCE
PUB_005380,ENGINEERING
PUB_005381,ENGINEERING
PUB_005382,MATERIALS_SCIENCE
PUB_005383,ENGINEERING
PUB_005384,COMPUTER_SCIENCE
PUB_005385,COMPUTER_SCIENCE
PUB_005386,MATHEMATICS
PUB_005387,ENGINEERING
PUB_005388,COMPUTER_SCIENCE
PUB_005389,PHYSICS_AND_ASTRONOMY
PUB_005390,MATERIALS_SCIENCE
PUB_005391,ENGINEERING
PUB_005392,ENGINEERING
PUB_005393,COMPUTER_SCIENCE
PUB_005394,COMPUTER_SCIENCE
PUB_005395,ENGINEERING
PUB_005396,COMPUTER_SCIENCE
PUB_005397,ENGINEERING
PUB_005398,COMPUTER_SCIENCE
PUB_005399,PHYSICS_AND_ASTRONOMY
PUB_005400,ENGINEERING
PUB_005401,ENGINEERING
PUB_005402,ENGINEERING
PUB_005403,ENGINEERING
PUB_005404,ENGINEERING
PUB_005405,ENGINEERING
PUB_005406,ENGINEERING
PUB_005407,MATERIALS_SCIENCE
PUB_005408,ENGINEERING
PUB_005409,ENGINEERING
PUB_005410,COMPUTER_SCIENCE
PUB_005411,COMPUTER_SCIENCE
PUB_005412,ENGINEERING
PUB_005413,ENGINEERING
PUB_005414,ENGINEERING
PUB_005415,PHYSICS_AND_ASTRONOMY
PUB_005416,ENGINEERING
PUB_005417,COMPUTER_SCIENCE
PUB_005418,ENGINEERING
PUB_005419,ENGINEERING
PUB_005420,ENGINEERING
PUB_005421,MATHEMATICS
PUB_005422,ENGINEERING
PUB_005423,ENGINEERING
PUB_005424,PHYSICS_AND_ASTRONOMY
PUB_005425,PHYSICS_AND_ASTRONOMY
PUB_005426,ENGINEERING
PUB_005427,COMPUTER_SCIENCE
PUB_005428,COMPUTER_SCIENCE
PUB_005429,ENGINEERING
PUB_005430,MATHEMATICS
PUB_005431,ENGINEERING
PUB_005432,PHYSICS_AND_ASTRONOMY
PUB_005433,ENGINEERING
PUB_005434,ENGINEERING
PUB_005435,PHYSICS_AND_ASTRONOMY
PUB_005436,PHYSICS_AND_ASTRONOMY
PUB_005437,ENGINEERING
PUB_005438,PHYSICS_AND_ASTRONOMY
PUB_005439,ENGINEERING
PUB_005440,MATERIALS_SCIENCE
PUB_005441,COMPUTER_SCIENCE
PUB_005442,MATHEMATICS
PUB_005443,ENGINEERING
PUB_005444,ENGINEERING
PUB_005445,ENGINEERING
PUB_005446,ENGINEERING
PUB_005447,COMPUTER_SCIENCE
PUB_005448,COMPUTER_SCIENCE
PUB_005449,MATERIALS_SCIENCE
PUB_005450,COMPUTER_SCIENCE
PUB_005451,MATHEMATICS
PUB_005452,COMPUTER_SCIENCE
PUB_005453,MATERIALS_SCIENCE
PUB_005454,COMPUTER_SCIENCE
PUB_005455,MATERIALS_SCIENCE
PUB_005456,ENGINEERING
PUB_005457,MATERIALS_SCIENCE
PUB_005458,ENGINEERING
PUB_005459,PHYSICS_AND_ASTRONOMY
PUB_005460,COMPUTER_SCIENCE
PUB_005461,PHYSICS_AND_ASTRONOMY
PUB_005462,ENGINEERING
PUB_005463,ENGINEERING
PUB_005464,COMPUTER_SCIENCE
PUB_005465,ENGINEERING
PUB_005466,ENGINEERING
PUB_005467,ENGINEERING
PUB_005468,ENGINEERING
PUB_005469,ENGINEERING
PUB_005470,MATHEMATICS
PUB_005471,ENGINEERING
PUB_005472,ENGINEERING
PUB_005473,PHYSICS_AND_ASTRONOMY
PUB_005474,COMPUTER_SCIENCE
PUB_005475,ENGINEERING
PUB_005476,COMPUTER_SCIENCE
PUB_005477,ENGINEERING
PUB_005478,MATERIALS_SCIENCE
PUB_005479,ENGINEERING
PUB_005480,ENGINEERING
PUB_005481,ENGINEERING
PUB_005482,ENGINEERING
PUB_005483,ENGINEERING
PUB_005484,ENGINEERING
PUB_005485,ENGINEERING
PUB_005486,COMPUTER_SCIENCE
PUB_005487,COMPUTER_SCIENCE
PUB_005488,COMPUTER_SCIENCE
PUB_005489,PHYSICS_AND_ASTRONOMY
PUB_005490,COMPUTER_SCIENCE
PUB_005491,PHYSICS_AND_ASTRONOMY
PUB_005492,ENGINEERING
PUB_005493,ENGINEERING
PUB_005494,PHYSICS_AND_ASTRONOMY
PUB_005495,ENGINEERING
PUB_005496,ENGINEERING
PUB_005497,ENGINEERING
PUB_005498,ENGINEERING
PUB_005499,ENGINEERING
PUB_005500,MATHEMATICS
PUB_005501,ENGINEERING
PUB_005502,ENGINEERING
PUB_005503,ENGINEERING
PUB_005504,MATHEMATICS
PUB_005505,MATERIALS_SCIENCE
PUB_005506,PHYSICS_AND_ASTRONOMY
PUB_005507,COMPUTER_SCIENCE
PUB_005508,MATERIALS_SCIENCE
PUB_005509,ENGINEERING
PUB_005510,ENGINEERING
PUB_005511,ENGINEERING
PUB_005512,ENGINEERING
PUB_005513,MATERIALS_SCIENCE
PUB_005514,PHYSICS_AND_ASTRONOMY
PUB_005515,ENGINEERING
PUB_005516,ENGINEERING
PUB_005517,COMPUTER_SCIENCE
PUB_005518,COMPUTER_SCIENCE
PUB_005519,COMPUTER_SCIENCE
PUB_005520,PHYSICS_AND_ASTRONOMY
PUB_005521,ENGINEERING
PUB_005522,ENGINEERING
PUB_005523,ENGINEERING
PUB_005524,ENGINEERING
PUB_005525,ENGINEERING
PUB_005526,MATERIALS_SCIENCE
PUB_005527,ENGINEERING
PUB_005528,MATHEMATICS
PUB_005529,MATHEMATICS
PUB_005530,MATHEMATICS
PUB_005531,COMPUTER_SCIENCE
PUB_005532,ENGINEERING
PUB_005533,COMPUTER_SCIENCE
PUB_005534,ENGINEERING
PUB_005535,MATERIALS_SCIENCE
PUB_005536,ENGINEERING
PUB_005537,ENGINEERING
PUB_005538,COMPUTER_SCIENCE
PUB_005539,PHYSICS_AND_ASTRONOMY
PUB_005540,ENGINEERING
PUB_005541,COMPUTER_SCIENCE
PUB_005542,COMPUTER_SCIENCE
PUB_005543,MATERIALS_SCIENCE
PUB_005544,MATERIALS_SCIENCE
PUB_005545,ENGINEERING
PUB_005546,COMPUTER_SCIENCE
PUB_005547,COMPUTER_SCIENCE
PUB_005548,MATHEMATICS
PUB_005549,MATHEMATICS
PUB_005550,COMPUTER_SCIENCE
PUB_005551,ENGINEERING
PUB_005552,ENGINEERING
PUB_005553,ENGINEERING
PUB_005554,PHYSICS_AND_ASTRONOMY
PUB_005555,COMPUTER_SCIENCE
PUB_005556,MATERIALS_SCIENCE
PUB_005557,ENGINEERING
PUB_005558,ENGINEERING
PUB_005559,MATERIALS_SCIENCE
PUB_005560,MATERIALS_SCIENCE
PUB_005561,MATERIALS_SCIENCE
PUB_005562,ENGINEERING
PUB_005563,COMPUTER_SCIENCE
PUB_005564,ENGINEERING
PUB_005565,COMPUTER_SCIENCE
PUB_005566,MATERIALS_SCIENCE
PUB_005567,MATHEMATICS
PUB_005568,COMPUTER_SCIENCE
PUB_005569,COMPUTER_SCIENCE
PUB_005570,ENGINEERING
PUB_005571,ENGINEERING
PUB_005572,ENGINEERING
PUB_005573,PHYSICS_AND_ASTRONOMY
PUB_005574,ENGINEERING
PUB_005575,COMPUTER_SCIENCE
PUB_005576,COMPUTER_SCIENCE
PUB_005577,ENGINEERING
PUB_005578,ENGINEERING
PUB_005579,ENGINEERING
PUB_005580,ENGINEERING
PUB_005581,COMPUTER_SCIENCE
PUB_005582,ENGINEERING
PUB_005583,COMPUTER_SCIENCE
PUB_005584,ENGINEERING
PUB_005585,COMPUTER_SCIENCE
PUB_005586,ENGINEERING
PUB_005587,COMPUTER_SCIENCE
PUB_005588,PHYSICS_AND_ASTRONOMY
PUB_005589,MATERIALS_SCIENCE
PUB_005590,ENGINEERING
PUB_005591,ENGINEERING
PUB_005592,COMPUTER_SCIENCE
PUB_005593,ENGINEERING
PUB_005594,MATERIALS_SCIENCE
PUB_005595,ENGINEERING
PUB_005596,ENGINEERING
PUB_005597,MATHEMATICS
PUB_005598,ENGINEERING
PUB_005599,ENGINEERING
PUB_005600,ENGINEERING
PUB_005601,ENGINEERING
PUB_005602,MATHEMATICS
PUB_005603,MATHEMATICS
PUB_005604,MATHEMATICS
PUB_005605,COMPUTER_SCIENCE
PUB_005606,PHYSICS_AND_ASTRONOMY
PUB_005607,MATHEMATICS
PUB_005608,PHYSICS_AND_ASTRONOMY
PUB_005609,COMPUTER_SCIENCE
PUB_005610,PHYSICS_AND_ASTRONOMY
PUB_005611,MATHEMATICS
PUB_005612,MATHEMATICS
PUB_005613,MATHEMATICS
PUB_005614,PHYSICS_AND_ASTRONOMY
PUB_005615,COMPUTER_SCIENCE
PUB_005616,MATHEMATICS
PUB_005617,COMPUTER_SCIENCE
PUB_005618,ENGINEERING
PUB_005619,COMPUTER_SCIENCE
PUB_005620,ENGINEERING
PUB_005621,ENGINEERING
PUB_005622,ENGINEERING
PUB_005623,ENGINEERING
PUB_005624,MATHEMATICS
PUB_005625,COMPUTER_SCIENCE
PUB_005626,COMPUTER_SCIENCE
PUB_005627,COMPUTER_SCIENCE
PUB_005628,ENGINEERING
PUB_005629,ENGINEERING
PUB_005630,ENGINEERING
PUB_005631,ENGINEERING
PUB_005632,MATERIALS_SCIENCE
PUB_005633,ENGINEERING
PUB_005634,MATHEMATICS
PUB_005635,ENGINEERING
PUB_005636,ENGINEERING
PUB_005637,ENGINEERING
PUB_005638,ENGINEERING
PUB_005639,PHYSICS_AND_ASTRONOMY
PUB_005640,ENGINEERING
PUB_005641,ENGINEERING
PUB_005642,PHYSICS_AND_ASTRONOMY
PUB_005643,COMPUTER_SCIENCE
PUB_005644,ENGINEERING
PUB_005645,ENGINEERING
PUB_005646,COMPUTER_SCIENCE
PUB_005647,COMPUTER_SCIENCE
PUB_005648,ENGINEERING
PUB_005649,ENGINEERING
PUB_005650,COMPUTER_SCIENCE
PUB_005651,ENGINEERING
PUB_005652,COMPUTER_SCIENCE
PUB_005653,ENGINEERING
PUB_005654,MATERIALS_SCIENCE
PUB_005655,COMPUTER_SCIENCE
PUB_005656,ENGINEERING
PUB_005657,ENGINEERING
PUB_005658,ENGINEERING
PUB_005659,PHYSICS_AND_ASTRONOMY
PUB_005660,ENGINEERING
PUB_005661,ENGINEERING
PUB_005662,PHYSICS_AND_ASTRONOMY
PUB_005663,COMPUTER_SCIENCE
PUB_005664,COMPUTER_SCIENCE
PUB_005665,ENGINEERING
PUB_005666,ENGINEERING
PUB_005667,ENGINEERING
PUB_005668,COMPUTER_SCIENCE
PUB_005669,MATERIALS_SCIENCE
PUB_005670,ENGINEERING
PUB_005671,MATHEMATICS
PUB_005672,ENGINEERING
PUB_005673,COMPUTER_SCIENCE
PUB_005674,ENGINEERING
PUB_005675,COMPUTER_SCIENCE
PUB_005676,ENGINEERING
PUB_005677,ENGINEERING
PUB_005678,COMPUTER_SCIENCE
PUB_005679,COMPUTER_SCIENCE
PUB_005680,COMPUTER_SCIENCE
PUB_005681,PHYSICS_AND_ASTRONOMY
PUB_005682,ENGINEERING
PUB_005683,MATERIALS_SCIENCE
PUB_005684,ENGINEERING
PUB_005685,ENGINEERING
PUB_005686,COMPUTER_SCIENCE
PUB_005687,ENGINEERING
PUB_005688,ENGINEERING
PUB_005689,ENGINEERING
PUB_005690,PHYSICS_AND_ASTRONOMY
PUB_005691,COMPUTER_SCIENCE
PUB_005692,PHYSICS_AND_ASTRONOMY
PUB_005693,COMPUTER_SCIENCE
PUB_005694,ENGINEERING
PUB_005695,ENGINEERING
PUB_005696,MATERIALS_SCIENCE
PUB_005697,MATERIALS_SCIENCE
PUB_005698,COMPUTER_SCIENCE
PUB_005699,ENGINEERING
PUB_005700,COMPUTER_SCIENCE
PUB_005701,PHYSICS_AND_ASTRONOMY
PUB_005702,MATHEMATICS
PUB_005703,ENGINEERING
PUB_005704,PHYSICS_AND_ASTRONOMY
PUB_005705,MATERIALS_SCIENCE
PUB_005706,ENGINEERING
PUB_005707,MATERIALS_SCIENCE
PUB_005708,PHYSICS_AND_ASTRONOMY
PUB_005709,MATHEMATICS
PUB_005710,COMPUTER_SCIENCE
PUB_005711,ENGINEERING
PUB_005712,ENGINEERING
PUB_005713,ENGINEERING
PUB_005714,ENGINEERING
PUB_005715,ENGINEERING
PUB_005716,ENGINEERING
PUB_005717,PHYSICS_AND_ASTRONOMY
PUB_005718,ENGINEERING
PUB_005719,COMPUTER_SCIENCE
PUB_005720,ENGINEERING
PUB_005721,MATERIALS_SCIENCE
PUB_005722,ENGINEERING
PUB_005723,ENGINEERING
PUB_005724,MATERIALS_SCIENCE
PUB_005725,ENGINEERING
PUB_005726,ENGINEERING
PUB_005727,ENGINEERING
PUB_005728,COMPUTER_SCIENCE
PUB_005729,COMPUTER_SCIENCE
PUB_005730,MATERIALS_SCIENCE
PUB_005731,ENGINEERING
PUB_005732,MATHEMATICS
PUB_005733,ENGINEERING
PUB_005734,ENGINEERING
PUB_005735,COMPUTER_SCIENCE
PUB_005736,ENGINEERING
PUB_005737,MATERIALS_SCIENCE
PUB_005738,ENGINEERING
PUB_005739,COMPUTER_SCIENCE
PUB_005740,COMPUTER_SCIENCE
PUB_005741,MATHEMATICS
PUB_005742,COMPUTER_SCIENCE
PUB_005743,COMPUTER_SCIENCE
PUB_005744,MATHEMATICS
PUB_005745,COMPUTER_SCIENCE
PUB_005746,MATHEMATICS
PUB_005747,MATERIALS_SCIENCE
PUB_005748,COMPUTER_SCIENCE
PUB_005749,COMPUTER_SCIENCE
PUB_005750,MATHEMATICS
PUB_005751,ENGINEERING
PUB_005752,COMPUTER_SCIENCE
PUB_005753,ENGINEERING
PUB_005754,COMPUTER_SCIENCE
PUB_005755,COMPUTER_SCIENCE
PUB_005756,COMPUTER_SCIENCE
PUB_005757,COMPUTER_SCIENCE
PUB_005758,MATHEMATICS
PUB_005759,PHYSICS_AND_ASTRONOMY
PUB_005760,PHYSICS_AND_ASTRONOMY
PUB_005761,ENGINEERING
PUB_005762,COMPUTER_SCIENCE
PUB_005763,PHYSICS_AND_ASTRONOMY
PUB_005764,ENGINEERING
PUB_005765,COMPUTER_SCIENCE
PUB_005766,ENGINEERING
PUB_005767,MATHEMATICS
PUB_005768,ENGINEERING
PUB_005769,ENGINEERING
PUB_005770,ENGINEERING
PUB_005771,ENGINEERING
PUB_005772,ENGINEERING
PUB_005773,COMPUTER_SCIENCE
PUB_005774,COMPUTER_SCIENCE
PUB_005775,MATERIALS_SCIENCE
PUB_005776,PHYSICS_AND_ASTRONOMY
PUB_005777,ENGINEERING
PUB_005778,COMPUTER_SCIENCE
PUB_005779,ENGINEERING
PUB_005780,ENGINEERING
PUB_005781,MATERIALS_SCIENCE
PUB_005782,PHYSICS_AND_ASTRONOMY
PUB_005783,COMPUTER_SCIENCE
PUB_005784,ENGINEERING
PUB_005785,ENGINEERING
PUB_005786,COMPUTER_SCIENCE
PUB_005787,COMPUTER_SCIENCE
PUB_005788,MATERIALS_SCIENCE
PUB_005789,COMPUTER_SCIENCE
PUB_005790,ENGINEERING
PUB_005791,ENGINEERING
PUB_005792,ENGINEERING
PUB_005793,ENGINEERING
PUB_005794,ENGINEERING
PUB_005795,COMPUTER_SCIENCE
PUB_005796,COMPUTER_SCIENCE
PUB_005797,COMPUTER_SCIENCE
PUB_005798,MATERIALS_SCIENCE
PUB_005799,PHYSICS_AND_ASTRONOMY
PUB_005800,MATHEMATICS
PUB_005801,MATHEMATICS
PUB_005802,COMPUTER_SCIENCE
PUB_005803,COMPUTER_SCIENCE
PUB_005804,MATHEMATICS
PUB_005805,COMPUTER_SCIENCE
PUB_005806,COMPUTER_SCIENCE
PUB_005807,ENGINEERING
PUB_005808,COMPUTER_SCIENCE
PUB_005809,ENGINEERING
PUB_005810,MATHEMATICS
PUB_005811,ENGINEERING
PUB_005812,MATHEMATICS
PUB_005813,ENGINEERING
PUB_005814,MATHEMATICS
PUB_005815,COMPUTER_SCIENCE
PUB_005816,ENGINEERING
PUB_005817,COMPUTER_SCIENCE
PUB_005818,ENGINEERING
PUB_005819,ENGINEERING
PUB_005820,MATHEMATICS
PUB_005821,COMPUTER_SCIENCE
PUB_005822,PHYSICS_AND_ASTRONOMY
PUB_005823,COMPUTER_SCIENCE
PUB_005824,COMPUTER_SCIENCE
PUB_005825,MATHEMATICS
PUB_005826,COMPUTER_SCIENCE
PUB_005827,MATHEMATICS
PUB_005828,MATHEMATICS
PUB_005829,MATHEMATICS
PUB_005830,ENGINEERING
PUB_005831,ENGINEERING
PUB_005832,MATHEMATICS
PUB_005833,ENGINEERING
PUB_005834,COMPUTER_SCIENCE
PUB_005835,COMPUTER_SCIENCE
PUB_005836,PHYSICS_AND_ASTRONOMY
PUB_005837,ENGINEERING
PUB_005838,COMPUTER_SCIENCE
PUB_005839,COMPUTER_SCIENCE
PUB_005840,MATHEMATICS
PUB_005841,ENGINEERING
PUB_005842,MATHEMATICS
PUB_005843,ENGINEERING
PUB_005844,ENGINEERING
PUB_005845,COMPUTER_SCIENCE
PUB_005846,COMPUTER_SCIENCE
PUB_005847,ENGINEERING
PUB_005848,ENGINEERING
PUB_005849,ENGINEERING
PUB_005850,ENGINEERING
PUB_005851,MATERIALS_SCIENCE
PUB_005852,ENGINEERING
PUB_005853,ENGINEERING
PUB_005854,MATERIALS_SCIENCE
PUB_005855,ENGINEERING
PUB_005856,ENGINEERING
PUB_005857,MATERIALS_SCIENCE
PUB_005858,COMPUTER_SCIENCE
PUB_005859,PHYSICS_AND_ASTRONOMY
PUB_005860,ENGINEERING
PUB_005861,ENGINEERING
PUB_005862,ENGINEERING
PUB_005863,COMPUTER_SCIENCE
PUB_005864,ENGINEERING
PUB_005865,ENGINEERING
PUB_005866,ENGINEERING
PUB_005867,ENGINEERING
PUB_005868,COMPUTER_SCIENCE
PUB_005869,COMPUTER_SCIENCE
PUB_005870,COMPUTER_SCIENCE
PUB_005871,ENGINEERING
PUB_005872,ENGINEERING
PUB_005873,MATERIALS_SCIENCE
PUB_005874,COMPUTER_SCIENCE
PUB_005875,COMPUTER_SCIENCE
PUB_005876,COMPUTER_SCIENCE
PUB_005877,COMPUTER_SCIENCE
PUB_005878,ENGINEERING
PUB_005879,MATERIALS_SCIENCE
PUB_005880,ENGINEERING
PUB_005881,COMPUTER_SCIENCE
PUB_005882,MATERIALS_SCIENCE
PUB_005883,ENGINEERING
PUB_005884,ENGINEERING
PUB_005885,COMPUTER_SCIENCE
PUB_005886,ENGINEERING
PUB_005887,PHYSICS_AND_ASTRONOMY
PUB_005888,ENGINEERING
PUB_005889,ENGINEERING
PUB_005890,MATERIALS_SCIENCE
PUB_005891,MATHEMATICS
PUB_005892,MATERIALS_SCIENCE
PUB_005893,ENGINEERING
PUB_005894,COMPUTER_SCIENCE
PUB_005895,ENGINEERING
PUB_005896,ENGINEERING
PUB_005897,MATERIALS_SCIENCE
PUB_005898,MATHEMATICS
PUB_005899,ENGINEERING
PUB_005900,MATERIALS_SCIENCE
PUB_005901,ENGINEERING
PUB_005902,ENGINEERING
PUB_005903,ENGINEERING
PUB_005904,MATHEMATICS
PUB_005905,ENGINEERING
PUB_005906,ENGINEERING
PUB_005907,ENGINEERING
PUB_005908,PHYSICS_AND_ASTRONOMY
PUB_005909,COMPUTER_SCIENCE
PUB_005910,ENGINEERING
PUB_005911,ENGINEERING
PUB_005912,COMPUTER_SCIENCE
PUB_005913,ENGINEERING
PUB_005914,COMPUTER_SCIENCE
PUB_005915,ENGINEERING
PUB_005916,COMPUTER_SCIENCE
PUB_005917,ENGINEERING
PUB_005918,COMPUTER_SCIENCE
PUB_005919,ENGINEERING
PUB_005920,ENGINEERING
PUB_005921,ENGINEERING
PUB_005922,ENGINEERING
PUB_005923,ENGINEERING
PUB_005924,MATERIALS_SCIENCE
PUB_005925,MATHEMATICS
PUB_005926,ENGINEERING
PUB_005927,MATERIALS_SCIENCE
PUB_005928,ENGINEERING
PUB_005929,COMPUTER_SCIENCE
PUB_005930,COMPUTER_SCIENCE
PUB_005931,MATHEMATICS
PUB_005932,COMPUTER_SCIENCE
PUB_005933,MATHEMATICS
PUB_005934,ENGINEERING
PUB_005935,PHYSICS_AND_ASTRONOMY
PUB_005936,COMPUTER_SCIENCE
PUB_005937,MATHEMATICS
PUB_005938,COMPUTER_SCIENCE
PUB_005939,PHYSICS_AND_ASTRONOMY
PUB_005940,COMPUTER_SCIENCE
PUB_005941,ENGINEERING
PUB_005942,PHYSICS_AND_ASTRONOMY
PUB_005943,MATERIALS_SCIENCE
PUB_005944,ENGINEERING
PUB_005945,MATERIALS_SCIENCE
PUB_005946,COMPUTER_SCIENCE
PUB_005947,ENGINEERING
PUB_005948,COMPUTER_SCIENCE
PUB_005949,PHYSICS_AND_ASTRONOMY
PUB_005950,COMPUTER_SCIENCE
PUB_005951,MATHEMATICS
PUB_005952,ENGINEERING
PUB_005953,COMPUTER_SCIENCE
PUB_005954,MATHEMATICS
PUB_005955,MATHEMATICS
PUB_005956,COMPUTER_SCIENCE
PUB_005957,PHYSICS_AND_ASTRONOMY
PUB_005958,MATHEMATICS
PUB_005959,PHYSICS_AND_ASTRONOMY
PUB_005960,MATHEMATICS
PUB_005961,COMPUTER_SCIENCE
PUB_005962,MATHEMATICS
PUB_005963,ENGINEERING
PUB_005964,ENGINEERING
PUB_005965,MATERIALS_SCIENCE
PUB_005966,PHYSICS_AND_ASTRONOMY
PUB_005967,COMPUTER_SCIENCE
PUB_005968,ENGINEERING
PUB_005969,PHYSICS_AND_ASTRONOMY
PUB_005970,ENGINEERING
PUB_005971,ENGINEERING
PUB_005972,ENGINEERING
PUB_005973,ENGINEERING
PUB_005974,ENGINEERING
PUB_005975,ENGINEERING
PUB_005976,COMPUTER_SCIENCE
PUB_005977,MATHEMATICS
PUB_005978,COMPUTER_SCIENCE
PUB_005979,ENGINEERING
PUB_005980,ENGINEERING
PUB_005981,PHYSICS_AND_ASTRONOMY
PUB_005982,MATHEMATICS
PUB_005983,COMPUTER_SCIENCE
PUB_005984,COMPUTER_SCIENCE
PUB_005985,COMPUTER_SCIENCE
PUB_005986,PHYSICS_AND_ASTRONOMY
PUB_005987,ENGINEERING
PUB_005988,ENGINEERING
PUB_005989,ENGINEERING
PUB_005990,ENGINEERING
PUB_005991,COMPUTER_SCIENCE
PUB_005992,ENGINEERING
PUB_005993,PHYSICS_AND_ASTRONOMY
PUB_005994,ENGINEERING
PUB_005995,PHYSICS_AND_ASTRONOMY
PUB_005996,COMPUTER_SCIENCE
PUB_005997,ENGINEERING
PUB_005998,PHYSICS_AND_ASTRONOMY
PUB_005999,PHYSICS_AND_ASTRONOMY
PUB_006000,COMPUTER_SCIENCE
PUB_006001,MATHEMATICS
PUB_006002,ENGINEERING
PUB_006003,MATERIALS_SCIENCE
PUB_006004,PHYSICS_AND_ASTRONOMY
PUB_006005,ENGINEERING
PUB_006006,MATERIALS_SCIENCE
PUB_006007,PHYSICS_AND_ASTRONOMY
PUB_006008,COMPUTER_SCIENCE
PUB_006009,COMPUTER_SCIENCE
PUB_006010,COMPUTER_SCIENCE
PUB_006011,MATERIALS_SCIENCE
PUB_006012,PHYSICS_AND_ASTRONOMY
PUB_006013,ENGINEERING
PUB_006014,MATERIALS_SCIENCE
PUB_006015,COMPUTER_SCIENCE
PUB_006016,PHYSICS_AND_ASTRONOMY
PUB_006017,ENGINEERING
PUB_006018,ENGINEERING
PUB_006019,ENGINEERING
PUB_006020,ENGINEERING
PUB_006021,MATERIALS_SCIENCE
PUB_006022,ENGINEERING
PUB_006023,MATERIALS_SCIENCE
PUB_006024,ENGINEERING
PUB_006025,PHYSICS_AND_ASTRONOMY
PUB_006026,ENGINEERING
PUB_006027,ENGINEERING
PUB_006028,PHYSICS_AND_ASTRONOMY
PUB_006029,MATERIALS_SCIENCE
PUB_006030,ENGINEERING
PUB_006031,COMPUTER_SCIENCE
PUB_006032,ENGINEERING
PUB_006033,COMPUTER_SCIENCE
PUB_006034,ENGINEERING
PUB_006035,ENGINEERING
PUB_006036,MATHEMATICS
PUB_006037,ENGINEERING
PUB_006038,ENGINEERING
PUB_006039,MATHEMATICS
PUB_006040,PHYSICS_AND_ASTRONOMY
PUB_006041,MATERIALS_SCIENCE
PUB_006042,ENGINEERING
PUB_006043,ENGINEERING
PUB_006044,ENGINEERING
PUB_006045,ENGINEERING
PUB_006046,MATHEMATICS
PUB_006047,MATERIALS_SCIENCE
PUB_006048,MATERIALS_SCIENCE
PUB_006049,ENGINEERING
PUB_006050,COMPUTER_SCIENCE
PUB_006051,PHYSICS_AND_ASTRONOMY
PUB_006052,ENGINEERING
PUB_006053,PHYSICS_AND_ASTRONOMY
PUB_006054,MATERIALS_SCIENCE
PUB_006055,COMPUTER_SCIENCE
PUB_006056,COMPUTER_SCIENCE
PUB_006057,PHYSICS_AND_ASTRONOMY
PUB_006058,ENGINEERING
PUB_006059,ENGINEERING
PUB_006060,COMPUTER_SCIENCE
PUB_006061,COMPUTER_SCIENCE
PUB_006062,ENGINEERING
PUB_006063,ENGINEERING
PUB_006064,MATHEMATICS
PUB_006065,COMPUTER_SCIENCE
PUB_006066,PHYSICS_AND_ASTRONOMY
PUB_006067,COMPUTER_SCIENCE
PUB_006068,COMPUTER_SCIENCE
PUB_006069,ENGINEERING
PUB_006070,PHYSICS_AND_ASTRONOMY
PUB_006071,ENGINEERING
PUB_006072,ENGINEERING
PUB_006073,ENGINEERING
PUB_006074,ENGINEERING
PUB_006075,COMPUTER_SCIENCE
PUB_006076,MATHEMATICS
PUB_006077,COMPUTER_SCIENCE
PUB_006078,COMPUTER_SCIENCE
PUB_006079,ENGINEERING
PUB_006080,ENGINEERING
PUB_006081,COMPUTER_SCIENCE
PUB_006082,COMPUTER_SCIENCE
PUB_006083,ENGINEERING
PUB_006084,ENGINEERING
PUB_006085,ENGINEERING
PUB_006086,MATHEMATICS
PUB_006087,MATHEMATICS
PUB_006088,ENGINEERING
PUB_006089,COMPUTER_SCIENCE
PUB_006090,ENGINEERING
PUB_006091,ENGINEERING
PUB_006092,MATERIALS_SCIENCE
PUB_006093,ENGINEERING
PUB_006094,COMPUTER_SCIENCE
PUB_006095,COMPUTER_SCIENCE
PUB_006096,COMPUTER_SCIENCE
PUB_006097,PHYSICS_AND_ASTRONOMY
PUB_006098,ENGINEERING
PUB_006099,PHYSICS_AND_ASTRONOMY
PUB_006100,MATHEMATICS
PUB_006101,MATERIALS_SCIENCE
PUB_006102,ENGINEERING
PUB_006103,ENGINEERING
PUB_006104,MATHEMATICS
PUB_006105,PHYSICS_AND_ASTRONOMY
PUB_006106,PHYSICS_AND_ASTRONOMY
PUB_006107,COMPUTER_SCIENCE
PUB_006108,COMPUTER_SCIENCE
PUB_006109,COMPUTER_SCIENCE
PUB_006110,MATHEMATICS
PUB_006111,COMPUTER_SCIENCE
PUB_006112,ENGINEERING
PUB_006113,COMPUTER_SCIENCE
PUB_006114,MATERIALS_SCIENCE
PUB_006115,COMPUTER_SCIENCE
PUB_006116,COMPUTER_SCIENCE
PUB_006117,COMPUTER_SCIENCE
PUB_006118,ENGINEERING
PUB_006119,ENGINEERING
PUB_006120,ENGINEERING
PUB_006121,MATHEMATICS
PUB_006122,ENGINEERING
PUB_006123,COMPUTER_SCIENCE
PUB_006124,COMPUTER_SCIENCE
PUB_006125,ENGINEERING
PUB_006126,PHYSICS_AND_ASTRONOMY
PUB_006127,PHYSICS_AND_ASTRONOMY
PUB_006128,ENGINEERING
PUB_006129,ENGINEERING
PUB_006130,ENGINEERING
PUB_006131,PHYSICS_AND_ASTRONOMY
PUB_006132,COMPUTER_SCIENCE
PUB_006133,COMPUTER_SCIENCE
PUB_006134,ENGINEERING
PUB_006135,MATERIALS_SCIENCE
PUB_006136,COMPUTER_SCIENCE
PUB_006137,ENGINEERING
PUB_006138,ENGINEERING
PUB_006139,PHYSICS_AND_ASTRONOMY
PUB_006140,ENGINEERING
PUB_006141,MATERIALS_SCIENCE
PUB_006142,ENGINEERING
PUB_006143,ENGINEERING
PUB_006144,ENGINEERING
PUB_006145,COMPUTER_SCIENCE
PUB_006146,ENGINEERING
PUB_006147,ENGINEERING
PUB_006148,ENGINEERING
PUB_006149,ENGINEERING
PUB_006150,ENGINEERING
PUB_006151,MATERIALS_SCIENCE
PUB_006152,ENGINEERING
PUB_006153,COMPUTER_SCIENCE
PUB_006154,ENGINEERING
PUB_006155,MATERIALS_SCIENCE
PUB_006156,MATERIALS_SCIENCE
PUB_006157,ENGINEERING
PUB_006158,ENGINEERING
PUB_006159,ENGINEERING
PUB_006160,ENGINEERING
PUB_006161,COMPUTER_SCIENCE
PUB_006162,ENGINEERING
PUB_006163,COMPUTER_SCIENCE
PUB_006164,ENGINEERING
PUB_006165,ENGINEERING
PUB_006166,ENGINEERING
PUB_006167,PHYSICS_AND_ASTRONOMY
PUB_006168,ENGINEERING
PUB_006169,MATERIALS_SCIENCE
PUB_006170,ENGINEERING
PUB_006171,MATERIALS_SCIENCE
PUB_006172,ENGINEERING
PUB_006173,ENGINEERING
PUB_006174,COMPUTER_SCIENCE
PUB_006175,COMPUTER_SCIENCE
PUB_006176,ENGINEERING
PUB_006177,PHYSICS_AND_ASTRONOMY
PUB_006178,ENGINEERING
PUB_006179,ENGINEERING
PUB_006180,ENGINEERING
PUB_006181,PHYSICS_AND_ASTRONOMY
PUB_006182,ENGINEERING
PUB_006183,ENGINEERING
PUB_006184,MATERIALS_SCIENCE
PUB_006185,MATERIALS_SCIENCE
PUB_006186,ENGINEERING
PUB_006187,ENGINEERING
PUB_006188,ENGINEERING
PUB_006189,ENGINEERING
PUB_006190,PHYSICS_AND_ASTRONOMY
PUB_006191,ENGINEERING
PUB_006192,PHYSICS_AND_ASTRONOMY
PUB_006193,ENGINEERING
PUB_006194,COMPUTER_SCIENCE
PUB_006195,PHYSICS_AND_ASTRONOMY
PUB_006196,PHYSICS_AND_ASTRONOMY
PUB_006197,PHYSICS_AND_ASTRONOMY
PUB_006198,PHYSICS_AND_ASTRONOMY
PUB_006199,COMPUTER_SCIENCE
PUB_006200,ENGINEERING
PUB_006201,PHYSICS_AND_ASTRONOMY
PUB_006202,ENGINEERING
PUB_006203,ENGINEERING
PUB_006204,ENGINEERING
PUB_006205,MATHEMATICS
PUB_006206,ENGINEERING
PUB_006207,ENGINEERING
PUB_006208,PHYSICS_AND_ASTRONOMY
PUB_006209,ENGINEERING
PUB_006210,MATHEMATICS
PUB_006211,ENGINEERING
PUB_006212,COMPUTER_SCIENCE
PUB_006213,PHYSICS_AND_ASTRONOMY
PUB_006214,MATHEMATICS
PUB_006215,MATHEMATICS
PUB_006216,COMPUTER_SCIENCE
PUB_006217,PHYSICS_AND_ASTRONOMY
PUB_006218,COMPUTER_SCIENCE
PUB_006219,MATHEMATICS
PUB_006220,PHYSICS_AND_ASTRONOMY
PUB_006221,PHYSICS_AND_ASTRONOMY
PUB_006222,COMPUTER_SCIENCE
PUB_006223,COMPUTER_SCIENCE
PUB_006224,PHYSICS_AND_ASTRONOMY
PUB_006225,COMPUTER_SCIENCE
PUB_006226,MATHEMATICS
PUB_006227,ENGINEERING
PUB_006228,MATERIALS_SCIENCE
PUB_006229,MATERIALS_SCIENCE
PUB_006230,COMPUTER_SCIENCE
PUB_006231,COMPUTER_SCIENCE
PUB_006232,PHYSICS_AND_ASTRONOMY
PUB_006233,COMPUTER_SCIENCE
PUB_006234,COMPUTER_SCIENCE
PUB_006235,PHYSICS_AND_ASTRONOMY
PUB_006236,ENGINEERING
PUB_006237,MATERIALS_SCIENCE
PUB_006238,COMPUTER_SCIENCE
PUB_006239,ENGINEERING
PUB_006240,ENGINEERING
PUB_006241,MATERIALS_SCIENCE
PUB_006242,PHYSICS_AND_ASTRONOMY
PUB_006243,COMPUTER_SCIENCE
PUB_006244,MATERIALS_SCIENCE
PUB_006245,MATERIALS_SCIENCE
PUB_006246,MATERIALS_SCIENCE
PUB_006247,ENGINEERING
PUB_006248,MATERIALS_SCIENCE
PUB_006249,ENGINEERING
PUB_006250,PHYSICS_AND_ASTRONOMY
PUB_006251,MATERIALS_SCIENCE
PUB_006252,ENGINEERING
PUB_006253,COMPUTER_SCIENCE
PUB_006254,MATERIALS_SCIENCE
PUB_006255,ENGINEERING
PUB_006256,PHYSICS_AND_ASTRONOMY
PUB_006257,MATERIALS_SCIENCE
PUB_006258,ENGINEERING
PUB_006259,MATERIALS_SCIENCE
PUB_006260,MATERIALS_SCIENCE
PUB_006261,ENGINEERING
PUB_006262,ENGINEERING
PUB_006263,PHYSICS_AND_ASTRONOMY
PUB_006264,MATERIALS_SCIENCE
PUB_006265,ENGINEERING
PUB_006266,PHYSICS_AND_ASTRONOMY
PUB_006267,COMPUTER_SCIENCE
PUB_006268,MATERIALS_SCIENCE
PUB_006269,MATERIALS_SCIENCE
PUB_006270,ENGINEERING
PUB_006271,MATERIALS_SCIENCE
PUB_006272,ENGINEERING
PUB_006273,MATERIALS_SCIENCE
PUB_006274,ENGINEERING
PUB_006275,ENGINEERING
PUB_006276,MATERIALS_SCIENCE
PUB_006277,COMPUTER_SCIENCE
PUB_006278,COMPUTER_SCIENCE
PUB_006279,MATERIALS_SCIENCE
PUB_006280,ENGINEERING
PUB_006281,ENGINEERING
PUB_006282,ENGINEERING
PUB_006283,ENGINEERING
PUB_006284,COMPUTER_SCIENCE
PUB_006285,MATERIALS_SCIENCE
PUB_006286,PHYSICS_AND_ASTRONOMY
PUB_006287,ENGINEERING
PUB_006288,MATERIALS_SCIENCE
PUB_006289,ENGINEERING
PUB_006290,ENGINEERING
PUB_006291,ENGINEERING
PUB_006292,ENGINEERING
PUB_006293,ENGINEERING
PUB_006294,ENGINEERING
PUB_006295,MATERIALS_SCIENCE
PUB_006296,MATERIALS_SCIENCE
PUB_006297,COMPUTER_SCIENCE
PUB_006298,ENGINEERING
PUB_006299,COMPUTER_SCIENCE
PUB_006300,MATERIALS_SCIENCE
PUB_006301,ENGINEERING
PUB_006302,ENGINEERING
PUB_006303,COMPUTER_SCIENCE
PUB_006304,ENGINEERING
PUB_006305,ENGINEERING
PUB_006306,ENGINEERING
PUB_006307,COMPUTER_SCIENCE
PUB_006308,COMPUTER_SCIENCE
PUB_006309,PHYSICS_AND_ASTRONOMY
PUB_006310,ENGINEERING
PUB_006311,ENGINEERING
PUB_006312,MATERIALS_SCIENCE
PUB_006313,ENGINEERING
PUB_006314,ENGINEERING
PUB_006315,MATERIALS_SCIENCE
PUB_006316,COMPUTER_SCIENCE
PUB_006317,ENGINEERING
PUB_006318,MATERIALS_SCIENCE
PUB_006319,ENGINEERING
PUB_006320,MATERIALS_SCIENCE
PUB_006321,ENGINEERING
PUB_006322,COMPUTER_SCIENCE
PUB_006323,ENGINEERING
PUB_006324,PHYSICS_AND_ASTRONOMY
PUB_006325,ENGINEERING
PUB_006326,PHYSICS_AND_ASTRONOMY
PUB_006327,ENGINEERING
PUB_006328,COMPUTER_SCIENCE
PUB_006329,COMPUTER_SCIENCE
PUB_006330,ENGINEERING
PUB_006331,COMPUTER_SCIENCE
PUB_006332,PHYSICS_AND_ASTRONOMY
PUB_006333,MATERIALS_SCIENCE
PUB_006334,COMPUTER_SCIENCE
PUB_006335,ENGINEERING
PUB_006336,ENGINEERING
PUB_006337,ENGINEERING
PUB_006338,PHYSICS_AND_ASTRONOMY
PUB_006339,ENGINEERING
PUB_006340,COMPUTER_SCIENCE
PUB_006341,MATERIALS_SCIENCE
PUB_006342,ENGINEERING
PUB_006343,MATERIALS_SCIENCE
PUB_006344,MATERIALS_SCIENCE
PUB_006345,ENGINEERING
PUB_006346,MATERIALS_SCIENCE
PUB_006347,MATERIALS_SCIENCE
PUB_006348,MATERIALS_SCIENCE
PUB_006349,MATERIALS_SCIENCE
PUB_006350,MATERIALS_SCIENCE
PUB_006351,ENGINEERING
PUB_006352,ENGINEERING
PUB_006353,ENGINEERING
PUB_006354,MATERIALS_SCIENCE
PUB_006355,MATERIALS_SCIENCE
PUB_006356,ENGINEERING
PUB_006357,MATERIALS_SCIENCE
PUB_006358,ENGINEERING
PUB_006359,ENGINEERING
PUB_006360,ENGINEERING
PUB_006361,MATERIALS_SCIENCE
PUB_006362,ENGINEERING
PUB_006363,MATERIALS_SCIENCE
PUB_006364,ENGINEERING
PUB_006365,PHYSICS_AND_ASTRONOMY
PUB_006366,ENGINEERING
PUB_006367,ENGINEERING
PUB_006368,COMPUTER_SCIENCE
PUB_006369,MATERIALS_SCIENCE
PUB_006370,ENGINEERING
PUB_006371,MATERIALS_SCIENCE
PUB_006372,ENGINEERING
PUB_006373,MATERIALS_SCIENCE
PUB_006374,ENGINEERING
PUB_006375,ENGINEERING
PUB_006376,ENGINEERING
PUB_006377,COMPUTER_SCIENCE
PUB_006378,ENGINEERING
PUB_006379,ENGINEERING
PUB_006380,MATERIALS_SCIENCE
PUB_006381,ENGINEERING
PUB_006382,COMPUTER_SCIENCE
PUB_006383,PHYSICS_AND_ASTRONOMY
PUB_006384,ENGINEERING
PUB_006385,MATERIALS_SCIENCE
PUB_006386,MATERIALS_SCIENCE
PUB_006387,ENGINEERING
PUB_006388,MATERIALS_SCIENCE
PUB_006389,ENGINEERING
PUB_006390,ENGINEERING
PUB_006391,COMPUTER_SCIENCE
PUB_006392,PHYSICS_AND_ASTRONOMY
PUB_006393,ENGINEERING
PUB_006394,MATERIALS_SCIENCE
PUB_006395,ENGINEERING
PUB_006396,ENGINEERING
PUB_006397,MATERIALS_SCIENCE
PUB_006398,PHYSICS_AND_ASTRONOMY
PUB_006399,ENGINEERING
PUB_006400,ENGINEERING
PUB_006401,MATERIALS_SCIENCE
PUB_006402,PHYSICS_AND_ASTRONOMY
PUB_006403,MATERIALS_SCIENCE
PUB_006404,ENGINEERING
PUB_006405,ENGINEERING
PUB_006406,ENGINEERING
PUB_006407,ENGINEERING
PUB_006408,ENGINEERING
PUB_006409,ENGINEERING
PUB_006410,MATERIALS_SCIENCE
PUB_006411,ENGINEERING
PUB_006412,ENGINEERING
PUB_006413,MATERIALS_SCIENCE
PUB_006414,ENGINEERING
PUB_006415,MATERIALS_SCIENCE
PUB_006416,PHYSICS_AND_ASTRONOMY
PUB_006417,MATERIALS_SCIENCE
PUB_006418,MATERIALS_SCIENCE
PUB_006419,MATERIALS_SCIENCE
PUB_006420,ENGINEERING
PUB_006421,ENGINEERING
PUB_006422,ENGINEERING
PUB_006423,ENGINEERING
PUB_006424,ENGINEERING
PUB_006425,ENGINEERING
PUB_006426,MATERIALS_SCIENCE
PUB_006427,ENGINEERING
PUB_006428,MATERIALS_SCIENCE
PUB_006429,MATERIALS_SCIENCE
PUB_006430,MATERIALS_SCIENCE
PUB_006431,PHYSICS_AND_ASTRONOMY
PUB_006432,ENGINEERING
PUB_006433,PHYSICS_AND_ASTRONOMY
PUB_006434,PHYSICS_AND_ASTRONOMY
PUB_006435,MATERIALS_SCIENCE
PUB_006436,COMPUTER_SCIENCE
PUB_006437,ENGINEERING
PUB_006438,MATERIALS_SCIENCE
PUB_006439,MATERIALS_SCIENCE
PUB_006440,COMPUTER_SCIENCE
PUB_006441,MATERIALS_SCIENCE
PUB_006442,MATERIALS_SCIENCE
PUB_006443,MATERIALS_SCIENCE
PUB_006444,MATERIALS_SCIENCE
PUB_006445,PHYSICS_AND_ASTRONOMY
PUB_006446,MATERIALS_SCIENCE
PUB_006447,ENGINEERING
PUB_006448,COMPUTER_SCIENCE
PUB_006449,COMPUTER_SCIENCE
PUB_006450,ENGINEERING
PUB_006451,MATERIALS_SCIENCE
PUB_006452,MATERIALS_SCIENCE
PUB_006453,MATERIALS_SCIENCE
PUB_006454,ENGINEERING
PUB_006455,MATERIALS_SCIENCE
PUB_006456,MATERIALS_SCIENCE
PUB_006457,MATERIALS_SCIENCE
PUB_006458,ENGINEERING
PUB_006459,MATERIALS_SCIENCE
PUB_006460,COMPUTER_SCIENCE
PUB_006461,COMPUTER_SCIENCE
PUB_006462,ENGINEERING
PUB_006463,MATERIALS_SCIENCE
PUB_006464,ENGINEERING
PUB_006465,PHYSICS_AND_ASTRONOMY
PUB_006466,ENGINEERING
PUB_006467,MATHEMATICS
PUB_006468,COMPUTER_SCIENCE
PUB_006469,PHYSICS_AND_ASTRONOMY
PUB_006470,ENGINEERING
PUB_006471,MATERIALS_SCIENCE
PUB_006472,MATERIALS_SCIENCE
PUB_006473,ENGINEERING
PUB_006474,MATERIALS_SCIENCE
PUB_006475,MATERIALS_SCIENCE
PUB_006476,MATERIALS_SCIENCE
PUB_006477,ENGINEERING
PUB_006478,ENGINEERING
PUB_006479,MATERIALS_SCIENCE
PUB_006480,ENGINEERING
PUB_006481,ENGINEERING
PUB_006482,ENGINEERING
PUB_006483,PHYSICS_AND_ASTRONOMY
PUB_006484,MATERIALS_SCIENCE
PUB_006485,ENGINEERING
PUB_006486,COMPUTER_SCIENCE
PUB_006487,ENGINEERING
PUB_006488,MATERIALS_SCIENCE
PUB_006489,MATERIALS_SCIENCE
PUB_006490,PHYSICS_AND_ASTRONOMY
PUB_006491,ENGINEERING
PUB_006492,ENGINEERING
PUB_006493,ENGINEERING
PUB_006494,PHYSICS_AND_ASTRONOMY
PUB_006495,PHYSICS_AND_ASTRONOMY
PUB_006496,PHYSICS_AND_ASTRONOMY
PUB_006497,ENGINEERING
PUB_006498,ENGINEERING
PUB_006499,MATERIALS_SCIENCE
PUB_006500,ENGINEERING
PUB_006501,ENGINEERING
PUB_006502,COMPUTER_SCIENCE
PUB_006503,MATERIALS_SCIENCE
PUB_006504,ENGINEERING
PUB_006505,PHYSICS_AND_ASTRONOMY
PUB_006506,ENGINEERING
PUB_006507,MATERIALS_SCIENCE
PUB_006508,ENGINEERING
PUB_006509,ENGINEERING
PUB_006510,MATERIALS_SCIENCE
PUB_006511,ENGINEERING
PUB_006512,ENGINEERING
PUB_006513,PHYSICS_AND_ASTRONOMY
PUB_006514,ENGINEERING
PUB_006515,MATERIALS_SCIENCE
PUB_006516,MATERIALS_SCIENCE
PUB_006517,PHYSICS_AND_ASTRONOMY
PUB_006518,COMPUTER_SCIENCE
PUB_006519,COMPUTER_SCIENCE
PUB_006520,MATERIALS_SCIENCE
PUB_006521,ENGINEERING
PUB_006522,MATERIALS_SCIENCE
PUB_006523,ENGINEERING
PUB_006524,COMPUTER_SCIENCE
PUB_006525,MATERIALS_SCIENCE
PUB_006526,ENGINEERING
PUB_006527,ENGINEERING
PUB_006528,ENGINEERING
PUB_006529,MATERIALS_SCIENCE
PUB_006530,ENGINEERING
PUB_006531,ENGINEERING
PUB_006532,COMPUTER_SCIENCE
PUB_006533,ENGINEERING
PUB_006534,ENGINEERING
PUB_006535,ENGINEERING
PUB_006536,ENGINEERING
PUB_006537,COMPUTER_SCIENCE
PUB_006538,PHYSICS_AND_ASTRONOMY
PUB_006539,PHYSICS_AND_ASTRONOMY
PUB_006540,ENGINEERING
PUB_006541,PHYSICS_AND_ASTRONOMY
PUB_006542,ENGINEERING
PUB_006543,MATERIALS_SCIENCE
PUB_006544,ENGINEERING
PUB_006545,ENGINEERING
PUB_006546,MATERIALS_SCIENCE
PUB_006547,ENGINEERING
PUB_006548,MATERIALS_SCIENCE
PUB_006549,PHYSICS_AND_ASTRONOMY
PUB_006550,ENGINEERING
PUB_006551,COMPUTER_SCIENCE
PUB_006552,ENGINEERING
PUB_006553,COMPUTER_SCIENCE
PUB_006554,MATERIALS_SCIENCE
PUB_006555,COMPUTER_SCIENCE
PUB_006556,COMPUTER_SCIENCE
PUB_006557,ENGINEERING
PUB_006558,MATERIALS_SCIENCE
PUB_006559,MATERIALS_SCIENCE
PUB_006560,ENGINEERING
PUB_006561,PHYSICS_AND_ASTRONOMY
PUB_006562,ENGINEERING
PUB_006563,ENGINEERING
PUB_006564,MATERIALS_SCIENCE
PUB_006565,ENGINEERING
PUB_006566,COMPUTER_SCIENCE
PUB_006567,COMPUTER_SCIENCE
PUB_006568,ENGINEERING
PUB_006569,ENGINEERING
PUB_006570,ENGINEERING
PUB_006571,ENGINEERING
PUB_006572,MATERIALS_SCIENCE
PUB_006573,MATERIALS_SCIENCE
PUB_006574,MATHEMATICS
PUB_006575,COMPUTER_SCIENCE
PUB_006576,ENGINEERING
PUB_006577,MATERIALS_SCIENCE
PUB_006578,ENGINEERING
PUB_006579,COMPUTER_SCIENCE
PUB_006580,ENGINEERING
PUB_006581,ENGINEERING
PUB_006582,ENGINEERING
PUB_006583,ENGINEERING
PUB_006584,PHYSICS_AND_ASTRONOMY
PUB_006585,ENGINEERING
PUB_006586,COMPUTER_SCIENCE
PUB_006587,ENGINEERING
PUB_006588,ENGINEERING
PUB_006589,MATERIALS_SCIENCE
PUB_006590,ENGINEERING
PUB_006591,MATERIALS_SCIENCE
PUB_006592,ENGINEERING
PUB_006593,ENGINEERING
PUB_006594,ENGINEERING
PUB_006595,ENGINEERING
PUB_006596,MATERIALS_SCIENCE
PUB_006597,ENGINEERING
PUB_006598,ENGINEERING
PUB_006599,PHYSICS_AND_ASTRONOMY
PUB_006600,ENGINEERING
PUB_006601,MATERIALS_SCIENCE
PUB_006602,PHYSICS_AND_ASTRONOMY
PUB_006603,MATERIALS_SCIENCE
PUB_006604,ENGINEERING
PUB_006605,PHYSICS_AND_ASTRONOMY
PUB_006606,MATERIALS_SCIENCE
PUB_006607,MATERIALS_SCIENCE
PUB_006608,MATERIALS_SCIENCE
PUB_006609,PHYSICS_AND_ASTRONOMY
PUB_006610,ENGINEERING
PUB_006611,ENGINEERING
PUB_006612,COMPUTER_SCIENCE
PUB_006613,ENGINEERING
PUB_006614,ENGINEERING
PUB_006615,MATERIALS_SCIENCE
PUB_006616,PHYSICS_AND_ASTRONOMY
PUB_006617,ENGINEERING
PUB_006618,ENGINEERING
PUB_006619,ENGINEERING
PUB_006620,ENGINEERING
PUB_006621,PHYSICS_AND_ASTRONOMY
PUB_006622,MATERIALS_SCIENCE
PUB_006623,PHYSICS_AND_ASTRONOMY
PUB_006624,MATERIALS_SCIENCE
PUB_006625,ENGINEERING
PUB_006626,COMPUTER_SCIENCE
PUB_006627,ENGINEERING
PUB_006628,PHYSICS_AND_ASTRONOMY
PUB_006629,MATERIALS_SCIENCE
PUB_006630,ENGINEERING
PUB_006631,ENGINEERING
PUB_006632,ENGINEERING
PUB_006633,ENGINEERING
PUB_006634,ENGINEERING
PUB_006635,MATERIALS_SCIENCE
PUB_006636,ENGINEERING
PUB_006637,MATERIALS_SCIENCE
PUB_006638,ENGINEERING
PUB_006639,PHYSICS_AND_ASTRONOMY
PUB_006640,ENGINEERING
PUB_006641,MATERIALS_SCIENCE
PUB_006642,MATERIALS_SCIENCE
PUB_006643,MATERIALS_SCIENCE
PUB_006644,PHYSICS_AND_ASTRONOMY
PUB_006645,ENGINEERING
PUB_006646,ENGINEERING
PUB_006647,MATERIALS_SCIENCE
PUB_006648,MATERIALS_SCIENCE
PUB_006649,ENGINEERING
PUB_006650,ENGINEERING
PUB_006651,MATERIALS_SCIENCE
PUB_006652,MATERIALS_SCIENCE
PUB_006653,MATERIALS_SCIENCE
PUB_006654,MATERIALS_SCIENCE
PUB_006655,ENGINEERING
PUB_006656,MATERIALS_SCIENCE
PUB_006657,ENGINEERING
PUB_006658,ENGINEERING
PUB_006659,COMPUTER_SCIENCE
PUB_006660,ENGINEERING
PUB_006661,COMPUTER_SCIENCE
PUB_006662,MATERIALS_SCIENCE
PUB_006663,ENGINEERING
PUB_006664,MATERIALS_SCIENCE
PUB_006665,ENGINEERING
PUB_006666,PHYSICS_AND_ASTRONOMY
PUB_006667,PHYSICS_AND_ASTRONOMY
PUB_006668,MATERIALS_SCIENCE
PUB_006669,ENGINEERING
PUB_006670,MATERIALS_SCIENCE
PUB_006671,MATERIALS_SCIENCE
PUB_006672,ENGINEERING
PUB_006673,ENGINEERING
PUB_006674,MATERIALS_SCIENCE
PUB_006675,ENGINEERING
PUB_006676,COMPUTER_SCIENCE
PUB_006677,MATERIALS_SCIENCE
PUB_006678,ENGINEERING
PUB_006679,MATERIALS_SCIENCE
PUB_006680,ENGINEERING
PUB_006681,ENGINEERING
PUB_006682,COMPUTER_SCIENCE
PUB_006683,PHYSICS_AND_ASTRONOMY
PUB_006684,ENGINEERING
PUB_006685,ENGINEERING
PUB_006686,ENGINEERING
PUB_006687,COMPUTER_SCIENCE
PUB_006688,ENGINEERING
PUB_006689,ENGINEERING
PUB_006690,ENGINEERING
PUB_006691,ENGINEERING
PUB_006692,ENGINEERING
PUB_006693,ENGINEERING
PUB_006694,MATERIALS_SCIENCE
PUB_006695,MATERIALS_SCIENCE
PUB_006696,PHYSICS_AND_ASTRONOMY
PUB_006697,COMPUTER_SCIENCE
PUB_006698,PHYSICS_AND_ASTRONOMY
PUB_006699,MATERIALS_SCIENCE
PUB_006700,COMPUTER_SCIENCE
PUB_006701,ENGINEERING
PUB_006702,COMPUTER_SCIENCE
PUB_006703,ENGINEERING
PUB_006704,ENGINEERING
PUB_006705,ENGINEERING
PUB_006706,MATHEMATICS
PUB_006707,COMPUTER_SCIENCE
PUB_006708,ENGINEERING
PUB_006709,ENGINEERING
PUB_006710,MATERIALS_SCIENCE
PUB_006711,MATERIALS_SCIENCE
PUB_006712,ENGINEERING
PUB_006713,COMPUTER_SCIENCE
PUB_006714,COMPUTER_SCIENCE
PUB_006715,MATERIALS_SCIENCE
PUB_006716,ENGINEERING
PUB_006717,MATERIALS_SCIENCE
PUB_006718,ENGINEERING
PUB_006719,MATERIALS_SCIENCE
PUB_006720,ENGINEERING
PUB_006721,MATERIALS_SCIENCE
PUB_006722,MATERIALS_SCIENCE
PUB_006723,ENGINEERING
PUB_006724,PHYSICS_AND_ASTRONOMY
PUB_006725,COMPUTER_SCIENCE
PUB_006726,PHYSICS_AND_ASTRONOMY
PUB_006727,MATERIALS_SCIENCE
PUB_006728,ENGINEERING
PUB_006729,MATERIALS_SCIENCE
PUB_006730,ENGINEERING
PUB_006731,MATERIALS_SCIENCE
PUB_006732,ENGINEERING
PUB_006733,MATERIALS_SCIENCE
PUB_006734,MATERIALS_SCIENCE
PUB_006735,MATERIALS_SCIENCE
PUB_006736,PHYSICS_AND_ASTRONOMY
PUB_006737,ENGINEERING
PUB_006738,ENGINEERING
PUB_006739,COMPUTER_SCIENCE
PUB_006740,COMPUTER_SCIENCE
PUB_006741,MATERIALS_SCIENCE
PUB_006742,ENGINEERING
PUB_006743,ENGINEERING
PUB_006744,ENGINEERING
PUB_006745,ENGINEERING
PUB_006746,COMPUTER_SCIENCE
PUB_006747,ENGINEERING
PUB_006748,MATERIALS_SCIENCE
PUB_006749,MATERIALS_SCIENCE
PUB_006750,MATERIALS_SCIENCE
PUB_006751,MATERIALS_SCIENCE
PUB_006752,MATERIALS_SCIENCE
PUB_006753,ENGINEERING
PUB_006754,ENGINEERING
PUB_006755,PHYSICS_AND_ASTRONOMY
PUB_006756,ENGINEERING
PUB_006757,ENGINEERING
PUB_006758,ENGINEERING
PUB_006759,MATERIALS_SCIENCE
PUB_006760,ENGINEERING
PUB_006761,MATERIALS_SCIENCE
PUB_006762,MATERIALS_SCIENCE
PUB_006763,ENGINEERING
PUB_006764,PHYSICS_AND_ASTRONOMY
PUB_006765,MATERIALS_SCIENCE
PUB_006766,ENGINEERING
PUB_006767,ENGINEERING
PUB_006768,MATERIALS_SCIENCE
PUB_006769,ENGINEERING
PUB_006770,MATERIALS_SCIENCE
PUB_006771,PHYSICS_AND_ASTRONOMY
PUB_006772,ENGINEERING
PUB_006773,ENGINEERING
PUB_006774,COMPUTER_SCIENCE
PUB_006775,ENGINEERING
PUB_006776,ENGINEERING
PUB_006777,ENGINEERING
PUB_006778,ENGINEERING
PUB_006779,PHYSICS_AND_ASTRONOMY
PUB_006780,MATERIALS_SCIENCE
PUB_006781,ENGINEERING
PUB_006782,ENGINEERING
PUB_006783,ENGINEERING
PUB_006784,ENGINEERING
PUB_006785,ENGINEERING
PUB_006786,ENGINEERING
PUB_006787,ENGINEERING
PUB_006788,ENGINEERING
PUB_006789,ENGINEERING
PUB_006790,MATERIALS_SCIENCE
PUB_006791,MATERIALS_SCIENCE
PUB_006792,MATERIALS_SCIENCE
PUB_006793,MATERIALS_SCIENCE
PUB_006794,ENGINEERING
PUB_006795,ENGINEERING
PUB_006796,ENGINEERING
PUB_006797,ENGINEERING
PUB_006798,MATERIALS_SCIENCE
PUB_006799,MATERIALS_SCIENCE
PUB_006800,ENGINEERING
PUB_006801,MATERIALS_SCIENCE
PUB_006802,ENGINEERING
PUB_006803,ENGINEERING
PUB_006804,MATHEMATICS
PUB_006805,MATHEMATICS
PUB_006806,ENGINEERING
PUB_006807,ENGINEERING
PUB_006808,ENGINEERING
PUB_006809,ENGINEERING
PUB_006810,ENGINEERING
PUB_006811,ENGINEERING
PUB_006812,COMPUTER_SCIENCE
PUB_006813,ENGINEERING
PUB_006814,ENGINEERING
PUB_006815,ENGINEERING
PUB_006816,MATERIALS_SCIENCE
PUB_006817,ENGINEERING
PUB_006818,COMPUTER_SCIENCE
PUB_006819,MATERIALS_SCIENCE
PUB_006820,MATHEMATICS
PUB_006821,PHYSICS_AND_ASTRONOMY
PUB_006822,MATERIALS_SCIENCE
PUB_006823,ENGINEERING
PUB_006824,PHYSICS_AND_ASTRONOMY
PUB_006825,ENGINEERING
PUB_006826,ENGINEERING
PUB_006827,MATERIALS_SCIENCE
PUB_006828,COMPUTER_SCIENCE
PUB_006829,ENGINEERING
PUB_006830,MATHEMATICS
PUB_006831,ENGINEERING
PUB_006832,ENGINEERING
PUB_006833,PHYSICS_AND_ASTRONOMY
PUB_006834,PHYSICS_AND_ASTRONOMY
PUB_006835,ENGINEERING
PUB_006836,ENGINEERING
PUB_006837,ENGINEERING
PUB_006838,ENGINEERING
PUB_006839,ENGINEERING
PUB_006840,ENGINEERING
PUB_006841,ENGINEERING
PUB_006842,PHYSICS_AND_ASTRONOMY
PUB_006843,PHYSICS_AND_ASTRONOMY
PUB_006844,ENGINEERING
PUB_006845,ENGINEERING
PUB_006846,ENGINEERING
PUB_006847,ENGINEERING
PUB_006848,PHYSICS_AND_ASTRONOMY
PUB_006849,ENGINEERING
PUB_006850,ENGINEERING
PUB_006851,ENGINEERING
PUB_006852,PHYSICS_AND_ASTRONOMY
PUB_006853,COMPUTER_SCIENCE
PUB_006854,COMPUTER_SCIENCE
PUB_006855,ENGINEERING
PUB_006856,MATERIALS_SCIENCE
PUB_006857,MATERIALS_SCIENCE
PUB_006858,ENGINEERING
PUB_006859,COMPUTER_SCIENCE
PUB_006860,ENGINEERING
PUB_006861,ENGINEERING
PUB_006862,ENGINEERING
PUB_006863,COMPUTER_SCIENCE
PUB_006864,MATERIALS_SCIENCE
PUB_006865,MATERIALS_SCIENCE
PUB_006866,ENGINEERING
PUB_006867,MATERIALS_SCIENCE
PUB_006868,ENGINEERING
PUB_006869,PHYSICS_AND_ASTRONOMY
PUB_006870,ENGINEERING
PUB_006871,ENGINEERING
PUB_006872,ENGINEERING
PUB_006873,ENGINEERING
PUB_006874,MATERIALS_SCIENCE
PUB_006875,PHYSICS_AND_ASTRONOMY
PUB_006876,COMPUTER_SCIENCE
PUB_006877,ENGINEERING
PUB_006878,ENGINEERING
PUB_006879,MATERIALS_SCIENCE
PUB_006880,ENGINEERING
PUB_006881,MATHEMATICS
PUB_006882,ENGINEERING
PUB_006883,PHYSICS_AND_ASTRONOMY
PUB_006884,ENGINEERING
PUB_006885,ENGINEERING
PUB_006886,ENGINEERING
PUB_006887,MATHEMATICS
PUB_006888,MATERIALS_SCIENCE
PUB_006889,ENGINEERING
PUB_006890,COMPUTER_SCIENCE
PUB_006891,PHYSICS_AND_ASTRONOMY
PUB_006892,ENGINEERING
PUB_006893,MATERIALS_SCIENCE
PUB_006894,MATERIALS_SCIENCE
PUB_006895,ENGINEERING
PUB_006896,MATERIALS_SCIENCE
PUB_006897,ENGINEERING
PUB_006898,MATHEMATICS
PUB_006899,ENGINEERING
PUB_006900,MATERIALS_SCIENCE
PUB_006901,PHYSICS_AND_ASTRONOMY
PUB_006902,ENGINEERING
PUB_006903,PHYSICS_AND_ASTRONOMY
PUB_006904,ENGINEERING
PUB_006905,ENGINEERING
PUB_006906,ENGINEERING
PUB_006907,ENGINEERING
PUB_006908,ENGINEERING
PUB_006909,ENGINEERING
PUB_006910,ENGINEERING
PUB_006911,MATERIALS_SCIENCE
PUB_006912,PHYSICS_AND_ASTRONOMY
PUB_006913,MATERIALS_SCIENCE
PUB_006914,ENGINEERING
PUB_006915,ENGINEERING
PUB_006916,MATERIALS_SCIENCE
PUB_006917,COMPUTER_SCIENCE
PUB_006918,ENGINEERING
PUB_006919,COMPUTER_SCIENCE
PUB_006920,MATHEMATICS
PUB_006921,ENGINEERING
PUB_006922,PHYSICS_AND_ASTRONOMY
PUB_006923,ENGINEERING
PUB_006924,ENGINEERING
PUB_006925,MATERIALS_SCIENCE
PUB_006926,PHYSICS_AND_ASTRONOMY
PUB_006927,COMPUTER_SCIENCE
PUB_006928,COMPUTER_SCIENCE
PUB_006929,ENGINEERING
PUB_006930,ENGINEERING
PUB_006931,MATERIALS_SCIENCE
PUB_006932,ENGINEERING
PUB_006933,MATHEMATICS
PUB_006934,ENGINEERING
PUB_006935,ENGINEERING
PUB_006936,COMPUTER_SCIENCE
PUB_006937,ENGINEERING
PUB_006938,ENGINEERING
PUB_006939,MATERIALS_SCIENCE
PUB_006940,PHYSICS_AND_ASTRONOMY
PUB_006941,ENGINEERING
PUB_006942,ENGINEERING
PUB_006943,ENGINEERING
PUB_006944,COMPUTER_SCIENCE
PUB_006945,ENGINEERING
PUB_006946,ENGINEERING
PUB_006947,MATERIALS_SCIENCE
PUB_006948,MATHEMATICS
PUB_006949,ENGINEERING
PUB_006950,MATHEMATICS
PUB_006951,ENGINEERING
PUB_006952,COMPUTER_SCIENCE
PUB_006953,MATERIALS_SCIENCE
PUB_006954,PHYSICS_AND_ASTRONOMY
PUB_006955,PHYSICS_AND_ASTRONOMY
PUB_006956,ENGINEERING
PUB_006957,MATERIALS_SCIENCE
PUB_006958,MATERIALS_SCIENCE
PUB_006959,MATERIALS_SCIENCE
PUB_006960,ENGINEERING
PUB_006961,COMPUTER_SCIENCE
PUB_006962,COMPUTER_SCIENCE
PUB_006963,COMPUTER_SCIENCE
PUB_006964,MATHEMATICS
PUB_006965,ENGINEERING
PUB_006966,MATERIALS_SCIENCE
PUB_006967,ENGINEERING
PUB_006968,ENGINEERING
PUB_006969,ENGINEERING
PUB_006970,ENGINEERING
PUB_006971,MATERIALS_SCIENCE
PUB_006972,COMPUTER_SCIENCE
PUB_006973,MATERIALS_SCIENCE
PUB_006974,ENGINEERING
PUB_006975,MATERIALS_SCIENCE
PUB_006976,MATERIALS_SCIENCE
PUB_006977,ENGINEERING
PUB_006978,ENGINEERING
PUB_006979,MATERIALS_SCIENCE
PUB_006980,MATERIALS_SCIENCE
PUB_006981,ENGINEERING
PUB_006982,PHYSICS_AND_ASTRONOMY
PUB_006983,ENGINEERING
PUB_006984,MATERIALS_SCIENCE
PUB_006985,MATERIALS_SCIENCE
PUB_006986,ENGINEERING
PUB_006987,ENGINEERING
PUB_006988,COMPUTER_SCIENCE
PUB_006989,COMPUTER_SCIENCE
PUB_006990,COMPUTER_SCIENCE
PUB_006991,ENGINEERING
PUB_006992,MATERIALS_SCIENCE
PUB_006993,ENGINEERING
PUB_006994,PHYSICS_AND_ASTRONOMY
PUB_006995,MATERIALS_SCIENCE
PUB_006996,ENGINEERING
PUB_006997,COMPUTER_SCIENCE
PUB_006998,COMPUTER_SCIENCE
PUB_006999,ENGINEERING
PUB_007000,ENGINEERING
PUB_007001,ENGINEERING
PUB_007002,ENGINEERING
PUB_007003,ENGINEERING
PUB_007004,MATERIALS_SCIENCE
PUB_007005,MATERIALS_SCIENCE
PUB_007006,MATERIALS_SCIENCE
PUB_007007,ENGINEERING
PUB_007008,MATERIALS_SCIENCE
PUB_007009,MATERIALS_SCIENCE
PUB_007010,ENGINEERING
PUB_007011,COMPUTER_SCIENCE
PUB_007012,ENGINEERING
PUB_007013,MATERIALS_SCIENCE
PUB_007014,PHYSICS_AND_ASTRONOMY
PUB_007015,ENGINEERING
PUB_007016,ENGINEERING
PUB_007017,ENGINEERING
PUB_007018,MATERIALS_SCIENCE
PUB_007019,COMPUTER_SCIENCE
PUB_007020,ENGINEERING
PUB_007021,MATERIALS_SCIENCE
PUB_007022,PHYSICS_AND_ASTRONOMY
PUB_007023,MATHEMATICS
PUB_007024,PHYSICS_AND_ASTRONOMY
PUB_007025,ENGINEERING
PUB_007026,ENGINEERING
PUB_007027,PHYSICS_AND_ASTRONOMY
PUB_007028,COMPUTER_SCIENCE
PUB_007029,ENGINEERING
PUB_007030,ENGINEERING
PUB_007031,ENGINEERING
PUB_007032,PHYSICS_AND_ASTRONOMY
PUB_007033,PHYSICS_AND_ASTRONOMY
PUB_007034,ENGINEERING
PUB_007035,ENGINEERING
PUB_007036,COMPUTER_SCIENCE
PUB_007037,COMPUTER_SCIENCE
PUB_007038,MATERIALS_SCIENCE
PUB_007039,ENGINEERING
PUB_007040,ENGINEERING
PUB_007041,MATERIALS_SCIENCE
PUB_007042,PHYSICS_AND_ASTRONOMY
PUB_007043,ENGINEERING
PUB_007044,ENGINEERING
PUB_007045,ENGINEERING
PUB_007046,ENGINEERING
PUB_007047,MATERIALS_SCIENCE
PUB_007048,ENGINEERING
PUB_007049,ENGINEERING
PUB_007050,ENGINEERING
PUB_007051,ENGINEERING
PUB_007052,ENGINEERING
PUB_007053,ENGINEERING
PUB_007054,ENGINEERING
PUB_007055,MATERIALS_SCIENCE
PUB_007056,ENGINEERING
PUB_007057,PHYSICS_AND_ASTRONOMY
PUB_007058,ENGINEERING
PUB_007059,ENGINEERING
PUB_007060,MATERIALS_SCIENCE
PUB_007061,MATERIALS_SCIENCE
PUB_007062,MATERIALS_SCIENCE
PUB_007063,ENGINEERING
PUB_007064,MATERIALS_SCIENCE
PUB_007065,PHYSICS_AND_ASTRONOMY
PUB_007066,ENGINEERING
PUB_007067,ENGINEERING
PUB_007068,ENGINEERING
PUB_007069,MATHEMATICS
PUB_007070,COMPUTER_SCIENCE
PUB_007071,ENGINEERING
PUB_007072,MATHEMATICS
PUB_007073,ENGINEERING
PUB_007074,MATERIALS_SCIENCE
PUB_007075,ENGINEERING
PUB_007076,ENGINEERING
PUB_007077,ENGINEERING
PUB_007078,ENGINEERING
PUB_007079,ENGINEERING
PUB_007080,PHYSICS_AND_ASTRONOMY
PUB_007081,ENGINEERING
PUB_007082,COMPUTER_SCIENCE
PUB_007083,ENGINEERING
PUB_007084,ENGINEERING
PUB_007085,ENGINEERING
PUB_007086,MATERIALS_SCIENCE
PUB_007087,MATERIALS_SCIENCE
PUB_007088,PHYSICS_AND_ASTRONOMY
PUB_007089,COMPUTER_SCIENCE
PUB_007090,ENGINEERING
PUB_007091,ENGINEERING
PUB_007092,ENGINEERING
PUB_007093,ENGINEERING
PUB_007094,ENGINEERING
PUB_007095,MATERIALS_SCIENCE
PUB_007096,COMPUTER_SCIENCE
PUB_007097,PHYSICS_AND_ASTRONOMY
PUB_007098,ENGINEERING
PUB_007099,MATERIALS_SCIENCE
PUB_007100,ENGINEERING
PUB_007101,COMPUTER_SCIENCE
PUB_007102,ENGINEERING
PUB_007103,ENGINEERING
PUB_007104,MATERIALS_SCIENCE
PUB_007105,ENGINEERING
PUB_007106,ENGINEERING
PUB_007107,COMPUTER_SCIENCE
PUB_007108,COMPUTER_SCIENCE
PUB_007109,ENGINEERING
PUB_007110,COMPUTER_SCIENCE
PUB_007111,COMPUTER_SCIENCE
PUB_007112,ENGINEERING
PUB_007113,ENGINEERING
PUB_007114,ENGINEERING
PUB_007115,ENGINEERING
PUB_007116,PHYSICS_AND_ASTRONOMY
PUB_007117,MATERIALS_SCIENCE
PUB_007118,ENGINEERING
PUB_007119,ENGINEERING
PUB_007120,ENGINEERING
PUB_007121,ENGINEERING
PUB_007122,MATERIALS_SCIENCE
PUB_007123,ENGINEERING
PUB_007124,ENGINEERING
PUB_007125,ENGINEERING
PUB_007126,PHYSICS_AND_ASTRONOMY
PUB_007127,COMPUTER_SCIENCE
PUB_007128,COMPUTER_SCIENCE
PUB_007129,ENGINEERING
PUB_007130,PHYSICS_AND_ASTRONOMY
PUB_007131,ENGINEERING
PUB_007132,ENGINEERING
PUB_007133,PHYSICS_AND_ASTRONOMY
PUB_007134,ENGINEERING
PUB_007135,ENGINEERING
PUB_007136,PHYSICS_AND_ASTRONOMY
PUB_007137,ENGINEERING
PUB_007138,MATERIALS_SCIENCE
PUB_007139,ENGINEERING
PUB_007140,ENGINEERING
PUB_007141,ENGINEERING
PUB_007142,ENGINEERING
PUB_007143,ENGINEERING
PUB_007144,MATHEMATICS
PUB_007145,ENGINEERING
PUB_007146,ENGINEERING
PUB_007147,ENGINEERING
PUB_007148,PHYSICS_AND_ASTRONOMY
PUB_007149,PHYSICS_AND_ASTRONOMY
PUB_007150,MATERIALS_SCIENCE
PUB_007151,ENGINEERING
PUB_007152,ENGINEERING
PUB_007153,ENGINEERING
PUB_007154,MATERIALS_SCIENCE
PUB_007155,MATERIALS_SCIENCE
PUB_007156,ENGINEERING
PUB_007157,ENGINEERING
PUB_007158,PHYSICS_AND_ASTRONOMY
PUB_007159,ENGINEERING
PUB_007160,MATERIALS_SCIENCE
PUB_007161,PHYSICS_AND_ASTRONOMY
PUB_007162,ENGINEERING
PUB_007163,COMPUTER_SCIENCE
PUB_007164,MATERIALS_SCIENCE
PUB_007165,MATERIALS_SCIENCE
PUB_007166,ENGINEERING
PUB_007167,MATERIALS_SCIENCE
PUB_007168,COMPUTER_SCIENCE
PUB_007169,MATERIALS_SCIENCE
PUB_007170,MATERIALS_SCIENCE
PUB_007171,ENGINEERING
PUB_007172,COMPUTER_SCIENCE
PUB_007173,COMPUTER_SCIENCE
PUB_007174,COMPUTER_SCIENCE
PUB_007175,ENGINEERING
PUB_007176,ENGINEERING
PUB_007177,COMPUTER_SCIENCE
PUB_007178,MATERIALS_SCIENCE
PUB_007179,ENGINEERING
PUB_007180,COMPUTER_SCIENCE
PUB_007181,PHYSICS_AND_ASTRONOMY
PUB_007182,MATERIALS_SCIENCE
PUB_007183,ENGINEERING
PUB_007184,MATERIALS_SCIENCE
PUB_007185,COMPUTER_SCIENCE
PUB_007186,MATERIALS_SCIENCE
PUB_007187,ENGINEERING
PUB_007188,PHYSICS_AND_ASTRONOMY
PUB_007189,ENGINEERING
PUB_007190,ENGINEERING
PUB_007191,ENGINEERING
PUB_007192,ENGINEERING
PUB_007193,ENGINEERING
PUB_007194,ENGINEERING
PUB_007195,ENGINEERING
PUB_007196,ENGINEERING
PUB_007197,ENGINEERING
PUB_007198,MATERIALS_SCIENCE
PUB_007199,ENGINEERING
PUB_007200,ENGINEERING
PUB_007201,MATHEMATICS
PUB_007202,PHYSICS_AND_ASTRONOMY
PUB_007203,ENGINEERING
PUB_007204,ENGINEERING
PUB_007205,ENGINEERING
PUB_007206,COMPUTER_SCIENCE
PUB_007207,ENGINEERING
PUB_007208,PHYSICS_AND_ASTRONOMY
PUB_007209,COMPUTER_SCIENCE
PUB_007210,ENGINEERING
PUB_007211,ENGINEERING
PUB_007212,ENGINEERING
PUB_007213,ENGINEERING
PUB_007214,MATERIALS_SCIENCE
PUB_007215,ENGINEERING
PUB_007216,MATERIALS_SCIENCE
PUB_007217,MATERIALS_SCIENCE
PUB_007218,COMPUTER_SCIENCE
PUB_007219,COMPUTER_SCIENCE
PUB_007220,ENGINEERING
PUB_007221,ENGINEERING
PUB_007222,ENGINEERING
PUB_007223,ENGINEERING
PUB_007224,MATERIALS_SCIENCE
PUB_007225,ENGINEERING
PUB_007226,ENGINEERING
PUB_007227,ENGINEERING
PUB_007228,MATERIALS_SCIENCE
PUB_007229,ENGINEERING
PUB_007230,PHYSICS_AND_ASTRONOMY
PUB_007231,MATERIALS_SCIENCE
PUB_007232,PHYSICS_AND_ASTRONOMY
PUB_007233,PHYSICS_AND_ASTRONOMY
PUB_007234,ENGINEERING
PUB_007235,MATHEMATICS
PUB_007236,ENGINEERING
PUB_007237,PHYSICS_AND_ASTRONOMY
PUB_007238,PHYSICS_AND_ASTRONOMY
PUB_007239,ENGINEERING
PUB_007240,COMPUTER_SCIENCE
PUB_007241,COMPUTER_SCIENCE
PUB_007242,ENGINEERING
PUB_007243,ENGINEERING
PUB_007244,ENGINEERING
PUB_007245,ENGINEERING
PUB_007246,ENGINEERING
PUB_007247,ENGINEERING
PUB_007248,ENGINEERING
PUB_007249,COMPUTER_SCIENCE
PUB_007250,ENGINEERING
PUB_007251,PHYSICS_AND_ASTRONOMY
PUB_007252,ENGINEERING
PUB_007253,MATERIALS_SCIENCE
PUB_007254,ENGINEERING
PUB_007255,MATERIALS_SCIENCE
PUB_007256,PHYSICS_AND_ASTRONOMY
PUB_007257,ENGINEERING
PUB_007258,COMPUTER_SCIENCE
PUB_007259,MATERIALS_SCIENCE
PUB_007260,MATHEMATICS
PUB_007261,PHYSICS_AND_ASTRONOMY
PUB_007262,MATERIALS_SCIENCE
PUB_007263,COMPUTER_SCIENCE
PUB_007264,ENGINEERING
PUB_007265,COMPUTER_SCIENCE
PUB_007266,COMPUTER_SCIENCE
PUB_007267,MATERIALS_SCIENCE
PUB_007268,COMPUTER_SCIENCE
PUB_007269,COMPUTER_SCIENCE
PUB_007270,ENGINEERING
PUB_007271,ENGINEERING
PUB_007272,MATERIALS_SCIENCE
PUB_007273,ENGINEERING
PUB_007274,ENGINEERING
PUB_007275,ENGINEERING
PUB_007276,ENGINEERING
PUB_007277,PHYSICS_AND_ASTRONOMY
PUB_007278,ENGINEERING
PUB_007279,ENGINEERING
PUB_007280,ENGINEERING
PUB_007281,ENGINEERING
PUB_007282,MATHEMATICS
PUB_007283,ENGINEERING
PUB_007284,ENGINEERING
PUB_007285,MATERIALS_SCIENCE
PUB_007286,COMPUTER_SCIENCE
PUB_007287,COMPUTER_SCIENCE
PUB_007288,MATERIALS_SCIENCE
PUB_007289,ENGINEERING
PUB_007290,MATHEMATICS
PUB_007291,COMPUTER_SCIENCE
PUB_007292,COMPUTER_SCIENCE
PUB_007293,MATERIALS_SCIENCE
PUB_007294,PHYSICS_AND_ASTRONOMY
PUB_007295,MATERIALS_SCIENCE
PUB_007296,COMPUTER_SCIENCE
PUB_007297,MATHEMATICS
PUB_007298,ENGINEERING
PUB_007299,PHYSICS_AND_ASTRONOMY
PUB_007300,COMPUTER_SCIENCE
PUB_007301,MATERIALS_SCIENCE
PUB_007302,ENGINEERING
PUB_007303,MATHEMATICS
PUB_007304,ENGINEERING
PUB_007305,ENGINEERING
PUB_007306,MATHEMATICS
PUB_007307,MATERIALS_SCIENCE
PUB_007308,ENGINEERING
PUB_007309,ENGINEERING
PUB_007310,ENGINEERING
PUB_007311,MATERIALS_SCIENCE
PUB_007312,MATERIALS_SCIENCE
PUB_007313,ENGINEERING
PUB_007314,COMPUTER_SCIENCE
PUB_007315,ENGINEERING
PUB_007316,ENGINEERING
PUB_007317,ENGINEERING
PUB_007318,PHYSICS_AND_ASTRONOMY
PUB_007319,ENGINEERING
PUB_007320,COMPUTER_SCIENCE
PUB_007321,ENGINEERING
PUB_007322,ENGINEERING
PUB_007323,MATERIALS_SCIENCE
PUB_007324,MATERIALS_SCIENCE
PUB_007325,PHYSICS_AND_ASTRONOMY
PUB_007326,ENGINEERING
PUB_007327,MATHEMATICS
PUB_007328,ENGINEERING
PUB_007329,COMPUTER_SCIENCE
PUB_007330,PHYSICS_AND_ASTRONOMY
PUB_007331,ENGINEERING
PUB_007332,ENGINEERING
PUB_007333,COMPUTER_SCIENCE
PUB_007334,MATERIALS_SCIENCE
PUB_007335,COMPUTER_SCIENCE
PUB_007336,ENGINEERING
PUB_007337,ENGINEERING
PUB_007338,PHYSICS_AND_ASTRONOMY
PUB_007339,ENGINEERING
PUB_007340,ENGINEERING
PUB_007341,MATERIALS_SCIENCE
PUB_007342,ENGINEERING
PUB_007343,COMPUTER_SCIENCE
PUB_007344,MATERIALS_SCIENCE
PUB_007345,MATERIALS_SCIENCE
PUB_007346,ENGINEERING
PUB_007347,MATHEMATICS
PUB_007348,PHYSICS_AND_ASTRONOMY
PUB_007349,MATERIALS_SCIENCE
PUB_007350,ENGINEERING
PUB_007351,ENGINEERING
PUB_007352,ENGINEERING
PUB_007353,PHYSICS_AND_ASTRONOMY
PUB_007354,ENGINEERING
PUB_007355,MATHEMATICS
PUB_007356,COMPUTER_SCIENCE
PUB_007357,ENGINEERING
PUB_007358,MATHEMATICS
PUB_007359,ENGINEERING
PUB_007360,MATERIALS_SCIENCE
PUB_007361,COMPUTER_SCIENCE
PUB_007362,ENGINEERING
PUB_007363,PHYSICS_AND_ASTRONOMY
PUB_007364,ENGINEERING
PUB_007365,PHYSICS_AND_ASTRONOMY
PUB_007366,ENGINEERING
PUB_007367,ENGINEERING
PUB_007368,ENGINEERING
PUB_007369,ENGINEERING
PUB_007370,ENGINEERING
PUB_007371,PHYSICS_AND_ASTRONOMY
PUB_007372,COMPUTER_SCIENCE
PUB_007373,ENGINEERING
PUB_007374,MATERIALS_SCIENCE
PUB_007375,COMPUTER_SCIENCE
PUB_007376,ENGINEERING
PUB_007377,ENGINEERING
PUB_007378,MATERIALS_SCIENCE
PUB_007379,COMPUTER_SCIENCE
PUB_007380,ENGINEERING
PUB_007381,MATERIALS_SCIENCE
PUB_007382,COMPUTER_SCIENCE
PUB_007383,ENGINEERING
PUB_007384,ENGINEERING
PUB_007385,ENGINEERING
PUB_007386,MATHEMATICS
PUB_007387,MATHEMATICS
PUB_007388,MATHEMATICS
PUB_007389,ENGINEERING
PUB_007390,PHYSICS_AND_ASTRONOMY
PUB_007391,MATERIALS_SCIENCE
PUB_007392,MATERIALS_SCIENCE
PUB_007393,MATERIALS_SCIENCE
PUB_007394,MATERIALS_SCIENCE
PUB_007395,MATERIALS_SCIENCE
PUB_007396,COMPUTER_SCIENCE
PUB_007397,ENGINEERING
PUB_007398,ENGINEERING
PUB_007399,MATERIALS_SCIENCE
PUB_007400,PHYSICS_AND_ASTRONOMY
PUB_007401,ENGINEERING
PUB_007402,ENGINEERING
PUB_007403,ENGINEERING
PUB_007404,ENGINEERING
PUB_007405,COMPUTER_SCIENCE
PUB_007406,ENGINEERING
PUB_007407,ENGINEERING
PUB_007408,ENGINEERING
PUB_007409,PHYSICS_AND_ASTRONOMY
PUB_007410,MATERIALS_SCIENCE
PUB_007411,ENGINEERING
PUB_007412,MATERIALS_SCIENCE
PUB_007413,MATERIALS_SCIENCE
PUB_007414,ENGINEERING
PUB_007415,ENGINEERING
PUB_007416,COMPUTER_SCIENCE
PUB_007417,ENGINEERING
PUB_007418,ENGINEERING
PUB_007419,ENGINEERING
PUB_007420,ENGINEERING
PUB_007421,COMPUTER_SCIENCE
PUB_007422,ENGINEERING
PUB_007423,MATERIALS_SCIENCE
PUB_007424,ENGINEERING
PUB_007425,ENGINEERING
PUB_007426,MATERIALS_SCIENCE
PUB_007427,ENGINEERING
PUB_007428,ENGINEERING
PUB_007429,MATERIALS_SCIENCE
PUB_007430,COMPUTER_SCIENCE
PUB_007431,PHYSICS_AND_ASTRONOMY
PUB_007432,COMPUTER_SCIENCE
PUB_007433,ENGINEERING
PUB_007434,COMPUTER_SCIENCE
PUB_007435,ENGINEERING
PUB_007436,ENGINEERING
PUB_007437,MATERIALS_SCIENCE
PUB_007438,MATERIALS_SCIENCE
PUB_007439,MATHEMATICS
PUB_007440,ENGINEERING
PUB_007441,PHYSICS_AND_ASTRONOMY
PUB_007442,ENGINEERING
PUB_007443,MATERIALS_SCIENCE
PUB_007444,ENGINEERING
PUB_007445,PHYSICS_AND_ASTRONOMY
PUB_007446,PHYSICS_AND_ASTRONOMY
PUB_007447,MATERIALS_SCIENCE
PUB_007448,ENGINEERING
PUB_007449,MATERIALS_SCIENCE
PUB_007450,ENGINEERING
PUB_007451,MATERIALS_SCIENCE
PUB_007452,COMPUTER_SCIENCE
PUB_007453,ENGINEERING
PUB_007454,MATHEMATICS
PUB_007455,PHYSICS_AND_ASTRONOMY
PUB_007456,ENGINEERING
PUB_007457,ENGINEERING
PUB_007458,COMPUTER_SCIENCE
PUB_007459,COMPUTER_SCIENCE
PUB_007460,COMPUTER_SCIENCE
PUB_007461,COMPUTER_SCIENCE
PUB_007462,COMPUTER_SCIENCE
PUB_007463,PHYSICS_AND_ASTRONOMY
PUB_007464,MATHEMATICS
PUB_007465,PHYSICS_AND_ASTRONOMY
PUB_007466,COMPUTER_SCIENCE
PUB_007467,PHYSICS_AND_ASTRONOMY
PUB_007468,COMPUTER_SCIENCE
PUB_007469,ENGINEERING
PUB_007470,ENGINEERING
PUB_007471,COMPUTER_SCIENCE
PUB_007472,PHYSICS_AND_ASTRONOMY
PUB_007473,ENGINEERING
PUB_007474,COMPUTER_SCIENCE
PUB_007475,PHYSICS_AND_ASTRONOMY
PUB_007476,ENGINEERING
PUB_007477,ENGINEERING
PUB_007478,ENGINEERING
PUB_007479,ENGINEERING
PUB_007480,COMPUTER_SCIENCE
PUB_007481,COMPUTER_SCIENCE
PUB_007482,COMPUTER_SCIENCE
PUB_007483,ENGINEERING
PUB_007484,ENGINEERING
PUB_007485,ENGINEERING
PUB_007486,COMPUTER_SCIENCE
PUB_007487,COMPUTER_SCIENCE
PUB_007488,ENGINEERING
PUB_007489,ENGINEERING
PUB_007490,PHYSICS_AND_ASTRONOMY
PUB_007491,COMPUTER_SCIENCE
PUB_007492,PHYSICS_AND_ASTRONOMY
PUB_007493,ENGINEERING
PUB_007494,ENGINEERING
PUB_007495,COMPUTER_SCIENCE
PUB_007496,ENGINEERING
PUB_007497,PHYSICS_AND_ASTRONOMY
PUB_007498,ENGINEERING
PUB_007499,MATERIALS_SCIENCE
PUB_007500,ENGINEERING
PUB_007501,ENGINEERING
PUB_007502,ENGINEERING
PUB_007503,MATERIALS_SCIENCE
PUB_007504,ENGINEERING
PUB_007505,ENGINEERING
PUB_007506,COMPUTER_SCIENCE
PUB_007507,ENGINEERING
PUB_007508,PHYSICS_AND_ASTRONOMY
PUB_007509,ENGINEERING
PUB_007510,COMPUTER_SCIENCE
PUB_007511,ENGINEERING
PUB_007512,ENGINEERING
PUB_007513,ENGINEERING
PUB_007514,MATERIALS_SCIENCE
PUB_007515,ENGINEERING
PUB_007516,MATERIALS_SCIENCE
PUB_007517,ENGINEERING
PUB_007518,COMPUTER_SCIENCE
PUB_007519,PHYSICS_AND_ASTRONOMY
PUB_007520,PHYSICS_AND_ASTRONOMY
PUB_007521,ENGINEERING
PUB_007522,MATERIALS_SCIENCE
PUB_007523,COMPUTER_SCIENCE
PUB_007524,COMPUTER_SCIENCE
PUB_007525,COMPUTER_SCIENCE
PUB_007526,ENGINEERING
PUB_007527,PHYSICS_AND_ASTRONOMY
PUB_007528,COMPUTER_SCIENCE
PUB_007529,ENGINEERING
PUB_007530,ENGINEERING
PUB_007531,ENGINEERING
PUB_007532,COMPUTER_SCIENCE
PUB_007533,COMPUTER_SCIENCE
PUB_007534,MATERIALS_SCIENCE
PUB_007535,ENGINEERING
PUB_007536,PHYSICS_AND_ASTRONOMY
PUB_007537,ENGINEERING
PUB_007538,ENGINEERING
PUB_007539,PHYSICS_AND_ASTRONOMY
PUB_007540,ENGINEERING
PUB_007541,ENGINEERING
PUB_007542,ENGINEERING
PUB_007543,MATERIALS_SCIENCE
PUB_007544,ENGINEERING
PUB_007545,ENGINEERING
PUB_007546,MATHEMATICS
PUB_007547,ENGINEERING
PUB_007548,MATHEMATICS
PUB_007549,ENGINEERING
PUB_007550,MATERIALS_SCIENCE
PUB_007551,COMPUTER_SCIENCE
PUB_007552,ENGINEERING
PUB_007553,MATERIALS_SCIENCE
PUB_007554,ENGINEERING
PUB_007555,ENGINEERING
PUB_007556,ENGINEERING
PUB_007557,MATERIALS_SCIENCE
PUB_007558,ENGINEERING
PUB_007559,PHYSICS_AND_ASTRONOMY
PUB_007560,ENGINEERING
PUB_007561,ENGINEERING
PUB_007562,ENGINEERING
PUB_007563,MATERIALS_SCIENCE
PUB_007564,COMPUTER_SCIENCE
PUB_007565,COMPUTER_SCIENCE
PUB_007566,ENGINEERING
PUB_007567,MATHEMATICS
PUB_007568,COMPUTER_SCIENCE
PUB_007569,ENGINEERING
PUB_007570,MATHEMATICS
PUB_007571,ENGINEERING
PUB_007572,MATERIALS_SCIENCE
PUB_007573,ENGINEERING
PUB_007574,ENGINEERING
PUB_007575,ENGINEERING
PUB_007576,ENGINEERING
PUB_007577,MATERIALS_SCIENCE
PUB_007578,COMPUTER_SCIENCE
PUB_007579,PHYSICS_AND_ASTRONOMY
PUB_007580,ENGINEERING
PUB_007581,COMPUTER_SCIENCE
PUB_007582,ENGINEERING
PUB_007583,MATERIALS_SCIENCE
PUB_007584,COMPUTER_SCIENCE
PUB_007585,ENGINEERING
PUB_007586,ENGINEERING
PUB_007587,COMPUTER_SCIENCE
PUB_007588,ENGINEERING
PUB_007589,MATHEMATICS
PUB_007590,ENGINEERING
PUB_007591,ENGINEERING
PUB_007592,ENGINEERING
PUB_007593,COMPUTER_SCIENCE
PUB_007594,ENGINEERING
PUB_007595,PHYSICS_AND_ASTRONOMY
PUB_007596,PHYSICS_AND_ASTRONOMY
PUB_007597,ENGINEERING
PUB_007598,ENGINEERING
PUB_007599,ENGINEERING
PUB_007600,ENGINEERING
PUB_007601,ENGINEERING
PUB_007602,ENGINEERING
PUB_007603,ENGINEERING
PUB_007604,ENGINEERING
PUB_007605,ENGINEERING
PUB_007606,ENGINEERING
PUB_007607,ENGINEERING
PUB_007608,ENGINEERING
PUB_007609,ENGINEERING
PUB_007610,MATERIALS_SCIENCE
PUB_007611,MATERIALS_SCIENCE
PUB_007612,ENGINEERING
PUB_007613,ENGINEERING
PUB_007614,MATERIALS_SCIENCE
PUB_007615,COMPUTER_SCIENCE
PUB_007616,ENGINEERING
PUB_007617,MATHEMATICS
PUB_007618,MATHEMATICS
PUB_007619,ENGINEERING
PUB_007620,MATERIALS_SCIENCE
PUB_007621,ENGINEERING
PUB_007622,ENGINEERING
PUB_007623,ENGINEERING
PUB_007624,MATERIALS_SCIENCE
PUB_007625,MATERIALS_SCIENCE
PUB_007626,ENGINEERING
PUB_007627,ENGINEERING
PUB_007628,COMPUTER_SCIENCE
PUB_007629,ENGINEERING
PUB_007630,ENGINEERING
PUB_007631,ENGINEERING
PUB_007632,ENGINEERING
PUB_007633,ENGINEERING
PUB_007634,ENGINEERING
PUB_007635,COMPUTER_SCIENCE
PUB_007636,MATHEMATICS
PUB_007637,MATHEMATICS
PUB_007638,PHYSICS_AND_ASTRONOMY
PUB_007639,MATHEMATICS
PUB_007640,COMPUTER_SCIENCE
PUB_007641,ENGINEERING
PUB_007642,MATHEMATICS
PUB_007643,ENGINEERING
PUB_007644,ENGINEERING
PUB_007645,COMPUTER_SCIENCE
PUB_007646,ENGINEERING
PUB_007647,COMPUTER_SCIENCE
PUB_007648,MATERIALS_SCIENCE
PUB_007649,ENGINEERING
PUB_007650,PHYSICS_AND_ASTRONOMY
PUB_007651,PHYSICS_AND_ASTRONOMY
PUB_007652,ENGINEERING
PUB_007653,ENGINEERING
PUB_007654,COMPUTER_SCIENCE
PUB_007655,MATERIALS_SCIENCE
PUB_007656,ENGINEERING
PUB_007657,COMPUTER_SCIENCE
PUB_007658,PHYSICS_AND_ASTRONOMY
PUB_007659,ENGINEERING
PUB_007660,COMPUTER_SCIENCE
PUB_007661,COMPUTER_SCIENCE
PUB_007662,PHYSICS_AND_ASTRONOMY
PUB_007663,ENGINEERING
PUB_007664,PHYSICS_AND_ASTRONOMY
PUB_007665,ENGINEERING
PUB_007666,MATHEMATICS
PUB_007667,MATHEMATICS
PUB_007668,MATHEMATICS
PUB_007669,MATHEMATICS
PUB_007670,PHYSICS_AND_ASTRONOMY
PUB_007671,ENGINEERING
PUB_007672,ENGINEERING
PUB_007673,MATHEMATICS
PUB_007674,ENGINEERING
PUB_007675,COMPUTER_SCIENCE
PUB_007676,PHYSICS_AND_ASTRONOMY
PUB_007677,ENGINEERING
PUB_007678,ENGINEERING
PUB_007679,ENGINEERING
PUB_007680,ENGINEERING
PUB_007681,ENGINEERING
PUB_007682,PHYSICS_AND_ASTRONOMY
PUB_007683,ENGINEERING
PUB_007684,PHYSICS_AND_ASTRONOMY
PUB_007685,ENGINEERING
PUB_007686,ENGINEERING
PUB_007687,COMPUTER_SCIENCE
PUB_007688,PHYSICS_AND_ASTRONOMY
PUB_007689,ENGINEERING
PUB_007690,MATERIALS_SCIENCE
PUB_007691,ENGINEERING
PUB_007692,PHYSICS_AND_ASTRONOMY
PUB_007693,COMPUTER_SCIENCE
PUB_007694,PHYSICS_AND_ASTRONOMY
PUB_007695,ENGINEERING
PUB_007696,COMPUTER_SCIENCE
PUB_007697,COMPUTER_SCIENCE
PUB_007698,MATHEMATICS
PUB_007699,ENGINEERING
PUB_007700,ENGINEERING
PUB_007701,ENGINEERING
PUB_007702,ENGINEERING
PUB_007703,MATERIALS_SCIENCE
PUB_007704,ENGINEERING
PUB_007705,ENGINEERING
PUB_007706,ENGINEERING
PUB_007707,ENGINEERING
PUB_007708,ENGINEERING
PUB_007709,ENGINEERING
PUB_007710,ENGINEERING
PUB_007711,ENGINEERING
PUB_007712,PHYSICS_AND_ASTRONOMY
PUB_007713,MATERIALS_SCIENCE
PUB_007714,ENGINEERING
PUB_007715,MATERIALS_SCIENCE
PUB_007716,COMPUTER_SCIENCE
PUB_007717,ENGINEERING
PUB_007718,COMPUTER_SCIENCE
PUB_007719,COMPUTER_SCIENCE
PUB_007720,ENGINEERING
PUB_007721,COMPUTER_SCIENCE
PUB_007722,ENGINEERING
PUB_007723,COMPUTER_SCIENCE
PUB_007724,ENGINEERING
PUB_007725,ENGINEERING
PUB_007726,COMPUTER_SCIENCE
PUB_007727,ENGINEERING
PUB_007728,MATHEMATICS
PUB_007729,MATHEMATICS
PUB_007730,PHYSICS_AND_ASTRONOMY
PUB_007731,COMPUTER_SCIENCE
PUB_007732,MATHEMATICS
PUB_007733,MATHEMATICS
PUB_007734,ENGINEERING
PUB_007735,ENGINEERING
PUB_007736,ENGINEERING
PUB_007737,PHYSICS_AND_ASTRONOMY
PUB_007738,ENGINEERING
PUB_007739,COMPUTER_SCIENCE
PUB_007740,COMPUTER_SCIENCE
PUB_007741,MATHEMATICS
PUB_007742,PHYSICS_AND_ASTRONOMY
PUB_007743,ENGINEERING
PUB_007744,COMPUTER_SCIENCE
PUB_007745,ENGINEERING
PUB_007746,MATERIALS_SCIENCE
PUB_007747,COMPUTER_SCIENCE
PUB_007748,ENGINEERING
PUB_007749,ENGINEERING
PUB_007750,MATERIALS_SCIENCE
PUB_007751,ENGINEERING
PUB_007752,COMPUTER_SCIENCE
PUB_007753,ENGINEERING
PUB_007754,ENGINEERING
PUB_007755,MATERIALS_SCIENCE
PUB_007756,ENGINEERING
PUB_007757,MATERIALS_SCIENCE
PUB_007758,MATHEMATICS
PUB_007759,ENGINEERING
PUB_007760,MATERIALS_SCIENCE
PUB_007761,ENGINEERING
PUB_007762,ENGINEERING
PUB_007763,ENGINEERING
PUB_007764,PHYSICS_AND_ASTRONOMY
PUB_007765,MATHEMATICS
PUB_007766,ENGINEERING
PUB_007767,ENGINEERING
PUB_007768,COMPUTER_SCIENCE
PUB_007769,ENGINEERING
PUB_007770,ENGINEERING
PUB_007771,ENGINEERING
PUB_007772,ENGINEERING
PUB_007773,ENGINEERING
PUB_007774,ENGINEERING
PUB_007775,ENGINEERING
PUB_007776,ENGINEERING
PUB_007777,ENGINEERING
PUB_007778,ENGINEERING
PUB_007779,ENGINEERING
PUB_007780,MATHEMATICS
PUB_007781,COMPUTER_SCIENCE
PUB_007782,MATERIALS_SCIENCE
PUB_007783,COMPUTER_SCIENCE
PUB_007784,ENGINEERING
PUB_007785,MATERIALS_SCIENCE
PUB_007786,ENGINEERING
PUB_007787,PHYSICS_AND_ASTRONOMY
PUB_007788,PHYSICS_AND_ASTRONOMY
PUB_007789,ENGINEERING
PUB_007790,COMPUTER_SCIENCE
PUB_007791,MATERIALS_SCIENCE
PUB_007792,MATHEMATICS
PUB_007793,COMPUTER_SCIENCE
PUB_007794,ENGINEERING
PUB_007795,ENGINEERING
PUB_007796,ENGINEERING
PUB_007797,MATERIALS_SCIENCE
PUB_007798,MATHEMATICS
PUB_007799,ENGINEERING
PUB_007800,ENGINEERING
PUB_007801,ENGINEERING
PUB_007802,ENGINEERING
PUB_007803,COMPUTER_SCIENCE
PUB_007804,MATHEMATICS
PUB_007805,COMPUTER_SCIENCE
PUB_007806,MATHEMATICS
PUB_007807,ENGINEERING
PUB_007808,COMPUTER_SCIENCE
PUB_007809,ENGINEERING
PUB_007810,COMPUTER_SCIENCE
PUB_007811,ENGINEERING
PUB_007812,ENGINEERING
PUB_007813,ENGINEERING
PUB_007814,ENGINEERING
PUB_007815,MATERIALS_SCIENCE
PUB_007816,COMPUTER_SCIENCE
PUB_007817,ENGINEERING
PUB_007818,ENGINEERING
PUB_007819,ENGINEERING
PUB_007820,ENGINEERING
PUB_007821,ENGINEERING
PUB_007822,ENGINEERING
PUB_007823,COMPUTER_SCIENCE
PUB_007824,ENGINEERING
PUB_007825,PHYSICS_AND_ASTRONOMY
PUB_007826,COMPUTER_SCIENCE
PUB_007827,ENGINEERING
PUB_007828,ENGINEERING
PUB_007829,ENGINEERING
PUB_007830,COMPUTER_SCIENCE
PUB_007831,ENGINEERING
PUB_007832,ENGINEERING
PUB_007833,MATERIALS_SCIENCE
PUB_007834,COMPUTER_SCIENCE
PUB_007835,ENGINEERING
PUB_007836,ENGINEERING
PUB_007837,ENGINEERING
PUB_007838,MATHEMATICS
PUB_007839,MATHEMATICS
PUB_007840,MATHEMATICS
PUB_007841,COMPUTER_SCIENCE
PUB_007842,MATHEMATICS
PUB_007843,ENGINEERING
PUB_007844,COMPUTER_SCIENCE
PUB_007845,COMPUTER_SCIENCE
PUB_007846,ENGINEERING
PUB_007847,COMPUTER_SCIENCE
PUB_007848,COMPUTER_SCIENCE
PUB_007849,ENGINEERING
PUB_007850,COMPUTER_SCIENCE
PUB_007851,ENGINEERING
PUB_007852,ENGINEERING
PUB_007853,ENGINEERING
PUB_007854,COMPUTER_SCIENCE
PUB_007855,ENGINEERING
PUB_007856,ENGINEERING
PUB_007857,ENGINEERING
PUB_007858,ENGINEERING
PUB_007859,MATERIALS_SCIENCE
PUB_007860,MATERIALS_SCIENCE
PUB_007861,ENGINEERING
PUB_007862,MATERIALS_SCIENCE
PUB_007863,MATERIALS_SCIENCE
PUB_007864,ENGINEERING
PUB_007865,ENGINEERING
PUB_007866,ENGINEERING
PUB_007867,ENGINEERING
PUB_007868,ENGINEERING
PUB_007869,ENGINEERING
PUB_007870,ENGINEERING
PUB_007871,ENGINEERING
PUB_007872,ENGINEERING
PUB_007873,ENGINEERING
PUB_007874,ENGINEERING
PUB_007875,ENGINEERING
PUB_007876,MATERIALS_SCIENCE
PUB_007877,ENGINEERING
PUB_007878,COMPUTER_SCIENCE
PUB_007879,PHYSICS_AND_ASTRONOMY
PUB_007880,ENGINEERING
PUB_007881,MATERIALS_SCIENCE
PUB_007882,MATERIALS_SCIENCE
PUB_007883,ENGINEERING
PUB_007884,ENGINEERING
PUB_007885,ENGINEERING
PUB_007886,COMPUTER_SCIENCE
PUB_007887,ENGINEERING
PUB_007888,PHYSICS_AND_ASTRONOMY
PUB_007889,ENGINEERING
PUB_007890,ENGINEERING
PUB_007891,MATERIALS_SCIENCE
PUB_007892,ENGINEERING
PUB_007893,MATERIALS_SCIENCE
PUB_007894,ENGINEERING
PUB_007895,ENGINEERING
PUB_007896,MATERIALS_SCIENCE
PUB_007897,COMPUTER_SCIENCE
PUB_007898,ENGINEERING
PUB_007899,ENGINEERING
PUB_007900,PHYSICS_AND_ASTRONOMY
PUB_007901,ENGINEERING
PUB_007902,COMPUTER_SCIENCE
PUB_007903,ENGINEERING
PUB_007904,ENGINEERING
PUB_007905,ENGINEERING
PUB_007906,PHYSICS_AND_ASTRONOMY
PUB_007907,ENGINEERING
PUB_007908,COMPUTER_SCIENCE
PUB_007909,COMPUTER_SCIENCE
PUB_007910,ENGINEERING
PUB_007911,ENGINEERING
PUB_007912,COMPUTER_SCIENCE
PUB_007913,ENGINEERING
PUB_007914,MATHEMATICS
PUB_007915,ENGINEERING
PUB_007916,ENGINEERING
PUB_007917,ENGINEERING
PUB_007918,MATERIALS_SCIENCE
PUB_007919,COMPUTER_SCIENCE
PUB_007920,MATERIALS_SCIENCE
PUB_007921,MATERIALS_SCIENCE
PUB_007922,ENGINEERING
PUB_007923,ENGINEERING
PUB_007924,ENGINEERING
PUB_007925,MATERIALS_SCIENCE
PUB_007926,MATERIALS_SCIENCE
PUB_007927,ENGINEERING
PUB_007928,ENGINEERING
PUB_007929,COMPUTER_SCIENCE
PUB_007930,COMPUTER_SCIENCE
PUB_007931,COMPUTER_SCIENCE
PUB_007932,COMPUTER_SCIENCE
PUB_007933,COMPUTER_SCIENCE
PUB_007934,MATERIALS_SCIENCE
PUB_007935,ENGINEERING
PUB_007936,PHYSICS_AND_ASTRONOMY
PUB_007937,ENGINEERING
PUB_007938,ENGINEERING
PUB_007939,MATHEMATICS
PUB_007940,ENGINEERING
PUB_007941,ENGINEERING
PUB_007942,ENGINEERING
PUB_007943,ENGINEERING
PUB_007944,COMPUTER_SCIENCE
PUB_007945,MATHEMATICS
PUB_007946,COMPUTER_SCIENCE
PUB_007947,ENGINEERING
PUB_007948,ENGINEERING
PUB_007949,ENGINEERING
PUB_007950,MATERIALS_SCIENCE
PUB_007951,MATERIALS_SCIENCE
PUB_007952,MATERIALS_SCIENCE
PUB_007953,COMPUTER_SCIENCE
PUB_007954,COMPUTER_SCIENCE
PUB_007955,COMPUTER_SCIENCE
PUB_007956,PHYSICS_AND_ASTRONOMY
PUB_007957,MATHEMATICS
PUB_007958,ENGINEERING
PUB_007959,COMPUTER_SCIENCE
PUB_007960,ENGINEERING
PUB_007961,COMPUTER_SCIENCE
PUB_007962,MATHEMATICS
PUB_007963,PHYSICS_AND_ASTRONOMY
PUB_007964,COMPUTER_SCIENCE
PUB_007965,ENGINEERING
PUB_007966,MATERIALS_SCIENCE
PUB_007967,COMPUTER_SCIENCE
PUB_007968,COMPUTER_SCIENCE
PUB_007969,MATERIALS_SCIENCE
PUB_007970,ENGINEERING
PUB_007971,COMPUTER_SCIENCE
PUB_007972,ENGINEERING
PUB_007973,ENGINEERING
PUB_007974,MATHEMATICS
PUB_007975,ENGINEERING
PUB_007976,ENGINEERING
PUB_007977,MATERIALS_SCIENCE
PUB_007978,ENGINEERING
PUB_007979,COMPUTER_SCIENCE
PUB_007980,COMPUTER_SCIENCE
PUB_007981,COMPUTER_SCIENCE
PUB_007982,ENGINEERING
PUB_007983,ENGINEERING
PUB_007984,ENGINEERING
PUB_007985,ENGINEERING
PUB_007986,ENGINEERING
PUB_007987,ENGINEERING
PUB_007988,ENGINEERING
PUB_007989,ENGINEERING
PUB_007990,PHYSICS_AND_ASTRONOMY
PUB_007991,PHYSICS_AND_ASTRONOMY
PUB_007992,ENGINEERING
PUB_007993,MATERIALS_SCIENCE
PUB_007994,ENGINEERING
PUB_007995,PHYSICS_AND_ASTRONOMY
PUB_007996,MATERIALS_SCIENCE
PUB_007997,ENGINEERING
PUB_007998,COMPUTER_SCIENCE
PUB_007999,ENGINEERING
PUB_008000,ENGINEERING
PUB_008001,MATERIALS_SCIENCE
PUB_008002,ENGINEERING
PUB_008003,COMPUTER_SCIENCE
PUB_008004,COMPUTER_SCIENCE
PUB_008005,ENGINEERING
PUB_008006,MATERIALS_SCIENCE
PUB_008007,COMPUTER_SCIENCE
PUB_008008,ENGINEERING
PUB_008009,ENGINEERING
PUB_008010,PHYSICS_AND_ASTRONOMY
PUB_008011,ENGINEERING
PUB_008012,ENGINEERING
PUB_008013,PHYSICS_AND_ASTRONOMY
PUB_008014,COMPUTER_SCIENCE
PUB_008015,ENGINEERING
PUB_008016,MATHEMATICS
PUB_008017,ENGINEERING
PUB_008018,ENGINEERING
PUB_008019,ENGINEERING
PUB_008020,ENGINEERING
PUB_008021,ENGINEERING
PUB_008022,PHYSICS_AND_ASTRONOMY
PUB_008023,PHYSICS_AND_ASTRONOMY
PUB_008024,MATHEMATICS
PUB_008025,ENGINEERING
PUB_008026,PHYSICS_AND_ASTRONOMY
PUB_008027,ENGINEERING
PUB_008028,MATERIALS_SCIENCE
PUB_008029,MATERIALS_SCIENCE
PUB_008030,ENGINEERING
PUB_008031,ENGINEERING
PUB_008032,ENGINEERING
PUB_008033,COMPUTER_SCIENCE
PUB_008034,ENGINEERING
PUB_008035,ENGINEERING
PUB_008036,ENGINEERING
PUB_008037,COMPUTER_SCIENCE
PUB_008038,COMPUTER_SCIENCE
PUB_008039,PHYSICS_AND_ASTRONOMY
PUB_008040,PHYSICS_AND_ASTRONOMY
PUB_008041,ENGINEERING
PUB_008042,MATHEMATICS
PUB_008043,COMPUTER_SCIENCE
PUB_008044,COMPUTER_SCIENCE
PUB_008045,MATHEMATICS
PUB_008046,MATHEMATICS
PUB_008047,MATHEMATICS
PUB_008048,MATHEMATICS
PUB_008049,MATHEMATICS
PUB_008050,ENGINEERING
PUB_008051,ENGINEERING
PUB_008052,PHYSICS_AND_ASTRONOMY
PUB_008053,PHYSICS_AND_ASTRONOMY
PUB_008054,ENGINEERING
PUB_008055,ENGINEERING
PUB_008056,ENGINEERING
PUB_008057,ENGINEERING
PUB_008058,ENGINEERING
PUB_008059,MATHEMATICS
PUB_008060,ENGINEERING
PUB_008061,ENGINEERING
PUB_008062,ENGINEERING
PUB_008063,ENGINEERING
PUB_008064,ENGINEERING
PUB_008065,ENGINEERING
PUB_008066,ENGINEERING
PUB_008067,MATHEMATICS
PUB_008068,ENGINEERING
PUB_008069,MATERIALS_SCIENCE
PUB_008070,ENGINEERING
PUB_008071,COMPUTER_SCIENCE
PUB_008072,ENGINEERING
PUB_008073,ENGINEERING
PUB_008074,PHYSICS_AND_ASTRONOMY
PUB_008075,ENGINEERING
PUB_008076,COMPUTER_SCIENCE
PUB_008077,ENGINEERING
PUB_008078,COMPUTER_SCIENCE
PUB_008079,ENGINEERING
PUB_008080,ENGINEERING
PUB_008081,ENGINEERING
PUB_008082,ENGINEERING
PUB_008083,ENGINEERING
PUB_008084,ENGINEERING
PUB_008085,COMPUTER_SCIENCE
PUB_008086,ENGINEERING
PUB_008087,PHYSICS_AND_ASTRONOMY
PUB_008088,COMPUTER_SCIENCE
PUB_008089,ENGINEERING
PUB_008090,COMPUTER_SCIENCE
PUB_008091,PHYSICS_AND_ASTRONOMY
PUB_008092,ENGINEERING
PUB_008093,ENGINEERING
PUB_008094,ENGINEERING
PUB_008095,ENGINEERING
PUB_008096,ENGINEERING
PUB_008097,ENGINEERING
PUB_008098,ENGINEERING
PUB_008099,ENGINEERING
PUB_008100,ENGINEERING
PUB_008101,COMPUTER_SCIENCE
PUB_008102,COMPUTER_SCIENCE
PUB_008103,ENGINEERING
PUB_008104,COMPUTER_SCIENCE
PUB_008105,ENGINEERING
PUB_008106,ENGINEERING
PUB_008107,ENGINEERING
PUB_008108,MATHEMATICS
PUB_008109,MATHEMATICS
PUB_008110,COMPUTER_SCIENCE
PUB_008111,ENGINEERING
PUB_008112,MATHEMATICS
PUB_008113,COMPUTER_SCIENCE
PUB_008114,PHYSICS_AND_ASTRONOMY
PUB_008115,MATERIALS_SCIENCE
PUB_008116,ENGINEERING
PUB_008117,MATHEMATICS
PUB_008118,MATHEMATICS
PUB_008119,MATHEMATICS
PUB_008120,PHYSICS_AND_ASTRONOMY
PUB_008121,PHYSICS_AND_ASTRONOMY
PUB_008122,MATHEMATICS
PUB_008123,COMPUTER_SCIENCE
PUB_008124,MATHEMATICS
PUB_008125,COMPUTER_SCIENCE
PUB_008126,COMPUTER_SCIENCE
PUB_008127,MATHEMATICS
PUB_008128,ENGINEERING
PUB_008129,ENGINEERING
PUB_008130,MATHEMATICS
PUB_008131,MATHEMATICS
PUB_008132,MATHEMATICS
PUB_008133,MATHEMATICS
PUB_008134,MATHEMATICS
PUB_008135,ENGINEERING
PUB_008136,COMPUTER_SCIENCE
PUB_008137,MATHEMATICS
PUB_008138,COMPUTER_SCIENCE
PUB_008139,MATHEMATICS
PUB_008140,PHYSICS_AND_ASTRONOMY
PUB_008141,MATHEMATICS
PUB_008142,COMPUTER_SCIENCE
PUB_008143,PHYSICS_AND_ASTRONOMY
PUB_008144,COMPUTER_SCIENCE
PUB_008145,ENGINEERING
PUB_008146,PHYSICS_AND_ASTRONOMY
PUB_008147,PHYSICS_AND_ASTRONOMY
PUB_008148,PHYSICS_AND_ASTRONOMY
PUB_008149,PHYSICS_AND_ASTRONOMY
PUB_008150,ENGINEERING
PUB_008151,ENGINEERING
PUB_008152,COMPUTER_SCIENCE
PUB_008153,ENGINEERING
PUB_008154,ENGINEERING
PUB_008155,MATERIALS_SCIENCE
PUB_008156,MATHEMATICS
PUB_008157,ENGINEERING
PUB_008158,ENGINEERING
PUB_008159,ENGINEERING
PUB_008160,ENGINEERING
PUB_008161,ENGINEERING
PUB_008162,ENGINEERING
PUB_008163,ENGINEERING
PUB_008164,ENGINEERING
PUB_008165,ENGINEERING
PUB_008166,ENGINEERING
PUB_008167,MATERIALS_SCIENCE
PUB_008168,ENGINEERING
PUB_008169,MATERIALS_SCIENCE
PUB_008170,ENGINEERING
PUB_008171,ENGINEERING
PUB_008172,ENGINEERING
PUB_008173,ENGINEERING
PUB_008174,PHYSICS_AND_ASTRONOMY
PUB_008175,MATERIALS_SCIENCE
PUB_008176,ENGINEERING
PUB_008177,ENGINEERING
PUB_008178,MATERIALS_SCIENCE
PUB_008179,MATERIALS_SCIENCE
PUB_008180,ENGINEERING
PUB_008181,ENGINEERING
PUB_008182,ENGINEERING
PUB_008183,ENGINEERING
PUB_008184,COMPUTER_SCIENCE
PUB_008185,ENGINEERING
PUB_008186,ENGINEERING
PUB_008187,ENGINEERING
PUB_008188,ENGINEERING
PUB_008189,MATERIALS_SCIENCE
PUB_008190,ENGINEERING
PUB_008191,COMPUTER_SCIENCE
PUB_008192,ENGINEERING
PUB_008193,COMPUTER_SCIENCE
PUB_008194,ENGINEERING
PUB_008195,PHYSICS_AND_ASTRONOMY
PUB_008196,ENGINEERING
PUB_008197,PHYSICS_AND_ASTRONOMY
PUB_008198,ENGINEERING
PUB_008199,MATHEMATICS
PUB_008200,PHYSICS_AND_ASTRONOMY
PUB_008201,ENGINEERING
PUB_008202,MATERIALS_SCIENCE
PUB_008203,ENGINEERING
PUB_008204,PHYSICS_AND_ASTRONOMY
PUB_008205,ENGINEERING
PUB_008206,MATHEMATICS
PUB_008207,MATHEMATICS
PUB_008208,ENGINEERING
PUB_008209,ENGINEERING
PUB_008210,PHYSICS_AND_ASTRONOMY
PUB_008211,PHYSICS_AND_ASTRONOMY
PUB_008212,ENGINEERING
PUB_008213,COMPUTER_SCIENCE
PUB_008214,ENGINEERING
PUB_008215,COMPUTER_SCIENCE
PUB_008216,COMPUTER_SCIENCE
PUB_008217,MATERIALS_SCIENCE
PUB_008218,ENGINEERING
PUB_008219,ENGINEERING
PUB_008220,ENGINEERING
PUB_008221,ENGINEERING
PUB_008222,ENGINEERING
PUB_008223,MATERIALS_SCIENCE
PUB_008224,COMPUTER_SCIENCE
PUB_008225,COMPUTER_SCIENCE
PUB_008226,PHYSICS_AND_ASTRONOMY
PUB_008227,ENGINEERING
PUB_008228,ENGINEERING
PUB_008229,MATERIALS_SCIENCE
PUB_008230,ENGINEERING
PUB_008231,ENGINEERING
PUB_008232,ENGINEERING
PUB_008233,ENGINEERING
PUB_008234,ENGINEERING
PUB_008235,ENGINEERING
PUB_008236,ENGINEERING
PUB_008237,ENGINEERING
PUB_008238,ENGINEERING
PUB_008239,ENGINEERING
PUB_008240,ENGINEERING
PUB_008241,ENGINEERING
PUB_008242,MATERIALS_SCIENCE
PUB_008243,ENGINEERING
PUB_008244,ENGINEERING
PUB_008245,MATERIALS_SCIENCE
PUB_008246,ENGINEERING
PUB_008247,ENGINEERING
PUB_008248,COMPUTER_SCIENCE
PUB_008249,MATERIALS_SCIENCE
PUB_008250,COMPUTER_SCIENCE
PUB_008251,ENGINEERING
PUB_008252,ENGINEERING
PUB_008253,MATERIALS_SCIENCE
PUB_008254,ENGINEERING
PUB_008255,ENGINEERING
PUB_008256,ENGINEERING
PUB_008257,MATERIALS_SCIENCE
PUB_008258,ENGINEERING
PUB_008259,PHYSICS_AND_ASTRONOMY
PUB_008260,PHYSICS_AND_ASTRONOMY
PUB_008261,MATHEMATICS
PUB_008262,ENGINEERING
PUB_008263,MATERIALS_SCIENCE
PUB_008264,COMPUTER_SCIENCE
PUB_008265,ENGINEERING
PUB_008266,COMPUTER_SCIENCE
PUB_008267,ENGINEERING
PUB_008268,PHYSICS_AND_ASTRONOMY
PUB_008269,ENGINEERING
PUB_008270,MATERIALS_SCIENCE
PUB_008271,MATERIALS_SCIENCE
PUB_008272,ENGINEERING
PUB_008273,ENGINEERING
PUB_008274,COMPUTER_SCIENCE
PUB_008275,MATERIALS_SCIENCE
PUB_008276,COMPUTER_SCIENCE
PUB_008277,ENGINEERING
PUB_008278,MATHEMATICS
PUB_008279,MATERIALS_SCIENCE
PUB_008280,MATERIALS_SCIENCE
PUB_008281,COMPUTER_SCIENCE
PUB_008282,ENGINEERING
PUB_008283,PHYSICS_AND_ASTRONOMY
PUB_008284,COMPUTER_SCIENCE
PUB_008285,ENGINEERING
PUB_008286,ENGINEERING
PUB_008287,ENGINEERING
PUB_008288,PHYSICS_AND_ASTRONOMY
PUB_008289,PHYSICS_AND_ASTRONOMY
PUB_008290,ENGINEERING
PUB_008291,COMPUTER_SCIENCE
PUB_008292,PHYSICS_AND_ASTRONOMY
PUB_008293,COMPUTER_SCIENCE
PUB_008294,MATERIALS_SCIENCE
PUB_008295,PHYSICS_AND_ASTRONOMY
PUB_008296,COMPUTER_SCIENCE
PUB_008297,MATHEMATICS
PUB_008298,ENGINEERING
PUB_008299,ENGINEERING
PUB_008300,PHYSICS_AND_ASTRONOMY
PUB_008301,MATHEMATICS
PUB_008302,ENGINEERING
PUB_008303,PHYSICS_AND_ASTRONOMY
PUB_008304,COMPUTER_SCIENCE
PUB_008305,MATHEMATICS
PUB_008306,COMPUTER_SCIENCE
PUB_008307,ENGINEERING
PUB_008308,MATERIALS_SCIENCE
PUB_008309,MATHEMATICS
PUB_008310,ENGINEERING
PUB_008311,COMPUTER_SCIENCE
PUB_008312,ENGINEERING
PUB_008313,PHYSICS_AND_ASTRONOMY
PUB_008314,ENGINEERING
PUB_008315,ENGINEERING
PUB_008316,ENGINEERING
PUB_008317,COMPUTER_SCIENCE
PUB_008318,ENGINEERING
PUB_008319,ENGINEERING
PUB_008320,COMPUTER_SCIENCE
PUB_008321,ENGINEERING
PUB_008322,ENGINEERING
PUB_008323,ENGINEERING
PUB_008324,PHYSICS_AND_ASTRONOMY
PUB_008325,PHYSICS_AND_ASTRONOMY
PUB_008326,PHYSICS_AND_ASTRONOMY
PUB_008327,ENGINEERING
PUB_008328,ENGINEERING
PUB_008329,ENGINEERING
PUB_008330,ENGINEERING
PUB_008331,ENGINEERING
PUB_008332,ENGINEERING
PUB_008333,ENGINEERING
PUB_008334,ENGINEERING
PUB_008335,COMPUTER_SCIENCE
PUB_008336,ENGINEERING
PUB_008337,ENGINEERING
PUB_008338,MATERIALS_SCIENCE
PUB_008339,ENGINEERING
PUB_008340,COMPUTER_SCIENCE
PUB_008341,ENGINEERING
PUB_008342,COMPUTER_SCIENCE
PUB_008343,MATHEMATICS
PUB_008344,ENGINEERING
PUB_008345,ENGINEERING
PUB_008346,PHYSICS_AND_ASTRONOMY
PUB_008347,COMPUTER_SCIENCE
PUB_008348,ENGINEERING
PUB_008349,COMPUTER_SCIENCE
PUB_008350,COMPUTER_SCIENCE
PUB_008351,ENGINEERING
PUB_008352,PHYSICS_AND_ASTRONOMY
PUB_008353,COMPUTER_SCIENCE
PUB_008354,ENGINEERING
PUB_008355,COMPUTER_SCIENCE
PUB_008356,PHYSICS_AND_ASTRONOMY
PUB_008357,PHYSICS_AND_ASTRONOMY
PUB_008358,MATHEMATICS
PUB_008359,MATHEMATICS
PUB_008360,ENGINEERING
PUB_008361,ENGINEERING
PUB_008362,ENGINEERING
PUB_008363,ENGINEERING
PUB_008364,MATERIALS_SCIENCE
PUB_008365,COMPUTER_SCIENCE
PUB_008366,ENGINEERING
PUB_008367,ENGINEERING
PUB_008368,ENGINEERING
PUB_008369,ENGINEERING
PUB_008370,ENGINEERING
PUB_008371,ENGINEERING
PUB_008372,COMPUTER_SCIENCE
PUB_008373,ENGINEERING
PUB_008374,ENGINEERING
PUB_008375,MATERIALS_SCIENCE
PUB_008376,COMPUTER_SCIENCE
PUB_008377,COMPUTER_SCIENCE
PUB_008378,PHYSICS_AND_ASTRONOMY
PUB_008379,ENGINEERING
PUB_008380,ENGINEERING
PUB_008381,COMPUTER_SCIENCE
PUB_008382,ENGINEERING
PUB_008383,ENGINEERING
PUB_008384,ENGINEERING
PUB_008385,COMPUTER_SCIENCE
PUB_008386,ENGINEERING
PUB_008387,COMPUTER_SCIENCE
PUB_008388,ENGINEERING
PUB_008389,MATERIALS_SCIENCE
PUB_008390,COMPUTER_SCIENCE
PUB_008391,COMPUTER_SCIENCE
PUB_008392,COMPUTER_SCIENCE
PUB_008393,ENGINEERING
PUB_008394,COMPUTER_SCIENCE
PUB_008395,ENGINEERING
PUB_008396,COMPUTER_SCIENCE
PUB_008397,ENGINEERING
PUB_008398,COMPUTER_SCIENCE
PUB_008399,ENGINEERING
PUB_008400,COMPUTER_SCIENCE
PUB_008401,ENGINEERING
PUB_008402,COMPUTER_SCIENCE
PUB_008403,ENGINEERING
PUB_008404,ENGINEERING
PUB_008405,COMPUTER_SCIENCE
PUB_008406,PHYSICS_AND_ASTRONOMY
PUB_008407,COMPUTER_SCIENCE
PUB_008408,ENGINEERING
PUB_008409,COMPUTER_SCIENCE
PUB_008410,ENGINEERING
PUB_008411,COMPUTER_SCIENCE
PUB_008412,COMPUTER_SCIENCE
PUB_008413,COMPUTER_SCIENCE
PUB_008414,MATHEMATICS
PUB_008415,MATHEMATICS
PUB_008416,MATHEMATICS
PUB_008417,MATHEMATICS
PUB_008418,ENGINEERING
PUB_008419,ENGINEERING
PUB_008420,ENGINEERING
PUB_008421,ENGINEERING
PUB_008422,ENGINEERING
PUB_008423,COMPUTER_SCIENCE
PUB_008424,COMPUTER_SCIENCE
PUB_008425,COMPUTER_SCIENCE
PUB_008426,ENGINEERING
PUB_008427,ENGINEERING
PUB_008428,PHYSICS_AND_ASTRONOMY
PUB_008429,PHYSICS_AND_ASTRONOMY
PUB_008430,ENGINEERING
PUB_008431,ENGINEERING
PUB_008432,COMPUTER_SCIENCE
PUB_008433,ENGINEERING
PUB_008434,ENGINEERING
PUB_008435,ENGINEERING
PUB_008436,ENGINEERING
PUB_008437,ENGINEERING
PUB_008438,ENGINEERING
PUB_008439,PHYSICS_AND_ASTRONOMY
PUB_008440,PHYSICS_AND_ASTRONOMY
PUB_008441,PHYSICS_AND_ASTRONOMY
PUB_008442,PHYSICS_AND_ASTRONOMY
PUB_008443,COMPUTER_SCIENCE
PUB_008444,PHYSICS_AND_ASTRONOMY
PUB_008445,ENGINEERING
PUB_008446,ENGINEERING
PUB_008447,ENGINEERING
PUB_008448,COMPUTER_SCIENCE
PUB_008449,PHYSICS_AND_ASTRONOMY
PUB_008450,ENGINEERING
PUB_008451,ENGINEERING
PUB_008452,ENGINEERING
PUB_008453,ENGINEERING
PUB_008454,ENGINEERING
PUB_008455,ENGINEERING
PUB_008456,ENGINEERING
PUB_008457,ENGINEERING
PUB_008458,MATERIALS_SCIENCE
PUB_008459,MATERIALS_SCIENCE
PUB_008460,MATERIALS_SCIENCE
PUB_008461,ENGINEERING
PUB_008462,ENGINEERING
PUB_008463,ENGINEERING
PUB_008464,ENGINEERING
PUB_008465,ENGINEERING
PUB_008466,PHYSICS_AND_ASTRONOMY
PUB_008467,ENGINEERING
PUB_008468,PHYSICS_AND_ASTRONOMY
PUB_008469,ENGINEERING
PUB_008470,ENGINEERING
PUB_008471,MATERIALS_SCIENCE
PUB_008472,ENGINEERING
PUB_008473,ENGINEERING
PUB_008474,MATERIALS_SCIENCE
PUB_008475,MATERIALS_SCIENCE
PUB_008476,MATERIALS_SCIENCE
PUB_008477,ENGINEERING
PUB_008478,MATERIALS_SCIENCE
PUB_008479,ENGINEERING
PUB_008480,ENGINEERING
PUB_008481,ENGINEERING
PUB_008482,MATERIALS_SCIENCE
PUB_008483,ENGINEERING
PUB_008484,ENGINEERING
PUB_008485,ENGINEERING
PUB_008486,ENGINEERING
PUB_008487,ENGINEERING
PUB_008488,COMPUTER_SCIENCE
PUB_008489,ENGINEERING
PUB_008490,PHYSICS_AND_ASTRONOMY
PUB_008491,ENGINEERING
PUB_008492,ENGINEERING
PUB_008493,MATERIALS_SCIENCE
PUB_008494,ENGINEERING
PUB_008495,ENGINEERING
PUB_008496,COMPUTER_SCIENCE
PUB_008497,MATERIALS_SCIENCE
PUB_008498,PHYSICS_AND_ASTRONOMY
PUB_008499,COMPUTER_SCIENCE
PUB_008500,PHYSICS_AND_ASTRONOMY
PUB_008501,PHYSICS_AND_ASTRONOMY
PUB_008502,PHYSICS_AND_ASTRONOMY
PUB_008503,MATERIALS_SCIENCE
PUB_008504,COMPUTER_SCIENCE
PUB_008505,ENGINEERING
PUB_008506,ENGINEERING
PUB_008507,PHYSICS_AND_ASTRONOMY
PUB_008508,ENGINEERING
PUB_008509,ENGINEERING
PUB_008510,ENGINEERING
PUB_008511,PHYSICS_AND_ASTRONOMY
PUB_008512,MATERIALS_SCIENCE
PUB_008513,ENGINEERING
PUB_008514,ENGINEERING
PUB_008515,ENGINEERING
PUB_008516,ENGINEERING
PUB_008517,ENGINEERING
PUB_008518,COMPUTER_SCIENCE
PUB_008519,COMPUTER_SCIENCE
PUB_008520,ENGINEERING
PUB_008521,ENGINEERING
PUB_008522,ENGINEERING
PUB_008523,ENGINEERING
PUB_008524,COMPUTER_SCIENCE
PUB_008525,COMPUTER_SCIENCE
PUB_008526,PHYSICS_AND_ASTRONOMY
PUB_008527,COMPUTER_SCIENCE
PUB_008528,ENGINEERING
PUB_008529,ENGINEERING
PUB_008530,ENGINEERING
PUB_008531,MATERIALS_SCIENCE
PUB_008532,MATHEMATICS
PUB_008533,PHYSICS_AND_ASTRONOMY
PUB_008534,PHYSICS_AND_ASTRONOMY
PUB_008535,PHYSICS_AND_ASTRONOMY
PUB_008536,ENGINEERING
PUB_008537,ENGINEERING
PUB_008538,MATERIALS_SCIENCE
PUB_008539,ENGINEERING
PUB_008540,ENGINEERING
PUB_008541,ENGINEERING
PUB_008542,PHYSICS_AND_ASTRONOMY
PUB_008543,MATERIALS_SCIENCE
PUB_008544,MATERIALS_SCIENCE
PUB_008545,ENGINEERING
PUB_008546,MATERIALS_SCIENCE
PUB_008547,ENGINEERING
PUB_008548,COMPUTER_SCIENCE
PUB_008549,ENGINEERING
PUB_008550,PHYSICS_AND_ASTRONOMY
PUB_008551,ENGINEERING
PUB_008552,ENGINEERING
PUB_008553,COMPUTER_SCIENCE
PUB_008554,ENGINEERING
PUB_008555,ENGINEERING
PUB_008556,PHYSICS_AND_ASTRONOMY
PUB_008557,ENGINEERING
PUB_008558,MATERIALS_SCIENCE
PUB_008559,MATERIALS_SCIENCE
PUB_008560,PHYSICS_AND_ASTRONOMY
PUB_008561,MATERIALS_SCIENCE
PUB_008562,ENGINEERING
PUB_008563,PHYSICS_AND_ASTRONOMY
PUB_008564,MATERIALS_SCIENCE
PUB_008565,ENGINEERING
PUB_008566,PHYSICS_AND_ASTRONOMY
PUB_008567,COMPUTER_SCIENCE
PUB_008568,PHYSICS_AND_ASTRONOMY
PUB_008569,MATERIALS_SCIENCE
PUB_008570,ENGINEERING
PUB_008571,ENGINEERING
PUB_008572,ENGINEERING
PUB_008573,MATERIALS_SCIENCE
PUB_008574,ENGINEERING
PUB_008575,MATERIALS_SCIENCE
PUB_008576,MATERIALS_SCIENCE
PUB_008577,ENGINEERING
PUB_008578,ENGINEERING
PUB_008579,ENGINEERING
PUB_008580,COMPUTER_SCIENCE
PUB_008581,PHYSICS_AND_ASTRONOMY
PUB_008582,ENGINEERING
PUB_008583,MATERIALS_SCIENCE
PUB_008584,ENGINEERING
PUB_008585,MATERIALS_SCIENCE
PUB_008586,MATERIALS_SCIENCE
PUB_008587,MATERIALS_SCIENCE
PUB_008588,ENGINEERING
PUB_008589,ENGINEERING
PUB_008590,MATERIALS_SCIENCE
PUB_008591,MATERIALS_SCIENCE
PUB_008592,COMPUTER_SCIENCE
PUB_008593,ENGINEERING
PUB_008594,MATERIALS_SCIENCE
PUB_008595,ENGINEERING
PUB_008596,PHYSICS_AND_ASTRONOMY
PUB_008597,ENGINEERING
PUB_008598,ENGINEERING
PUB_008599,ENGINEERING
PUB_008600,MATERIALS_SCIENCE
PUB_008601,ENGINEERING
PUB_008602,ENGINEERING
PUB_008603,ENGINEERING
PUB_008604,MATERIALS_SCIENCE
PUB_008605,MATERIALS_SCIENCE
PUB_008606,ENGINEERING
PUB_008607,ENGINEERING
PUB_008608,MATERIALS_SCIENCE
PUB_008609,MATERIALS_SCIENCE
PUB_008610,ENGINEERING
PUB_008611,ENGINEERING
PUB_008612,MATERIALS_SCIENCE
PUB_008613,ENGINEERING
PUB_008614,COMPUTER_SCIENCE
PUB_008615,ENGINEERING
PUB_008616,MATERIALS_SCIENCE
PUB_008617,MATERIALS_SCIENCE
PUB_008618,ENGINEERING
PUB_008619,MATERIALS_SCIENCE
PUB_008620,COMPUTER_SCIENCE
PUB_008621,MATERIALS_SCIENCE
PUB_008622,MATERIALS_SCIENCE
PUB_008623,ENGINEERING
PUB_008624,MATERIALS_SCIENCE
PUB_008625,PHYSICS_AND_ASTRONOMY
PUB_008626,MATERIALS_SCIENCE
PUB_008627,ENGINEERING
PUB_008628,MATERIALS_SCIENCE
PUB_008629,ENGINEERING
PUB_008630,MATERIALS_SCIENCE
PUB_008631,MATERIALS_SCIENCE
PUB_008632,MATERIALS_SCIENCE
PUB_008633,MATERIALS_SCIENCE
PUB_008634,MATERIALS_SCIENCE
PUB_008635,MATERIALS_SCIENCE
PUB_008636,MATERIALS_SCIENCE
PUB_008637,ENGINEERING
PUB_008638,MATERIALS_SCIENCE
PUB_008639,ENGINEERING
PUB_008640,ENGINEERING
PUB_008641,ENGINEERING
PUB_008642,ENGINEERING
PUB_008643,MATERIALS_SCIENCE
PUB_008644,ENGINEERING
PUB_008645,ENGINEERING
PUB_008646,ENGINEERING
PUB_008647,MATERIALS_SCIENCE
PUB_008648,ENGINEERING
PUB_008649,ENGINEERING
PUB_008650,ENGINEERING
PUB_008651,MATERIALS_SCIENCE
PUB_008652,MATERIALS_SCIENCE
PUB_008653,MATERIALS_SCIENCE
PUB_008654,COMPUTER_SCIENCE
PUB_008655,MATERIALS_SCIENCE
PUB_008656,MATERIALS_SCIENCE
PUB_008657,PHYSICS_AND_ASTRONOMY
PUB_008658,ENGINEERING
PUB_008659,ENGINEERING
PUB_008660,MATERIALS_SCIENCE
PUB_008661,COMPUTER_SCIENCE
PUB_008662,MATERIALS_SCIENCE
PUB_008663,ENGINEERING
PUB_008664,COMPUTER_SCIENCE
PUB_008665,ENGINEERING
PUB_008666,ENGINEERING
PUB_008667,ENGINEERING
PUB_008668,ENGINEERING
PUB_008669,MATERIALS_SCIENCE
PUB_008670,ENGINEERING
PUB_008671,ENGINEERING
PUB_008672,ENGINEERING
PUB_008673,MATERIALS_SCIENCE
PUB_008674,ENGINEERING
PUB_008675,ENGINEERING
PUB_008676,MATERIALS_SCIENCE
PUB_008677,ENGINEERING
PUB_008678,ENGINEERING
PUB_008679,ENGINEERING
PUB_008680,MATERIALS_SCIENCE
PUB_008681,MATERIALS_SCIENCE
PUB_008682,PHYSICS_AND_ASTRONOMY
PUB_008683,ENGINEERING
PUB_008684,ENGINEERING
PUB_008685,ENGINEERING
PUB_008686,ENGINEERING
PUB_008687,MATERIALS_SCIENCE
PUB_008688,ENGINEERING
PUB_008689,ENGINEERING
PUB_008690,ENGINEERING
PUB_008691,MATERIALS_SCIENCE
PUB_008692,MATERIALS_SCIENCE
PUB_008693,MATERIALS_SCIENCE
PUB_008694,MATERIALS_SCIENCE
PUB_008695,ENGINEERING
PUB_008696,MATERIALS_SCIENCE
PUB_008697,ENGINEERING
PUB_008698,MATERIALS_SCIENCE
PUB_008699,ENGINEERING
PUB_008700,ENGINEERING
PUB_008701,MATERIALS_SCIENCE
PUB_008702,ENGINEERING
PUB_008703,MATERIALS_SCIENCE
PUB_008704,COMPUTER_SCIENCE
PUB_008705,MATERIALS_SCIENCE
PUB_008706,ENGINEERING
PUB_008707,MATERIALS_SCIENCE
PUB_008708,COMPUTER_SCIENCE
PUB_008709,COMPUTER_SCIENCE
PUB_008710,ENGINEERING
PUB_008711,ENGINEERING
PUB_008712,MATERIALS_SCIENCE
PUB_008713,ENGINEERING
PUB_008714,ENGINEERING
PUB_008715,ENGINEERING
PUB_008716,ENGINEERING
PUB_008717,MATERIALS_SCIENCE
PUB_008718,ENGINEERING
PUB_008719,ENGINEERING
PUB_008720,PHYSICS_AND_ASTRONOMY
PUB_008721,PHYSICS_AND_ASTRONOMY
PUB_008722,MATERIALS_SCIENCE
PUB_008723,PHYSICS_AND_ASTRONOMY
PUB_008724,PHYSICS_AND_ASTRONOMY
PUB_008725,COMPUTER_SCIENCE
PUB_008726,ENGINEERING
PUB_008727,ENGINEERING
PUB_008728,PHYSICS_AND_ASTRONOMY
PUB_008729,MATERIALS_SCIENCE
PUB_008730,ENGINEERING
PUB_008731,COMPUTER_SCIENCE
PUB_008732,ENGINEERING
PUB_008733,PHYSICS_AND_ASTRONOMY
PUB_008734,COMPUTER_SCIENCE
PUB_008735,ENGINEERING
PUB_008736,MATERIALS_SCIENCE
PUB_008737,ENGINEERING
PUB_008738,PHYSICS_AND_ASTRONOMY
PUB_008739,ENGINEERING
PUB_008740,PHYSICS_AND_ASTRONOMY
PUB_008741,MATHEMATICS
PUB_008742,PHYSICS_AND_ASTRONOMY
PUB_008743,MATERIALS_SCIENCE
PUB_008744,MATERIALS_SCIENCE
PUB_008745,COMPUTER_SCIENCE
PUB_008746,MATERIALS_SCIENCE
PUB_008747,ENGINEERING
PUB_008748,MATERIALS_SCIENCE
PUB_008749,ENGINEERING
PUB_008750,MATERIALS_SCIENCE
PUB_008751,ENGINEERING
PUB_008752,MATERIALS_SCIENCE
PUB_008753,COMPUTER_SCIENCE
PUB_008754,MATERIALS_SCIENCE
PUB_008755,MATERIALS_SCIENCE
PUB_008756,ENGINEERING
PUB_008757,ENGINEERING
PUB_008758,ENGINEERING
PUB_008759,MATERIALS_SCIENCE
PUB_008760,MATERIALS_SCIENCE
PUB_008761,MATERIALS_SCIENCE
PUB_008762,MATERIALS_SCIENCE
PUB_008763,PHYSICS_AND_ASTRONOMY
PUB_008764,ENGINEERING
PUB_008765,MATERIALS_SCIENCE
PUB_008766,MATERIALS_SCIENCE
PUB_008767,ENGINEERING
PUB_008768,ENGINEERING
PUB_008769,MATERIALS_SCIENCE
PUB_008770,MATERIALS_SCIENCE
PUB_008771,ENGINEERING
PUB_008772,ENGINEERING
PUB_008773,MATERIALS_SCIENCE
PUB_008774,ENGINEERING
PUB_008775,ENGINEERING
PUB_008776,MATERIALS_SCIENCE
PUB_008777,MATERIALS_SCIENCE
PUB_008778,COMPUTER_SCIENCE
PUB_008779,ENGINEERING
PUB_008780,MATERIALS_SCIENCE
PUB_008781,ENGINEERING
PUB_008782,COMPUTER_SCIENCE
PUB_008783,MATERIALS_SCIENCE
PUB_008784,ENGINEERING
PUB_008785,ENGINEERING
PUB_008786,PHYSICS_AND_ASTRONOMY
PUB_008787,ENGINEERING
PUB_008788,MATERIALS_SCIENCE
PUB_008789,PHYSICS_AND_ASTRONOMY
PUB_008790,ENGINEERING
PUB_008791,MATERIALS_SCIENCE
PUB_008792,ENGINEERING
PUB_008793,PHYSICS_AND_ASTRONOMY
PUB_008794,MATERIALS_SCIENCE
PUB_008795,ENGINEERING
PUB_008796,ENGINEERING
PUB_008797,MATERIALS_SCIENCE
PUB_008798,ENGINEERING
PUB_008799,ENGINEERING
PUB_008800,ENGINEERING
PUB_008801,MATERIALS_SCIENCE
PUB_008802,MATERIALS_SCIENCE
PUB_008803,ENGINEERING
PUB_008804,ENGINEERING
PUB_008805,ENGINEERING
PUB_008806,MATERIALS_SCIENCE
PUB_008807,ENGINEERING
PUB_008808,COMPUTER_SCIENCE
PUB_008809,ENGINEERING
PUB_008810,MATERIALS_SCIENCE
PUB_008811,COMPUTER_SCIENCE
PUB_008812,MATERIALS_SCIENCE
PUB_008813,MATERIALS_SCIENCE
PUB_008814,MATERIALS_SCIENCE
PUB_008815,ENGINEERING
PUB_008816,MATERIALS_SCIENCE
PUB_008817,ENGINEERING
PUB_008818,COMPUTER_SCIENCE
PUB_008819,MATERIALS_SCIENCE
PUB_008820,ENGINEERING
PUB_008821,MATERIALS_SCIENCE
PUB_008822,ENGINEERING
PUB_008823,MATERIALS_SCIENCE
PUB_008824,MATERIALS_SCIENCE
PUB_008825,MATERIALS_SCIENCE
PUB_008826,COMPUTER_SCIENCE
PUB_008827,ENGINEERING
PUB_008828,ENGINEERING
PUB_008829,ENGINEERING
PUB_008830,PHYSICS_AND_ASTRONOMY
PUB_008831,PHYSICS_AND_ASTRONOMY
PUB_008832,ENGINEERING
PUB_008833,PHYSICS_AND_ASTRONOMY
PUB_008834,ENGINEERING
PUB_008835,ENGINEERING
PUB_008836,MATERIALS_SCIENCE
PUB_008837,COMPUTER_SCIENCE
PUB_008838,MATERIALS_SCIENCE
PUB_008839,PHYSICS_AND_ASTRONOMY
PUB_008840,MATERIALS_SCIENCE
PUB_008841,MATERIALS_SCIENCE
PUB_008842,ENGINEERING
PUB_008843,MATERIALS_SCIENCE
PUB_008844,ENGINEERING
PUB_008845,ENGINEERING
PUB_008846,MATHEMATICS
PUB_008847,PHYSICS_AND_ASTRONOMY
PUB_008848,MATERIALS_SCIENCE
PUB_008849,MATHEMATICS
PUB_008850,PHYSICS_AND_ASTRONOMY
PUB_008851,ENGINEERING
PUB_008852,ENGINEERING
PUB_008853,COMPUTER_SCIENCE
PUB_008854,MATERIALS_SCIENCE
PUB_008855,ENGINEERING
PUB_008856,MATERIALS_SCIENCE
PUB_008857,MATERIALS_SCIENCE
PUB_008858,ENGINEERING
PUB_008859,ENGINEERING
PUB_008860,COMPUTER_SCIENCE
PUB_008861,ENGINEERING
PUB_008862,ENGINEERING
PUB_008863,ENGINEERING
PUB_008864,ENGINEERING
PUB_008865,MATERIALS_SCIENCE
PUB_008866,MATERIALS_SCIENCE
PUB_008867,ENGINEERING
PUB_008868,MATERIALS_SCIENCE
PUB_008869,MATERIALS_SCIENCE
PUB_008870,PHYSICS_AND_ASTRONOMY
PUB_008871,COMPUTER_SCIENCE
PUB_008872,PHYSICS_AND_ASTRONOMY
PUB_008873,MATERIALS_SCIENCE
PUB_008874,MATERIALS_SCIENCE
PUB_008875,MATERIALS_SCIENCE
PUB_008876,MATERIALS_SCIENCE
PUB_008877,MATERIALS_SCIENCE
PUB_008878,ENGINEERING
PUB_008879,ENGINEERING
PUB_008880,MATHEMATICS
PUB_008881,ENGINEERING
PUB_008882,COMPUTER_SCIENCE
PUB_008883,MATERIALS_SCIENCE
PUB_008884,ENGINEERING
PUB_008885,MATERIALS_SCIENCE
PUB_008886,MATERIALS_SCIENCE
PUB_008887,ENGINEERING
PUB_008888,MATERIALS_SCIENCE
PUB_008889,PHYSICS_AND_ASTRONOMY
PUB_008890,MATERIALS_SCIENCE
PUB_008891,MATERIALS_SCIENCE
PUB_008892,PHYSICS_AND_ASTRONOMY
PUB_008893,MATERIALS_SCIENCE
PUB_008894,COMPUTER_SCIENCE
PUB_008895,ENGINEERING
PUB_008896,ENGINEERING
PUB_008897,MATERIALS_SCIENCE
PUB_008898,PHYSICS_AND_ASTRONOMY
PUB_008899,COMPUTER_SCIENCE
PUB_008900,ENGINEERING
PUB_008901,MATERIALS_SCIENCE
PUB_008902,MATERIALS_SCIENCE
PUB_008903,ENGINEERING
PUB_008904,COMPUTER_SCIENCE
PUB_008905,MATERIALS_SCIENCE
PUB_008906,ENGINEERING
PUB_008907,MATERIALS_SCIENCE
PUB_008908,MATERIALS_SCIENCE
PUB_008909,ENGINEERING
PUB_008910,COMPUTER_SCIENCE
PUB_008911,MATERIALS_SCIENCE
PUB_008912,MATERIALS_SCIENCE
PUB_008913,ENGINEERING
PUB_008914,PHYSICS_AND_ASTRONOMY
PUB_008915,MATERIALS_SCIENCE
PUB_008916,ENGINEERING
PUB_008917,ENGINEERING
PUB_008918,MATERIALS_SCIENCE
PUB_008919,ENGINEERING
PUB_008920,MATERIALS_SCIENCE
PUB_008921,MATERIALS_SCIENCE
PUB_008922,ENGINEERING
PUB_008923,ENGINEERING
PUB_008924,ENGINEERING
PUB_008925,MATERIALS_SCIENCE
PUB_008926,ENGINEERING
PUB_008927,MATERIALS_SCIENCE
PUB_008928,MATERIALS_SCIENCE
PUB_008929,ENGINEERING
PUB_008930,MATERIALS_SCIENCE
PUB_008931,MATHEMATICS
PUB_008932,PHYSICS_AND_ASTRONOMY
PUB_008933,COMPUTER_SCIENCE
PUB_008934,MATERIALS_SCIENCE
PUB_008935,COMPUTER_SCIENCE
PUB_008936,ENGINEERING
PUB_008937,ENGINEERING
PUB_008938,MATHEMATICS
PUB_008939,MATERIALS_SCIENCE
PUB_008940,MATERIALS_SCIENCE
PUB_008941,ENGINEERING
PUB_008942,ENGINEERING
PUB_008943,MATERIALS_SCIENCE
PUB_008944,PHYSICS_AND_ASTRONOMY
PUB_008945,MATERIALS_SCIENCE
PUB_008946,MATERIALS_SCIENCE
PUB_008947,ENGINEERING
PUB_008948,PHYSICS_AND_ASTRONOMY
PUB_008949,MATERIALS_SCIENCE
PUB_008950,MATERIALS_SCIENCE
PUB_008951,MATERIALS_SCIENCE
PUB_008952,MATERIALS_SCIENCE
PUB_008953,ENGINEERING
PUB_008954,ENGINEERING
PUB_008955,ENGINEERING
PUB_008956,MATERIALS_SCIENCE
PUB_008957,MATERIALS_SCIENCE
PUB_008958,MATHEMATICS
PUB_008959,MATERIALS_SCIENCE
PUB_008960,ENGINEERING
PUB_008961,MATERIALS_SCIENCE
PUB_008962,COMPUTER_SCIENCE
PUB_008963,ENGINEERING
PUB_008964,ENGINEERING
PUB_008965,PHYSICS_AND_ASTRONOMY
PUB_008966,MATERIALS_SCIENCE
PUB_008967,MATERIALS_SCIENCE
PUB_008968,ENGINEERING
PUB_008969,PHYSICS_AND_ASTRONOMY
PUB_008970,PHYSICS_AND_ASTRONOMY
PUB_008971,ENGINEERING
PUB_008972,ENGINEERING
PUB_008973,PHYSICS_AND_ASTRONOMY
PUB_008974,ENGINEERING
PUB_008975,ENGINEERING
PUB_008976,MATERIALS_SCIENCE
PUB_008977,ENGINEERING
PUB_008978,MATERIALS_SCIENCE
PUB_008979,MATHEMATICS
PUB_008980,ENGINEERING
PUB_008981,PHYSICS_AND_ASTRONOMY
PUB_008982,PHYSICS_AND_ASTRONOMY
PUB_008983,ENGINEERING
PUB_008984,ENGINEERING
PUB_008985,ENGINEERING
PUB_008986,ENGINEERING
PUB_008987,ENGINEERING
PUB_008988,PHYSICS_AND_ASTRONOMY
PUB_008989,MATERIALS_SCIENCE
PUB_008990,MATERIALS_SCIENCE
PUB_008991,ENGINEERING
PUB_008992,ENGINEERING
PUB_008993,MATERIALS_SCIENCE
PUB_008994,MATERIALS_SCIENCE
PUB_008995,MATERIALS_SCIENCE
PUB_008996,ENGINEERING
PUB_008997,PHYSICS_AND_ASTRONOMY
PUB_008998,COMPUTER_SCIENCE
PUB_008999,ENGINEERING
PUB_009000,ENGINEERING
PUB_009001,ENGINEERING
PUB_009002,MATERIALS_SCIENCE
PUB_009003,MATERIALS_SCIENCE
PUB_009004,ENGINEERING
PUB_009005,MATERIALS_SCIENCE
PUB_009006,MATERIALS_SCIENCE
PUB_009007,COMPUTER_SCIENCE
PUB_009008,ENGINEERING
PUB_009009,ENGINEERING
PUB_009010,MATERIALS_SCIENCE
PUB_009011,MATERIALS_SCIENCE
PUB_009012,MATERIALS_SCIENCE
PUB_009013,ENGINEERING
PUB_009014,PHYSICS_AND_ASTRONOMY
PUB_009015,PHYSICS_AND_ASTRONOMY
PUB_009016,MATERIALS_SCIENCE
PUB_009017,ENGINEERING
PUB_009018,PHYSICS_AND_ASTRONOMY
PUB_009019,ENGINEERING
PUB_009020,ENGINEERING
PUB_009021,MATERIALS_SCIENCE
PUB_009022,ENGINEERING
PUB_009023,ENGINEERING
PUB_009024,PHYSICS_AND_ASTRONOMY
PUB_009025,MATERIALS_SCIENCE
PUB_009026,ENGINEERING
PUB_009027,PHYSICS_AND_ASTRONOMY
PUB_009028,PHYSICS_AND_ASTRONOMY
PUB_009029,ENGINEERING
PUB_009030,MATERIALS_SCIENCE
PUB_009031,MATERIALS_SCIENCE
PUB_009032,MATERIALS_SCIENCE
PUB_009033,COMPUTER_SCIENCE
PUB_009034,ENGINEERING
PUB_009035,MATERIALS_SCIENCE
PUB_009036,ENGINEERING
PUB_009037,ENGINEERING
PUB_009038,MATERIALS_SCIENCE
PUB_009039,ENGINEERING
PUB_009040,ENGINEERING
PUB_009041,ENGINEERING
PUB_009042,ENGINEERING
PUB_009043,ENGINEERING
PUB_009044,MATERIALS_SCIENCE
PUB_009045,ENGINEERING
PUB_009046,ENGINEERING
PUB_009047,ENGINEERING
PUB_009048,PHYSICS_AND_ASTRONOMY
PUB_009049,ENGINEERING
PUB_009050,ENGINEERING
PUB_009051,ENGINEERING
PUB_009052,ENGINEERING
PUB_009053,PHYSICS_AND_ASTRONOMY
PUB_009054,MATERIALS_SCIENCE
PUB_009055,ENGINEERING
PUB_009056,ENGINEERING
PUB_009057,COMPUTER_SCIENCE
PUB_009058,ENGINEERING
PUB_009059,ENGINEERING
PUB_009060,ENGINEERING
PUB_009061,MATERIALS_SCIENCE
PUB_009062,ENGINEERING
PUB_009063,ENGINEERING
PUB_009064,MATERIALS_SCIENCE
PUB_009065,PHYSICS_AND_ASTRONOMY
PUB_009066,MATERIALS_SCIENCE
PUB_009067,ENGINEERING
PUB_009068,MATERIALS_SCIENCE
PUB_009069,MATERIALS_SCIENCE
PUB_009070,PHYSICS_AND_ASTRONOMY
PUB_009071,MATERIALS_SCIENCE
PUB_009072,ENGINEERING
PUB_009073,ENGINEERING
PUB_009074,ENGINEERING
PUB_009075,ENGINEERING
PUB_009076,MATERIALS_SCIENCE
PUB_009077,MATERIALS_SCIENCE
PUB_009078,ENGINEERING
PUB_009079,MATERIALS_SCIENCE
PUB_009080,MATERIALS_SCIENCE
PUB_009081,COMPUTER_SCIENCE
PUB_009082,ENGINEERING
PUB_009083,PHYSICS_AND_ASTRONOMY
PUB_009084,MATERIALS_SCIENCE
PUB_009085,MATERIALS_SCIENCE
PUB_009086,ENGINEERING
PUB_009087,ENGINEERING
PUB_009088,MATERIALS_SCIENCE
PUB_009089,ENGINEERING
PUB_009090,ENGINEERING
PUB_009091,MATERIALS_SCIENCE
PUB_009092,ENGINEERING
PUB_009093,ENGINEERING
PUB_009094,ENGINEERING
PUB_009095,PHYSICS_AND_ASTRONOMY
PUB_009096,MATERIALS_SCIENCE
PUB_009097,ENGINEERING
PUB_009098,ENGINEERING
PUB_009099,ENGINEERING
PUB_009100,ENGINEERING
PUB_009101,ENGINEERING
PUB_009102,ENGINEERING
PUB_009103,ENGINEERING
PUB_009104,MATERIALS_SCIENCE
PUB_009105,ENGINEERING
PUB_009106,MATERIALS_SCIENCE
PUB_009107,MATERIALS_SCIENCE
PUB_009108,ENGINEERING
PUB_009109,ENGINEERING
PUB_009110,ENGINEERING
PUB_009111,ENGINEERING
PUB_009112,MATERIALS_SCIENCE
PUB_009113,MATERIALS_SCIENCE
PUB_009114,ENGINEERING
PUB_009115,ENGINEERING
PUB_009116,ENGINEERING
PUB_009117,PHYSICS_AND_ASTRONOMY
PUB_009118,PHYSICS_AND_ASTRONOMY
PUB_009119,ENGINEERING
PUB_009120,ENGINEERING
PUB_009121,MATERIALS_SCIENCE
PUB_009122,COMPUTER_SCIENCE
PUB_009123,MATERIALS_SCIENCE
PUB_009124,ENGINEERING
PUB_009125,ENGINEERING
PUB_009126,ENGINEERING
PUB_009127,PHYSICS_AND_ASTRONOMY
PUB_009128,ENGINEERING
PUB_009129,ENGINEERING
PUB_009130,ENGINEERING
PUB_009131,ENGINEERING
PUB_009132,ENGINEERING
PUB_009133,ENGINEERING
PUB_009134,PHYSICS_AND_ASTRONOMY
PUB_009135,ENGINEERING
PUB_009136,ENGINEERING
PUB_009137,ENGINEERING
PUB_009138,ENGINEERING
PUB_009139,ENGINEERING
PUB_009140,MATERIALS_SCIENCE
PUB_009141,ENGINEERING
PUB_009142,ENGINEERING
PUB_009143,COMPUTER_SCIENCE
PUB_009144,ENGINEERING
PUB_009145,MATERIALS_SCIENCE
PUB_009146,ENGINEERING
PUB_009147,ENGINEERING
PUB_009148,MATERIALS_SCIENCE
PUB_009149,ENGINEERING
PUB_009150,MATHEMATICS
PUB_009151,COMPUTER_SCIENCE
PUB_009152,MATERIALS_SCIENCE
PUB_009153,ENGINEERING
PUB_009154,COMPUTER_SCIENCE
PUB_009155,ENGINEERING
PUB_009156,MATERIALS_SCIENCE
PUB_009157,ENGINEERING
PUB_009158,PHYSICS_AND_ASTRONOMY
PUB_009159,ENGINEERING
PUB_009160,ENGINEERING
PUB_009161,COMPUTER_SCIENCE
PUB_009162,MATERIALS_SCIENCE
PUB_009163,ENGINEERING
PUB_009164,PHYSICS_AND_ASTRONOMY
PUB_009165,ENGINEERING
PUB_009166,MATERIALS_SCIENCE
PUB_009167,MATHEMATICS
PUB_009168,COMPUTER_SCIENCE
PUB_009169,MATERIALS_SCIENCE
PUB_009170,ENGINEERING
PUB_009171,MATERIALS_SCIENCE
PUB_009172,MATERIALS_SCIENCE
PUB_009173,COMPUTER_SCIENCE
PUB_009174,COMPUTER_SCIENCE
PUB_009175,ENGINEERING
PUB_009176,MATHEMATICS
PUB_009177,MATERIALS_SCIENCE
PUB_009178,ENGINEERING
PUB_009179,MATERIALS_SCIENCE
PUB_009180,ENGINEERING
PUB_009181,PHYSICS_AND_ASTRONOMY
PUB_009182,ENGINEERING
PUB_009183,ENGINEERING
PUB_009184,MATERIALS_SCIENCE
PUB_009185,MATERIALS_SCIENCE
PUB_009186,ENGINEERING
PUB_009187,MATERIALS_SCIENCE
PUB_009188,PHYSICS_AND_ASTRONOMY
PUB_009189,ENGINEERING
PUB_009190,PHYSICS_AND_ASTRONOMY
PUB_009191,PHYSICS_AND_ASTRONOMY
PUB_009192,MATERIALS_SCIENCE
PUB_009193,MATHEMATICS
PUB_009194,MATERIALS_SCIENCE
PUB_009195,COMPUTER_SCIENCE
PUB_009196,PHYSICS_AND_ASTRONOMY
PUB_009197,MATERIALS_SCIENCE
PUB_009198,ENGINEERING
PUB_009199,ENGINEERING
PUB_009200,MATERIALS_SCIENCE
PUB_009201,COMPUTER_SCIENCE
PUB_009202,ENGINEERING
PUB_009203,COMPUTER_SCIENCE
PUB_009204,MATERIALS_SCIENCE
PUB_009205,ENGINEERING
PUB_009206,PHYSICS_AND_ASTRONOMY
PUB_009207,ENGINEERING
PUB_009208,COMPUTER_SCIENCE
PUB_009209,ENGINEERING
PUB_009210,ENGINEERING
PUB_009211,PHYSICS_AND_ASTRONOMY
PUB_009212,ENGINEERING
PUB_009213,ENGINEERING
PUB_009214,PHYSICS_AND_ASTRONOMY
PUB_009215,ENGINEERING
PUB_009216,PHYSICS_AND_ASTRONOMY
PUB_009217,MATERIALS_SCIENCE
PUB_009218,ENGINEERING
PUB_009219,PHYSICS_AND_ASTRONOMY
PUB_009220,MATERIALS_SCIENCE
PUB_009221,ENGINEERING
PUB_009222,ENGINEERING
PUB_009223,MATERIALS_SCIENCE
PUB_009224,ENGINEERING
PUB_009225,MATERIALS_SCIENCE
PUB_009226,MATERIALS_SCIENCE
PUB_009227,PHYSICS_AND_ASTRONOMY
PUB_009228,ENGINEERING
PUB_009229,MATERIALS_SCIENCE
PUB_009230,ENGINEERING
PUB_009231,MATERIALS_SCIENCE
PUB_009232,MATERIALS_SCIENCE
PUB_009233,COMPUTER_SCIENCE
PUB_009234,PHYSICS_AND_ASTRONOMY
PUB_009235,ENGINEERING
PUB_009236,MATERIALS_SCIENCE
PUB_009237,ENGINEERING
PUB_009238,ENGINEERING
PUB_009239,ENGINEERING
PUB_009240,MATERIALS_SCIENCE
PUB_009241,MATHEMATICS
PUB_009242,COMPUTER_SCIENCE
PUB_009243,ENGINEERING
PUB_009244,MATERIALS_SCIENCE
PUB_009245,ENGINEERING
PUB_009246,MATHEMATICS
PUB_009247,ENGINEERING
PUB_009248,MATHEMATICS
PUB_009249,MATERIALS_SCIENCE
PUB_009250,ENGINEERING
PUB_009251,COMPUTER_SCIENCE
PUB_009252,ENGINEERING
PUB_009253,PHYSICS_AND_ASTRONOMY
PUB_009254,ENGINEERING
PUB_009255,MATHEMATICS
PUB_009256,ENGINEERING
PUB_009257,MATERIALS_SCIENCE
PUB_009258,MATHEMATICS
PUB_009259,ENGINEERING
PUB_009260,PHYSICS_AND_ASTRONOMY
PUB_009261,COMPUTER_SCIENCE
PUB_009262,MATHEMATICS
PUB_009263,ENGINEERING
PUB_009264,COMPUTER_SCIENCE
PUB_009265,ENGINEERING
PUB_009266,MATHEMATICS
PUB_009267,PHYSICS_AND_ASTRONOMY
PUB_009268,COMPUTER_SCIENCE
PUB_009269,ENGINEERING
PUB_009270,ENGINEERING
PUB_009271,MATERIALS_SCIENCE
PUB_009272,MATERIALS_SCIENCE
PUB_009273,ENGINEERING
PUB_009274,PHYSICS_AND_ASTRONOMY
PUB_009275,ENGINEERING
PUB_009276,MATERIALS_SCIENCE
PUB_009277,ENGINEERING
PUB_009278,PHYSICS_AND_ASTRONOMY
PUB_009279,PHYSICS_AND_ASTRONOMY
PUB_009280,ENGINEERING
PUB_009281,MATERIALS_SCIENCE
PUB_009282,COMPUTER_SCIENCE
PUB_009283,MATERIALS_SCIENCE
PUB_009284,ENGINEERING
PUB_009285,MATHEMATICS
PUB_009286,MATERIALS_SCIENCE
PUB_009287,ENGINEERING
PUB_009288,ENGINEERING
PUB_009289,ENGINEERING
PUB_009290,COMPUTER_SCIENCE
PUB_009291,PHYSICS_AND_ASTRONOMY
PUB_009292,ENGINEERING
PUB_009293,PHYSICS_AND_ASTRONOMY
PUB_009294,MATHEMATICS
PUB_009295,MATERIALS_SCIENCE
PUB_009296,ENGINEERING
PUB_009297,PHYSICS_AND_ASTRONOMY
PUB_009298,PHYSICS_AND_ASTRONOMY
PUB_009299,ENGINEERING
PUB_009300,MATERIALS_SCIENCE
PUB_009301,ENGINEERING
PUB_009302,ENGINEERING
PUB_009303,MATERIALS_SCIENCE
PUB_009304,ENGINEERING
PUB_009305,MATERIALS_SCIENCE
PUB_009306,ENGINEERING
PUB_009307,COMPUTER_SCIENCE
PUB_009308,COMPUTER_SCIENCE
PUB_009309,ENGINEERING
PUB_009310,ENGINEERING
PUB_009311,ENGINEERING
PUB_009312,ENGINEERING
PUB_009313,PHYSICS_AND_ASTRONOMY
PUB_009314,COMPUTER_SCIENCE
PUB_009315,ENGINEERING
PUB_009316,ENGINEERING
PUB_009317,ENGINEERING
PUB_009318,PHYSICS_AND_ASTRONOMY
PUB_009319,PHYSICS_AND_ASTRONOMY
PUB_009320,ENGINEERING
PUB_009321,ENGINEERING
PUB_009322,MATHEMATICS
PUB_009323,MATERIALS_SCIENCE
PUB_009324,COMPUTER_SCIENCE
PUB_009325,COMPUTER_SCIENCE
PUB_009326,PHYSICS_AND_ASTRONOMY
PUB_009327,COMPUTER_SCIENCE
PUB_009328,ENGINEERING
PUB_009329,MATERIALS_SCIENCE
PUB_009330,COMPUTER_SCIENCE
PUB_009331,ENGINEERING
PUB_009332,MATERIALS_SCIENCE
PUB_009333,ENGINEERING
PUB_009334,ENGINEERING
PUB_009335,PHYSICS_AND_ASTRONOMY
PUB_009336,MATERIALS_SCIENCE
PUB_009337,ENGINEERING
PUB_009338,MATERIALS_SCIENCE
PUB_009339,ENGINEERING
PUB_009340,ENGINEERING
PUB_009341,ENGINEERING
PUB_009342,ENGINEERING
PUB_009343,ENGINEERING
PUB_009344,COMPUTER_SCIENCE
PUB_009345,PHYSICS_AND_ASTRONOMY
PUB_009346,COMPUTER_SCIENCE
PUB_009347,MATERIALS_SCIENCE
PUB_009348,MATERIALS_SCIENCE
PUB_009349,ENGINEERING
PUB_009350,MATERIALS_SCIENCE
PUB_009351,ENGINEERING
PUB_009352,MATERIALS_SCIENCE
PUB_009353,PHYSICS_AND_ASTRONOMY
PUB_009354,ENGINEERING
PUB_009355,ENGINEERING
PUB_009356,COMPUTER_SCIENCE
PUB_009357,PHYSICS_AND_ASTRONOMY
PUB_009358,ENGINEERING
PUB_009359,ENGINEERING
PUB_009360,MATERIALS_SCIENCE
PUB_009361,PHYSICS_AND_ASTRONOMY
PUB_009362,PHYSICS_AND_ASTRONOMY
PUB_009363,COMPUTER_SCIENCE
PUB_009364,ENGINEERING
PUB_009365,ENGINEERING
PUB_009366,ENGINEERING
PUB_009367,MATHEMATICS
PUB_009368,ENGINEERING
PUB_009369,MATERIALS_SCIENCE
PUB_009370,MATERIALS_SCIENCE
PUB_009371,COMPUTER_SCIENCE
PUB_009372,COMPUTER_SCIENCE
PUB_009373,COMPUTER_SCIENCE
PUB_009374,MATHEMATICS
PUB_009375,MATHEMATICS
PUB_009376,MATERIALS_SCIENCE
PUB_009377,PHYSICS_AND_ASTRONOMY
PUB_009378,MATERIALS_SCIENCE
PUB_009379,MATERIALS_SCIENCE
PUB_009380,PHYSICS_AND_ASTRONOMY
PUB_009381,ENGINEERING
PUB_009382,ENGINEERING
PUB_009383,ENGINEERING
PUB_009384,COMPUTER_SCIENCE
PUB_009385,COMPUTER_SCIENCE
PUB_009386,MATERIALS_SCIENCE
PUB_009387,MATERIALS_SCIENCE
PUB_009388,COMPUTER_SCIENCE
PUB_009389,MATERIALS_SCIENCE
PUB_009390,MATERIALS_SCIENCE
PUB_009391,MATERIALS_SCIENCE
PUB_009392,ENGINEERING
PUB_009393,ENGINEERING
PUB_009394,MATERIALS_SCIENCE
PUB_009395,ENGINEERING
PUB_009396,COMPUTER_SCIENCE
PUB_009397,MATERIALS_SCIENCE
PUB_009398,MATERIALS_SCIENCE
PUB_009399,MATERIALS_SCIENCE
PUB_009400,ENGINEERING
PUB_009401,ENGINEERING
PUB_009402,ENGINEERING
PUB_009403,MATERIALS_SCIENCE
PUB_009404,ENGINEERING
PUB_009405,ENGINEERING
PUB_009406,COMPUTER_SCIENCE
PUB_009407,ENGINEERING
PUB_009408,PHYSICS_AND_ASTRONOMY
PUB_009409,ENGINEERING
PUB_009410,COMPUTER_SCIENCE
PUB_009411,ENGINEERING
PUB_009412,PHYSICS_AND_ASTRONOMY
PUB_009413,ENGINEERING
PUB_009414,ENGINEERING
PUB_009415,ENGINEERING
PUB_009416,PHYSICS_AND_ASTRONOMY
PUB_009417,MATERIALS_SCIENCE
PUB_009418,MATERIALS_SCIENCE
PUB_009419,COMPUTER_SCIENCE
PUB_009420,MATERIALS_SCIENCE
PUB_009421,ENGINEERING
PUB_009422,COMPUTER_SCIENCE
PUB_009423,ENGINEERING
PUB_009424,PHYSICS_AND_ASTRONOMY
PUB_009425,ENGINEERING
PUB_009426,ENGINEERING
PUB_009427,ENGINEERING
PUB_009428,PHYSICS_AND_ASTRONOMY
PUB_009429,MATERIALS_SCIENCE
PUB_009430,ENGINEERING
PUB_009431,ENGINEERING
PUB_009432,COMPUTER_SCIENCE
PUB_009433,ENGINEERING
PUB_009434,ENGINEERING
PUB_009435,ENGINEERING
PUB_009436,ENGINEERING
PUB_009437,MATHEMATICS
PUB_009438,ENGINEERING
PUB_009439,COMPUTER_SCIENCE
PUB_009440,ENGINEERING
PUB_009441,ENGINEERING
PUB_009442,COMPUTER_SCIENCE
PUB_009443,MATERIALS_SCIENCE
PUB_009444,COMPUTER_SCIENCE
PUB_009445,ENGINEERING
PUB_009446,MATERIALS_SCIENCE
PUB_009447,MATERIALS_SCIENCE
PUB_009448,ENGINEERING
PUB_009449,COMPUTER_SCIENCE
PUB_009450,MATERIALS_SCIENCE
PUB_009451,ENGINEERING
PUB_009452,PHYSICS_AND_ASTRONOMY
PUB_009453,ENGINEERING
PUB_009454,PHYSICS_AND_ASTRONOMY
PUB_009455,MATERIALS_SCIENCE
PUB_009456,COMPUTER_SCIENCE
PUB_009457,ENGINEERING
PUB_009458,ENGINEERING
PUB_009459,ENGINEERING
PUB_009460,ENGINEERING
PUB_009461,ENGINEERING
PUB_009462,ENGINEERING
PUB_009463,ENGINEERING
PUB_009464,MATERIALS_SCIENCE
PUB_009465,ENGINEERING
PUB_009466,ENGINEERING
PUB_009467,COMPUTER_SCIENCE
PUB_009468,COMPUTER_SCIENCE
PUB_009469,ENGINEERING
PUB_009470,MATHEMATICS
PUB_009471,ENGINEERING
PUB_009472,COMPUTER_SCIENCE
PUB_009473,ENGINEERING
PUB_009474,MATERIALS_SCIENCE
PUB_009475,MATERIALS_SCIENCE
PUB_009476,ENGINEERING
PUB_009477,COMPUTER_SCIENCE
PUB_009478,ENGINEERING
PUB_009479,MATERIALS_SCIENCE
PUB_009480,ENGINEERING
PUB_009481,PHYSICS_AND_ASTRONOMY
PUB_009482,MATERIALS_SCIENCE
PUB_009483,ENGINEERING
PUB_009484,MATERIALS_SCIENCE
PUB_009485,COMPUTER_SCIENCE
PUB_009486,MATHEMATICS
PUB_009487,ENGINEERING
PUB_009488,COMPUTER_SCIENCE
PUB_009489,MATERIALS_SCIENCE
PUB_009490,MATERIALS_SCIENCE
PUB_009491,ENGINEERING
PUB_009492,ENGINEERING
PUB_009493,ENGINEERING
PUB_009494,ENGINEERING
PUB_009495,COMPUTER_SCIENCE
PUB_009496,ENGINEERING
PUB_009497,PHYSICS_AND_ASTRONOMY
PUB_009498,ENGINEERING
PUB_009499,ENGINEERING
PUB_009500,MATERIALS_SCIENCE
PUB_009501,ENGINEERING
PUB_009502,COMPUTER_SCIENCE
PUB_009503,MATHEMATICS
PUB_009504,ENGINEERING
PUB_009505,ENGINEERING
PUB_009506,COMPUTER_SCIENCE
PUB_009507,COMPUTER_SCIENCE
PUB_009508,COMPUTER_SCIENCE
PUB_009509,COMPUTER_SCIENCE
PUB_009510,MATERIALS_SCIENCE
PUB_009511,MATERIALS_SCIENCE
PUB_009512,COMPUTER_SCIENCE
PUB_009513,ENGINEERING
PUB_009514,ENGINEERING
PUB_009515,COMPUTER_SCIENCE
PUB_009516,ENGINEERING
PUB_009517,ENGINEERING
PUB_009518,COMPUTER_SCIENCE
PUB_009519,PHYSICS_AND_ASTRONOMY
PUB_009520,PHYSICS_AND_ASTRONOMY
PUB_009521,ENGINEERING
PUB_009522,COMPUTER_SCIENCE
PUB_009523,MATHEMATICS
PUB_009524,ENGINEERING
PUB_009525,ENGINEERING
PUB_009526,COMPUTER_SCIENCE
PUB_009527,ENGINEERING
PUB_009528,MATERIALS_SCIENCE
PUB_009529,COMPUTER_SCIENCE
PUB_009530,ENGINEERING
PUB_009531,ENGINEERING
PUB_009532,ENGINEERING
PUB_009533,ENGINEERING
PUB_009534,MATERIALS_SCIENCE
PUB_009535,ENGINEERING
PUB_009536,MATHEMATICS
PUB_009537,ENGINEERING
PUB_009538,ENGINEERING
PUB_009539,ENGINEERING
PUB_009540,MATERIALS_SCIENCE
PUB_009541,ENGINEERING
PUB_009542,COMPUTER_SCIENCE
PUB_009543,ENGINEERING
PUB_009544,COMPUTER_SCIENCE
PUB_009545,ENGINEERING
PUB_009546,ENGINEERING
PUB_009547,ENGINEERING
PUB_009548,COMPUTER_SCIENCE
PUB_009549,ENGINEERING
PUB_009550,COMPUTER_SCIENCE
PUB_009551,MATERIALS_SCIENCE
PUB_009552,ENGINEERING
PUB_009553,MATERIALS_SCIENCE
PUB_009554,MATHEMATICS
PUB_009555,COMPUTER_SCIENCE
PUB_009556,PHYSICS_AND_ASTRONOMY
PUB_009557,ENGINEERING
PUB_009558,ENGINEERING
PUB_009559,MATERIALS_SCIENCE
PUB_009560,ENGINEERING
PUB_009561,PHYSICS_AND_ASTRONOMY
PUB_009562,MATHEMATICS
PUB_009563,MATERIALS_SCIENCE
PUB_009564,ENGINEERING
PUB_009565,ENGINEERING
PUB_009566,PHYSICS_AND_ASTRONOMY
PUB_009567,PHYSICS_AND_ASTRONOMY
PUB_009568,PHYSICS_AND_ASTRONOMY
PUB_009569,ENGINEERING
PUB_009570,PHYSICS_AND_ASTRONOMY
PUB_009571,MATERIALS_SCIENCE
PUB_009572,MATERIALS_SCIENCE
PUB_009573,MATERIALS_SCIENCE
PUB_009574,ENGINEERING
PUB_009575,ENGINEERING
PUB_009576,ENGINEERING
PUB_009577,COMPUTER_SCIENCE
PUB_009578,ENGINEERING
PUB_009579,PHYSICS_AND_ASTRONOMY
PUB_009580,ENGINEERING
PUB_009581,ENGINEERING
PUB_009582,MATHEMATICS
PUB_009583,MATHEMATICS
PUB_009584,ENGINEERING
PUB_009585,MATHEMATICS
PUB_009586,ENGINEERING
PUB_009587,MATERIALS_SCIENCE
PUB_009588,COMPUTER_SCIENCE
PUB_009589,MATERIALS_SCIENCE
PUB_009590,ENGINEERING
PUB_009591,ENGINEERING
PUB_009592,ENGINEERING
PUB_009593,ENGINEERING
PUB_009594,ENGINEERING
PUB_009595,COMPUTER_SCIENCE
PUB_009596,COMPUTER_SCIENCE
PUB_009597,COMPUTER_SCIENCE
PUB_009598,ENGINEERING
PUB_009599,ENGINEERING
PUB_009600,MATERIALS_SCIENCE
PUB_009601,ENGINEERING
PUB_009602,ENGINEERING
PUB_009603,MATERIALS_SCIENCE
PUB_009604,ENGINEERING
PUB_009605,MATERIALS_SCIENCE
PUB_009606,COMPUTER_SCIENCE
PUB_009607,COMPUTER_SCIENCE
PUB_009608,COMPUTER_SCIENCE
PUB_009609,COMPUTER_SCIENCE
PUB_009610,MATHEMATICS
PUB_009611,ENGINEERING
PUB_009612,PHYSICS_AND_ASTRONOMY
PUB_009613,ENGINEERING
PUB_009614,ENGINEERING
PUB_009615,COMPUTER_SCIENCE
PUB_009616,ENGINEERING
PUB_009617,MATERIALS_SCIENCE
PUB_009618,MATERIALS_SCIENCE
PUB_009619,ENGINEERING
PUB_009620,ENGINEERING
PUB_009621,ENGINEERING
PUB_009622,PHYSICS_AND_ASTRONOMY
PUB_009623,ENGINEERING
PUB_009624,COMPUTER_SCIENCE
PUB_009625,ENGINEERING
PUB_009626,MATERIALS_SCIENCE
PUB_009627,ENGINEERING
PUB_009628,MATERIALS_SCIENCE
PUB_009629,ENGINEERING
PUB_009630,COMPUTER_SCIENCE
PUB_009631,ENGINEERING
PUB_009632,ENGINEERING
PUB_009633,ENGINEERING
PUB_009634,MATERIALS_SCIENCE
PUB_009635,ENGINEERING
PUB_009636,ENGINEERING
PUB_009637,COMPUTER_SCIENCE
PUB_009638,PHYSICS_AND_ASTRONOMY
PUB_009639,ENGINEERING
PUB_009640,ENGINEERING
PUB_009641,ENGINEERING
PUB_009642,PHYSICS_AND_ASTRONOMY
PUB_009643,ENGINEERING
PUB_009644,MATERIALS_SCIENCE
PUB_009645,PHYSICS_AND_ASTRONOMY
PUB_009646,ENGINEERING
PUB_009647,COMPUTER_SCIENCE
PUB_009648,ENGINEERING
PUB_009649,ENGINEERING
PUB_009650,MATERIALS_SCIENCE
PUB_009651,COMPUTER_SCIENCE
PUB_009652,PHYSICS_AND_ASTRONOMY
PUB_009653,ENGINEERING
PUB_009654,ENGINEERING
PUB_009655,ENGINEERING
PUB_009656,PHYSICS_AND_ASTRONOMY
PUB_009657,ENGINEERING
PUB_009658,ENGINEERING
PUB_009659,ENGINEERING
PUB_009660,ENGINEERING
PUB_009661,MATERIALS_SCIENCE
PUB_009662,ENGINEERING
PUB_009663,ENGINEERING
PUB_009664,COMPUTER_SCIENCE
PUB_009665,PHYSICS_AND_ASTRONOMY
PUB_009666,ENGINEERING
PUB_009667,ENGINEERING
PUB_009668,ENGINEERING
PUB_009669,ENGINEERING
PUB_009670,COMPUTER_SCIENCE
PUB_009671,ENGINEERING
PUB_009672,ENGINEERING
PUB_009673,MATHEMATICS
PUB_009674,COMPUTER_SCIENCE
PUB_009675,MATERIALS_SCIENCE
PUB_009676,MATERIALS_SCIENCE
PUB_009677,ENGINEERING
PUB_009678,COMPUTER_SCIENCE
PUB_009679,ENGINEERING
PUB_009680,PHYSICS_AND_ASTRONOMY
PUB_009681,MATERIALS_SCIENCE
PUB_009682,PHYSICS_AND_ASTRONOMY
PUB_009683,ENGINEERING
PUB_009684,ENGINEERING
PUB_009685,MATERIALS_SCIENCE
PUB_009686,ENGINEERING
PUB_009687,PHYSICS_AND_ASTRONOMY
PUB_009688,ENGINEERING
PUB_009689,ENGINEERING
PUB_009690,COMPUTER_SCIENCE
PUB_009691,ENGINEERING
PUB_009692,PHYSICS_AND_ASTRONOMY
PUB_009693,ENGINEERING
PUB_009694,ENGINEERING
PUB_009695,ENGINEERING
PUB_009696,ENGINEERING
PUB_009697,MATHEMATICS
PUB_009698,MATERIALS_SCIENCE
PUB_009699,COMPUTER_SCIENCE
PUB_009700,COMPUTER_SCIENCE
PUB_009701,ENGINEERING
PUB_009702,COMPUTER_SCIENCE
PUB_009703,ENGINEERING
PUB_009704,MATERIALS_SCIENCE
PUB_009705,ENGINEERING
PUB_009706,PHYSICS_AND_ASTRONOMY
PUB_009707,MATERIALS_SCIENCE
PUB_009708,COMPUTER_SCIENCE
PUB_009709,ENGINEERING
PUB_009710,ENGINEERING
PUB_009711,ENGINEERING
PUB_009712,ENGINEERING
PUB_009713,PHYSICS_AND_ASTRONOMY
PUB_009714,MATERIALS_SCIENCE
PUB_009715,MATERIALS_SCIENCE
PUB_009716,COMPUTER_SCIENCE
PUB_009717,PHYSICS_AND_ASTRONOMY
PUB_009718,ENGINEERING
PUB_009719,MATERIALS_SCIENCE
PUB_009720,ENGINEERING
PUB_009721,COMPUTER_SCIENCE
PUB_009722,COMPUTER_SCIENCE
PUB_009723,ENGINEERING
PUB_009724,ENGINEERING
PUB_009725,ENGINEERING
PUB_009726,PHYSICS_AND_ASTRONOMY
PUB_009727,PHYSICS_AND_ASTRONOMY
PUB_009728,COMPUTER_SCIENCE
PUB_009729,MATHEMATICS
PUB_009730,ENGINEERING
PUB_009731,COMPUTER_SCIENCE
PUB_009732,ENGINEERING
PUB_009733,ENGINEERING
PUB_009734,COMPUTER_SCIENCE
PUB_009735,MATERIALS_SCIENCE
PUB_009736,COMPUTER_SCIENCE
PUB_009737,PHYSICS_AND_ASTRONOMY
PUB_009738,COMPUTER_SCIENCE
PUB_009739,ENGINEERING
PUB_009740,ENGINEERING
PUB_009741,ENGINEERING
PUB_009742,COMPUTER_SCIENCE
PUB_009743,ENGINEERING
PUB_009744,MATERIALS_SCIENCE
PUB_009745,MATERIALS_SCIENCE
PUB_009746,PHYSICS_AND_ASTRONOMY
PUB_009747,COMPUTER_SCIENCE
PUB_009748,MATERIALS_SCIENCE
PUB_009749,ENGINEERING
PUB_009750,COMPUTER_SCIENCE
PUB_009751,ENGINEERING
PUB_009752,COMPUTER_SCIENCE
PUB_009753,COMPUTER_SCIENCE
PUB_009754,ENGINEERING
PUB_009755,COMPUTER_SCIENCE
PUB_009756,ENGINEERING
PUB_009757,MATHEMATICS
PUB_009758,COMPUTER_SCIENCE
PUB_009759,MATERIALS_SCIENCE
PUB_009760,ENGINEERING
PUB_009761,ENGINEERING
PUB_009762,MATHEMATICS
PUB_009763,MATHEMATICS
PUB_009764,MATERIALS_SCIENCE
PUB_009765,ENGINEERING
PUB_009766,MATERIALS_SCIENCE
PUB_009767,COMPUTER_SCIENCE
PUB_009768,ENGINEERING
PUB_009769,ENGINEERING
PUB_009770,MATERIALS_SCIENCE
PUB_009771,COMPUTER_SCIENCE
PUB_009772,ENGINEERING
PUB_009773,PHYSICS_AND_ASTRONOMY
PUB_009774,ENGINEERING
PUB_009775,MATERIALS_SCIENCE
PUB_009776,COMPUTER_SCIENCE
PUB_009777,COMPUTER_SCIENCE
PUB_009778,COMPUTER_SCIENCE
PUB_009779,ENGINEERING
PUB_009780,PHYSICS_AND_ASTRONOMY
PUB_009781,MATERIALS_SCIENCE
PUB_009782,ENGINEERING
PUB_009783,MATERIALS_SCIENCE
PUB_009784,ENGINEERING
PUB_009785,PHYSICS_AND_ASTRONOMY
PUB_009786,ENGINEERING
PUB_009787,ENGINEERING
PUB_009788,ENGINEERING
PUB_009789,MATERIALS_SCIENCE
PUB_009790,ENGINEERING
PUB_009791,COMPUTER_SCIENCE
PUB_009792,ENGINEERING
PUB_009793,ENGINEERING
PUB_009794,PHYSICS_AND_ASTRONOMY
PUB_009795,ENGINEERING
PUB_009796,PHYSICS_AND_ASTRONOMY
PUB_009797,COMPUTER_SCIENCE
PUB_009798,ENGINEERING
PUB_009799,PHYSICS_AND_ASTRONOMY
PUB_009800,ENGINEERING
PUB_009801,ENGINEERING
PUB_009802,ENGINEERING
PUB_009803,ENGINEERING
PUB_009804,MATERIALS_SCIENCE
PUB_009805,ENGINEERING
PUB_009806,ENGINEERING
PUB_009807,MATERIALS_SCIENCE
PUB_009808,MATERIALS_SCIENCE
PUB_009809,COMPUTER_SCIENCE
PUB_009810,MATERIALS_SCIENCE
PUB_009811,ENGINEERING
PUB_009812,ENGINEERING
PUB_009813,ENGINEERING
PUB_009814,PHYSICS_AND_ASTRONOMY
PUB_009815,ENGINEERING
PUB_009816,ENGINEERING
PUB_009817,ENGINEERING
PUB_009818,MATERIALS_SCIENCE
PUB_009819,ENGINEERING
PUB_009820,ENGINEERING
PUB_009821,MATERIALS_SCIENCE
PUB_009822,ENGINEERING
PUB_009823,PHYSICS_AND_ASTRONOMY
PUB_009824,ENGINEERING
PUB_009825,PHYSICS_AND_ASTRONOMY
PUB_009826,ENGINEERING
PUB_009827,COMPUTER_SCIENCE
PUB_009828,ENGINEERING
PUB_009829,ENGINEERING
PUB_009830,ENGINEERING
PUB_009831,ENGINEERING
PUB_009832,ENGINEERING
PUB_009833,COMPUTER_SCIENCE
PUB_009834,ENGINEERING
PUB_009835,ENGINEERING
PUB_009836,ENGINEERING
PUB_009837,ENGINEERING
PUB_009838,COMPUTER_SCIENCE
PUB_009839,PHYSICS_AND_ASTRONOMY
PUB_009840,COMPUTER_SCIENCE
PUB_009841,ENGINEERING
PUB_009842,PHYSICS_AND_ASTRONOMY
PUB_009843,ENGINEERING
PUB_009844,MATHEMATICS
PUB_009845,COMPUTER_SCIENCE
PUB_009846,COMPUTER_SCIENCE
PUB_009847,COMPUTER_SCIENCE
PUB_009848,ENGINEERING
PUB_009849,MATERIALS_SCIENCE
PUB_009850,PHYSICS_AND_ASTRONOMY
PUB_009851,COMPUTER_SCIENCE
PUB_009852,PHYSICS_AND_ASTRONOMY
PUB_009853,MATERIALS_SCIENCE
PUB_009854,MATHEMATICS
PUB_009855,ENGINEERING
PUB_009856,ENGINEERING
PUB_009857,ENGINEERING
PUB_009858,MATHEMATICS
PUB_009859,ENGINEERING
PUB_009860,COMPUTER_SCIENCE
PUB_009861,ENGINEERING
PUB_009862,PHYSICS_AND_ASTRONOMY
PUB_009863,PHYSICS_AND_ASTRONOMY
PUB_009864,ENGINEERING
PUB_009865,MATHEMATICS
PUB_009866,ENGINEERING
PUB_009867,COMPUTER_SCIENCE
PUB_009868,COMPUTER_SCIENCE
PUB_009869,COMPUTER_SCIENCE
PUB_009870,ENGINEERING
PUB_009871,ENGINEERING
PUB_009872,ENGINEERING
PUB_009873,ENGINEERING
PUB_009874,MATERIALS_SCIENCE
PUB_009875,ENGINEERING
PUB_009876,ENGINEERING
PUB_009877,ENGINEERING
PUB_009878,MATERIALS_SCIENCE
PUB_009879,COMPUTER_SCIENCE
PUB_009880,PHYSICS_AND_ASTRONOMY
PUB_009881,MATERIALS_SCIENCE
PUB_009882,ENGINEERING
PUB_009883,ENGINEERING
PUB_009884,MATERIALS_SCIENCE
PUB_009885,ENGINEERING
PUB_009886,ENGINEERING
PUB_009887,ENGINEERING
PUB_009888,COMPUTER_SCIENCE
PUB_009889,ENGINEERING
PUB_009890,PHYSICS_AND_ASTRONOMY
PUB_009891,ENGINEERING
PUB_009892,COMPUTER_SCIENCE
PUB_009893,COMPUTER_SCIENCE
PUB_009894,ENGINEERING
PUB_009895,ENGINEERING
PUB_009896,ENGINEERING
PUB_009897,MATHEMATICS
PUB_009898,COMPUTER_SCIENCE
PUB_009899,ENGINEERING
PUB_009900,ENGINEERING
PUB_009901,MATERIALS_SCIENCE
PUB_009902,ENGINEERING
PUB_009903,COMPUTER_SCIENCE
PUB_009904,ENGINEERING
PUB_009905,ENGINEERING
PUB_009906,COMPUTER_SCIENCE
PUB_009907,COMPUTER_SCIENCE
PUB_009908,COMPUTER_SCIENCE
PUB_009909,ENGINEERING
PUB_009910,MATERIALS_SCIENCE
PUB_009911,ENGINEERING
PUB_009912,ENGINEERING
PUB_009913,COMPUTER_SCIENCE
PUB_009914,MATERIALS_SCIENCE
PUB_009915,ENGINEERING
PUB_009916,ENGINEERING
PUB_009917,ENGINEERING
PUB_009918,ENGINEERING
PUB_009919,MATERIALS_SCIENCE
PUB_009920,ENGINEERING
PUB_009921,PHYSICS_AND_ASTRONOMY
PUB_009922,MATERIALS_SCIENCE
PUB_009923,ENGINEERING
PUB_009924,ENGINEERING
PUB_009925,COMPUTER_SCIENCE
PUB_009926,ENGINEERING
PUB_009927,ENGINEERING
PUB_009928,MATERIALS_SCIENCE
PUB_009929,ENGINEERING
PUB_009930,ENGINEERING
PUB_009931,ENGINEERING
PUB_009932,PHYSICS_AND_ASTRONOMY
PUB_009933,ENGINEERING
PUB_009934,COMPUTER_SCIENCE
PUB_009935,MATERIALS_SCIENCE
PUB_009936,ENGINEERING
PUB_009937,MATHEMATICS
PUB_009938,PHYSICS_AND_ASTRONOMY
PUB_009939,COMPUTER_SCIENCE
PUB_009940,COMPUTER_SCIENCE
PUB_009941,ENGINEERING
PUB_009942,MATERIALS_SCIENCE
PUB_009943,MATHEMATICS
PUB_009944,MATERIALS_SCIENCE
PUB_009945,MATERIALS_SCIENCE
PUB_009946,COMPUTER_SCIENCE
PUB_009947,MATHEMATICS
PUB_009948,ENGINEERING
PUB_009949,ENGINEERING
PUB_009950,MATHEMATICS
PUB_009951,ENGINEERING
PUB_009952,ENGINEERING
PUB_009953,ENGINEERING
PUB_009954,ENGINEERING
PUB_009955,MATERIALS_SCIENCE
PUB_009956,ENGINEERING
PUB_009957,COMPUTER_SCIENCE
PUB_009958,MATERIALS_SCIENCE
PUB_009959,ENGINEERING
PUB_009960,COMPUTER_SCIENCE
PUB_009961,ENGINEERING
PUB_009962,COMPUTER_SCIENCE
PUB_009963,MATHEMATICS
PUB_009964,COMPUTER_SCIENCE
PUB_009965,ENGINEERING
PUB_009966,ENGINEERING
PUB_009967,ENGINEERING
PUB_009968,COMPUTER_SCIENCE
PUB_009969,ENGINEERING
PUB_009970,COMPUTER_SCIENCE
PUB_009971,ENGINEERING
PUB_009972,PHYSICS_AND_ASTRONOMY
PUB_009973,ENGINEERING
PUB_009974,PHYSICS_AND_ASTRONOMY
PUB_009975,MATHEMATICS
PUB_009976,MATHEMATICS
PUB_009977,PHYSICS_AND_ASTRONOMY
PUB_009978,PHYSICS_AND_ASTRONOMY
PUB_009979,PHYSICS_AND_ASTRONOMY
PUB_009980,MATERIALS_SCIENCE
PUB_009981,PHYSICS_AND_ASTRONOMY
PUB_009982,ENGINEERING
PUB_009983,ENGINEERING
PUB_009984,COMPUTER_SCIENCE
PUB_009985,COMPUTER_SCIENCE
PUB_009986,ENGINEERING
PUB_009987,ENGINEERING
PUB_009988,COMPUTER_SCIENCE
PUB_009989,PHYSICS_AND_ASTRONOMY
PUB_009990,PHYSICS_AND_ASTRONOMY
PUB_009991,PHYSICS_AND_ASTRONOMY
PUB_009992,ENGINEERING
PUB_009993,MATERIALS_SCIENCE
PUB_009994,COMPUTER_SCIENCE
PUB_009995,COMPUTER_SCIENCE
PUB_009996,ENGINEERING
PUB_009997,PHYSICS_AND_ASTRONOMY
PUB_009998,MATERIALS_SCIENCE
PUB_009999,ENGINEERING
PUB_010000,ENGINEERING
PUB_010001,COMPUTER_SCIENCE
PUB_010002,ENGINEERING
PUB_010003,MATERIALS_SCIENCE
PUB_010004,PHYSICS_AND_ASTRONOMY
PUB_010005,ENGINEERING
PUB_010006,ENGINEERING
PUB_010007,ENGINEERING
PUB_010008,ENGINEERING
PUB_010009,ENGINEERING
PUB_010010,ENGINEERING
PUB_010011,COMPUTER_SCIENCE
PUB_010012,COMPUTER_SCIENCE
PUB_010013,ENGINEERING
PUB_010014,ENGINEERING
PUB_010015,ENGINEERING
PUB_010016,ENGINEERING
PUB_010017,ENGINEERING
PUB_010018,ENGINEERING
PUB_010019,MATHEMATICS
PUB_010020,ENGINEERING
PUB_010021,COMPUTER_SCIENCE
PUB_010022,ENGINEERING
PUB_010023,ENGINEERING
PUB_010024,COMPUTER_SCIENCE
PUB_010025,ENGINEERING
PUB_010026,PHYSICS_AND_ASTRONOMY
PUB_010027,ENGINEERING
PUB_010028,PHYSICS_AND_ASTRONOMY
PUB_010029,ENGINEERING
PUB_010030,ENGINEERING
PUB_010031,COMPUTER_SCIENCE
PUB_010032,ENGINEERING
PUB_010033,ENGINEERING
PUB_010034,ENGINEERING
PUB_010035,PHYSICS_AND_ASTRONOMY
PUB_010036,ENGINEERING
PUB_010037,ENGINEERING
PUB_010038,ENGINEERING
PUB_010039,COMPUTER_SCIENCE
PUB_010040,PHYSICS_AND_ASTRONOMY
PUB_010041,MATERIALS_SCIENCE
PUB_010042,ENGINEERING
PUB_010043,COMPUTER_SCIENCE
PUB_010044,COMPUTER_SCIENCE
PUB_010045,ENGINEERING
PUB_010046,PHYSICS_AND_ASTRONOMY
PUB_010047,ENGINEERING
PUB_010048,ENGINEERING
PUB_010049,COMPUTER_SCIENCE
PUB_010050,COMPUTER_SCIENCE
PUB_010051,ENGINEERING
PUB_010052,MATERIALS_SCIENCE
PUB_010053,MATHEMATICS
PUB_010054,ENGINEERING
PUB_010055,PHYSICS_AND_ASTRONOMY
PUB_010056,COMPUTER_SCIENCE
PUB_010057,ENGINEERING
PUB_010058,ENGINEERING
PUB_010059,ENGINEERING
PUB_010060,ENGINEERING
PUB_010061,COMPUTER_SCIENCE
PUB_010062,ENGINEERING
PUB_010063,ENGINEERING
PUB_010064,MATERIALS_SCIENCE
PUB_010065,ENGINEERING
PUB_010066,ENGINEERING
PUB_010067,ENGINEERING
PUB_010068,ENGINEERING
PUB_010069,ENGINEERING
PUB_010070,ENGINEERING
PUB_010071,ENGINEERING
PUB_010072,PHYSICS_AND_ASTRONOMY
PUB_010073,COMPUTER_SCIENCE
PUB_010074,ENGINEERING
PUB_010075,ENGINEERING
PUB_010076,ENGINEERING
PUB_010077,COMPUTER_SCIENCE
PUB_010078,COMPUTER_SCIENCE
PUB_010079,ENGINEERING
PUB_010080,COMPUTER_SCIENCE
PUB_010081,COMPUTER_SCIENCE
PUB_010082,COMPUTER_SCIENCE
PUB_010083,ENGINEERING
PUB_010084,PHYSICS_AND_ASTRONOMY
PUB_010085,ENGINEERING
PUB_010086,COMPUTER_SCIENCE
PUB_010087,PHYSICS_AND_ASTRONOMY
PUB_010088,MATHEMATICS
PUB_010089,COMPUTER_SCIENCE
PUB_010090,PHYSICS_AND_ASTRONOMY
PUB_010091,ENGINEERING
PUB_010092,ENGINEERING
PUB_010093,PHYSICS_AND_ASTRONOMY
PUB_010094,ENGINEERING
PUB_010095,COMPUTER_SCIENCE
PUB_010096,COMPUTER_SCIENCE
PUB_010097,PHYSICS_AND_ASTRONOMY
PUB_010098,ENGINEERING
PUB_010099,PHYSICS_AND_ASTRONOMY
PUB_010100,ENGINEERING
PUB_010101,COMPUTER_SCIENCE
PUB_010102,MATERIALS_SCIENCE
PUB_010103,ENGINEERING
PUB_010104,ENGINEERING
PUB_010105,ENGINEERING
PUB_010106,ENGINEERING
PUB_010107,ENGINEERING
PUB_010108,ENGINEERING
PUB_010109,COMPUTER_SCIENCE
PUB_010110,MATHEMATICS
PUB_010111,MATHEMATICS
PUB_010112,MATHEMATICS
PUB_010113,MATHEMATICS
PUB_010114,PHYSICS_AND_ASTRONOMY
PUB_010115,MATHEMATICS
PUB_010116,ENGINEERING
PUB_010117,COMPUTER_SCIENCE
PUB_010118,ENGINEERING
PUB_010119,ENGINEERING
PUB_010120,COMPUTER_SCIENCE
PUB_010121,ENGINEERING
PUB_010122,ENGINEERING
PUB_010123,PHYSICS_AND_ASTRONOMY
PUB_010124,ENGINEERING
PUB_010125,MATHEMATICS
PUB_010126,COMPUTER_SCIENCE
PUB_010127,ENGINEERING
PUB_010128,MATHEMATICS
PUB_010129,ENGINEERING
PUB_010130,ENGINEERING
PUB_010131,ENGINEERING
PUB_010132,MATERIALS_SCIENCE
PUB_010133,ENGINEERING
PUB_010134,ENGINEERING
PUB_010135,ENGINEERING
PUB_010136,COMPUTER_SCIENCE
PUB_010137,ENGINEERING
PUB_010138,ENGINEERING
PUB_010139,MATHEMATICS
PUB_010140,PHYSICS_AND_ASTRONOMY
PUB_010141,MATERIALS_SCIENCE
PUB_010142,PHYSICS_AND_ASTRONOMY
PUB_010143,MATERIALS_SCIENCE
PUB_010144,ENGINEERING
PUB_010145,PHYSICS_AND_ASTRONOMY
PUB_010146,PHYSICS_AND_ASTRONOMY
PUB_010147,MATERIALS_SCIENCE
PUB_010148,ENGINEERING
PUB_010149,COMPUTER_SCIENCE
PUB_010150,ENGINEERING
PUB_010151,ENGINEERING
PUB_010152,ENGINEERING
PUB_010153,ENGINEERING
PUB_010154,ENGINEERING
PUB_010155,MATHEMATICS
PUB_010156,ENGINEERING
PUB_010157,MATHEMATICS
PUB_010158,ENGINEERING
PUB_010159,ENGINEERING
PUB_010160,ENGINEERING
PUB_010161,ENGINEERING
PUB_010162,MATHEMATICS
PUB_010163,MATERIALS_SCIENCE
PUB_010164,ENGINEERING
PUB_010165,COMPUTER_SCIENCE
PUB_010166,COMPUTER_SCIENCE
PUB_010167,ENGINEERING
PUB_010168,MATHEMATICS
PUB_010169,ENGINEERING
PUB_010170,COMPUTER_SCIENCE
PUB_010171,MATHEMATICS
PUB_010172,PHYSICS_AND_ASTRONOMY
PUB_010173,COMPUTER_SCIENCE
PUB_010174,ENGINEERING
PUB_010175,COMPUTER_SCIENCE
PUB_010176,PHYSICS_AND_ASTRONOMY
PUB_010177,ENGINEERING
PUB_010178,COMPUTER_SCIENCE
PUB_010179,COMPUTER_SCIENCE
PUB_010180,COMPUTER_SCIENCE
PUB_010181,PHYSICS_AND_ASTRONOMY
PUB_010182,ENGINEERING
PUB_010183,COMPUTER_SCIENCE
PUB_010184,PHYSICS_AND_ASTRONOMY
PUB_010185,MATERIALS_SCIENCE
PUB_010186,PHYSICS_AND_ASTRONOMY
PUB_010187,ENGINEERING
PUB_010188,MATERIALS_SCIENCE
PUB_010189,ENGINEERING
PUB_010190,ENGINEERING
PUB_010191,ENGINEERING
PUB_010192,MATERIALS_SCIENCE
PUB_010193,PHYSICS_AND_ASTRONOMY
PUB_010194,ENGINEERING
PUB_010195,ENGINEERING
PUB_010196,ENGINEERING
PUB_010197,ENGINEERING
PUB_010198,ENGINEERING
PUB_010199,ENGINEERING
PUB_010200,PHYSICS_AND_ASTRONOMY
PUB_010201,ENGINEERING
PUB_010202,MATHEMATICS
PUB_010203,ENGINEERING
PUB_010204,ENGINEERING
PUB_010205,ENGINEERING
PUB_010206,ENGINEERING
PUB_010207,PHYSICS_AND_ASTRONOMY
PUB_010208,PHYSICS_AND_ASTRONOMY
PUB_010209,ENGINEERING
PUB_010210,ENGINEERING
PUB_010211,COMPUTER_SCIENCE
PUB_010212,ENGINEERING
PUB_010213,ENGINEERING
PUB_010214,COMPUTER_SCIENCE
PUB_010215,COMPUTER_SCIENCE
PUB_010216,ENGINEERING
PUB_010217,COMPUTER_SCIENCE
PUB_010218,COMPUTER_SCIENCE
PUB_010219,COMPUTER_SCIENCE
PUB_010220,ENGINEERING
PUB_010221,ENGINEERING
PUB_010222,PHYSICS_AND_ASTRONOMY
PUB_010223,ENGINEERING
PUB_010224,ENGINEERING
PUB_010225,ENGINEERING
PUB_010226,PHYSICS_AND_ASTRONOMY
PUB_010227,MATHEMATICS
PUB_010228,PHYSICS_AND_ASTRONOMY
PUB_010229,PHYSICS_AND_ASTRONOMY
PUB_010230,COMPUTER_SCIENCE
PUB_010231,ENGINEERING
PUB_010232,MATERIALS_SCIENCE
PUB_010233,ENGINEERING
PUB_010234,COMPUTER_SCIENCE
PUB_010235,ENGINEERING
PUB_010236,ENGINEERING
PUB_010237,ENGINEERING
PUB_010238,ENGINEERING
PUB_010239,MATERIALS_SCIENCE
PUB_010240,PHYSICS_AND_ASTRONOMY
PUB_010241,MATERIALS_SCIENCE
PUB_010242,ENGINEERING
PUB_010243,PHYSICS_AND_ASTRONOMY
PUB_010244,ENGINEERING
PUB_010245,MATERIALS_SCIENCE
PUB_010246,ENGINEERING
PUB_010247,ENGINEERING
PUB_010248,ENGINEERING
PUB_010249,MATHEMATICS
PUB_010250,ENGINEERING
PUB_010251,MATERIALS_SCIENCE
PUB_010252,ENGINEERING
PUB_010253,MATHEMATICS
PUB_010254,MATHEMATICS
PUB_010255,COMPUTER_SCIENCE
PUB_010256,PHYSICS_AND_ASTRONOMY
PUB_010257,ENGINEERING
PUB_010258,PHYSICS_AND_ASTRONOMY
PUB_010259,ENGINEERING
PUB_010260,ENGINEERING
PUB_010261,MATHEMATICS
PUB_010262,MATERIALS_SCIENCE
PUB_010263,ENGINEERING
PUB_010264,MATERIALS_SCIENCE
PUB_010265,COMPUTER_SCIENCE
PUB_010266,MATHEMATICS
PUB_010267,PHYSICS_AND_ASTRONOMY
PUB_010268,MATHEMATICS
PUB_010269,COMPUTER_SCIENCE
PUB_010270,COMPUTER_SCIENCE
PUB_010271,MATHEMATICS
PUB_010272,PHYSICS_AND_ASTRONOMY
PUB_010273,PHYSICS_AND_ASTRONOMY
PUB_010274,PHYSICS_AND_ASTRONOMY
PUB_010275,MATERIALS_SCIENCE
PUB_010276,PHYSICS_AND_ASTRONOMY
PUB_010277,ENGINEERING
PUB_010278,COMPUTER_SCIENCE
PUB_010279,COMPUTER_SCIENCE
PUB_010280,ENGINEERING
PUB_010281,COMPUTER_SCIENCE
PUB_010282,ENGINEERING
PUB_010283,ENGINEERING
PUB_010284,ENGINEERING
PUB_010285,ENGINEERING
PUB_010286,PHYSICS_AND_ASTRONOMY
PUB_010287,COMPUTER_SCIENCE
PUB_010288,MATHEMATICS
PUB_010289,MATHEMATICS
PUB_010290,ENGINEERING
PUB_010291,PHYSICS_AND_ASTRONOMY
PUB_010292,COMPUTER_SCIENCE
PUB_010293,PHYSICS_AND_ASTRONOMY
PUB_010294,COMPUTER_SCIENCE
PUB_010295,ENGINEERING
PUB_010296,ENGINEERING
PUB_010297,ENGINEERING
PUB_010298,ENGINEERING
PUB_010299,MATERIALS_SCIENCE
PUB_010300,ENGINEERING
PUB_010301,ENGINEERING
PUB_010302,MATHEMATICS
PUB_010303,MATERIALS_SCIENCE
PUB_010304,PHYSICS_AND_ASTRONOMY
PUB_010305,MATERIALS_SCIENCE
PUB_010306,ENGINEERING
PUB_010307,ENGINEERING
PUB_010308,PHYSICS_AND_ASTRONOMY
PUB_010309,MATERIALS_SCIENCE
PUB_010310,MATERIALS_SCIENCE
PUB_010311,ENGINEERING
PUB_010312,COMPUTER_SCIENCE
PUB_010313,MATERIALS_SCIENCE
PUB_010314,ENGINEERING
PUB_010315,COMPUTER_SCIENCE
PUB_010316,PHYSICS_AND_ASTRONOMY
PUB_010317,ENGINEERING
PUB_010318,ENGINEERING
PUB_010319,ENGINEERING
PUB_010320,PHYSICS_AND_ASTRONOMY
PUB_010321,ENGINEERING
PUB_010322,ENGINEERING
PUB_010323,ENGINEERING
PUB_010324,ENGINEERING
PUB_010325,COMPUTER_SCIENCE
PUB_010326,COMPUTER_SCIENCE
PUB_010327,ENGINEERING
PUB_010328,COMPUTER_SCIENCE
PUB_010329,ENGINEERING
PUB_010330,COMPUTER_SCIENCE
PUB_010331,PHYSICS_AND_ASTRONOMY
PUB_010332,ENGINEERING
PUB_010333,MATERIALS_SCIENCE
PUB_010334,MATHEMATICS
PUB_010335,ENGINEERING
PUB_010336,COMPUTER_SCIENCE
PUB_010337,ENGINEERING
PUB_010338,COMPUTER_SCIENCE
PUB_010339,COMPUTER_SCIENCE
PUB_010340,PHYSICS_AND_ASTRONOMY
PUB_010341,COMPUTER_SCIENCE
PUB_010342,COMPUTER_SCIENCE
PUB_010343,COMPUTER_SCIENCE
PUB_010344,COMPUTER_SCIENCE
PUB_010345,MATERIALS_SCIENCE
PUB_010346,ENGINEERING
PUB_010347,ENGINEERING
PUB_010348,ENGINEERING
PUB_010349,MATERIALS_SCIENCE
PUB_010350,MATERIALS_SCIENCE
PUB_010351,MATHEMATICS
PUB_010352,COMPUTER_SCIENCE
PUB_010353,ENGINEERING
PUB_010354,ENGINEERING
PUB_010355,ENGINEERING
PUB_010356,ENGINEERING
PUB_010357,MATERIALS_SCIENCE
PUB_010358,ENGINEERING
PUB_010359,ENGINEERING
PUB_010360,MATERIALS_SCIENCE
PUB_010361,ENGINEERING
PUB_010362,PHYSICS_AND_ASTRONOMY
PUB_010363,COMPUTER_SCIENCE
PUB_010364,COMPUTER_SCIENCE
PUB_010365,MATERIALS_SCIENCE
PUB_010366,ENGINEERING
PUB_010367,ENGINEERING
PUB_010368,ENGINEERING
PUB_010369,ENGINEERING
PUB_010370,MATERIALS_SCIENCE
PUB_010371,ENGINEERING
PUB_010372,ENGINEERING
PUB_010373,MATERIALS_SCIENCE
PUB_010374,ENGINEERING
PUB_010375,MATERIALS_SCIENCE
PUB_010376,PHYSICS_AND_ASTRONOMY
PUB_010377,MATHEMATICS
PUB_010378,ENGINEERING
PUB_010379,MATERIALS_SCIENCE
PUB_010380,COMPUTER_SCIENCE
PUB_010381,ENGINEERING
PUB_010382,ENGINEERING
PUB_010383,PHYSICS_AND_ASTRONOMY
PUB_010384,ENGINEERING
PUB_010385,ENGINEERING
PUB_010386,COMPUTER_SCIENCE
PUB_010387,ENGINEERING
PUB_010388,ENGINEERING
PUB_010389,ENGINEERING
PUB_010390,COMPUTER_SCIENCE
PUB_010391,ENGINEERING
PUB_010392,MATERIALS_SCIENCE
PUB_010393,MATERIALS_SCIENCE
PUB_010394,ENGINEERING
PUB_010395,ENGINEERING
PUB_010396,MATERIALS_SCIENCE
PUB_010397,ENGINEERING
PUB_010398,MATERIALS_SCIENCE
PUB_010399,MATHEMATICS
PUB_010400,ENGINEERING
PUB_010401,ENGINEERING
PUB_010402,ENGINEERING
PUB_010403,PHYSICS_AND_ASTRONOMY
PUB_010404,PHYSICS_AND_ASTRONOMY
PUB_010405,ENGINEERING
PUB_010406,COMPUTER_SCIENCE
PUB_010407,ENGINEERING
PUB_010408,ENGINEERING
PUB_010409,ENGINEERING
PUB_010410,ENGINEERING
PUB_010411,ENGINEERING
PUB_010412,ENGINEERING
PUB_010413,ENGINEERING
PUB_010414,ENGINEERING
PUB_010415,ENGINEERING
PUB_010416,ENGINEERING
PUB_010417,ENGINEERING
PUB_010418,ENGINEERING
PUB_010419,ENGINEERING
PUB_010420,MATERIALS_SCIENCE
PUB_010421,ENGINEERING
PUB_010422,MATHEMATICS
PUB_010423,COMPUTER_SCIENCE
PUB_010424,ENGINEERING
PUB_010425,PHYSICS_AND_ASTRONOMY
PUB_010426,ENGINEERING
PUB_010427,ENGINEERING
PUB_010428,COMPUTER_SCIENCE
PUB_010429,ENGINEERING
PUB_010430,COMPUTER_SCIENCE
PUB_010431,PHYSICS_AND_ASTRONOMY
PUB_010432,COMPUTER_SCIENCE
PUB_010433,ENGINEERING
PUB_010434,COMPUTER_SCIENCE
PUB_010435,ENGINEERING
PUB_010436,MATERIALS_SCIENCE
PUB_010437,PHYSICS_AND_ASTRONOMY
PUB_010438,ENGINEERING
PUB_010439,ENGINEERING
PUB_010440,ENGINEERING
PUB_010441,ENGINEERING
PUB_010442,PHYSICS_AND_ASTRONOMY
PUB_010443,COMPUTER_SCIENCE
PUB_010444,ENGINEERING
PUB_010445,ENGINEERING
PUB_010446,COMPUTER_SCIENCE
PUB_010447,MATERIALS_SCIENCE
PUB_010448,ENGINEERING
PUB_010449,ENGINEERING
PUB_010450,ENGINEERING
PUB_010451,MATERIALS_SCIENCE
PUB_010452,PHYSICS_AND_ASTRONOMY
PUB_010453,ENGINEERING
PUB_010454,PHYSICS_AND_ASTRONOMY
PUB_010455,ENGINEERING
PUB_010456,PHYSICS_AND_ASTRONOMY
PUB_010457,ENGINEERING
PUB_010458,ENGINEERING
PUB_010459,MATERIALS_SCIENCE
PUB_010460,PHYSICS_AND_ASTRONOMY
PUB_010461,COMPUTER_SCIENCE
PUB_010462,COMPUTER_SCIENCE
PUB_010463,MATERIALS_SCIENCE
PUB_010464,COMPUTER_SCIENCE
PUB_010465,COMPUTER_SCIENCE
PUB_010466,ENGINEERING
PUB_010467,COMPUTER_SCIENCE
PUB_010468,ENGINEERING
PUB_010469,ENGINEERING
PUB_010470,ENGINEERING
PUB_010471,PHYSICS_AND_ASTRONOMY
PUB_010472,PHYSICS_AND_ASTRONOMY
PUB_010473,COMPUTER_SCIENCE
PUB_010474,PHYSICS_AND_ASTRONOMY
PUB_010475,ENGINEERING
PUB_010476,ENGINEERING
PUB_010477,ENGINEERING
PUB_010478,ENGINEERING
PUB_010479,ENGINEERING
PUB_010480,ENGINEERING
PUB_010481,COMPUTER_SCIENCE
PUB_010482,COMPUTER_SCIENCE
PUB_010483,ENGINEERING
PUB_010484,ENGINEERING
PUB_010485,PHYSICS_AND_ASTRONOMY
PUB_010486,ENGINEERING
PUB_010487,COMPUTER_SCIENCE
PUB_010488,ENGINEERING
PUB_010489,ENGINEERING
PUB_010490,PHYSICS_AND_ASTRONOMY
PUB_010491,ENGINEERING
PUB_010492,COMPUTER_SCIENCE
PUB_010493,ENGINEERING
PUB_010494,ENGINEERING
PUB_010495,ENGINEERING
PUB_010496,ENGINEERING
PUB_010497,PHYSICS_AND_ASTRONOMY
PUB_010498,COMPUTER_SCIENCE
PUB_010499,ENGINEERING
PUB_010500,ENGINEERING
PUB_010501,ENGINEERING
PUB_010502,ENGINEERING
PUB_010503,ENGINEERING
PUB_010504,COMPUTER_SCIENCE
PUB_010505,MATERIALS_SCIENCE
PUB_010506,ENGINEERING
PUB_010507,ENGINEERING
PUB_010508,MATERIALS_SCIENCE
PUB_010509,MATERIALS_SCIENCE
PUB_010510,COMPUTER_SCIENCE
PUB_010511,ENGINEERING
PUB_010512,ENGINEERING
PUB_010513,MATERIALS_SCIENCE
PUB_010514,COMPUTER_SCIENCE
PUB_010515,ENGINEERING
PUB_010516,MATERIALS_SCIENCE
PUB_010517,ENGINEERING
PUB_010518,PHYSICS_AND_ASTRONOMY
PUB_010519,COMPUTER_SCIENCE
PUB_010520,MATERIALS_SCIENCE
PUB_010521,ENGINEERING
PUB_010522,MATHEMATICS
PUB_010523,ENGINEERING
PUB_010524,ENGINEERING
PUB_010525,ENGINEERING
PUB_010526,PHYSICS_AND_ASTRONOMY
PUB_010527,ENGINEERING
PUB_010528,MATHEMATICS
PUB_010529,MATHEMATICS
PUB_010530,ENGINEERING
PUB_010531,ENGINEERING
PUB_010532,ENGINEERING
PUB_010533,ENGINEERING
PUB_010534,MATERIALS_SCIENCE
PUB_010535,ENGINEERING
PUB_010536,MATERIALS_SCIENCE
PUB_010537,ENGINEERING
PUB_010538,ENGINEERING
PUB_010539,ENGINEERING
PUB_010540,ENGINEERING
PUB_010541,ENGINEERING
PUB_010542,ENGINEERING
PUB_010543,ENGINEERING
PUB_010544,ENGINEERING
PUB_010545,ENGINEERING
PUB_010546,PHYSICS_AND_ASTRONOMY
PUB_010547,PHYSICS_AND_ASTRONOMY
PUB_010548,COMPUTER_SCIENCE
PUB_010549,COMPUTER_SCIENCE
PUB_010550,ENGINEERING
PUB_010551,PHYSICS_AND_ASTRONOMY
PUB_010552,MATHEMATICS
PUB_010553,ENGINEERING
PUB_010554,MATHEMATICS
PUB_010555,MATERIALS_SCIENCE
PUB_010556,MATHEMATICS
PUB_010557,MATERIALS_SCIENCE
PUB_010558,PHYSICS_AND_ASTRONOMY
PUB_010559,MATERIALS_SCIENCE
PUB_010560,MATERIALS_SCIENCE
PUB_010561,MATERIALS_SCIENCE
PUB_010562,MATERIALS_SCIENCE
PUB_010563,PHYSICS_AND_ASTRONOMY
PUB_010564,MATERIALS_SCIENCE
PUB_010565,ENGINEERING
PUB_010566,ENGINEERING
PUB_010567,ENGINEERING
PUB_010568,ENGINEERING
PUB_010569,MATERIALS_SCIENCE
PUB_010570,PHYSICS_AND_ASTRONOMY
PUB_010571,PHYSICS_AND_ASTRONOMY
PUB_010572,COMPUTER_SCIENCE
PUB_010573,ENGINEERING
PUB_010574,MATHEMATICS
PUB_010575,ENGINEERING
PUB_010576,COMPUTER_SCIENCE
PUB_010577,ENGINEERING
PUB_010578,PHYSICS_AND_ASTRONOMY
PUB_010579,PHYSICS_AND_ASTRONOMY
PUB_010580,MATHEMATICS
PUB_010581,PHYSICS_AND_ASTRONOMY
PUB_010582,PHYSICS_AND_ASTRONOMY
PUB_010583,ENGINEERING
PUB_010584,COMPUTER_SCIENCE
PUB_010585,MATERIALS_SCIENCE
PUB_010586,COMPUTER_SCIENCE
PUB_010587,ENGINEERING
PUB_010588,ENGINEERING
PUB_010589,ENGINEERING
PUB_010590,MATERIALS_SCIENCE
PUB_010591,ENGINEERING
PUB_010592,PHYSICS_AND_ASTRONOMY
PUB_010593,ENGINEERING
PUB_010594,COMPUTER_SCIENCE
PUB_010595,MATHEMATICS
PUB_010596,PHYSICS_AND_ASTRONOMY
PUB_010597,ENGINEERING
PUB_010598,ENGINEERING
PUB_010599,ENGINEERING
PUB_010600,PHYSICS_AND_ASTRONOMY
PUB_010601,ENGINEERING
PUB_010602,ENGINEERING
PUB_010603,PHYSICS_AND_ASTRONOMY
PUB_010604,ENGINEERING
PUB_010605,MATERIALS_SCIENCE
PUB_010606,ENGINEERING
PUB_010607,ENGINEERING
PUB_010608,ENGINEERING
PUB_010609,ENGINEERING
PUB_010610,ENGINEERING
PUB_010611,ENGINEERING
PUB_010612,COMPUTER_SCIENCE
PUB_010613,COMPUTER_SCIENCE
PUB_010614,ENGINEERING
PUB_010615,ENGINEERING
PUB_010616,COMPUTER_SCIENCE
PUB_010617,COMPUTER_SCIENCE
PUB_010618,COMPUTER_SCIENCE
PUB_010619,COMPUTER_SCIENCE
PUB_010620,PHYSICS_AND_ASTRONOMY
PUB_010621,MATHEMATICS
PUB_010622,ENGINEERING
PUB_010623,MATHEMATICS
PUB_010624,ENGINEERING
PUB_010625,ENGINEERING
PUB_010626,PHYSICS_AND_ASTRONOMY
PUB_010627,ENGINEERING
PUB_010628,ENGINEERING
PUB_010629,ENGINEERING
PUB_010630,ENGINEERING
PUB_010631,ENGINEERING
PUB_010632,ENGINEERING
PUB_010633,ENGINEERING
PUB_010634,MATERIALS_SCIENCE
PUB_010635,PHYSICS_AND_ASTRONOMY
PUB_010636,ENGINEERING
PUB_010637,ENGINEERING
PUB_010638,ENGINEERING
PUB_010639,ENGINEERING
PUB_010640,ENGINEERING
PUB_010641,ENGINEERING
PUB_010642,ENGINEERING
PUB_010643,ENGINEERING
PUB_010644,ENGINEERING
PUB_010645,ENGINEERING
PUB_010646,ENGINEERING
PUB_010647,ENGINEERING
PUB_010648,ENGINEERING
PUB_010649,ENGINEERING
PUB_010650,ENGINEERING
PUB_010651,ENGINEERING
PUB_010652,ENGINEERING
PUB_010653,ENGINEERING
PUB_010654,PHYSICS_AND_ASTRONOMY
PUB_010655,ENGINEERING
PUB_010656,COMPUTER_SCIENCE
PUB_010657,ENGINEERING
PUB_010658,COMPUTER_SCIENCE
PUB_010659,ENGINEERING
PUB_010660,PHYSICS_AND_ASTRONOMY
PUB_010661,MATERIALS_SCIENCE
PUB_010662,MATHEMATICS
PUB_010663,MATERIALS_SCIENCE
PUB_010664,PHYSICS_AND_ASTRONOMY
PUB_010665,COMPUTER_SCIENCE
PUB_010666,ENGINEERING
PUB_010667,ENGINEERING
PUB_010668,ENGINEERING
PUB_010669,COMPUTER_SCIENCE
PUB_010670,MATERIALS_SCIENCE
PUB_010671,MATHEMATICS
PUB_010672,ENGINEERING
PUB_010673,ENGINEERING
PUB_010674,ENGINEERING
PUB_010675,ENGINEERING
PUB_010676,ENGINEERING
PUB_010677,COMPUTER_SCIENCE
PUB_010678,MATERIALS_SCIENCE
PUB_010679,MATERIALS_SCIENCE
PUB_010680,ENGINEERING
PUB_010681,ENGINEERING
PUB_010682,ENGINEERING
PUB_010683,ENGINEERING
PUB_010684,ENGINEERING
PUB_010685,ENGINEERING
PUB_010686,ENGINEERING
PUB_010687,ENGINEERING
PUB_010688,MATERIALS_SCIENCE
PUB_010689,COMPUTER_SCIENCE
PUB_010690,ENGINEERING
PUB_010691,ENGINEERING
PUB_010692,ENGINEERING
PUB_010693,MATHEMATICS
PUB_010694,MATHEMATICS
PUB_010695,MATHEMATICS
PUB_010696,MATHEMATICS
PUB_010697,MATHEMATICS
PUB_010698,MATHEMATICS
PUB_010699,ENGINEERING
PUB_010700,ENGINEERING
PUB_010701,ENGINEERING
PUB_010702,ENGINEERING
PUB_010703,MATERIALS_SCIENCE
PUB_010704,ENGINEERING
PUB_010705,ENGINEERING
PUB_010706,ENGINEERING
PUB_010707,ENGINEERING
PUB_010708,ENGINEERING
PUB_010709,ENGINEERING
PUB_010710,ENGINEERING
PUB_010711,PHYSICS_AND_ASTRONOMY
PUB_010712,COMPUTER_SCIENCE
PUB_010713,ENGINEERING
PUB_010714,ENGINEERING
PUB_010715,ENGINEERING
PUB_010716,ENGINEERING
PUB_010717,ENGINEERING
PUB_010718,ENGINEERING
PUB_010719,PHYSICS_AND_ASTRONOMY
PUB_010720,MATERIALS_SCIENCE
PUB_010721,COMPUTER_SCIENCE
PUB_010722,MATERIALS_SCIENCE
PUB_010723,MATERIALS_SCIENCE
PUB_010724,COMPUTER_SCIENCE
PUB_010725,ENGINEERING
PUB_010726,COMPUTER_SCIENCE
PUB_010727,ENGINEERING
PUB_010728,MATHEMATICS
PUB_010729,ENGINEERING
PUB_010730,ENGINEERING
PUB_010731,MATERIALS_SCIENCE
PUB_010732,ENGINEERING
PUB_010733,ENGINEERING
PUB_010734,MATERIALS_SCIENCE
PUB_010735,MATERIALS_SCIENCE
PUB_010736,ENGINEERING
PUB_010737,ENGINEERING
PUB_010738,COMPUTER_SCIENCE
PUB_010739,ENGINEERING
PUB_010740,PHYSICS_AND_ASTRONOMY
PUB_010741,ENGINEERING
PUB_010742,COMPUTER_SCIENCE
PUB_010743,ENGINEERING
PUB_010744,ENGINEERING
PUB_010745,ENGINEERING
PUB_010746,ENGINEERING
PUB_010747,ENGINEERING
PUB_010748,ENGINEERING
PUB_010749,MATERIALS_SCIENCE
PUB_010750,PHYSICS_AND_ASTRONOMY
PUB_010751,ENGINEERING
PUB_010752,ENGINEERING
PUB_010753,ENGINEERING
PUB_010754,ENGINEERING
PUB_010755,MATERIALS_SCIENCE
PUB_010756,ENGINEERING
PUB_010757,ENGINEERING
PUB_010758,ENGINEERING
PUB_010759,MATERIALS_SCIENCE
PUB_010760,PHYSICS_AND_ASTRONOMY
PUB_010761,ENGINEERING
PUB_010762,ENGINEERING
PUB_010763,ENGINEERING
PUB_010764,MATERIALS_SCIENCE
PUB_010765,ENGINEERING
PUB_010766,ENGINEERING
PUB_010767,MATERIALS_SCIENCE
PUB_010768,ENGINEERING
PUB_010769,ENGINEERING
PUB_010770,COMPUTER_SCIENCE
PUB_010771,PHYSICS_AND_ASTRONOMY
PUB_010772,ENGINEERING
PUB_010773,PHYSICS_AND_ASTRONOMY
PUB_010774,COMPUTER_SCIENCE
PUB_010775,COMPUTER_SCIENCE
PUB_010776,MATERIALS_SCIENCE
PUB_010777,ENGINEERING
PUB_010778,ENGINEERING
PUB_010779,ENGINEERING
PUB_010780,ENGINEERING
PUB_010781,ENGINEERING
PUB_010782,MATERIALS_SCIENCE
PUB_010783,ENGINEERING
PUB_010784,ENGINEERING
PUB_010785,MATERIALS_SCIENCE
PUB_010786,ENGINEERING
PUB_010787,ENGINEERING
PUB_010788,ENGINEERING
PUB_010789,ENGINEERING
PUB_010790,ENGINEERING
PUB_010791,ENGINEERING
PUB_010792,MATERIALS_SCIENCE
PUB_010793,ENGINEERING
PUB_010794,ENGINEERING
PUB_010795,ENGINEERING
PUB_010796,ENGINEERING
PUB_010797,ENGINEERING
PUB_010798,ENGINEERING
PUB_010799,COMPUTER_SCIENCE
PUB_010800,MATERIALS_SCIENCE
PUB_010801,ENGINEERING
PUB_010802,MATERIALS_SCIENCE
PUB_010803,MATERIALS_SCIENCE
PUB_010804,ENGINEERING
PUB_010805,MATERIALS_SCIENCE
PUB_010806,COMPUTER_SCIENCE
PUB_010807,MATERIALS_SCIENCE
PUB_010808,MATERIALS_SCIENCE
PUB_010809,MATERIALS_SCIENCE
PUB_010810,MATERIALS_SCIENCE
PUB_010811,MATERIALS_SCIENCE
PUB_010812,PHYSICS_AND_ASTRONOMY
PUB_010813,MATERIALS_SCIENCE
PUB_010814,ENGINEERING
PUB_010815,ENGINEERING
PUB_010816,MATERIALS_SCIENCE
PUB_010817,ENGINEERING
PUB_010818,ENGINEERING
PUB_010819,MATERIALS_SCIENCE
PUB_010820,ENGINEERING
PUB_010821,MATERIALS_SCIENCE
PUB_010822,COMPUTER_SCIENCE
PUB_010823,ENGINEERING
PUB_010824,ENGINEERING
PUB_010825,ENGINEERING
PUB_010826,ENGINEERING
PUB_010827,ENGINEERING
PUB_010828,ENGINEERING
PUB_010829,ENGINEERING
PUB_010830,PHYSICS_AND_ASTRONOMY
PUB_010831,ENGINEERING
PUB_010832,PHYSICS_AND_ASTRONOMY
PUB_010833,MATERIALS_SCIENCE
PUB_010834,ENGINEERING
PUB_010835,ENGINEERING
PUB_010836,ENGINEERING
PUB_010837,ENGINEERING
PUB_010838,MATERIALS_SCIENCE
PUB_010839,ENGINEERING
PUB_010840,ENGINEERING
PUB_010841,MATERIALS_SCIENCE
PUB_010842,MATERIALS_SCIENCE
PUB_010843,MATERIALS_SCIENCE
PUB_010844,ENGINEERING
PUB_010845,ENGINEERING
PUB_010846,MATERIALS_SCIENCE
PUB_010847,MATERIALS_SCIENCE
PUB_010848,ENGINEERING
PUB_010849,MATERIALS_SCIENCE
PUB_010850,ENGINEERING
PUB_010851,ENGINEERING
PUB_010852,ENGINEERING
PUB_010853,ENGINEERING
PUB_010854,ENGINEERING
PUB_010855,ENGINEERING
PUB_010856,PHYSICS_AND_ASTRONOMY
PUB_010857,MATERIALS_SCIENCE
PUB_010858,MATHEMATICS
PUB_010859,ENGINEERING
PUB_010860,MATERIALS_SCIENCE
PUB_010861,ENGINEERING
PUB_010862,ENGINEERING
PUB_010863,MATERIALS_SCIENCE
PUB_010864,MATERIALS_SCIENCE
PUB_010865,MATERIALS_SCIENCE
PUB_010866,ENGINEERING
PUB_010867,ENGINEERING
PUB_010868,MATERIALS_SCIENCE
PUB_010869,MATERIALS_SCIENCE
PUB_010870,MATERIALS_SCIENCE
PUB_010871,ENGINEERING
PUB_010872,ENGINEERING
PUB_010873,MATERIALS_SCIENCE
PUB_010874,MATERIALS_SCIENCE
PUB_010875,MATERIALS_SCIENCE
PUB_010876,ENGINEERING
PUB_010877,ENGINEERING
PUB_010878,ENGINEERING
PUB_010879,ENGINEERING
PUB_010880,ENGINEERING
PUB_010881,MATHEMATICS
PUB_010882,ENGINEERING
PUB_010883,COMPUTER_SCIENCE
PUB_010884,ENGINEERING
PUB_010885,ENGINEERING
PUB_010886,COMPUTER_SCIENCE
PUB_010887,PHYSICS_AND_ASTRONOMY
PUB_010888,MATERIALS_SCIENCE
PUB_010889,ENGINEERING
PUB_010890,MATERIALS_SCIENCE
PUB_010891,MATERIALS_SCIENCE
PUB_010892,MATERIALS_SCIENCE
PUB_010893,ENGINEERING
PUB_010894,ENGINEERING
PUB_010895,ENGINEERING
PUB_010896,MATERIALS_SCIENCE
PUB_010897,ENGINEERING
PUB_010898,ENGINEERING
PUB_010899,MATERIALS_SCIENCE
PUB_010900,PHYSICS_AND_ASTRONOMY
PUB_010901,ENGINEERING
PUB_010902,MATERIALS_SCIENCE
PUB_010903,ENGINEERING
PUB_010904,ENGINEERING
PUB_010905,MATERIALS_SCIENCE
PUB_010906,MATERIALS_SCIENCE
PUB_010907,ENGINEERING
PUB_010908,COMPUTER_SCIENCE
PUB_010909,ENGINEERING
PUB_010910,ENGINEERING
PUB_010911,ENGINEERING
PUB_010912,MATERIALS_SCIENCE
PUB_010913,MATERIALS_SCIENCE
PUB_010914,ENGINEERING
PUB_010915,ENGINEERING
PUB_010916,ENGINEERING
PUB_010917,ENGINEERING
PUB_010918,MATERIALS_SCIENCE
PUB_010919,ENGINEERING
PUB_010920,ENGINEERING
PUB_010921,MATERIALS_SCIENCE
PUB_010922,PHYSICS_AND_ASTRONOMY
PUB_010923,MATERIALS_SCIENCE
PUB_010924,MATERIALS_SCIENCE
PUB_010925,PHYSICS_AND_ASTRONOMY
PUB_010926,ENGINEERING
PUB_010927,PHYSICS_AND_ASTRONOMY
PUB_010928,MATERIALS_SCIENCE
PUB_010929,MATERIALS_SCIENCE
PUB_010930,ENGINEERING
PUB_010931,ENGINEERING
PUB_010932,MATERIALS_SCIENCE
PUB_010933,MATERIALS_SCIENCE
PUB_010934,MATERIALS_SCIENCE
PUB_010935,MATERIALS_SCIENCE
PUB_010936,ENGINEERING
PUB_010937,MATERIALS_SCIENCE
PUB_010938,MATERIALS_SCIENCE
PUB_010939,ENGINEERING
PUB_010940,ENGINEERING
PUB_010941,MATERIALS_SCIENCE
PUB_010942,PHYSICS_AND_ASTRONOMY
PUB_010943,ENGINEERING
PUB_010944,ENGINEERING
PUB_010945,MATERIALS_SCIENCE
PUB_010946,MATHEMATICS
PUB_010947,MATERIALS_SCIENCE
PUB_010948,MATERIALS_SCIENCE
PUB_010949,ENGINEERING
PUB_010950,PHYSICS_AND_ASTRONOMY
PUB_010951,ENGINEERING
PUB_010952,ENGINEERING
PUB_010953,MATERIALS_SCIENCE
PUB_010954,PHYSICS_AND_ASTRONOMY
PUB_010955,MATERIALS_SCIENCE
PUB_010956,MATERIALS_SCIENCE
PUB_010957,ENGINEERING
PUB_010958,PHYSICS_AND_ASTRONOMY
PUB_010959,ENGINEERING
PUB_010960,MATERIALS_SCIENCE
PUB_010961,ENGINEERING
PUB_010962,MATERIALS_SCIENCE
PUB_010963,MATERIALS_SCIENCE
PUB_010964,MATERIALS_SCIENCE
PUB_010965,MATERIALS_SCIENCE
PUB_010966,ENGINEERING
PUB_010967,COMPUTER_SCIENCE
PUB_010968,ENGINEERING
PUB_010969,ENGINEERING
PUB_010970,ENGINEERING
PUB_010971,MATERIALS_SCIENCE
PUB_010972,ENGINEERING
PUB_010973,COMPUTER_SCIENCE
PUB_010974,ENGINEERING
PUB_010975,MATERIALS_SCIENCE
PUB_010976,ENGINEERING
PUB_010977,MATERIALS_SCIENCE
PUB_010978,ENGINEERING
PUB_010979,MATERIALS_SCIENCE
PUB_010980,ENGINEERING
PUB_010981,ENGINEERING
PUB_010982,MATERIALS_SCIENCE
PUB_010983,ENGINEERING
PUB_010984,ENGINEERING
PUB_010985,ENGINEERING
PUB_010986,MATERIALS_SCIENCE
PUB_010987,ENGINEERING
PUB_010988,ENGINEERING
PUB_010989,MATERIALS_SCIENCE
PUB_010990,MATERIALS_SCIENCE
PUB_010991,PHYSICS_AND_ASTRONOMY
PUB_010992,COMPUTER_SCIENCE
PUB_010993,ENGINEERING
PUB_010994,MATERIALS_SCIENCE
PUB_010995,ENGINEERING
PUB_010996,ENGINEERING
PUB_010997,ENGINEERING
PUB_010998,MATERIALS_SCIENCE
PUB_010999,MATERIALS_SCIENCE
PUB_011000,ENGINEERING
PUB_011001,ENGINEERING
PUB_011002,ENGINEERING
PUB_011003,MATERIALS_SCIENCE
PUB_011004,MATHEMATICS
PUB_011005,ENGINEERING
PUB_011006,COMPUTER_SCIENCE
PUB_011007,ENGINEERING
PUB_011008,PHYSICS_AND_ASTRONOMY
PUB_011009,MATERIALS_SCIENCE
PUB_011010,ENGINEERING
PUB_011011,ENGINEERING
PUB_011012,COMPUTER_SCIENCE
PUB_011013,ENGINEERING
PUB_011014,ENGINEERING
PUB_011015,ENGINEERING
PUB_011016,ENGINEERING
PUB_011017,ENGINEERING
PUB_011018,ENGINEERING
PUB_011019,ENGINEERING
PUB_011020,ENGINEERING
PUB_011021,MATERIALS_SCIENCE
PUB_011022,ENGINEERING
PUB_011023,ENGINEERING
PUB_011024,ENGINEERING
PUB_011025,MATERIALS_SCIENCE
PUB_011026,ENGINEERING
PUB_011027,ENGINEERING
PUB_011028,PHYSICS_AND_ASTRONOMY
PUB_011029,ENGINEERING
PUB_011030,ENGINEERING
PUB_011031,ENGINEERING
PUB_011032,MATERIALS_SCIENCE
PUB_011033,ENGINEERING
PUB_011034,ENGINEERING
PUB_011035,MATERIALS_SCIENCE
PUB_011036,ENGINEERING
PUB_011037,PHYSICS_AND_ASTRONOMY
PUB_011038,ENGINEERING
PUB_011039,COMPUTER_SCIENCE
PUB_011040,ENGINEERING
PUB_011041,ENGINEERING
PUB_011042,MATERIALS_SCIENCE
PUB_011043,ENGINEERING
PUB_011044,PHYSICS_AND_ASTRONOMY
PUB_011045,ENGINEERING
PUB_011046,MATERIALS_SCIENCE
PUB_011047,PHYSICS_AND_ASTRONOMY
PUB_011048,ENGINEERING
PUB_011049,ENGINEERING
PUB_011050,ENGINEERING
PUB_011051,ENGINEERING
PUB_011052,ENGINEERING
PUB_011053,PHYSICS_AND_ASTRONOMY
PUB_011054,ENGINEERING
PUB_011055,ENGINEERING
PUB_011056,ENGINEERING
PUB_011057,ENGINEERING
PUB_011058,ENGINEERING
PUB_011059,COMPUTER_SCIENCE
PUB_011060,PHYSICS_AND_ASTRONOMY
PUB_011061,MATERIALS_SCIENCE
PUB_011062,MATERIALS_SCIENCE
PUB_011063,ENGINEERING
PUB_011064,ENGINEERING
PUB_011065,MATERIALS_SCIENCE
PUB_011066,PHYSICS_AND_ASTRONOMY
PUB_011067,ENGINEERING
PUB_011068,COMPUTER_SCIENCE
PUB_011069,MATERIALS_SCIENCE
PUB_011070,ENGINEERING
PUB_011071,MATHEMATICS
PUB_011072,ENGINEERING
PUB_011073,COMPUTER_SCIENCE
PUB_011074,ENGINEERING
PUB_011075,MATERIALS_SCIENCE
PUB_011076,MATERIALS_SCIENCE
PUB_011077,PHYSICS_AND_ASTRONOMY
PUB_011078,MATERIALS_SCIENCE
PUB_011079,MATERIALS_SCIENCE
PUB_011080,MATERIALS_SCIENCE
PUB_011081,ENGINEERING
PUB_011082,MATERIALS_SCIENCE
PUB_011083,MATERIALS_SCIENCE
PUB_011084,MATERIALS_SCIENCE
PUB_011085,COMPUTER_SCIENCE
PUB_011086,ENGINEERING
PUB_011087,PHYSICS_AND_ASTRONOMY
PUB_011088,PHYSICS_AND_ASTRONOMY
PUB_011089,COMPUTER_SCIENCE
PUB_011090,MATHEMATICS
PUB_011091,ENGINEERING
PUB_011092,ENGINEERING
PUB_011093,ENGINEERING
PUB_011094,MATHEMATICS
PUB_011095,ENGINEERING
PUB_011096,ENGINEERING
PUB_011097,MATERIALS_SCIENCE
PUB_011098,MATERIALS_SCIENCE
PUB_011099,ENGINEERING
PUB_011100,MATERIALS_SCIENCE
PUB_011101,ENGINEERING
PUB_011102,MATERIALS_SCIENCE
PUB_011103,ENGINEERING
PUB_011104,ENGINEERING
PUB_011105,ENGINEERING
PUB_011106,ENGINEERING
PUB_011107,PHYSICS_AND_ASTRONOMY
PUB_011108,ENGINEERING
PUB_011109,MATERIALS_SCIENCE
PUB_011110,MATERIALS_SCIENCE
PUB_011111,ENGINEERING
PUB_011112,ENGINEERING
PUB_011113,ENGINEERING
PUB_011114,ENGINEERING
PUB_011115,ENGINEERING
PUB_011116,ENGINEERING
PUB_011117,MATHEMATICS
PUB_011118,PHYSICS_AND_ASTRONOMY
PUB_011119,PHYSICS_AND_ASTRONOMY
PUB_011120,MATERIALS_SCIENCE
PUB_011121,ENGINEERING
PUB_011122,PHYSICS_AND_ASTRONOMY
PUB_011123,ENGINEERING
PUB_011124,ENGINEERING
PUB_011125,MATERIALS_SCIENCE
PUB_011126,ENGINEERING
PUB_011127,ENGINEERING
PUB_011128,ENGINEERING
PUB_011129,ENGINEERING
PUB_011130,MATERIALS_SCIENCE
PUB_011131,ENGINEERING
PUB_011132,COMPUTER_SCIENCE
PUB_011133,ENGINEERING
PUB_011134,MATERIALS_SCIENCE
PUB_011135,MATERIALS_SCIENCE
PUB_011136,MATERIALS_SCIENCE
PUB_011137,MATERIALS_SCIENCE
PUB_011138,MATERIALS_SCIENCE
PUB_011139,ENGINEERING
PUB_011140,ENGINEERING
PUB_011141,ENGINEERING
PUB_011142,COMPUTER_SCIENCE
PUB_011143,MATERIALS_SCIENCE
PUB_011144,PHYSICS_AND_ASTRONOMY
PUB_011145,COMPUTER_SCIENCE
PUB_011146,MATERIALS_SCIENCE
PUB_011147,ENGINEERING
PUB_011148,ENGINEERING
PUB_011149,COMPUTER_SCIENCE
PUB_011150,ENGINEERING
PUB_011151,ENGINEERING
PUB_011152,COMPUTER_SCIENCE
PUB_011153,COMPUTER_SCIENCE
PUB_011154,PHYSICS_AND_ASTRONOMY
PUB_011155,ENGINEERING
PUB_011156,COMPUTER_SCIENCE
PUB_011157,COMPUTER_SCIENCE
PUB_011158,MATERIALS_SCIENCE
PUB_011159,PHYSICS_AND_ASTRONOMY
PUB_011160,MATERIALS_SCIENCE
PUB_011161,ENGINEERING
PUB_011162,PHYSICS_AND_ASTRONOMY
PUB_011163,MATERIALS_SCIENCE
PUB_011164,ENGINEERING
PUB_011165,MATERIALS_SCIENCE
PUB_011166,MATERIALS_SCIENCE
PUB_011167,MATERIALS_SCIENCE
PUB_011168,PHYSICS_AND_ASTRONOMY
PUB_011169,COMPUTER_SCIENCE
PUB_011170,ENGINEERING
PUB_011171,ENGINEERING
PUB_011172,ENGINEERING
PUB_011173,MATERIALS_SCIENCE
PUB_011174,COMPUTER_SCIENCE
PUB_011175,ENGINEERING
PUB_011176,ENGINEERING
PUB_011177,MATERIALS_SCIENCE
PUB_011178,PHYSICS_AND_ASTRONOMY
PUB_011179,MATERIALS_SCIENCE
PUB_011180,ENGINEERING
PUB_011181,MATERIALS_SCIENCE
PUB_011182,MATERIALS_SCIENCE
PUB_011183,ENGINEERING
PUB_011184,MATERIALS_SCIENCE
PUB_011185,COMPUTER_SCIENCE
PUB_011186,ENGINEERING
PUB_011187,ENGINEERING
PUB_011188,ENGINEERING
PUB_011189,MATERIALS_SCIENCE
PUB_011190,ENGINEERING
PUB_011191,ENGINEERING
PUB_011192,MATERIALS_SCIENCE
PUB_011193,PHYSICS_AND_ASTRONOMY
PUB_011194,COMPUTER_SCIENCE
PUB_011195,MATERIALS_SCIENCE
PUB_011196,ENGINEERING
PUB_011197,ENGINEERING
PUB_011198,MATERIALS_SCIENCE
PUB_011199,MATERIALS_SCIENCE
PUB_011200,MATERIALS_SCIENCE
PUB_011201,ENGINEERING
PUB_011202,ENGINEERING
PUB_011203,COMPUTER_SCIENCE
PUB_011204,COMPUTER_SCIENCE
PUB_011205,ENGINEERING
PUB_011206,ENGINEERING
PUB_011207,ENGINEERING
PUB_011208,MATERIALS_SCIENCE
PUB_011209,MATERIALS_SCIENCE
PUB_011210,ENGINEERING
PUB_011211,ENGINEERING
PUB_011212,MATHEMATICS
PUB_011213,COMPUTER_SCIENCE
PUB_011214,MATERIALS_SCIENCE
PUB_011215,PHYSICS_AND_ASTRONOMY
PUB_011216,ENGINEERING
PUB_011217,ENGINEERING
PUB_011218,MATERIALS_SCIENCE
PUB_011219,MATERIALS_SCIENCE
PUB_011220,MATERIALS_SCIENCE
PUB_011221,PHYSICS_AND_ASTRONOMY
PUB_011222,ENGINEERING
PUB_011223,ENGINEERING
PUB_011224,MATERIALS_SCIENCE
PUB_011225,ENGINEERING
PUB_011226,MATERIALS_SCIENCE
PUB_011227,ENGINEERING
PUB_011228,MATERIALS_SCIENCE
PUB_011229,ENGINEERING
PUB_011230,ENGINEERING
PUB_011231,ENGINEERING
PUB_011232,MATERIALS_SCIENCE
PUB_011233,PHYSICS_AND_ASTRONOMY
PUB_011234,ENGINEERING
PUB_011235,ENGINEERING
PUB_011236,ENGINEERING
PUB_011237,ENGINEERING
PUB_011238,MATERIALS_SCIENCE
PUB_011239,ENGINEERING
PUB_011240,ENGINEERING
PUB_011241,COMPUTER_SCIENCE
PUB_011242,ENGINEERING
PUB_011243,COMPUTER_SCIENCE
PUB_011244,COMPUTER_SCIENCE
PUB_011245,ENGINEERING
PUB_011246,PHYSICS_AND_ASTRONOMY
PUB_011247,MATERIALS_SCIENCE
PUB_011248,MATERIALS_SCIENCE
PUB_011249,MATERIALS_SCIENCE
PUB_011250,MATERIALS_SCIENCE
PUB_011251,PHYSICS_AND_ASTRONOMY
PUB_011252,COMPUTER_SCIENCE
PUB_011253,ENGINEERING
PUB_011254,MATERIALS_SCIENCE
PUB_011255,ENGINEERING
PUB_011256,MATERIALS_SCIENCE
PUB_011257,ENGINEERING
PUB_011258,ENGINEERING
PUB_011259,COMPUTER_SCIENCE
PUB_011260,ENGINEERING
PUB_011261,COMPUTER_SCIENCE
PUB_011262,COMPUTER_SCIENCE
PUB_011263,MATERIALS_SCIENCE
PUB_011264,MATERIALS_SCIENCE
PUB_011265,MATERIALS_SCIENCE
PUB_011266,ENGINEERING
PUB_011267,MATERIALS_SCIENCE
PUB_011268,ENGINEERING
PUB_011269,MATERIALS_SCIENCE
PUB_011270,MATERIALS_SCIENCE
PUB_011271,ENGINEERING
PUB_011272,MATERIALS_SCIENCE
PUB_011273,ENGINEERING
PUB_011274,ENGINEERING
PUB_011275,PHYSICS_AND_ASTRONOMY
PUB_011276,MATERIALS_SCIENCE
PUB_011277,MATERIALS_SCIENCE
PUB_011278,PHYSICS_AND_ASTRONOMY
PUB_011279,MATERIALS_SCIENCE
PUB_011280,ENGINEERING
PUB_011281,MATERIALS_SCIENCE
PUB_011282,ENGINEERING
PUB_011283,ENGINEERING
PUB_011284,MATERIALS_SCIENCE
PUB_011285,ENGINEERING
PUB_011286,PHYSICS_AND_ASTRONOMY
PUB_011287,MATERIALS_SCIENCE
PUB_011288,ENGINEERING
PUB_011289,ENGINEERING
PUB_011290,ENGINEERING
PUB_011291,ENGINEERING
PUB_011292,ENGINEERING
PUB_011293,ENGINEERING
PUB_011294,ENGINEERING
PUB_011295,COMPUTER_SCIENCE
PUB_011296,ENGINEERING
PUB_011297,MATERIALS_SCIENCE
PUB_011298,ENGINEERING
PUB_011299,ENGINEERING
PUB_011300,MATERIALS_SCIENCE
PUB_011301,COMPUTER_SCIENCE
PUB_011302,ENGINEERING
PUB_011303,ENGINEERING
PUB_011304,PHYSICS_AND_ASTRONOMY
PUB_011305,MATERIALS_SCIENCE
PUB_011306,ENGINEERING
PUB_011307,MATERIALS_SCIENCE
PUB_011308,ENGINEERING
PUB_011309,ENGINEERING
PUB_011310,COMPUTER_SCIENCE
PUB_011311,ENGINEERING
PUB_011312,MATERIALS_SCIENCE
PUB_011313,COMPUTER_SCIENCE
PUB_011314,MATERIALS_SCIENCE
PUB_011315,PHYSICS_AND_ASTRONOMY
PUB_011316,ENGINEERING
PUB_011317,MATERIALS_SCIENCE
PUB_011318,ENGINEERING
PUB_011319,MATERIALS_SCIENCE
PUB_011320,MATHEMATICS
PUB_011321,PHYSICS_AND_ASTRONOMY
PUB_011322,COMPUTER_SCIENCE
PUB_011323,ENGINEERING
PUB_011324,MATERIALS_SCIENCE
PUB_011325,COMPUTER_SCIENCE
PUB_011326,MATERIALS_SCIENCE
PUB_011327,ENGINEERING
PUB_011328,ENGINEERING
PUB_011329,MATERIALS_SCIENCE
PUB_011330,ENGINEERING
PUB_011331,ENGINEERING
PUB_011332,ENGINEERING
PUB_011333,COMPUTER_SCIENCE
PUB_011334,COMPUTER_SCIENCE
PUB_011335,COMPUTER_SCIENCE
PUB_011336,ENGINEERING
PUB_011337,ENGINEERING
PUB_011338,MATERIALS_SCIENCE
PUB_011339,ENGINEERING
PUB_011340,MATERIALS_SCIENCE
PUB_011341,ENGINEERING
PUB_011342,ENGINEERING
PUB_011343,MATERIALS_SCIENCE
PUB_011344,ENGINEERING
PUB_011345,ENGINEERING
PUB_011346,ENGINEERING
PUB_011347,COMPUTER_SCIENCE
PUB_011348,MATERIALS_SCIENCE
PUB_011349,PHYSICS_AND_ASTRONOMY
PUB_011350,ENGINEERING
PUB_011351,MATERIALS_SCIENCE
PUB_011352,MATERIALS_SCIENCE
PUB_011353,MATERIALS_SCIENCE
PUB_011354,MATHEMATICS
PUB_011355,COMPUTER_SCIENCE
PUB_011356,ENGINEERING
PUB_011357,MATERIALS_SCIENCE
PUB_011358,ENGINEERING
PUB_011359,ENGINEERING
PUB_011360,MATERIALS_SCIENCE
PUB_011361,MATERIALS_SCIENCE
PUB_011362,ENGINEERING
PUB_011363,ENGINEERING
PUB_011364,COMPUTER_SCIENCE
PUB_011365,COMPUTER_SCIENCE
PUB_011366,ENGINEERING
PUB_011367,PHYSICS_AND_ASTRONOMY
PUB_011368,PHYSICS_AND_ASTRONOMY
PUB_011369,PHYSICS_AND_ASTRONOMY
PUB_011370,PHYSICS_AND_ASTRONOMY
PUB_011371,PHYSICS_AND_ASTRONOMY
PUB_011372,MATERIALS_SCIENCE
PUB_011373,COMPUTER_SCIENCE
PUB_011374,ENGINEERING
PUB_011375,MATERIALS_SCIENCE
PUB_011376,COMPUTER_SCIENCE
PUB_011377,ENGINEERING
PUB_011378,ENGINEERING
PUB_011379,ENGINEERING
PUB_011380,ENGINEERING
PUB_011381,COMPUTER_SCIENCE
PUB_011382,MATERIALS_SCIENCE
PUB_011383,ENGINEERING
PUB_011384,ENGINEERING
PUB_011385,ENGINEERING
PUB_011386,COMPUTER_SCIENCE
PUB_011387,MATHEMATICS
PUB_011388,ENGINEERING
PUB_011389,ENGINEERING
PUB_011390,ENGINEERING
PUB_011391,MATERIALS_SCIENCE
PUB_011392,MATERIALS_SCIENCE
PUB_011393,PHYSICS_AND_ASTRONOMY
PUB_011394,MATERIALS_SCIENCE
PUB_011395,COMPUTER_SCIENCE
PUB_011396,ENGINEERING
PUB_011397,ENGINEERING
PUB_011398,MATERIALS_SCIENCE
PUB_011399,COMPUTER_SCIENCE
PUB_011400,COMPUTER_SCIENCE
PUB_011401,COMPUTER_SCIENCE
PUB_011402,MATERIALS_SCIENCE
PUB_011403,ENGINEERING
PUB_011404,PHYSICS_AND_ASTRONOMY
PUB_011405,ENGINEERING
PUB_011406,COMPUTER_SCIENCE
PUB_011407,ENGINEERING
PUB_011408,MATERIALS_SCIENCE
PUB_011409,ENGINEERING
PUB_011410,COMPUTER_SCIENCE
PUB_011411,ENGINEERING
PUB_011412,COMPUTER_SCIENCE
PUB_011413,ENGINEERING
PUB_011414,MATERIALS_SCIENCE
PUB_011415,ENGINEERING
PUB_011416,MATERIALS_SCIENCE
PUB_011417,COMPUTER_SCIENCE
PUB_011418,MATERIALS_SCIENCE
PUB_011419,ENGINEERING
PUB_011420,ENGINEERING
PUB_011421,ENGINEERING
PUB_011422,ENGINEERING
PUB_011423,MATERIALS_SCIENCE
PUB_011424,MATERIALS_SCIENCE
PUB_011425,COMPUTER_SCIENCE
PUB_011426,MATERIALS_SCIENCE
PUB_011427,MATERIALS_SCIENCE
PUB_011428,MATERIALS_SCIENCE
PUB_011429,ENGINEERING
PUB_011430,ENGINEERING
PUB_011431,ENGINEERING
PUB_011432,MATERIALS_SCIENCE
PUB_011433,MATERIALS_SCIENCE
PUB_011434,ENGINEERING
PUB_011435,ENGINEERING
PUB_011436,MATHEMATICS
PUB_011437,PHYSICS_AND_ASTRONOMY
PUB_011438,COMPUTER_SCIENCE
PUB_011439,ENGINEERING
PUB_011440,PHYSICS_AND_ASTRONOMY
PUB_011441,ENGINEERING
PUB_011442,ENGINEERING
PUB_011443,MATERIALS_SCIENCE
PUB_011444,ENGINEERING
PUB_011445,COMPUTER_SCIENCE
PUB_011446,ENGINEERING
PUB_011447,ENGINEERING
PUB_011448,MATERIALS_SCIENCE
PUB_011449,MATERIALS_SCIENCE
PUB_011450,ENGINEERING
PUB_011451,PHYSICS_AND_ASTRONOMY
PUB_011452,MATERIALS_SCIENCE
PUB_011453,ENGINEERING
PUB_011454,MATERIALS_SCIENCE
PUB_011455,PHYSICS_AND_ASTRONOMY
PUB_011456,ENGINEERING
PUB_011457,ENGINEERING
PUB_011458,COMPUTER_SCIENCE
PUB_011459,ENGINEERING
PUB_011460,COMPUTER_SCIENCE
PUB_011461,PHYSICS_AND_ASTRONOMY
PUB_011462,ENGINEERING
PUB_011463,MATHEMATICS
PUB_011464,ENGINEERING
PUB_011465,MATERIALS_SCIENCE
PUB_011466,ENGINEERING
PUB_011467,ENGINEERING
PUB_011468,ENGINEERING
PUB_011469,COMPUTER_SCIENCE
PUB_011470,ENGINEERING
PUB_011471,PHYSICS_AND_ASTRONOMY
PUB_011472,MATERIALS_SCIENCE
PUB_011473,MATERIALS_SCIENCE
PUB_011474,COMPUTER_SCIENCE
PUB_011475,ENGINEERING
PUB_011476,ENGINEERING
PUB_011477,ENGINEERING
PUB_011478,MATERIALS_SCIENCE
PUB_011479,COMPUTER_SCIENCE
PUB_011480,ENGINEERING
PUB_011481,ENGINEERING
PUB_011482,ENGINEERING
PUB_011483,MATERIALS_SCIENCE
PUB_011484,MATERIALS_SCIENCE
PUB_011485,MATERIALS_SCIENCE
PUB_011486,ENGINEERING
PUB_011487,ENGINEERING
PUB_011488,ENGINEERING
PUB_011489,MATERIALS_SCIENCE
PUB_011490,COMPUTER_SCIENCE
PUB_011491,COMPUTER_SCIENCE
PUB_011492,ENGINEERING
PUB_011493,ENGINEERING
PUB_011494,ENGINEERING
PUB_011495,ENGINEERING
PUB_011496,MATERIALS_SCIENCE
PUB_011497,MATERIALS_SCIENCE
PUB_011498,ENGINEERING
PUB_011499,ENGINEERING
PUB_011500,ENGINEERING
PUB_011501,ENGINEERING
PUB_011502,ENGINEERING
PUB_011503,ENGINEERING
PUB_011504,ENGINEERING
PUB_011505,ENGINEERING
PUB_011506,PHYSICS_AND_ASTRONOMY
PUB_011507,MATHEMATICS
PUB_011508,ENGINEERING
PUB_011509,ENGINEERING
PUB_011510,COMPUTER_SCIENCE
PUB_011511,COMPUTER_SCIENCE
PUB_011512,ENGINEERING
PUB_011513,ENGINEERING
PUB_011514,PHYSICS_AND_ASTRONOMY
PUB_011515,MATERIALS_SCIENCE
PUB_011516,ENGINEERING
PUB_011517,ENGINEERING
PUB_011518,ENGINEERING
PUB_011519,ENGINEERING
PUB_011520,COMPUTER_SCIENCE
PUB_011521,ENGINEERING
PUB_011522,COMPUTER_SCIENCE
PUB_011523,ENGINEERING
PUB_011524,COMPUTER_SCIENCE
PUB_011525,COMPUTER_SCIENCE
PUB_011526,ENGINEERING
PUB_011527,ENGINEERING
PUB_011528,ENGINEERING
PUB_011529,ENGINEERING
PUB_011530,MATERIALS_SCIENCE
PUB_011531,ENGINEERING
PUB_011532,MATERIALS_SCIENCE
PUB_011533,MATERIALS_SCIENCE
PUB_011534,ENGINEERING
PUB_011535,PHYSICS_AND_ASTRONOMY
PUB_011536,MATERIALS_SCIENCE
PUB_011537,MATERIALS_SCIENCE
PUB_011538,MATERIALS_SCIENCE
PUB_011539,MATERIALS_SCIENCE
PUB_011540,PHYSICS_AND_ASTRONOMY
PUB_011541,MATHEMATICS
PUB_011542,ENGINEERING
PUB_011543,ENGINEERING
PUB_011544,COMPUTER_SCIENCE
PUB_011545,MATERIALS_SCIENCE
PUB_011546,COMPUTER_SCIENCE
PUB_011547,ENGINEERING
PUB_011548,MATERIALS_SCIENCE
PUB_011549,ENGINEERING
PUB_011550,ENGINEERING
PUB_011551,MATERIALS_SCIENCE
PUB_011552,PHYSICS_AND_ASTRONOMY
PUB_011553,MATHEMATICS
PUB_011554,ENGINEERING
PUB_011555,PHYSICS_AND_ASTRONOMY
PUB_011556,PHYSICS_AND_ASTRONOMY
PUB_011557,ENGINEERING
PUB_011558,ENGINEERING
PUB_011559,ENGINEERING
PUB_011560,MATHEMATICS
PUB_011561,PHYSICS_AND_ASTRONOMY
PUB_011562,MATERIALS_SCIENCE
PUB_011563,MATERIALS_SCIENCE
PUB_011564,ENGINEERING
PUB_011565,PHYSICS_AND_ASTRONOMY
PUB_011566,ENGINEERING
PUB_011567,ENGINEERING
PUB_011568,ENGINEERING
PUB_011569,MATERIALS_SCIENCE
PUB_011570,ENGINEERING
PUB_011571,MATERIALS_SCIENCE
PUB_011572,PHYSICS_AND_ASTRONOMY
PUB_011573,MATERIALS_SCIENCE
PUB_011574,ENGINEERING
PUB_011575,COMPUTER_SCIENCE
PUB_011576,ENGINEERING
PUB_011577,COMPUTER_SCIENCE
PUB_011578,ENGINEERING
PUB_011579,MATERIALS_SCIENCE
PUB_011580,COMPUTER_SCIENCE
PUB_011581,PHYSICS_AND_ASTRONOMY
PUB_011582,MATERIALS_SCIENCE
PUB_011583,ENGINEERING
PUB_011584,ENGINEERING
PUB_011585,ENGINEERING
PUB_011586,MATERIALS_SCIENCE
PUB_011587,ENGINEERING
PUB_011588,MATERIALS_SCIENCE
PUB_011589,ENGINEERING
PUB_011590,COMPUTER_SCIENCE
PUB_011591,COMPUTER_SCIENCE
PUB_011592,ENGINEERING
PUB_011593,MATERIALS_SCIENCE
PUB_011594,ENGINEERING
PUB_011595,ENGINEERING
PUB_011596,COMPUTER_SCIENCE
PUB_011597,COMPUTER_SCIENCE
PUB_011598,MATERIALS_SCIENCE
PUB_011599,PHYSICS_AND_ASTRONOMY
PUB_011600,COMPUTER_SCIENCE
PUB_011601,MATHEMATICS
PUB_011602,ENGINEERING
PUB_011603,COMPUTER_SCIENCE
PUB_011604,MATERIALS_SCIENCE
PUB_011605,PHYSICS_AND_ASTRONOMY
PUB_011606,ENGINEERING
PUB_011607,MATERIALS_SCIENCE
PUB_011608,MATHEMATICS
PUB_011609,ENGINEERING
PUB_011610,ENGINEERING
PUB_011611,MATERIALS_SCIENCE
PUB_011612,PHYSICS_AND_ASTRONOMY
PUB_011613,MATHEMATICS
PUB_011614,ENGINEERING
PUB_011615,COMPUTER_SCIENCE
PUB_011616,COMPUTER_SCIENCE
PUB_011617,ENGINEERING
PUB_011618,ENGINEERING
PUB_011619,ENGINEERING
PUB_011620,ENGINEERING
PUB_011621,ENGINEERING
PUB_011622,ENGINEERING
PUB_011623,ENGINEERING
PUB_011624,ENGINEERING
PUB_011625,PHYSICS_AND_ASTRONOMY
PUB_011626,PHYSICS_AND_ASTRONOMY
PUB_011627,MATERIALS_SCIENCE
PUB_011628,PHYSICS_AND_ASTRONOMY
PUB_011629,MATERIALS_SCIENCE
PUB_011630,ENGINEERING
PUB_011631,MATERIALS_SCIENCE
PUB_011632,MATERIALS_SCIENCE
PUB_011633,ENGINEERING
PUB_011634,PHYSICS_AND_ASTRONOMY
PUB_011635,ENGINEERING
PUB_011636,ENGINEERING
PUB_011637,PHYSICS_AND_ASTRONOMY
PUB_011638,ENGINEERING
PUB_011639,MATERIALS_SCIENCE
PUB_011640,COMPUTER_SCIENCE
PUB_011641,ENGINEERING
PUB_011642,MATERIALS_SCIENCE
PUB_011643,ENGINEERING
PUB_011644,PHYSICS_AND_ASTRONOMY
PUB_011645,ENGINEERING
PUB_011646,ENGINEERING
PUB_011647,PHYSICS_AND_ASTRONOMY
PUB_011648,MATERIALS_SCIENCE
PUB_011649,ENGINEERING
PUB_011650,ENGINEERING
PUB_011651,ENGINEERING
PUB_011652,MATERIALS_SCIENCE
PUB_011653,ENGINEERING
PUB_011654,COMPUTER_SCIENCE
PUB_011655,ENGINEERING
PUB_011656,COMPUTER_SCIENCE
PUB_011657,MATERIALS_SCIENCE
PUB_011658,ENGINEERING
PUB_011659,MATERIALS_SCIENCE
PUB_011660,MATERIALS_SCIENCE
PUB_011661,MATERIALS_SCIENCE
PUB_011662,ENGINEERING
PUB_011663,ENGINEERING
PUB_011664,ENGINEERING
PUB_011665,ENGINEERING
PUB_011666,ENGINEERING
PUB_011667,MATERIALS_SCIENCE
PUB_011668,PHYSICS_AND_ASTRONOMY
PUB_011669,MATERIALS_SCIENCE
PUB_011670,ENGINEERING
PUB_011671,ENGINEERING
PUB_011672,ENGINEERING
PUB_011673,MATERIALS_SCIENCE
PUB_011674,MATERIALS_SCIENCE
PUB_011675,COMPUTER_SCIENCE
PUB_011676,ENGINEERING
PUB_011677,MATERIALS_SCIENCE
PUB_011678,ENGINEERING
PUB_011679,COMPUTER_SCIENCE
PUB_011680,MATERIALS_SCIENCE
PUB_011681,MATERIALS_SCIENCE
PUB_011682,ENGINEERING
PUB_011683,ENGINEERING
PUB_011684,ENGINEERING
PUB_011685,COMPUTER_SCIENCE
PUB_011686,MATERIALS_SCIENCE
PUB_011687,MATHEMATICS
PUB_011688,PHYSICS_AND_ASTRONOMY
PUB_011689,ENGINEERING
PUB_011690,ENGINEERING
PUB_011691,MATERIALS_SCIENCE
PUB_011692,COMPUTER_SCIENCE
PUB_011693,MATHEMATICS
PUB_011694,COMPUTER_SCIENCE
PUB_011695,MATERIALS_SCIENCE
PUB_011696,COMPUTER_SCIENCE
PUB_011697,COMPUTER_SCIENCE
PUB_011698,MATHEMATICS
PUB_011699,MATERIALS_SCIENCE
PUB_011700,MATHEMATICS
PUB_011701,ENGINEERING
PUB_011702,PHYSICS_AND_ASTRONOMY
PUB_011703,COMPUTER_SCIENCE
PUB_011704,ENGINEERING
PUB_011705,ENGINEERING
PUB_011706,ENGINEERING
PUB_011707,COMPUTER_SCIENCE
PUB_011708,MATERIALS_SCIENCE
PUB_011709,ENGINEERING
PUB_011710,COMPUTER_SCIENCE
PUB_011711,MATERIALS_SCIENCE
PUB_011712,MATERIALS_SCIENCE
PUB_011713,MATERIALS_SCIENCE
PUB_011714,MATERIALS_SCIENCE
PUB_011715,ENGINEERING
PUB_011716,ENGINEERING
PUB_011717,MATERIALS_SCIENCE
PUB_011718,PHYSICS_AND_ASTRONOMY
PUB_011719,ENGINEERING
PUB_011720,COMPUTER_SCIENCE
PUB_011721,MATERIALS_SCIENCE
PUB_011722,ENGINEERING
PUB_011723,COMPUTER_SCIENCE
PUB_011724,ENGINEERING
PUB_011725,MATERIALS_SCIENCE
PUB_011726,MATERIALS_SCIENCE
PUB_011727,COMPUTER_SCIENCE
PUB_011728,ENGINEERING
PUB_011729,COMPUTER_SCIENCE
PUB_011730,MATERIALS_SCIENCE
PUB_011731,ENGINEERING
PUB_011732,ENGINEERING
PUB_011733,PHYSICS_AND_ASTRONOMY
PUB_011734,MATERIALS_SCIENCE
PUB_011735,PHYSICS_AND_ASTRONOMY
PUB_011736,ENGINEERING
PUB_011737,ENGINEERING
PUB_011738,ENGINEERING
PUB_011739,MATERIALS_SCIENCE
PUB_011740,ENGINEERING
PUB_011741,COMPUTER_SCIENCE
PUB_011742,ENGINEERING
PUB_011743,COMPUTER_SCIENCE
PUB_011744,COMPUTER_SCIENCE
PUB_011745,PHYSICS_AND_ASTRONOMY
PUB_011746,ENGINEERING
PUB_011747,COMPUTER_SCIENCE
PUB_011748,COMPUTER_SCIENCE
PUB_011749,ENGINEERING
PUB_011750,ENGINEERING
PUB_011751,MATERIALS_SCIENCE
PUB_011752,ENGINEERING
PUB_011753,ENGINEERING
PUB_011754,ENGINEERING
PUB_011755,MATERIALS_SCIENCE
PUB_011756,ENGINEERING
PUB_011757,MATERIALS_SCIENCE
PUB_011758,ENGINEERING
PUB_011759,PHYSICS_AND_ASTRONOMY
PUB_011760,PHYSICS_AND_ASTRONOMY
PUB_011761,ENGINEERING
PUB_011762,COMPUTER_SCIENCE
PUB_011763,MATERIALS_SCIENCE
PUB_011764,MATERIALS_SCIENCE
PUB_011765,ENGINEERING
PUB_011766,COMPUTER_SCIENCE
PUB_011767,ENGINEERING
PUB_011768,PHYSICS_AND_ASTRONOMY
PUB_011769,ENGINEERING
PUB_011770,ENGINEERING
PUB_011771,ENGINEERING
PUB_011772,COMPUTER_SCIENCE
PUB_011773,ENGINEERING
PUB_011774,ENGINEERING
PUB_011775,ENGINEERING
PUB_011776,ENGINEERING
PUB_011777,PHYSICS_AND_ASTRONOMY
PUB_011778,PHYSICS_AND_ASTRONOMY
PUB_011779,ENGINEERING
PUB_011780,MATERIALS_SCIENCE
PUB_011781,ENGINEERING
PUB_011782,ENGINEERING
PUB_011783,ENGINEERING
PUB_011784,ENGINEERING
PUB_011785,MATERIALS_SCIENCE
PUB_011786,MATERIALS_SCIENCE
PUB_011787,MATERIALS_SCIENCE
PUB_011788,ENGINEERING
PUB_011789,ENGINEERING
PUB_011790,COMPUTER_SCIENCE
PUB_011791,ENGINEERING
PUB_011792,MATERIALS_SCIENCE
PUB_011793,PHYSICS_AND_ASTRONOMY
PUB_011794,ENGINEERING
PUB_011795,ENGINEERING
PUB_011796,ENGINEERING
PUB_011797,ENGINEERING
PUB_011798,ENGINEERING
PUB_011799,PHYSICS_AND_ASTRONOMY
PUB_011800,ENGINEERING
PUB_011801,COMPUTER_SCIENCE
PUB_011802,ENGINEERING
PUB_011803,COMPUTER_SCIENCE
PUB_011804,MATHEMATICS
PUB_011805,ENGINEERING
PUB_011806,ENGINEERING
PUB_011807,MATERIALS_SCIENCE
PUB_011808,ENGINEERING
PUB_011809,MATERIALS_SCIENCE
PUB_011810,PHYSICS_AND_ASTRONOMY
PUB_011811,ENGINEERING
PUB_011812,COMPUTER_SCIENCE
PUB_011813,MATERIALS_SCIENCE
PUB_011814,COMPUTER_SCIENCE
PUB_011815,ENGINEERING
PUB_011816,ENGINEERING
PUB_011817,ENGINEERING
PUB_011818,PHYSICS_AND_ASTRONOMY
PUB_011819,MATERIALS_SCIENCE
PUB_011820,ENGINEERING
PUB_011821,PHYSICS_AND_ASTRONOMY
PUB_011822,PHYSICS_AND_ASTRONOMY
PUB_011823,ENGINEERING
PUB_011824,ENGINEERING
PUB_011825,ENGINEERING
PUB_011826,PHYSICS_AND_ASTRONOMY
PUB_011827,ENGINEERING
PUB_011828,COMPUTER_SCIENCE
PUB_011829,COMPUTER_SCIENCE
PUB_011830,MATERIALS_SCIENCE
PUB_011831,PHYSICS_AND_ASTRONOMY
PUB_011832,MATERIALS_SCIENCE
PUB_011833,COMPUTER_SCIENCE
PUB_011834,COMPUTER_SCIENCE
PUB_011835,ENGINEERING
PUB_011836,ENGINEERING
PUB_011837,MATERIALS_SCIENCE
PUB_011838,ENGINEERING
PUB_011839,ENGINEERING
PUB_011840,ENGINEERING
PUB_011841,ENGINEERING
PUB_011842,ENGINEERING
PUB_011843,COMPUTER_SCIENCE
PUB_011844,MATERIALS_SCIENCE
PUB_011845,PHYSICS_AND_ASTRONOMY
PUB_011846,ENGINEERING
PUB_011847,MATERIALS_SCIENCE
PUB_011848,ENGINEERING
PUB_011849,PHYSICS_AND_ASTRONOMY
PUB_011850,ENGINEERING
PUB_011851,PHYSICS_AND_ASTRONOMY
PUB_011852,MATERIALS_SCIENCE
PUB_011853,ENGINEERING
PUB_011854,COMPUTER_SCIENCE
PUB_011855,MATERIALS_SCIENCE
PUB_011856,ENGINEERING
PUB_011857,MATERIALS_SCIENCE
PUB_011858,ENGINEERING
PUB_011859,ENGINEERING
PUB_011860,MATHEMATICS
PUB_011861,PHYSICS_AND_ASTRONOMY
PUB_011862,ENGINEERING
PUB_011863,ENGINEERING
PUB_011864,PHYSICS_AND_ASTRONOMY
PUB_011865,MATERIALS_SCIENCE
PUB_011866,ENGINEERING
PUB_011867,ENGINEERING
PUB_011868,ENGINEERING
PUB_011869,COMPUTER_SCIENCE
PUB_011870,ENGINEERING
PUB_011871,COMPUTER_SCIENCE
PUB_011872,ENGINEERING
PUB_011873,ENGINEERING
PUB_011874,MATERIALS_SCIENCE
PUB_011875,ENGINEERING
PUB_011876,COMPUTER_SCIENCE
PUB_011877,MATHEMATICS
PUB_011878,PHYSICS_AND_ASTRONOMY
PUB_011879,ENGINEERING
PUB_011880,COMPUTER_SCIENCE
PUB_011881,ENGINEERING
PUB_011882,ENGINEERING
PUB_011883,PHYSICS_AND_ASTRONOMY
PUB_011884,ENGINEERING
PUB_011885,ENGINEERING
PUB_011886,ENGINEERING
PUB_011887,ENGINEERING
PUB_011888,ENGINEERING
PUB_011889,ENGINEERING
PUB_011890,MATERIALS_SCIENCE
PUB_011891,ENGINEERING
PUB_011892,ENGINEERING
PUB_011893,COMPUTER_SCIENCE
PUB_011894,ENGINEERING
PUB_011895,MATERIALS_SCIENCE
PUB_011896,ENGINEERING
PUB_011897,ENGINEERING
PUB_011898,ENGINEERING
PUB_011899,ENGINEERING
PUB_011900,MATERIALS_SCIENCE
PUB_011901,COMPUTER_SCIENCE
PUB_011902,MATERIALS_SCIENCE
PUB_011903,MATERIALS_SCIENCE
PUB_011904,ENGINEERING
PUB_011905,ENGINEERING
PUB_011906,COMPUTER_SCIENCE
PUB_011907,ENGINEERING
PUB_011908,COMPUTER_SCIENCE
PUB_011909,ENGINEERING
PUB_011910,ENGINEERING
PUB_011911,ENGINEERING
PUB_011912,COMPUTER_SCIENCE
PUB_011913,COMPUTER_SCIENCE
PUB_011914,ENGINEERING
PUB_011915,MATHEMATICS
PUB_011916,COMPUTER_SCIENCE
PUB_011917,MATERIALS_SCIENCE
PUB_011918,PHYSICS_AND_ASTRONOMY
PUB_011919,ENGINEERING
PUB_011920,ENGINEERING
PUB_011921,ENGINEERING
PUB_011922,COMPUTER_SCIENCE
PUB_011923,PHYSICS_AND_ASTRONOMY
PUB_011924,ENGINEERING
PUB_011925,ENGINEERING
PUB_011926,ENGINEERING
PUB_011927,ENGINEERING
PUB_011928,PHYSICS_AND_ASTRONOMY
PUB_011929,COMPUTER_SCIENCE
PUB_011930,COMPUTER_SCIENCE
PUB_011931,ENGINEERING
PUB_011932,ENGINEERING
PUB_011933,PHYSICS_AND_ASTRONOMY
PUB_011934,COMPUTER_SCIENCE
PUB_011935,ENGINEERING
PUB_011936,COMPUTER_SCIENCE
PUB_011937,ENGINEERING
PUB_011938,MATERIALS_SCIENCE
PUB_011939,MATERIALS_SCIENCE
PUB_011940,ENGINEERING
PUB_011941,MATERIALS_SCIENCE
PUB_011942,PHYSICS_AND_ASTRONOMY
PUB_011943,ENGINEERING
PUB_011944,ENGINEERING
PUB_011945,ENGINEERING
PUB_011946,MATHEMATICS
PUB_011947,COMPUTER_SCIENCE
PUB_011948,MATERIALS_SCIENCE
PUB_011949,ENGINEERING
PUB_011950,PHYSICS_AND_ASTRONOMY
PUB_011951,MATERIALS_SCIENCE
PUB_011952,PHYSICS_AND_ASTRONOMY
PUB_011953,ENGINEERING
PUB_011954,ENGINEERING
PUB_011955,MATHEMATICS
PUB_011956,ENGINEERING
PUB_011957,MATERIALS_SCIENCE
PUB_011958,ENGINEERING
PUB_011959,COMPUTER_SCIENCE
PUB_011960,COMPUTER_SCIENCE
PUB_011961,PHYSICS_AND_ASTRONOMY
PUB_011962,ENGINEERING
PUB_011963,ENGINEERING
PUB_011964,MATERIALS_SCIENCE
PUB_011965,PHYSICS_AND_ASTRONOMY
PUB_011966,ENGINEERING
PUB_011967,PHYSICS_AND_ASTRONOMY
PUB_011968,MATHEMATICS
PUB_011969,MATERIALS_SCIENCE
PUB_011970,ENGINEERING
PUB_011971,MATERIALS_SCIENCE
PUB_011972,MATERIALS_SCIENCE
PUB_011973,ENGINEERING
PUB_011974,COMPUTER_SCIENCE
PUB_011975,MATERIALS_SCIENCE
PUB_011976,MATERIALS_SCIENCE
PUB_011977,ENGINEERING
PUB_011978,COMPUTER_SCIENCE
PUB_011979,PHYSICS_AND_ASTRONOMY
PUB_011980,MATERIALS_SCIENCE
PUB_011981,MATHEMATICS
PUB_011982,MATERIALS_SCIENCE
PUB_011983,ENGINEERING
PUB_011984,MATERIALS_SCIENCE
PUB_011985,COMPUTER_SCIENCE
PUB_011986,PHYSICS_AND_ASTRONOMY
PUB_011987,MATHEMATICS
PUB_011988,MATERIALS_SCIENCE
PUB_011989,COMPUTER_SCIENCE
PUB_011990,PHYSICS_AND_ASTRONOMY
PUB_011991,ENGINEERING
PUB_011992,COMPUTER_SCIENCE
PUB_011993,ENGINEERING
PUB_011994,ENGINEERING
PUB_011995,MATERIALS_SCIENCE
PUB_011996,PHYSICS_AND_ASTRONOMY
PUB_011997,PHYSICS_AND_ASTRONOMY
PUB_011998,COMPUTER_SCIENCE
PUB_011999,PHYSICS_AND_ASTRONOMY
PUB_012000,ENGINEERING
PUB_012001,MATERIALS_SCIENCE
PUB_012002,ENGINEERING
PUB_012003,ENGINEERING
PUB_012004,PHYSICS_AND_ASTRONOMY
PUB_012005,ENGINEERING
PUB_012006,ENGINEERING
PUB_012007,ENGINEERING
PUB_012008,ENGINEERING
PUB_012009,COMPUTER_SCIENCE
PUB_012010,MATERIALS_SCIENCE
PUB_012011,MATERIALS_SCIENCE
PUB_012012,COMPUTER_SCIENCE
PUB_012013,COMPUTER_SCIENCE
PUB_012014,ENGINEERING
PUB_012015,COMPUTER_SCIENCE
PUB_012016,COMPUTER_SCIENCE
PUB_012017,ENGINEERING
PUB_012018,ENGINEERING
PUB_012019,ENGINEERING
PUB_012020,COMPUTER_SCIENCE
PUB_012021,ENGINEERING
PUB_012022,ENGINEERING
PUB_012023,MATHEMATICS
PUB_012024,MATHEMATICS
PUB_012025,ENGINEERING
PUB_012026,ENGINEERING
PUB_012027,MATERIALS_SCIENCE
PUB_012028,MATERIALS_SCIENCE
PUB_012029,COMPUTER_SCIENCE
PUB_012030,COMPUTER_SCIENCE
PUB_012031,MATERIALS_SCIENCE
PUB_012032,PHYSICS_AND_ASTRONOMY
PUB_012033,MATERIALS_SCIENCE
PUB_012034,MATERIALS_SCIENCE
PUB_012035,ENGINEERING
PUB_012036,MATERIALS_SCIENCE
PUB_012037,ENGINEERING
PUB_012038,ENGINEERING
PUB_012039,ENGINEERING
PUB_012040,ENGINEERING
PUB_012041,MATHEMATICS
PUB_012042,COMPUTER_SCIENCE
PUB_012043,COMPUTER_SCIENCE
PUB_012044,COMPUTER_SCIENCE
PUB_012045,COMPUTER_SCIENCE
PUB_012046,ENGINEERING
PUB_012047,COMPUTER_SCIENCE
PUB_012048,MATHEMATICS
PUB_012049,COMPUTER_SCIENCE
PUB_012050,ENGINEERING
PUB_012051,MATERIALS_SCIENCE
PUB_012052,COMPUTER_SCIENCE
PUB_012053,MATERIALS_SCIENCE
PUB_012054,MATHEMATICS
PUB_012055,MATERIALS_SCIENCE
PUB_012056,ENGINEERING
PUB_012057,MATERIALS_SCIENCE
PUB_012058,MATERIALS_SCIENCE
PUB_012059,MATERIALS_SCIENCE
PUB_012060,MATERIALS_SCIENCE
PUB_012061,MATHEMATICS
PUB_012062,MATHEMATICS
PUB_012063,ENGINEERING
PUB_012064,COMPUTER_SCIENCE
PUB_012065,ENGINEERING
PUB_012066,ENGINEERING
PUB_012067,COMPUTER_SCIENCE
PUB_012068,MATERIALS_SCIENCE
PUB_012069,ENGINEERING
PUB_012070,ENGINEERING
PUB_012071,COMPUTER_SCIENCE
PUB_012072,ENGINEERING
PUB_012073,COMPUTER_SCIENCE
PUB_012074,ENGINEERING
PUB_012075,MATERIALS_SCIENCE
PUB_012076,COMPUTER_SCIENCE
PUB_012077,COMPUTER_SCIENCE
PUB_012078,MATERIALS_SCIENCE
PUB_012079,PHYSICS_AND_ASTRONOMY
PUB_012080,ENGINEERING
PUB_012081,MATERIALS_SCIENCE
PUB_012082,MATHEMATICS
PUB_012083,COMPUTER_SCIENCE
PUB_012084,MATERIALS_SCIENCE
PUB_012085,COMPUTER_SCIENCE
PUB_012086,MATHEMATICS
PUB_012087,COMPUTER_SCIENCE
PUB_012088,PHYSICS_AND_ASTRONOMY
PUB_012089,PHYSICS_AND_ASTRONOMY
PUB_012090,ENGINEERING
PUB_012091,ENGINEERING
PUB_012092,MATERIALS_SCIENCE
PUB_012093,ENGINEERING
PUB_012094,ENGINEERING
PUB_012095,COMPUTER_SCIENCE
PUB_012096,MATHEMATICS
PUB_012097,COMPUTER_SCIENCE
PUB_012098,ENGINEERING
PUB_012099,ENGINEERING
PUB_012100,PHYSICS_AND_ASTRONOMY
PUB_012101,ENGINEERING
PUB_012102,PHYSICS_AND_ASTRONOMY
PUB_012103,PHYSICS_AND_ASTRONOMY
PUB_012104,COMPUTER_SCIENCE
PUB_012105,PHYSICS_AND_ASTRONOMY
PUB_012106,ENGINEERING
PUB_012107,MATERIALS_SCIENCE
PUB_012108,ENGINEERING
PUB_012109,MATERIALS_SCIENCE
PUB_012110,MATHEMATICS
PUB_012111,COMPUTER_SCIENCE
PUB_012112,ENGINEERING
PUB_012113,MATERIALS_SCIENCE
PUB_012114,ENGINEERING
PUB_012115,ENGINEERING
PUB_012116,ENGINEERING
PUB_012117,ENGINEERING
PUB_012118,ENGINEERING
PUB_012119,ENGINEERING
PUB_012120,ENGINEERING
PUB_012121,ENGINEERING
PUB_012122,ENGINEERING
PUB_012123,COMPUTER_SCIENCE
PUB_012124,MATHEMATICS
PUB_012125,ENGINEERING
PUB_012126,ENGINEERING
PUB_012127,MATHEMATICS
PUB_012128,MATHEMATICS
PUB_012129,ENGINEERING
PUB_012130,PHYSICS_AND_ASTRONOMY
PUB_012131,COMPUTER_SCIENCE
PUB_012132,ENGINEERING
PUB_012133,MATHEMATICS
PUB_012134,PHYSICS_AND_ASTRONOMY
PUB_012135,MATHEMATICS
PUB_012136,COMPUTER_SCIENCE
PUB_012137,COMPUTER_SCIENCE
PUB_012138,ENGINEERING
PUB_012139,ENGINEERING
PUB_012140,MATERIALS_SCIENCE
PUB_012141,PHYSICS_AND_ASTRONOMY
PUB_012142,ENGINEERING
PUB_012143,COMPUTER_SCIENCE
PUB_012144,ENGINEERING
PUB_012145,COMPUTER_SCIENCE
PUB_012146,COMPUTER_SCIENCE
PUB_012147,ENGINEERING
PUB_012148,MATERIALS_SCIENCE
PUB_012149,MATERIALS_SCIENCE
PUB_012150,ENGINEERING
PUB_012151,COMPUTER_SCIENCE
PUB_012152,MATHEMATICS
PUB_012153,MATHEMATICS
PUB_012154,PHYSICS_AND_ASTRONOMY
PUB_012155,COMPUTER_SCIENCE
PUB_012156,ENGINEERING
PUB_012157,COMPUTER_SCIENCE
PUB_012158,ENGINEERING
PUB_012159,MATERIALS_SCIENCE
PUB_012160,COMPUTER_SCIENCE
PUB_012161,COMPUTER_SCIENCE
PUB_012162,ENGINEERING
PUB_012163,COMPUTER_SCIENCE
PUB_012164,MATERIALS_SCIENCE
PUB_012165,ENGINEERING
PUB_012166,MATERIALS_SCIENCE
PUB_012167,ENGINEERING
PUB_012168,ENGINEERING
PUB_012169,ENGINEERING
PUB_012170,ENGINEERING
PUB_012171,ENGINEERING
PUB_012172,ENGINEERING
PUB_012173,COMPUTER_SCIENCE
PUB_012174,COMPUTER_SCIENCE
PUB_012175,COMPUTER_SCIENCE
PUB_012176,COMPUTER_SCIENCE
PUB_012177,ENGINEERING
PUB_012178,ENGINEERING
PUB_012179,MATHEMATICS
PUB_012180,COMPUTER_SCIENCE
PUB_012181,MATERIALS_SCIENCE
PUB_012182,COMPUTER_SCIENCE
PUB_012183,ENGINEERING
PUB_012184,ENGINEERING
PUB_012185,PHYSICS_AND_ASTRONOMY
PUB_012186,MATERIALS_SCIENCE
PUB_012187,ENGINEERING
PUB_012188,ENGINEERING
PUB_012189,ENGINEERING
PUB_012190,ENGINEERING
PUB_012191,ENGINEERING
PUB_012192,COMPUTER_SCIENCE
PUB_012193,MATHEMATICS
PUB_012194,ENGINEERING
PUB_012195,ENGINEERING
PUB_012196,ENGINEERING
PUB_012197,MATERIALS_SCIENCE
PUB_012198,ENGINEERING
PUB_012199,ENGINEERING
PUB_012200,ENGINEERING
PUB_012201,ENGINEERING
PUB_012202,ENGINEERING
PUB_012203,ENGINEERING
PUB_012204,ENGINEERING
PUB_012205,ENGINEERING
PUB_012206,ENGINEERING
PUB_012207,ENGINEERING
PUB_012208,COMPUTER_SCIENCE
PUB_012209,COMPUTER_SCIENCE
PUB_012210,ENGINEERING
PUB_012211,PHYSICS_AND_ASTRONOMY
PUB_012212,ENGINEERING
PUB_012213,ENGINEERING
PUB_012214,ENGINEERING
PUB_012215,MATHEMATICS
PUB_012216,MATERIALS_SCIENCE
PUB_012217,COMPUTER_SCIENCE
PUB_012218,ENGINEERING
PUB_012219,ENGINEERING
PUB_012220,COMPUTER_SCIENCE
PUB_012221,ENGINEERING
PUB_012222,COMPUTER_SCIENCE
PUB_012223,MATERIALS_SCIENCE
PUB_012224,ENGINEERING
PUB_012225,ENGINEERING
PUB_012226,COMPUTER_SCIENCE
PUB_012227,ENGINEERING
PUB_012228,MATERIALS_SCIENCE
PUB_012229,ENGINEERING
PUB_012230,ENGINEERING
PUB_012231,ENGINEERING
PUB_012232,ENGINEERING
PUB_012233,COMPUTER_SCIENCE
PUB_012234,PHYSICS_AND_ASTRONOMY
PUB_012235,ENGINEERING
PUB_012236,PHYSICS_AND_ASTRONOMY
PUB_012237,MATERIALS_SCIENCE
PUB_012238,ENGINEERING
PUB_012239,ENGINEERING
PUB_012240,ENGINEERING
PUB_012241,MATERIALS_SCIENCE
PUB_012242,ENGINEERING
PUB_012243,ENGINEERING
PUB_012244,PHYSICS_AND_ASTRONOMY
PUB_012245,ENGINEERING
PUB_012246,MATERIALS_SCIENCE
PUB_012247,ENGINEERING
PUB_012248,ENGINEERING
PUB_012249,ENGINEERING
PUB_012250,MATERIALS_SCIENCE
PUB_012251,MATHEMATICS
PUB_012252,PHYSICS_AND_ASTRONOMY
PUB_012253,ENGINEERING
PUB_012254,MATHEMATICS
PUB_012255,MATERIALS_SCIENCE
PUB_012256,MATHEMATICS
PUB_012257,ENGINEERING
PUB_012258,ENGINEERING
PUB_012259,ENGINEERING
PUB_012260,ENGINEERING
PUB_012261,ENGINEERING
PUB_012262,PHYSICS_AND_ASTRONOMY
PUB_012263,MATHEMATICS
PUB_012264,MATHEMATICS
PUB_012265,PHYSICS_AND_ASTRONOMY
PUB_012266,COMPUTER_SCIENCE
PUB_012267,COMPUTER_SCIENCE
PUB_012268,ENGINEERING
PUB_012269,ENGINEERING
PUB_012270,ENGINEERING
PUB_012271,COMPUTER_SCIENCE
PUB_012272,ENGINEERING
PUB_012273,ENGINEERING
PUB_012274,ENGINEERING
PUB_012275,ENGINEERING
PUB_012276,ENGINEERING
PUB_012277,ENGINEERING
PUB_012278,COMPUTER_SCIENCE
PUB_012279,COMPUTER_SCIENCE
PUB_012280,COMPUTER_SCIENCE
PUB_012281,COMPUTER_SCIENCE
PUB_012282,ENGINEERING
PUB_012283,ENGINEERING
PUB_012284,ENGINEERING
PUB_012285,ENGINEERING
PUB_012286,ENGINEERING
PUB_012287,ENGINEERING
PUB_012288,ENGINEERING
PUB_012289,ENGINEERING
PUB_012290,ENGINEERING
PUB_012291,ENGINEERING
PUB_012292,ENGINEERING
PUB_012293,ENGINEERING
PUB_012294,COMPUTER_SCIENCE
PUB_012295,PHYSICS_AND_ASTRONOMY
PUB_012296,MATHEMATICS
PUB_012297,MATHEMATICS
PUB_012298,MATHEMATICS
PUB_012299,COMPUTER_SCIENCE
PUB_012300,COMPUTER_SCIENCE
PUB_012301,ENGINEERING
PUB_012302,ENGINEERING
PUB_012303,MATERIALS_SCIENCE
PUB_012304,MATERIALS_SCIENCE
PUB_012305,ENGINEERING
PUB_012306,COMPUTER_SCIENCE
PUB_012307,MATERIALS_SCIENCE
PUB_012308,ENGINEERING
PUB_012309,MATHEMATICS
PUB_012310,MATERIALS_SCIENCE
PUB_012311,MATERIALS_SCIENCE
PUB_012312,COMPUTER_SCIENCE
PUB_012313,MATERIALS_SCIENCE
PUB_012314,MATHEMATICS
PUB_012315,MATERIALS_SCIENCE
PUB_012316,ENGINEERING
PUB_012317,MATHEMATICS
PUB_012318,PHYSICS_AND_ASTRONOMY
PUB_012319,ENGINEERING
PUB_012320,ENGINEERING
PUB_012321,ENGINEERING
PUB_012322,ENGINEERING
PUB_012323,ENGINEERING
PUB_012324,PHYSICS_AND_ASTRONOMY
PUB_012325,ENGINEERING
PUB_012326,MATERIALS_SCIENCE
PUB_012327,PHYSICS_AND_ASTRONOMY
PUB_012328,COMPUTER_SCIENCE
PUB_012329,ENGINEERING
PUB_012330,ENGINEERING
PUB_012331,COMPUTER_SCIENCE
PUB_012332,PHYSICS_AND_ASTRONOMY
PUB_012333,COMPUTER_SCIENCE
PUB_012334,MATERIALS_SCIENCE
PUB_012335,COMPUTER_SCIENCE
PUB_012336,ENGINEERING
PUB_012337,ENGINEERING
PUB_012338,ENGINEERING
PUB_012339,MATERIALS_SCIENCE
PUB_012340,MATERIALS_SCIENCE
PUB_012341,ENGINEERING
PUB_012342,MATERIALS_SCIENCE
PUB_012343,MATERIALS_SCIENCE
PUB_012344,ENGINEERING
PUB_012345,ENGINEERING
PUB_012346,PHYSICS_AND_ASTRONOMY
PUB_012347,COMPUTER_SCIENCE
PUB_012348,COMPUTER_SCIENCE
PUB_012349,COMPUTER_SCIENCE
PUB_012350,PHYSICS_AND_ASTRONOMY
PUB_012351,ENGINEERING
PUB_012352,ENGINEERING
PUB_012353,COMPUTER_SCIENCE
PUB_012354,COMPUTER_SCIENCE
PUB_012355,COMPUTER_SCIENCE
PUB_012356,ENGINEERING
PUB_012357,ENGINEERING
PUB_012358,COMPUTER_SCIENCE
PUB_012359,ENGINEERING
PUB_012360,MATERIALS_SCIENCE
PUB_012361,MATHEMATICS
PUB_012362,COMPUTER_SCIENCE
PUB_012363,COMPUTER_SCIENCE
PUB_012364,ENGINEERING
PUB_012365,PHYSICS_AND_ASTRONOMY
PUB_012366,COMPUTER_SCIENCE
PUB_012367,ENGINEERING
PUB_012368,COMPUTER_SCIENCE
PUB_012369,MATERIALS_SCIENCE
PUB_012370,ENGINEERING
PUB_012371,ENGINEERING
PUB_012372,ENGINEERING
PUB_012373,ENGINEERING
PUB_012374,ENGINEERING
PUB_012375,ENGINEERING
PUB_012376,PHYSICS_AND_ASTRONOMY
PUB_012377,ENGINEERING
PUB_012378,ENGINEERING
PUB_012379,MATERIALS_SCIENCE
PUB_012380,ENGINEERING
PUB_012381,MATHEMATICS
PUB_012382,COMPUTER_SCIENCE
PUB_012383,ENGINEERING
PUB_012384,ENGINEERING
PUB_012385,MATERIALS_SCIENCE
PUB_012386,ENGINEERING
PUB_012387,MATHEMATICS
PUB_012388,MATHEMATICS
PUB_012389,MATHEMATICS
PUB_012390,COMPUTER_SCIENCE
PUB_012391,PHYSICS_AND_ASTRONOMY
PUB_012392,MATHEMATICS
PUB_012393,ENGINEERING
PUB_012394,MATERIALS_SCIENCE
PUB_012395,ENGINEERING
PUB_012396,ENGINEERING
PUB_012397,MATERIALS_SCIENCE
PUB_012398,ENGINEERING
PUB_012399,ENGINEERING
PUB_012400,MATERIALS_SCIENCE
PUB_012401,ENGINEERING
PUB_012402,ENGINEERING
PUB_012403,ENGINEERING
PUB_012404,ENGINEERING
PUB_012405,ENGINEERING
PUB_012406,ENGINEERING
PUB_012407,ENGINEERING
PUB_012408,ENGINEERING
PUB_012409,COMPUTER_SCIENCE
PUB_012410,ENGINEERING
PUB_012411,COMPUTER_SCIENCE
PUB_012412,COMPUTER_SCIENCE
PUB_012413,ENGINEERING
PUB_012414,COMPUTER_SCIENCE
PUB_012415,ENGINEERING
PUB_012416,COMPUTER_SCIENCE
PUB_012417,MATHEMATICS
PUB_012418,ENGINEERING
PUB_012419,MATERIALS_SCIENCE
PUB_012420,ENGINEERING
PUB_012421,MATHEMATICS
PUB_012422,ENGINEERING
PUB_012423,ENGINEERING
PUB_012424,PHYSICS_AND_ASTRONOMY
PUB_012425,ENGINEERING
PUB_012426,PHYSICS_AND_ASTRONOMY
PUB_012427,MATHEMATICS
PUB_012428,ENGINEERING
PUB_012429,MATHEMATICS
PUB_012430,COMPUTER_SCIENCE
PUB_012431,ENGINEERING
PUB_012432,ENGINEERING
PUB_012433,COMPUTER_SCIENCE
PUB_012434,MATERIALS_SCIENCE
PUB_012435,ENGINEERING
PUB_012436,ENGINEERING
PUB_012437,ENGINEERING
PUB_012438,COMPUTER_SCIENCE
PUB_012439,COMPUTER_SCIENCE
PUB_012440,PHYSICS_AND_ASTRONOMY
PUB_012441,ENGINEERING
PUB_012442,MATHEMATICS
PUB_012443,MATHEMATICS
PUB_012444,MATHEMATICS
PUB_012445,MATHEMATICS
PUB_012446,COMPUTER_SCIENCE
PUB_012447,ENGINEERING
PUB_012448,ENGINEERING
PUB_012449,ENGINEERING
PUB_012450,MATHEMATICS
PUB_012451,ENGINEERING
PUB_012452,ENGINEERING
PUB_012453,ENGINEERING
PUB_012454,ENGINEERING
PUB_012455,ENGINEERING
PUB_012456,PHYSICS_AND_ASTRONOMY
PUB_012457,ENGINEERING
PUB_012458,COMPUTER_SCIENCE
PUB_012459,ENGINEERING
PUB_012460,PHYSICS_AND_ASTRONOMY
PUB_012461,ENGINEERING
PUB_012462,ENGINEERING
PUB_012463,MATERIALS_SCIENCE
PUB_012464,ENGINEERING
PUB_012465,ENGINEERING
PUB_012466,ENGINEERING
PUB_012467,COMPUTER_SCIENCE
PUB_012468,ENGINEERING
PUB_012469,COMPUTER_SCIENCE
PUB_012470,ENGINEERING
PUB_012471,ENGINEERING
PUB_012472,ENGINEERING
PUB_012473,ENGINEERING
PUB_012474,ENGINEERING
PUB_012475,COMPUTER_SCIENCE
PUB_012476,ENGINEERING
PUB_012477,MATERIALS_SCIENCE
PUB_012478,COMPUTER_SCIENCE
PUB_012479,ENGINEERING
PUB_012480,PHYSICS_AND_ASTRONOMY
PUB_012481,ENGINEERING
PUB_012482,MATERIALS_SCIENCE
PUB_012483,ENGINEERING
PUB_012484,COMPUTER_SCIENCE
PUB_012485,MATERIALS_SCIENCE
PUB_012486,PHYSICS_AND_ASTRONOMY
PUB_012487,ENGINEERING
PUB_012488,MATERIALS_SCIENCE
PUB_012489,ENGINEERING
PUB_012490,MATERIALS_SCIENCE
PUB_012491,ENGINEERING
PUB_012492,ENGINEERING
PUB_012493,ENGINEERING
PUB_012494,ENGINEERING
PUB_012495,MATHEMATICS
PUB_012496,ENGINEERING
PUB_012497,COMPUTER_SCIENCE
PUB_012498,MATERIALS_SCIENCE
PUB_012499,MATHEMATICS
PUB_012500,ENGINEERING
PUB_012501,ENGINEERING
PUB_012502,MATERIALS_SCIENCE
PUB_012503,ENGINEERING
PUB_012504,ENGINEERING
PUB_012505,ENGINEERING
PUB_012506,MATHEMATICS
PUB_012507,ENGINEERING
PUB_012508,ENGINEERING
PUB_012509,PHYSICS_AND_ASTRONOMY
PUB_012510,ENGINEERING
PUB_012511,ENGINEERING
PUB_012512,MATERIALS_SCIENCE
PUB_012513,ENGINEERING
PUB_012514,ENGINEERING
PUB_012515,COMPUTER_SCIENCE
PUB_012516,ENGINEERING
PUB_012517,ENGINEERING
PUB_012518,ENGINEERING
PUB_012519,PHYSICS_AND_ASTRONOMY
PUB_012520,ENGINEERING
PUB_012521,ENGINEERING
PUB_012522,PHYSICS_AND_ASTRONOMY
PUB_012523,COMPUTER_SCIENCE
PUB_012524,COMPUTER_SCIENCE
PUB_012525,ENGINEERING
PUB_012526,ENGINEERING
PUB_012527,PHYSICS_AND_ASTRONOMY
PUB_012528,PHYSICS_AND_ASTRONOMY
PUB_012529,ENGINEERING
PUB_012530,ENGINEERING
PUB_012531,MATHEMATICS
PUB_012532,ENGINEERING
PUB_012533,ENGINEERING
PUB_012534,ENGINEERING
PUB_012535,ENGINEERING
PUB_012536,PHYSICS_AND_ASTRONOMY
PUB_012537,ENGINEERING
PUB_012538,ENGINEERING
PUB_012539,ENGINEERING
PUB_012540,ENGINEERING
PUB_012541,ENGINEERING
PUB_012542,ENGINEERING
PUB_012543,MATHEMATICS
PUB_012544,ENGINEERING
PUB_012545,ENGINEERING
PUB_012546,COMPUTER_SCIENCE
PUB_012547,ENGINEERING
PUB_012548,MATERIALS_SCIENCE
PUB_012549,ENGINEERING
PUB_012550,ENGINEERING
PUB_012551,MATERIALS_SCIENCE
PUB_012552,ENGINEERING
PUB_012553,PHYSICS_AND_ASTRONOMY
PUB_012554,ENGINEERING
PUB_012555,COMPUTER_SCIENCE
PUB_012556,ENGINEERING
PUB_012557,COMPUTER_SCIENCE
PUB_012558,ENGINEERING
PUB_012559,MATHEMATICS
PUB_012560,ENGINEERING
PUB_012561,ENGINEERING
PUB_012562,COMPUTER_SCIENCE
PUB_012563,COMPUTER_SCIENCE
PUB_012564,ENGINEERING
PUB_012565,ENGINEERING
PUB_012566,ENGINEERING
PUB_012567,ENGINEERING
PUB_012568,COMPUTER_SCIENCE
PUB_012569,ENGINEERING
PUB_012570,PHYSICS_AND_ASTRONOMY
PUB_012571,MATERIALS_SCIENCE
PUB_012572,COMPUTER_SCIENCE
PUB_012573,PHYSICS_AND_ASTRONOMY
PUB_012574,ENGINEERING
PUB_012575,ENGINEERING
PUB_012576,PHYSICS_AND_ASTRONOMY
PUB_012577,ENGINEERING
PUB_012578,ENGINEERING
PUB_012579,ENGINEERING
PUB_012580,MATERIALS_SCIENCE
PUB_012581,ENGINEERING
PUB_012582,MATERIALS_SCIENCE
PUB_012583,ENGINEERING
PUB_012584,PHYSICS_AND_ASTRONOMY
PUB_012585,COMPUTER_SCIENCE
PUB_012586,ENGINEERING
PUB_012587,COMPUTER_SCIENCE
PUB_012588,COMPUTER_SCIENCE
PUB_012589,MATHEMATICS
PUB_012590,MATHEMATICS
PUB_012591,COMPUTER_SCIENCE
PUB_012592,COMPUTER_SCIENCE
PUB_012593,MATHEMATICS
PUB_012594,MATERIALS_SCIENCE
PUB_012595,MATHEMATICS
PUB_012596,MATHEMATICS
PUB_012597,MATERIALS_SCIENCE
PUB_012598,MATHEMATICS
PUB_012599,ENGINEERING
PUB_012600,MATERIALS_SCIENCE
PUB_012601,ENGINEERING
PUB_012602,MATHEMATICS
PUB_012603,ENGINEERING
PUB_012604,PHYSICS_AND_ASTRONOMY
PUB_012605,ENGINEERING
PUB_012606,MATHEMATICS
PUB_012607,PHYSICS_AND_ASTRONOMY
PUB_012608,COMPUTER_SCIENCE
PUB_012609,COMPUTER_SCIENCE
PUB_012610,ENGINEERING
PUB_012611,MATERIALS_SCIENCE
PUB_012612,ENGINEERING
PUB_012613,MATHEMATICS
PUB_012614,MATERIALS_SCIENCE
PUB_012615,MATERIALS_SCIENCE
PUB_012616,MATERIALS_SCIENCE
PUB_012617,MATERIALS_SCIENCE
PUB_012618,ENGINEERING
PUB_012619,COMPUTER_SCIENCE
PUB_012620,COMPUTER_SCIENCE
PUB_012621,ENGINEERING
PUB_012622,COMPUTER_SCIENCE
PUB_012623,COMPUTER_SCIENCE
PUB_012624,ENGINEERING
PUB_012625,PHYSICS_AND_ASTRONOMY
PUB_012626,COMPUTER_SCIENCE
PUB_012627,ENGINEERING
PUB_012628,ENGINEERING
PUB_012629,MATHEMATICS
PUB_012630,COMPUTER_SCIENCE
PUB_012631,COMPUTER_SCIENCE
PUB_012632,ENGINEERING
PUB_012633,PHYSICS_AND_ASTRONOMY
PUB_012634,MATERIALS_SCIENCE
PUB_012635,ENGINEERING
PUB_012636,ENGINEERING
PUB_012637,COMPUTER_SCIENCE
PUB_012638,MATERIALS_SCIENCE
PUB_012639,MATERIALS_SCIENCE
PUB_012640,ENGINEERING
PUB_012641,ENGINEERING
PUB_012642,ENGINEERING
PUB_012643,ENGINEERING
PUB_012644,MATERIALS_SCIENCE
PUB_012645,ENGINEERING
PUB_012646,ENGINEERING
PUB_012647,COMPUTER_SCIENCE
PUB_012648,COMPUTER_SCIENCE
PUB_012649,ENGINEERING
PUB_012650,ENGINEERING
PUB_012651,ENGINEERING
PUB_012652,PHYSICS_AND_ASTRONOMY
PUB_012653,MATHEMATICS
PUB_012654,ENGINEERING
PUB_012655,ENGINEERING
PUB_012656,ENGINEERING
PUB_012657,COMPUTER_SCIENCE
PUB_012658,ENGINEERING
PUB_012659,ENGINEERING
PUB_012660,COMPUTER_SCIENCE
PUB_012661,COMPUTER_SCIENCE
PUB_012662,MATERIALS_SCIENCE
PUB_012663,MATERIALS_SCIENCE
PUB_012664,ENGINEERING
PUB_012665,COMPUTER_SCIENCE
PUB_012666,MATERIALS_SCIENCE
PUB_012667,ENGINEERING
PUB_012668,ENGINEERING
PUB_012669,ENGINEERING
PUB_012670,ENGINEERING
PUB_012671,MATERIALS_SCIENCE
PUB_012672,MATERIALS_SCIENCE
PUB_012673,ENGINEERING
PUB_012674,MATERIALS_SCIENCE
PUB_012675,COMPUTER_SCIENCE
PUB_012676,ENGINEERING
PUB_012677,ENGINEERING
PUB_012678,ENGINEERING
PUB_012679,ENGINEERING
PUB_012680,ENGINEERING
PUB_012681,MATHEMATICS
PUB_012682,ENGINEERING
PUB_012683,PHYSICS_AND_ASTRONOMY
PUB_012684,COMPUTER_SCIENCE
PUB_012685,PHYSICS_AND_ASTRONOMY
PUB_012686,ENGINEERING
PUB_012687,ENGINEERING
PUB_012688,ENGINEERING
PUB_012689,MATHEMATICS
PUB_012690,ENGINEERING
PUB_012691,COMPUTER_SCIENCE
PUB_012692,ENGINEERING
PUB_012693,ENGINEERING
PUB_012694,ENGINEERING
PUB_012695,ENGINEERING
PUB_012696,ENGINEERING
PUB_012697,ENGINEERING
PUB_012698,COMPUTER_SCIENCE
PUB_012699,ENGINEERING
PUB_012700,MATERIALS_SCIENCE
PUB_012701,ENGINEERING
PUB_012702,ENGINEERING
PUB_012703,ENGINEERING
PUB_012704,MATERIALS_SCIENCE
PUB_012705,ENGINEERING
PUB_012706,MATERIALS_SCIENCE
PUB_012707,MATERIALS_SCIENCE
PUB_012708,MATHEMATICS
PUB_012709,ENGINEERING
PUB_012710,ENGINEERING
PUB_012711,ENGINEERING
PUB_012712,ENGINEERING
PUB_012713,ENGINEERING
PUB_012714,ENGINEERING
PUB_012715,ENGINEERING
PUB_012716,MATHEMATICS
PUB_012717,ENGINEERING
PUB_012718,PHYSICS_AND_ASTRONOMY
PUB_012719,PHYSICS_AND_ASTRONOMY
PUB_012720,ENGINEERING
PUB_012721,ENGINEERING
PUB_012722,ENGINEERING
PUB_012723,ENGINEERING
PUB_012724,ENGINEERING
PUB_012725,ENGINEERING
PUB_012726,COMPUTER_SCIENCE
PUB_012727,ENGINEERING
PUB_012728,PHYSICS_AND_ASTRONOMY
PUB_012729,COMPUTER_SCIENCE
PUB_012730,ENGINEERING
PUB_012731,COMPUTER_SCIENCE
PUB_012732,ENGINEERING
PUB_012733,MATHEMATICS
PUB_012734,COMPUTER_SCIENCE
PUB_012735,ENGINEERING
PUB_012736,ENGINEERING
PUB_012737,ENGINEERING
PUB_012738,ENGINEERING
PUB_012739,ENGINEERING
PUB_012740,ENGINEERING
PUB_012741,ENGINEERING
PUB_012742,ENGINEERING
PUB_012743,MATERIALS_SCIENCE
PUB_012744,PHYSICS_AND_ASTRONOMY
PUB_012745,ENGINEERING
PUB_012746,ENGINEERING
PUB_012747,ENGINEERING
PUB_012748,COMPUTER_SCIENCE
PUB_012749,ENGINEERING
PUB_012750,ENGINEERING
PUB_012751,MATERIALS_SCIENCE
PUB_012752,COMPUTER_SCIENCE
PUB_012753,MATHEMATICS
PUB_012754,COMPUTER_SCIENCE
PUB_012755,COMPUTER_SCIENCE
PUB_012756,COMPUTER_SCIENCE
PUB_012757,MATERIALS_SCIENCE
PUB_012758,ENGINEERING
PUB_012759,ENGINEERING
PUB_012760,MATHEMATICS
PUB_012761,COMPUTER_SCIENCE
PUB_012762,MATHEMATICS
PUB_012763,ENGINEERING
PUB_012764,ENGINEERING
PUB_012765,COMPUTER_SCIENCE
PUB_012766,ENGINEERING
PUB_012767,ENGINEERING
PUB_012768,ENGINEERING
PUB_012769,COMPUTER_SCIENCE
PUB_012770,ENGINEERING
PUB_012771,MATHEMATICS
PUB_012772,COMPUTER_SCIENCE
PUB_012773,ENGINEERING
PUB_012774,ENGINEERING
PUB_012775,ENGINEERING
PUB_012776,ENGINEERING
PUB_012777,COMPUTER_SCIENCE
PUB_012778,ENGINEERING
PUB_012779,ENGINEERING
PUB_012780,MATERIALS_SCIENCE
PUB_012781,COMPUTER_SCIENCE
PUB_012782,COMPUTER_SCIENCE
PUB_012783,ENGINEERING
PUB_012784,COMPUTER_SCIENCE
PUB_012785,ENGINEERING
PUB_012786,MATHEMATICS
PUB_012787,ENGINEERING
PUB_012788,MATERIALS_SCIENCE
PUB_012789,ENGINEERING
PUB_012790,COMPUTER_SCIENCE
PUB_012791,MATERIALS_SCIENCE
PUB_012792,MATERIALS_SCIENCE
PUB_012793,COMPUTER_SCIENCE
PUB_012794,ENGINEERING
PUB_012795,ENGINEERING
PUB_012796,ENGINEERING
PUB_012797,ENGINEERING
PUB_012798,MATHEMATICS
PUB_012799,PHYSICS_AND_ASTRONOMY
PUB_012800,MATERIALS_SCIENCE
PUB_012801,MATERIALS_SCIENCE
PUB_012802,ENGINEERING
PUB_012803,ENGINEERING
PUB_012804,PHYSICS_AND_ASTRONOMY
PUB_012805,ENGINEERING
PUB_012806,ENGINEERING
PUB_012807,ENGINEERING
PUB_012808,ENGINEERING
PUB_012809,ENGINEERING
PUB_012810,ENGINEERING
PUB_012811,ENGINEERING
PUB_012812,ENGINEERING
PUB_012813,ENGINEERING
PUB_012814,ENGINEERING
PUB_012815,PHYSICS_AND_ASTRONOMY
PUB_012816,COMPUTER_SCIENCE
PUB_012817,ENGINEERING
PUB_012818,ENGINEERING
PUB_012819,PHYSICS_AND_ASTRONOMY
PUB_012820,PHYSICS_AND_ASTRONOMY
PUB_012821,ENGINEERING
PUB_012822,ENGINEERING
PUB_012823,ENGINEERING
PUB_012824,COMPUTER_SCIENCE
PUB_012825,COMPUTER_SCIENCE
PUB_012826,MATHEMATICS
PUB_012827,MATERIALS_SCIENCE
PUB_012828,ENGINEERING
PUB_012829,ENGINEERING
PUB_012830,ENGINEERING
PUB_012831,ENGINEERING
PUB_012832,ENGINEERING
PUB_012833,MATERIALS_SCIENCE
PUB_012834,PHYSICS_AND_ASTRONOMY
PUB_012835,ENGINEERING
PUB_012836,COMPUTER_SCIENCE
PUB_012837,MATERIALS_SCIENCE
PUB_012838,ENGINEERING
PUB_012839,MATERIALS_SCIENCE
PUB_012840,MATERIALS_SCIENCE
PUB_012841,MATERIALS_SCIENCE
PUB_012842,COMPUTER_SCIENCE
PUB_012843,ENGINEERING
PUB_012844,MATERIALS_SCIENCE
PUB_012845,MATHEMATICS
PUB_012846,MATERIALS_SCIENCE
PUB_012847,MATHEMATICS
PUB_012848,COMPUTER_SCIENCE
PUB_012849,COMPUTER_SCIENCE
PUB_012850,COMPUTER_SCIENCE
PUB_012851,COMPUTER_SCIENCE
PUB_012852,MATERIALS_SCIENCE
PUB_012853,ENGINEERING
PUB_012854,ENGINEERING
PUB_012855,ENGINEERING
PUB_012856,ENGINEERING
PUB_012857,PHYSICS_AND_ASTRONOMY
PUB_012858,MATHEMATICS
PUB_012859,ENGINEERING
PUB_012860,MATHEMATICS
PUB_012861,ENGINEERING
PUB_012862,COMPUTER_SCIENCE
PUB_012863,ENGINEERING
PUB_012864,ENGINEERING
PUB_012865,ENGINEERING
PUB_012866,MATHEMATICS
PUB_012867,ENGINEERING
PUB_012868,ENGINEERING
PUB_012869,MATERIALS_SCIENCE
PUB_012870,ENGINEERING
PUB_012871,ENGINEERING
PUB_012872,PHYSICS_AND_ASTRONOMY
PUB_012873,ENGINEERING
PUB_012874,ENGINEERING
PUB_012875,ENGINEERING
PUB_012876,ENGINEERING
PUB_012877,PHYSICS_AND_ASTRONOMY
PUB_012878,ENGINEERING
PUB_012879,COMPUTER_SCIENCE
PUB_012880,PHYSICS_AND_ASTRONOMY
PUB_012881,MATERIALS_SCIENCE
PUB_012882,MATHEMATICS
PUB_012883,MATERIALS_SCIENCE
PUB_012884,MATERIALS_SCIENCE
PUB_012885,MATERIALS_SCIENCE
PUB_012886,ENGINEERING
PUB_012887,ENGINEERING
PUB_012888,MATERIALS_SCIENCE
PUB_012889,ENGINEERING
PUB_012890,MATERIALS_SCIENCE
PUB_012891,ENGINEERING
PUB_012892,ENGINEERING
PUB_012893,ENGINEERING
PUB_012894,MATERIALS_SCIENCE
PUB_012895,COMPUTER_SCIENCE
PUB_012896,COMPUTER_SCIENCE
PUB_012897,COMPUTER_SCIENCE
PUB_012898,ENGINEERING
PUB_012899,COMPUTER_SCIENCE
PUB_012900,COMPUTER_SCIENCE
PUB_012901,COMPUTER_SCIENCE
PUB_012902,ENGINEERING
PUB_012903,ENGINEERING
PUB_012904,ENGINEERING
PUB_012905,ENGINEERING
PUB_012906,MATERIALS_SCIENCE
PUB_012907,COMPUTER_SCIENCE
PUB_012908,PHYSICS_AND_ASTRONOMY
PUB_012909,COMPUTER_SCIENCE
PUB_012910,ENGINEERING
PUB_012911,ENGINEERING
PUB_012912,PHYSICS_AND_ASTRONOMY
PUB_012913,COMPUTER_SCIENCE
PUB_012914,COMPUTER_SCIENCE
PUB_012915,MATHEMATICS
PUB_012916,ENGINEERING
PUB_012917,ENGINEERING
PUB_012918,ENGINEERING
PUB_012919,ENGINEERING
PUB_012920,ENGINEERING
PUB_012921,ENGINEERING
PUB_012922,ENGINEERING
PUB_012923,COMPUTER_SCIENCE
PUB_012924,ENGINEERING
PUB_012925,ENGINEERING
PUB_012926,COMPUTER_SCIENCE
PUB_012927,ENGINEERING
PUB_012928,ENGINEERING
PUB_012929,ENGINEERING
PUB_012930,COMPUTER_SCIENCE
PUB_012931,ENGINEERING
PUB_012932,COMPUTER_SCIENCE
PUB_012933,MATERIALS_SCIENCE
PUB_012934,COMPUTER_SCIENCE
PUB_012935,COMPUTER_SCIENCE
PUB_012936,COMPUTER_SCIENCE
PUB_012937,COMPUTER_SCIENCE
PUB_012938,COMPUTER_SCIENCE
PUB_012939,ENGINEERING
PUB_012940,MATERIALS_SCIENCE
PUB_012941,ENGINEERING
PUB_012942,ENGINEERING
PUB_012943,COMPUTER_SCIENCE
PUB_012944,ENGINEERING
PUB_012945,ENGINEERING
PUB_012946,ENGINEERING
PUB_012947,COMPUTER_SCIENCE
PUB_012948,ENGINEERING
PUB_012949,ENGINEERING
PUB_012950,ENGINEERING
PUB_012951,ENGINEERING
PUB_012952,ENGINEERING
PUB_012953,COMPUTER_SCIENCE
PUB_012954,ENGINEERING
PUB_012955,ENGINEERING
PUB_012956,ENGINEERING
PUB_012957,ENGINEERING
PUB_012958,ENGINEERING
PUB_012959,ENGINEERING
PUB_012960,ENGINEERING
PUB_012961,ENGINEERING
PUB_012962,ENGINEERING
PUB_012963,COMPUTER_SCIENCE
PUB_012964,ENGINEERING
PUB_012965,ENGINEERING
PUB_012966,ENGINEERING
PUB_012967,COMPUTER_SCIENCE
PUB_012968,COMPUTER_SCIENCE
PUB_012969,COMPUTER_SCIENCE
PUB_012970,ENGINEERING
PUB_012971,COMPUTER_SCIENCE
PUB_012972,COMPUTER_SCIENCE
PUB_012973,ENGINEERING
PUB_012974,ENGINEERING
PUB_012975,ENGINEERING
PUB_012976,ENGINEERING
PUB_012977,PHYSICS_AND_ASTRONOMY
PUB_012978,PHYSICS_AND_ASTRONOMY
PUB_012979,ENGINEERING
PUB_012980,MATERIALS_SCIENCE
PUB_012981,ENGINEERING
PUB_012982,ENGINEERING
PUB_012983,PHYSICS_AND_ASTRONOMY
PUB_012984,ENGINEERING
PUB_012985,ENGINEERING
PUB_012986,ENGINEERING
PUB_012987,ENGINEERING
PUB_012988,MATERIALS_SCIENCE
PUB_012989,MATERIALS_SCIENCE
PUB_012990,ENGINEERING
PUB_012991,MATERIALS_SCIENCE
PUB_012992,ENGINEERING
PUB_012993,MATERIALS_SCIENCE
PUB_012994,ENGINEERING
PUB_012995,COMPUTER_SCIENCE
PUB_012996,ENGINEERING
PUB_012997,ENGINEERING
PUB_012998,ENGINEERING
PUB_012999,PHYSICS_AND_ASTRONOMY
PUB_013000,MATERIALS_SCIENCE
PUB_013001,ENGINEERING
PUB_013002,ENGINEERING
PUB_013003,ENGINEERING
PUB_013004,PHYSICS_AND_ASTRONOMY
PUB_013005,ENGINEERING
PUB_013006,MATERIALS_SCIENCE
PUB_013007,ENGINEERING
PUB_013008,ENGINEERING
PUB_013009,ENGINEERING
PUB_013010,ENGINEERING
PUB_013011,MATERIALS_SCIENCE
PUB_013012,MATERIALS_SCIENCE
PUB_013013,ENGINEERING
PUB_013014,MATERIALS_SCIENCE
PUB_013015,ENGINEERING
PUB_013016,ENGINEERING
PUB_013017,COMPUTER_SCIENCE
PUB_013018,MATERIALS_SCIENCE
PUB_013019,COMPUTER_SCIENCE
PUB_013020,ENGINEERING
PUB_013021,ENGINEERING
PUB_013022,MATERIALS_SCIENCE
PUB_013023,MATERIALS_SCIENCE
PUB_013024,ENGINEERING
PUB_013025,MATERIALS_SCIENCE
PUB_013026,ENGINEERING
PUB_013027,COMPUTER_SCIENCE
PUB_013028,ENGINEERING
PUB_013029,ENGINEERING
PUB_013030,ENGINEERING
PUB_013031,MATERIALS_SCIENCE
PUB_013032,ENGINEERING
PUB_013033,ENGINEERING
PUB_013034,MATERIALS_SCIENCE
PUB_013035,ENGINEERING
PUB_013036,COMPUTER_SCIENCE
PUB_013037,ENGINEERING
PUB_013038,ENGINEERING
PUB_013039,ENGINEERING
PUB_013040,ENGINEERING
PUB_013041,ENGINEERING
PUB_013042,MATERIALS_SCIENCE
PUB_013043,ENGINEERING
PUB_013044,ENGINEERING
PUB_013045,ENGINEERING
PUB_013046,ENGINEERING
PUB_013047,ENGINEERING
PUB_013048,MATERIALS_SCIENCE
PUB_013049,PHYSICS_AND_ASTRONOMY
PUB_013050,ENGINEERING
PUB_013051,PHYSICS_AND_ASTRONOMY
PUB_013052,PHYSICS_AND_ASTRONOMY
PUB_013053,PHYSICS_AND_ASTRONOMY
PUB_013054,ENGINEERING
PUB_013055,MATERIALS_SCIENCE
PUB_013056,ENGINEERING
PUB_013057,ENGINEERING
PUB_013058,MATERIALS_SCIENCE
PUB_013059,MATERIALS_SCIENCE
PUB_013060,PHYSICS_AND_ASTRONOMY
PUB_013061,MATERIALS_SCIENCE
PUB_013062,ENGINEERING
PUB_013063,MATERIALS_SCIENCE
PUB_013064,ENGINEERING
PUB_013065,ENGINEERING
PUB_013066,COMPUTER_SCIENCE
PUB_013067,ENGINEERING
PUB_013068,ENGINEERING
PUB_013069,MATERIALS_SCIENCE
PUB_013070,ENGINEERING
PUB_013071,MATERIALS_SCIENCE
PUB_013072,MATERIALS_SCIENCE
PUB_013073,MATERIALS_SCIENCE
PUB_013074,PHYSICS_AND_ASTRONOMY
PUB_013075,ENGINEERING
PUB_013076,MATERIALS_SCIENCE
PUB_013077,MATERIALS_SCIENCE
PUB_013078,MATERIALS_SCIENCE
PUB_013079,PHYSICS_AND_ASTRONOMY
PUB_013080,MATERIALS_SCIENCE
PUB_013081,ENGINEERING
PUB_013082,PHYSICS_AND_ASTRONOMY
PUB_013083,PHYSICS_AND_ASTRONOMY
PUB_013084,ENGINEERING
PUB_013085,ENGINEERING
PUB_013086,MATERIALS_SCIENCE
PUB_013087,ENGINEERING
PUB_013088,PHYSICS_AND_ASTRONOMY
PUB_013089,ENGINEERING
PUB_013090,COMPUTER_SCIENCE
PUB_013091,ENGINEERING
PUB_013092,MATERIALS_SCIENCE
PUB_013093,PHYSICS_AND_ASTRONOMY
PUB_013094,MATERIALS_SCIENCE
PUB_013095,ENGINEERING
PUB_013096,COMPUTER_SCIENCE
PUB_013097,COMPUTER_SCIENCE
PUB_013098,MATERIALS_SCIENCE
PUB_013099,PHYSICS_AND_ASTRONOMY
PUB_013100,MATERIALS_SCIENCE
PUB_013101,PHYSICS_AND_ASTRONOMY
PUB_013102,COMPUTER_SCIENCE
PUB_013103,PHYSICS_AND_ASTRONOMY
PUB_013104,ENGINEERING
PUB_013105,ENGINEERING
PUB_013106,PHYSICS_AND_ASTRONOMY
PUB_013107,MATERIALS_SCIENCE
PUB_013108,COMPUTER_SCIENCE
PUB_013109,ENGINEERING
PUB_013110,ENGINEERING
PUB_013111,MATERIALS_SCIENCE
PUB_013112,MATERIALS_SCIENCE
PUB_013113,ENGINEERING
PUB_013114,PHYSICS_AND_ASTRONOMY
PUB_013115,MATERIALS_SCIENCE
PUB_013116,PHYSICS_AND_ASTRONOMY
PUB_013117,MATERIALS_SCIENCE
PUB_013118,ENGINEERING
PUB_013119,PHYSICS_AND_ASTRONOMY
PUB_013120,ENGINEERING
PUB_013121,PHYSICS_AND_ASTRONOMY
PUB_013122,ENGINEERING
PUB_013123,COMPUTER_SCIENCE
PUB_013124,MATERIALS_SCIENCE
PUB_013125,ENGINEERING
PUB_013126,PHYSICS_AND_ASTRONOMY
PUB_013127,MATERIALS_SCIENCE
PUB_013128,MATERIALS_SCIENCE
PUB_013129,ENGINEERING
PUB_013130,MATERIALS_SCIENCE
PUB_013131,MATERIALS_SCIENCE
PUB_013132,PHYSICS_AND_ASTRONOMY
PUB_013133,ENGINEERING
PUB_013134,COMPUTER_SCIENCE
PUB_013135,ENGINEERING
PUB_013136,ENGINEERING
PUB_013137,ENGINEERING
PUB_013138,MATERIALS_SCIENCE
PUB_013139,ENGINEERING
PUB_013140,MATERIALS_SCIENCE
PUB_013141,PHYSICS_AND_ASTRONOMY
PUB_013142,MATERIALS_SCIENCE
PUB_013143,ENGINEERING
PUB_013144,MATHEMATICS
PUB_013145,MATERIALS_SCIENCE
PUB_013146,PHYSICS_AND_ASTRONOMY
PUB_013147,MATERIALS_SCIENCE
PUB_013148,MATERIALS_SCIENCE
PUB_013149,ENGINEERING
PUB_013150,ENGINEERING
PUB_013151,PHYSICS_AND_ASTRONOMY
PUB_013152,MATERIALS_SCIENCE
PUB_013153,MATERIALS_SCIENCE
PUB_013154,MATERIALS_SCIENCE
PUB_013155,MATERIALS_SCIENCE
PUB_013156,ENGINEERING
PUB_013157,MATERIALS_SCIENCE
PUB_013158,ENGINEERING
PUB_013159,ENGINEERING
PUB_013160,MATHEMATICS
PUB_013161,ENGINEERING
PUB_013162,PHYSICS_AND_ASTRONOMY
PUB_013163,MATERIALS_SCIENCE
PUB_013164,MATERIALS_SCIENCE
PUB_013165,PHYSICS_AND_ASTRONOMY
PUB_013166,MATERIALS_SCIENCE
PUB_013167,ENGINEERING
PUB_013168,ENGINEERING
PUB_013169,MATERIALS_SCIENCE
PUB_013170,MATERIALS_SCIENCE
PUB_013171,COMPUTER_SCIENCE
PUB_013172,MATERIALS_SCIENCE
PUB_013173,ENGINEERING
PUB_013174,ENGINEERING
PUB_013175,ENGINEERING
PUB_013176,MATERIALS_SCIENCE
PUB_013177,ENGINEERING
PUB_013178,ENGINEERING
PUB_013179,COMPUTER_SCIENCE
PUB_013180,ENGINEERING
PUB_013181,ENGINEERING
PUB_013182,PHYSICS_AND_ASTRONOMY
PUB_013183,MATERIALS_SCIENCE
PUB_013184,MATERIALS_SCIENCE
PUB_013185,ENGINEERING
PUB_013186,PHYSICS_AND_ASTRONOMY
PUB_013187,ENGINEERING
PUB_013188,MATERIALS_SCIENCE
PUB_013189,ENGINEERING
PUB_013190,MATHEMATICS
PUB_013191,MATERIALS_SCIENCE
PUB_013192,MATERIALS_SCIENCE
PUB_013193,COMPUTER_SCIENCE
PUB_013194,ENGINEERING
PUB_013195,COMPUTER_SCIENCE
PUB_013196,ENGINEERING
PUB_013197,ENGINEERING
PUB_013198,ENGINEERING
PUB_013199,COMPUTER_SCIENCE
PUB_013200,MATERIALS_SCIENCE
PUB_013201,ENGINEERING
PUB_013202,ENGINEERING
PUB_013203,MATERIALS_SCIENCE
PUB_013204,ENGINEERING
PUB_013205,ENGINEERING
PUB_013206,MATERIALS_SCIENCE
PUB_013207,MATERIALS_SCIENCE
PUB_013208,PHYSICS_AND_ASTRONOMY
PUB_013209,PHYSICS_AND_ASTRONOMY
PUB_013210,ENGINEERING
PUB_013211,MATERIALS_SCIENCE
PUB_013212,ENGINEERING
PUB_013213,MATERIALS_SCIENCE
PUB_013214,PHYSICS_AND_ASTRONOMY
PUB_013215,MATERIALS_SCIENCE
PUB_013216,MATERIALS_SCIENCE
PUB_013217,ENGINEERING
PUB_013218,MATERIALS_SCIENCE
PUB_013219,ENGINEERING
PUB_013220,ENGINEERING
PUB_013221,ENGINEERING
PUB_013222,MATERIALS_SCIENCE
PUB_013223,COMPUTER_SCIENCE
PUB_013224,ENGINEERING
PUB_013225,MATERIALS_SCIENCE
PUB_013226,COMPUTER_SCIENCE
PUB_013227,MATERIALS_SCIENCE
PUB_013228,ENGINEERING
PUB_013229,ENGINEERING
PUB_013230,ENGINEERING
PUB_013231,ENGINEERING
PUB_013232,ENGINEERING
PUB_013233,MATERIALS_SCIENCE
PUB_013234,ENGINEERING
PUB_013235,PHYSICS_AND_ASTRONOMY
PUB_013236,MATERIALS_SCIENCE
PUB_013237,ENGINEERING
PUB_013238,COMPUTER_SCIENCE
PUB_013239,ENGINEERING
PUB_013240,PHYSICS_AND_ASTRONOMY
PUB_013241,MATERIALS_SCIENCE
PUB_013242,PHYSICS_AND_ASTRONOMY
PUB_013243,MATERIALS_SCIENCE
PUB_013244,ENGINEERING
PUB_013245,MATHEMATICS
PUB_013246,MATERIALS_SCIENCE
PUB_013247,MATERIALS_SCIENCE
PUB_013248,COMPUTER_SCIENCE
PUB_013249,ENGINEERING
PUB_013250,COMPUTER_SCIENCE
PUB_013251,ENGINEERING
PUB_013252,MATERIALS_SCIENCE
PUB_013253,PHYSICS_AND_ASTRONOMY
PUB_013254,COMPUTER_SCIENCE
PUB_013255,ENGINEERING
PUB_013256,ENGINEERING
PUB_013257,ENGINEERING
PUB_013258,ENGINEERING
PUB_013259,PHYSICS_AND_ASTRONOMY
PUB_013260,ENGINEERING
PUB_013261,PHYSICS_AND_ASTRONOMY
PUB_013262,ENGINEERING
PUB_013263,MATERIALS_SCIENCE
PUB_013264,ENGINEERING
PUB_013265,ENGINEERING
PUB_013266,ENGINEERING
PUB_013267,ENGINEERING
PUB_013268,ENGINEERING
PUB_013269,COMPUTER_SCIENCE
PUB_013270,ENGINEERING
PUB_013271,PHYSICS_AND_ASTRONOMY
PUB_013272,PHYSICS_AND_ASTRONOMY
PUB_013273,MATERIALS_SCIENCE
PUB_013274,MATERIALS_SCIENCE
PUB_013275,MATERIALS_SCIENCE
PUB_013276,COMPUTER_SCIENCE
PUB_013277,MATERIALS_SCIENCE
PUB_013278,ENGINEERING
PUB_013279,COMPUTER_SCIENCE
PUB_013280,MATERIALS_SCIENCE
PUB_013281,ENGINEERING
PUB_013282,ENGINEERING
PUB_013283,PHYSICS_AND_ASTRONOMY
PUB_013284,MATERIALS_SCIENCE
PUB_013285,ENGINEERING
PUB_013286,MATERIALS_SCIENCE
PUB_013287,MATERIALS_SCIENCE
PUB_013288,ENGINEERING
PUB_013289,ENGINEERING
PUB_013290,ENGINEERING
PUB_013291,ENGINEERING
PUB_013292,ENGINEERING
PUB_013293,COMPUTER_SCIENCE
PUB_013294,ENGINEERING
PUB_013295,MATERIALS_SCIENCE
PUB_013296,PHYSICS_AND_ASTRONOMY
PUB_013297,ENGINEERING
PUB_013298,ENGINEERING
PUB_013299,ENGINEERING
PUB_013300,MATERIALS_SCIENCE
PUB_013301,MATERIALS_SCIENCE
PUB_013302,PHYSICS_AND_ASTRONOMY
PUB_013303,ENGINEERING
PUB_013304,ENGINEERING
PUB_013305,ENGINEERING
PUB_013306,ENGINEERING
PUB_013307,ENGINEERING
PUB_013308,MATERIALS_SCIENCE
PUB_013309,ENGINEERING
PUB_013310,ENGINEERING
PUB_013311,PHYSICS_AND_ASTRONOMY
PUB_013312,PHYSICS_AND_ASTRONOMY
PUB_013313,MATERIALS_SCIENCE
PUB_013314,MATERIALS_SCIENCE
PUB_013315,MATERIALS_SCIENCE
PUB_013316,PHYSICS_AND_ASTRONOMY
PUB_013317,ENGINEERING
PUB_013318,MATERIALS_SCIENCE
PUB_013319,COMPUTER_SCIENCE
PUB_013320,ENGINEERING
PUB_013321,ENGINEERING
PUB_013322,ENGINEERING
PUB_013323,MATERIALS_SCIENCE
PUB_013324,MATERIALS_SCIENCE
PUB_013325,ENGINEERING
PUB_013326,MATERIALS_SCIENCE
PUB_013327,MATERIALS_SCIENCE
PUB_013328,COMPUTER_SCIENCE
PUB_013329,ENGINEERING
PUB_013330,ENGINEERING
PUB_013331,MATERIALS_SCIENCE
PUB_013332,ENGINEERING
PUB_013333,ENGINEERING
PUB_013334,ENGINEERING
PUB_013335,MATERIALS_SCIENCE
PUB_013336,MATERIALS_SCIENCE
PUB_013337,MATERIALS_SCIENCE
PUB_013338,PHYSICS_AND_ASTRONOMY
PUB_013339,PHYSICS_AND_ASTRONOMY
PUB_013340,ENGINEERING
PUB_013341,MATERIALS_SCIENCE
PUB_013342,ENGINEERING
PUB_013343,ENGINEERING
PUB_013344,ENGINEERING
PUB_013345,MATERIALS_SCIENCE
PUB_013346,ENGINEERING
PUB_013347,ENGINEERING
PUB_013348,MATERIALS_SCIENCE
PUB_013349,MATERIALS_SCIENCE
PUB_013350,PHYSICS_AND_ASTRONOMY
PUB_013351,MATERIALS_SCIENCE
PUB_013352,PHYSICS_AND_ASTRONOMY
PUB_013353,MATERIALS_SCIENCE
PUB_013354,COMPUTER_SCIENCE
PUB_013355,MATERIALS_SCIENCE
PUB_013356,ENGINEERING
PUB_013357,ENGINEERING
PUB_013358,ENGINEERING
PUB_013359,ENGINEERING
PUB_013360,ENGINEERING
PUB_013361,PHYSICS_AND_ASTRONOMY
PUB_013362,ENGINEERING
PUB_013363,ENGINEERING
PUB_013364,COMPUTER_SCIENCE
PUB_013365,ENGINEERING
PUB_013366,ENGINEERING
PUB_013367,ENGINEERING
PUB_013368,ENGINEERING
PUB_013369,ENGINEERING
PUB_013370,ENGINEERING
PUB_013371,ENGINEERING
PUB_013372,PHYSICS_AND_ASTRONOMY
PUB_013373,ENGINEERING
PUB_013374,ENGINEERING
PUB_013375,ENGINEERING
PUB_013376,ENGINEERING
PUB_013377,ENGINEERING
PUB_013378,ENGINEERING
PUB_013379,PHYSICS_AND_ASTRONOMY
PUB_013380,ENGINEERING
PUB_013381,ENGINEERING
PUB_013382,MATERIALS_SCIENCE
PUB_013383,ENGINEERING
PUB_013384,ENGINEERING
PUB_013385,PHYSICS_AND_ASTRONOMY
PUB_013386,MATERIALS_SCIENCE
PUB_013387,COMPUTER_SCIENCE
PUB_013388,PHYSICS_AND_ASTRONOMY
PUB_013389,MATERIALS_SCIENCE
PUB_013390,COMPUTER_SCIENCE
PUB_013391,COMPUTER_SCIENCE
PUB_013392,MATERIALS_SCIENCE
PUB_013393,ENGINEERING
PUB_013394,PHYSICS_AND_ASTRONOMY
PUB_013395,MATERIALS_SCIENCE
PUB_013396,MATERIALS_SCIENCE
PUB_013397,ENGINEERING
PUB_013398,ENGINEERING
PUB_013399,MATHEMATICS
PUB_013400,MATERIALS_SCIENCE
PUB_013401,MATERIALS_SCIENCE
PUB_013402,MATERIALS_SCIENCE
PUB_013403,MATERIALS_SCIENCE
PUB_013404,ENGINEERING
PUB_013405,PHYSICS_AND_ASTRONOMY
PUB_013406,ENGINEERING
PUB_013407,PHYSICS_AND_ASTRONOMY
PUB_013408,ENGINEERING
PUB_013409,MATERIALS_SCIENCE
PUB_013410,MATERIALS_SCIENCE
PUB_013411,ENGINEERING
PUB_013412,ENGINEERING
PUB_013413,MATERIALS_SCIENCE
PUB_013414,ENGINEERING
PUB_013415,ENGINEERING
PUB_013416,MATERIALS_SCIENCE
PUB_013417,COMPUTER_SCIENCE
PUB_013418,ENGINEERING
PUB_013419,MATERIALS_SCIENCE
PUB_013420,PHYSICS_AND_ASTRONOMY
PUB_013421,ENGINEERING
PUB_013422,ENGINEERING
PUB_013423,ENGINEERING
PUB_013424,PHYSICS_AND_ASTRONOMY
PUB_013425,ENGINEERING
PUB_013426,ENGINEERING
PUB_013427,ENGINEERING
PUB_013428,MATERIALS_SCIENCE
PUB_013429,PHYSICS_AND_ASTRONOMY
PUB_013430,PHYSICS_AND_ASTRONOMY
PUB_013431,COMPUTER_SCIENCE
PUB_013432,ENGINEERING
PUB_013433,ENGINEERING
PUB_013434,ENGINEERING
PUB_013435,MATERIALS_SCIENCE
PUB_013436,ENGINEERING
PUB_013437,COMPUTER_SCIENCE
PUB_013438,MATERIALS_SCIENCE
PUB_013439,ENGINEERING
PUB_013440,ENGINEERING
PUB_013441,ENGINEERING
PUB_013442,ENGINEERING
PUB_013443,ENGINEERING
PUB_013444,ENGINEERING
PUB_013445,ENGINEERING
PUB_013446,ENGINEERING
PUB_013447,MATERIALS_SCIENCE
PUB_013448,ENGINEERING
PUB_013449,ENGINEERING
PUB_013450,ENGINEERING
PUB_013451,COMPUTER_SCIENCE
PUB_013452,ENGINEERING
PUB_013453,ENGINEERING
PUB_013454,ENGINEERING
PUB_013455,PHYSICS_AND_ASTRONOMY
PUB_013456,ENGINEERING
PUB_013457,MATERIALS_SCIENCE
PUB_013458,MATERIALS_SCIENCE
PUB_013459,ENGINEERING
PUB_013460,MATERIALS_SCIENCE
PUB_013461,PHYSICS_AND_ASTRONOMY
PUB_013462,ENGINEERING
PUB_013463,MATHEMATICS
PUB_013464,ENGINEERING
PUB_013465,ENGINEERING
PUB_013466,ENGINEERING
PUB_013467,ENGINEERING
PUB_013468,COMPUTER_SCIENCE
PUB_013469,ENGINEERING
PUB_013470,PHYSICS_AND_ASTRONOMY
PUB_013471,ENGINEERING
PUB_013472,COMPUTER_SCIENCE
PUB_013473,ENGINEERING
PUB_013474,MATERIALS_SCIENCE
PUB_013475,ENGINEERING
PUB_013476,ENGINEERING
PUB_013477,MATERIALS_SCIENCE
PUB_013478,MATERIALS_SCIENCE
PUB_013479,ENGINEERING
PUB_013480,PHYSICS_AND_ASTRONOMY
PUB_013481,MATERIALS_SCIENCE
PUB_013482,ENGINEERING
PUB_013483,MATERIALS_SCIENCE
PUB_013484,MATERIALS_SCIENCE
PUB_013485,COMPUTER_SCIENCE
PUB_013486,ENGINEERING
PUB_013487,PHYSICS_AND_ASTRONOMY
PUB_013488,ENGINEERING
PUB_013489,MATERIALS_SCIENCE
PUB_013490,ENGINEERING
PUB_013491,ENGINEERING
PUB_013492,MATHEMATICS
PUB_013493,PHYSICS_AND_ASTRONOMY
PUB_013494,COMPUTER_SCIENCE
PUB_013495,ENGINEERING
PUB_013496,MATERIALS_SCIENCE
PUB_013497,PHYSICS_AND_ASTRONOMY
PUB_013498,ENGINEERING
PUB_013499,ENGINEERING
PUB_013500,ENGINEERING
PUB_013501,ENGINEERING
PUB_013502,ENGINEERING
PUB_013503,ENGINEERING
PUB_013504,MATERIALS_SCIENCE
PUB_013505,PHYSICS_AND_ASTRONOMY
PUB_013506,ENGINEERING
PUB_013507,ENGINEERING
PUB_013508,COMPUTER_SCIENCE
PUB_013509,MATERIALS_SCIENCE
PUB_013510,MATHEMATICS
PUB_013511,MATERIALS_SCIENCE
PUB_013512,MATERIALS_SCIENCE
PUB_013513,ENGINEERING
PUB_013514,ENGINEERING
PUB_013515,MATERIALS_SCIENCE
PUB_013516,ENGINEERING
PUB_013517,PHYSICS_AND_ASTRONOMY
PUB_013518,MATERIALS_SCIENCE
PUB_013519,COMPUTER_SCIENCE
PUB_013520,PHYSICS_AND_ASTRONOMY
PUB_013521,ENGINEERING
PUB_013522,MATERIALS_SCIENCE
PUB_013523,ENGINEERING
PUB_013524,PHYSICS_AND_ASTRONOMY
PUB_013525,ENGINEERING
PUB_013526,ENGINEERING
PUB_013527,ENGINEERING
PUB_013528,MATERIALS_SCIENCE
PUB_013529,COMPUTER_SCIENCE
PUB_013530,PHYSICS_AND_ASTRONOMY
PUB_013531,ENGINEERING
PUB_013532,ENGINEERING
PUB_013533,MATERIALS_SCIENCE
PUB_013534,MATERIALS_SCIENCE
PUB_013535,ENGINEERING
PUB_013536,PHYSICS_AND_ASTRONOMY
PUB_013537,COMPUTER_SCIENCE
PUB_013538,MATHEMATICS
PUB_013539,COMPUTER_SCIENCE
PUB_013540,MATERIALS_SCIENCE
PUB_013541,MATERIALS_SCIENCE
PUB_013542,ENGINEERING
PUB_013543,ENGINEERING
PUB_013544,PHYSICS_AND_ASTRONOMY
PUB_013545,MATERIALS_SCIENCE
PUB_013546,MATERIALS_SCIENCE
PUB_013547,ENGINEERING
PUB_013548,PHYSICS_AND_ASTRONOMY
PUB_013549,COMPUTER_SCIENCE
PUB_013550,ENGINEERING
PUB_013551,PHYSICS_AND_ASTRONOMY
PUB_013552,MATERIALS_SCIENCE
PUB_013553,MATERIALS_SCIENCE
PUB_013554,COMPUTER_SCIENCE
PUB_013555,MATERIALS_SCIENCE
PUB_013556,COMPUTER_SCIENCE
PUB_013557,PHYSICS_AND_ASTRONOMY
PUB_013558,MATERIALS_SCIENCE
PUB_013559,MATERIALS_SCIENCE
PUB_013560,ENGINEERING
PUB_013561,COMPUTER_SCIENCE
PUB_013562,MATERIALS_SCIENCE
PUB_013563,ENGINEERING
PUB_013564,MATERIALS_SCIENCE
PUB_013565,ENGINEERING
PUB_013566,ENGINEERING
PUB_013567,ENGINEERING
PUB_013568,ENGINEERING
PUB_013569,MATERIALS_SCIENCE
PUB_013570,MATERIALS_SCIENCE
PUB_013571,MATERIALS_SCIENCE
PUB_013572,ENGINEERING
PUB_013573,COMPUTER_SCIENCE
PUB_013574,COMPUTER_SCIENCE
PUB_013575,ENGINEERING
PUB_013576,MATERIALS_SCIENCE
PUB_013577,ENGINEERING
PUB_013578,ENGINEERING
PUB_013579,ENGINEERING
PUB_013580,ENGINEERING
PUB_013581,MATERIALS_SCIENCE
PUB_013582,MATERIALS_SCIENCE
PUB_013583,PHYSICS_AND_ASTRONOMY
PUB_013584,MATERIALS_SCIENCE
PUB_013585,ENGINEERING
PUB_013586,MATERIALS_SCIENCE
PUB_013587,MATERIALS_SCIENCE
PUB_013588,PHYSICS_AND_ASTRONOMY
PUB_013589,PHYSICS_AND_ASTRONOMY
PUB_013590,ENGINEERING
PUB_013591,MATERIALS_SCIENCE
PUB_013592,ENGINEERING
PUB_013593,PHYSICS_AND_ASTRONOMY
PUB_013594,MATERIALS_SCIENCE
PUB_013595,ENGINEERING
PUB_013596,COMPUTER_SCIENCE
PUB_013597,ENGINEERING
PUB_013598,ENGINEERING
PUB_013599,ENGINEERING
PUB_013600,MATHEMATICS
PUB_013601,ENGINEERING
PUB_013602,ENGINEERING
PUB_013603,MATERIALS_SCIENCE
PUB_013604,MATERIALS_SCIENCE
PUB_013605,ENGINEERING
PUB_013606,MATERIALS_SCIENCE
PUB_013607,MATERIALS_SCIENCE
PUB_013608,ENGINEERING
PUB_013609,MATERIALS_SCIENCE
PUB_013610,ENGINEERING
PUB_013611,COMPUTER_SCIENCE
PUB_013612,MATHEMATICS
PUB_013613,MATERIALS_SCIENCE
PUB_013614,ENGINEERING
PUB_013615,PHYSICS_AND_ASTRONOMY
PUB_013616,MATHEMATICS
PUB_013617,ENGINEERING
PUB_013618,MATHEMATICS
PUB_013619,MATHEMATICS
PUB_013620,ENGINEERING
PUB_013621,ENGINEERING
PUB_013622,ENGINEERING
PUB_013623,MATERIALS_SCIENCE
PUB_013624,MATHEMATICS
PUB_013625,ENGINEERING
PUB_013626,COMPUTER_SCIENCE
PUB_013627,COMPUTER_SCIENCE
PUB_013628,MATHEMATICS
PUB_013629,ENGINEERING
PUB_013630,ENGINEERING
PUB_013631,ENGINEERING
PUB_013632,PHYSICS_AND_ASTRONOMY
PUB_013633,ENGINEERING
PUB_013634,COMPUTER_SCIENCE
PUB_013635,ENGINEERING
PUB_013636,ENGINEERING
PUB_013637,ENGINEERING
PUB_013638,ENGINEERING
PUB_013639,ENGINEERING
PUB_013640,PHYSICS_AND_ASTRONOMY
PUB_013641,ENGINEERING
PUB_013642,COMPUTER_SCIENCE
PUB_013643,MATERIALS_SCIENCE
PUB_013644,COMPUTER_SCIENCE
PUB_013645,COMPUTER_SCIENCE
PUB_013646,COMPUTER_SCIENCE
PUB_013647,ENGINEERING
PUB_013648,ENGINEERING
PUB_013649,COMPUTER_SCIENCE
PUB_013650,MATERIALS_SCIENCE
PUB_013651,ENGINEERING
PUB_013652,COMPUTER_SCIENCE
PUB_013653,PHYSICS_AND_ASTRONOMY
PUB_013654,MATHEMATICS
PUB_013655,PHYSICS_AND_ASTRONOMY
PUB_013656,PHYSICS_AND_ASTRONOMY
PUB_013657,MATERIALS_SCIENCE
PUB_013658,ENGINEERING
PUB_013659,COMPUTER_SCIENCE
PUB_013660,ENGINEERING
PUB_013661,ENGINEERING
PUB_013662,PHYSICS_AND_ASTRONOMY
PUB_013663,MATERIALS_SCIENCE
PUB_013664,MATERIALS_SCIENCE
PUB_013665,MATERIALS_SCIENCE
PUB_013666,ENGINEERING
PUB_013667,ENGINEERING
PUB_013668,MATERIALS_SCIENCE
PUB_013669,MATERIALS_SCIENCE
PUB_013670,MATHEMATICS
PUB_013671,ENGINEERING
PUB_013672,ENGINEERING
PUB_013673,ENGINEERING
PUB_013674,ENGINEERING
PUB_013675,ENGINEERING
PUB_013676,MATERIALS_SCIENCE
PUB_013677,ENGINEERING
PUB_013678,MATERIALS_SCIENCE
PUB_013679,COMPUTER_SCIENCE
PUB_013680,ENGINEERING
PUB_013681,ENGINEERING
PUB_013682,ENGINEERING
PUB_013683,COMPUTER_SCIENCE
PUB_013684,ENGINEERING
PUB_013685,ENGINEERING
PUB_013686,ENGINEERING
PUB_013687,MATERIALS_SCIENCE
PUB_013688,ENGINEERING
PUB_013689,PHYSICS_AND_ASTRONOMY
PUB_013690,ENGINEERING
PUB_013691,MATERIALS_SCIENCE
PUB_013692,MATERIALS_SCIENCE
PUB_013693,COMPUTER_SCIENCE
PUB_013694,ENGINEERING
PUB_013695,MATERIALS_SCIENCE
PUB_013696,COMPUTER_SCIENCE
PUB_013697,MATHEMATICS
PUB_013698,MATERIALS_SCIENCE
PUB_013699,PHYSICS_AND_ASTRONOMY
PUB_013700,MATERIALS_SCIENCE
PUB_013701,MATHEMATICS
PUB_013702,ENGINEERING
PUB_013703,PHYSICS_AND_ASTRONOMY
PUB_013704,ENGINEERING
PUB_013705,COMPUTER_SCIENCE
PUB_013706,MATERIALS_SCIENCE
PUB_013707,PHYSICS_AND_ASTRONOMY
PUB_013708,PHYSICS_AND_ASTRONOMY
PUB_013709,COMPUTER_SCIENCE
PUB_013710,ENGINEERING
PUB_013711,ENGINEERING
PUB_013712,ENGINEERING
PUB_013713,PHYSICS_AND_ASTRONOMY
PUB_013714,ENGINEERING
PUB_013715,COMPUTER_SCIENCE
PUB_013716,COMPUTER_SCIENCE
PUB_013717,COMPUTER_SCIENCE
PUB_013718,MATERIALS_SCIENCE
PUB_013719,COMPUTER_SCIENCE
PUB_013720,MATERIALS_SCIENCE
PUB_013721,PHYSICS_AND_ASTRONOMY
PUB_013722,ENGINEERING
PUB_013723,PHYSICS_AND_ASTRONOMY
PUB_013724,PHYSICS_AND_ASTRONOMY
PUB_013725,PHYSICS_AND_ASTRONOMY
PUB_013726,ENGINEERING
PUB_013727,MATERIALS_SCIENCE
PUB_013728,ENGINEERING
PUB_013729,ENGINEERING
PUB_013730,COMPUTER_SCIENCE
PUB_013731,ENGINEERING
PUB_013732,ENGINEERING
PUB_013733,MATERIALS_SCIENCE
PUB_013734,ENGINEERING
PUB_013735,ENGINEERING
PUB_013736,MATERIALS_SCIENCE
PUB_013737,ENGINEERING
PUB_013738,MATERIALS_SCIENCE
PUB_013739,ENGINEERING
PUB_013740,ENGINEERING
PUB_013741,ENGINEERING
PUB_013742,ENGINEERING
PUB_013743,PHYSICS_AND_ASTRONOMY
PUB_013744,ENGINEERING
PUB_013745,COMPUTER_SCIENCE
PUB_013746,ENGINEERING
PUB_013747,COMPUTER_SCIENCE
PUB_013748,ENGINEERING
PUB_013749,ENGINEERING
PUB_013750,ENGINEERING
PUB_013751,ENGINEERING
PUB_013752,PHYSICS_AND_ASTRONOMY
PUB_013753,COMPUTER_SCIENCE
PUB_013754,ENGINEERING
PUB_013755,ENGINEERING
PUB_013756,MATERIALS_SCIENCE
PUB_013757,COMPUTER_SCIENCE
PUB_013758,ENGINEERING
PUB_013759,ENGINEERING
PUB_013760,ENGINEERING
PUB_013761,PHYSICS_AND_ASTRONOMY
PUB_013762,ENGINEERING
PUB_013763,MATHEMATICS
PUB_013764,ENGINEERING
PUB_013765,MATERIALS_SCIENCE
PUB_013766,MATHEMATICS
PUB_013767,PHYSICS_AND_ASTRONOMY
PUB_013768,PHYSICS_AND_ASTRONOMY
PUB_013769,MATERIALS_SCIENCE
PUB_013770,MATERIALS_SCIENCE
PUB_013771,MATERIALS_SCIENCE
PUB_013772,ENGINEERING
PUB_013773,ENGINEERING
PUB_013774,PHYSICS_AND_ASTRONOMY
PUB_013775,ENGINEERING
PUB_013776,ENGINEERING
PUB_013777,MATERIALS_SCIENCE
PUB_013778,ENGINEERING
PUB_013779,ENGINEERING
PUB_013780,ENGINEERING
PUB_013781,ENGINEERING
PUB_013782,MATERIALS_SCIENCE
PUB_013783,MATERIALS_SCIENCE
PUB_013784,MATERIALS_SCIENCE
PUB_013785,MATERIALS_SCIENCE
PUB_013786,ENGINEERING
PUB_013787,ENGINEERING
PUB_013788,ENGINEERING
PUB_013789,ENGINEERING
PUB_013790,MATERIALS_SCIENCE
PUB_013791,ENGINEERING
PUB_013792,MATERIALS_SCIENCE
PUB_013793,MATERIALS_SCIENCE
PUB_013794,ENGINEERING
PUB_013795,ENGINEERING
PUB_013796,ENGINEERING
PUB_013797,MATERIALS_SCIENCE
PUB_013798,COMPUTER_SCIENCE
PUB_013799,MATHEMATICS
PUB_013800,MATERIALS_SCIENCE
PUB_013801,PHYSICS_AND_ASTRONOMY
PUB_013802,ENGINEERING
PUB_013803,ENGINEERING
PUB_013804,MATERIALS_SCIENCE
PUB_013805,PHYSICS_AND_ASTRONOMY
PUB_013806,MATERIALS_SCIENCE
PUB_013807,ENGINEERING
PUB_013808,MATERIALS_SCIENCE
PUB_013809,PHYSICS_AND_ASTRONOMY
PUB_013810,PHYSICS_AND_ASTRONOMY
PUB_013811,MATERIALS_SCIENCE
PUB_013812,ENGINEERING
PUB_013813,ENGINEERING
PUB_013814,ENGINEERING
PUB_013815,ENGINEERING
PUB_013816,ENGINEERING
PUB_013817,MATERIALS_SCIENCE
PUB_013818,MATERIALS_SCIENCE
PUB_013819,MATERIALS_SCIENCE
PUB_013820,COMPUTER_SCIENCE
PUB_013821,ENGINEERING
PUB_013822,ENGINEERING
PUB_013823,MATERIALS_SCIENCE
PUB_013824,ENGINEERING
PUB_013825,PHYSICS_AND_ASTRONOMY
PUB_013826,ENGINEERING
PUB_013827,MATERIALS_SCIENCE
PUB_013828,ENGINEERING
PUB_013829,MATERIALS_SCIENCE
PUB_013830,MATERIALS_SCIENCE
PUB_013831,COMPUTER_SCIENCE
PUB_013832,ENGINEERING
PUB_013833,ENGINEERING
PUB_013834,ENGINEERING
PUB_013835,MATERIALS_SCIENCE
PUB_013836,ENGINEERING
PUB_013837,ENGINEERING
PUB_013838,ENGINEERING
PUB_013839,ENGINEERING
PUB_013840,COMPUTER_SCIENCE
PUB_013841,ENGINEERING
PUB_013842,COMPUTER_SCIENCE
PUB_013843,ENGINEERING
PUB_013844,ENGINEERING
PUB_013845,ENGINEERING
PUB_013846,ENGINEERING
PUB_013847,PHYSICS_AND_ASTRONOMY
PUB_013848,ENGINEERING
PUB_013849,ENGINEERING
PUB_013850,PHYSICS_AND_ASTRONOMY
PUB_013851,PHYSICS_AND_ASTRONOMY
PUB_013852,MATERIALS_SCIENCE
PUB_013853,ENGINEERING
PUB_013854,ENGINEERING
PUB_013855,MATERIALS_SCIENCE
PUB_013856,COMPUTER_SCIENCE
PUB_013857,COMPUTER_SCIENCE
PUB_013858,MATERIALS_SCIENCE
PUB_013859,ENGINEERING
PUB_013860,ENGINEERING
PUB_013861,PHYSICS_AND_ASTRONOMY
PUB_013862,COMPUTER_SCIENCE
PUB_013863,ENGINEERING
PUB_013864,COMPUTER_SCIENCE
PUB_013865,MATHEMATICS
PUB_013866,PHYSICS_AND_ASTRONOMY
PUB_013867,COMPUTER_SCIENCE
PUB_013868,PHYSICS_AND_ASTRONOMY
PUB_013869,MATERIALS_SCIENCE
PUB_013870,ENGINEERING
PUB_013871,ENGINEERING
PUB_013872,ENGINEERING
PUB_013873,PHYSICS_AND_ASTRONOMY
PUB_013874,COMPUTER_SCIENCE
PUB_013875,ENGINEERING
PUB_013876,ENGINEERING
PUB_013877,COMPUTER_SCIENCE
PUB_013878,MATHEMATICS
PUB_013879,ENGINEERING
PUB_013880,ENGINEERING
PUB_013881,ENGINEERING
PUB_013882,COMPUTER_SCIENCE
PUB_013883,MATHEMATICS
PUB_013884,COMPUTER_SCIENCE
PUB_013885,ENGINEERING
PUB_013886,MATHEMATICS
PUB_013887,ENGINEERING
PUB_013888,MATERIALS_SCIENCE
PUB_013889,COMPUTER_SCIENCE
PUB_013890,PHYSICS_AND_ASTRONOMY
PUB_013891,ENGINEERING
PUB_013892,COMPUTER_SCIENCE
PUB_013893,PHYSICS_AND_ASTRONOMY
PUB_013894,MATHEMATICS
PUB_013895,PHYSICS_AND_ASTRONOMY
PUB_013896,MATERIALS_SCIENCE
PUB_013897,COMPUTER_SCIENCE
PUB_013898,MATHEMATICS
PUB_013899,COMPUTER_SCIENCE
PUB_013900,MATERIALS_SCIENCE
PUB_013901,ENGINEERING
PUB_013902,MATERIALS_SCIENCE
PUB_013903,PHYSICS_AND_ASTRONOMY
PUB_013904,COMPUTER_SCIENCE
PUB_013905,ENGINEERING
PUB_013906,PHYSICS_AND_ASTRONOMY
PUB_013907,ENGINEERING
PUB_013908,ENGINEERING
PUB_013909,ENGINEERING
PUB_013910,ENGINEERING
PUB_013911,ENGINEERING
PUB_013912,ENGINEERING
PUB_013913,ENGINEERING
PUB_013914,ENGINEERING
PUB_013915,ENGINEERING
PUB_013916,MATERIALS_SCIENCE
PUB_013917,PHYSICS_AND_ASTRONOMY
PUB_013918,PHYSICS_AND_ASTRONOMY
PUB_013919,COMPUTER_SCIENCE
PUB_013920,ENGINEERING
PUB_013921,ENGINEERING
PUB_013922,ENGINEERING
PUB_013923,ENGINEERING
PUB_013924,MATERIALS_SCIENCE
PUB_013925,MATHEMATICS
PUB_013926,ENGINEERING
PUB_013927,MATERIALS_SCIENCE
PUB_013928,ENGINEERING
PUB_013929,ENGINEERING
PUB_013930,ENGINEERING
PUB_013931,COMPUTER_SCIENCE
PUB_013932,ENGINEERING
PUB_013933,MATERIALS_SCIENCE
PUB_013934,ENGINEERING
PUB_013935,ENGINEERING
PUB_013936,PHYSICS_AND_ASTRONOMY
PUB_013937,COMPUTER_SCIENCE
PUB_013938,PHYSICS_AND_ASTRONOMY
PUB_013939,ENGINEERING
PUB_013940,MATERIALS_SCIENCE
PUB_013941,COMPUTER_SCIENCE
PUB_013942,ENGINEERING
PUB_013943,ENGINEERING
PUB_013944,MATERIALS_SCIENCE
PUB_013945,COMPUTER_SCIENCE
PUB_013946,ENGINEERING
PUB_013947,ENGINEERING
PUB_013948,MATERIALS_SCIENCE
PUB_013949,ENGINEERING
PUB_013950,MATHEMATICS
PUB_013951,COMPUTER_SCIENCE
PUB_013952,ENGINEERING
PUB_013953,ENGINEERING
PUB_013954,ENGINEERING
PUB_013955,PHYSICS_AND_ASTRONOMY
PUB_013956,MATERIALS_SCIENCE
PUB_013957,ENGINEERING
PUB_013958,COMPUTER_SCIENCE
PUB_013959,COMPUTER_SCIENCE
PUB_013960,ENGINEERING
PUB_013961,ENGINEERING
PUB_013962,MATHEMATICS
PUB_013963,ENGINEERING
PUB_013964,ENGINEERING
PUB_013965,COMPUTER_SCIENCE
PUB_013966,COMPUTER_SCIENCE
PUB_013967,ENGINEERING
PUB_013968,MATERIALS_SCIENCE
PUB_013969,ENGINEERING
PUB_013970,MATERIALS_SCIENCE
PUB_013971,MATERIALS_SCIENCE
PUB_013972,PHYSICS_AND_ASTRONOMY
PUB_013973,COMPUTER_SCIENCE
PUB_013974,COMPUTER_SCIENCE
PUB_013975,MATERIALS_SCIENCE
PUB_013976,ENGINEERING
PUB_013977,MATERIALS_SCIENCE
PUB_013978,ENGINEERING
PUB_013979,COMPUTER_SCIENCE
PUB_013980,COMPUTER_SCIENCE
PUB_013981,PHYSICS_AND_ASTRONOMY
PUB_013982,ENGINEERING
PUB_013983,PHYSICS_AND_ASTRONOMY
PUB_013984,MATERIALS_SCIENCE
PUB_013985,PHYSICS_AND_ASTRONOMY
PUB_013986,ENGINEERING
PUB_013987,COMPUTER_SCIENCE
PUB_013988,ENGINEERING
PUB_013989,PHYSICS_AND_ASTRONOMY
PUB_013990,ENGINEERING
PUB_013991,ENGINEERING
PUB_013992,ENGINEERING
PUB_013993,COMPUTER_SCIENCE
PUB_013994,PHYSICS_AND_ASTRONOMY
PUB_013995,MATERIALS_SCIENCE
PUB_013996,ENGINEERING
PUB_013997,ENGINEERING
PUB_013998,ENGINEERING
PUB_013999,PHYSICS_AND_ASTRONOMY
PUB_014000,MATERIALS_SCIENCE
PUB_014001,MATERIALS_SCIENCE
PUB_014002,ENGINEERING
PUB_014003,ENGINEERING
PUB_014004,MATHEMATICS
PUB_014005,ENGINEERING
PUB_014006,ENGINEERING
PUB_014007,MATERIALS_SCIENCE
PUB_014008,ENGINEERING
PUB_014009,ENGINEERING
PUB_014010,ENGINEERING
PUB_014011,ENGINEERING
PUB_014012,MATERIALS_SCIENCE
PUB_014013,ENGINEERING
PUB_014014,MATERIALS_SCIENCE
PUB_014015,ENGINEERING
PUB_014016,ENGINEERING
PUB_014017,COMPUTER_SCIENCE
PUB_014018,COMPUTER_SCIENCE
PUB_014019,ENGINEERING
PUB_014020,MATHEMATICS
PUB_014021,COMPUTER_SCIENCE
PUB_014022,ENGINEERING
PUB_014023,COMPUTER_SCIENCE
PUB_014024,ENGINEERING
PUB_014025,ENGINEERING
PUB_014026,PHYSICS_AND_ASTRONOMY
PUB_014027,ENGINEERING
PUB_014028,PHYSICS_AND_ASTRONOMY
PUB_014029,PHYSICS_AND_ASTRONOMY
PUB_014030,MATHEMATICS
PUB_014031,MATHEMATICS
PUB_014032,ENGINEERING
PUB_014033,ENGINEERING
PUB_014034,PHYSICS_AND_ASTRONOMY
PUB_014035,ENGINEERING
PUB_014036,ENGINEERING
PUB_014037,PHYSICS_AND_ASTRONOMY
PUB_014038,ENGINEERING
PUB_014039,COMPUTER_SCIENCE
PUB_014040,COMPUTER_SCIENCE
PUB_014041,COMPUTER_SCIENCE
PUB_014042,ENGINEERING
PUB_014043,COMPUTER_SCIENCE
PUB_014044,COMPUTER_SCIENCE
PUB_014045,ENGINEERING
PUB_014046,ENGINEERING
PUB_014047,COMPUTER_SCIENCE
PUB_014048,ENGINEERING
PUB_014049,MATERIALS_SCIENCE
PUB_014050,ENGINEERING
PUB_014051,COMPUTER_SCIENCE
PUB_014052,COMPUTER_SCIENCE
PUB_014053,COMPUTER_SCIENCE
PUB_014054,MATHEMATICS
PUB_014055,COMPUTER_SCIENCE
PUB_014056,ENGINEERING
PUB_014057,COMPUTER_SCIENCE
PUB_014058,ENGINEERING
PUB_014059,MATHEMATICS
PUB_014060,COMPUTER_SCIENCE
PUB_014061,COMPUTER_SCIENCE
PUB_014062,MATERIALS_SCIENCE
PUB_014063,MATHEMATICS
PUB_014064,COMPUTER_SCIENCE
PUB_014065,COMPUTER_SCIENCE
PUB_014066,PHYSICS_AND_ASTRONOMY
PUB_014067,COMPUTER_SCIENCE
PUB_014068,COMPUTER_SCIENCE
PUB_014069,COMPUTER_SCIENCE
PUB_014070,MATERIALS_SCIENCE
PUB_014071,PHYSICS_AND_ASTRONOMY
PUB_014072,PHYSICS_AND_ASTRONOMY
PUB_014073,COMPUTER_SCIENCE
PUB_014074,ENGINEERING
PUB_014075,COMPUTER_SCIENCE
PUB_014076,PHYSICS_AND_ASTRONOMY
PUB_014077,COMPUTER_SCIENCE
PUB_014078,MATHEMATICS
PUB_014079,MATHEMATICS
PUB_014080,ENGINEERING
PUB_014081,MATHEMATICS
PUB_014082,ENGINEERING
PUB_014083,PHYSICS_AND_ASTRONOMY
PUB_014084,ENGINEERING
PUB_014085,MATERIALS_SCIENCE
PUB_014086,COMPUTER_SCIENCE
PUB_014087,MATERIALS_SCIENCE
PUB_014088,ENGINEERING
PUB_014089,ENGINEERING
PUB_014090,MATERIALS_SCIENCE
PUB_014091,MATERIALS_SCIENCE
PUB_014092,PHYSICS_AND_ASTRONOMY
PUB_014093,PHYSICS_AND_ASTRONOMY
PUB_014094,ENGINEERING
PUB_014095,ENGINEERING
PUB_014096,ENGINEERING
PUB_014097,ENGINEERING
PUB_014098,COMPUTER_SCIENCE
PUB_014099,COMPUTER_SCIENCE
PUB_014100,COMPUTER_SCIENCE
PUB_014101,ENGINEERING
PUB_014102,ENGINEERING
PUB_014103,ENGINEERING
PUB_014104,ENGINEERING
PUB_014105,ENGINEERING
PUB_014106,MATERIALS_SCIENCE
PUB_014107,ENGINEERING
PUB_014108,MATHEMATICS
PUB_014109,COMPUTER_SCIENCE
PUB_014110,MATERIALS_SCIENCE
PUB_014111,MATHEMATICS
PUB_014112,MATERIALS_SCIENCE
PUB_014113,MATHEMATICS
PUB_014114,ENGINEERING
PUB_014115,ENGINEERING
PUB_014116,ENGINEERING
PUB_014117,ENGINEERING
PUB_014118,ENGINEERING
PUB_014119,MATERIALS_SCIENCE
PUB_014120,COMPUTER_SCIENCE
PUB_014121,MATERIALS_SCIENCE
PUB_014122,MATHEMATICS
PUB_014123,ENGINEERING
PUB_014124,COMPUTER_SCIENCE
PUB_014125,COMPUTER_SCIENCE
PUB_014126,ENGINEERING
PUB_014127,COMPUTER_SCIENCE
PUB_014128,ENGINEERING
PUB_014129,ENGINEERING
PUB_014130,ENGINEERING
PUB_014131,ENGINEERING
PUB_014132,MATERIALS_SCIENCE
PUB_014133,ENGINEERING
PUB_014134,ENGINEERING
PUB_014135,ENGINEERING
PUB_014136,ENGINEERING
PUB_014137,ENGINEERING
PUB_014138,MATHEMATICS
PUB_014139,COMPUTER_SCIENCE
PUB_014140,COMPUTER_SCIENCE
PUB_014141,PHYSICS_AND_ASTRONOMY
PUB_014142,ENGINEERING
PUB_014143,ENGINEERING
PUB_014144,ENGINEERING
PUB_014145,COMPUTER_SCIENCE
PUB_014146,MATHEMATICS
PUB_014147,ENGINEERING
PUB_014148,PHYSICS_AND_ASTRONOMY
PUB_014149,MATERIALS_SCIENCE
PUB_014150,MATERIALS_SCIENCE
PUB_014151,MATERIALS_SCIENCE
PUB_014152,ENGINEERING
PUB_014153,ENGINEERING
PUB_014154,PHYSICS_AND_ASTRONOMY
PUB_014155,MATERIALS_SCIENCE
PUB_014156,MATERIALS_SCIENCE
PUB_014157,MATERIALS_SCIENCE
PUB_014158,ENGINEERING
PUB_014159,ENGINEERING
PUB_014160,ENGINEERING
PUB_014161,MATHEMATICS
PUB_014162,MATERIALS_SCIENCE
PUB_014163,ENGINEERING
PUB_014164,ENGINEERING
PUB_014165,ENGINEERING
PUB_014166,ENGINEERING
PUB_014167,ENGINEERING
PUB_014168,COMPUTER_SCIENCE
PUB_014169,ENGINEERING
PUB_014170,COMPUTER_SCIENCE
PUB_014171,ENGINEERING
PUB_014172,COMPUTER_SCIENCE
PUB_014173,ENGINEERING
PUB_014174,ENGINEERING
PUB_014175,COMPUTER_SCIENCE
PUB_014176,MATHEMATICS
PUB_014177,COMPUTER_SCIENCE
PUB_014178,COMPUTER_SCIENCE
PUB_014179,COMPUTER_SCIENCE
PUB_014180,ENGINEERING
PUB_014181,COMPUTER_SCIENCE
PUB_014182,COMPUTER_SCIENCE
PUB_014183,MATERIALS_SCIENCE
PUB_014184,ENGINEERING
PUB_014185,MATERIALS_SCIENCE
PUB_014186,ENGINEERING
PUB_014187,ENGINEERING
PUB_014188,ENGINEERING
PUB_014189,ENGINEERING
PUB_014190,ENGINEERING
PUB_014191,ENGINEERING
PUB_014192,ENGINEERING
PUB_014193,MATHEMATICS
PUB_014194,ENGINEERING
PUB_014195,ENGINEERING
PUB_014196,ENGINEERING
PUB_014197,ENGINEERING
PUB_014198,ENGINEERING
PUB_014199,COMPUTER_SCIENCE
PUB_014200,ENGINEERING
PUB_014201,ENGINEERING
PUB_014202,MATERIALS_SCIENCE
PUB_014203,ENGINEERING
PUB_014204,ENGINEERING
PUB_014205,ENGINEERING
PUB_014206,COMPUTER_SCIENCE
PUB_014207,COMPUTER_SCIENCE
PUB_014208,ENGINEERING
PUB_014209,ENGINEERING
PUB_014210,ENGINEERING
PUB_014211,PHYSICS_AND_ASTRONOMY
PUB_014212,COMPUTER_SCIENCE
PUB_014213,COMPUTER_SCIENCE
PUB_014214,COMPUTER_SCIENCE
PUB_014215,COMPUTER_SCIENCE
PUB_014216,COMPUTER_SCIENCE
PUB_014217,COMPUTER_SCIENCE
PUB_014218,ENGINEERING
PUB_014219,COMPUTER_SCIENCE
PUB_014220,ENGINEERING
PUB_014221,COMPUTER_SCIENCE
PUB_014222,COMPUTER_SCIENCE
PUB_014223,ENGINEERING
PUB_014224,COMPUTER_SCIENCE
PUB_014225,ENGINEERING
PUB_014226,ENGINEERING
PUB_014227,ENGINEERING
PUB_014228,MATERIALS_SCIENCE
PUB_014229,MATERIALS_SCIENCE
PUB_014230,MATERIALS_SCIENCE
PUB_014231,MATERIALS_SCIENCE
PUB_014232,ENGINEERING
PUB_014233,ENGINEERING
PUB_014234,MATERIALS_SCIENCE
PUB_014235,COMPUTER_SCIENCE
PUB_014236,ENGINEERING
PUB_014237,ENGINEERING
PUB_014238,PHYSICS_AND_ASTRONOMY
PUB_014239,MATERIALS_SCIENCE
PUB_014240,PHYSICS_AND_ASTRONOMY
PUB_014241,ENGINEERING
PUB_014242,COMPUTER_SCIENCE
PUB_014243,MATERIALS_SCIENCE
PUB_014244,ENGINEERING
PUB_014245,MATHEMATICS
PUB_014246,MATHEMATICS
PUB_014247,MATHEMATICS
PUB_014248,COMPUTER_SCIENCE
PUB_014249,COMPUTER_SCIENCE
PUB_014250,ENGINEERING
PUB_014251,ENGINEERING
PUB_014252,ENGINEERING
PUB_014253,ENGINEERING
PUB_014254,COMPUTER_SCIENCE
PUB_014255,ENGINEERING
PUB_014256,MATHEMATICS
PUB_014257,MATHEMATICS
PUB_014258,MATHEMATICS
PUB_014259,MATHEMATICS
PUB_014260,ENGINEERING
PUB_014261,COMPUTER_SCIENCE
PUB_014262,ENGINEERING
PUB_014263,PHYSICS_AND_ASTRONOMY
PUB_014264,ENGINEERING
PUB_014265,ENGINEERING
PUB_014266,PHYSICS_AND_ASTRONOMY
PUB_014267,ENGINEERING
PUB_014268,ENGINEERING
PUB_014269,ENGINEERING
PUB_014270,ENGINEERING
PUB_014271,COMPUTER_SCIENCE
PUB_014272,COMPUTER_SCIENCE
PUB_014273,ENGINEERING
PUB_014274,ENGINEERING
PUB_014275,MATHEMATICS
PUB_014276,MATERIALS_SCIENCE
PUB_014277,PHYSICS_AND_ASTRONOMY
PUB_014278,COMPUTER_SCIENCE
PUB_014279,MATERIALS_SCIENCE
PUB_014280,ENGINEERING
PUB_014281,MATERIALS_SCIENCE
PUB_014282,MATERIALS_SCIENCE
PUB_014283,ENGINEERING
PUB_014284,ENGINEERING
PUB_014285,ENGINEERING
PUB_014286,ENGINEERING
PUB_014287,ENGINEERING
PUB_014288,ENGINEERING
PUB_014289,ENGINEERING
PUB_014290,MATERIALS_SCIENCE
PUB_014291,MATERIALS_SCIENCE
PUB_014292,MATERIALS_SCIENCE
PUB_014293,COMPUTER_SCIENCE
PUB_014294,COMPUTER_SCIENCE
PUB_014295,COMPUTER_SCIENCE
PUB_014296,MATHEMATICS
PUB_014297,COMPUTER_SCIENCE
PUB_014298,COMPUTER_SCIENCE
PUB_014299,MATHEMATICS
PUB_014300,MATHEMATICS
PUB_014301,MATHEMATICS
PUB_014302,ENGINEERING
PUB_014303,ENGINEERING
PUB_014304,ENGINEERING
PUB_014305,ENGINEERING
PUB_014306,COMPUTER_SCIENCE
PUB_014307,PHYSICS_AND_ASTRONOMY
PUB_014308,ENGINEERING
PUB_014309,COMPUTER_SCIENCE
PUB_014310,ENGINEERING
PUB_014311,COMPUTER_SCIENCE
PUB_014312,PHYSICS_AND_ASTRONOMY
PUB_014313,ENGINEERING
PUB_014314,ENGINEERING
PUB_014315,ENGINEERING
PUB_014316,MATERIALS_SCIENCE
PUB_014317,MATERIALS_SCIENCE
PUB_014318,PHYSICS_AND_ASTRONOMY
PUB_014319,ENGINEERING
PUB_014320,PHYSICS_AND_ASTRONOMY
PUB_014321,MATHEMATICS
PUB_014322,ENGINEERING
PUB_014323,ENGINEERING
PUB_014324,MATERIALS_SCIENCE
PUB_014325,ENGINEERING
PUB_014326,COMPUTER_SCIENCE
PUB_014327,COMPUTER_SCIENCE
PUB_014328,COMPUTER_SCIENCE
PUB_014329,PHYSICS_AND_ASTRONOMY
PUB_014330,MATHEMATICS
PUB_014331,ENGINEERING
PUB_014332,MATHEMATICS
PUB_014333,ENGINEERING
PUB_014334,MATHEMATICS
PUB_014335,COMPUTER_SCIENCE
PUB_014336,MATERIALS_SCIENCE
PUB_014337,ENGINEERING
PUB_014338,ENGINEERING
PUB_014339,ENGINEERING
PUB_014340,MATHEMATICS
PUB_014341,ENGINEERING
PUB_014342,ENGINEERING
PUB_014343,PHYSICS_AND_ASTRONOMY
PUB_014344,MATERIALS_SCIENCE
PUB_014345,MATHEMATICS
PUB_014346,MATERIALS_SCIENCE
PUB_014347,ENGINEERING
PUB_014348,PHYSICS_AND_ASTRONOMY
PUB_014349,PHYSICS_AND_ASTRONOMY
PUB_014350,MATERIALS_SCIENCE
PUB_014351,MATERIALS_SCIENCE
PUB_014352,ENGINEERING
PUB_014353,ENGINEERING
PUB_014354,MATERIALS_SCIENCE
PUB_014355,ENGINEERING
PUB_014356,COMPUTER_SCIENCE
PUB_014357,PHYSICS_AND_ASTRONOMY
PUB_014358,PHYSICS_AND_ASTRONOMY
PUB_014359,MATERIALS_SCIENCE
PUB_014360,ENGINEERING
PUB_014361,ENGINEERING
PUB_014362,MATERIALS_SCIENCE
PUB_014363,ENGINEERING
PUB_014364,ENGINEERING
PUB_014365,ENGINEERING
PUB_014366,ENGINEERING
PUB_014367,MATHEMATICS
PUB_014368,ENGINEERING
PUB_014369,ENGINEERING
PUB_014370,MATHEMATICS
PUB_014371,ENGINEERING
PUB_014372,MATERIALS_SCIENCE
PUB_014373,ENGINEERING
PUB_014374,COMPUTER_SCIENCE
PUB_014375,PHYSICS_AND_ASTRONOMY
PUB_014376,ENGINEERING
PUB_014377,PHYSICS_AND_ASTRONOMY
PUB_014378,PHYSICS_AND_ASTRONOMY
PUB_014379,ENGINEERING
PUB_014380,COMPUTER_SCIENCE
PUB_014381,PHYSICS_AND_ASTRONOMY
PUB_014382,ENGINEERING
PUB_014383,ENGINEERING
PUB_014384,ENGINEERING
PUB_014385,MATERIALS_SCIENCE
PUB_014386,ENGINEERING
PUB_014387,MATERIALS_SCIENCE
PUB_014388,MATERIALS_SCIENCE
PUB_014389,PHYSICS_AND_ASTRONOMY
PUB_014390,MATERIALS_SCIENCE
PUB_014391,PHYSICS_AND_ASTRONOMY
PUB_014392,PHYSICS_AND_ASTRONOMY
PUB_014393,ENGINEERING
PUB_014394,PHYSICS_AND_ASTRONOMY
PUB_014395,MATERIALS_SCIENCE
PUB_014396,ENGINEERING
PUB_014397,ENGINEERING
PUB_014398,MATERIALS_SCIENCE
PUB_014399,PHYSICS_AND_ASTRONOMY
PUB_014400,ENGINEERING
PUB_014401,ENGINEERING
PUB_014402,ENGINEERING
PUB_014403,ENGINEERING
PUB_014404,PHYSICS_AND_ASTRONOMY
PUB_014405,ENGINEERING
PUB_014406,ENGINEERING
PUB_014407,ENGINEERING
PUB_014408,ENGINEERING
PUB_014409,ENGINEERING
PUB_014410,MATERIALS_SCIENCE
PUB_014411,ENGINEERING
PUB_014412,ENGINEERING
PUB_014413,ENGINEERING
PUB_014414,COMPUTER_SCIENCE
PUB_014415,MATERIALS_SCIENCE
PUB_014416,MATERIALS_SCIENCE
PUB_014417,ENGINEERING
PUB_014418,MATERIALS_SCIENCE
PUB_014419,MATHEMATICS
PUB_014420,COMPUTER_SCIENCE
PUB_014421,ENGINEERING
PUB_014422,ENGINEERING
PUB_014423,ENGINEERING
PUB_014424,MATERIALS_SCIENCE
PUB_014425,MATHEMATICS
PUB_014426,MATHEMATICS
PUB_014427,MATERIALS_SCIENCE
PUB_014428,MATHEMATICS
PUB_014429,ENGINEERING
PUB_014430,MATERIALS_SCIENCE
PUB_014431,PHYSICS_AND_ASTRONOMY
PUB_014432,MATHEMATICS
PUB_014433,PHYSICS_AND_ASTRONOMY
PUB_014434,ENGINEERING
PUB_014435,ENGINEERING
PUB_014436,ENGINEERING
PUB_014437,ENGINEERING
PUB_014438,MATHEMATICS
PUB_014439,MATHEMATICS
PUB_014440,COMPUTER_SCIENCE
PUB_014441,MATHEMATICS
PUB_014442,COMPUTER_SCIENCE
PUB_014443,ENGINEERING
PUB_014444,COMPUTER_SCIENCE
PUB_014445,PHYSICS_AND_ASTRONOMY
PUB_014446,COMPUTER_SCIENCE
PUB_014447,ENGINEERING
PUB_014448,ENGINEERING
PUB_014449,MATERIALS_SCIENCE
PUB_014450,ENGINEERING
PUB_014451,MATHEMATICS
PUB_014452,MATERIALS_SCIENCE
PUB_014453,ENGINEERING
PUB_014454,COMPUTER_SCIENCE
PUB_014455,ENGINEERING
PUB_014456,PHYSICS_AND_ASTRONOMY
PUB_014457,PHYSICS_AND_ASTRONOMY
PUB_014458,ENGINEERING
PUB_014459,COMPUTER_SCIENCE
PUB_014460,ENGINEERING
PUB_014461,ENGINEERING
PUB_014462,PHYSICS_AND_ASTRONOMY
PUB_014463,MATERIALS_SCIENCE
PUB_014464,ENGINEERING
PUB_014465,ENGINEERING
PUB_014466,ENGINEERING
PUB_014467,COMPUTER_SCIENCE
PUB_014468,ENGINEERING
PUB_014469,ENGINEERING
PUB_014470,ENGINEERING
PUB_014471,ENGINEERING
PUB_014472,ENGINEERING
PUB_014473,ENGINEERING
PUB_014474,ENGINEERING
PUB_014475,COMPUTER_SCIENCE
PUB_014476,COMPUTER_SCIENCE
PUB_014477,ENGINEERING
PUB_014478,ENGINEERING
PUB_014479,ENGINEERING
PUB_014480,MATERIALS_SCIENCE
PUB_014481,ENGINEERING
PUB_014482,ENGINEERING
PUB_014483,PHYSICS_AND_ASTRONOMY
PUB_014484,ENGINEERING
PUB_014485,ENGINEERING
PUB_014486,ENGINEERING
PUB_014487,ENGINEERING
PUB_014488,ENGINEERING
PUB_014489,ENGINEERING
PUB_014490,PHYSICS_AND_ASTRONOMY
PUB_014491,ENGINEERING
PUB_014492,MATERIALS_SCIENCE
PUB_014493,MATERIALS_SCIENCE
PUB_014494,MATERIALS_SCIENCE
PUB_014495,PHYSICS_AND_ASTRONOMY
PUB_014496,ENGINEERING
PUB_014497,ENGINEERING
PUB_014498,ENGINEERING
PUB_014499,ENGINEERING
PUB_014500,ENGINEERING
PUB_014501,ENGINEERING
PUB_014502,MATERIALS_SCIENCE
PUB_014503,ENGINEERING
PUB_014504,ENGINEERING
PUB_014505,MATERIALS_SCIENCE
PUB_014506,ENGINEERING
PUB_014507,ENGINEERING
PUB_014508,MATHEMATICS
PUB_014509,ENGINEERING
PUB_014510,ENGINEERING
PUB_014511,ENGINEERING
PUB_014512,ENGINEERING
PUB_014513,ENGINEERING
PUB_014514,ENGINEERING
PUB_014515,PHYSICS_AND_ASTRONOMY
PUB_014516,ENGINEERING
PUB_014517,ENGINEERING
PUB_014518,ENGINEERING
PUB_014519,ENGINEERING
PUB_014520,ENGINEERING
PUB_014521,ENGINEERING
PUB_014522,ENGINEERING
PUB_014523,ENGINEERING
PUB_014524,ENGINEERING
PUB_014525,PHYSICS_AND_ASTRONOMY
PUB_014526,ENGINEERING
PUB_014527,ENGINEERING
PUB_014528,ENGINEERING
PUB_014529,ENGINEERING
PUB_014530,COMPUTER_SCIENCE
PUB_014531,ENGINEERING
PUB_014532,ENGINEERING
PUB_014533,ENGINEERING
PUB_014534,COMPUTER_SCIENCE
PUB_014535,COMPUTER_SCIENCE
PUB_014536,ENGINEERING
PUB_014537,COMPUTER_SCIENCE
PUB_014538,MATERIALS_SCIENCE
PUB_014539,ENGINEERING
PUB_014540,ENGINEERING
PUB_014541,ENGINEERING
PUB_014542,ENGINEERING
PUB_014543,ENGINEERING
PUB_014544,ENGINEERING
PUB_014545,ENGINEERING
PUB_014546,ENGINEERING
PUB_014547,ENGINEERING
PUB_014548,ENGINEERING
PUB_014549,COMPUTER_SCIENCE
PUB_014550,ENGINEERING
PUB_014551,MATERIALS_SCIENCE
PUB_014552,PHYSICS_AND_ASTRONOMY
PUB_014553,ENGINEERING
PUB_014554,PHYSICS_AND_ASTRONOMY
PUB_014555,MATERIALS_SCIENCE
PUB_014556,ENGINEERING
PUB_014557,MATHEMATICS
PUB_014558,ENGINEERING
PUB_014559,ENGINEERING
PUB_014560,COMPUTER_SCIENCE
PUB_014561,COMPUTER_SCIENCE
PUB_014562,COMPUTER_SCIENCE
PUB_014563,MATERIALS_SCIENCE
PUB_014564,MATERIALS_SCIENCE
PUB_014565,MATERIALS_SCIENCE
PUB_014566,COMPUTER_SCIENCE
PUB_014567,MATHEMATICS
PUB_014568,COMPUTER_SCIENCE
PUB_014569,COMPUTER_SCIENCE
PUB_014570,ENGINEERING
PUB_014571,ENGINEERING
PUB_014572,ENGINEERING
PUB_014573,ENGINEERING
PUB_014574,ENGINEERING
PUB_014575,ENGINEERING
PUB_014576,PHYSICS_AND_ASTRONOMY
PUB_014577,ENGINEERING
PUB_014578,ENGINEERING
PUB_014579,COMPUTER_SCIENCE
PUB_014580,COMPUTER_SCIENCE
PUB_014581,ENGINEERING
PUB_014582,COMPUTER_SCIENCE
PUB_014583,COMPUTER_SCIENCE
PUB_014584,ENGINEERING
PUB_014585,MATERIALS_SCIENCE
PUB_014586,ENGINEERING
PUB_014587,PHYSICS_AND_ASTRONOMY
PUB_014588,MATERIALS_SCIENCE
PUB_014589,ENGINEERING
PUB_014590,ENGINEERING
PUB_014591,PHYSICS_AND_ASTRONOMY
PUB_014592,ENGINEERING
PUB_014593,COMPUTER_SCIENCE
PUB_014594,ENGINEERING
PUB_014595,ENGINEERING
PUB_014596,ENGINEERING
PUB_014597,ENGINEERING
PUB_014598,PHYSICS_AND_ASTRONOMY
PUB_014599,ENGINEERING
PUB_014600,ENGINEERING
PUB_014601,MATERIALS_SCIENCE
PUB_014602,ENGINEERING
PUB_014603,ENGINEERING
PUB_014604,ENGINEERING
PUB_014605,ENGINEERING
PUB_014606,MATERIALS_SCIENCE
PUB_014607,MATERIALS_SCIENCE
PUB_014608,COMPUTER_SCIENCE
PUB_014609,ENGINEERING
PUB_014610,COMPUTER_SCIENCE
PUB_014611,PHYSICS_AND_ASTRONOMY
PUB_014612,PHYSICS_AND_ASTRONOMY
PUB_014613,COMPUTER_SCIENCE
PUB_014614,ENGINEERING
PUB_014615,ENGINEERING
PUB_014616,ENGINEERING
PUB_014617,ENGINEERING
PUB_014618,ENGINEERING
PUB_014619,ENGINEERING
PUB_014620,ENGINEERING
PUB_014621,ENGINEERING
PUB_014622,ENGINEERING
PUB_014623,ENGINEERING
PUB_014624,ENGINEERING
PUB_014625,ENGINEERING
PUB_014626,ENGINEERING
PUB_014627,ENGINEERING
PUB_014628,MATERIALS_SCIENCE
PUB_014629,MATERIALS_SCIENCE
PUB_014630,MATERIALS_SCIENCE
PUB_014631,MATERIALS_SCIENCE
PUB_014632,MATERIALS_SCIENCE
PUB_014633,MATERIALS_SCIENCE
PUB_014634,MATERIALS_SCIENCE
PUB_014635,MATERIALS_SCIENCE
PUB_014636,ENGINEERING
PUB_014637,ENGINEERING
PUB_014638,ENGINEERING
PUB_014639,COMPUTER_SCIENCE
PUB_014640,PHYSICS_AND_ASTRONOMY
PUB_014641,ENGINEERING
PUB_014642,ENGINEERING
PUB_014643,ENGINEERING
PUB_014644,PHYSICS_AND_ASTRONOMY
PUB_014645,ENGINEERING
PUB_014646,ENGINEERING
PUB_014647,ENGINEERING
PUB_014648,COMPUTER_SCIENCE
PUB_014649,COMPUTER_SCIENCE
PUB_014650,ENGINEERING
PUB_014651,PHYSICS_AND_ASTRONOMY
PUB_014652,PHYSICS_AND_ASTRONOMY
PUB_014653,PHYSICS_AND_ASTRONOMY
PUB_014654,PHYSICS_AND_ASTRONOMY
PUB_014655,PHYSICS_AND_ASTRONOMY
PUB_014656,PHYSICS_AND_ASTRONOMY
PUB_014657,COMPUTER_SCIENCE
PUB_014658,PHYSICS_AND_ASTRONOMY
PUB_014659,COMPUTER_SCIENCE
PUB_014660,ENGINEERING
PUB_014661,ENGINEERING
PUB_014662,MATERIALS_SCIENCE
PUB_014663,ENGINEERING
PUB_014664,ENGINEERING
PUB_014665,ENGINEERING
PUB_014666,MATERIALS_SCIENCE
PUB_014667,COMPUTER_SCIENCE
PUB_014668,PHYSICS_AND_ASTRONOMY
PUB_014669,MATERIALS_SCIENCE
PUB_014670,ENGINEERING
PUB_014671,MATHEMATICS
PUB_014672,COMPUTER_SCIENCE
PUB_014673,PHYSICS_AND_ASTRONOMY
PUB_014674,COMPUTER_SCIENCE
PUB_014675,COMPUTER_SCIENCE
PUB_014676,COMPUTER_SCIENCE
PUB_014677,COMPUTER_SCIENCE
PUB_014678,PHYSICS_AND_ASTRONOMY
PUB_014679,ENGINEERING
PUB_014680,ENGINEERING
PUB_014681,ENGINEERING
PUB_014682,PHYSICS_AND_ASTRONOMY
PUB_014683,ENGINEERING
PUB_014684,ENGINEERING
PUB_014685,ENGINEERING
PUB_014686,ENGINEERING
PUB_014687,COMPUTER_SCIENCE
PUB_014688,ENGINEERING
PUB_014689,COMPUTER_SCIENCE
PUB_014690,MATHEMATICS
PUB_014691,ENGINEERING
PUB_014692,ENGINEERING
PUB_014693,ENGINEERING
PUB_014694,MATERIALS_SCIENCE
PUB_014695,PHYSICS_AND_ASTRONOMY
PUB_014696,ENGINEERING
PUB_014697,MATHEMATICS
PUB_014698,ENGINEERING
PUB_014699,COMPUTER_SCIENCE
PUB_014700,ENGINEERING
PUB_014701,MATERIALS_SCIENCE
PUB_014702,COMPUTER_SCIENCE
PUB_014703,ENGINEERING
PUB_014704,PHYSICS_AND_ASTRONOMY
PUB_014705,COMPUTER_SCIENCE
PUB_014706,ENGINEERING
PUB_014707,MATHEMATICS
PUB_014708,ENGINEERING
PUB_014709,ENGINEERING
PUB_014710,COMPUTER_SCIENCE
PUB_014711,ENGINEERING
PUB_014712,ENGINEERING
PUB_014713,ENGINEERING
PUB_014714,ENGINEERING
PUB_014715,ENGINEERING
PUB_014716,MATHEMATICS
PUB_014717,ENGINEERING
PUB_014718,ENGINEERING
PUB_014719,PHYSICS_AND_ASTRONOMY
PUB_014720,COMPUTER_SCIENCE
PUB_014721,MATHEMATICS
PUB_014722,MATERIALS_SCIENCE
PUB_014723,MATERIALS_SCIENCE
PUB_014724,ENGINEERING
PUB_014725,ENGINEERING
PUB_014726,COMPUTER_SCIENCE
PUB_014727,ENGINEERING
PUB_014728,MATERIALS_SCIENCE
PUB_014729,ENGINEERING
PUB_014730,PHYSICS_AND_ASTRONOMY
PUB_014731,ENGINEERING
PUB_014732,COMPUTER_SCIENCE
PUB_014733,ENGINEERING
PUB_014734,COMPUTER_SCIENCE
PUB_014735,MATERIALS_SCIENCE
PUB_014736,MATERIALS_SCIENCE
PUB_014737,PHYSICS_AND_ASTRONOMY
PUB_014738,MATERIALS_SCIENCE
PUB_014739,ENGINEERING
PUB_014740,ENGINEERING
PUB_014741,ENGINEERING
PUB_014742,COMPUTER_SCIENCE
PUB_014743,MATERIALS_SCIENCE
PUB_014744,ENGINEERING
PUB_014745,MATHEMATICS
PUB_014746,PHYSICS_AND_ASTRONOMY
PUB_014747,MATERIALS_SCIENCE
PUB_014748,MATERIALS_SCIENCE
PUB_014749,ENGINEERING
PUB_014750,ENGINEERING
PUB_014751,MATERIALS_SCIENCE
PUB_014752,ENGINEERING
PUB_014753,ENGINEERING
PUB_014754,COMPUTER_SCIENCE
PUB_014755,PHYSICS_AND_ASTRONOMY
PUB_014756,ENGINEERING
PUB_014757,ENGINEERING
PUB_014758,MATERIALS_SCIENCE
PUB_014759,MATERIALS_SCIENCE
PUB_014760,ENGINEERING
PUB_014761,ENGINEERING
PUB_014762,ENGINEERING
PUB_014763,ENGINEERING
PUB_014764,ENGINEERING
PUB_014765,ENGINEERING
PUB_014766,MATERIALS_SCIENCE
PUB_014767,ENGINEERING
PUB_014768,ENGINEERING
PUB_014769,COMPUTER_SCIENCE
PUB_014770,PHYSICS_AND_ASTRONOMY
PUB_014771,COMPUTER_SCIENCE
PUB_014772,ENGINEERING
PUB_014773,ENGINEERING
PUB_014774,ENGINEERING
PUB_014775,PHYSICS_AND_ASTRONOMY
PUB_014776,COMPUTER_SCIENCE
PUB_014777,ENGINEERING
PUB_014778,ENGINEERING
PUB_014779,ENGINEERING
PUB_014780,ENGINEERING
PUB_014781,MATERIALS_SCIENCE
PUB_014782,ENGINEERING
PUB_014783,ENGINEERING
PUB_014784,ENGINEERING
PUB_014785,COMPUTER_SCIENCE
PUB_014786,ENGINEERING
PUB_014787,ENGINEERING
PUB_014788,ENGINEERING
PUB_014789,ENGINEERING
PUB_014790,PHYSICS_AND_ASTRONOMY
PUB_014791,ENGINEERING
PUB_014792,ENGINEERING
PUB_014793,ENGINEERING
PUB_014794,COMPUTER_SCIENCE
PUB_014795,COMPUTER_SCIENCE
PUB_014796,ENGINEERING
PUB_014797,MATERIALS_SCIENCE
PUB_014798,MATHEMATICS
PUB_014799,ENGINEERING
PUB_014800,COMPUTER_SCIENCE
PUB_014801,ENGINEERING
PUB_014802,ENGINEERING
PUB_014803,ENGINEERING
PUB_014804,ENGINEERING
PUB_014805,COMPUTER_SCIENCE
PUB_014806,MATERIALS_SCIENCE
PUB_014807,MATERIALS_SCIENCE
PUB_014808,COMPUTER_SCIENCE
PUB_014809,MATERIALS_SCIENCE
PUB_014810,ENGINEERING
PUB_014811,COMPUTER_SCIENCE
PUB_014812,ENGINEERING
PUB_014813,ENGINEERING
PUB_014814,ENGINEERING
PUB_014815,ENGINEERING
PUB_014816,COMPUTER_SCIENCE
PUB_014817,COMPUTER_SCIENCE
PUB_014818,ENGINEERING
PUB_014819,ENGINEERING
PUB_014820,COMPUTER_SCIENCE
PUB_014821,ENGINEERING
PUB_014822,PHYSICS_AND_ASTRONOMY
PUB_014823,MATERIALS_SCIENCE
PUB_014824,COMPUTER_SCIENCE
PUB_014825,ENGINEERING
PUB_014826,MATERIALS_SCIENCE
PUB_014827,MATERIALS_SCIENCE
PUB_014828,ENGINEERING
PUB_014829,MATERIALS_SCIENCE
PUB_014830,ENGINEERING
PUB_014831,PHYSICS_AND_ASTRONOMY
PUB_014832,MATERIALS_SCIENCE
PUB_014833,ENGINEERING
PUB_014834,ENGINEERING
PUB_014835,COMPUTER_SCIENCE
PUB_014836,ENGINEERING
PUB_014837,ENGINEERING
PUB_014838,COMPUTER_SCIENCE
PUB_014839,ENGINEERING
PUB_014840,ENGINEERING
PUB_014841,ENGINEERING
PUB_014842,COMPUTER_SCIENCE
PUB_014843,COMPUTER_SCIENCE
PUB_014844,COMPUTER_SCIENCE
PUB_014845,ENGINEERING
PUB_014846,ENGINEERING
PUB_014847,ENGINEERING
PUB_014848,ENGINEERING
PUB_014849,ENGINEERING
PUB_014850,ENGINEERING
PUB_014851,ENGINEERING
PUB_014852,ENGINEERING
PUB_014853,MATERIALS_SCIENCE
PUB_014854,PHYSICS_AND_ASTRONOMY
PUB_014855,ENGINEERING
PUB_014856,COMPUTER_SCIENCE
PUB_014857,COMPUTER_SCIENCE
PUB_014858,ENGINEERING
PUB_014859,COMPUTER_SCIENCE
PUB_014860,COMPUTER_SCIENCE
PUB_014861,COMPUTER_SCIENCE
PUB_014862,COMPUTER_SCIENCE
PUB_014863,MATERIALS_SCIENCE
PUB_014864,ENGINEERING
PUB_014865,MATHEMATICS
PUB_014866,COMPUTER_SCIENCE
PUB_014867,COMPUTER_SCIENCE
PUB_014868,ENGINEERING
PUB_014869,MATERIALS_SCIENCE
PUB_014870,MATERIALS_SCIENCE
PUB_014871,PHYSICS_AND_ASTRONOMY
PUB_014872,PHYSICS_AND_ASTRONOMY
PUB_014873,ENGINEERING
PUB_014874,COMPUTER_SCIENCE
PUB_014875,PHYSICS_AND_ASTRONOMY
PUB_014876,ENGINEERING
PUB_014877,COMPUTER_SCIENCE
PUB_014878,ENGINEERING
PUB_014879,COMPUTER_SCIENCE
PUB_014880,ENGINEERING
PUB_014881,PHYSICS_AND_ASTRONOMY
PUB_014882,ENGINEERING
PUB_014883,ENGINEERING
PUB_014884,ENGINEERING
PUB_014885,MATHEMATICS
PUB_014886,COMPUTER_SCIENCE
PUB_014887,ENGINEERING
PUB_014888,MATHEMATICS
PUB_014889,COMPUTER_SCIENCE
PUB_014890,ENGINEERING
PUB_014891,ENGINEERING
PUB_014892,ENGINEERING
PUB_014893,PHYSICS_AND_ASTRONOMY
PUB_014894,ENGINEERING
PUB_014895,MATERIALS_SCIENCE
PUB_014896,MATERIALS_SCIENCE
PUB_014897,COMPUTER_SCIENCE
PUB_014898,COMPUTER_SCIENCE
PUB_014899,MATERIALS_SCIENCE
PUB_014900,PHYSICS_AND_ASTRONOMY
PUB_014901,PHYSICS_AND_ASTRONOMY
PUB_014902,COMPUTER_SCIENCE
PUB_014903,ENGINEERING
PUB_014904,MATERIALS_SCIENCE
PUB_014905,ENGINEERING
PUB_014906,ENGINEERING
PUB_014907,ENGINEERING
PUB_014908,ENGINEERING
PUB_014909,MATERIALS_SCIENCE
PUB_014910,MATERIALS_SCIENCE
PUB_014911,ENGINEERING
PUB_014912,ENGINEERING
PUB_014913,ENGINEERING
PUB_014914,ENGINEERING
PUB_014915,COMPUTER_SCIENCE
PUB_014916,COMPUTER_SCIENCE
PUB_014917,COMPUTER_SCIENCE
PUB_014918,ENGINEERING
PUB_014919,MATERIALS_SCIENCE
PUB_014920,COMPUTER_SCIENCE
PUB_014921,ENGINEERING
PUB_014922,MATERIALS_SCIENCE
PUB_014923,MATERIALS_SCIENCE
PUB_014924,MATERIALS_SCIENCE
PUB_014925,MATHEMATICS
PUB_014926,MATERIALS_SCIENCE
PUB_014927,MATHEMATICS
PUB_014928,ENGINEERING
PUB_014929,MATERIALS_SCIENCE
PUB_014930,MATERIALS_SCIENCE
PUB_014931,MATERIALS_SCIENCE
PUB_014932,ENGINEERING
PUB_014933,ENGINEERING
PUB_014934,PHYSICS_AND_ASTRONOMY
PUB_014935,ENGINEERING
PUB_014936,ENGINEERING
PUB_014937,ENGINEERING
PUB_014938,COMPUTER_SCIENCE
PUB_014939,ENGINEERING
PUB_014940,ENGINEERING
PUB_014941,ENGINEERING
PUB_014942,ENGINEERING
PUB_014943,COMPUTER_SCIENCE
PUB_014944,MATERIALS_SCIENCE
PUB_014945,MATERIALS_SCIENCE
PUB_014946,ENGINEERING
PUB_014947,ENGINEERING
PUB_014948,ENGINEERING
PUB_014949,ENGINEERING
PUB_014950,COMPUTER_SCIENCE
PUB_014951,COMPUTER_SCIENCE
PUB_014952,PHYSICS_AND_ASTRONOMY
PUB_014953,ENGINEERING
PUB_014954,ENGINEERING
PUB_014955,ENGINEERING
PUB_014956,ENGINEERING
PUB_014957,MATHEMATICS
PUB_014958,PHYSICS_AND_ASTRONOMY
PUB_014959,PHYSICS_AND_ASTRONOMY
PUB_014960,MATERIALS_SCIENCE
PUB_014961,ENGINEERING
PUB_014962,ENGINEERING
PUB_014963,COMPUTER_SCIENCE
PUB_014964,MATERIALS_SCIENCE
PUB_014965,ENGINEERING
PUB_014966,ENGINEERING
PUB_014967,ENGINEERING
PUB_014968,ENGINEERING
PUB_014969,MATERIALS_SCIENCE
PUB_014970,ENGINEERING
PUB_014971,ENGINEERING
PUB_014972,ENGINEERING
PUB_014973,ENGINEERING
PUB_014974,ENGINEERING
PUB_014975,ENGINEERING
PUB_014976,ENGINEERING
PUB_014977,ENGINEERING
PUB_014978,ENGINEERING
PUB_014979,ENGINEERING
PUB_014980,ENGINEERING
PUB_014981,PHYSICS_AND_ASTRONOMY
PUB_014982,ENGINEERING
PUB_014983,MATERIALS_SCIENCE
PUB_014984,MATERIALS_SCIENCE
PUB_014985,ENGINEERING
PUB_014986,MATERIALS_SCIENCE
PUB_014987,MATERIALS_SCIENCE
PUB_014988,PHYSICS_AND_ASTRONOMY
PUB_014989,ENGINEERING
PUB_014990,ENGINEERING
PUB_014991,MATERIALS_SCIENCE
PUB_014992,ENGINEERING
PUB_014993,MATHEMATICS
PUB_014994,MATERIALS_SCIENCE
PUB_014995,MATHEMATICS
PUB_014996,ENGINEERING
PUB_014997,PHYSICS_AND_ASTRONOMY
PUB_014998,PHYSICS_AND_ASTRONOMY
PUB_014999,ENGINEERING
PUB_015000,MATERIALS_SCIENCE
PUB_015001,COMPUTER_SCIENCE
PUB_015002,PHYSICS_AND_ASTRONOMY
PUB_015003,PHYSICS_AND_ASTRONOMY
PUB_015004,MATERIALS_SCIENCE
PUB_015005,ENGINEERING
PUB_015006,MATHEMATICS
PUB_015007,ENGINEERING
PUB_015008,ENGINEERING
PUB_015009,COMPUTER_SCIENCE
PUB_015010,ENGINEERING
PUB_015011,COMPUTER_SCIENCE
PUB_015012,COMPUTER_SCIENCE
PUB_015013,ENGINEERING
PUB_015014,PHYSICS_AND_ASTRONOMY
PUB_015015,ENGINEERING
PUB_015016,MATHEMATICS
PUB_015017,ENGINEERING
PUB_015018,MATERIALS_SCIENCE
PUB_015019,ENGINEERING
PUB_015020,ENGINEERING
PUB_015021,ENGINEERING
PUB_015022,ENGINEERING
PUB_015023,ENGINEERING
PUB_015024,ENGINEERING
PUB_015025,ENGINEERING
PUB_015026,MATERIALS_SCIENCE
PUB_015027,MATERIALS_SCIENCE
PUB_015028,MATERIALS_SCIENCE
PUB_015029,ENGINEERING
PUB_015030,PHYSICS_AND_ASTRONOMY
PUB_015031,ENGINEERING
PUB_015032,MATERIALS_SCIENCE
PUB_015033,MATERIALS_SCIENCE
PUB_015034,ENGINEERING
PUB_015035,COMPUTER_SCIENCE
PUB_015036,ENGINEERING
PUB_015037,COMPUTER_SCIENCE
PUB_015038,ENGINEERING
PUB_015039,MATHEMATICS
PUB_015040,ENGINEERING
PUB_015041,ENGINEERING
PUB_015042,ENGINEERING
PUB_015043,ENGINEERING
PUB_015044,MATERIALS_SCIENCE
PUB_015045,MATERIALS_SCIENCE
PUB_015046,MATHEMATICS
PUB_015047,MATERIALS_SCIENCE
PUB_015048,ENGINEERING
PUB_015049,MATERIALS_SCIENCE
PUB_015050,ENGINEERING
PUB_015051,ENGINEERING
PUB_015052,ENGINEERING
PUB_015053,ENGINEERING
PUB_015054,ENGINEERING
PUB_015055,COMPUTER_SCIENCE
PUB_015056,ENGINEERING
PUB_015057,ENGINEERING
PUB_015058,ENGINEERING
PUB_015059,ENGINEERING
PUB_015060,MATERIALS_SCIENCE
PUB_015061,MATHEMATICS
PUB_015062,COMPUTER_SCIENCE
PUB_015063,ENGINEERING
PUB_015064,ENGINEERING
PUB_015065,ENGINEERING
PUB_015066,ENGINEERING
PUB_015067,MATERIALS_SCIENCE
PUB_015068,ENGINEERING
PUB_015069,MATERIALS_SCIENCE
PUB_015070,COMPUTER_SCIENCE
PUB_015071,MATERIALS_SCIENCE
PUB_015072,ENGINEERING
PUB_015073,MATHEMATICS
PUB_015074,ENGINEERING
PUB_015075,COMPUTER_SCIENCE
PUB_015076,ENGINEERING
PUB_015077,COMPUTER_SCIENCE
PUB_015078,MATERIALS_SCIENCE
PUB_015079,MATERIALS_SCIENCE
PUB_015080,PHYSICS_AND_ASTRONOMY
PUB_015081,PHYSICS_AND_ASTRONOMY
PUB_015082,ENGINEERING
PUB_015083,PHYSICS_AND_ASTRONOMY
PUB_015084,ENGINEERING
PUB_015085,ENGINEERING
PUB_015086,ENGINEERING
PUB_015087,ENGINEERING
PUB_015088,MATERIALS_SCIENCE
PUB_015089,ENGINEERING
PUB_015090,ENGINEERING
PUB_015091,PHYSICS_AND_ASTRONOMY
PUB_015092,ENGINEERING
PUB_015093,ENGINEERING
PUB_015094,ENGINEERING
PUB_015095,MATHEMATICS
PUB_015096,MATERIALS_SCIENCE
PUB_015097,ENGINEERING
PUB_015098,COMPUTER_SCIENCE
PUB_015099,ENGINEERING
PUB_015100,MATERIALS_SCIENCE
PUB_015101,ENGINEERING
PUB_015102,MATERIALS_SCIENCE
PUB_015103,MATERIALS_SCIENCE
PUB_015104,MATHEMATICS
PUB_015105,PHYSICS_AND_ASTRONOMY
PUB_015106,PHYSICS_AND_ASTRONOMY
PUB_015107,ENGINEERING
PUB_015108,PHYSICS_AND_ASTRONOMY
PUB_015109,ENGINEERING
PUB_015110,ENGINEERING
PUB_015111,COMPUTER_SCIENCE
PUB_015112,ENGINEERING
PUB_015113,ENGINEERING
PUB_015114,ENGINEERING
PUB_015115,MATERIALS_SCIENCE
PUB_015116,ENGINEERING
PUB_015117,ENGINEERING
PUB_015118,ENGINEERING
PUB_015119,COMPUTER_SCIENCE
PUB_015120,MATERIALS_SCIENCE
PUB_015121,MATERIALS_SCIENCE
PUB_015122,COMPUTER_SCIENCE
PUB_015123,MATERIALS_SCIENCE
PUB_015124,ENGINEERING
PUB_015125,ENGINEERING
PUB_015126,ENGINEERING
PUB_015127,MATERIALS_SCIENCE
PUB_015128,COMPUTER_SCIENCE
PUB_015129,PHYSICS_AND_ASTRONOMY
PUB_015130,ENGINEERING
PUB_015131,PHYSICS_AND_ASTRONOMY
PUB_015132,COMPUTER_SCIENCE
PUB_015133,ENGINEERING
PUB_015134,MATHEMATICS
PUB_015135,MATERIALS_SCIENCE
PUB_015136,ENGINEERING
PUB_015137,ENGINEERING
PUB_015138,ENGINEERING
PUB_015139,COMPUTER_SCIENCE
PUB_015140,COMPUTER_SCIENCE
PUB_015141,ENGINEERING
PUB_015142,ENGINEERING
PUB_015143,ENGINEERING
PUB_015144,MATHEMATICS
PUB_015145,ENGINEERING
PUB_015146,COMPUTER_SCIENCE
PUB_015147,COMPUTER_SCIENCE
PUB_015148,ENGINEERING
PUB_015149,COMPUTER_SCIENCE
PUB_015150,ENGINEERING
PUB_015151,ENGINEERING
PUB_015152,COMPUTER_SCIENCE
PUB_015153,ENGINEERING
PUB_015154,ENGINEERING
PUB_015155,ENGINEERING
PUB_015156,COMPUTER_SCIENCE
PUB_015157,COMPUTER_SCIENCE
PUB_015158,ENGINEERING
PUB_015159,COMPUTER_SCIENCE
PUB_015160,COMPUTER_SCIENCE
PUB_015161,COMPUTER_SCIENCE
PUB_015162,COMPUTER_SCIENCE
PUB_015163,COMPUTER_SCIENCE
PUB_015164,ENGINEERING
PUB_015165,MATERIALS_SCIENCE
PUB_015166,PHYSICS_AND_ASTRONOMY
PUB_015167,MATERIALS_SCIENCE
PUB_015168,ENGINEERING
PUB_015169,MATERIALS_SCIENCE
PUB_015170,ENGINEERING
PUB_015171,MATERIALS_SCIENCE
PUB_015172,PHYSICS_AND_ASTRONOMY
PUB_015173,ENGINEERING
PUB_015174,MATERIALS_SCIENCE
PUB_015175,ENGINEERING
PUB_015176,ENGINEERING
PUB_015177,ENGINEERING
PUB_015178,ENGINEERING
PUB_015179,ENGINEERING
PUB_015180,ENGINEERING
PUB_015181,ENGINEERING
PUB_015182,ENGINEERING
PUB_015183,ENGINEERING
PUB_015184,ENGINEERING
PUB_015185,ENGINEERING
PUB_015186,COMPUTER_SCIENCE
PUB_015187,ENGINEERING
PUB_015188,COMPUTER_SCIENCE
PUB_015189,COMPUTER_SCIENCE
PUB_015190,COMPUTER_SCIENCE
PUB_015191,ENGINEERING
PUB_015192,COMPUTER_SCIENCE
PUB_015193,MATERIALS_SCIENCE
PUB_015194,ENGINEERING
PUB_015195,ENGINEERING
PUB_015196,ENGINEERING
PUB_015197,ENGINEERING
PUB_015198,ENGINEERING
PUB_015199,ENGINEERING
PUB_015200,PHYSICS_AND_ASTRONOMY
PUB_015201,ENGINEERING
PUB_015202,ENGINEERING
PUB_015203,PHYSICS_AND_ASTRONOMY
PUB_015204,ENGINEERING
PUB_015205,MATERIALS_SCIENCE
PUB_015206,PHYSICS_AND_ASTRONOMY
PUB_015207,ENGINEERING
PUB_015208,ENGINEERING
PUB_015209,ENGINEERING
PUB_015210,ENGINEERING
PUB_015211,ENGINEERING
PUB_015212,MATERIALS_SCIENCE
PUB_015213,ENGINEERING
PUB_015214,ENGINEERING
PUB_015215,ENGINEERING
PUB_015216,COMPUTER_SCIENCE
PUB_015217,ENGINEERING
PUB_015218,COMPUTER_SCIENCE
PUB_015219,COMPUTER_SCIENCE
PUB_015220,COMPUTER_SCIENCE
PUB_015221,ENGINEERING
PUB_015222,ENGINEERING
PUB_015223,ENGINEERING
PUB_015224,COMPUTER_SCIENCE
PUB_015225,COMPUTER_SCIENCE
PUB_015226,COMPUTER_SCIENCE
PUB_015227,ENGINEERING
PUB_015228,MATERIALS_SCIENCE
PUB_015229,ENGINEERING
PUB_015230,ENGINEERING
PUB_015231,ENGINEERING
PUB_015232,ENGINEERING
PUB_015233,ENGINEERING
PUB_015234,ENGINEERING
PUB_015235,ENGINEERING
PUB_015236,ENGINEERING
PUB_015237,ENGINEERING
PUB_015238,COMPUTER_SCIENCE
PUB_015239,PHYSICS_AND_ASTRONOMY
PUB_015240,COMPUTER_SCIENCE
PUB_015241,ENGINEERING
PUB_015242,COMPUTER_SCIENCE
PUB_015243,COMPUTER_SCIENCE
PUB_015244,COMPUTER_SCIENCE
PUB_015245,ENGINEERING
PUB_015246,ENGINEERING
PUB_015247,COMPUTER_SCIENCE
PUB_015248,ENGINEERING
PUB_015249,COMPUTER_SCIENCE
PUB_015250,ENGINEERING
PUB_015251,COMPUTER_SCIENCE
PUB_015252,COMPUTER_SCIENCE
PUB_015253,COMPUTER_SCIENCE
PUB_015254,ENGINEERING
PUB_015255,COMPUTER_SCIENCE
PUB_015256,ENGINEERING
PUB_015257,ENGINEERING
PUB_015258,COMPUTER_SCIENCE
PUB_015259,COMPUTER_SCIENCE
PUB_015260,ENGINEERING
PUB_015261,COMPUTER_SCIENCE
PUB_015262,ENGINEERING
PUB_015263,ENGINEERING
PUB_015264,ENGINEERING
PUB_015265,ENGINEERING
PUB_015266,COMPUTER_SCIENCE
PUB_015267,ENGINEERING
PUB_015268,ENGINEERING
PUB_015269,ENGINEERING
PUB_015270,ENGINEERING
PUB_015271,ENGINEERING
PUB_015272,ENGINEERING
PUB_015273,ENGINEERING
PUB_015274,ENGINEERING
PUB_015275,ENGINEERING
PUB_015276,ENGINEERING
PUB_015277,COMPUTER_SCIENCE
PUB_015278,COMPUTER_SCIENCE
PUB_015279,COMPUTER_SCIENCE
PUB_015280,COMPUTER_SCIENCE
PUB_015281,MATERIALS_SCIENCE
PUB_015282,ENGINEERING
PUB_015283,ENGINEERING
PUB_015284,COMPUTER_SCIENCE
PUB_015285,MATERIALS_SCIENCE
PUB_015286,ENGINEERING
PUB_015287,PHYSICS_AND_ASTRONOMY
PUB_015288,MATERIALS_SCIENCE
PUB_015289,COMPUTER_SCIENCE
PUB_015290,ENGINEERING
PUB_015291,ENGINEERING
PUB_015292,COMPUTER_SCIENCE
PUB_015293,ENGINEERING
PUB_015294,COMPUTER_SCIENCE
PUB_015295,ENGINEERING
PUB_015296,ENGINEERING
PUB_015297,ENERGY
PUB_015298,ENGINEERING
PUB_015299,ENGINEERING
PUB_015300,ENGINEERING
PUB_015301,ENGINEERING
PUB_015302,ENGINEERING
PUB_015303,ENGINEERING
PUB_015304,COMPUTER_SCIENCE
PUB_015305,COMPUTER_SCIENCE
PUB_015306,COMPUTER_SCIENCE
PUB_015307,ENGINEERING
PUB_015308,COMPUTER_SCIENCE
PUB_015309,COMPUTER_SCIENCE
PUB_015310,COMPUTER_SCIENCE
PUB_015311,COMPUTER_SCIENCE
PUB_015312,ENGINEERING
PUB_015313,ENGINEERING
PUB_015314,ENGINEERING
PUB_015315,COMPUTER_SCIENCE
PUB_015316,MATERIALS_SCIENCE
PUB_015317,ENGINEERING
PUB_015318,COMPUTER_SCIENCE
PUB_015319,COMPUTER_SCIENCE
PUB_015320,ENGINEERING
PUB_015321,ENERGY
PUB_015322,ENGINEERING
PUB_015323,COMPUTER_SCIENCE
PUB_015324,ENGINEERING
PUB_015325,COMPUTER_SCIENCE
PUB_015326,ENGINEERING
PUB_015327,ENGINEERING
PUB_015328,COMPUTER_SCIENCE
PUB_015329,COMPUTER_SCIENCE
PUB_015330,ENGINEERING
PUB_015331,MATERIALS_SCIENCE
PUB_015332,ENGINEERING
PUB_015333,ENGINEERING
PUB_015334,ENGINEERING
PUB_015335,COMPUTER_SCIENCE
PUB_015336,COMPUTER_SCIENCE
PUB_015337,COMPUTER_SCIENCE
PUB_015338,COMPUTER_SCIENCE
PUB_015339,COMPUTER_SCIENCE
PUB_015340,ENGINEERING
PUB_015341,COMPUTER_SCIENCE
PUB_015342,COMPUTER_SCIENCE
PUB_015343,COMPUTER_SCIENCE
PUB_015344,ENGINEERING
PUB_015345,ENGINEERING
PUB_015346,ENGINEERING
PUB_015347,COMPUTER_SCIENCE
PUB_015348,ENGINEERING
PUB_015349,ENGINEERING
PUB_015350,ENGINEERING
PUB_015351,ENGINEERING
PUB_015352,ENGINEERING
PUB_015353,PHYSICS_AND_ASTRONOMY
PUB_015354,COMPUTER_SCIENCE
PUB_015355,COMPUTER_SCIENCE
PUB_015356,COMPUTER_SCIENCE
PUB_015357,COMPUTER_SCIENCE
PUB_015358,ENGINEERING
PUB_015359,COMPUTER_SCIENCE
PUB_015360,ENGINEERING
PUB_015361,COMPUTER_SCIENCE
PUB_015362,COMPUTER_SCIENCE
PUB_015363,COMPUTER_SCIENCE
PUB_015364,MATERIALS_SCIENCE
PUB_015365,COMPUTER_SCIENCE
PUB_015366,COMPUTER_SCIENCE
PUB_015367,COMPUTER_SCIENCE
PUB_015368,COMPUTER_SCIENCE
PUB_015369,ENGINEERING
PUB_015370,ENGINEERING
PUB_015371,ENGINEERING
PUB_015372,COMPUTER_SCIENCE
PUB_015373,COMPUTER_SCIENCE
PUB_015374,ENGINEERING
PUB_015375,COMPUTER_SCIENCE
PUB_015376,ENGINEERING
PUB_015377,COMPUTER_SCIENCE
PUB_015378,MATERIALS_SCIENCE
PUB_015379,COMPUTER_SCIENCE
PUB_015380,COMPUTER_SCIENCE
PUB_015381,MATERIALS_SCIENCE
PUB_015382,ENGINEERING
PUB_015383,COMPUTER_SCIENCE
PUB_015384,COMPUTER_SCIENCE
PUB_015385,COMPUTER_SCIENCE
PUB_015386,ENGINEERING
PUB_015387,COMPUTER_SCIENCE
PUB_015388,COMPUTER_SCIENCE
PUB_015389,ENGINEERING
PUB_015390,ENGINEERING
PUB_015391,ENGINEERING
PUB_015392,ENGINEERING
PUB_015393,COMPUTER_SCIENCE
PUB_015394,COMPUTER_SCIENCE
PUB_015395,COMPUTER_SCIENCE
PUB_015396,ENGINEERING
PUB_015397,ENGINEERING
PUB_015398,ENGINEERING
PUB_015399,ENGINEERING
PUB_015400,ENGINEERING
PUB_015401,ENGINEERING
PUB_015402,ENGINEERING
PUB_015403,ENGINEERING
PUB_015404,COMPUTER_SCIENCE
PUB_015405,COMPUTER_SCIENCE
PUB_015406,PHYSICS_AND_ASTRONOMY
PUB_015407,COMPUTER_SCIENCE
PUB_015408,ENGINEERING
PUB_015409,COMPUTER_SCIENCE
PUB_015410,ENGINEERING
PUB_015411,COMPUTER_SCIENCE
PUB_015412,ENGINEERING
PUB_015413,ENGINEERING
PUB_015414,ENGINEERING
PUB_015415,COMPUTER_SCIENCE
PUB_015416,PHYSICS_AND_ASTRONOMY
PUB_015417,COMPUTER_SCIENCE
PUB_015418,COMPUTER_SCIENCE
PUB_015419,ENGINEERING
PUB_015420,ENGINEERING
PUB_015421,COMPUTER_SCIENCE
PUB_015422,COMPUTER_SCIENCE
PUB_015423,ENGINEERING
PUB_015424,ENGINEERING
PUB_015425,COMPUTER_SCIENCE
PUB_015426,ENGINEERING
PUB_015427,ENGINEERING
PUB_015428,COMPUTER_SCIENCE
PUB_015429,COMPUTER_SCIENCE
PUB_015430,COMPUTER_SCIENCE
PUB_015431,ENGINEERING
PUB_015432,COMPUTER_SCIENCE
PUB_015433,ENGINEERING
PUB_015434,COMPUTER_SCIENCE
PUB_015435,ENGINEERING
PUB_015436,COMPUTER_SCIENCE
PUB_015437,COMPUTER_SCIENCE
PUB_015438,COMPUTER_SCIENCE
PUB_015439,ENGINEERING
PUB_015440,COMPUTER_SCIENCE
PUB_015441,ENGINEERING
PUB_015442,ENGINEERING
PUB_015443,ENGINEERING
PUB_015444,ENGINEERING
PUB_015445,ENGINEERING
PUB_015446,PHYSICS_AND_ASTRONOMY
PUB_015447,PHYSICS_AND_ASTRONOMY
PUB_015448,ENGINEERING
PUB_015449,ENGINEERING
PUB_015450,ENGINEERING
PUB_015451,ENGINEERING
PUB_015452,ENGINEERING
PUB_015453,MATERIALS_SCIENCE
PUB_015454,ENGINEERING
PUB_015455,ENGINEERING
PUB_015456,ENGINEERING
PUB_015457,ENGINEERING
PUB_015458,ENGINEERING
PUB_015459,COMPUTER_SCIENCE
PUB_015460,ENGINEERING
PUB_015461,ENGINEERING
PUB_015462,COMPUTER_SCIENCE
PUB_015463,MATERIALS_SCIENCE
PUB_015464,COMPUTER_SCIENCE
PUB_015465,ENGINEERING
PUB_015466,COMPUTER_SCIENCE
PUB_015467,ENGINEERING
PUB_015468,COMPUTER_SCIENCE
PUB_015469,COMPUTER_SCIENCE
PUB_015470,ENGINEERING
PUB_015471,ENGINEERING
PUB_015472,COMPUTER_SCIENCE
PUB_015473,ENGINEERING
PUB_015474,ENGINEERING
PUB_015475,ENGINEERING
PUB_015476,ENGINEERING
PUB_015477,COMPUTER_SCIENCE
PUB_015478,COMPUTER_SCIENCE
PUB_015479,ENGINEERING
PUB_015480,ENGINEERING
PUB_015481,COMPUTER_SCIENCE
PUB_015482,COMPUTER_SCIENCE
PUB_015483,ENGINEERING
PUB_015484,COMPUTER_SCIENCE
PUB_015485,ENGINEERING
PUB_015486,ENGINEERING
PUB_015487,ENGINEERING
PUB_015488,MATERIALS_SCIENCE
PUB_015489,ENGINEERING
PUB_015490,COMPUTER_SCIENCE
PUB_015491,COMPUTER_SCIENCE
PUB_015492,ENGINEERING
PUB_015493,COMPUTER_SCIENCE
PUB_015494,MATERIALS_SCIENCE
PUB_015495,COMPUTER_SCIENCE
PUB_015496,COMPUTER_SCIENCE
PUB_015497,ENGINEERING
PUB_015498,ENGINEERING
PUB_015499,COMPUTER_SCIENCE
PUB_015500,ENGINEERING
PUB_015501,COMPUTER_SCIENCE
PUB_015502,MATERIALS_SCIENCE
PUB_015503,ENGINEERING
PUB_015504,ENGINEERING
PUB_015505,ENGINEERING
PUB_015506,ENGINEERING
PUB_015507,ENERGY
PUB_015508,MATERIALS_SCIENCE
PUB_015509,COMPUTER_SCIENCE
PUB_015510,ENGINEERING
PUB_015511,ENGINEERING
PUB_015512,COMPUTER_SCIENCE
PUB_015513,COMPUTER_SCIENCE
PUB_015514,MATERIALS_SCIENCE
PUB_015515,COMPUTER_SCIENCE
PUB_015516,COMPUTER_SCIENCE
PUB_015517,ENGINEERING
PUB_015518,ENGINEERING
PUB_015519,COMPUTER_SCIENCE
PUB_015520,ENGINEERING
PUB_015521,COMPUTER_SCIENCE
PUB_015522,COMPUTER_SCIENCE
PUB_015523,ENGINEERING
PUB_015524,COMPUTER_SCIENCE
PUB_015525,COMPUTER_SCIENCE
PUB_015526,COMPUTER_SCIENCE
PUB_015527,ENGINEERING
PUB_015528,COMPUTER_SCIENCE
PUB_015529,COMPUTER_SCIENCE
PUB_015530,MATERIALS_SCIENCE
PUB_015531,MATERIALS_SCIENCE
PUB_015532,ENGINEERING
PUB_015533,ENGINEERING
PUB_015534,ENGINEERING
PUB_015535,ENGINEERING
PUB_015536,COMPUTER_SCIENCE
PUB_015537,ENGINEERING
PUB_015538,ENGINEERING
PUB_015539,ENGINEERING
PUB_015540,ENGINEERING
PUB_015541,ENGINEERING
PUB_015542,COMPUTER_SCIENCE
PUB_015543,COMPUTER_SCIENCE
PUB_015544,COMPUTER_SCIENCE
PUB_015545,COMPUTER_SCIENCE
PUB_015546,ENGINEERING
PUB_015547,ENGINEERING
PUB_015548,ENGINEERING
PUB_015549,ENGINEERING
PUB_015550,COMPUTER_SCIENCE
PUB_015551,ENGINEERING
PUB_015552,ENGINEERING
PUB_015553,COMPUTER_SCIENCE
PUB_015554,COMPUTER_SCIENCE
PUB_015555,MATERIALS_SCIENCE
PUB_015556,COMPUTER_SCIENCE
PUB_015557,COMPUTER_SCIENCE
PUB_015558,ENGINEERING
PUB_015559,MATERIALS_SCIENCE
PUB_015560,ENGINEERING
PUB_015561,ENGINEERING
PUB_015562,COMPUTER_SCIENCE
PUB_015563,ENGINEERING
PUB_015564,COMPUTER_SCIENCE
PUB_015565,COMPUTER_SCIENCE
PUB_015566,ENGINEERING
PUB_015567,COMPUTER_SCIENCE
PUB_015568,MATERIALS_SCIENCE
PUB_015569,ENGINEERING
PUB_015570,COMPUTER_SCIENCE
PUB_015571,COMPUTER_SCIENCE
PUB_015572,ENGINEERING
PUB_015573,ENGINEERING
PUB_015574,COMPUTER_SCIENCE
PUB_015575,COMPUTER_SCIENCE
PUB_015576,COMPUTER_SCIENCE
PUB_015577,ENGINEERING
PUB_015578,COMPUTER_SCIENCE
PUB_015579,COMPUTER_SCIENCE
PUB_015580,COMPUTER_SCIENCE
PUB_015581,COMPUTER_SCIENCE
PUB_015582,MATHEMATICS
PUB_015583,ENGINEERING
PUB_015584,COMPUTER_SCIENCE
PUB_015585,COMPUTER_SCIENCE
PUB_015586,COMPUTER_SCIENCE
PUB_015587,COMPUTER_SCIENCE
PUB_015588,COMPUTER_SCIENCE
PUB_015589,COMPUTER_SCIENCE
PUB_015590,MATERIALS_SCIENCE
PUB_015591,ENERGY
PUB_015592,ENGINEERING
PUB_015593,COMPUTER_SCIENCE
PUB_015594,ENGINEERING
PUB_015595,COMPUTER_SCIENCE
PUB_015596,ENGINEERING
PUB_015597,ENGINEERING
PUB_015598,COMPUTER_SCIENCE
PUB_015599,COMPUTER_SCIENCE
PUB_015600,COMPUTER_SCIENCE
PUB_015601,ENGINEERING
PUB_015602,ENGINEERING
PUB_015603,COMPUTER_SCIENCE
PUB_015604,COMPUTER_SCIENCE
PUB_015605,ENGINEERING
PUB_015606,COMPUTER_SCIENCE
PUB_015607,ENGINEERING
PUB_015608,COMPUTER_SCIENCE
PUB_015609,COMPUTER_SCIENCE
PUB_015610,MATERIALS_SCIENCE
PUB_015611,ENGINEERING
PUB_015612,COMPUTER_SCIENCE
PUB_015613,COMPUTER_SCIENCE
PUB_015614,ENGINEERING
PUB_015615,COMPUTER_SCIENCE
PUB_015616,COMPUTER_SCIENCE
PUB_015617,ENGINEERING
PUB_015618,ENGINEERING
PUB_015619,COMPUTER_SCIENCE
PUB_015620,COMPUTER_SCIENCE
PUB_015621,ENGINEERING
PUB_015622,COMPUTER_SCIENCE
PUB_015623,ENGINEERING
PUB_015624,COMPUTER_SCIENCE
PUB_015625,ENGINEERING
PUB_015626,ENGINEERING
PUB_015627,ENGINEERING
PUB_015628,ENGINEERING
PUB_015629,COMPUTER_SCIENCE
PUB_015630,COMPUTER_SCIENCE
PUB_015631,ENGINEERING
PUB_015632,ENGINEERING
PUB_015633,ENGINEERING
PUB_015634,ENGINEERING
PUB_015635,COMPUTER_SCIENCE
PUB_015636,COMPUTER_SCIENCE
PUB_015637,ENGINEERING
PUB_015638,COMPUTER_SCIENCE
PUB_015639,COMPUTER_SCIENCE
PUB_015640,ENGINEERING
PUB_015641,ENGINEERING
PUB_015642,COMPUTER_SCIENCE
PUB_015643,ENGINEERING
PUB_015644,ENGINEERING
PUB_015645,ENGINEERING
PUB_015646,COMPUTER_SCIENCE
PUB_015647,ENGINEERING
PUB_015648,COMPUTER_SCIENCE
PUB_015649,COMPUTER_SCIENCE
PUB_015650,COMPUTER_SCIENCE
PUB_015651,COMPUTER_SCIENCE
PUB_015652,ENGINEERING
PUB_015653,COMPUTER_SCIENCE
PUB_015654,ENGINEERING
PUB_015655,ENGINEERING
PUB_015656,ENGINEERING
PUB_015657,ENGINEERING
PUB_015658,COMPUTER_SCIENCE
PUB_015659,COMPUTER_SCIENCE
PUB_015660,ENGINEERING
PUB_015661,ENGINEERING
PUB_015662,COMPUTER_SCIENCE
PUB_015663,MATHEMATICS
PUB_015664,MATHEMATICS
PUB_015665,COMPUTER_SCIENCE
PUB_015666,COMPUTER_SCIENCE
PUB_015667,PHYSICS_AND_ASTRONOMY
PUB_015668,COMPUTER_SCIENCE
PUB_015669,COMPUTER_SCIENCE
PUB_015670,ENGINEERING
PUB_015671,COMPUTER_SCIENCE
PUB_015672,COMPUTER_SCIENCE
PUB_015673,ENGINEERING
PUB_015674,ENGINEERING
PUB_015675,COMPUTER_SCIENCE
PUB_015676,COMPUTER_SCIENCE
PUB_015677,ENGINEERING
PUB_015678,ENGINEERING
PUB_015679,COMPUTER_SCIENCE
PUB_015680,COMPUTER_SCIENCE
PUB_015681,ENGINEERING
PUB_015682,ENGINEERING
PUB_015683,COMPUTER_SCIENCE
PUB_015684,ENGINEERING
PUB_015685,ENGINEERING
PUB_015686,COMPUTER_SCIENCE
PUB_015687,ENGINEERING
PUB_015688,PHYSICS_AND_ASTRONOMY
PUB_015689,ENGINEERING
PUB_015690,ENGINEERING
PUB_015691,ENGINEERING
PUB_015692,COMPUTER_SCIENCE
PUB_015693,ENGINEERING
PUB_015694,ENGINEERING
PUB_015695,COMPUTER_SCIENCE
PUB_015696,COMPUTER_SCIENCE
PUB_015697,ENGINEERING
PUB_015698,COMPUTER_SCIENCE
PUB_015699,ENGINEERING
PUB_015700,COMPUTER_SCIENCE
PUB_015701,COMPUTER_SCIENCE
PUB_015702,ENGINEERING
PUB_015703,COMPUTER_SCIENCE
PUB_015704,COMPUTER_SCIENCE
PUB_015705,COMPUTER_SCIENCE
PUB_015706,ENGINEERING
PUB_015707,COMPUTER_SCIENCE
PUB_015708,COMPUTER_SCIENCE
PUB_015709,COMPUTER_SCIENCE
PUB_015710,COMPUTER_SCIENCE
PUB_015711,ENGINEERING
PUB_015712,COMPUTER_SCIENCE
PUB_015713,ENGINEERING
PUB_015714,ENGINEERING
PUB_015715,ENGINEERING
PUB_015716,ENGINEERING
PUB_015717,COMPUTER_SCIENCE
PUB_015718,ENGINEERING
PUB_015719,ENGINEERING
PUB_015720,ENGINEERING
PUB_015721,COMPUTER_SCIENCE
PUB_015722,ENGINEERING
PUB_015723,COMPUTER_SCIENCE
PUB_015724,COMPUTER_SCIENCE
PUB_015725,ENGINEERING
PUB_015726,ENGINEERING
PUB_015727,COMPUTER_SCIENCE
PUB_015728,COMPUTER_SCIENCE
PUB_015729,ENGINEERING
PUB_015730,MATERIALS_SCIENCE
PUB_015731,ENGINEERING
PUB_015732,ENGINEERING
PUB_015733,ENGINEERING
PUB_015734,COMPUTER_SCIENCE
PUB_015735,ENGINEERING
PUB_015736,ENGINEERING
PUB_015737,MATERIALS_SCIENCE
PUB_015738,ENGINEERING
PUB_015739,ENGINEERING
PUB_015740,ENGINEERING
PUB_015741,ENGINEERING
PUB_015742,COMPUTER_SCIENCE
PUB_015743,ENGINEERING
PUB_015744,ENGINEERING
PUB_015745,ENGINEERING
PUB_015746,ENGINEERING
PUB_015747,MATERIALS_SCIENCE
PUB_015748,COMPUTER_SCIENCE
PUB_015749,COMPUTER_SCIENCE
PUB_015750,COMPUTER_SCIENCE
PUB_015751,MATERIALS_SCIENCE
PUB_015752,COMPUTER_SCIENCE
PUB_015753,COMPUTER_SCIENCE
PUB_015754,ENGINEERING
PUB_015755,MATERIALS_SCIENCE
PUB_015756,COMPUTER_SCIENCE
PUB_015757,ENGINEERING
PUB_015758,COMPUTER_SCIENCE
PUB_015759,ENGINEERING
PUB_015760,ENGINEERING
PUB_015761,ENGINEERING
PUB_015762,ENGINEERING
PUB_015763,COMPUTER_SCIENCE
PUB_015764,ENGINEERING
PUB_015765,COMPUTER_SCIENCE
PUB_015766,COMPUTER_SCIENCE
PUB_015767,COMPUTER_SCIENCE
PUB_015768,ENGINEERING
PUB_015769,COMPUTER_SCIENCE
PUB_015770,COMPUTER_SCIENCE
PUB_015771,ENGINEERING
PUB_015772,COMPUTER_SCIENCE
PUB_015773,ENGINEERING
PUB_015774,ENGINEERING
PUB_015775,COMPUTER_SCIENCE
PUB_015776,COMPUTER_SCIENCE
PUB_015777,ENGINEERING
PUB_015778,MATERIALS_SCIENCE
PUB_015779,COMPUTER_SCIENCE
PUB_015780,COMPUTER_SCIENCE
PUB_015781,MATERIALS_SCIENCE
PUB_015782,ENGINEERING
PUB_015783,COMPUTER_SCIENCE
PUB_015784,ENGINEERING
PUB_015785,COMPUTER_SCIENCE
PUB_015786,COMPUTER_SCIENCE
PUB_015787,MATERIALS_SCIENCE
PUB_015788,COMPUTER_SCIENCE
PUB_015789,ENGINEERING
PUB_015790,ENGINEERING
PUB_015791,ENGINEERING
PUB_015792,ENGINEERING
PUB_015793,COMPUTER_SCIENCE
PUB_015794,ENGINEERING
PUB_015795,ENGINEERING
PUB_015796,ENGINEERING
PUB_015797,ENGINEERING
PUB_015798,COMPUTER_SCIENCE
PUB_015799,COMPUTER_SCIENCE
PUB_015800,COMPUTER_SCIENCE
PUB_015801,ENGINEERING
PUB_015802,ENGINEERING
PUB_015803,ENGINEERING
PUB_015804,COMPUTER_SCIENCE
PUB_015805,ENGINEERING
PUB_015806,ENGINEERING
PUB_015807,ENERGY
PUB_015808,ENERGY
PUB_015809,ENGINEERING
PUB_015810,ENGINEERING
PUB_015811,COMPUTER_SCIENCE
PUB_015812,COMPUTER_SCIENCE
PUB_015813,ENGINEERING
PUB_015814,COMPUTER_SCIENCE
PUB_015815,COMPUTER_SCIENCE
PUB_015816,COMPUTER_SCIENCE
PUB_015817,COMPUTER_SCIENCE
PUB_015818,COMPUTER_SCIENCE
PUB_015819,ENGINEERING
PUB_015820,MATERIALS_SCIENCE
PUB_015821,COMPUTER_SCIENCE
PUB_015822,ENGINEERING
PUB_015823,ENGINEERING
PUB_015824,COMPUTER_SCIENCE
PUB_015825,COMPUTER_SCIENCE
PUB_015826,ENGINEERING
PUB_015827,ENGINEERING
PUB_015828,COMPUTER_SCIENCE
PUB_015829,COMPUTER_SCIENCE
PUB_015830,COMPUTER_SCIENCE
PUB_015831,COMPUTER_SCIENCE
PUB_015832,COMPUTER_SCIENCE
PUB_015833,COMPUTER_SCIENCE
PUB_015834,ENGINEERING
PUB_015835,MATERIALS_SCIENCE
PUB_015836,COMPUTER_SCIENCE
PUB_015837,COMPUTER_SCIENCE
PUB_015838,COMPUTER_SCIENCE
PUB_015839,ENGINEERING
PUB_015840,COMPUTER_SCIENCE
PUB_015841,COMPUTER_SCIENCE
PUB_015842,COMPUTER_SCIENCE
PUB_015843,COMPUTER_SCIENCE
PUB_015844,ENGINEERING
PUB_015845,COMPUTER_SCIENCE
PUB_015846,ENGINEERING
PUB_015847,COMPUTER_SCIENCE
PUB_015848,COMPUTER_SCIENCE
PUB_015849,ENGINEERING
PUB_015850,COMPUTER_SCIENCE
PUB_015851,ENGINEERING
PUB_015852,COMPUTER_SCIENCE
PUB_015853,COMPUTER_SCIENCE
PUB_015854,COMPUTER_SCIENCE
PUB_015855,COMPUTER_SCIENCE
PUB_015856,COMPUTER_SCIENCE
PUB_015857,ENGINEERING
PUB_015858,ENGINEERING
PUB_015859,COMPUTER_SCIENCE
PUB_015860,ENGINEERING
PUB_015861,COMPUTER_SCIENCE
PUB_015862,ENGINEERING
PUB_015863,COMPUTER_SCIENCE
PUB_015864,COMPUTER_SCIENCE
PUB_015865,ENGINEERING
PUB_015866,ENGINEERING
PUB_015867,ENGINEERING
PUB_015868,MATERIALS_SCIENCE
PUB_015869,ENGINEERING
PUB_015870,ENGINEERING
PUB_015871,ENGINEERING
PUB_015872,COMPUTER_SCIENCE
PUB_015873,COMPUTER_SCIENCE
PUB_015874,COMPUTER_SCIENCE
PUB_015875,ENGINEERING
PUB_015876,ENGINEERING
PUB_015877,ENGINEERING
PUB_015878,COMPUTER_SCIENCE
PUB_015879,COMPUTER_SCIENCE
PUB_015880,COMPUTER_SCIENCE
PUB_015881,ENGINEERING
PUB_015882,COMPUTER_SCIENCE
PUB_015883,ENGINEERING
PUB_015884,COMPUTER_SCIENCE
PUB_015885,ENGINEERING
PUB_015886,COMPUTER_SCIENCE
PUB_015887,COMPUTER_SCIENCE
PUB_015888,ENGINEERING
PUB_015889,COMPUTER_SCIENCE
PUB_015890,COMPUTER_SCIENCE
PUB_015891,COMPUTER_SCIENCE
PUB_015892,ENGINEERING
PUB_015893,ENGINEERING
PUB_015894,ENGINEERING
PUB_015895,ENGINEERING
PUB_015896,ENGINEERING
PUB_015897,ENGINEERING
PUB_015898,ENGINEERING
PUB_015899,ENGINEERING
PUB_015900,ENGINEERING
PUB_015901,COMPUTER_SCIENCE
PUB_015902,COMPUTER_SCIENCE
PUB_015903,COMPUTER_SCIENCE
PUB_015904,COMPUTER_SCIENCE
PUB_015905,ENGINEERING
PUB_015906,MATERIALS_SCIENCE
PUB_015907,ENGINEERING
PUB_015908,COMPUTER_SCIENCE
PUB_015909,ENGINEERING
PUB_015910,COMPUTER_SCIENCE
PUB_015911,ENGINEERING
PUB_015912,ENGINEERING
PUB_015913,COMPUTER_SCIENCE
PUB_015914,ENGINEERING
PUB_015915,ENGINEERING
PUB_015916,COMPUTER_SCIENCE
PUB_015917,ENGINEERING
PUB_015918,ENGINEERING
PUB_015919,ENGINEERING
PUB_015920,ENGINEERING
PUB_015921,ENGINEERING
PUB_015922,ENGINEERING
PUB_015923,COMPUTER_SCIENCE
PUB_015924,COMPUTER_SCIENCE
PUB_015925,COMPUTER_SCIENCE
PUB_015926,ENGINEERING
PUB_015927,ENGINEERING
PUB_015928,MATHEMATICS
PUB_015929,COMPUTER_SCIENCE
PUB_015930,ENGINEERING
PUB_015931,ENGINEERING
PUB_015932,COMPUTER_SCIENCE
PUB_015933,COMPUTER_SCIENCE
PUB_015934,ENGINEERING
PUB_015935,ENGINEERING
PUB_015936,COMPUTER_SCIENCE
PUB_015937,MATERIALS_SCIENCE
PUB_015938,ENGINEERING
PUB_015939,ENGINEERING
PUB_015940,ENGINEERING
PUB_015941,COMPUTER_SCIENCE
PUB_015942,COMPUTER_SCIENCE
PUB_015943,COMPUTER_SCIENCE
PUB_015944,COMPUTER_SCIENCE
PUB_015945,ENERGY
PUB_015946,COMPUTER_SCIENCE
PUB_015947,ENGINEERING
PUB_015948,COMPUTER_SCIENCE
PUB_015949,COMPUTER_SCIENCE
PUB_015950,ENGINEERING
PUB_015951,ENGINEERING
PUB_015952,ENGINEERING
PUB_015953,ENGINEERING
PUB_015954,ENGINEERING
PUB_015955,ENGINEERING
PUB_015956,ENGINEERING
PUB_015957,ENGINEERING
PUB_015958,ENGINEERING
PUB_015959,ENGINEERING
PUB_015960,MATHEMATICS
PUB_015961,COMPUTER_SCIENCE
PUB_015962,COMPUTER_SCIENCE
PUB_015963,COMPUTER_SCIENCE
PUB_015964,ENGINEERING
PUB_015965,ENGINEERING
PUB_015966,COMPUTER_SCIENCE
PUB_015967,COMPUTER_SCIENCE
PUB_015968,COMPUTER_SCIENCE
PUB_015969,COMPUTER_SCIENCE
PUB_015970,COMPUTER_SCIENCE
PUB_015971,ENGINEERING
PUB_015972,ENGINEERING
PUB_015973,ENGINEERING
PUB_015974,COMPUTER_SCIENCE
PUB_015975,ENGINEERING
PUB_015976,COMPUTER_SCIENCE
PUB_015977,COMPUTER_SCIENCE
PUB_015978,COMPUTER_SCIENCE
PUB_015979,COMPUTER_SCIENCE
PUB_015980,COMPUTER_SCIENCE
PUB_015981,ENGINEERING
PUB_015982,COMPUTER_SCIENCE
PUB_015983,ENGINEERING
PUB_015984,COMPUTER_SCIENCE
PUB_015985,MATERIALS_SCIENCE
PUB_015986,ENGINEERING
PUB_015987,COMPUTER_SCIENCE
PUB_015988,COMPUTER_SCIENCE
PUB_015989,MATERIALS_SCIENCE
PUB_015990,COMPUTER_SCIENCE
PUB_015991,ENGINEERING
PUB_015992,COMPUTER_SCIENCE
PUB_015993,ENGINEERING
PUB_015994,COMPUTER_SCIENCE
PUB_015995,MATERIALS_SCIENCE
PUB_015996,COMPUTER_SCIENCE
PUB_015997,COMPUTER_SCIENCE
PUB_015998,ENGINEERING
PUB_015999,ENGINEERING
PUB_016000,ENGINEERING
PUB_016001,COMPUTER_SCIENCE
PUB_016002,ENGINEERING
PUB_016003,COMPUTER_SCIENCE
PUB_016004,COMPUTER_SCIENCE
PUB_016005,COMPUTER_SCIENCE
PUB_016006,MATHEMATICS
PUB_016007,COMPUTER_SCIENCE
PUB_016008,COMPUTER_SCIENCE
PUB_016009,COMPUTER_SCIENCE
PUB_016010,ENGINEERING
PUB_016011,ENGINEERING
PUB_016012,COMPUTER_SCIENCE
PUB_016013,ENGINEERING
PUB_016014,ENGINEERING
PUB_016015,ENGINEERING
PUB_016016,ENGINEERING
PUB_016017,ENGINEERING
PUB_016018,ENGINEERING
PUB_016019,COMPUTER_SCIENCE
PUB_016020,COMPUTER_SCIENCE
PUB_016021,COMPUTER_SCIENCE
PUB_016022,ENGINEERING
PUB_016023,COMPUTER_SCIENCE
PUB_016024,ENGINEERING
PUB_016025,MATERIALS_SCIENCE
PUB_016026,ENGINEERING
PUB_016027,ENGINEERING
PUB_016028,COMPUTER_SCIENCE
PUB_016029,COMPUTER_SCIENCE
PUB_016030,ENGINEERING
PUB_016031,COMPUTER_SCIENCE
PUB_016032,COMPUTER_SCIENCE
PUB_016033,COMPUTER_SCIENCE
PUB_016034,ENGINEERING
PUB_016035,ENGINEERING
PUB_016036,ENGINEERING
PUB_016037,COMPUTER_SCIENCE
PUB_016038,ENGINEERING
PUB_016039,COMPUTER_SCIENCE
PUB_016040,ENGINEERING
PUB_016041,ENGINEERING
PUB_016042,COMPUTER_SCIENCE
PUB_016043,COMPUTER_SCIENCE
PUB_016044,COMPUTER_SCIENCE
PUB_016045,COMPUTER_SCIENCE
PUB_016046,MATERIALS_SCIENCE
PUB_016047,MATHEMATICS
PUB_016048,ENGINEERING
PUB_016049,COMPUTER_SCIENCE
PUB_016050,COMPUTER_SCIENCE
PUB_016051,ENGINEERING
PUB_016052,COMPUTER_SCIENCE
PUB_016053,COMPUTER_SCIENCE
PUB_016054,ENGINEERING
PUB_016055,ENGINEERING
PUB_016056,PHYSICS_AND_ASTRONOMY
PUB_016057,COMPUTER_SCIENCE
PUB_016058,COMPUTER_SCIENCE
PUB_016059,COMPUTER_SCIENCE
PUB_016060,COMPUTER_SCIENCE
PUB_016061,COMPUTER_SCIENCE
PUB_016062,COMPUTER_SCIENCE
PUB_016063,COMPUTER_SCIENCE
PUB_016064,COMPUTER_SCIENCE
PUB_016065,COMPUTER_SCIENCE
PUB_016066,ENGINEERING
PUB_016067,ENGINEERING
PUB_016068,ENGINEERING
PUB_016069,ENGINEERING
PUB_016070,COMPUTER_SCIENCE
PUB_016071,COMPUTER_SCIENCE
PUB_016072,MATERIALS_SCIENCE
PUB_016073,COMPUTER_SCIENCE
PUB_016074,ENGINEERING
PUB_016075,PHYSICS_AND_ASTRONOMY
PUB_016076,ENGINEERING
PUB_016077,ENGINEERING
PUB_016078,PHYSICS_AND_ASTRONOMY
PUB_016079,COMPUTER_SCIENCE
PUB_016080,COMPUTER_SCIENCE
PUB_016081,ENGINEERING
PUB_016082,ENGINEERING
PUB_016083,ENGINEERING
PUB_016084,ENGINEERING
PUB_016085,ENERGY
PUB_016086,ENGINEERING
PUB_016087,ENGINEERING
PUB_016088,COMPUTER_SCIENCE
PUB_016089,MATERIALS_SCIENCE
PUB_016090,COMPUTER_SCIENCE
PUB_016091,MATERIALS_SCIENCE
PUB_016092,ENGINEERING
PUB_016093,ENGINEERING
PUB_016094,COMPUTER_SCIENCE
PUB_016095,ENGINEERING
PUB_016096,ENGINEERING
PUB_016097,ENGINEERING
PUB_016098,ENGINEERING
PUB_016099,ENGINEERING
PUB_016100,COMPUTER_SCIENCE
PUB_016101,COMPUTER_SCIENCE
PUB_016102,ENGINEERING
PUB_016103,MATERIALS_SCIENCE
PUB_016104,ENGINEERING
PUB_016105,ENGINEERING
PUB_016106,ENGINEERING
PUB_016107,MATERIALS_SCIENCE
PUB_016108,ENGINEERING
PUB_016109,COMPUTER_SCIENCE
PUB_016110,MATERIALS_SCIENCE
PUB_016111,COMPUTER_SCIENCE
PUB_016112,COMPUTER_SCIENCE
PUB_016113,ENGINEERING
PUB_016114,COMPUTER_SCIENCE
PUB_016115,ENGINEERING
PUB_016116,COMPUTER_SCIENCE
PUB_016117,ENGINEERING
PUB_016118,COMPUTER_SCIENCE
PUB_016119,ENGINEERING
PUB_016120,ENGINEERING
PUB_016121,COMPUTER_SCIENCE
PUB_016122,COMPUTER_SCIENCE
PUB_016123,ENGINEERING
PUB_016124,COMPUTER_SCIENCE
PUB_016125,ENGINEERING
PUB_016126,ENGINEERING
PUB_016127,ENGINEERING
PUB_016128,COMPUTER_SCIENCE
PUB_016129,ENGINEERING
PUB_016130,MATHEMATICS
PUB_016131,ENGINEERING
PUB_016132,MATHEMATICS
PUB_016133,ENGINEERING
PUB_016134,COMPUTER_SCIENCE
PUB_016135,ENGINEERING
PUB_016136,ENGINEERING
PUB_016137,MATERIALS_SCIENCE
PUB_016138,ENGINEERING
PUB_016139,ENGINEERING
PUB_016140,COMPUTER_SCIENCE
PUB_016141,ENGINEERING
PUB_016142,ENGINEERING
PUB_016143,ENGINEERING
PUB_016144,COMPUTER_SCIENCE
PUB_016145,COMPUTER_SCIENCE
PUB_016146,ENGINEERING
PUB_016147,COMPUTER_SCIENCE
PUB_016148,COMPUTER_SCIENCE
PUB_016149,COMPUTER_SCIENCE
PUB_016150,ENGINEERING
PUB_016151,ENGINEERING
PUB_016152,ENGINEERING
PUB_016153,COMPUTER_SCIENCE
PUB_016154,ENGINEERING
PUB_016155,ENGINEERING
PUB_016156,ENGINEERING
PUB_016157,PHYSICS_AND_ASTRONOMY
PUB_016158,COMPUTER_SCIENCE
PUB_016159,COMPUTER_SCIENCE
PUB_016160,ENGINEERING
PUB_016161,ENGINEERING
PUB_016162,COMPUTER_SCIENCE
PUB_016163,COMPUTER_SCIENCE
PUB_016164,COMPUTER_SCIENCE
PUB_016165,ENGINEERING
PUB_016166,COMPUTER_SCIENCE
PUB_016167,MATERIALS_SCIENCE
PUB_016168,MATERIALS_SCIENCE
PUB_016169,COMPUTER_SCIENCE
PUB_016170,COMPUTER_SCIENCE
PUB_016171,ENGINEERING
PUB_016172,COMPUTER_SCIENCE
PUB_016173,COMPUTER_SCIENCE
PUB_016174,ENGINEERING
PUB_016175,COMPUTER_SCIENCE
PUB_016176,COMPUTER_SCIENCE
PUB_016177,MATERIALS_SCIENCE
PUB_016178,COMPUTER_SCIENCE
PUB_016179,ENGINEERING
PUB_016180,ENGINEERING
PUB_016181,COMPUTER_SCIENCE
PUB_016182,COMPUTER_SCIENCE
PUB_016183,COMPUTER_SCIENCE
PUB_016184,COMPUTER_SCIENCE
PUB_016185,ENGINEERING
PUB_016186,ENGINEERING
PUB_016187,ENGINEERING
PUB_016188,COMPUTER_SCIENCE
PUB_016189,COMPUTER_SCIENCE
PUB_016190,ENGINEERING
PUB_016191,COMPUTER_SCIENCE
PUB_016192,COMPUTER_SCIENCE
PUB_016193,ENGINEERING
PUB_016194,ENGINEERING
PUB_016195,ENGINEERING
PUB_016196,COMPUTER_SCIENCE
PUB_016197,COMPUTER_SCIENCE
PUB_016198,ENGINEERING
PUB_016199,COMPUTER_SCIENCE
PUB_016200,ENGINEERING
PUB_016201,COMPUTER_SCIENCE
PUB_016202,COMPUTER_SCIENCE
PUB_016203,MATHEMATICS
PUB_016204,ENGINEERING
PUB_016205,COMPUTER_SCIENCE
PUB_016206,ENGINEERING
PUB_016207,ENGINEERING
PUB_016208,ENGINEERING
PUB_016209,ENGINEERING
PUB_016210,COMPUTER_SCIENCE
PUB_016211,ENGINEERING
PUB_016212,ENGINEERING
PUB_016213,ENGINEERING
PUB_016214,COMPUTER_SCIENCE
PUB_016215,ENGINEERING
PUB_016216,ENGINEERING
PUB_016217,COMPUTER_SCIENCE
PUB_016218,ENGINEERING
PUB_016219,ENGINEERING
PUB_016220,ENGINEERING
PUB_016221,ENGINEERING
PUB_016222,COMPUTER_SCIENCE
PUB_016223,COMPUTER_SCIENCE
PUB_016224,COMPUTER_SCIENCE
PUB_016225,COMPUTER_SCIENCE
PUB_016226,COMPUTER_SCIENCE
PUB_016227,ENGINEERING
PUB_016228,MATERIALS_SCIENCE
PUB_016229,ENGINEERING
PUB_016230,COMPUTER_SCIENCE
PUB_016231,COMPUTER_SCIENCE
PUB_016232,ENGINEERING
PUB_016233,COMPUTER_SCIENCE
PUB_016234,ENGINEERING
PUB_016235,ENGINEERING
PUB_016236,ENGINEERING
PUB_016237,ENGINEERING
PUB_016238,COMPUTER_SCIENCE
PUB_016239,ENGINEERING
PUB_016240,COMPUTER_SCIENCE
PUB_016241,ENGINEERING
PUB_016242,COMPUTER_SCIENCE
PUB_016243,ENGINEERING
PUB_016244,COMPUTER_SCIENCE
PUB_016245,ENGINEERING
PUB_016246,ENGINEERING
PUB_016247,ENGINEERING
PUB_016248,ENGINEERING
PUB_016249,ENGINEERING
PUB_016250,COMPUTER_SCIENCE
PUB_016251,ENGINEERING
PUB_016252,ENGINEERING
PUB_016253,COMPUTER_SCIENCE
PUB_016254,ENGINEERING
PUB_016255,ENGINEERING
PUB_016256,ENGINEERING
PUB_016257,COMPUTER_SCIENCE
PUB_016258,COMPUTER_SCIENCE
PUB_016259,COMPUTER_SCIENCE
PUB_016260,COMPUTER_SCIENCE
PUB_016261,ENGINEERING
PUB_016262,ENGINEERING
PUB_016263,ENGINEERING
PUB_016264,ENGINEERING
PUB_016265,COMPUTER_SCIENCE
PUB_016266,COMPUTER_SCIENCE
PUB_016267,COMPUTER_SCIENCE
PUB_016268,COMPUTER_SCIENCE
PUB_016269,COMPUTER_SCIENCE
PUB_016270,COMPUTER_SCIENCE
PUB_016271,COMPUTER_SCIENCE
PUB_016272,COMPUTER_SCIENCE
PUB_016273,ENGINEERING
PUB_016274,COMPUTER_SCIENCE
PUB_016275,COMPUTER_SCIENCE
PUB_016276,PHYSICS_AND_ASTRONOMY
PUB_016277,COMPUTER_SCIENCE
PUB_016278,COMPUTER_SCIENCE
PUB_016279,COMPUTER_SCIENCE
PUB_016280,COMPUTER_SCIENCE
PUB_016281,ENGINEERING
PUB_016282,COMPUTER_SCIENCE
PUB_016283,COMPUTER_SCIENCE
PUB_016284,COMPUTER_SCIENCE
PUB_016285,ENGINEERING
PUB_016286,ENGINEERING
PUB_016287,COMPUTER_SCIENCE
PUB_016288,COMPUTER_SCIENCE
PUB_016289,COMPUTER_SCIENCE
PUB_016290,ENGINEERING
PUB_016291,ENGINEERING
PUB_016292,ENGINEERING
PUB_016293,COMPUTER_SCIENCE
PUB_016294,COMPUTER_SCIENCE
PUB_016295,COMPUTER_SCIENCE
PUB_016296,PHYSICS_AND_ASTRONOMY
PUB_016297,COMPUTER_SCIENCE
PUB_016298,COMPUTER_SCIENCE
PUB_016299,ENGINEERING
PUB_016300,ENGINEERING
PUB_016301,COMPUTER_SCIENCE
PUB_016302,COMPUTER_SCIENCE
PUB_016303,COMPUTER_SCIENCE
PUB_016304,COMPUTER_SCIENCE
PUB_016305,COMPUTER_SCIENCE
PUB_016306,ENGINEERING
PUB_016307,COMPUTER_SCIENCE
PUB_016308,ENGINEERING
PUB_016309,ENGINEERING
PUB_016310,COMPUTER_SCIENCE
PUB_016311,ENGINEERING
PUB_016312,ENGINEERING
PUB_016313,ENGINEERING
PUB_016314,ENGINEERING
PUB_016315,ENGINEERING
PUB_016316,ENGINEERING
PUB_016317,COMPUTER_SCIENCE
PUB_016318,ENGINEERING
PUB_016319,ENGINEERING
PUB_016320,COMPUTER_SCIENCE
PUB_016321,COMPUTER_SCIENCE
PUB_016322,ENGINEERING
PUB_016323,ENGINEERING
PUB_016324,COMPUTER_SCIENCE
PUB_016325,COMPUTER_SCIENCE
PUB_016326,COMPUTER_SCIENCE
PUB_016327,COMPUTER_SCIENCE
PUB_016328,ENGINEERING
PUB_016329,ENGINEERING
PUB_016330,COMPUTER_SCIENCE
PUB_016331,COMPUTER_SCIENCE
PUB_016332,COMPUTER_SCIENCE
PUB_016333,ENGINEERING
PUB_016334,PHYSICS_AND_ASTRONOMY
PUB_016335,COMPUTER_SCIENCE
PUB_016336,ENGINEERING
PUB_016337,ENGINEERING
PUB_016338,COMPUTER_SCIENCE
PUB_016339,ENGINEERING
PUB_016340,COMPUTER_SCIENCE
PUB_016341,ENGINEERING
PUB_016342,MATERIALS_SCIENCE
PUB_016343,ENGINEERING
PUB_016344,ENGINEERING
PUB_016345,ENGINEERING
PUB_016346,COMPUTER_SCIENCE
PUB_016347,COMPUTER_SCIENCE
PUB_016348,ENGINEERING
PUB_016349,ENGINEERING
PUB_016350,MATHEMATICS
PUB_016351,COMPUTER_SCIENCE
PUB_016352,COMPUTER_SCIENCE
PUB_016353,COMPUTER_SCIENCE
PUB_016354,COMPUTER_SCIENCE
PUB_016355,COMPUTER_SCIENCE
PUB_016356,COMPUTER_SCIENCE
PUB_016357,COMPUTER_SCIENCE
PUB_016358,COMPUTER_SCIENCE
PUB_016359,MATERIALS_SCIENCE
PUB_016360,COMPUTER_SCIENCE
PUB_016361,COMPUTER_SCIENCE
PUB_016362,COMPUTER_SCIENCE
PUB_016363,ENGINEERING
PUB_016364,COMPUTER_SCIENCE
PUB_016365,ENGINEERING
PUB_016366,PHYSICS_AND_ASTRONOMY
PUB_016367,ENGINEERING
PUB_016368,PHYSICS_AND_ASTRONOMY
PUB_016369,ENGINEERING
PUB_016370,COMPUTER_SCIENCE
PUB_016371,ENGINEERING
PUB_016372,COMPUTER_SCIENCE
PUB_016373,PHYSICS_AND_ASTRONOMY
PUB_016374,ENGINEERING
PUB_016375,ENGINEERING
PUB_016376,COMPUTER_SCIENCE
PUB_016377,ENERGY
PUB_016378,PHYSICS_AND_ASTRONOMY
PUB_016379,COMPUTER_SCIENCE
PUB_016380,ENGINEERING
PUB_016381,ENGINEERING
PUB_016382,ENGINEERING
PUB_016383,ENGINEERING
PUB_016384,ENGINEERING
PUB_016385,COMPUTER_SCIENCE
PUB_016386,ENGINEERING
PUB_016387,ENGINEERING
PUB_016388,COMPUTER_SCIENCE
PUB_016389,ENGINEERING
PUB_016390,ENGINEERING
PUB_016391,COMPUTER_SCIENCE
PUB_016392,COMPUTER_SCIENCE
PUB_016393,ENGINEERING
PUB_016394,ENGINEERING
PUB_016395,COMPUTER_SCIENCE
PUB_016396,COMPUTER_SCIENCE
PUB_016397,ENGINEERING
PUB_016398,MATERIALS_SCIENCE
PUB_016399,ENGINEERING
PUB_016400,COMPUTER_SCIENCE
PUB_016401,COMPUTER_SCIENCE
PUB_016402,PHYSICS_AND_ASTRONOMY
PUB_016403,MATERIALS_SCIENCE
PUB_016404,COMPUTER_SCIENCE
PUB_016405,ENGINEERING
PUB_016406,ENGINEERING
PUB_016407,COMPUTER_SCIENCE
PUB_016408,COMPUTER_SCIENCE
PUB_016409,COMPUTER_SCIENCE
PUB_016410,COMPUTER_SCIENCE
PUB_016411,COMPUTER_SCIENCE
PUB_016412,COMPUTER_SCIENCE
PUB_016413,MATERIALS_SCIENCE
PUB_016414,COMPUTER_SCIENCE
PUB_016415,COMPUTER_SCIENCE
PUB_016416,COMPUTER_SCIENCE
PUB_016417,COMPUTER_SCIENCE
PUB_016418,ENGINEERING
PUB_016419,COMPUTER_SCIENCE
PUB_016420,ENGINEERING
PUB_016421,ENGINEERING
PUB_016422,COMPUTER_SCIENCE
PUB_016423,ENGINEERING
PUB_016424,COMPUTER_SCIENCE
PUB_016425,COMPUTER_SCIENCE
PUB_016426,ENGINEERING
PUB_016427,COMPUTER_SCIENCE
PUB_016428,COMPUTER_SCIENCE
PUB_016429,COMPUTER_SCIENCE
PUB_016430,ENGINEERING
PUB_016431,ENGINEERING
PUB_016432,ENGINEERING
PUB_016433,COMPUTER_SCIENCE
PUB_016434,MATHEMATICS
PUB_016435,MATERIALS_SCIENCE
PUB_016436,ENGINEERING
PUB_016437,ENGINEERING
PUB_016438,COMPUTER_SCIENCE
PUB_016439,MATERIALS_SCIENCE
PUB_016440,COMPUTER_SCIENCE
PUB_016441,COMPUTER_SCIENCE
PUB_016442,COMPUTER_SCIENCE
PUB_016443,ENGINEERING
PUB_016444,COMPUTER_SCIENCE
PUB_016445,ENGINEERING
PUB_016446,COMPUTER_SCIENCE
PUB_016447,ENGINEERING
PUB_016448,COMPUTER_SCIENCE
PUB_016449,COMPUTER_SCIENCE
PUB_016450,ENGINEERING
PUB_016451,COMPUTER_SCIENCE
PUB_016452,COMPUTER_SCIENCE
PUB_016453,COMPUTER_SCIENCE
PUB_016454,ENGINEERING
PUB_016455,COMPUTER_SCIENCE
PUB_016456,COMPUTER_SCIENCE
PUB_016457,COMPUTER_SCIENCE
PUB_016458,ENGINEERING
PUB_016459,COMPUTER_SCIENCE
PUB_016460,MATERIALS_SCIENCE
PUB_016461,COMPUTER_SCIENCE
PUB_016462,ENGINEERING
PUB_016463,COMPUTER_SCIENCE
PUB_016464,ENGINEERING
PUB_016465,ENGINEERING
PUB_016466,COMPUTER_SCIENCE
PUB_016467,COMPUTER_SCIENCE
PUB_016468,ENGINEERING
PUB_016469,MATERIALS_SCIENCE
PUB_016470,COMPUTER_SCIENCE
PUB_016471,ENGINEERING
PUB_016472,MATERIALS_SCIENCE
PUB_016473,ENGINEERING
PUB_016474,ENGINEERING
PUB_016475,COMPUTER_SCIENCE
PUB_016476,ENGINEERING
PUB_016477,COMPUTER_SCIENCE
PUB_016478,COMPUTER_SCIENCE
PUB_016479,ENGINEERING
PUB_016480,ENGINEERING
PUB_016481,ENGINEERING
PUB_016482,ENGINEERING
PUB_016483,COMPUTER_SCIENCE
PUB_016484,COMPUTER_SCIENCE
PUB_016485,ENGINEERING
PUB_016486,ENGINEERING
PUB_016487,ENGINEERING
PUB_016488,COMPUTER_SCIENCE
PUB_016489,ENGINEERING
PUB_016490,COMPUTER_SCIENCE
PUB_016491,MATERIALS_SCIENCE
PUB_016492,COMPUTER_SCIENCE
PUB_016493,COMPUTER_SCIENCE
PUB_016494,COMPUTER_SCIENCE
PUB_016495,ENGINEERING
PUB_016496,COMPUTER_SCIENCE
PUB_016497,COMPUTER_SCIENCE
PUB_016498,ENGINEERING
PUB_016499,ENGINEERING
PUB_016500,ENGINEERING
PUB_016501,ENGINEERING
PUB_016502,ENGINEERING
PUB_016503,COMPUTER_SCIENCE
PUB_016504,MATERIALS_SCIENCE
PUB_016505,COMPUTER_SCIENCE
PUB_016506,ENGINEERING
PUB_016507,ENGINEERING
PUB_016508,COMPUTER_SCIENCE
PUB_016509,ENGINEERING
PUB_016510,COMPUTER_SCIENCE
PUB_016511,COMPUTER_SCIENCE
PUB_016512,ENGINEERING
PUB_016513,ENGINEERING
PUB_016514,COMPUTER_SCIENCE
PUB_016515,COMPUTER_SCIENCE
PUB_016516,COMPUTER_SCIENCE
PUB_016517,COMPUTER_SCIENCE
PUB_016518,ENGINEERING
PUB_016519,COMPUTER_SCIENCE
PUB_016520,COMPUTER_SCIENCE
PUB_016521,COMPUTER_SCIENCE
PUB_016522,COMPUTER_SCIENCE
PUB_016523,ENGINEERING
PUB_016524,COMPUTER_SCIENCE
PUB_016525,COMPUTER_SCIENCE
PUB_016526,COMPUTER_SCIENCE
PUB_016527,COMPUTER_SCIENCE
PUB_016528,ENGINEERING
PUB_016529,COMPUTER_SCIENCE
PUB_016530,ENGINEERING
PUB_016531,ENGINEERING
PUB_016532,ENGINEERING
PUB_016533,COMPUTER_SCIENCE
PUB_016534,ENGINEERING
PUB_016535,COMPUTER_SCIENCE
PUB_016536,COMPUTER_SCIENCE
PUB_016537,COMPUTER_SCIENCE
PUB_016538,COMPUTER_SCIENCE
PUB_016539,COMPUTER_SCIENCE
PUB_016540,ENGINEERING
PUB_016541,ENGINEERING
PUB_016542,COMPUTER_SCIENCE
PUB_016543,ENGINEERING
PUB_016544,ENGINEERING
PUB_016545,COMPUTER_SCIENCE
PUB_016546,COMPUTER_SCIENCE
PUB_016547,COMPUTER_SCIENCE
PUB_016548,COMPUTER_SCIENCE
PUB_016549,COMPUTER_SCIENCE
PUB_016550,COMPUTER_SCIENCE
PUB_016551,COMPUTER_SCIENCE
PUB_016552,COMPUTER_SCIENCE
PUB_016553,COMPUTER_SCIENCE
PUB_016554,ENGINEERING
PUB_016555,ENGINEERING
PUB_016556,COMPUTER_SCIENCE
PUB_016557,COMPUTER_SCIENCE
PUB_016558,COMPUTER_SCIENCE
PUB_016559,COMPUTER_SCIENCE
PUB_016560,COMPUTER_SCIENCE
PUB_016561,COMPUTER_SCIENCE
PUB_016562,COMPUTER_SCIENCE
PUB_016563,COMPUTER_SCIENCE
PUB_016564,ENGINEERING
PUB_016565,MATERIALS_SCIENCE
PUB_016566,ENGINEERING
PUB_016567,COMPUTER_SCIENCE
PUB_016568,COMPUTER_SCIENCE
PUB_016569,ENGINEERING
PUB_016570,ENGINEERING
PUB_016571,COMPUTER_SCIENCE
PUB_016572,COMPUTER_SCIENCE
PUB_016573,ENGINEERING
PUB_016574,ENGINEERING
PUB_016575,COMPUTER_SCIENCE
PUB_016576,COMPUTER_SCIENCE
PUB_016577,COMPUTER_SCIENCE
PUB_016578,COMPUTER_SCIENCE
PUB_016579,COMPUTER_SCIENCE
PUB_016580,COMPUTER_SCIENCE
PUB_016581,COMPUTER_SCIENCE
PUB_016582,COMPUTER_SCIENCE
PUB_016583,ENGINEERING
PUB_016584,COMPUTER_SCIENCE
PUB_016585,ENGINEERING
PUB_016586,COMPUTER_SCIENCE
PUB_016587,COMPUTER_SCIENCE
PUB_016588,COMPUTER_SCIENCE
PUB_016589,COMPUTER_SCIENCE
PUB_016590,COMPUTER_SCIENCE
PUB_016591,COMPUTER_SCIENCE
PUB_016592,COMPUTER_SCIENCE
PUB_016593,ENGINEERING
PUB_016594,COMPUTER_SCIENCE
PUB_016595,COMPUTER_SCIENCE
PUB_016596,ENGINEERING
PUB_016597,COMPUTER_SCIENCE
PUB_016598,ENGINEERING
PUB_016599,COMPUTER_SCIENCE
PUB_016600,ENGINEERING
PUB_016601,ENGINEERING
PUB_016602,COMPUTER_SCIENCE
PUB_016603,ENGINEERING
PUB_016604,ENGINEERING
PUB_016605,ENGINEERING
PUB_016606,COMPUTER_SCIENCE
PUB_016607,COMPUTER_SCIENCE
PUB_016608,MATERIALS_SCIENCE
PUB_016609,ENGINEERING
PUB_016610,COMPUTER_SCIENCE
PUB_016611,ENGINEERING
PUB_016612,ENGINEERING
PUB_016613,ENGINEERING
PUB_016614,COMPUTER_SCIENCE
PUB_016615,ENGINEERING
PUB_016616,COMPUTER_SCIENCE
PUB_016617,COMPUTER_SCIENCE
PUB_016618,COMPUTER_SCIENCE
PUB_016619,COMPUTER_SCIENCE
PUB_016620,ENGINEERING
PUB_016621,MATHEMATICS
PUB_016622,ENGINEERING
PUB_016623,COMPUTER_SCIENCE
PUB_016624,COMPUTER_SCIENCE
PUB_016625,COMPUTER_SCIENCE
PUB_016626,COMPUTER_SCIENCE
PUB_016627,COMPUTER_SCIENCE
PUB_016628,ENGINEERING
PUB_016629,ENGINEERING
PUB_016630,COMPUTER_SCIENCE
PUB_016631,COMPUTER_SCIENCE
PUB_016632,COMPUTER_SCIENCE
PUB_016633,COMPUTER_SCIENCE
PUB_016634,ENGINEERING
PUB_016635,ENGINEERING
PUB_016636,COMPUTER_SCIENCE
PUB_016637,ENGINEERING
PUB_016638,ENGINEERING
PUB_016639,COMPUTER_SCIENCE
PUB_016640,ENGINEERING
PUB_016641,COMPUTER_SCIENCE
PUB_016642,ENGINEERING
PUB_016643,ENGINEERING
PUB_016644,ENGINEERING
PUB_016645,COMPUTER_SCIENCE
PUB_016646,COMPUTER_SCIENCE
PUB_016647,COMPUTER_SCIENCE
PUB_016648,ENGINEERING
PUB_016649,ENGINEERING
PUB_016650,COMPUTER_SCIENCE
PUB_016651,COMPUTER_SCIENCE
PUB_016652,COMPUTER_SCIENCE
PUB_016653,COMPUTER_SCIENCE
PUB_016654,COMPUTER_SCIENCE
PUB_016655,COMPUTER_SCIENCE
PUB_016656,COMPUTER_SCIENCE
PUB_016657,COMPUTER_SCIENCE
PUB_016658,ENGINEERING
PUB_016659,ENGINEERING
PUB_016660,COMPUTER_SCIENCE
PUB_016661,ENGINEERING
PUB_016662,ENGINEERING
PUB_016663,COMPUTER_SCIENCE
PUB_016664,COMPUTER_SCIENCE
PUB_016665,ENGINEERING
PUB_016666,ENGINEERING
PUB_016667,COMPUTER_SCIENCE
PUB_016668,COMPUTER_SCIENCE
PUB_016669,ENGINEERING
PUB_016670,ENGINEERING
PUB_016671,COMPUTER_SCIENCE
PUB_016672,COMPUTER_SCIENCE
PUB_016673,COMPUTER_SCIENCE
PUB_016674,COMPUTER_SCIENCE
PUB_016675,COMPUTER_SCIENCE
PUB_016676,COMPUTER_SCIENCE
PUB_016677,COMPUTER_SCIENCE
PUB_016678,COMPUTER_SCIENCE
PUB_016679,COMPUTER_SCIENCE
PUB_016680,ENGINEERING
PUB_016681,ENGINEERING
PUB_016682,COMPUTER_SCIENCE
PUB_016683,MATHEMATICS
PUB_016684,COMPUTER_SCIENCE
PUB_016685,ENGINEERING
PUB_016686,COMPUTER_SCIENCE
PUB_016687,COMPUTER_SCIENCE
PUB_016688,ENGINEERING
PUB_016689,ENGINEERING
PUB_016690,ENGINEERING
PUB_016691,ENGINEERING
PUB_016692,COMPUTER_SCIENCE
PUB_016693,ENGINEERING
PUB_016694,ENGINEERING
PUB_016695,COMPUTER_SCIENCE
PUB_016696,ENGINEERING
PUB_016697,COMPUTER_SCIENCE
PUB_016698,COMPUTER_SCIENCE
PUB_016699,COMPUTER_SCIENCE
PUB_016700,COMPUTER_SCIENCE
PUB_016701,COMPUTER_SCIENCE
PUB_016702,COMPUTER_SCIENCE
PUB_016703,COMPUTER_SCIENCE
PUB_016704,COMPUTER_SCIENCE
PUB_016705,ENGINEERING
PUB_016706,ENGINEERING
PUB_016707,MATHEMATICS
PUB_016708,PHYSICS_AND_ASTRONOMY
PUB_016709,ENGINEERING
PUB_016710,ENGINEERING
PUB_016711,COMPUTER_SCIENCE
PUB_016712,COMPUTER_SCIENCE
PUB_016713,ENGINEERING
PUB_016714,ENGINEERING
PUB_016715,COMPUTER_SCIENCE
PUB_016716,COMPUTER_SCIENCE
PUB_016717,ENGINEERING
PUB_016718,ENGINEERING
PUB_016719,ENGINEERING
PUB_016720,ENGINEERING
PUB_016721,COMPUTER_SCIENCE
PUB_016722,COMPUTER_SCIENCE
PUB_016723,ENGINEERING
PUB_016724,ENGINEERING
PUB_016725,ENGINEERING
PUB_016726,COMPUTER_SCIENCE
PUB_016727,ENGINEERING
PUB_016728,COMPUTER_SCIENCE
PUB_016729,COMPUTER_SCIENCE
PUB_016730,ENERGY
PUB_016731,COMPUTER_SCIENCE
PUB_016732,COMPUTER_SCIENCE
PUB_016733,COMPUTER_SCIENCE
PUB_016734,COMPUTER_SCIENCE
PUB_016735,COMPUTER_SCIENCE
PUB_016736,ENGINEERING
PUB_016737,COMPUTER_SCIENCE
PUB_016738,COMPUTER_SCIENCE
PUB_016739,COMPUTER_SCIENCE
PUB_016740,ENGINEERING
PUB_016741,ENGINEERING
PUB_016742,COMPUTER_SCIENCE
PUB_016743,ENGINEERING
PUB_016744,COMPUTER_SCIENCE
PUB_016745,COMPUTER_SCIENCE
PUB_016746,COMPUTER_SCIENCE
PUB_016747,ENGINEERING
PUB_016748,ENGINEERING
PUB_016749,PHYSICS_AND_ASTRONOMY
PUB_016750,COMPUTER_SCIENCE
PUB_016751,ENGINEERING
PUB_016752,COMPUTER_SCIENCE
PUB_016753,ENGINEERING
PUB_016754,ENGINEERING
PUB_016755,ENGINEERING
PUB_016756,ENGINEERING
PUB_016757,COMPUTER_SCIENCE
PUB_016758,ENGINEERING
PUB_016759,ENGINEERING
PUB_016760,ENGINEERING
PUB_016761,COMPUTER_SCIENCE
PUB_016762,ENGINEERING
PUB_016763,COMPUTER_SCIENCE
PUB_016764,COMPUTER_SCIENCE
PUB_016765,ENGINEERING
PUB_016766,COMPUTER_SCIENCE
PUB_016767,COMPUTER_SCIENCE
PUB_016768,ENGINEERING
PUB_016769,COMPUTER_SCIENCE
PUB_016770,COMPUTER_SCIENCE
PUB_016771,ENGINEERING
PUB_016772,ENERGY
PUB_016773,ENGINEERING
PUB_016774,ENGINEERING
PUB_016775,ENGINEERING
PUB_016776,COMPUTER_SCIENCE
PUB_016777,COMPUTER_SCIENCE
PUB_016778,ENGINEERING
PUB_016779,ENGINEERING
PUB_016780,COMPUTER_SCIENCE
PUB_016781,COMPUTER_SCIENCE
PUB_016782,ENGINEERING
PUB_016783,COMPUTER_SCIENCE
PUB_016784,ENGINEERING
PUB_016785,ENGINEERING
PUB_016786,ENGINEERING
PUB_016787,COMPUTER_SCIENCE
PUB_016788,COMPUTER_SCIENCE
PUB_016789,COMPUTER_SCIENCE
PUB_016790,ENGINEERING
PUB_016791,ENGINEERING
PUB_016792,COMPUTER_SCIENCE
PUB_016793,ENGINEERING
PUB_016794,COMPUTER_SCIENCE
PUB_016795,COMPUTER_SCIENCE
PUB_016796,ENGINEERING
PUB_016797,ENGINEERING
PUB_016798,ENGINEERING
PUB_016799,COMPUTER_SCIENCE
PUB_016800,ENGINEERING
PUB_016801,COMPUTER_SCIENCE
PUB_016802,ENERGY
PUB_016803,ENGINEERING
PUB_016804,MATERIALS_SCIENCE
PUB_016805,COMPUTER_SCIENCE
PUB_016806,ENERGY
PUB_016807,COMPUTER_SCIENCE
PUB_016808,MATERIALS_SCIENCE
PUB_016809,ENGINEERING
PUB_016810,ENGINEERING
PUB_016811,COMPUTER_SCIENCE
PUB_016812,ENERGY
PUB_016813,COMPUTER_SCIENCE
PUB_016814,MATERIALS_SCIENCE
PUB_016815,COMPUTER_SCIENCE
PUB_016816,ENGINEERING
PUB_016817,ENGINEERING
PUB_016818,MATERIALS_SCIENCE
PUB_016819,ENGINEERING
PUB_016820,COMPUTER_SCIENCE
PUB_016821,MATERIALS_SCIENCE
PUB_016822,ENGINEERING
PUB_016823,COMPUTER_SCIENCE
PUB_016824,ENGINEERING
PUB_016825,ENGINEERING
PUB_016826,MATERIALS_SCIENCE
PUB_016827,COMPUTER_SCIENCE
PUB_016828,ENGINEERING
PUB_016829,MATERIALS_SCIENCE
PUB_016830,MATERIALS_SCIENCE
PUB_016831,MATERIALS_SCIENCE
PUB_016832,MATERIALS_SCIENCE
PUB_016833,COMPUTER_SCIENCE
PUB_016834,COMPUTER_SCIENCE
PUB_016835,ENGINEERING
PUB_016836,ENGINEERING
PUB_016837,MATERIALS_SCIENCE
PUB_016838,COMPUTER_SCIENCE
PUB_016839,ENERGY
PUB_016840,ENGINEERING
PUB_016841,ENGINEERING
PUB_016842,COMPUTER_SCIENCE
PUB_016843,ENGINEERING
PUB_016844,COMPUTER_SCIENCE
PUB_016845,ENGINEERING
PUB_016846,COMPUTER_SCIENCE
PUB_016847,ENGINEERING
PUB_016848,COMPUTER_SCIENCE
PUB_016849,COMPUTER_SCIENCE
PUB_016850,COMPUTER_SCIENCE
PUB_016851,ENGINEERING
PUB_016852,ENGINEERING
PUB_016853,ENGINEERING
PUB_016854,COMPUTER_SCIENCE
PUB_016855,MATERIALS_SCIENCE
PUB_016856,COMPUTER_SCIENCE
PUB_016857,MATERIALS_SCIENCE
PUB_016858,COMPUTER_SCIENCE
PUB_016859,ENGINEERING
PUB_016860,ENGINEERING
PUB_016861,ENGINEERING
PUB_016862,MATERIALS_SCIENCE
PUB_016863,COMPUTER_SCIENCE
PUB_016864,ENGINEERING
PUB_016865,ENGINEERING
PUB_016866,ENGINEERING
PUB_016867,ENGINEERING
PUB_016868,ENGINEERING
PUB_016869,COMPUTER_SCIENCE
PUB_016870,COMPUTER_SCIENCE
PUB_016871,COMPUTER_SCIENCE
PUB_016872,COMPUTER_SCIENCE
PUB_016873,ENGINEERING
PUB_016874,ENGINEERING
PUB_016875,ENGINEERING
PUB_016876,ENGINEERING
PUB_016877,COMPUTER_SCIENCE
PUB_016878,COMPUTER_SCIENCE
PUB_016879,COMPUTER_SCIENCE
PUB_016880,COMPUTER_SCIENCE
PUB_016881,MATERIALS_SCIENCE
PUB_016882,COMPUTER_SCIENCE
PUB_016883,COMPUTER_SCIENCE
PUB_016884,COMPUTER_SCIENCE
PUB_016885,COMPUTER_SCIENCE
PUB_016886,ENERGY
PUB_016887,MATERIALS_SCIENCE
PUB_016888,ENGINEERING
PUB_016889,ENGINEERING
PUB_016890,ENGINEERING
PUB_016891,COMPUTER_SCIENCE
PUB_016892,ENGINEERING
PUB_016893,COMPUTER_SCIENCE
PUB_016894,COMPUTER_SCIENCE
PUB_016895,ENGINEERING
PUB_016896,ENGINEERING
PUB_016897,COMPUTER_SCIENCE
PUB_016898,ENGINEERING
PUB_016899,ENGINEERING
PUB_016900,ENGINEERING
PUB_016901,ENGINEERING
PUB_016902,ENGINEERING
PUB_016903,COMPUTER_SCIENCE
PUB_016904,ENGINEERING
PUB_016905,ENGINEERING
PUB_016906,ENGINEERING
PUB_016907,ENGINEERING
PUB_016908,PHYSICS_AND_ASTRONOMY
PUB_016909,ENERGY
PUB_016910,ENGINEERING
PUB_016911,COMPUTER_SCIENCE
PUB_016912,COMPUTER_SCIENCE
PUB_016913,COMPUTER_SCIENCE
PUB_016914,ENGINEERING
PUB_016915,ENGINEERING
PUB_016916,ENGINEERING
PUB_016917,ENERGY
PUB_016918,ENGINEERING
PUB_016919,COMPUTER_SCIENCE
PUB_016920,ENGINEERING
PUB_016921,COMPUTER_SCIENCE
PUB_016922,COMPUTER_SCIENCE
PUB_016923,ENGINEERING
PUB_016924,ENGINEERING
PUB_016925,ENGINEERING
PUB_016926,COMPUTER_SCIENCE
PUB_016927,ENGINEERING
PUB_016928,COMPUTER_SCIENCE
PUB_016929,COMPUTER_SCIENCE
PUB_016930,COMPUTER_SCIENCE
PUB_016931,COMPUTER_SCIENCE
PUB_016932,COMPUTER_SCIENCE
PUB_016933,COMPUTER_SCIENCE
PUB_016934,ENGINEERING
PUB_016935,COMPUTER_SCIENCE
PUB_016936,COMPUTER_SCIENCE
PUB_016937,COMPUTER_SCIENCE
PUB_016938,ENGINEERING
PUB_016939,COMPUTER_SCIENCE
PUB_016940,COMPUTER_SCIENCE
PUB_016941,COMPUTER_SCIENCE
PUB_016942,ENGINEERING
PUB_016943,COMPUTER_SCIENCE
PUB_016944,COMPUTER_SCIENCE
PUB_016945,COMPUTER_SCIENCE
PUB_016946,COMPUTER_SCIENCE
PUB_016947,COMPUTER_SCIENCE
PUB_016948,ENGINEERING
PUB_016949,ENGINEERING
PUB_016950,COMPUTER_SCIENCE
PUB_016951,MATERIALS_SCIENCE
PUB_016952,COMPUTER_SCIENCE
PUB_016953,ENGINEERING
PUB_016954,COMPUTER_SCIENCE
PUB_016955,COMPUTER_SCIENCE
PUB_016956,COMPUTER_SCIENCE
PUB_016957,ENGINEERING
PUB_016958,ENGINEERING
PUB_016959,ENGINEERING
PUB_016960,ENGINEERING
PUB_016961,COMPUTER_SCIENCE
PUB_016962,ENGINEERING
PUB_016963,COMPUTER_SCIENCE
PUB_016964,MATERIALS_SCIENCE
PUB_016965,MATERIALS_SCIENCE
PUB_016966,ENGINEERING
PUB_016967,COMPUTER_SCIENCE
PUB_016968,COMPUTER_SCIENCE
PUB_016969,COMPUTER_SCIENCE
PUB_016970,COMPUTER_SCIENCE
PUB_016971,ENGINEERING
PUB_016972,COMPUTER_SCIENCE
PUB_016973,COMPUTER_SCIENCE
PUB_016974,COMPUTER_SCIENCE
PUB_016975,COMPUTER_SCIENCE
PUB_016976,MATERIALS_SCIENCE
PUB_016977,COMPUTER_SCIENCE
PUB_016978,ENGINEERING
PUB_016979,COMPUTER_SCIENCE
PUB_016980,PHYSICS_AND_ASTRONOMY
PUB_016981,ENGINEERING
PUB_016982,COMPUTER_SCIENCE
PUB_016983,COMPUTER_SCIENCE
PUB_016984,MATERIALS_SCIENCE
PUB_016985,COMPUTER_SCIENCE
PUB_016986,ENGINEERING
PUB_016987,COMPUTER_SCIENCE
PUB_016988,ENGINEERING
PUB_016989,COMPUTER_SCIENCE
PUB_016990,ENGINEERING
PUB_016991,COMPUTER_SCIENCE
PUB_016992,COMPUTER_SCIENCE
PUB_016993,ENGINEERING
PUB_016994,ENGINEERING
PUB_016995,ENGINEERING
PUB_016996,COMPUTER_SCIENCE
PUB_016997,COMPUTER_SCIENCE
PUB_016998,ENGINEERING
PUB_016999,ENGINEERING
PUB_017000,ENGINEERING
PUB_017001,ENGINEERING
PUB_017002,ENGINEERING
PUB_017003,ENGINEERING
PUB_017004,ENGINEERING
PUB_017005,ENGINEERING
PUB_017006,COMPUTER_SCIENCE
PUB_017007,ENGINEERING
PUB_017008,COMPUTER_SCIENCE
PUB_017009,ENGINEERING
PUB_017010,COMPUTER_SCIENCE
PUB_017011,ENGINEERING
PUB_017012,COMPUTER_SCIENCE
PUB_017013,ENGINEERING
PUB_017014,ENGINEERING
PUB_017015,COMPUTER_SCIENCE
PUB_017016,COMPUTER_SCIENCE
PUB_017017,COMPUTER_SCIENCE
PUB_017018,COMPUTER_SCIENCE
PUB_017019,ENGINEERING
PUB_017020,ENGINEERING
PUB_017021,ENGINEERING
PUB_017022,ENGINEERING
PUB_017023,ENGINEERING
PUB_017024,COMPUTER_SCIENCE
PUB_017025,COMPUTER_SCIENCE
PUB_017026,COMPUTER_SCIENCE
PUB_017027,COMPUTER_SCIENCE
PUB_017028,COMPUTER_SCIENCE
PUB_017029,COMPUTER_SCIENCE
PUB_017030,COMPUTER_SCIENCE
PUB_017031,COMPUTER_SCIENCE
PUB_017032,ENGINEERING
PUB_017033,ENGINEERING
PUB_017034,COMPUTER_SCIENCE
PUB_017035,COMPUTER_SCIENCE
PUB_017036,ENGINEERING
PUB_017037,PHYSICS_AND_ASTRONOMY
PUB_017038,ENGINEERING
PUB_017039,ENGINEERING
PUB_017040,COMPUTER_SCIENCE
PUB_017041,ENGINEERING
PUB_017042,ENGINEERING
PUB_017043,ENGINEERING
PUB_017044,ENGINEERING
PUB_017045,COMPUTER_SCIENCE
PUB_017046,COMPUTER_SCIENCE
PUB_017047,COMPUTER_SCIENCE
PUB_017048,ENGINEERING
PUB_017049,COMPUTER_SCIENCE
PUB_017050,ENGINEERING
PUB_017051,MATERIALS_SCIENCE
PUB_017052,ENGINEERING
PUB_017053,ENGINEERING
PUB_017054,COMPUTER_SCIENCE
PUB_017055,ENGINEERING
PUB_017056,ENGINEERING
PUB_017057,ENGINEERING
PUB_017058,ENGINEERING
PUB_017059,COMPUTER_SCIENCE
PUB_017060,ENGINEERING
PUB_017061,COMPUTER_SCIENCE
PUB_017062,COMPUTER_SCIENCE
PUB_017063,ENGINEERING
PUB_017064,ENGINEERING
PUB_017065,COMPUTER_SCIENCE
PUB_017066,COMPUTER_SCIENCE
PUB_017067,COMPUTER_SCIENCE
PUB_017068,COMPUTER_SCIENCE
PUB_017069,COMPUTER_SCIENCE
PUB_017070,COMPUTER_SCIENCE
PUB_017071,ENGINEERING
PUB_017072,COMPUTER_SCIENCE
PUB_017073,COMPUTER_SCIENCE
PUB_017074,COMPUTER_SCIENCE
PUB_017075,COMPUTER_SCIENCE
PUB_017076,COMPUTER_SCIENCE
PUB_017077,MATERIALS_SCIENCE
PUB_017078,ENGINEERING
PUB_017079,COMPUTER_SCIENCE
PUB_017080,COMPUTER_SCIENCE
PUB_017081,COMPUTER_SCIENCE
PUB_017082,COMPUTER_SCIENCE
PUB_017083,COMPUTER_SCIENCE
PUB_017084,COMPUTER_SCIENCE
PUB_017085,ENGINEERING
PUB_017086,ENGINEERING
PUB_017087,ENGINEERING
PUB_017088,ENGINEERING
PUB_017089,ENGINEERING
PUB_017090,COMPUTER_SCIENCE
PUB_017091,ENGINEERING
PUB_017092,ENGINEERING
PUB_017093,ENGINEERING
PUB_017094,ENGINEERING
PUB_017095,COMPUTER_SCIENCE
PUB_017096,COMPUTER_SCIENCE
PUB_017097,COMPUTER_SCIENCE
PUB_017098,COMPUTER_SCIENCE
PUB_017099,COMPUTER_SCIENCE
PUB_017100,COMPUTER_SCIENCE
PUB_017101,COMPUTER_SCIENCE
PUB_017102,COMPUTER_SCIENCE
PUB_017103,ENGINEERING
PUB_017104,COMPUTER_SCIENCE
PUB_017105,ENGINEERING
PUB_017106,COMPUTER_SCIENCE
PUB_017107,COMPUTER_SCIENCE
PUB_017108,COMPUTER_SCIENCE
PUB_017109,ENGINEERING
PUB_017110,ENGINEERING
PUB_017111,COMPUTER_SCIENCE
PUB_017112,COMPUTER_SCIENCE
PUB_017113,ENGINEERING
PUB_017114,COMPUTER_SCIENCE
PUB_017115,ENGINEERING
PUB_017116,ENGINEERING
PUB_017117,PHYSICS_AND_ASTRONOMY
PUB_017118,ENGINEERING
PUB_017119,ENGINEERING
PUB_017120,ENGINEERING
PUB_017121,COMPUTER_SCIENCE
PUB_017122,COMPUTER_SCIENCE
PUB_017123,COMPUTER_SCIENCE
PUB_017124,ENGINEERING
PUB_017125,COMPUTER_SCIENCE
PUB_017126,ENERGY
PUB_017127,MATERIALS_SCIENCE
PUB_017128,ENGINEERING
PUB_017129,COMPUTER_SCIENCE
PUB_017130,MATERIALS_SCIENCE
PUB_017131,ENGINEERING
PUB_017132,ENGINEERING
PUB_017133,ENGINEERING
PUB_017134,ENGINEERING
PUB_017135,PHYSICS_AND_ASTRONOMY
PUB_017136,ENGINEERING
PUB_017137,COMPUTER_SCIENCE
PUB_017138,ENGINEERING
PUB_017139,COMPUTER_SCIENCE
PUB_017140,ENGINEERING
PUB_017141,COMPUTER_SCIENCE
PUB_017142,ENGINEERING
PUB_017143,COMPUTER_SCIENCE
PUB_017144,COMPUTER_SCIENCE
PUB_017145,COMPUTER_SCIENCE
PUB_017146,COMPUTER_SCIENCE
PUB_017147,ENGINEERING
PUB_017148,COMPUTER_SCIENCE
PUB_017149,ENGINEERING
PUB_017150,ENGINEERING
PUB_017151,COMPUTER_SCIENCE
PUB_017152,ENGINEERING
PUB_017153,ENGINEERING
PUB_017154,ENGINEERING
PUB_017155,COMPUTER_SCIENCE
PUB_017156,COMPUTER_SCIENCE
PUB_017157,COMPUTER_SCIENCE
PUB_017158,ENGINEERING
PUB_017159,ENGINEERING
PUB_017160,ENGINEERING
PUB_017161,COMPUTER_SCIENCE
PUB_017162,ENGINEERING
PUB_017163,ENGINEERING
PUB_017164,COMPUTER_SCIENCE
PUB_017165,ENGINEERING
PUB_017166,COMPUTER_SCIENCE
PUB_017167,MATHEMATICS
PUB_017168,COMPUTER_SCIENCE
PUB_017169,ENGINEERING
PUB_017170,COMPUTER_SCIENCE
PUB_017171,COMPUTER_SCIENCE
PUB_017172,COMPUTER_SCIENCE
PUB_017173,COMPUTER_SCIENCE
PUB_017174,COMPUTER_SCIENCE
PUB_017175,COMPUTER_SCIENCE
PUB_017176,ENGINEERING
PUB_017177,COMPUTER_SCIENCE
PUB_017178,COMPUTER_SCIENCE
PUB_017179,COMPUTER_SCIENCE
PUB_017180,COMPUTER_SCIENCE
PUB_017181,ENGINEERING
PUB_017182,ENGINEERING
PUB_017183,COMPUTER_SCIENCE
PUB_017184,COMPUTER_SCIENCE
PUB_017185,ENGINEERING
PUB_017186,ENGINEERING
PUB_017187,COMPUTER_SCIENCE
PUB_017188,MATERIALS_SCIENCE
PUB_017189,ENGINEERING
PUB_017190,COMPUTER_SCIENCE
PUB_017191,COMPUTER_SCIENCE
PUB_017192,COMPUTER_SCIENCE
PUB_017193,COMPUTER_SCIENCE
PUB_017194,COMPUTER_SCIENCE
PUB_017195,COMPUTER_SCIENCE
PUB_017196,COMPUTER_SCIENCE
PUB_017197,PHYSICS_AND_ASTRONOMY
PUB_017198,COMPUTER_SCIENCE
PUB_017199,COMPUTER_SCIENCE
PUB_017200,COMPUTER_SCIENCE
PUB_017201,ENGINEERING
PUB_017202,ENGINEERING
PUB_017203,ENGINEERING
PUB_017204,ENGINEERING
PUB_017205,COMPUTER_SCIENCE
PUB_017206,COMPUTER_SCIENCE
PUB_017207,ENGINEERING
PUB_017208,MATERIALS_SCIENCE
PUB_017209,MATERIALS_SCIENCE
PUB_017210,ENGINEERING
PUB_017211,ENGINEERING
PUB_017212,MATERIALS_SCIENCE
PUB_017213,MATERIALS_SCIENCE
PUB_017214,COMPUTER_SCIENCE
PUB_017215,ENGINEERING
PUB_017216,ENGINEERING
PUB_017217,MATERIALS_SCIENCE
PUB_017218,COMPUTER_SCIENCE
PUB_017219,COMPUTER_SCIENCE
PUB_017220,ENGINEERING
PUB_017221,COMPUTER_SCIENCE
PUB_017222,ENGINEERING
PUB_017223,MATERIALS_SCIENCE
PUB_017224,ENGINEERING
PUB_017225,ENGINEERING
PUB_017226,COMPUTER_SCIENCE
PUB_017227,COMPUTER_SCIENCE
PUB_017228,ENGINEERING
PUB_017229,ENGINEERING
PUB_017230,ENGINEERING
PUB_017231,COMPUTER_SCIENCE
PUB_017232,COMPUTER_SCIENCE
PUB_017233,ENERGY
PUB_017234,MATERIALS_SCIENCE
PUB_017235,COMPUTER_SCIENCE
PUB_017236,ENGINEERING
PUB_017237,MATERIALS_SCIENCE
PUB_017238,MATERIALS_SCIENCE
PUB_017239,ENERGY
PUB_017240,ENERGY
PUB_017241,ENERGY
PUB_017242,ENGINEERING
PUB_017243,COMPUTER_SCIENCE
PUB_017244,COMPUTER_SCIENCE
PUB_017245,MATERIALS_SCIENCE
PUB_017246,ENGINEERING
PUB_017247,COMPUTER_SCIENCE
PUB_017248,ENGINEERING
PUB_017249,COMPUTER_SCIENCE
PUB_017250,ENGINEERING
PUB_017251,COMPUTER_SCIENCE
PUB_017252,ENGINEERING
PUB_017253,ENGINEERING
PUB_017254,ENGINEERING
PUB_017255,ENGINEERING
PUB_017256,MATERIALS_SCIENCE
PUB_017257,ENGINEERING
PUB_017258,ENGINEERING
PUB_017259,ENGINEERING
PUB_017260,ENGINEERING
PUB_017261,ENGINEERING
PUB_017262,ENGINEERING
PUB_017263,ENGINEERING
PUB_017264,COMPUTER_SCIENCE
PUB_017265,ENGINEERING
PUB_017266,COMPUTER_SCIENCE
PUB_017267,COMPUTER_SCIENCE
PUB_017268,COMPUTER_SCIENCE
PUB_017269,MATERIALS_SCIENCE
PUB_017270,ENGINEERING
PUB_017271,COMPUTER_SCIENCE
PUB_017272,MATERIALS_SCIENCE
PUB_017273,COMPUTER_SCIENCE
PUB_017274,MATHEMATICS
PUB_017275,ENGINEERING
PUB_017276,ENGINEERING
PUB_017277,COMPUTER_SCIENCE
PUB_017278,COMPUTER_SCIENCE
PUB_017279,COMPUTER_SCIENCE
PUB_017280,COMPUTER_SCIENCE
PUB_017281,MATERIALS_SCIENCE
PUB_017282,ENGINEERING
PUB_017283,ENGINEERING
PUB_017284,COMPUTER_SCIENCE
PUB_017285,COMPUTER_SCIENCE
PUB_017286,COMPUTER_SCIENCE
PUB_017287,COMPUTER_SCIENCE
PUB_017288,COMPUTER_SCIENCE
PUB_017289,ENGINEERING
PUB_017290,ENGINEERING
PUB_017291,ENGINEERING
PUB_017292,COMPUTER_SCIENCE
PUB_017293,COMPUTER_SCIENCE
PUB_017294,COMPUTER_SCIENCE
PUB_017295,ENGINEERING
PUB_017296,COMPUTER_SCIENCE
PUB_017297,ENGINEERING
PUB_017298,COMPUTER_SCIENCE
PUB_017299,ENGINEERING
PUB_017300,COMPUTER_SCIENCE
PUB_017301,ENGINEERING
PUB_017302,ENGINEERING
PUB_017303,COMPUTER_SCIENCE
PUB_017304,COMPUTER_SCIENCE
PUB_017305,ENGINEERING
PUB_017306,COMPUTER_SCIENCE
PUB_017307,ENGINEERING
PUB_017308,ENGINEERING
PUB_017309,ENGINEERING
PUB_017310,ENGINEERING
PUB_017311,ENGINEERING
PUB_017312,ENGINEERING
PUB_017313,COMPUTER_SCIENCE
PUB_017314,COMPUTER_SCIENCE
PUB_017315,COMPUTER_SCIENCE
PUB_017316,ENGINEERING
PUB_017317,ENGINEERING
PUB_017318,COMPUTER_SCIENCE
PUB_017319,COMPUTER_SCIENCE
PUB_017320,ENGINEERING
PUB_017321,ENGINEERING
PUB_017322,COMPUTER_SCIENCE
PUB_017323,ENGINEERING
PUB_017324,COMPUTER_SCIENCE
PUB_017325,COMPUTER_SCIENCE
PUB_017326,ENGINEERING
PUB_017327,ENGINEERING
PUB_017328,COMPUTER_SCIENCE
PUB_017329,ENGINEERING
PUB_017330,ENGINEERING
PUB_017331,COMPUTER_SCIENCE
PUB_017332,ENGINEERING
PUB_017333,ENGINEERING
PUB_017334,COMPUTER_SCIENCE
PUB_017335,ENGINEERING
PUB_017336,ENGINEERING
PUB_017337,COMPUTER_SCIENCE
PUB_017338,COMPUTER_SCIENCE
PUB_017339,ENGINEERING
PUB_017340,COMPUTER_SCIENCE
PUB_017341,COMPUTER_SCIENCE
PUB_017342,COMPUTER_SCIENCE
PUB_017343,COMPUTER_SCIENCE
PUB_017344,ENGINEERING
PUB_017345,MATERIALS_SCIENCE
PUB_017346,COMPUTER_SCIENCE
PUB_017347,ENGINEERING
PUB_017348,COMPUTER_SCIENCE
PUB_017349,ENGINEERING
PUB_017350,COMPUTER_SCIENCE
PUB_017351,MATERIALS_SCIENCE
PUB_017352,COMPUTER_SCIENCE
PUB_017353,COMPUTER_SCIENCE
PUB_017354,COMPUTER_SCIENCE
PUB_017355,ENGINEERING
PUB_017356,COMPUTER_SCIENCE
PUB_017357,ENGINEERING
PUB_017358,ENGINEERING
PUB_017359,ENGINEERING
PUB_017360,ENGINEERING
PUB_017361,COMPUTER_SCIENCE
PUB_017362,ENGINEERING
PUB_017363,ENGINEERING
PUB_017364,ENGINEERING
PUB_017365,COMPUTER_SCIENCE
PUB_017366,COMPUTER_SCIENCE
PUB_017367,ENGINEERING
PUB_017368,COMPUTER_SCIENCE
PUB_017369,COMPUTER_SCIENCE
PUB_017370,ENGINEERING
PUB_017371,COMPUTER_SCIENCE
PUB_017372,MATERIALS_SCIENCE
PUB_017373,COMPUTER_SCIENCE
PUB_017374,COMPUTER_SCIENCE
PUB_017375,ENGINEERING
PUB_017376,ENGINEERING
PUB_017377,COMPUTER_SCIENCE
PUB_017378,ENGINEERING
PUB_017379,COMPUTER_SCIENCE
PUB_017380,COMPUTER_SCIENCE
PUB_017381,ENGINEERING
PUB_017382,ENGINEERING
PUB_017383,ENGINEERING
PUB_017384,COMPUTER_SCIENCE
PUB_017385,COMPUTER_SCIENCE
PUB_017386,ENGINEERING
PUB_017387,ENGINEERING
PUB_017388,COMPUTER_SCIENCE
PUB_017389,ENGINEERING
PUB_017390,COMPUTER_SCIENCE
PUB_017391,COMPUTER_SCIENCE
PUB_017392,ENERGY
PUB_017393,ENGINEERING
PUB_017394,COMPUTER_SCIENCE
PUB_017395,ENGINEERING
PUB_017396,ENGINEERING
PUB_017397,ENGINEERING
PUB_017398,COMPUTER_SCIENCE
PUB_017399,MATHEMATICS
PUB_017400,ENGINEERING
PUB_017401,COMPUTER_SCIENCE
PUB_017402,COMPUTER_SCIENCE
PUB_017403,COMPUTER_SCIENCE
PUB_017404,COMPUTER_SCIENCE
PUB_017405,COMPUTER_SCIENCE
PUB_017406,ENGINEERING
PUB_017407,COMPUTER_SCIENCE
PUB_017408,COMPUTER_SCIENCE
PUB_017409,ENGINEERING
PUB_017410,ENGINEERING
PUB_017411,COMPUTER_SCIENCE
PUB_017412,COMPUTER_SCIENCE
PUB_017413,ENGINEERING
PUB_017414,COMPUTER_SCIENCE
PUB_017415,COMPUTER_SCIENCE
PUB_017416,ENGINEERING
PUB_017417,COMPUTER_SCIENCE
PUB_017418,ENGINEERING
PUB_017419,ENGINEERING
PUB_017420,ENGINEERING
PUB_017421,COMPUTER_SCIENCE
PUB_017422,COMPUTER_SCIENCE
PUB_017423,ENGINEERING
PUB_017424,COMPUTER_SCIENCE
PUB_017425,ENGINEERING
PUB_017426,COMPUTER_SCIENCE
PUB_017427,COMPUTER_SCIENCE
PUB_017428,ENGINEERING
PUB_017429,ENGINEERING
PUB_017430,COMPUTER_SCIENCE
PUB_017431,ENGINEERING
PUB_017432,ENGINEERING
PUB_017433,COMPUTER_SCIENCE
PUB_017434,COMPUTER_SCIENCE
PUB_017435,ENGINEERING
PUB_017436,COMPUTER_SCIENCE
PUB_017437,ENGINEERING
PUB_017438,ENGINEERING
PUB_017439,ENGINEERING
PUB_017440,COMPUTER_SCIENCE
PUB_017441,ENGINEERING
PUB_017442,ENGINEERING
PUB_017443,ENGINEERING
PUB_017444,ENERGY
PUB_017445,COMPUTER_SCIENCE
PUB_017446,COMPUTER_SCIENCE
PUB_017447,COMPUTER_SCIENCE
PUB_017448,COMPUTER_SCIENCE
PUB_017449,COMPUTER_SCIENCE
PUB_017450,COMPUTER_SCIENCE
PUB_017451,COMPUTER_SCIENCE
PUB_017452,ENGINEERING
PUB_017453,ENGINEERING
PUB_017454,ENGINEERING
PUB_017455,COMPUTER_SCIENCE
PUB_017456,COMPUTER_SCIENCE
PUB_017457,ENGINEERING
PUB_017458,ENGINEERING
PUB_017459,COMPUTER_SCIENCE
PUB_017460,ENGINEERING
PUB_017461,ENGINEERING
PUB_017462,ENGINEERING
PUB_017463,COMPUTER_SCIENCE
PUB_017464,ENGINEERING
PUB_017465,ENGINEERING
PUB_017466,ENGINEERING
PUB_017467,ENGINEERING
PUB_017468,ENGINEERING
PUB_017469,ENGINEERING
PUB_017470,ENGINEERING
PUB_017471,ENGINEERING
PUB_017472,ENGINEERING
PUB_017473,ENGINEERING
PUB_017474,COMPUTER_SCIENCE
PUB_017475,ENGINEERING
PUB_017476,COMPUTER_SCIENCE
PUB_017477,COMPUTER_SCIENCE
PUB_017478,COMPUTER_SCIENCE
PUB_017479,ENGINEERING
PUB_017480,ENGINEERING
PUB_017481,COMPUTER_SCIENCE
PUB_017482,ENGINEERING
PUB_017483,ENGINEERING
PUB_017484,COMPUTER_SCIENCE
PUB_017485,COMPUTER_SCIENCE
PUB_017486,COMPUTER_SCIENCE
PUB_017487,COMPUTER_SCIENCE
PUB_017488,ENGINEERING
PUB_017489,PHYSICS_AND_ASTRONOMY
PUB_017490,COMPUTER_SCIENCE
PUB_017491,ENGINEERING
PUB_017492,ENGINEERING
PUB_017493,ENGINEERING
PUB_017494,COMPUTER_SCIENCE
PUB_017495,ENGINEERING
PUB_017496,ENGINEERING
PUB_017497,ENGINEERING
PUB_017498,ENGINEERING
PUB_017499,ENGINEERING
PUB_017500,COMPUTER_SCIENCE
PUB_017501,ENGINEERING
PUB_017502,ENGINEERING
PUB_017503,ENGINEERING
PUB_017504,ENGINEERING
PUB_017505,COMPUTER_SCIENCE
PUB_017506,ENGINEERING
PUB_017507,COMPUTER_SCIENCE
PUB_017508,ENGINEERING
PUB_017509,COMPUTER_SCIENCE
PUB_017510,ENGINEERING
PUB_017511,COMPUTER_SCIENCE
PUB_017512,ENGINEERING
PUB_017513,ENGINEERING
PUB_017514,COMPUTER_SCIENCE
PUB_017515,COMPUTER_SCIENCE
PUB_017516,ENGINEERING
PUB_017517,ENGINEERING
PUB_017518,ENGINEERING
PUB_017519,COMPUTER_SCIENCE
PUB_017520,COMPUTER_SCIENCE
PUB_017521,COMPUTER_SCIENCE
PUB_017522,COMPUTER_SCIENCE
PUB_017523,COMPUTER_SCIENCE
PUB_017524,COMPUTER_SCIENCE
PUB_017525,COMPUTER_SCIENCE
PUB_017526,COMPUTER_SCIENCE
PUB_017527,COMPUTER_SCIENCE
PUB_017528,COMPUTER_SCIENCE
PUB_017529,ENGINEERING
PUB_017530,COMPUTER_SCIENCE
PUB_017531,COMPUTER_SCIENCE
PUB_017532,COMPUTER_SCIENCE
PUB_017533,ENGINEERING
PUB_017534,ENGINEERING
PUB_017535,COMPUTER_SCIENCE
PUB_017536,COMPUTER_SCIENCE
PUB_017537,ENGINEERING
PUB_017538,ENGINEERING
PUB_017539,ENGINEERING
PUB_017540,COMPUTER_SCIENCE
PUB_017541,COMPUTER_SCIENCE
PUB_017542,ENGINEERING
PUB_017543,PHYSICS_AND_ASTRONOMY
PUB_017544,MATHEMATICS
PUB_017545,COMPUTER_SCIENCE
PUB_017546,ENGINEERING
PUB_017547,COMPUTER_SCIENCE
PUB_017548,COMPUTER_SCIENCE
PUB_017549,ENGINEERING
PUB_017550,ENGINEERING
PUB_017551,ENGINEERING
PUB_017552,ENGINEERING
PUB_017553,ENGINEERING
PUB_017554,ENGINEERING
PUB_017555,ENGINEERING
PUB_017556,ENERGY
PUB_017557,COMPUTER_SCIENCE
PUB_017558,COMPUTER_SCIENCE
PUB_017559,COMPUTER_SCIENCE
PUB_017560,COMPUTER_SCIENCE
PUB_017561,ENGINEERING
PUB_017562,COMPUTER_SCIENCE
PUB_017563,MATERIALS_SCIENCE
PUB_017564,MATERIALS_SCIENCE
PUB_017565,COMPUTER_SCIENCE
PUB_017566,ENGINEERING
PUB_017567,COMPUTER_SCIENCE
PUB_017568,ENGINEERING
PUB_017569,ENGINEERING
PUB_017570,COMPUTER_SCIENCE
PUB_017571,ENGINEERING
PUB_017572,COMPUTER_SCIENCE
PUB_017573,ENGINEERING
PUB_017574,COMPUTER_SCIENCE
PUB_017575,COMPUTER_SCIENCE
PUB_017576,ENGINEERING
PUB_017577,COMPUTER_SCIENCE
PUB_017578,ENGINEERING
PUB_017579,ENGINEERING
PUB_017580,ENGINEERING
PUB_017581,ENGINEERING
PUB_017582,ENGINEERING
PUB_017583,ENGINEERING
PUB_017584,ENGINEERING
PUB_017585,ENGINEERING
PUB_017586,COMPUTER_SCIENCE
PUB_017587,ENGINEERING
PUB_017588,COMPUTER_SCIENCE
PUB_017589,ENGINEERING
PUB_017590,ENGINEERING
PUB_017591,MATERIALS_SCIENCE
PUB_017592,COMPUTER_SCIENCE
PUB_017593,COMPUTER_SCIENCE
PUB_017594,MATERIALS_SCIENCE
PUB_017595,COMPUTER_SCIENCE
PUB_017596,ENGINEERING
PUB_017597,COMPUTER_SCIENCE
PUB_017598,COMPUTER_SCIENCE
PUB_017599,ENGINEERING
PUB_017600,COMPUTER_SCIENCE
PUB_017601,COMPUTER_SCIENCE
PUB_017602,ENGINEERING
PUB_017603,ENGINEERING
PUB_017604,COMPUTER_SCIENCE
PUB_017605,COMPUTER_SCIENCE
PUB_017606,ENERGY
PUB_017607,COMPUTER_SCIENCE
PUB_017608,COMPUTER_SCIENCE
PUB_017609,ENGINEERING
PUB_017610,COMPUTER_SCIENCE
PUB_017611,COMPUTER_SCIENCE
PUB_017612,COMPUTER_SCIENCE
PUB_017613,COMPUTER_SCIENCE
PUB_017614,COMPUTER_SCIENCE
PUB_017615,COMPUTER_SCIENCE
PUB_017616,ENGINEERING
PUB_017617,COMPUTER_SCIENCE
PUB_017618,COMPUTER_SCIENCE
PUB_017619,ENGINEERING
PUB_017620,MATERIALS_SCIENCE
PUB_017621,COMPUTER_SCIENCE
PUB_017622,COMPUTER_SCIENCE
PUB_017623,ENGINEERING
PUB_017624,COMPUTER_SCIENCE
PUB_017625,COMPUTER_SCIENCE
PUB_017626,ENGINEERING
PUB_017627,COMPUTER_SCIENCE
PUB_017628,ENGINEERING
PUB_017629,COMPUTER_SCIENCE
PUB_017630,COMPUTER_SCIENCE
PUB_017631,COMPUTER_SCIENCE
PUB_017632,ENGINEERING
PUB_017633,COMPUTER_SCIENCE
PUB_017634,COMPUTER_SCIENCE
PUB_017635,COMPUTER_SCIENCE
PUB_017636,ENGINEERING
PUB_017637,ENGINEERING
PUB_017638,ENGINEERING
PUB_017639,COMPUTER_SCIENCE
PUB_017640,COMPUTER_SCIENCE
PUB_017641,COMPUTER_SCIENCE
PUB_017642,COMPUTER_SCIENCE
PUB_017643,COMPUTER_SCIENCE
PUB_017644,COMPUTER_SCIENCE
PUB_017645,COMPUTER_SCIENCE
PUB_017646,COMPUTER_SCIENCE
PUB_017647,COMPUTER_SCIENCE
PUB_017648,COMPUTER_SCIENCE
PUB_017649,COMPUTER_SCIENCE
PUB_017650,COMPUTER_SCIENCE
PUB_017651,COMPUTER_SCIENCE
PUB_017652,COMPUTER_SCIENCE
PUB_017653,COMPUTER_SCIENCE
PUB_017654,COMPUTER_SCIENCE
PUB_017655,COMPUTER_SCIENCE
PUB_017656,ENGINEERING
PUB_017657,COMPUTER_SCIENCE
PUB_017658,ENGINEERING
PUB_017659,ENGINEERING
PUB_017660,MATERIALS_SCIENCE
PUB_017661,ENGINEERING
PUB_017662,COMPUTER_SCIENCE
PUB_017663,ENGINEERING
PUB_017664,COMPUTER_SCIENCE
PUB_017665,ENGINEERING
PUB_017666,COMPUTER_SCIENCE
PUB_017667,COMPUTER_SCIENCE
PUB_017668,COMPUTER_SCIENCE
PUB_017669,COMPUTER_SCIENCE
PUB_017670,COMPUTER_SCIENCE
PUB_017671,ENGINEERING
PUB_017672,COMPUTER_SCIENCE
PUB_017673,ENGINEERING
PUB_017674,COMPUTER_SCIENCE
PUB_017675,ENGINEERING
PUB_017676,ENGINEERING
PUB_017677,ENGINEERING
PUB_017678,ENGINEERING
PUB_017679,ENGINEERING
PUB_017680,COMPUTER_SCIENCE
PUB_017681,ENGINEERING
PUB_017682,ENGINEERING
PUB_017683,COMPUTER_SCIENCE
PUB_017684,COMPUTER_SCIENCE
PUB_017685,COMPUTER_SCIENCE
PUB_017686,COMPUTER_SCIENCE
PUB_017687,ENGINEERING
PUB_017688,ENGINEERING
PUB_017689,ENGINEERING
PUB_017690,COMPUTER_SCIENCE
PUB_017691,COMPUTER_SCIENCE
PUB_017692,COMPUTER_SCIENCE
PUB_017693,ENGINEERING
PUB_017694,COMPUTER_SCIENCE
PUB_017695,COMPUTER_SCIENCE
PUB_017696,ENGINEERING
PUB_017697,ENGINEERING
PUB_017698,COMPUTER_SCIENCE
PUB_017699,COMPUTER_SCIENCE
PUB_017700,ENGINEERING
PUB_017701,COMPUTER_SCIENCE
PUB_017702,ENGINEERING
PUB_017703,COMPUTER_SCIENCE
PUB_017704,ENGINEERING
PUB_017705,ENGINEERING
PUB_017706,COMPUTER_SCIENCE
PUB_017707,ENERGY
PUB_017708,COMPUTER_SCIENCE
PUB_017709,COMPUTER_SCIENCE
PUB_017710,COMPUTER_SCIENCE
PUB_017711,ENGINEERING
PUB_017712,COMPUTER_SCIENCE
PUB_017713,COMPUTER_SCIENCE
PUB_017714,COMPUTER_SCIENCE
PUB_017715,COMPUTER_SCIENCE
PUB_017716,COMPUTER_SCIENCE
PUB_017717,ENGINEERING
PUB_017718,ENGINEERING
PUB_017719,COMPUTER_SCIENCE
PUB_017720,COMPUTER_SCIENCE
PUB_017721,COMPUTER_SCIENCE
PUB_017722,COMPUTER_SCIENCE
PUB_017723,COMPUTER_SCIENCE
PUB_017724,COMPUTER_SCIENCE
PUB_017725,COMPUTER_SCIENCE
PUB_017726,COMPUTER_SCIENCE
PUB_017727,COMPUTER_SCIENCE
PUB_017728,COMPUTER_SCIENCE
PUB_017729,MATERIALS_SCIENCE
PUB_017730,COMPUTER_SCIENCE
PUB_017731,ENGINEERING
PUB_017732,ENGINEERING
PUB_017733,ENGINEERING
PUB_017734,AI_DATA_SCIENCE
PUB_017735,AI_DATA_SCIENCE
PUB_017736,AI_DATA_SCIENCE
PUB_017737,AI_DATA_SCIENCE
PUB_017738,AI_DATA_SCIENCE
PUB_017739,AI_DATA_SCIENCE
PUB_017740,AI_DATA_SCIENCE
PUB_017741,AI_DATA_SCIENCE
PUB_017742,AI_DATA_SCIENCE
PUB_017743,AI_DATA_SCIENCE
PUB_017744,AI_DATA_SCIENCE
PUB_017745,AI_DATA_SCIENCE
PUB_017746,AI_DATA_SCIENCE
PUB_017747,AI_DATA_SCIENCE
PUB_017748,AI_DATA_SCIENCE
PUB_017749,AI_DATA_SCIENCE
PUB_017750,AI_DATA_SCIENCE
PUB_017751,AI_DATA_SCIENCE
PUB_017752,AI_DATA_SCIENCE
PUB_017753,AI_DATA_SCIENCE
PUB_017754,AI_DATA_SCIENCE
PUB_017755,AI_DATA_SCIENCE
PUB_017756,AI_DATA_SCIENCE
PUB_017757,AI_DATA_SCIENCE
PUB_017758,AI_DATA_SCIENCE
PUB_017759,AI_DATA_SCIENCE
PUB_017760,AI_DATA_SCIENCE
PUB_017761,AI_DATA_SCIENCE
PUB_017762,AI_DATA_SCIENCE
PUB_017763,AI_DATA_SCIENCE
PUB_017764,AI_DATA_SCIENCE
PUB_017765,AI_DATA_SCIENCE
PUB_017766,AI_DATA_SCIENCE
PUB_017767,AI_DATA_SCIENCE
PUB_017768,AI_DATA_SCIENCE
PUB_017769,AI_DATA_SCIENCE
PUB_017770,COMPUTER_SCIENCE_ENGINEERING
PUB_017771,COMPUTER_SCIENCE_ENGINEERING
PUB_017772,COMPUTER_SCIENCE_ENGINEERING
PUB_017773,COMPUTER_SCIENCE_ENGINEERING
PUB_017774,COMPUTER_SCIENCE_ENGINEERING
PUB_017775,COMPUTER_SCIENCE_ENGINEERING
PUB_017776,COMPUTER_SCIENCE_ENGINEERING
PUB_017777,COMPUTER_SCIENCE_ENGINEERING
PUB_017778,COMPUTER_SCIENCE_ENGINEERING
PUB_017779,COMPUTER_SCIENCE_ENGINEERING
PUB_017780,COMPUTER_SCIENCE_ENGINEERING
PUB_017781,COMPUTER_SCIENCE_ENGINEERING
PUB_017782,COMPUTER_SCIENCE_ENGINEERING
PUB_017783,COMPUTER_SCIENCE_ENGINEERING
PUB_017784,COMPUTER_SCIENCE_ENGINEERING
PUB_017785,COMPUTER_SCIENCE_ENGINEERING
PUB_017786,COMPUTER_SCIENCE_ENGINEERING
PUB_017787,COMPUTER_SCIENCE_ENGINEERING
PUB_017788,COMPUTER_SCIENCE_ENGINEERING
PUB_017789,COMPUTER_SCIENCE_ENGINEERING
PUB_017790,COMPUTER_SCIENCE_ENGINEERING
PUB_017791,COMPUTER_SCIENCE_ENGINEERING
PUB_017792,COMPUTER_SCIENCE_ENGINEERING
PUB_017793,COMPUTER_SCIENCE_ENGINEERING
PUB_017794,COMPUTER_SCIENCE_ENGINEERING
PUB_017795,COMPUTER_SCIENCE_ENGINEERING
PUB_017796,COMPUTER_SCIENCE_ENGINEERING
PUB_017797,COMPUTER_SCIENCE_ENGINEERING
PUB_017798,COMPUTER_SCIENCE_ENGINEERING
PUB_017799,COMPUTER_SCIENCE_ENGINEERING
PUB_017800,COMPUTER_SCIENCE_ENGINEERING
PUB_017801,COMPUTER_SCIENCE_ENGINEERING
PUB_017802,COMPUTER_SCIENCE_ENGINEERING
PUB_017803,COMPUTER_SCIENCE_ENGINEERING
PUB_017804,COMPUTER_SCIENCE_ENGINEERING
PUB_017805,COMPUTER_SCIENCE_ENGINEERING
PUB_017806,COMPUTER_SCIENCE_ENGINEERING
PUB_017807,COMPUTER_SCIENCE_ENGINEERING
PUB_017808,COMPUTER_SCIENCE_ENGINEERING
PUB_017809,COMPUTER_SCIENCE_ENGINEERING
PUB_017810,COMPUTER_SCIENCE_ENGINEERING
PUB_017811,COMPUTER_SCIENCE_ENGINEERING
PUB_017812,COMPUTER_SCIENCE_ENGINEERING
PUB_017813,COMPUTER_SCIENCE_ENGINEERING
PUB_017814,COMPUTER_SCIENCE_ENGINEERING
PUB_017815,COMPUTER_SCIENCE_ENGINEERING
PUB_017816,COMPUTER_SCIENCE_ENGINEERING
PUB_017817,COMPUTER_SCIENCE_ENGINEERING
PUB_017818,COMPUTER_SCIENCE_ENGINEERING
PUB_017819,COMPUTER_SCIENCE_ENGINEERING
PUB_017820,COMPUTER_SCIENCE_ENGINEERING
PUB_017821,COMPUTER_SCIENCE_ENGINEERING
PUB_017822,COMPUTER_SCIENCE_ENGINEERING
PUB_017823,COMPUTER_SCIENCE_ENGINEERING
PUB_017824,COMPUTER_SCIENCE_ENGINEERING
PUB_017825,COMPUTER_SCIENCE_ENGINEERING
PUB_017826,COMPUTER_SCIENCE_ENGINEERING
PUB_017827,COMPUTER_SCIENCE_ENGINEERING
PUB_017828,COMPUTER_SCIENCE_ENGINEERING
PUB_017829,COMPUTER_SCIENCE_ENGINEERING
PUB_017830,COMPUTER_SCIENCE_ENGINEERING
PUB_017831,COMPUTER_SCIENCE_ENGINEERING
PUB_017832,COMPUTER_SCIENCE_ENGINEERING
PUB_017833,COMPUTER_SCIENCE_ENGINEERING
PUB_017834,COMPUTER_SCIENCE_ENGINEERING
PUB_017835,COMPUTER_SCIENCE_ENGINEERING
PUB_017836,COMPUTER_SCIENCE_ENGINEERING
PUB_017837,COMPUTER_SCIENCE_ENGINEERING
PUB_017838,COMPUTER_SCIENCE_ENGINEERING
PUB_017839,COMPUTER_SCIENCE_ENGINEERING
PUB_017840,COMPUTER_SCIENCE_ENGINEERING
PUB_017841,COMPUTER_SCIENCE_ENGINEERING
PUB_017842,COMPUTER_SCIENCE_ENGINEERING
PUB_017843,COMPUTER_SCIENCE_ENGINEERING
PUB_017844,COMPUTER_SCIENCE_ENGINEERING
PUB_017845,COMPUTER_SCIENCE_ENGINEERING
PUB_017846,COMPUTER_SCIENCE_ENGINEERING
PUB_017847,COMPUTER_SCIENCE_ENGINEERING
PUB_017848,COMPUTER_SCIENCE_ENGINEERING
PUB_017849,COMPUTER_SCIENCE_ENGINEERING
PUB_017850,COMPUTER_SCIENCE_ENGINEERING
PUB_017851,COMPUTER_SCIENCE_ENGINEERING
PUB_017852,COMPUTER_SCIENCE_ENGINEERING
PUB_017853,COMPUTER_SCIENCE_ENGINEERING
PUB_017854,COMPUTER_SCIENCE_ENGINEERING
PUB_017855,COMPUTER_SCIENCE_ENGINEERING
PUB_017856,COMPUTER_SCIENCE_ENGINEERING
PUB_017857,COMPUTER_SCIENCE_ENGINEERING
PUB_017858,COMPUTER_SCIENCE_ENGINEERING
PUB_017859,COMPUTER_SCIENCE_ENGINEERING
PUB_017860,COMPUTER_SCIENCE_ENGINEERING
PUB_017861,COMPUTER_SCIENCE_ENGINEERING
PUB_017862,COMPUTER_SCIENCE_ENGINEERING
PUB_017863,COMPUTER_SCIENCE_ENGINEERING
PUB_017864,COMPUTER_SCIENCE_ENGINEERING
PUB_017865,COMPUTER_SCIENCE_ENGINEERING
PUB_017866,COMPUTER_SCIENCE_ENGINEERING
PUB_017867,COMPUTER_SCIENCE_ENGINEERING
PUB_017868,COMPUTER_SCIENCE_ENGINEERING
PUB_017869,COMPUTER_SCIENCE_ENGINEERING
PUB_017870,COMPUTER_SCIENCE_ENGINEERING
PUB_017871,COMPUTER_SCIENCE_ENGINEERING
PUB_017872,COMPUTER_SCIENCE_ENGINEERING
PUB_017873,COMPUTER_SCIENCE_ENGINEERING
PUB_017874,COMPUTER_SCIENCE_ENGINEERING
PUB_017875,COMPUTER_SCIENCE_ENGINEERING
PUB_017876,COMPUTER_SCIENCE_ENGINEERING
PUB_017877,COMPUTER_SCIENCE_ENGINEERING
PUB_017878,COMPUTER_SCIENCE_ENGINEERING
PUB_017879,COMPUTER_SCIENCE_ENGINEERING
PUB_017880,COMPUTER_SCIENCE_ENGINEERING
PUB_017881,COMPUTER_SCIENCE_ENGINEERING
PUB_017882,COMPUTER_SCIENCE_ENGINEERING
PUB_017883,COMPUTER_SCIENCE_ENGINEERING
PUB_017884,COMPUTER_SCIENCE_ENGINEERING
PUB_017885,COMPUTER_SCIENCE_ENGINEERING
PUB_017886,COMPUTER_SCIENCE_ENGINEERING
PUB_017887,COMPUTER_SCIENCE_ENGINEERING
PUB_017888,COMPUTER_SCIENCE_ENGINEERING
PUB_017889,COMPUTER_SCIENCE_ENGINEERING
PUB_017890,COMPUTER_SCIENCE_ENGINEERING
PUB_017891,COMPUTER_SCIENCE_ENGINEERING
PUB_017892,COMPUTER_SCIENCE_ENGINEERING
PUB_017893,COMPUTER_SCIENCE_ENGINEERING
PUB_017894,COMPUTER_SCIENCE_ENGINEERING
PUB_017895,COMPUTER_SCIENCE_ENGINEERING
PUB_017896,COMPUTER_SCIENCE_ENGINEERING
PUB_017897,COMPUTER_SCIENCE_ENGINEERING
PUB_017898,COMPUTER_SCIENCE_ENGINEERING_AI_AND_ML
PUB_017899,COMPUTER_SCIENCE_ENGINEERING_AI_AND_ML
PUB_017900,COMPUTER_SCIENCE_ENGINEERING_AI_AND_ML
PUB_017901,COMPUTER_SCIENCE_ENGINEERING_AI_AND_ML
PUB_017902,COMPUTER_SCIENCE_ENGINEERING_AI_AND_ML
PUB_017903,COMPUTER_SCIENCE_ENGINEERING_AI_AND_ML
PUB_017904,COMPUTER_SCIENCE_ENGINEERING_AI_AND_ML
PUB_017905,COMPUTER_SCIENCE_ENGINEERING_AI_AND_ML
PUB_017906,COMPUTER_SCIENCE_ENGINEERING_AI_AND_ML
PUB_017907,COMPUTER_SCIENCE_ENGINEERING_AI_AND_ML
PUB_017908,COMPUTER_SCIENCE_ENGINEERING_AI_AND_ML
PUB_017909,COMPUTER_SCIENCE_ENGINEERING_AI_AND_ML
PUB_017910,COMPUTER_SCIENCE_ENGINEERING_AI_AND_ML
PUB_017911,COMPUTER_SCIENCE_ENGINEERING_AI_AND_ML
PUB_017912,COMPUTER_SCIENCE_ENGINEERING_AI_AND_ML
PUB_017913,COMPUTER_SCIENCE_ENGINEERING_AI_AND_ML
PUB_017914,COMPUTER_SCIENCE_ENGINEERING_AI_AND_ML
PUB_017915,COMPUTER_SCIENCE_ENGINEERING_AI_AND_ML
PUB_017916,COMPUTER_SCIENCE_CYBER_SECURITY
PUB_017917,COMPUTER_SCIENCE_CYBER_SECURITY
PUB_017918,COMPUTER_SCIENCE_CYBER_SECURITY
PUB_017919,COMPUTER_SCIENCE_CYBER_SECURITY
PUB_017920,COMPUTER_SCIENCE_CYBER_SECURITY
PUB_017921,COMPUTER_SCIENCE_CYBER_SECURITY
PUB_017922,COMPUTER_SCIENCE_CYBER_SECURITY
PUB_017923,COMPUTER_SCIENCE_CYBER_SECURITY
PUB_017924,COMPUTER_SCIENCE_CYBER_SECURITY
PUB_017925,COMPUTER_SCIENCE_CYBER_SECURITY
PUB_017926,COMPUTER_SCIENCE_CYBER_SECURITY
PUB_017927,ELECTRONICS_COMMUNICATION_ENGINEERING
PUB_017928,ELECTRONICS_COMMUNICATION_ENGINEERING
PUB_017929,ELECTRONICS_COMMUNICATION_ENGINEERING
PUB_017930,ELECTRONICS_COMMUNICATION_ENGINEERING
PUB_017931,ELECTRONICS_COMMUNICATION_ENGINEERING
PUB_017932,ELECTRONICS_COMMUNICATION_ENGINEERING
PUB_017933,ELECTRONICS_COMMUNICATION_ENGINEERING
PUB_017934,ELECTRONICS_COMMUNICATION_ENGINEERING
PUB_017935,ELECTRONICS_COMMUNICATION_ENGINEERING
PUB_017936,ELECTRONICS_COMMUNICATION_ENGINEERING
PUB_017937,ELECTRONICS_COMMUNICATION_ENGINEERING
PUB_017938,ELECTRONICS_COMMUNICATION_ENGINEERING
PUB_017939,ELECTRONICS_COMMUNICATION_ENGINEERING
PUB_017940,ELECTRONICS_COMMUNICATION_ENGINEERING
PUB_017941,ELECTRONICS_COMMUNICATION_ENGINEERING
PUB_017942,ELECTRONICS_COMMUNICATION_ENGINEERING
PUB_017943,ELECTRONICS_COMMUNICATION_ENGINEERING
PUB_017944,ELECTRONICS_COMMUNICATION_ENGINEERING
PUB_017945,ELECTRONICS_COMMUNICATION_ENGINEERING
PUB_017946,ELECTRONICS_COMMUNICATION_ENGINEERING
PUB_017947,ELECTRONICS_COMMUNICATION_ENGINEERING
PUB_017948,ELECTRONICS_COMMUNICATION_ENGINEERING
PUB_017949,ELECTRONICS_COMMUNICATION_ENGINEERING
PUB_017950,ELECTRONICS_COMMUNICATION_ENGINEERING
PUB_017951,ELECTRONICS_COMMUNICATION_ENGINEERING
PUB_017952,ELECTRONICS_COMMUNICATION_ENGINEERING
PUB_017953,ELECTRONICS_COMMUNICATION_ENGINEERING
PUB_017954,ELECTRONICS_COMMUNICATION_ENGINEERING
PUB_017955,PHYSICS
PUB_017956,PHYSICS
PUB_017957,PHYSICS
PUB_017958,PHYSICS
PUB_017959,PHYSICS
PUB_017960,PHYSICS
PUB_017961,PHYSICS
PUB_017962,PHYSICS
PUB_017963,PHYSICS
PUB_017964,PHYSICS
PUB_017965,PHYSICS
PUB_017966,PHYSICS
PUB_017967,PHYSICS
PUB_017968,PHYSICS
PUB_017969,PHYSICS
PUB_017970,PHYSICS
PUB_017971,PHYSICS
PUB_017972,PHYSICS
PUB_017973,PHYSICS
PUB_017974,PHYSICS
PUB_017975,PHYSICS
PUB_017976,PHYSICS
PUB_017977,PHYSICS
PUB_017978,PHYSICS
PUB_017979,PHYSICS
PUB_017980,PHYSICS
PUB_017981,PHYSICS
PUB_017982,PHYSICS
PUB_017983,PHYSICS
PUB_017984,PHYSICS
PUB_017985,PHYSICS
PUB_017986,PHYSICS
PUB_017987,PHYSICS
PUB_017988,PHYSICS
PUB_017989,PHYSICS
PUB_017990,PHYSICS
PUB_017991,PHYSICS
PUB_017992,PHYSICS
PUB_017993,PHYSICS
PUB_017994,PHYSICS
PUB_017995,PHYSICS
PUB_017996,PHYSICS
PUB_017997,PHYSICS
PUB_017998,PHYSICS
PUB_017999,PHYSICS
PUB_018000,PHYSICS
PUB_018001,PHYSICS
PUB_018002,PHYSICS
PUB_018003,PHYSICS
PUB_018004,PHYSICS
PUB_018005,PHYSICS
PUB_018006,PHYSICS
PUB_018007,PHYSICS
PUB_018008,MATHEMATICS
PUB_018009,MATHEMATICS
PUB_018010,MATHEMATICS
PUB_018011,MATHEMATICS
PUB_018012,MATHEMATICS
PUB_018013,MATHEMATICS
PUB_018014,MATHEMATICS
PUB_018015,MATHEMATICS
PUB_018016,MATHEMATICS
PUB_018017,MATHEMATICS
PUB_018018,MATHEMATICS
PUB_018019,MATHEMATICS
PUB_018020,MATHEMATICS
PUB_018021,MATHEMATICS
PUB_018022,MATHEMATICS
PUB_018023,MATHEMATICS
PUB_018024,MATHEMATICS
PUB_018025,MATHEMATICS
PUB_018026,MATHEMATICS
PUB_018027,MATHEMATICS
PUB_018028,MATHEMATICS
PUB_018029,MATHEMATICS
PUB_018030,MATHEMATICS
PUB_018031,MATHEMATICS
PUB_018032,MATHEMATICS
PUB_018033,MATHEMATICS
PUB_018034,MATHEMATICS
PUB_018035,MATHEMATICS
PUB_018036,MATHEMATICS
PUB_018037,MATHEMATICS
PUB_018038,MATHEMATICS
PUB_018039,MATHEMATICS
PUB_018040,MATHEMATICS
PUB_018041,MATHEMATICS
PUB_018042,MATHEMATICS
PUB_018043,MATHEMATICS
PUB_018044,MATHEMATICS
PUB_018045,MATHEMATICS
PUB_018046,MATHEMATICS
PUB_018047,MATHEMATICS
PUB_018048,MATHEMATICS
PUB_018049,MATHEMATICS
PUB_018050,MATHEMATICS
PUB_018051,MATHEMATICS
PUB_018052,MATHEMATICS
PUB_018053,MATHEMATICS
PUB_018054,MATHEMATICS
PUB_018055,MATHEMATICS
PUB_018056,MATHEMATICS
PUB_018057,MATHEMATICS
PUB_018058,MATHEMATICS
PUB_018059,MATHEMATICS
PUB_018060,MATHEMATICS
PUB_018061,MATHEMATICS
PUB_018062,MATHEMATICS
PUB_018063,MATHEMATICS
PUB_018064,MATHEMATICS
PUB_018065,MATHEMATICS
PUB_018066,MATHEMATICS
PUB_018067,MATHEMATICS
PUB_018068,MATHEMATICS
PUB_018069,MATHEMATICS
PUB_018070,MATHEMATICS
PUB_018071,MATHEMATICS
PUB_018072,MATHEMATICS
PUB_018073,MATHEMATICS
PUB_018074,MATHEMATICS
PUB_018075,MATHEMATICS
PUB_018076,MATHEMATICS
PUB_018077,MATHEMATICS
PUB_018078,MATHEMATICS
PUB_018079,MATHEMATICS
PUB_018080,MATHEMATICS
PUB_018081,MATHEMATICS
PUB_018082,MATHEMATICS
PUB_018083,MATHEMATICS
PUB_018084,MATHEMATICS
PUB_018085,MATHEMATICS
PUB_018086,MATHEMATICS
PUB_018087,MATHEMATICS
PUB_018088,MATHEMATICS
PUB_018089,MATHEMATICS
PUB_018090,MATHEMATICS
PUB_018091,MATHEMATICS
PUB_018092,MATHEMATICS
PUB_018093,MATHEMATICS
PUB_018094,MATHEMATICS
PUB_018095,MATHEMATICS
PUB_018096,MATHEMATICS
PUB_018097,MATHEMATICS
PUB_018098,MATHEMATICS
PUB_018099,MATHEMATICS
PUB_018100,MATHEMATICS
PUB_018101,MATHEMATICS
PUB_018102,MATHEMATICS
PUB_018103,MATHEMATICS
PUB_018104,MATHEMATICS
PUB_018105,MATHEMATICS
PUB_018106,MATHEMATICS
PUB_018107,MATHEMATICS
PUB_018108,MATHEMATICS
PUB_018109,MATHEMATICS
PUB_018110,MATHEMATICS
PUB_018111,MATHEMATICS
PUB_018112,MATHEMATICS
PUB_018113,MATHEMATICS
PUB_018114,MATHEMATICS
PUB_018115,MATHEMATICS
PUB_018116,MATHEMATICS
PUB_018117,MATHEMATICS
PUB_018118,MATHEMATICS
PUB_018119,MATHEMATICS
PUB_018120,MATHEMATICS
PUB_018121,MATHEMATICS
PUB_018122,MATHEMATICS
PUB_018123,MATHEMATICS
PUB_018124,MATHEMATICS
PUB_018125,MATHEMATICS
PUB_018126,MATHEMATICS
PUB_018127,MATHEMATICS
PUB_018128,MATHEMATICS
PUB_018129,MATHEMATICS
PUB_018130,MATHEMATICS
PUB_018131,MATHEMATICS
PUB_018132,MATHEMATICS
PUB_018133,MATHEMATICS
PUB_018134,MATHEMATICS
PUB_018135,MATHEMATICS
PUB_018136,MATHEMATICS
PUB_018137,MATHEMATICS
PUB_018138,MATHEMATICS
PUB_018139,MATHEMATICS
PUB_018140,MATHEMATICS
PUB_018141,MATHEMATICS
PUB_018142,MATHEMATICS
PUB_018143,MATHEMATICS
PUB_018144,MATHEMATICS
PUB_018145,MATHEMATICS
PUB_018146,MATHEMATICS
PUB_018147,MATHEMATICS
PUB_018148,MATHEMATICS
PUB_018149,MATHEMATICS
PUB_018150,MATHEMATICS
PUB_018151,MATHEMATICS
PUB_018152,MATHEMATICS
PUB_018153,MATHEMATICS
PUB_018154,MATHEMATICS
PUB_018155,MATHEMATICS
PUB_018156,MATHEMATICS
PUB_018157,MATHEMATICS
PUB_018158,MATHEMATICS
PUB_018159,MATHEMATICS
PUB_018160,MATHEMATICS
PUB_018161,MATHEMATICS
PUB_018162,MATHEMATICS
PUB_018163,MATHEMATICS
PUB_018164,MATHEMATICS
PUB_018165,COMPUTER_SCIENCES_AND_INFORMATION_TECHNOLOGY
PUB_018166,COMPUTER_SCIENCES_AND_INFORMATION_TECHNOLOGY
PUB_018167,COMPUTER_SCIENCES_AND_INFORMATION_TECHNOLOGY
PUB_018168,COMPUTER_SCIENCES_AND_INFORMATION_TECHNOLOGY
PUB_018169,COMPUTER_SCIENCES_AND_INFORMATION_TECHNOLOGY
PUB_018170,COMPUTER_SCIENCES_AND_INFORMATION_TECHNOLOGY
PUB_018171,COMPUTER_SCIENCES_AND_INFORMATION_TECHNOLOGY
PUB_018172,COMPUTER_SCIENCES_AND_INFORMATION_TECHNOLOGY
PUB_018173,COMPUTER_SCIENCES_AND_INFORMATION_TECHNOLOGY
PUB_018174,COMPUTER_SCIENCES_AND_INFORMATION_TECHNOLOGY
PUB_018175,COMPUTER_SCIENCES_AND_INFORMATION_TECHNOLOGY
PUB_018176,COMPUTER_SCIENCES_AND_INFORMATION_TECHNOLOGY
PUB_018177,COMPUTER_SCIENCES_AND_INFORMATION_TECHNOLOGY
PUB_018178,COMPUTER_SCIENCES_AND_INFORMATION_TECHNOLOGY
PUB_018179,COMPUTER_SCIENCES_AND_INFORMATION_TECHNOLOGY
PUB_018180,COMPUTER_SCIENCES_AND_INFORMATION_TECHNOLOGY
PUB_018181,COMPUTER_SCIENCES_AND_INFORMATION_TECHNOLOGY
PUB_018182,COMPUTER_SCIENCES_AND_INFORMATION_TECHNOLOGY
PUB_018183,COMPUTER_SCIENCES_AND_INFORMATION_TECHNOLOGY
PUB_018184,COMPUTER_SCIENCES_AND_INFORMATION_TECHNOLOGY
PUB_018185,COMPUTER_SCIENCES_AND_INFORMATION_TECHNOLOGY
PUB_018186,COMPUTER_SCIENCES_AND_INFORMATION_TECHNOLOGY
PUB_018187,COMPUTER_SCIENCES_AND_INFORMATION_TECHNOLOGY
PUB_018188,COMPUTER_SCIENCES_AND_INFORMATION_TECHNOLOGY
PUB_018189,COMPUTER_SCIENCES_AND_INFORMATION_TECHNOLOGY
PUB_018190,COMPUTER_SCIENCES_AND_INFORMATION_TECHNOLOGY
PUB_018191,COMPUTER_SCIENCES_AND_INFORMATION_TECHNOLOGY
PUB_018192,COMPUTER_SCIENCES_AND_INFORMATION_TECHNOLOGY
PUB_018193,COMPUTER_SCIENCES_AND_INFORMATION_TECHNOLOGY
PUB_018194,COMPUTER_SCIENCES_AND_INFORMATION_TECHNOLOGY
PUB_018195,COMPUTER_SCIENCES_AND_INFORMATION_TECHNOLOGY
PUB_018196,COMPUTER_SCIENCES_AND_INFORMATION_TECHNOLOGY
PUB_018197,COMPUTER_SCIENCES_AND_INFORMATION_TECHNOLOGY
PUB_018198,COMPUTER_SCIENCES_AND_INFORMATION_TECHNOLOGY
PUB_018199,COMPUTER_SCIENCES_AND_INFORMATION_TECHNOLOGY
PUB_018200,COMPUTER_SCIENCES_AND_INFORMATION_TECHNOLOGY
PUB_018201,COMPUTER_SCIENCES_AND_INFORMATION_TECHNOLOGY
PUB_018202,COMPUTER_SCIENCES_AND_INFORMATION_TECHNOLOGY
PUB_018203,COMPUTER_SCIENCES_AND_INFORMATION_TECHNOLOGY
PUB_018204,COMPUTER_SCIENCES_AND_INFORMATION_TECHNOLOGY
PUB_018205,COMPUTER_SCIENCES_AND_INFORMATION_TECHNOLOGY
PUB_018206,COMPUTER_SCIENCES_AND_INFORMATION_TECHNOLOGY
PUB_018207,COMPUTER_SCIENCES_AND_INFORMATION_TECHNOLOGY
PUB_018208,COMPUTER_SCIENCES_AND_INFORMATION_TECHNOLOGY
PUB_018209,COMPUTER_SCIENCES_AND_INFORMATION_TECHNOLOGY
PUB_018210,COMPUTER_SCIENCES_AND_INFORMATION_TECHNOLOGY
PUB_018211,COMPUTER_SCIENCES_AND_INFORMATION_TECHNOLOGY
PUB_018212,COMPUTER_SCIENCES_AND_INFORMATION_TECHNOLOGY
PUB_018213,COMPUTER_SCIENCES_AND_INFORMATION_TECHNOLOGY
PUB_018214,COMPUTER_SCIENCES_AND_INFORMATION_TECHNOLOGY
PUB_018215,COMPUTER_SCIENCES_AND_INFORMATION_TECHNOLOGY
PUB_018216,COMPUTER_SCIENCES_AND_INFORMATION_TECHNOLOGY
PUB_018217,COMPUTER_SCIENCES_AND_INFORMATION_TECHNOLOGY
PUB_018218,COMPUTER_SCIENCES_AND_INFORMATION_TECHNOLOGY
PUB_018219,COMPUTER_SCIENCES_AND_INFORMATION_TECHNOLOGY
PUB_018220,COMPUTER_SCIENCES_AND_INFORMATION_TECHNOLOGY
PUB_018221,COMPUTER_SCIENCES_AND_INFORMATION_TECHNOLOGY
PUB_018222,COMPUTER_SCIENCES_AND_INFORMATION_TECHNOLOGY
PUB_018223,COMPUTER_SCIENCES_AND_INFORMATION_TECHNOLOGY
PUB_018224,COMPUTER_SCIENCES_AND_INFORMATION_TECHNOLOGY
PUB_018225,COMPUTER_SCIENCES_AND_INFORMATION_TECHNOLOGY
PUB_018226,COMPUTER_SCIENCES_AND_INFORMATION_TECHNOLOGY
PUB_018227,COMPUTER_SCIENCES_AND_INFORMATION_TECHNOLOGY
PUB_018228,COMPUTER_SCIENCES_AND_INFORMATION_TECHNOLOGY
PUB_018229,COMPUTER_SCIENCES_AND_INFORMATION_TECHNOLOGY
PUB_018230,COMPUTER_SCIENCES_AND_INFORMATION_TECHNOLOGY
PUB_018231,COMPUTER_SCIENCES_AND_INFORMATION_TECHNOLOGY
PUB_018232,COMPUTER_SCIENCES_AND_INFORMATION_TECHNOLOGY
PUB_018233,COMPUTER_SCIENCES_AND_INFORMATION_TECHNOLOGY
PUB_018234,COMPUTER_SCIENCES_AND_INFORMATION_TECHNOLOGY
PUB_018235,COMPUTER_SCIENCES_AND_INFORMATION_TECHNOLOGY
PUB_018236,COMPUTER_SCIENCES_AND_INFORMATION_TECHNOLOGY
PUB_018237,COMPUTER_SCIENCES_AND_INFORMATION_TECHNOLOGY
PUB_018238,COMPUTER_SCIENCES_AND_INFORMATION_TECHNOLOGY
PUB_018239,COMPUTER_SCIENCES_AND_INFORMATION_TECHNOLOGY
PUB_018240,COMPUTER_SCIENCES_AND_INFORMATION_TECHNOLOGY
PUB_018241,COMPUTER_SCIENCES_AND_INFORMATION_TECHNOLOGY
PUB_018242,COMPUTER_SCIENCES_AND_INFORMATION_TECHNOLOGY
PUB_018243,COMPUTER_SCIENCES_AND_INFORMATION_TECHNOLOGY
PUB_018244,COMPUTER_SCIENCES_AND_INFORMATION_TECHNOLOGY
PUB_018245,COMPUTER_SCIENCES_AND_INFORMATION_TECHNOLOGY
PUB_018246,COMPUTER_SCIENCES_AND_INFORMATION_TECHNOLOGY
PUB_018247,COMPUTER_SCIENCES_AND_INFORMATION_TECHNOLOGY
PUB_018248,COMPUTER_SCIENCES_AND_INFORMATION_TECHNOLOGY
PUB_018249,COMPUTER_SCIENCES_AND_INFORMATION_TECHNOLOGY
PUB_018250,COMPUTER_SCIENCES_AND_INFORMATION_TECHNOLOGY
PUB_018251,COMPUTER_SCIENCES_AND_INFORMATION_TECHNOLOGY
PUB_018252,COMPUTER_SCIENCES_AND_INFORMATION_TECHNOLOGY
PUB_018253,COMPUTER_SCIENCES_AND_INFORMATION_TECHNOLOGY
PUB_018254,COMPUTER_SCIENCES_AND_INFORMATION_TECHNOLOGY
PUB_018255,COMPUTER_SCIENCES_AND_INFORMATION_TECHNOLOGY
PUB_018256,COMPUTER_SCIENCES_AND_INFORMATION_TECHNOLOGY
PUB_018257,COMPUTER_SCIENCES_AND_INFORMATION_TECHNOLOGY
PUB_018258,COMPUTER_SCIENCES_AND_INFORMATION_TECHNOLOGY
PUB_018259,COMPUTER_SCIENCES_AND_INFORMATION_TECHNOLOGY
PUB_018260,COMPUTER_SCIENCES_AND_INFORMATION_TECHNOLOGY
PUB_018261,COMPUTER_SCIENCES_AND_INFORMATION_TECHNOLOGY
PUB_018262,COMPUTER_SCIENCES_AND_INFORMATION_TECHNOLOGY
PUB_018263,COMPUTER_SCIENCES_AND_INFORMATION_TECHNOLOGY
PUB_018264,COMPUTER_SCIENCES_AND_INFORMATION_TECHNOLOGY
PUB_018265,COMPUTER_SCIENCES_AND_INFORMATION_TECHNOLOGY
PUB_018266,COMPUTER_SCIENCES_AND_INFORMATION_TECHNOLOGY
PUB_018267,COMPUTER_SCIENCES_AND_INFORMATION_TECHNOLOGY
PUB_018268,COMPUTER_SCIENCES_AND_INFORMATION_TECHNOLOGY
PUB_018269,COMPUTER_SCIENCES_AND_INFORMATION_TECHNOLOGY
PUB_018270,COMPUTER_SCIENCES_AND_INFORMATION_TECHNOLOGY
PUB_018271,COMPUTER_SCIENCES_AND_INFORMATION_TECHNOLOGY
PUB_018272,COMPUTER_SCIENCES_AND_INFORMATION_TECHNOLOGY
PUB_018273,COMPUTER_SCIENCES_AND_INFORMATION_TECHNOLOGY
PUB_018274,COMPUTER_SCIENCES_AND_INFORMATION_TECHNOLOGY
PUB_018275,COMPUTER_SCIENCES_AND_INFORMATION_TECHNOLOGY
PUB_018276,COMPUTER_SCIENCES_AND_INFORMATION_TECHNOLOGY
PUB_018277,COMPUTER_SCIENCES_AND_INFORMATION_TECHNOLOGY
PUB_018278,COMPUTER_SCIENCES_AND_INFORMATION_TECHNOLOGY
PUB_018279,COMPUTER_SCIENCES_AND_INFORMATION_TECHNOLOGY
PUB_018280,COMPUTER_SCIENCES_AND_INFORMATION_TECHNOLOGY
PUB_018281,COMPUTER_SCIENCES_AND_INFORMATION_TECHNOLOGY
PUB_018282,COMPUTER_SCIENCES_AND_INFORMATION_TECHNOLOGY
PUB_018283,COMPUTER_SCIENCES_AND_INFORMATION_TECHNOLOGY
PUB_018284,COMPUTER_SCIENCES_AND_INFORMATION_TECHNOLOGY
PUB_018285,COMPUTER_SCIENCES_AND_INFORMATION_TECHNOLOGY
PUB_018286,COMPUTER_SCIENCES_AND_INFORMATION_TECHNOLOGY
PUB_018287,COMPUTER_SCIENCES_AND_INFORMATION_TECHNOLOGY
PUB_018288,COMPUTER_SCIENCES_AND_INFORMATION_TECHNOLOGY
PUB_018289,COMPUTER_SCIENCES_AND_INFORMATION_TECHNOLOGY
PUB_018290,COMPUTER_SCIENCES_AND_INFORMATION_TECHNOLOGY
PUB_018291,COMPUTER_SCIENCES_AND_INFORMATION_TECHNOLOGY
PUB_018292,COMPUTER_SCIENCES_AND_INFORMATION_TECHNOLOGY
PUB_018293,COMPUTER_SCIENCES_AND_INFORMATION_TECHNOLOGY
PUB_018294,COMPUTER_SCIENCES_AND_INFORMATION_TECHNOLOGY
PUB_018295,COMPUTER_SCIENCES_AND_INFORMATION_TECHNOLOGY
PUB_018296,COMPUTER_SCIENCES_AND_INFORMATION_TECHNOLOGY
PUB_018297,COMPUTER_SCIENCES_AND_INFORMATION_TECHNOLOGY
PUB_018298,COMPUTER_SCIENCES_AND_INFORMATION_TECHNOLOGY
PUB_018299,COMPUTER_SCIENCES_AND_INFORMATION_TECHNOLOGY
PUB_018300,COMPUTER_SCIENCES_AND_INFORMATION_TECHNOLOGY
PUB_018301,COMPUTER_SCIENCES_AND_INFORMATION_TECHNOLOGY
PUB_018302,COMPUTER_SCIENCES_AND_INFORMATION_TECHNOLOGY
PUB_018303,COMPUTER_SCIENCES_AND_INFORMATION_TECHNOLOGY
PUB_018304,COMPUTER_SCIENCES_AND_INFORMATION_TECHNOLOGY
PUB_018305,COMPUTER_SCIENCES_AND_INFORMATION_TECHNOLOGY
PUB_018306,COMPUTER_SCIENCES_AND_INFORMATION_TECHNOLOGY
PUB_018307,COMPUTER_SCIENCES_AND_INFORMATION_TECHNOLOGY
PUB_018308,COMPUTER_SCIENCES_AND_INFORMATION_TECHNOLOGY
PUB_018309,COMPUTER_SCIENCES_AND_INFORMATION_TECHNOLOGY
PUB_018310,COMPUTER_SCIENCES_AND_INFORMATION_TECHNOLOGY
PUB_018311,COMPUTER_SCIENCES_AND_INFORMATION_TECHNOLOGY
PUB_018312,COMPUTER_SCIENCES_AND_INFORMATION_TECHNOLOGY
PUB_018313,COMPUTER_SCIENCES_AND_INFORMATION_TECHNOLOGY
PUB_018314,COMPUTER_SCIENCES_AND_INFORMATION_TECHNOLOGY
PUB_018315,COMPUTER_SCIENCES_AND_INFORMATION_TECHNOLOGY
PUB_018316,COMPUTER_SCIENCES_AND_INFORMATION_TECHNOLOGY
PUB_018317,COMPUTER_SCIENCES_AND_INFORMATION_TECHNOLOGY
PUB_018318,COMPUTER_SCIENCES_AND_INFORMATION_TECHNOLOGY
PUB_018319,COMPUTER_SCIENCES_AND_INFORMATION_TECHNOLOGY
PUB_018320,COMPUTER_SCIENCES_AND_INFORMATION_TECHNOLOGY
PUB_018321,COMPUTER_SCIENCES_AND_INFORMATION_TECHNOLOGY
PUB_018322,COMPUTER_SCIENCES_AND_INFORMATION_TECHNOLOGY
PUB_018323,COMPUTER_SCIENCES_AND_INFORMATION_TECHNOLOGY
PUB_018324,COMPUTER_SCIENCES_AND_INFORMATION_TECHNOLOGY
PUB_018325,COMPUTER_SCIENCES_AND_INFORMATION_TECHNOLOGY
PUB_018326,COMPUTER_SCIENCES_AND_INFORMATION_TECHNOLOGY
PUB_018327,COMPUTER_SCIENCES_AND_INFORMATION_TECHNOLOGY
PUB_018328,COMPUTER_SCIENCES_AND_INFORMATION_TECHNOLOGY
PUB_018329,COMPUTER_SCIENCES_AND_INFORMATION_TECHNOLOGY
PUB_018330,COMPUTER_SCIENCES_AND_INFORMATION_TECHNOLOGY
PUB_018331,COMPUTER_SCIENCES_AND_INFORMATION_TECHNOLOGY
PUB_018332,COMPUTER_SCIENCES_AND_INFORMATION_TECHNOLOGY
PUB_018333,COMPUTER_SCIENCES_AND_INFORMATION_TECHNOLOGY
PUB_018334,COMPUTER_SCIENCES_AND_INFORMATION_TECHNOLOGY
PUB_018335,COMPUTER_SCIENCES_AND_INFORMATION_TECHNOLOGY
PUB_018336,COMPUTER_SCIENCES_AND_INFORMATION_TECHNOLOGY
PUB_018337,COMPUTER_SCIENCES_AND_INFORMATION_TECHNOLOGY
PUB_018338,COMPUTER_SCIENCES_AND_INFORMATION_TECHNOLOGY
PUB_018339,COMPUTER_SCIENCES_AND_INFORMATION_TECHNOLOGY
PUB_018340,COMPUTER_SCIENCES_AND_INFORMATION_TECHNOLOGY
PUB_018341,COMPUTER_SCIENCES_AND_INFORMATION_TECHNOLOGY
PUB_018342,COMPUTER_SCIENCES_AND_INFORMATION_TECHNOLOGY
PUB_018343,COMPUTER_SCIENCES_AND_INFORMATION_TECHNOLOGY
PUB_018344,COMPUTER_SCIENCES_AND_INFORMATION_TECHNOLOGY
PUB_018345,COMPUTER_SCIENCES_AND_INFORMATION_TECHNOLOGY
PUB_018346,COMPUTER_SCIENCES_AND_INFORMATION_TECHNOLOGY
PUB_018347,COMPUTER_SCIENCES_AND_INFORMATION_TECHNOLOGY
PUB_018348,COMPUTER_SCIENCES_AND_INFORMATION_TECHNOLOGY
PUB_018349,COMPUTER_SCIENCES_AND_INFORMATION_TECHNOLOGY
PUB_018350,COMPUTER_SCIENCES_AND_INFORMATION_TECHNOLOGY
PUB_018351,COMPUTER_SCIENCES_AND_INFORMATION_TECHNOLOGY
PUB_018352,COMPUTER_SCIENCES_AND_INFORMATION_TECHNOLOGY
PUB_018353,COMPUTER_SCIENCES_AND_INFORMATION_TECHNOLOGY
PUB_018354,COMPUTER_SCIENCES_AND_INFORMATION_TECHNOLOGY
PUB_018355,COMPUTER_SCIENCES_AND_INFORMATION_TECHNOLOGY
PUB_018356,COMPUTER_SCIENCES_AND_INFORMATION_TECHNOLOGY
PUB_018357,COMPUTER_SCIENCES_AND_INFORMATION_TECHNOLOGY
PUB_018358,COMPUTER_SCIENCES_AND_INFORMATION_TECHNOLOGY
PUB_018359,COMPUTER_SCIENCES_AND_INFORMATION_TECHNOLOGY
PUB_018360,COMPUTER_SCIENCES_AND_INFORMATION_TECHNOLOGY
PUB_018361,COMPUTER_SCIENCES_AND_INFORMATION_TECHNOLOGY
PUB_018362,COMPUTER_SCIENCES_AND_INFORMATION_TECHNOLOGY
PUB_018363,COMPUTER_SCIENCES_AND_INFORMATION_TECHNOLOGY
PUB_018364,COMPUTER_SCIENCES_AND_INFORMATION_TECHNOLOGY
PUB_018365,COMPUTER_SCIENCES_AND_INFORMATION_TECHNOLOGY
PUB_018366,COMPUTER_SCIENCES_AND_INFORMATION_TECHNOLOGY
PUB_018367,COMPUTER_SCIENCES_AND_INFORMATION_TECHNOLOGY
PUB_018368,COMPUTER_SCIENCES_AND_INFORMATION_TECHNOLOGY
PUB_018369,COMPUTER_SCIENCES_AND_INFORMATION_TECHNOLOGY
PUB_018370,COMPUTER_SCIENCES_AND_INFORMATION_TECHNOLOGY
PUB_018371,COMPUTER_SCIENCES_AND_INFORMATION_TECHNOLOGY
PUB_018372,COMPUTER_SCIENCES_AND_INFORMATION_TECHNOLOGY
PUB_018373,COMPUTER_SCIENCES_AND_INFORMATION_TECHNOLOGY
PUB_018374,COMPUTER_SCIENCES_AND_INFORMATION_TECHNOLOGY
PUB_018375,COMPUTER_SCIENCES_AND_INFORMATION_TECHNOLOGY
PUB_018376,COMPUTER_SCIENCES_AND_INFORMATION_TECHNOLOGY
PUB_018377,COMPUTER_SCIENCES_AND_INFORMATION_TECHNOLOGY
PUB_018378,COMPUTER_SCIENCES_AND_INFORMATION_TECHNOLOGY
PUB_018379,COMPUTER_SCIENCES_AND_INFORMATION_TECHNOLOGY
PUB_018380,COMPUTER_SCIENCES_AND_INFORMATION_TECHNOLOGY
PUB_018381,COMPUTER_SCIENCES_AND_INFORMATION_TECHNOLOGY
PUB_018382,COMPUTER_SCIENCES_AND_INFORMATION_TECHNOLOGY
PUB_018383,COMPUTER_SCIENCES_AND_INFORMATION_TECHNOLOGY
PUB_018384,COMPUTER_SCIENCES_AND_INFORMATION_TECHNOLOGY
PUB_018385,COMPUTER_SCIENCES_AND_INFORMATION_TECHNOLOGY
PUB_018386,COMPUTER_SCIENCES_AND_INFORMATION_TECHNOLOGY
PUB_018387,COMPUTER_SCIENCES_AND_INFORMATION_TECHNOLOGY
PUB_018388,COMPUTER_SCIENCES_AND_INFORMATION_TECHNOLOGY
PUB_018389,COMPUTER_SCIENCES_AND_INFORMATION_TECHNOLOGY
PUB_018390,COMPUTER_SCIENCES_AND_INFORMATION_TECHNOLOGY
PUB_018391,COMPUTER_SCIENCES_AND_INFORMATION_TECHNOLOGY
PUB_018392,COMPUTER_SCIENCES_AND_INFORMATION_TECHNOLOGY
PUB_018393,COMPUTER_SCIENCES_AND_INFORMATION_TECHNOLOGY
PUB_018394,COMPUTER_SCIENCES_AND_INFORMATION_TECHNOLOGY
PUB_018395,COMPUTER_SCIENCES_AND_INFORMATION_TECHNOLOGY
PUB_018396,COMPUTER_SCIENCES_AND_INFORMATION_TECHNOLOGY
PUB_018397,COMPUTER_SCIENCES_AND_INFORMATION_TECHNOLOGY
PUB_018398,COMPUTER_SCIENCES_AND_INFORMATION_TECHNOLOGY
PUB_018399,COMPUTER_SCIENCES_AND_INFORMATION_TECHNOLOGY
PUB_018400,COMPUTER_SCIENCES_AND_INFORMATION_TECHNOLOGY
PUB_018401,COMPUTER_SCIENCES_AND_INFORMATION_TECHNOLOGY
PUB_018402,COMPUTER_SCIENCES_AND_INFORMATION_TECHNOLOGY
PUB_018403,COMPUTER_SCIENCES_AND_INFORMATION_TECHNOLOGY
PUB_018404,COMPUTER_SCIENCES_AND_INFORMATION_TECHNOLOGY
PUB_018405,COMPUTER_SCIENCES_AND_INFORMATION_TECHNOLOGY
PUB_018406,COMPUTER_SCIENCES_AND_INFORMATION_TECHNOLOGY
PUB_018407,COMPUTER_SCIENCES_AND_INFORMATION_TECHNOLOGY
PUB_018408,COMPUTER_SCIENCES_AND_INFORMATION_TECHNOLOGY
PUB_018409,COMPUTER_SCIENCES_AND_INFORMATION_TECHNOLOGY
PUB_018410,COMPUTER_SCIENCES_AND_INFORMATION_TECHNOLOGY
PUB_018411,COMPUTER_SCIENCES_AND_INFORMATION_TECHNOLOGY
PUB_018412,COMPUTER_SCIENCES_AND_INFORMATION_TECHNOLOGY
PUB_018413,COMPUTER_SCIENCES_AND_INFORMATION_TECHNOLOGY
PUB_018414,COMPUTER_SCIENCES_AND_INFORMATION_TECHNOLOGY
PUB_018415,COMPUTER_SCIENCES_AND_INFORMATION_TECHNOLOGY
PUB_018416,COMPUTER_SCIENCES_AND_INFORMATION_TECHNOLOGY
PUB_018417,COMPUTER_SCIENCES_AND_INFORMATION_TECHNOLOGY
PUB_018418,COMPUTER_SCIENCES_AND_INFORMATION_TECHNOLOGY
PUB_018419,COMPUTER_SCIENCES_AND_INFORMATION_TECHNOLOGY
PUB_018420,COMPUTER_SCIENCES_AND_INFORMATION_TECHNOLOGY
PUB_018421,COMPUTER_SCIENCES_AND_INFORMATION_TECHNOLOGY
PUB_018422,COMPUTER_SCIENCES_AND_INFORMATION_TECHNOLOGY
PUB_018423,COMPUTER_SCIENCES_AND_INFORMATION_TECHNOLOGY
PUB_018424,COMPUTER_SCIENCES_AND_INFORMATION_TECHNOLOGY
PUB_018425,COMPUTER_SCIENCES_AND_INFORMATION_TECHNOLOGY
PUB_018426,COMPUTER_SCIENCES_AND_INFORMATION_TECHNOLOGY
PUB_018427,COMPUTER_SCIENCES_AND_INFORMATION_TECHNOLOGY
PUB_018428,COMPUTER_SCIENCES_AND_INFORMATION_TECHNOLOGY
PUB_018429,COMPUTER_SCIENCES_AND_INFORMATION_TECHNOLOGY
PUB_018430,COMPUTER_SCIENCES_AND_INFORMATION_TECHNOLOGY
PUB_018431,COMPUTER_SCIENCES_AND_INFORMATION_TECHNOLOGY
PUB_018432,COMPUTER_SCIENCES_AND_INFORMATION_TECHNOLOGY
PUB_018433,COMPUTER_SCIENCES_AND_INFORMATION_TECHNOLOGY
PUB_018434,COMPUTER_SCIENCES_AND_INFORMATION_TECHNOLOGY
PUB_018435,COMPUTER_SCIENCES_AND_INFORMATION_TECHNOLOGY
PUB_018436,COMPUTER_SCIENCES_AND_INFORMATION_TECHNOLOGY
PUB_018437,COMPUTER_SCIENCES_AND_INFORMATION_TECHNOLOGY
PUB_018438,COMPUTER_SCIENCES_AND_INFORMATION_TECHNOLOGY
PUB_018439,COMPUTER_SCIENCES_AND_INFORMATION_TECHNOLOGY
PUB_018440,COMPUTER_SCIENCES_AND_INFORMATION_TECHNOLOGY
PUB_018441,COMPUTER_SCIENCES_AND_INFORMATION_TECHNOLOGY
PUB_018442,COMPUTER_SCIENCES_AND_INFORMATION_TECHNOLOGY
PUB_018443,COMPUTER_SCIENCES_AND_INFORMATION_TECHNOLOGY
PUB_018444,COMPUTER_SCIENCES_AND_INFORMATION_TECHNOLOGY
PUB_018445,COMPUTER_SCIENCES_AND_INFORMATION_TECHNOLOGY
PUB_018446,COMPUTER_SCIENCES_AND_INFORMATION_TECHNOLOGY
PUB_018447,COMPUTER_SCIENCES_AND_INFORMATION_TECHNOLOGY
PUB_018448,COMPUTER_SCIENCES_AND_INFORMATION_TECHNOLOGY
PUB_018449,COMPUTER_SCIENCES_AND_INFORMATION_TECHNOLOGY
PUB_018450,COMPUTER_SCIENCES_AND_INFORMATION_TECHNOLOGY
PUB_018451,COMPUTER_SCIENCES_AND_INFORMATION_TECHNOLOGY
PUB_018452,COMPUTER_SCIENCES_AND_INFORMATION_TECHNOLOGY
PUB_018453,COMPUTER_SCIENCES_AND_INFORMATION_TECHNOLOGY
PUB_018454,COMPUTER_SCIENCES_AND_INFORMATION_TECHNOLOGY
PUB_018455,COMPUTER_SCIENCES_AND_INFORMATION_TECHNOLOGY
PUB_018456,COMPUTER_SCIENCES_AND_INFORMATION_TECHNOLOGY
PUB_018457,COMPUTER_SCIENCES_AND_INFORMATION_TECHNOLOGY
PUB_018458,COMPUTER_SCIENCES_AND_INFORMATION_TECHNOLOGY
PUB_018459,COMPUTER_SCIENCES_AND_INFORMATION_TECHNOLOGY
PUB_018460,COMPUTER_SCIENCES_AND_INFORMATION_TECHNOLOGY
PUB_018461,COMPUTER_SCIENCES_AND_INFORMATION_TECHNOLOGY
PUB_018462,COMPUTER_SCIENCES_AND_INFORMATION_TECHNOLOGY
PUB_018463,COMPUTER_SCIENCES_AND_INFORMATION_TECHNOLOGY
PUB_018464,COMPUTER_SCIENCES_AND_INFORMATION_TECHNOLOGY
PUB_018465,COMPUTER_SCIENCES_AND_INFORMATION_TECHNOLOGY
PUB_018466,COMPUTER_SCIENCES_AND_INFORMATION_TECHNOLOGY
PUB_018467,COMPUTER_SCIENCES_AND_INFORMATION_TECHNOLOGY
PUB_018468,COMPUTER_SCIENCES_AND_INFORMATION_TECHNOLOGY
PUB_018469,COMPUTER_SCIENCES_AND_INFORMATION_TECHNOLOGY
PUB_018470,COMPUTER_SCIENCES_AND_INFORMATION_TECHNOLOGY
PUB_018471,COMPUTER_SCIENCES_AND_INFORMATION_TECHNOLOGY
PUB_018472,COMPUTER_SCIENCES_AND_INFORMATION_TECHNOLOGY
PUB_018473,COMPUTER_SCIENCES_AND_INFORMATION_TECHNOLOGY
PUB_018474,COMPUTER_SCIENCES_AND_INFORMATION_TECHNOLOGY
PUB_018475,COMPUTER_SCIENCES_AND_INFORMATION_TECHNOLOGY
PUB_018476,COMPUTER_SCIENCES_AND_INFORMATION_TECHNOLOGY
PUB_018477,COMPUTER_SCIENCES_AND_INFORMATION_TECHNOLOGY
PUB_018478,COMPUTER_SCIENCES_AND_INFORMATION_TECHNOLOGY
PUB_018479,COMPUTER_SCIENCES_AND_INFORMATION_TECHNOLOGY
PUB_018480,COMPUTER_SCIENCES_AND_INFORMATION_TECHNOLOGY
PUB_018481,COMPUTER_SCIENCES_AND_INFORMATION_TECHNOLOGY
PUB_018482,COMPUTER_SCIENCES_AND_INFORMATION_TECHNOLOGY
PUB_018483,COMPUTER_SCIENCES_AND_INFORMATION_TECHNOLOGY
PUB_018484,COMPUTER_SCIENCES_AND_INFORMATION_TECHNOLOGY
PUB_018485,COMPUTER_SCIENCES_AND_INFORMATION_TECHNOLOGY
PUB_018486,COMPUTER_SCIENCES_AND_INFORMATION_TECHNOLOGY
PUB_018487,COMPUTER_SCIENCES_AND_INFORMATION_TECHNOLOGY
PUB_018488,COMPUTER_SCIENCES_AND_INFORMATION_TECHNOLOGY
PUB_018489,COMPUTER_SCIENCES_AND_INFORMATION_TECHNOLOGY
PUB_018490,COMPUTER_SCIENCES_AND_INFORMATION_TECHNOLOGY
PUB_018491,COMPUTER_SCIENCES_AND_INFORMATION_TECHNOLOGY
PUB_018492,COMPUTER_SCIENCES_AND_INFORMATION_TECHNOLOGY
PUB_018493,COMPUTER_SCIENCES_AND_INFORMATION_TECHNOLOGY
PUB_018494,COMPUTER_SCIENCES_AND_INFORMATION_TECHNOLOGY
PUB_018495,COMPUTER_SCIENCES_AND_INFORMATION_TECHNOLOGY
PUB_018496,COMPUTER_SCIENCES_AND_INFORMATION_TECHNOLOGY
PUB_018497,COMPUTER_SCIENCES_AND_INFORMATION_TECHNOLOGY
PUB_018498,COMPUTER_SCIENCES_AND_INFORMATION_TECHNOLOGY
PUB_018499,COMPUTER_SCIENCES_AND_INFORMATION_TECHNOLOGY
PUB_018500,COMPUTER_SCIENCES_AND_INFORMATION_TECHNOLOGY
PUB_018501,COMPUTER_SCIENCES_AND_INFORMATION_TECHNOLOGY
PUB_018502,COMPUTER_SCIENCES_AND_INFORMATION_TECHNOLOGY
PUB_018503,COMPUTER_SCIENCES_AND_INFORMATION_TECHNOLOGY
PUB_018504,COMPUTER_SCIENCES_AND_INFORMATION_TECHNOLOGY
PUB_018505,COMPUTER_SCIENCES_AND_INFORMATION_TECHNOLOGY
PUB_018506,COMPUTER_SCIENCES_AND_INFORMATION_TECHNOLOGY
PUB_018507,COMPUTER_SCIENCES_AND_INFORMATION_TECHNOLOGY
PUB_018508,COMPUTER_SCIENCES_AND_INFORMATION_TECHNOLOGY
PUB_018509,COMPUTER_SCIENCES_AND_INFORMATION_TECHNOLOGY
PUB_018510,COMPUTER_SCIENCES_AND_INFORMATION_TECHNOLOGY
PUB_018511,COMPUTER_SCIENCES_AND_INFORMATION_TECHNOLOGY
PUB_018512,COMPUTER_SCIENCES_AND_INFORMATION_TECHNOLOGY
PUB_018513,COMPUTER_SCIENCES_AND_INFORMATION_TECHNOLOGY
PUB_018514,COMPUTER_SCIENCES_AND_INFORMATION_TECHNOLOGY
PUB_018515,COMPUTER_SCIENCES_AND_INFORMATION_TECHNOLOGY
PUB_018516,COMPUTER_SCIENCES_AND_INFORMATION_TECHNOLOGY
PUB_018517,COMPUTER_SCIENCES_AND_INFORMATION_TECHNOLOGY
PUB_018518,COMPUTER_SCIENCES_AND_INFORMATION_TECHNOLOGY
PUB_018519,COMPUTER_SCIENCES_AND_INFORMATION_TECHNOLOGY
PUB_018520,COMPUTER_SCIENCES_AND_INFORMATION_TECHNOLOGY
PUB_018521,COMPUTER_SCIENCES_AND_INFORMATION_TECHNOLOGY
PUB_018522,COMPUTER_SCIENCES_AND_INFORMATION_TECHNOLOGY
PUB_018523,COMPUTER_SCIENCES_AND_INFORMATION_TECHNOLOGY
PUB_018524,COMPUTER_SCIENCES_AND_INFORMATION_TECHNOLOGY
PUB_018525,COMPUTER_SCIENCES_AND_INFORMATION_TECHNOLOGY
PUB_018526,COMPUTER_SCIENCES_AND_INFORMATION_TECHNOLOGY
PUB_018527,COMPUTER_SCIENCES_AND_INFORMATION_TECHNOLOGY
PUB_018528,COMPUTER_SCIENCES_AND_INFORMATION_TECHNOLOGY
PUB_018529,COMPUTER_SCIENCES_AND_INFORMATION_TECHNOLOGY
PUB_018530,COMPUTER_SCIENCES_AND_INFORMATION_TECHNOLOGY
PUB_018531,COMPUTER_SCIENCES_AND_INFORMATION_TECHNOLOGY
PUB_018532,COMPUTER_SCIENCES_AND_INFORMATION_TECHNOLOGY
PUB_018533,COMPUTER_SCIENCES_AND_INFORMATION_TECHNOLOGY
PUB_018534,COMPUTER_SCIENCES_AND_INFORMATION_TECHNOLOGY
PUB_018535,COMPUTER_SCIENCES_AND_INFORMATION_TECHNOLOGY
PUB_018536,COMPUTER_SCIENCES_AND_INFORMATION_TECHNOLOGY
PUB_018537,COMPUTER_SCIENCES_AND_INFORMATION_TECHNOLOGY
PUB_018538,COMPUTER_SCIENCES_AND_INFORMATION_TECHNOLOGY
PUB_018539,COMPUTER_SCIENCES_AND_INFORMATION_TECHNOLOGY
PUB_018540,COMPUTER_SCIENCES_AND_INFORMATION_TECHNOLOGY
PUB_018541,COMPUTER_SCIENCES_AND_INFORMATION_TECHNOLOGY
PUB_018542,COMPUTER_SCIENCES_AND_INFORMATION_TECHNOLOGY
PUB_018543,COMPUTER_SCIENCES_AND_INFORMATION_TECHNOLOGY
PUB_018544,COMPUTER_SCIENCES_AND_INFORMATION_TECHNOLOGY
PUB_018545,COMPUTER_SCIENCES_AND_INFORMATION_TECHNOLOGY
PUB_018546,COMPUTER_SCIENCES_AND_INFORMATION_TECHNOLOGY
PUB_018547,COMPUTER_SCIENCES_AND_INFORMATION_TECHNOLOGY
PUB_018548,COMPUTER_SCIENCES_AND_INFORMATION_TECHNOLOGY
PUB_018549,COMPUTER_SCIENCES_AND_INFORMATION_TECHNOLOGY
PUB_018550,COMPUTER_SCIENCES_AND_INFORMATION_TECHNOLOGY
PUB_018551,COMPUTER_SCIENCES_AND_INFORMATION_TECHNOLOGY
PUB_018552,COMPUTER_SCIENCES_AND_INFORMATION_TECHNOLOGY
PUB_018553,COMPUTER_SCIENCES_AND_INFORMATION_TECHNOLOGY
PUB_018554,COMPUTER_SCIENCES_AND_INFORMATION_TECHNOLOGY
PUB_018555,COMPUTER_SCIENCES_AND_INFORMATION_TECHNOLOGY
PUB_018556,COMPUTER_SCIENCES_AND_INFORMATION_TECHNOLOGY
PUB_018557,COMPUTER_SCIENCES_AND_INFORMATION_TECHNOLOGY
PUB_018558,COMPUTER_SCIENCES_AND_INFORMATION_TECHNOLOGY
PUB_018559,COMPUTER_SCIENCES_AND_INFORMATION_TECHNOLOGY
PUB_018560,COMPUTER_SCIENCES_AND_INFORMATION_TECHNOLOGY
PUB_018561,COMPUTER_SCIENCES_AND_INFORMATION_TECHNOLOGY
PUB_018562,COMPUTER_SCIENCES_AND_INFORMATION_TECHNOLOGY
PUB_018563,COMPUTER_SCIENCES_AND_INFORMATION_TECHNOLOGY
PUB_018564,COMPUTER_SCIENCES_AND_INFORMATION_TECHNOLOGY
PUB_018565,COMPUTER_SCIENCES_AND_INFORMATION_TECHNOLOGY
PUB_018566,COMPUTER_SCIENCES_AND_INFORMATION_TECHNOLOGY
PUB_018567,COMPUTER_SCIENCES_AND_INFORMATION_TECHNOLOGY
PUB_018568,COMPUTER_SCIENCES_AND_INFORMATION_TECHNOLOGY
PUB_018569,COMPUTER_SCIENCES_AND_INFORMATION_TECHNOLOGY
PUB_018570,COMPUTER_SCIENCES_AND_INFORMATION_TECHNOLOGY
PUB_018571,COMPUTER_SCIENCES_AND_INFORMATION_TECHNOLOGY
PUB_018572,COMPUTER_SCIENCES_AND_INFORMATION_TECHNOLOGY
PUB_018573,COMPUTER_SCIENCES_AND_INFORMATION_TECHNOLOGY
PUB_018574,COMPUTER_SCIENCES_AND_INFORMATION_TECHNOLOGY
PUB_018575,COMPUTER_SCIENCES_AND_INFORMATION_TECHNOLOGY
PUB_018576,COMPUTER_SCIENCES_AND_INFORMATION_TECHNOLOGY
PUB_018577,COMPUTER_SCIENCES_AND_INFORMATION_TECHNOLOGY
PUB_018578,COMPUTER_SCIENCES_AND_INFORMATION_TECHNOLOGY
PUB_018579,COMPUTER_SCIENCES_AND_INFORMATION_TECHNOLOGY
PUB_018580,COMPUTER_SCIENCES_AND_INFORMATION_TECHNOLOGY
PUB_018581,COMPUTER_SCIENCES_AND_INFORMATION_TECHNOLOGY
PUB_018582,COMPUTER_SCIENCES_AND_INFORMATION_TECHNOLOGY
PUB_018583,COMPUTER_SCIENCES_AND_INFORMATION_TECHNOLOGY
PUB_018584,COMPUTER_SCIENCES_AND_INFORMATION_TECHNOLOGY
PUB_018585,COMPUTER_SCIENCES_AND_INFORMATION_TECHNOLOGY
PUB_018586,COMPUTER_SCIENCES_AND_INFORMATION_TECHNOLOGY
PUB_018587,COMPUTER_SCIENCES_AND_INFORMATION_TECHNOLOGY
PUB_018588,COMPUTER_SCIENCES_AND_INFORMATION_TECHNOLOGY
PUB_018589,COMPUTER_SCIENCES_AND_INFORMATION_TECHNOLOGY
PUB_018590,COMPUTER_SCIENCES_AND_INFORMATION_TECHNOLOGY
PUB_018591,COMPUTER_SCIENCES_AND_INFORMATION_TECHNOLOGY
PUB_018592,COMPUTER_SCIENCES_AND_INFORMATION_TECHNOLOGY
PUB_018593,COMPUTER_SCIENCES_AND_INFORMATION_TECHNOLOGY
PUB_018594,COMPUTER_SCIENCES_AND_INFORMATION_TECHNOLOGY
PUB_018595,COMPUTER_SCIENCES_AND_INFORMATION_TECHNOLOGY
PUB_018596,COMPUTER_SCIENCES_AND_INFORMATION_TECHNOLOGY
PUB_018597,COMPUTER_SCIENCES_AND_INFORMATION_TECHNOLOGY
PUB_018598,COMPUTER_SCIENCES_AND_INFORMATION_TECHNOLOGY
PUB_018599,COMPUTER_SCIENCES_AND_INFORMATION_TECHNOLOGY
PUB_018600,COMPUTER_SCIENCES_AND_INFORMATION_TECHNOLOGY
PUB_018601,COMPUTER_SCIENCES_AND_INFORMATION_TECHNOLOGY
PUB_018602,COMPUTER_SCIENCES_AND_INFORMATION_TECHNOLOGY
PUB_018603,COMPUTER_SCIENCES_AND_INFORMATION_TECHNOLOGY
PUB_018604,COMPUTER_SCIENCES_AND_INFORMATION_TECHNOLOGY
PUB_018605,COMPUTER_SCIENCES_AND_INFORMATION_TECHNOLOGY
PUB_018606,COMPUTER_SCIENCES_AND_INFORMATION_TECHNOLOGY
PUB_018607,COMPUTER_SCIENCES_AND_INFORMATION_TECHNOLOGY
PUB_018608,COMPUTER_SCIENCES_AND_INFORMATION_TECHNOLOGY
PUB_018609,COMPUTER_SCIENCES_AND_INFORMATION_TECHNOLOGY
PUB_018610,COMPUTER_SCIENCES_AND_INFORMATION_TECHNOLOGY
PUB_018611,COMPUTER_SCIENCES_AND_INFORMATION_TECHNOLOGY
PUB_018612,COMPUTER_SCIENCES_AND_INFORMATION_TECHNOLOGY
PUB_018613,COMPUTER_SCIENCES_AND_INFORMATION_TECHNOLOGY
PUB_018614,COMPUTER_SCIENCES_AND_INFORMATION_TECHNOLOGY
PUB_018615,COMPUTER_SCIENCES_AND_INFORMATION_TECHNOLOGY
PUB_018616,COMPUTER_SCIENCES_AND_INFORMATION_TECHNOLOGY
PUB_018617,COMPUTER_SCIENCES_AND_INFORMATION_TECHNOLOGY
PUB_018618,COMPUTER_SCIENCES_AND_INFORMATION_TECHNOLOGY
PUB_018619,COMPUTER_SCIENCES_AND_INFORMATION_TECHNOLOGY
PUB_018620,COMPUTER_SCIENCES_AND_INFORMATION_TECHNOLOGY
PUB_018621,COMPUTER_SCIENCES_AND_INFORMATION_TECHNOLOGY
PUB_018622,COMPUTER_SCIENCES_AND_INFORMATION_TECHNOLOGY
PUB_018623,COMPUTER_SCIENCES_AND_INFORMATION_TECHNOLOGY
PUB_018624,COMPUTER_SCIENCES_AND_INFORMATION_TECHNOLOGY
PUB_018625,COMPUTER_SCIENCES_AND_INFORMATION_TECHNOLOGY
PUB_018626,COMPUTER_SCIENCES_AND_INFORMATION_TECHNOLOGY
PUB_018627,COMPUTER_SCIENCES_AND_INFORMATION_TECHNOLOGY
PUB_018628,COMPUTER_SCIENCES_AND_INFORMATION_TECHNOLOGY
PUB_018629,COMPUTER_SCIENCES_AND_INFORMATION_TECHNOLOGY
PUB_018630,COMPUTER_SCIENCES_AND_INFORMATION_TECHNOLOGY
PUB_018631,COMPUTER_SCIENCES_AND_INFORMATION_TECHNOLOGY
PUB_018632,COMPUTER_SCIENCES_AND_INFORMATION_TECHNOLOGY
PUB_018633,COMPUTER_SCIENCES_AND_INFORMATION_TECHNOLOGY
PUB_018634,COMPUTER_SCIENCES_AND_INFORMATION_TECHNOLOGY
PUB_018635,COMPUTER_SCIENCES_AND_INFORMATION_TECHNOLOGY
PUB_018636,COMPUTER_SCIENCES_AND_INFORMATION_TECHNOLOGY
PUB_018637,COMPUTER_SCIENCES_AND_INFORMATION_TECHNOLOGY
PUB_018638,COMPUTER_SCIENCES_AND_INFORMATION_TECHNOLOGY
PUB_018639,COMPUTER_SCIENCES_AND_INFORMATION_TECHNOLOGY
PUB_018640,COMPUTER_SCIENCES_AND_INFORMATION_TECHNOLOGY
PUB_018641,COMPUTER_SCIENCES_AND_INFORMATION_TECHNOLOGY
PUB_018642,COMPUTER_SCIENCES_AND_INFORMATION_TECHNOLOGY
PUB_018643,COMPUTER_SCIENCES_AND_INFORMATION_TECHNOLOGY
PUB_018644,COMPUTER_SCIENCES_AND_INFORMATION_TECHNOLOGY
PUB_018645,COMPUTER_SCIENCES_AND_INFORMATION_TECHNOLOGY
PUB_018646,COMPUTER_SCIENCES_AND_INFORMATION_TECHNOLOGY
PUB_018647,COMPUTER_SCIENCES_AND_INFORMATION_TECHNOLOGY
PUB_018648,COMPUTER_SCIENCES_AND_INFORMATION_TECHNOLOGY
PUB_018649,COMPUTER_SCIENCES_AND_INFORMATION_TECHNOLOGY
PUB_018650,COMPUTER_SCIENCES_AND_INFORMATION_TECHNOLOGY
PUB_018651,COMPUTER_SCIENCES_AND_INFORMATION_TECHNOLOGY
PUB_018652,COMPUTER_SCIENCES_AND_INFORMATION_TECHNOLOGY
PUB_018653,COMPUTER_SCIENCES_AND_INFORMATION_TECHNOLOGY
PUB_018654,COMPUTER_SCIENCES_AND_INFORMATION_TECHNOLOGY
PUB_018655,COMPUTER_SCIENCES_AND_INFORMATION_TECHNOLOGY
PUB_018656,COMPUTER_SCIENCES_AND_INFORMATION_TECHNOLOGY
PUB_018657,COMPUTER_SCIENCES_AND_INFORMATION_TECHNOLOGY
PUB_018658,COMPUTER_SCIENCES_AND_INFORMATION_TECHNOLOGY
PUB_018659,COMPUTER_SCIENCES_AND_INFORMATION_TECHNOLOGY
PUB_018660,COMPUTER_SCIENCES_AND_INFORMATION_TECHNOLOGY
PUB_018661,COMPUTER_SCIENCES_AND_INFORMATION_TECHNOLOGY
PUB_018662,COMPUTER_SCIENCES_AND_INFORMATION_TECHNOLOGY
PUB_018663,COMPUTER_SCIENCES_AND_INFORMATION_TECHNOLOGY
PUB_018664,COMPUTER_SCIENCES_AND_INFORMATION_TECHNOLOGY
PUB_018665,COMPUTER_SCIENCES_AND_INFORMATION_TECHNOLOGY
PUB_018666,COMPUTER_SCIENCES_AND_INFORMATION_TECHNOLOGY
PUB_018667,COMPUTER_SCIENCES_AND_INFORMATION_TECHNOLOGY
PUB_018668,COMPUTER_SCIENCES_AND_INFORMATION_TECHNOLOGY
PUB_018669,COMPUTER_SCIENCES_AND_INFORMATION_TECHNOLOGY
PUB_018670,COMPUTER_SCIENCES_AND_INFORMATION_TECHNOLOGY
PUB_018671,COMPUTER_SCIENCES_AND_INFORMATION_TECHNOLOGY
PUB_018672,COMPUTER_SCIENCES_AND_INFORMATION_TECHNOLOGY
PUB_018673,COMPUTER_SCIENCES_AND_INFORMATION_TECHNOLOGY
PUB_018674,COMPUTER_SCIENCES_AND_INFORMATION_TECHNOLOGY
PUB_018675,COMPUTER_SCIENCES_AND_INFORMATION_TECHNOLOGY
PUB_018676,COMPUTER_SCIENCES_AND_INFORMATION_TECHNOLOGY
PUB_018677,COMPUTER_SCIENCES_AND_INFORMATION_TECHNOLOGY
PUB_018678,COMPUTER_SCIENCES_AND_INFORMATION_TECHNOLOGY
PUB_018679,COMPUTER_SCIENCES_AND_INFORMATION_TECHNOLOGY
PUB_018680,COMPUTER_SCIENCES_AND_INFORMATION_TECHNOLOGY
PUB_018681,COMPUTER_SCIENCES_AND_INFORMATION_TECHNOLOGY
PUB_018682,COMPUTER_SCIENCES_AND_INFORMATION_TECHNOLOGY
PUB_018683,COMPUTER_SCIENCES_AND_INFORMATION_TECHNOLOGY
PUB_018684,COMPUTER_SCIENCES_AND_INFORMATION_TECHNOLOGY
PUB_018685,COMPUTER_SCIENCES_AND_INFORMATION_TECHNOLOGY
PUB_018686,COMPUTER_SCIENCES_AND_INFORMATION_TECHNOLOGY
PUB_018687,COMPUTER_SCIENCES_AND_INFORMATION_TECHNOLOGY
PUB_018688,COMPUTER_SCIENCES_AND_INFORMATION_TECHNOLOGY
PUB_018689,COMPUTER_SCIENCES_AND_INFORMATION_TECHNOLOGY
PUB_018690,COMPUTER_SCIENCES_AND_INFORMATION_TECHNOLOGY
PUB_018691,COMPUTER_SCIENCES_AND_INFORMATION_TECHNOLOGY
PUB_018692,COMPUTER_SCIENCES_AND_INFORMATION_TECHNOLOGY
PUB_018693,COMPUTER_SCIENCES_AND_INFORMATION_TECHNOLOGY
PUB_018694,COMPUTER_SCIENCES_AND_INFORMATION_TECHNOLOGY
PUB_018695,COMPUTER_SCIENCES_AND_INFORMATION_TECHNOLOGY
PUB_018696,COMPUTER_SCIENCES_AND_INFORMATION_TECHNOLOGY
PUB_018697,COMPUTER_SCIENCES_AND_INFORMATION_TECHNOLOGY
PUB_018698,COMPUTER_SCIENCES_AND_INFORMATION_TECHNOLOGY
PUB_018699,COMPUTER_SCIENCES_AND_INFORMATION_TECHNOLOGY
PUB_018700,COMPUTER_SCIENCES_AND_INFORMATION_TECHNOLOGY
PUB_018701,COMPUTER_SCIENCES_AND_INFORMATION_TECHNOLOGY
PUB_018702,COMPUTER_SCIENCES_AND_INFORMATION_TECHNOLOGY
PUB_018703,COMPUTER_SCIENCES_AND_INFORMATION_TECHNOLOGY
PUB_018704,COMPUTER_SCIENCES_AND_INFORMATION_TECHNOLOGY
PUB_018705,COMPUTER_SCIENCES_AND_INFORMATION_TECHNOLOGY
PUB_018706,COMPUTER_SCIENCES_AND_INFORMATION_TECHNOLOGY
PUB_018707,COMPUTER_SCIENCES_AND_INFORMATION_TECHNOLOGY
PUB_018708,COMPUTER_SCIENCES_AND_INFORMATION_TECHNOLOGY
PUB_018709,COMPUTER_SCIENCES_AND_INFORMATION_TECHNOLOGY
PUB_018710,COMPUTER_SCIENCES_AND_INFORMATION_TECHNOLOGY
PUB_018711,COMPUTER_SCIENCES_AND_INFORMATION_TECHNOLOGY
PUB_018712,COMPUTER_SCIENCES_AND_INFORMATION_TECHNOLOGY
PUB_018713,COMPUTER_SCIENCES_AND_INFORMATION_TECHNOLOGY
PUB_018714,COMPUTER_SCIENCES_AND_INFORMATION_TECHNOLOGY
PUB_018715,COMPUTER_SCIENCES_AND_INFORMATION_TECHNOLOGY
PUB_018716,COMPUTER_SCIENCES_AND_INFORMATION_TECHNOLOGY
PUB_018717,COMPUTER_SCIENCES_AND_INFORMATION_TECHNOLOGY
PUB_018718,COMPUTER_SCIENCES_AND_INFORMATION_TECHNOLOGY
PUB_018719,COMPUTER_SCIENCES_AND_INFORMATION_TECHNOLOGY
PUB_018720,COMPUTER_SCIENCES_AND_INFORMATION_TECHNOLOGY
PUB_018721,COMPUTER_SCIENCES_AND_INFORMATION_TECHNOLOGY
PUB_018722,COMPUTER_SCIENCES_AND_INFORMATION_TECHNOLOGY
PUB_018723,COMPUTER_SCIENCES_AND_INFORMATION_TECHNOLOGY
PUB_018724,COMPUTER_SCIENCES_AND_INFORMATION_TECHNOLOGY
PUB_018725,COMPUTER_SCIENCES_AND_INFORMATION_TECHNOLOGY
PUB_018726,COMPUTER_SCIENCES_AND_INFORMATION_TECHNOLOGY
PUB_018727,COMPUTER_SCIENCES_AND_INFORMATION_TECHNOLOGY
PUB_018728,COMPUTER_SCIENCES_AND_INFORMATION_TECHNOLOGY
PUB_018729,COMPUTER_SCIENCES_AND_INFORMATION_TECHNOLOGY
PUB_018730,COMPUTER_SCIENCES_AND_INFORMATION_TECHNOLOGY
PUB_018731,COMPUTER_SCIENCES_AND_INFORMATION_TECHNOLOGY
PUB_018732,COMPUTER_SCIENCES_AND_INFORMATION_TECHNOLOGY
PUB_018733,COMPUTER_SCIENCES_AND_INFORMATION_TECHNOLOGY
PUB_018734,COMPUTER_SCIENCES_AND_INFORMATION_TECHNOLOGY
PUB_018735,COMPUTER_SCIENCES_AND_INFORMATION_TECHNOLOGY
PUB_018736,COMPUTER_SCIENCES_AND_INFORMATION_TECHNOLOGY
PUB_018737,COMPUTER_SCIENCES_AND_INFORMATION_TECHNOLOGY
PUB_018738,COMPUTER_SCIENCES_AND_INFORMATION_TECHNOLOGY
PUB_018739,COMPUTER_SCIENCES_AND_INFORMATION_TECHNOLOGY
PUB_018740,COMPUTER_SCIENCES_AND_INFORMATION_TECHNOLOGY
PUB_018741,COMPUTER_SCIENCES_AND_INFORMATION_TECHNOLOGY
PUB_018742,COMPUTER_SCIENCES_AND_INFORMATION_TECHNOLOGY
PUB_018743,COMPUTER_SCIENCES_AND_INFORMATION_TECHNOLOGY
PUB_018744,COMPUTER_SCIENCES_AND_INFORMATION_TECHNOLOGY
PUB_018745,COMPUTER_SCIENCES_AND_INFORMATION_TECHNOLOGY
PUB_018746,COMPUTER_SCIENCES_AND_INFORMATION_TECHNOLOGY
PUB_018747,COMPUTER_SCIENCES_AND_INFORMATION_TECHNOLOGY
PUB_018748,COMPUTER_SCIENCES_AND_INFORMATION_TECHNOLOGY
PUB_018749,COMPUTER_SCIENCES_AND_INFORMATION_TECHNOLOGY
PUB_018750,COMPUTER_SCIENCES_AND_INFORMATION_TECHNOLOGY
PUB_018751,COMPUTER_SCIENCES_AND_INFORMATION_TECHNOLOGY
PUB_018752,COMPUTER_SCIENCES_AND_INFORMATION_TECHNOLOGY
PUB_018753,COMPUTER_SCIENCES_AND_INFORMATION_TECHNOLOGY
PUB_018754,COMPUTER_SCIENCES_AND_INFORMATION_TECHNOLOGY
PUB_018755,COMPUTER_SCIENCES_AND_INFORMATION_TECHNOLOGY
PUB_018756,COMPUTER_SCIENCES_AND_INFORMATION_TECHNOLOGY
PUB_018757,COMPUTER_SCIENCES_AND_INFORMATION_TECHNOLOGY
PUB_018758,COMPUTER_SCIENCES_AND_INFORMATION_TECHNOLOGY
PUB_018759,COMPUTER_SCIENCES_AND_INFORMATION_TECHNOLOGY
PUB_018760,COMPUTER_SCIENCES_AND_INFORMATION_TECHNOLOGY
PUB_018761,COMPUTER_SCIENCES_AND_INFORMATION_TECHNOLOGY
PUB_018762,COMPUTER_SCIENCES_AND_INFORMATION_TECHNOLOGY
PUB_018763,COMPUTER_SCIENCES_AND_INFORMATION_TECHNOLOGY
PUB_018764,COMPUTER_SCIENCES_AND_INFORMATION_TECHNOLOGY
PUB_018765,COMPUTER_SCIENCES_AND_INFORMATION_TECHNOLOGY
PUB_018766,COMPUTER_SCIENCES_AND_INFORMATION_TECHNOLOGY
PUB_018767,COMPUTER_SCIENCES_AND_INFORMATION_TECHNOLOGY
PUB_018768,COMPUTER_SCIENCES_AND_INFORMATION_TECHNOLOGY
PUB_018769,COMPUTER_SCIENCES_AND_INFORMATION_TECHNOLOGY
PUB_018770,COMPUTER_SCIENCES_AND_INFORMATION_TECHNOLOGY
PUB_018771,COMPUTER_SCIENCES_AND_INFORMATION_TECHNOLOGY
PUB_018772,COMPUTER_SCIENCES_AND_INFORMATION_TECHNOLOGY
PUB_018773,COMPUTER_SCIENCES_AND_INFORMATION_TECHNOLOGY
PUB_018774,COMPUTER_SCIENCES_AND_INFORMATION_TECHNOLOGY
PUB_018775,COMPUTER_SCIENCES_AND_INFORMATION_TECHNOLOGY
PUB_018776,COMPUTER_SCIENCES_AND_INFORMATION_TECHNOLOGY
PUB_018777,COMPUTER_SCIENCES_AND_INFORMATION_TECHNOLOGY
PUB_018778,COMPUTER_SCIENCES_AND_INFORMATION_TECHNOLOGY
PUB_018779,COMPUTER_SCIENCES_AND_INFORMATION_TECHNOLOGY
PUB_018780,COMPUTER_SCIENCES_AND_INFORMATION_TECHNOLOGY
PUB_018781,COMPUTER_SCIENCES_AND_INFORMATION_TECHNOLOGY
PUB_018782,COMPUTER_SCIENCES_AND_INFORMATION_TECHNOLOGY
PUB_018783,COMPUTER_SCIENCES_AND_INFORMATION_TECHNOLOGY
PUB_018784,COMPUTER_SCIENCES_AND_INFORMATION_TECHNOLOGY
PUB_018785,COMPUTER_SCIENCES_AND_INFORMATION_TECHNOLOGY
PUB_018786,COMPUTER_SCIENCES_AND_INFORMATION_TECHNOLOGY
PUB_018787,COMPUTER_SCIENCES_AND_INFORMATION_TECHNOLOGY
PUB_018788,COMPUTER_SCIENCES_AND_INFORMATION_TECHNOLOGY
PUB_018789,COMPUTER_SCIENCES_AND_INFORMATION_TECHNOLOGY
PUB_018790,COMPUTER_SCIENCES_AND_INFORMATION_TECHNOLOGY
PUB_018791,COMPUTER_SCIENCES_AND_INFORMATION_TECHNOLOGY
PUB_018792,COMPUTER_SCIENCES_AND_INFORMATION_TECHNOLOGY
PUB_018793,COMPUTER_SCIENCES_AND_INFORMATION_TECHNOLOGY
PUB_018794,COMPUTER_SCIENCES_AND_INFORMATION_TECHNOLOGY
PUB_018795,COMPUTER_SCIENCES_AND_INFORMATION_TECHNOLOGY
PUB_018796,COMPUTER_SCIENCES_AND_INFORMATION_TECHNOLOGY
PUB_018797,COMPUTER_SCIENCES_AND_INFORMATION_TECHNOLOGY
PUB_018798,COMPUTER_SCIENCES_AND_INFORMATION_TECHNOLOGY
PUB_018799,COMPUTER_SCIENCES_AND_INFORMATION_TECHNOLOGY
PUB_018800,COMPUTER_SCIENCES_AND_INFORMATION_TECHNOLOGY
PUB_018801,COMPUTER_SCIENCES_AND_INFORMATION_TECHNOLOGY
PUB_018802,COMPUTER_SCIENCES_AND_INFORMATION_TECHNOLOGY
PUB_018803,COMPUTER_SCIENCES_AND_INFORMATION_TECHNOLOGY
PUB_018804,COMPUTER_SCIENCES_AND_INFORMATION_TECHNOLOGY
PUB_018805,COMPUTER_SCIENCES_AND_INFORMATION_TECHNOLOGY
PUB_018806,COMPUTER_SCIENCES_AND_INFORMATION_TECHNOLOGY
PUB_018807,COMPUTER_SCIENCES_AND_INFORMATION_TECHNOLOGY
PUB_018808,COMPUTER_SCIENCES_AND_INFORMATION_TECHNOLOGY
PUB_018809,COMPUTER_SCIENCES_AND_INFORMATION_TECHNOLOGY
PUB_018810,COMPUTER_SCIENCES_AND_INFORMATION_TECHNOLOGY
PUB_018811,COMPUTER_SCIENCES_AND_INFORMATION_TECHNOLOGY
PUB_018812,COMPUTER_SCIENCES_AND_INFORMATION_TECHNOLOGY
PUB_018813,COMPUTER_SCIENCES_AND_INFORMATION_TECHNOLOGY
PUB_018814,COMPUTER_SCIENCES_AND_INFORMATION_TECHNOLOGY
PUB_018815,COMPUTER_SCIENCES_AND_INFORMATION_TECHNOLOGY
PUB_018816,COMPUTER_SCIENCES_AND_INFORMATION_TECHNOLOGY
PUB_018817,COMPUTER_SCIENCES_AND_INFORMATION_TECHNOLOGY
PUB_018818,COMPUTER_SCIENCES_AND_INFORMATION_TECHNOLOGY
PUB_018819,COMPUTER_SCIENCES_AND_INFORMATION_TECHNOLOGY
PUB_018820,COMPUTER_SCIENCES_AND_INFORMATION_TECHNOLOGY
PUB_018821,COMPUTER_SCIENCES_AND_INFORMATION_TECHNOLOGY
PUB_018822,COMPUTER_SCIENCES_AND_INFORMATION_TECHNOLOGY
PUB_018823,COMPUTER_SCIENCES_AND_INFORMATION_TECHNOLOGY
PUB_018824,COMPUTER_SCIENCES_AND_INFORMATION_TECHNOLOGY
PUB_018825,COMPUTER_SCIENCES_AND_INFORMATION_TECHNOLOGY
PUB_018826,COMPUTER_SCIENCES_AND_INFORMATION_TECHNOLOGY
PUB_018827,COMPUTER_SCIENCES_AND_INFORMATION_TECHNOLOGY
PUB_018828,COMPUTER_SCIENCES_AND_INFORMATION_TECHNOLOGY
PUB_018829,COMPUTER_SCIENCES_AND_INFORMATION_TECHNOLOGY
PUB_018830,COMPUTER_SCIENCES_AND_INFORMATION_TECHNOLOGY
PUB_018831,COMPUTER_SCIENCES_AND_INFORMATION_TECHNOLOGY
PUB_018832,COMPUTER_SCIENCES_AND_INFORMATION_TECHNOLOGY
PUB_018833,COMPUTER_SCIENCES_AND_INFORMATION_TECHNOLOGY
PUB_018834,COMPUTER_SCIENCES_AND_INFORMATION_TECHNOLOGY
PUB_018835,COMPUTER_SCIENCES_AND_INFORMATION_TECHNOLOGY
PUB_018836,COMPUTER_SCIENCES_AND_INFORMATION_TECHNOLOGY
PUB_018837,COMPUTER_SCIENCES_AND_INFORMATION_TECHNOLOGY
PUB_018838,COMPUTER_SCIENCES_AND_INFORMATION_TECHNOLOGY
PUB_018839,COMPUTER_SCIENCES_AND_INFORMATION_TECHNOLOGY
PUB_018840,COMPUTER_SCIENCES_AND_INFORMATION_TECHNOLOGY
PUB_018841,COMPUTER_SCIENCES_AND_INFORMATION_TECHNOLOGY
PUB_018842,COMPUTER_SCIENCES_AND_INFORMATION_TECHNOLOGY
PUB_018843,COMPUTER_SCIENCES_AND_INFORMATION_TECHNOLOGY
PUB_018844,COMPUTER_SCIENCES_AND_INFORMATION_TECHNOLOGY
PUB_018845,COMPUTER_SCIENCES_AND_INFORMATION_TECHNOLOGY
PUB_018846,COMPUTER_SCIENCES_AND_INFORMATION_TECHNOLOGY
PUB_018847,COMPUTER_SCIENCES_AND_INFORMATION_TECHNOLOGY
PUB_018848,COMPUTER_SCIENCES_AND_INFORMATION_TECHNOLOGY
PUB_018849,COMPUTER_SCIENCES_AND_INFORMATION_TECHNOLOGY
PUB_018850,COMPUTER_SCIENCES_AND_INFORMATION_TECHNOLOGY
PUB_018851,COMPUTER_SCIENCES_AND_INFORMATION_TECHNOLOGY
PUB_018852,COMPUTER_SCIENCES_AND_INFORMATION_TECHNOLOGY
PUB_018853,COMPUTER_SCIENCES_AND_INFORMATION_TECHNOLOGY
PUB_018854,COMPUTER_SCIENCES_AND_INFORMATION_TECHNOLOGY
PUB_018855,COMPUTER_SCIENCES_AND_INFORMATION_TECHNOLOGY
PUB_018856,COMPUTER_SCIENCES_AND_INFORMATION_TECHNOLOGY
PUB_018857,COMPUTER_SCIENCES_AND_INFORMATION_TECHNOLOGY
PUB_018858,COMPUTER_SCIENCES_AND_INFORMATION_TECHNOLOGY
PUB_018859,COMPUTER_SCIENCES_AND_INFORMATION_TECHNOLOGY
PUB_018860,COMPUTER_SCIENCES_AND_INFORMATION_TECHNOLOGY
PUB_018861,COMPUTER_SCIENCES_AND_INFORMATION_TECHNOLOGY
PUB_018862,COMPUTER_SCIENCES_AND_INFORMATION_TECHNOLOGY
PUB_018863,COMPUTER_SCIENCES_AND_INFORMATION_TECHNOLOGY
PUB_018864,COMPUTER_SCIENCES_AND_INFORMATION_TECHNOLOGY
PUB_018865,COMPUTER_SCIENCES_AND_INFORMATION_TECHNOLOGY
PUB_018866,COMPUTER_SCIENCES_AND_INFORMATION_TECHNOLOGY
PUB_018867,COMPUTER_SCIENCES_AND_INFORMATION_TECHNOLOGY
PUB_018868,COMPUTER_SCIENCES_AND_INFORMATION_TECHNOLOGY
PUB_018869,COMPUTER_SCIENCES_AND_INFORMATION_TECHNOLOGY
PUB_018870,COMPUTER_SCIENCES_AND_INFORMATION_TECHNOLOGY
PUB_018871,COMPUTER_SCIENCES_AND_INFORMATION_TECHNOLOGY
PUB_018872,COMPUTER_SCIENCES_AND_INFORMATION_TECHNOLOGY
PUB_018873,COMPUTER_SCIENCES_AND_INFORMATION_TECHNOLOGY
PUB_018874,COMPUTER_SCIENCES_AND_INFORMATION_TECHNOLOGY
PUB_018875,COMPUTER_SCIENCES_AND_INFORMATION_TECHNOLOGY
PUB_018876,COMPUTER_SCIENCES_AND_INFORMATION_TECHNOLOGY
PUB_018877,COMPUTER_SCIENCES_AND_INFORMATION_TECHNOLOGY
PUB_018878,COMPUTER_SCIENCES_AND_INFORMATION_TECHNOLOGY
PUB_018879,COMPUTER_SCIENCES_AND_INFORMATION_TECHNOLOGY
PUB_018880,COMPUTER_SCIENCES_AND_INFORMATION_TECHNOLOGY
PUB_018881,COMPUTER_SCIENCES_AND_INFORMATION_TECHNOLOGY
PUB_018882,COMPUTER_SCIENCES_AND_INFORMATION_TECHNOLOGY
PUB_018883,COMPUTER_SCIENCES_AND_INFORMATION_TECHNOLOGY
PUB_018884,COMPUTER_SCIENCES_AND_INFORMATION_TECHNOLOGY
PUB_018885,COMPUTER_SCIENCES_AND_INFORMATION_TECHNOLOGY
PUB_018886,COMPUTER_SCIENCES_AND_INFORMATION_TECHNOLOGY
PUB_018887,COMPUTER_SCIENCES_AND_INFORMATION_TECHNOLOGY
PUB_018888,COMPUTER_SCIENCES_AND_INFORMATION_TECHNOLOGY
PUB_018889,COMPUTER_SCIENCES_AND_INFORMATION_TECHNOLOGY
PUB_018890,COMPUTER_SCIENCES_AND_INFORMATION_TECHNOLOGY
PUB_018891,COMPUTER_SCIENCES_AND_INFORMATION_TECHNOLOGY
PUB_018892,COMPUTER_SCIENCES_AND_INFORMATION_TECHNOLOGY
PUB_018893,COMPUTER_SCIENCES_AND_INFORMATION_TECHNOLOGY
PUB_018894,COMPUTER_SCIENCES_AND_INFORMATION_TECHNOLOGY
PUB_018895,COMPUTER_SCIENCES_AND_INFORMATION_TECHNOLOGY
PUB_018896,COMPUTER_SCIENCES_AND_INFORMATION_TECHNOLOGY
PUB_018897,COMPUTER_SCIENCES_AND_INFORMATION_TECHNOLOGY
PUB_018898,COMPUTER_SCIENCES_AND_INFORMATION_TECHNOLOGY
PUB_018899,COMPUTER_SCIENCES_AND_INFORMATION_TECHNOLOGY
PUB_018900,COMPUTER_SCIENCES_AND_INFORMATION_TECHNOLOGY
PUB_018901,COMPUTER_SCIENCES_AND_INFORMATION_TECHNOLOGY
PUB_018902,COMPUTER_SCIENCES_AND_INFORMATION_TECHNOLOGY
PUB_018903,COMPUTER_SCIENCES_AND_INFORMATION_TECHNOLOGY
PUB_018904,COMPUTER_SCIENCES_AND_INFORMATION_TECHNOLOGY
PUB_018905,COMPUTER_SCIENCES_AND_INFORMATION_TECHNOLOGY
PUB_018906,COMPUTER_SCIENCES_AND_INFORMATION_TECHNOLOGY
PUB_018907,COMPUTER_SCIENCES_AND_INFORMATION_TECHNOLOGY
PUB_018908,COMPUTER_SCIENCES_AND_INFORMATION_TECHNOLOGY
PUB_018909,COMPUTER_SCIENCES_AND_INFORMATION_TECHNOLOGY
PUB_018910,COMPUTER_SCIENCES_AND_INFORMATION_TECHNOLOGY
PUB_018911,COMPUTER_SCIENCES_AND_INFORMATION_TECHNOLOGY
PUB_018912,COMPUTER_SCIENCES_AND_INFORMATION_TECHNOLOGY
PUB_018913,COMPUTER_SCIENCES_AND_INFORMATION_TECHNOLOGY
PUB_018914,COMPUTER_SCIENCES_AND_INFORMATION_TECHNOLOGY
PUB_018915,COMPUTER_SCIENCES_AND_INFORMATION_TECHNOLOGY
PUB_018916,COMPUTER_SCIENCES_AND_INFORMATION_TECHNOLOGY
PUB_018917,COMPUTER_SCIENCES_AND_INFORMATION_TECHNOLOGY
PUB_018918,COMPUTER_SCIENCES_AND_INFORMATION_TECHNOLOGY
PUB_018919,COMPUTER_SCIENCES_AND_INFORMATION_TECHNOLOGY
PUB_018920,COMPUTER_SCIENCES_AND_INFORMATION_TECHNOLOGY
PUB_018921,COMPUTER_SCIENCES_AND_INFORMATION_TECHNOLOGY
PUB_018922,COMPUTER_SCIENCES_AND_INFORMATION_TECHNOLOGY
PUB_018923,COMPUTER_SCIENCES_AND_INFORMATION_TECHNOLOGY
PUB_018924,COMPUTER_SCIENCES_AND_INFORMATION_TECHNOLOGY
PUB_018925,COMPUTER_SCIENCES_AND_INFORMATION_TECHNOLOGY
PUB_018926,COMPUTER_SCIENCES_AND_INFORMATION_TECHNOLOGY
PUB_018927,COMPUTER_SCIENCES_AND_INFORMATION_TECHNOLOGY
PUB_018928,COMPUTER_SCIENCES_AND_INFORMATION_TECHNOLOGY
PUB_018929,COMPUTER_SCIENCES_AND_INFORMATION_TECHNOLOGY
PUB_018930,COMPUTER_SCIENCES_AND_INFORMATION_TECHNOLOGY
PUB_018931,COMPUTER_SCIENCES_AND_INFORMATION_TECHNOLOGY
PUB_018932,COMPUTER_SCIENCES_AND_INFORMATION_TECHNOLOGY
PUB_018933,COMPUTER_SCIENCES_AND_INFORMATION_TECHNOLOGY
PUB_018934,COMPUTER_SCIENCES_AND_INFORMATION_TECHNOLOGY
PUB_018935,COMPUTER_SCIENCES_AND_INFORMATION_TECHNOLOGY
PUB_018936,COMPUTER_SCIENCES_AND_INFORMATION_TECHNOLOGY
PUB_018937,COMPUTER_SCIENCES_AND_INFORMATION_TECHNOLOGY
PUB_018938,COMPUTER_SCIENCES_AND_INFORMATION_TECHNOLOGY
PUB_018939,COMPUTER_SCIENCES_AND_INFORMATION_TECHNOLOGY
PUB_018940,COMPUTER_SCIENCES_AND_INFORMATION_TECHNOLOGY
PUB_018941,COMPUTER_SCIENCES_AND_INFORMATION_TECHNOLOGY
PUB_018942,COMPUTER_SCIENCES_AND_INFORMATION_TECHNOLOGY
PUB_018943,COMPUTER_SCIENCES_AND_INFORMATION_TECHNOLOGY
PUB_018944,COMPUTER_SCIENCES_AND_INFORMATION_TECHNOLOGY
PUB_018945,COMPUTER_SCIENCES_AND_INFORMATION_TECHNOLOGY
PUB_018946,COMPUTER_SCIENCES_AND_INFORMATION_TECHNOLOGY
PUB_018947,COMPUTER_SCIENCES_AND_INFORMATION_TECHNOLOGY
PUB_018948,COMPUTER_SCIENCES_AND_INFORMATION_TECHNOLOGY
PUB_018949,COMPUTER_SCIENCES_AND_INFORMATION_TECHNOLOGY
PUB_018950,COMPUTER_SCIENCES_AND_INFORMATION_TECHNOLOGY
PUB_018951,COMPUTER_SCIENCES_AND_INFORMATION_TECHNOLOGY
PUB_018952,COMPUTER_SCIENCES_AND_INFORMATION_TECHNOLOGY
PUB_018953,COMPUTER_SCIENCES_AND_INFORMATION_TECHNOLOGY
PUB_018954,COMPUTER_SCIENCES_AND_INFORMATION_TECHNOLOGY
PUB_018955,COMPUTER_SCIENCES_AND_INFORMATION_TECHNOLOGY
PUB_018956,COMPUTER_SCIENCES_AND_INFORMATION_TECHNOLOGY
PUB_018957,COMPUTER_SCIENCES_AND_INFORMATION_TECHNOLOGY
PUB_018958,COMPUTER_SCIENCES_AND_INFORMATION_TECHNOLOGY
PUB_018959,COMPUTER_SCIENCES_AND_INFORMATION_TECHNOLOGY
PUB_018960,COMPUTER_SCIENCES_AND_INFORMATION_TECHNOLOGY
PUB_018961,COMPUTER_SCIENCES_AND_INFORMATION_TECHNOLOGY
PUB_018962,COMPUTER_SCIENCES_AND_INFORMATION_TECHNOLOGY
PUB_018963,COMPUTER_SCIENCES_AND_INFORMATION_TECHNOLOGY
PUB_018964,COMPUTER_SCIENCES_AND_INFORMATION_TECHNOLOGY
PUB_018965,COMPUTER_SCIENCES_AND_INFORMATION_TECHNOLOGY
PUB_018966,COMPUTER_SCIENCES_AND_INFORMATION_TECHNOLOGY
PUB_018967,COMPUTER_SCIENCES_AND_INFORMATION_TECHNOLOGY
PUB_018968,COMPUTER_SCIENCES_AND_INFORMATION_TECHNOLOGY
PUB_018969,COMPUTER_SCIENCES_AND_INFORMATION_TECHNOLOGY
PUB_018970,COMPUTER_SCIENCES_AND_INFORMATION_TECHNOLOGY
PUB_018971,COMPUTER_SCIENCES_AND_INFORMATION_TECHNOLOGY
PUB_018972,COMPUTER_SCIENCES_AND_INFORMATION_TECHNOLOGY
PUB_018973,COMPUTER_SCIENCES_AND_INFORMATION_TECHNOLOGY
PUB_018974,COMPUTER_SCIENCES_AND_INFORMATION_TECHNOLOGY
PUB_018975,COMPUTER_SCIENCES_AND_INFORMATION_TECHNOLOGY
PUB_018976,COMPUTER_SCIENCES_AND_INFORMATION_TECHNOLOGY
PUB_018977,COMPUTER_SCIENCES_AND_INFORMATION_TECHNOLOGY
PUB_018978,COMPUTER_SCIENCES_AND_INFORMATION_TECHNOLOGY
PUB_018979,COMPUTER_SCIENCES_AND_INFORMATION_TECHNOLOGY
PUB_018980,COMPUTER_SCIENCES_AND_INFORMATION_TECHNOLOGY
PUB_018981,COMPUTER_SCIENCES_AND_INFORMATION_TECHNOLOGY
PUB_018982,COMPUTER_SCIENCES_AND_INFORMATION_TECHNOLOGY
PUB_018983,COMPUTER_SCIENCES_AND_INFORMATION_TECHNOLOGY
PUB_018984,COMPUTER_SCIENCES_AND_INFORMATION_TECHNOLOGY
PUB_018985,COMPUTER_SCIENCES_AND_INFORMATION_TECHNOLOGY
PUB_018986,COMPUTER_SCIENCES_AND_INFORMATION_TECHNOLOGY
PUB_018987,COMPUTER_SCIENCES_AND_INFORMATION_TECHNOLOGY
PUB_018988,COMPUTER_SCIENCES_AND_INFORMATION_TECHNOLOGY
PUB_018989,COMPUTER_SCIENCES_AND_INFORMATION_TECHNOLOGY
PUB_018990,COMPUTER_SCIENCES_AND_INFORMATION_TECHNOLOGY
PUB_018991,COMPUTER_SCIENCES_AND_INFORMATION_TECHNOLOGY
PUB_018992,COMPUTER_SCIENCES_AND_INFORMATION_TECHNOLOGY
PUB_018993,COMPUTER_SCIENCES_AND_INFORMATION_TECHNOLOGY
PUB_018994,COMPUTER_SCIENCES_AND_INFORMATION_TECHNOLOGY
PUB_018995,COMPUTER_SCIENCES_AND_INFORMATION_TECHNOLOGY
PUB_018996,COMPUTER_SCIENCES_AND_INFORMATION_TECHNOLOGY
PUB_018997,COMPUTER_SCIENCES_AND_INFORMATION_TECHNOLOGY
PUB_018998,COMPUTER_SCIENCES_AND_INFORMATION_TECHNOLOGY
PUB_018999,COMPUTER_SCIENCES_AND_INFORMATION_TECHNOLOGY
PUB_019000,COMPUTER_SCIENCES_AND_INFORMATION_TECHNOLOGY
PUB_019001,COMPUTER_SCIENCES_AND_INFORMATION_TECHNOLOGY
PUB_019002,COMPUTER_SCIENCES_AND_INFORMATION_TECHNOLOGY
PUB_019003,COMPUTER_SCIENCES_AND_INFORMATION_TECHNOLOGY
PUB_019004,COMPUTER_SCIENCES_AND_INFORMATION_TECHNOLOGY
PUB_019005,COMPUTER_SCIENCES_AND_INFORMATION_TECHNOLOGY
PUB_019006,COMPUTER_SCIENCES_AND_INFORMATION_TECHNOLOGY
PUB_019007,COMPUTER_SCIENCES_AND_INFORMATION_TECHNOLOGY
PUB_019008,COMPUTER_SCIENCES_AND_INFORMATION_TECHNOLOGY
PUB_019009,COMPUTER_SCIENCES_AND_INFORMATION_TECHNOLOGY
PUB_019010,COMPUTER_SCIENCES_AND_INFORMATION_TECHNOLOGY
PUB_019011,COMPUTER_SCIENCES_AND_INFORMATION_TECHNOLOGY
PUB_019012,COMPUTER_SCIENCES_AND_INFORMATION_TECHNOLOGY
PUB_019013,COMPUTER_SCIENCES_AND_INFORMATION_TECHNOLOGY
PUB_019014,COMPUTER_SCIENCES_AND_INFORMATION_TECHNOLOGY
PUB_019015,COMPUTER_SCIENCES_AND_INFORMATION_TECHNOLOGY
PUB_019016,COMPUTER_SCIENCES_AND_INFORMATION_TECHNOLOGY
PUB_019017,COMPUTER_SCIENCES_AND_INFORMATION_TECHNOLOGY
PUB_019018,COMPUTER_SCIENCES_AND_INFORMATION_TECHNOLOGY
PUB_019019,COMPUTER_SCIENCES_AND_INFORMATION_TECHNOLOGY
PUB_019020,COMPUTER_SCIENCES_AND_INFORMATION_TECHNOLOGY
PUB_019021,COMPUTER_SCIENCES_AND_INFORMATION_TECHNOLOGY
PUB_019022,COMPUTER_SCIENCES_AND_INFORMATION_TECHNOLOGY
PUB_019023,COMPUTER_SCIENCES_AND_INFORMATION_TECHNOLOGY
PUB_019024,COMPUTER_SCIENCES_AND_INFORMATION_TECHNOLOGY
PUB_019025,COMPUTER_SCIENCES_AND_INFORMATION_TECHNOLOGY
PUB_019026,COMPUTER_SCIENCES_AND_INFORMATION_TECHNOLOGY
PUB_019027,COMPUTER_SCIENCES_AND_INFORMATION_TECHNOLOGY
PUB_019028,COMPUTER_SCIENCES_AND_INFORMATION_TECHNOLOGY
PUB_019029,COMPUTER_SCIENCES_AND_INFORMATION_TECHNOLOGY
PUB_019030,COMPUTER_SCIENCES_AND_INFORMATION_TECHNOLOGY
PUB_019031,COMPUTER_SCIENCES_AND_INFORMATION_TECHNOLOGY
PUB_019032,COMPUTER_SCIENCES_AND_INFORMATION_TECHNOLOGY
PUB_019033,COMPUTER_SCIENCES_AND_INFORMATION_TECHNOLOGY
PUB_019034,COMPUTER_SCIENCES_AND_INFORMATION_TECHNOLOGY
PUB_019035,COMPUTER_SCIENCES_AND_INFORMATION_TECHNOLOGY
PUB_019036,COMPUTER_SCIENCES_AND_INFORMATION_TECHNOLOGY
PUB_019037,COMPUTER_SCIENCES_AND_INFORMATION_TECHNOLOGY
PUB_019038,COMPUTER_SCIENCES_AND_INFORMATION_TECHNOLOGY
PUB_019039,COMPUTER_SCIENCES_AND_INFORMATION_TECHNOLOGY
PUB_019040,COMPUTER_SCIENCES_AND_INFORMATION_TECHNOLOGY
PUB_019041,COMPUTER_SCIENCES_AND_INFORMATION_TECHNOLOGY
PUB_019042,COMPUTER_SCIENCES_AND_INFORMATION_TECHNOLOGY
PUB_019043,COMPUTER_SCIENCES_AND_INFORMATION_TECHNOLOGY
PUB_019044,COMPUTER_SCIENCES_AND_INFORMATION_TECHNOLOGY
PUB_019045,COMPUTER_SCIENCES_AND_INFORMATION_TECHNOLOGY
PUB_019046,COMPUTER_SCIENCES_AND_INFORMATION_TECHNOLOGY
PUB_019047,COMPUTER_SCIENCES_AND_INFORMATION_TECHNOLOGY
PUB_019048,COMPUTER_SCIENCES_AND_INFORMATION_TECHNOLOGY
PUB_019049,COMPUTER_SCIENCES_AND_INFORMATION_TECHNOLOGY
PUB_019050,COMPUTER_SCIENCES_AND_INFORMATION_TECHNOLOGY
PUB_019051,COMPUTER_SCIENCES_AND_INFORMATION_TECHNOLOGY
PUB_019052,COMPUTER_SCIENCES_AND_INFORMATION_TECHNOLOGY
PUB_019053,COMPUTER_SCIENCES_AND_INFORMATION_TECHNOLOGY
PUB_019054,COMPUTER_SCIENCES_AND_INFORMATION_TECHNOLOGY
PUB_019055,COMPUTER_SCIENCES_AND_INFORMATION_TECHNOLOGY
PUB_019056,COMPUTER_SCIENCES_AND_INFORMATION_TECHNOLOGY
PUB_019057,COMPUTER_SCIENCES_AND_INFORMATION_TECHNOLOGY
PUB_019058,COMPUTER_SCIENCES_AND_INFORMATION_TECHNOLOGY
PUB_019059,COMPUTER_SCIENCES_AND_INFORMATION_TECHNOLOGY
PUB_019060,COMPUTER_SCIENCES_AND_INFORMATION_TECHNOLOGY
PUB_019061,COMPUTER_SCIENCES_AND_INFORMATION_TECHNOLOGY
PUB_019062,COMPUTER_SCIENCES_AND_INFORMATION_TECHNOLOGY
PUB_019063,COMPUTER_SCIENCES_AND_INFORMATION_TECHNOLOGY
PUB_019064,COMPUTER_SCIENCES_AND_INFORMATION_TECHNOLOGY
PUB_019065,COMPUTER_SCIENCES_AND_INFORMATION_TECHNOLOGY
PUB_019066,COMPUTER_SCIENCES_AND_INFORMATION_TECHNOLOGY
PUB_019067,COMPUTER_SCIENCES_AND_INFORMATION_TECHNOLOGY
PUB_019068,COMPUTER_SCIENCES_AND_INFORMATION_TECHNOLOGY
PUB_019069,COMPUTER_SCIENCES_AND_INFORMATION_TECHNOLOGY
PUB_019070,COMPUTER_SCIENCES_AND_INFORMATION_TECHNOLOGY
PUB_019071,COMPUTER_SCIENCES_AND_INFORMATION_TECHNOLOGY
PUB_019072,COMPUTER_SCIENCES_AND_INFORMATION_TECHNOLOGY
PUB_019073,COMPUTER_SCIENCES_AND_INFORMATION_TECHNOLOGY
PUB_019074,COMPUTER_SCIENCES_AND_INFORMATION_TECHNOLOGY
PUB_019075,COMPUTER_SCIENCES_AND_INFORMATION_TECHNOLOGY
PUB_019076,COMPUTER_SCIENCES_AND_INFORMATION_TECHNOLOGY
PUB_019077,COMPUTER_SCIENCES_AND_INFORMATION_TECHNOLOGY
PUB_019078,COMPUTER_SCIENCES_AND_INFORMATION_TECHNOLOGY
PUB_019079,COMPUTER_SCIENCES_AND_INFORMATION_TECHNOLOGY
PUB_019080,COMPUTER_SCIENCES_AND_INFORMATION_TECHNOLOGY
PUB_019081,COMPUTER_SCIENCES_AND_INFORMATION_TECHNOLOGY
PUB_019082,COMPUTER_SCIENCES_AND_INFORMATION_TECHNOLOGY
PUB_019083,COMPUTER_SCIENCES_AND_INFORMATION_TECHNOLOGY
PUB_019084,COMPUTER_SCIENCES_AND_INFORMATION_TECHNOLOGY
PUB_019085,COMPUTER_SCIENCES_AND_INFORMATION_TECHNOLOGY
PUB_019086,COMPUTER_SCIENCES_AND_INFORMATION_TECHNOLOGY
PUB_019087,COMPUTER_SCIENCES_AND_INFORMATION_TECHNOLOGY
PUB_019088,COMPUTER_SCIENCES_AND_INFORMATION_TECHNOLOGY
PUB_019089,COMPUTER_SCIENCES_AND_INFORMATION_TECHNOLOGY
PUB_019090,COMPUTER_SCIENCES_AND_INFORMATION_TECHNOLOGY
PUB_019091,COMPUTER_SCIENCES_AND_INFORMATION_TECHNOLOGY
PUB_019092,COMPUTER_SCIENCES_AND_INFORMATION_TECHNOLOGY
PUB_019093,COMPUTER_SCIENCES_AND_INFORMATION_TECHNOLOGY
PUB_019094,COMPUTER_SCIENCES_AND_INFORMATION_TECHNOLOGY
PUB_019095,COMPUTER_SCIENCES_AND_INFORMATION_TECHNOLOGY
PUB_019096,COMPUTER_SCIENCES_AND_INFORMATION_TECHNOLOGY
PUB_019097,COMPUTER_SCIENCES_AND_INFORMATION_TECHNOLOGY
PUB_019098,COMPUTER_SCIENCES_AND_INFORMATION_TECHNOLOGY
PUB_019099,COMPUTER_SCIENCES_AND_INFORMATION_TECHNOLOGY
PUB_019100,COMPUTER_SCIENCES_AND_INFORMATION_TECHNOLOGY
PUB_019101,COMPUTER_SCIENCES_AND_INFORMATION_TECHNOLOGY
PUB_019102,COMPUTER_SCIENCES_AND_INFORMATION_TECHNOLOGY
PUB_019103,COMPUTER_SCIENCES_AND_INFORMATION_TECHNOLOGY
PUB_019104,COMPUTER_SCIENCES_AND_INFORMATION_TECHNOLOGY
PUB_019105,COMPUTER_SCIENCES_AND_INFORMATION_TECHNOLOGY
PUB_019106,COMPUTER_SCIENCES_AND_INFORMATION_TECHNOLOGY
PUB_019107,COMPUTER_SCIENCES_AND_INFORMATION_TECHNOLOGY
PUB_019108,COMPUTER_SCIENCES_AND_INFORMATION_TECHNOLOGY
PUB_019109,COMPUTER_SCIENCES_AND_INFORMATION_TECHNOLOGY
PUB_019110,COMPUTER_SCIENCES_AND_INFORMATION_TECHNOLOGY
PUB_019111,COMPUTER_SCIENCES_AND_INFORMATION_TECHNOLOGY
PUB_019112,COMPUTER_SCIENCES_AND_INFORMATION_TECHNOLOGY
PUB_019113,COMPUTER_SCIENCES_AND_INFORMATION_TECHNOLOGY
PUB_019114,COMPUTER_SCIENCES_AND_INFORMATION_TECHNOLOGY
PUB_019115,COMPUTER_SCIENCES_AND_INFORMATION_TECHNOLOGY
PUB_019116,COMPUTER_SCIENCES_AND_INFORMATION_TECHNOLOGY
PUB_019117,COMPUTER_SCIENCES_AND_INFORMATION_TECHNOLOGY
PUB_019118,COMPUTER_SCIENCES_AND_INFORMATION_TECHNOLOGY
PUB_019119,COMPUTER_SCIENCES_AND_INFORMATION_TECHNOLOGY
PUB_019120,COMPUTER_SCIENCES_AND_INFORMATION_TECHNOLOGY
PUB_019121,COMPUTER_SCIENCES_AND_INFORMATION_TECHNOLOGY
PUB_019122,COMPUTER_SCIENCES_AND_INFORMATION_TECHNOLOGY
PUB_019123,COMPUTER_SCIENCES_AND_INFORMATION_TECHNOLOGY
PUB_019124,COMPUTER_SCIENCES_AND_INFORMATION_TECHNOLOGY
PUB_019125,COMPUTER_SCIENCES_AND_INFORMATION_TECHNOLOGY
PUB_019126,COMPUTER_SCIENCES_AND_INFORMATION_TECHNOLOGY
PUB_019127,COMPUTER_SCIENCES_AND_INFORMATION_TECHNOLOGY
PUB_019128,COMPUTER_SCIENCES_AND_INFORMATION_TECHNOLOGY
PUB_019129,COMPUTER_SCIENCES_AND_INFORMATION_TECHNOLOGY
PUB_019130,COMPUTER_SCIENCES_AND_INFORMATION_TECHNOLOGY
PUB_019131,COMPUTER_SCIENCES_AND_INFORMATION_TECHNOLOGY
PUB_019132,COMPUTER_SCIENCES_AND_INFORMATION_TECHNOLOGY
PUB_019133,COMPUTER_SCIENCES_AND_INFORMATION_TECHNOLOGY
PUB_019134,COMPUTER_SCIENCES_AND_INFORMATION_TECHNOLOGY
PUB_019135,COMPUTER_SCIENCES_AND_INFORMATION_TECHNOLOGY
PUB_019136,COMPUTER_SCIENCES_AND_INFORMATION_TECHNOLOGY
PUB_019137,COMPUTER_SCIENCES_AND_INFORMATION_TECHNOLOGY
PUB_019138,COMPUTER_SCIENCES_AND_INFORMATION_TECHNOLOGY
PUB_019139,COMPUTER_SCIENCES_AND_INFORMATION_TECHNOLOGY
PUB_019140,COMPUTER_SCIENCES_AND_INFORMATION_TECHNOLOGY
PUB_019141,COMPUTER_SCIENCES_AND_INFORMATION_TECHNOLOGY
PUB_019142,COMPUTER_SCIENCES_AND_INFORMATION_TECHNOLOGY
PUB_019143,COMPUTER_SCIENCES_AND_INFORMATION_TECHNOLOGY
PUB_019144,COMPUTER_SCIENCES_AND_INFORMATION_TECHNOLOGY
PUB_019145,COMPUTER_SCIENCES_AND_INFORMATION_TECHNOLOGY
PUB_019146,COMPUTER_SCIENCES_AND_INFORMATION_TECHNOLOGY
PUB_019147,COMPUTER_SCIENCES_AND_INFORMATION_TECHNOLOGY
PUB_019148,COMPUTER_SCIENCES_AND_INFORMATION_TECHNOLOGY
PUB_019149,COMPUTER_SCIENCES_AND_INFORMATION_TECHNOLOGY
PUB_019150,COMPUTER_SCIENCES_AND_INFORMATION_TECHNOLOGY
PUB_019151,COMPUTER_SCIENCES_AND_INFORMATION_TECHNOLOGY
PUB_019152,COMPUTER_SCIENCES_AND_INFORMATION_TECHNOLOGY
PUB_019153,COMPUTER_SCIENCES_AND_INFORMATION_TECHNOLOGY
PUB_019154,COMPUTER_SCIENCES_AND_INFORMATION_TECHNOLOGY
PUB_019155,COMPUTER_SCIENCES_AND_INFORMATION_TECHNOLOGY
PUB_019156,COMPUTER_SCIENCES_AND_INFORMATION_TECHNOLOGY
PUB_019157,COMPUTER_SCIENCES_AND_INFORMATION_TECHNOLOGY
PUB_019158,COMPUTER_SCIENCES_AND_INFORMATION_TECHNOLOGY
PUB_019159,COMPUTER_SCIENCES_AND_INFORMATION_TECHNOLOGY
PUB_019160,COMPUTER_SCIENCES_AND_INFORMATION_TECHNOLOGY
PUB_019161,COMPUTER_SCIENCES_AND_INFORMATION_TECHNOLOGY
PUB_019162,COMPUTER_SCIENCES_AND_INFORMATION_TECHNOLOGY
PUB_019163,COMPUTER_SCIENCES_AND_INFORMATION_TECHNOLOGY
PUB_019164,COMPUTER_SCIENCES_AND_INFORMATION_TECHNOLOGY
PUB_019165,COMPUTER_SCIENCES_AND_INFORMATION_TECHNOLOGY
PUB_019166,COMPUTER_SCIENCES_AND_INFORMATION_TECHNOLOGY
PUB_019167,COMPUTER_SCIENCES_AND_INFORMATION_TECHNOLOGY
PUB_019168,COMPUTER_SCIENCES_AND_INFORMATION_TECHNOLOGY
PUB_019169,COMPUTER_SCIENCES_AND_INFORMATION_TECHNOLOGY
PUB_019170,COMPUTER_SCIENCES_AND_INFORMATION_TECHNOLOGY
PUB_019171,COMPUTER_SCIENCES_AND_INFORMATION_TECHNOLOGY
PUB_019172,COMPUTER_SCIENCES_AND_INFORMATION_TECHNOLOGY
PUB_019173,COMPUTER_SCIENCES_AND_INFORMATION_TECHNOLOGY
PUB_019174,COMPUTER_SCIENCES_AND_INFORMATION_TECHNOLOGY
PUB_019175,COMPUTER_SCIENCES_AND_INFORMATION_TECHNOLOGY
PUB_019176,COMPUTER_SCIENCES_AND_INFORMATION_TECHNOLOGY
PUB_019177,COMPUTER_SCIENCES_AND_INFORMATION_TECHNOLOGY
PUB_019178,COMPUTER_SCIENCES_AND_INFORMATION_TECHNOLOGY
PUB_019179,COMPUTER_SCIENCES_AND_INFORMATION_TECHNOLOGY
PUB_019180,COMPUTER_SCIENCES_AND_INFORMATION_TECHNOLOGY
PUB_019181,COMPUTER_SCIENCES_AND_INFORMATION_TECHNOLOGY
PUB_019182,COMPUTER_SCIENCES_AND_INFORMATION_TECHNOLOGY
PUB_019183,COMPUTER_SCIENCES_AND_INFORMATION_TECHNOLOGY
PUB_019184,COMPUTER_SCIENCES_AND_INFORMATION_TECHNOLOGY
PUB_019185,COMPUTER_SCIENCES_AND_INFORMATION_TECHNOLOGY
PUB_019186,COMPUTER_SCIENCES_AND_INFORMATION_TECHNOLOGY
PUB_019187,COMPUTER_SCIENCES_AND_INFORMATION_TECHNOLOGY
PUB_019188,COMPUTER_SCIENCES_AND_INFORMATION_TECHNOLOGY
PUB_019189,COMPUTER_SCIENCES_AND_INFORMATION_TECHNOLOGY
PUB_019190,COMPUTER_SCIENCES_AND_INFORMATION_TECHNOLOGY
PUB_019191,COMPUTER_SCIENCES_AND_INFORMATION_TECHNOLOGY
PUB_019192,COMPUTER_SCIENCES_AND_INFORMATION_TECHNOLOGY
PUB_019193,COMPUTER_SCIENCES_AND_INFORMATION_TECHNOLOGY
PUB_019194,COMPUTER_SCIENCES_AND_INFORMATION_TECHNOLOGY
PUB_019195,COMPUTER_SCIENCES_AND_INFORMATION_TECHNOLOGY
PUB_019196,COMPUTER_SCIENCES_AND_INFORMATION_TECHNOLOGY
PUB_019197,COMPUTER_SCIENCES_AND_INFORMATION_TECHNOLOGY
PUB_019198,COMPUTER_SCIENCES_AND_INFORMATION_TECHNOLOGY
PUB_019199,COMPUTER_SCIENCES_AND_INFORMATION_TECHNOLOGY
PUB_019200,COMPUTER_SCIENCES_AND_INFORMATION_TECHNOLOGY
PUB_019201,COMPUTER_SCIENCES_AND_INFORMATION_TECHNOLOGY
PUB_019202,COMPUTER_SCIENCES_AND_INFORMATION_TECHNOLOGY
PUB_019203,COMPUTER_SCIENCES_AND_INFORMATION_TECHNOLOGY
PUB_019204,COMPUTER_SCIENCES_AND_INFORMATION_TECHNOLOGY
PUB_019205,COMPUTER_SCIENCES_AND_INFORMATION_TECHNOLOGY
PUB_019206,COMPUTER_SCIENCES_AND_INFORMATION_TECHNOLOGY
PUB_019207,COMPUTER_SCIENCES_AND_INFORMATION_TECHNOLOGY
PUB_019208,COMPUTER_SCIENCES_AND_INFORMATION_TECHNOLOGY
PUB_019209,COMPUTER_SCIENCES_AND_INFORMATION_TECHNOLOGY
PUB_019210,COMPUTER_SCIENCES_AND_INFORMATION_TECHNOLOGY
PUB_019211,COMPUTER_SCIENCES_AND_INFORMATION_TECHNOLOGY
PUB_019212,COMPUTER_SCIENCES_AND_INFORMATION_TECHNOLOGY
PUB_019213,COMPUTER_SCIENCES_AND_INFORMATION_TECHNOLOGY
PUB_019214,COMPUTER_SCIENCES_AND_INFORMATION_TECHNOLOGY
PUB_019215,COMPUTER_SCIENCES_AND_INFORMATION_TECHNOLOGY
PUB_019216,COMPUTER_SCIENCES_AND_INFORMATION_TECHNOLOGY
PUB_019217,COMPUTER_SCIENCES_AND_INFORMATION_TECHNOLOGY
PUB_019218,COMPUTER_SCIENCES_AND_INFORMATION_TECHNOLOGY
PUB_019219,COMPUTER_SCIENCES_AND_INFORMATION_TECHNOLOGY
PUB_019220,COMPUTER_SCIENCES_AND_INFORMATION_TECHNOLOGY
PUB_019221,COMPUTER_SCIENCES_AND_INFORMATION_TECHNOLOGY
PUB_019222,COMPUTER_SCIENCES_AND_INFORMATION_TECHNOLOGY
PUB_019223,COMPUTER_SCIENCES_AND_INFORMATION_TECHNOLOGY
PUB_019224,COMPUTER_SCIENCES_AND_INFORMATION_TECHNOLOGY
PUB_019225,COMPUTER_SCIENCES_AND_INFORMATION_TECHNOLOGY
PUB_019226,COMPUTER_SCIENCES_AND_INFORMATION_TECHNOLOGY
PUB_019227,COMPUTER_SCIENCES_AND_INFORMATION_TECHNOLOGY
PUB_019228,COMPUTER_SCIENCES_AND_INFORMATION_TECHNOLOGY
PUB_019229,COMPUTER_SCIENCES_AND_INFORMATION_TECHNOLOGY
PUB_019230,COMPUTER_SCIENCES_AND_INFORMATION_TECHNOLOGY
PUB_019231,COMPUTER_SCIENCES_AND_INFORMATION_TECHNOLOGY
PUB_019232,COMPUTER_SCIENCES_AND_INFORMATION_TECHNOLOGY
PUB_019233,COMPUTER_SCIENCES_AND_INFORMATION_TECHNOLOGY
PUB_019234,COMPUTER_SCIENCES_AND_INFORMATION_TECHNOLOGY
PUB_019235,COMPUTER_SCIENCES_AND_INFORMATION_TECHNOLOGY
PUB_019236,COMPUTER_SCIENCES_AND_INFORMATION_TECHNOLOGY
PUB_019237,COMPUTER_SCIENCES_AND_INFORMATION_TECHNOLOGY
PUB_019238,COMPUTER_SCIENCES_AND_INFORMATION_TECHNOLOGY
PUB_019239,COMPUTER_SCIENCES_AND_INFORMATION_TECHNOLOGY
PUB_019240,COMPUTER_SCIENCES_AND_INFORMATION_TECHNOLOGY
PUB_019241,COMPUTER_SCIENCES_AND_INFORMATION_TECHNOLOGY
PUB_019242,COMPUTER_SCIENCES_AND_INFORMATION_TECHNOLOGY
PUB_019243,COMPUTER_SCIENCES_AND_INFORMATION_TECHNOLOGY
PUB_019244,COMPUTER_SCIENCES_AND_INFORMATION_TECHNOLOGY
PUB_019245,COMPUTER_SCIENCES_AND_INFORMATION_TECHNOLOGY
PUB_019246,COMPUTER_SCIENCES_AND_INFORMATION_TECHNOLOGY
PUB_019247,COMPUTER_SCIENCES_AND_INFORMATION_TECHNOLOGY
PUB_019248,COMPUTER_SCIENCES_AND_INFORMATION_TECHNOLOGY
PUB_019249,COMPUTER_SCIENCES_AND_INFORMATION_TECHNOLOGY
PUB_019250,COMPUTER_SCIENCES_AND_INFORMATION_TECHNOLOGY
PUB_019251,COMPUTER_SCIENCES_AND_INFORMATION_TECHNOLOGY
PUB_019252,COMPUTER_SCIENCES_AND_INFORMATION_TECHNOLOGY
PUB_019253,COMPUTER_SCIENCES_AND_INFORMATION_TECHNOLOGY
PUB_019254,COMPUTER_SCIENCES_AND_INFORMATION_TECHNOLOGY
PUB_019255,COMPUTER_SCIENCES_AND_INFORMATION_TECHNOLOGY
PUB_019256,COMPUTER_SCIENCES_AND_INFORMATION_TECHNOLOGY
PUB_019257,COMPUTER_SCIENCES_AND_INFORMATION_TECHNOLOGY
PUB_019258,COMPUTER_SCIENCES_AND_INFORMATION_TECHNOLOGY
PUB_019259,COMPUTER_SCIENCES_AND_INFORMATION_TECHNOLOGY
PUB_019260,COMPUTER_SCIENCES_AND_INFORMATION_TECHNOLOGY
PUB_019261,COMPUTER_SCIENCES_AND_INFORMATION_TECHNOLOGY
PUB_019262,COMPUTER_SCIENCES_AND_INFORMATION_TECHNOLOGY
PUB_019263,COMPUTER_SCIENCES_AND_INFORMATION_TECHNOLOGY
PUB_019264,COMPUTER_SCIENCES_AND_INFORMATION_TECHNOLOGY
PUB_019265,COMPUTER_SCIENCES_AND_INFORMATION_TECHNOLOGY
PUB_019266,COMPUTER_SCIENCES_AND_INFORMATION_TECHNOLOGY
PUB_019267,COMPUTER_SCIENCES_AND_INFORMATION_TECHNOLOGY
PUB_019268,COMPUTER_SCIENCES_AND_INFORMATION_TECHNOLOGY
PUB_019269,COMPUTER_SCIENCES_AND_INFORMATION_TECHNOLOGY
PUB_019270,COMPUTER_SCIENCES_AND_INFORMATION_TECHNOLOGY
PUB_019271,COMPUTER_SCIENCES_AND_INFORMATION_TECHNOLOGY
PUB_019272,COMPUTER_SCIENCES_AND_INFORMATION_TECHNOLOGY
PUB_019273,COMPUTER_SCIENCES_AND_INFORMATION_TECHNOLOGY
PUB_019274,COMPUTER_SCIENCES_AND_INFORMATION_TECHNOLOGY
PUB_019275,COMPUTER_SCIENCES_AND_INFORMATION_TECHNOLOGY
PUB_019276,COMPUTER_SCIENCES_AND_INFORMATION_TECHNOLOGY
PUB_019277,COMPUTER_SCIENCES_AND_INFORMATION_TECHNOLOGY
PUB_019278,COMPUTER_SCIENCES_AND_INFORMATION_TECHNOLOGY
PUB_019279,COMPUTER_SCIENCES_AND_INFORMATION_TECHNOLOGY
PUB_019280,COMPUTER_SCIENCES_AND_INFORMATION_TECHNOLOGY
PUB_019281,COMPUTER_SCIENCES_AND_INFORMATION_TECHNOLOGY
PUB_019282,COMPUTER_SCIENCES_AND_INFORMATION_TECHNOLOGY
PUB_019283,COMPUTER_SCIENCES_AND_INFORMATION_TECHNOLOGY
PUB_019284,COMPUTER_SCIENCES_AND_INFORMATION_TECHNOLOGY
PUB_019285,COMPUTER_SCIENCES_AND_INFORMATION_TECHNOLOGY
PUB_019286,COMPUTER_SCIENCES_AND_INFORMATION_TECHNOLOGY
PUB_019287,COMPUTER_SCIENCES_AND_INFORMATION_TECHNOLOGY
PUB_019288,COMPUTER_SCIENCES_AND_INFORMATION_TECHNOLOGY
PUB_019289,COMPUTER_SCIENCES_AND_INFORMATION_TECHNOLOGY
PUB_019290,COMPUTER_SCIENCES_AND_INFORMATION_TECHNOLOGY
PUB_019291,COMPUTER_SCIENCES_AND_INFORMATION_TECHNOLOGY
PUB_019292,COMPUTER_SCIENCES_AND_INFORMATION_TECHNOLOGY
PUB_019293,COMPUTER_SCIENCES_AND_INFORMATION_TECHNOLOGY
PUB_019294,COMPUTER_SCIENCES_AND_INFORMATION_TECHNOLOGY
PUB_019295,COMPUTER_SCIENCES_AND_INFORMATION_TECHNOLOGY
PUB_019296,COMPUTER_SCIENCES_AND_INFORMATION_TECHNOLOGY
PUB_019297,COMPUTER_SCIENCES_AND_INFORMATION_TECHNOLOGY
PUB_019298,COMPUTER_SCIENCES_AND_INFORMATION_TECHNOLOGY
PUB_019299,COMPUTER_SCIENCES_AND_INFORMATION_TECHNOLOGY
PUB_019300,COMPUTER_SCIENCES_AND_INFORMATION_TECHNOLOGY
PUB_019301,COMPUTER_SCIENCES_AND_INFORMATION_TECHNOLOGY
PUB_019302,COMPUTER_SCIENCES_AND_INFORMATION_TECHNOLOGY
PUB_019303,COMPUTER_SCIENCES_AND_INFORMATION_TECHNOLOGY
PUB_019304,COMPUTER_SCIENCES_AND_INFORMATION_TECHNOLOGY
PUB_019305,COMPUTER_SCIENCES_AND_INFORMATION_TECHNOLOGY
PUB_019306,COMPUTER_SCIENCES_AND_INFORMATION_TECHNOLOGY
PUB_019307,COMPUTER_SCIENCES_AND_INFORMATION_TECHNOLOGY
PUB_019308,COMPUTER_SCIENCES_AND_INFORMATION_TECHNOLOGY
PUB_019309,COMPUTER_SCIENCES_AND_INFORMATION_TECHNOLOGY
PUB_019310,COMPUTER_SCIENCES_AND_INFORMATION_TECHNOLOGY
PUB_019311,COMPUTER_SCIENCES_AND_INFORMATION_TECHNOLOGY
PUB_019312,COMPUTER_SCIENCES_AND_INFORMATION_TECHNOLOGY
PUB_019313,COMPUTER_SCIENCES_AND_INFORMATION_TECHNOLOGY
PUB_019314,COMPUTER_SCIENCES_AND_INFORMATION_TECHNOLOGY
PUB_019315,COMPUTER_SCIENCES_AND_INFORMATION_TECHNOLOGY
PUB_019316,COMPUTER_SCIENCES_AND_INFORMATION_TECHNOLOGY
PUB_019317,COMPUTER_SCIENCES_AND_INFORMATION_TECHNOLOGY
PUB_019318,COMPUTER_SCIENCES_AND_INFORMATION_TECHNOLOGY
PUB_019319,COMPUTER_SCIENCES_AND_INFORMATION_TECHNOLOGY
PUB_019320,COMPUTER_SCIENCES_AND_INFORMATION_TECHNOLOGY
PUB_019321,COMPUTER_SCIENCES_AND_INFORMATION_TECHNOLOGY
PUB_019322,COMPUTER_SCIENCES_AND_INFORMATION_TECHNOLOGY
PUB_019323,COMPUTER_SCIENCES_AND_INFORMATION_TECHNOLOGY
PUB_019324,COMPUTER_SCIENCES_AND_INFORMATION_TECHNOLOGY
PUB_019325,COMPUTER_SCIENCES_AND_INFORMATION_TECHNOLOGY
PUB_019326,COMPUTER_SCIENCES_AND_INFORMATION_TECHNOLOGY
PUB_019327,COMPUTER_SCIENCES_AND_INFORMATION_TECHNOLOGY
PUB_019328,COMPUTER_SCIENCES_AND_INFORMATION_TECHNOLOGY
PUB_019329,COMPUTER_SCIENCES_AND_INFORMATION_TECHNOLOGY
PUB_019330,COMPUTER_SCIENCES_AND_INFORMATION_TECHNOLOGY
PUB_019331,COMPUTER_SCIENCES_AND_INFORMATION_TECHNOLOGY
PUB_019332,COMPUTER_SCIENCES_AND_INFORMATION_TECHNOLOGY
PUB_019333,COMPUTER_SCIENCES_AND_INFORMATION_TECHNOLOGY
PUB_019334,COMPUTER_SCIENCES_AND_INFORMATION_TECHNOLOGY
PUB_019335,COMPUTER_SCIENCES_AND_INFORMATION_TECHNOLOGY
PUB_019336,COMPUTER_SCIENCES_AND_INFORMATION_TECHNOLOGY
PUB_019337,COMPUTER_SCIENCES_AND_INFORMATION_TECHNOLOGY
PUB_019338,COMPUTER_SCIENCES_AND_INFORMATION_TECHNOLOGY
PUB_019339,COMPUTER_SCIENCES_AND_INFORMATION_TECHNOLOGY
PUB_019340,COMPUTER_SCIENCES_AND_INFORMATION_TECHNOLOGY
PUB_019341,COMPUTER_SCIENCES_AND_INFORMATION_TECHNOLOGY
PUB_019342,COMPUTER_SCIENCES_AND_INFORMATION_TECHNOLOGY
PUB_019343,COMPUTER_SCIENCES_AND_INFORMATION_TECHNOLOGY
PUB_019344,COMPUTER_SCIENCES_AND_INFORMATION_TECHNOLOGY
PUB_019345,COMPUTER_SCIENCES_AND_INFORMATION_TECHNOLOGY
PUB_019346,COMPUTER_SCIENCES_AND_INFORMATION_TECHNOLOGY
PUB_019347,COMPUTER_SCIENCES_AND_INFORMATION_TECHNOLOGY
PUB_019348,COMPUTER_SCIENCES_AND_INFORMATION_TECHNOLOGY
PUB_019349,COMPUTER_SCIENCES_AND_INFORMATION_TECHNOLOGY
PUB_019350,COMPUTER_SCIENCES_AND_INFORMATION_TECHNOLOGY
PUB_019351,COMPUTER_SCIENCES_AND_INFORMATION_TECHNOLOGY
PUB_019352,COMPUTER_SCIENCES_AND_INFORMATION_TECHNOLOGY
PUB_019353,COMPUTER_SCIENCES_AND_INFORMATION_TECHNOLOGY
PUB_019354,COMPUTER_SCIENCES_AND_INFORMATION_TECHNOLOGY
PUB_019355,COMPUTER_SCIENCES_AND_INFORMATION_TECHNOLOGY
PUB_019356,COMPUTER_SCIENCES_AND_INFORMATION_TECHNOLOGY
PUB_019357,COMPUTER_SCIENCES_AND_INFORMATION_TECHNOLOGY
PUB_019358,COMPUTER_SCIENCES_AND_INFORMATION_TECHNOLOGY
PUB_019359,COMPUTER_SCIENCES_AND_INFORMATION_TECHNOLOGY
PUB_019360,COMPUTER_SCIENCES_AND_INFORMATION_TECHNOLOGY
PUB_019361,COMPUTER_SCIENCES_AND_INFORMATION_TECHNOLOGY
PUB_019362,COMPUTER_SCIENCES_AND_INFORMATION_TECHNOLOGY
PUB_019363,COMPUTER_SCIENCES_AND_INFORMATION_TECHNOLOGY
PUB_019364,COMPUTER_SCIENCES_AND_INFORMATION_TECHNOLOGY
PUB_019365,COMPUTER_SCIENCES_AND_INFORMATION_TECHNOLOGY
PUB_019366,COMPUTER_SCIENCES_AND_INFORMATION_TECHNOLOGY
PUB_019367,COMPUTER_SCIENCES_AND_INFORMATION_TECHNOLOGY
PUB_019368,COMPUTER_SCIENCES_AND_INFORMATION_TECHNOLOGY
PUB_019369,COMPUTER_SCIENCES_AND_INFORMATION_TECHNOLOGY
PUB_019370,COMPUTER_SCIENCES_AND_INFORMATION_TECHNOLOGY
PUB_019371,COMPUTER_SCIENCES_AND_INFORMATION_TECHNOLOGY
PUB_019372,COMPUTER_SCIENCES_AND_INFORMATION_TECHNOLOGY
PUB_019373,COMPUTER_SCIENCES_AND_INFORMATION_TECHNOLOGY
PUB_019374,COMPUTER_SCIENCES_AND_INFORMATION_TECHNOLOGY
PUB_019375,COMPUTER_SCIENCES_AND_INFORMATION_TECHNOLOGY
PUB_019376,COMPUTER_SCIENCES_AND_INFORMATION_TECHNOLOGY
PUB_019377,COMPUTER_SCIENCES_AND_INFORMATION_TECHNOLOGY
PUB_019378,COMPUTER_SCIENCES_AND_INFORMATION_TECHNOLOGY
PUB_019379,COMPUTER_SCIENCES_AND_INFORMATION_TECHNOLOGY
PUB_019380,COMPUTER_SCIENCES_AND_INFORMATION_TECHNOLOGY
PUB_019381,COMPUTER_SCIENCES_AND_INFORMATION_TECHNOLOGY
PUB_019382,COMPUTER_SCIENCES_AND_INFORMATION_TECHNOLOGY
PUB_019383,COMPUTER_SCIENCES_AND_INFORMATION_TECHNOLOGY
PUB_019384,COMPUTER_SCIENCES_AND_INFORMATION_TECHNOLOGY
PUB_019385,COMPUTER_SCIENCES_AND_INFORMATION_TECHNOLOGY
PUB_019386,COMPUTER_SCIENCES_AND_INFORMATION_TECHNOLOGY
PUB_019387,COMPUTER_SCIENCES_AND_INFORMATION_TECHNOLOGY
PUB_019388,COMPUTER_SCIENCES_AND_INFORMATION_TECHNOLOGY
PUB_019389,COMPUTER_SCIENCES_AND_INFORMATION_TECHNOLOGY
PUB_019390,COMPUTER_SCIENCES_AND_INFORMATION_TECHNOLOGY
PUB_019391,COMPUTER_SCIENCES_AND_INFORMATION_TECHNOLOGY
PUB_019392,COMPUTER_SCIENCES_AND_INFORMATION_TECHNOLOGY
PUB_019393,COMPUTER_SCIENCES_AND_INFORMATION_TECHNOLOGY
PUB_019394,COMPUTER_SCIENCES_AND_INFORMATION_TECHNOLOGY
PUB_019395,COMPUTER_SCIENCES_AND_INFORMATION_TECHNOLOGY
PUB_019396,COMPUTER_SCIENCES_AND_INFORMATION_TECHNOLOGY
PUB_019397,COMPUTER_SCIENCES_AND_INFORMATION_TECHNOLOGY
PUB_019398,COMPUTER_SCIENCES_AND_INFORMATION_TECHNOLOGY
PUB_019399,COMPUTER_SCIENCES_AND_INFORMATION_TECHNOLOGY
PUB_019400,COMPUTER_SCIENCES_AND_INFORMATION_TECHNOLOGY
PUB_019401,COMPUTER_SCIENCES_AND_INFORMATION_TECHNOLOGY
PUB_019402,COMPUTER_SCIENCES_AND_INFORMATION_TECHNOLOGY
PUB_019403,COMPUTER_SCIENCES_AND_INFORMATION_TECHNOLOGY
PUB_019404,COMPUTER_SCIENCES_AND_INFORMATION_TECHNOLOGY
PUB_019405,COMPUTER_SCIENCES_AND_INFORMATION_TECHNOLOGY
PUB_019406,COMPUTER_SCIENCES_AND_INFORMATION_TECHNOLOGY
PUB_019407,COMPUTER_SCIENCES_AND_INFORMATION_TECHNOLOGY
PUB_019408,COMPUTER_SCIENCES_AND_INFORMATION_TECHNOLOGY
PUB_019409,COMPUTER_SCIENCES_AND_INFORMATION_TECHNOLOGY
PUB_019410,COMPUTER_SCIENCES_AND_INFORMATION_TECHNOLOGY
PUB_019411,COMPUTER_SCIENCES_AND_INFORMATION_TECHNOLOGY
PUB_019412,COMPUTER_SCIENCES_AND_INFORMATION_TECHNOLOGY
PUB_019413,COMPUTER_SCIENCES_AND_INFORMATION_TECHNOLOGY
PUB_019414,COMPUTER_SCIENCES_AND_INFORMATION_TECHNOLOGY
PUB_019415,COMPUTER_SCIENCES_AND_INFORMATION_TECHNOLOGY
PUB_019416,COMPUTER_SCIENCES_AND_INFORMATION_TECHNOLOGY
PUB_019417,COMPUTER_SCIENCES_AND_INFORMATION_TECHNOLOGY
PUB_019418,COMPUTER_SCIENCES_AND_INFORMATION_TECHNOLOGY
PUB_019419,COMPUTER_SCIENCES_AND_INFORMATION_TECHNOLOGY
PUB_019420,COMPUTER_SCIENCES_AND_INFORMATION_TECHNOLOGY
PUB_019421,COMPUTER_SCIENCES_AND_INFORMATION_TECHNOLOGY
PUB_019422,COMPUTER_SCIENCES_AND_INFORMATION_TECHNOLOGY
PUB_019423,COMPUTER_SCIENCES_AND_INFORMATION_TECHNOLOGY
PUB_019424,COMPUTER_SCIENCES_AND_INFORMATION_TECHNOLOGY
PUB_019425,COMPUTER_SCIENCES_AND_INFORMATION_TECHNOLOGY
PUB_019426,COMPUTER_SCIENCES_AND_INFORMATION_TECHNOLOGY
PUB_019427,COMPUTER_SCIENCES_AND_INFORMATION_TECHNOLOGY
PUB_019428,COMPUTER_SCIENCES_AND_INFORMATION_TECHNOLOGY
PUB_019429,COMPUTER_SCIENCES_AND_INFORMATION_TECHNOLOGY
PUB_019430,COMPUTER_SCIENCES_AND_INFORMATION_TECHNOLOGY
PUB_019431,COMPUTER_SCIENCES_AND_INFORMATION_TECHNOLOGY
PUB_019432,COMPUTER_SCIENCES_AND_INFORMATION_TECHNOLOGY
PUB_019433,COMPUTER_SCIENCES_AND_INFORMATION_TECHNOLOGY
PUB_019434,COMPUTER_SCIENCES_AND_INFORMATION_TECHNOLOGY
PUB_019435,COMPUTER_SCIENCES_AND_INFORMATION_TECHNOLOGY
PUB_019436,COMPUTER_SCIENCES_AND_INFORMATION_TECHNOLOGY
PUB_019437,COMPUTER_SCIENCES_AND_INFORMATION_TECHNOLOGY
PUB_019438,COMPUTER_SCIENCES_AND_INFORMATION_TECHNOLOGY
PUB_019439,COMPUTER_SCIENCES_AND_INFORMATION_TECHNOLOGY
PUB_019440,COMPUTER_SCIENCES_AND_INFORMATION_TECHNOLOGY
PUB_019441,COMPUTER_SCIENCES_AND_INFORMATION_TECHNOLOGY
PUB_019442,COMPUTER_SCIENCES_AND_INFORMATION_TECHNOLOGY
PUB_019443,COMPUTER_SCIENCES_AND_INFORMATION_TECHNOLOGY
PUB_019444,COMPUTER_SCIENCES_AND_INFORMATION_TECHNOLOGY
PUB_019445,COMPUTER_SCIENCES_AND_INFORMATION_TECHNOLOGY
PUB_019446,COMPUTER_SCIENCES_AND_INFORMATION_TECHNOLOGY
PUB_019447,COMPUTER_SCIENCES_AND_INFORMATION_TECHNOLOGY
PUB_019448,COMPUTER_SCIENCES_AND_INFORMATION_TECHNOLOGY
PUB_019449,COMPUTER_SCIENCES_AND_INFORMATION_TECHNOLOGY
PUB_019450,COMPUTER_SCIENCES_AND_INFORMATION_TECHNOLOGY
PUB_019451,COMPUTER_SCIENCES_AND_INFORMATION_TECHNOLOGY
PUB_019452,COMPUTER_SCIENCES_AND_INFORMATION_TECHNOLOGY
PUB_019453,COMPUTER_SCIENCES_AND_INFORMATION_TECHNOLOGY
PUB_019454,COMPUTER_SCIENCES_AND_INFORMATION_TECHNOLOGY
PUB_019455,COMPUTER_SCIENCES_AND_INFORMATION_TECHNOLOGY
PUB_019456,COMPUTER_SCIENCES_AND_INFORMATION_TECHNOLOGY
PUB_019457,COMPUTER_SCIENCES_AND_INFORMATION_TECHNOLOGY
PUB_019458,COMPUTER_SCIENCES_AND_INFORMATION_TECHNOLOGY
PUB_019459,COMPUTER_SCIENCES_AND_INFORMATION_TECHNOLOGY
PUB_019460,COMPUTER_SCIENCES_AND_INFORMATION_TECHNOLOGY
PUB_019461,COMPUTER_SCIENCES_AND_INFORMATION_TECHNOLOGY
PUB_019462,COMPUTER_SCIENCES_AND_INFORMATION_TECHNOLOGY
PUB_019463,COMPUTER_SCIENCES_AND_INFORMATION_TECHNOLOGY
PUB_019464,COMPUTER_SCIENCES_AND_INFORMATION_TECHNOLOGY
PUB_019465,COMPUTER_SCIENCES_AND_INFORMATION_TECHNOLOGY
PUB_019466,COMPUTER_SCIENCES_AND_INFORMATION_TECHNOLOGY
PUB_019467,COMPUTER_SCIENCES_AND_INFORMATION_TECHNOLOGY
PUB_019468,COMPUTER_SCIENCES_AND_INFORMATION_TECHNOLOGY
PUB_019469,COMPUTER_SCIENCES_AND_INFORMATION_TECHNOLOGY
PUB_019470,COMPUTER_SCIENCES_AND_INFORMATION_TECHNOLOGY
PUB_019471,COMPUTER_SCIENCES_AND_INFORMATION_TECHNOLOGY
PUB_019472,COMPUTER_SCIENCES_AND_INFORMATION_TECHNOLOGY
PUB_019473,COMPUTER_SCIENCES_AND_INFORMATION_TECHNOLOGY
PUB_019474,COMPUTER_SCIENCES_AND_INFORMATION_TECHNOLOGY
PUB_019475,COMPUTER_SCIENCES_AND_INFORMATION_TECHNOLOGY
PUB_019476,COMPUTER_SCIENCES_AND_INFORMATION_TECHNOLOGY
PUB_019477,COMPUTER_SCIENCES_AND_INFORMATION_TECHNOLOGY
PUB_019478,COMPUTER_SCIENCES_AND_INFORMATION_TECHNOLOGY
PUB_019479,COMPUTER_SCIENCES_AND_INFORMATION_TECHNOLOGY
PUB_019480,COMPUTER_SCIENCES_AND_INFORMATION_TECHNOLOGY
PUB_019481,COMPUTER_SCIENCES_AND_INFORMATION_TECHNOLOGY
PUB_019482,COMPUTER_SCIENCES_AND_INFORMATION_TECHNOLOGY
PUB_019483,COMPUTER_SCIENCES_AND_INFORMATION_TECHNOLOGY
PUB_019484,COMPUTER_SCIENCES_AND_INFORMATION_TECHNOLOGY
PUB_019485,COMPUTER_SCIENCES_AND_INFORMATION_TECHNOLOGY
PUB_019486,COMPUTER_SCIENCES_AND_INFORMATION_TECHNOLOGY
PUB_019487,COMPUTER_SCIENCES_AND_INFORMATION_TECHNOLOGY
PUB_019488,COMPUTER_SCIENCES_AND_INFORMATION_TECHNOLOGY
PUB_019489,COMPUTER_SCIENCES_AND_INFORMATION_TECHNOLOGY
PUB_019490,COMPUTER_SCIENCES_AND_INFORMATION_TECHNOLOGY
PUB_019491,COMPUTER_SCIENCES_AND_INFORMATION_TECHNOLOGY
PUB_019492,COMPUTER_SCIENCES_AND_INFORMATION_TECHNOLOGY
PUB_019493,COMPUTER_SCIENCES_AND_INFORMATION_TECHNOLOGY
PUB_019494,COMPUTER_SCIENCES_AND_INFORMATION_TECHNOLOGY
PUB_019495,COMPUTER_SCIENCES_AND_INFORMATION_TECHNOLOGY
PUB_019496,COMPUTER_SCIENCES_AND_INFORMATION_TECHNOLOGY
PUB_019497,COMPUTER_SCIENCES_AND_INFORMATION_TECHNOLOGY
PUB_019498,COMPUTER_SCIENCES_AND_INFORMATION_TECHNOLOGY
PUB_019499,COMPUTER_SCIENCES_AND_INFORMATION_TECHNOLOGY
PUB_019500,COMPUTER_SCIENCES_AND_INFORMATION_TECHNOLOGY
PUB_019501,COMPUTER_SCIENCES_AND_INFORMATION_TECHNOLOGY
PUB_019502,COMPUTER_SCIENCES_AND_INFORMATION_TECHNOLOGY
PUB_019503,COMPUTER_SCIENCES_AND_INFORMATION_TECHNOLOGY
PUB_019504,COMPUTER_SCIENCES_AND_INFORMATION_TECHNOLOGY
PUB_019505,COMPUTER_SCIENCES_AND_INFORMATION_TECHNOLOGY
PUB_019506,COMPUTER_SCIENCES_AND_INFORMATION_TECHNOLOGY
PUB_019507,COMPUTER_SCIENCES_AND_INFORMATION_TECHNOLOGY
PUB_019508,COMPUTER_SCIENCES_AND_INFORMATION_TECHNOLOGY
PUB_019509,COMPUTER_SCIENCES_AND_INFORMATION_TECHNOLOGY
PUB_019510,COMPUTER_SCIENCES_AND_INFORMATION_TECHNOLOGY
PUB_019511,COMPUTER_SCIENCES_AND_INFORMATION_TECHNOLOGY
PUB_019512,COMPUTER_SCIENCES_AND_INFORMATION_TECHNOLOGY
PUB_019513,COMPUTER_SCIENCES_AND_INFORMATION_TECHNOLOGY
PUB_019514,COMPUTER_SCIENCES_AND_INFORMATION_TECHNOLOGY
PUB_019515,COMPUTER_SCIENCES_AND_INFORMATION_TECHNOLOGY
PUB_019516,COMPUTER_SCIENCES_AND_INFORMATION_TECHNOLOGY
PUB_019517,COMPUTER_SCIENCES_AND_INFORMATION_TECHNOLOGY
PUB_019518,COMPUTER_SCIENCES_AND_INFORMATION_TECHNOLOGY
PUB_019519,COMPUTER_SCIENCES_AND_INFORMATION_TECHNOLOGY
PUB_019520,COMPUTER_SCIENCES_AND_INFORMATION_TECHNOLOGY
PUB_019521,COMPUTER_SCIENCES_AND_INFORMATION_TECHNOLOGY
PUB_019522,COMPUTER_SCIENCES_AND_INFORMATION_TECHNOLOGY
PUB_019523,COMPUTER_SCIENCES_AND_INFORMATION_TECHNOLOGY
PUB_019524,COMPUTER_SCIENCES_AND_INFORMATION_TECHNOLOGY
PUB_019525,COMPUTER_SCIENCES_AND_INFORMATION_TECHNOLOGY
PUB_019526,COMPUTER_SCIENCES_AND_INFORMATION_TECHNOLOGY
PUB_019527,COMPUTER_SCIENCES_AND_INFORMATION_TECHNOLOGY
PUB_019528,COMPUTER_SCIENCES_AND_INFORMATION_TECHNOLOGY
PUB_019529,COMPUTER_SCIENCES_AND_INFORMATION_TECHNOLOGY
PUB_019530,COMPUTER_SCIENCES_AND_INFORMATION_TECHNOLOGY
PUB_019531,COMPUTER_SCIENCES_AND_INFORMATION_TECHNOLOGY
PUB_019532,COMPUTER_SCIENCES_AND_INFORMATION_TECHNOLOGY
PUB_019533,COMPUTER_SCIENCES_AND_INFORMATION_TECHNOLOGY
PUB_019534,COMPUTER_SCIENCES_AND_INFORMATION_TECHNOLOGY
PUB_019535,COMPUTER_SCIENCES_AND_INFORMATION_TECHNOLOGY
PUB_019536,COMPUTER_SCIENCES_AND_INFORMATION_TECHNOLOGY
PUB_019537,COMPUTER_SCIENCES_AND_INFORMATION_TECHNOLOGY
PUB_019538,COMPUTER_SCIENCES_AND_INFORMATION_TECHNOLOGY
PUB_019539,COMPUTER_SCIENCES_AND_INFORMATION_TECHNOLOGY
PUB_019540,COMPUTER_SCIENCES_AND_INFORMATION_TECHNOLOGY
PUB_019541,COMPUTER_SCIENCES_AND_INFORMATION_TECHNOLOGY
PUB_019542,COMPUTER_SCIENCES_AND_INFORMATION_TECHNOLOGY
PUB_019543,COMPUTER_SCIENCES_AND_INFORMATION_TECHNOLOGY
PUB_019544,COMPUTER_SCIENCES_AND_INFORMATION_TECHNOLOGY
PUB_019545,COMPUTER_SCIENCES_AND_INFORMATION_TECHNOLOGY
PUB_019546,COMPUTER_SCIENCES_AND_INFORMATION_TECHNOLOGY
PUB_019547,COMPUTER_SCIENCES_AND_INFORMATION_TECHNOLOGY
PUB_019548,COMPUTER_SCIENCES_AND_INFORMATION_TECHNOLOGY
PUB_019549,COMPUTER_SCIENCES_AND_INFORMATION_TECHNOLOGY
PUB_019550,COMPUTER_SCIENCES_AND_INFORMATION_TECHNOLOGY
PUB_019551,COMPUTER_SCIENCES_AND_INFORMATION_TECHNOLOGY
PUB_019552,COMPUTER_SCIENCES_AND_INFORMATION_TECHNOLOGY
PUB_019553,COMPUTER_SCIENCES_AND_INFORMATION_TECHNOLOGY
PUB_019554,COMPUTER_SCIENCES_AND_INFORMATION_TECHNOLOGY
PUB_019555,COMPUTER_SCIENCES_AND_INFORMATION_TECHNOLOGY
PUB_019556,COMPUTER_SCIENCES_AND_INFORMATION_TECHNOLOGY
PUB_019557,COMPUTER_SCIENCES_AND_INFORMATION_TECHNOLOGY
PUB_019558,COMPUTER_SCIENCES_AND_INFORMATION_TECHNOLOGY
PUB_019559,COMPUTER_SCIENCES_AND_INFORMATION_TECHNOLOGY
PUB_019560,COMPUTER_SCIENCES_AND_INFORMATION_TECHNOLOGY
PUB_019561,COMPUTER_SCIENCES_AND_INFORMATION_TECHNOLOGY
PUB_019562,COMPUTER_SCIENCES_AND_INFORMATION_TECHNOLOGY
PUB_019563,COMPUTER_SCIENCES_AND_INFORMATION_TECHNOLOGY
PUB_019564,COMPUTER_SCIENCES_AND_INFORMATION_TECHNOLOGY
PUB_019565,COMPUTER_SCIENCES_AND_INFORMATION_TECHNOLOGY
PUB_019566,COMPUTER_SCIENCES_AND_INFORMATION_TECHNOLOGY
PUB_019567,COMPUTER_SCIENCES_AND_INFORMATION_TECHNOLOGY
PUB_019568,COMPUTER_SCIENCES_AND_INFORMATION_TECHNOLOGY
PUB_019569,COMPUTER_SCIENCES_AND_INFORMATION_TECHNOLOGY
PUB_019570,COMPUTER_SCIENCES_AND_INFORMATION_TECHNOLOGY
PUB_019571,COMPUTER_SCIENCES_AND_INFORMATION_TECHNOLOGY
PUB_019572,COMPUTER_SCIENCES_AND_INFORMATION_TECHNOLOGY
PUB_019573,COMPUTER_SCIENCES_AND_INFORMATION_TECHNOLOGY
PUB_019574,COMPUTER_SCIENCES_AND_INFORMATION_TECHNOLOGY
PUB_019575,COMPUTER_SCIENCES_AND_INFORMATION_TECHNOLOGY
PUB_019576,COMPUTER_SCIENCES_AND_INFORMATION_TECHNOLOGY
PUB_019577,COMPUTER_SCIENCES_AND_INFORMATION_TECHNOLOGY
PUB_019578,COMPUTER_SCIENCES_AND_INFORMATION_TECHNOLOGY
PUB_019579,COMPUTER_SCIENCES_AND_INFORMATION_TECHNOLOGY
PUB_019580,COMPUTER_SCIENCES_AND_INFORMATION_TECHNOLOGY
PUB_019581,COMPUTER_SCIENCES_AND_INFORMATION_TECHNOLOGY
PUB_019582,COMPUTER_SCIENCES_AND_INFORMATION_TECHNOLOGY
PUB_019583,COMPUTER_SCIENCES_AND_INFORMATION_TECHNOLOGY
PUB_019584,COMPUTER_SCIENCES_AND_INFORMATION_TECHNOLOGY
PUB_019585,COMPUTER_SCIENCES_AND_INFORMATION_TECHNOLOGY
PUB_019586,COMPUTER_SCIENCES_AND_INFORMATION_TECHNOLOGY
PUB_019587,COMPUTER_SCIENCES_AND_INFORMATION_TECHNOLOGY
PUB_019588,COMPUTER_SCIENCES_AND_INFORMATION_TECHNOLOGY
PUB_019589,COMPUTER_SCIENCES_AND_INFORMATION_TECHNOLOGY
PUB_019590,COMPUTER_SCIENCES_AND_INFORMATION_TECHNOLOGY
PUB_019591,COMPUTER_SCIENCES_AND_INFORMATION_TECHNOLOGY
PUB_019592,COMPUTER_SCIENCES_AND_INFORMATION_TECHNOLOGY
PUB_019593,COMPUTER_SCIENCES_AND_INFORMATION_TECHNOLOGY
PUB_019594,COMPUTER_SCIENCES_AND_INFORMATION_TECHNOLOGY
PUB_019595,COMPUTER_SCIENCES_AND_INFORMATION_TECHNOLOGY
PUB_019596,COMPUTER_SCIENCES_AND_INFORMATION_TECHNOLOGY
PUB_019597,COMPUTER_SCIENCES_AND_INFORMATION_TECHNOLOGY
PUB_019598,COMPUTER_SCIENCES_AND_INFORMATION_TECHNOLOGY
PUB_019599,COMPUTER_SCIENCES_AND_INFORMATION_TECHNOLOGY
PUB_019600,COMPUTER_SCIENCES_AND_INFORMATION_TECHNOLOGY
PUB_019601,COMPUTER_SCIENCES_AND_INFORMATION_TECHNOLOGY
PUB_019602,COMPUTER_SCIENCES_AND_INFORMATION_TECHNOLOGY
PUB_019603,COMPUTER_SCIENCES_AND_INFORMATION_TECHNOLOGY
PUB_019604,COMPUTER_SCIENCES_AND_INFORMATION_TECHNOLOGY
PUB_019605,COMPUTER_SCIENCES_AND_INFORMATION_TECHNOLOGY
PUB_019606,COMPUTER_SCIENCES_AND_INFORMATION_TECHNOLOGY
PUB_019607,COMPUTER_SCIENCES_AND_INFORMATION_TECHNOLOGY
PUB_019608,COMPUTER_SCIENCES_AND_INFORMATION_TECHNOLOGY
PUB_019609,COMPUTER_SCIENCES_AND_INFORMATION_TECHNOLOGY
PUB_019610,COMPUTER_SCIENCES_AND_INFORMATION_TECHNOLOGY
PUB_019611,COMPUTER_SCIENCES_AND_INFORMATION_TECHNOLOGY
PUB_019612,COMPUTER_SCIENCES_AND_INFORMATION_TECHNOLOGY
PUB_019613,COMPUTER_SCIENCES_AND_INFORMATION_TECHNOLOGY
PUB_019614,COMPUTER_SCIENCES_AND_INFORMATION_TECHNOLOGY
PUB_019615,COMPUTER_SCIENCES_AND_INFORMATION_TECHNOLOGY
PUB_019616,COMPUTER_SCIENCES_AND_INFORMATION_TECHNOLOGY
PUB_019617,COMPUTER_SCIENCES_AND_INFORMATION_TECHNOLOGY
PUB_019618,COMPUTER_SCIENCES_AND_INFORMATION_TECHNOLOGY
PUB_019619,COMPUTER_SCIENCES_AND_INFORMATION_TECHNOLOGY
PUB_019620,COMPUTER_SCIENCES_AND_INFORMATION_TECHNOLOGY
PUB_019621,COMPUTER_SCIENCES_AND_INFORMATION_TECHNOLOGY
PUB_019622,COMPUTER_SCIENCES_AND_INFORMATION_TECHNOLOGY
PUB_019623,COMPUTER_SCIENCES_AND_INFORMATION_TECHNOLOGY
PUB_019624,COMPUTER_SCIENCES_AND_INFORMATION_TECHNOLOGY
PUB_019625,COMPUTER_SCIENCES_AND_INFORMATION_TECHNOLOGY
PUB_019626,COMPUTER_SCIENCES_AND_INFORMATION_TECHNOLOGY
PUB_019627,COMPUTER_SCIENCES_AND_INFORMATION_TECHNOLOGY
PUB_019628,COMPUTER_SCIENCES_AND_INFORMATION_TECHNOLOGY
PUB_019629,COMPUTER_SCIENCES_AND_INFORMATION_TECHNOLOGY
PUB_019630,COMPUTER_SCIENCES_AND_INFORMATION_TECHNOLOGY
PUB_019631,COMPUTER_SCIENCES_AND_INFORMATION_TECHNOLOGY
PUB_019632,COMPUTER_SCIENCES_AND_INFORMATION_TECHNOLOGY
PUB_019633,COMPUTER_SCIENCES_AND_INFORMATION_TECHNOLOGY
PUB_019634,COMPUTER_SCIENCES_AND_INFORMATION_TECHNOLOGY
PUB_019635,COMPUTER_SCIENCES_AND_INFORMATION_TECHNOLOGY
PUB_019636,COMPUTER_SCIENCES_AND_INFORMATION_TECHNOLOGY
PUB_019637,COMPUTER_SCIENCES_AND_INFORMATION_TECHNOLOGY
PUB_019638,COMPUTER_SCIENCES_AND_INFORMATION_TECHNOLOGY
PUB_019639,COMPUTER_SCIENCES_AND_INFORMATION_TECHNOLOGY
PUB_019640,COMPUTER_SCIENCES_AND_INFORMATION_TECHNOLOGY
PUB_019641,COMPUTER_SCIENCES_AND_INFORMATION_TECHNOLOGY
PUB_019642,COMPUTER_SCIENCES_AND_INFORMATION_TECHNOLOGY
PUB_019643,COMPUTER_SCIENCES_AND_INFORMATION_TECHNOLOGY
PUB_019644,COMPUTER_SCIENCES_AND_INFORMATION_TECHNOLOGY
PUB_019645,COMPUTER_SCIENCES_AND_INFORMATION_TECHNOLOGY
PUB_019646,COMPUTER_SCIENCES_AND_INFORMATION_TECHNOLOGY
PUB_019647,COMPUTER_SCIENCES_AND_INFORMATION_TECHNOLOGY
PUB_019648,COMPUTER_SCIENCES_AND_INFORMATION_TECHNOLOGY
PUB_019649,COMPUTER_SCIENCES_AND_INFORMATION_TECHNOLOGY
PUB_019650,COMPUTER_SCIENCES_AND_INFORMATION_TECHNOLOGY
PUB_019651,COMPUTER_SCIENCES_AND_INFORMATION_TECHNOLOGY
PUB_019652,COMPUTER_SCIENCES_AND_INFORMATION_TECHNOLOGY
PUB_019653,COMPUTER_SCIENCES_AND_INFORMATION_TECHNOLOGY
PUB_019654,COMPUTER_SCIENCES_AND_INFORMATION_TECHNOLOGY
PUB_019655,COMPUTER_SCIENCES_AND_INFORMATION_TECHNOLOGY
PUB_019656,COMPUTER_SCIENCES_AND_INFORMATION_TECHNOLOGY
PUB_019657,COMPUTER_SCIENCES_AND_INFORMATION_TECHNOLOGY
PUB_019658,COMPUTER_SCIENCES_AND_INFORMATION_TECHNOLOGY
PUB_019659,COMPUTER_SCIENCES_AND_INFORMATION_TECHNOLOGY
PUB_019660,COMPUTER_SCIENCES_AND_INFORMATION_TECHNOLOGY
PUB_019661,COMPUTER_SCIENCES_AND_INFORMATION_TECHNOLOGY
PUB_019662,COMPUTER_SCIENCES_AND_INFORMATION_TECHNOLOGY
PUB_019663,COMPUTER_SCIENCES_AND_INFORMATION_TECHNOLOGY
PUB_019664,COMPUTER_SCIENCES_AND_INFORMATION_TECHNOLOGY
PUB_019665,COMPUTER_SCIENCES_AND_INFORMATION_TECHNOLOGY
PUB_019666,COMPUTER_SCIENCES_AND_INFORMATION_TECHNOLOGY
PUB_019667,COMPUTER_SCIENCES_AND_INFORMATION_TECHNOLOGY
PUB_019668,COMPUTER_SCIENCES_AND_INFORMATION_TECHNOLOGY
PUB_019669,COMPUTER_SCIENCES_AND_INFORMATION_TECHNOLOGY
PUB_019670,COMPUTER_SCIENCES_AND_INFORMATION_TECHNOLOGY
PUB_019671,COMPUTER_SCIENCES_AND_INFORMATION_TECHNOLOGY
PUB_019672,COMPUTER_SCIENCES_AND_INFORMATION_TECHNOLOGY
PUB_019673,COMPUTER_SCIENCES_AND_INFORMATION_TECHNOLOGY
PUB_019674,COMPUTER_SCIENCES_AND_INFORMATION_TECHNOLOGY
PUB_019675,COMPUTER_SCIENCES_AND_INFORMATION_TECHNOLOGY
PUB_019676,COMPUTER_SCIENCES_AND_INFORMATION_TECHNOLOGY
PUB_019677,COMPUTER_SCIENCES_AND_INFORMATION_TECHNOLOGY
PUB_019678,COMPUTER_SCIENCES_AND_INFORMATION_TECHNOLOGY
PUB_019679,COMPUTER_SCIENCES_AND_INFORMATION_TECHNOLOGY
PUB_019680,COMPUTER_SCIENCES_AND_INFORMATION_TECHNOLOGY
PUB_019681,COMPUTER_SCIENCES_AND_INFORMATION_TECHNOLOGY
PUB_019682,COMPUTER_SCIENCES_AND_INFORMATION_TECHNOLOGY
PUB_019683,COMPUTER_SCIENCES_AND_INFORMATION_TECHNOLOGY
PUB_019684,COMPUTER_SCIENCES_AND_INFORMATION_TECHNOLOGY
PUB_019685,COMPUTER_SCIENCES_AND_INFORMATION_TECHNOLOGY
PUB_019686,COMPUTER_SCIENCES_AND_INFORMATION_TECHNOLOGY
PUB_019687,COMPUTER_SCIENCES_AND_INFORMATION_TECHNOLOGY
PUB_019688,COMPUTER_SCIENCES_AND_INFORMATION_TECHNOLOGY
PUB_019689,COMPUTER_SCIENCES_AND_INFORMATION_TECHNOLOGY
PUB_019690,COMPUTER_SCIENCES_AND_INFORMATION_TECHNOLOGY
PUB_019691,COMPUTER_SCIENCES_AND_INFORMATION_TECHNOLOGY
PUB_019692,COMPUTER_SCIENCES_AND_INFORMATION_TECHNOLOGY
PUB_019693,COMPUTER_SCIENCES_AND_INFORMATION_TECHNOLOGY
PUB_019694,COMPUTER_SCIENCES_AND_INFORMATION_TECHNOLOGY
PUB_019695,COMPUTER_SCIENCES_AND_INFORMATION_TECHNOLOGY
PUB_019696,COMPUTER_SCIENCES_AND_INFORMATION_TECHNOLOGY
PUB_019697,COMPUTER_SCIENCES_AND_INFORMATION_TECHNOLOGY
PUB_019698,COMPUTER_SCIENCES_AND_INFORMATION_TECHNOLOGY
PUB_019699,COMPUTER_SCIENCES_AND_INFORMATION_TECHNOLOGY
PUB_019700,COMPUTER_SCIENCES_AND_INFORMATION_TECHNOLOGY
PUB_019701,COMPUTER_SCIENCES_AND_INFORMATION_TECHNOLOGY
PUB_019702,COMPUTER_SCIENCES_AND_INFORMATION_TECHNOLOGY
PUB_019703,COMPUTER_SCIENCES_AND_INFORMATION_TECHNOLOGY
PUB_019704,COMPUTER_SCIENCES_AND_INFORMATION_TECHNOLOGY
PUB_019705,COMPUTER_SCIENCES_AND_INFORMATION_TECHNOLOGY
PUB_019706,COMPUTER_SCIENCES_AND_INFORMATION_TECHNOLOGY
PUB_019707,COMPUTER_SCIENCES_AND_INFORMATION_TECHNOLOGY
PUB_019708,COMPUTER_SCIENCES_AND_INFORMATION_TECHNOLOGY
PUB_019709,COMPUTER_SCIENCES_AND_INFORMATION_TECHNOLOGY
PUB_019710,COMPUTER_SCIENCES_AND_INFORMATION_TECHNOLOGY
PUB_019711,COMPUTER_SCIENCES_AND_INFORMATION_TECHNOLOGY
PUB_019712,COMPUTER_SCIENCES_AND_INFORMATION_TECHNOLOGY
PUB_019713,COMPUTER_SCIENCES_AND_INFORMATION_TECHNOLOGY
PUB_019714,COMPUTER_SCIENCES_AND_INFORMATION_TECHNOLOGY
PUB_019715,COMPUTER_SCIENCES_AND_INFORMATION_TECHNOLOGY
PUB_019716,COMPUTER_SCIENCES_AND_INFORMATION_TECHNOLOGY
PUB_019717,COMPUTER_SCIENCES_AND_INFORMATION_TECHNOLOGY
PUB_019718,COMPUTER_SCIENCES_AND_INFORMATION_TECHNOLOGY
PUB_019719,COMPUTER_SCIENCES_AND_INFORMATION_TECHNOLOGY
PUB_019720,COMPUTER_SCIENCES_AND_INFORMATION_TECHNOLOGY
PUB_019721,COMPUTER_SCIENCES_AND_INFORMATION_TECHNOLOGY
PUB_019722,COMPUTER_SCIENCES_AND_INFORMATION_TECHNOLOGY
PUB_019723,COMPUTER_SCIENCES_AND_INFORMATION_TECHNOLOGY
PUB_019724,COMPUTER_SCIENCES_AND_INFORMATION_TECHNOLOGY
PUB_019725,COMPUTER_SCIENCES_AND_INFORMATION_TECHNOLOGY
PUB_019726,COMPUTER_SCIENCES_AND_INFORMATION_TECHNOLOGY
PUB_019727,COMPUTER_SCIENCES_AND_INFORMATION_TECHNOLOGY
PUB_019728,COMPUTER_SCIENCES_AND_INFORMATION_TECHNOLOGY
PUB_019729,COMPUTER_SCIENCES_AND_INFORMATION_TECHNOLOGY
PUB_019730,COMPUTER_SCIENCES_AND_INFORMATION_TECHNOLOGY
PUB_019731,COMPUTER_SCIENCES_AND_INFORMATION_TECHNOLOGY
PUB_019732,COMPUTER_SCIENCES_AND_INFORMATION_TECHNOLOGY
PUB_019733,COMPUTER_SCIENCES_AND_INFORMATION_TECHNOLOGY
PUB_019734,COMPUTER_SCIENCES_AND_INFORMATION_TECHNOLOGY
PUB_019735,COMPUTER_SCIENCES_AND_INFORMATION_TECHNOLOGY
PUB_019736,COMPUTER_SCIENCES_AND_INFORMATION_TECHNOLOGY
PUB_019737,COMPUTER_SCIENCES_AND_INFORMATION_TECHNOLOGY
PUB_019738,COMPUTER_SCIENCES_AND_INFORMATION_TECHNOLOGY
PUB_019739,COMPUTER_SCIENCES_AND_INFORMATION_TECHNOLOGY
PUB_019740,COMPUTER_SCIENCES_AND_INFORMATION_TECHNOLOGY
PUB_019741,COMPUTER_SCIENCES_AND_INFORMATION_TECHNOLOGY
PUB_019742,COMPUTER_SCIENCES_AND_INFORMATION_TECHNOLOGY
PUB_019743,COMPUTER_SCIENCES_AND_INFORMATION_TECHNOLOGY
PUB_019744,COMPUTER_SCIENCES_AND_INFORMATION_TECHNOLOGY
PUB_019745,COMPUTER_SCIENCES_AND_INFORMATION_TECHNOLOGY
PUB_019746,COMPUTER_SCIENCES_AND_INFORMATION_TECHNOLOGY
PUB_019747,COMPUTER_SCIENCES_AND_INFORMATION_TECHNOLOGY
PUB_019748,COMPUTER_SCIENCES_AND_INFORMATION_TECHNOLOGY
PUB_019749,COMPUTER_SCIENCES_AND_INFORMATION_TECHNOLOGY
PUB_019750,COMPUTER_SCIENCES_AND_INFORMATION_TECHNOLOGY
PUB_019751,COMPUTER_SCIENCES_AND_INFORMATION_TECHNOLOGY
PUB_019752,COMPUTER_SCIENCES_AND_INFORMATION_TECHNOLOGY
PUB_019753,COMPUTER_SCIENCES_AND_INFORMATION_TECHNOLOGY
PUB_019754,COMPUTER_SCIENCES_AND_INFORMATION_TECHNOLOGY
PUB_019755,COMPUTER_SCIENCES_AND_INFORMATION_TECHNOLOGY
PUB_019756,COMPUTER_SCIENCES_AND_INFORMATION_TECHNOLOGY
PUB_019757,COMPUTER_SCIENCES_AND_INFORMATION_TECHNOLOGY
PUB_019758,COMPUTER_SCIENCES_AND_INFORMATION_TECHNOLOGY
PUB_019759,COMPUTER_SCIENCES_AND_INFORMATION_TECHNOLOGY
PUB_019760,COMPUTER_SCIENCES_AND_INFORMATION_TECHNOLOGY
PUB_019761,COMPUTER_SCIENCES_AND_INFORMATION_TECHNOLOGY
PUB_019762,COMPUTER_SCIENCES_AND_INFORMATION_TECHNOLOGY
PUB_019763,COMPUTER_SCIENCES_AND_INFORMATION_TECHNOLOGY
PUB_019764,COMPUTER_SCIENCES_AND_INFORMATION_TECHNOLOGY
PUB_019765,COMPUTER_SCIENCES_AND_INFORMATION_TECHNOLOGY
PUB_019766,COMPUTER_SCIENCES_AND_INFORMATION_TECHNOLOGY
PUB_019767,COMPUTER_SCIENCES_AND_INFORMATION_TECHNOLOGY
PUB_019768,COMPUTER_SCIENCES_AND_INFORMATION_TECHNOLOGY
PUB_019769,COMPUTER_SCIENCES_AND_INFORMATION_TECHNOLOGY
PUB_019770,COMPUTER_SCIENCES_AND_INFORMATION_TECHNOLOGY
PUB_019771,COMPUTER_SCIENCES_AND_INFORMATION_TECHNOLOGY
PUB_019772,COMPUTER_SCIENCES_AND_INFORMATION_TECHNOLOGY
PUB_019773,COMPUTER_SCIENCES_AND_INFORMATION_TECHNOLOGY
PUB_019774,COMPUTER_SCIENCES_AND_INFORMATION_TECHNOLOGY
PUB_019775,COMPUTER_SCIENCES_AND_INFORMATION_TECHNOLOGY
PUB_019776,COMPUTER_SCIENCES_AND_INFORMATION_TECHNOLOGY
PUB_019777,COMPUTER_SCIENCES_AND_INFORMATION_TECHNOLOGY
PUB_019778,COMPUTER_SCIENCES_AND_INFORMATION_TECHNOLOGY
PUB_019779,COMPUTER_SCIENCES_AND_INFORMATION_TECHNOLOGY
PUB_019780,COMPUTER_SCIENCES_AND_INFORMATION_TECHNOLOGY
PUB_019781,COMPUTER_SCIENCES_AND_INFORMATION_TECHNOLOGY
PUB_019782,COMPUTER_SCIENCES_AND_INFORMATION_TECHNOLOGY
PUB_019783,COMPUTER_SCIENCES_AND_INFORMATION_TECHNOLOGY
PUB_019784,COMPUTER_SCIENCES_AND_INFORMATION_TECHNOLOGY
PUB_019785,COMPUTER_SCIENCES_AND_INFORMATION_TECHNOLOGY
PUB_019786,COMPUTER_SCIENCES_AND_INFORMATION_TECHNOLOGY
PUB_019787,COMPUTER_SCIENCES_AND_INFORMATION_TECHNOLOGY
PUB_019788,COMPUTER_SCIENCES_AND_INFORMATION_TECHNOLOGY
PUB_019789,COMPUTER_SCIENCES_AND_INFORMATION_TECHNOLOGY
PUB_019790,COMPUTER_SCIENCES_AND_INFORMATION_TECHNOLOGY
PUB_019791,COMPUTER_SCIENCES_AND_INFORMATION_TECHNOLOGY
PUB_019792,COMPUTER_SCIENCES_AND_INFORMATION_TECHNOLOGY
PUB_019793,COMPUTER_SCIENCES_AND_INFORMATION_TECHNOLOGY
PUB_019794,COMPUTER_SCIENCES_AND_INFORMATION_TECHNOLOGY
PUB_019795,COMPUTER_SCIENCES_AND_INFORMATION_TECHNOLOGY
PUB_019796,COMPUTER_SCIENCES_AND_INFORMATION_TECHNOLOGY
PUB_019797,COMPUTER_SCIENCES_AND_INFORMATION_TECHNOLOGY
PUB_019798,COMPUTER_SCIENCES_AND_INFORMATION_TECHNOLOGY
PUB_019799,COMPUTER_SCIENCES_AND_INFORMATION_TECHNOLOGY
PUB_019800,COMPUTER_SCIENCES_AND_INFORMATION_TECHNOLOGY
PUB_019801,COMPUTER_SCIENCES_AND_INFORMATION_TECHNOLOGY
PUB_019802,COMPUTER_SCIENCES_AND_INFORMATION_TECHNOLOGY
PUB_019803,COMPUTER_SCIENCES_AND_INFORMATION_TECHNOLOGY
PUB_019804,COMPUTER_SCIENCES_AND_INFORMATION_TECHNOLOGY
PUB_019805,COMPUTER_SCIENCES_AND_INFORMATION_TECHNOLOGY
PUB_019806,COMPUTER_SCIENCES_AND_INFORMATION_TECHNOLOGY
PUB_019807,COMPUTER_SCIENCES_AND_INFORMATION_TECHNOLOGY
PUB_019808,COMPUTER_SCIENCES_AND_INFORMATION_TECHNOLOGY
PUB_019809,COMPUTER_SCIENCES_AND_INFORMATION_TECHNOLOGY
PUB_019810,COMPUTER_SCIENCES_AND_INFORMATION_TECHNOLOGY
PUB_019811,COMPUTER_SCIENCES_AND_INFORMATION_TECHNOLOGY
PUB_019812,COMPUTER_SCIENCES_AND_INFORMATION_TECHNOLOGY
PUB_019813,COMPUTER_SCIENCES_AND_INFORMATION_TECHNOLOGY
PUB_019814,COMPUTER_SCIENCES_AND_INFORMATION_TECHNOLOGY
PUB_019815,COMPUTER_SCIENCES_AND_INFORMATION_TECHNOLOGY
PUB_019816,COMPUTER_SCIENCES_AND_INFORMATION_TECHNOLOGY
PUB_019817,COMPUTER_SCIENCES_AND_INFORMATION_TECHNOLOGY
PUB_019818,COMPUTER_SCIENCES_AND_INFORMATION_TECHNOLOGY
PUB_019819,COMPUTER_SCIENCES_AND_INFORMATION_TECHNOLOGY
PUB_019820,COMPUTER_SCIENCES_AND_INFORMATION_TECHNOLOGY
PUB_019821,COMPUTER_SCIENCES_AND_INFORMATION_TECHNOLOGY
PUB_019822,COMPUTER_SCIENCES_AND_INFORMATION_TECHNOLOGY
PUB_019823,COMPUTER_SCIENCES_AND_INFORMATION_TECHNOLOGY
PUB_019824,COMPUTER_SCIENCES_AND_INFORMATION_TECHNOLOGY
PUB_019825,COMPUTER_SCIENCES_AND_INFORMATION_TECHNOLOGY
PUB_019826,COMPUTER_SCIENCES_AND_INFORMATION_TECHNOLOGY
PUB_019827,COMPUTER_SCIENCES_AND_INFORMATION_TECHNOLOGY
PUB_019828,COMPUTER_SCIENCES_AND_INFORMATION_TECHNOLOGY
PUB_019829,COMPUTER_SCIENCES_AND_INFORMATION_TECHNOLOGY
PUB_019830,COMPUTER_SCIENCES_AND_INFORMATION_TECHNOLOGY
PUB_019831,COMPUTER_SCIENCES_AND_INFORMATION_TECHNOLOGY
PUB_019832,COMPUTER_SCIENCES_AND_INFORMATION_TECHNOLOGY
PUB_019833,COMPUTER_SCIENCES_AND_INFORMATION_TECHNOLOGY
PUB_019834,COMPUTER_SCIENCES_AND_INFORMATION_TECHNOLOGY
PUB_019835,COMPUTER_SCIENCES_AND_INFORMATION_TECHNOLOGY
PUB_019836,COMPUTER_SCIENCES_AND_INFORMATION_TECHNOLOGY
PUB_019837,COMPUTER_SCIENCES_AND_INFORMATION_TECHNOLOGY
PUB_019838,COMPUTER_SCIENCES_AND_INFORMATION_TECHNOLOGY
PUB_019839,COMPUTER_SCIENCES_AND_INFORMATION_TECHNOLOGY
PUB_019840,COMPUTER_SCIENCES_AND_INFORMATION_TECHNOLOGY
PUB_019841,COMPUTER_SCIENCES_AND_INFORMATION_TECHNOLOGY
PUB_019842,COMPUTER_SCIENCES_AND_INFORMATION_TECHNOLOGY
PUB_019843,COMPUTER_SCIENCES_AND_INFORMATION_TECHNOLOGY
PUB_019844,COMPUTER_SCIENCES_AND_INFORMATION_TECHNOLOGY
PUB_019845,COMPUTER_SCIENCES_AND_INFORMATION_TECHNOLOGY
PUB_019846,COMPUTER_SCIENCES_AND_INFORMATION_TECHNOLOGY
PUB_019847,COMPUTER_SCIENCES_AND_INFORMATION_TECHNOLOGY
PUB_019848,COMPUTER_SCIENCES_AND_INFORMATION_TECHNOLOGY
PUB_019849,COMPUTER_SCIENCES_AND_INFORMATION_TECHNOLOGY
PUB_019850,COMPUTER_SCIENCES_AND_INFORMATION_TECHNOLOGY
PUB_019851,COMPUTER_SCIENCES_AND_INFORMATION_TECHNOLOGY
PUB_019852,COMPUTER_SCIENCES_AND_INFORMATION_TECHNOLOGY
PUB_019853,COMPUTER_SCIENCES_AND_INFORMATION_TECHNOLOGY
PUB_019854,COMPUTER_SCIENCES_AND_INFORMATION_TECHNOLOGY
PUB_019855,COMPUTER_SCIENCES_AND_INFORMATION_TECHNOLOGY
PUB_019856,COMPUTER_SCIENCES_AND_INFORMATION_TECHNOLOGY
PUB_019857,COMPUTER_SCIENCES_AND_INFORMATION_TECHNOLOGY
PUB_019858,COMPUTER_SCIENCES_AND_INFORMATION_TECHNOLOGY
PUB_019859,COMPUTER_SCIENCES_AND_INFORMATION_TECHNOLOGY
PUB_019860,COMPUTER_SCIENCES_AND_INFORMATION_TECHNOLOGY
PUB_019861,COMPUTER_SCIENCES_AND_INFORMATION_TECHNOLOGY
PUB_019862,COMPUTER_SCIENCES_AND_INFORMATION_TECHNOLOGY
PUB_019863,COMPUTER_SCIENCES_AND_INFORMATION_TECHNOLOGY
PUB_019864,COMPUTER_SCIENCES_AND_INFORMATION_TECHNOLOGY
PUB_019865,COMPUTER_SCIENCES_AND_INFORMATION_TECHNOLOGY
PUB_019866,COMPUTER_SCIENCES_AND_INFORMATION_TECHNOLOGY
PUB_019867,COMPUTER_SCIENCES_AND_INFORMATION_TECHNOLOGY
PUB_019868,COMPUTER_SCIENCES_AND_INFORMATION_TECHNOLOGY
PUB_019869,COMPUTER_SCIENCES_AND_INFORMATION_TECHNOLOGY
PUB_019870,COMPUTER_SCIENCES_AND_INFORMATION_TECHNOLOGY
PUB_019871,COMPUTER_SCIENCES_AND_INFORMATION_TECHNOLOGY
PUB_019872,COMPUTER_SCIENCES_AND_INFORMATION_TECHNOLOGY
PUB_019873,COMPUTER_SCIENCES_AND_INFORMATION_TECHNOLOGY
PUB_019874,COMPUTER_SCIENCES_AND_INFORMATION_TECHNOLOGY
PUB_019875,COMPUTER_SCIENCES_AND_INFORMATION_TECHNOLOGY
PUB_019876,COMPUTER_SCIENCES_AND_INFORMATION_TECHNOLOGY
PUB_019877,COMPUTER_SCIENCES_AND_INFORMATION_TECHNOLOGY
PUB_019878,COMPUTER_SCIENCES_AND_INFORMATION_TECHNOLOGY
PUB_019879,COMPUTER_SCIENCES_AND_INFORMATION_TECHNOLOGY
PUB_019880,COMPUTER_SCIENCES_AND_INFORMATION_TECHNOLOGY
PUB_019881,COMPUTER_SCIENCES_AND_INFORMATION_TECHNOLOGY
PUB_019882,COMPUTER_SCIENCES_AND_INFORMATION_TECHNOLOGY
PUB_019883,COMPUTER_SCIENCES_AND_INFORMATION_TECHNOLOGY
PUB_019884,COMPUTER_SCIENCES_AND_INFORMATION_TECHNOLOGY
PUB_019885,COMPUTER_SCIENCES_AND_INFORMATION_TECHNOLOGY
PUB_019886,COMPUTER_SCIENCES_AND_INFORMATION_TECHNOLOGY
PUB_019887,COMPUTER_SCIENCES_AND_INFORMATION_TECHNOLOGY
PUB_019888,COMPUTER_SCIENCES_AND_INFORMATION_TECHNOLOGY
PUB_019889,COMPUTER_SCIENCES_AND_INFORMATION_TECHNOLOGY
PUB_019890,COMPUTER_SCIENCES_AND_INFORMATION_TECHNOLOGY
PUB_019891,COMPUTER_SCIENCES_AND_INFORMATION_TECHNOLOGY
PUB_019892,COMPUTER_SCIENCES_AND_INFORMATION_TECHNOLOGY
PUB_019893,COMPUTER_SCIENCES_AND_INFORMATION_TECHNOLOGY
PUB_019894,COMPUTER_SCIENCES_AND_INFORMATION_TECHNOLOGY
PUB_019895,COMPUTER_SCIENCES_AND_INFORMATION_TECHNOLOGY
PUB_019896,COMPUTER_SCIENCES_AND_INFORMATION_TECHNOLOGY
PUB_019897,COMPUTER_SCIENCES_AND_INFORMATION_TECHNOLOGY
PUB_019898,COMPUTER_SCIENCES_AND_INFORMATION_TECHNOLOGY
PUB_019899,COMPUTER_SCIENCES_AND_INFORMATION_TECHNOLOGY
PUB_019900,COMPUTER_SCIENCES_AND_INFORMATION_TECHNOLOGY
PUB_019901,COMPUTER_SCIENCES_AND_INFORMATION_TECHNOLOGY
PUB_019902,COMPUTER_SCIENCES_AND_INFORMATION_TECHNOLOGY
PUB_019903,COMPUTER_SCIENCES_AND_INFORMATION_TECHNOLOGY
PUB_019904,COMPUTER_SCIENCES_AND_INFORMATION_TECHNOLOGY
PUB_019905,COMPUTER_SCIENCES_AND_INFORMATION_TECHNOLOGY
PUB_019906,COMPUTER_SCIENCES_AND_INFORMATION_TECHNOLOGY
PUB_019907,COMPUTER_SCIENCES_AND_INFORMATION_TECHNOLOGY
PUB_019908,COMPUTER_SCIENCES_AND_INFORMATION_TECHNOLOGY
PUB_019909,COMPUTER_SCIENCES_AND_INFORMATION_TECHNOLOGY
PUB_019910,COMPUTER_SCIENCES_AND_INFORMATION_TECHNOLOGY
PUB_019911,COMPUTER_SCIENCES_AND_INFORMATION_TECHNOLOGY
PUB_019912,COMPUTER_SCIENCES_AND_INFORMATION_TECHNOLOGY
PUB_019913,COMPUTER_SCIENCES_AND_INFORMATION_TECHNOLOGY
PUB_019914,COMPUTER_SCIENCES_AND_INFORMATION_TECHNOLOGY
PUB_019915,COMPUTER_SCIENCES_AND_INFORMATION_TECHNOLOGY
PUB_019916,COMPUTER_SCIENCES_AND_INFORMATION_TECHNOLOGY
PUB_019917,COMPUTER_SCIENCES_AND_INFORMATION_TECHNOLOGY
PUB_019918,COMPUTER_SCIENCES_AND_INFORMATION_TECHNOLOGY
PUB_019919,COMPUTER_SCIENCES_AND_INFORMATION_TECHNOLOGY
PUB_019920,COMPUTER_SCIENCES_AND_INFORMATION_TECHNOLOGY
PUB_019921,COMPUTER_SCIENCES_AND_INFORMATION_TECHNOLOGY
PUB_019922,COMPUTER_SCIENCES_AND_INFORMATION_TECHNOLOGY
PUB_019923,COMPUTER_SCIENCES_AND_INFORMATION_TECHNOLOGY
PUB_019924,COMPUTER_SCIENCES_AND_INFORMATION_TECHNOLOGY
PUB_019925,COMPUTER_SCIENCES_AND_INFORMATION_TECHNOLOGY
PUB_019926,COMPUTER_SCIENCES_AND_INFORMATION_TECHNOLOGY
PUB_019927,COMPUTER_SCIENCES_AND_INFORMATION_TECHNOLOGY
PUB_019928,COMPUTER_SCIENCES_AND_INFORMATION_TECHNOLOGY
PUB_019929,COMPUTER_SCIENCES_AND_INFORMATION_TECHNOLOGY
PUB_019930,COMPUTER_SCIENCES_AND_INFORMATION_TECHNOLOGY
PUB_019931,COMPUTER_SCIENCES_AND_INFORMATION_TECHNOLOGY
PUB_019932,COMPUTER_SCIENCES_AND_INFORMATION_TECHNOLOGY
PUB_019933,COMPUTER_SCIENCES_AND_INFORMATION_TECHNOLOGY
PUB_019934,COMPUTER_SCIENCES_AND_INFORMATION_TECHNOLOGY
PUB_019935,COMPUTER_SCIENCES_AND_INFORMATION_TECHNOLOGY
PUB_019936,COMPUTER_SCIENCES_AND_INFORMATION_TECHNOLOGY
PUB_019937,COMPUTER_SCIENCES_AND_INFORMATION_TECHNOLOGY
PUB_019938,COMPUTER_SCIENCES_AND_INFORMATION_TECHNOLOGY
PUB_019939,COMPUTER_SCIENCES_AND_INFORMATION_TECHNOLOGY
PUB_019940,COMPUTER_SCIENCES_AND_INFORMATION_TECHNOLOGY
PUB_019941,COMPUTER_SCIENCES_AND_INFORMATION_TECHNOLOGY
PUB_019942,COMPUTER_SCIENCES_AND_INFORMATION_TECHNOLOGY
PUB_019943,COMPUTER_SCIENCES_AND_INFORMATION_TECHNOLOGY
PUB_019944,COMPUTER_SCIENCES_AND_INFORMATION_TECHNOLOGY
PUB_019945,COMPUTER_SCIENCES_AND_INFORMATION_TECHNOLOGY
PUB_019946,COMPUTER_SCIENCES_AND_INFORMATION_TECHNOLOGY
PUB_019947,COMPUTER_SCIENCES_AND_INFORMATION_TECHNOLOGY
PUB_019948,COMPUTER_SCIENCES_AND_INFORMATION_TECHNOLOGY
PUB_019949,COMPUTER_SCIENCES_AND_INFORMATION_TECHNOLOGY
PUB_019950,COMPUTER_SCIENCES_AND_INFORMATION_TECHNOLOGY
PUB_019951,COMPUTER_SCIENCES_AND_INFORMATION_TECHNOLOGY
PUB_019952,COMPUTER_SCIENCES_AND_INFORMATION_TECHNOLOGY
PUB_019953,COMPUTER_SCIENCES_AND_INFORMATION_TECHNOLOGY
PUB_019954,COMPUTER_SCIENCES_AND_INFORMATION_TECHNOLOGY
PUB_019955,COMPUTER_SCIENCES_AND_INFORMATION_TECHNOLOGY
PUB_019956,COMPUTER_SCIENCES_AND_INFORMATION_TECHNOLOGY
PUB_019957,COMPUTER_SCIENCES_AND_INFORMATION_TECHNOLOGY
PUB_019958,COMPUTER_SCIENCES_AND_INFORMATION_TECHNOLOGY
PUB_019959,COMPUTER_SCIENCES_AND_INFORMATION_TECHNOLOGY
PUB_019960,COMPUTER_SCIENCES_AND_INFORMATION_TECHNOLOGY
PUB_019961,COMPUTER_SCIENCES_AND_INFORMATION_TECHNOLOGY
PUB_019962,COMPUTER_SCIENCES_AND_INFORMATION_TECHNOLOGY
PUB_019963,COMPUTER_SCIENCES_AND_INFORMATION_TECHNOLOGY
PUB_019964,COMPUTER_SCIENCES_AND_INFORMATION_TECHNOLOGY
PUB_019965,COMPUTER_SCIENCES_AND_INFORMATION_TECHNOLOGY
PUB_019966,COMPUTER_SCIENCES_AND_INFORMATION_TECHNOLOGY
PUB_019967,COMPUTER_SCIENCES_AND_INFORMATION_TECHNOLOGY
PUB_019968,COMPUTER_SCIENCES_AND_INFORMATION_TECHNOLOGY
PUB_019969,COMPUTER_SCIENCES_AND_INFORMATION_TECHNOLOGY
PUB_019970,COMPUTER_SCIENCES_AND_INFORMATION_TECHNOLOGY
PUB_019971,COMPUTER_SCIENCES_AND_INFORMATION_TECHNOLOGY
PUB_019972,COMPUTER_SCIENCES_AND_INFORMATION_TECHNOLOGY
PUB_019973,COMPUTER_SCIENCES_AND_INFORMATION_TECHNOLOGY
PUB_019974,COMPUTER_SCIENCES_AND_INFORMATION_TECHNOLOGY
PUB_019975,COMPUTER_SCIENCES_AND_INFORMATION_TECHNOLOGY
PUB_019976,COMPUTER_SCIENCES_AND_INFORMATION_TECHNOLOGY
PUB_019977,COMPUTER_SCIENCES_AND_INFORMATION_TECHNOLOGY
PUB_019978,COMPUTER_SCIENCES_AND_INFORMATION_TECHNOLOGY
PUB_019979,COMPUTER_SCIENCES_AND_INFORMATION_TECHNOLOGY
PUB_019980,COMPUTER_SCIENCES_AND_INFORMATION_TECHNOLOGY
PUB_019981,COMPUTER_SCIENCES_AND_INFORMATION_TECHNOLOGY
PUB_019982,COMPUTER_SCIENCES_AND_INFORMATION_TECHNOLOGY
PUB_019983,COMPUTER_SCIENCES_AND_INFORMATION_TECHNOLOGY
PUB_019984,COMPUTER_SCIENCES_AND_INFORMATION_TECHNOLOGY
PUB_019985,COMPUTER_SCIENCES_AND_INFORMATION_TECHNOLOGY
PUB_019986,COMPUTER_SCIENCES_AND_INFORMATION_TECHNOLOGY
PUB_019987,COMPUTER_SCIENCES_AND_INFORMATION_TECHNOLOGY
PUB_019988,COMPUTER_SCIENCES_AND_INFORMATION_TECHNOLOGY
PUB_019989,COMPUTER_SCIENCES_AND_INFORMATION_TECHNOLOGY
PUB_019990,COMPUTER_SCIENCES_AND_INFORMATION_TECHNOLOGY
PUB_019991,COMPUTER_SCIENCES_AND_INFORMATION_TECHNOLOGY
PUB_019992,COMPUTER_SCIENCES_AND_INFORMATION_TECHNOLOGY
PUB_019993,COMPUTER_SCIENCES_AND_INFORMATION_TECHNOLOGY
PUB_019994,COMPUTER_SCIENCES_AND_INFORMATION_TECHNOLOGY
PUB_019995,COMPUTER_SCIENCES_AND_INFORMATION_TECHNOLOGY
PUB_019996,COMPUTER_SCIENCES_AND_INFORMATION_TECHNOLOGY
PUB_019997,COMPUTER_SCIENCES_AND_INFORMATION_TECHNOLOGY
PUB_019998,COMPUTER_SCIENCES_AND_INFORMATION_TECHNOLOGY
PUB_019999,COMPUTER_SCIENCES_AND_INFORMATION_TECHNOLOGY
PUB_020000,COMPUTER_SCIENCES_AND_INFORMATION_TECHNOLOGY
PUB_020001,COMPUTER_SCIENCES_AND_INFORMATION_TECHNOLOGY
PUB_020002,COMPUTER_SCIENCES_AND_INFORMATION_TECHNOLOGY
PUB_020003,COMPUTER_SCIENCES_AND_INFORMATION_TECHNOLOGY
PUB_020004,COMPUTER_SCIENCES_AND_INFORMATION_TECHNOLOGY
PUB_020005,COMPUTER_SCIENCES_AND_INFORMATION_TECHNOLOGY
PUB_020006,COMPUTER_SCIENCES_AND_INFORMATION_TECHNOLOGY
PUB_020007,COMPUTER_SCIENCES_AND_INFORMATION_TECHNOLOGY
PUB_020008,COMPUTER_SCIENCES_AND_INFORMATION_TECHNOLOGY
PUB_020009,COMPUTER_SCIENCES_AND_INFORMATION_TECHNOLOGY
PUB_020010,COMPUTER_SCIENCES_AND_INFORMATION_TECHNOLOGY
PUB_020011,COMPUTER_SCIENCES_AND_INFORMATION_TECHNOLOGY
PUB_020012,COMPUTER_SCIENCES_AND_INFORMATION_TECHNOLOGY
PUB_020013,COMPUTER_SCIENCES_AND_INFORMATION_TECHNOLOGY
PUB_020014,COMPUTER_SCIENCES_AND_INFORMATION_TECHNOLOGY
PUB_020015,COMPUTER_SCIENCES_AND_INFORMATION_TECHNOLOGY
PUB_020016,COMPUTER_SCIENCES_AND_INFORMATION_TECHNOLOGY
PUB_020017,COMPUTER_SCIENCES_AND_INFORMATION_TECHNOLOGY
PUB_020018,COMPUTER_SCIENCES_AND_INFORMATION_TECHNOLOGY
PUB_020019,COMPUTER_SCIENCES_AND_INFORMATION_TECHNOLOGY
PUB_020020,COMPUTER_SCIENCES_AND_INFORMATION_TECHNOLOGY
PUB_020021,COMPUTER_SCIENCES_AND_INFORMATION_TECHNOLOGY
PUB_020022,COMPUTER_SCIENCES_AND_INFORMATION_TECHNOLOGY
PUB_020023,COMPUTER_SCIENCES_AND_INFORMATION_TECHNOLOGY
PUB_020024,COMPUTER_SCIENCES_AND_INFORMATION_TECHNOLOGY
PUB_020025,COMPUTER_SCIENCES_AND_INFORMATION_TECHNOLOGY
PUB_020026,COMPUTER_SCIENCES_AND_INFORMATION_TECHNOLOGY
PUB_020027,COMPUTER_SCIENCES_AND_INFORMATION_TECHNOLOGY
PUB_020028,COMPUTER_SCIENCES_AND_INFORMATION_TECHNOLOGY
PUB_020029,COMPUTER_SCIENCES_AND_INFORMATION_TECHNOLOGY
PUB_020030,COMPUTER_SCIENCES_AND_INFORMATION_TECHNOLOGY
PUB_020031,COMPUTER_SCIENCES_AND_INFORMATION_TECHNOLOGY
PUB_020032,COMPUTER_SCIENCES_AND_INFORMATION_TECHNOLOGY
PUB_020033,COMPUTER_SCIENCES_AND_INFORMATION_TECHNOLOGY
PUB_020034,COMPUTER_SCIENCES_AND_INFORMATION_TECHNOLOGY
PUB_020035,COMPUTER_SCIENCES_AND_INFORMATION_TECHNOLOGY
PUB_020036,COMPUTER_SCIENCES_AND_INFORMATION_TECHNOLOGY
PUB_020037,COMPUTER_SCIENCES_AND_INFORMATION_TECHNOLOGY
PUB_020038,COMPUTER_SCIENCES_AND_INFORMATION_TECHNOLOGY
PUB_020039,COMPUTER_SCIENCES_AND_INFORMATION_TECHNOLOGY
PUB_020040,COMPUTER_SCIENCES_AND_INFORMATION_TECHNOLOGY
PUB_020041,COMPUTER_SCIENCES_AND_INFORMATION_TECHNOLOGY
PUB_020042,COMPUTER_SCIENCES_AND_INFORMATION_TECHNOLOGY
PUB_020043,COMPUTER_SCIENCES_AND_INFORMATION_TECHNOLOGY
PUB_020044,COMPUTER_SCIENCES_AND_INFORMATION_TECHNOLOGY
PUB_020045,COMPUTER_SCIENCES_AND_INFORMATION_TECHNOLOGY
PUB_020046,COMPUTER_SCIENCES_AND_INFORMATION_TECHNOLOGY
PUB_020047,COMPUTER_SCIENCES_AND_INFORMATION_TECHNOLOGY
PUB_020048,COMPUTER_SCIENCES_AND_INFORMATION_TECHNOLOGY
PUB_020049,COMPUTER_SCIENCES_AND_INFORMATION_TECHNOLOGY
PUB_020050,COMPUTER_SCIENCES_AND_INFORMATION_TECHNOLOGY
PUB_020051,COMPUTER_SCIENCES_AND_INFORMATION_TECHNOLOGY
PUB_020052,COMPUTER_SCIENCES_AND_INFORMATION_TECHNOLOGY
PUB_020053,COMPUTER_SCIENCES_AND_INFORMATION_TECHNOLOGY
PUB_020054,COMPUTER_SCIENCES_AND_INFORMATION_TECHNOLOGY
PUB_020055,COMPUTER_SCIENCES_AND_INFORMATION_TECHNOLOGY
PUB_020056,COMPUTER_SCIENCES_AND_INFORMATION_TECHNOLOGY
PUB_020057,COMPUTER_SCIENCES_AND_INFORMATION_TECHNOLOGY
PUB_020058,COMPUTER_SCIENCES_AND_INFORMATION_TECHNOLOGY
PUB_020059,COMPUTER_SCIENCES_AND_INFORMATION_TECHNOLOGY
PUB_020060,COMPUTER_SCIENCES_AND_INFORMATION_TECHNOLOGY
PUB_020061,COMPUTER_SCIENCES_AND_INFORMATION_TECHNOLOGY
PUB_020062,COMPUTER_SCIENCES_AND_INFORMATION_TECHNOLOGY
PUB_020063,COMPUTER_SCIENCES_AND_INFORMATION_TECHNOLOGY
PUB_020064,COMPUTER_SCIENCES_AND_INFORMATION_TECHNOLOGY
PUB_020065,COMPUTER_SCIENCES_AND_INFORMATION_TECHNOLOGY
PUB_020066,COMPUTER_SCIENCES_AND_INFORMATION_TECHNOLOGY
PUB_020067,COMPUTER_SCIENCES_AND_INFORMATION_TECHNOLOGY
PUB_020068,COMPUTER_SCIENCES_AND_INFORMATION_TECHNOLOGY
PUB_020069,COMPUTER_SCIENCES_AND_INFORMATION_TECHNOLOGY
PUB_020070,COMPUTER_SCIENCES_AND_INFORMATION_TECHNOLOGY
PUB_020071,COMPUTER_SCIENCES_AND_INFORMATION_TECHNOLOGY
PUB_020072,COMPUTER_SCIENCES_AND_INFORMATION_TECHNOLOGY
PUB_020073,COMPUTER_SCIENCES_AND_INFORMATION_TECHNOLOGY
PUB_020074,COMPUTER_SCIENCES_AND_INFORMATION_TECHNOLOGY
PUB_020075,COMPUTER_SCIENCES_AND_INFORMATION_TECHNOLOGY
PUB_020076,COMPUTER_SCIENCES_AND_INFORMATION_TECHNOLOGY
PUB_020077,COMPUTER_SCIENCES_AND_INFORMATION_TECHNOLOGY
PUB_020078,COMPUTER_SCIENCES_AND_INFORMATION_TECHNOLOGY
PUB_020079,COMPUTER_SCIENCES_AND_INFORMATION_TECHNOLOGY
PUB_020080,COMPUTER_SCIENCES_AND_INFORMATION_TECHNOLOGY
PUB_020081,COMPUTER_SCIENCES_AND_INFORMATION_TECHNOLOGY
PUB_020082,COMPUTER_SCIENCES_AND_INFORMATION_TECHNOLOGY
PUB_020083,COMPUTER_SCIENCES_AND_INFORMATION_TECHNOLOGY
PUB_020084,COMPUTER_SCIENCES_AND_INFORMATION_TECHNOLOGY
PUB_020085,COMPUTER_SCIENCES_AND_INFORMATION_TECHNOLOGY
PUB_020086,COMPUTER_SCIENCES_AND_INFORMATION_TECHNOLOGY
PUB_020087,COMPUTER_SCIENCES_AND_INFORMATION_TECHNOLOGY
PUB_020088,COMPUTER_SCIENCES_AND_INFORMATION_TECHNOLOGY
PUB_020089,COMPUTER_SCIENCES_AND_INFORMATION_TECHNOLOGY
PUB_020090,COMPUTER_SCIENCES_AND_INFORMATION_TECHNOLOGY
PUB_020091,COMPUTER_SCIENCES_AND_INFORMATION_TECHNOLOGY
PUB_020092,COMPUTER_SCIENCES_AND_INFORMATION_TECHNOLOGY
PUB_020093,COMPUTER_SCIENCES_AND_INFORMATION_TECHNOLOGY
PUB_020094,COMPUTER_SCIENCES_AND_INFORMATION_TECHNOLOGY
PUB_020095,COMPUTER_SCIENCES_AND_INFORMATION_TECHNOLOGY
PUB_020096,COMPUTER_SCIENCES_AND_INFORMATION_TECHNOLOGY
PUB_020097,COMPUTER_SCIENCES_AND_INFORMATION_TECHNOLOGY
PUB_020098,COMPUTER_SCIENCES_AND_INFORMATION_TECHNOLOGY
PUB_020099,COMPUTER_SCIENCES_AND_INFORMATION_TECHNOLOGY
PUB_020100,COMPUTER_SCIENCES_AND_INFORMATION_TECHNOLOGY
PUB_020101,COMPUTER_SCIENCES_AND_INFORMATION_TECHNOLOGY
PUB_020102,COMPUTER_SCIENCES_AND_INFORMATION_TECHNOLOGY
PUB_020103,COMPUTER_SCIENCES_AND_INFORMATION_TECHNOLOGY
PUB_020104,COMPUTER_SCIENCES_AND_INFORMATION_TECHNOLOGY
PUB_020105,COMPUTER_SCIENCES_AND_INFORMATION_TECHNOLOGY
PUB_020106,COMPUTER_SCIENCES_AND_INFORMATION_TECHNOLOGY
PUB_020107,COMPUTER_SCIENCES_AND_INFORMATION_TECHNOLOGY
PUB_020108,COMPUTER_SCIENCES_AND_INFORMATION_TECHNOLOGY
PUB_020109,COMPUTER_SCIENCES_AND_INFORMATION_TECHNOLOGY
PUB_020110,COMPUTER_SCIENCES_AND_INFORMATION_TECHNOLOGY
PUB_020111,COMPUTER_SCIENCES_AND_INFORMATION_TECHNOLOGY
PUB_020112,COMPUTER_SCIENCES_AND_INFORMATION_TECHNOLOGY
PUB_020113,COMPUTER_SCIENCES_AND_INFORMATION_TECHNOLOGY
PUB_020114,COMPUTER_SCIENCES_AND_INFORMATION_TECHNOLOGY
PUB_020115,COMPUTER_SCIENCES_AND_INFORMATION_TECHNOLOGY
PUB_020116,COMPUTER_SCIENCES_AND_INFORMATION_TECHNOLOGY
PUB_020117,COMPUTER_SCIENCES_AND_INFORMATION_TECHNOLOGY
PUB_020118,COMPUTER_SCIENCES_AND_INFORMATION_TECHNOLOGY
PUB_020119,COMPUTER_SCIENCES_AND_INFORMATION_TECHNOLOGY
PUB_020120,COMPUTER_SCIENCES_AND_INFORMATION_TECHNOLOGY
PUB_020121,COMPUTER_SCIENCES_AND_INFORMATION_TECHNOLOGY
PUB_020122,COMPUTER_SCIENCES_AND_INFORMATION_TECHNOLOGY
PUB_020123,COMPUTER_SCIENCES_AND_INFORMATION_TECHNOLOGY
PUB_020124,COMPUTER_SCIENCES_AND_INFORMATION_TECHNOLOGY
PUB_020125,COMPUTER_SCIENCES_AND_INFORMATION_TECHNOLOGY
PUB_020126,COMPUTER_SCIENCES_AND_INFORMATION_TECHNOLOGY
PUB_020127,COMPUTER_SCIENCES_AND_INFORMATION_TECHNOLOGY
PUB_020128,COMPUTER_SCIENCES_AND_INFORMATION_TECHNOLOGY
PUB_020129,COMPUTER_SCIENCES_AND_INFORMATION_TECHNOLOGY
PUB_020130,COMPUTER_SCIENCES_AND_INFORMATION_TECHNOLOGY
PUB_020131,COMPUTER_SCIENCES_AND_INFORMATION_TECHNOLOGY
PUB_020132,COMPUTER_SCIENCES_AND_INFORMATION_TECHNOLOGY
PUB_020133,COMPUTER_SCIENCES_AND_INFORMATION_TECHNOLOGY
PUB_020134,COMPUTER_SCIENCES_AND_INFORMATION_TECHNOLOGY
PUB_020135,COMPUTER_SCIENCES_AND_INFORMATION_TECHNOLOGY
PUB_020136,COMPUTER_SCIENCES_AND_INFORMATION_TECHNOLOGY
PUB_020137,COMPUTER_SCIENCES_AND_INFORMATION_TECHNOLOGY
PUB_020138,COMPUTER_SCIENCES_AND_INFORMATION_TECHNOLOGY
PUB_020139,COMPUTER_SCIENCES_AND_INFORMATION_TECHNOLOGY
PUB_020140,COMPUTER_SCIENCES_AND_INFORMATION_TECHNOLOGY
PUB_020141,COMPUTER_SCIENCES_AND_INFORMATION_TECHNOLOGY
PUB_020142,COMPUTER_SCIENCES_AND_INFORMATION_TECHNOLOGY
PUB_020143,COMPUTER_SCIENCES_AND_INFORMATION_TECHNOLOGY
PUB_020144,COMPUTER_SCIENCES_AND_INFORMATION_TECHNOLOGY
PUB_020145,COMPUTER_SCIENCES_AND_INFORMATION_TECHNOLOGY
PUB_020146,COMPUTER_SCIENCES_AND_INFORMATION_TECHNOLOGY
PUB_020147,COMPUTER_SCIENCES_AND_INFORMATION_TECHNOLOGY
PUB_020148,COMPUTER_SCIENCES_AND_INFORMATION_TECHNOLOGY
PUB_020149,COMPUTER_SCIENCES_AND_INFORMATION_TECHNOLOGY
PUB_020150,COMPUTER_SCIENCES_AND_INFORMATION_TECHNOLOGY
PUB_020151,COMPUTER_SCIENCES_AND_INFORMATION_TECHNOLOGY
PUB_020152,COMPUTER_SCIENCES_AND_INFORMATION_TECHNOLOGY
PUB_020153,COMPUTER_SCIENCES_AND_INFORMATION_TECHNOLOGY
PUB_020154,COMPUTER_SCIENCES_AND_INFORMATION_TECHNOLOGY
PUB_020155,COMPUTER_SCIENCES_AND_INFORMATION_TECHNOLOGY
PUB_020156,COMPUTER_SCIENCES_AND_INFORMATION_TECHNOLOGY
PUB_020157,COMPUTER_SCIENCES_AND_INFORMATION_TECHNOLOGY
PUB_020158,COMPUTER_SCIENCES_AND_INFORMATION_TECHNOLOGY
PUB_020159,COMPUTER_SCIENCES_AND_INFORMATION_TECHNOLOGY
PUB_020160,COMPUTER_SCIENCES_AND_INFORMATION_TECHNOLOGY
PUB_020161,COMPUTER_SCIENCES_AND_INFORMATION_TECHNOLOGY
PUB_020162,COMPUTER_SCIENCES_AND_INFORMATION_TECHNOLOGY
PUB_020163,COMPUTER_SCIENCES_AND_INFORMATION_TECHNOLOGY
PUB_020164,COMPUTER_SCIENCES_AND_INFORMATION_TECHNOLOGY
PUB_020165,COMPUTER_SCIENCES_AND_INFORMATION_TECHNOLOGY
PUB_020166,COMPUTER_SCIENCES_AND_INFORMATION_TECHNOLOGY
PUB_020167,COMPUTER_SCIENCES_AND_INFORMATION_TECHNOLOGY
PUB_020168,COMPUTER_SCIENCES_AND_INFORMATION_TECHNOLOGY
PUB_020169,COMPUTER_SCIENCES_AND_INFORMATION_TECHNOLOGY
PUB_020170,COMPUTER_SCIENCES_AND_INFORMATION_TECHNOLOGY
PUB_020171,COMPUTER_SCIENCES_AND_INFORMATION_TECHNOLOGY
PUB_020172,COMPUTER_SCIENCES_AND_INFORMATION_TECHNOLOGY
PUB_020173,COMPUTER_SCIENCES_AND_INFORMATION_TECHNOLOGY
PUB_020174,COMPUTER_SCIENCES_AND_INFORMATION_TECHNOLOGY
PUB_020175,COMPUTER_SCIENCES_AND_INFORMATION_TECHNOLOGY
PUB_020176,COMPUTER_SCIENCES_AND_INFORMATION_TECHNOLOGY
PUB_020177,COMPUTER_SCIENCES_AND_INFORMATION_TECHNOLOGY
PUB_020178,COMPUTER_SCIENCES_AND_INFORMATION_TECHNOLOGY
PUB_020179,COMPUTER_SCIENCES_AND_INFORMATION_TECHNOLOGY
PUB_020180,COMPUTER_SCIENCES_AND_INFORMATION_TECHNOLOGY
PUB_020181,COMPUTER_SCIENCES_AND_INFORMATION_TECHNOLOGY
PUB_020182,COMPUTER_SCIENCES_AND_INFORMATION_TECHNOLOGY
PUB_020183,COMPUTER_SCIENCES_AND_INFORMATION_TECHNOLOGY
PUB_020184,COMPUTER_SCIENCES_AND_INFORMATION_TECHNOLOGY
PUB_020185,COMPUTER_SCIENCES_AND_INFORMATION_TECHNOLOGY
PUB_020186,COMPUTER_SCIENCES_AND_INFORMATION_TECHNOLOGY
PUB_020187,COMPUTER_SCIENCES_AND_INFORMATION_TECHNOLOGY
PUB_020188,COMPUTER_SCIENCES_AND_INFORMATION_TECHNOLOGY
PUB_020189,COMPUTER_SCIENCES_AND_INFORMATION_TECHNOLOGY
PUB_020190,COMPUTER_SCIENCES_AND_INFORMATION_TECHNOLOGY
PUB_020191,COMPUTER_SCIENCES_AND_INFORMATION_TECHNOLOGY
PUB_020192,COMPUTER_SCIENCES_AND_INFORMATION_TECHNOLOGY
PUB_020193,COMPUTER_SCIENCES_AND_INFORMATION_TECHNOLOGY
PUB_020194,COMPUTER_SCIENCES_AND_INFORMATION_TECHNOLOGY
PUB_020195,COMPUTER_SCIENCES_AND_INFORMATION_TECHNOLOGY
PUB_020196,COMPUTER_SCIENCES_AND_INFORMATION_TECHNOLOGY
PUB_020197,COMPUTER_SCIENCES_AND_INFORMATION_TECHNOLOGY
PUB_020198,COMPUTER_SCIENCES_AND_INFORMATION_TECHNOLOGY
PUB_020199,COMPUTER_SCIENCES_AND_INFORMATION_TECHNOLOGY
PUB_020200,COMPUTER_SCIENCES_AND_INFORMATION_TECHNOLOGY
PUB_020201,COMPUTER_SCIENCES_AND_INFORMATION_TECHNOLOGY
PUB_020202,COMPUTER_SCIENCES_AND_INFORMATION_TECHNOLOGY
PUB_020203,COMPUTER_SCIENCES_AND_INFORMATION_TECHNOLOGY
PUB_020204,COMPUTER_SCIENCES_AND_INFORMATION_TECHNOLOGY
PUB_020205,COMPUTER_SCIENCES_AND_INFORMATION_TECHNOLOGY
PUB_020206,COMPUTER_SCIENCES_AND_INFORMATION_TECHNOLOGY
PUB_020207,COMPUTER_SCIENCES_AND_INFORMATION_TECHNOLOGY
PUB_020208,COMPUTER_SCIENCES_AND_INFORMATION_TECHNOLOGY
PUB_020209,COMPUTER_SCIENCES_AND_INFORMATION_TECHNOLOGY
PUB_020210,COMPUTER_SCIENCES_AND_INFORMATION_TECHNOLOGY
PUB_020211,COMPUTER_SCIENCES_AND_INFORMATION_TECHNOLOGY
PUB_020212,COMPUTER_SCIENCES_AND_INFORMATION_TECHNOLOGY
PUB_020213,COMPUTER_SCIENCES_AND_INFORMATION_TECHNOLOGY
PUB_020214,COMPUTER_SCIENCES_AND_INFORMATION_TECHNOLOGY
PUB_020215,COMPUTER_SCIENCES_AND_INFORMATION_TECHNOLOGY
PUB_020216,COMPUTER_SCIENCES_AND_INFORMATION_TECHNOLOGY
PUB_020217,COMPUTER_SCIENCES_AND_INFORMATION_TECHNOLOGY
PUB_020218,COMPUTER_SCIENCES_AND_INFORMATION_TECHNOLOGY
PUB_020219,COMPUTER_SCIENCES_AND_INFORMATION_TECHNOLOGY
PUB_020220,COMPUTER_SCIENCES_AND_INFORMATION_TECHNOLOGY
PUB_020221,COMPUTER_SCIENCES_AND_INFORMATION_TECHNOLOGY
PUB_020222,COMPUTER_SCIENCES_AND_INFORMATION_TECHNOLOGY
PUB_020223,COMPUTER_SCIENCES_AND_INFORMATION_TECHNOLOGY
PUB_020224,COMPUTER_SCIENCES_AND_INFORMATION_TECHNOLOGY
PUB_020225,COMPUTER_SCIENCES_AND_INFORMATION_TECHNOLOGY
PUB_020226,COMPUTER_SCIENCES_AND_INFORMATION_TECHNOLOGY
PUB_020227,COMPUTER_SCIENCES_AND_INFORMATION_TECHNOLOGY
PUB_020228,COMPUTER_SCIENCES_AND_INFORMATION_TECHNOLOGY
PUB_020229,COMPUTER_SCIENCES_AND_INFORMATION_TECHNOLOGY
PUB_020230,COMPUTER_SCIENCES_AND_INFORMATION_TECHNOLOGY
PUB_020231,COMPUTER_SCIENCES_AND_INFORMATION_TECHNOLOGY
PUB_020232,COMPUTER_SCIENCES_AND_INFORMATION_TECHNOLOGY
PUB_020233,COMPUTER_SCIENCES_AND_INFORMATION_TECHNOLOGY
PUB_020234,COMPUTER_SCIENCES_AND_INFORMATION_TECHNOLOGY
PUB_020235,COMPUTER_SCIENCES_AND_INFORMATION_TECHNOLOGY
PUB_020236,COMPUTER_SCIENCES_AND_INFORMATION_TECHNOLOGY
PUB_020237,COMPUTER_SCIENCES_AND_INFORMATION_TECHNOLOGY
PUB_020238,COMPUTER_SCIENCES_AND_INFORMATION_TECHNOLOGY
PUB_020239,COMPUTER_SCIENCES_AND_INFORMATION_TECHNOLOGY
PUB_020240,COMPUTER_SCIENCES_AND_INFORMATION_TECHNOLOGY
PUB_020241,COMPUTER_SCIENCES_AND_INFORMATION_TECHNOLOGY
PUB_020242,COMPUTER_SCIENCES_AND_INFORMATION_TECHNOLOGY
PUB_020243,COMPUTER_SCIENCES_AND_INFORMATION_TECHNOLOGY
PUB_020244,COMPUTER_SCIENCES_AND_INFORMATION_TECHNOLOGY
PUB_020245,COMPUTER_SCIENCES_AND_INFORMATION_TECHNOLOGY
PUB_020246,COMPUTER_SCIENCES_AND_INFORMATION_TECHNOLOGY
PUB_020247,COMPUTER_SCIENCES_AND_INFORMATION_TECHNOLOGY
PUB_020248,COMPUTER_SCIENCES_AND_INFORMATION_TECHNOLOGY
PUB_020249,COMPUTER_SCIENCES_AND_INFORMATION_TECHNOLOGY
PUB_020250,COMPUTER_SCIENCES_AND_INFORMATION_TECHNOLOGY
PUB_020251,COMPUTER_SCIENCES_AND_INFORMATION_TECHNOLOGY
PUB_020252,COMPUTER_SCIENCES_AND_INFORMATION_TECHNOLOGY
PUB_020253,COMPUTER_SCIENCES_AND_INFORMATION_TECHNOLOGY
PUB_020254,COMPUTER_SCIENCES_AND_INFORMATION_TECHNOLOGY
PUB_020255,COMPUTER_SCIENCES_AND_INFORMATION_TECHNOLOGY
PUB_020256,COMPUTER_SCIENCES_AND_INFORMATION_TECHNOLOGY
PUB_020257,COMPUTER_SCIENCES_AND_INFORMATION_TECHNOLOGY
PUB_020258,COMPUTER_SCIENCES_AND_INFORMATION_TECHNOLOGY
PUB_020259,COMPUTER_SCIENCES_AND_INFORMATION_TECHNOLOGY
PUB_020260,COMPUTER_SCIENCES_AND_INFORMATION_TECHNOLOGY
PUB_020261,COMPUTER_SCIENCES_AND_INFORMATION_TECHNOLOGY
PUB_020262,COMPUTER_SCIENCES_AND_INFORMATION_TECHNOLOGY
PUB_020263,COMPUTER_SCIENCES_AND_INFORMATION_TECHNOLOGY
PUB_020264,COMPUTER_SCIENCES_AND_INFORMATION_TECHNOLOGY
PUB_020265,COMPUTER_SCIENCES_AND_INFORMATION_TECHNOLOGY
PUB_020266,COMPUTER_SCIENCES_AND_INFORMATION_TECHNOLOGY
PUB_020267,COMPUTER_SCIENCES_AND_INFORMATION_TECHNOLOGY
PUB_020268,COMPUTER_SCIENCES_AND_INFORMATION_TECHNOLOGY
PUB_020269,COMPUTER_SCIENCES_AND_INFORMATION_TECHNOLOGY
PUB_020270,COMPUTER_SCIENCES_AND_INFORMATION_TECHNOLOGY
PUB_020271,COMPUTER_SCIENCES_AND_INFORMATION_TECHNOLOGY
PUB_020272,COMPUTER_SCIENCES_AND_INFORMATION_TECHNOLOGY
PUB_020273,COMPUTER_SCIENCES_AND_INFORMATION_TECHNOLOGY
PUB_020274,COMPUTER_SCIENCES_AND_INFORMATION_TECHNOLOGY
PUB_020275,COMPUTER_SCIENCES_AND_INFORMATION_TECHNOLOGY
PUB_020276,COMPUTER_SCIENCES_AND_INFORMATION_TECHNOLOGY
PUB_020277,COMPUTER_SCIENCES_AND_INFORMATION_TECHNOLOGY
PUB_020278,COMPUTER_SCIENCES_AND_INFORMATION_TECHNOLOGY
PUB_020279,COMPUTER_SCIENCES_AND_INFORMATION_TECHNOLOGY
PUB_020280,COMPUTER_SCIENCES_AND_INFORMATION_TECHNOLOGY
PUB_020281,COMPUTER_SCIENCES_AND_INFORMATION_TECHNOLOGY
PUB_020282,COMPUTER_SCIENCES_AND_INFORMATION_TECHNOLOGY
PUB_020283,COMPUTER_SCIENCES_AND_INFORMATION_TECHNOLOGY
PUB_020284,COMPUTER_SCIENCES_AND_INFORMATION_TECHNOLOGY
PUB_020285,COMPUTER_SCIENCES_AND_INFORMATION_TECHNOLOGY
PUB_020286,COMPUTER_SCIENCES_AND_INFORMATION_TECHNOLOGY
PUB_020287,COMPUTER_SCIENCES_AND_INFORMATION_TECHNOLOGY
PUB_020288,COMPUTER_SCIENCES_AND_INFORMATION_TECHNOLOGY
PUB_020289,COMPUTER_SCIENCES_AND_INFORMATION_TECHNOLOGY
PUB_020290,COMPUTER_SCIENCES_AND_INFORMATION_TECHNOLOGY
PUB_020291,COMPUTER_SCIENCES_AND_INFORMATION_TECHNOLOGY
PUB_020292,COMPUTER_SCIENCES_AND_INFORMATION_TECHNOLOGY
PUB_020293,COMPUTER_SCIENCES_AND_INFORMATION_TECHNOLOGY
PUB_020294,COMPUTER_SCIENCES_AND_INFORMATION_TECHNOLOGY
PUB_020295,COMPUTER_SCIENCES_AND_INFORMATION_TECHNOLOGY
PUB_020296,COMPUTER_SCIENCES_AND_INFORMATION_TECHNOLOGY
PUB_020297,COMPUTER_SCIENCES_AND_INFORMATION_TECHNOLOGY
PUB_020298,COMPUTER_SCIENCES_AND_INFORMATION_TECHNOLOGY
PUB_020299,COMPUTER_SCIENCES_AND_INFORMATION_TECHNOLOGY
PUB_020300,COMPUTER_SCIENCES_AND_INFORMATION_TECHNOLOGY
PUB_020301,COMPUTER_SCIENCES_AND_INFORMATION_TECHNOLOGY
PUB_020302,COMPUTER_SCIENCES_AND_INFORMATION_TECHNOLOGY
PUB_020303,COMPUTER_SCIENCES_AND_INFORMATION_TECHNOLOGY
PUB_020304,COMPUTER_SCIENCES_AND_INFORMATION_TECHNOLOGY
PUB_020305,COMPUTER_SCIENCES_AND_INFORMATION_TECHNOLOGY
PUB_020306,COMPUTER_SCIENCES_AND_INFORMATION_TECHNOLOGY
PUB_020307,COMPUTER_SCIENCES_AND_INFORMATION_TECHNOLOGY
PUB_020308,COMPUTER_SCIENCES_AND_INFORMATION_TECHNOLOGY
PUB_020309,COMPUTER_SCIENCES_AND_INFORMATION_TECHNOLOGY
PUB_020310,COMPUTER_SCIENCES_AND_INFORMATION_TECHNOLOGY
PUB_020311,COMPUTER_SCIENCES_AND_INFORMATION_TECHNOLOGY
PUB_020312,COMPUTER_SCIENCES_AND_INFORMATION_TECHNOLOGY
PUB_020313,COMPUTER_SCIENCES_AND_INFORMATION_TECHNOLOGY
PUB_020314,COMPUTER_SCIENCES_AND_INFORMATION_TECHNOLOGY
PUB_020315,COMPUTER_SCIENCES_AND_INFORMATION_TECHNOLOGY
PUB_020316,COMPUTER_SCIENCES_AND_INFORMATION_TECHNOLOGY
PUB_020317,COMPUTER_SCIENCES_AND_INFORMATION_TECHNOLOGY
PUB_020318,COMPUTER_SCIENCES_AND_INFORMATION_TECHNOLOGY
PUB_020319,COMPUTER_SCIENCES_AND_INFORMATION_TECHNOLOGY
PUB_020320,COMPUTER_SCIENCES_AND_INFORMATION_TECHNOLOGY
PUB_020321,COMPUTER_SCIENCES_AND_INFORMATION_TECHNOLOGY
PUB_020322,COMPUTER_SCIENCES_AND_INFORMATION_TECHNOLOGY
PUB_020323,COMPUTER_SCIENCES_AND_INFORMATION_TECHNOLOGY
PUB_020324,COMPUTER_SCIENCES_AND_INFORMATION_TECHNOLOGY
PUB_020325,COMPUTER_SCIENCES_AND_INFORMATION_TECHNOLOGY
PUB_020326,COMPUTER_SCIENCES_AND_INFORMATION_TECHNOLOGY
PUB_020327,COMPUTER_SCIENCES_AND_INFORMATION_TECHNOLOGY
PUB_020328,COMPUTER_SCIENCES_AND_INFORMATION_TECHNOLOGY
PUB_020329,COMPUTER_SCIENCES_AND_INFORMATION_TECHNOLOGY
PUB_020330,COMPUTER_SCIENCES_AND_INFORMATION_TECHNOLOGY
PUB_020331,COMPUTER_SCIENCES_AND_INFORMATION_TECHNOLOGY
PUB_020332,COMPUTER_SCIENCES_AND_INFORMATION_TECHNOLOGY
PUB_020333,COMPUTER_SCIENCES_AND_INFORMATION_TECHNOLOGY
PUB_020334,COMPUTER_SCIENCES_AND_INFORMATION_TECHNOLOGY
PUB_020335,COMPUTER_SCIENCES_AND_INFORMATION_TECHNOLOGY
PUB_020336,COMPUTER_SCIENCES_AND_INFORMATION_TECHNOLOGY
PUB_020337,COMPUTER_SCIENCES_AND_INFORMATION_TECHNOLOGY
PUB_020338,COMPUTER_SCIENCES_AND_INFORMATION_TECHNOLOGY
PUB_020339,COMPUTER_SCIENCES_AND_INFORMATION_TECHNOLOGY
PUB_020340,COMPUTER_SCIENCES_AND_INFORMATION_TECHNOLOGY
PUB_020341,COMPUTER_SCIENCES_AND_INFORMATION_TECHNOLOGY
PUB_020342,COMPUTER_SCIENCES_AND_INFORMATION_TECHNOLOGY
PUB_020343,COMPUTER_SCIENCES_AND_INFORMATION_TECHNOLOGY
PUB_020344,COMPUTER_SCIENCES_AND_INFORMATION_TECHNOLOGY
PUB_020345,COMPUTER_SCIENCES_AND_INFORMATION_TECHNOLOGY
PUB_020346,COMPUTER_SCIENCES_AND_INFORMATION_TECHNOLOGY
PUB_020347,COMPUTER_SCIENCES_AND_INFORMATION_TECHNOLOGY
PUB_020348,COMPUTER_SCIENCES_AND_INFORMATION_TECHNOLOGY
PUB_020349,COMPUTER_SCIENCES_AND_INFORMATION_TECHNOLOGY
PUB_020350,COMPUTER_SCIENCES_AND_INFORMATION_TECHNOLOGY
PUB_020351,COMPUTER_SCIENCES_AND_INFORMATION_TECHNOLOGY
PUB_020352,COMPUTER_SCIENCES_AND_INFORMATION_TECHNOLOGY
PUB_020353,COMPUTER_SCIENCES_AND_INFORMATION_TECHNOLOGY
PUB_020354,COMPUTER_SCIENCES_AND_INFORMATION_TECHNOLOGY
PUB_020355,COMPUTER_SCIENCES_AND_INFORMATION_TECHNOLOGY
PUB_020356,COMPUTER_SCIENCES_AND_INFORMATION_TECHNOLOGY
PUB_020357,COMPUTER_SCIENCES_AND_INFORMATION_TECHNOLOGY
PUB_020358,COMPUTER_SCIENCES_AND_INFORMATION_TECHNOLOGY
PUB_020359,COMPUTER_SCIENCES_AND_INFORMATION_TECHNOLOGY
PUB_020360,COMPUTER_SCIENCES_AND_INFORMATION_TECHNOLOGY
PUB_020361,COMPUTER_SCIENCES_AND_INFORMATION_TECHNOLOGY
PUB_020362,COMPUTER_SCIENCES_AND_INFORMATION_TECHNOLOGY
PUB_020363,COMPUTER_SCIENCES_AND_INFORMATION_TECHNOLOGY
PUB_020364,COMPUTER_SCIENCES_AND_INFORMATION_TECHNOLOGY
PUB_020365,COMPUTER_SCIENCES_AND_INFORMATION_TECHNOLOGY
PUB_020366,COMPUTER_SCIENCES_AND_INFORMATION_TECHNOLOGY
PUB_020367,COMPUTER_SCIENCES_AND_INFORMATION_TECHNOLOGY
PUB_020368,COMPUTER_SCIENCES_AND_INFORMATION_TECHNOLOGY
PUB_020369,COMPUTER_SCIENCES_AND_INFORMATION_TECHNOLOGY
PUB_020370,COMPUTER_SCIENCES_AND_INFORMATION_TECHNOLOGY
PUB_020371,COMPUTER_SCIENCES_AND_INFORMATION_TECHNOLOGY
PUB_020372,COMPUTER_SCIENCES_AND_INFORMATION_TECHNOLOGY
PUB_020373,COMPUTER_SCIENCES_AND_INFORMATION_TECHNOLOGY
PUB_020374,COMPUTER_SCIENCES_AND_INFORMATION_TECHNOLOGY
PUB_020375,COMPUTER_SCIENCES_AND_INFORMATION_TECHNOLOGY
PUB_020376,COMPUTER_SCIENCES_AND_INFORMATION_TECHNOLOGY
PUB_020377,COMPUTER_SCIENCES_AND_INFORMATION_TECHNOLOGY
PUB_020378,COMPUTER_SCIENCES_AND_INFORMATION_TECHNOLOGY
PUB_020379,COMPUTER_SCIENCES_AND_INFORMATION_TECHNOLOGY
PUB_020380,COMPUTER_SCIENCES_AND_INFORMATION_TECHNOLOGY
PUB_020381,COMPUTER_SCIENCES_AND_INFORMATION_TECHNOLOGY
PUB_020382,COMPUTER_SCIENCES_AND_INFORMATION_TECHNOLOGY
PUB_020383,COMPUTER_SCIENCES_AND_INFORMATION_TECHNOLOGY
PUB_020384,COMPUTER_SCIENCES_AND_INFORMATION_TECHNOLOGY
PUB_020385,COMPUTER_SCIENCES_AND_INFORMATION_TECHNOLOGY
PUB_020386,COMPUTER_SCIENCES_AND_INFORMATION_TECHNOLOGY
PUB_020387,COMPUTER_SCIENCES_AND_INFORMATION_TECHNOLOGY
PUB_020388,COMPUTER_SCIENCES_AND_INFORMATION_TECHNOLOGY
PUB_020389,COMPUTER_SCIENCES_AND_INFORMATION_TECHNOLOGY
PUB_020390,COMPUTER_SCIENCES_AND_INFORMATION_TECHNOLOGY
PUB_020391,COMPUTER_SCIENCES_AND_INFORMATION_TECHNOLOGY
PUB_020392,COMPUTER_SCIENCES_AND_INFORMATION_TECHNOLOGY
PUB_020393,COMPUTER_SCIENCES_AND_INFORMATION_TECHNOLOGY
PUB_020394,COMPUTER_SCIENCES_AND_INFORMATION_TECHNOLOGY
PUB_020395,COMPUTER_SCIENCES_AND_INFORMATION_TECHNOLOGY
PUB_020396,COMPUTER_SCIENCES_AND_INFORMATION_TECHNOLOGY
PUB_020397,COMPUTER_SCIENCES_AND_INFORMATION_TECHNOLOGY
PUB_020398,COMPUTER_SCIENCES_AND_INFORMATION_TECHNOLOGY
PUB_020399,COMPUTER_SCIENCES_AND_INFORMATION_TECHNOLOGY
PUB_020400,COMPUTER_SCIENCES_AND_INFORMATION_TECHNOLOGY
PUB_020401,COMPUTER_SCIENCES_AND_INFORMATION_TECHNOLOGY
PUB_020402,COMPUTER_SCIENCES_AND_INFORMATION_TECHNOLOGY
PUB_020403,COMPUTER_SCIENCES_AND_INFORMATION_TECHNOLOGY
PUB_020404,COMPUTER_SCIENCES_AND_INFORMATION_TECHNOLOGY
PUB_020405,COMPUTER_SCIENCES_AND_INFORMATION_TECHNOLOGY
PUB_020406,COMPUTER_SCIENCES_AND_INFORMATION_TECHNOLOGY
PUB_020407,COMPUTER_SCIENCES_AND_INFORMATION_TECHNOLOGY
PUB_020408,COMPUTER_SCIENCES_AND_INFORMATION_TECHNOLOGY
PUB_020409,COMPUTER_SCIENCES_AND_INFORMATION_TECHNOLOGY
PUB_020410,COMPUTER_SCIENCES_AND_INFORMATION_TECHNOLOGY
PUB_020411,COMPUTER_SCIENCES_AND_INFORMATION_TECHNOLOGY
PUB_020412,COMPUTER_SCIENCES_AND_INFORMATION_TECHNOLOGY
PUB_020413,COMPUTER_SCIENCES_AND_INFORMATION_TECHNOLOGY
PUB_020414,COMPUTER_SCIENCES_AND_INFORMATION_TECHNOLOGY
PUB_020415,COMPUTER_SCIENCES_AND_INFORMATION_TECHNOLOGY
PUB_020416,COMPUTER_SCIENCES_AND_INFORMATION_TECHNOLOGY
PUB_020417,COMPUTER_SCIENCES_AND_INFORMATION_TECHNOLOGY
PUB_020418,COMPUTER_SCIENCES_AND_INFORMATION_TECHNOLOGY
PUB_020419,COMPUTER_SCIENCES_AND_INFORMATION_TECHNOLOGY
PUB_020420,COMPUTER_SCIENCES_AND_INFORMATION_TECHNOLOGY
PUB_020421,COMPUTER_SCIENCES_AND_INFORMATION_TECHNOLOGY
PUB_020422,COMPUTER_SCIENCES_AND_INFORMATION_TECHNOLOGY
PUB_020423,COMPUTER_SCIENCES_AND_INFORMATION_TECHNOLOGY
PUB_020424,COMPUTER_SCIENCES_AND_INFORMATION_TECHNOLOGY
PUB_020425,COMPUTER_SCIENCES_AND_INFORMATION_TECHNOLOGY
PUB_020426,COMPUTER_SCIENCES_AND_INFORMATION_TECHNOLOGY
PUB_020427,COMPUTER_SCIENCES_AND_INFORMATION_TECHNOLOGY
PUB_020428,COMPUTER_SCIENCES_AND_INFORMATION_TECHNOLOGY
PUB_020429,COMPUTER_SCIENCES_AND_INFORMATION_TECHNOLOGY
PUB_020430,COMPUTER_SCIENCES_AND_INFORMATION_TECHNOLOGY
PUB_020431,COMPUTER_SCIENCES_AND_INFORMATION_TECHNOLOGY
PUB_020432,COMPUTER_SCIENCES_AND_INFORMATION_TECHNOLOGY
PUB_020433,COMPUTER_SCIENCES_AND_INFORMATION_TECHNOLOGY
PUB_020434,COMPUTER_SCIENCES_AND_INFORMATION_TECHNOLOGY
PUB_020435,COMPUTER_SCIENCES_AND_INFORMATION_TECHNOLOGY
PUB_020436,COMPUTER_SCIENCES_AND_INFORMATION_TECHNOLOGY
PUB_020437,COMPUTER_SCIENCES_AND_INFORMATION_TECHNOLOGY
PUB_020438,COMPUTER_SCIENCES_AND_INFORMATION_TECHNOLOGY
PUB_020439,COMPUTER_SCIENCES_AND_INFORMATION_TECHNOLOGY
PUB_020440,COMPUTER_SCIENCES_AND_INFORMATION_TECHNOLOGY
PUB_020441,COMPUTER_SCIENCES_AND_INFORMATION_TECHNOLOGY
PUB_020442,COMPUTER_SCIENCES_AND_INFORMATION_TECHNOLOGY
PUB_020443,COMPUTER_SCIENCES_AND_INFORMATION_TECHNOLOGY
PUB_020444,COMPUTER_SCIENCES_AND_INFORMATION_TECHNOLOGY
PUB_020445,COMPUTER_SCIENCES_AND_INFORMATION_TECHNOLOGY
PUB_020446,COMPUTER_SCIENCES_AND_INFORMATION_TECHNOLOGY
PUB_020447,COMPUTER_SCIENCES_AND_INFORMATION_TECHNOLOGY
PUB_020448,COMPUTER_SCIENCES_AND_INFORMATION_TECHNOLOGY
PUB_020449,COMPUTER_SCIENCES_AND_INFORMATION_TECHNOLOGY
PUB_020450,COMPUTER_SCIENCES_AND_INFORMATION_TECHNOLOGY
PUB_020451,COMPUTER_SCIENCES_AND_INFORMATION_TECHNOLOGY
PUB_020452,COMPUTER_SCIENCES_AND_INFORMATION_TECHNOLOGY
PUB_020453,COMPUTER_SCIENCES_AND_INFORMATION_TECHNOLOGY
PUB_020454,COMPUTER_SCIENCES_AND_INFORMATION_TECHNOLOGY
PUB_020455,COMPUTER_SCIENCES_AND_INFORMATION_TECHNOLOGY
PUB_020456,COMPUTER_SCIENCES_AND_INFORMATION_TECHNOLOGY
PUB_020457,COMPUTER_SCIENCES_AND_INFORMATION_TECHNOLOGY
PUB_020458,COMPUTER_SCIENCES_AND_INFORMATION_TECHNOLOGY
PUB_020459,COMPUTER_SCIENCES_AND_INFORMATION_TECHNOLOGY
PUB_020460,COMPUTER_SCIENCES_AND_INFORMATION_TECHNOLOGY
PUB_020461,COMPUTER_SCIENCES_AND_INFORMATION_TECHNOLOGY
PUB_020462,COMPUTER_SCIENCES_AND_INFORMATION_TECHNOLOGY
PUB_020463,COMPUTER_SCIENCES_AND_INFORMATION_TECHNOLOGY
PUB_020464,COMPUTER_SCIENCES_AND_INFORMATION_TECHNOLOGY
PUB_020465,COMPUTER_SCIENCES_AND_INFORMATION_TECHNOLOGY
PUB_020466,COMPUTER_SCIENCES_AND_INFORMATION_TECHNOLOGY
PUB_020467,COMPUTER_SCIENCES_AND_INFORMATION_TECHNOLOGY
PUB_020468,COMPUTER_SCIENCES_AND_INFORMATION_TECHNOLOGY
PUB_020469,COMPUTER_SCIENCES_AND_INFORMATION_TECHNOLOGY
PUB_020470,COMPUTER_SCIENCES_AND_INFORMATION_TECHNOLOGY
PUB_020471,COMPUTER_SCIENCES_AND_INFORMATION_TECHNOLOGY
PUB_020472,COMPUTER_SCIENCES_AND_INFORMATION_TECHNOLOGY
PUB_020473,COMPUTER_SCIENCES_AND_INFORMATION_TECHNOLOGY
PUB_020474,COMPUTER_SCIENCES_AND_INFORMATION_TECHNOLOGY
PUB_020475,COMPUTER_SCIENCES_AND_INFORMATION_TECHNOLOGY
PUB_020476,COMPUTER_SCIENCES_AND_INFORMATION_TECHNOLOGY
PUB_020477,COMPUTER_SCIENCES_AND_INFORMATION_TECHNOLOGY
PUB_020478,COMPUTER_SCIENCES_AND_INFORMATION_TECHNOLOGY
PUB_020479,COMPUTER_SCIENCES_AND_INFORMATION_TECHNOLOGY
PUB_020480,COMPUTER_SCIENCES_AND_INFORMATION_TECHNOLOGY
PUB_020481,COMPUTER_SCIENCES_AND_INFORMATION_TECHNOLOGY
PUB_020482,COMPUTER_SCIENCES_AND_INFORMATION_TECHNOLOGY
PUB_020483,COMPUTER_SCIENCES_AND_INFORMATION_TECHNOLOGY
PUB_020484,COMPUTER_SCIENCES_AND_INFORMATION_TECHNOLOGY
PUB_020485,COMPUTER_SCIENCES_AND_INFORMATION_TECHNOLOGY
PUB_020486,COMPUTER_SCIENCES_AND_INFORMATION_TECHNOLOGY
PUB_020487,COMPUTER_SCIENCES_AND_INFORMATION_TECHNOLOGY
PUB_020488,COMPUTER_SCIENCES_AND_INFORMATION_TECHNOLOGY
PUB_020489,COMPUTER_SCIENCES_AND_INFORMATION_TECHNOLOGY
PUB_020490,COMPUTER_SCIENCES_AND_INFORMATION_TECHNOLOGY
PUB_020491,COMPUTER_SCIENCES_AND_INFORMATION_TECHNOLOGY
PUB_020492,COMPUTER_SCIENCES_AND_INFORMATION_TECHNOLOGY
PUB_020493,COMPUTER_SCIENCES_AND_INFORMATION_TECHNOLOGY
PUB_020494,COMPUTER_SCIENCES_AND_INFORMATION_TECHNOLOGY
PUB_020495,COMPUTER_SCIENCES_AND_INFORMATION_TECHNOLOGY
PUB_020496,COMPUTER_SCIENCES_AND_INFORMATION_TECHNOLOGY
PUB_020497,COMPUTER_SCIENCES_AND_INFORMATION_TECHNOLOGY
PUB_020498,COMPUTER_SCIENCES_AND_INFORMATION_TECHNOLOGY
PUB_020499,COMPUTER_SCIENCES_AND_INFORMATION_TECHNOLOGY
PUB_020500,COMPUTER_SCIENCES_AND_INFORMATION_TECHNOLOGY
PUB_020501,COMPUTER_SCIENCES_AND_INFORMATION_TECHNOLOGY
PUB_020502,COMPUTER_SCIENCES_AND_INFORMATION_TECHNOLOGY
PUB_020503,COMPUTER_SCIENCES_AND_INFORMATION_TECHNOLOGY
PUB_020504,COMPUTER_SCIENCES_AND_INFORMATION_TECHNOLOGY
PUB_020505,COMPUTER_SCIENCES_AND_INFORMATION_TECHNOLOGY
PUB_020506,COMPUTER_SCIENCES_AND_INFORMATION_TECHNOLOGY
PUB_020507,COMPUTER_SCIENCES_AND_INFORMATION_TECHNOLOGY
PUB_020508,COMPUTER_SCIENCES_AND_INFORMATION_TECHNOLOGY
PUB_020509,COMPUTER_SCIENCES_AND_INFORMATION_TECHNOLOGY
PUB_020510,COMPUTER_SCIENCES_AND_INFORMATION_TECHNOLOGY
PUB_020511,COMPUTER_SCIENCES_AND_INFORMATION_TECHNOLOGY
PUB_020512,COMPUTER_SCIENCES_AND_INFORMATION_TECHNOLOGY
PUB_020513,COMPUTER_SCIENCES_AND_INFORMATION_TECHNOLOGY
PUB_020514,COMPUTER_SCIENCES_AND_INFORMATION_TECHNOLOGY
PUB_020515,COMPUTER_SCIENCES_AND_INFORMATION_TECHNOLOGY
PUB_020516,COMPUTER_SCIENCES_AND_INFORMATION_TECHNOLOGY
PUB_020517,COMPUTER_SCIENCES_AND_INFORMATION_TECHNOLOGY
PUB_020518,COMPUTER_SCIENCES_AND_INFORMATION_TECHNOLOGY
PUB_020519,COMPUTER_SCIENCES_AND_INFORMATION_TECHNOLOGY
PUB_020520,COMPUTER_SCIENCES_AND_INFORMATION_TECHNOLOGY
PUB_020521,COMPUTER_SCIENCES_AND_INFORMATION_TECHNOLOGY
PUB_020522,COMPUTER_SCIENCES_AND_INFORMATION_TECHNOLOGY
PUB_020523,COMPUTER_SCIENCES_AND_INFORMATION_TECHNOLOGY
PUB_020524,COMPUTER_SCIENCES_AND_INFORMATION_TECHNOLOGY
PUB_020525,COMPUTER_SCIENCES_AND_INFORMATION_TECHNOLOGY
PUB_020526,COMPUTER_SCIENCES_AND_INFORMATION_TECHNOLOGY
PUB_020527,COMPUTER_SCIENCES_AND_INFORMATION_TECHNOLOGY
PUB_020528,COMPUTER_SCIENCES_AND_INFORMATION_TECHNOLOGY
PUB_020529,COMPUTER_SCIENCES_AND_INFORMATION_TECHNOLOGY
PUB_020530,COMPUTER_SCIENCES_AND_INFORMATION_TECHNOLOGY
PUB_020531,COMPUTER_SCIENCES_AND_INFORMATION_TECHNOLOGY
PUB_020532,COMPUTER_SCIENCES_AND_INFORMATION_TECHNOLOGY
PUB_020533,COMPUTER_SCIENCES_AND_INFORMATION_TECHNOLOGY
PUB_020534,COMPUTER_SCIENCES_AND_INFORMATION_TECHNOLOGY
PUB_020535,COMPUTER_SCIENCES_AND_INFORMATION_TECHNOLOGY
PUB_020536,COMPUTER_SCIENCES_AND_INFORMATION_TECHNOLOGY
PUB_020537,COMPUTER_SCIENCES_AND_INFORMATION_TECHNOLOGY
PUB_020538,COMPUTER_SCIENCES_AND_INFORMATION_TECHNOLOGY
PUB_020539,COMPUTER_SCIENCES_AND_INFORMATION_TECHNOLOGY
PUB_020540,COMPUTER_SCIENCES_AND_INFORMATION_TECHNOLOGY
PUB_020541,COMPUTER_SCIENCES_AND_INFORMATION_TECHNOLOGY
PUB_020542,COMPUTER_SCIENCES_AND_INFORMATION_TECHNOLOGY
PUB_020543,COMPUTER_SCIENCES_AND_INFORMATION_TECHNOLOGY
PUB_020544,COMPUTER_SCIENCES_AND_INFORMATION_TECHNOLOGY
PUB_020545,COMPUTER_SCIENCES_AND_INFORMATION_TECHNOLOGY
PUB_020546,COMPUTER_SCIENCES_AND_INFORMATION_TECHNOLOGY
PUB_020547,COMPUTER_SCIENCES_AND_INFORMATION_TECHNOLOGY
PUB_020548,COMPUTER_SCIENCES_AND_INFORMATION_TECHNOLOGY
PUB_020549,COMPUTER_SCIENCES_AND_INFORMATION_TECHNOLOGY
PUB_020550,COMPUTER_SCIENCES_AND_INFORMATION_TECHNOLOGY
PUB_020551,COMPUTER_SCIENCES_AND_INFORMATION_TECHNOLOGY
PUB_020552,COMPUTER_SCIENCES_AND_INFORMATION_TECHNOLOGY
PUB_020553,COMPUTER_SCIENCES_AND_INFORMATION_TECHNOLOGY
PUB_020554,COMPUTER_SCIENCES_AND_INFORMATION_TECHNOLOGY
PUB_020555,COMPUTER_SCIENCES_AND_INFORMATION_TECHNOLOGY
PUB_020556,COMPUTER_SCIENCES_AND_INFORMATION_TECHNOLOGY
PUB_020557,COMPUTER_SCIENCES_AND_INFORMATION_TECHNOLOGY
PUB_020558,COMPUTER_SCIENCES_AND_INFORMATION_TECHNOLOGY
PUB_020559,COMPUTER_SCIENCES_AND_INFORMATION_TECHNOLOGY
PUB_020560,COMPUTER_SCIENCES_AND_INFORMATION_TECHNOLOGY
PUB_020561,COMPUTER_SCIENCES_AND_INFORMATION_TECHNOLOGY
PUB_020562,COMPUTER_SCIENCES_AND_INFORMATION_TECHNOLOGY
PUB_020563,COMPUTER_SCIENCES_AND_INFORMATION_TECHNOLOGY
PUB_020564,COMPUTER_SCIENCES_AND_INFORMATION_TECHNOLOGY
PUB_020565,COMPUTER_SCIENCES_AND_INFORMATION_TECHNOLOGY
PUB_020566,COMPUTER_SCIENCES_AND_INFORMATION_TECHNOLOGY
PUB_020567,COMPUTER_SCIENCES_AND_INFORMATION_TECHNOLOGY
PUB_020568,COMPUTER_SCIENCES_AND_INFORMATION_TECHNOLOGY
PUB_020569,COMPUTER_SCIENCES_AND_INFORMATION_TECHNOLOGY
PUB_020570,COMPUTER_SCIENCES_AND_INFORMATION_TECHNOLOGY
PUB_020571,COMPUTER_SCIENCES_AND_INFORMATION_TECHNOLOGY
PUB_020572,COMPUTER_SCIENCES_AND_INFORMATION_TECHNOLOGY
PUB_020573,COMPUTER_SCIENCES_AND_INFORMATION_TECHNOLOGY
PUB_020574,COMPUTER_SCIENCES_AND_INFORMATION_TECHNOLOGY
PUB_020575,COMPUTER_SCIENCES_AND_INFORMATION_TECHNOLOGY
PUB_020576,COMPUTER_SCIENCES_AND_INFORMATION_TECHNOLOGY
PUB_020577,COMPUTER_SCIENCES_AND_INFORMATION_TECHNOLOGY
PUB_020578,COMPUTER_SCIENCES_AND_INFORMATION_TECHNOLOGY
PUB_020579,COMPUTER_SCIENCES_AND_INFORMATION_TECHNOLOGY
PUB_020580,COMPUTER_SCIENCES_AND_INFORMATION_TECHNOLOGY
PUB_020581,COMPUTER_SCIENCES_AND_INFORMATION_TECHNOLOGY
PUB_020582,COMPUTER_SCIENCES_AND_INFORMATION_TECHNOLOGY
PUB_020583,COMPUTER_SCIENCES_AND_INFORMATION_TECHNOLOGY
PUB_020584,COMPUTER_SCIENCES_AND_INFORMATION_TECHNOLOGY
PUB_020585,COMPUTER_SCIENCES_AND_INFORMATION_TECHNOLOGY
PUB_020586,COMPUTER_SCIENCES_AND_INFORMATION_TECHNOLOGY
PUB_020587,COMPUTER_SCIENCES_AND_INFORMATION_TECHNOLOGY
PUB_020588,COMPUTER_SCIENCES_AND_INFORMATION_TECHNOLOGY
PUB_020589,COMPUTER_SCIENCES_AND_INFORMATION_TECHNOLOGY
PUB_020590,COMPUTER_SCIENCES_AND_INFORMATION_TECHNOLOGY
PUB_020591,COMPUTER_SCIENCES_AND_INFORMATION_TECHNOLOGY
PUB_020592,COMPUTER_SCIENCES_AND_INFORMATION_TECHNOLOGY
PUB_020593,COMPUTER_SCIENCES_AND_INFORMATION_TECHNOLOGY
PUB_020594,COMPUTER_SCIENCES_AND_INFORMATION_TECHNOLOGY
PUB_020595,COMPUTER_SCIENCES_AND_INFORMATION_TECHNOLOGY
PUB_020596,COMPUTER_SCIENCES_AND_INFORMATION_TECHNOLOGY
PUB_020597,COMPUTER_SCIENCES_AND_INFORMATION_TECHNOLOGY
PUB_020598,COMPUTER_SCIENCES_AND_INFORMATION_TECHNOLOGY
PUB_020599,COMPUTER_SCIENCES_AND_INFORMATION_TECHNOLOGY
PUB_020600,COMPUTER_SCIENCES_AND_INFORMATION_TECHNOLOGY
PUB_020601,COMPUTER_SCIENCES_AND_INFORMATION_TECHNOLOGY
PUB_020602,COMPUTER_SCIENCES_AND_INFORMATION_TECHNOLOGY
PUB_020603,COMPUTER_SCIENCES_AND_INFORMATION_TECHNOLOGY
PUB_020604,COMPUTER_SCIENCES_AND_INFORMATION_TECHNOLOGY
PUB_020605,COMPUTER_SCIENCES_AND_INFORMATION_TECHNOLOGY
PUB_020606,COMPUTER_SCIENCES_AND_INFORMATION_TECHNOLOGY
PUB_020607,COMPUTER_SCIENCES_AND_INFORMATION_TECHNOLOGY
PUB_020608,COMPUTER_SCIENCES_AND_INFORMATION_TECHNOLOGY
PUB_020609,COMPUTER_SCIENCES_AND_INFORMATION_TECHNOLOGY
PUB_020610,COMPUTER_SCIENCES_AND_INFORMATION_TECHNOLOGY
PUB_020611,COMPUTER_SCIENCES_AND_INFORMATION_TECHNOLOGY
PUB_020612,COMPUTER_SCIENCES_AND_INFORMATION_TECHNOLOGY
PUB_020613,COMPUTER_SCIENCES_AND_INFORMATION_TECHNOLOGY
PUB_020614,COMPUTER_SCIENCES_AND_INFORMATION_TECHNOLOGY
PUB_020615,COMPUTER_SCIENCES_AND_INFORMATION_TECHNOLOGY
PUB_020616,COMPUTER_SCIENCES_AND_INFORMATION_TECHNOLOGY
PUB_020617,COMPUTER_SCIENCES_AND_INFORMATION_TECHNOLOGY
PUB_020618,COMPUTER_SCIENCES_AND_INFORMATION_TECHNOLOGY
PUB_020619,COMPUTER_SCIENCES_AND_INFORMATION_TECHNOLOGY
PUB_020620,COMPUTER_SCIENCES_AND_INFORMATION_TECHNOLOGY
PUB_020621,COMPUTER_SCIENCES_AND_INFORMATION_TECHNOLOGY
PUB_020622,COMPUTER_SCIENCES_AND_INFORMATION_TECHNOLOGY
PUB_020623,COMPUTER_SCIENCES_AND_INFORMATION_TECHNOLOGY
PUB_020624,COMPUTER_SCIENCES_AND_INFORMATION_TECHNOLOGY
PUB_020625,COMPUTER_SCIENCES_AND_INFORMATION_TECHNOLOGY
PUB_020626,COMPUTER_SCIENCES_AND_INFORMATION_TECHNOLOGY
PUB_020627,COMPUTER_SCIENCES_AND_INFORMATION_TECHNOLOGY
PUB_020628,COMPUTER_SCIENCES_AND_INFORMATION_TECHNOLOGY
PUB_020629,COMPUTER_SCIENCES_AND_INFORMATION_TECHNOLOGY
PUB_020630,COMPUTER_SCIENCES_AND_INFORMATION_TECHNOLOGY
PUB_020631,COMPUTER_SCIENCES_AND_INFORMATION_TECHNOLOGY
PUB_020632,COMPUTER_SCIENCES_AND_INFORMATION_TECHNOLOGY
PUB_020633,COMPUTER_SCIENCES_AND_INFORMATION_TECHNOLOGY
PUB_020634,ENGINEERING
PUB_020634,COMPUTER_SCIENCE
PUB_020635,COMPUTER_SCIENCE
PUB_020636,ENGINEERING
PUB_020636,COMPUTER_SCIENCE
PUB_020636,ENVIRONMENTAL_SCIENCE
PUB_020637,ENGINEERING
PUB_020637,ENERGY
PUB_020637,ENVIRONMENTAL_SCIENCE
PUB_020638,ENGINEERING
PUB_020638,ENVIRONMENTAL_SCIENCE
PUB_020639,ENGINEERING
PUB_020639,MATERIALS_SCIENCE
PUB_020640,ENGINEERING
PUB_020640,COMPUTER_SCIENCE
PUB_020641,ENGINEERING
PUB_020641,COMPUTER_SCIENCE
PUB_020641,ENVIRONMENTAL_SCIENCE
PUB_020642,ENGINEERING
PUB_020643,ENGINEERING
PUB_020643,COMPUTER_SCIENCE
PUB_020644,COMPUTER_SCIENCE
PUB_020644,BUSINESS_MANAGEMENT_AND_ACCOUNTING
PUB_020645,COMPUTER_SCIENCE
PUB_020645,SOCIAL_SCIENCES
PUB_020646,ENGINEERING
PUB_020646,ECONOMICS_ECONOMETRICS_AND_FINANCE
PUB_020646,DECISION_SCIENCES
PUB_020647,ENGINEERING
PUB_020647,MATERIALS_SCIENCE
PUB_020648,ENGINEERING
PUB_020648,COMPUTER_SCIENCE
PUB_020649,ENGINEERING
PUB_020650,ENGINEERING
PUB_020650,MATERIALS_SCIENCE
PUB_020651,ENGINEERING
PUB_020651,MATERIALS_SCIENCE
PUB_020652,ENGINEERING
PUB_020652,COMPUTER_SCIENCE
PUB_020652,AGRICULTURAL_AND_BIOLOGICAL_SCIENCES
PUB_020653,ENGINEERING
PUB_020653,MATERIALS_SCIENCE
PUB_020654,ENGINEERING
PUB_020654,MATERIALS_SCIENCE
PUB_020655,ENGINEERING
PUB_020655,ENERGY
PUB_020656,MEDICINE
PUB_020656,COMPUTER_SCIENCE
PUB_020657,COMPUTER_SCIENCE
PUB_020658,ENGINEERING
PUB_020658,COMPUTER_SCIENCE
PUB_020659,COMPUTER_SCIENCE
PUB_020659,NEUROSCIENCE
PUB_020660,ENGINEERING
PUB_020661,COMPUTER_SCIENCE
PUB_020662,ENGINEERING
PUB_020662,SOCIAL_SCIENCES
PUB_020663,COMPUTER_SCIENCE
PUB_020663,PHYSICS_AND_ASTRONOMY
PUB_020664,COMPUTER_SCIENCE
PUB_020664,DECISION_SCIENCES
PUB_020664,HEALTH_PROFESSIONS
PUB_020665,COMPUTER_SCIENCE
PUB_020666,COMPUTER_SCIENCE
PUB_020667,ENGINEERING
PUB_020667,ENERGY
PUB_020668,COMPUTER_SCIENCE
PUB_020669,ENGINEERING
PUB_020669,MATERIALS_SCIENCE
PUB_020670,COMPUTER_SCIENCE
PUB_020671,ENGINEERING
PUB_020671,ENVIRONMENTAL_SCIENCE
PUB_020672,ENGINEERING
PUB_020673,COMPUTER_SCIENCE
PUB_020674,COMPUTER_SCIENCE
PUB_020675,ENGINEERING
PUB_020675,COMPUTER_SCIENCE
PUB_020676,COMPUTER_SCIENCE
PUB_020676,SOCIAL_SCIENCES
PUB_020676,NEUROSCIENCE
PUB_020677,ENGINEERING
PUB_020677,MATERIALS_SCIENCE
PUB_020678,ENGINEERING
PUB_020678,COMPUTER_SCIENCE
PUB_020679,ENGINEERING
PUB_020679,COMPUTER_SCIENCE
PUB_020680,ENGINEERING
PUB_020680,MATERIALS_SCIENCE
PUB_020681,ENGINEERING
PUB_020681,MATERIALS_SCIENCE
PUB_020682,ENGINEERING
PUB_020682,COMPUTER_SCIENCE
PUB_020683,ENGINEERING
PUB_020684,ENGINEERING
PUB_020685,ENGINEERING
PUB_020685,COMPUTER_SCIENCE
PUB_020686,ENGINEERING
PUB_020686,COMPUTER_SCIENCE
PUB_020687,ENGINEERING
PUB_020687,MATERIALS_SCIENCE
PUB_020688,COMPUTER_SCIENCE
PUB_020689,ENGINEERING
PUB_020689,COMPUTER_SCIENCE
PUB_020690,ENGINEERING
PUB_020691,COMPUTER_SCIENCE
PUB_020691,SOCIAL_SCIENCES
PUB_020692,ENGINEERING
PUB_020692,MATERIALS_SCIENCE
PUB_020692,CHEMISTRY
PUB_020693,COMPUTER_SCIENCE
PUB_020693,BIOCHEMISTRY_GENETICS_AND_MOLECULAR_BIOLOGY
PUB_020693,ENVIRONMENTAL_SCIENCE
PUB_020694,COMPUTER_SCIENCE
PUB_020694,NEUROSCIENCE
PUB_020695,ENGINEERING
PUB_020696,ENGINEERING
PUB_020697,COMPUTER_SCIENCE
PUB_020698,MEDICINE
PUB_020698,COMPUTER_SCIENCE
PUB_020698,BIOCHEMISTRY_GENETICS_AND_MOLECULAR_BIOLOGY
PUB_020699,COMPUTER_SCIENCE
PUB_020700,COMPUTER_SCIENCE
PUB_020701,ENGINEERING
PUB_020702,ENGINEERING
PUB_020702,ENERGY
PUB_020703,ENGINEERING
PUB_020703,ENERGY
PUB_020704,ENGINEERING
PUB_020705,ENGINEERING
PUB_020705,COMPUTER_SCIENCE
PUB_020706,ENGINEERING
PUB_020706,MATERIALS_SCIENCE
PUB_020707,ENGINEERING
PUB_020707,MATERIALS_SCIENCE
PUB_020708,ENGINEERING
PUB_020708,COMPUTER_SCIENCE
PUB_020709,MEDICINE
PUB_020709,COMPUTER_SCIENCE
PUB_020710,ENGINEERING
PUB_020710,COMPUTER_SCIENCE
PUB_020711,ENGINEERING
PUB_020711,EARTH_AND_PLANETARY_SCIENCES
PUB_020711,ENVIRONMENTAL_SCIENCE
PUB_020712,ENGINEERING
PUB_020713,PSYCHOLOGY
PUB_020713,COMPUTER_SCIENCE
PUB_020713,PHYSICS_AND_ASTRONOMY
PUB_020714,ENGINEERING
PUB_020715,ENGINEERING
PUB_020716,ENGINEERING
PUB_020717,ENGINEERING
PUB_020717,ENERGY
PUB_020717,MATERIALS_SCIENCE
PUB_020718,ENGINEERING
PUB_020718,ENERGY
PUB_020718,ENVIRONMENTAL_SCIENCE
PUB_020719,COMPUTER_SCIENCE
PUB_020720,ENGINEERING
PUB_020720,ENERGY
PUB_020721,ENGINEERING
PUB_020721,MATERIALS_SCIENCE
PUB_020722,ENGINEERING
PUB_020723,ENGINEERING
PUB_020724,COMPUTER_SCIENCE
PUB_020724,SOCIAL_SCIENCES
PUB_020725,ENGINEERING
PUB_020725,MATERIALS_SCIENCE
PUB_020726,COMPUTER_SCIENCE
PUB_020727,ENGINEERING
PUB_020727,COMPUTER_SCIENCE
PUB_020728,ENGINEERING
PUB_020729,COMPUTER_SCIENCE
PUB_020730,ENGINEERING
PUB_020730,ENVIRONMENTAL_SCIENCE
PUB_020731,COMPUTER_SCIENCE
PUB_020731,MATERIALS_SCIENCE
PUB_020732,ENGINEERING
PUB_020732,COMPUTER_SCIENCE
PUB_020732,BUSINESS_MANAGEMENT_AND_ACCOUNTING
PUB_020733,ENGINEERING
PUB_020734,ENGINEERING
PUB_020734,COMPUTER_SCIENCE
PUB_020735,ENGINEERING
PUB_020735,MATERIALS_SCIENCE
PUB_020736,COMPUTER_SCIENCE
PUB_020737,ENGINEERING
PUB_020737,ENERGY
PUB_020738,COMPUTER_SCIENCE
PUB_020738,AGRICULTURAL_AND_BIOLOGICAL_SCIENCES
PUB_020739,ENGINEERING
PUB_020739,COMPUTER_SCIENCE
PUB_020740,COMPUTER_SCIENCE
PUB_020741,ENGINEERING
PUB_020741,PHYSICS_AND_ASTRONOMY
PUB_020742,ENGINEERING
PUB_020743,MEDICINE
PUB_020743,COMPUTER_SCIENCE
PUB_020743,SOCIAL_SCIENCES
PUB_020744,COMPUTER_SCIENCE
PUB_020745,COMPUTER_SCIENCE
PUB_020746,ENGINEERING
PUB_020746,COMPUTER_SCIENCE
PUB_020747,COMPUTER_SCIENCE
PUB_020748,ENGINEERING
PUB_020748,COMPUTER_SCIENCE
PUB_020749,ENGINEERING
PUB_020749,NEUROSCIENCE
PUB_020750,ENGINEERING
PUB_020750,ENERGY
PUB_020750,COMPUTER_SCIENCE
PUB_020751,COMPUTER_SCIENCE
PUB_020752,ENGINEERING
PUB_020753,ENGINEERING
PUB_020753,CHEMISTRY
PUB_020754,COMPUTER_SCIENCE
PUB_020755,ENGINEERING
PUB_020755,MATERIALS_SCIENCE
PUB_020756,ENGINEERING
PUB_020756,COMPUTER_SCIENCE
PUB_020757,COMPUTER_SCIENCE
PUB_020757,NEUROSCIENCE
PUB_020758,ENGINEERING
PUB_020759,ENGINEERING
PUB_020760,ENGINEERING
PUB_020761,COMPUTER_SCIENCE
PUB_020762,ENGINEERING
PUB_020762,COMPUTER_SCIENCE
PUB_020762,NEUROSCIENCE
PUB_020763,ENGINEERING
PUB_020763,MATERIALS_SCIENCE
PUB_020764,ENGINEERING
PUB_020764,CHEMISTRY
PUB_020764,CHEMICAL_ENGINEERING
PUB_020765,ENGINEERING
PUB_020765,PHYSICS_AND_ASTRONOMY
PUB_020766,COMPUTER_SCIENCE
PUB_020766,AGRICULTURAL_AND_BIOLOGICAL_SCIENCES
PUB_020767,ENGINEERING
PUB_020767,MATERIALS_SCIENCE
PUB_020768,ENGINEERING
PUB_020768,MATERIALS_SCIENCE
PUB_020769,COMPUTER_SCIENCE
PUB_020769,HEALTH_PROFESSIONS
PUB_020770,ENGINEERING
PUB_020771,ENGINEERING
PUB_020771,MATERIALS_SCIENCE
PUB_020772,COMPUTER_SCIENCE
PUB_020772,NEUROSCIENCE
PUB_020773,ENGINEERING
PUB_020774,ENGINEERING
PUB_020774,SOCIAL_SCIENCES
PUB_020775,ENGINEERING
PUB_020776,ENGINEERING
PUB_020777,ENGINEERING
PUB_020777,ENERGY
PUB_020777,MATERIALS_SCIENCE
PUB_020778,ENGINEERING
PUB_020779,ENGINEERING
PUB_020780,ENGINEERING
PUB_020781,COMPUTER_SCIENCE
PUB_020782,ENGINEERING
PUB_020782,MATERIALS_SCIENCE
PUB_020783,COMPUTER_SCIENCE
PUB_020784,ENGINEERING
PUB_020785,ENGINEERING
PUB_020786,COMPUTER_SCIENCE
PUB_020787,COMPUTER_SCIENCE
PUB_020788,ENGINEERING
PUB_020788,COMPUTER_SCIENCE
PUB_020789,ENGINEERING
PUB_020789,CHEMICAL_ENGINEERING
PUB_020790,ENGINEERING
PUB_020791,ENGINEERING
PUB_020791,MATERIALS_SCIENCE
PUB_020792,COMPUTER_SCIENCE
PUB_020793,ENGINEERING
PUB_020793,COMPUTER_SCIENCE
PUB_020794,ENGINEERING
PUB_020794,MATERIALS_SCIENCE
PUB_020795,COMPUTER_SCIENCE
PUB_020795,SOCIAL_SCIENCES
PUB_020796,ENGINEERING
PUB_020797,ENGINEERING
PUB_020797,COMPUTER_SCIENCE
PUB_020798,COMPUTER_SCIENCE
PUB_020798,SOCIAL_SCIENCES
PUB_020799,COMPUTER_SCIENCE
PUB_020800,MEDICINE
PUB_020800,COMPUTER_SCIENCE
PUB_020801,ENGINEERING
PUB_020801,MATERIALS_SCIENCE
PUB_020802,ENGINEERING
PUB_020802,MATERIALS_SCIENCE
PUB_020803,ENGINEERING
PUB_020803,MATERIALS_SCIENCE
PUB_020804,COMPUTER_SCIENCE
PUB_020804,NEUROSCIENCE
PUB_020805,ENGINEERING
PUB_020806,COMPUTER_SCIENCE
PUB_020807,ENGINEERING
PUB_020807,ENVIRONMENTAL_SCIENCE
PUB_020808,ENGINEERING
PUB_020809,ENGINEERING
PUB_020810,ENGINEERING
PUB_020810,ENVIRONMENTAL_SCIENCE
PUB_020810,MATERIALS_SCIENCE
PUB_020811,ENGINEERING
PUB_020811,MATERIALS_SCIENCE
PUB_020812,COMPUTER_SCIENCE
PUB_020813,COMPUTER_SCIENCE
PUB_020814,ENGINEERING
PUB_020814,MATERIALS_SCIENCE
PUB_020815,ENGINEERING
PUB_020815,AGRICULTURAL_AND_BIOLOGICAL_SCIENCES
PUB_020816,COMPUTER_SCIENCE
PUB_020817,ENGINEERING
PUB_020817,COMPUTER_SCIENCE
PUB_020818,ENGINEERING
PUB_020819,ENGINEERING
PUB_020819,MATERIALS_SCIENCE
PUB_020820,COMPUTER_SCIENCE
PUB_020821,ENGINEERING
PUB_020822,COMPUTER_SCIENCE
PUB_020822,BUSINESS_MANAGEMENT_AND_ACCOUNTING
PUB_020823,ENGINEERING
PUB_020823,COMPUTER_SCIENCE
PUB_020824,COMPUTER_SCIENCE
PUB_020825,ENGINEERING
PUB_020825,COMPUTER_SCIENCE
PUB_020826,ENGINEERING
PUB_020827,ENGINEERING
PUB_020828,COMPUTER_SCIENCE
PUB_020829,ENGINEERING
PUB_020830,COMPUTER_SCIENCE
PUB_020831,MEDICINE
PUB_020831,COMPUTER_SCIENCE
PUB_020831,HEALTH_PROFESSIONS
PUB_020832,ENGINEERING
PUB_020833,COMPUTER_SCIENCE
PUB_020834,COMPUTER_SCIENCE
PUB_020834,BIOCHEMISTRY_GENETICS_AND_MOLECULAR_BIOLOGY
PUB_020835,ENGINEERING
PUB_020836,ENGINEERING
PUB_020837,ENGINEERING
PUB_020837,MATERIALS_SCIENCE
PUB_020837,CHEMICAL_ENGINEERING
PUB_020838,ENGINEERING
PUB_020838,CHEMISTRY
PUB_020838,CHEMICAL_ENGINEERING
PUB_020839,ENGINEERING
PUB_020839,COMPUTER_SCIENCE
PUB_020840,ENGINEERING
PUB_020840,COMPUTER_SCIENCE
PUB_020841,COMPUTER_SCIENCE
PUB_020842,ENGINEERING
PUB_020842,ENERGY
PUB_020843,ECONOMICS_ECONOMETRICS_AND_FINANCE
PUB_020843,DECISION_SCIENCES
PUB_020843,COMPUTER_SCIENCE
PUB_020844,ENGINEERING
PUB_020845,ENGINEERING
PUB_020846,ENGINEERING
PUB_020846,COMPUTER_SCIENCE
PUB_020847,ENGINEERING
PUB_020847,SOCIAL_SCIENCES
PUB_020848,ENGINEERING
PUB_020848,SOCIAL_SCIENCES
PUB_020849,ENGINEERING
PUB_020849,CHEMISTRY
PUB_020849,MATERIALS_SCIENCE
PUB_020850,ENGINEERING
PUB_020850,ENERGY
PUB_020851,ENGINEERING
PUB_020851,ENVIRONMENTAL_SCIENCE
PUB_020852,ENGINEERING
PUB_020853,MATHEMATICS
PUB_020853,COMPUTER_SCIENCE
PUB_020853,DECISION_SCIENCES
PUB_020854,ENGINEERING
PUB_020855,ENGINEERING
PUB_020856,ENGINEERING
PUB_020857,ENGINEERING
PUB_020857,MATERIALS_SCIENCE
PUB_020858,ENGINEERING
PUB_020858,COMPUTER_SCIENCE
PUB_020859,COMPUTER_SCIENCE
PUB_020859,DECISION_SCIENCES
PUB_020860,COMPUTER_SCIENCE
PUB_020861,ENGINEERING
PUB_020861,ENVIRONMENTAL_SCIENCE
PUB_020861,AGRICULTURAL_AND_BIOLOGICAL_SCIENCES
PUB_020862,ENGINEERING
PUB_020862,MATERIALS_SCIENCE
PUB_020863,ENGINEERING
PUB_020863,COMPUTER_SCIENCE
PUB_020863,ENVIRONMENTAL_SCIENCE
PUB_020864,ENGINEERING
PUB_020864,COMPUTER_SCIENCE
PUB_020864,PSYCHOLOGY
PUB_020865,ENGINEERING
PUB_020865,ENERGY
PUB_020865,COMPUTER_SCIENCE
PUB_020866,COMPUTER_SCIENCE
PUB_020866,SOCIAL_SCIENCES
PUB_020867,ENGINEERING
PUB_020867,BUSINESS_MANAGEMENT_AND_ACCOUNTING
PUB_020867,DECISION_SCIENCES
PUB_020868,COMPUTER_SCIENCE
PUB_020868,BIOCHEMISTRY_GENETICS_AND_MOLECULAR_BIOLOGY
PUB_020869,COMPUTER_SCIENCE
PUB_020869,HEALTH_PROFESSIONS
PUB_020870,ENGINEERING
PUB_020870,COMPUTER_SCIENCE
PUB_020871,ENGINEERING
PUB_020871,COMPUTER_SCIENCE
PUB_020872,ENGINEERING
PUB_020872,ENERGY
PUB_020872,COMPUTER_SCIENCE
PUB_020873,ENGINEERING
PUB_020874,MEDICINE
PUB_020874,COMPUTER_SCIENCE
PUB_020874,NEUROSCIENCE
PUB_020875,ENGINEERING
PUB_020876,ENGINEERING
PUB_020876,COMPUTER_SCIENCE
PUB_020877,ENGINEERING
PUB_020877,MATERIALS_SCIENCE
PUB_020878,COMPUTER_SCIENCE
PUB_020879,MEDICINE
PUB_020879,COMPUTER_SCIENCE
PUB_020879,HEALTH_PROFESSIONS
PUB_020880,COMPUTER_SCIENCE
PUB_020881,COMPUTER_SCIENCE
PUB_020882,COMPUTER_SCIENCE
PUB_020883,ENGINEERING
PUB_020883,ENVIRONMENTAL_SCIENCE
PUB_020884,ENGINEERING
PUB_020884,COMPUTER_SCIENCE
PUB_020885,COMPUTER_SCIENCE
PUB_020886,ENGINEERING
PUB_020886,MATERIALS_SCIENCE
PUB_020887,MEDICINE
PUB_020887,ENGINEERING
PUB_020888,PSYCHOLOGY
PUB_020888,MEDICINE
PUB_020888,ENGINEERING
PUB_020889,COMPUTER_SCIENCE
PUB_020890,ENGINEERING
PUB_020890,COMPUTER_SCIENCE
PUB_020891,COMPUTER_SCIENCE
PUB_020892,ENGINEERING
PUB_020892,COMPUTER_SCIENCE
PUB_020893,ENGINEERING
PUB_020893,SOCIAL_SCIENCES
PUB_020894,ENGINEERING
PUB_020894,MATERIALS_SCIENCE
PUB_020895,ENGINEERING
PUB_020896,COMPUTER_SCIENCE
PUB_020897,ENGINEERING
PUB_020897,COMPUTER_SCIENCE
PUB_020898,ENGINEERING
PUB_020899,COMPUTER_SCIENCE
PUB_020899,AGRICULTURAL_AND_BIOLOGICAL_SCIENCES
PUB_020900,ENGINEERING
PUB_020900,PHYSICS_AND_ASTRONOMY
PUB_020901,ENGINEERING
PUB_020902,MEDICINE
PUB_020902,COMPUTER_SCIENCE
PUB_020902,HEALTH_PROFESSIONS
PUB_020903,COMPUTER_SCIENCE
PUB_020903,DECISION_SCIENCES
PUB_020904,ENGINEERING
PUB_020904,COMPUTER_SCIENCE
PUB_020905,ENGINEERING
PUB_020906,ENGINEERING
PUB_020906,COMPUTER_SCIENCE
PUB_020907,ENGINEERING
PUB_020907,MATERIALS_SCIENCE
PUB_020908,ENGINEERING
PUB_020908,COMPUTER_SCIENCE
PUB_020909,COMPUTER_SCIENCE
PUB_020910,COMPUTER_SCIENCE
PUB_020911,ENGINEERING
PUB_020912,COMPUTER_SCIENCE
PUB_020913,COMPUTER_SCIENCE
PUB_020914,ENGINEERING
PUB_020914,COMPUTER_SCIENCE
PUB_020915,ENGINEERING
PUB_020915,COMPUTER_SCIENCE
PUB_020916,COMPUTER_SCIENCE
PUB_020917,ENGINEERING
PUB_020918,ENGINEERING
PUB_020918,MATERIALS_SCIENCE
PUB_020919,ENGINEERING
PUB_020920,ENGINEERING
PUB_020920,ENERGY
PUB_020920,MATERIALS_SCIENCE
PUB_020921,ENGINEERING
PUB_020922,ENGINEERING
PUB_020922,CHEMICAL_ENGINEERING
PUB_020923,COMPUTER_SCIENCE
PUB_020924,COMPUTER_SCIENCE
PUB_020924,BIOCHEMISTRY_GENETICS_AND_MOLECULAR_BIOLOGY
PUB_020924,CHEMISTRY
PUB_020925,ENGINEERING
PUB_020926,COMPUTER_SCIENCE
PUB_020927,COMPUTER_SCIENCE
PUB_020927,BIOCHEMISTRY_GENETICS_AND_MOLECULAR_BIOLOGY
PUB_020928,COMPUTER_SCIENCE
PUB_020929,ENGINEERING
PUB_020929,COMPUTER_SCIENCE
PUB_020930,ENGINEERING
PUB_020931,ENGINEERING
PUB_020931,COMPUTER_SCIENCE
PUB_020932,ENGINEERING
PUB_020933,COMPUTER_SCIENCE
PUB_020934,ENGINEERING
PUB_020935,COMPUTER_SCIENCE
PUB_020935,SOCIAL_SCIENCES
PUB_020935,NEUROSCIENCE
PUB_020936,COMPUTER_SCIENCE
PUB_020937,ENGINEERING
PUB_020938,ENGINEERING
PUB_020938,COMPUTER_SCIENCE
PUB_020939,ENGINEERING
PUB_020940,COMPUTER_SCIENCE
PUB_020941,EARTH_AND_PLANETARY_SCIENCES
PUB_020941,COMPUTER_SCIENCE
PUB_020941,HEALTH_PROFESSIONS
PUB_020942,ENGINEERING
PUB_020942,MATERIALS_SCIENCE
PUB_020943,ENGINEERING
PUB_020943,COMPUTER_SCIENCE
PUB_020944,ENGINEERING
PUB_020944,MATERIALS_SCIENCE
PUB_020945,MEDICINE
PUB_020945,COMPUTER_SCIENCE
PUB_020946,MEDICINE
PUB_020946,COMPUTER_SCIENCE
PUB_020946,SOCIAL_SCIENCES
PUB_020947,ENGINEERING
PUB_020947,ENVIRONMENTAL_SCIENCE
PUB_020948,ENGINEERING
PUB_020948,COMPUTER_SCIENCE
PUB_020949,ENGINEERING
PUB_020949,MATERIALS_SCIENCE
PUB_020950,ENGINEERING
PUB_020950,COMPUTER_SCIENCE
PUB_020951,ENGINEERING
PUB_020951,MATERIALS_SCIENCE
PUB_020952,ENGINEERING
PUB_020953,ENGINEERING
PUB_020954,COMPUTER_SCIENCE
PUB_020955,ENGINEERING
PUB_020956,ENGINEERING
PUB_020957,ENGINEERING
PUB_020958,MEDICINE
PUB_020958,ENGINEERING
PUB_020959,ENGINEERING
PUB_020959,MATERIALS_SCIENCE
PUB_020960,ENGINEERING
PUB_020960,ENERGY
PUB_020961,COMPUTER_SCIENCE
PUB_020962,ENGINEERING
PUB_020962,COMPUTER_SCIENCE
PUB_020963,ENGINEERING
PUB_020964,ENGINEERING
PUB_020964,COMPUTER_SCIENCE
PUB_020964,PHYSICS_AND_ASTRONOMY
PUB_020965,ENGINEERING
PUB_020965,COMPUTER_SCIENCE
PUB_020966,ENGINEERING
PUB_020966,COMPUTER_SCIENCE
PUB_020967,ENGINEERING
PUB_020968,ENGINEERING
PUB_020968,ARTS_AND_HUMANITIES
PUB_020969,ENGINEERING
PUB_020969,MATERIALS_SCIENCE
PUB_020969,PHARMACOLOGY_TOXICOLOGY_AND_PHARMACEUTICS
PUB_020970,ENGINEERING
PUB_020970,MATERIALS_SCIENCE
PUB_020971,ENGINEERING
PUB_020972,COMPUTER_SCIENCE
PUB_020973,ENGINEERING
PUB_020973,COMPUTER_SCIENCE
PUB_020974,ENGINEERING
PUB_020974,MATERIALS_SCIENCE
PUB_020975,ENGINEERING
PUB_020975,COMPUTER_SCIENCE
PUB_020976,COMPUTER_SCIENCE
PUB_020977,PSYCHOLOGY
PUB_020977,COMPUTER_SCIENCE
PUB_020977,SOCIAL_SCIENCES
PUB_020978,COMPUTER_SCIENCE
PUB_020979,ENGINEERING
PUB_020979,SOCIAL_SCIENCES
PUB_020980,ENGINEERING
PUB_020981,ENGINEERING
PUB_020982,ENGINEERING
PUB_020982,PHYSICS_AND_ASTRONOMY
PUB_020983,MEDICINE
PUB_020983,COMPUTER_SCIENCE
PUB_020983,BIOCHEMISTRY_GENETICS_AND_MOLECULAR_BIOLOGY
PUB_020984,COMPUTER_SCIENCE
PUB_020985,COMPUTER_SCIENCE
PUB_020986,COMPUTER_SCIENCE
PUB_020987,ENGINEERING
PUB_020987,MATERIALS_SCIENCE
PUB_020988,MEDICINE
PUB_020988,COMPUTER_SCIENCE
PUB_020988,HEALTH_PROFESSIONS
PUB_020989,ENGINEERING
PUB_020989,EARTH_AND_PLANETARY_SCIENCES
PUB_020989,ENVIRONMENTAL_SCIENCE
PUB_020990,COMPUTER_SCIENCE
PUB_020991,ENGINEERING
PUB_020992,ENGINEERING
PUB_020993,COMPUTER_SCIENCE
PUB_020993,DECISION_SCIENCES
PUB_020994,COMPUTER_SCIENCE
PUB_020994,BIOCHEMISTRY_GENETICS_AND_MOLECULAR_BIOLOGY
PUB_020994,DECISION_SCIENCES
PUB_020995,COMPUTER_SCIENCE
PUB_020996,ENGINEERING
PUB_020997,COMPUTER_SCIENCE
PUB_020998,ENGINEERING
PUB_020999,ENGINEERING
PUB_020999,AGRICULTURAL_AND_BIOLOGICAL_SCIENCES
PUB_021000,ENGINEERING
PUB_021001,ENGINEERING
PUB_021001,COMPUTER_SCIENCE
PUB_021001,HEALTH_PROFESSIONS
PUB_021002,COMPUTER_SCIENCE
PUB_021002,NEUROSCIENCE
PUB_021003,ENGINEERING
PUB_021003,ENERGY
PUB_021004,ENGINEERING
PUB_021005,ENGINEERING
PUB_021005,MATERIALS_SCIENCE
PUB_021006,ENGINEERING
PUB_021007,ENGINEERING
PUB_021007,COMPUTER_SCIENCE
PUB_021008,COMPUTER_SCIENCE
PUB_021009,ENGINEERING
PUB_021009,COMPUTER_SCIENCE
PUB_021009,ENVIRONMENTAL_SCIENCE
PUB_021010,ENGINEERING
PUB_021010,MATERIALS_SCIENCE
PUB_021010,CHEMICAL_ENGINEERING
PUB_021011,COMPUTER_SCIENCE
PUB_021012,ENGINEERING
PUB_021013,COMPUTER_SCIENCE
PUB_021014,ENGINEERING
PUB_021015,ENGINEERING
PUB_021015,COMPUTER_SCIENCE
PUB_021016,COMPUTER_SCIENCE
PUB_021017,ENGINEERING
PUB_021018,ENGINEERING
PUB_021018,COMPUTER_SCIENCE
PUB_021019,ENGINEERING
PUB_021020,ENGINEERING
PUB_021021,ENGINEERING
PUB_021021,EARTH_AND_PLANETARY_SCIENCES
PUB_021022,ENGINEERING
PUB_021022,COMPUTER_SCIENCE
PUB_021023,ENGINEERING
PUB_021023,COMPUTER_SCIENCE
PUB_021024,ENGINEERING
PUB_021024,MATERIALS_SCIENCE
PUB_021025,ENGINEERING
PUB_021025,COMPUTER_SCIENCE
PUB_021026,MEDICINE
PUB_021026,COMPUTER_SCIENCE
PUB_021026,NEUROSCIENCE
PUB_021027,ENGINEERING
PUB_021027,COMPUTER_SCIENCE
PUB_021028,COMPUTER_SCIENCE
PUB_021028,DECISION_SCIENCES
PUB_021029,ENGINEERING
PUB_021030,ENGINEERING
PUB_021030,MATERIALS_SCIENCE
PUB_021031,ENGINEERING
PUB_021031,COMPUTER_SCIENCE
PUB_021032,ENGINEERING
PUB_021032,COMPUTER_SCIENCE
PUB_021033,ENGINEERING
PUB_021033,PHYSICS_AND_ASTRONOMY
PUB_021034,COMPUTER_SCIENCE
PUB_021035,COMPUTER_SCIENCE
PUB_021036,ENGINEERING
PUB_021036,CHEMICAL_ENGINEERING
PUB_021037,ENGINEERING
PUB_021038,COMPUTER_SCIENCE
PUB_021039,ENGINEERING
PUB_021039,ENVIRONMENTAL_SCIENCE
PUB_021039,MATERIALS_SCIENCE
PUB_021040,ENGINEERING
PUB_021040,MATERIALS_SCIENCE
PUB_021041,ENGINEERING
PUB_021041,MATERIALS_SCIENCE
PUB_021042,ENGINEERING
PUB_021043,MEDICINE
PUB_021043,COMPUTER_SCIENCE
PUB_021044,ENGINEERING
PUB_021045,ENGINEERING
PUB_021046,MEDICINE
PUB_021046,COMPUTER_SCIENCE
PUB_021047,COMPUTER_SCIENCE
PUB_021048,ENGINEERING
PUB_021049,COMPUTER_SCIENCE
PUB_021050,COMPUTER_SCIENCE
PUB_021051,ENGINEERING
PUB_021051,MATERIALS_SCIENCE
PUB_021052,ENGINEERING
PUB_021052,COMPUTER_SCIENCE
PUB_021053,ENGINEERING
PUB_021053,COMPUTER_SCIENCE
PUB_021054,COMPUTER_SCIENCE
PUB_021055,COMPUTER_SCIENCE
PUB_021056,MEDICINE
PUB_021056,NEUROSCIENCE
PUB_021056,ENGINEERING
PUB_021057,ENGINEERING
PUB_021057,MATERIALS_SCIENCE
PUB_021058,ENGINEERING
PUB_021058,COMPUTER_SCIENCE
PUB_021058,ENVIRONMENTAL_SCIENCE
PUB_021059,ENGINEERING
PUB_021060,COMPUTER_SCIENCE
PUB_021061,MATERIALS_SCIENCE
PUB_021061,ENGINEERING
PUB_021061,CHEMISTRY
PUB_021062,ENGINEERING
PUB_021062,MATERIALS_SCIENCE
PUB_021063,ENGINEERING
PUB_021063,COMPUTER_SCIENCE
PUB_021064,COMPUTER_SCIENCE
PUB_021064,AGRICULTURAL_AND_BIOLOGICAL_SCIENCES
PUB_021065,ENGINEERING
PUB_021065,COMPUTER_SCIENCE
PUB_021066,COMPUTER_SCIENCE
PUB_021067,ENGINEERING
PUB_021067,ENVIRONMENTAL_SCIENCE
PUB_021067,AGRICULTURAL_AND_BIOLOGICAL_SCIENCES
PUB_021068,ENGINEERING
PUB_021069,ENGINEERING
PUB_021069,ENERGY
PUB_021069,COMPUTER_SCIENCE
PUB_021070,COMPUTER_SCIENCE
PUB_021071,COMPUTER_SCIENCE
PUB_021072,ENGINEERING
PUB_021072,COMPUTER_SCIENCE
PUB_021073,COMPUTER_SCIENCE
PUB_021074,ENGINEERING
PUB_021075,ENGINEERING
PUB_021075,MATERIALS_SCIENCE
PUB_021076,ENGINEERING
PUB_021076,NURSING
PUB_021076,BIOCHEMISTRY_GENETICS_AND_MOLECULAR_BIOLOGY
PUB_021077,COMPUTER_SCIENCE
PUB_021078,COMPUTER_SCIENCE
PUB_021079,ENGINEERING
PUB_021080,COMPUTER_SCIENCE
PUB_021081,ENGINEERING
PUB_021081,COMPUTER_SCIENCE
PUB_021081,ENVIRONMENTAL_SCIENCE
PUB_021082,ENGINEERING
PUB_021082,MATERIALS_SCIENCE
PUB_021083,ENGINEERING
PUB_021083,COMPUTER_SCIENCE
PUB_021084,COMPUTER_SCIENCE
PUB_021085,ENGINEERING
PUB_021086,ENGINEERING
PUB_021086,MATERIALS_SCIENCE
PUB_021087,ENGINEERING
PUB_021088,MEDICINE
PUB_021088,COMPUTER_SCIENCE
PUB_021088,SOCIAL_SCIENCES
PUB_021089,COMPUTER_SCIENCE
PUB_021090,ENGINEERING
PUB_021091,MEDICINE
PUB_021091,COMPUTER_SCIENCE
PUB_021092,COMPUTER_SCIENCE
PUB_021093,COMPUTER_SCIENCE
PUB_021093,SOCIAL_SCIENCES
PUB_021094,COMPUTER_SCIENCE
PUB_021095,ENGINEERING
PUB_021095,COMPUTER_SCIENCE
PUB_021096,ENGINEERING
PUB_021097,COMPUTER_SCIENCE
PUB_021098,ENGINEERING
PUB_021098,COMPUTER_SCIENCE
PUB_021099,COMPUTER_SCIENCE
PUB_021100,ENGINEERING
PUB_021100,ENERGY
PUB_021101,COMPUTER_SCIENCE
PUB_021101,HEALTH_PROFESSIONS
PUB_021102,COMPUTER_SCIENCE
PUB_021103,ENGINEERING
PUB_021103,SOCIAL_SCIENCES
PUB_021104,ENGINEERING
PUB_021104,CHEMISTRY
PUB_021104,CHEMICAL_ENGINEERING
PUB_021105,ENGINEERING
PUB_021106,ENGINEERING
PUB_021107,COMPUTER_SCIENCE
PUB_021108,ENGINEERING
PUB_021108,COMPUTER_SCIENCE
PUB_021109,COMPUTER_SCIENCE
PUB_021110,ENGINEERING
PUB_021111,COMPUTER_SCIENCE
PUB_021112,COMPUTER_SCIENCE
PUB_021113,ENGINEERING
PUB_021113,COMPUTER_SCIENCE
PUB_021114,ENGINEERING
PUB_021114,PHYSICS_AND_ASTRONOMY
PUB_021115,MEDICINE
PUB_021115,NEUROSCIENCE
PUB_021115,ENGINEERING
PUB_021116,ENGINEERING
PUB_021117,ENGINEERING
PUB_021117,COMPUTER_SCIENCE
PUB_021118,ENGINEERING
PUB_021119,COMPUTER_SCIENCE
PUB_021120,ENGINEERING
PUB_021120,COMPUTER_SCIENCE
PUB_021121,COMPUTER_SCIENCE
PUB_021122,COMPUTER_SCIENCE
PUB_021123,COMPUTER_SCIENCE
PUB_021123,HEALTH_PROFESSIONS
PUB_021124,MEDICINE
PUB_021124,COMPUTER_SCIENCE
PUB_021124,HEALTH_PROFESSIONS
PUB_021125,ENGINEERING
PUB_021125,ENERGY
PUB_021126,COMPUTER_SCIENCE
PUB_021127,ENGINEERING
PUB_021127,COMPUTER_SCIENCE
PUB_021128,COMPUTER_SCIENCE
PUB_021129,ENGINEERING
PUB_021130,ENGINEERING
PUB_021131,ENGINEERING
PUB_021131,COMPUTER_SCIENCE
PUB_021132,ENGINEERING
PUB_021132,COMPUTER_SCIENCE
PUB_021133,COMPUTER_SCIENCE
PUB_021134,COMPUTER_SCIENCE
PUB_021134,BIOCHEMISTRY_GENETICS_AND_MOLECULAR_BIOLOGY
PUB_021135,ENGINEERING
PUB_021136,ENGINEERING
PUB_021136,EARTH_AND_PLANETARY_SCIENCES
PUB_021137,COMPUTER_SCIENCE
PUB_021138,COMPUTER_SCIENCE
PUB_021139,COMPUTER_SCIENCE
PUB_021139,DECISION_SCIENCES
PUB_021139,HEALTH_PROFESSIONS
PUB_021140,COMPUTER_SCIENCE
PUB_021141,COMPUTER_SCIENCE
PUB_021142,PSYCHOLOGY
PUB_021142,COMPUTER_SCIENCE
PUB_021142,NEUROSCIENCE
PUB_021143,ENGINEERING
PUB_021144,ENGINEERING
PUB_021144,COMPUTER_SCIENCE
PUB_021144,PHYSICS_AND_ASTRONOMY
PUB_021145,ENGINEERING
PUB_021145,COMPUTER_SCIENCE
PUB_021146,COMPUTER_SCIENCE
PUB_021147,ENGINEERING
PUB_021148,COMPUTER_SCIENCE
PUB_021148,BUSINESS_MANAGEMENT_AND_ACCOUNTING
PUB_021149,COMPUTER_SCIENCE
PUB_021150,ENGINEERING
PUB_021150,CHEMICAL_ENGINEERING
PUB_021151,COMPUTER_SCIENCE
PUB_021152,ENGINEERING
PUB_021152,BIOCHEMISTRY_GENETICS_AND_MOLECULAR_BIOLOGY
PUB_021152,NEUROSCIENCE
PUB_021153,ENGINEERING
PUB_021153,ENVIRONMENTAL_SCIENCE
PUB_021154,ENGINEERING
PUB_021154,COMPUTER_SCIENCE
PUB_021155,COMPUTER_SCIENCE
PUB_021156,COMPUTER_SCIENCE
PUB_021157,ENGINEERING
PUB_021157,COMPUTER_SCIENCE
PUB_021158,COMPUTER_SCIENCE
PUB_021159,ENGINEERING
PUB_021159,COMPUTER_SCIENCE
PUB_021160,ENGINEERING
PUB_021160,COMPUTER_SCIENCE
PUB_021160,NEUROSCIENCE
PUB_021161,ENGINEERING
PUB_021162,COMPUTER_SCIENCE
PUB_021163,ENGINEERING
PUB_021164,ENGINEERING
PUB_021164,ENVIRONMENTAL_SCIENCE
PUB_021165,ENGINEERING
PUB_021166,ENGINEERING
PUB_021167,ENGINEERING
PUB_021168,ENGINEERING
PUB_021168,COMPUTER_SCIENCE
PUB_021169,ENGINEERING
PUB_021169,COMPUTER_SCIENCE
PUB_021170,ENGINEERING
PUB_021170,COMPUTER_SCIENCE
PUB_021171,COMPUTER_SCIENCE
PUB_021172,ENGINEERING
PUB_021172,COMPUTER_SCIENCE
PUB_021173,ENGINEERING
PUB_021174,ENGINEERING
PUB_021175,COMPUTER_SCIENCE
PUB_021176,ENGINEERING
PUB_021177,COMPUTER_SCIENCE
PUB_021178,ENGINEERING
PUB_021178,MATERIALS_SCIENCE
PUB_021179,COMPUTER_SCIENCE
PUB_021180,COMPUTER_SCIENCE
PUB_021180,DECISION_SCIENCES
PUB_021181,ENGINEERING
PUB_021181,COMPUTER_SCIENCE
PUB_021182,ENGINEERING
PUB_021183,ENGINEERING
PUB_021184,MEDICINE
PUB_021184,COMPUTER_SCIENCE
PUB_021184,BIOCHEMISTRY_GENETICS_AND_MOLECULAR_BIOLOGY
PUB_021185,COMPUTER_SCIENCE
PUB_021186,ENGINEERING
PUB_021186,CHEMISTRY
PUB_021187,ENGINEERING
PUB_021187,CHEMICAL_ENGINEERING
PUB_021188,ENGINEERING
PUB_021188,COMPUTER_SCIENCE
PUB_021188,ENVIRONMENTAL_SCIENCE
PUB_021189,ENGINEERING
PUB_021189,COMPUTER_SCIENCE
PUB_021190,ENGINEERING
PUB_021191,ENGINEERING
PUB_021191,ECONOMICS_ECONOMETRICS_AND_FINANCE
PUB_021191,DECISION_SCIENCES
PUB_021192,ENGINEERING
PUB_021192,MATERIALS_SCIENCE
PUB_021193,ENGINEERING
PUB_021194,COMPUTER_SCIENCE
PUB_021195,ENGINEERING
PUB_021195,CHEMICAL_ENGINEERING
PUB_021196,COMPUTER_SCIENCE
PUB_021197,ENGINEERING
PUB_021198,COMPUTER_SCIENCE
PUB_021199,ENGINEERING
PUB_021199,PHYSICS_AND_ASTRONOMY
PUB_021200,COMPUTER_SCIENCE
PUB_021200,SOCIAL_SCIENCES
PUB_021201,COMPUTER_SCIENCE
PUB_021202,ARTS_AND_HUMANITIES
PUB_021202,COMPUTER_SCIENCE
PUB_021203,ENGINEERING
PUB_021204,ENGINEERING
PUB_021204,COMPUTER_SCIENCE
PUB_021205,EARTH_AND_PLANETARY_SCIENCES
PUB_021205,COMPUTER_SCIENCE
PUB_021206,COMPUTER_SCIENCE
PUB_021207,ENGINEERING
PUB_021207,MATERIALS_SCIENCE
PUB_021208,COMPUTER_SCIENCE
PUB_021209,ENGINEERING
PUB_021210,ENGINEERING
PUB_021210,COMPUTER_SCIENCE
PUB_021211,COMPUTER_SCIENCE
PUB_021212,ENGINEERING
PUB_021212,COMPUTER_SCIENCE
PUB_021212,ENVIRONMENTAL_SCIENCE
PUB_021213,COMPUTER_SCIENCE
PUB_021213,NEUROSCIENCE
PUB_021213,PHYSICS_AND_ASTRONOMY
PUB_021214,COMPUTER_SCIENCE
PUB_021215,ENGINEERING
PUB_021215,COMPUTER_SCIENCE
PUB_021216,ENGINEERING
PUB_021217,ENGINEERING
PUB_021218,ENGINEERING
PUB_021218,DECISION_SCIENCES
PUB_021218,HEALTH_PROFESSIONS
PUB_021219,ENGINEERING
PUB_021219,CHEMISTRY
PUB_021219,MATERIALS_SCIENCE
PUB_021220,ENGINEERING
PUB_021221,ENGINEERING
PUB_021222,ENGINEERING
PUB_021222,COMPUTER_SCIENCE
PUB_021222,SOCIAL_SCIENCES
PUB_021223,ENGINEERING
PUB_021223,NEUROSCIENCE
PUB_021224,ENGINEERING
PUB_021224,COMPUTER_SCIENCE
PUB_021224,AGRICULTURAL_AND_BIOLOGICAL_SCIENCES
PUB_021225,ENGINEERING
PUB_021225,COMPUTER_SCIENCE
PUB_021226,ENGINEERING
PUB_021227,ENGINEERING
PUB_021227,COMPUTER_SCIENCE
PUB_021228,COMPUTER_SCIENCE
PUB_021229,COMPUTER_SCIENCE
PUB_021229,NEUROSCIENCE
PUB_021230,ENGINEERING
PUB_021231,ENGINEERING
PUB_021232,ENGINEERING
PUB_021233,COMPUTER_SCIENCE
PUB_021233,BUSINESS_MANAGEMENT_AND_ACCOUNTING
PUB_021234,ENGINEERING
PUB_021234,NEUROSCIENCE
PUB_021234,AGRICULTURAL_AND_BIOLOGICAL_SCIENCES
PUB_021235,ENGINEERING
PUB_021235,ENVIRONMENTAL_SCIENCE
PUB_021235,MATERIALS_SCIENCE
PUB_021236,COMPUTER_SCIENCE
PUB_021236,DECISION_SCIENCES
PUB_021237,COMPUTER_SCIENCE
PUB_021237,BUSINESS_MANAGEMENT_AND_ACCOUNTING
PUB_021238,ENGINEERING
PUB_021238,COMPUTER_SCIENCE
PUB_021239,ENGINEERING
PUB_021240,COMPUTER_SCIENCE
PUB_021240,DECISION_SCIENCES
PUB_021241,COMPUTER_SCIENCE
PUB_021242,ENGINEERING
PUB_021242,COMPUTER_SCIENCE
PUB_021243,ENGINEERING
PUB_021243,COMPUTER_SCIENCE
PUB_021244,COMPUTER_SCIENCE
PUB_021244,MATERIALS_SCIENCE
PUB_021245,ENGINEERING
PUB_021246,COMPUTER_SCIENCE
PUB_021247,COMPUTER_SCIENCE
PUB_021248,ENGINEERING
PUB_021248,ECONOMICS_ECONOMETRICS_AND_FINANCE
PUB_021249,ENGINEERING
PUB_021250,COMPUTER_SCIENCE
PUB_021251,ENGINEERING
PUB_021251,COMPUTER_SCIENCE
PUB_021252,ENGINEERING
PUB_021253,ENGINEERING
PUB_021253,ENVIRONMENTAL_SCIENCE
PUB_021254,ENGINEERING
PUB_021255,ENGINEERING
PUB_021255,CHEMICAL_ENGINEERING
PUB_021256,ENGINEERING
PUB_021256,DECISION_SCIENCES
PUB_021256,HEALTH_PROFESSIONS
PUB_021257,COMPUTER_SCIENCE
PUB_021258,ENGINEERING
PUB_021258,COMPUTER_SCIENCE
PUB_021259,ENGINEERING
PUB_021260,ENGINEERING
PUB_021261,COMPUTER_SCIENCE
PUB_021262,ENGINEERING
PUB_021262,ENVIRONMENTAL_SCIENCE
PUB_021262,AGRICULTURAL_AND_BIOLOGICAL_SCIENCES
PUB_021263,COMPUTER_SCIENCE
PUB_021264,MEDICINE
PUB_021264,COMPUTER_SCIENCE
PUB_021264,HEALTH_PROFESSIONS
PUB_021265,ENGINEERING
PUB_021266,MEDICINE
PUB_021266,COMPUTER_SCIENCE
PUB_021267,COMPUTER_SCIENCE
PUB_021267,PHYSICS_AND_ASTRONOMY
PUB_021268,ENGINEERING
PUB_021269,COMPUTER_SCIENCE
PUB_021270,ENGINEERING
PUB_021270,COMPUTER_SCIENCE
PUB_021271,ENGINEERING
PUB_021271,COMPUTER_SCIENCE
PUB_021272,ENGINEERING
PUB_021272,MATERIALS_SCIENCE
PUB_021273,ENGINEERING
PUB_021273,COMPUTER_SCIENCE
PUB_021274,COMPUTER_SCIENCE
PUB_021275,ENGINEERING
PUB_021275,COMPUTER_SCIENCE
PUB_021276,COMPUTER_SCIENCE
PUB_021277,ENGINEERING
PUB_021277,COMPUTER_SCIENCE
PUB_021277,SOCIAL_SCIENCES
PUB_021278,COMPUTER_SCIENCE
PUB_021279,ENGINEERING
PUB_021279,COMPUTER_SCIENCE
PUB_021280,COMPUTER_SCIENCE
PUB_021280,HEALTH_PROFESSIONS
PUB_021281,COMPUTER_SCIENCE
PUB_021281,SOCIAL_SCIENCES
PUB_021282,MEDICINE
PUB_021282,COMPUTER_SCIENCE
PUB_021282,NEUROSCIENCE
PUB_021283,COMPUTER_SCIENCE
PUB_021284,ENGINEERING
PUB_021284,ENVIRONMENTAL_SCIENCE
PUB_021285,COMPUTER_SCIENCE
PUB_021285,HEALTH_PROFESSIONS
PUB_021286,COMPUTER_SCIENCE
PUB_021286,DECISION_SCIENCES
PUB_021287,ENGINEERING
PUB_021288,ENGINEERING
PUB_021289,COMPUTER_SCIENCE
PUB_021290,COMPUTER_SCIENCE
PUB_021291,COMPUTER_SCIENCE
PUB_021292,EARTH_AND_PLANETARY_SCIENCES
PUB_021292,ENVIRONMENTAL_SCIENCE
PUB_021292,ENGINEERING
PUB_021293,ENGINEERING
PUB_021293,COMPUTER_SCIENCE
PUB_021293,DECISION_SCIENCES
PUB_021294,MEDICINE
PUB_021294,COMPUTER_SCIENCE
PUB_021295,COMPUTER_SCIENCE
PUB_021296,ENGINEERING
PUB_021296,MEDICINE
PUB_021296,HEALTH_PROFESSIONS
PUB_021297,COMPUTER_SCIENCE
PUB_021298,ENGINEERING
PUB_021298,BIOCHEMISTRY_GENETICS_AND_MOLECULAR_BIOLOGY
PUB_021299,COMPUTER_SCIENCE
PUB_021300,COMPUTER_SCIENCE
PUB_021301,ENGINEERING
PUB_021302,ENGINEERING
PUB_021302,ENERGY
PUB_021303,COMPUTER_SCIENCE
PUB_021304,COMPUTER_SCIENCE
PUB_021305,COMPUTER_SCIENCE
PUB_021305,DECISION_SCIENCES
PUB_021306,ENGINEERING
PUB_021307,ENGINEERING
PUB_021307,COMPUTER_SCIENCE
PUB_021308,COMPUTER_SCIENCE
PUB_021309,ENGINEERING
PUB_021309,COMPUTER_SCIENCE
PUB_021309,NEUROSCIENCE
PUB_021310,ENGINEERING
PUB_021311,PSYCHOLOGY
PUB_021311,COMPUTER_SCIENCE
PUB_021312,ENGINEERING
PUB_021312,ENVIRONMENTAL_SCIENCE
PUB_021313,ENGINEERING
PUB_021313,COMPUTER_SCIENCE
PUB_021314,ENGINEERING
PUB_021314,COMPUTER_SCIENCE
PUB_021315,COMPUTER_SCIENCE
PUB_021316,MEDICINE
PUB_021316,COMPUTER_SCIENCE
PUB_021316,ENGINEERING
PUB_021317,ENGINEERING
PUB_021317,COMPUTER_SCIENCE
PUB_021318,ENGINEERING
PUB_021318,COMPUTER_SCIENCE
PUB_021318,MEDICINE
PUB_021319,COMPUTER_SCIENCE
PUB_021319,HEALTH_PROFESSIONS
PUB_021320,ENGINEERING
PUB_021320,SOCIAL_SCIENCES
PUB_021321,COMPUTER_SCIENCE
PUB_021322,ENGINEERING
PUB_021323,ENGINEERING
PUB_021324,ENGINEERING
PUB_021324,ENERGY
PUB_021324,COMPUTER_SCIENCE
PUB_021325,ENGINEERING
PUB_021325,COMPUTER_SCIENCE
PUB_021326,ENGINEERING
PUB_021327,ENGINEERING
PUB_021327,COMPUTER_SCIENCE
PUB_021328,ENGINEERING
PUB_021328,ENERGY
PUB_021328,COMPUTER_SCIENCE
PUB_021329,ENGINEERING
PUB_021330,ENGINEERING
PUB_021331,COMPUTER_SCIENCE
PUB_021332,COMPUTER_SCIENCE
PUB_021332,NEUROSCIENCE
PUB_021333,COMPUTER_SCIENCE
PUB_021334,ENGINEERING
PUB_021334,COMPUTER_SCIENCE
PUB_021335,COMPUTER_SCIENCE
PUB_021336,COMPUTER_SCIENCE
PUB_021337,ENGINEERING
PUB_021338,PSYCHOLOGY
PUB_021338,COMPUTER_SCIENCE
PUB_021339,ENGINEERING
PUB_021339,COMPUTER_SCIENCE
PUB_021340,ENGINEERING
PUB_021340,MATERIALS_SCIENCE
PUB_021341,ENGINEERING
PUB_021341,ENERGY
PUB_021342,COMPUTER_SCIENCE
PUB_021343,ENGINEERING
PUB_021344,ENGINEERING
PUB_021344,COMPUTER_SCIENCE
PUB_021345,COMPUTER_SCIENCE
PUB_021346,ENGINEERING
PUB_021346,MEDICINE
PUB_021347,COMPUTER_SCIENCE
PUB_021348,PSYCHOLOGY
PUB_021348,COMPUTER_SCIENCE
PUB_021349,ENGINEERING
PUB_021349,COMPUTER_SCIENCE
PUB_021350,ENGINEERING
PUB_021350,COMPUTER_SCIENCE
PUB_021351,MEDICINE
PUB_021351,COMPUTER_SCIENCE
PUB_021352,COMPUTER_SCIENCE
PUB_021352,ENVIRONMENTAL_SCIENCE
PUB_021353,ENGINEERING
PUB_021353,COMPUTER_SCIENCE
PUB_021353,ENVIRONMENTAL_SCIENCE
PUB_021354,ENGINEERING
PUB_021355,ENGINEERING
PUB_021355,COMPUTER_SCIENCE
PUB_021356,ENGINEERING
PUB_021356,MATHEMATICS
PUB_021357,COMPUTER_SCIENCE
PUB_021358,ENGINEERING
PUB_021359,ENGINEERING
PUB_021360,MEDICINE
PUB_021360,COMPUTER_SCIENCE
PUB_021360,HEALTH_PROFESSIONS
PUB_021361,ENGINEERING
PUB_021361,PHYSICS_AND_ASTRONOMY
PUB_021362,COMPUTER_SCIENCE
PUB_021363,ENGINEERING
PUB_021363,COMPUTER_SCIENCE
PUB_021363,ENVIRONMENTAL_SCIENCE
PUB_021364,ENGINEERING
PUB_021365,ENGINEERING
PUB_021366,ENGINEERING
PUB_021366,ENVIRONMENTAL_SCIENCE
PUB_021367,COMPUTER_SCIENCE
PUB_021368,COMPUTER_SCIENCE
PUB_021368,BIOCHEMISTRY_GENETICS_AND_MOLECULAR_BIOLOGY
PUB_021368,DECISION_SCIENCES
PUB_021369,ENGINEERING
PUB_021370,ENGINEERING
PUB_021371,ENGINEERING
PUB_021372,ENGINEERING
PUB_021372,COMPUTER_SCIENCE
PUB_021373,COMPUTER_SCIENCE
PUB_021374,ENGINEERING
PUB_021374,COMPUTER_SCIENCE
PUB_021375,ENGINEERING
PUB_021375,MATERIALS_SCIENCE
PUB_021376,ENGINEERING
PUB_021376,COMPUTER_SCIENCE
PUB_021377,ENGINEERING
PUB_021378,MEDICINE
PUB_021378,COMPUTER_SCIENCE
PUB_021379,ENGINEERING
PUB_021379,COMPUTER_SCIENCE
PUB_021380,MEDICINE
PUB_021380,COMPUTER_SCIENCE
PUB_021380,DECISION_SCIENCES
PUB_021381,ENGINEERING
PUB_021381,MATERIALS_SCIENCE
PUB_021382,ENGINEERING
PUB_021382,COMPUTER_SCIENCE
PUB_021383,COMPUTER_SCIENCE
PUB_021384,ENGINEERING
PUB_021384,ENVIRONMENTAL_SCIENCE
PUB_021385,ENGINEERING
PUB_021385,COMPUTER_SCIENCE
PUB_021386,COMPUTER_SCIENCE
PUB_021387,ENGINEERING
PUB_021387,COMPUTER_SCIENCE
PUB_021387,SOCIAL_SCIENCES
PUB_021388,ENGINEERING
PUB_021389,ENGINEERING
PUB_021389,COMPUTER_SCIENCE
PUB_021390,MEDICINE
PUB_021390,COMPUTER_SCIENCE
PUB_021390,HEALTH_PROFESSIONS
PUB_021391,ENGINEERING
PUB_021391,COMPUTER_SCIENCE
PUB_021392,ENGINEERING
PUB_021392,MATERIALS_SCIENCE
PUB_021393,COMPUTER_SCIENCE
PUB_021394,ENGINEERING
PUB_021394,COMPUTER_SCIENCE
PUB_021395,COMPUTER_SCIENCE
PUB_021395,NEUROSCIENCE
PUB_021396,ENGINEERING
PUB_021396,MATERIALS_SCIENCE
PUB_021397,ENGINEERING
PUB_021398,ENGINEERING
PUB_021398,NEUROSCIENCE
PUB_021398,MATERIALS_SCIENCE
PUB_021399,ENGINEERING
PUB_021400,COMPUTER_SCIENCE
PUB_021401,COMPUTER_SCIENCE
PUB_021401,BUSINESS_MANAGEMENT_AND_ACCOUNTING
PUB_021402,ENGINEERING
PUB_021402,COMPUTER_SCIENCE
PUB_021403,ENGINEERING
PUB_021404,ENGINEERING
PUB_021404,MATERIALS_SCIENCE
PUB_021405,PSYCHOLOGY
PUB_021405,COMPUTER_SCIENCE
PUB_021405,NEUROSCIENCE
PUB_021406,ENGINEERING
PUB_021407,COMPUTER_SCIENCE
PUB_021407,DECISION_SCIENCES
PUB_021408,COMPUTER_SCIENCE
PUB_021408,SOCIAL_SCIENCES
PUB_021409,ENGINEERING
PUB_021409,COMPUTER_SCIENCE
PUB_021410,ENGINEERING
PUB_021410,COMPUTER_SCIENCE
PUB_021411,ENGINEERING
PUB_021412,ENGINEERING
PUB_021412,ENVIRONMENTAL_SCIENCE
PUB_021413,COMPUTER_SCIENCE
PUB_021413,NEUROSCIENCE
PUB_021414,COMPUTER_SCIENCE
PUB_021414,ENVIRONMENTAL_SCIENCE
PUB_021415,ENGINEERING
PUB_021416,ENGINEERING
PUB_021416,MATERIALS_SCIENCE
PUB_021417,COMPUTER_SCIENCE
PUB_021418,ENGINEERING
PUB_021418,SOCIAL_SCIENCES
PUB_021419,ENGINEERING
PUB_021420,ENGINEERING
PUB_021420,MATERIALS_SCIENCE
PUB_021421,ENGINEERING
PUB_021421,ENERGY
PUB_021421,ENVIRONMENTAL_SCIENCE
PUB_021422,ENGINEERING
PUB_021423,ENGINEERING
PUB_021424,MATHEMATICS
PUB_021424,COMPUTER_SCIENCE
PUB_021424,PHYSICS_AND_ASTRONOMY
PUB_021425,ENGINEERING
PUB_021425,BUSINESS_MANAGEMENT_AND_ACCOUNTING
PUB_021426,ENGINEERING
PUB_021427,ENGINEERING
PUB_021428,ENGINEERING
PUB_021429,COMPUTER_SCIENCE
PUB_021429,NEUROSCIENCE
PUB_021430,ENGINEERING
PUB_021430,ENERGY
PUB_021430,COMPUTER_SCIENCE
PUB_021431,ENGINEERING
PUB_021432,ENGINEERING
PUB_021432,COMPUTER_SCIENCE
PUB_021433,ENGINEERING
PUB_021433,AGRICULTURAL_AND_BIOLOGICAL_SCIENCES
PUB_021434,ENGINEERING
PUB_021434,COMPUTER_SCIENCE
PUB_021435,COMPUTER_SCIENCE
PUB_021436,MEDICINE
PUB_021436,COMPUTER_SCIENCE
PUB_021437,ENGINEERING
PUB_021438,MEDICINE
PUB_021438,COMPUTER_SCIENCE
PUB_021438,HEALTH_PROFESSIONS
PUB_021439,ENGINEERING
PUB_021439,ENVIRONMENTAL_SCIENCE
PUB_021440,ENGINEERING
PUB_021441,ENGINEERING
PUB_021441,COMPUTER_SCIENCE
PUB_021442,COMPUTER_SCIENCE
PUB_021443,ENGINEERING
PUB_021444,ENGINEERING
PUB_021444,COMPUTER_SCIENCE
PUB_021445,PSYCHOLOGY
PUB_021445,COMPUTER_SCIENCE
PUB_021446,COMPUTER_SCIENCE
PUB_021447,BUSINESS_MANAGEMENT_AND_ACCOUNTING
PUB_021447,COMPUTER_SCIENCE
PUB_021447,SOCIAL_SCIENCES
PUB_021448,ENGINEERING
PUB_021449,COMPUTER_SCIENCE
PUB_021450,ENGINEERING
PUB_021451,COMPUTER_SCIENCE
PUB_021451,NEUROSCIENCE
PUB_021452,ENGINEERING
PUB_021453,ENGINEERING
PUB_021453,COMPUTER_SCIENCE
PUB_021454,COMPUTER_SCIENCE
PUB_021454,SOCIAL_SCIENCES
PUB_021455,ENGINEERING
PUB_021456,COMPUTER_SCIENCE
PUB_021457,ENGINEERING
PUB_021457,COMPUTER_SCIENCE
PUB_021458,ENGINEERING
PUB_021458,COMPUTER_SCIENCE
PUB_021459,ENGINEERING
PUB_021459,COMPUTER_SCIENCE
PUB_021460,COMPUTER_SCIENCE
PUB_021460,NEUROSCIENCE
PUB_021461,ENGINEERING
PUB_021461,COMPUTER_SCIENCE
PUB_021462,PSYCHOLOGY
PUB_021462,ENGINEERING
PUB_021463,ENGINEERING
PUB_021464,ENGINEERING
PUB_021465,COMPUTER_SCIENCE
PUB_021465,BUSINESS_MANAGEMENT_AND_ACCOUNTING
PUB_021466,COMPUTER_SCIENCE
PUB_021466,BUSINESS_MANAGEMENT_AND_ACCOUNTING
PUB_021466,DECISION_SCIENCES
PUB_021467,ENGINEERING
PUB_021468,COMPUTER_SCIENCE
PUB_021469,COMPUTER_SCIENCE
PUB_021470,ENGINEERING
PUB_021470,COMPUTER_SCIENCE
PUB_021471,COMPUTER_SCIENCE
PUB_021471,HEALTH_PROFESSIONS
PUB_021472,COMPUTER_SCIENCE
PUB_021472,DECISION_SCIENCES
PUB_021473,ENGINEERING
PUB_021474,COMPUTER_SCIENCE
PUB_021474,SOCIAL_SCIENCES
PUB_021475,ENGINEERING
PUB_021475,COMPUTER_SCIENCE
PUB_021475,NEUROSCIENCE
PUB_021476,ENGINEERING
PUB_021476,COMPUTER_SCIENCE
PUB_021477,COMPUTER_SCIENCE
PUB_021477,BUSINESS_MANAGEMENT_AND_ACCOUNTING
PUB_021477,DECISION_SCIENCES
PUB_021478,ENGINEERING
PUB_021478,HEALTH_PROFESSIONS
PUB_021479,ENGINEERING
PUB_021479,COMPUTER_SCIENCE
PUB_021479,MEDICINE
PUB_021480,ENGINEERING
PUB_021480,COMPUTER_SCIENCE
PUB_021481,ENGINEERING
PUB_021482,ENGINEERING
PUB_021482,COMPUTER_SCIENCE
PUB_021483,COMPUTER_SCIENCE
PUB_021484,ENGINEERING
PUB_021485,ENGINEERING
PUB_021485,ENVIRONMENTAL_SCIENCE
PUB_021486,ENGINEERING
PUB_021487,COMPUTER_SCIENCE
PUB_021487,ENVIRONMENTAL_SCIENCE
PUB_021488,COMPUTER_SCIENCE
PUB_021488,SOCIAL_SCIENCES
PUB_021488,PHYSICS_AND_ASTRONOMY
PUB_021489,ENGINEERING
PUB_021489,COMPUTER_SCIENCE
PUB_021489,SOCIAL_SCIENCES
PUB_021490,COMPUTER_SCIENCE
PUB_021491,COMPUTER_SCIENCE
PUB_021492,MEDICINE
PUB_021492,NEUROSCIENCE
PUB_021492,ENGINEERING
PUB_021493,ENGINEERING
PUB_021493,ENVIRONMENTAL_SCIENCE
PUB_021494,ENGINEERING
PUB_021495,ENGINEERING
PUB_021495,NEUROSCIENCE
PUB_021496,ENGINEERING
PUB_021496,COMPUTER_SCIENCE
PUB_021497,COMPUTER_SCIENCE
PUB_021498,ENGINEERING
PUB_021498,COMPUTER_SCIENCE
PUB_021499,ENGINEERING
PUB_021499,MATERIALS_SCIENCE
PUB_021500,ENGINEERING
PUB_021501,ENGINEERING
PUB_021501,ENVIRONMENTAL_SCIENCE
PUB_021502,COMPUTER_SCIENCE
PUB_021503,ENGINEERING
PUB_021504,ENGINEERING
PUB_021505,ENGINEERING
PUB_021506,ENGINEERING
PUB_021507,ENGINEERING
PUB_021508,ENGINEERING
PUB_021508,COMPUTER_SCIENCE
PUB_021508,PSYCHOLOGY
PUB_021509,COMPUTER_SCIENCE
PUB_021509,BUSINESS_MANAGEMENT_AND_ACCOUNTING
PUB_021510,ENGINEERING
PUB_021510,MATERIALS_SCIENCE
PUB_021511,ENGINEERING
PUB_021512,ENGINEERING
PUB_021512,COMPUTER_SCIENCE
PUB_021513,COMPUTER_SCIENCE
PUB_021514,ENGINEERING
PUB_021515,ENGINEERING
PUB_021516,COMPUTER_SCIENCE
PUB_021517,COMPUTER_SCIENCE
PUB_021518,COMPUTER_SCIENCE
PUB_021519,COMPUTER_SCIENCE
PUB_021520,COMPUTER_SCIENCE
PUB_021521,ENGINEERING
PUB_021522,ENGINEERING
PUB_021522,COMPUTER_SCIENCE
PUB_021523,ENGINEERING
PUB_021524,ENGINEERING
PUB_021525,ENGINEERING
PUB_021526,COMPUTER_SCIENCE
PUB_021527,ENGINEERING
PUB_021527,COMPUTER_SCIENCE
PUB_021528,ENGINEERING
PUB_021529,ENGINEERING
PUB_021529,ENERGY
PUB_021530,ENGINEERING
PUB_021530,MATERIALS_SCIENCE
PUB_021531,COMPUTER_SCIENCE
PUB_021532,ENGINEERING
PUB_021532,ENERGY
PUB_021533,ENGINEERING
PUB_021534,COMPUTER_SCIENCE
PUB_021535,ENGINEERING
PUB_021536,MEDICINE
PUB_021536,COMPUTER_SCIENCE
PUB_021537,ENGINEERING
PUB_021538,ENGINEERING
PUB_021538,ENVIRONMENTAL_SCIENCE
PUB_021539,ENGINEERING
PUB_021539,ENVIRONMENTAL_SCIENCE
PUB_021540,ENGINEERING
PUB_021540,CHEMISTRY
PUB_021541,COMPUTER_SCIENCE
PUB_021542,COMPUTER_SCIENCE
PUB_021542,HEALTH_PROFESSIONS
PUB_021543,ENGINEERING
PUB_021543,ENERGY
PUB_021544,COMPUTER_SCIENCE
PUB_021545,ENGINEERING
PUB_021546,COMPUTER_SCIENCE
PUB_021547,ENGINEERING
PUB_021548,ENGINEERING
PUB_021548,COMPUTER_SCIENCE
PUB_021549,ENGINEERING
PUB_021549,PHYSICS_AND_ASTRONOMY
PUB_021550,ENGINEERING
PUB_021551,ENGINEERING
PUB_021552,ENGINEERING
PUB_021552,MEDICINE
PUB_021553,ENGINEERING
PUB_021553,COMPUTER_SCIENCE
PUB_021554,COMPUTER_SCIENCE
PUB_021555,ENGINEERING
PUB_021555,COMPUTER_SCIENCE
PUB_021556,COMPUTER_SCIENCE
PUB_021557,ENGINEERING
PUB_021557,COMPUTER_SCIENCE
PUB_021558,COMPUTER_SCIENCE
PUB_021559,COMPUTER_SCIENCE
PUB_021560,ENGINEERING
PUB_021561,ENGINEERING
PUB_021562,ENGINEERING
PUB_021562,NEUROSCIENCE
PUB_021563,ENGINEERING
PUB_021564,ENGINEERING
PUB_021564,COMPUTER_SCIENCE
PUB_021564,PHYSICS_AND_ASTRONOMY
PUB_021565,ENGINEERING
PUB_021566,COMPUTER_SCIENCE
PUB_021567,ENGINEERING
PUB_021567,COMPUTER_SCIENCE
PUB_021568,ENGINEERING
PUB_021568,COMPUTER_SCIENCE
PUB_021569,ENGINEERING
PUB_021570,COMPUTER_SCIENCE
PUB_021571,COMPUTER_SCIENCE
PUB_021571,SOCIAL_SCIENCES
PUB_021572,COMPUTER_SCIENCE
PUB_021573,ENGINEERING
PUB_021574,ENGINEERING
PUB_021574,COMPUTER_SCIENCE
PUB_021575,ENGINEERING
PUB_021575,COMPUTER_SCIENCE
PUB_021576,ENGINEERING
PUB_021576,MEDICINE
PUB_021577,COMPUTER_SCIENCE
PUB_021577,BUSINESS_MANAGEMENT_AND_ACCOUNTING
PUB_021578,ENGINEERING
PUB_021578,COMPUTER_SCIENCE
PUB_021579,ENGINEERING
PUB_021580,ENGINEERING
PUB_021581,ENGINEERING
PUB_021581,COMPUTER_SCIENCE
PUB_021582,COMPUTER_SCIENCE
PUB_021583,COMPUTER_SCIENCE
PUB_021584,COMPUTER_SCIENCE
PUB_021584,NEUROSCIENCE
PUB_021585,ENGINEERING
PUB_021585,DECISION_SCIENCES
PUB_021586,COMPUTER_SCIENCE
PUB_021587,ENGINEERING
PUB_021587,COMPUTER_SCIENCE
PUB_021588,COMPUTER_SCIENCE
PUB_021589,COMPUTER_SCIENCE
PUB_021590,ENGINEERING
PUB_021590,COMPUTER_SCIENCE
PUB_021591,ENGINEERING
PUB_021592,COMPUTER_SCIENCE
PUB_021593,ENGINEERING
PUB_021594,COMPUTER_SCIENCE
PUB_021595,COMPUTER_SCIENCE
PUB_021595,SOCIAL_SCIENCES
PUB_021596,ENGINEERING
PUB_021596,COMPUTER_SCIENCE
PUB_021597,ENGINEERING
PUB_021597,COMPUTER_SCIENCE
PUB_021598,MEDICINE
PUB_021598,COMPUTER_SCIENCE
PUB_021599,COMPUTER_SCIENCE
PUB_021600,COMPUTER_SCIENCE
PUB_021601,COMPUTER_SCIENCE
PUB_021601,BIOCHEMISTRY_GENETICS_AND_MOLECULAR_BIOLOGY
PUB_021602,ENGINEERING
PUB_021602,MATERIALS_SCIENCE
PUB_021603,COMPUTER_SCIENCE
PUB_021604,ENGINEERING
PUB_021605,ENGINEERING
PUB_021606,ENGINEERING
PUB_021606,COMPUTER_SCIENCE
PUB_021607,ENGINEERING
PUB_021607,COMPUTER_SCIENCE
PUB_021608,ENGINEERING
PUB_021608,COMPUTER_SCIENCE
PUB_021609,ENGINEERING
PUB_021610,MATHEMATICS
PUB_021610,PHYSICS_AND_ASTRONOMY
PUB_021611,ENGINEERING
PUB_021612,MATHEMATICS
PUB_021612,PHYSICS_AND_ASTRONOMY
PUB_021613,ENGINEERING
PUB_021614,ENGINEERING
PUB_021614,ENVIRONMENTAL_SCIENCE
PUB_021615,COMPUTER_SCIENCE
PUB_021616,ENGINEERING
PUB_021616,MATERIALS_SCIENCE
PUB_021617,COMPUTER_SCIENCE
PUB_021617,SOCIAL_SCIENCES
PUB_021618,ENGINEERING
PUB_021618,SOCIAL_SCIENCES
PUB_021619,COMPUTER_SCIENCE
PUB_021620,ENGINEERING
PUB_021621,ENGINEERING
PUB_021621,ENVIRONMENTAL_SCIENCE
PUB_021621,MATERIALS_SCIENCE
PUB_021622,COMPUTER_SCIENCE
PUB_021623,COMPUTER_SCIENCE
PUB_021624,ENGINEERING
PUB_021624,ENVIRONMENTAL_SCIENCE
PUB_021625,COMPUTER_SCIENCE
PUB_021626,ENGINEERING
PUB_021627,ENGINEERING
PUB_021628,ENGINEERING
PUB_021628,COMPUTER_SCIENCE
PUB_021629,ENGINEERING
PUB_021630,COMPUTER_SCIENCE
PUB_021630,SOCIAL_SCIENCES
PUB_021631,ENGINEERING
PUB_021631,MATERIALS_SCIENCE
PUB_021632,MATHEMATICS
PUB_021632,PHYSICS_AND_ASTRONOMY
PUB_021633,ENGINEERING
PUB_021634,ENGINEERING
PUB_021634,SOCIAL_SCIENCES
PUB_021635,COMPUTER_SCIENCE
PUB_021635,ENVIRONMENTAL_SCIENCE
PUB_021636,COMPUTER_SCIENCE
PUB_021636,BUSINESS_MANAGEMENT_AND_ACCOUNTING
PUB_021637,ENGINEERING
PUB_021638,ENGINEERING
PUB_021638,PHYSICS_AND_ASTRONOMY
PUB_021639,ENGINEERING
PUB_021640,COMPUTER_SCIENCE
PUB_021641,ENGINEERING
PUB_021641,COMPUTER_SCIENCE
PUB_021642,ENGINEERING
PUB_021642,COMPUTER_SCIENCE
PUB_021643,ENGINEERING
PUB_021643,COMPUTER_SCIENCE
PUB_021644,COMPUTER_SCIENCE
PUB_021644,PHYSICS_AND_ASTRONOMY
PUB_021645,ENGINEERING
PUB_021645,CHEMICAL_ENGINEERING
PUB_021646,ENGINEERING
PUB_021646,MATERIALS_SCIENCE
PUB_021646,CHEMISTRY
PUB_021647,ENGINEERING
PUB_021647,COMPUTER_SCIENCE
PUB_021648,ENGINEERING
PUB_021648,COMPUTER_SCIENCE
PUB_021649,COMPUTER_SCIENCE
PUB_021650,ENGINEERING
PUB_021651,ENGINEERING
PUB_021652,COMPUTER_SCIENCE
PUB_021653,ENGINEERING
PUB_021653,CHEMICAL_ENGINEERING
PUB_021654,COMPUTER_SCIENCE
PUB_021655,ENGINEERING
PUB_021655,COMPUTER_SCIENCE
PUB_021656,ENGINEERING
PUB_021657,COMPUTER_SCIENCE
PUB_021658,MEDICINE
PUB_021658,COMPUTER_SCIENCE
PUB_021659,ENGINEERING
PUB_021659,COMPUTER_SCIENCE
PUB_021659,PHYSICS_AND_ASTRONOMY
PUB_021660,COMPUTER_SCIENCE
PUB_021661,ENGINEERING
PUB_021661,COMPUTER_SCIENCE
PUB_021662,ENGINEERING
PUB_021662,COMPUTER_SCIENCE
PUB_021663,ENGINEERING
PUB_021664,ENGINEERING
PUB_021665,ENGINEERING
PUB_021665,ENERGY
PUB_021665,COMPUTER_SCIENCE
PUB_021666,ENGINEERING
PUB_021666,MATERIALS_SCIENCE
PUB_021667,ENGINEERING
PUB_021667,COMPUTER_SCIENCE
PUB_021668,COMPUTER_SCIENCE
PUB_021668,DECISION_SCIENCES
PUB_021669,ENGINEERING
PUB_021670,PSYCHOLOGY
PUB_021670,ENGINEERING
PUB_021671,ENGINEERING
PUB_021671,COMPUTER_SCIENCE
PUB_021672,ENGINEERING
PUB_021672,COMPUTER_SCIENCE
PUB_021673,COMPUTER_SCIENCE
PUB_021673,DECISION_SCIENCES
PUB_021674,ENGINEERING
PUB_021674,COMPUTER_SCIENCE
PUB_021675,ENGINEERING
PUB_021675,COMPUTER_SCIENCE
PUB_021676,COMPUTER_SCIENCE
PUB_021676,SOCIAL_SCIENCES
PUB_021677,COMPUTER_SCIENCE
PUB_021678,COMPUTER_SCIENCE
PUB_021679,COMPUTER_SCIENCE
PUB_021680,ENGINEERING
PUB_021680,BUSINESS_MANAGEMENT_AND_ACCOUNTING
PUB_021680,SOCIAL_SCIENCES
PUB_021681,ENGINEERING
PUB_021681,COMPUTER_SCIENCE
PUB_021682,COMPUTER_SCIENCE
PUB_021683,ENGINEERING
PUB_021684,COMPUTER_SCIENCE
PUB_021684,HEALTH_PROFESSIONS
PUB_021685,COMPUTER_SCIENCE
PUB_021685,PHYSICS_AND_ASTRONOMY
PUB_021686,ENGINEERING
PUB_021686,CHEMISTRY
PUB_021686,CHEMICAL_ENGINEERING
PUB_021687,ENGINEERING
PUB_021688,ENGINEERING
PUB_021689,ENGINEERING
PUB_021689,BUSINESS_MANAGEMENT_AND_ACCOUNTING
PUB_021690,MEDICINE
PUB_021690,NEUROSCIENCE
PUB_021690,ENGINEERING
PUB_021691,COMPUTER_SCIENCE
PUB_021691,ENVIRONMENTAL_SCIENCE
PUB_021692,COMPUTER_SCIENCE
PUB_021693,ENGINEERING
PUB_021693,MEDICINE
PUB_021694,ENGINEERING
PUB_021694,CHEMICAL_ENGINEERING
PUB_021695,MEDICINE
PUB_021695,COMPUTER_SCIENCE
PUB_021695,NEUROSCIENCE
PUB_021696,ENGINEERING
PUB_021697,ENGINEERING
PUB_021698,ENGINEERING
PUB_021698,COMPUTER_SCIENCE
PUB_021699,ENGINEERING
PUB_021700,ENGINEERING
PUB_021700,COMPUTER_SCIENCE
PUB_021701,ENGINEERING
PUB_021702,ENGINEERING
PUB_021703,ENGINEERING
PUB_021703,COMPUTER_SCIENCE
PUB_021704,COMPUTER_SCIENCE
PUB_021704,PHYSICS_AND_ASTRONOMY
PUB_021705,COMPUTER_SCIENCE
PUB_021705,DECISION_SCIENCES
PUB_021706,ENGINEERING
PUB_021707,COMPUTER_SCIENCE
PUB_021708,ENGINEERING
PUB_021708,COMPUTER_SCIENCE
PUB_021709,PSYCHOLOGY
PUB_021709,COMPUTER_SCIENCE
PUB_021710,ENGINEERING
PUB_021710,ENERGY
PUB_021711,COMPUTER_SCIENCE
PUB_021711,SOCIAL_SCIENCES
PUB_021712,ENGINEERING
PUB_021712,COMPUTER_SCIENCE
PUB_021712,BUSINESS_MANAGEMENT_AND_ACCOUNTING
PUB_021713,COMPUTER_SCIENCE
PUB_021713,SOCIAL_SCIENCES
PUB_021714,ENGINEERING
PUB_021714,COMPUTER_SCIENCE
PUB_021715,ENGINEERING
PUB_021716,ENGINEERING
PUB_021717,ENGINEERING
PUB_021717,COMPUTER_SCIENCE
PUB_021718,ENGINEERING
PUB_021718,ENERGY
PUB_021719,ENGINEERING
PUB_021719,ENERGY
PUB_021720,ENGINEERING
PUB_021720,COMPUTER_SCIENCE
PUB_021721,ENGINEERING
PUB_021722,ENGINEERING
PUB_021722,CHEMICAL_ENGINEERING
PUB_021723,ENGINEERING
PUB_021723,COMPUTER_SCIENCE
PUB_021724,ENGINEERING
PUB_021725,COMPUTER_SCIENCE
PUB_021726,PSYCHOLOGY
PUB_021726,COMPUTER_SCIENCE
PUB_021726,ECONOMICS_ECONOMETRICS_AND_FINANCE
PUB_021727,ENGINEERING
PUB_021728,COMPUTER_SCIENCE
PUB_021729,ENGINEERING
PUB_021729,COMPUTER_SCIENCE
PUB_021730,ENGINEERING
PUB_021731,ENGINEERING
PUB_021732,ENGINEERING
PUB_021732,COMPUTER_SCIENCE
PUB_021733,ENGINEERING
PUB_021733,MATERIALS_SCIENCE
PUB_021733,AGRICULTURAL_AND_BIOLOGICAL_SCIENCES
PUB_021734,ENGINEERING
PUB_021735,ENGINEERING
PUB_021736,ARTS_AND_HUMANITIES
PUB_021736,COMPUTER_SCIENCE
PUB_021737,ENGINEERING
PUB_021737,CHEMICAL_ENGINEERING
PUB_021738,ENGINEERING
PUB_021738,BUSINESS_MANAGEMENT_AND_ACCOUNTING
PUB_021739,ENGINEERING
PUB_021739,HEALTH_PROFESSIONS
PUB_021740,MEDICINE
PUB_021740,COMPUTER_SCIENCE
PUB_021741,COMPUTER_SCIENCE
PUB_021742,COMPUTER_SCIENCE
PUB_021743,COMPUTER_SCIENCE
PUB_021744,ENGINEERING
PUB_021745,COMPUTER_SCIENCE
PUB_021745,DECISION_SCIENCES
PUB_021746,ENGINEERING
PUB_021746,COMPUTER_SCIENCE
PUB_021747,COMPUTER_SCIENCE
PUB_021747,DECISION_SCIENCES
PUB_021748,ENGINEERING
PUB_021749,COMPUTER_SCIENCE
PUB_021750,ENGINEERING
PUB_021751,COMPUTER_SCIENCE
PUB_021751,HEALTH_PROFESSIONS
PUB_021752,COMPUTER_SCIENCE
PUB_021753,COMPUTER_SCIENCE
PUB_021753,DECISION_SCIENCES
PUB_021754,ENGINEERING
PUB_021755,COMPUTER_SCIENCE
PUB_021756,ENGINEERING
PUB_021757,ENGINEERING
PUB_021757,MATERIALS_SCIENCE
PUB_021758,COMPUTER_SCIENCE
PUB_021758,NEUROSCIENCE
PUB_021759,ENGINEERING
PUB_021759,HEALTH_PROFESSIONS
PUB_021760,COMPUTER_SCIENCE
PUB_021761,ENGINEERING
PUB_021761,COMPUTER_SCIENCE
PUB_021762,COMPUTER_SCIENCE
PUB_021763,COMPUTER_SCIENCE
PUB_021763,BUSINESS_MANAGEMENT_AND_ACCOUNTING
PUB_021764,COMPUTER_SCIENCE
PUB_021765,ENGINEERING
PUB_021765,COMPUTER_SCIENCE
PUB_021766,ENGINEERING
PUB_021766,BUSINESS_MANAGEMENT_AND_ACCOUNTING
PUB_021766,DECISION_SCIENCES
PUB_021767,ENGINEERING
PUB_021768,COMPUTER_SCIENCE
PUB_021769,COMPUTER_SCIENCE
PUB_021770,COMPUTER_SCIENCE
PUB_021771,COMPUTER_SCIENCE
PUB_021772,COMPUTER_SCIENCE
PUB_021773,ENGINEERING
PUB_021773,MATERIALS_SCIENCE
PUB_021774,ENGINEERING
PUB_021774,COMPUTER_SCIENCE
PUB_021775,ENGINEERING
PUB_021776,COMPUTER_SCIENCE
PUB_021777,ENGINEERING
PUB_021778,ENGINEERING
PUB_021779,ENGINEERING
PUB_021780,ENGINEERING
PUB_021780,COMPUTER_SCIENCE
PUB_021781,ENGINEERING
PUB_021781,COMPUTER_SCIENCE
PUB_021782,ENGINEERING
PUB_021783,ENGINEERING
PUB_021783,COMPUTER_SCIENCE
PUB_021784,COMPUTER_SCIENCE
PUB_021785,ENGINEERING
PUB_021786,ENGINEERING
PUB_021787,ENGINEERING
PUB_021788,COMPUTER_SCIENCE
PUB_021788,SOCIAL_SCIENCES
PUB_021789,ENGINEERING
PUB_021789,SOCIAL_SCIENCES
PUB_021790,ENGINEERING
PUB_021791,ENGINEERING
PUB_021792,COMPUTER_SCIENCE
PUB_021793,ENGINEERING
PUB_021794,COMPUTER_SCIENCE
PUB_021795,COMPUTER_SCIENCE
PUB_021796,MEDICINE
PUB_021796,COMPUTER_SCIENCE
PUB_021796,HEALTH_PROFESSIONS
PUB_021797,MEDICINE
PUB_021797,COMPUTER_SCIENCE
PUB_021798,COMPUTER_SCIENCE
PUB_021798,BIOCHEMISTRY_GENETICS_AND_MOLECULAR_BIOLOGY
PUB_021798,IMMUNOLOGY_AND_MICROBIOLOGY
PUB_021799,COMPUTER_SCIENCE
PUB_021800,COMPUTER_SCIENCE
PUB_021800,BUSINESS_MANAGEMENT_AND_ACCOUNTING
PUB_021800,DECISION_SCIENCES
PUB_021801,MEDICINE
PUB_021801,ECONOMICS_ECONOMETRICS_AND_FINANCE
PUB_021801,ENGINEERING
PUB_021802,COMPUTER_SCIENCE
PUB_021803,COMPUTER_SCIENCE
PUB_021804,ENGINEERING
PUB_021805,ENGINEERING
PUB_021806,ENGINEERING
PUB_021806,COMPUTER_SCIENCE
PUB_021807,COMPUTER_SCIENCE
PUB_021808,ENGINEERING
PUB_021808,COMPUTER_SCIENCE
PUB_021809,COMPUTER_SCIENCE
PUB_021810,ENGINEERING
PUB_021811,ENGINEERING
PUB_021811,COMPUTER_SCIENCE
PUB_021812,ENGINEERING
PUB_021812,COMPUTER_SCIENCE
PUB_021813,ENGINEERING
PUB_021814,COMPUTER_SCIENCE
PUB_021815,ENGINEERING
PUB_021815,DECISION_SCIENCES
PUB_021815,ENVIRONMENTAL_SCIENCE
PUB_021816,MEDICINE
PUB_021816,COMPUTER_SCIENCE
PUB_021817,ENGINEERING
PUB_021817,COMPUTER_SCIENCE
PUB_021818,COMPUTER_SCIENCE
PUB_021819,COMPUTER_SCIENCE
PUB_021820,COMPUTER_SCIENCE
PUB_021821,COMPUTER_SCIENCE
PUB_021822,COMPUTER_SCIENCE
PUB_021823,ENGINEERING
PUB_021823,COMPUTER_SCIENCE
PUB_021823,SOCIAL_SCIENCES
PUB_021824,COMPUTER_SCIENCE
PUB_021825,COMPUTER_SCIENCE
PUB_021826,COMPUTER_SCIENCE
PUB_021827,COMPUTER_SCIENCE
PUB_021828,ENGINEERING
PUB_021828,COMPUTER_SCIENCE
PUB_021829,PSYCHOLOGY
PUB_021829,COMPUTER_SCIENCE
PUB_021830,COMPUTER_SCIENCE
PUB_021831,ENGINEERING
PUB_021831,MATERIALS_SCIENCE
PUB_021832,ENGINEERING
PUB_021833,ENGINEERING
PUB_021833,EARTH_AND_PLANETARY_SCIENCES
PUB_021833,PHYSICS_AND_ASTRONOMY
PUB_021834,ENGINEERING
PUB_021835,ENGINEERING
PUB_021836,ENGINEERING
PUB_021837,COMPUTER_SCIENCE
PUB_021838,ENGINEERING
PUB_021839,ENGINEERING
PUB_021840,ENGINEERING
PUB_021840,SOCIAL_SCIENCES
PUB_021841,ENGINEERING
PUB_021841,AGRICULTURAL_AND_BIOLOGICAL_SCIENCES
PUB_021842,ENGINEERING
PUB_021842,COMPUTER_SCIENCE
PUB_021843,COMPUTER_SCIENCE
PUB_021843,SOCIAL_SCIENCES
PUB_021844,MEDICINE
PUB_021844,COMPUTER_SCIENCE
PUB_021844,HEALTH_PROFESSIONS
PUB_021845,COMPUTER_SCIENCE
PUB_021845,SOCIAL_SCIENCES
PUB_021846,ENGINEERING
PUB_021846,MATERIALS_SCIENCE
PUB_021847,ENGINEERING
PUB_021847,COMPUTER_SCIENCE
PUB_021847,ENVIRONMENTAL_SCIENCE
PUB_021848,COMPUTER_SCIENCE
PUB_021848,ENERGY
PUB_021849,COMPUTER_SCIENCE
PUB_021849,SOCIAL_SCIENCES
PUB_021850,COMPUTER_SCIENCE
PUB_021851,ENGINEERING
PUB_021851,COMPUTER_SCIENCE
PUB_021852,MEDICINE
PUB_021852,COMPUTER_SCIENCE
PUB_021853,ENGINEERING
PUB_021854,MEDICINE
PUB_021854,ENGINEERING
PUB_021855,ENGINEERING
PUB_021855,MEDICINE
PUB_021856,COMPUTER_SCIENCE
PUB_021857,COMPUTER_SCIENCE
PUB_021858,ENGINEERING
PUB_021858,COMPUTER_SCIENCE
PUB_021859,ENGINEERING
PUB_021859,COMPUTER_SCIENCE
PUB_021860,ENGINEERING
PUB_021860,COMPUTER_SCIENCE
PUB_021861,COMPUTER_SCIENCE
PUB_021862,ENGINEERING
PUB_021862,COMPUTER_SCIENCE
PUB_021863,ENGINEERING
PUB_021864,COMPUTER_SCIENCE
PUB_021864,AGRICULTURAL_AND_BIOLOGICAL_SCIENCES
PUB_021865,COMPUTER_SCIENCE
PUB_021866,ENGINEERING
PUB_021866,COMPUTER_SCIENCE
PUB_021867,ENGINEERING
PUB_021868,ENGINEERING
PUB_021868,COMPUTER_SCIENCE
PUB_021869,ENGINEERING
PUB_021869,COMPUTER_SCIENCE
PUB_021870,COMPUTER_SCIENCE
PUB_021871,ENGINEERING
PUB_021872,COMPUTER_SCIENCE
PUB_021872,BIOCHEMISTRY_GENETICS_AND_MOLECULAR_BIOLOGY
PUB_021872,HEALTH_PROFESSIONS
PUB_021873,COMPUTER_SCIENCE
PUB_021874,COMPUTER_SCIENCE
PUB_021875,COMPUTER_SCIENCE
PUB_021876,COMPUTER_SCIENCE
PUB_021876,NEUROSCIENCE
PUB_021877,ENGINEERING
PUB_021878,ENGINEERING
PUB_021879,ENGINEERING
PUB_021879,COMPUTER_SCIENCE
PUB_021880,ENGINEERING
PUB_021880,COMPUTER_SCIENCE
PUB_021880,ENVIRONMENTAL_SCIENCE
PUB_021881,ENGINEERING
PUB_021881,COMPUTER_SCIENCE
PUB_021882,COMPUTER_SCIENCE
PUB_021883,ENGINEERING
PUB_021883,COMPUTER_SCIENCE
PUB_021884,ENGINEERING
PUB_021885,ENGINEERING
PUB_021885,COMPUTER_SCIENCE
PUB_021886,ENGINEERING
PUB_021886,COMPUTER_SCIENCE
PUB_021887,MEDICINE
PUB_021887,COMPUTER_SCIENCE
PUB_021887,HEALTH_PROFESSIONS
PUB_021888,ENGINEERING
PUB_021888,MEDICINE
PUB_021889,ENGINEERING
PUB_021889,COMPUTER_SCIENCE
PUB_021889,PHYSICS_AND_ASTRONOMY
PUB_021890,ENGINEERING
PUB_021890,ENERGY
PUB_021890,MATERIALS_SCIENCE
PUB_021891,ENGINEERING
PUB_021891,MATERIALS_SCIENCE
PUB_021892,ENGINEERING
PUB_021892,ENVIRONMENTAL_SCIENCE
PUB_021893,ENGINEERING
PUB_021893,COMPUTER_SCIENCE
PUB_021894,COMPUTER_SCIENCE
PUB_021895,COMPUTER_SCIENCE
PUB_021896,COMPUTER_SCIENCE
PUB_021896,SOCIAL_SCIENCES
PUB_021896,DECISION_SCIENCES
PUB_021897,COMPUTER_SCIENCE
PUB_021897,HEALTH_PROFESSIONS
PUB_021898,ENGINEERING
PUB_021899,EARTH_AND_PLANETARY_SCIENCES
PUB_021899,COMPUTER_SCIENCE
PUB_021899,ENVIRONMENTAL_SCIENCE
PUB_021900,COMPUTER_SCIENCE
PUB_021901,ENGINEERING
PUB_021901,ENVIRONMENTAL_SCIENCE
PUB_021902,COMPUTER_SCIENCE
PUB_021903,ENGINEERING
PUB_021903,COMPUTER_SCIENCE
PUB_021903,AGRICULTURAL_AND_BIOLOGICAL_SCIENCES
PUB_021904,ENGINEERING
PUB_021904,COMPUTER_SCIENCE
PUB_021905,COMPUTER_SCIENCE
PUB_021906,COMPUTER_SCIENCE
PUB_021907,ENGINEERING
PUB_021907,COMPUTER_SCIENCE
PUB_021908,COMPUTER_SCIENCE
PUB_021909,ENGINEERING
PUB_021909,COMPUTER_SCIENCE
PUB_021910,ENGINEERING
PUB_021910,ENVIRONMENTAL_SCIENCE
PUB_021911,ENGINEERING
PUB_021911,COMPUTER_SCIENCE
PUB_021912,ENGINEERING
PUB_021912,MATERIALS_SCIENCE
PUB_021913,ENGINEERING
PUB_021913,COMPUTER_SCIENCE
PUB_021914,COMPUTER_SCIENCE
PUB_021915,COMPUTER_SCIENCE
PUB_021916,COMPUTER_SCIENCE
PUB_021917,MEDICINE
PUB_021917,COMPUTER_SCIENCE
PUB_021918,ENGINEERING
PUB_021918,COMPUTER_SCIENCE
PUB_021919,ENGINEERING
PUB_021919,MATERIALS_SCIENCE
PUB_021920,ENGINEERING
PUB_021920,COMPUTER_SCIENCE
PUB_021921,ENGINEERING
PUB_021921,ENVIRONMENTAL_SCIENCE
PUB_021922,ENGINEERING
PUB_021922,CHEMISTRY
PUB_021922,MATERIALS_SCIENCE
PUB_021923,ENGINEERING
PUB_021923,COMPUTER_SCIENCE
PUB_021924,ENGINEERING
PUB_021924,COMPUTER_SCIENCE
PUB_021925,COMPUTER_SCIENCE
PUB_021926,ENGINEERING
PUB_021927,ENGINEERING
PUB_021927,MEDICINE
PUB_021928,ENGINEERING
PUB_021928,MATERIALS_SCIENCE
PUB_021929,MEDICINE
PUB_021929,COMPUTER_SCIENCE
PUB_021929,NEUROSCIENCE
PUB_021930,ENGINEERING
PUB_021930,MATERIALS_SCIENCE
PUB_021931,ENGINEERING
PUB_021931,COMPUTER_SCIENCE
PUB_021932,COMPUTER_SCIENCE
PUB_021933,ENGINEERING
PUB_021934,COMPUTER_SCIENCE
PUB_021935,ENGINEERING
PUB_021935,MATERIALS_SCIENCE
PUB_021936,ENGINEERING
PUB_021936,MATERIALS_SCIENCE
PUB_021937,COMPUTER_SCIENCE
PUB_021938,ENGINEERING
PUB_021939,ENGINEERING
PUB_021939,AGRICULTURAL_AND_BIOLOGICAL_SCIENCES
PUB_021940,COMPUTER_SCIENCE
PUB_021941,COMPUTER_SCIENCE
PUB_021942,ENGINEERING
PUB_021943,COMPUTER_SCIENCE
PUB_021943,SOCIAL_SCIENCES
PUB_021944,ENGINEERING
PUB_021945,ENGINEERING
PUB_021945,NEUROSCIENCE
PUB_021945,MEDICINE
PUB_021946,ENGINEERING
PUB_021946,SOCIAL_SCIENCES
PUB_021947,ENGINEERING
PUB_021948,COMPUTER_SCIENCE
PUB_021949,ENGINEERING
PUB_021949,COMPUTER_SCIENCE
PUB_021950,ENGINEERING
PUB_021951,ENGINEERING
PUB_021952,ENGINEERING
PUB_021953,ENGINEERING
PUB_021953,MATERIALS_SCIENCE
PUB_021954,COMPUTER_SCIENCE
PUB_021955,ENGINEERING
PUB_021955,MATERIALS_SCIENCE
PUB_021956,ENGINEERING
PUB_021956,ENVIRONMENTAL_SCIENCE
PUB_021957,COMPUTER_SCIENCE
PUB_021957,SOCIAL_SCIENCES
PUB_021958,ENGINEERING
PUB_021958,COMPUTER_SCIENCE
PUB_021958,PSYCHOLOGY
PUB_021959,ENGINEERING
PUB_021959,COMPUTER_SCIENCE
PUB_021959,ENVIRONMENTAL_SCIENCE
PUB_021960,ENGINEERING
PUB_021961,ENGINEERING
PUB_021962,COMPUTER_SCIENCE
PUB_021962,SOCIAL_SCIENCES
PUB_021963,MEDICINE
PUB_021963,COMPUTER_SCIENCE
PUB_021963,NEUROSCIENCE
PUB_021964,ENGINEERING
PUB_021964,MATHEMATICS
PUB_021965,ENGINEERING
PUB_021966,ENGINEERING
PUB_021966,MATERIALS_SCIENCE
PUB_021967,ENGINEERING
PUB_021967,ENERGY
PUB_021967,MATERIALS_SCIENCE
PUB_021968,COMPUTER_SCIENCE
PUB_021969,ENGINEERING
PUB_021969,COMPUTER_SCIENCE
PUB_021970,ENGINEERING
PUB_021970,MATERIALS_SCIENCE
PUB_021971,ENGINEERING
PUB_021971,COMPUTER_SCIENCE
PUB_021972,ENGINEERING
PUB_021972,MATERIALS_SCIENCE
PUB_021973,ENGINEERING
PUB_021973,PHYSICS_AND_ASTRONOMY
PUB_021974,ENGINEERING
PUB_021974,PHYSICS_AND_ASTRONOMY
PUB_021974,MATERIALS_SCIENCE
PUB_021975,COMPUTER_SCIENCE
PUB_021976,ENGINEERING
PUB_021977,COMPUTER_SCIENCE
PUB_021978,COMPUTER_SCIENCE
PUB_021979,ENGINEERING
PUB_021980,ENGINEERING
PUB_021980,COMPUTER_SCIENCE
PUB_021981,ENGINEERING
PUB_021981,COMPUTER_SCIENCE
PUB_021982,ENGINEERING
PUB_021982,COMPUTER_SCIENCE
PUB_021983,ENGINEERING
PUB_021984,ENGINEERING
PUB_021984,PHYSICS_AND_ASTRONOMY
PUB_021984,MATERIALS_SCIENCE
PUB_021985,COMPUTER_SCIENCE
PUB_021986,ENGINEERING
PUB_021986,COMPUTER_SCIENCE
PUB_021987,ENGINEERING
PUB_021988,ENGINEERING
PUB_021988,MATERIALS_SCIENCE
PUB_021989,ENGINEERING
PUB_021990,ENGINEERING
PUB_021990,MATERIALS_SCIENCE
PUB_021991,ENGINEERING
PUB_021991,MATERIALS_SCIENCE
PUB_021992,ENGINEERING
PUB_021992,MATERIALS_SCIENCE
PUB_021993,ENGINEERING
PUB_021993,ENERGY
PUB_021994,ENGINEERING
PUB_021994,MATERIALS_SCIENCE
PUB_021995,ENGINEERING
PUB_021995,MATERIALS_SCIENCE
PUB_021996,COMPUTER_SCIENCE
PUB_021997,ENGINEERING
PUB_021997,MATERIALS_SCIENCE
PUB_021998,ENGINEERING
PUB_021999,ENGINEERING
PUB_022000,ENGINEERING
PUB_022000,MATERIALS_SCIENCE
PUB_022001,ENGINEERING
PUB_022002,ENGINEERING
PUB_022003,ENGINEERING
PUB_022004,ENGINEERING
PUB_022004,COMPUTER_SCIENCE
PUB_022005,ENGINEERING
PUB_022005,MATERIALS_SCIENCE
PUB_022006,ENGINEERING
PUB_022007,ENGINEERING
PUB_022008,COMPUTER_SCIENCE
PUB_022009,ENGINEERING
PUB_022009,MATERIALS_SCIENCE
PUB_022010,ENGINEERING
PUB_022011,ENGINEERING
PUB_022011,MATERIALS_SCIENCE
PUB_022012,ENGINEERING
PUB_022013,ENGINEERING
PUB_022013,COMPUTER_SCIENCE
PUB_022014,COMPUTER_SCIENCE
PUB_022015,COMPUTER_SCIENCE
PUB_022016,ENGINEERING
PUB_022017,ENGINEERING
PUB_022017,ENERGY
PUB_022017,MATERIALS_SCIENCE
PUB_022018,ENGINEERING
PUB_022018,MATERIALS_SCIENCE
PUB_022019,ENGINEERING
PUB_022020,ENGINEERING
PUB_022020,MATERIALS_SCIENCE
PUB_022021,ENGINEERING
PUB_022022,ENGINEERING
PUB_022022,COMPUTER_SCIENCE
PUB_022023,ENGINEERING
PUB_022024,ENGINEERING
PUB_022024,MATERIALS_SCIENCE
PUB_022025,ENGINEERING
PUB_022026,ENGINEERING
PUB_022026,COMPUTER_SCIENCE
PUB_022027,COMPUTER_SCIENCE
PUB_022028,ENGINEERING
PUB_022028,MATERIALS_SCIENCE
PUB_022029,ENGINEERING
PUB_022029,MATERIALS_SCIENCE
PUB_022030,ENGINEERING
PUB_022031,ENGINEERING
PUB_022032,ENGINEERING
PUB_022032,MATERIALS_SCIENCE
PUB_022033,ENGINEERING
PUB_022034,ENGINEERING
PUB_022035,ENGINEERING
PUB_022035,MATERIALS_SCIENCE
PUB_022036,ENGINEERING
PUB_022036,MATERIALS_SCIENCE
PUB_022037,ENGINEERING
PUB_022037,MATERIALS_SCIENCE
PUB_022038,ENGINEERING
PUB_022038,COMPUTER_SCIENCE
PUB_022039,ENGINEERING
PUB_022039,COMPUTER_SCIENCE
PUB_022040,ENGINEERING
PUB_022040,PHYSICS_AND_ASTRONOMY
PUB_022041,ENGINEERING
PUB_022041,ENERGY
PUB_022042,ENGINEERING
PUB_022042,ENERGY
PUB_022042,MATERIALS_SCIENCE
PUB_022043,ENGINEERING
PUB_022043,MATERIALS_SCIENCE
PUB_022044,ENGINEERING
PUB_022044,COMPUTER_SCIENCE
PUB_022045,COMPUTER_SCIENCE
PUB_022046,ENGINEERING
PUB_022046,COMPUTER_SCIENCE
PUB_022047,COMPUTER_SCIENCE
PUB_022048,ENGINEERING
PUB_022048,MATERIALS_SCIENCE
PUB_022049,ENGINEERING
PUB_022049,MATERIALS_SCIENCE
PUB_022050,COMPUTER_SCIENCE
PUB_022051,ENGINEERING
PUB_022051,MATERIALS_SCIENCE
PUB_022052,ENGINEERING
PUB_022053,PHYSICS_AND_ASTRONOMY
PUB_022053,COMPUTER_SCIENCE
PUB_022054,ENGINEERING
PUB_022055,COMPUTER_SCIENCE
PUB_022056,ENGINEERING
PUB_022056,MATERIALS_SCIENCE
PUB_022057,ENGINEERING
PUB_022057,MATERIALS_SCIENCE
PUB_022058,ENGINEERING
PUB_022058,MATERIALS_SCIENCE
PUB_022059,ENGINEERING
PUB_022060,ENGINEERING
PUB_022060,MATERIALS_SCIENCE
PUB_022061,ENGINEERING
PUB_022062,ENGINEERING
PUB_022062,COMPUTER_SCIENCE
PUB_022063,ENGINEERING
PUB_022063,MATERIALS_SCIENCE
PUB_022064,ENGINEERING
PUB_022064,COMPUTER_SCIENCE
PUB_022065,ENGINEERING
PUB_022066,ENGINEERING
PUB_022067,ENGINEERING
PUB_022067,MATERIALS_SCIENCE
PUB_022068,COMPUTER_SCIENCE
PUB_022069,ENGINEERING
PUB_022069,COMPUTER_SCIENCE
PUB_022070,ENGINEERING
PUB_022070,COMPUTER_SCIENCE
PUB_022071,COMPUTER_SCIENCE
PUB_022072,ENGINEERING
PUB_022072,MATHEMATICS
PUB_022073,ENGINEERING
PUB_022074,ENGINEERING
PUB_022075,ENGINEERING
PUB_022075,MATERIALS_SCIENCE
PUB_022076,ENGINEERING
PUB_022076,MATERIALS_SCIENCE
PUB_022077,ENGINEERING
PUB_022078,ENGINEERING
PUB_022079,ENGINEERING
PUB_022080,COMPUTER_SCIENCE
PUB_022081,ENGINEERING
PUB_022082,ENGINEERING
PUB_022082,COMPUTER_SCIENCE
PUB_022083,ENGINEERING
PUB_022084,ENGINEERING
PUB_022085,COMPUTER_SCIENCE
PUB_022086,ENGINEERING
PUB_022086,COMPUTER_SCIENCE
PUB_022087,ENGINEERING
PUB_022088,COMPUTER_SCIENCE
PUB_022089,COMPUTER_SCIENCE
PUB_022090,ENGINEERING
PUB_022090,MATERIALS_SCIENCE
PUB_022091,COMPUTER_SCIENCE
PUB_022092,ENGINEERING
PUB_022093,ENGINEERING
PUB_022093,MATERIALS_SCIENCE
PUB_022094,ENGINEERING
PUB_022095,ENGINEERING
PUB_022096,ENGINEERING
PUB_022097,ENGINEERING
PUB_022098,ENGINEERING
PUB_022099,ENGINEERING
PUB_022099,COMPUTER_SCIENCE
PUB_022100,ENGINEERING
PUB_022100,MATERIALS_SCIENCE
PUB_022101,COMPUTER_SCIENCE
PUB_022102,PHYSICS_AND_ASTRONOMY
PUB_022102,COMPUTER_SCIENCE
PUB_022103,COMPUTER_SCIENCE
PUB_022104,ENGINEERING
PUB_022104,COMPUTER_SCIENCE
PUB_022105,ENGINEERING
PUB_022106,ENGINEERING
PUB_022106,MATERIALS_SCIENCE
PUB_022107,ENGINEERING
PUB_022107,COMPUTER_SCIENCE
PUB_022108,COMPUTER_SCIENCE
PUB_022109,ENGINEERING
PUB_022109,MATERIALS_SCIENCE
PUB_022109,COMPUTER_SCIENCE
PUB_022110,COMPUTER_SCIENCE
PUB_022111,ENGINEERING
PUB_022112,ENGINEERING
PUB_022112,MATERIALS_SCIENCE
PUB_022113,ENGINEERING
PUB_022114,ENGINEERING
PUB_022115,ENGINEERING
PUB_022115,MATERIALS_SCIENCE
PUB_022116,COMPUTER_SCIENCE
PUB_022117,ENGINEERING
PUB_022118,ENGINEERING
PUB_022118,MATERIALS_SCIENCE
PUB_022119,ENGINEERING
PUB_022119,COMPUTER_SCIENCE
PUB_022120,ENGINEERING
PUB_022121,ENGINEERING
PUB_022122,COMPUTER_SCIENCE
PUB_022123,ENGINEERING
PUB_022123,MATERIALS_SCIENCE
PUB_022124,ENGINEERING
PUB_022124,COMPUTER_SCIENCE
PUB_022125,COMPUTER_SCIENCE
PUB_022126,ENGINEERING
PUB_022127,ENGINEERING
PUB_022127,ENERGY
PUB_022127,MATERIALS_SCIENCE
PUB_022128,ENGINEERING
PUB_022129,COMPUTER_SCIENCE
PUB_022130,ENGINEERING
PUB_022131,ENGINEERING
PUB_022132,ENGINEERING
PUB_022133,ENGINEERING
PUB_022134,COMPUTER_SCIENCE
PUB_022135,ENGINEERING
PUB_022135,MATERIALS_SCIENCE
PUB_022136,COMPUTER_SCIENCE
PUB_022137,ENGINEERING
PUB_022138,ENGINEERING
PUB_022139,ENGINEERING
PUB_022140,ENGINEERING
PUB_022140,ENERGY
PUB_022141,ENGINEERING
PUB_022141,COMPUTER_SCIENCE
PUB_022142,COMPUTER_SCIENCE
PUB_022143,COMPUTER_SCIENCE
PUB_022144,ENGINEERING
PUB_022144,COMPUTER_SCIENCE
PUB_022145,ENGINEERING
PUB_022146,ENGINEERING
PUB_022146,ENERGY
PUB_022147,ENGINEERING
PUB_022147,COMPUTER_SCIENCE
PUB_022148,ENGINEERING
PUB_022149,ENGINEERING
PUB_022149,MATERIALS_SCIENCE
PUB_022150,COMPUTER_SCIENCE
PUB_022151,ENGINEERING
PUB_022151,MATERIALS_SCIENCE
PUB_022152,ENGINEERING
PUB_022152,MATERIALS_SCIENCE
PUB_022153,COMPUTER_SCIENCE
PUB_022154,COMPUTER_SCIENCE
PUB_022155,ENGINEERING
PUB_022156,ENGINEERING
PUB_022156,MATERIALS_SCIENCE
PUB_022157,COMPUTER_SCIENCE
PUB_022158,ENGINEERING
PUB_022158,MATERIALS_SCIENCE
PUB_022159,ENGINEERING
PUB_022160,COMPUTER_SCIENCE
PUB_022161,COMPUTER_SCIENCE
PUB_022162,COMPUTER_SCIENCE
PUB_022163,ENGINEERING
PUB_022164,ENGINEERING
PUB_022165,ENGINEERING
PUB_022166,ENGINEERING
PUB_022167,COMPUTER_SCIENCE
PUB_022168,COMPUTER_SCIENCE
PUB_022169,COMPUTER_SCIENCE
PUB_022170,ENGINEERING
PUB_022171,ENGINEERING
PUB_022172,ENGINEERING
PUB_022172,COMPUTER_SCIENCE
PUB_022173,ENGINEERING
PUB_022173,COMPUTER_SCIENCE
PUB_022174,ENGINEERING
PUB_022174,MATERIALS_SCIENCE
PUB_022175,COMPUTER_SCIENCE
PUB_022176,COMPUTER_SCIENCE
PUB_022177,COMPUTER_SCIENCE
PUB_022178,ENGINEERING
PUB_022179,COMPUTER_SCIENCE
PUB_022180,ENGINEERING
PUB_022180,COMPUTER_SCIENCE
PUB_022181,ENGINEERING
PUB_022182,COMPUTER_SCIENCE
PUB_022183,ENGINEERING
PUB_022183,MATERIALS_SCIENCE
PUB_022184,ENGINEERING
PUB_022184,MATERIALS_SCIENCE
PUB_022185,MATHEMATICS
PUB_022185,COMPUTER_SCIENCE
PUB_022186,ENGINEERING
PUB_022187,ENGINEERING
PUB_022188,ENGINEERING
PUB_022188,MATERIALS_SCIENCE
PUB_022189,COMPUTER_SCIENCE
PUB_022190,COMPUTER_SCIENCE
PUB_022191,ENGINEERING
PUB_022191,MATERIALS_SCIENCE
PUB_022192,ENGINEERING
PUB_022193,ENGINEERING
PUB_022193,MATERIALS_SCIENCE
PUB_022194,ENGINEERING
PUB_022195,ENGINEERING
PUB_022196,ENGINEERING
PUB_022197,ENGINEERING
PUB_022197,PHYSICS_AND_ASTRONOMY
PUB_022198,COMPUTER_SCIENCE
PUB_022199,ENGINEERING
PUB_022199,MATERIALS_SCIENCE
PUB_022200,COMPUTER_SCIENCE
PUB_022201,COMPUTER_SCIENCE
PUB_022202,COMPUTER_SCIENCE
PUB_022203,ENGINEERING
PUB_022203,COMPUTER_SCIENCE
PUB_022204,ENGINEERING
PUB_022205,ENGINEERING
PUB_022205,MATERIALS_SCIENCE
PUB_022206,COMPUTER_SCIENCE
PUB_022207,COMPUTER_SCIENCE
PUB_022208,ENGINEERING
PUB_022208,MATERIALS_SCIENCE
PUB_022209,COMPUTER_SCIENCE
PUB_022210,ENGINEERING
PUB_022210,COMPUTER_SCIENCE
PUB_022211,ENGINEERING
PUB_022211,MATERIALS_SCIENCE
PUB_022212,COMPUTER_SCIENCE
PUB_022213,ENGINEERING
PUB_022213,MATERIALS_SCIENCE
PUB_022214,COMPUTER_SCIENCE
PUB_022215,COMPUTER_SCIENCE
PUB_022216,ENGINEERING
PUB_022216,MATERIALS_SCIENCE
PUB_022217,PHYSICS_AND_ASTRONOMY
PUB_022217,COMPUTER_SCIENCE
PUB_022218,ENGINEERING
PUB_022219,ENGINEERING
PUB_022220,ENGINEERING
PUB_022221,ENGINEERING
PUB_022221,MATERIALS_SCIENCE
PUB_022222,COMPUTER_SCIENCE
PUB_022223,ENGINEERING
PUB_022224,ENGINEERING
PUB_022225,ENGINEERING
PUB_022225,MATERIALS_SCIENCE
PUB_022226,COMPUTER_SCIENCE
PUB_022227,ENGINEERING
PUB_022228,ENGINEERING
PUB_022228,COMPUTER_SCIENCE
PUB_022229,ENGINEERING
PUB_022229,COMPUTER_SCIENCE
PUB_022230,COMPUTER_SCIENCE
PUB_022231,ENGINEERING
PUB_022231,COMPUTER_SCIENCE
PUB_022232,ENGINEERING
PUB_022233,MATHEMATICS
PUB_022233,MATERIALS_SCIENCE
PUB_022234,ENGINEERING
PUB_022235,ENGINEERING
PUB_022235,COMPUTER_SCIENCE
PUB_022236,ENGINEERING
PUB_022237,ENGINEERING
PUB_022237,MATERIALS_SCIENCE
PUB_022238,ENGINEERING
PUB_022239,ENGINEERING
PUB_022239,PHYSICS_AND_ASTRONOMY
PUB_022240,ENGINEERING
PUB_022241,COMPUTER_SCIENCE
PUB_022242,ENGINEERING
PUB_022243,COMPUTER_SCIENCE
PUB_022244,ENGINEERING
PUB_022245,ENGINEERING
PUB_022246,ENGINEERING
PUB_022247,ENGINEERING
PUB_022247,COMPUTER_SCIENCE
PUB_022248,ENGINEERING
PUB_022248,COMPUTER_SCIENCE
PUB_022249,COMPUTER_SCIENCE
PUB_022250,ENGINEERING
PUB_022251,ENGINEERING
PUB_022251,MATERIALS_SCIENCE
PUB_022252,ENGINEERING
PUB_022253,ENGINEERING
PUB_022253,COMPUTER_SCIENCE
PUB_022254,COMPUTER_SCIENCE
PUB_022255,ENGINEERING
PUB_022255,PHYSICS_AND_ASTRONOMY
PUB_022255,MATERIALS_SCIENCE
PUB_022256,COMPUTER_SCIENCE
PUB_022257,ENGINEERING
PUB_022257,MATERIALS_SCIENCE
PUB_022258,COMPUTER_SCIENCE
PUB_022259,ENGINEERING
PUB_022260,ENGINEERING
PUB_022261,ENGINEERING
PUB_022262,ENGINEERING
PUB_022263,ENGINEERING
PUB_022264,COMPUTER_SCIENCE
PUB_022265,ENGINEERING
PUB_022265,COMPUTER_SCIENCE
PUB_022266,ENGINEERING
PUB_022266,MATERIALS_SCIENCE
PUB_022267,ENGINEERING
PUB_022267,MATERIALS_SCIENCE
PUB_022268,ENGINEERING
PUB_022269,ENGINEERING
PUB_022270,COMPUTER_SCIENCE
PUB_022271,COMPUTER_SCIENCE
PUB_022272,ENGINEERING
PUB_022272,COMPUTER_SCIENCE
PUB_022273,COMPUTER_SCIENCE
PUB_022274,ENGINEERING
PUB_022275,ENGINEERING
PUB_022276,ENGINEERING
PUB_022277,ENGINEERING
PUB_022278,ENGINEERING
PUB_022279,ENGINEERING
PUB_022279,ENERGY
PUB_022280,ENGINEERING
PUB_022280,MATHEMATICS
PUB_022281,ENGINEERING
PUB_022281,MATERIALS_SCIENCE
PUB_022282,ENGINEERING
PUB_022282,MATERIALS_SCIENCE
PUB_022283,ENGINEERING
PUB_022283,COMPUTER_SCIENCE
PUB_022284,COMPUTER_SCIENCE
PUB_022285,COMPUTER_SCIENCE
PUB_022286,ENGINEERING
PUB_022286,MATERIALS_SCIENCE
PUB_022287,COMPUTER_SCIENCE
PUB_022288,COMPUTER_SCIENCE
PUB_022289,COMPUTER_SCIENCE
PUB_022290,ENGINEERING
PUB_022290,COMPUTER_SCIENCE
PUB_022291,ENGINEERING
PUB_022292,ENGINEERING
PUB_022293,ENGINEERING
PUB_022294,ENGINEERING
PUB_022294,MATERIALS_SCIENCE
PUB_022295,ENGINEERING
PUB_022295,MATERIALS_SCIENCE
PUB_022296,ENGINEERING
PUB_022297,ENGINEERING
PUB_022297,MATERIALS_SCIENCE
PUB_022298,ENGINEERING
PUB_022299,ENGINEERING
PUB_022300,COMPUTER_SCIENCE
PUB_022301,ENGINEERING
PUB_022301,MATERIALS_SCIENCE
PUB_022302,COMPUTER_SCIENCE
PUB_022303,ENGINEERING
PUB_022303,COMPUTER_SCIENCE
PUB_022304,ENGINEERING
PUB_022304,COMPUTER_SCIENCE
PUB_022305,ENGINEERING
PUB_022306,COMPUTER_SCIENCE
PUB_022307,ENGINEERING
PUB_022308,ENGINEERING
PUB_022308,COMPUTER_SCIENCE
PUB_022309,COMPUTER_SCIENCE
PUB_022310,COMPUTER_SCIENCE
PUB_022311,COMPUTER_SCIENCE
PUB_022312,ENGINEERING
PUB_022313,ENGINEERING
PUB_022314,COMPUTER_SCIENCE
PUB_022315,ENGINEERING
PUB_022315,MATERIALS_SCIENCE
PUB_022316,ENGINEERING
PUB_022316,COMPUTER_SCIENCE
PUB_022317,ENGINEERING
PUB_022318,COMPUTER_SCIENCE
PUB_022319,COMPUTER_SCIENCE
PUB_022320,COMPUTER_SCIENCE
PUB_022321,ENGINEERING
PUB_022322,ENGINEERING
PUB_022322,MATERIALS_SCIENCE
PUB_022323,COMPUTER_SCIENCE
PUB_022324,COMPUTER_SCIENCE
PUB_022325,ENGINEERING
PUB_022325,COMPUTER_SCIENCE
PUB_022326,ENGINEERING
PUB_022326,COMPUTER_SCIENCE
PUB_022327,ENGINEERING
PUB_022328,ENGINEERING
PUB_022328,COMPUTER_SCIENCE
PUB_022329,COMPUTER_SCIENCE
PUB_022330,COMPUTER_SCIENCE
PUB_022331,COMPUTER_SCIENCE
PUB_022332,ENGINEERING
PUB_022332,MATERIALS_SCIENCE
PUB_022333,ENGINEERING
PUB_022334,ENGINEERING
PUB_022334,MATHEMATICS
PUB_022335,ENGINEERING
PUB_022335,COMPUTER_SCIENCE
PUB_022336,ENGINEERING
PUB_022337,COMPUTER_SCIENCE
PUB_022338,ENGINEERING
PUB_022339,ENGINEERING
PUB_022340,COMPUTER_SCIENCE
PUB_022341,COMPUTER_SCIENCE
PUB_022342,ENGINEERING
PUB_022342,COMPUTER_SCIENCE
PUB_022343,COMPUTER_SCIENCE
PUB_022344,ENGINEERING
PUB_022344,MATERIALS_SCIENCE
PUB_022345,COMPUTER_SCIENCE
PUB_022346,COMPUTER_SCIENCE
PUB_022347,ENGINEERING
PUB_022348,COMPUTER_SCIENCE
PUB_022349,COMPUTER_SCIENCE
PUB_022350,COMPUTER_SCIENCE
PUB_022351,COMPUTER_SCIENCE
PUB_022352,COMPUTER_SCIENCE
PUB_022353,COMPUTER_SCIENCE
PUB_022354,ENGINEERING
PUB_022354,MATERIALS_SCIENCE
PUB_022355,COMPUTER_SCIENCE
PUB_022356,ENGINEERING
PUB_022357,ENGINEERING
PUB_022357,COMPUTER_SCIENCE
PUB_022358,ENGINEERING
PUB_022358,MATERIALS_SCIENCE
PUB_022359,ENGINEERING
PUB_022360,ENGINEERING
PUB_022360,COMPUTER_SCIENCE
PUB_022361,PHYSICS_AND_ASTRONOMY
PUB_022361,COMPUTER_SCIENCE
PUB_022362,COMPUTER_SCIENCE
PUB_022363,COMPUTER_SCIENCE
PUB_022364,ENGINEERING
PUB_022364,COMPUTER_SCIENCE
PUB_022365,ENGINEERING
PUB_022365,COMPUTER_SCIENCE
PUB_022366,COMPUTER_SCIENCE
PUB_022367,ENGINEERING
PUB_022367,COMPUTER_SCIENCE
PUB_022368,ENGINEERING
PUB_022369,ENGINEERING
PUB_022369,COMPUTER_SCIENCE
PUB_022370,COMPUTER_SCIENCE
PUB_022371,ENGINEERING
PUB_022371,COMPUTER_SCIENCE
PUB_022372,COMPUTER_SCIENCE
PUB_022373,COMPUTER_SCIENCE
PUB_022374,ENGINEERING
PUB_022374,COMPUTER_SCIENCE
PUB_022375,COMPUTER_SCIENCE
PUB_022376,ENGINEERING
PUB_022377,COMPUTER_SCIENCE
PUB_022378,COMPUTER_SCIENCE
PUB_022379,ENGINEERING
PUB_022380,ENGINEERING
PUB_022380,MATERIALS_SCIENCE
PUB_022381,COMPUTER_SCIENCE
PUB_022382,COMPUTER_SCIENCE
PUB_022383,ENGINEERING
PUB_022384,COMPUTER_SCIENCE
PUB_022385,COMPUTER_SCIENCE
PUB_022386,ENGINEERING
PUB_022386,COMPUTER_SCIENCE
PUB_022387,ENGINEERING
PUB_022387,COMPUTER_SCIENCE
PUB_022388,ENGINEERING
PUB_022388,COMPUTER_SCIENCE
PUB_022389,COMPUTER_SCIENCE
PUB_022390,ENGINEERING
PUB_022390,COMPUTER_SCIENCE
PUB_022391,COMPUTER_SCIENCE
PUB_022392,COMPUTER_SCIENCE
PUB_022393,COMPUTER_SCIENCE
PUB_022394,ENGINEERING
PUB_022395,COMPUTER_SCIENCE
PUB_022396,ENGINEERING
PUB_022396,COMPUTER_SCIENCE
PUB_022397,ENGINEERING
PUB_022398,COMPUTER_SCIENCE
PUB_022399,COMPUTER_SCIENCE
PUB_022400,ENGINEERING
PUB_022400,COMPUTER_SCIENCE
PUB_022401,PHYSICS_AND_ASTRONOMY
PUB_022401,COMPUTER_SCIENCE
PUB_022402,COMPUTER_SCIENCE
PUB_022403,ENGINEERING
PUB_022404,ENGINEERING
PUB_022404,COMPUTER_SCIENCE
PUB_022405,COMPUTER_SCIENCE
PUB_022406,COMPUTER_SCIENCE
PUB_022407,ENGINEERING
PUB_022407,COMPUTER_SCIENCE
PUB_022408,COMPUTER_SCIENCE
PUB_022409,ENGINEERING
PUB_022410,COMPUTER_SCIENCE
PUB_022411,COMPUTER_SCIENCE
PUB_022412,COMPUTER_SCIENCE
PUB_022413,ENGINEERING
PUB_022414,ENGINEERING
PUB_022414,COMPUTER_SCIENCE
PUB_022415,COMPUTER_SCIENCE
PUB_022416,ENGINEERING
PUB_022416,COMPUTER_SCIENCE
PUB_022417,ENGINEERING
PUB_022418,COMPUTER_SCIENCE
PUB_022419,ENGINEERING
PUB_022419,MATHEMATICS
PUB_022420,ENGINEERING
PUB_022420,MATERIALS_SCIENCE
PUB_022421,ENGINEERING
PUB_022422,ENGINEERING
PUB_022422,COMPUTER_SCIENCE
PUB_022423,ENGINEERING
PUB_022423,ENERGY
PUB_022424,ENGINEERING
PUB_022425,ENGINEERING
PUB_022425,COMPUTER_SCIENCE
PUB_022426,ENGINEERING
PUB_022427,ENGINEERING
PUB_022428,ENGINEERING
PUB_022428,COMPUTER_SCIENCE
PUB_022429,COMPUTER_SCIENCE
PUB_022430,ENGINEERING
PUB_022431,COMPUTER_SCIENCE
PUB_022432,ENGINEERING
PUB_022433,COMPUTER_SCIENCE
PUB_022434,ENGINEERING
PUB_022435,ENGINEERING
PUB_022435,COMPUTER_SCIENCE
PUB_022436,ENGINEERING
PUB_022436,COMPUTER_SCIENCE
PUB_022437,ENGINEERING
PUB_022438,ENGINEERING
PUB_022438,COMPUTER_SCIENCE
PUB_022439,ENGINEERING
PUB_022440,COMPUTER_SCIENCE
PUB_022441,COMPUTER_SCIENCE
PUB_022442,ENGINEERING
PUB_022442,COMPUTER_SCIENCE
PUB_022443,COMPUTER_SCIENCE
PUB_022444,MATHEMATICS
PUB_022444,ENGINEERING
PUB_022445,ENGINEERING
PUB_022446,ENGINEERING
PUB_022446,COMPUTER_SCIENCE
PUB_022447,ENGINEERING
PUB_022448,ENGINEERING
PUB_022448,COMPUTER_SCIENCE
PUB_022449,ENGINEERING
PUB_022450,COMPUTER_SCIENCE
PUB_022451,COMPUTER_SCIENCE
PUB_022452,COMPUTER_SCIENCE
PUB_022453,COMPUTER_SCIENCE
PUB_022454,ENGINEERING
PUB_022455,COMPUTER_SCIENCE
PUB_022456,ENGINEERING
PUB_022457,COMPUTER_SCIENCE
PUB_022458,COMPUTER_SCIENCE
PUB_022459,ENGINEERING
PUB_022460,COMPUTER_SCIENCE
PUB_022461,ENGINEERING
PUB_022461,COMPUTER_SCIENCE
PUB_022462,ENGINEERING
PUB_022462,COMPUTER_SCIENCE
PUB_022463,ENGINEERING
PUB_022463,MATERIALS_SCIENCE
PUB_022464,ENGINEERING
PUB_022464,MATERIALS_SCIENCE
PUB_022465,COMPUTER_SCIENCE
PUB_022466,COMPUTER_SCIENCE
PUB_022467,COMPUTER_SCIENCE
PUB_022468,COMPUTER_SCIENCE
PUB_022469,COMPUTER_SCIENCE
PUB_022470,COMPUTER_SCIENCE
PUB_022471,ENGINEERING
PUB_022472,COMPUTER_SCIENCE
PUB_022473,COMPUTER_SCIENCE
PUB_022474,ENGINEERING
PUB_022475,MATHEMATICS
PUB_022475,ENGINEERING
PUB_022476,ENGINEERING
PUB_022476,ENERGY
PUB_022477,ENGINEERING
PUB_022478,COMPUTER_SCIENCE
PUB_022479,COMPUTER_SCIENCE
PUB_022480,ENGINEERING
PUB_022480,COMPUTER_SCIENCE
PUB_022481,ENGINEERING
PUB_022481,COMPUTER_SCIENCE
PUB_022482,COMPUTER_SCIENCE
PUB_022483,COMPUTER_SCIENCE
PUB_022484,ENGINEERING
PUB_022485,COMPUTER_SCIENCE
PUB_022486,ENGINEERING
PUB_022486,ENERGY
PUB_022487,COMPUTER_SCIENCE
PUB_022488,COMPUTER_SCIENCE
PUB_022489,ENGINEERING
PUB_022489,COMPUTER_SCIENCE
PUB_022490,ENGINEERING
PUB_022490,MATHEMATICS
PUB_022491,COMPUTER_SCIENCE
PUB_022492,COMPUTER_SCIENCE
PUB_022493,ENGINEERING
PUB_022494,COMPUTER_SCIENCE
PUB_022495,COMPUTER_SCIENCE
PUB_022496,COMPUTER_SCIENCE
PUB_022497,COMPUTER_SCIENCE
PUB_022498,ENGINEERING
PUB_022499,ENGINEERING
PUB_022499,MATERIALS_SCIENCE
PUB_022500,COMPUTER_SCIENCE
PUB_022501,COMPUTER_SCIENCE
PUB_022502,ENGINEERING
PUB_022503,COMPUTER_SCIENCE
PUB_022504,COMPUTER_SCIENCE
PUB_022505,ENGINEERING
PUB_022505,MATERIALS_SCIENCE
PUB_022506,PHYSICS_AND_ASTRONOMY
PUB_022506,COMPUTER_SCIENCE
PUB_022507,COMPUTER_SCIENCE
PUB_022508,ENGINEERING
PUB_022508,COMPUTER_SCIENCE
PUB_022509,ENGINEERING
PUB_022510,ENGINEERING
PUB_022511,COMPUTER_SCIENCE
PUB_022512,COMPUTER_SCIENCE
PUB_022513,ENGINEERING
PUB_022513,MATERIALS_SCIENCE
PUB_022514,COMPUTER_SCIENCE
PUB_022515,ENGINEERING
PUB_022516,ENGINEERING
PUB_022517,ENGINEERING
PUB_022517,MATERIALS_SCIENCE
PUB_022518,ENGINEERING
PUB_022518,MATHEMATICS
PUB_022519,ENGINEERING
PUB_022519,MATERIALS_SCIENCE
PUB_022520,COMPUTER_SCIENCE
PUB_022521,PHYSICS_AND_ASTRONOMY
PUB_022521,COMPUTER_SCIENCE
PUB_022522,ENGINEERING
PUB_022523,ENGINEERING
PUB_022523,MATERIALS_SCIENCE
PUB_022524,COMPUTER_SCIENCE
PUB_022525,ENGINEERING
PUB_022525,COMPUTER_SCIENCE
PUB_022526,ENGINEERING
PUB_022527,ENGINEERING
PUB_022528,COMPUTER_SCIENCE
PUB_022529,ENGINEERING
PUB_022529,MATERIALS_SCIENCE
PUB_022530,COMPUTER_SCIENCE
PUB_022531,COMPUTER_SCIENCE
PUB_022532,ENGINEERING
PUB_022532,COMPUTER_SCIENCE
PUB_022533,COMPUTER_SCIENCE
PUB_022534,COMPUTER_SCIENCE
PUB_022535,ENGINEERING
PUB_022535,COMPUTER_SCIENCE
PUB_022536,ENGINEERING
PUB_022537,COMPUTER_SCIENCE
PUB_022538,ENGINEERING
PUB_022538,COMPUTER_SCIENCE
PUB_022539,COMPUTER_SCIENCE
PUB_022540,COMPUTER_SCIENCE
PUB_022541,ENGINEERING
PUB_022541,ENERGY
PUB_022542,COMPUTER_SCIENCE
PUB_022543,ENGINEERING
PUB_022543,PHYSICS_AND_ASTRONOMY
PUB_022544,ENGINEERING
PUB_022544,COMPUTER_SCIENCE
PUB_022545,COMPUTER_SCIENCE
PUB_022546,ENGINEERING
PUB_022547,COMPUTER_SCIENCE
PUB_022548,COMPUTER_SCIENCE
PUB_022549,ENGINEERING
PUB_022549,MATERIALS_SCIENCE
PUB_022550,ENGINEERING
PUB_022550,COMPUTER_SCIENCE
PUB_022551,ENGINEERING
PUB_022551,MATERIALS_SCIENCE
PUB_022552,ENGINEERING
PUB_022552,PHYSICS_AND_ASTRONOMY
PUB_022553,COMPUTER_SCIENCE
PUB_022554,ENGINEERING
PUB_022554,COMPUTER_SCIENCE
PUB_022555,COMPUTER_SCIENCE
PUB_022556,ENGINEERING
PUB_022556,COMPUTER_SCIENCE
PUB_022557,COMPUTER_SCIENCE
PUB_022558,ENGINEERING
PUB_022559,ENGINEERING
PUB_022560,PHYSICS_AND_ASTRONOMY
PUB_022560,COMPUTER_SCIENCE
PUB_022561,COMPUTER_SCIENCE
PUB_022562,ENGINEERING
PUB_022562,MATERIALS_SCIENCE
PUB_022563,COMPUTER_SCIENCE
PUB_022564,COMPUTER_SCIENCE
PUB_022565,COMPUTER_SCIENCE
PUB_022566,COMPUTER_SCIENCE
PUB_022567,ENGINEERING
PUB_022567,COMPUTER_SCIENCE
PUB_022568,COMPUTER_SCIENCE
PUB_022569,ENGINEERING
PUB_022569,COMPUTER_SCIENCE
PUB_022570,COMPUTER_SCIENCE
PUB_022571,COMPUTER_SCIENCE
PUB_022572,ENGINEERING
PUB_022572,COMPUTER_SCIENCE
PUB_022573,ENGINEERING
PUB_022574,ENGINEERING
PUB_022575,ENGINEERING
PUB_022575,COMPUTER_SCIENCE
PUB_022576,ENGINEERING
PUB_022577,ENGINEERING
PUB_022577,COMPUTER_SCIENCE
PUB_022578,ENGINEERING
PUB_022578,COMPUTER_SCIENCE
PUB_022579,COMPUTER_SCIENCE
PUB_022580,ENGINEERING
PUB_022581,COMPUTER_SCIENCE
PUB_022582,ENGINEERING
PUB_022582,MATERIALS_SCIENCE
PUB_022583,ENGINEERING
PUB_022583,COMPUTER_SCIENCE
PUB_022584,COMPUTER_SCIENCE
PUB_022585,ENGINEERING
PUB_022586,ENGINEERING
PUB_022587,COMPUTER_SCIENCE
PUB_022588,COMPUTER_SCIENCE
PUB_022589,COMPUTER_SCIENCE
PUB_022590,ENGINEERING
PUB_022591,ENGINEERING
PUB_022591,MATERIALS_SCIENCE
PUB_022592,ENGINEERING
PUB_022592,COMPUTER_SCIENCE
PUB_022593,COMPUTER_SCIENCE
PUB_022594,ENGINEERING
PUB_022594,COMPUTER_SCIENCE
PUB_022595,ENGINEERING
PUB_022595,COMPUTER_SCIENCE
PUB_022596,COMPUTER_SCIENCE
PUB_022597,ENGINEERING
PUB_022597,PHYSICS_AND_ASTRONOMY
PUB_022598,ENGINEERING
PUB_022598,MATERIALS_SCIENCE
PUB_022599,COMPUTER_SCIENCE
PUB_022600,COMPUTER_SCIENCE
PUB_022601,COMPUTER_SCIENCE
PUB_022602,ENGINEERING
PUB_022603,ENGINEERING
PUB_022603,COMPUTER_SCIENCE
PUB_022604,COMPUTER_SCIENCE
PUB_022605,ENGINEERING
PUB_022606,COMPUTER_SCIENCE
PUB_022607,COMPUTER_SCIENCE
PUB_022608,COMPUTER_SCIENCE
PUB_022609,ENGINEERING
PUB_022609,COMPUTER_SCIENCE
PUB_022610,ENGINEERING
PUB_022610,COMPUTER_SCIENCE
PUB_022611,ENGINEERING
PUB_022612,ENGINEERING
PUB_022612,COMPUTER_SCIENCE
PUB_022613,ENGINEERING
PUB_022613,COMPUTER_SCIENCE
PUB_022614,ENGINEERING
PUB_022614,MATERIALS_SCIENCE
PUB_022615,COMPUTER_SCIENCE
PUB_022616,COMPUTER_SCIENCE
PUB_022617,ENGINEERING
PUB_022618,ENGINEERING
PUB_022618,MATERIALS_SCIENCE
PUB_022619,ENGINEERING
PUB_022619,COMPUTER_SCIENCE
PUB_022620,COMPUTER_SCIENCE
PUB_022621,COMPUTER_SCIENCE
PUB_022622,COMPUTER_SCIENCE
PUB_022623,COMPUTER_SCIENCE
PUB_022624,COMPUTER_SCIENCE
PUB_022625,ENGINEERING
PUB_022626,ENGINEERING
PUB_022627,COMPUTER_SCIENCE
PUB_022628,COMPUTER_SCIENCE
PUB_022629,COMPUTER_SCIENCE
PUB_022630,ENGINEERING
PUB_022631,ENGINEERING
PUB_022632,ENGINEERING
PUB_022633,ENGINEERING
PUB_022633,COMPUTER_SCIENCE
PUB_022634,ENGINEERING
PUB_022634,COMPUTER_SCIENCE
PUB_022635,ENGINEERING
PUB_022635,COMPUTER_SCIENCE
PUB_022636,ENGINEERING
PUB_022637,COMPUTER_SCIENCE
PUB_022638,COMPUTER_SCIENCE
PUB_022639,ENGINEERING
PUB_022639,MATERIALS_SCIENCE
PUB_022640,ENGINEERING
PUB_022640,COMPUTER_SCIENCE
PUB_022641,ENGINEERING
PUB_022641,MATERIALS_SCIENCE
PUB_022642,ENGINEERING
PUB_022643,ENGINEERING
PUB_022644,ENGINEERING
PUB_022645,ENGINEERING
PUB_022645,COMPUTER_SCIENCE
PUB_022646,COMPUTER_SCIENCE
PUB_022647,PHYSICS_AND_ASTRONOMY
PUB_022647,COMPUTER_SCIENCE
PUB_022648,ENGINEERING
PUB_022649,ENGINEERING
PUB_022649,COMPUTER_SCIENCE
PUB_022650,COMPUTER_SCIENCE
PUB_022651,COMPUTER_SCIENCE
PUB_022652,MATHEMATICS
PUB_022652,COMPUTER_SCIENCE
PUB_022653,ENGINEERING
PUB_022653,MATERIALS_SCIENCE
PUB_022654,COMPUTER_SCIENCE
PUB_022655,ENGINEERING
PUB_022655,COMPUTER_SCIENCE
PUB_022656,ENGINEERING
PUB_022656,MATERIALS_SCIENCE
PUB_022657,PHYSICS_AND_ASTRONOMY
PUB_022657,COMPUTER_SCIENCE
PUB_022658,ENGINEERING
PUB_022658,COMPUTER_SCIENCE
PUB_022659,COMPUTER_SCIENCE
PUB_022660,MATHEMATICS
PUB_022660,COMPUTER_SCIENCE
PUB_022661,COMPUTER_SCIENCE
PUB_022662,ENGINEERING
PUB_022662,COMPUTER_SCIENCE
PUB_022663,ENGINEERING
PUB_022663,COMPUTER_SCIENCE
PUB_022664,COMPUTER_SCIENCE
PUB_022665,ENGINEERING
PUB_022665,COMPUTER_SCIENCE
PUB_022666,COMPUTER_SCIENCE
PUB_022667,COMPUTER_SCIENCE
PUB_022668,ENGINEERING
PUB_022668,COMPUTER_SCIENCE
PUB_022669,ENGINEERING
PUB_022669,MATERIALS_SCIENCE
PUB_022670,ENGINEERING
PUB_022670,COMPUTER_SCIENCE
PUB_022671,COMPUTER_SCIENCE
PUB_022672,ENGINEERING
PUB_022673,ENGINEERING
PUB_022674,ENGINEERING
PUB_022674,MATERIALS_SCIENCE
PUB_022675,COMPUTER_SCIENCE
PUB_022676,COMPUTER_SCIENCE
PUB_022677,ENGINEERING
PUB_022677,MATERIALS_SCIENCE
PUB_022678,PHYSICS_AND_ASTRONOMY
PUB_022678,COMPUTER_SCIENCE
PUB_022679,ENGINEERING
PUB_022679,COMPUTER_SCIENCE
PUB_022680,COMPUTER_SCIENCE
PUB_022681,COMPUTER_SCIENCE
PUB_022682,ENGINEERING
PUB_022682,COMPUTER_SCIENCE
PUB_022683,ENGINEERING
PUB_022683,PHYSICS_AND_ASTRONOMY
PUB_022684,ENGINEERING
PUB_022684,COMPUTER_SCIENCE
PUB_022685,COMPUTER_SCIENCE
PUB_022686,ENGINEERING
PUB_022686,COMPUTER_SCIENCE
PUB_022687,ENGINEERING
PUB_022687,COMPUTER_SCIENCE
PUB_022688,COMPUTER_SCIENCE
PUB_022689,ENGINEERING
PUB_022689,MATERIALS_SCIENCE
PUB_022690,COMPUTER_SCIENCE
PUB_022691,ENGINEERING
PUB_022691,MATERIALS_SCIENCE
PUB_022692,COMPUTER_SCIENCE
PUB_022693,ENGINEERING
PUB_022693,MATERIALS_SCIENCE
PUB_022694,COMPUTER_SCIENCE
PUB_022695,ENGINEERING
PUB_022695,COMPUTER_SCIENCE
PUB_022696,COMPUTER_SCIENCE
PUB_022697,ENGINEERING
PUB_022697,MATERIALS_SCIENCE
PUB_022698,ENGINEERING
PUB_022699,COMPUTER_SCIENCE
PUB_022700,ENGINEERING
PUB_022700,COMPUTER_SCIENCE
PUB_022701,COMPUTER_SCIENCE
PUB_022702,COMPUTER_SCIENCE
PUB_022703,PHYSICS_AND_ASTRONOMY
PUB_022703,COMPUTER_SCIENCE
PUB_022704,ENGINEERING
PUB_022705,COMPUTER_SCIENCE
PUB_022706,ENGINEERING
PUB_022706,COMPUTER_SCIENCE
PUB_022707,ENGINEERING
PUB_022707,MATERIALS_SCIENCE
PUB_022708,ENGINEERING
PUB_022708,COMPUTER_SCIENCE
PUB_022709,ENGINEERING
PUB_022709,MATERIALS_SCIENCE
PUB_022710,ENGINEERING
PUB_022711,COMPUTER_SCIENCE
PUB_022712,ENGINEERING
PUB_022712,MATERIALS_SCIENCE
PUB_022713,ENGINEERING
PUB_022713,COMPUTER_SCIENCE
PUB_022714,ENGINEERING
PUB_022714,MATERIALS_SCIENCE
PUB_022715,ENGINEERING
PUB_022715,COMPUTER_SCIENCE
PUB_022716,ENGINEERING
PUB_022716,COMPUTER_SCIENCE
PUB_022717,ENGINEERING
PUB_022717,COMPUTER_SCIENCE
PUB_022718,ENGINEERING
PUB_022718,ENERGY
PUB_022718,COMPUTER_SCIENCE
PUB_022719,COMPUTER_SCIENCE
PUB_022720,ENGINEERING
PUB_022720,COMPUTER_SCIENCE
PUB_022721,COMPUTER_SCIENCE
PUB_022722,COMPUTER_SCIENCE
PUB_022723,ENGINEERING
PUB_022724,ENGINEERING
PUB_022724,COMPUTER_SCIENCE
PUB_022725,ENGINEERING
PUB_022725,COMPUTER_SCIENCE
PUB_022726,ENGINEERING
PUB_022727,ENGINEERING
PUB_022728,ENGINEERING
PUB_022728,COMPUTER_SCIENCE
PUB_022729,ENGINEERING
PUB_022730,COMPUTER_SCIENCE
PUB_022731,COMPUTER_SCIENCE
PUB_022732,ENGINEERING
PUB_022733,ENGINEERING
PUB_022733,MATERIALS_SCIENCE
PUB_022734,COMPUTER_SCIENCE
PUB_022735,ENGINEERING
PUB_022736,COMPUTER_SCIENCE
PUB_022737,ENGINEERING
PUB_022737,COMPUTER_SCIENCE
PUB_022738,ENGINEERING
PUB_022739,COMPUTER_SCIENCE
PUB_022740,ENGINEERING
PUB_022740,COMPUTER_SCIENCE
PUB_022741,ENGINEERING
PUB_022742,COMPUTER_SCIENCE
PUB_022743,ENGINEERING
PUB_022744,COMPUTER_SCIENCE
PUB_022745,ENGINEERING
PUB_022745,COMPUTER_SCIENCE
PUB_022746,COMPUTER_SCIENCE
PUB_022747,ENGINEERING
PUB_022747,COMPUTER_SCIENCE
PUB_022748,COMPUTER_SCIENCE
PUB_022749,ENGINEERING
PUB_022749,COMPUTER_SCIENCE
PUB_022750,ENGINEERING
PUB_022750,COMPUTER_SCIENCE
PUB_022751,COMPUTER_SCIENCE
PUB_022752,COMPUTER_SCIENCE
PUB_022753,COMPUTER_SCIENCE
PUB_022754,COMPUTER_SCIENCE
PUB_022755,ENGINEERING
PUB_022756,ENGINEERING
PUB_022756,COMPUTER_SCIENCE
PUB_022757,ENGINEERING
PUB_022758,PHYSICS_AND_ASTRONOMY
PUB_022758,COMPUTER_SCIENCE
PUB_022759,ENGINEERING
PUB_022759,ENERGY
PUB_022760,ENGINEERING
PUB_022760,COMPUTER_SCIENCE
PUB_022761,ENGINEERING
PUB_022762,COMPUTER_SCIENCE
PUB_022763,ENGINEERING
PUB_022763,COMPUTER_SCIENCE
PUB_022764,COMPUTER_SCIENCE
PUB_022765,ENGINEERING
PUB_022766,COMPUTER_SCIENCE
PUB_022767,ENGINEERING
PUB_022767,COMPUTER_SCIENCE
PUB_022768,COMPUTER_SCIENCE
PUB_022769,COMPUTER_SCIENCE
PUB_022770,ENGINEERING
PUB_022771,ENGINEERING
PUB_022771,COMPUTER_SCIENCE
PUB_022772,COMPUTER_SCIENCE
PUB_022773,ENGINEERING
PUB_022773,COMPUTER_SCIENCE
PUB_022774,ENGINEERING
PUB_022774,MATERIALS_SCIENCE
PUB_022775,ENGINEERING
PUB_022775,COMPUTER_SCIENCE
PUB_022776,COMPUTER_SCIENCE
PUB_022776,MATERIALS_SCIENCE
PUB_022777,ENGINEERING
PUB_022777,COMPUTER_SCIENCE
PUB_022778,ENGINEERING
PUB_022778,COMPUTER_SCIENCE
PUB_022779,ENGINEERING
PUB_022779,MATERIALS_SCIENCE
PUB_022780,ENGINEERING
PUB_022781,COMPUTER_SCIENCE
PUB_022782,ENGINEERING
PUB_022782,COMPUTER_SCIENCE
PUB_022783,ENGINEERING
PUB_022783,COMPUTER_SCIENCE
PUB_022784,COMPUTER_SCIENCE
PUB_022785,COMPUTER_SCIENCE
PUB_022786,PHYSICS_AND_ASTRONOMY
PUB_022786,COMPUTER_SCIENCE
PUB_022787,COMPUTER_SCIENCE
PUB_022788,ENGINEERING
PUB_022789,ENGINEERING
PUB_022789,PHYSICS_AND_ASTRONOMY
PUB_022790,COMPUTER_SCIENCE
PUB_022791,COMPUTER_SCIENCE
PUB_022792,COMPUTER_SCIENCE
PUB_022793,COMPUTER_SCIENCE
PUB_022794,ENERGY
PUB_022794,COMPUTER_SCIENCE
PUB_022795,ENGINEERING
PUB_022796,ENGINEERING
PUB_022796,COMPUTER_SCIENCE
PUB_022797,ENGINEERING
PUB_022797,MATERIALS_SCIENCE
PUB_022798,COMPUTER_SCIENCE
PUB_022799,ENGINEERING
PUB_022800,COMPUTER_SCIENCE
PUB_022801,ENGINEERING
PUB_022801,COMPUTER_SCIENCE
PUB_022802,ENGINEERING
PUB_022802,PHYSICS_AND_ASTRONOMY
PUB_022803,COMPUTER_SCIENCE
PUB_022804,ENGINEERING
PUB_022804,PHYSICS_AND_ASTRONOMY
PUB_022804,MATERIALS_SCIENCE
PUB_022805,ENGINEERING
PUB_022806,ENGINEERING
PUB_022807,ENGINEERING
PUB_022807,COMPUTER_SCIENCE
PUB_022808,ENGINEERING
PUB_022808,PHYSICS_AND_ASTRONOMY
PUB_022809,COMPUTER_SCIENCE
PUB_022810,COMPUTER_SCIENCE
PUB_022811,ENGINEERING
PUB_022811,ENERGY
PUB_022812,ENGINEERING
PUB_022812,COMPUTER_SCIENCE
PUB_022813,ENGINEERING
PUB_022814,PHYSICS_AND_ASTRONOMY
PUB_022814,COMPUTER_SCIENCE
PUB_022815,COMPUTER_SCIENCE
PUB_022816,COMPUTER_SCIENCE
PUB_022817,COMPUTER_SCIENCE
PUB_022818,ENGINEERING
PUB_022819,COMPUTER_SCIENCE
PUB_022820,COMPUTER_SCIENCE
PUB_022821,ENGINEERING
PUB_022821,COMPUTER_SCIENCE
PUB_022822,ENGINEERING
PUB_022823,COMPUTER_SCIENCE
PUB_022824,COMPUTER_SCIENCE
PUB_022825,COMPUTER_SCIENCE
PUB_022826,COMPUTER_SCIENCE
PUB_022827,COMPUTER_SCIENCE
PUB_022828,ENGINEERING
PUB_022829,ENGINEERING
PUB_022829,COMPUTER_SCIENCE
PUB_022830,COMPUTER_SCIENCE
PUB_022831,ENGINEERING
PUB_022832,ENGINEERING
PUB_022832,MATERIALS_SCIENCE
PUB_022833,ENGINEERING
PUB_022833,COMPUTER_SCIENCE
PUB_022834,COMPUTER_SCIENCE
PUB_022835,ENGINEERING
PUB_022836,COMPUTER_SCIENCE
PUB_022837,ENGINEERING
PUB_022838,ENGINEERING
PUB_022838,COMPUTER_SCIENCE
PUB_022839,ENGINEERING
PUB_022840,COMPUTER_SCIENCE
PUB_022841,COMPUTER_SCIENCE
PUB_022842,ENGINEERING
PUB_022843,COMPUTER_SCIENCE
PUB_022844,COMPUTER_SCIENCE
PUB_022845,ENGINEERING
PUB_022845,COMPUTER_SCIENCE
PUB_022846,COMPUTER_SCIENCE
PUB_022847,ENGINEERING
PUB_022847,COMPUTER_SCIENCE
PUB_022848,COMPUTER_SCIENCE
PUB_022849,ENGINEERING
PUB_022849,MATERIALS_SCIENCE
PUB_022850,ENGINEERING
PUB_022850,COMPUTER_SCIENCE
PUB_022851,ENGINEERING
PUB_022851,MATERIALS_SCIENCE
PUB_022852,COMPUTER_SCIENCE
PUB_022853,COMPUTER_SCIENCE
PUB_022854,COMPUTER_SCIENCE
PUB_022855,COMPUTER_SCIENCE
PUB_022856,ENGINEERING
PUB_022856,COMPUTER_SCIENCE
PUB_022857,COMPUTER_SCIENCE
PUB_022858,ENGINEERING
PUB_022859,ENGINEERING
PUB_022859,COMPUTER_SCIENCE
PUB_022860,ENGINEERING
PUB_022861,ENGINEERING
PUB_022861,MATERIALS_SCIENCE
PUB_022862,ENGINEERING
PUB_022862,COMPUTER_SCIENCE
PUB_022863,COMPUTER_SCIENCE
PUB_022864,COMPUTER_SCIENCE
PUB_022865,ENGINEERING
PUB_022865,COMPUTER_SCIENCE
PUB_022866,COMPUTER_SCIENCE
PUB_022867,ENGINEERING
PUB_022868,COMPUTER_SCIENCE
PUB_022869,ENGINEERING
PUB_022869,COMPUTER_SCIENCE
PUB_022870,COMPUTER_SCIENCE
PUB_022871,COMPUTER_SCIENCE
PUB_022872,ENGINEERING
PUB_022873,COMPUTER_SCIENCE
PUB_022874,ENGINEERING
PUB_022875,COMPUTER_SCIENCE
PUB_022876,ENGINEERING
PUB_022876,COMPUTER_SCIENCE
PUB_022877,COMPUTER_SCIENCE
PUB_022878,ENGINEERING
PUB_022879,ENGINEERING
PUB_022879,COMPUTER_SCIENCE
PUB_022880,ENGINEERING
PUB_022880,COMPUTER_SCIENCE
PUB_022881,ENGINEERING
PUB_022881,PHYSICS_AND_ASTRONOMY
PUB_022881,MATERIALS_SCIENCE
PUB_022882,COMPUTER_SCIENCE
PUB_022883,COMPUTER_SCIENCE
PUB_022884,ENGINEERING
PUB_022884,COMPUTER_SCIENCE
PUB_022885,ENGINEERING
PUB_022886,ENGINEERING
PUB_022886,COMPUTER_SCIENCE
PUB_022887,MATHEMATICS
PUB_022888,COMPUTER_SCIENCE
PUB_022889,ENGINEERING
PUB_022890,ENGINEERING
PUB_022891,COMPUTER_SCIENCE
PUB_022892,ENGINEERING
PUB_022892,COMPUTER_SCIENCE
PUB_022893,ENGINEERING
PUB_022894,ENGINEERING
PUB_022895,ENGINEERING
PUB_022896,ENGINEERING
PUB_022896,PHYSICS_AND_ASTRONOMY
PUB_022896,COMPUTER_SCIENCE
PUB_022897,COMPUTER_SCIENCE
PUB_022898,ENGINEERING
PUB_022898,COMPUTER_SCIENCE
PUB_022899,COMPUTER_SCIENCE
PUB_022900,ENGINEERING
PUB_022900,COMPUTER_SCIENCE
PUB_022901,ENGINEERING
PUB_022902,COMPUTER_SCIENCE
PUB_022903,ENGINEERING
PUB_022903,COMPUTER_SCIENCE
PUB_022904,ENGINEERING
PUB_022905,ENGINEERING
PUB_022905,COMPUTER_SCIENCE
PUB_022906,COMPUTER_SCIENCE
PUB_022907,ENGINEERING
PUB_022908,ENGINEERING
PUB_022908,COMPUTER_SCIENCE
PUB_022909,ENGINEERING
PUB_022909,COMPUTER_SCIENCE
PUB_022910,ENGINEERING
PUB_022910,MATERIALS_SCIENCE
PUB_022911,ENGINEERING
PUB_022911,COMPUTER_SCIENCE
PUB_022912,COMPUTER_SCIENCE
PUB_022913,ENGINEERING
PUB_022913,COMPUTER_SCIENCE
PUB_022914,ENGINEERING
PUB_022914,COMPUTER_SCIENCE
PUB_022915,ENGINEERING
PUB_022916,ENGINEERING
PUB_022917,COMPUTER_SCIENCE
PUB_022918,COMPUTER_SCIENCE
PUB_022919,ENGINEERING
PUB_022920,COMPUTER_SCIENCE
PUB_022921,ENGINEERING
PUB_022921,COMPUTER_SCIENCE
PUB_022922,COMPUTER_SCIENCE
PUB_022923,ENGINEERING
PUB_022924,COMPUTER_SCIENCE
PUB_022925,ENGINEERING
PUB_022926,ENGINEERING
PUB_022927,ENGINEERING
PUB_022927,COMPUTER_SCIENCE
PUB_022928,ENGINEERING
PUB_022929,ENGINEERING
PUB_022929,COMPUTER_SCIENCE
PUB_022929,MATERIALS_SCIENCE
PUB_022930,ENGINEERING
PUB_022931,ENGINEERING
PUB_022931,COMPUTER_SCIENCE
PUB_022932,ENGINEERING
PUB_022933,ENGINEERING
PUB_022933,MATERIALS_SCIENCE
PUB_022934,ENGINEERING
PUB_022934,COMPUTER_SCIENCE
PUB_022935,ENGINEERING
PUB_022936,COMPUTER_SCIENCE
PUB_022937,ENGINEERING
PUB_022938,ENGINEERING
PUB_022939,ENGINEERING
PUB_022939,MATERIALS_SCIENCE
PUB_022940,COMPUTER_SCIENCE
PUB_022941,ENGINEERING
PUB_022942,COMPUTER_SCIENCE
PUB_022943,PHYSICS_AND_ASTRONOMY
PUB_022943,COMPUTER_SCIENCE
PUB_022944,COMPUTER_SCIENCE
PUB_022945,ENGINEERING
PUB_022946,ENGINEERING
PUB_022946,MATERIALS_SCIENCE
PUB_022947,COMPUTER_SCIENCE
PUB_022948,COMPUTER_SCIENCE
PUB_022949,ENGINEERING
PUB_022949,ENERGY
PUB_022950,ENGINEERING
PUB_022951,ENGINEERING
PUB_022951,COMPUTER_SCIENCE
PUB_022952,COMPUTER_SCIENCE
PUB_022953,COMPUTER_SCIENCE
PUB_022954,COMPUTER_SCIENCE
PUB_022955,ENGINEERING
PUB_022955,COMPUTER_SCIENCE
PUB_022956,ENGINEERING
PUB_022956,COMPUTER_SCIENCE
PUB_022957,ENERGY
PUB_022957,COMPUTER_SCIENCE
PUB_022958,COMPUTER_SCIENCE
PUB_022959,ENGINEERING
PUB_022959,COMPUTER_SCIENCE
PUB_022960,ENGINEERING
PUB_022960,COMPUTER_SCIENCE
PUB_022961,ENGINEERING
PUB_022962,COMPUTER_SCIENCE
PUB_022963,COMPUTER_SCIENCE
PUB_022964,COMPUTER_SCIENCE
PUB_022965,ENGINEERING
PUB_022965,COMPUTER_SCIENCE
PUB_022966,ENGINEERING
PUB_022966,COMPUTER_SCIENCE
PUB_022967,ENGINEERING
PUB_022967,COMPUTER_SCIENCE
PUB_022968,ENGINEERING
PUB_022969,ENGINEERING
PUB_022970,ENGINEERING
PUB_022970,COMPUTER_SCIENCE
PUB_022971,PHYSICS_AND_ASTRONOMY
PUB_022971,COMPUTER_SCIENCE
PUB_022972,ENGINEERING
PUB_022973,COMPUTER_SCIENCE
PUB_022974,ENGINEERING
PUB_022974,COMPUTER_SCIENCE
PUB_022975,ENGINEERING
PUB_022976,COMPUTER_SCIENCE
PUB_022977,ENGINEERING
PUB_022977,MATERIALS_SCIENCE
PUB_022978,ENGINEERING
PUB_022978,COMPUTER_SCIENCE
PUB_022979,COMPUTER_SCIENCE
PUB_022980,PHYSICS_AND_ASTRONOMY
PUB_022980,COMPUTER_SCIENCE
PUB_022981,COMPUTER_SCIENCE
PUB_022982,ENGINEERING
PUB_022982,COMPUTER_SCIENCE
PUB_022983,ENGINEERING
PUB_022983,MATERIALS_SCIENCE
PUB_022984,ENGINEERING
PUB_022984,COMPUTER_SCIENCE
PUB_022985,ENGINEERING
PUB_022986,COMPUTER_SCIENCE
PUB_022987,ENGINEERING
PUB_022987,MATERIALS_SCIENCE
PUB_022988,ENGINEERING
PUB_022989,ENGINEERING
PUB_022989,COMPUTER_SCIENCE
PUB_022990,ENGINEERING
PUB_022991,ENGINEERING
PUB_022991,COMPUTER_SCIENCE
PUB_022992,COMPUTER_SCIENCE
PUB_022993,ENGINEERING
PUB_022993,COMPUTER_SCIENCE
PUB_022994,COMPUTER_SCIENCE
PUB_022995,COMPUTER_SCIENCE
PUB_022996,ENGINEERING
PUB_022996,COMPUTER_SCIENCE
PUB_022997,COMPUTER_SCIENCE
PUB_022998,COMPUTER_SCIENCE
PUB_022999,COMPUTER_SCIENCE
PUB_023000,ENGINEERING
PUB_023001,COMPUTER_SCIENCE
PUB_023002,ENGINEERING
PUB_023002,COMPUTER_SCIENCE
PUB_023003,COMPUTER_SCIENCE
PUB_023004,COMPUTER_SCIENCE
PUB_023005,ENGINEERING
PUB_023005,COMPUTER_SCIENCE
PUB_023006,COMPUTER_SCIENCE
PUB_023007,ENGINEERING
PUB_023007,COMPUTER_SCIENCE
PUB_023008,ENGINEERING
PUB_023009,ENGINEERING
PUB_023010,COMPUTER_SCIENCE
PUB_023011,ENGINEERING
PUB_023011,PHYSICS_AND_ASTRONOMY
PUB_023011,MATERIALS_SCIENCE
PUB_023012,COMPUTER_SCIENCE
PUB_023013,ENGINEERING
PUB_023013,COMPUTER_SCIENCE
PUB_023014,COMPUTER_SCIENCE
PUB_023015,ENGINEERING
PUB_023015,PHYSICS_AND_ASTRONOMY
PUB_023016,ENGINEERING
PUB_023016,COMPUTER_SCIENCE
PUB_023017,ENGINEERING
PUB_023018,COMPUTER_SCIENCE
PUB_023019,COMPUTER_SCIENCE
PUB_023020,ENGINEERING
PUB_023021,COMPUTER_SCIENCE
PUB_023022,COMPUTER_SCIENCE
PUB_023023,ENGINEERING
PUB_023024,COMPUTER_SCIENCE
PUB_023025,ENGINEERING
PUB_023026,ENGINEERING
PUB_023026,MATERIALS_SCIENCE
PUB_023027,COMPUTER_SCIENCE
PUB_023028,ENGINEERING
PUB_023029,ENGINEERING
PUB_023029,COMPUTER_SCIENCE
PUB_023030,ENGINEERING
PUB_023030,PHYSICS_AND_ASTRONOMY
PUB_023030,COMPUTER_SCIENCE
PUB_023031,ENGINEERING
PUB_023031,COMPUTER_SCIENCE
PUB_023032,ENGINEERING
PUB_023033,COMPUTER_SCIENCE
PUB_023034,ENGINEERING
PUB_023034,COMPUTER_SCIENCE
PUB_023035,ENGINEERING
PUB_023035,COMPUTER_SCIENCE
PUB_023036,ENGINEERING
PUB_023037,COMPUTER_SCIENCE
PUB_023038,COMPUTER_SCIENCE
PUB_023039,COMPUTER_SCIENCE
PUB_023040,COMPUTER_SCIENCE
PUB_023041,ENGINEERING
PUB_023041,COMPUTER_SCIENCE
PUB_023042,COMPUTER_SCIENCE
PUB_023043,COMPUTER_SCIENCE
PUB_023044,COMPUTER_SCIENCE
PUB_023045,ENGINEERING
PUB_023045,COMPUTER_SCIENCE
PUB_023046,ENGINEERING
PUB_023047,ENGINEERING
PUB_023047,COMPUTER_SCIENCE
PUB_023048,ENGINEERING
PUB_023048,MATERIALS_SCIENCE
PUB_023049,COMPUTER_SCIENCE
PUB_023050,ENGINEERING
PUB_023050,COMPUTER_SCIENCE
PUB_023051,ENGINEERING
PUB_023051,MATERIALS_SCIENCE
PUB_023052,ENGINEERING
PUB_023053,COMPUTER_SCIENCE
PUB_023054,COMPUTER_SCIENCE
PUB_023055,ENGINEERING
PUB_023056,ENGINEERING
PUB_023057,ENGINEERING
PUB_023057,ENERGY
PUB_023058,COMPUTER_SCIENCE
PUB_023059,MATERIALS_SCIENCE
PUB_023059,COMPUTER_SCIENCE
PUB_023060,COMPUTER_SCIENCE
PUB_023061,ENGINEERING
PUB_023062,ENGINEERING
PUB_023063,COMPUTER_SCIENCE
PUB_023064,COMPUTER_SCIENCE
PUB_023065,COMPUTER_SCIENCE
PUB_023066,COMPUTER_SCIENCE
PUB_023067,COMPUTER_SCIENCE
PUB_023068,ENGINEERING
PUB_023069,ENGINEERING
PUB_023069,COMPUTER_SCIENCE
PUB_023070,ENGINEERING
PUB_023070,COMPUTER_SCIENCE
PUB_023071,ENGINEERING
PUB_023072,COMPUTER_SCIENCE
PUB_023073,ENGINEERING
PUB_023074,COMPUTER_SCIENCE
PUB_023075,COMPUTER_SCIENCE
PUB_023076,ENGINEERING
PUB_023077,ENGINEERING
PUB_023078,ENGINEERING
PUB_023078,COMPUTER_SCIENCE
PUB_023079,ENGINEERING
PUB_023079,COMPUTER_SCIENCE
PUB_023080,ENGINEERING
PUB_023081,ENGINEERING
PUB_023081,ENERGY
PUB_023082,COMPUTER_SCIENCE
PUB_023083,COMPUTER_SCIENCE
PUB_023084,COMPUTER_SCIENCE
PUB_023085,ENGINEERING
PUB_023086,ENGINEERING
PUB_023087,ENGINEERING
PUB_023087,ENERGY
PUB_023088,COMPUTER_SCIENCE
PUB_023089,COMPUTER_SCIENCE
PUB_023090,COMPUTER_SCIENCE
PUB_023091,ENGINEERING
PUB_023091,MATERIALS_SCIENCE
PUB_023092,COMPUTER_SCIENCE
PUB_023093,COMPUTER_SCIENCE
PUB_023094,ENGINEERING
PUB_023095,COMPUTER_SCIENCE
PUB_023096,ENGINEERING
PUB_023097,COMPUTER_SCIENCE
PUB_023098,COMPUTER_SCIENCE
PUB_023099,ENGINEERING
PUB_023099,COMPUTER_SCIENCE
PUB_023100,COMPUTER_SCIENCE
PUB_023101,ENGINEERING
PUB_023102,ENGINEERING
PUB_023102,COMPUTER_SCIENCE
PUB_023103,COMPUTER_SCIENCE
PUB_023104,ENGINEERING
PUB_023104,COMPUTER_SCIENCE
PUB_023105,ENGINEERING
PUB_023106,COMPUTER_SCIENCE
PUB_023107,ENGINEERING
PUB_023108,COMPUTER_SCIENCE
PUB_023109,ENGINEERING
PUB_023110,ENGINEERING
PUB_023110,COMPUTER_SCIENCE
PUB_023111,ENGINEERING
PUB_023111,PHYSICS_AND_ASTRONOMY
PUB_023111,MATERIALS_SCIENCE
PUB_023112,ENGINEERING
PUB_023112,MATERIALS_SCIENCE
PUB_023113,ENGINEERING
PUB_023114,COMPUTER_SCIENCE
PUB_023115,COMPUTER_SCIENCE
PUB_023116,ENGINEERING
PUB_023116,COMPUTER_SCIENCE
PUB_023117,ENGINEERING
PUB_023117,MATERIALS_SCIENCE
PUB_023118,COMPUTER_SCIENCE
PUB_023119,ENGINEERING
PUB_023119,MATERIALS_SCIENCE
PUB_023120,ENGINEERING
PUB_023121,ENGINEERING
PUB_023122,COMPUTER_SCIENCE
PUB_023123,ENGINEERING
PUB_023123,COMPUTER_SCIENCE
PUB_023124,COMPUTER_SCIENCE
PUB_023125,ENGINEERING
PUB_023125,COMPUTER_SCIENCE
PUB_023126,COMPUTER_SCIENCE
PUB_023127,ENGINEERING
PUB_023127,MATERIALS_SCIENCE
PUB_023128,ENGINEERING
PUB_023128,COMPUTER_SCIENCE
PUB_023129,ENGINEERING
PUB_023130,COMPUTER_SCIENCE
PUB_023131,ENGINEERING
PUB_023131,COMPUTER_SCIENCE
PUB_023132,ENGINEERING
PUB_023133,COMPUTER_SCIENCE
PUB_023134,ENGINEERING
PUB_023134,PHYSICS_AND_ASTRONOMY
PUB_023135,ENGINEERING
PUB_023135,COMPUTER_SCIENCE
PUB_023136,ENGINEERING
PUB_023136,PHYSICS_AND_ASTRONOMY
PUB_023137,COMPUTER_SCIENCE
PUB_023138,COMPUTER_SCIENCE
PUB_023139,ENGINEERING
PUB_023139,COMPUTER_SCIENCE
PUB_023140,ENGINEERING
PUB_023140,COMPUTER_SCIENCE
PUB_023141,ENGINEERING
PUB_023141,COMPUTER_SCIENCE
PUB_023142,ENGINEERING
PUB_023143,COMPUTER_SCIENCE
PUB_023144,ENGINEERING
PUB_023144,MATERIALS_SCIENCE
PUB_023145,COMPUTER_SCIENCE
PUB_023146,ENGINEERING
PUB_023147,COMPUTER_SCIENCE
PUB_023148,COMPUTER_SCIENCE
PUB_023149,ENGINEERING
PUB_023150,ENGINEERING
PUB_023151,COMPUTER_SCIENCE
PUB_023152,ENGINEERING
PUB_023153,COMPUTER_SCIENCE
PUB_023154,ENGINEERING
PUB_023154,COMPUTER_SCIENCE
PUB_023155,ENGINEERING
PUB_023155,COMPUTER_SCIENCE
PUB_023156,COMPUTER_SCIENCE
PUB_023157,COMPUTER_SCIENCE
PUB_023158,COMPUTER_SCIENCE
PUB_023159,ENGINEERING
PUB_023160,ENGINEERING
PUB_023160,COMPUTER_SCIENCE
PUB_023161,COMPUTER_SCIENCE
PUB_023162,ENGINEERING
PUB_023162,COMPUTER_SCIENCE
PUB_023163,COMPUTER_SCIENCE
PUB_023164,COMPUTER_SCIENCE
PUB_023165,ENGINEERING
PUB_023165,COMPUTER_SCIENCE
PUB_023166,ENGINEERING
PUB_023167,COMPUTER_SCIENCE
PUB_023168,COMPUTER_SCIENCE
PUB_023169,COMPUTER_SCIENCE
PUB_023170,ENGINEERING
PUB_023170,COMPUTER_SCIENCE
PUB_023171,ENGINEERING
PUB_023171,COMPUTER_SCIENCE
PUB_023172,ENGINEERING
PUB_023173,ENGINEERING
PUB_023174,ENGINEERING
PUB_023174,COMPUTER_SCIENCE
PUB_023175,ENGINEERING
PUB_023176,ENGINEERING
PUB_023177,ENGINEERING
PUB_023178,ENGINEERING
PUB_023178,COMPUTER_SCIENCE
PUB_023179,COMPUTER_SCIENCE
PUB_023180,COMPUTER_SCIENCE
PUB_023181,ENGINEERING
PUB_023181,COMPUTER_SCIENCE
PUB_023182,COMPUTER_SCIENCE
PUB_023183,COMPUTER_SCIENCE
PUB_023184,ENGINEERING
PUB_023184,COMPUTER_SCIENCE
PUB_023185,ENGINEERING
PUB_023185,COMPUTER_SCIENCE
PUB_023186,COMPUTER_SCIENCE
PUB_023187,ENGINEERING
PUB_023188,ENGINEERING
PUB_023188,COMPUTER_SCIENCE
PUB_023189,COMPUTER_SCIENCE
PUB_023190,ENGINEERING
PUB_023190,COMPUTER_SCIENCE
PUB_023191,COMPUTER_SCIENCE
PUB_023192,COMPUTER_SCIENCE
PUB_023193,ENGINEERING
PUB_023193,COMPUTER_SCIENCE
PUB_023194,ENGINEERING
PUB_023194,ENERGY
PUB_023195,ENGINEERING
PUB_023195,COMPUTER_SCIENCE
PUB_023196,ENGINEERING
PUB_023196,COMPUTER_SCIENCE
PUB_023197,ENGINEERING
PUB_023198,COMPUTER_SCIENCE
PUB_023199,ENGINEERING
PUB_023200,COMPUTER_SCIENCE
PUB_023201,COMPUTER_SCIENCE
PUB_023202,ENGINEERING
PUB_023203,COMPUTER_SCIENCE
PUB_023204,ENGINEERING
PUB_023205,ENGINEERING
PUB_023206,ENGINEERING
PUB_023206,COMPUTER_SCIENCE
PUB_023207,PHYSICS_AND_ASTRONOMY
PUB_023207,COMPUTER_SCIENCE
PUB_023208,ENGINEERING
PUB_023208,COMPUTER_SCIENCE
PUB_023209,ENGINEERING
PUB_023209,COMPUTER_SCIENCE
PUB_023210,COMPUTER_SCIENCE
PUB_023211,COMPUTER_SCIENCE
PUB_023212,COMPUTER_SCIENCE
PUB_023213,ENGINEERING
PUB_023214,COMPUTER_SCIENCE
PUB_023215,COMPUTER_SCIENCE
PUB_023216,ENGINEERING
PUB_023216,COMPUTER_SCIENCE
PUB_023217,COMPUTER_SCIENCE
PUB_023218,COMPUTER_SCIENCE
PUB_023219,ENGINEERING
PUB_023220,ENGINEERING
PUB_023221,COMPUTER_SCIENCE
PUB_023222,COMPUTER_SCIENCE
PUB_023223,ENGINEERING
PUB_023223,COMPUTER_SCIENCE
PUB_023224,ENGINEERING
PUB_023224,MATERIALS_SCIENCE
PUB_023225,COMPUTER_SCIENCE
PUB_023226,COMPUTER_SCIENCE
PUB_023227,COMPUTER_SCIENCE
PUB_023228,ENGINEERING
PUB_023229,COMPUTER_SCIENCE
PUB_023230,ENGINEERING
PUB_023230,COMPUTER_SCIENCE
PUB_023231,ENGINEERING
PUB_023231,COMPUTER_SCIENCE
PUB_023231,MATERIALS_SCIENCE
PUB_023232,ENGINEERING
PUB_023232,COMPUTER_SCIENCE
PUB_023233,ENGINEERING
PUB_023233,COMPUTER_SCIENCE
PUB_023234,COMPUTER_SCIENCE
PUB_023235,COMPUTER_SCIENCE
PUB_023236,ENGINEERING
PUB_023237,COMPUTER_SCIENCE
PUB_023238,ENGINEERING
PUB_023239,ENGINEERING
PUB_023239,COMPUTER_SCIENCE
PUB_023240,COMPUTER_SCIENCE
PUB_023241,COMPUTER_SCIENCE
PUB_023242,COMPUTER_SCIENCE
PUB_023243,COMPUTER_SCIENCE
PUB_023244,ENGINEERING
PUB_023244,COMPUTER_SCIENCE
PUB_023245,ENGINEERING
PUB_023245,COMPUTER_SCIENCE
PUB_023246,ENGINEERING
PUB_023247,ENGINEERING
PUB_023247,COMPUTER_SCIENCE
PUB_023248,COMPUTER_SCIENCE
PUB_023249,COMPUTER_SCIENCE
PUB_023250,ENGINEERING
PUB_023250,MATERIALS_SCIENCE
PUB_023251,COMPUTER_SCIENCE
PUB_023252,ENGINEERING
PUB_023253,ENGINEERING
PUB_023253,COMPUTER_SCIENCE
PUB_023254,ENGINEERING
PUB_023255,PHYSICS_AND_ASTRONOMY
PUB_023255,COMPUTER_SCIENCE
PUB_023256,ENGINEERING
PUB_023257,ENGINEERING
PUB_023257,COMPUTER_SCIENCE
PUB_023258,COMPUTER_SCIENCE
PUB_023259,ENGINEERING
PUB_023259,ENERGY
PUB_023260,ENGINEERING
PUB_023260,COMPUTER_SCIENCE
PUB_023261,ENGINEERING
PUB_023261,COMPUTER_SCIENCE
PUB_023262,COMPUTER_SCIENCE
PUB_023263,COMPUTER_SCIENCE
PUB_023264,ENGINEERING
PUB_023265,COMPUTER_SCIENCE
PUB_023266,COMPUTER_SCIENCE
PUB_023267,COMPUTER_SCIENCE
PUB_023268,ENGINEERING
PUB_023268,COMPUTER_SCIENCE
PUB_023269,MATHEMATICS
PUB_023269,COMPUTER_SCIENCE
PUB_023270,COMPUTER_SCIENCE
PUB_023271,ENGINEERING
PUB_023272,COMPUTER_SCIENCE
PUB_023273,ENGINEERING
PUB_023273,COMPUTER_SCIENCE
PUB_023274,ENGINEERING
PUB_023274,COMPUTER_SCIENCE
PUB_023275,ENGINEERING
PUB_023275,COMPUTER_SCIENCE
PUB_023276,COMPUTER_SCIENCE
PUB_023277,ENGINEERING
PUB_023278,COMPUTER_SCIENCE
PUB_023279,ENGINEERING
PUB_023280,COMPUTER_SCIENCE
PUB_023281,COMPUTER_SCIENCE
PUB_023282,ENGINEERING
PUB_023283,ENGINEERING
PUB_023283,MATERIALS_SCIENCE
PUB_023284,ENGINEERING
PUB_023284,COMPUTER_SCIENCE
PUB_023285,COMPUTER_SCIENCE
PUB_023286,ENGINEERING
PUB_023286,COMPUTER_SCIENCE
PUB_023287,COMPUTER_SCIENCE
PUB_023288,ENGINEERING
PUB_023289,COMPUTER_SCIENCE
PUB_023290,COMPUTER_SCIENCE
PUB_023291,COMPUTER_SCIENCE
PUB_023292,ENGINEERING
PUB_023292,COMPUTER_SCIENCE
PUB_023293,ENGINEERING
PUB_023293,PHYSICS_AND_ASTRONOMY
PUB_023294,ENGINEERING
PUB_023295,COMPUTER_SCIENCE
PUB_023296,ENGINEERING
PUB_023296,COMPUTER_SCIENCE
PUB_023297,ENGINEERING
PUB_023298,ENGINEERING
PUB_023299,ENGINEERING
PUB_023299,COMPUTER_SCIENCE
PUB_023300,COMPUTER_SCIENCE
PUB_023301,COMPUTER_SCIENCE
PUB_023302,ENGINEERING
PUB_023302,COMPUTER_SCIENCE
PUB_023303,ENGINEERING
PUB_023303,COMPUTER_SCIENCE
PUB_023304,ENGINEERING
PUB_023304,COMPUTER_SCIENCE
PUB_023305,ENGINEERING
PUB_023305,MATERIALS_SCIENCE
PUB_023306,ENGINEERING
PUB_023306,COMPUTER_SCIENCE
PUB_023307,ENGINEERING
PUB_023308,ENGINEERING
PUB_023308,MATERIALS_SCIENCE
PUB_023309,ENGINEERING
PUB_023310,COMPUTER_SCIENCE
PUB_023311,ENGINEERING
PUB_023311,COMPUTER_SCIENCE
PUB_023312,ENGINEERING
PUB_023312,COMPUTER_SCIENCE
PUB_023313,COMPUTER_SCIENCE
PUB_023314,ENGINEERING
PUB_023315,ENGINEERING
PUB_023315,COMPUTER_SCIENCE
PUB_023316,ENGINEERING
PUB_023316,COMPUTER_SCIENCE
PUB_023317,ENGINEERING
PUB_023317,COMPUTER_SCIENCE
PUB_023318,COMPUTER_SCIENCE
PUB_023319,ENGINEERING
PUB_023320,ENGINEERING
PUB_023320,COMPUTER_SCIENCE
PUB_023321,COMPUTER_SCIENCE
PUB_023322,COMPUTER_SCIENCE
PUB_023323,ENGINEERING
PUB_023324,COMPUTER_SCIENCE
PUB_023325,MATHEMATICS
PUB_023325,MATERIALS_SCIENCE
PUB_023325,COMPUTER_SCIENCE
PUB_023326,ENGINEERING
PUB_023326,COMPUTER_SCIENCE
PUB_023327,ENGINEERING
PUB_023327,COMPUTER_SCIENCE
PUB_023328,ENGINEERING
PUB_023328,COMPUTER_SCIENCE
PUB_023329,ENGINEERING
PUB_023330,COMPUTER_SCIENCE
PUB_023331,ENGINEERING
PUB_023332,PHYSICS_AND_ASTRONOMY
PUB_023332,COMPUTER_SCIENCE
PUB_023333,ENGINEERING
PUB_023334,COMPUTER_SCIENCE
PUB_023335,ENGINEERING
PUB_023335,MATERIALS_SCIENCE
PUB_023336,COMPUTER_SCIENCE
PUB_023337,ENGINEERING
PUB_023338,COMPUTER_SCIENCE
PUB_023339,ENGINEERING
PUB_023340,ENGINEERING
PUB_023341,ENGINEERING
PUB_023342,ENGINEERING
PUB_023343,ENGINEERING
PUB_023343,MATERIALS_SCIENCE
PUB_023344,COMPUTER_SCIENCE
PUB_023345,ENGINEERING
PUB_023345,COMPUTER_SCIENCE
PUB_023346,ENGINEERING
PUB_023346,COMPUTER_SCIENCE
PUB_023347,COMPUTER_SCIENCE
PUB_023348,ENGINEERING
PUB_023348,PHYSICS_AND_ASTRONOMY
PUB_023349,ENGINEERING
PUB_023350,ENGINEERING
PUB_023351,COMPUTER_SCIENCE
PUB_023352,COMPUTER_SCIENCE
PUB_023353,ENGINEERING
PUB_023353,MATERIALS_SCIENCE
PUB_023354,ENGINEERING
PUB_023354,MATERIALS_SCIENCE
PUB_023355,ENGINEERING
PUB_023355,COMPUTER_SCIENCE
PUB_023356,COMPUTER_SCIENCE
PUB_023357,COMPUTER_SCIENCE
PUB_023358,ENGINEERING
PUB_023358,COMPUTER_SCIENCE
PUB_023359,COMPUTER_SCIENCE
PUB_023360,ENGINEERING
PUB_023361,ENGINEERING
PUB_023362,ENGINEERING
PUB_023363,ENGINEERING
PUB_023364,ENGINEERING
PUB_023365,ENGINEERING
PUB_023366,ENGINEERING
PUB_023367,ENGINEERING
PUB_023368,ENGINEERING
PUB_023369,COMPUTER_SCIENCE
PUB_023370,ENGINEERING
PUB_023370,COMPUTER_SCIENCE
PUB_023371,ENGINEERING
PUB_023372,ENGINEERING
PUB_023373,ENGINEERING
PUB_023374,ENGINEERING
PUB_023374,MATERIALS_SCIENCE
PUB_023375,COMPUTER_SCIENCE
PUB_023376,ENGINEERING
PUB_023376,MATERIALS_SCIENCE
PUB_023377,ENGINEERING
PUB_023378,ENGINEERING
PUB_023378,COMPUTER_SCIENCE
PUB_023379,COMPUTER_SCIENCE
PUB_023380,ENGINEERING
PUB_023380,COMPUTER_SCIENCE
PUB_023381,ENGINEERING
PUB_023382,ENGINEERING
PUB_023382,COMPUTER_SCIENCE
PUB_023383,COMPUTER_SCIENCE
PUB_023384,COMPUTER_SCIENCE
PUB_023385,ENGINEERING
PUB_023386,COMPUTER_SCIENCE
PUB_023387,ENGINEERING
PUB_023387,COMPUTER_SCIENCE
PUB_023388,ENGINEERING
PUB_023388,PHYSICS_AND_ASTRONOMY
PUB_023389,ENGINEERING
PUB_023390,ENGINEERING
PUB_023391,COMPUTER_SCIENCE
PUB_023392,ENGINEERING
PUB_023392,COMPUTER_SCIENCE
PUB_023393,ENGINEERING
PUB_023393,COMPUTER_SCIENCE
PUB_023394,ENGINEERING
PUB_023395,COMPUTER_SCIENCE
PUB_023396,ENGINEERING
PUB_023396,COMPUTER_SCIENCE
PUB_023397,ENGINEERING
PUB_023397,COMPUTER_SCIENCE
PUB_023398,COMPUTER_SCIENCE
PUB_023399,ENGINEERING
PUB_023399,COMPUTER_SCIENCE
PUB_023400,ENGINEERING
PUB_023400,MATERIALS_SCIENCE
PUB_023401,ENGINEERING
PUB_023402,ENGINEERING
PUB_023402,COMPUTER_SCIENCE
PUB_023403,COMPUTER_SCIENCE
PUB_023404,ENGINEERING
PUB_023404,MATERIALS_SCIENCE
PUB_023405,ENGINEERING
PUB_023406,ENGINEERING
PUB_023406,PHYSICS_AND_ASTRONOMY
PUB_023407,COMPUTER_SCIENCE
PUB_023408,COMPUTER_SCIENCE
PUB_023409,COMPUTER_SCIENCE
PUB_023410,ENGINEERING
PUB_023410,COMPUTER_SCIENCE
PUB_023411,ENGINEERING
PUB_023412,ENGINEERING
PUB_023413,COMPUTER_SCIENCE
PUB_023414,COMPUTER_SCIENCE
PUB_023415,ENGINEERING
PUB_023416,ENGINEERING
PUB_023417,ENGINEERING
PUB_023417,COMPUTER_SCIENCE
PUB_023418,ENGINEERING
PUB_023418,COMPUTER_SCIENCE
PUB_023419,COMPUTER_SCIENCE
PUB_023420,ENGINEERING
PUB_023420,COMPUTER_SCIENCE
PUB_023421,ENGINEERING
PUB_023421,COMPUTER_SCIENCE
PUB_023422,COMPUTER_SCIENCE
PUB_023423,COMPUTER_SCIENCE
PUB_023424,COMPUTER_SCIENCE
PUB_023425,ENGINEERING
PUB_023425,COMPUTER_SCIENCE
PUB_023426,COMPUTER_SCIENCE
PUB_023427,COMPUTER_SCIENCE
PUB_023428,PHYSICS_AND_ASTRONOMY
PUB_023428,COMPUTER_SCIENCE
PUB_023429,ENGINEERING
PUB_023429,COMPUTER_SCIENCE
PUB_023430,ENGINEERING
PUB_023430,COMPUTER_SCIENCE
PUB_023431,COMPUTER_SCIENCE
PUB_023432,COMPUTER_SCIENCE
PUB_023433,ENGINEERING
PUB_023433,COMPUTER_SCIENCE
PUB_023434,ENGINEERING
PUB_023434,COMPUTER_SCIENCE
PUB_023435,ENGINEERING
PUB_023435,COMPUTER_SCIENCE
PUB_023436,ENGINEERING
PUB_023437,ENGINEERING
PUB_023437,MATERIALS_SCIENCE
PUB_023438,ENGINEERING
PUB_023438,MATERIALS_SCIENCE
PUB_023439,ENGINEERING
PUB_023439,MATERIALS_SCIENCE
PUB_023440,ENGINEERING
PUB_023440,COMPUTER_SCIENCE
PUB_023441,ENGINEERING
PUB_023441,COMPUTER_SCIENCE
PUB_023442,ENGINEERING
PUB_023443,ENGINEERING
PUB_023443,COMPUTER_SCIENCE
PUB_023444,ENGINEERING
PUB_023444,COMPUTER_SCIENCE
PUB_023445,COMPUTER_SCIENCE
PUB_023446,ENGINEERING
PUB_023447,COMPUTER_SCIENCE
PUB_023448,COMPUTER_SCIENCE
PUB_023449,ENGINEERING
PUB_023449,COMPUTER_SCIENCE
PUB_023450,COMPUTER_SCIENCE
PUB_023451,ENGINEERING
PUB_023452,COMPUTER_SCIENCE
PUB_023453,COMPUTER_SCIENCE
PUB_023454,COMPUTER_SCIENCE
PUB_023455,PHYSICS_AND_ASTRONOMY
PUB_023455,COMPUTER_SCIENCE
PUB_023456,ENGINEERING
PUB_023456,COMPUTER_SCIENCE
PUB_023457,ENGINEERING
PUB_023458,COMPUTER_SCIENCE
PUB_023459,COMPUTER_SCIENCE
PUB_023460,ENGINEERING
PUB_023460,COMPUTER_SCIENCE
PUB_023461,COMPUTER_SCIENCE
PUB_023462,ENGINEERING
PUB_023462,COMPUTER_SCIENCE
PUB_023463,ENGINEERING
PUB_023463,COMPUTER_SCIENCE
PUB_023464,ENGINEERING
PUB_023465,ENGINEERING
PUB_023466,ENGINEERING
PUB_023466,COMPUTER_SCIENCE
PUB_023467,ENGINEERING
PUB_023467,COMPUTER_SCIENCE
PUB_023468,COMPUTER_SCIENCE
PUB_023469,COMPUTER_SCIENCE
PUB_023470,ENGINEERING
PUB_023470,COMPUTER_SCIENCE
PUB_023471,ENGINEERING
PUB_023471,ENERGY
PUB_023471,COMPUTER_SCIENCE
PUB_023472,COMPUTER_SCIENCE
PUB_023473,ENGINEERING
PUB_023473,MATERIALS_SCIENCE
PUB_023474,COMPUTER_SCIENCE
PUB_023475,ENGINEERING
PUB_023475,COMPUTER_SCIENCE
PUB_023476,ENGINEERING
PUB_023476,MATERIALS_SCIENCE
PUB_023477,ENGINEERING
PUB_023478,ENGINEERING
PUB_023478,COMPUTER_SCIENCE
PUB_023479,ENGINEERING
PUB_023479,COMPUTER_SCIENCE
PUB_023480,COMPUTER_SCIENCE
PUB_023481,COMPUTER_SCIENCE
PUB_023482,COMPUTER_SCIENCE
PUB_023483,ENGINEERING
PUB_023484,COMPUTER_SCIENCE
PUB_023485,COMPUTER_SCIENCE
PUB_023486,ENGINEERING
PUB_023486,MATERIALS_SCIENCE
PUB_023487,ENGINEERING
PUB_023488,ENGINEERING
PUB_023488,PHYSICS_AND_ASTRONOMY
PUB_023489,ENGINEERING
PUB_023490,PHYSICS_AND_ASTRONOMY
PUB_023490,COMPUTER_SCIENCE
PUB_023491,COMPUTER_SCIENCE
PUB_023492,ENGINEERING
PUB_023492,ENERGY
PUB_023493,ENGINEERING
PUB_023494,ENGINEERING
PUB_023494,COMPUTER_SCIENCE
PUB_023495,COMPUTER_SCIENCE
PUB_023496,ENGINEERING
PUB_023497,ENGINEERING
PUB_023498,COMPUTER_SCIENCE
PUB_023499,COMPUTER_SCIENCE
PUB_023500,ENGINEERING
PUB_023501,COMPUTER_SCIENCE
PUB_023502,COMPUTER_SCIENCE
PUB_023503,ENGINEERING
PUB_023504,COMPUTER_SCIENCE
PUB_023505,ENGINEERING
PUB_023506,ENGINEERING
PUB_023507,ENGINEERING
PUB_023508,COMPUTER_SCIENCE
PUB_023509,COMPUTER_SCIENCE
PUB_023510,ENGINEERING
PUB_023511,ENGINEERING
PUB_023512,COMPUTER_SCIENCE
PUB_023513,COMPUTER_SCIENCE
PUB_023514,COMPUTER_SCIENCE
PUB_023515,ENGINEERING
PUB_023516,ENGINEERING
PUB_023517,COMPUTER_SCIENCE
PUB_023518,ENGINEERING
PUB_023519,COMPUTER_SCIENCE
PUB_023520,ENGINEERING
PUB_023520,COMPUTER_SCIENCE
PUB_023521,ENGINEERING
PUB_023521,COMPUTER_SCIENCE
PUB_023522,ENGINEERING
PUB_023522,COMPUTER_SCIENCE
PUB_023523,ENGINEERING
PUB_023524,ENGINEERING
PUB_023525,COMPUTER_SCIENCE
PUB_023526,ENGINEERING
PUB_023526,COMPUTER_SCIENCE
PUB_023527,ENGINEERING
PUB_023528,COMPUTER_SCIENCE
PUB_023529,ENGINEERING
PUB_023529,MATERIALS_SCIENCE
PUB_023530,ENGINEERING
PUB_023530,COMPUTER_SCIENCE
PUB_023531,COMPUTER_SCIENCE
PUB_023532,ENGINEERING
PUB_023532,COMPUTER_SCIENCE
PUB_023533,COMPUTER_SCIENCE
PUB_023534,ENGINEERING
PUB_023534,COMPUTER_SCIENCE
PUB_023535,ENGINEERING
PUB_023535,COMPUTER_SCIENCE
PUB_023536,ENGINEERING
PUB_023537,COMPUTER_SCIENCE
PUB_023538,ENGINEERING
PUB_023538,COMPUTER_SCIENCE
PUB_023539,ENGINEERING
PUB_023540,ENGINEERING
PUB_023540,MATERIALS_SCIENCE
PUB_023541,ENGINEERING
PUB_023541,COMPUTER_SCIENCE
PUB_023542,ENGINEERING
PUB_023543,ENGINEERING
PUB_023544,COMPUTER_SCIENCE
PUB_023545,ENGINEERING
PUB_023545,COMPUTER_SCIENCE
PUB_023546,ENGINEERING
PUB_023546,COMPUTER_SCIENCE
PUB_023547,ENGINEERING
PUB_023548,ENGINEERING
PUB_023549,ENGINEERING
PUB_023549,MATERIALS_SCIENCE
PUB_023550,ENGINEERING
PUB_023550,COMPUTER_SCIENCE
PUB_023551,ENGINEERING
PUB_023552,ENGINEERING
PUB_023552,COMPUTER_SCIENCE
PUB_023553,COMPUTER_SCIENCE
PUB_023554,ENGINEERING
PUB_023554,COMPUTER_SCIENCE
PUB_023555,COMPUTER_SCIENCE
PUB_023556,ENGINEERING
PUB_023556,COMPUTER_SCIENCE
PUB_023557,PHYSICS_AND_ASTRONOMY
PUB_023557,COMPUTER_SCIENCE
PUB_023558,COMPUTER_SCIENCE
PUB_023559,ENGINEERING
PUB_023559,MATERIALS_SCIENCE
PUB_023560,COMPUTER_SCIENCE
PUB_023561,COMPUTER_SCIENCE
PUB_023562,COMPUTER_SCIENCE
PUB_023563,ENGINEERING
PUB_023564,ENGINEERING
PUB_023564,MATERIALS_SCIENCE
PUB_023565,ENGINEERING
PUB_023566,ENGINEERING
PUB_023566,MATERIALS_SCIENCE
PUB_023567,ENGINEERING
PUB_023567,MATERIALS_SCIENCE
PUB_023568,ENGINEERING
PUB_023568,COMPUTER_SCIENCE
PUB_023569,COMPUTER_SCIENCE
PUB_023570,ENGINEERING
PUB_023571,COMPUTER_SCIENCE
PUB_023572,COMPUTER_SCIENCE
PUB_023573,ENGINEERING
PUB_023574,COMPUTER_SCIENCE
PUB_023575,ENGINEERING
PUB_023576,ENGINEERING
PUB_023576,PHYSICS_AND_ASTRONOMY
PUB_023576,COMPUTER_SCIENCE
PUB_023577,COMPUTER_SCIENCE
PUB_023578,ENGINEERING
PUB_023579,ENGINEERING
PUB_023580,COMPUTER_SCIENCE
PUB_023581,ENGINEERING
PUB_023582,COMPUTER_SCIENCE
PUB_023583,COMPUTER_SCIENCE
PUB_023584,ENGINEERING
PUB_023585,COMPUTER_SCIENCE
PUB_023586,ENGINEERING
PUB_023586,COMPUTER_SCIENCE
PUB_023587,COMPUTER_SCIENCE
PUB_023588,COMPUTER_SCIENCE
PUB_023589,COMPUTER_SCIENCE
PUB_023590,ENGINEERING
PUB_023590,COMPUTER_SCIENCE
PUB_023591,ENGINEERING
PUB_023592,ENGINEERING
PUB_023593,ENGINEERING
PUB_023593,ENERGY
PUB_023594,ENGINEERING
PUB_023595,ENGINEERING
PUB_023596,ENGINEERING
PUB_023597,COMPUTER_SCIENCE
PUB_023598,ENGINEERING
PUB_023598,MATERIALS_SCIENCE
PUB_023599,ENGINEERING
PUB_023600,ENGINEERING
PUB_023600,COMPUTER_SCIENCE
PUB_023601,ENGINEERING
PUB_023602,COMPUTER_SCIENCE
PUB_023603,COMPUTER_SCIENCE
PUB_023604,ENGINEERING
PUB_023604,COMPUTER_SCIENCE
PUB_023605,COMPUTER_SCIENCE
PUB_023606,ENGINEERING
PUB_023606,COMPUTER_SCIENCE
PUB_023607,ENGINEERING
PUB_023607,COMPUTER_SCIENCE
PUB_023608,COMPUTER_SCIENCE
PUB_023609,COMPUTER_SCIENCE
PUB_023610,COMPUTER_SCIENCE
PUB_023611,COMPUTER_SCIENCE
PUB_023612,COMPUTER_SCIENCE
PUB_023613,ENGINEERING
PUB_023614,ENGINEERING
PUB_023614,COMPUTER_SCIENCE
PUB_023615,COMPUTER_SCIENCE
PUB_023616,ENGINEERING
PUB_023616,COMPUTER_SCIENCE
PUB_023617,COMPUTER_SCIENCE
PUB_023618,COMPUTER_SCIENCE
PUB_023619,COMPUTER_SCIENCE
PUB_023620,ENGINEERING
PUB_023620,COMPUTER_SCIENCE
PUB_023621,ENGINEERING
PUB_023621,COMPUTER_SCIENCE
PUB_023622,ENGINEERING
PUB_023623,ENGINEERING
PUB_023623,COMPUTER_SCIENCE
PUB_023624,COMPUTER_SCIENCE
PUB_023625,ENGINEERING
PUB_023625,MATERIALS_SCIENCE
PUB_023626,COMPUTER_SCIENCE
PUB_023627,COMPUTER_SCIENCE
PUB_023628,COMPUTER_SCIENCE
PUB_023629,ENGINEERING
PUB_023629,COMPUTER_SCIENCE
PUB_023630,COMPUTER_SCIENCE
PUB_023631,ENGINEERING
PUB_023632,COMPUTER_SCIENCE
PUB_023633,COMPUTER_SCIENCE
PUB_023634,ENGINEERING
PUB_023634,COMPUTER_SCIENCE
PUB_023635,ENGINEERING
PUB_023636,COMPUTER_SCIENCE
PUB_023637,ENGINEERING
PUB_023637,COMPUTER_SCIENCE
PUB_023638,COMPUTER_SCIENCE
PUB_023639,ENGINEERING
PUB_023639,COMPUTER_SCIENCE
PUB_023640,ENGINEERING
PUB_023640,MATERIALS_SCIENCE
PUB_023641,ENGINEERING
PUB_023641,COMPUTER_SCIENCE
PUB_023642,COMPUTER_SCIENCE
PUB_023643,COMPUTER_SCIENCE
PUB_023644,ENGINEERING
PUB_023645,COMPUTER_SCIENCE
PUB_023646,COMPUTER_SCIENCE
PUB_023647,COMPUTER_SCIENCE
PUB_023648,ENGINEERING
PUB_023648,COMPUTER_SCIENCE
PUB_023649,COMPUTER_SCIENCE
PUB_023650,COMPUTER_SCIENCE
PUB_023651,ENGINEERING
PUB_023651,MATERIALS_SCIENCE
PUB_023652,COMPUTER_SCIENCE
PUB_023653,ENGINEERING
PUB_023654,ENGINEERING
PUB_023655,ENGINEERING
PUB_023655,COMPUTER_SCIENCE
PUB_023656,COMPUTER_SCIENCE
PUB_023657,COMPUTER_SCIENCE
PUB_023658,ENGINEERING
PUB_023658,COMPUTER_SCIENCE
PUB_023659,ENGINEERING
PUB_023659,COMPUTER_SCIENCE
PUB_023660,COMPUTER_SCIENCE
PUB_023661,ENGINEERING
PUB_023662,ENGINEERING
PUB_023663,ENGINEERING
PUB_023663,COMPUTER_SCIENCE
PUB_023664,ENGINEERING
PUB_023665,COMPUTER_SCIENCE
PUB_023666,ENGINEERING
PUB_023666,MATERIALS_SCIENCE
PUB_023667,ENGINEERING
PUB_023668,COMPUTER_SCIENCE
PUB_023669,COMPUTER_SCIENCE
PUB_023670,ENGINEERING
PUB_023671,COMPUTER_SCIENCE
PUB_023672,COMPUTER_SCIENCE
PUB_023673,COMPUTER_SCIENCE
PUB_023674,ENGINEERING
PUB_023674,COMPUTER_SCIENCE
PUB_023675,COMPUTER_SCIENCE
PUB_023676,ENGINEERING
PUB_023677,COMPUTER_SCIENCE
PUB_023678,COMPUTER_SCIENCE
PUB_023679,COMPUTER_SCIENCE
PUB_023680,COMPUTER_SCIENCE
PUB_023681,ENGINEERING
PUB_023682,COMPUTER_SCIENCE
PUB_023683,COMPUTER_SCIENCE
PUB_023684,COMPUTER_SCIENCE
PUB_023685,ENGINEERING
PUB_023686,COMPUTER_SCIENCE
PUB_023687,ENGINEERING
PUB_023687,COMPUTER_SCIENCE
PUB_023688,ENGINEERING
PUB_023688,COMPUTER_SCIENCE
PUB_023689,ENGINEERING
PUB_023690,ENGINEERING
PUB_023690,MATERIALS_SCIENCE
PUB_023691,ENGINEERING
PUB_023691,MATERIALS_SCIENCE
PUB_023692,ENGINEERING
PUB_023693,COMPUTER_SCIENCE
PUB_023694,ENGINEERING
PUB_023694,COMPUTER_SCIENCE
PUB_023695,COMPUTER_SCIENCE
PUB_023696,ENGINEERING
PUB_023696,PHYSICS_AND_ASTRONOMY
PUB_023697,ENGINEERING
PUB_023697,ENERGY
PUB_023698,ENGINEERING
PUB_023699,COMPUTER_SCIENCE
PUB_023700,ENGINEERING
PUB_023701,ENGINEERING
PUB_023702,COMPUTER_SCIENCE
PUB_023703,ENGINEERING
PUB_023703,COMPUTER_SCIENCE
PUB_023704,ENGINEERING
PUB_023704,COMPUTER_SCIENCE
PUB_023705,ENGINEERING
PUB_023705,COMPUTER_SCIENCE
PUB_023706,ENGINEERING
PUB_023706,COMPUTER_SCIENCE
PUB_023707,COMPUTER_SCIENCE
PUB_023708,COMPUTER_SCIENCE
PUB_023709,COMPUTER_SCIENCE
PUB_023710,ENGINEERING
PUB_023710,COMPUTER_SCIENCE
PUB_023711,COMPUTER_SCIENCE
PUB_023712,ENGINEERING
PUB_023713,ENGINEERING
PUB_023714,ENGINEERING
PUB_023714,COMPUTER_SCIENCE
PUB_023715,COMPUTER_SCIENCE
PUB_023716,COMPUTER_SCIENCE
PUB_023717,ENGINEERING
PUB_023717,COMPUTER_SCIENCE
PUB_023718,ENGINEERING
PUB_023719,ENGINEERING
PUB_023720,ENGINEERING
PUB_023720,MATERIALS_SCIENCE
PUB_023721,COMPUTER_SCIENCE
PUB_023722,ENGINEERING
PUB_023723,ENGINEERING
PUB_023724,ENGINEERING
PUB_023725,ENGINEERING
PUB_023726,ENGINEERING
PUB_023727,ENGINEERING
PUB_023728,ENGINEERING
PUB_023728,MATERIALS_SCIENCE
PUB_023729,ENGINEERING
PUB_023730,ENGINEERING
PUB_023731,ENGINEERING
PUB_023731,COMPUTER_SCIENCE
PUB_023732,ENGINEERING
PUB_023732,ENERGY
PUB_023733,MATHEMATICS
PUB_023733,COMPUTER_SCIENCE
PUB_023734,ENGINEERING
PUB_023734,COMPUTER_SCIENCE
PUB_023735,COMPUTER_SCIENCE
PUB_023736,ENGINEERING
PUB_023737,ENGINEERING
PUB_023737,COMPUTER_SCIENCE
PUB_023738,PHYSICS_AND_ASTRONOMY
PUB_023738,COMPUTER_SCIENCE
PUB_023739,PHYSICS_AND_ASTRONOMY
PUB_023739,COMPUTER_SCIENCE
PUB_023740,ENGINEERING
PUB_023741,COMPUTER_SCIENCE
PUB_023742,PHYSICS_AND_ASTRONOMY
PUB_023742,COMPUTER_SCIENCE
PUB_023743,PHYSICS_AND_ASTRONOMY
PUB_023743,COMPUTER_SCIENCE
PUB_023744,COMPUTER_SCIENCE
PUB_023745,ENGINEERING
PUB_023745,COMPUTER_SCIENCE
PUB_023746,COMPUTER_SCIENCE
PUB_023747,ENGINEERING
PUB_023747,COMPUTER_SCIENCE
PUB_023748,COMPUTER_SCIENCE
PUB_023749,ENGINEERING
PUB_023750,ENGINEERING
PUB_023750,COMPUTER_SCIENCE
PUB_023751,ENGINEERING
PUB_023752,COMPUTER_SCIENCE
PUB_023753,COMPUTER_SCIENCE
PUB_023754,ENGINEERING
PUB_023754,COMPUTER_SCIENCE
PUB_023755,COMPUTER_SCIENCE
PUB_023756,COMPUTER_SCIENCE
PUB_023757,COMPUTER_SCIENCE
PUB_023758,ENGINEERING
PUB_023759,ENGINEERING
PUB_023760,ENGINEERING
PUB_023761,ENGINEERING
PUB_023761,ENERGY
PUB_023762,COMPUTER_SCIENCE
PUB_023763,COMPUTER_SCIENCE
PUB_023764,COMPUTER_SCIENCE
PUB_023765,ENGINEERING
PUB_023766,PHYSICS_AND_ASTRONOMY
PUB_023766,COMPUTER_SCIENCE
PUB_023767,ENGINEERING
PUB_023767,MATERIALS_SCIENCE
PUB_023768,ENGINEERING
PUB_023768,MATERIALS_SCIENCE
PUB_023769,ENGINEERING
PUB_023770,ENGINEERING
PUB_023770,PHYSICS_AND_ASTRONOMY
PUB_023770,COMPUTER_SCIENCE
PUB_023771,ENGINEERING
PUB_023772,ENGINEERING
PUB_023772,COMPUTER_SCIENCE
PUB_023773,COMPUTER_SCIENCE
PUB_023774,COMPUTER_SCIENCE
PUB_023775,ENGINEERING
PUB_023776,ENGINEERING
PUB_023777,COMPUTER_SCIENCE
PUB_023778,ENGINEERING
PUB_023779,COMPUTER_SCIENCE
PUB_023780,MATHEMATICS
PUB_023780,MATERIALS_SCIENCE
PUB_023781,COMPUTER_SCIENCE
PUB_023782,PHYSICS_AND_ASTRONOMY
PUB_023782,COMPUTER_SCIENCE
PUB_023783,ENGINEERING
PUB_023783,ENERGY
PUB_023783,COMPUTER_SCIENCE
PUB_023784,COMPUTER_SCIENCE
PUB_023785,ENGINEERING
PUB_023786,ENGINEERING
PUB_023787,COMPUTER_SCIENCE
PUB_023788,COMPUTER_SCIENCE
PUB_023789,ENGINEERING
PUB_023789,COMPUTER_SCIENCE
PUB_023790,COMPUTER_SCIENCE
PUB_023791,ENGINEERING
PUB_023792,ENGINEERING
PUB_023792,COMPUTER_SCIENCE
PUB_023793,ENGINEERING
PUB_023793,COMPUTER_SCIENCE
PUB_023794,COMPUTER_SCIENCE
PUB_023795,COMPUTER_SCIENCE
PUB_023796,ENGINEERING
PUB_023796,MATERIALS_SCIENCE
PUB_023797,ENGINEERING
PUB_023798,ENGINEERING
PUB_023798,COMPUTER_SCIENCE
PUB_023799,ENGINEERING
PUB_023799,COMPUTER_SCIENCE
PUB_023800,ENGINEERING
PUB_023801,ENGINEERING
PUB_023801,PHYSICS_AND_ASTRONOMY
PUB_023801,COMPUTER_SCIENCE
PUB_023802,COMPUTER_SCIENCE
PUB_023803,ENGINEERING
PUB_023804,ENGINEERING
PUB_023804,MATERIALS_SCIENCE
PUB_023805,ENGINEERING
PUB_023806,ENGINEERING
PUB_023807,ENGINEERING
PUB_023808,ENGINEERING
PUB_023808,ENERGY
PUB_023808,MATERIALS_SCIENCE
PUB_023809,ENGINEERING
PUB_023809,COMPUTER_SCIENCE
PUB_023810,COMPUTER_SCIENCE
PUB_023811,COMPUTER_SCIENCE
PUB_023812,COMPUTER_SCIENCE
PUB_023813,COMPUTER_SCIENCE
PUB_023814,COMPUTER_SCIENCE
PUB_023815,ENGINEERING
PUB_023815,PHYSICS_AND_ASTRONOMY
PUB_023816,PHYSICS_AND_ASTRONOMY
PUB_023816,COMPUTER_SCIENCE
PUB_023817,MATHEMATICS
PUB_023817,PHYSICS_AND_ASTRONOMY
PUB_023818,COMPUTER_SCIENCE
PUB_023819,COMPUTER_SCIENCE
PUB_023820,ENGINEERING
PUB_023821,ENGINEERING
PUB_023821,COMPUTER_SCIENCE
PUB_023822,ENGINEERING
PUB_023823,COMPUTER_SCIENCE
PUB_023824,COMPUTER_SCIENCE
PUB_023825,PHYSICS_AND_ASTRONOMY
PUB_023825,COMPUTER_SCIENCE
PUB_023826,PHYSICS_AND_ASTRONOMY
PUB_023826,COMPUTER_SCIENCE
PUB_023827,COMPUTER_SCIENCE
PUB_023828,COMPUTER_SCIENCE
PUB_023829,COMPUTER_SCIENCE
PUB_023830,ENGINEERING
PUB_023831,ENGINEERING
PUB_023832,COMPUTER_SCIENCE
PUB_023833,ENGINEERING
PUB_023834,COMPUTER_SCIENCE
PUB_023835,ENGINEERING
PUB_023836,ENGINEERING
PUB_023837,ENGINEERING
PUB_023837,COMPUTER_SCIENCE
PUB_023838,ENGINEERING
PUB_023838,MATERIALS_SCIENCE
PUB_023839,COMPUTER_SCIENCE
PUB_023840,ENGINEERING
PUB_023841,COMPUTER_SCIENCE
PUB_023842,ENGINEERING
PUB_023842,COMPUTER_SCIENCE
PUB_023843,ENGINEERING
PUB_023844,ENGINEERING
PUB_023844,COMPUTER_SCIENCE
PUB_023845,ENGINEERING
PUB_023845,COMPUTER_SCIENCE
PUB_023846,COMPUTER_SCIENCE
PUB_023847,ENGINEERING
PUB_023848,COMPUTER_SCIENCE
PUB_023849,COMPUTER_SCIENCE
PUB_023850,COMPUTER_SCIENCE
PUB_023851,ENGINEERING
PUB_023851,MATERIALS_SCIENCE
PUB_023852,ENGINEERING
PUB_023853,COMPUTER_SCIENCE
PUB_023854,ENGINEERING
PUB_023854,COMPUTER_SCIENCE
PUB_023855,COMPUTER_SCIENCE
PUB_023856,ENGINEERING
PUB_023856,COMPUTER_SCIENCE
PUB_023857,COMPUTER_SCIENCE
PUB_023858,ENGINEERING
PUB_023858,COMPUTER_SCIENCE
PUB_023859,COMPUTER_SCIENCE
PUB_023860,COMPUTER_SCIENCE
PUB_023861,ENGINEERING
PUB_023861,COMPUTER_SCIENCE
PUB_023862,ENGINEERING
PUB_023862,COMPUTER_SCIENCE
PUB_023863,ENGINEERING
PUB_023864,COMPUTER_SCIENCE
PUB_023865,MATHEMATICS
PUB_023866,ENGINEERING
PUB_023866,COMPUTER_SCIENCE
PUB_023867,COMPUTER_SCIENCE
PUB_023868,ENGINEERING
PUB_023869,ENGINEERING
PUB_023870,ENGINEERING
PUB_023870,COMPUTER_SCIENCE
PUB_023871,ENGINEERING
PUB_023871,COMPUTER_SCIENCE
PUB_023872,COMPUTER_SCIENCE
PUB_023873,ENGINEERING
PUB_023873,MATERIALS_SCIENCE
PUB_023874,COMPUTER_SCIENCE
PUB_023875,COMPUTER_SCIENCE
PUB_023876,COMPUTER_SCIENCE
PUB_023877,ENGINEERING
PUB_023877,COMPUTER_SCIENCE
PUB_023878,ENGINEERING
PUB_023879,ENGINEERING
PUB_023879,COMPUTER_SCIENCE
PUB_023880,COMPUTER_SCIENCE
PUB_023881,ENGINEERING
PUB_023881,COMPUTER_SCIENCE
PUB_023882,ENGINEERING
PUB_023882,COMPUTER_SCIENCE
PUB_023883,ENGINEERING
PUB_023884,ENGINEERING
PUB_023885,ENGINEERING
PUB_023885,COMPUTER_SCIENCE
PUB_023886,COMPUTER_SCIENCE
PUB_023887,COMPUTER_SCIENCE
PUB_023888,COMPUTER_SCIENCE
PUB_023889,COMPUTER_SCIENCE
PUB_023890,ENGINEERING
PUB_023890,MATERIALS_SCIENCE
PUB_023891,ENGINEERING
PUB_023892,COMPUTER_SCIENCE
PUB_023893,ENGINEERING
PUB_023894,ENGINEERING
PUB_023894,MATERIALS_SCIENCE
PUB_023895,COMPUTER_SCIENCE
PUB_023896,ENGINEERING
PUB_023896,ENERGY
PUB_023897,ENGINEERING
PUB_023897,COMPUTER_SCIENCE
PUB_023898,ENGINEERING
PUB_023899,ENGINEERING
PUB_023899,COMPUTER_SCIENCE
PUB_023900,ENGINEERING
PUB_023901,ENGINEERING
PUB_023902,MATHEMATICS
PUB_023902,COMPUTER_SCIENCE
PUB_023903,COMPUTER_SCIENCE
PUB_023904,COMPUTER_SCIENCE
PUB_023905,ENGINEERING
PUB_023906,PHYSICS_AND_ASTRONOMY
PUB_023906,COMPUTER_SCIENCE
PUB_023907,ENGINEERING
PUB_023908,ENGINEERING
PUB_023909,ENGINEERING
PUB_023909,COMPUTER_SCIENCE
PUB_023910,COMPUTER_SCIENCE
PUB_023911,COMPUTER_SCIENCE
PUB_023912,ENGINEERING
PUB_023913,ENGINEERING
PUB_023913,MATERIALS_SCIENCE
PUB_023914,ENGINEERING
PUB_023914,COMPUTER_SCIENCE
PUB_023915,COMPUTER_SCIENCE
PUB_023916,ENGINEERING
PUB_023916,COMPUTER_SCIENCE
PUB_023917,COMPUTER_SCIENCE
PUB_023918,COMPUTER_SCIENCE
PUB_023919,COMPUTER_SCIENCE
PUB_023920,ENGINEERING
PUB_023921,COMPUTER_SCIENCE
PUB_023922,COMPUTER_SCIENCE
PUB_023923,ENGINEERING
PUB_023924,COMPUTER_SCIENCE
PUB_023925,COMPUTER_SCIENCE
PUB_023926,ENGINEERING
PUB_023927,COMPUTER_SCIENCE
PUB_023928,ENGINEERING
PUB_023929,COMPUTER_SCIENCE
PUB_023930,ENGINEERING
PUB_023930,COMPUTER_SCIENCE
PUB_023931,ENGINEERING
PUB_023932,ENGINEERING
PUB_023932,MATERIALS_SCIENCE
PUB_023933,ENGINEERING
PUB_023934,COMPUTER_SCIENCE
PUB_023935,COMPUTER_SCIENCE
PUB_023936,COMPUTER_SCIENCE
PUB_023937,ENGINEERING
PUB_023937,COMPUTER_SCIENCE
PUB_023938,COMPUTER_SCIENCE
PUB_023939,ENGINEERING
PUB_023940,ENGINEERING
PUB_023940,COMPUTER_SCIENCE
PUB_023941,ENGINEERING
PUB_023941,COMPUTER_SCIENCE
PUB_023942,ENGINEERING
PUB_023942,COMPUTER_SCIENCE
PUB_023943,COMPUTER_SCIENCE
PUB_023944,ENGINEERING
PUB_023945,ENGINEERING
PUB_023945,COMPUTER_SCIENCE
PUB_023946,ENGINEERING
PUB_023947,ENGINEERING
PUB_023948,ENGINEERING
PUB_023949,COMPUTER_SCIENCE
PUB_023950,ENGINEERING
PUB_023950,COMPUTER_SCIENCE
PUB_023951,ENGINEERING
PUB_023951,MATERIALS_SCIENCE
PUB_023952,ENGINEERING
PUB_023953,ENGINEERING
PUB_023954,ENGINEERING
PUB_023954,COMPUTER_SCIENCE
PUB_023955,COMPUTER_SCIENCE
PUB_023956,ENGINEERING
PUB_023957,COMPUTER_SCIENCE
PUB_023958,ENGINEERING
PUB_023958,COMPUTER_SCIENCE
PUB_023959,COMPUTER_SCIENCE
PUB_023960,PHYSICS_AND_ASTRONOMY
PUB_023960,COMPUTER_SCIENCE
PUB_023961,ENGINEERING
PUB_023961,PHYSICS_AND_ASTRONOMY
PUB_023962,COMPUTER_SCIENCE
PUB_023963,COMPUTER_SCIENCE
PUB_023964,ENGINEERING
PUB_023964,COMPUTER_SCIENCE
PUB_023965,COMPUTER_SCIENCE
PUB_023966,ENGINEERING
PUB_023967,COMPUTER_SCIENCE
PUB_023968,ENGINEERING
PUB_023968,PHYSICS_AND_ASTRONOMY
PUB_023969,ENGINEERING
PUB_023969,COMPUTER_SCIENCE
PUB_023970,ENGINEERING
PUB_023970,COMPUTER_SCIENCE
PUB_023971,COMPUTER_SCIENCE
PUB_023972,COMPUTER_SCIENCE
PUB_023973,COMPUTER_SCIENCE
PUB_023974,COMPUTER_SCIENCE
PUB_023975,COMPUTER_SCIENCE
PUB_023976,ENGINEERING
PUB_023977,ENGINEERING
PUB_023977,COMPUTER_SCIENCE
PUB_023978,ENGINEERING
PUB_023978,COMPUTER_SCIENCE
PUB_023979,ENGINEERING
PUB_023979,COMPUTER_SCIENCE
PUB_023980,ENGINEERING
PUB_023981,COMPUTER_SCIENCE
PUB_023982,ENGINEERING
PUB_023983,ENGINEERING
PUB_023983,COMPUTER_SCIENCE
PUB_023984,ENGINEERING
PUB_023985,COMPUTER_SCIENCE
PUB_023986,COMPUTER_SCIENCE
PUB_023987,COMPUTER_SCIENCE
PUB_023988,COMPUTER_SCIENCE
PUB_023989,COMPUTER_SCIENCE
PUB_023990,COMPUTER_SCIENCE
PUB_023991,COMPUTER_SCIENCE
PUB_023992,COMPUTER_SCIENCE
PUB_023993,ENGINEERING
PUB_023993,COMPUTER_SCIENCE
PUB_023994,COMPUTER_SCIENCE
PUB_023995,ENGINEERING
PUB_023995,COMPUTER_SCIENCE
PUB_023996,ENGINEERING
PUB_023997,ENGINEERING
PUB_023998,ENGINEERING
PUB_023998,COMPUTER_SCIENCE
PUB_023999,COMPUTER_SCIENCE
PUB_024000,COMPUTER_SCIENCE
PUB_024001,COMPUTER_SCIENCE
PUB_024002,COMPUTER_SCIENCE
PUB_024003,ENGINEERING
PUB_024004,ENGINEERING
PUB_024004,COMPUTER_SCIENCE
PUB_024005,ENGINEERING
PUB_024005,COMPUTER_SCIENCE
PUB_024006,ENGINEERING
PUB_024006,ENERGY
PUB_024007,ENGINEERING
PUB_024008,ENGINEERING
PUB_024009,ENGINEERING
PUB_024010,COMPUTER_SCIENCE
PUB_024011,ENGINEERING
PUB_024011,COMPUTER_SCIENCE
PUB_024012,ENGINEERING
PUB_024013,ENGINEERING
PUB_024013,PHYSICS_AND_ASTRONOMY
PUB_024014,ENGINEERING
PUB_024014,COMPUTER_SCIENCE
PUB_024015,ENGINEERING
PUB_024015,COMPUTER_SCIENCE
PUB_024016,COMPUTER_SCIENCE
PUB_024016,MATERIALS_SCIENCE
PUB_024017,ENGINEERING
PUB_024017,COMPUTER_SCIENCE
PUB_024018,ENGINEERING
PUB_024018,MATERIALS_SCIENCE
PUB_024019,COMPUTER_SCIENCE
PUB_024020,MATHEMATICS
PUB_024020,COMPUTER_SCIENCE
PUB_024021,ENGINEERING
PUB_024021,MATERIALS_SCIENCE
PUB_024022,COMPUTER_SCIENCE
PUB_024023,ENGINEERING
PUB_024024,COMPUTER_SCIENCE
PUB_024025,ENGINEERING
PUB_024026,COMPUTER_SCIENCE
PUB_024027,COMPUTER_SCIENCE
PUB_024028,ENGINEERING
PUB_024028,MATERIALS_SCIENCE
PUB_024029,COMPUTER_SCIENCE
PUB_024030,COMPUTER_SCIENCE
PUB_024031,COMPUTER_SCIENCE
PUB_024032,ENGINEERING
PUB_024033,ENGINEERING
PUB_024033,COMPUTER_SCIENCE
PUB_024034,ENGINEERING
PUB_024035,ENGINEERING
PUB_024036,ENGINEERING
PUB_024037,COMPUTER_SCIENCE
PUB_024038,ENGINEERING
PUB_024038,PHYSICS_AND_ASTRONOMY
PUB_024038,COMPUTER_SCIENCE
PUB_024039,ENGINEERING
PUB_024039,COMPUTER_SCIENCE
PUB_024040,ENGINEERING
PUB_024040,COMPUTER_SCIENCE
PUB_024041,ENGINEERING
PUB_024042,ENGINEERING
PUB_024042,COMPUTER_SCIENCE
PUB_024043,ENGINEERING
PUB_024044,COMPUTER_SCIENCE
PUB_024045,COMPUTER_SCIENCE
PUB_024046,COMPUTER_SCIENCE
PUB_024047,COMPUTER_SCIENCE
PUB_024048,COMPUTER_SCIENCE
PUB_024049,COMPUTER_SCIENCE
PUB_024050,ENGINEERING
PUB_024050,COMPUTER_SCIENCE
PUB_024051,ENGINEERING
PUB_024052,ENGINEERING
PUB_024053,ENGINEERING
PUB_024054,ENGINEERING
PUB_024054,COMPUTER_SCIENCE
PUB_024055,COMPUTER_SCIENCE
PUB_024056,COMPUTER_SCIENCE
PUB_024057,ENGINEERING
PUB_024058,COMPUTER_SCIENCE
PUB_024059,ENGINEERING
PUB_024059,MATERIALS_SCIENCE
PUB_024060,ENGINEERING
PUB_024060,COMPUTER_SCIENCE
PUB_024061,ENGINEERING
PUB_024062,ENGINEERING
PUB_024062,MATERIALS_SCIENCE
PUB_024063,COMPUTER_SCIENCE
PUB_024064,COMPUTER_SCIENCE
PUB_024065,COMPUTER_SCIENCE
PUB_024066,ENGINEERING
PUB_024067,COMPUTER_SCIENCE
PUB_024068,COMPUTER_SCIENCE
PUB_024069,ENGINEERING
PUB_024069,PHYSICS_AND_ASTRONOMY
PUB_024070,ENGINEERING
PUB_024070,COMPUTER_SCIENCE
PUB_024071,COMPUTER_SCIENCE
PUB_024072,ENGINEERING
PUB_024072,COMPUTER_SCIENCE
PUB_024073,ENGINEERING
PUB_024074,ENGINEERING
PUB_024074,COMPUTER_SCIENCE
PUB_024075,ENGINEERING
PUB_024076,COMPUTER_SCIENCE
PUB_024077,ENGINEERING
PUB_024077,COMPUTER_SCIENCE
PUB_024078,ENGINEERING
PUB_024079,COMPUTER_SCIENCE
PUB_024080,ENGINEERING
PUB_024080,COMPUTER_SCIENCE
PUB_024081,COMPUTER_SCIENCE
PUB_024082,ENGINEERING
PUB_024083,ENGINEERING
PUB_024084,COMPUTER_SCIENCE
PUB_024085,COMPUTER_SCIENCE
PUB_024086,COMPUTER_SCIENCE
PUB_024087,COMPUTER_SCIENCE
PUB_024088,ENGINEERING
PUB_024088,COMPUTER_SCIENCE
PUB_024089,ENGINEERING
PUB_024089,COMPUTER_SCIENCE
PUB_024090,ENGINEERING
PUB_024091,ENGINEERING
PUB_024092,ENGINEERING
PUB_024093,COMPUTER_SCIENCE
PUB_024094,COMPUTER_SCIENCE
PUB_024095,ENGINEERING
PUB_024096,ENGINEERING
PUB_024096,COMPUTER_SCIENCE
PUB_024097,ENGINEERING
PUB_024098,ENGINEERING
PUB_024098,COMPUTER_SCIENCE
PUB_024099,MATHEMATICS
PUB_024100,COMPUTER_SCIENCE
PUB_024101,COMPUTER_SCIENCE
PUB_024102,COMPUTER_SCIENCE
PUB_024103,COMPUTER_SCIENCE
PUB_024104,ENGINEERING
PUB_024105,ENGINEERING
PUB_024106,ENGINEERING
PUB_024107,COMPUTER_SCIENCE
PUB_024108,COMPUTER_SCIENCE
PUB_024109,ENGINEERING
PUB_024110,ENGINEERING
PUB_024110,COMPUTER_SCIENCE
PUB_024111,ENGINEERING
PUB_024111,ENERGY
PUB_024111,MATERIALS_SCIENCE
PUB_024112,ENGINEERING
PUB_024113,ENGINEERING
PUB_024113,COMPUTER_SCIENCE
PUB_024114,COMPUTER_SCIENCE
PUB_024115,COMPUTER_SCIENCE
PUB_024116,COMPUTER_SCIENCE
PUB_024117,ENGINEERING
PUB_024118,ENGINEERING
PUB_024119,ENGINEERING
PUB_024120,COMPUTER_SCIENCE
PUB_024121,ENGINEERING
PUB_024122,COMPUTER_SCIENCE
PUB_024123,ENGINEERING
PUB_024124,COMPUTER_SCIENCE
PUB_024125,ENGINEERING
PUB_024126,COMPUTER_SCIENCE
PUB_024127,COMPUTER_SCIENCE
PUB_024128,ENGINEERING
PUB_024129,ENGINEERING
PUB_024129,COMPUTER_SCIENCE
PUB_024130,ENGINEERING
PUB_024131,ENGINEERING
PUB_024132,ENGINEERING
PUB_024133,COMPUTER_SCIENCE
PUB_024134,COMPUTER_SCIENCE
PUB_024135,ENGINEERING
PUB_024136,COMPUTER_SCIENCE
PUB_024137,COMPUTER_SCIENCE
PUB_024138,ENGINEERING
PUB_024138,COMPUTER_SCIENCE
PUB_024139,COMPUTER_SCIENCE
PUB_024140,ENGINEERING
PUB_024140,COMPUTER_SCIENCE
PUB_024141,ENGINEERING
PUB_024142,ENGINEERING
PUB_024143,COMPUTER_SCIENCE
PUB_024144,COMPUTER_SCIENCE
PUB_024145,COMPUTER_SCIENCE
PUB_024146,ENGINEERING
PUB_024147,ENGINEERING
PUB_024148,ENGINEERING
PUB_024148,ENERGY
PUB_024149,COMPUTER_SCIENCE
PUB_024150,COMPUTER_SCIENCE
PUB_024151,ENGINEERING
PUB_024151,COMPUTER_SCIENCE
PUB_024152,COMPUTER_SCIENCE
PUB_024153,ENGINEERING
PUB_024153,COMPUTER_SCIENCE
PUB_024154,ENGINEERING
PUB_024154,PHYSICS_AND_ASTRONOMY
PUB_024154,MATERIALS_SCIENCE
PUB_024155,COMPUTER_SCIENCE
PUB_024156,ENGINEERING
PUB_024157,COMPUTER_SCIENCE
PUB_024158,COMPUTER_SCIENCE
PUB_024159,ENGINEERING
PUB_024160,COMPUTER_SCIENCE
PUB_024161,COMPUTER_SCIENCE
PUB_024162,ENGINEERING
PUB_024162,MATERIALS_SCIENCE
PUB_024163,COMPUTER_SCIENCE
PUB_024164,COMPUTER_SCIENCE
PUB_024165,COMPUTER_SCIENCE
PUB_024166,ENGINEERING
PUB_024166,COMPUTER_SCIENCE
PUB_024167,ENGINEERING
PUB_024167,PHYSICS_AND_ASTRONOMY
PUB_024168,COMPUTER_SCIENCE
PUB_024169,PHYSICS_AND_ASTRONOMY
PUB_024169,COMPUTER_SCIENCE
PUB_024170,ENGINEERING
PUB_024171,COMPUTER_SCIENCE
PUB_024172,ENGINEERING
PUB_024173,ENGINEERING
PUB_024174,ENGINEERING
PUB_024174,PHYSICS_AND_ASTRONOMY
PUB_024174,COMPUTER_SCIENCE
PUB_024175,ENGINEERING
PUB_024175,COMPUTER_SCIENCE
PUB_024176,ENGINEERING
PUB_024177,ENGINEERING
PUB_024178,COMPUTER_SCIENCE
PUB_024179,COMPUTER_SCIENCE
PUB_024180,ENGINEERING
PUB_024181,ENGINEERING
PUB_024181,COMPUTER_SCIENCE
PUB_024182,ENGINEERING
PUB_024182,COMPUTER_SCIENCE
PUB_024183,ENGINEERING
PUB_024183,COMPUTER_SCIENCE
PUB_024184,ENGINEERING
PUB_024184,COMPUTER_SCIENCE
PUB_024185,ENGINEERING
PUB_024186,COMPUTER_SCIENCE
PUB_024187,COMPUTER_SCIENCE
PUB_024188,COMPUTER_SCIENCE
PUB_024189,ENGINEERING
PUB_024190,COMPUTER_SCIENCE
PUB_024191,ENGINEERING
PUB_024192,ENGINEERING
PUB_024193,ENGINEERING
PUB_024194,ENGINEERING
PUB_024195,ENGINEERING
PUB_024195,MATERIALS_SCIENCE
PUB_024196,COMPUTER_SCIENCE
PUB_024197,ENGINEERING
PUB_024198,ENGINEERING
PUB_024198,COMPUTER_SCIENCE
PUB_024199,ENGINEERING
PUB_024199,COMPUTER_SCIENCE
PUB_024200,MATHEMATICS
PUB_024201,COMPUTER_SCIENCE
PUB_024202,ENGINEERING
PUB_024202,COMPUTER_SCIENCE
PUB_024203,ENGINEERING
PUB_024203,ENERGY
PUB_024204,ENGINEERING
PUB_024205,COMPUTER_SCIENCE
PUB_024206,PHYSICS_AND_ASTRONOMY
PUB_024206,COMPUTER_SCIENCE
PUB_024207,ENGINEERING
PUB_024208,ENGINEERING
PUB_024208,COMPUTER_SCIENCE
PUB_024209,ENGINEERING
PUB_024209,COMPUTER_SCIENCE
PUB_024210,COMPUTER_SCIENCE
PUB_024211,ENGINEERING
PUB_024212,ENGINEERING
PUB_024213,COMPUTER_SCIENCE
PUB_024214,ENGINEERING
PUB_024215,COMPUTER_SCIENCE
PUB_024216,COMPUTER_SCIENCE
PUB_024217,ENGINEERING
PUB_024218,ENGINEERING
PUB_024219,ENGINEERING
PUB_024219,MATERIALS_SCIENCE
PUB_024220,ENGINEERING
PUB_024221,ENGINEERING
PUB_024221,COMPUTER_SCIENCE
PUB_024222,ENGINEERING
PUB_024223,COMPUTER_SCIENCE
PUB_024224,ENGINEERING
PUB_024225,ENGINEERING
PUB_024225,COMPUTER_SCIENCE
PUB_024226,ENGINEERING
PUB_024226,COMPUTER_SCIENCE
PUB_024227,ENGINEERING
PUB_024227,COMPUTER_SCIENCE
PUB_024228,MATHEMATICS
PUB_024228,COMPUTER_SCIENCE
PUB_024229,ENGINEERING
PUB_024229,COMPUTER_SCIENCE
PUB_024230,ENGINEERING
PUB_024230,MATERIALS_SCIENCE
PUB_024231,ENGINEERING
PUB_024231,ENERGY
PUB_024232,ENGINEERING
PUB_024233,ENGINEERING
PUB_024233,PHYSICS_AND_ASTRONOMY
PUB_024234,COMPUTER_SCIENCE
PUB_024235,ENGINEERING
PUB_024235,COMPUTER_SCIENCE
PUB_024236,COMPUTER_SCIENCE
PUB_024237,COMPUTER_SCIENCE
PUB_024238,ENGINEERING
PUB_024239,ENGINEERING
PUB_024239,COMPUTER_SCIENCE
PUB_024240,COMPUTER_SCIENCE
PUB_024241,COMPUTER_SCIENCE
PUB_024242,COMPUTER_SCIENCE
PUB_024243,ENGINEERING
PUB_024244,ENGINEERING
PUB_024244,COMPUTER_SCIENCE
PUB_024245,COMPUTER_SCIENCE
PUB_024246,ENGINEERING
PUB_024247,MATHEMATICS
PUB_024247,COMPUTER_SCIENCE
PUB_024248,COMPUTER_SCIENCE
PUB_024249,ENGINEERING
PUB_024250,ENGINEERING
PUB_024250,COMPUTER_SCIENCE
PUB_024251,ENGINEERING
PUB_024251,COMPUTER_SCIENCE
PUB_024252,COMPUTER_SCIENCE
PUB_024253,COMPUTER_SCIENCE
PUB_024254,ENGINEERING
PUB_024254,COMPUTER_SCIENCE
PUB_024255,ENGINEERING
PUB_024256,COMPUTER_SCIENCE
PUB_024257,ENGINEERING
PUB_024258,COMPUTER_SCIENCE
PUB_024259,ENGINEERING
PUB_024259,COMPUTER_SCIENCE
PUB_024260,ENGINEERING
PUB_024260,COMPUTER_SCIENCE
PUB_024261,COMPUTER_SCIENCE
PUB_024262,ENGINEERING
PUB_024262,ENERGY
PUB_024263,COMPUTER_SCIENCE
PUB_024264,MATHEMATICS
PUB_024264,COMPUTER_SCIENCE
PUB_024265,ENGINEERING
PUB_024266,COMPUTER_SCIENCE
PUB_024267,COMPUTER_SCIENCE
PUB_024268,ENGINEERING
PUB_024269,MATHEMATICS
PUB_024270,ENGINEERING
PUB_024271,COMPUTER_SCIENCE
PUB_024272,COMPUTER_SCIENCE
PUB_024273,COMPUTER_SCIENCE
PUB_024274,ENGINEERING
PUB_024274,COMPUTER_SCIENCE
PUB_024275,COMPUTER_SCIENCE
PUB_024276,COMPUTER_SCIENCE
PUB_024277,ENGINEERING
PUB_024278,COMPUTER_SCIENCE
PUB_024279,COMPUTER_SCIENCE
PUB_024280,MATHEMATICS
PUB_024280,COMPUTER_SCIENCE
PUB_024281,COMPUTER_SCIENCE
PUB_024282,COMPUTER_SCIENCE
PUB_024283,ENGINEERING
PUB_024283,COMPUTER_SCIENCE
PUB_024284,ENGINEERING
PUB_024284,COMPUTER_SCIENCE
PUB_024285,COMPUTER_SCIENCE
PUB_024286,ENGINEERING
PUB_024286,COMPUTER_SCIENCE
PUB_024287,ENGINEERING
PUB_024287,COMPUTER_SCIENCE
PUB_024288,ENGINEERING
PUB_024288,COMPUTER_SCIENCE
PUB_024289,ENGINEERING
PUB_024289,PHYSICS_AND_ASTRONOMY
PUB_024290,ENGINEERING
PUB_024291,COMPUTER_SCIENCE
PUB_024292,COMPUTER_SCIENCE
PUB_024293,ENGINEERING
PUB_024293,COMPUTER_SCIENCE
PUB_024294,COMPUTER_SCIENCE
PUB_024295,COMPUTER_SCIENCE
PUB_024296,ENGINEERING
PUB_024297,ENGINEERING
PUB_024297,COMPUTER_SCIENCE
PUB_024298,ENGINEERING
PUB_024298,PHYSICS_AND_ASTRONOMY
PUB_024299,ENGINEERING
PUB_024300,COMPUTER_SCIENCE
PUB_024301,COMPUTER_SCIENCE
PUB_024302,ENGINEERING
PUB_024302,COMPUTER_SCIENCE
PUB_024303,ENGINEERING
PUB_024303,COMPUTER_SCIENCE
PUB_024304,ENGINEERING
PUB_024305,COMPUTER_SCIENCE
PUB_024306,COMPUTER_SCIENCE
PUB_024307,ENGINEERING
PUB_024307,COMPUTER_SCIENCE
PUB_024308,ENGINEERING
PUB_024308,PHYSICS_AND_ASTRONOMY
PUB_024309,ENGINEERING
PUB_024310,ENGINEERING
PUB_024310,COMPUTER_SCIENCE
PUB_024311,COMPUTER_SCIENCE
PUB_024312,COMPUTER_SCIENCE
PUB_024313,COMPUTER_SCIENCE
PUB_024314,COMPUTER_SCIENCE
PUB_024315,COMPUTER_SCIENCE
PUB_024316,COMPUTER_SCIENCE
PUB_024317,ENGINEERING
PUB_024318,ENGINEERING
PUB_024318,ENERGY
PUB_024319,ENGINEERING
PUB_024320,ENGINEERING
PUB_024320,COMPUTER_SCIENCE
PUB_024321,ENGINEERING
PUB_024321,MATERIALS_SCIENCE
PUB_024322,ENGINEERING
PUB_024322,MATERIALS_SCIENCE
PUB_024323,ENGINEERING
PUB_024323,MATERIALS_SCIENCE
PUB_024324,ENGINEERING
PUB_024324,MATERIALS_SCIENCE
PUB_024325,ENGINEERING
PUB_024326,ENGINEERING
PUB_024326,MATERIALS_SCIENCE
PUB_024327,ENGINEERING
PUB_024328,ENGINEERING
PUB_024329,COMPUTER_SCIENCE
PUB_024330,COMPUTER_SCIENCE
PUB_024331,COMPUTER_SCIENCE
PUB_024332,ENGINEERING
PUB_024332,COMPUTER_SCIENCE
PUB_024333,ENGINEERING
PUB_024333,PHYSICS_AND_ASTRONOMY
PUB_024334,ENGINEERING
PUB_024335,ENGINEERING
PUB_024335,COMPUTER_SCIENCE
PUB_024336,ENGINEERING
PUB_024337,ENGINEERING
PUB_024338,MATHEMATICS
PUB_024338,ENGINEERING
PUB_024339,ENGINEERING
PUB_024340,ENGINEERING
PUB_024341,ENGINEERING
PUB_024342,ENGINEERING
PUB_024343,ENGINEERING
PUB_024344,ENGINEERING
PUB_024345,ENGINEERING
PUB_024345,MATERIALS_SCIENCE
PUB_024346,ENGINEERING
PUB_024346,COMPUTER_SCIENCE
PUB_024347,COMPUTER_SCIENCE
PUB_024348,COMPUTER_SCIENCE
PUB_024349,COMPUTER_SCIENCE
PUB_024350,COMPUTER_SCIENCE
PUB_024351,PHYSICS_AND_ASTRONOMY
PUB_024351,COMPUTER_SCIENCE
PUB_024352,ENGINEERING
PUB_024352,COMPUTER_SCIENCE
PUB_024353,ENGINEERING
PUB_024354,ENGINEERING
PUB_024354,COMPUTER_SCIENCE
PUB_024355,ENGINEERING
PUB_024355,MATERIALS_SCIENCE
PUB_024356,ENGINEERING
PUB_024357,COMPUTER_SCIENCE
PUB_024358,ENGINEERING
PUB_024359,COMPUTER_SCIENCE
PUB_024360,COMPUTER_SCIENCE
PUB_024361,COMPUTER_SCIENCE
PUB_024362,ENGINEERING
PUB_024363,ENGINEERING
PUB_024363,COMPUTER_SCIENCE
PUB_024364,COMPUTER_SCIENCE
PUB_024365,ENGINEERING
PUB_024365,COMPUTER_SCIENCE
PUB_024366,COMPUTER_SCIENCE
PUB_024367,ENGINEERING
PUB_024368,COMPUTER_SCIENCE
PUB_024369,ENGINEERING
PUB_024370,ENGINEERING
PUB_024370,COMPUTER_SCIENCE
PUB_024371,ENGINEERING
PUB_024372,ENGINEERING
PUB_024373,ENGINEERING
PUB_024374,COMPUTER_SCIENCE
PUB_024375,COMPUTER_SCIENCE
PUB_024376,ENGINEERING
PUB_024376,COMPUTER_SCIENCE
PUB_024377,PHYSICS_AND_ASTRONOMY
PUB_024377,COMPUTER_SCIENCE
PUB_024378,ENGINEERING
PUB_024379,ENGINEERING
PUB_024380,ENGINEERING
PUB_024380,MATERIALS_SCIENCE
PUB_024381,ENGINEERING
PUB_024381,COMPUTER_SCIENCE
PUB_024382,ENGINEERING
PUB_024382,COMPUTER_SCIENCE
PUB_024383,COMPUTER_SCIENCE
PUB_024384,ENGINEERING
PUB_024385,ENGINEERING
PUB_024385,COMPUTER_SCIENCE
PUB_024386,ENGINEERING
PUB_024386,COMPUTER_SCIENCE
PUB_024387,COMPUTER_SCIENCE
PUB_024388,COMPUTER_SCIENCE
PUB_024389,COMPUTER_SCIENCE
PUB_024390,ENGINEERING
PUB_024390,COMPUTER_SCIENCE
PUB_024391,COMPUTER_SCIENCE
PUB_024392,ENGINEERING
PUB_024393,COMPUTER_SCIENCE
PUB_024394,COMPUTER_SCIENCE
PUB_024395,ENGINEERING
PUB_024396,ENGINEERING
PUB_024396,COMPUTER_SCIENCE
PUB_024397,COMPUTER_SCIENCE
PUB_024398,COMPUTER_SCIENCE
PUB_024399,COMPUTER_SCIENCE
PUB_024400,ENGINEERING
PUB_024401,ENGINEERING
PUB_024402,COMPUTER_SCIENCE
PUB_024403,COMPUTER_SCIENCE
PUB_024404,ENGINEERING
PUB_024404,MATERIALS_SCIENCE
PUB_024405,ENGINEERING
PUB_024405,COMPUTER_SCIENCE
PUB_024406,COMPUTER_SCIENCE
PUB_024407,ENGINEERING
PUB_024408,ENGINEERING
PUB_024409,ENGINEERING
PUB_024410,ENGINEERING
PUB_024411,COMPUTER_SCIENCE
PUB_024412,ENGINEERING
PUB_024413,COMPUTER_SCIENCE
PUB_024414,COMPUTER_SCIENCE
PUB_024415,COMPUTER_SCIENCE
PUB_024416,ENGINEERING
PUB_024417,ENGINEERING
PUB_024417,MATERIALS_SCIENCE
PUB_024418,ENGINEERING
PUB_024418,PHYSICS_AND_ASTRONOMY
PUB_024418,MATERIALS_SCIENCE
PUB_024419,COMPUTER_SCIENCE
PUB_024420,ENGINEERING
PUB_024421,COMPUTER_SCIENCE
PUB_024422,COMPUTER_SCIENCE
PUB_024423,ENGINEERING
PUB_024423,COMPUTER_SCIENCE
PUB_024424,ENGINEERING
PUB_024424,COMPUTER_SCIENCE
PUB_024425,ENGINEERING
PUB_024426,ENGINEERING
PUB_024427,COMPUTER_SCIENCE
PUB_024428,COMPUTER_SCIENCE
PUB_024429,COMPUTER_SCIENCE
PUB_024430,ENGINEERING
PUB_024431,ENGINEERING
PUB_024432,COMPUTER_SCIENCE
PUB_024433,COMPUTER_SCIENCE
PUB_024434,ENGINEERING
PUB_024435,ENGINEERING
PUB_024435,COMPUTER_SCIENCE
PUB_024436,COMPUTER_SCIENCE
PUB_024437,COMPUTER_SCIENCE
PUB_024438,COMPUTER_SCIENCE
PUB_024439,ENGINEERING
PUB_024439,COMPUTER_SCIENCE
PUB_024440,ENGINEERING
PUB_024440,COMPUTER_SCIENCE
PUB_024441,COMPUTER_SCIENCE
PUB_024442,ENGINEERING
PUB_024443,COMPUTER_SCIENCE
PUB_024444,ENGINEERING
PUB_024444,COMPUTER_SCIENCE
PUB_024445,ENGINEERING
PUB_024445,COMPUTER_SCIENCE
PUB_024446,ENGINEERING
PUB_024447,ENGINEERING
PUB_024447,COMPUTER_SCIENCE
PUB_024448,COMPUTER_SCIENCE
PUB_024449,COMPUTER_SCIENCE
PUB_024450,COMPUTER_SCIENCE
PUB_024451,COMPUTER_SCIENCE
PUB_024452,ENGINEERING
PUB_024453,COMPUTER_SCIENCE
PUB_024454,ENGINEERING
PUB_024455,ENGINEERING
PUB_024456,COMPUTER_SCIENCE
PUB_024457,COMPUTER_SCIENCE
PUB_024458,COMPUTER_SCIENCE
PUB_024459,ENGINEERING
PUB_024459,COMPUTER_SCIENCE
PUB_024460,ENGINEERING
PUB_024461,ENGINEERING
PUB_024462,ENGINEERING
PUB_024462,ENERGY
PUB_024462,MATERIALS_SCIENCE
PUB_024463,PHYSICS_AND_ASTRONOMY
PUB_024463,COMPUTER_SCIENCE
PUB_024464,COMPUTER_SCIENCE
PUB_024465,ENGINEERING
PUB_024465,COMPUTER_SCIENCE
PUB_024466,ENGINEERING
PUB_024467,ENGINEERING
PUB_024468,ENGINEERING
PUB_024468,COMPUTER_SCIENCE
PUB_024469,ENGINEERING
PUB_024470,ENGINEERING
PUB_024471,ENGINEERING
PUB_024472,ENGINEERING
PUB_024473,ENGINEERING
PUB_024474,COMPUTER_SCIENCE
PUB_024475,COMPUTER_SCIENCE
PUB_024476,ENGINEERING
PUB_024477,ENGINEERING
PUB_024477,PHYSICS_AND_ASTRONOMY
PUB_024478,ENGINEERING
PUB_024479,COMPUTER_SCIENCE
PUB_024480,COMPUTER_SCIENCE
PUB_024481,ENGINEERING
PUB_024481,COMPUTER_SCIENCE
PUB_024482,COMPUTER_SCIENCE
PUB_024483,COMPUTER_SCIENCE
PUB_024484,ENGINEERING
PUB_024484,COMPUTER_SCIENCE
PUB_024485,COMPUTER_SCIENCE
PUB_024486,ENGINEERING
PUB_024486,MATERIALS_SCIENCE
PUB_024487,ENGINEERING
PUB_024488,ENGINEERING
PUB_024488,COMPUTER_SCIENCE
PUB_024489,COMPUTER_SCIENCE
PUB_024490,COMPUTER_SCIENCE
PUB_024491,COMPUTER_SCIENCE
PUB_024492,ENGINEERING
PUB_024493,ENGINEERING
PUB_024493,COMPUTER_SCIENCE
PUB_024494,ENGINEERING
PUB_024494,MATERIALS_SCIENCE
PUB_024495,COMPUTER_SCIENCE
PUB_024496,COMPUTER_SCIENCE
PUB_024497,ENGINEERING
PUB_024497,ENERGY
PUB_024498,ENGINEERING
PUB_024499,ENGINEERING
PUB_024499,COMPUTER_SCIENCE
PUB_024500,COMPUTER_SCIENCE
PUB_024501,COMPUTER_SCIENCE
PUB_024502,ENGINEERING
PUB_024502,COMPUTER_SCIENCE
PUB_024503,ENGINEERING
PUB_024504,ENGINEERING
PUB_024505,COMPUTER_SCIENCE
PUB_024506,COMPUTER_SCIENCE
PUB_024507,COMPUTER_SCIENCE
PUB_024508,ENGINEERING
PUB_024509,ENGINEERING
PUB_024509,COMPUTER_SCIENCE
PUB_024510,ENGINEERING
PUB_024510,MATERIALS_SCIENCE
PUB_024511,ENGINEERING
PUB_024511,PHYSICS_AND_ASTRONOMY
PUB_024511,MATERIALS_SCIENCE
PUB_024512,COMPUTER_SCIENCE
PUB_024513,ENGINEERING
PUB_024513,COMPUTER_SCIENCE
PUB_024514,ENGINEERING
PUB_024515,ENGINEERING
PUB_024515,COMPUTER_SCIENCE
PUB_024516,COMPUTER_SCIENCE
PUB_024517,COMPUTER_SCIENCE
PUB_024518,COMPUTER_SCIENCE
PUB_024519,COMPUTER_SCIENCE
PUB_024520,COMPUTER_SCIENCE
PUB_024521,COMPUTER_SCIENCE
PUB_024522,ENGINEERING
PUB_024522,COMPUTER_SCIENCE
PUB_024523,COMPUTER_SCIENCE
PUB_024524,ENGINEERING
PUB_024524,COMPUTER_SCIENCE
PUB_024525,ENGINEERING
PUB_024525,COMPUTER_SCIENCE
PUB_024526,PHYSICS_AND_ASTRONOMY
PUB_024526,COMPUTER_SCIENCE
PUB_024527,ENGINEERING
PUB_024528,ENGINEERING
PUB_024528,COMPUTER_SCIENCE
PUB_024529,COMPUTER_SCIENCE
PUB_024530,COMPUTER_SCIENCE
PUB_024531,COMPUTER_SCIENCE
PUB_024532,ENGINEERING
PUB_024533,COMPUTER_SCIENCE
PUB_024534,COMPUTER_SCIENCE
PUB_024535,COMPUTER_SCIENCE
PUB_024536,COMPUTER_SCIENCE
PUB_024537,ENGINEERING
PUB_024537,MATERIALS_SCIENCE
PUB_024538,ENGINEERING
PUB_024538,PHYSICS_AND_ASTRONOMY
PUB_024538,MATERIALS_SCIENCE
PUB_024539,ENGINEERING
PUB_024540,ENGINEERING
PUB_024540,ENERGY
PUB_024541,ENGINEERING
PUB_024541,MATERIALS_SCIENCE
PUB_024542,COMPUTER_SCIENCE
PUB_024543,COMPUTER_SCIENCE
PUB_024544,COMPUTER_SCIENCE
PUB_024545,ENGINEERING
PUB_024546,COMPUTER_SCIENCE
PUB_024547,COMPUTER_SCIENCE
PUB_024548,COMPUTER_SCIENCE
PUB_024549,ENGINEERING
PUB_024549,COMPUTER_SCIENCE
PUB_024550,ENGINEERING
PUB_024550,COMPUTER_SCIENCE
PUB_024551,COMPUTER_SCIENCE
PUB_024552,COMPUTER_SCIENCE
PUB_024553,COMPUTER_SCIENCE
PUB_024554,ENGINEERING
PUB_024554,ENERGY
PUB_024555,MATHEMATICS
PUB_024555,COMPUTER_SCIENCE
PUB_024556,ENGINEERING
PUB_024557,ENGINEERING
PUB_024558,COMPUTER_SCIENCE
PUB_024559,ENGINEERING
PUB_024559,COMPUTER_SCIENCE
PUB_024560,COMPUTER_SCIENCE
PUB_024561,ENGINEERING
PUB_024562,ENGINEERING
PUB_024563,COMPUTER_SCIENCE
PUB_024564,ENGINEERING
PUB_024565,COMPUTER_SCIENCE
PUB_024566,COMPUTER_SCIENCE
PUB_024567,PHYSICS_AND_ASTRONOMY
PUB_024567,COMPUTER_SCIENCE
PUB_024568,COMPUTER_SCIENCE
PUB_024569,ENGINEERING
PUB_024570,COMPUTER_SCIENCE
PUB_024571,ENGINEERING
PUB_024571,COMPUTER_SCIENCE
PUB_024572,COMPUTER_SCIENCE
PUB_024573,COMPUTER_SCIENCE
PUB_024574,COMPUTER_SCIENCE
PUB_024575,COMPUTER_SCIENCE
PUB_024576,ENGINEERING
PUB_024576,MATERIALS_SCIENCE
PUB_024577,ENGINEERING
PUB_024578,COMPUTER_SCIENCE
PUB_024579,ENGINEERING
PUB_024579,COMPUTER_SCIENCE
PUB_024580,COMPUTER_SCIENCE
PUB_024581,ENGINEERING
PUB_024581,MATERIALS_SCIENCE
PUB_024582,ENGINEERING
PUB_024583,ENGINEERING
PUB_024583,COMPUTER_SCIENCE
PUB_024584,ENGINEERING
PUB_024584,MATERIALS_SCIENCE
PUB_024585,COMPUTER_SCIENCE
PUB_024586,ENGINEERING
PUB_024586,COMPUTER_SCIENCE
PUB_024587,ENGINEERING
PUB_024587,MATERIALS_SCIENCE
PUB_024588,ENGINEERING
PUB_024588,COMPUTER_SCIENCE
PUB_024589,ENGINEERING
PUB_024589,MATERIALS_SCIENCE
PUB_024590,MATHEMATICS
PUB_024590,COMPUTER_SCIENCE
PUB_024591,COMPUTER_SCIENCE
PUB_024592,COMPUTER_SCIENCE
PUB_024593,COMPUTER_SCIENCE
PUB_024594,ENGINEERING
PUB_024595,COMPUTER_SCIENCE
PUB_024596,ENGINEERING
PUB_024597,ENGINEERING
PUB_024597,COMPUTER_SCIENCE
PUB_024598,COMPUTER_SCIENCE
PUB_024599,ENGINEERING
PUB_024599,COMPUTER_SCIENCE
PUB_024600,ENGINEERING
PUB_024601,ENGINEERING
PUB_024602,COMPUTER_SCIENCE
PUB_024603,COMPUTER_SCIENCE
PUB_024604,COMPUTER_SCIENCE
PUB_024605,ENGINEERING
PUB_024605,COMPUTER_SCIENCE
PUB_024606,ENGINEERING
PUB_024606,COMPUTER_SCIENCE
PUB_024607,COMPUTER_SCIENCE
PUB_024608,COMPUTER_SCIENCE
PUB_024609,ENGINEERING
PUB_024609,COMPUTER_SCIENCE
PUB_024610,COMPUTER_SCIENCE
PUB_024611,COMPUTER_SCIENCE
PUB_024612,COMPUTER_SCIENCE
PUB_024613,COMPUTER_SCIENCE
PUB_024614,ENGINEERING
PUB_024614,COMPUTER_SCIENCE
PUB_024615,ENGINEERING
PUB_024615,COMPUTER_SCIENCE
PUB_024616,ENGINEERING
PUB_024617,COMPUTER_SCIENCE
PUB_024618,ENGINEERING
PUB_024618,COMPUTER_SCIENCE
PUB_024619,COMPUTER_SCIENCE
PUB_024620,COMPUTER_SCIENCE
PUB_024621,MATHEMATICS
PUB_024621,COMPUTER_SCIENCE
PUB_024622,PHYSICS_AND_ASTRONOMY
PUB_024622,COMPUTER_SCIENCE
PUB_024623,ENGINEERING
PUB_024623,COMPUTER_SCIENCE
PUB_024624,ENGINEERING
PUB_024624,COMPUTER_SCIENCE
PUB_024625,ENGINEERING
PUB_024626,COMPUTER_SCIENCE
PUB_024627,ENGINEERING
PUB_024627,COMPUTER_SCIENCE
PUB_024628,COMPUTER_SCIENCE
PUB_024629,ENGINEERING
PUB_024630,ENGINEERING
PUB_024631,ENGINEERING
PUB_024631,COMPUTER_SCIENCE
PUB_024632,ENGINEERING
PUB_024632,PHYSICS_AND_ASTRONOMY
PUB_024633,COMPUTER_SCIENCE
PUB_024634,COMPUTER_SCIENCE
PUB_024635,COMPUTER_SCIENCE
PUB_024636,ENGINEERING
PUB_024636,COMPUTER_SCIENCE
PUB_024637,COMPUTER_SCIENCE
PUB_024638,COMPUTER_SCIENCE
PUB_024639,COMPUTER_SCIENCE
PUB_024640,COMPUTER_SCIENCE
PUB_024641,ENGINEERING
PUB_024641,COMPUTER_SCIENCE
PUB_024642,ENGINEERING
PUB_024642,MATERIALS_SCIENCE
PUB_024643,COMPUTER_SCIENCE
PUB_024644,ENGINEERING
PUB_024645,COMPUTER_SCIENCE
PUB_024646,COMPUTER_SCIENCE
PUB_024647,ENGINEERING
PUB_024648,ENGINEERING
PUB_024648,COMPUTER_SCIENCE
PUB_024649,ENGINEERING
PUB_024649,COMPUTER_SCIENCE
PUB_024650,COMPUTER_SCIENCE
PUB_024651,ENGINEERING
PUB_024652,ENGINEERING
PUB_024652,ENERGY
PUB_024653,COMPUTER_SCIENCE
PUB_024654,ENGINEERING
PUB_024654,COMPUTER_SCIENCE
PUB_024655,COMPUTER_SCIENCE
PUB_024656,ENGINEERING
PUB_024656,MATERIALS_SCIENCE
PUB_024657,ENGINEERING
PUB_024658,ENGINEERING
PUB_024658,COMPUTER_SCIENCE
PUB_024659,ENGINEERING
PUB_024659,COMPUTER_SCIENCE
PUB_024660,COMPUTER_SCIENCE
PUB_024661,ENGINEERING
PUB_024662,ENGINEERING
PUB_024663,COMPUTER_SCIENCE
PUB_024664,COMPUTER_SCIENCE
PUB_024665,COMPUTER_SCIENCE
PUB_024666,ENGINEERING
PUB_024667,ENGINEERING
PUB_024667,COMPUTER_SCIENCE
PUB_024668,ENGINEERING
PUB_024668,ENERGY
PUB_024669,ENGINEERING
PUB_024670,ENGINEERING
PUB_024670,COMPUTER_SCIENCE
PUB_024671,ENGINEERING
PUB_024671,MATHEMATICS
PUB_024672,ENGINEERING
PUB_024672,COMPUTER_SCIENCE
PUB_024673,ENGINEERING
PUB_024673,COMPUTER_SCIENCE
PUB_024674,COMPUTER_SCIENCE
PUB_024675,COMPUTER_SCIENCE
PUB_024676,COMPUTER_SCIENCE
PUB_024677,ENGINEERING
PUB_024677,COMPUTER_SCIENCE
PUB_024678,COMPUTER_SCIENCE
PUB_024679,COMPUTER_SCIENCE
PUB_024680,ENGINEERING
PUB_024681,ENGINEERING
PUB_024682,ENGINEERING
PUB_024683,ENGINEERING
PUB_024684,COMPUTER_SCIENCE
PUB_024685,ENGINEERING
PUB_024686,COMPUTER_SCIENCE
PUB_024687,COMPUTER_SCIENCE
PUB_024688,PHYSICS_AND_ASTRONOMY
PUB_024688,COMPUTER_SCIENCE
PUB_024689,ENGINEERING
PUB_024689,MATERIALS_SCIENCE
PUB_024690,COMPUTER_SCIENCE
PUB_024691,MATHEMATICS
PUB_024691,COMPUTER_SCIENCE
PUB_024692,ENGINEERING
PUB_024693,ENGINEERING
PUB_024694,ENGINEERING
PUB_024694,COMPUTER_SCIENCE
PUB_024695,MATHEMATICS
PUB_024695,MATERIALS_SCIENCE
PUB_024695,COMPUTER_SCIENCE
PUB_024696,COMPUTER_SCIENCE
PUB_024697,ENGINEERING
PUB_024697,COMPUTER_SCIENCE
PUB_024698,ENGINEERING
PUB_024698,COMPUTER_SCIENCE
PUB_024699,ENGINEERING
PUB_024700,ENGINEERING
PUB_024701,ENGINEERING
PUB_024701,COMPUTER_SCIENCE
PUB_024702,COMPUTER_SCIENCE
PUB_024703,COMPUTER_SCIENCE
PUB_024704,ENGINEERING
PUB_024705,ENGINEERING
PUB_024705,COMPUTER_SCIENCE
PUB_024706,COMPUTER_SCIENCE
PUB_024707,COMPUTER_SCIENCE
PUB_024708,COMPUTER_SCIENCE
PUB_024709,COMPUTER_SCIENCE
PUB_024710,COMPUTER_SCIENCE
PUB_024711,COMPUTER_SCIENCE
PUB_024712,COMPUTER_SCIENCE
PUB_024713,ENGINEERING
PUB_024714,ENGINEERING
PUB_024714,COMPUTER_SCIENCE
PUB_024715,COMPUTER_SCIENCE
PUB_024716,COMPUTER_SCIENCE
PUB_024717,ENGINEERING
PUB_024718,ENGINEERING
PUB_024719,MATHEMATICS
PUB_024719,COMPUTER_SCIENCE
PUB_024720,ENGINEERING
PUB_024720,ENERGY
PUB_024720,COMPUTER_SCIENCE
PUB_024721,COMPUTER_SCIENCE
PUB_024722,COMPUTER_SCIENCE
PUB_024723,COMPUTER_SCIENCE
PUB_024724,COMPUTER_SCIENCE
PUB_024725,COMPUTER_SCIENCE
PUB_024726,COMPUTER_SCIENCE
PUB_024727,COMPUTER_SCIENCE
PUB_024728,ENGINEERING
PUB_024728,COMPUTER_SCIENCE
PUB_024729,ENGINEERING
PUB_024729,COMPUTER_SCIENCE
PUB_024730,ENGINEERING
PUB_024730,PHYSICS_AND_ASTRONOMY
PUB_024731,COMPUTER_SCIENCE
PUB_024732,ENGINEERING
PUB_024733,ENGINEERING
PUB_024733,PHYSICS_AND_ASTRONOMY
PUB_024734,ENGINEERING
PUB_024734,MATERIALS_SCIENCE
PUB_024735,COMPUTER_SCIENCE
PUB_024736,COMPUTER_SCIENCE
PUB_024737,COMPUTER_SCIENCE
PUB_024738,ENGINEERING
PUB_024738,COMPUTER_SCIENCE
PUB_024739,ENGINEERING
PUB_024740,ENGINEERING
PUB_024740,COMPUTER_SCIENCE
PUB_024741,ENGINEERING
PUB_024741,COMPUTER_SCIENCE
PUB_024742,COMPUTER_SCIENCE
PUB_024743,ENGINEERING
PUB_024743,COMPUTER_SCIENCE
PUB_024744,ENGINEERING
PUB_024745,COMPUTER_SCIENCE
PUB_024746,ENGINEERING
PUB_024746,MATERIALS_SCIENCE
PUB_024747,COMPUTER_SCIENCE
PUB_024748,ENGINEERING
PUB_024748,COMPUTER_SCIENCE
PUB_024749,COMPUTER_SCIENCE
PUB_024750,ENGINEERING
PUB_024750,COMPUTER_SCIENCE
PUB_024751,COMPUTER_SCIENCE
PUB_024752,ENGINEERING
PUB_024752,MATERIALS_SCIENCE
PUB_024753,ENGINEERING
PUB_024753,COMPUTER_SCIENCE
PUB_024754,COMPUTER_SCIENCE
PUB_024755,COMPUTER_SCIENCE
PUB_024756,COMPUTER_SCIENCE
PUB_024757,COMPUTER_SCIENCE
PUB_024758,COMPUTER_SCIENCE
PUB_024759,COMPUTER_SCIENCE
PUB_024760,COMPUTER_SCIENCE
PUB_024761,COMPUTER_SCIENCE
PUB_024762,COMPUTER_SCIENCE
PUB_024763,COMPUTER_SCIENCE
PUB_024764,ENGINEERING
PUB_024764,COMPUTER_SCIENCE
PUB_024765,COMPUTER_SCIENCE
PUB_024766,COMPUTER_SCIENCE
PUB_024767,COMPUTER_SCIENCE
PUB_024768,COMPUTER_SCIENCE
PUB_024769,ENGINEERING
PUB_024769,COMPUTER_SCIENCE
PUB_024770,COMPUTER_SCIENCE
PUB_024771,COMPUTER_SCIENCE
PUB_024772,COMPUTER_SCIENCE
PUB_024773,ENGINEERING
PUB_024773,COMPUTER_SCIENCE
PUB_024774,ENGINEERING
PUB_024774,COMPUTER_SCIENCE
PUB_024775,PHYSICS_AND_ASTRONOMY
PUB_024775,COMPUTER_SCIENCE
PUB_024776,ENGINEERING
PUB_024776,COMPUTER_SCIENCE
PUB_024777,COMPUTER_SCIENCE
PUB_024778,COMPUTER_SCIENCE
PUB_024779,COMPUTER_SCIENCE
PUB_024780,COMPUTER_SCIENCE
PUB_024781,ENGINEERING
PUB_024782,COMPUTER_SCIENCE
PUB_024783,ENGINEERING
PUB_024783,COMPUTER_SCIENCE
PUB_024784,COMPUTER_SCIENCE
PUB_024785,COMPUTER_SCIENCE
PUB_024786,ENGINEERING
PUB_024786,COMPUTER_SCIENCE
PUB_024787,MATHEMATICS
PUB_024787,PHYSICS_AND_ASTRONOMY
PUB_024788,ENGINEERING
PUB_024788,MATERIALS_SCIENCE
PUB_024789,ENGINEERING
PUB_024789,PHYSICS_AND_ASTRONOMY
PUB_024790,COMPUTER_SCIENCE
PUB_024791,ENGINEERING
PUB_024791,COMPUTER_SCIENCE
PUB_024792,ENGINEERING
PUB_024792,MATERIALS_SCIENCE
PUB_024793,COMPUTER_SCIENCE
PUB_024794,COMPUTER_SCIENCE
PUB_024795,ENGINEERING
PUB_024796,COMPUTER_SCIENCE
PUB_024797,ENGINEERING
PUB_024797,COMPUTER_SCIENCE
PUB_024798,ENGINEERING
PUB_024798,COMPUTER_SCIENCE
PUB_024799,COMPUTER_SCIENCE
PUB_024800,ENGINEERING
PUB_024800,COMPUTER_SCIENCE
PUB_024801,PHYSICS_AND_ASTRONOMY
PUB_024801,COMPUTER_SCIENCE
PUB_024802,COMPUTER_SCIENCE
PUB_024803,COMPUTER_SCIENCE
PUB_024804,ENGINEERING
PUB_024804,COMPUTER_SCIENCE
PUB_024805,COMPUTER_SCIENCE
PUB_024806,COMPUTER_SCIENCE
PUB_024807,ENGINEERING
PUB_024808,COMPUTER_SCIENCE
PUB_024809,COMPUTER_SCIENCE
PUB_024810,ENGINEERING
PUB_024810,COMPUTER_SCIENCE
PUB_024811,ENGINEERING
PUB_024811,COMPUTER_SCIENCE
PUB_024812,ENGINEERING
PUB_024813,PHYSICS_AND_ASTRONOMY
PUB_024813,COMPUTER_SCIENCE
PUB_024814,ENGINEERING
PUB_024814,COMPUTER_SCIENCE
PUB_024815,ENGINEERING
PUB_024815,COMPUTER_SCIENCE
PUB_024816,COMPUTER_SCIENCE
PUB_024817,COMPUTER_SCIENCE
PUB_024818,COMPUTER_SCIENCE
PUB_024819,ENGINEERING
PUB_024819,COMPUTER_SCIENCE
PUB_024820,COMPUTER_SCIENCE
PUB_024821,COMPUTER_SCIENCE
PUB_024822,ENGINEERING
PUB_024823,COMPUTER_SCIENCE
PUB_024824,COMPUTER_SCIENCE
PUB_024825,COMPUTER_SCIENCE
PUB_024826,ENGINEERING
PUB_024827,COMPUTER_SCIENCE
PUB_024828,COMPUTER_SCIENCE
PUB_024829,COMPUTER_SCIENCE
PUB_024830,COMPUTER_SCIENCE
PUB_024831,COMPUTER_SCIENCE
PUB_024832,ENGINEERING
PUB_024832,COMPUTER_SCIENCE
PUB_024833,COMPUTER_SCIENCE
PUB_024834,PHYSICS_AND_ASTRONOMY
PUB_024834,MATERIALS_SCIENCE
PUB_024834,COMPUTER_SCIENCE
PUB_024835,ENGINEERING
PUB_024836,MATHEMATICS
PUB_024836,COMPUTER_SCIENCE
PUB_024837,COMPUTER_SCIENCE
PUB_024838,COMPUTER_SCIENCE
PUB_024839,ENGINEERING
PUB_024840,ENGINEERING
PUB_024841,ENGINEERING
PUB_024841,COMPUTER_SCIENCE
PUB_024842,COMPUTER_SCIENCE
PUB_024843,COMPUTER_SCIENCE
PUB_024844,ENGINEERING
PUB_024845,COMPUTER_SCIENCE
PUB_024846,ENGINEERING
PUB_024846,PHYSICS_AND_ASTRONOMY
PUB_024847,COMPUTER_SCIENCE
PUB_024848,PHYSICS_AND_ASTRONOMY
PUB_024848,COMPUTER_SCIENCE
PUB_024849,ENGINEERING
PUB_024849,PHYSICS_AND_ASTRONOMY
PUB_024849,MATERIALS_SCIENCE
PUB_024850,ENGINEERING
PUB_024850,COMPUTER_SCIENCE
PUB_024851,ENGINEERING
PUB_024852,COMPUTER_SCIENCE
PUB_024853,COMPUTER_SCIENCE
PUB_024854,ENGINEERING
PUB_024855,ENGINEERING
PUB_024855,MATERIALS_SCIENCE
PUB_024856,COMPUTER_SCIENCE
PUB_024857,ENGINEERING
PUB_024858,ENGINEERING
PUB_024858,COMPUTER_SCIENCE
PUB_024859,ENGINEERING
PUB_024860,COMPUTER_SCIENCE
PUB_024861,ENGINEERING
PUB_024861,COMPUTER_SCIENCE
PUB_024862,COMPUTER_SCIENCE
PUB_024863,ENGINEERING
PUB_024864,PHYSICS_AND_ASTRONOMY
PUB_024864,COMPUTER_SCIENCE
PUB_024865,ENGINEERING
PUB_024865,COMPUTER_SCIENCE
PUB_024866,ENGINEERING
PUB_024866,COMPUTER_SCIENCE
PUB_024866,MATERIALS_SCIENCE
PUB_024867,COMPUTER_SCIENCE
PUB_024868,ENGINEERING
PUB_024868,COMPUTER_SCIENCE
PUB_024869,COMPUTER_SCIENCE
PUB_024870,ENGINEERING
PUB_024870,COMPUTER_SCIENCE
PUB_024871,COMPUTER_SCIENCE
PUB_024872,COMPUTER_SCIENCE
PUB_024873,ENGINEERING
PUB_024874,COMPUTER_SCIENCE
PUB_024875,ENGINEERING
PUB_024876,COMPUTER_SCIENCE
PUB_024877,COMPUTER_SCIENCE
PUB_024878,COMPUTER_SCIENCE
PUB_024879,ENGINEERING
PUB_024879,MATERIALS_SCIENCE
PUB_024880,ENGINEERING
PUB_024881,COMPUTER_SCIENCE
PUB_024882,ENGINEERING
PUB_024882,COMPUTER_SCIENCE
PUB_024883,ENGINEERING
PUB_024883,COMPUTER_SCIENCE
PUB_024884,COMPUTER_SCIENCE
PUB_024885,ENGINEERING
PUB_024886,ENGINEERING
PUB_024887,ENGINEERING
PUB_024887,COMPUTER_SCIENCE
PUB_024888,ENGINEERING
PUB_024888,MATERIALS_SCIENCE
PUB_024889,COMPUTER_SCIENCE
PUB_024890,ENGINEERING
PUB_024890,COMPUTER_SCIENCE
PUB_024891,COMPUTER_SCIENCE
PUB_024892,ENGINEERING
PUB_024892,COMPUTER_SCIENCE
PUB_024893,ENGINEERING
PUB_024893,COMPUTER_SCIENCE
PUB_024894,COMPUTER_SCIENCE
PUB_024895,COMPUTER_SCIENCE
PUB_024896,COMPUTER_SCIENCE
PUB_024897,COMPUTER_SCIENCE
PUB_024898,COMPUTER_SCIENCE
PUB_024899,COMPUTER_SCIENCE
PUB_024900,ENGINEERING
PUB_024900,COMPUTER_SCIENCE
PUB_024901,COMPUTER_SCIENCE
PUB_024902,ENGINEERING
PUB_024902,COMPUTER_SCIENCE
PUB_024903,COMPUTER_SCIENCE
PUB_024904,COMPUTER_SCIENCE
PUB_024905,COMPUTER_SCIENCE
PUB_024906,ENGINEERING
PUB_024906,COMPUTER_SCIENCE
PUB_024906,MATERIALS_SCIENCE
PUB_024907,COMPUTER_SCIENCE
PUB_024908,ENGINEERING
PUB_024909,ENGINEERING
PUB_024909,COMPUTER_SCIENCE
PUB_024910,COMPUTER_SCIENCE
PUB_024911,ENGINEERING
PUB_024911,MATERIALS_SCIENCE
PUB_024912,ENGINEERING
PUB_024912,COMPUTER_SCIENCE
PUB_024913,COMPUTER_SCIENCE
PUB_024914,ENGINEERING
PUB_024915,ENGINEERING
PUB_024916,ENGINEERING
PUB_024916,COMPUTER_SCIENCE
PUB_024917,ENGINEERING
PUB_024917,MATERIALS_SCIENCE
PUB_024918,COMPUTER_SCIENCE
PUB_024919,COMPUTER_SCIENCE
PUB_024920,ENGINEERING
PUB_024921,COMPUTER_SCIENCE
PUB_024922,COMPUTER_SCIENCE
PUB_024923,COMPUTER_SCIENCE
PUB_024924,ENGINEERING
PUB_024924,COMPUTER_SCIENCE
PUB_024925,COMPUTER_SCIENCE
PUB_024926,ENGINEERING
PUB_024926,COMPUTER_SCIENCE
PUB_024927,COMPUTER_SCIENCE
PUB_024928,COMPUTER_SCIENCE
PUB_024929,COMPUTER_SCIENCE
PUB_024930,COMPUTER_SCIENCE
PUB_024931,COMPUTER_SCIENCE
PUB_024932,ENGINEERING
PUB_024933,ENGINEERING
PUB_024933,COMPUTER_SCIENCE
PUB_024934,COMPUTER_SCIENCE
PUB_024935,ENGINEERING
PUB_024936,ENGINEERING
PUB_024936,COMPUTER_SCIENCE
PUB_024937,ENGINEERING
PUB_024938,COMPUTER_SCIENCE
PUB_024939,ENGINEERING
PUB_024940,MATHEMATICS
PUB_024940,PHYSICS_AND_ASTRONOMY
PUB_024941,ENGINEERING
PUB_024941,COMPUTER_SCIENCE
PUB_024942,ENGINEERING
PUB_024943,COMPUTER_SCIENCE
PUB_024944,ENGINEERING
PUB_024945,ENGINEERING
PUB_024945,PHYSICS_AND_ASTRONOMY
PUB_024945,COMPUTER_SCIENCE
PUB_024946,COMPUTER_SCIENCE
PUB_024946,MATERIALS_SCIENCE
PUB_024947,COMPUTER_SCIENCE
PUB_024948,ENGINEERING
PUB_024948,COMPUTER_SCIENCE
PUB_024949,ENGINEERING
PUB_024949,COMPUTER_SCIENCE
PUB_024950,COMPUTER_SCIENCE
PUB_024951,COMPUTER_SCIENCE
PUB_024952,MATHEMATICS
PUB_024952,COMPUTER_SCIENCE
PUB_024953,COMPUTER_SCIENCE
PUB_024954,ENGINEERING
PUB_024955,ENGINEERING
PUB_024955,MATERIALS_SCIENCE
PUB_024956,COMPUTER_SCIENCE
PUB_024957,ENGINEERING
PUB_024958,ENGINEERING
PUB_024958,COMPUTER_SCIENCE
PUB_024959,ENGINEERING
PUB_024959,COMPUTER_SCIENCE
PUB_024960,ENGINEERING
PUB_024960,COMPUTER_SCIENCE
PUB_024961,ENGINEERING
PUB_024961,PHYSICS_AND_ASTRONOMY
PUB_024961,COMPUTER_SCIENCE
PUB_024962,COMPUTER_SCIENCE
PUB_024963,ENGINEERING
PUB_024963,COMPUTER_SCIENCE
PUB_024964,COMPUTER_SCIENCE
PUB_024965,ENGINEERING
PUB_024965,COMPUTER_SCIENCE
PUB_024966,COMPUTER_SCIENCE
PUB_024967,ENGINEERING
PUB_024967,COMPUTER_SCIENCE
PUB_024968,ENGINEERING
PUB_024969,COMPUTER_SCIENCE
PUB_024970,COMPUTER_SCIENCE
PUB_024971,ENGINEERING
PUB_024971,COMPUTER_SCIENCE
PUB_024972,ENGINEERING
PUB_024972,COMPUTER_SCIENCE
PUB_024973,ENGINEERING
PUB_024974,ENGINEERING
PUB_024974,COMPUTER_SCIENCE
PUB_024975,COMPUTER_SCIENCE
PUB_024976,ENGINEERING
PUB_024976,MATERIALS_SCIENCE
PUB_024977,COMPUTER_SCIENCE
PUB_024978,COMPUTER_SCIENCE
PUB_024979,ENGINEERING
PUB_024979,COMPUTER_SCIENCE
PUB_024980,COMPUTER_SCIENCE
PUB_024981,COMPUTER_SCIENCE
PUB_024982,ENGINEERING
PUB_024983,COMPUTER_SCIENCE
PUB_024984,COMPUTER_SCIENCE
PUB_024985,COMPUTER_SCIENCE
PUB_024986,COMPUTER_SCIENCE
PUB_024987,ENGINEERING
PUB_024987,COMPUTER_SCIENCE
PUB_024988,PHYSICS_AND_ASTRONOMY
PUB_024988,COMPUTER_SCIENCE
PUB_024989,COMPUTER_SCIENCE
PUB_024990,ENGINEERING
PUB_024990,MATERIALS_SCIENCE
PUB_024991,ENGINEERING
PUB_024992,ENGINEERING
PUB_024993,ENGINEERING
PUB_024994,ENGINEERING
PUB_024994,PHYSICS_AND_ASTRONOMY
PUB_024995,ENGINEERING
PUB_024995,COMPUTER_SCIENCE
PUB_024996,ENGINEERING
PUB_024996,MATERIALS_SCIENCE
PUB_024997,PHYSICS_AND_ASTRONOMY
PUB_024997,COMPUTER_SCIENCE
PUB_024998,ENGINEERING
PUB_024998,COMPUTER_SCIENCE
PUB_024999,COMPUTER_SCIENCE
PUB_025000,COMPUTER_SCIENCE
PUB_025001,ENGINEERING
PUB_025002,COMPUTER_SCIENCE
PUB_025003,MATHEMATICS
PUB_025003,COMPUTER_SCIENCE
PUB_025004,ENGINEERING
PUB_025005,COMPUTER_SCIENCE
PUB_025006,COMPUTER_SCIENCE
PUB_025007,ENGINEERING
PUB_025007,COMPUTER_SCIENCE
PUB_025008,ENGINEERING
PUB_025008,PHYSICS_AND_ASTRONOMY
PUB_025009,ENGINEERING
PUB_025010,ENGINEERING
PUB_025011,ENGINEERING
PUB_025012,COMPUTER_SCIENCE
PUB_025013,ENGINEERING
PUB_025014,COMPUTER_SCIENCE
PUB_025015,ENGINEERING
PUB_025015,COMPUTER_SCIENCE
PUB_025016,COMPUTER_SCIENCE
PUB_025017,COMPUTER_SCIENCE
PUB_025018,ENGINEERING
PUB_025019,ENGINEERING
PUB_025020,COMPUTER_SCIENCE
PUB_025021,COMPUTER_SCIENCE
PUB_025022,ENGINEERING
PUB_025023,ENGINEERING
PUB_025024,ENGINEERING
PUB_025024,MATERIALS_SCIENCE
PUB_025025,ENGINEERING
PUB_025025,MATERIALS_SCIENCE
PUB_025026,ENGINEERING
PUB_025026,MATERIALS_SCIENCE
PUB_025027,ENGINEERING
PUB_025028,COMPUTER_SCIENCE
PUB_025028,ENGINEERING
PUB_025029,ENGINEERING
PUB_025029,MATERIALS_SCIENCE
PUB_025030,COMPUTER_SCIENCE
PUB_025031,ENGINEERING
PUB_025031,MATERIALS_SCIENCE
PUB_025032,ENGINEERING
PUB_025032,MATERIALS_SCIENCE
PUB_025033,ENGINEERING
PUB_025034,ENGINEERING
PUB_025034,MATERIALS_SCIENCE
PUB_025035,ENGINEERING
PUB_025035,MATERIALS_SCIENCE
PUB_025036,ENGINEERING
PUB_025036,COMPUTER_SCIENCE
PUB_025037,ENGINEERING
PUB_025037,MATERIALS_SCIENCE
PUB_025038,COMPUTER_SCIENCE
PUB_025039,ENGINEERING
PUB_025040,COMPUTER_SCIENCE
PUB_025041,ENGINEERING
PUB_025041,MATERIALS_SCIENCE
PUB_025042,ENGINEERING
PUB_025043,ENGINEERING
PUB_025044,ENGINEERING
PUB_025044,ENERGY
PUB_025045,ENGINEERING
PUB_025046,COMPUTER_SCIENCE
PUB_025047,ENGINEERING
PUB_025048,COMPUTER_SCIENCE
PUB_025049,ENGINEERING
PUB_025050,COMPUTER_SCIENCE
PUB_025050,PHYSICS_AND_ASTRONOMY
PUB_025051,ENGINEERING
PUB_025051,MATERIALS_SCIENCE
PUB_025052,COMPUTER_SCIENCE
PUB_025053,COMPUTER_SCIENCE
PUB_025054,COMPUTER_SCIENCE
PUB_025055,ENGINEERING
PUB_025055,COMPUTER_SCIENCE
PUB_025056,ENGINEERING
PUB_025057,ENGINEERING
PUB_025057,COMPUTER_SCIENCE
PUB_025058,ENGINEERING
PUB_025059,COMPUTER_SCIENCE
PUB_025059,ENGINEERING
PUB_025060,ENGINEERING
PUB_025060,MATERIALS_SCIENCE
PUB_025061,ENGINEERING
PUB_025062,COMPUTER_SCIENCE
PUB_025063,COMPUTER_SCIENCE
PUB_025064,ENGINEERING
PUB_025065,COMPUTER_SCIENCE
PUB_025066,ENGINEERING
PUB_025066,MATHEMATICS
PUB_025067,ENGINEERING
PUB_025067,COMPUTER_SCIENCE
PUB_025068,ENGINEERING
PUB_025068,MATERIALS_SCIENCE
PUB_025069,ENGINEERING
PUB_025070,ENGINEERING
PUB_025070,MATERIALS_SCIENCE
PUB_025070,ENERGY
PUB_025071,ENGINEERING
PUB_025071,MATERIALS_SCIENCE
PUB_025072,ENGINEERING
PUB_025072,MATERIALS_SCIENCE
PUB_025073,ENGINEERING
PUB_025074,ENGINEERING
PUB_025075,ENGINEERING
PUB_025075,MATERIALS_SCIENCE
PUB_025076,COMPUTER_SCIENCE
PUB_025077,COMPUTER_SCIENCE
PUB_025078,ENGINEERING
PUB_025078,MATERIALS_SCIENCE
PUB_025079,ENGINEERING
PUB_025079,PHYSICS_AND_ASTRONOMY
PUB_025080,ENGINEERING
PUB_025080,PHYSICS_AND_ASTRONOMY
PUB_025081,ENGINEERING
PUB_025081,PHYSICS_AND_ASTRONOMY
PUB_025082,ENGINEERING
PUB_025083,ENGINEERING
PUB_025083,PHYSICS_AND_ASTRONOMY
PUB_025084,ENGINEERING
PUB_025084,ENERGY
PUB_025085,ENGINEERING
PUB_025085,MATERIALS_SCIENCE
PUB_025086,COMPUTER_SCIENCE
PUB_025087,ENGINEERING
PUB_025087,COMPUTER_SCIENCE
PUB_025088,ENGINEERING
PUB_025088,ENERGY
PUB_025089,ENGINEERING
PUB_025089,ENERGY
PUB_025090,ENGINEERING
PUB_025090,MATERIALS_SCIENCE
PUB_025091,ENGINEERING
PUB_025091,MATERIALS_SCIENCE
PUB_025092,COMPUTER_SCIENCE
PUB_025093,ENGINEERING
PUB_025093,MATERIALS_SCIENCE
PUB_025094,ENGINEERING
PUB_025094,MATERIALS_SCIENCE
PUB_025095,ENGINEERING
PUB_025095,MATERIALS_SCIENCE
PUB_025096,ENGINEERING
PUB_025096,MATERIALS_SCIENCE
PUB_025097,ENGINEERING
PUB_025097,PHYSICS_AND_ASTRONOMY
PUB_025098,ENGINEERING
PUB_025098,MATERIALS_SCIENCE
PUB_025099,ENGINEERING
PUB_025099,PHYSICS_AND_ASTRONOMY
PUB_025100,ENGINEERING
PUB_025101,ENGINEERING
PUB_025101,MATERIALS_SCIENCE
PUB_025102,COMPUTER_SCIENCE
PUB_025103,COMPUTER_SCIENCE
PUB_025104,ENGINEERING
PUB_025104,MATERIALS_SCIENCE
PUB_025105,COMPUTER_SCIENCE
PUB_025106,COMPUTER_SCIENCE
PUB_025107,ENGINEERING
PUB_025108,ENGINEERING
PUB_025108,PHYSICS_AND_ASTRONOMY
PUB_025109,ENGINEERING
PUB_025110,ENGINEERING
PUB_025110,PHYSICS_AND_ASTRONOMY
PUB_025111,ENGINEERING
PUB_025111,PHYSICS_AND_ASTRONOMY
PUB_025111,MATERIALS_SCIENCE
PUB_025112,ENGINEERING
PUB_025113,ENGINEERING
PUB_025113,MATERIALS_SCIENCE
PUB_025114,ENGINEERING
PUB_025114,COMPUTER_SCIENCE
PUB_025115,ENGINEERING
PUB_025115,MATERIALS_SCIENCE
PUB_025115,ENERGY
PUB_025116,ENGINEERING
PUB_025116,MATERIALS_SCIENCE
PUB_025117,ENGINEERING
PUB_025117,MATERIALS_SCIENCE
PUB_025118,ENGINEERING
PUB_025118,PHYSICS_AND_ASTRONOMY
PUB_025118,MATERIALS_SCIENCE
PUB_025119,COMPUTER_SCIENCE
PUB_025119,PHYSICS_AND_ASTRONOMY
PUB_025120,ENGINEERING
PUB_025120,MATERIALS_SCIENCE
PUB_025121,ENGINEERING
PUB_025121,COMPUTER_SCIENCE
PUB_025122,ENGINEERING
PUB_025123,ENGINEERING
PUB_025123,MATERIALS_SCIENCE
PUB_025124,COMPUTER_SCIENCE
PUB_025124,MATHEMATICS
PUB_025125,ENGINEERING
PUB_025125,COMPUTER_SCIENCE
PUB_025126,COMPUTER_SCIENCE
PUB_025127,COMPUTER_SCIENCE
PUB_025128,COMPUTER_SCIENCE
PUB_025129,COMPUTER_SCIENCE
PUB_025130,ENGINEERING
PUB_025130,PHYSICS_AND_ASTRONOMY
PUB_025131,ENGINEERING
PUB_025132,ENGINEERING
PUB_025133,COMPUTER_SCIENCE
PUB_025133,ENERGY
PUB_025134,ENGINEERING
PUB_025134,MATERIALS_SCIENCE
PUB_025135,ENGINEERING
PUB_025135,MATERIALS_SCIENCE
PUB_025136,ENGINEERING
PUB_025136,ENERGY
PUB_025137,ENGINEERING
PUB_025138,ENGINEERING
PUB_025138,MATERIALS_SCIENCE
PUB_025139,COMPUTER_SCIENCE
PUB_025139,ENGINEERING
PUB_025140,ENGINEERING
PUB_025140,COMPUTER_SCIENCE
PUB_025141,ENGINEERING
PUB_025141,ENERGY
PUB_025142,ENGINEERING
PUB_025143,COMPUTER_SCIENCE
PUB_025144,ENGINEERING
PUB_025144,MATERIALS_SCIENCE
PUB_025145,ENGINEERING
PUB_025145,MATERIALS_SCIENCE
PUB_025146,ENGINEERING
PUB_025146,COMPUTER_SCIENCE
PUB_025147,COMPUTER_SCIENCE
PUB_025147,ENGINEERING
PUB_025148,COMPUTER_SCIENCE
PUB_025149,COMPUTER_SCIENCE
PUB_025150,ENGINEERING
PUB_025151,COMPUTER_SCIENCE
PUB_025152,COMPUTER_SCIENCE
PUB_025153,COMPUTER_SCIENCE
PUB_025154,COMPUTER_SCIENCE
PUB_025154,ENGINEERING
PUB_025155,COMPUTER_SCIENCE
PUB_025156,ENGINEERING
PUB_025157,COMPUTER_SCIENCE
PUB_025157,ENGINEERING
PUB_025158,COMPUTER_SCIENCE
PUB_025159,ENGINEERING
PUB_025160,COMPUTER_SCIENCE
PUB_025161,ENGINEERING
PUB_025161,MATERIALS_SCIENCE
PUB_025162,ENGINEERING
PUB_025163,ENGINEERING
PUB_025163,MATERIALS_SCIENCE
PUB_025164,COMPUTER_SCIENCE
PUB_025165,COMPUTER_SCIENCE
PUB_025166,COMPUTER_SCIENCE
PUB_025167,ENGINEERING
PUB_025167,MATERIALS_SCIENCE
PUB_025168,COMPUTER_SCIENCE
PUB_025169,ENGINEERING
PUB_025170,ENGINEERING
PUB_025170,MATERIALS_SCIENCE
PUB_025171,ENGINEERING
PUB_025171,MATERIALS_SCIENCE
PUB_025172,ENGINEERING
PUB_025172,MATERIALS_SCIENCE
PUB_025173,ENGINEERING
PUB_025174,COMPUTER_SCIENCE
PUB_025175,ENGINEERING
PUB_025176,ENGINEERING
PUB_025176,MATERIALS_SCIENCE
PUB_025177,ENGINEERING
PUB_025178,COMPUTER_SCIENCE
PUB_025179,ENGINEERING
PUB_025179,MATERIALS_SCIENCE
PUB_025180,COMPUTER_SCIENCE
PUB_025181,ENGINEERING
PUB_025181,MATERIALS_SCIENCE
PUB_025182,ENGINEERING
PUB_025183,COMPUTER_SCIENCE
PUB_025183,ENGINEERING
PUB_025184,ENGINEERING
PUB_025184,MATERIALS_SCIENCE
PUB_025185,ENGINEERING
PUB_025185,ENERGY
PUB_025186,ENGINEERING
PUB_025186,MATERIALS_SCIENCE
PUB_025187,ENGINEERING
PUB_025187,MATERIALS_SCIENCE
PUB_025188,ENGINEERING
PUB_025188,MATERIALS_SCIENCE
PUB_025189,COMPUTER_SCIENCE
PUB_025190,ENGINEERING
PUB_025190,MATERIALS_SCIENCE
PUB_025190,ENERGY
PUB_025191,ENGINEERING
PUB_025191,MATERIALS_SCIENCE
PUB_025192,COMPUTER_SCIENCE
PUB_025193,COMPUTER_SCIENCE
PUB_025194,COMPUTER_SCIENCE
PUB_025195,COMPUTER_SCIENCE
PUB_025195,ENGINEERING
PUB_025196,ENGINEERING
PUB_025197,ENGINEERING
PUB_025198,ENGINEERING
PUB_025198,MATERIALS_SCIENCE
PUB_025199,COMPUTER_SCIENCE
PUB_025200,ENGINEERING
PUB_025201,ENGINEERING
PUB_025201,MATERIALS_SCIENCE
PUB_025202,ENGINEERING
PUB_025203,ENGINEERING
PUB_025204,COMPUTER_SCIENCE
PUB_025205,ENGINEERING
PUB_025205,MATERIALS_SCIENCE
PUB_025206,ENGINEERING
PUB_025206,ENERGY
PUB_025207,ENGINEERING
PUB_025208,ENGINEERING
PUB_025209,COMPUTER_SCIENCE
PUB_025210,ENGINEERING
PUB_025210,ENERGY
PUB_025211,ENGINEERING
PUB_025211,MATERIALS_SCIENCE
PUB_025212,COMPUTER_SCIENCE
PUB_025212,ENGINEERING
PUB_025213,ENGINEERING
PUB_025213,MATERIALS_SCIENCE
PUB_025214,ENGINEERING
PUB_025214,MATERIALS_SCIENCE
PUB_025215,ENGINEERING
PUB_025216,COMPUTER_SCIENCE
PUB_025217,COMPUTER_SCIENCE
PUB_025217,PHYSICS_AND_ASTRONOMY
PUB_025218,ENGINEERING
PUB_025219,COMPUTER_SCIENCE
PUB_025220,COMPUTER_SCIENCE
PUB_025220,ENGINEERING
PUB_025221,COMPUTER_SCIENCE
PUB_025222,ENGINEERING
PUB_025222,PHYSICS_AND_ASTRONOMY
PUB_025223,ENGINEERING
PUB_025224,COMPUTER_SCIENCE
PUB_025225,ENGINEERING
PUB_025226,ENGINEERING
PUB_025226,COMPUTER_SCIENCE
PUB_025227,ENGINEERING
PUB_025227,PHYSICS_AND_ASTRONOMY
PUB_025228,COMPUTER_SCIENCE
PUB_025229,COMPUTER_SCIENCE
PUB_025230,COMPUTER_SCIENCE
PUB_025231,ENGINEERING
PUB_025232,COMPUTER_SCIENCE
PUB_025233,COMPUTER_SCIENCE
PUB_025234,COMPUTER_SCIENCE
PUB_025235,COMPUTER_SCIENCE
PUB_025235,ENGINEERING
PUB_025236,COMPUTER_SCIENCE
PUB_025237,ENGINEERING
PUB_025237,MATERIALS_SCIENCE
PUB_025238,COMPUTER_SCIENCE
PUB_025239,COMPUTER_SCIENCE
PUB_025240,COMPUTER_SCIENCE
PUB_025241,COMPUTER_SCIENCE
PUB_025242,ENGINEERING
PUB_025243,COMPUTER_SCIENCE
PUB_025244,ENGINEERING
PUB_025245,ENGINEERING
PUB_025245,MATHEMATICS
PUB_025246,ENGINEERING
PUB_025246,MATERIALS_SCIENCE
PUB_025247,ENGINEERING
PUB_025248,ENGINEERING
PUB_025249,ENGINEERING
PUB_025250,ENGINEERING
PUB_025250,COMPUTER_SCIENCE
PUB_025251,COMPUTER_SCIENCE
PUB_025252,ENGINEERING
PUB_025252,MATERIALS_SCIENCE
PUB_025253,ENGINEERING
PUB_025254,COMPUTER_SCIENCE
PUB_025254,ENGINEERING
PUB_025255,ENGINEERING
PUB_025255,MATERIALS_SCIENCE
PUB_025256,ENGINEERING
PUB_025257,COMPUTER_SCIENCE
PUB_025258,ENGINEERING
PUB_025259,COMPUTER_SCIENCE
PUB_025260,ENGINEERING
PUB_025260,MATERIALS_SCIENCE
PUB_025261,COMPUTER_SCIENCE
PUB_025262,ENGINEERING
PUB_025263,ENGINEERING
PUB_025264,COMPUTER_SCIENCE
PUB_025265,ENGINEERING
PUB_025265,COMPUTER_SCIENCE
PUB_025266,COMPUTER_SCIENCE
PUB_025267,COMPUTER_SCIENCE
PUB_025268,ENGINEERING
PUB_025268,MATERIALS_SCIENCE
PUB_025269,COMPUTER_SCIENCE
PUB_025270,ENGINEERING
PUB_025271,COMPUTER_SCIENCE
PUB_025272,ENGINEERING
PUB_025273,COMPUTER_SCIENCE
PUB_025274,ENGINEERING
PUB_025275,ENGINEERING
PUB_025276,ENGINEERING
PUB_025276,COMPUTER_SCIENCE
PUB_025277,ENGINEERING
PUB_025278,COMPUTER_SCIENCE
PUB_025279,ENGINEERING
PUB_025279,COMPUTER_SCIENCE
PUB_025280,ENGINEERING
PUB_025281,ENGINEERING
PUB_025281,COMPUTER_SCIENCE
PUB_025282,ENGINEERING
PUB_025282,COMPUTER_SCIENCE
PUB_025283,ENGINEERING
PUB_025283,COMPUTER_SCIENCE
PUB_025284,ENGINEERING
PUB_025284,MATERIALS_SCIENCE
PUB_025285,COMPUTER_SCIENCE
PUB_025286,COMPUTER_SCIENCE
PUB_025287,ENGINEERING
PUB_025287,COMPUTER_SCIENCE
PUB_025288,COMPUTER_SCIENCE
PUB_025289,COMPUTER_SCIENCE
PUB_025290,COMPUTER_SCIENCE
PUB_025290,ENGINEERING
PUB_025291,ENGINEERING
PUB_025291,MATERIALS_SCIENCE
PUB_025292,ENGINEERING
PUB_025292,MATERIALS_SCIENCE
PUB_025292,ENERGY
PUB_025293,COMPUTER_SCIENCE
PUB_025294,ENGINEERING
PUB_025295,ENGINEERING
PUB_025296,ENGINEERING
PUB_025297,COMPUTER_SCIENCE
PUB_025298,COMPUTER_SCIENCE
PUB_025298,ENGINEERING
PUB_025299,COMPUTER_SCIENCE
PUB_025300,COMPUTER_SCIENCE
PUB_025301,COMPUTER_SCIENCE
PUB_025302,COMPUTER_SCIENCE
PUB_025303,COMPUTER_SCIENCE
PUB_025303,ENGINEERING
PUB_025304,ENGINEERING
PUB_025305,ENGINEERING
PUB_025305,PHYSICS_AND_ASTRONOMY
PUB_025306,COMPUTER_SCIENCE
PUB_025306,ENGINEERING
PUB_025307,ENGINEERING
PUB_025308,COMPUTER_SCIENCE
PUB_025309,ENGINEERING
PUB_025309,MATERIALS_SCIENCE
PUB_025309,ENERGY
PUB_025310,ENGINEERING
PUB_025310,MATERIALS_SCIENCE
PUB_025310,ENERGY
PUB_025311,COMPUTER_SCIENCE
PUB_025312,ENGINEERING
PUB_025313,ENGINEERING
PUB_025314,ENGINEERING
PUB_025314,ENERGY
PUB_025315,ENGINEERING
PUB_025315,ENERGY
PUB_025316,ENGINEERING
PUB_025317,COMPUTER_SCIENCE
PUB_025318,ENGINEERING
PUB_025318,PHYSICS_AND_ASTRONOMY
PUB_025319,ENGINEERING
PUB_025320,ENGINEERING
PUB_025320,COMPUTER_SCIENCE
PUB_025321,COMPUTER_SCIENCE
PUB_025322,ENGINEERING
PUB_025323,ENGINEERING
PUB_025323,MATERIALS_SCIENCE
PUB_025324,COMPUTER_SCIENCE
PUB_025325,COMPUTER_SCIENCE
PUB_025326,ENGINEERING
PUB_025327,ENGINEERING
PUB_025328,ENGINEERING
PUB_025329,COMPUTER_SCIENCE
PUB_025330,COMPUTER_SCIENCE
PUB_025330,ENGINEERING
PUB_025331,ENGINEERING
PUB_025332,COMPUTER_SCIENCE
PUB_025333,ENGINEERING
PUB_025333,MATERIALS_SCIENCE
PUB_025334,ENGINEERING
PUB_025334,MATERIALS_SCIENCE
PUB_025335,COMPUTER_SCIENCE
PUB_025336,COMPUTER_SCIENCE
PUB_025336,ENGINEERING
PUB_025337,COMPUTER_SCIENCE
PUB_025338,COMPUTER_SCIENCE
PUB_025339,COMPUTER_SCIENCE
PUB_025340,ENGINEERING
PUB_025341,COMPUTER_SCIENCE
PUB_025342,ENGINEERING
PUB_025343,COMPUTER_SCIENCE
PUB_025344,ENGINEERING
PUB_025344,PHYSICS_AND_ASTRONOMY
PUB_025345,ENGINEERING
PUB_025345,MATERIALS_SCIENCE
PUB_025346,ENGINEERING
PUB_025347,COMPUTER_SCIENCE
PUB_025348,COMPUTER_SCIENCE
PUB_025349,ENGINEERING
PUB_025350,ENGINEERING
PUB_025351,ENGINEERING
PUB_025351,COMPUTER_SCIENCE
PUB_025352,ENGINEERING
PUB_025353,ENGINEERING
PUB_025354,ENGINEERING
PUB_025354,PHYSICS_AND_ASTRONOMY
PUB_025355,ENGINEERING
PUB_025355,MATHEMATICS
PUB_025356,COMPUTER_SCIENCE
PUB_025356,ENGINEERING
PUB_025357,ENGINEERING
PUB_025357,MATERIALS_SCIENCE
PUB_025358,COMPUTER_SCIENCE
PUB_025359,ENGINEERING
PUB_025360,ENGINEERING
PUB_025361,COMPUTER_SCIENCE
PUB_025362,COMPUTER_SCIENCE
PUB_025363,ENGINEERING
PUB_025364,ENGINEERING
PUB_025364,COMPUTER_SCIENCE
PUB_025365,COMPUTER_SCIENCE
PUB_025366,ENGINEERING
PUB_025366,MATERIALS_SCIENCE
PUB_025367,ENGINEERING
PUB_025368,COMPUTER_SCIENCE
PUB_025369,COMPUTER_SCIENCE
PUB_025370,ENGINEERING
PUB_025370,MATERIALS_SCIENCE
PUB_025371,COMPUTER_SCIENCE
PUB_025371,ENGINEERING
PUB_025372,ENGINEERING
PUB_025373,COMPUTER_SCIENCE
PUB_025374,COMPUTER_SCIENCE
PUB_025375,ENGINEERING
PUB_025375,COMPUTER_SCIENCE
PUB_025376,ENGINEERING
PUB_025376,PHYSICS_AND_ASTRONOMY
PUB_025377,COMPUTER_SCIENCE
PUB_025378,ENGINEERING
PUB_025379,COMPUTER_SCIENCE
PUB_025380,ENGINEERING
PUB_025381,ENGINEERING
PUB_025381,COMPUTER_SCIENCE
PUB_025382,COMPUTER_SCIENCE
PUB_025383,ENGINEERING
PUB_025383,PHYSICS_AND_ASTRONOMY
PUB_025383,MATHEMATICS
PUB_025384,COMPUTER_SCIENCE
PUB_025384,ENGINEERING
PUB_025385,ENGINEERING
PUB_025386,COMPUTER_SCIENCE
PUB_025387,COMPUTER_SCIENCE
PUB_025387,ENGINEERING
PUB_025388,COMPUTER_SCIENCE
PUB_025388,ENGINEERING
PUB_025389,ENGINEERING
PUB_025389,MATERIALS_SCIENCE
PUB_025390,ENGINEERING
PUB_025391,COMPUTER_SCIENCE
PUB_025392,ENGINEERING
PUB_025392,MATERIALS_SCIENCE
PUB_025393,ENGINEERING
PUB_025394,COMPUTER_SCIENCE
PUB_025395,ENGINEERING
PUB_025395,PHYSICS_AND_ASTRONOMY
PUB_025396,COMPUTER_SCIENCE
PUB_025396,ENGINEERING
PUB_025397,ENGINEERING
PUB_025397,COMPUTER_SCIENCE
PUB_025398,COMPUTER_SCIENCE
PUB_025399,COMPUTER_SCIENCE
PUB_025400,COMPUTER_SCIENCE
PUB_025400,ENGINEERING
PUB_025400,ENERGY
PUB_025401,ENGINEERING
PUB_025402,COMPUTER_SCIENCE
PUB_025403,COMPUTER_SCIENCE
PUB_025404,ENGINEERING
PUB_025404,MATERIALS_SCIENCE
PUB_025405,ENGINEERING
PUB_025405,COMPUTER_SCIENCE
PUB_025406,COMPUTER_SCIENCE
PUB_025406,ENGINEERING
PUB_025407,ENGINEERING
PUB_025408,ENGINEERING
PUB_025408,MATERIALS_SCIENCE
PUB_025409,ENGINEERING
PUB_025409,COMPUTER_SCIENCE
PUB_025410,COMPUTER_SCIENCE
PUB_025411,COMPUTER_SCIENCE
PUB_025411,ENGINEERING
PUB_025412,ENGINEERING
PUB_025413,ENGINEERING
PUB_025414,ENGINEERING
PUB_025415,COMPUTER_SCIENCE
PUB_025416,COMPUTER_SCIENCE
PUB_025417,COMPUTER_SCIENCE
PUB_025418,COMPUTER_SCIENCE
PUB_025419,ENGINEERING
PUB_025420,COMPUTER_SCIENCE
PUB_025421,ENGINEERING
PUB_025422,ENGINEERING
PUB_025423,ENGINEERING
PUB_025424,COMPUTER_SCIENCE
PUB_025424,ENERGY
PUB_025425,ENGINEERING
PUB_025425,COMPUTER_SCIENCE
PUB_025426,COMPUTER_SCIENCE
PUB_025427,ENGINEERING
PUB_025428,COMPUTER_SCIENCE
PUB_025429,ENGINEERING
PUB_025429,COMPUTER_SCIENCE
PUB_025430,COMPUTER_SCIENCE
PUB_025430,ENGINEERING
PUB_025431,COMPUTER_SCIENCE
PUB_025432,COMPUTER_SCIENCE
PUB_025433,COMPUTER_SCIENCE
PUB_025434,ENGINEERING
PUB_025434,COMPUTER_SCIENCE
PUB_025435,COMPUTER_SCIENCE
PUB_025436,ENGINEERING
PUB_025437,ENGINEERING
PUB_025437,MATERIALS_SCIENCE
PUB_025438,COMPUTER_SCIENCE
PUB_025439,ENGINEERING
PUB_025439,COMPUTER_SCIENCE
PUB_025440,COMPUTER_SCIENCE
PUB_025441,ENGINEERING
PUB_025442,COMPUTER_SCIENCE
PUB_025443,COMPUTER_SCIENCE
PUB_025444,COMPUTER_SCIENCE
PUB_025445,ENGINEERING
PUB_025446,ENGINEERING
PUB_025446,MATERIALS_SCIENCE
PUB_025447,ENGINEERING
PUB_025448,COMPUTER_SCIENCE
PUB_025449,ENGINEERING
PUB_025449,MATERIALS_SCIENCE
PUB_025450,COMPUTER_SCIENCE
PUB_025451,ENGINEERING
PUB_025451,MATERIALS_SCIENCE
PUB_025452,COMPUTER_SCIENCE
PUB_025453,COMPUTER_SCIENCE
PUB_025453,ENGINEERING
PUB_025454,COMPUTER_SCIENCE
PUB_025455,COMPUTER_SCIENCE
PUB_025456,ENGINEERING
PUB_025457,COMPUTER_SCIENCE
PUB_025458,ENGINEERING
PUB_025459,COMPUTER_SCIENCE
PUB_025459,ENGINEERING
PUB_025460,ENGINEERING
PUB_025461,ENGINEERING
PUB_025461,COMPUTER_SCIENCE
PUB_025462,COMPUTER_SCIENCE
PUB_025463,ENGINEERING
PUB_025464,COMPUTER_SCIENCE
PUB_025464,ENGINEERING
PUB_025465,COMPUTER_SCIENCE
PUB_025466,ENGINEERING
PUB_025467,COMPUTER_SCIENCE
PUB_025467,ENGINEERING
PUB_025468,COMPUTER_SCIENCE
PUB_025469,ENGINEERING
PUB_025470,COMPUTER_SCIENCE
PUB_025471,ENGINEERING
PUB_025471,COMPUTER_SCIENCE
PUB_025472,ENGINEERING
PUB_025473,COMPUTER_SCIENCE
PUB_025473,ENGINEERING
PUB_025474,COMPUTER_SCIENCE
PUB_025475,ENGINEERING
PUB_025475,MATERIALS_SCIENCE
PUB_025476,COMPUTER_SCIENCE
PUB_025476,ENGINEERING
PUB_025477,COMPUTER_SCIENCE
PUB_025477,PHYSICS_AND_ASTRONOMY
PUB_025478,COMPUTER_SCIENCE
PUB_025479,COMPUTER_SCIENCE
PUB_025479,ENGINEERING
PUB_025480,COMPUTER_SCIENCE
PUB_025481,COMPUTER_SCIENCE
PUB_025482,ENGINEERING
PUB_025483,ENGINEERING
PUB_025483,MATERIALS_SCIENCE
PUB_025484,ENGINEERING
PUB_025485,ENGINEERING
PUB_025486,ENGINEERING
PUB_025486,COMPUTER_SCIENCE
PUB_025487,COMPUTER_SCIENCE
PUB_025487,ENGINEERING
PUB_025488,COMPUTER_SCIENCE
PUB_025489,ENGINEERING
PUB_025490,COMPUTER_SCIENCE
PUB_025491,COMPUTER_SCIENCE
PUB_025492,ENGINEERING
PUB_025493,COMPUTER_SCIENCE
PUB_025494,ENGINEERING
PUB_025494,ENERGY
PUB_025495,COMPUTER_SCIENCE
PUB_025496,ENGINEERING
PUB_025497,ENGINEERING
PUB_025498,ENGINEERING
PUB_025499,ENGINEERING
PUB_025500,COMPUTER_SCIENCE
PUB_025501,ENGINEERING
PUB_025502,COMPUTER_SCIENCE
PUB_025502,ENGINEERING
PUB_025503,ENGINEERING
PUB_025503,COMPUTER_SCIENCE
PUB_025504,COMPUTER_SCIENCE
PUB_025505,ENGINEERING
PUB_025506,ENGINEERING
PUB_025506,COMPUTER_SCIENCE
PUB_025507,ENGINEERING
PUB_025508,COMPUTER_SCIENCE
PUB_025509,ENGINEERING
PUB_025510,COMPUTER_SCIENCE
PUB_025511,ENGINEERING
PUB_025512,ENGINEERING
PUB_025513,ENGINEERING
PUB_025514,ENGINEERING
PUB_025515,ENGINEERING
PUB_025516,ENGINEERING
PUB_025517,ENGINEERING
PUB_025517,ENERGY
PUB_025518,COMPUTER_SCIENCE
PUB_025519,ENGINEERING
PUB_025519,MATHEMATICS
PUB_025520,COMPUTER_SCIENCE
PUB_025521,ENGINEERING
PUB_025522,ENGINEERING
PUB_025522,MATHEMATICS
PUB_025523,COMPUTER_SCIENCE
PUB_025524,COMPUTER_SCIENCE
PUB_025525,ENGINEERING
PUB_025525,MATHEMATICS
PUB_025526,COMPUTER_SCIENCE
PUB_025527,COMPUTER_SCIENCE
PUB_025528,ENGINEERING
PUB_025529,ENGINEERING
PUB_025530,COMPUTER_SCIENCE
PUB_025530,ENGINEERING
PUB_025531,ENGINEERING
PUB_025532,ENGINEERING
PUB_025532,COMPUTER_SCIENCE
PUB_025533,ENGINEERING
PUB_025534,ENGINEERING
PUB_025534,MATERIALS_SCIENCE
PUB_025535,ENGINEERING
PUB_025535,MATHEMATICS
PUB_025536,COMPUTER_SCIENCE
PUB_025537,ENGINEERING
PUB_025537,COMPUTER_SCIENCE
PUB_025538,COMPUTER_SCIENCE
PUB_025539,ENGINEERING
PUB_025540,COMPUTER_SCIENCE
PUB_025541,COMPUTER_SCIENCE
PUB_025542,ENGINEERING
PUB_025543,ENGINEERING
PUB_025544,ENGINEERING
PUB_025545,COMPUTER_SCIENCE
PUB_025546,ENGINEERING
PUB_025546,PHYSICS_AND_ASTRONOMY
PUB_025546,MATERIALS_SCIENCE
PUB_025547,COMPUTER_SCIENCE
PUB_025548,COMPUTER_SCIENCE
PUB_025549,ENGINEERING
PUB_025550,COMPUTER_SCIENCE
PUB_025550,ENGINEERING
PUB_025551,ENGINEERING
PUB_025552,COMPUTER_SCIENCE
PUB_025553,ENGINEERING
PUB_025554,ENGINEERING
PUB_025554,MATERIALS_SCIENCE
PUB_025555,ENGINEERING
PUB_025556,COMPUTER_SCIENCE
PUB_025557,COMPUTER_SCIENCE
PUB_025558,COMPUTER_SCIENCE
PUB_025559,COMPUTER_SCIENCE
PUB_025560,COMPUTER_SCIENCE
PUB_025561,COMPUTER_SCIENCE
PUB_025561,ENGINEERING
PUB_025562,ENGINEERING
PUB_025562,MATERIALS_SCIENCE
PUB_025563,COMPUTER_SCIENCE
PUB_025563,ENGINEERING
PUB_025564,COMPUTER_SCIENCE
PUB_025564,ENGINEERING
PUB_025565,COMPUTER_SCIENCE
PUB_025566,COMPUTER_SCIENCE
PUB_025567,ENGINEERING
PUB_025568,COMPUTER_SCIENCE
PUB_025569,COMPUTER_SCIENCE
PUB_025570,COMPUTER_SCIENCE
PUB_025570,ENGINEERING
PUB_025571,COMPUTER_SCIENCE
PUB_025572,COMPUTER_SCIENCE
PUB_025572,ENGINEERING
PUB_025573,ENGINEERING
PUB_025574,ENGINEERING
PUB_025575,ENGINEERING
PUB_025575,MATERIALS_SCIENCE
PUB_025576,ENGINEERING
PUB_025577,COMPUTER_SCIENCE
PUB_025577,ENGINEERING
PUB_025578,COMPUTER_SCIENCE
PUB_025579,COMPUTER_SCIENCE
PUB_025580,COMPUTER_SCIENCE
PUB_025580,ENGINEERING
PUB_025581,ENGINEERING
PUB_025582,ENGINEERING
PUB_025582,COMPUTER_SCIENCE
PUB_025583,COMPUTER_SCIENCE
PUB_025583,ENGINEERING
PUB_025584,ENGINEERING
PUB_025585,COMPUTER_SCIENCE
PUB_025586,ENGINEERING
PUB_025586,COMPUTER_SCIENCE
PUB_025587,ENGINEERING
PUB_025587,COMPUTER_SCIENCE
PUB_025588,COMPUTER_SCIENCE
PUB_025589,COMPUTER_SCIENCE
PUB_025590,COMPUTER_SCIENCE
PUB_025591,COMPUTER_SCIENCE
PUB_025592,ENGINEERING
PUB_025593,COMPUTER_SCIENCE
PUB_025594,ENGINEERING
PUB_025595,ENGINEERING
PUB_025596,ENGINEERING
PUB_025597,ENGINEERING
PUB_025597,COMPUTER_SCIENCE
PUB_025598,ENGINEERING
PUB_025599,COMPUTER_SCIENCE
PUB_025600,COMPUTER_SCIENCE
PUB_025601,COMPUTER_SCIENCE
PUB_025601,ENGINEERING
PUB_025602,COMPUTER_SCIENCE
PUB_025603,COMPUTER_SCIENCE
PUB_025604,ENGINEERING
PUB_025605,ENGINEERING
PUB_025605,MATERIALS_SCIENCE
PUB_025606,ENGINEERING
PUB_025606,MATERIALS_SCIENCE
PUB_025607,COMPUTER_SCIENCE
PUB_025608,COMPUTER_SCIENCE
PUB_025609,COMPUTER_SCIENCE
PUB_025609,ENGINEERING
PUB_025610,ENGINEERING
PUB_025611,COMPUTER_SCIENCE
PUB_025612,ENGINEERING
PUB_025612,MATERIALS_SCIENCE
PUB_025613,COMPUTER_SCIENCE
PUB_025614,ENGINEERING
PUB_025614,PHYSICS_AND_ASTRONOMY
PUB_025615,ENGINEERING
PUB_025616,ENGINEERING
PUB_025616,MATERIALS_SCIENCE
PUB_025617,ENGINEERING
PUB_025618,ENGINEERING
PUB_025618,COMPUTER_SCIENCE
PUB_025619,ENGINEERING
PUB_025620,COMPUTER_SCIENCE
PUB_025621,ENGINEERING
PUB_025622,ENGINEERING
PUB_025623,ENGINEERING
PUB_025624,ENGINEERING
PUB_025625,COMPUTER_SCIENCE
PUB_025626,ENGINEERING
PUB_025627,ENGINEERING
PUB_025627,PHYSICS_AND_ASTRONOMY
PUB_025628,ENGINEERING
PUB_025629,ENGINEERING
PUB_025629,MATERIALS_SCIENCE
PUB_025630,ENGINEERING
PUB_025630,MATERIALS_SCIENCE
PUB_025631,COMPUTER_SCIENCE
PUB_025632,COMPUTER_SCIENCE
PUB_025633,COMPUTER_SCIENCE
PUB_025634,ENGINEERING
PUB_025634,COMPUTER_SCIENCE
PUB_025635,ENGINEERING
PUB_025635,MATERIALS_SCIENCE
PUB_025636,COMPUTER_SCIENCE
PUB_025637,COMPUTER_SCIENCE
PUB_025638,ENGINEERING
PUB_025638,PHYSICS_AND_ASTRONOMY
PUB_025638,MATERIALS_SCIENCE
PUB_025639,ENGINEERING
PUB_025640,ENGINEERING
PUB_025640,COMPUTER_SCIENCE
PUB_025641,ENGINEERING
PUB_025642,ENGINEERING
PUB_025643,ENGINEERING
PUB_025644,ENGINEERING
PUB_025644,COMPUTER_SCIENCE
PUB_025645,COMPUTER_SCIENCE
PUB_025646,ENGINEERING
PUB_025646,PHYSICS_AND_ASTRONOMY
PUB_025647,COMPUTER_SCIENCE
PUB_025648,ENGINEERING
PUB_025649,ENGINEERING
PUB_025650,ENGINEERING
PUB_025650,MATERIALS_SCIENCE
PUB_025651,ENGINEERING
PUB_025652,COMPUTER_SCIENCE
PUB_025652,ENGINEERING
PUB_025653,COMPUTER_SCIENCE
PUB_025653,ENGINEERING
PUB_025654,COMPUTER_SCIENCE
PUB_025655,ENGINEERING
PUB_025656,COMPUTER_SCIENCE
PUB_025657,COMPUTER_SCIENCE
PUB_025658,ENGINEERING
PUB_025659,COMPUTER_SCIENCE
PUB_025660,ENGINEERING
PUB_025661,ENGINEERING
PUB_025662,COMPUTER_SCIENCE
PUB_025662,ENGINEERING
PUB_025663,ENGINEERING
PUB_025664,ENGINEERING
PUB_025664,COMPUTER_SCIENCE
PUB_025665,COMPUTER_SCIENCE
PUB_025666,ENGINEERING
PUB_025667,ENGINEERING
PUB_025667,PHYSICS_AND_ASTRONOMY
PUB_025668,COMPUTER_SCIENCE
PUB_025669,ENGINEERING
PUB_025670,ENGINEERING
PUB_025671,COMPUTER_SCIENCE
PUB_025671,ENGINEERING
PUB_025672,COMPUTER_SCIENCE
PUB_025672,ENGINEERING
PUB_025673,COMPUTER_SCIENCE
PUB_025674,ENGINEERING
PUB_025675,COMPUTER_SCIENCE
PUB_025675,ENGINEERING
PUB_025676,ENGINEERING
PUB_025677,ENGINEERING
PUB_025678,ENGINEERING
PUB_025679,ENGINEERING
PUB_025680,COMPUTER_SCIENCE
PUB_025681,COMPUTER_SCIENCE
PUB_025682,COMPUTER_SCIENCE
PUB_025683,ENGINEERING
PUB_025684,ENGINEERING
PUB_025685,COMPUTER_SCIENCE
PUB_025686,COMPUTER_SCIENCE
PUB_025687,COMPUTER_SCIENCE
PUB_025688,ENGINEERING
PUB_025689,COMPUTER_SCIENCE
PUB_025689,ENGINEERING
PUB_025690,COMPUTER_SCIENCE
PUB_025691,ENGINEERING
PUB_025692,COMPUTER_SCIENCE
PUB_025693,ENGINEERING
PUB_025693,MATERIALS_SCIENCE
PUB_025694,ENGINEERING
PUB_025695,ENGINEERING
PUB_025695,COMPUTER_SCIENCE
PUB_025696,ENGINEERING
PUB_025696,COMPUTER_SCIENCE
PUB_025697,COMPUTER_SCIENCE
PUB_025697,ENGINEERING
PUB_025698,ENGINEERING
PUB_025699,ENGINEERING
PUB_025700,ENGINEERING
PUB_025700,MATERIALS_SCIENCE
PUB_025701,COMPUTER_SCIENCE
PUB_025702,ENGINEERING
PUB_025702,PHYSICS_AND_ASTRONOMY
PUB_025703,COMPUTER_SCIENCE
PUB_025703,MATHEMATICS
PUB_025704,ENGINEERING
PUB_025705,ENGINEERING
PUB_025706,COMPUTER_SCIENCE
PUB_025707,ENGINEERING
PUB_025708,COMPUTER_SCIENCE
PUB_025709,COMPUTER_SCIENCE
PUB_025710,COMPUTER_SCIENCE
PUB_025711,ENGINEERING
PUB_025712,COMPUTER_SCIENCE
PUB_025712,ENGINEERING
PUB_025713,COMPUTER_SCIENCE
PUB_025714,ENGINEERING
PUB_025715,COMPUTER_SCIENCE
PUB_025716,ENGINEERING
PUB_025716,COMPUTER_SCIENCE
PUB_025717,ENGINEERING
PUB_025718,ENGINEERING
PUB_025719,ENGINEERING
PUB_025720,COMPUTER_SCIENCE
PUB_025721,ENGINEERING
PUB_025721,COMPUTER_SCIENCE
PUB_025722,ENGINEERING
PUB_025722,COMPUTER_SCIENCE
PUB_025723,ENGINEERING
PUB_025723,COMPUTER_SCIENCE
PUB_025724,ENGINEERING
PUB_025724,COMPUTER_SCIENCE
PUB_025725,ENGINEERING
PUB_025726,COMPUTER_SCIENCE
PUB_025727,COMPUTER_SCIENCE
PUB_025728,ENGINEERING
PUB_025729,ENGINEERING
PUB_025729,COMPUTER_SCIENCE
PUB_025730,COMPUTER_SCIENCE
PUB_025730,ENGINEERING
PUB_025731,ENGINEERING
PUB_025731,MATERIALS_SCIENCE
PUB_025732,ENGINEERING
PUB_025732,COMPUTER_SCIENCE
PUB_025733,COMPUTER_SCIENCE
PUB_025733,PHYSICS_AND_ASTRONOMY
PUB_025734,COMPUTER_SCIENCE
PUB_025735,COMPUTER_SCIENCE
PUB_025735,MATHEMATICS
PUB_025735,MATERIALS_SCIENCE
PUB_025736,COMPUTER_SCIENCE
PUB_025737,ENGINEERING
PUB_025738,COMPUTER_SCIENCE
PUB_025739,ENGINEERING
PUB_025739,PHYSICS_AND_ASTRONOMY
PUB_025740,ENGINEERING
PUB_025740,COMPUTER_SCIENCE
PUB_025741,COMPUTER_SCIENCE
PUB_025742,COMPUTER_SCIENCE
PUB_025743,COMPUTER_SCIENCE
PUB_025744,COMPUTER_SCIENCE
PUB_025745,COMPUTER_SCIENCE
PUB_025745,ENGINEERING
PUB_025746,COMPUTER_SCIENCE
PUB_025746,ENGINEERING
PUB_025747,ENGINEERING
PUB_025747,COMPUTER_SCIENCE
PUB_025748,COMPUTER_SCIENCE
PUB_025748,ENGINEERING
PUB_025749,ENGINEERING
PUB_025750,COMPUTER_SCIENCE
PUB_025750,PHYSICS_AND_ASTRONOMY
PUB_025751,ENGINEERING
PUB_025752,COMPUTER_SCIENCE
PUB_025753,ENGINEERING
PUB_025754,COMPUTER_SCIENCE
PUB_025755,ENGINEERING
PUB_025755,PHYSICS_AND_ASTRONOMY
PUB_025756,COMPUTER_SCIENCE
PUB_025757,COMPUTER_SCIENCE
PUB_025757,PHYSICS_AND_ASTRONOMY
PUB_025757,ENGINEERING
PUB_025758,COMPUTER_SCIENCE
PUB_025759,COMPUTER_SCIENCE
PUB_025759,ENGINEERING
PUB_025760,COMPUTER_SCIENCE
PUB_025760,PHYSICS_AND_ASTRONOMY
PUB_025761,COMPUTER_SCIENCE
PUB_025762,ENGINEERING
PUB_025763,ENGINEERING
PUB_025763,PHYSICS_AND_ASTRONOMY
PUB_025763,MATHEMATICS
PUB_025764,COMPUTER_SCIENCE
PUB_025765,COMPUTER_SCIENCE
PUB_025766,COMPUTER_SCIENCE
PUB_025766,ENGINEERING
PUB_025767,COMPUTER_SCIENCE
PUB_025768,COMPUTER_SCIENCE
PUB_025768,PHYSICS_AND_ASTRONOMY
PUB_025769,ENGINEERING
PUB_025770,COMPUTER_SCIENCE
PUB_025771,ENGINEERING
PUB_025772,COMPUTER_SCIENCE
PUB_025773,ENGINEERING
PUB_025773,MATERIALS_SCIENCE
PUB_025774,ENGINEERING
PUB_025774,MATERIALS_SCIENCE
PUB_025775,ENGINEERING
PUB_025775,PHYSICS_AND_ASTRONOMY
PUB_025776,COMPUTER_SCIENCE
PUB_025776,MATHEMATICS
PUB_025776,ENGINEERING
PUB_025777,COMPUTER_SCIENCE
PUB_025777,MATERIALS_SCIENCE
PUB_025778,ENGINEERING
PUB_025778,MATERIALS_SCIENCE
PUB_025779,ENGINEERING
PUB_025780,COMPUTER_SCIENCE
PUB_025780,ENGINEERING
PUB_025781,ENGINEERING
PUB_025782,ENGINEERING
PUB_025783,ENGINEERING
PUB_025784,ENGINEERING
PUB_025785,COMPUTER_SCIENCE
PUB_025786,COMPUTER_SCIENCE
PUB_025787,COMPUTER_SCIENCE
PUB_025787,PHYSICS_AND_ASTRONOMY
PUB_025788,ENGINEERING
PUB_025788,MATERIALS_SCIENCE
PUB_025789,COMPUTER_SCIENCE
PUB_025790,ENGINEERING
PUB_025791,MATHEMATICS
PUB_025792,ENGINEERING
PUB_025792,COMPUTER_SCIENCE
PUB_025793,COMPUTER_SCIENCE
PUB_025794,COMPUTER_SCIENCE
PUB_025795,ENGINEERING
PUB_025796,COMPUTER_SCIENCE
PUB_025796,ENGINEERING
PUB_025797,COMPUTER_SCIENCE
PUB_025798,COMPUTER_SCIENCE
PUB_025798,ENGINEERING
PUB_025799,ENGINEERING
PUB_025799,MATERIALS_SCIENCE
PUB_025800,COMPUTER_SCIENCE
PUB_025801,COMPUTER_SCIENCE
PUB_025802,ENGINEERING
PUB_025802,COMPUTER_SCIENCE
PUB_025803,COMPUTER_SCIENCE
PUB_025804,ENGINEERING
PUB_025804,MATERIALS_SCIENCE
PUB_025805,ENGINEERING
PUB_025805,MATERIALS_SCIENCE
PUB_025806,ENGINEERING
PUB_025807,EEE
PUB_025808,EEE
PUB_025809,EEE
PUB_025810,EEE
PUB_025811,EEE
PUB_025812,EEE
PUB_025813,EEE
PUB_025814,EEE
PUB_025815,EEE
PUB_025816,EEE
PUB_025817,EEE
PUB_025818,EEE
PUB_025819,EEE
PUB_025820,EEE
PUB_025821,EEE
PUB_025822,EEE
PUB_025823,EEE
PUB_025824,EEE
PUB_025825,EEE
PUB_025826,EEE
PUB_025827,EEE
PUB_025828,EEE
PUB_025829,EEE
PUB_025830,EEE
PUB_025831,EEE
PUB_025832,EEE
PUB_025833,EEE
PUB_025834,EEE
PUB_025835,EEE
PUB_025836,EEE
PUB_025837,EEE
PUB_025838,EEE
PUB_025839,EEE
PUB_025840,EEE
PUB_025841,EEE
PUB_025842,EEE
PUB_025843,EEE
PUB_025844,EEE
PUB_025845,EEE
PUB_025846,EEE
PUB_025847,EEE
PUB_025848,EEE
PUB_025849,EEE
PUB_025850,EEE
PUB_025851,EEE
PUB_025852,EEE
PUB_025853,EEE
PUB_025854,EEE
PUB_025855,EEE
PUB_025856,EEE
PUB_025857,EEE
PUB_025858,EEE
PUB_025859,EEE
PUB_025860,EEE
PUB_025861,EEE
PUB_025862,EEE
PUB_025863,EEE
PUB_025864,EEE
PUB_025865,EEE
PUB_025866,EEE
PUB_025867,EEE
PUB_025868,EEE
PUB_025869,EEE
PUB_025870,EEE
PUB_025871,EEE
PUB_025872,EEE
PUB_025873,EEE
PUB_025874,EEE
PUB_025875,EEE
PUB_025876,EEE
PUB_025877,EEE
PUB_025878,EEE
PUB_025879,EEE
PUB_025880,EEE
PUB_025881,EEE
PUB_025882,EEE
PUB_025883,EEE
PUB_025884,EEE
PUB_025885,EEE
PUB_025886,EEE
PUB_025887,EEE
PUB_025888,EEE
PUB_025889,EEE
PUB_025890,EEE
PUB_025891,EEE
PUB_025892,EEE
PUB_025893,EEE
PUB_025894,EEE
PUB_025895,EEE
PUB_025896,EEE
PUB_025897,EEE
PUB_025898,EEE
PUB_025899,EEE
PUB_025900,EEE
PUB_025901,EEE
PUB_025902,EEE
PUB_025903,EEE
PUB_025904,EEE
PUB_025905,EEE
PUB_025906,EEE
PUB_025907,EEE
PUB_025908,EEE
PUB_025909,EEE
PUB_025910,EEE
PUB_025911,EEE
PUB_025912,EEE
PUB_025913,EEE
PUB_025914,EEE
PUB_025915,EEE
PUB_025916,EEE
PUB_025917,EEE
PUB_025918,EEE
PUB_025919,EEE
PUB_025920,EEE
PUB_025921,EEE
PUB_025922,EEE
PUB_025923,EEE
PUB_025924,EEE
PUB_025925,EEE
PUB_025926,EEE
PUB_025927,EEE
PUB_025928,EEE
PUB_025929,EEE
PUB_025930,EEE
PUB_025931,EEE
PUB_025932,EEE
PUB_025933,EEE
PUB_025934,EEE
PUB_025935,EEE
PUB_025936,EEE
PUB_025937,EEE
PUB_025938,EEE
PUB_025939,EEE
PUB_025940,EEE
PUB_025941,EEE
PUB_025942,EEE
PUB_025943,EEE
PUB_025944,EEE
PUB_025945,EEE
PUB_025946,EEE
PUB_025947,EEE
PUB_025948,EEE
PUB_025949,EEE
PUB_025950,EEE
PUB_025951,EEE
PUB_025952,EEE
PUB_025953,EEE
PUB_025954,EEE
PUB_025955,EEE
PUB_025956,EEE
PUB_025957,EEE
PUB_025958,EEE
PUB_025959,EEE
PUB_025960,EEE
PUB_025961,EEE
PUB_025962,EEE
PUB_025963,EEE
PUB_025964,EEE
PUB_025965,EEE
PUB_025966,EEE
PUB_025967,EEE
PUB_025968,EEE
PUB_025969,EEE
PUB_025970,EEE
PUB_025971,EEE
PUB_025972,EEE
PUB_025973,EEE
PUB_025974,EEE
PUB_025975,EEE
PUB_025976,EEE
PUB_025977,EEE
PUB_025978,EEE
PUB_025979,EEE
PUB_025980,EEE
PUB_025981,EEE
PUB_025982,EEE
PUB_025983,EEE
PUB_025984,EEE
PUB_025985,EEE
PUB_025986,EEE
PUB_025987,EEE
PUB_025988,EEE
PUB_025989,EEE
PUB_025990,EEE
PUB_025991,EEE
PUB_025992,EEE
PUB_025993,EEE
PUB_025994,EEE
PUB_025995,EEE
PUB_025996,EEE
PUB_025997,EEE
PUB_025998,EEE
PUB_025999,EEE
PUB_026000,EEE
PUB_026001,EEE
PUB_026002,EEE
PUB_026003,EEE
PUB_026004,EEE
PUB_026005,EEE
PUB_026006,EEE
PUB_026007,EEE
PUB_026008,EEE
PUB_026009,EEE
PUB_026010,EEE
PUB_026011,EEE
PUB_026012,EEE
PUB_026013,EEE
PUB_026014,EEE
PUB_026015,EEE
PUB_026016,EEE
PUB_026017,EEE
PUB_026018,EEE
PUB_026019,EEE
PUB_026020,EEE
PUB_026021,EEE
PUB_026022,EEE
PUB_026023,EEE
PUB_026024,EEE
PUB_026025,EEE
PUB_026026,EEE
PUB_026027,EEE
PUB_026028,EEE
PUB_026029,EEE
PUB_026030,EEE
PUB_026031,EEE
PUB_026032,EEE
PUB_026033,EEE
PUB_026034,EEE
PUB_026035,EEE
PUB_026036,EEE
PUB_026037,EEE
PUB_026038,EEE
PUB_026039,EEE
PUB_026040,EEE
PUB_026041,EEE
PUB_026042,EEE
PUB_026043,ECE
PUB_026044,ECE
PUB_026045,ECE
PUB_026046,ECE
PUB_026047,ECE
PUB_026048,ECE
PUB_026049,ECE
PUB_026050,ECE
PUB_026051,ECE
PUB_026052,ECE
PUB_026053,ECE
PUB_026054,ECE
PUB_026055,ECE
PUB_026056,ECE
PUB_026057,ECE
PUB_026058,ECE
PUB_026059,ECE
PUB_026060,ECE
PUB_026061,ECE
PUB_026062,ECE
PUB_026063,ECE
PUB_026064,ECE
PUB_026065,ECE
PUB_026066,ECE
PUB_026067,ECE
PUB_026068,ECE
PUB_026069,ECE
PUB_026070,ECE
PUB_026071,ECE
PUB_026072,ECE
PUB_026073,ECE
PUB_026074,ECE
PUB_026075,ECE
PUB_026076,ECE
PUB_026077,ECE
PUB_026078,ECE
PUB_026079,ECE
PUB_026080,ECE
PUB_026081,ECE
PUB_026082,ECE
PUB_026083,ECE
PUB_026084,ECE
PUB_026085,ECE
PUB_026086,ECE
PUB_026087,ECE
PUB_026088,ECE
PUB_026089,ECE
PUB_026090,ECE
PUB_026091,ECE
PUB_026092,ECE
PUB_026093,ECE
PUB_026094,ECE
PUB_026095,ECE
PUB_026096,ECE
PUB_026097,ECE
PUB_026098,ECE
PUB_026099,ECE
PUB_026100,ECE
PUB_026101,ECE
PUB_026102,ECE
PUB_026103,ECE
PUB_026104,ECE
PUB_026105,ECE
PUB_026106,ECE
PUB_026107,ECE
PUB_026108,ECE
PUB_026109,ECE
PUB_026110,ECE
PUB_026111,ECE
PUB_026112,ECE
PUB_026113,ECE
PUB_026114,ECE
PUB_026115,ECE
PUB_026116,ECE
PUB_026117,ECE
PUB_026118,ECE
PUB_026119,ECE
PUB_026120,ECE
PUB_026121,ECE
PUB_026122,ECE
PUB_026123,ECE
PUB_026124,ECE
PUB_026125,ECE
PUB_026126,ECE
PUB_026127,ECE
PUB_026128,ECE
PUB_026129,ECE
PUB_026130,ECE
PUB_026131,ECE
PUB_026132,ECE
PUB_026133,ECE
PUB_026134,ECE
PUB_026135,ECE
PUB_026136,ECE
PUB_026137,ECE
PUB_026138,ECE
PUB_026139,ECE
PUB_026140,ECE
PUB_026141,ECE
PUB_026142,ECE
PUB_026143,ECE
PUB_026144,ECE
PUB_026145,ECE
PUB_026146,ECE
PUB_026147,ECE
PUB_026148,ECE
PUB_026149,ECE
PUB_026150,ECE
PUB_026151,ECE
PUB_026152,ECE
PUB_026153,ECE
PUB_026154,ECE
PUB_026155,ECE
PUB_026156,ECE
PUB_026157,ECE
PUB_026158,ECE
PUB_026159,ECE
PUB_026160,ECE
PUB_026161,ECE
PUB_026162,ECE
PUB_026163,ECE
PUB_026164,ECE
PUB_026165,ECE
PUB_026166,ECE
PUB_026167,ECE
PUB_026168,ECE
PUB_026169,ECE
PUB_026170,ECE
PUB_026171,ECE
PUB_026172,ECE
PUB_026173,ECE
PUB_026174,ECE
PUB_026175,ECE
PUB_026176,ECE
PUB_026177,ECE
PUB_026178,ECE
PUB_026179,ECE
PUB_026180,ECE
PUB_026181,ECE
PUB_026182,ECE
PUB_026183,ECE
PUB_026184,ECE
PUB_026185,ECE
PUB_026186,ECE
PUB_026187,ECE
PUB_026188,ECE
PUB_026189,ECE
PUB_026190,ECE
PUB_026191,ECE
PUB_026192,ECE
PUB_026193,ECE
PUB_026194,ECE
PUB_026195,ECE
PUB_026196,ECE
PUB_026197,ECE
PUB_026198,ECE
PUB_026199,ECE
PUB_026200,ECE
PUB_026201,ECE
PUB_026202,ECE
PUB_026203,ECE
PUB_026204,ECE
PUB_026205,ECE
PUB_026206,ECE
PUB_026207,ECE
PUB_026208,ECE
PUB_026209,ECE
PUB_026210,ECE
PUB_026211,ECE
PUB_026212,ECE
PUB_026213,ECE
PUB_026214,ECE
PUB_026215,ECE
PUB_026216,ECE
PUB_026217,ECE
PUB_026218,ECE
PUB_026219,ECE
PUB_026220,ECE
PUB_026221,ECE
PUB_026222,ECE
PUB_026223,ECE
PUB_026224,ECE
PUB_026225,ECE
PUB_026226,ECE
PUB_026227,ECE
PUB_026228,ECE
PUB_026229,ECE
PUB_026230,ECE
PUB_026231,ECE
PUB_026232,ECE
PUB_026233,ECE
PUB_026234,ECE
PUB_026235,ECE
PUB_026236,ECE
PUB_026237,ECE
PUB_026238,ECE
PUB_026239,ECE
PUB_026240,ECE
PUB_026241,ECE
PUB_026242,ECE
PUB_026243,ECE
PUB_026244,ECE
PUB_026245,ECE
PUB_026246,ECE
PUB_026247,ECE
PUB_026248,ECE
PUB_026249,ECE
PUB_026250,ECE
PUB_026251,ECE
PUB_026252,ECE
PUB_026253,ECE
PUB_026254,ECE
PUB_026255,ECE
PUB_026256,ECE
PUB_026257,ECE
PUB_026258,ECE
PUB_026259,ECE
PUB_026260,ECE
PUB_026261,ECE
PUB_026262,ECE
PUB_026263,ECE
PUB_026264,ECE
PUB_026265,ECE
PUB_026266,ECE
PUB_026267,ECE
PUB_026268,ECE
PUB_026269,ECE
PUB_026270,ECE
PUB_026271,ECE
PUB_026272,ECE
PUB_026273,ECE
PUB_026274,ECE
PUB_026275,ECE
PUB_026276,ECE
PUB_026277,ECE
PUB_026278,ECE
PUB_026279,ECE
PUB_026280,ECE
PUB_026281,ECE
PUB_026282,ECE
PUB_026283,ECE
PUB_026284,ECE
PUB_026285,ECE
PUB_026286,ECE
PUB_026287,ECE
PUB_026288,ECE
PUB_026289,ECE
PUB_026290,ECE
PUB_026291,ECE
PUB_026292,ECE
PUB_026293,ECE
PUB_026294,ECE
PUB_026295,ECE
PUB_026296,ECE
PUB_026297,ECE
PUB_026298,ECE
PUB_026299,ECE
PUB_026300,ECE
PUB_026301,ECE
PUB_026302,ECE
PUB_026303,ECE
PUB_026304,ECE
PUB_026305,ECE
PUB_026306,ECE
PUB_026307,ECE
PUB_026308,ECE
PUB_026309,ECE
PUB_026310,ECE
PUB_026311,ECE
PUB_026312,ECE
PUB_026313,ECE
PUB_026314,ECE
PUB_026315,ECE
PUB_026316,ECE
PUB_026317,ECE
PUB_026318,ECE
PUB_026319,ECE
PUB_026320,ECE
PUB_026321,ECE
PUB_026322,ECE
PUB_026323,ECE
PUB_026324,ECE
PUB_026325,ECE
PUB_026326,ECE
PUB_026327,ECE
PUB_026328,ECE
PUB_026329,ECE
PUB_026330,ECE
PUB_026331,ECE
PUB_026332,ECE
PUB_026333,ECE
PUB_026334,ECE
PUB_026335,ECE
PUB_026336,ECE
PUB_026337,ECE
PUB_026338,ECE
PUB_026339,ECE
PUB_026340,ECE
PUB_026341,ECE
PUB_026342,ECE
PUB_026343,ECE
PUB_026344,ECE
PUB_026345,ECE
PUB_026346,ECE
PUB_026347,ECE
PUB_026348,ECE
PUB_026349,ECE
PUB_026350,ECE
PUB_026351,ECE
PUB_026352,ECE
PUB_026353,ECE
PUB_026354,ECE
PUB_026355,ECE
PUB_026356,ECE
PUB_026357,ECE
PUB_026358,ECE
PUB_026359,ECE
PUB_026360,ECE
PUB_026361,ECE
PUB_026362,ECE
PUB_026363,ECE
PUB_026364,ECE
PUB_026365,ECE
PUB_026366,ECE
PUB_026367,ECE
PUB_026368,ECE
PUB_026369,ECE
PUB_026370,ECE
PUB_026371,ECE
PUB_026372,ECE
PUB_026373,ECE
PUB_026374,ECE
PUB_026375,ECE
PUB_026376,ECE
PUB_026377,ECE
PUB_026378,ECE
PUB_026379,ECE
PUB_026380,ECE
PUB_026381,ECE
PUB_026382,ECE
PUB_026383,ECE
PUB_026384,ECE
PUB_026385,ECE
PUB_026386,ECE
PUB_026387,ECE
PUB_026388,ECE
PUB_026389,ECE
PUB_026390,ECE
PUB_026391,ECE
PUB_026392,ECE
PUB_026393,ECE
PUB_026394,ECE
PUB_026395,ECE
PUB_026396,ECE
PUB_026397,ECE
PUB_026398,ECE
PUB_026399,ECE
PUB_026400,ECE
PUB_026401,ECE
PUB_026402,ECE
PUB_026403,ECE
PUB_026404,ECE
PUB_026405,ECE
PUB_026406,ECE
PUB_026407,ECE
PUB_026408,ECE
PUB_026409,ECE
PUB_026410,ECE
PUB_026411,ECE
PUB_026412,ECE
PUB_026413,ECE
PUB_026414,ECE
PUB_026415,ECE
PUB_026416,ECE
PUB_026417,ECE
PUB_026418,ECE
PUB_026419,ECE
PUB_026420,ECE
PUB_026421,ECE
PUB_026422,ECE
PUB_026423,ECE
PUB_026424,ECE
PUB_026425,ECE
PUB_026426,ECE
PUB_026427,ECE
PUB_026428,ECE
PUB_026429,ECE
PUB_026430,ECE
PUB_026431,ECE
PUB_026432,ECE
PUB_026433,ECE
PUB_026434,ECE
PUB_026435,ECE
PUB_026436,ECE
PUB_026437,ECE
PUB_026438,ECE
PUB_026439,ECE
PUB_026440,ECE
PUB_026441,ECE
PUB_026442,ECE
PUB_026443,ECE
PUB_026444,ECE
PUB_026445,ECE
PUB_026446,ECE
PUB_026447,ECE
PUB_026448,ECE
PUB_026449,ECE
PUB_026450,ECE
PUB_026451,ECE
PUB_026452,ECE
PUB_026453,ECE
PUB_026454,ECE
PUB_026455,ECE
PUB_026456,ECE
PUB_026457,ECE
PUB_026458,ECE
PUB_026459,ECE
PUB_026460,ECE
PUB_026461,ECE
PUB_026462,ECE
PUB_026463,ECE
PUB_026464,ECE
PUB_026465,ECE
PUB_026466,ECE
PUB_026467,ECE
PUB_026468,ECE
PUB_026469,ECE
PUB_026470,ECE
PUB_026471,ECE
PUB_026472,ECE
PUB_026473,ECE
PUB_026474,ECE
PUB_026475,ECE
PUB_026476,ECE
PUB_026477,ECE
PUB_026478,ECE
PUB_026479,ECE
PUB_026480,ECE
PUB_026481,ECE
PUB_026482,ECE
PUB_026483,ECE
PUB_026484,ECE
PUB_026485,ECE
PUB_026486,ECE
PUB_026487,ECE
PUB_026488,ECE
PUB_026489,ECE
PUB_026490,ECE
PUB_026491,ECE
PUB_026492,ECE
PUB_026493,ECE
PUB_026494,ECE
PUB_026495,ECE
PUB_026496,ECE
PUB_026497,ECE
PUB_026498,ECE
PUB_026499,ECE
PUB_026500,ECE
PUB_026501,ECE
PUB_026502,ECE
PUB_026503,ECE
PUB_026504,ECE
PUB_026505,ECE
PUB_026506,ECE
PUB_026507,ECE
PUB_026508,ECE
PUB_026509,ECE
PUB_026510,ECE
PUB_026511,ECE
PUB_026512,ECE
PUB_026513,ECE
PUB_026514,ECE
PUB_026515,ECE
PUB_026516,ECE
PUB_026517,ECE
PUB_026518,ECE
PUB_026519,ECE
PUB_026520,ECE
PUB_026521,ECE
PUB_026522,ECE
PUB_026523,ECE
PUB_026524,ECE
PUB_026525,ECE
PUB_026526,ECE
PUB_026527,ECE
PUB_026528,ECE
PUB_026529,ECE
PUB_026530,ECE
PUB_026531,ECE
PUB_026532,ECE
PUB_026533,ECE
PUB_026534,ECE
PUB_026535,ECE
PUB_026536,ECE
PUB_026537,ECE
PUB_026538,ECE
PUB_026539,ECE
PUB_026540,ECE
PUB_026541,ECE
PUB_026542,ECE
PUB_026543,ECE
PUB_026544,ECE
PUB_026545,ECE
PUB_026546,ECE
PUB_026547,ECE
PUB_026548,ECE
PUB_026549,ECE
PUB_026550,ECE
PUB_026551,ECE
PUB_026552,ECE
PUB_026553,ECE
PUB_026554,ECE
PUB_026555,ECE
PUB_026556,ECE
PUB_026557,ECE
PUB_026558,ECE
PUB_026559,ECE
PUB_026560,ECE
PUB_026561,ECE
PUB_026562,ECE
PUB_026563,ECE
PUB_026564,ECE
PUB_026565,ECE
PUB_026566,ECE
PUB_026567,ECE
PUB_026568,ECE
PUB_026569,ECE
PUB_026570,ECE
PUB_026571,ECE
PUB_026572,ECE
PUB_026573,ECE
PUB_026574,ECE
PUB_026575,ECE
PUB_026576,ECE
PUB_026577,ECE
PUB_026578,ECE
PUB_026579,ECE
PUB_026580,ECE
PUB_026581,ECE
PUB_026582,ECE
PUB_026583,ECE
PUB_026584,ECE
PUB_026585,ECE
PUB_026586,ECE
PUB_026587,ECE
PUB_026588,ECE
PUB_026589,ECE
PUB_026590,ECE
PUB_026591,ECE
PUB_026592,ECE
PUB_026593,ECE
PUB_026594,ECE
PUB_026595,ECE
PUB_026596,ECE
PUB_026597,ECE
PUB_026598,ECE
PUB_026599,ECE
PUB_026600,ECE
PUB_026601,ECE
PUB_026602,ECE
PUB_026603,ECE
PUB_026604,ECE
PUB_026605,ECE
PUB_026606,ECE
PUB_026607,ECE
PUB_026608,ECE
PUB_026609,ECE
PUB_026610,ECE
PUB_026611,ECE
PUB_026612,ECE
PUB_026613,ECE
PUB_026614,ECE
PUB_026615,ECE
PUB_026616,ECE
PUB_026617,ECE
PUB_026618,ECE
PUB_026619,ECE
PUB_026620,ECE
PUB_026621,ECE
PUB_026622,ECE
PUB_026623,ECE
PUB_026624,ECE
PUB_026625,ECE
PUB_026626,CSE
PUB_026627,CSE
PUB_026628,CSE
PUB_026629,CSE
PUB_026630,CSE
PUB_026631,CSE
PUB_026632,CSE
PUB_026633,CSE
PUB_026634,CSE
PUB_026635,CSE
PUB_026636,CSE
PUB_026637,CSE
PUB_026638,CSE
PUB_026639,CSE
PUB_026640,CSE
PUB_026641,CSE
PUB_026642,CSE
PUB_026643,CSE
PUB_026644,CSE
PUB_026645,CSE
PUB_026646,CSE
PUB_026647,CSE
PUB_026648,CSE
PUB_026649,CSE
PUB_026650,CSE
PUB_026651,CSE
PUB_026652,CSE
PUB_026653,CSE
PUB_026654,CSE
PUB_026655,CSE
PUB_026656,CSE
PUB_026657,CSE
PUB_026658,CSE
PUB_026659,CSE
PUB_026660,CSE
PUB_026661,CSE
PUB_026662,CSE
PUB_026663,CSE
PUB_026664,CSE
PUB_026665,CSE
PUB_026666,CSE
PUB_026667,CSE
PUB_026668,CSE
PUB_026669,CSE
PUB_026670,CSE
PUB_026671,CSE
PUB_026672,CSE
PUB_026673,CSE
PUB_026674,CSE
PUB_026675,CSE
PUB_026676,CSE
PUB_026677,CSE
PUB_026678,CSE
PUB_026679,CSE
PUB_026680,CSE
PUB_026681,CSE
PUB_026682,CSE
PUB_026683,CSE
PUB_026684,CSE
PUB_026685,CSE
PUB_026686,CSE
PUB_026687,CSE
PUB_026688,CSE
PUB_026689,CSE
PUB_026690,CSE
PUB_026691,CSE
PUB_026692,CSE
PUB_026693,CSE
PUB_026694,CSE
PUB_026695,CSE
PUB_026696,CSE
PUB_026697,CSE
PUB_026698,CSE
PUB_026699,CSE
PUB_026700,CSE
PUB_026701,CSE
PUB_026702,CSE
PUB_026703,CSE
PUB_026704,CSE
PUB_026705,CSE
PUB_026706,CSE
PUB_026707,CSE
PUB_026708,CSE
PUB_026709,CSE
PUB_026710,CSE
PUB_026711,CSE
PUB_026712,CSE
PUB_026713,CSE
PUB_026714,CSE
PUB_026715,CSE
PUB_026716,CSE
PUB_026717,CSE
PUB_026718,CSE
PUB_026719,CSE
PUB_026720,CSE
PUB_026721,CSE
PUB_026722,CSE
PUB_026723,CSE
PUB_026724,CSE
PUB_026725,CSE
PUB_026726,CSE
PUB_026727,CSE
PUB_026728,CSE
PUB_026729,CSE
PUB_026730,CSE
PUB_026731,CSE
PUB_026732,CSE
PUB_026733,CSE
PUB_026734,CSE
PUB_026735,CSE
PUB_026736,CSE
PUB_026737,CSE
PUB_026738,CSE
PUB_026739,CSE
PUB_026740,CSE
PUB_026741,CSE
PUB_026742,CSE
PUB_026743,CSE
PUB_026744,CSE
PUB_026745,CSE
PUB_026746,CSE
PUB_026747,CSE
PUB_026748,CSE
PUB_026749,CSE
PUB_026750,CSE
PUB_026751,CSE
PUB_026752,CSE
PUB_026753,CSE
PUB_026754,CSE
PUB_026755,CSE
PUB_026756,CSE
PUB_026757,CSE
PUB_026758,CSE
PUB_026759,CSE
PUB_026760,CSE
PUB_026761,CSE
PUB_026762,CSE
PUB_026763,CSE
PUB_026764,CSE
PUB_026765,CSE
PUB_026766,CSE
PUB_026767,CSE
PUB_026768,CSE
PUB_026769,CSE
PUB_026770,CSE
PUB_026771,CSE
PUB_026772,CSE
PUB_026773,CSE
PUB_026774,CSE
PUB_026775,CSE
PUB_026776,CSE
PUB_026777,CSE
PUB_026778,CSE
PUB_026779,CSE
PUB_026780,CSE
PUB_026781,CSE
PUB_026782,CSE
PUB_026783,CSE
PUB_026784,CSE
PUB_026785,CSE
PUB_026786,CSE
PUB_026787,CSE
PUB_026788,CSE
PUB_026789,CSE
PUB_026790,CSE
PUB_026791,CSE
PUB_026792,CSE
PUB_026793,CSE
PUB_026794,CSE
PUB_026795,CSE
PUB_026796,CSE
PUB_026797,CSE
PUB_026798,CSE
PUB_026799,CSE
PUB_026800,CSE
PUB_026801,CSE
PUB_026802,CSE
PUB_026803,CSE
PUB_026804,CSE
PUB_026805,CSE
PUB_026806,CSE
PUB_026807,CSE
PUB_026808,CSE
PUB_026809,CSE
PUB_026810,CSE
PUB_026811,CSE
PUB_026812,CSE
PUB_026813,CSE
PUB_026814,CSE
PUB_026815,CSE
PUB_026816,CSE
PUB_026817,CSE
PUB_026818,CSE
PUB_026819,CSE
PUB_026820,CSE
PUB_026821,CSE
PUB_026822,CSE
PUB_026823,CSE
PUB_026824,CSE
PUB_026825,CSE
PUB_026826,CSE
PUB_026827,CSE
PUB_026828,CSE
PUB_026829,CSE
PUB_026830,CSE
PUB_026831,CSE
PUB_026832,CSE
PUB_026833,CSE
PUB_026834,CSE
PUB_026835,CSE
PUB_026836,CSE
PUB_026837,CSE
PUB_026838,CSE
PUB_026839,CSE
PUB_026840,CSE
PUB_026841,CSE
PUB_026842,CSE
PUB_026843,CSE
PUB_026844,CSE
PUB_026845,CSE
PUB_026846,CSE
PUB_026847,CSE
PUB_026848,CSE
PUB_026849,CSE
PUB_026850,CSE
PUB_026851,CSE
PUB_026852,CSE
PUB_026853,CSE
PUB_026854,CSE
PUB_026855,CSE
PUB_026856,CSE
PUB_026857,CSE
PUB_026858,CSE
PUB_026859,CSE
PUB_026860,CSE
PUB_026861,CSE
PUB_026862,CSE
PUB_026863,CSE
PUB_026864,CSE
PUB_026865,CSE
PUB_026866,CSE
PUB_026867,CSE
PUB_026868,CSE
PUB_026869,CSE
PUB_026870,CSE
PUB_026871,CSE
PUB_026872,CSE
PUB_026873,CSE
PUB_026874,CSE
PUB_026875,CSE
PUB_026876,CSE
PUB_026877,CSE
PUB_026878,CSE
PUB_026879,CSE
PUB_026880,CSE
PUB_026881,CSE
PUB_026882,CSE
PUB_026883,CSE
PUB_026884,CSE
PUB_026885,CSE
PUB_026886,CSE
PUB_026887,CSE
PUB_026888,CSE
PUB_026889,CSE
PUB_026890,CSE
PUB_026891,CSE
PUB_026892,CSE
PUB_026893,CSE
PUB_026894,CSE
PUB_026895,CSE
PUB_026896,CSE
PUB_026897,CSE
PUB_026898,CSE
PUB_026899,CSE
PUB_026900,CSE
PUB_026901,CSE
PUB_026902,CSE
PUB_026903,CSE
PUB_026904,CSE
PUB_026905,CSE
PUB_026906,CSE
PUB_026907,CSE
PUB_026908,CSE
PUB_026909,CSE
PUB_026910,CSE
PUB_026911,CSE
PUB_026912,CSE
PUB_026913,CSE
PUB_026914,CSE
PUB_026915,CSE
PUB_026916,CSE
PUB_026917,CSE
PUB_026918,CSE
PUB_026919,CSE
PUB_026920,CSE
PUB_026921,CSE
PUB_026922,CSE
PUB_026923,CSE
PUB_026924,CSE
PUB_026925,CSE
PUB_026926,CSE
PUB_026927,CSE
PUB_026928,CSE
PUB_026929,CSE
PUB_026930,CSE
PUB_026931,CSE
PUB_026932,CSE
PUB_026933,CSE
PUB_026934,CSE
PUB_026935,CSE
PUB_026936,CSE
PUB_026937,CSE
PUB_026938,CSE
PUB_026939,CSE
PUB_026940,CSE
PUB_026941,CSE
PUB_026942,CSE
PUB_026943,CSE
PUB_026944,CSE
PUB_026945,CSE
PUB_026946,CSE
PUB_026947,CSE
PUB_026948,CSE
PUB_026949,CSE
PUB_026950,CSE
PUB_026951,CSE
PUB_026952,CSE
PUB_026953,CSE
PUB_026954,CSE
PUB_026955,CSE
PUB_026956,CSE
PUB_026957,CSE
PUB_026958,CSE
PUB_026959,CSE
PUB_026960,CSE
PUB_026961,CSE
PUB_026962,CSE
PUB_026963,CSE
PUB_026964,CSE
PUB_026965,CSE
PUB_026966,CSE
PUB_026967,CSE
PUB_026968,CSE
PUB_026969,CSE
PUB_026970,CSE
PUB_026971,CSE
PUB_026972,CSE
PUB_026973,CSE
PUB_026974,CSE
PUB_026975,CSE
PUB_026976,CSE
PUB_026977,CSE
PUB_026978,CSE
PUB_026979,CSE
PUB_026980,CSE
PUB_026981,CSE
PUB_026982,CSE
PUB_026983,CSE
PUB_026984,CSE
PUB_026985,CSE
PUB_026986,CSE
PUB_026987,CSE
PUB_026988,CSE
PUB_026989,CSE
PUB_026990,CSE
PUB_026991,CSE
PUB_026992,CSE
PUB_026993,CSE
PUB_026994,CSE
PUB_026995,CSE
PUB_026996,CSE
PUB_026997,CSE
PUB_026998,CSE
PUB_026999,CSE
PUB_027000,CSE
PUB_027001,CSE
PUB_027002,CSE
PUB_027003,CSE
PUB_027004,CSE
PUB_027005,CSE
PUB_027006,CSE
PUB_027007,CSE
PUB_027008,CSE
PUB_027009,CSE
PUB_027010,CSE
PUB_027011,CSE
PUB_027012,CSE
PUB_027013,CSE
PUB_027014,CSE
PUB_027015,CSE
PUB_027016,CSE
PUB_027017,CSE
PUB_027018,CSE
PUB_027019,CSE
PUB_027020,CSE
PUB_027021,CSE
PUB_027022,CSE
PUB_027023,CSE
PUB_027024,CSE
PUB_027025,CSE
PUB_027026,CSE
PUB_027027,CSE
PUB_027028,CSE
PUB_027029,CSE
PUB_027030,CSE
PUB_027031,CSE
PUB_027032,CSE
PUB_027033,CSE
PUB_027034,CSE
PUB_027035,CSE
PUB_027036,CSE
PUB_027037,CSE
PUB_027038,CSE
PUB_027039,CSE
PUB_027040,CSE
PUB_027041,CSE
PUB_027042,CSE
PUB_027043,CSE
PUB_027044,CSE
PUB_027045,CSE
PUB_027046,CSE
PUB_027047,CSE
PUB_027048,CSE
PUB_027049,CSE
PUB_027050,CSE
PUB_027051,CSE
PUB_027052,CSE
PUB_027053,CSE
PUB_027054,CSE
PUB_027055,CSE
PUB_027056,CSE
PUB_027057,CSE
PUB_027058,CSE
PUB_027059,CSE
PUB_027060,CSE
PUB_027061,CSE
PUB_027062,CSE
PUB_027063,CSE
PUB_027064,CSE
PUB_027065,CSE
PUB_027066,CSE
PUB_027067,CSE
PUB_027068,CSE
PUB_027069,CSE
PUB_027070,CSE
PUB_027071,CSE
PUB_027072,CSE
PUB_027073,CSE
PUB_027074,CSE
PUB_027075,CSE
PUB_027076,CSE
PUB_027077,CSE
PUB_027078,CSE
PUB_027079,CSE
PUB_027080,CSE
PUB_027081,CSE
PUB_027082,CSE
PUB_027083,CSE
PUB_027084,CSE
PUB_027085,CSE
PUB_027086,CSE
PUB_027087,CSE
PUB_027088,CSE
PUB_027089,CSE
PUB_027090,CSE
PUB_027091,CSE
PUB_027092,CSE
PUB_027093,CSE
PUB_027094,CSE
PUB_027095,CSE
PUB_027096,CSE
PUB_027097,CSE
PUB_027098,CSE
PUB_027099,CSE
PUB_027100,CSE
PUB_027101,CSE
PUB_027102,CSE
PUB_027103,CSE
PUB_027104,CSE
PUB_027105,CSE
PUB_027106,CSE
PUB_027107,CSE
PUB_027108,CSE
PUB_027109,CSE
PUB_027110,CSE
PUB_027111,CSE
PUB_027112,CSE
PUB_027113,CSE
PUB_027114,CSE
PUB_027115,CSE
PUB_027116,CSE
PUB_027117,CSE
PUB_027118,CSE
PUB_027119,CSE
PUB_027120,CSE
PUB_027121,CSE
PUB_027122,CSE
PUB_027123,CSE
PUB_027124,CSE
PUB_027125,CSE
PUB_027126,CSE
PUB_027127,CSE
PUB_027128,CSE
PUB_027129,CSE
PUB_027130,CSE
PUB_027131,CSE
PUB_027132,CSE
PUB_027133,CSE
PUB_027134,CSE
PUB_027135,CSE
PUB_027136,CSE
PUB_027137,CSE
PUB_027138,CSE
PUB_027139,CSE
PUB_027140,CSE
PUB_027141,CSE
PUB_027142,CSE
PUB_027143,CSE
PUB_027144,CSE
PUB_027145,CSE
PUB_027146,CSE
PUB_027147,CSE
PUB_027148,CSE
PUB_027149,CSE
PUB_027150,CSE
PUB_027151,CSE
PUB_027152,CSE
PUB_027153,CSE
PUB_027154,CSE
PUB_027155,CSE
PUB_027156,CSE
PUB_027157,CSE
PUB_027158,CSE
PUB_027159,CSE
PUB_027160,CSE
PUB_027161,CSE
PUB_027162,CSE
PUB_027163,CSE
PUB_027164,CSE
PUB_027165,CSE
PUB_027166,CSE
PUB_027167,CSE
PUB_027168,CSE
PUB_027169,CSE
PUB_027170,CSE
PUB_027171,CSE
PUB_027172,CSE
PUB_027173,CSE
PUB_027174,CSE
PUB_027175,CSE
PUB_027176,CSE
PUB_027177,CSE
PUB_027178,CSE
PUB_027179,CSE
PUB_027180,CSE
PUB_027181,CSE
PUB_027182,CSE
PUB_027183,CSE
PUB_027184,CSE
PUB_027185,CSE
PUB_027186,CSE
PUB_027187,CSE
PUB_027188,CSE
PUB_027189,CSE
PUB_027190,CSE
PUB_027191,CSE
PUB_027192,CSE
PUB_027193,CSE
PUB_027194,CSE
PUB_027195,CSE
PUB_027196,CSE
PUB_027197,CSE
PUB_027198,CSE
PUB_027199,CSE
PUB_027200,CSE
PUB_027201,CSE
PUB_027202,CSE
PUB_027203,CSE
PUB_027204,CSE
PUB_027205,CSE
PUB_027206,CSE
PUB_027207,CSE
PUB_027208,CSE
PUB_027209,CSE
PUB_027210,CSE
PUB_027211,CSE
PUB_027212,CSE
PUB_027213,CSE
PUB_027214,CSE
PUB_027215,CSE
PUB_027216,CSE
PUB_027217,CSE
PUB_027218,CSE
PUB_027219,CSE
PUB_027220,CSE
PUB_027221,CSE
PUB_027222,CSE
PUB_027223,CSE
PUB_027224,CSE
PUB_027225,CSE
PUB_027226,CSE
PUB_027227,CSE
PUB_027228,CSE
PUB_027229,CSE
PUB_027230,CSE
PUB_027231,CSE
PUB_027232,CSE
PUB_027233,CSE
PUB_027234,CSE
PUB_027235,CSE
PUB_027236,CSE
PUB_027237,CSE
PUB_027238,CSE
PUB_027239,CSE
PUB_027240,CSE
PUB_027241,CSE
PUB_027242,CSE
PUB_027243,CSE
PUB_027244,CSE
PUB_027245,CSE
PUB_027246,CSE
PUB_027247,CSE
PUB_027248,CSE
PUB_027249,CSE
PUB_027250,CSE
PUB_027251,CSE
PUB_027252,CSE
PUB_027253,CSE
PUB_027254,CSE
PUB_027255,CSE
PUB_027256,CSE
PUB_027257,CSE
PUB_027258,CSE
PUB_027259,CSE
PUB_027260,CSE
PUB_027261,CSE
PUB_027262,CSE
PUB_027263,CSE
PUB_027264,CSE
PUB_027265,CSE
PUB_027266,CSE
PUB_027267,CSE
PUB_027268,CSE
PUB_027269,CSE
PUB_027270,CSE
PUB_027271,CSE
PUB_027272,CSE
PUB_027273,CSE
PUB_027274,CSE
PUB_027275,CSE
PUB_027276,CSE
PUB_027277,CSE
PUB_027278,CSE
PUB_027279,CSE
PUB_027280,CSE
PUB_027281,ETE
PUB_027282,ETE
PUB_027283,ETE
PUB_027284,ETE
PUB_027285,ETE
PUB_027286,ETE
PUB_027287,ETE
PUB_027288,ETE
PUB_027289,ETE
PUB_027290,ETE
PUB_027291,ETE
PUB_027292,ETE
PUB_027293,ETE
PUB_027294,ETE
PUB_027295,ETE
PUB_027296,ETE
PUB_027297,ETE
PUB_027298,ETE
PUB_027299,ETE
PUB_027300,ETE
PUB_027301,ETE
PUB_027302,ETE
PUB_027303,ETE
PUB_027304,ETE
PUB_027305,ETE
PUB_027306,ETE
PUB_027307,ETE
PUB_027308,ETE
PUB_027309,ETE
PUB_027310,ETE
PUB_027311,ETE
PUB_027312,ETE
PUB_027313,ETE
PUB_027314,ETE
PUB_027315,ETE
PUB_027316,ETE
PUB_027317,ETE
PUB_027318,ETE
PUB_027319,ETE
PUB_027320,ETE
PUB_027321,ETE
PUB_027322,ETE
PUB_027323,ETE
PUB_027324,ETE
PUB_027325,ETE
PUB_027326,ETE
PUB_027327,ISE
PUB_027328,ISE
PUB_027329,ISE
PUB_027330,ISE
PUB_027331,ISE
PUB_027332,ISE
PUB_027333,ISE
PUB_027334,ISE
PUB_027335,ISE
PUB_027336,ISE
PUB_027337,ISE
PUB_027338,ISE
PUB_027339,ISE
PUB_027340,ISE
PUB_027341,ISE
PUB_027342,ISE
PUB_027343,ISE
PUB_027344,ISE
PUB_027345,ISE
PUB_027346,ISE
PUB_027347,ISE
PUB_027348,ISE
PUB_027349,ISE
PUB_027350,ISE
PUB_027351,ISE
PUB_027352,ISE
PUB_027353,ISE
PUB_027354,ISE
PUB_027355,ISE
PUB_027356,ISE
PUB_027357,ISE
PUB_027358,ISE
PUB_027359,ISE
PUB_027360,ISE
PUB_027361,ISE
PUB_027362,ISE
PUB_027363,ISE
PUB_027364,ISE
PUB_027365,ISE
PUB_027366,ISE
PUB_027367,ISE
PUB_027368,ISE
PUB_027369,ISE
PUB_027370,ISE
PUB_027371,ISE
PUB_027372,ISE
PUB_027373,ISE
PUB_027374,ISE
PUB_027375,ISE
PUB_027376,ISE
PUB_027377,ISE
PUB_027378,ISE
PUB_027379,ISE
PUB_027380,ISE
PUB_027381,ISE
PUB_027382,ISE
PUB_027383,ISE
PUB_027384,ISE
PUB_027385,ISE
PUB_027386,ISE
PUB_027387,ISE
PUB_027388,ISE
PUB_027389,ISE
PUB_027390,ISE
PUB_027391,ISE
PUB_027392,ISE
PUB_027393,ISE
PUB_027394,ISE
PUB_027395,ISE
PUB_027396,ISE
PUB_027397,ISE
PUB_027398,ISE
PUB_027399,ISE
PUB_027400,ISE
PUB_027401,ISE
PUB_027402,ISE
PUB_027403,ISE
PUB_027404,ISE
PUB_027405,ISE
PUB_027406,ISE
PUB_027407,ISE
PUB_027408,ISE
PUB_027409,ISE
PUB_027410,ISE
PUB_027411,ISE
PUB_027412,ISE
PUB_027413,ISE
PUB_027414,ISE
PUB_027415,ISE
PUB_027416,ISE
PUB_027417,ISE
PUB_027418,ISE
PUB_027419,ISE
PUB_027420,ISE
PUB_027421,ISE
PUB_027422,ISE
PUB_027423,ISE
PUB_027424,ISE
PUB_027425,ISE
PUB_027426,ISE
PUB_027427,ISE
PUB_027428,ISE
PUB_027429,ISE
PUB_027430,MATH
PUB_027431,MATH
PUB_027432,MATH
PUB_027433,MATH
PUB_027434,MATH
PUB_027435,MATH
PUB_027436,MATH
PUB_027437,MATH
PUB_027438,MATH
PUB_027439,MATH
PUB_027440,MATH
PUB_027441,MATH
PUB_027442,MATH
PUB_027443,MATH
PUB_027444,MATH
PUB_027445,MATH
PUB_027446,MATH
PUB_027447,MATH
PUB_027448,MATH
PUB_027449,MATH
PUB_027450,MATH
PUB_027451,MATH
PUB_027452,MATH
PUB_027453,MATH
PUB_027454,MATH
PUB_027455,MATH
PUB_027456,MATH
PUB_027457,MATH
PUB_027458,MATH
PUB_027459,MATH
PUB_027460,MATH
PUB_027461,MATH
PUB_027462,MATH
PUB_027463,MATH
PUB_027464,MATH
PUB_027465,MATH
PUB_027466,MATH
PUB_027467,MATH
PUB_027468,MATH
PUB_027469,MATH
PUB_027470,MATH
PUB_027471,MATH
PUB_027472,MATH
PUB_027473,MATH
PUB_027474,MATH
PUB_027475,MATH
PUB_027476,MATH
PUB_027477,MATH
PUB_027478,MATH
PUB_027479,MATH
PUB_027480,MATH
PUB_027481,MATH
PUB_027482,MATH
PUB_027483,MATH
PUB_027484,MATH
PUB_027485,MATH
PUB_027486,MATH
PUB_027487,MATH
PUB_027488,MATH
PUB_027489,MATH
PUB_027490,MATH
PUB_027491,MATH
PUB_027492,MATH
PUB_027493,MATH
PUB_027494,MATH
PUB_027495,MATH
PUB_027496,MATH
PUB_027497,MATH
PUB_027498,MATH
PUB_027499,MATH
PUB_027500,MATH
PUB_027501,MATH
PUB_027502,MATH
PUB_027503,MATH
PUB_027504,MATH
PUB_027505,MATH
PUB_027506,MATH
PUB_027507,MATH
PUB_027508,MATH
PUB_027509,MATH
PUB_027510,MATH
PUB_027511,MATH
PUB_027512,MATH
PUB_027513,MATH
PUB_027514,MATH
PUB_027515,MATH
PUB_027516,MATH
PUB_027517,MATH
PUB_027518,MATH
PUB_027519,MATH
PUB_027520,MATH
PUB_027521,MATH
PUB_027522,MATH
PUB_027523,MATH
PUB_027524,MATH
PUB_027525,MATH
PUB_027526,MATH
PUB_027527,MATH
PUB_027528,MATH
PUB_027529,MATH
PUB_027530,MATH
PUB_027531,MATH
PUB_027532,MATH
PUB_027533,MATH
PUB_027534,MATH
PUB_027535,MATH
PUB_027536,MATH
PUB_027537,MATH
PUB_027538,MATH
PUB_027539,MATH
PUB_027540,MATH
PUB_027541,MATH
PUB_027542,MATH
PUB_027543,MATH
PUB_027544,MATH
PUB_027545,MATH
PUB_027546,MATH
PUB_027547,MATH
PUB_027548,MATH
PUB_027549,MATH
PUB_027550,MATH
PUB_027551,MATH
PUB_027552,MATH
PUB_027553,MATH
PUB_027554,MATH
PUB_027555,MATH
PUB_027556,MATH
PUB_027557,MATH
PUB_027558,MATH
PUB_027559,MATH
PUB_027560,MATH
PUB_027561,MATH
PUB_027562,MATH
PUB_027563,MATH
PUB_027564,MATH
PUB_027565,MATH
PUB_027566,MATH
PUB_027567,MATH
PUB_027568,MATH
PUB_027569,MATH
PUB_027570,MATH
PUB_027571,MATH
PUB_027572,MATH
PUB_027573,MATH
PUB_027574,MATH
PUB_027575,MATH
PUB_027576,MATH
PUB_027577,MATH
PUB_027578,MATH
PUB_027579,MATH
PUB_027580,MATH
PUB_027581,MATH
PUB_027582,MATH
PUB_027583,MATH
PUB_027584,MATH
PUB_027585,MATH
PUB_027586,MATH
PUB_027587,MATH
PUB_027588,MATH
PUB_027589,MATH
PUB_027590,MATH
PUB_027591,MATH
PUB_027592,MATH
PUB_027593,MATH
PUB_027594,MATH
PUB_027595,MATH
PUB_027596,MATH
PUB_027597,MATH
PUB_027598,MATH
PUB_027599,MATH
PUB_027600,MATH
PUB_027601,MATH
PUB_027602,MATH
PUB_027603,MATH
PUB_027604,MATH
PUB_027605,MATH
PUB_027606,MATH
PUB_027607,MATH
PUB_027608,MATH
PUB_027609,MATH
PUB_027610,MATH
PUB_027611,MATH
PUB_027612,MATH
PUB_027613,MATH
PUB_027614,MATH
PUB_027615,MATH
PUB_027616,MATH
PUB_027617,MATH
PUB_027618,MATH
PUB_027619,MATH
PUB_027620,MATH
PUB_027621,MATH
PUB_027622,MATH
PUB_027623,MATH
PUB_027624,MATH
PUB_027625,MATH
PUB_027626,MATH
PUB_027627,MATH
PUB_027628,MATH
PUB_027629,MATH
PUB_027630,MATH
PUB_027631,MATH
PUB_027632,MATH
PUB_027633,MATH
PUB_027634,MATH
PUB_027635,MATH
PUB_027636,MATH
PUB_027637,MATH
PUB_027638,MATH
PUB_027639,MATH
PUB_027640,MATH
PUB_027641,MATH
PUB_027642,MATH
PUB_027643,MATH
PUB_027644,MATH
PUB_027645,MATH
PUB_027646,MATH
PUB_027647,MATH
PUB_027648,MATH
PUB_027649,MATH
PUB_027650,MATH
PUB_027651,MATH
PUB_027652,MATH
PUB_027653,MATH
PUB_027654,MATH
PUB_027655,PHY
PUB_027656,PHY
PUB_027657,PHY
PUB_027658,PHY
PUB_027659,PHY
PUB_027660,PHY
PUB_027661,PHY
PUB_027662,PHY
PUB_027663,PHY
PUB_027664,PHY
PUB_027665,PHY
PUB_027666,PHY
PUB_027667,PHY
PUB_027668,PHY
PUB_027669,PHY
PUB_027670,PHY
PUB_027671,PHY
PUB_027672,PHY
PUB_027673,PHY
PUB_027674,PHY
PUB_027675,PHY
PUB_027676,PHY
PUB_027677,PHY
PUB_027678,PHY
PUB_027679,PHY
PUB_027680,PHY
PUB_027681,PHY
PUB_027682,PHY
PUB_027683,PHY
PUB_027684,PHY
PUB_027685,PHY
PUB_027686,PHY
PUB_027687,PHY
PUB_027688,PHY
PUB_027689,PHY
PUB_027690,PHY
PUB_027691,PHY
PUB_027692,PHY
PUB_027693,PHY
PUB_027694,PHY
PUB_027695,PHY
PUB_027696,PHY
PUB_027697,PHY
PUB_027698,PHY
PUB_027699,PHY
PUB_027700,PHY
PUB_027701,PHY
PUB_027702,PHY
PUB_027703,PHY
PUB_027704,PHY
PUB_027705,PHY
PUB_027706,PHY
PUB_027707,PHY
PUB_027708,PHY
PUB_027709,PHY
PUB_027710,PHY
PUB_027711,PHY
PUB_027712,PHY
PUB_027713,PHY
PUB_027714,PHY
PUB_027715,PHY
PUB_027716,PHY
PUB_027717,PHY
PUB_027718,PHY
PUB_027719,PHY
PUB_027720,PHY
PUB_027721,PHY
PUB_027722,PHY
PUB_027723,PHY
PUB_027724,PHY
PUB_027725,PHY
PUB_027726,PHY
PUB_027727,PHY
PUB_027728,PHY
PUB_027729,PHY
PUB_027730,PHY
PUB_027731,PHY
PUB_027732,PHY
PUB_027733,PHY
PUB_027734,PHY
PUB_027735,PHY
PUB_027736,PHY
PUB_027737,PHY
PUB_027738,PHY
PUB_027739,PHY
PUB_027740,PHY
PUB_027741,PHY
PUB_027742,PHY
PUB_027743,PHY
PUB_027744,PHY
PUB_027745,PHY
PUB_027746,PHY
PUB_027747,PHY
PUB_027748,PHY
PUB_027749,PHY
PUB_027750,PHY
PUB_027751,PHY
PUB_027752,PHY
PUB_027753,PHY
PUB_027754,PHY
PUB_027755,PHY
PUB_027756,PHY
PUB_027757,PHY
PUB_027758,PHY
PUB_027759,PHY
PUB_027760,PHY
PUB_027761,PHY
PUB_027762,PHY
PUB_027763,PHY
PUB_027764,PHY
PUB_027765,PHY
PUB_027766,PHY
PUB_027767,PHY
PUB_027768,PHY
PUB_027769,PHY
PUB_027770,PHY
PUB_027771,PHY
PUB_027772,PHY
PUB_027773,PHY
PUB_027774,PHY
PUB_027775,PHY
PUB_027776,PHY
PUB_027777,PHY
PUB_027778,PHY
PUB_027779,PHY
PUB_027780,PHY
PUB_027781,PHY
PUB_027782,PHY
PUB_027783,PHY
PUB_027784,PHY
PUB_027785,PHY
PUB_027786,PHY
PUB_027787,PHY
PUB_027788,PHY
PUB_027789,PHY
PUB_027790,PHY
PUB_027791,PHY
PUB_027792,PHY
PUB_027793,PHY
PUB_027794,PHY
PUB_027795,PHY
PUB_027796,PHY
PUB_027797,PHY
PUB_027798,PHY
PUB_027799,PHY
PUB_027800,PHY
PUB_027801,PHY
PUB_027802,PHY
PUB_027803,PHY
PUB_027804,PHY
PUB_027805,PHY
PUB_027806,PHY
PUB_027807,PHY
PUB_027808,PHY
PUB_027809,PHY
PUB_027810,PHY
PUB_027811,PHY
PUB_027812,PHY
PUB_027813,PHY
PUB_027814,PHY
PUB_027815,PHY
PUB_027816,PHY
PUB_027817,PHY
PUB_027818,PHY
PUB_027819,PHY
PUB_027820,PHY
PUB_027821,PHY
PUB_027822,PHY
PUB_027823,PHY
PUB_027824,PHY
PUB_027825,PHY
PUB_027826,PHY
PUB_027827,PHY
PUB_027828,PHY
PUB_027829,PHY
PUB_027830,PHY
PUB_027831,PHY
PUB_027832,PHY
PUB_027833,PHY
PUB_027834,PHY
PUB_027835,PHY
PUB_027836,PHY
PUB_027837,PHY
PUB_027838,PHY
PUB_027839,PHY
PUB_027840,PHY
PUB_027841,PHY
PUB_027842,PHY
PUB_027843,PHY
PUB_027844,PHY
PUB_027845,PHY
PUB_027846,PHY
PUB_027847,PHY
PUB_027848,PHY
PUB_027849,PHY
PUB_027850,PHY
PUB_027851,PHY
PUB_027852,PHY
PUB_027853,PHY
PUB_027854,PHY
PUB_027855,PHY
PUB_027856,PHY
PUB_027857,PHY
PUB_027858,PHY
PUB_027859,PHY
PUB_027860,PHY
PUB_027861,PHY
PUB_027862,PHY
PUB_027863,PHY
PUB_027864,PHY
PUB_027865,PHY
PUB_027866,PHY
PUB_027867,PHY
PUB_027868,PHY
PUB_027869,PHY
PUB_027870,PHY
PUB_027871,PHY
PUB_027872,PHY
PUB_027873,PHY
PUB_027874,PHY
PUB_027875,PHY
PUB_027876,PHY
PUB_027877,PHY
PUB_027878,PHY
PUB_027879,PHY
PUB_027880,PHY
PUB_027881,PHY
PUB_027882,PHY
PUB_027883,PHY
PUB_027884,PHY
PUB_027885,PHY
PUB_027886,PHY
PUB_027887,PHY
PUB_027888,PHY
PUB_027889,PHY
PUB_027890,PHY
PUB_027891,PHY
PUB_027892,PHY
PUB_027893,PHY
PUB_027894,PHY
PUB_027895,PHY
PUB_027896,PHY
PUB_027897,PHY
PUB_027898,PHY
PUB_027899,PHY
PUB_027900,PHY
PUB_027901,PHY
PUB_027902,PHY
PUB_027903,PHY
PUB_027904,PHY
PUB_027905,PHY
PUB_027906,PHY
PUB_027907,PHY
PUB_027908,PHY
PUB_027909,PHY
PUB_027910,PHY
PUB_027911,PHY
PUB_027912,PHY
PUB_027913,PHY
PUB_027914,PHY
PUB_027915,PHY
PUB_027916,PHY
PUB_027917,PHY
PUB_027918,PHY
PUB_027919,PHY
PUB_027920,PHY
PUB_027921,PHY
PUB_027922,PHY
PUB_027923,PHY
PUB_027924,PHY
PUB_027925,PHY
PUB_027926,PHY
PUB_027927,PHY
PUB_027928,PHY
PUB_027929,PHY
PUB_027930,PHY
PUB_027931,PHY
PUB_027932,PHY
PUB_027933,PHY
PUB_027934,PHY
PUB_027935,PHY
PUB_027936,PHY
PUB_027937,PHY
PUB_027938,PHY
PUB_027939,PHY
PUB_027940,PHY
PUB_027941,PHY
PUB_027942,PHY
PUB_027943,PHY
PUB_027944,PHY
PUB_027945,PHY
PUB_027946,PHY
PUB_027947,PHY
PUB_027948,PHY
PUB_027949,PHY
PUB_027950,PHY
PUB_027951,PHY
PUB_027952,PHY
PUB_027953,PHY
PUB_027954,PHY
PUB_027955,PHY
PUB_027956,PHY
PUB_027957,PHY
PUB_027958,PHY
PUB_027959,PHY
PUB_027960,PHY
PUB_027961,PHY
PUB_027962,PHY
PUB_027963,PHY
PUB_027964,PHY
PUB_027965,PHY
PUB_027966,PHY
PUB_027967,PHY
PUB_027968,PHY
PUB_027969,PHY
PUB_027970,PHY
PUB_027971,PHY
PUB_027972,PHY
PUB_027973,PHY
PUB_027974,PHY
PUB_027975,PHY
PUB_027976,PHY
