Publication_ID,Subdomain_ID
PUB_000001,MATERIALS_CHEMISTRY
PUB_000002,ATOMIC_AND_MOLECULAR_PHYSICS_AND_OPTICS
PUB_000003,ELECTRICAL_AND_ELECTRONIC_ENGINEERING
PUB_000004,ELECTRONIC_OPTICAL_AND_MAGNETIC_MATERIALS
PUB_000005,ELECTRICAL_AND_ELECTRONIC_ENGINEERING
PUB_000006,ELECTRICAL_AND_ELECTRONIC_ENGINEERING
PUB_000007,ATOMIC_AND_MOLECULAR_PHYSICS_AND_OPTICS
PUB_000008,MECHANICAL_ENGINEERING
PUB_000009,COMPUTER_VISION_AND_PATTERN_RECOGNITION
PUB_000010,MECHANICAL_ENGINEERING
PUB_000011,MATERIALS_CHEMISTRY
PUB_000012,MATERIALS_CHEMISTRY
PUB_000013,MATERIALS_CHEMISTRY
PUB_000014,BIOMEDICAL_ENGINEERING
PUB_000015,AEROSPACE_ENGINEERING
PUB_000016,ELECTRICAL_AND_ELECTRONIC_ENGINEERING
PUB_000017,COMPUTER_VISION_AND_PATTERN_RECOGNITION
PUB_000018,COMPUTER_VISION_AND_PATTERN_RECOGNITION
PUB_000019,AEROSPACE_ENGINEERING
PUB_000020,BIOMEDICAL_ENGINEERING
PUB_000021,MECHANICAL_ENGINEERING
PUB_000022,MATERIALS_CHEMISTRY
PUB_000023,COMPUTER_VISION_AND_PATTERN_RECOGNITION
PUB_000024,MATERIALS_CHEMISTRY
PUB_000025,MATERIALS_CHEMISTRY
PUB_000026,MECHANICAL_ENGINEERING
PUB_000027,MECHANICAL_ENGINEERING
PUB_000028,ELECTRICAL_AND_ELECTRONIC_ENGINEERING
PUB_000029,COMPUTATIONAL_MECHANICS
PUB_000030,MECHANICS_OF_MATERIALS
PUB_000031,COMPUTER_VISION_AND_PATTERN_RECOGNITION
PUB_000032,MATERIALS_CHEMISTRY
PUB_000033,MECHANICS_OF_MATERIALS
PUB_000034,ELECTRICAL_AND_ELECTRONIC_ENGINEERING
PUB_000035,MECHANICAL_ENGINEERING
PUB_000036,COMPUTER_VISION_AND_PATTERN_RECOGNITION
PUB_000037,ARTIFICIAL_INTELLIGENCE
PUB_000038,ELECTRICAL_AND_ELECTRONIC_ENGINEERING
PUB_000039,MATERIALS_CHEMISTRY
PUB_000040,MATERIALS_CHEMISTRY
PUB_000041,MECHANICAL_ENGINEERING
PUB_000042,MATERIALS_CHEMISTRY
PUB_000043,MATERIALS_CHEMISTRY
PUB_000044,MATERIALS_CHEMISTRY
PUB_000045,MATERIALS_CHEMISTRY
PUB_000046,MECHANICAL_ENGINEERING
PUB_000047,COMPUTER_NETWORKS_AND_COMMUNICATIONS
PUB_000048,ELECTRICAL_AND_ELECTRONIC_ENGINEERING
PUB_000049,BUILDING_AND_CONSTRUCTION
PUB_000050,ELECTRICAL_AND_ELECTRONIC_ENGINEERING
PUB_000051,MATERIALS_CHEMISTRY
PUB_000052,ELECTRONIC_OPTICAL_AND_MAGNETIC_MATERIALS
PUB_000053,HUMANCOMPUTER_INTERACTION
PUB_000054,CERAMICS_AND_COMPOSITES
PUB_000055,ATOMIC_AND_MOLECULAR_PHYSICS_AND_OPTICS
PUB_000056,SURFACES_COATINGS_AND_FILMS
PUB_000057,ARTIFICIAL_INTELLIGENCE
PUB_000058,ELECTRICAL_AND_ELECTRONIC_ENGINEERING
PUB_000059,BIOMEDICAL_ENGINEERING
PUB_000060,MATERIALS_CHEMISTRY
PUB_000061,MATERIALS_CHEMISTRY
PUB_000062,ARTIFICIAL_INTELLIGENCE
PUB_000063,CONDENSED_MATTER_PHYSICS
PUB_000064,ELECTRICAL_AND_ELECTRONIC_ENGINEERING
PUB_000065,COMPUTATIONAL_MECHANICS
PUB_000066,ATOMIC_AND_MOLECULAR_PHYSICS_AND_OPTICS
PUB_000067,MATERIALS_CHEMISTRY
PUB_000068,BIOMEDICAL_ENGINEERING
PUB_000069,ARTIFICIAL_INTELLIGENCE
PUB_000070,BUILDING_AND_CONSTRUCTION
PUB_000071,MATERIALS_CHEMISTRY
PUB_000072,COMPUTER_VISION_AND_PATTERN_RECOGNITION
PUB_000073,ATOMIC_AND_MOLECULAR_PHYSICS_AND_OPTICS
PUB_000074,MECHANICAL_ENGINEERING
PUB_000075,BIOMEDICAL_ENGINEERING
PUB_000076,MATERIALS_CHEMISTRY
PUB_000077,CONDENSED_MATTER_PHYSICS
PUB_000078,AEROSPACE_ENGINEERING
PUB_000079,MECHANICS_OF_MATERIALS
PUB_000080,MATERIALS_CHEMISTRY
PUB_000081,ELECTRICAL_AND_ELECTRONIC_ENGINEERING
PUB_000082,CIVIL_AND_STRUCTURAL_ENGINEERING
PUB_000083,ELECTRONIC_OPTICAL_AND_MAGNETIC_MATERIALS
PUB_000084,ELECTRICAL_AND_ELECTRONIC_ENGINEERING
PUB_000085,MECHANICAL_ENGINEERING
PUB_000086,CIVIL_AND_STRUCTURAL_ENGINEERING
PUB_000087,MECHANICS_OF_MATERIALS
PUB_000088,MECHANICAL_ENGINEERING
PUB_000089,MATERIALS_CHEMISTRY
PUB_000090,ASTRONOMY_AND_ASTROPHYSICS
PUB_000091,POLYMERS_AND_PLASTICS
PUB_000092,ELECTRONIC_OPTICAL_AND_MAGNETIC_MATERIALS
PUB_000093,ACOUSTICS_AND_ULTRASONICS
PUB_000094,ELECTRONIC_OPTICAL_AND_MAGNETIC_MATERIALS
PUB_000095,MECHANICAL_ENGINEERING
PUB_000096,ELECTRONIC_OPTICAL_AND_MAGNETIC_MATERIALS
PUB_000097,SAFETY_RISK_RELIABILITY_AND_QUALITY
PUB_000098,COMPUTER_VISION_AND_PATTERN_RECOGNITION
PUB_000099,ELECTRONIC_OPTICAL_AND_MAGNETIC_MATERIALS
PUB_000100,BIOMEDICAL_ENGINEERING
PUB_000101,AEROSPACE_ENGINEERING
PUB_000102,BUILDING_AND_CONSTRUCTION
PUB_000103,MATERIALS_CHEMISTRY
PUB_000104,BIOMEDICAL_ENGINEERING
PUB_000105,ELECTRONIC_OPTICAL_AND_MAGNETIC_MATERIALS
PUB_000106,BIOMEDICAL_ENGINEERING
PUB_000107,AEROSPACE_ENGINEERING
PUB_000108,MATERIALS_CHEMISTRY
PUB_000109,MATERIALS_CHEMISTRY
PUB_000110,ARTIFICIAL_INTELLIGENCE
PUB_000111,ELECTRICAL_AND_ELECTRONIC_ENGINEERING
PUB_000112,MECHANICS_OF_MATERIALS
PUB_000113,ELECTRICAL_AND_ELECTRONIC_ENGINEERING
PUB_000114,CONTROL_AND_SYSTEMS_ENGINEERING
PUB_000115,COMPUTER_VISION_AND_PATTERN_RECOGNITION
PUB_000116,HARDWARE_AND_ARCHITECTURE
PUB_000117,ELECTRONIC_OPTICAL_AND_MAGNETIC_MATERIALS
PUB_000118,MATERIALS_CHEMISTRY
PUB_000119,COMPUTER_NETWORKS_AND_COMMUNICATIONS
PUB_000120,CONDENSED_MATTER_PHYSICS
PUB_000121,ARTIFICIAL_INTELLIGENCE
PUB_000122,ELECTRICAL_AND_ELECTRONIC_ENGINEERING
PUB_000123,ELECTRICAL_AND_ELECTRONIC_ENGINEERING
PUB_000124,BIOMEDICAL_ENGINEERING
PUB_000125,MATERIALS_CHEMISTRY
PUB_000126,MATERIALS_CHEMISTRY
PUB_000127,MECHANICS_OF_MATERIALS
PUB_000128,MATERIALS_CHEMISTRY
PUB_000129,ELECTRONIC_OPTICAL_AND_MAGNETIC_MATERIALS
PUB_000130,MECHANICAL_ENGINEERING
PUB_000131,ELECTRONIC_OPTICAL_AND_MAGNETIC_MATERIALS
PUB_000132,ELECTRICAL_AND_ELECTRONIC_ENGINEERING
PUB_000133,ASTRONOMY_AND_ASTROPHYSICS
PUB_000134,ELECTRICAL_AND_ELECTRONIC_ENGINEERING
PUB_000135,MATERIALS_CHEMISTRY
PUB_000136,ELECTRONIC_OPTICAL_AND_MAGNETIC_MATERIALS
PUB_000137,AUTOMOTIVE_ENGINEERING
PUB_000138,CERAMICS_AND_COMPOSITES
PUB_000139,CONDENSED_MATTER_PHYSICS
PUB_000140,INFORMATION_SYSTEMS
PUB_000141,POLYMERS_AND_PLASTICS
PUB_000142,BIOMEDICAL_ENGINEERING
PUB_000143,MATERIALS_CHEMISTRY
PUB_000144,ASTRONOMY_AND_ASTROPHYSICS
PUB_000145,ELECTRICAL_AND_ELECTRONIC_ENGINEERING
PUB_000146,CIVIL_AND_STRUCTURAL_ENGINEERING
PUB_000147,MECHANICAL_ENGINEERING
PUB_000148,POLYMERS_AND_PLASTICS
PUB_000149,CONDENSED_MATTER_PHYSICS
PUB_000150,MECHANICAL_ENGINEERING
PUB_000151,POLYMERS_AND_PLASTICS
PUB_000152,ASTRONOMY_AND_ASTROPHYSICS
PUB_000153,CIVIL_AND_STRUCTURAL_ENGINEERING
PUB_000154,BIOMEDICAL_ENGINEERING
PUB_000155,ELECTRONIC_OPTICAL_AND_MAGNETIC_MATERIALS
PUB_000156,MATERIALS_CHEMISTRY
PUB_000157,MECHANICAL_ENGINEERING
PUB_000158,ELECTRICAL_AND_ELECTRONIC_ENGINEERING
PUB_000159,BIOMEDICAL_ENGINEERING
PUB_000160,MATERIALS_CHEMISTRY
PUB_000161,MECHANICAL_ENGINEERING
PUB_000162,ASTRONOMY_AND_ASTROPHYSICS
PUB_000163,MECHANICS_OF_MATERIALS
PUB_000164,MATERIALS_CHEMISTRY
PUB_000165,ELECTRICAL_AND_ELECTRONIC_ENGINEERING
PUB_000166,ASTRONOMY_AND_ASTROPHYSICS
PUB_000167,MATERIALS_CHEMISTRY
PUB_000168,MATERIALS_CHEMISTRY
PUB_000169,MATERIALS_CHEMISTRY
PUB_000170,MATERIALS_CHEMISTRY
PUB_000171,ATOMIC_AND_MOLECULAR_PHYSICS_AND_OPTICS
PUB_000172,ELECTRICAL_AND_ELECTRONIC_ENGINEERING
PUB_000173,ELECTRONIC_OPTICAL_AND_MAGNETIC_MATERIALS
PUB_000174,MATERIALS_CHEMISTRY
PUB_000175,MATERIALS_CHEMISTRY
PUB_000176,BIOMEDICAL_ENGINEERING
PUB_000177,CONTROL_AND_SYSTEMS_ENGINEERING
PUB_000178,BIOMEDICAL_ENGINEERING
PUB_000179,COMPUTER_VISION_AND_PATTERN_RECOGNITION
PUB_000180,COMPUTATIONAL_MECHANICS
PUB_000181,MATERIALS_CHEMISTRY
PUB_000182,MATERIALS_CHEMISTRY
PUB_000183,MATERIALS_CHEMISTRY
PUB_000184,ELECTRONIC_OPTICAL_AND_MAGNETIC_MATERIALS
PUB_000185,ATOMIC_AND_MOLECULAR_PHYSICS_AND_OPTICS
PUB_000186,BIOMEDICAL_ENGINEERING
PUB_000187,ELECTRICAL_AND_ELECTRONIC_ENGINEERING
PUB_000188,BIOMATERIALS
PUB_000189,ASTRONOMY_AND_ASTROPHYSICS
PUB_000190,ELECTRONIC_OPTICAL_AND_MAGNETIC_MATERIALS
PUB_000191,ELECTRONIC_OPTICAL_AND_MAGNETIC_MATERIALS
PUB_000192,ARTIFICIAL_INTELLIGENCE
PUB_000193,MATERIALS_CHEMISTRY
PUB_000194,CONDENSED_MATTER_PHYSICS
PUB_000195,MATERIALS_CHEMISTRY
PUB_000196,BIOMATERIALS
PUB_000197,ATOMIC_AND_MOLECULAR_PHYSICS_AND_OPTICS
PUB_000198,CIVIL_AND_STRUCTURAL_ENGINEERING
PUB_000199,ELECTRICAL_AND_ELECTRONIC_ENGINEERING
PUB_000200,ELECTRONIC_OPTICAL_AND_MAGNETIC_MATERIALS
PUB_000201,MATERIALS_CHEMISTRY
PUB_000202,ELECTRONIC_OPTICAL_AND_MAGNETIC_MATERIALS
PUB_000203,BIOMEDICAL_ENGINEERING
PUB_000204,ELECTRONIC_OPTICAL_AND_MAGNETIC_MATERIALS
PUB_000205,MATERIALS_CHEMISTRY
PUB_000206,BIOMEDICAL_ENGINEERING
PUB_000207,ELECTRICAL_AND_ELECTRONIC_ENGINEERING
PUB_000208,ELECTRICAL_AND_ELECTRONIC_ENGINEERING
PUB_000209,MATERIALS_CHEMISTRY
PUB_000210,CONDENSED_MATTER_PHYSICS
PUB_000211,ELECTRICAL_AND_ELECTRONIC_ENGINEERING
PUB_000212,BIOMEDICAL_ENGINEERING
PUB_000213,MATERIALS_CHEMISTRY
PUB_000214,BIOMEDICAL_ENGINEERING
PUB_000215,ASTRONOMY_AND_ASTROPHYSICS
PUB_000216,ELECTRONIC_OPTICAL_AND_MAGNETIC_MATERIALS
PUB_000217,COMPUTER_VISION_AND_PATTERN_RECOGNITION
PUB_000218,COMPUTATIONAL_MECHANICS
PUB_000219,ELECTRICAL_AND_ELECTRONIC_ENGINEERING
PUB_000220,AEROSPACE_ENGINEERING
PUB_000221,ELECTRICAL_AND_ELECTRONIC_ENGINEERING
PUB_000222,COMPUTER_VISION_AND_PATTERN_RECOGNITION
PUB_000223,BIOMEDICAL_ENGINEERING
PUB_000224,CIVIL_AND_STRUCTURAL_ENGINEERING
PUB_000225,ELECTRICAL_AND_ELECTRONIC_ENGINEERING
PUB_000226,MECHANICAL_ENGINEERING
PUB_000227,CONTROL_AND_SYSTEMS_ENGINEERING
PUB_000228,ASTRONOMY_AND_ASTROPHYSICS
PUB_000229,MECHANICAL_ENGINEERING
PUB_000230,ELECTRICAL_AND_ELECTRONIC_ENGINEERING
PUB_000231,MECHANICS_OF_MATERIALS
PUB_000232,ELECTRICAL_AND_ELECTRONIC_ENGINEERING
PUB_000233,ELECTRICAL_AND_ELECTRONIC_ENGINEERING
PUB_000234,ELECTRONIC_OPTICAL_AND_MAGNETIC_MATERIALS
PUB_000235,ELECTRICAL_AND_ELECTRONIC_ENGINEERING
PUB_000236,BIOMEDICAL_ENGINEERING
PUB_000237,MECHANICS_OF_MATERIALS
PUB_000238,ELECTRONIC_OPTICAL_AND_MAGNETIC_MATERIALS
PUB_000239,POLYMERS_AND_PLASTICS
PUB_000240,ELECTRONIC_OPTICAL_AND_MAGNETIC_MATERIALS
PUB_000241,MECHANICAL_ENGINEERING
PUB_000242,ASTRONOMY_AND_ASTROPHYSICS
PUB_000243,AUTOMOTIVE_ENGINEERING
PUB_000244,MATERIALS_CHEMISTRY
PUB_000245,MATERIALS_CHEMISTRY
PUB_000246,ELECTRICAL_AND_ELECTRONIC_ENGINEERING
PUB_000247,MATERIALS_CHEMISTRY
PUB_000248,ELECTRONIC_OPTICAL_AND_MAGNETIC_MATERIALS
PUB_000249,ELECTRICAL_AND_ELECTRONIC_ENGINEERING
PUB_000250,COMPUTER_VISION_AND_PATTERN_RECOGNITION
PUB_000251,ATOMIC_AND_MOLECULAR_PHYSICS_AND_OPTICS
PUB_000252,MATERIALS_CHEMISTRY
PUB_000253,MECHANICAL_ENGINEERING
PUB_000254,BIOMEDICAL_ENGINEERING
PUB_000255,POLYMERS_AND_PLASTICS
PUB_000256,ELECTRICAL_AND_ELECTRONIC_ENGINEERING
PUB_000257,MATERIALS_CHEMISTRY
PUB_000258,MATERIALS_CHEMISTRY
PUB_000259,BIOMATERIALS
PUB_000260,MATERIALS_CHEMISTRY
PUB_000261,BIOMEDICAL_ENGINEERING
PUB_000262,MATERIALS_CHEMISTRY
PUB_000263,CONDENSED_MATTER_PHYSICS
PUB_000264,MATERIALS_CHEMISTRY
PUB_000265,BIOMATERIALS
PUB_000266,MECHANICAL_ENGINEERING
PUB_000267,ARTIFICIAL_INTELLIGENCE
PUB_000268,MECHANICS_OF_MATERIALS
PUB_000269,BIOMATERIALS
PUB_000270,MATERIALS_CHEMISTRY
PUB_000271,ELECTRICAL_AND_ELECTRONIC_ENGINEERING
PUB_000272,SIGNAL_PROCESSING
PUB_000273,CIVIL_AND_STRUCTURAL_ENGINEERING
PUB_000274,ASTRONOMY_AND_ASTROPHYSICS
PUB_000275,ATOMIC_AND_MOLECULAR_PHYSICS_AND_OPTICS
PUB_000276,ATOMIC_AND_MOLECULAR_PHYSICS_AND_OPTICS
PUB_000277,ATOMIC_AND_MOLECULAR_PHYSICS_AND_OPTICS
PUB_000278,BIOMEDICAL_ENGINEERING
PUB_000279,AEROSPACE_ENGINEERING
PUB_000280,MATERIALS_CHEMISTRY
PUB_000281,ASTRONOMY_AND_ASTROPHYSICS
PUB_000282,MATERIALS_CHEMISTRY
PUB_000283,COMPUTATIONAL_THEORY_AND_MATHEMATICS
PUB_000284,MECHANICAL_ENGINEERING
PUB_000285,ELECTRICAL_AND_ELECTRONIC_ENGINEERING
PUB_000286,AEROSPACE_ENGINEERING
PUB_000287,MATERIALS_CHEMISTRY
PUB_000288,ELECTRICAL_AND_ELECTRONIC_ENGINEERING
PUB_000289,CONTROL_AND_SYSTEMS_ENGINEERING
PUB_000290,BIOMATERIALS
PUB_000291,ELECTRICAL_AND_ELECTRONIC_ENGINEERING
PUB_000292,CONDENSED_MATTER_PHYSICS
PUB_000293,MATERIALS_CHEMISTRY
PUB_000294,ELECTRICAL_AND_ELECTRONIC_ENGINEERING
PUB_000295,ELECTRICAL_AND_ELECTRONIC_ENGINEERING
PUB_000296,CIVIL_AND_STRUCTURAL_ENGINEERING
PUB_000297,CONDENSED_MATTER_PHYSICS
PUB_000298,MATERIALS_CHEMISTRY
PUB_000299,ELECTRICAL_AND_ELECTRONIC_ENGINEERING
PUB_000300,COMPUTATIONAL_MECHANICS
PUB_000301,COMPUTATIONAL_MECHANICS
PUB_000302,BIOMEDICAL_ENGINEERING
PUB_000303,COMPUTER_NETWORKS_AND_COMMUNICATIONS
PUB_000304,COMPUTATIONAL_MECHANICS
PUB_000305,MATERIALS_CHEMISTRY
PUB_000306,BIOMEDICAL_ENGINEERING
PUB_000307,COMPUTER_NETWORKS_AND_COMMUNICATIONS
PUB_000308,HUMANCOMPUTER_INTERACTION
PUB_000309,BIOMEDICAL_ENGINEERING
PUB_000310,MECHANICS_OF_MATERIALS
PUB_000311,MATERIALS_CHEMISTRY
PUB_000312,ELECTRICAL_AND_ELECTRONIC_ENGINEERING
PUB_000313,ELECTRICAL_AND_ELECTRONIC_ENGINEERING
PUB_000314,COMPUTATIONAL_MECHANICS
PUB_000315,ARTIFICIAL_INTELLIGENCE
PUB_000316,MATERIALS_CHEMISTRY
PUB_000317,ELECTRICAL_AND_ELECTRONIC_ENGINEERING
PUB_000318,MATERIALS_CHEMISTRY
PUB_000319,ELECTRICAL_AND_ELECTRONIC_ENGINEERING
PUB_000320,MATERIALS_CHEMISTRY
PUB_000321,MECHANICAL_ENGINEERING
PUB_000322,MATERIALS_CHEMISTRY
PUB_000323,POLYMERS_AND_PLASTICS
PUB_000324,BIOMEDICAL_ENGINEERING
PUB_000325,MATERIALS_CHEMISTRY
PUB_000326,MATERIALS_CHEMISTRY
PUB_000327,ATOMIC_AND_MOLECULAR_PHYSICS_AND_OPTICS
PUB_000328,MATERIALS_CHEMISTRY
PUB_000329,POLYMERS_AND_PLASTICS
PUB_000330,BIOMEDICAL_ENGINEERING
PUB_000331,APPLIED_MATHEMATICS
PUB_000332,MATERIALS_CHEMISTRY
PUB_000333,COMPUTER_VISION_AND_PATTERN_RECOGNITION
PUB_000334,ASTRONOMY_AND_ASTROPHYSICS
PUB_000335,ASTRONOMY_AND_ASTROPHYSICS
PUB_000336,BIOMEDICAL_ENGINEERING
PUB_000337,SURFACES_COATINGS_AND_FILMS
PUB_000338,STATISTICAL_AND_NONLINEAR_PHYSICS
PUB_000339,SAFETY_RISK_RELIABILITY_AND_QUALITY
PUB_000340,MECHANICS_OF_MATERIALS
PUB_000341,COMPUTATIONAL_MECHANICS
PUB_000342,ELECTRICAL_AND_ELECTRONIC_ENGINEERING
PUB_000343,STATISTICAL_AND_NONLINEAR_PHYSICS
PUB_000344,CIVIL_AND_STRUCTURAL_ENGINEERING
PUB_000345,ASTRONOMY_AND_ASTROPHYSICS
PUB_000346,ARTIFICIAL_INTELLIGENCE
PUB_000347,CONTROL_AND_SYSTEMS_ENGINEERING
PUB_000348,MATERIALS_CHEMISTRY
PUB_000349,ELECTRICAL_AND_ELECTRONIC_ENGINEERING
PUB_000350,COMPUTER_NETWORKS_AND_COMMUNICATIONS
PUB_000351,CERAMICS_AND_COMPOSITES
PUB_000352,MATERIALS_CHEMISTRY
PUB_000353,ELECTRICAL_AND_ELECTRONIC_ENGINEERING
PUB_000354,MATERIALS_CHEMISTRY
PUB_000355,CONTROL_AND_SYSTEMS_ENGINEERING
PUB_000356,COMPUTER_VISION_AND_PATTERN_RECOGNITION
PUB_000357,MECHANICS_OF_MATERIALS
PUB_000358,CIVIL_AND_STRUCTURAL_ENGINEERING
PUB_000359,MECHANICAL_ENGINEERING
PUB_000360,ELECTRONIC_OPTICAL_AND_MAGNETIC_MATERIALS
PUB_000361,ELECTRICAL_AND_ELECTRONIC_ENGINEERING
PUB_000362,MECHANICAL_ENGINEERING
PUB_000363,ELECTRICAL_AND_ELECTRONIC_ENGINEERING
PUB_000364,ARTIFICIAL_INTELLIGENCE
PUB_000365,ELECTRICAL_AND_ELECTRONIC_ENGINEERING
PUB_000366,COMPUTATIONAL_THEORY_AND_MATHEMATICS
PUB_000367,MATERIALS_CHEMISTRY
PUB_000368,CIVIL_AND_STRUCTURAL_ENGINEERING
PUB_000369,POLYMERS_AND_PLASTICS
PUB_000370,ELECTRONIC_OPTICAL_AND_MAGNETIC_MATERIALS
PUB_000371,ARTIFICIAL_INTELLIGENCE
PUB_000372,MATERIALS_CHEMISTRY
PUB_000373,BIOMATERIALS
PUB_000374,COMPUTATIONAL_MECHANICS
PUB_000375,ATOMIC_AND_MOLECULAR_PHYSICS_AND_OPTICS
PUB_000376,ELECTRONIC_OPTICAL_AND_MAGNETIC_MATERIALS
PUB_000377,ASTRONOMY_AND_ASTROPHYSICS
PUB_000378,MATERIALS_CHEMISTRY
PUB_000379,MATERIALS_CHEMISTRY
PUB_000380,CIVIL_AND_STRUCTURAL_ENGINEERING
PUB_000381,ATOMIC_AND_MOLECULAR_PHYSICS_AND_OPTICS
PUB_000382,COMPUTER_VISION_AND_PATTERN_RECOGNITION
PUB_000383,MATERIALS_CHEMISTRY
PUB_000384,BIOMEDICAL_ENGINEERING
PUB_000385,MATERIALS_CHEMISTRY
PUB_000386,MECHANICS_OF_MATERIALS
PUB_000387,BIOMEDICAL_ENGINEERING
PUB_000388,ELECTRICAL_AND_ELECTRONIC_ENGINEERING
PUB_000389,ARTIFICIAL_INTELLIGENCE
PUB_000390,MATERIALS_CHEMISTRY
PUB_000391,CIVIL_AND_STRUCTURAL_ENGINEERING
PUB_000392,ELECTRICAL_AND_ELECTRONIC_ENGINEERING
PUB_000393,BIOMEDICAL_ENGINEERING
PUB_000394,CIVIL_AND_STRUCTURAL_ENGINEERING
PUB_000395,ELECTRONIC_OPTICAL_AND_MAGNETIC_MATERIALS
PUB_000396,ELECTRICAL_AND_ELECTRONIC_ENGINEERING
PUB_000397,MATERIALS_CHEMISTRY
PUB_000398,MATERIALS_CHEMISTRY
PUB_000399,BIOMEDICAL_ENGINEERING
PUB_000400,COMPUTER_VISION_AND_PATTERN_RECOGNITION
PUB_000401,COMPUTATIONAL_MECHANICS
PUB_000402,ELECTRICAL_AND_ELECTRONIC_ENGINEERING
PUB_000403,ELECTRONIC_OPTICAL_AND_MAGNETIC_MATERIALS
PUB_000404,ELECTRONIC_OPTICAL_AND_MAGNETIC_MATERIALS
PUB_000405,CIVIL_AND_STRUCTURAL_ENGINEERING
PUB_000406,OCEAN_ENGINEERING
PUB_000407,POLYMERS_AND_PLASTICS
PUB_000408,ELECTRICAL_AND_ELECTRONIC_ENGINEERING
PUB_000409,CONDENSED_MATTER_PHYSICS
PUB_000410,ELECTRICAL_AND_ELECTRONIC_ENGINEERING
PUB_000411,AEROSPACE_ENGINEERING
PUB_000412,CIVIL_AND_STRUCTURAL_ENGINEERING
PUB_000413,MECHANICS_OF_MATERIALS
PUB_000414,POLYMERS_AND_PLASTICS
PUB_000415,CONDENSED_MATTER_PHYSICS
PUB_000416,MATERIALS_CHEMISTRY
PUB_000417,ELECTRONIC_OPTICAL_AND_MAGNETIC_MATERIALS
PUB_000418,COMPUTATIONAL_MECHANICS
PUB_000419,ASTRONOMY_AND_ASTROPHYSICS
PUB_000420,MATERIALS_CHEMISTRY
PUB_000421,ELECTRONIC_OPTICAL_AND_MAGNETIC_MATERIALS
PUB_000422,SIGNAL_PROCESSING
PUB_000423,MATERIALS_CHEMISTRY
PUB_000424,COMPUTER_NETWORKS_AND_COMMUNICATIONS
PUB_000425,MATERIALS_CHEMISTRY
PUB_000426,MATERIALS_CHEMISTRY
PUB_000427,CONTROL_AND_SYSTEMS_ENGINEERING
PUB_000428,CONDENSED_MATTER_PHYSICS
PUB_000429,ELECTRICAL_AND_ELECTRONIC_ENGINEERING
PUB_000430,ELECTRICAL_AND_ELECTRONIC_ENGINEERING
PUB_000431,ELECTRONIC_OPTICAL_AND_MAGNETIC_MATERIALS
PUB_000432,AEROSPACE_ENGINEERING
PUB_000433,BIOMEDICAL_ENGINEERING
PUB_000434,BIOMEDICAL_ENGINEERING
PUB_000435,ARTIFICIAL_INTELLIGENCE
PUB_000436,CONDENSED_MATTER_PHYSICS
PUB_000437,MECHANICAL_ENGINEERING
PUB_000438,MECHANICS_OF_MATERIALS
PUB_000439,BUILDING_AND_CONSTRUCTION
PUB_000440,MATERIALS_CHEMISTRY
PUB_000441,MATERIALS_CHEMISTRY
PUB_000442,STATISTICAL_AND_NONLINEAR_PHYSICS
PUB_000443,ELECTRONIC_OPTICAL_AND_MAGNETIC_MATERIALS
PUB_000444,BUILDING_AND_CONSTRUCTION
PUB_000445,BIOMEDICAL_ENGINEERING
PUB_000446,MATERIALS_CHEMISTRY
PUB_000447,ELECTRICAL_AND_ELECTRONIC_ENGINEERING
PUB_000448,COMPUTER_VISION_AND_PATTERN_RECOGNITION
PUB_000449,COMPUTER_NETWORKS_AND_COMMUNICATIONS
PUB_000450,MATERIALS_CHEMISTRY
PUB_000451,COMPUTER_VISION_AND_PATTERN_RECOGNITION
PUB_000452,POLYMERS_AND_PLASTICS
PUB_000453,ATOMIC_AND_MOLECULAR_PHYSICS_AND_OPTICS
PUB_000454,CONDENSED_MATTER_PHYSICS
PUB_000455,COMPUTATIONAL_MECHANICS
PUB_000456,MATERIALS_CHEMISTRY
PUB_000457,ELECTRICAL_AND_ELECTRONIC_ENGINEERING
PUB_000458,SOFTWARE
PUB_000459,MECHANICS_OF_MATERIALS
PUB_000460,MATERIALS_CHEMISTRY
PUB_000461,CERAMICS_AND_COMPOSITES
PUB_000462,MATERIALS_CHEMISTRY
PUB_000463,ASTRONOMY_AND_ASTROPHYSICS
PUB_000464,MECHANICAL_ENGINEERING
PUB_000465,MATERIALS_CHEMISTRY
PUB_000466,MATERIALS_CHEMISTRY
PUB_000467,ELECTRICAL_AND_ELECTRONIC_ENGINEERING
PUB_000468,MECHANICS_OF_MATERIALS
PUB_000469,MECHANICS_OF_MATERIALS
PUB_000470,MATERIALS_CHEMISTRY
PUB_000471,ATOMIC_AND_MOLECULAR_PHYSICS_AND_OPTICS
PUB_000472,ATOMIC_AND_MOLECULAR_PHYSICS_AND_OPTICS
PUB_000473,CERAMICS_AND_COMPOSITES
PUB_000474,MATERIALS_CHEMISTRY
PUB_000475,CIVIL_AND_STRUCTURAL_ENGINEERING
PUB_000476,MATERIALS_CHEMISTRY
PUB_000477,ELECTRICAL_AND_ELECTRONIC_ENGINEERING
PUB_000478,MEDIA_TECHNOLOGY
PUB_000479,APPLIED_MATHEMATICS
PUB_000480,COMPUTATIONAL_THEORY_AND_MATHEMATICS
PUB_000481,ELECTRICAL_AND_ELECTRONIC_ENGINEERING
PUB_000482,CIVIL_AND_STRUCTURAL_ENGINEERING
PUB_000483,POLYMERS_AND_PLASTICS
PUB_000484,INFORMATION_SYSTEMS
PUB_000485,HUMANCOMPUTER_INTERACTION
PUB_000486,ARTIFICIAL_INTELLIGENCE
PUB_000487,MATERIALS_CHEMISTRY
PUB_000488,COMPUTER_VISION_AND_PATTERN_RECOGNITION
PUB_000489,MATERIALS_CHEMISTRY
PUB_000490,INFORMATION_SYSTEMS
PUB_000491,MATERIALS_CHEMISTRY
PUB_000492,MATERIALS_CHEMISTRY
PUB_000493,AUTOMOTIVE_ENGINEERING
PUB_000494,COMPUTATIONAL_MECHANICS
PUB_000495,AUTOMOTIVE_ENGINEERING
PUB_000496,MECHANICS_OF_MATERIALS
PUB_000497,MATERIALS_CHEMISTRY
PUB_000498,COMPUTATIONAL_MECHANICS
PUB_000499,MECHANICS_OF_MATERIALS
PUB_000500,ELECTRICAL_AND_ELECTRONIC_ENGINEERING
PUB_000501,MECHANICS_OF_MATERIALS
PUB_000502,AEROSPACE_ENGINEERING
PUB_000503,ELECTRONIC_OPTICAL_AND_MAGNETIC_MATERIALS
PUB_000504,MECHANICAL_ENGINEERING
PUB_000505,ELECTRONIC_OPTICAL_AND_MAGNETIC_MATERIALS
PUB_000506,ELECTRICAL_AND_ELECTRONIC_ENGINEERING
PUB_000507,CONDENSED_MATTER_PHYSICS
PUB_000508,COMPUTER_VISION_AND_PATTERN_RECOGNITION
PUB_000509,COMPUTATIONAL_MECHANICS
PUB_000510,CIVIL_AND_STRUCTURAL_ENGINEERING
PUB_000511,COMPUTATIONAL_MECHANICS
PUB_000512,MATERIALS_CHEMISTRY
PUB_000513,ELECTRICAL_AND_ELECTRONIC_ENGINEERING
PUB_000514,MATERIALS_CHEMISTRY
PUB_000515,ARTIFICIAL_INTELLIGENCE
PUB_000516,SIGNAL_PROCESSING
PUB_000517,ATOMIC_AND_MOLECULAR_PHYSICS_AND_OPTICS
PUB_000518,ELECTRICAL_AND_ELECTRONIC_ENGINEERING
PUB_000519,ASTRONOMY_AND_ASTROPHYSICS
PUB_000520,ELECTRICAL_AND_ELECTRONIC_ENGINEERING
PUB_000521,CIVIL_AND_STRUCTURAL_ENGINEERING
PUB_000522,ELECTRICAL_AND_ELECTRONIC_ENGINEERING
PUB_000523,SAFETY_RISK_RELIABILITY_AND_QUALITY
PUB_000524,MATERIALS_CHEMISTRY
PUB_000525,COMPUTER_VISION_AND_PATTERN_RECOGNITION
PUB_000526,MECHANICS_OF_MATERIALS
PUB_000527,ASTRONOMY_AND_ASTROPHYSICS
PUB_000528,MATERIALS_CHEMISTRY
PUB_000529,AEROSPACE_ENGINEERING
PUB_000530,COMPUTATIONAL_MECHANICS
PUB_000531,ATOMIC_AND_MOLECULAR_PHYSICS_AND_OPTICS
PUB_000532,MECHANICAL_ENGINEERING
PUB_000533,CONTROL_AND_SYSTEMS_ENGINEERING
PUB_000534,CONTROL_AND_SYSTEMS_ENGINEERING
PUB_000535,MATERIALS_CHEMISTRY
PUB_000536,MATERIALS_CHEMISTRY
PUB_000537,MECHANICAL_ENGINEERING
PUB_000538,MATERIALS_CHEMISTRY
PUB_000539,AEROSPACE_ENGINEERING
PUB_000540,CIVIL_AND_STRUCTURAL_ENGINEERING
PUB_000541,BUILDING_AND_CONSTRUCTION
PUB_000542,BIOMEDICAL_ENGINEERING
PUB_000543,INDUSTRIAL_AND_MANUFACTURING_ENGINEERING
PUB_000544,SURFACES_COATINGS_AND_FILMS
PUB_000545,MECHANICAL_ENGINEERING
PUB_000546,COMPUTER_NETWORKS_AND_COMMUNICATIONS
PUB_000547,ELECTRICAL_AND_ELECTRONIC_ENGINEERING
PUB_000548,COMPUTATIONAL_MECHANICS
PUB_000549,BIOMEDICAL_ENGINEERING
PUB_000550,POLYMERS_AND_PLASTICS
PUB_000551,BIOMATERIALS
PUB_000552,MATERIALS_CHEMISTRY
PUB_000553,ARTIFICIAL_INTELLIGENCE
PUB_000554,AEROSPACE_ENGINEERING
PUB_000555,ATOMIC_AND_MOLECULAR_PHYSICS_AND_OPTICS
PUB_000556,ELECTRICAL_AND_ELECTRONIC_ENGINEERING
PUB_000557,MATERIALS_CHEMISTRY
PUB_000558,CONDENSED_MATTER_PHYSICS
PUB_000559,ATOMIC_AND_MOLECULAR_PHYSICS_AND_OPTICS
PUB_000560,MATERIALS_CHEMISTRY
PUB_000561,COMPUTATIONAL_THEORY_AND_MATHEMATICS
PUB_000562,MATERIALS_CHEMISTRY
PUB_000563,ELECTRICAL_AND_ELECTRONIC_ENGINEERING
PUB_000564,ELECTRONIC_OPTICAL_AND_MAGNETIC_MATERIALS
PUB_000565,ASTRONOMY_AND_ASTROPHYSICS
PUB_000566,ELECTRICAL_AND_ELECTRONIC_ENGINEERING
PUB_000567,MATERIALS_CHEMISTRY
PUB_000568,ARTIFICIAL_INTELLIGENCE
PUB_000569,ASTRONOMY_AND_ASTROPHYSICS
PUB_000570,CIVIL_AND_STRUCTURAL_ENGINEERING
PUB_000571,CONDENSED_MATTER_PHYSICS
PUB_000572,MATERIALS_CHEMISTRY
PUB_000573,ARTIFICIAL_INTELLIGENCE
PUB_000574,MATERIALS_CHEMISTRY
PUB_000575,ELECTRICAL_AND_ELECTRONIC_ENGINEERING
PUB_000576,MATERIALS_CHEMISTRY
PUB_000577,AEROSPACE_ENGINEERING
PUB_000578,BIOMEDICAL_ENGINEERING
PUB_000579,ELECTRICAL_AND_ELECTRONIC_ENGINEERING
PUB_000580,ATOMIC_AND_MOLECULAR_PHYSICS_AND_OPTICS
PUB_000581,BIOMATERIALS
PUB_000582,MECHANICAL_ENGINEERING
PUB_000583,MATERIALS_CHEMISTRY
PUB_000584,COMPUTATIONAL_MECHANICS
PUB_000585,MATERIALS_CHEMISTRY
PUB_000586,ARTIFICIAL_INTELLIGENCE
PUB_000587,ELECTRICAL_AND_ELECTRONIC_ENGINEERING
PUB_000588,BIOMEDICAL_ENGINEERING
PUB_000589,ASTRONOMY_AND_ASTROPHYSICS
PUB_000590,MATERIALS_CHEMISTRY
PUB_000591,ASTRONOMY_AND_ASTROPHYSICS
PUB_000592,MATERIALS_CHEMISTRY
PUB_000593,AEROSPACE_ENGINEERING
PUB_000594,MATERIALS_CHEMISTRY
PUB_000595,DISCRETE_MATHEMATICS_AND_COMBINATORICS
PUB_000596,ELECTRICAL_AND_ELECTRONIC_ENGINEERING
PUB_000597,ASTRONOMY_AND_ASTROPHYSICS
PUB_000598,ATOMIC_AND_MOLECULAR_PHYSICS_AND_OPTICS
PUB_000599,MATERIALS_CHEMISTRY
PUB_000600,AEROSPACE_ENGINEERING
PUB_000601,MECHANICAL_ENGINEERING
PUB_000602,ELECTRICAL_AND_ELECTRONIC_ENGINEERING
PUB_000603,ELECTRICAL_AND_ELECTRONIC_ENGINEERING
PUB_000604,ELECTRICAL_AND_ELECTRONIC_ENGINEERING
PUB_000605,MATERIALS_CHEMISTRY
PUB_000606,ELECTRICAL_AND_ELECTRONIC_ENGINEERING
PUB_000607,AEROSPACE_ENGINEERING
PUB_000608,SIGNAL_PROCESSING
PUB_000609,SIGNAL_PROCESSING
PUB_000610,ASTRONOMY_AND_ASTROPHYSICS
PUB_000611,ELECTRONIC_OPTICAL_AND_MAGNETIC_MATERIALS
PUB_000612,ELECTRICAL_AND_ELECTRONIC_ENGINEERING
PUB_000613,MECHANICAL_ENGINEERING
PUB_000614,ELECTRONIC_OPTICAL_AND_MAGNETIC_MATERIALS
PUB_000615,MATERIALS_CHEMISTRY
PUB_000616,INFORMATION_SYSTEMS
PUB_000617,BIOMEDICAL_ENGINEERING
PUB_000618,INFORMATION_SYSTEMS
PUB_000619,ELECTRONIC_OPTICAL_AND_MAGNETIC_MATERIALS
PUB_000620,MATERIALS_CHEMISTRY
PUB_000621,CONTROL_AND_SYSTEMS_ENGINEERING
PUB_000622,COMPUTATIONAL_MECHANICS
PUB_000623,COMPUTATIONAL_MECHANICS
PUB_000624,ASTRONOMY_AND_ASTROPHYSICS
PUB_000625,MATERIALS_CHEMISTRY
PUB_000626,ELECTRONIC_OPTICAL_AND_MAGNETIC_MATERIALS
PUB_000627,MATERIALS_CHEMISTRY
PUB_000628,MATERIALS_CHEMISTRY
PUB_000629,BIOMEDICAL_ENGINEERING
PUB_000630,COMPUTER_VISION_AND_PATTERN_RECOGNITION
PUB_000631,AEROSPACE_ENGINEERING
PUB_000632,STATISTICAL_AND_NONLINEAR_PHYSICS
PUB_000633,COMPUTER_NETWORKS_AND_COMMUNICATIONS
PUB_000634,ELECTRONIC_OPTICAL_AND_MAGNETIC_MATERIALS
PUB_000635,POLYMERS_AND_PLASTICS
PUB_000636,ELECTRONIC_OPTICAL_AND_MAGNETIC_MATERIALS
PUB_000637,BIOMEDICAL_ENGINEERING
PUB_000638,ELECTRICAL_AND_ELECTRONIC_ENGINEERING
PUB_000639,HARDWARE_AND_ARCHITECTURE
PUB_000640,CONDENSED_MATTER_PHYSICS
PUB_000641,ELECTRICAL_AND_ELECTRONIC_ENGINEERING
PUB_000642,ELECTRICAL_AND_ELECTRONIC_ENGINEERING
PUB_000643,MEDIA_TECHNOLOGY
PUB_000644,MATERIALS_CHEMISTRY
PUB_000645,MATERIALS_CHEMISTRY
PUB_000646,COMPUTATIONAL_THEORY_AND_MATHEMATICS
PUB_000647,ELECTRICAL_AND_ELECTRONIC_ENGINEERING
PUB_000648,CONDENSED_MATTER_PHYSICS
PUB_000649,ELECTRICAL_AND_ELECTRONIC_ENGINEERING
PUB_000650,SURFACES_COATINGS_AND_FILMS
PUB_000651,MATERIALS_CHEMISTRY
PUB_000652,ATOMIC_AND_MOLECULAR_PHYSICS_AND_OPTICS
PUB_000653,ELECTRONIC_OPTICAL_AND_MAGNETIC_MATERIALS
PUB_000654,MATERIALS_CHEMISTRY
PUB_000655,ELECTRICAL_AND_ELECTRONIC_ENGINEERING
PUB_000656,MECHANICS_OF_MATERIALS
PUB_000657,MECHANICAL_ENGINEERING
PUB_000658,COMPUTATIONAL_MECHANICS
PUB_000659,ELECTRICAL_AND_ELECTRONIC_ENGINEERING
PUB_000660,COMPUTER_VISION_AND_PATTERN_RECOGNITION
PUB_000661,ELECTRICAL_AND_ELECTRONIC_ENGINEERING
PUB_000662,ARTIFICIAL_INTELLIGENCE
PUB_000663,COMPUTER_VISION_AND_PATTERN_RECOGNITION
PUB_000664,ATOMIC_AND_MOLECULAR_PHYSICS_AND_OPTICS
PUB_000665,STATISTICAL_AND_NONLINEAR_PHYSICS
PUB_000666,ELECTRONIC_OPTICAL_AND_MAGNETIC_MATERIALS
PUB_000667,ELECTRICAL_AND_ELECTRONIC_ENGINEERING
PUB_000668,ELECTRICAL_AND_ELECTRONIC_ENGINEERING
PUB_000669,ELECTRICAL_AND_ELECTRONIC_ENGINEERING
PUB_000670,COMPUTER_VISION_AND_PATTERN_RECOGNITION
PUB_000671,ELECTRONIC_OPTICAL_AND_MAGNETIC_MATERIALS
PUB_000672,ELECTRONIC_OPTICAL_AND_MAGNETIC_MATERIALS
PUB_000673,MATERIALS_CHEMISTRY
PUB_000674,MATERIALS_CHEMISTRY
PUB_000675,ELECTRONIC_OPTICAL_AND_MAGNETIC_MATERIALS
PUB_000676,ELECTRICAL_AND_ELECTRONIC_ENGINEERING
PUB_000677,ARTIFICIAL_INTELLIGENCE
PUB_000678,CIVIL_AND_STRUCTURAL_ENGINEERING
PUB_000679,BIOMEDICAL_ENGINEERING
PUB_000680,STATISTICAL_AND_NONLINEAR_PHYSICS
PUB_000681,ELECTRICAL_AND_ELECTRONIC_ENGINEERING
PUB_000682,CIVIL_AND_STRUCTURAL_ENGINEERING
PUB_000683,CONDENSED_MATTER_PHYSICS
PUB_000684,CONDENSED_MATTER_PHYSICS
PUB_000685,ELECTRICAL_AND_ELECTRONIC_ENGINEERING
PUB_000686,ARTIFICIAL_INTELLIGENCE
PUB_000687,MECHANICAL_ENGINEERING
PUB_000688,MEDIA_TECHNOLOGY
PUB_000689,BIOMATERIALS
PUB_000690,ELECTRICAL_AND_ELECTRONIC_ENGINEERING
PUB_000691,ELECTRICAL_AND_ELECTRONIC_ENGINEERING
PUB_000692,ELECTRICAL_AND_ELECTRONIC_ENGINEERING
PUB_000693,MATERIALS_CHEMISTRY
PUB_000694,ARTIFICIAL_INTELLIGENCE
PUB_000695,ARTIFICIAL_INTELLIGENCE
PUB_000696,ASTRONOMY_AND_ASTROPHYSICS
PUB_000697,BUILDING_AND_CONSTRUCTION
PUB_000698,SIGNAL_PROCESSING
PUB_000699,MATERIALS_CHEMISTRY
PUB_000700,ARTIFICIAL_INTELLIGENCE
PUB_000701,ARTIFICIAL_INTELLIGENCE
PUB_000702,ELECTRICAL_AND_ELECTRONIC_ENGINEERING
PUB_000703,MATERIALS_CHEMISTRY
PUB_000704,APPLIED_MATHEMATICS
PUB_000705,MATERIALS_CHEMISTRY
PUB_000706,AUTOMOTIVE_ENGINEERING
PUB_000707,COMPUTATIONAL_MECHANICS
PUB_000708,ATOMIC_AND_MOLECULAR_PHYSICS_AND_OPTICS
PUB_000709,CONTROL_AND_SYSTEMS_ENGINEERING
PUB_000710,MATERIALS_CHEMISTRY
PUB_000711,CONDENSED_MATTER_PHYSICS
PUB_000712,ELECTRICAL_AND_ELECTRONIC_ENGINEERING
PUB_000713,MATERIALS_CHEMISTRY
PUB_000714,MECHANICAL_ENGINEERING
PUB_000715,ELECTRONIC_OPTICAL_AND_MAGNETIC_MATERIALS
PUB_000716,MECHANICAL_ENGINEERING
PUB_000717,MATERIALS_CHEMISTRY
PUB_000718,COMPUTER_NETWORKS_AND_COMMUNICATIONS
PUB_000719,SIGNAL_PROCESSING
PUB_000720,MATERIALS_CHEMISTRY
PUB_000721,MATERIALS_CHEMISTRY
PUB_000722,INFORMATION_SYSTEMS
PUB_000723,MATERIALS_CHEMISTRY
PUB_000724,ELECTRONIC_OPTICAL_AND_MAGNETIC_MATERIALS
PUB_000725,CONDENSED_MATTER_PHYSICS
PUB_000726,COMPUTATIONAL_MECHANICS
PUB_000727,ELECTRICAL_AND_ELECTRONIC_ENGINEERING
PUB_000728,STATISTICAL_AND_NONLINEAR_PHYSICS
PUB_000729,ASTRONOMY_AND_ASTROPHYSICS
PUB_000730,MATERIALS_CHEMISTRY
PUB_000731,MATERIALS_CHEMISTRY
PUB_000732,MATERIALS_CHEMISTRY
PUB_000733,ELECTRICAL_AND_ELECTRONIC_ENGINEERING
PUB_000734,INDUSTRIAL_AND_MANUFACTURING_ENGINEERING
PUB_000735,ATOMIC_AND_MOLECULAR_PHYSICS_AND_OPTICS
PUB_000736,ATOMIC_AND_MOLECULAR_PHYSICS_AND_OPTICS
PUB_000737,COMPUTER_NETWORKS_AND_COMMUNICATIONS
PUB_000738,MATERIALS_CHEMISTRY
PUB_000739,BIOMEDICAL_ENGINEERING
PUB_000740,ATOMIC_AND_MOLECULAR_PHYSICS_AND_OPTICS
PUB_000741,COMPUTATIONAL_THEORY_AND_MATHEMATICS
PUB_000742,MATERIALS_CHEMISTRY
PUB_000743,ELECTRONIC_OPTICAL_AND_MAGNETIC_MATERIALS
PUB_000744,POLYMERS_AND_PLASTICS
PUB_000745,ELECTRONIC_OPTICAL_AND_MAGNETIC_MATERIALS
PUB_000746,BIOMEDICAL_ENGINEERING
PUB_000747,ELECTRICAL_AND_ELECTRONIC_ENGINEERING
PUB_000748,COMPUTER_VISION_AND_PATTERN_RECOGNITION
PUB_000749,COMPUTER_NETWORKS_AND_COMMUNICATIONS
PUB_000750,MATERIALS_CHEMISTRY
PUB_000751,CONTROL_AND_SYSTEMS_ENGINEERING
PUB_000752,BIOMEDICAL_ENGINEERING
PUB_000753,BIOMEDICAL_ENGINEERING
PUB_000754,ELECTRICAL_AND_ELECTRONIC_ENGINEERING
PUB_000755,COMPUTER_NETWORKS_AND_COMMUNICATIONS
PUB_000756,MATERIALS_CHEMISTRY
PUB_000757,COMPUTATIONAL_THEORY_AND_MATHEMATICS
PUB_000758,MATERIALS_CHEMISTRY
PUB_000759,ATOMIC_AND_MOLECULAR_PHYSICS_AND_OPTICS
PUB_000760,BIOMEDICAL_ENGINEERING
PUB_000761,ELECTRICAL_AND_ELECTRONIC_ENGINEERING
PUB_000762,ATOMIC_AND_MOLECULAR_PHYSICS_AND_OPTICS
PUB_000763,ELECTRICAL_AND_ELECTRONIC_ENGINEERING
PUB_000764,ARTIFICIAL_INTELLIGENCE
PUB_000765,MATERIALS_CHEMISTRY
PUB_000766,ELECTRICAL_AND_ELECTRONIC_ENGINEERING
PUB_000767,COMPUTER_VISION_AND_PATTERN_RECOGNITION
PUB_000768,ELECTRICAL_AND_ELECTRONIC_ENGINEERING
PUB_000769,ELECTRICAL_AND_ELECTRONIC_ENGINEERING
PUB_000770,MATERIALS_CHEMISTRY
PUB_000771,MATERIALS_CHEMISTRY
PUB_000772,BIOMEDICAL_ENGINEERING
PUB_000773,MATHEMATICAL_PHYSICS
PUB_000774,MATERIALS_CHEMISTRY
PUB_000775,ELECTRICAL_AND_ELECTRONIC_ENGINEERING
PUB_000776,MECHANICAL_ENGINEERING
PUB_000777,ELECTRICAL_AND_ELECTRONIC_ENGINEERING
PUB_000778,MATERIALS_CHEMISTRY
PUB_000779,BIOMATERIALS
PUB_000780,ARTIFICIAL_INTELLIGENCE
PUB_000781,ELECTRICAL_AND_ELECTRONIC_ENGINEERING
PUB_000782,MATERIALS_CHEMISTRY
PUB_000783,COMPUTER_NETWORKS_AND_COMMUNICATIONS
PUB_000784,ELECTRONIC_OPTICAL_AND_MAGNETIC_MATERIALS
PUB_000785,STATISTICAL_AND_NONLINEAR_PHYSICS
PUB_000786,COMPUTER_NETWORKS_AND_COMMUNICATIONS
PUB_000787,COMPUTER_VISION_AND_PATTERN_RECOGNITION
PUB_000788,COMPUTER_NETWORKS_AND_COMMUNICATIONS
PUB_000789,ELECTRONIC_OPTICAL_AND_MAGNETIC_MATERIALS
PUB_000790,CONTROL_AND_SYSTEMS_ENGINEERING
PUB_000791,AEROSPACE_ENGINEERING
PUB_000792,SIGNAL_PROCESSING
PUB_000793,SURFACES_COATINGS_AND_FILMS
PUB_000794,MATERIALS_CHEMISTRY
PUB_000795,STATISTICAL_AND_NONLINEAR_PHYSICS
PUB_000796,MECHANICAL_ENGINEERING
PUB_000797,ELECTRICAL_AND_ELECTRONIC_ENGINEERING
PUB_000798,ELECTRICAL_AND_ELECTRONIC_ENGINEERING
PUB_000799,MATERIALS_CHEMISTRY
PUB_000800,MATERIALS_CHEMISTRY
PUB_000801,MATERIALS_CHEMISTRY
PUB_000802,COMPUTATIONAL_MECHANICS
PUB_000803,MATERIALS_CHEMISTRY
PUB_000804,SURFACES_COATINGS_AND_FILMS
PUB_000805,MATERIALS_CHEMISTRY
PUB_000806,MECHANICAL_ENGINEERING
PUB_000807,ELECTRICAL_AND_ELECTRONIC_ENGINEERING
PUB_000808,CONDENSED_MATTER_PHYSICS
PUB_000809,MECHANICS_OF_MATERIALS
PUB_000810,ELECTRONIC_OPTICAL_AND_MAGNETIC_MATERIALS
PUB_000811,BIOMEDICAL_ENGINEERING
PUB_000812,ATOMIC_AND_MOLECULAR_PHYSICS_AND_OPTICS
PUB_000813,NUMERICAL_ANALYSIS
PUB_000814,ELECTRONIC_OPTICAL_AND_MAGNETIC_MATERIALS
PUB_000815,COMPUTATIONAL_MECHANICS
PUB_000816,ELECTRICAL_AND_ELECTRONIC_ENGINEERING
PUB_000817,COMPUTER_NETWORKS_AND_COMMUNICATIONS
PUB_000818,AEROSPACE_ENGINEERING
PUB_000819,ASTRONOMY_AND_ASTROPHYSICS
PUB_000820,CONDENSED_MATTER_PHYSICS
PUB_000821,STATISTICAL_AND_NONLINEAR_PHYSICS
PUB_000822,CERAMICS_AND_COMPOSITES
PUB_000823,MECHANICS_OF_MATERIALS
PUB_000824,STATISTICAL_AND_NONLINEAR_PHYSICS
PUB_000825,MECHANICAL_ENGINEERING
PUB_000826,COMPUTER_NETWORKS_AND_COMMUNICATIONS
PUB_000827,GEOMETRY_AND_TOPOLOGY
PUB_000828,ATOMIC_AND_MOLECULAR_PHYSICS_AND_OPTICS
PUB_000829,MATERIALS_CHEMISTRY
PUB_000830,ASTRONOMY_AND_ASTROPHYSICS
PUB_000831,GEOMETRY_AND_TOPOLOGY
PUB_000832,ELECTRICAL_AND_ELECTRONIC_ENGINEERING
PUB_000833,ELECTRICAL_AND_ELECTRONIC_ENGINEERING
PUB_000834,ELECTRICAL_AND_ELECTRONIC_ENGINEERING
PUB_000835,COMPUTATIONAL_THEORY_AND_MATHEMATICS
PUB_000836,MATERIALS_CHEMISTRY
PUB_000837,MATERIALS_CHEMISTRY
PUB_000838,COMPUTATIONAL_THEORY_AND_MATHEMATICS
PUB_000839,COMPUTER_NETWORKS_AND_COMMUNICATIONS
PUB_000840,ELECTRICAL_AND_ELECTRONIC_ENGINEERING
PUB_000841,INFORMATION_SYSTEMS
PUB_000842,MECHANICAL_ENGINEERING
PUB_000843,CONTROL_AND_SYSTEMS_ENGINEERING
PUB_000844,COMPUTER_VISION_AND_PATTERN_RECOGNITION
PUB_000845,DISCRETE_MATHEMATICS_AND_COMBINATORICS
PUB_000846,BUILDING_AND_CONSTRUCTION
PUB_000847,MECHANICAL_ENGINEERING
PUB_000848,MECHANICAL_ENGINEERING
PUB_000849,COMPUTER_VISION_AND_PATTERN_RECOGNITION
PUB_000850,CONDENSED_MATTER_PHYSICS
PUB_000851,CONTROL_AND_SYSTEMS_ENGINEERING
PUB_000852,ELECTRICAL_AND_ELECTRONIC_ENGINEERING
PUB_000853,MATERIALS_CHEMISTRY
PUB_000854,ARTIFICIAL_INTELLIGENCE
PUB_000855,MATERIALS_CHEMISTRY
PUB_000856,MATERIALS_CHEMISTRY
PUB_000857,ARTIFICIAL_INTELLIGENCE
PUB_000858,CONDENSED_MATTER_PHYSICS
PUB_000859,ASTRONOMY_AND_ASTROPHYSICS
PUB_000860,APPLIED_MATHEMATICS
PUB_000861,BIOMEDICAL_ENGINEERING
PUB_000862,ATOMIC_AND_MOLECULAR_PHYSICS_AND_OPTICS
PUB_000863,MATERIALS_CHEMISTRY
PUB_000864,COMPUTATIONAL_MECHANICS
PUB_000865,ELECTRONIC_OPTICAL_AND_MAGNETIC_MATERIALS
PUB_000866,COMPUTATIONAL_MECHANICS
PUB_000867,ELECTRONIC_OPTICAL_AND_MAGNETIC_MATERIALS
PUB_000868,MATHEMATICAL_PHYSICS
PUB_000869,COMPUTER_NETWORKS_AND_COMMUNICATIONS
PUB_000870,GEOMETRY_AND_TOPOLOGY
PUB_000871,CONTROL_AND_SYSTEMS_ENGINEERING
PUB_000872,ELECTRICAL_AND_ELECTRONIC_ENGINEERING
PUB_000873,ELECTRICAL_AND_ELECTRONIC_ENGINEERING
PUB_000874,CONTROL_AND_SYSTEMS_ENGINEERING
PUB_000875,MECHANICAL_ENGINEERING
PUB_000876,POLYMERS_AND_PLASTICS
PUB_000877,ELECTRICAL_AND_ELECTRONIC_ENGINEERING
PUB_000878,APPLIED_MATHEMATICS
PUB_000879,MATERIALS_CHEMISTRY
PUB_000880,MATERIALS_CHEMISTRY
PUB_000881,MECHANICS_OF_MATERIALS
PUB_000882,ARTIFICIAL_INTELLIGENCE
PUB_000883,ELECTRICAL_AND_ELECTRONIC_ENGINEERING
PUB_000884,ELECTRONIC_OPTICAL_AND_MAGNETIC_MATERIALS
PUB_000885,ELECTRICAL_AND_ELECTRONIC_ENGINEERING
PUB_000886,APPLIED_MATHEMATICS
PUB_000887,HUMANCOMPUTER_INTERACTION
PUB_000888,INDUSTRIAL_AND_MANUFACTURING_ENGINEERING
PUB_000889,ELECTRICAL_AND_ELECTRONIC_ENGINEERING
PUB_000890,MECHANICAL_ENGINEERING
PUB_000891,COMPUTATIONAL_THEORY_AND_MATHEMATICS
PUB_000892,BIOMEDICAL_ENGINEERING
PUB_000893,COMPUTER_VISION_AND_PATTERN_RECOGNITION
PUB_000894,ARTIFICIAL_INTELLIGENCE
PUB_000895,SAFETY_RISK_RELIABILITY_AND_QUALITY
PUB_000896,MATERIALS_CHEMISTRY
PUB_000897,SIGNAL_PROCESSING
PUB_000898,COMPUTER_VISION_AND_PATTERN_RECOGNITION
PUB_000899,BIOMEDICAL_ENGINEERING
PUB_000900,ATOMIC_AND_MOLECULAR_PHYSICS_AND_OPTICS
PUB_000901,BIOMATERIALS
PUB_000902,BIOMEDICAL_ENGINEERING
PUB_000903,MECHANICAL_ENGINEERING
PUB_000904,MATERIALS_CHEMISTRY
PUB_000905,ELECTRONIC_OPTICAL_AND_MAGNETIC_MATERIALS
PUB_000906,CONTROL_AND_SYSTEMS_ENGINEERING
PUB_000907,MATERIALS_CHEMISTRY
PUB_000908,BIOMATERIALS
PUB_000909,ELECTRICAL_AND_ELECTRONIC_ENGINEERING
PUB_000910,MECHANICAL_ENGINEERING
PUB_000911,MECHANICAL_ENGINEERING
PUB_000912,COMPUTER_NETWORKS_AND_COMMUNICATIONS
PUB_000913,ELECTRICAL_AND_ELECTRONIC_ENGINEERING
PUB_000914,INDUSTRIAL_AND_MANUFACTURING_ENGINEERING
PUB_000915,MECHANICAL_ENGINEERING
PUB_000916,ARTIFICIAL_INTELLIGENCE
PUB_000917,ATOMIC_AND_MOLECULAR_PHYSICS_AND_OPTICS
PUB_000918,ELECTRICAL_AND_ELECTRONIC_ENGINEERING
PUB_000919,MATERIALS_CHEMISTRY
PUB_000920,AEROSPACE_ENGINEERING
PUB_000921,HUMANCOMPUTER_INTERACTION
PUB_000922,ASTRONOMY_AND_ASTROPHYSICS
PUB_000923,MATERIALS_CHEMISTRY
PUB_000924,COMPUTATIONAL_MECHANICS
PUB_000925,OCEAN_ENGINEERING
PUB_000926,COMPUTATIONAL_MECHANICS
PUB_000927,MATERIALS_CHEMISTRY
PUB_000928,MECHANICS_OF_MATERIALS
PUB_000929,MATERIALS_CHEMISTRY
PUB_000930,COMPUTER_VISION_AND_PATTERN_RECOGNITION
PUB_000931,BIOMEDICAL_ENGINEERING
PUB_000932,COMPUTATIONAL_THEORY_AND_MATHEMATICS
PUB_000933,ELECTRICAL_AND_ELECTRONIC_ENGINEERING
PUB_000934,ARTIFICIAL_INTELLIGENCE
PUB_000935,COMPUTER_VISION_AND_PATTERN_RECOGNITION
PUB_000936,COMPUTER_NETWORKS_AND_COMMUNICATIONS
PUB_000937,COMPUTER_VISION_AND_PATTERN_RECOGNITION
PUB_000938,ATOMIC_AND_MOLECULAR_PHYSICS_AND_OPTICS
PUB_000939,CIVIL_AND_STRUCTURAL_ENGINEERING
PUB_000940,COMPUTATIONAL_MECHANICS
PUB_000941,CONTROL_AND_SYSTEMS_ENGINEERING
PUB_000942,MECHANICS_OF_MATERIALS
PUB_000943,ELECTRICAL_AND_ELECTRONIC_ENGINEERING
PUB_000944,MECHANICS_OF_MATERIALS
PUB_000945,MECHANICS_OF_MATERIALS
PUB_000946,ATOMIC_AND_MOLECULAR_PHYSICS_AND_OPTICS
PUB_000947,BIOMATERIALS
PUB_000948,BIOMEDICAL_ENGINEERING
PUB_000949,ELECTRICAL_AND_ELECTRONIC_ENGINEERING
PUB_000950,POLYMERS_AND_PLASTICS
PUB_000951,MECHANICAL_ENGINEERING
PUB_000952,ARTIFICIAL_INTELLIGENCE
PUB_000953,MEDIA_TECHNOLOGY
PUB_000954,ELECTRONIC_OPTICAL_AND_MAGNETIC_MATERIALS
PUB_000955,MECHANICAL_ENGINEERING
PUB_000956,ELECTRICAL_AND_ELECTRONIC_ENGINEERING
PUB_000957,ELECTRONIC_OPTICAL_AND_MAGNETIC_MATERIALS
PUB_000958,MATERIALS_CHEMISTRY
PUB_000959,BIOMEDICAL_ENGINEERING
PUB_000960,INFORMATION_SYSTEMS
PUB_000961,ELECTRICAL_AND_ELECTRONIC_ENGINEERING
PUB_000962,MATERIALS_CHEMISTRY
PUB_000963,APPLIED_MATHEMATICS
PUB_000964,MATERIALS_CHEMISTRY
PUB_000965,AUTOMOTIVE_ENGINEERING
PUB_000966,MECHANICAL_ENGINEERING
PUB_000967,ELECTRICAL_AND_ELECTRONIC_ENGINEERING
PUB_000968,ELECTRICAL_AND_ELECTRONIC_ENGINEERING
PUB_000969,CONDENSED_MATTER_PHYSICS
PUB_000970,ATOMIC_AND_MOLECULAR_PHYSICS_AND_OPTICS
PUB_000971,MECHANICAL_ENGINEERING
PUB_000972,BIOMEDICAL_ENGINEERING
PUB_000973,ELECTRICAL_AND_ELECTRONIC_ENGINEERING
PUB_000974,ELECTRICAL_AND_ELECTRONIC_ENGINEERING
PUB_000975,MECHANICS_OF_MATERIALS
PUB_000976,ATOMIC_AND_MOLECULAR_PHYSICS_AND_OPTICS
PUB_000977,ELECTRICAL_AND_ELECTRONIC_ENGINEERING
PUB_000978,AEROSPACE_ENGINEERING
PUB_000979,INFORMATION_SYSTEMS
PUB_000980,ATOMIC_AND_MOLECULAR_PHYSICS_AND_OPTICS
PUB_000981,BIOMEDICAL_ENGINEERING
PUB_000982,ATOMIC_AND_MOLECULAR_PHYSICS_AND_OPTICS
PUB_000983,MATERIALS_CHEMISTRY
PUB_000984,MATERIALS_CHEMISTRY
PUB_000985,ELECTRICAL_AND_ELECTRONIC_ENGINEERING
PUB_000986,COMPUTATIONAL_THEORY_AND_MATHEMATICS
PUB_000987,AEROSPACE_ENGINEERING
PUB_000988,ARTIFICIAL_INTELLIGENCE
PUB_000989,OCEAN_ENGINEERING
PUB_000990,MATERIALS_CHEMISTRY
PUB_000991,MATERIALS_CHEMISTRY
PUB_000992,AUTOMOTIVE_ENGINEERING
PUB_000993,INDUSTRIAL_AND_MANUFACTURING_ENGINEERING
PUB_000994,ELECTRICAL_AND_ELECTRONIC_ENGINEERING
PUB_000995,MATERIALS_CHEMISTRY
PUB_000996,ATOMIC_AND_MOLECULAR_PHYSICS_AND_OPTICS
PUB_000997,ARTIFICIAL_INTELLIGENCE
PUB_000998,ARTIFICIAL_INTELLIGENCE
PUB_000999,ATOMIC_AND_MOLECULAR_PHYSICS_AND_OPTICS
PUB_001000,CONTROL_AND_SYSTEMS_ENGINEERING
PUB_001001,ELECTRONIC_OPTICAL_AND_MAGNETIC_MATERIALS
PUB_001002,CONTROL_AND_SYSTEMS_ENGINEERING
PUB_001003,ATOMIC_AND_MOLECULAR_PHYSICS_AND_OPTICS
PUB_001004,ELECTRICAL_AND_ELECTRONIC_ENGINEERING
PUB_001005,ELECTRICAL_AND_ELECTRONIC_ENGINEERING
PUB_001006,SAFETY_RISK_RELIABILITY_AND_QUALITY
PUB_001007,MEDIA_TECHNOLOGY
PUB_001008,ELECTRICAL_AND_ELECTRONIC_ENGINEERING
PUB_001009,SIGNAL_PROCESSING
PUB_001010,ASTRONOMY_AND_ASTROPHYSICS
PUB_001011,BIOMEDICAL_ENGINEERING
PUB_001012,INFORMATION_SYSTEMS
PUB_001013,ASTRONOMY_AND_ASTROPHYSICS
PUB_001014,ARTIFICIAL_INTELLIGENCE
PUB_001015,COMPUTATIONAL_THEORY_AND_MATHEMATICS
PUB_001016,AEROSPACE_ENGINEERING
PUB_001017,POLYMERS_AND_PLASTICS
PUB_001018,ELECTRICAL_AND_ELECTRONIC_ENGINEERING
PUB_001019,ELECTRICAL_AND_ELECTRONIC_ENGINEERING
PUB_001020,MECHANICAL_ENGINEERING
PUB_001021,CONTROL_AND_SYSTEMS_ENGINEERING
PUB_001022,COMPUTER_NETWORKS_AND_COMMUNICATIONS
PUB_001023,ELECTRICAL_AND_ELECTRONIC_ENGINEERING
PUB_001024,CONDENSED_MATTER_PHYSICS
PUB_001025,ELECTRICAL_AND_ELECTRONIC_ENGINEERING
PUB_001026,ELECTRONIC_OPTICAL_AND_MAGNETIC_MATERIALS
PUB_001027,CONTROL_AND_SYSTEMS_ENGINEERING
PUB_001028,ELECTRICAL_AND_ELECTRONIC_ENGINEERING
PUB_001029,BIOMATERIALS
PUB_001030,ASTRONOMY_AND_ASTROPHYSICS
PUB_001031,COMPUTATIONAL_MECHANICS
PUB_001032,MATERIALS_CHEMISTRY
PUB_001033,ATOMIC_AND_MOLECULAR_PHYSICS_AND_OPTICS
PUB_001034,COMPUTATIONAL_MECHANICS
PUB_001035,COMPUTER_NETWORKS_AND_COMMUNICATIONS
PUB_001036,AEROSPACE_ENGINEERING
PUB_001037,ARTIFICIAL_INTELLIGENCE
PUB_001038,MECHANICS_OF_MATERIALS
PUB_001039,MATERIALS_CHEMISTRY
PUB_001040,CONTROL_AND_SYSTEMS_ENGINEERING
PUB_001041,OCEAN_ENGINEERING
PUB_001042,ATOMIC_AND_MOLECULAR_PHYSICS_AND_OPTICS
PUB_001043,MECHANICAL_ENGINEERING
PUB_001044,COMPUTER_VISION_AND_PATTERN_RECOGNITION
PUB_001045,CONDENSED_MATTER_PHYSICS
PUB_001046,ELECTRICAL_AND_ELECTRONIC_ENGINEERING
PUB_001047,MECHANICAL_ENGINEERING
PUB_001048,STATISTICS_AND_PROBABILITY
PUB_001049,ELECTRONIC_OPTICAL_AND_MAGNETIC_MATERIALS
PUB_001050,AEROSPACE_ENGINEERING
PUB_001051,MATERIALS_CHEMISTRY
PUB_001052,INFORMATION_SYSTEMS
PUB_001053,ASTRONOMY_AND_ASTROPHYSICS
PUB_001054,MATERIALS_CHEMISTRY
PUB_001055,SURFACES_COATINGS_AND_FILMS
PUB_001056,MATERIALS_CHEMISTRY
PUB_001057,ELECTRICAL_AND_ELECTRONIC_ENGINEERING
PUB_001058,MECHANICAL_ENGINEERING
PUB_001059,CONDENSED_MATTER_PHYSICS
PUB_001060,BIOMEDICAL_ENGINEERING
PUB_001061,ELECTRICAL_AND_ELECTRONIC_ENGINEERING
PUB_001062,ELECTRICAL_AND_ELECTRONIC_ENGINEERING
PUB_001063,MECHANICS_OF_MATERIALS
PUB_001064,ARTIFICIAL_INTELLIGENCE
PUB_001065,CONDENSED_MATTER_PHYSICS
PUB_001066,AEROSPACE_ENGINEERING
PUB_001067,CONTROL_AND_SYSTEMS_ENGINEERING
PUB_001068,ELECTRICAL_AND_ELECTRONIC_ENGINEERING
PUB_001069,SIGNAL_PROCESSING
PUB_001070,BIOMEDICAL_ENGINEERING
PUB_001071,ELECTRICAL_AND_ELECTRONIC_ENGINEERING
PUB_001072,ELECTRICAL_AND_ELECTRONIC_ENGINEERING
PUB_001073,ELECTRICAL_AND_ELECTRONIC_ENGINEERING
PUB_001074,ELECTRICAL_AND_ELECTRONIC_ENGINEERING
PUB_001075,ARTIFICIAL_INTELLIGENCE
PUB_001076,INFORMATION_SYSTEMS
PUB_001077,MECHANICS_OF_MATERIALS
PUB_001078,ARTIFICIAL_INTELLIGENCE
PUB_001079,COMPUTER_VISION_AND_PATTERN_RECOGNITION
PUB_001080,ATOMIC_AND_MOLECULAR_PHYSICS_AND_OPTICS
PUB_001081,GENERAL_MATERIALS_SCIENCE
PUB_001082,BIOMEDICAL_ENGINEERING
PUB_001083,CONTROL_AND_SYSTEMS_ENGINEERING
PUB_001084,ELECTRICAL_AND_ELECTRONIC_ENGINEERING
PUB_001085,COMPUTER_VISION_AND_PATTERN_RECOGNITION
PUB_001086,COMPUTER_NETWORKS_AND_COMMUNICATIONS
PUB_001087,COMPUTER_NETWORKS_AND_COMMUNICATIONS
PUB_001088,MATERIALS_CHEMISTRY
PUB_001089,ELECTRICAL_AND_ELECTRONIC_ENGINEERING
PUB_001090,COMPUTER_VISION_AND_PATTERN_RECOGNITION
PUB_001091,COMPUTER_NETWORKS_AND_COMMUNICATIONS
PUB_001092,COMPUTER_NETWORKS_AND_COMMUNICATIONS
PUB_001093,MATERIALS_CHEMISTRY
PUB_001094,ELECTRICAL_AND_ELECTRONIC_ENGINEERING
PUB_001095,CONTROL_AND_SYSTEMS_ENGINEERING
PUB_001096,COMPUTER_SCIENCE_APPLICATIONS
PUB_001097,ELECTRICAL_AND_ELECTRONIC_ENGINEERING
PUB_001098,COMPUTER_NETWORKS_AND_COMMUNICATIONS
PUB_001099,COMPUTER_NETWORKS_AND_COMMUNICATIONS
PUB_001100,MATERIALS_CHEMISTRY
PUB_001101,COMPUTER_NETWORKS_AND_COMMUNICATIONS
PUB_001102,BUILDING_AND_CONSTRUCTION
PUB_001103,ELECTRICAL_AND_ELECTRONIC_ENGINEERING
PUB_001104,MECHANICS_OF_MATERIALS
PUB_001105,ELECTRICAL_AND_ELECTRONIC_ENGINEERING
PUB_001106,ARTIFICIAL_INTELLIGENCE
PUB_001107,MECHANICAL_ENGINEERING
PUB_001108,CONTROL_AND_SYSTEMS_ENGINEERING
PUB_001109,MATERIALS_CHEMISTRY
PUB_001110,CONTROL_AND_SYSTEMS_ENGINEERING
PUB_001111,CONDENSED_MATTER_PHYSICS
PUB_001112,ELECTRICAL_AND_ELECTRONIC_ENGINEERING
PUB_001113,ELECTRICAL_AND_ELECTRONIC_ENGINEERING
PUB_001114,ATOMIC_AND_MOLECULAR_PHYSICS_AND_OPTICS
PUB_001115,ASTRONOMY_AND_ASTROPHYSICS
PUB_001116,MATERIALS_CHEMISTRY
PUB_001117,SIGNAL_PROCESSING
PUB_001118,ELECTRONIC_OPTICAL_AND_MAGNETIC_MATERIALS
PUB_001119,ELECTRONIC_OPTICAL_AND_MAGNETIC_MATERIALS
PUB_001120,ELECTRICAL_AND_ELECTRONIC_ENGINEERING
PUB_001121,ARTIFICIAL_INTELLIGENCE
PUB_001122,ELECTRICAL_AND_ELECTRONIC_ENGINEERING
PUB_001123,CONTROL_AND_SYSTEMS_ENGINEERING
PUB_001124,INDUSTRIAL_AND_MANUFACTURING_ENGINEERING
PUB_001125,GEOMETRY_AND_TOPOLOGY
PUB_001126,COMPUTATIONAL_MECHANICS
PUB_001127,ATOMIC_AND_MOLECULAR_PHYSICS_AND_OPTICS
PUB_001128,SAFETY_RISK_RELIABILITY_AND_QUALITY
PUB_001129,MATERIALS_CHEMISTRY
PUB_001130,ELECTRICAL_AND_ELECTRONIC_ENGINEERING
PUB_001131,ATOMIC_AND_MOLECULAR_PHYSICS_AND_OPTICS
PUB_001132,CIVIL_AND_STRUCTURAL_ENGINEERING
PUB_001133,ELECTRICAL_AND_ELECTRONIC_ENGINEERING
PUB_001134,ELECTRICAL_AND_ELECTRONIC_ENGINEERING
PUB_001135,STATISTICAL_AND_NONLINEAR_PHYSICS
PUB_001136,COMPUTATIONAL_MECHANICS
PUB_001137,COMPUTATIONAL_MECHANICS
PUB_001138,COMPUTER_VISION_AND_PATTERN_RECOGNITION
PUB_001139,MECHANICS_OF_MATERIALS
PUB_001140,MECHANICS_OF_MATERIALS
PUB_001141,CONTROL_AND_SYSTEMS_ENGINEERING
PUB_001142,POLYMERS_AND_PLASTICS
PUB_001143,ELECTRICAL_AND_ELECTRONIC_ENGINEERING
PUB_001144,ELECTRICAL_AND_ELECTRONIC_ENGINEERING
PUB_001145,GEOMETRY_AND_TOPOLOGY
PUB_001146,CONTROL_AND_SYSTEMS_ENGINEERING
PUB_001147,MECHANICAL_ENGINEERING
PUB_001148,MATERIALS_CHEMISTRY
PUB_001149,CONTROL_AND_SYSTEMS_ENGINEERING
PUB_001150,APPLIED_MATHEMATICS
PUB_001151,ELECTRONIC_OPTICAL_AND_MAGNETIC_MATERIALS
PUB_001152,COMPUTER_VISION_AND_PATTERN_RECOGNITION
PUB_001153,SIGNAL_PROCESSING
PUB_001154,ELECTRONIC_OPTICAL_AND_MAGNETIC_MATERIALS
PUB_001155,MECHANICS_OF_MATERIALS
PUB_001156,ELECTRICAL_AND_ELECTRONIC_ENGINEERING
PUB_001157,ELECTRICAL_AND_ELECTRONIC_ENGINEERING
PUB_001158,ARTIFICIAL_INTELLIGENCE
PUB_001159,ATOMIC_AND_MOLECULAR_PHYSICS_AND_OPTICS
PUB_001160,HUMANCOMPUTER_INTERACTION
PUB_001161,BIOMEDICAL_ENGINEERING
PUB_001162,COMPUTER_VISION_AND_PATTERN_RECOGNITION
PUB_001163,MATERIALS_CHEMISTRY
PUB_001164,MECHANICAL_ENGINEERING
PUB_001165,MATERIALS_CHEMISTRY
PUB_001166,ELECTRICAL_AND_ELECTRONIC_ENGINEERING
PUB_001167,ELECTRONIC_OPTICAL_AND_MAGNETIC_MATERIALS
PUB_001168,MECHANICAL_ENGINEERING
PUB_001169,ARTIFICIAL_INTELLIGENCE
PUB_001170,ELECTRICAL_AND_ELECTRONIC_ENGINEERING
PUB_001171,ELECTRICAL_AND_ELECTRONIC_ENGINEERING
PUB_001172,ARTIFICIAL_INTELLIGENCE
PUB_001173,MATERIALS_CHEMISTRY
PUB_001174,CONTROL_AND_SYSTEMS_ENGINEERING
PUB_001175,INFORMATION_SYSTEMS
PUB_001176,APPLIED_MATHEMATICS
PUB_001177,AEROSPACE_ENGINEERING
PUB_001178,SIGNAL_PROCESSING
PUB_001179,MATERIALS_CHEMISTRY
PUB_001180,ELECTRONIC_OPTICAL_AND_MAGNETIC_MATERIALS
PUB_001181,GEOMETRY_AND_TOPOLOGY
PUB_001182,CONTROL_AND_SYSTEMS_ENGINEERING
PUB_001183,ELECTRICAL_AND_ELECTRONIC_ENGINEERING
PUB_001184,INFORMATION_SYSTEMS
PUB_001185,COMPUTATIONAL_MECHANICS
PUB_001186,ATOMIC_AND_MOLECULAR_PHYSICS_AND_OPTICS
PUB_001187,MEDIA_TECHNOLOGY
PUB_001188,COMPUTER_NETWORKS_AND_COMMUNICATIONS
PUB_001189,ELECTRICAL_AND_ELECTRONIC_ENGINEERING
PUB_001190,ELECTRICAL_AND_ELECTRONIC_ENGINEERING
PUB_001191,AEROSPACE_ENGINEERING
PUB_001192,AUTOMOTIVE_ENGINEERING
PUB_001193,INFORMATION_SYSTEMS
PUB_001194,COMPUTER_NETWORKS_AND_COMMUNICATIONS
PUB_001195,AEROSPACE_ENGINEERING
PUB_001196,MECHANICAL_ENGINEERING
PUB_001197,APPLIED_MATHEMATICS
PUB_001198,ELECTRICAL_AND_ELECTRONIC_ENGINEERING
PUB_001199,ELECTRICAL_AND_ELECTRONIC_ENGINEERING
PUB_001200,CIVIL_AND_STRUCTURAL_ENGINEERING
PUB_001201,BIOMATERIALS
PUB_001202,ELECTRICAL_AND_ELECTRONIC_ENGINEERING
PUB_001203,BIOMEDICAL_ENGINEERING
PUB_001204,MATERIALS_CHEMISTRY
PUB_001205,BIOMEDICAL_ENGINEERING
PUB_001206,AEROSPACE_ENGINEERING
PUB_001207,ELECTRICAL_AND_ELECTRONIC_ENGINEERING
PUB_001208,COMPUTATIONAL_MATHEMATICS
PUB_001209,COMPUTER_VISION_AND_PATTERN_RECOGNITION
PUB_001210,ELECTRICAL_AND_ELECTRONIC_ENGINEERING
PUB_001211,MATERIALS_CHEMISTRY
PUB_001212,ELECTRONIC_OPTICAL_AND_MAGNETIC_MATERIALS
PUB_001213,CONDENSED_MATTER_PHYSICS
PUB_001214,AUTOMOTIVE_ENGINEERING
PUB_001215,COMPUTATIONAL_THEORY_AND_MATHEMATICS
PUB_001216,ELECTRICAL_AND_ELECTRONIC_ENGINEERING
PUB_001217,ELECTRICAL_AND_ELECTRONIC_ENGINEERING
PUB_001218,COMPUTATIONAL_MECHANICS
PUB_001219,GEOMETRY_AND_TOPOLOGY
PUB_001220,MATERIALS_CHEMISTRY
PUB_001221,CONTROL_AND_SYSTEMS_ENGINEERING
PUB_001222,ELECTRICAL_AND_ELECTRONIC_ENGINEERING
PUB_001223,BUILDING_AND_CONSTRUCTION
PUB_001224,MECHANICAL_ENGINEERING
PUB_001225,ELECTRICAL_AND_ELECTRONIC_ENGINEERING
PUB_001226,MECHANICAL_ENGINEERING
PUB_001227,ELECTRONIC_OPTICAL_AND_MAGNETIC_MATERIALS
PUB_001228,MECHANICS_OF_MATERIALS
PUB_001229,MATERIALS_CHEMISTRY
PUB_001230,ARTIFICIAL_INTELLIGENCE
PUB_001231,AUTOMOTIVE_ENGINEERING
PUB_001232,BIOMEDICAL_ENGINEERING
PUB_001233,COMPUTER_NETWORKS_AND_COMMUNICATIONS
PUB_001234,CONDENSED_MATTER_PHYSICS
PUB_001235,POLYMERS_AND_PLASTICS
PUB_001236,ELECTRICAL_AND_ELECTRONIC_ENGINEERING
PUB_001237,ELECTRICAL_AND_ELECTRONIC_ENGINEERING
PUB_001238,CONDENSED_MATTER_PHYSICS
PUB_001239,CONDENSED_MATTER_PHYSICS
PUB_001240,ELECTRICAL_AND_ELECTRONIC_ENGINEERING
PUB_001241,ELECTRICAL_AND_ELECTRONIC_ENGINEERING
PUB_001242,MATERIALS_CHEMISTRY
PUB_001243,MATERIALS_CHEMISTRY
PUB_001244,ELECTRICAL_AND_ELECTRONIC_ENGINEERING
PUB_001245,CONDENSED_MATTER_PHYSICS
PUB_001246,BUILDING_AND_CONSTRUCTION
PUB_001247,SURFACES_COATINGS_AND_FILMS
PUB_001248,ARTIFICIAL_INTELLIGENCE
PUB_001249,ELECTRICAL_AND_ELECTRONIC_ENGINEERING
PUB_001250,MECHANICAL_ENGINEERING
PUB_001251,APPLIED_MATHEMATICS
PUB_001252,COMPUTER_VISION_AND_PATTERN_RECOGNITION
PUB_001253,ELECTRONIC_OPTICAL_AND_MAGNETIC_MATERIALS
PUB_001254,BIOMEDICAL_ENGINEERING
PUB_001255,CONTROL_AND_SYSTEMS_ENGINEERING
PUB_001256,ELECTRICAL_AND_ELECTRONIC_ENGINEERING
PUB_001257,MATERIALS_CHEMISTRY
PUB_001258,COMPUTER_VISION_AND_PATTERN_RECOGNITION
PUB_001259,ELECTRICAL_AND_ELECTRONIC_ENGINEERING
PUB_001260,AUTOMOTIVE_ENGINEERING
PUB_001261,ELECTRICAL_AND_ELECTRONIC_ENGINEERING
PUB_001262,ARTIFICIAL_INTELLIGENCE
PUB_001263,APPLIED_MATHEMATICS
PUB_001264,COMPUTATIONAL_THEORY_AND_MATHEMATICS
PUB_001265,MECHANICS_OF_MATERIALS
PUB_001266,ATOMIC_AND_MOLECULAR_PHYSICS_AND_OPTICS
PUB_001267,AEROSPACE_ENGINEERING
PUB_001268,CONTROL_AND_SYSTEMS_ENGINEERING
PUB_001269,CONDENSED_MATTER_PHYSICS
PUB_001270,ELECTRICAL_AND_ELECTRONIC_ENGINEERING
PUB_001271,COMPUTATIONAL_MECHANICS
PUB_001272,STATISTICAL_AND_NONLINEAR_PHYSICS
PUB_001273,COMPUTATIONAL_MECHANICS
PUB_001274,ASTRONOMY_AND_ASTROPHYSICS
PUB_001275,MECHANICAL_ENGINEERING
PUB_001276,MECHANICAL_ENGINEERING
PUB_001277,ASTRONOMY_AND_ASTROPHYSICS
PUB_001278,COMPUTER_NETWORKS_AND_COMMUNICATIONS
PUB_001279,MECHANICAL_ENGINEERING
PUB_001280,MECHANICAL_ENGINEERING
PUB_001281,ELECTRICAL_AND_ELECTRONIC_ENGINEERING
PUB_001282,ELECTRICAL_AND_ELECTRONIC_ENGINEERING
PUB_001283,COMPUTER_VISION_AND_PATTERN_RECOGNITION
PUB_001284,ELECTRICAL_AND_ELECTRONIC_ENGINEERING
PUB_001285,SIGNAL_PROCESSING
PUB_001286,ELECTRICAL_AND_ELECTRONIC_ENGINEERING
PUB_001287,ELECTRONIC_OPTICAL_AND_MAGNETIC_MATERIALS
PUB_001288,COMPUTER_VISION_AND_PATTERN_RECOGNITION
PUB_001289,COMPUTER_VISION_AND_PATTERN_RECOGNITION
PUB_001290,CONTROL_AND_SYSTEMS_ENGINEERING
PUB_001291,COMPUTER_NETWORKS_AND_COMMUNICATIONS
PUB_001292,ELECTRONIC_OPTICAL_AND_MAGNETIC_MATERIALS
PUB_001293,MATERIALS_CHEMISTRY
PUB_001294,COMPUTATIONAL_MECHANICS
PUB_001295,INFORMATION_SYSTEMS
PUB_001296,COMPUTATIONAL_MECHANICS
PUB_001297,ARTIFICIAL_INTELLIGENCE
PUB_001298,COMPUTATIONAL_MECHANICS
PUB_001299,ELECTRONIC_OPTICAL_AND_MAGNETIC_MATERIALS
PUB_001300,ELECTRICAL_AND_ELECTRONIC_ENGINEERING
PUB_001301,COMPUTER_VISION_AND_PATTERN_RECOGNITION
PUB_001302,ASTRONOMY_AND_ASTROPHYSICS
PUB_001303,HUMANCOMPUTER_INTERACTION
PUB_001304,CIVIL_AND_STRUCTURAL_ENGINEERING
PUB_001305,ELECTRICAL_AND_ELECTRONIC_ENGINEERING
PUB_001306,COMPUTER_GRAPHICS_AND_COMPUTERAIDED_DESIGN
PUB_001307,MECHANICAL_ENGINEERING
PUB_001308,INDUSTRIAL_AND_MANUFACTURING_ENGINEERING
PUB_001309,ARTIFICIAL_INTELLIGENCE
PUB_001310,MECHANICAL_ENGINEERING
PUB_001311,MATERIALS_CHEMISTRY
PUB_001312,CIVIL_AND_STRUCTURAL_ENGINEERING
PUB_001313,MECHANICAL_ENGINEERING
PUB_001314,ATOMIC_AND_MOLECULAR_PHYSICS_AND_OPTICS
PUB_001315,ELECTRICAL_AND_ELECTRONIC_ENGINEERING
PUB_001316,BUILDING_AND_CONSTRUCTION
PUB_001317,MECHANICAL_ENGINEERING
PUB_001318,SIGNAL_PROCESSING
PUB_001319,SIGNAL_PROCESSING
PUB_001320,ELECTRICAL_AND_ELECTRONIC_ENGINEERING
PUB_001321,ASTRONOMY_AND_ASTROPHYSICS
PUB_001322,ELECTRICAL_AND_ELECTRONIC_ENGINEERING
PUB_001323,MATERIALS_CHEMISTRY
PUB_001324,MECHANICAL_ENGINEERING
PUB_001325,ELECTRICAL_AND_ELECTRONIC_ENGINEERING
PUB_001326,MATERIALS_CHEMISTRY
PUB_001327,BIOMEDICAL_ENGINEERING
PUB_001328,ELECTRONIC_OPTICAL_AND_MAGNETIC_MATERIALS
PUB_001329,ARTIFICIAL_INTELLIGENCE
PUB_001330,ATOMIC_AND_MOLECULAR_PHYSICS_AND_OPTICS
PUB_001331,APPLIED_MATHEMATICS
PUB_001332,BIOMEDICAL_ENGINEERING
PUB_001333,MATHEMATICAL_PHYSICS
PUB_001334,CIVIL_AND_STRUCTURAL_ENGINEERING
PUB_001335,COMPUTER_NETWORKS_AND_COMMUNICATIONS
PUB_001336,AEROSPACE_ENGINEERING
PUB_001337,INFORMATION_SYSTEMS
PUB_001338,ELECTRICAL_AND_ELECTRONIC_ENGINEERING
PUB_001339,ARTIFICIAL_INTELLIGENCE
PUB_001340,MATERIALS_CHEMISTRY
PUB_001341,COMPUTER_VISION_AND_PATTERN_RECOGNITION
PUB_001342,COMPUTATIONAL_THEORY_AND_MATHEMATICS
PUB_001343,INFORMATION_SYSTEMS
PUB_001344,AUTOMOTIVE_ENGINEERING
PUB_001345,ELECTRONIC_OPTICAL_AND_MAGNETIC_MATERIALS
PUB_001346,MECHANICAL_ENGINEERING
PUB_001347,ELECTRICAL_AND_ELECTRONIC_ENGINEERING
PUB_001348,COMPUTATIONAL_MECHANICS
PUB_001349,AEROSPACE_ENGINEERING
PUB_001350,ELECTRICAL_AND_ELECTRONIC_ENGINEERING
PUB_001351,MECHANICAL_ENGINEERING
PUB_001352,ELECTRICAL_AND_ELECTRONIC_ENGINEERING
PUB_001353,ELECTRICAL_AND_ELECTRONIC_ENGINEERING
PUB_001354,CIVIL_AND_STRUCTURAL_ENGINEERING
PUB_001355,ELECTRICAL_AND_ELECTRONIC_ENGINEERING
PUB_001356,BIOMEDICAL_ENGINEERING
PUB_001357,AEROSPACE_ENGINEERING
PUB_001358,COMPUTER_VISION_AND_PATTERN_RECOGNITION
PUB_001359,MECHANICAL_ENGINEERING
PUB_001360,MECHANICS_OF_MATERIALS
PUB_001361,INFORMATION_SYSTEMS
PUB_001362,MATERIALS_CHEMISTRY
PUB_001363,COMPUTATIONAL_MECHANICS
PUB_001364,COMPUTER_NETWORKS_AND_COMMUNICATIONS
PUB_001365,MATERIALS_CHEMISTRY
PUB_001366,ELECTRICAL_AND_ELECTRONIC_ENGINEERING
PUB_001367,ELECTRICAL_AND_ELECTRONIC_ENGINEERING
PUB_001368,AEROSPACE_ENGINEERING
PUB_001369,SIGNAL_PROCESSING
PUB_001370,BUILDING_AND_CONSTRUCTION
PUB_001371,ASTRONOMY_AND_ASTROPHYSICS
PUB_001372,ELECTRICAL_AND_ELECTRONIC_ENGINEERING
PUB_001373,ELECTRICAL_AND_ELECTRONIC_ENGINEERING
PUB_001374,COMPUTATIONAL_MECHANICS
PUB_001375,COMPUTATIONAL_MECHANICS
PUB_001376,ARTIFICIAL_INTELLIGENCE
PUB_001377,COMPUTATIONAL_MECHANICS
PUB_001378,AEROSPACE_ENGINEERING
PUB_001379,COMPUTATIONAL_MECHANICS
PUB_001380,ALGEBRA_AND_NUMBER_THEORY
PUB_001381,ELECTRICAL_AND_ELECTRONIC_ENGINEERING
PUB_001382,MATERIALS_CHEMISTRY
PUB_001383,CONDENSED_MATTER_PHYSICS
PUB_001384,MATERIALS_CHEMISTRY
PUB_001385,GEOMETRY_AND_TOPOLOGY
PUB_001386,COMPUTER_NETWORKS_AND_COMMUNICATIONS
PUB_001387,CIVIL_AND_STRUCTURAL_ENGINEERING
PUB_001388,BIOMEDICAL_ENGINEERING
PUB_001389,STATISTICAL_AND_NONLINEAR_PHYSICS
PUB_001390,MATERIALS_CHEMISTRY
PUB_001391,ELECTRICAL_AND_ELECTRONIC_ENGINEERING
PUB_001392,MECHANICS_OF_MATERIALS
PUB_001393,APPLIED_MATHEMATICS
PUB_001394,APPLIED_MATHEMATICS
PUB_001395,HARDWARE_AND_ARCHITECTURE
PUB_001396,ATOMIC_AND_MOLECULAR_PHYSICS_AND_OPTICS
PUB_001397,CONDENSED_MATTER_PHYSICS
PUB_001398,ARTIFICIAL_INTELLIGENCE
PUB_001399,ELECTRICAL_AND_ELECTRONIC_ENGINEERING
PUB_001400,ELECTRICAL_AND_ELECTRONIC_ENGINEERING
PUB_001401,MECHANICS_OF_MATERIALS
PUB_001402,AEROSPACE_ENGINEERING
PUB_001403,COMPUTER_VISION_AND_PATTERN_RECOGNITION
PUB_001404,COMPUTATIONAL_MECHANICS
PUB_001405,ELECTRONIC_OPTICAL_AND_MAGNETIC_MATERIALS
PUB_001406,ELECTRICAL_AND_ELECTRONIC_ENGINEERING
PUB_001407,ELECTRICAL_AND_ELECTRONIC_ENGINEERING
PUB_001408,MECHANICAL_ENGINEERING
PUB_001409,POLYMERS_AND_PLASTICS
PUB_001410,COMPUTER_NETWORKS_AND_COMMUNICATIONS
PUB_001411,AEROSPACE_ENGINEERING
PUB_001412,MATHEMATICAL_PHYSICS
PUB_001413,APPLIED_MATHEMATICS
PUB_001414,MATHEMATICAL_PHYSICS
PUB_001415,COMPUTER_NETWORKS_AND_COMMUNICATIONS
PUB_001416,ASTRONOMY_AND_ASTROPHYSICS
PUB_001417,ELECTRICAL_AND_ELECTRONIC_ENGINEERING
PUB_001418,COMPUTER_NETWORKS_AND_COMMUNICATIONS
PUB_001419,ARTIFICIAL_INTELLIGENCE
PUB_001420,ARTIFICIAL_INTELLIGENCE
PUB_001421,INFORMATION_SYSTEMS
PUB_001422,CONDENSED_MATTER_PHYSICS
PUB_001423,BIOMEDICAL_ENGINEERING
PUB_001424,MATERIALS_CHEMISTRY
PUB_001425,BUILDING_AND_CONSTRUCTION
PUB_001426,CIVIL_AND_STRUCTURAL_ENGINEERING
PUB_001427,COMPUTATIONAL_MECHANICS
PUB_001428,AEROSPACE_ENGINEERING
PUB_001429,CIVIL_AND_STRUCTURAL_ENGINEERING
PUB_001430,MECHANICS_OF_MATERIALS
PUB_001431,MECHANICAL_ENGINEERING
PUB_001432,AEROSPACE_ENGINEERING
PUB_001433,COMPUTER_VISION_AND_PATTERN_RECOGNITION
PUB_001434,ELECTRICAL_AND_ELECTRONIC_ENGINEERING
PUB_001435,ARTIFICIAL_INTELLIGENCE
PUB_001436,AEROSPACE_ENGINEERING
PUB_001437,BIOMEDICAL_ENGINEERING
PUB_001438,MECHANICS_OF_MATERIALS
PUB_001439,ATOMIC_AND_MOLECULAR_PHYSICS_AND_OPTICS
PUB_001440,CONTROL_AND_SYSTEMS_ENGINEERING
PUB_001441,ELECTRICAL_AND_ELECTRONIC_ENGINEERING
PUB_001442,COMPUTER_VISION_AND_PATTERN_RECOGNITION
PUB_001443,COMPUTER_NETWORKS_AND_COMMUNICATIONS
PUB_001444,COMPUTER_NETWORKS_AND_COMMUNICATIONS
PUB_001445,MECHANICAL_ENGINEERING
PUB_001446,DISCRETE_MATHEMATICS_AND_COMBINATORICS
PUB_001447,MECHANICAL_ENGINEERING
PUB_001448,MATERIALS_CHEMISTRY
PUB_001449,CONTROL_AND_SYSTEMS_ENGINEERING
PUB_001450,CONDENSED_MATTER_PHYSICS
PUB_001451,BIOMEDICAL_ENGINEERING
PUB_001452,ELECTRONIC_OPTICAL_AND_MAGNETIC_MATERIALS
PUB_001453,CIVIL_AND_STRUCTURAL_ENGINEERING
PUB_001454,BIOMEDICAL_ENGINEERING
PUB_001455,OCEAN_ENGINEERING
PUB_001456,MATERIALS_CHEMISTRY
PUB_001457,ELECTRICAL_AND_ELECTRONIC_ENGINEERING
PUB_001458,HARDWARE_AND_ARCHITECTURE
PUB_001459,ELECTRICAL_AND_ELECTRONIC_ENGINEERING
PUB_001460,MATERIALS_CHEMISTRY
PUB_001461,ELECTRICAL_AND_ELECTRONIC_ENGINEERING
PUB_001462,ELECTRICAL_AND_ELECTRONIC_ENGINEERING
PUB_001463,ELECTRONIC_OPTICAL_AND_MAGNETIC_MATERIALS
PUB_001464,APPLIED_MATHEMATICS
PUB_001465,CIVIL_AND_STRUCTURAL_ENGINEERING
PUB_001466,MATERIALS_CHEMISTRY
PUB_001467,ELECTRICAL_AND_ELECTRONIC_ENGINEERING
PUB_001468,CIVIL_AND_STRUCTURAL_ENGINEERING
PUB_001469,AUTOMOTIVE_ENGINEERING
PUB_001470,CONTROL_AND_SYSTEMS_ENGINEERING
PUB_001471,MATERIALS_CHEMISTRY
PUB_001472,ARTIFICIAL_INTELLIGENCE
PUB_001473,OCEAN_ENGINEERING
PUB_001474,ELECTRICAL_AND_ELECTRONIC_ENGINEERING
PUB_001475,COMPUTER_NETWORKS_AND_COMMUNICATIONS
PUB_001476,ELECTRICAL_AND_ELECTRONIC_ENGINEERING
PUB_001477,ELECTRICAL_AND_ELECTRONIC_ENGINEERING
PUB_001478,ELECTRICAL_AND_ELECTRONIC_ENGINEERING
PUB_001479,CONTROL_AND_SYSTEMS_ENGINEERING
PUB_001480,ELECTRICAL_AND_ELECTRONIC_ENGINEERING
PUB_001481,MECHANICS_OF_MATERIALS
PUB_001482,CONDENSED_MATTER_PHYSICS
PUB_001483,COMPUTATIONAL_MECHANICS
PUB_001484,CIVIL_AND_STRUCTURAL_ENGINEERING
PUB_001485,AEROSPACE_ENGINEERING
PUB_001486,STATISTICS_AND_PROBABILITY
PUB_001487,CONTROL_AND_SYSTEMS_ENGINEERING
PUB_001488,APPLIED_MATHEMATICS
PUB_001489,GEOMETRY_AND_TOPOLOGY
PUB_001490,MATHEMATICAL_PHYSICS
PUB_001491,STATISTICAL_AND_NONLINEAR_PHYSICS
PUB_001492,COMPUTER_NETWORKS_AND_COMMUNICATIONS
PUB_001493,APPLIED_MATHEMATICS
PUB_001494,MECHANICAL_ENGINEERING
PUB_001495,SAFETY_RISK_RELIABILITY_AND_QUALITY
PUB_001496,MECHANICS_OF_MATERIALS
PUB_001497,ARTIFICIAL_INTELLIGENCE
PUB_001498,COMPUTER_VISION_AND_PATTERN_RECOGNITION
PUB_001499,STATISTICAL_AND_NONLINEAR_PHYSICS
PUB_001500,COMPUTATIONAL_THEORY_AND_MATHEMATICS
PUB_001501,COMPUTATIONAL_THEORY_AND_MATHEMATICS
PUB_001502,COMPUTER_VISION_AND_PATTERN_RECOGNITION
PUB_001503,ELECTRICAL_AND_ELECTRONIC_ENGINEERING
PUB_001504,MATERIALS_CHEMISTRY
PUB_001505,ARTIFICIAL_INTELLIGENCE
PUB_001506,BIOMEDICAL_ENGINEERING
PUB_001507,COMPUTER_NETWORKS_AND_COMMUNICATIONS
PUB_001508,BUILDING_AND_CONSTRUCTION
PUB_001509,COMPUTER_VISION_AND_PATTERN_RECOGNITION
PUB_001510,BIOMEDICAL_ENGINEERING
PUB_001511,SIGNAL_PROCESSING
PUB_001512,ARTIFICIAL_INTELLIGENCE
PUB_001513,OCEAN_ENGINEERING
PUB_001514,BIOMEDICAL_ENGINEERING
PUB_001515,COMPUTATIONAL_THEORY_AND_MATHEMATICS
PUB_001516,CONTROL_AND_SYSTEMS_ENGINEERING
PUB_001517,MECHANICAL_ENGINEERING
PUB_001518,ARTIFICIAL_INTELLIGENCE
PUB_001519,SIGNAL_PROCESSING
PUB_001520,BIOMEDICAL_ENGINEERING
PUB_001521,ELECTRICAL_AND_ELECTRONIC_ENGINEERING
PUB_001522,MATERIALS_CHEMISTRY
PUB_001523,CONDENSED_MATTER_PHYSICS
PUB_001524,MATHEMATICAL_PHYSICS
PUB_001525,INFORMATION_SYSTEMS
PUB_001526,MATERIALS_CHEMISTRY
PUB_001527,CONDENSED_MATTER_PHYSICS
PUB_001528,COMPUTATIONAL_MECHANICS
PUB_001529,MECHANICAL_ENGINEERING
PUB_001530,ELECTRICAL_AND_ELECTRONIC_ENGINEERING
PUB_001531,MECHANICS_OF_MATERIALS
PUB_001532,INFORMATION_SYSTEMS
PUB_001533,ELECTRICAL_AND_ELECTRONIC_ENGINEERING
PUB_001534,COMPUTATIONAL_MECHANICS
PUB_001535,ELECTRICAL_AND_ELECTRONIC_ENGINEERING
PUB_001536,MECHANICS_OF_MATERIALS
PUB_001537,ELECTRICAL_AND_ELECTRONIC_ENGINEERING
PUB_001538,ARTIFICIAL_INTELLIGENCE
PUB_001539,ELECTRONIC_OPTICAL_AND_MAGNETIC_MATERIALS
PUB_001540,CIVIL_AND_STRUCTURAL_ENGINEERING
PUB_001541,CONDENSED_MATTER_PHYSICS
PUB_001542,COMPUTER_NETWORKS_AND_COMMUNICATIONS
PUB_001543,MATERIALS_CHEMISTRY
PUB_001544,MECHANICS_OF_MATERIALS
PUB_001545,ELECTRICAL_AND_ELECTRONIC_ENGINEERING
PUB_001546,ELECTRICAL_AND_ELECTRONIC_ENGINEERING
PUB_001547,APPLIED_MATHEMATICS
PUB_001548,CONDENSED_MATTER_PHYSICS
PUB_001549,CONTROL_AND_SYSTEMS_ENGINEERING
PUB_001550,ARTIFICIAL_INTELLIGENCE
PUB_001551,MATERIALS_CHEMISTRY
PUB_001552,CONTROL_AND_SYSTEMS_ENGINEERING
PUB_001553,OCEAN_ENGINEERING
PUB_001554,MECHANICS_OF_MATERIALS
PUB_001555,INDUSTRIAL_AND_MANUFACTURING_ENGINEERING
PUB_001556,GEOMETRY_AND_TOPOLOGY
PUB_001557,COMPUTER_VISION_AND_PATTERN_RECOGNITION
PUB_001558,COMPUTER_VISION_AND_PATTERN_RECOGNITION
PUB_001559,ARTIFICIAL_INTELLIGENCE
PUB_001560,COMPUTATIONAL_THEORY_AND_MATHEMATICS
PUB_001561,ATOMIC_AND_MOLECULAR_PHYSICS_AND_OPTICS
PUB_001562,ATOMIC_AND_MOLECULAR_PHYSICS_AND_OPTICS
PUB_001563,ELECTRONIC_OPTICAL_AND_MAGNETIC_MATERIALS
PUB_001564,BIOMEDICAL_ENGINEERING
PUB_001565,COMPUTER_NETWORKS_AND_COMMUNICATIONS
PUB_001566,COMPUTER_NETWORKS_AND_COMMUNICATIONS
PUB_001567,ELECTRICAL_AND_ELECTRONIC_ENGINEERING
PUB_001568,MECHANICS_OF_MATERIALS
PUB_001569,BIOMEDICAL_ENGINEERING
PUB_001570,MECHANICAL_ENGINEERING
PUB_001571,ACOUSTICS_AND_ULTRASONICS
PUB_001572,ACOUSTICS_AND_ULTRASONICS
PUB_001573,ASTRONOMY_AND_ASTROPHYSICS
PUB_001574,CONTROL_AND_SYSTEMS_ENGINEERING
PUB_001575,ELECTRICAL_AND_ELECTRONIC_ENGINEERING
PUB_001576,ELECTRICAL_AND_ELECTRONIC_ENGINEERING
PUB_001577,COMPUTER_NETWORKS_AND_COMMUNICATIONS
PUB_001578,SAFETY_RISK_RELIABILITY_AND_QUALITY
PUB_001579,COMPUTER_NETWORKS_AND_COMMUNICATIONS
PUB_001580,COMPUTATIONAL_THEORY_AND_MATHEMATICS
PUB_001581,AEROSPACE_ENGINEERING
PUB_001582,SIGNAL_PROCESSING
PUB_001583,MECHANICAL_ENGINEERING
PUB_001584,CIVIL_AND_STRUCTURAL_ENGINEERING
PUB_001585,CIVIL_AND_STRUCTURAL_ENGINEERING
PUB_001586,COMPUTATIONAL_THEORY_AND_MATHEMATICS
PUB_001587,ELECTRICAL_AND_ELECTRONIC_ENGINEERING
PUB_001588,ELECTRICAL_AND_ELECTRONIC_ENGINEERING
PUB_001589,ELECTRICAL_AND_ELECTRONIC_ENGINEERING
PUB_001590,INFORMATION_SYSTEMS
PUB_001591,CONDENSED_MATTER_PHYSICS
PUB_001592,COMPUTATIONAL_THEORY_AND_MATHEMATICS
PUB_001593,CONTROL_AND_SYSTEMS_ENGINEERING
PUB_001594,MATERIALS_CHEMISTRY
PUB_001595,ATOMIC_AND_MOLECULAR_PHYSICS_AND_OPTICS
PUB_001596,HUMANCOMPUTER_INTERACTION
PUB_001597,CONDENSED_MATTER_PHYSICS
PUB_001598,COMPUTATIONAL_MECHANICS
PUB_001599,ELECTRICAL_AND_ELECTRONIC_ENGINEERING
PUB_001600,COMPUTER_NETWORKS_AND_COMMUNICATIONS
PUB_001601,ARTIFICIAL_INTELLIGENCE
PUB_001602,COMPUTER_VISION_AND_PATTERN_RECOGNITION
PUB_001603,COMPUTER_NETWORKS_AND_COMMUNICATIONS
PUB_001604,INDUSTRIAL_AND_MANUFACTURING_ENGINEERING
PUB_001605,ELECTRICAL_AND_ELECTRONIC_ENGINEERING
PUB_001606,ARTIFICIAL_INTELLIGENCE
PUB_001607,ELECTRICAL_AND_ELECTRONIC_ENGINEERING
PUB_001608,CONTROL_AND_SYSTEMS_ENGINEERING
PUB_001609,STATISTICAL_AND_NONLINEAR_PHYSICS
PUB_001610,ELECTRICAL_AND_ELECTRONIC_ENGINEERING
PUB_001611,CONTROL_AND_SYSTEMS_ENGINEERING
PUB_001612,BIOMEDICAL_ENGINEERING
PUB_001613,ELECTRICAL_AND_ELECTRONIC_ENGINEERING
PUB_001614,COMPUTER_NETWORKS_AND_COMMUNICATIONS
PUB_001615,INDUSTRIAL_AND_MANUFACTURING_ENGINEERING
PUB_001616,ARTIFICIAL_INTELLIGENCE
PUB_001617,ELECTRICAL_AND_ELECTRONIC_ENGINEERING
PUB_001618,MATERIALS_CHEMISTRY
PUB_001619,MATHEMATICAL_PHYSICS
PUB_001620,MECHANICAL_ENGINEERING
PUB_001621,INFORMATION_SYSTEMS
PUB_001622,BUILDING_AND_CONSTRUCTION
PUB_001623,BIOMEDICAL_ENGINEERING
PUB_001624,AEROSPACE_ENGINEERING
PUB_001625,GENERAL_MATERIALS_SCIENCE
PUB_001626,THEORETICAL_COMPUTER_SCIENCE
PUB_001627,COMPUTER_VISION_AND_PATTERN_RECOGNITION
PUB_001628,ARTIFICIAL_INTELLIGENCE
PUB_001629,ARTIFICIAL_INTELLIGENCE
PUB_001630,ARTIFICIAL_INTELLIGENCE
PUB_001631,ARTIFICIAL_INTELLIGENCE
PUB_001632,ARTIFICIAL_INTELLIGENCE
PUB_001633,COMPUTER_VISION_AND_PATTERN_RECOGNITION
PUB_001634,ARTIFICIAL_INTELLIGENCE
PUB_001635,ARTIFICIAL_INTELLIGENCE
PUB_001636,ARTIFICIAL_INTELLIGENCE
PUB_001637,ARTIFICIAL_INTELLIGENCE
PUB_001638,ARTIFICIAL_INTELLIGENCE
PUB_001639,STATISTICAL_AND_NONLINEAR_PHYSICS
PUB_001640,ELECTRICAL_AND_ELECTRONIC_ENGINEERING
PUB_001641,COMPUTATIONAL_MECHANICS
PUB_001642,SOFTWARE
PUB_001643,COMPUTER_VISION_AND_PATTERN_RECOGNITION
PUB_001644,COMPUTER_VISION_AND_PATTERN_RECOGNITION
PUB_001645,INFORMATION_SYSTEMS
PUB_001646,COMPUTER_NETWORKS_AND_COMMUNICATIONS
PUB_001647,ARTIFICIAL_INTELLIGENCE
PUB_001648,COMPUTER_VISION_AND_PATTERN_RECOGNITION
PUB_001649,ATOMIC_AND_MOLECULAR_PHYSICS_AND_OPTICS
PUB_001650,ARTIFICIAL_INTELLIGENCE
PUB_001651,BIOMEDICAL_ENGINEERING
PUB_001652,COMPUTER_VISION_AND_PATTERN_RECOGNITION
PUB_001653,CONDENSED_MATTER_PHYSICS
PUB_001654,AUTOMOTIVE_ENGINEERING
PUB_001655,ARTIFICIAL_INTELLIGENCE
PUB_001656,ARTIFICIAL_INTELLIGENCE
PUB_001657,ARTIFICIAL_INTELLIGENCE
PUB_001658,ATOMIC_AND_MOLECULAR_PHYSICS_AND_OPTICS
PUB_001659,ATOMIC_AND_MOLECULAR_PHYSICS_AND_OPTICS
PUB_001660,ARTIFICIAL_INTELLIGENCE
PUB_001661,ELECTRICAL_AND_ELECTRONIC_ENGINEERING
PUB_001662,BIOMEDICAL_ENGINEERING
PUB_001663,ATOMIC_AND_MOLECULAR_PHYSICS_AND_OPTICS
PUB_001664,COMPUTER_VISION_AND_PATTERN_RECOGNITION
PUB_001665,ARTIFICIAL_INTELLIGENCE
PUB_001666,ATOMIC_AND_MOLECULAR_PHYSICS_AND_OPTICS
PUB_001667,ELECTRICAL_AND_ELECTRONIC_ENGINEERING
PUB_001668,MECHANICAL_ENGINEERING
PUB_001669,COMPUTATIONAL_MECHANICS
PUB_001670,COMPUTER_VISION_AND_PATTERN_RECOGNITION
PUB_001671,BIOMATERIALS
PUB_001672,CONTROL_AND_SYSTEMS_ENGINEERING
PUB_001673,CONTROL_AND_SYSTEMS_ENGINEERING
PUB_001674,COMPUTATIONAL_MECHANICS
PUB_001675,STATISTICAL_AND_NONLINEAR_PHYSICS
PUB_001676,APPLIED_MATHEMATICS
PUB_001677,ELECTRICAL_AND_ELECTRONIC_ENGINEERING
PUB_001678,ELECTRICAL_AND_ELECTRONIC_ENGINEERING
PUB_001679,MATHEMATICAL_PHYSICS
PUB_001680,CERAMICS_AND_COMPOSITES
PUB_001681,DISCRETE_MATHEMATICS_AND_COMBINATORICS
PUB_001682,MATHEMATICAL_PHYSICS
PUB_001683,AUTOMOTIVE_ENGINEERING
PUB_001684,ARTIFICIAL_INTELLIGENCE
PUB_001685,CONTROL_AND_SYSTEMS_ENGINEERING
PUB_001686,ARTIFICIAL_INTELLIGENCE
PUB_001687,COMPUTER_NETWORKS_AND_COMMUNICATIONS
PUB_001688,COMPUTER_NETWORKS_AND_COMMUNICATIONS
PUB_001689,MECHANICAL_ENGINEERING
PUB_001690,COMPUTER_SCIENCE_APPLICATIONS
PUB_001691,COMPUTER_NETWORKS_AND_COMMUNICATIONS
PUB_001692,COMPUTER_NETWORKS_AND_COMMUNICATIONS
PUB_001693,ARTIFICIAL_INTELLIGENCE
PUB_001694,COMPUTER_NETWORKS_AND_COMMUNICATIONS
PUB_001695,MATERIALS_CHEMISTRY
PUB_001696,COMPUTATIONAL_THEORY_AND_MATHEMATICS
PUB_001697,COMPUTER_NETWORKS_AND_COMMUNICATIONS
PUB_001698,ATOMIC_AND_MOLECULAR_PHYSICS_AND_OPTICS
PUB_001699,ELECTRICAL_AND_ELECTRONIC_ENGINEERING
PUB_001700,MATERIALS_CHEMISTRY
PUB_001701,AEROSPACE_ENGINEERING
PUB_001702,CONDENSED_MATTER_PHYSICS
PUB_001703,COMPUTER_NETWORKS_AND_COMMUNICATIONS
PUB_001704,ELECTRICAL_AND_ELECTRONIC_ENGINEERING
PUB_001705,ELECTRICAL_AND_ELECTRONIC_ENGINEERING
PUB_001706,CIVIL_AND_STRUCTURAL_ENGINEERING
PUB_001707,BUILDING_AND_CONSTRUCTION
PUB_001708,MATERIALS_CHEMISTRY
PUB_001709,ELECTRICAL_AND_ELECTRONIC_ENGINEERING
PUB_001710,MECHANICS_OF_MATERIALS
PUB_001711,AEROSPACE_ENGINEERING
PUB_001712,AEROSPACE_ENGINEERING
PUB_001713,AEROSPACE_ENGINEERING
PUB_001714,COMPUTATIONAL_MECHANICS
PUB_001715,AEROSPACE_ENGINEERING
PUB_001716,MECHANICS_OF_MATERIALS
PUB_001717,COMPUTER_NETWORKS_AND_COMMUNICATIONS
PUB_001718,COMPUTATIONAL_MECHANICS
PUB_001719,AEROSPACE_ENGINEERING
PUB_001720,COMPUTATIONAL_MECHANICS
PUB_001721,COMPUTER_NETWORKS_AND_COMMUNICATIONS
PUB_001722,APPLIED_MATHEMATICS
PUB_001723,ARTIFICIAL_INTELLIGENCE
PUB_001724,ELECTRICAL_AND_ELECTRONIC_ENGINEERING
PUB_001725,COMPUTER_NETWORKS_AND_COMMUNICATIONS
PUB_001726,AEROSPACE_ENGINEERING
PUB_001727,OCEAN_ENGINEERING
PUB_001728,CONTROL_AND_SYSTEMS_ENGINEERING
PUB_001729,MECHANICS_OF_MATERIALS
PUB_001730,ELECTRICAL_AND_ELECTRONIC_ENGINEERING
PUB_001731,BUILDING_AND_CONSTRUCTION
PUB_001732,ELECTRICAL_AND_ELECTRONIC_ENGINEERING
PUB_001733,COMPUTATIONAL_THEORY_AND_MATHEMATICS
PUB_001734,MATHEMATICAL_PHYSICS
PUB_001735,AEROSPACE_ENGINEERING
PUB_001736,CONDENSED_MATTER_PHYSICS
PUB_001737,BIOMEDICAL_ENGINEERING
PUB_001738,MECHANICAL_ENGINEERING
PUB_001739,COMPUTER_VISION_AND_PATTERN_RECOGNITION
PUB_001740,COMPUTATIONAL_MECHANICS
PUB_001741,MATERIALS_CHEMISTRY
PUB_001742,ARTIFICIAL_INTELLIGENCE
PUB_001743,ELECTRICAL_AND_ELECTRONIC_ENGINEERING
PUB_001744,AEROSPACE_ENGINEERING
PUB_001745,COMPUTER_VISION_AND_PATTERN_RECOGNITION
PUB_001746,ARTIFICIAL_INTELLIGENCE
PUB_001747,CERAMICS_AND_COMPOSITES
PUB_001748,ELECTRICAL_AND_ELECTRONIC_ENGINEERING
PUB_001749,COMPUTATIONAL_MECHANICS
PUB_001750,BIOMEDICAL_ENGINEERING
PUB_001751,AEROSPACE_ENGINEERING
PUB_001752,SIGNAL_PROCESSING
PUB_001753,COMPUTER_NETWORKS_AND_COMMUNICATIONS
PUB_001754,MATERIALS_CHEMISTRY
PUB_001755,BIOMEDICAL_ENGINEERING
PUB_001756,ARTIFICIAL_INTELLIGENCE
PUB_001757,AEROSPACE_ENGINEERING
PUB_001758,ELECTRICAL_AND_ELECTRONIC_ENGINEERING
PUB_001759,ATOMIC_AND_MOLECULAR_PHYSICS_AND_OPTICS
PUB_001760,ELECTRICAL_AND_ELECTRONIC_ENGINEERING
PUB_001761,MECHANICAL_ENGINEERING
PUB_001762,APPLIED_MATHEMATICS
PUB_001763,ELECTRICAL_AND_ELECTRONIC_ENGINEERING
PUB_001764,COMPUTER_NETWORKS_AND_COMMUNICATIONS
PUB_001765,MATHEMATICAL_PHYSICS
PUB_001766,MECHANICAL_ENGINEERING
PUB_001767,ATOMIC_AND_MOLECULAR_PHYSICS_AND_OPTICS
PUB_001768,MATERIALS_CHEMISTRY
PUB_001769,AEROSPACE_ENGINEERING
PUB_001770,ELECTRICAL_AND_ELECTRONIC_ENGINEERING
PUB_001771,CONDENSED_MATTER_PHYSICS
PUB_001772,MATERIALS_CHEMISTRY
PUB_001773,ELECTRICAL_AND_ELECTRONIC_ENGINEERING
PUB_001774,MATERIALS_CHEMISTRY
PUB_001775,COMPUTATIONAL_MECHANICS
PUB_001776,MECHANICAL_ENGINEERING
PUB_001777,MATERIALS_CHEMISTRY
PUB_001778,INFORMATION_SYSTEMS
PUB_001779,ALGEBRA_AND_NUMBER_THEORY
PUB_001780,POLYMERS_AND_PLASTICS
PUB_001781,OCEAN_ENGINEERING
PUB_001782,ARTIFICIAL_INTELLIGENCE
PUB_001783,MATERIALS_CHEMISTRY
PUB_001784,ELECTRICAL_AND_ELECTRONIC_ENGINEERING
PUB_001785,MECHANICAL_ENGINEERING
PUB_001786,ATOMIC_AND_MOLECULAR_PHYSICS_AND_OPTICS
PUB_001787,ARTIFICIAL_INTELLIGENCE
PUB_001788,COMPUTER_GRAPHICS_AND_COMPUTERAIDED_DESIGN
PUB_001789,CONDENSED_MATTER_PHYSICS
PUB_001790,COMPUTER_VISION_AND_PATTERN_RECOGNITION
PUB_001791,COMPUTATIONAL_MECHANICS
PUB_001792,DISCRETE_MATHEMATICS_AND_COMBINATORICS
PUB_001793,COMPUTATIONAL_THEORY_AND_MATHEMATICS
PUB_001794,ATOMIC_AND_MOLECULAR_PHYSICS_AND_OPTICS
PUB_001795,GEOMETRY_AND_TOPOLOGY
PUB_001796,AEROSPACE_ENGINEERING
PUB_001797,ELECTRICAL_AND_ELECTRONIC_ENGINEERING
PUB_001798,ARTIFICIAL_INTELLIGENCE
PUB_001799,COMPUTER_NETWORKS_AND_COMMUNICATIONS
PUB_001800,INDUSTRIAL_AND_MANUFACTURING_ENGINEERING
PUB_001801,COMPUTER_GRAPHICS_AND_COMPUTERAIDED_DESIGN
PUB_001802,ASTRONOMY_AND_ASTROPHYSICS
PUB_001803,STATISTICAL_AND_NONLINEAR_PHYSICS
PUB_001804,COMPUTATIONAL_THEORY_AND_MATHEMATICS
PUB_001805,MATHEMATICAL_PHYSICS
PUB_001806,AEROSPACE_ENGINEERING
PUB_001807,COMPUTATIONAL_MECHANICS
PUB_001808,ATOMIC_AND_MOLECULAR_PHYSICS_AND_OPTICS
PUB_001809,ARTIFICIAL_INTELLIGENCE
PUB_001810,MATERIALS_CHEMISTRY
PUB_001811,BUILDING_AND_CONSTRUCTION
PUB_001812,ARTIFICIAL_INTELLIGENCE
PUB_001813,ELECTRICAL_AND_ELECTRONIC_ENGINEERING
PUB_001814,COMPUTER_NETWORKS_AND_COMMUNICATIONS
PUB_001815,COMPUTER_NETWORKS_AND_COMMUNICATIONS
PUB_001816,ELECTRICAL_AND_ELECTRONIC_ENGINEERING
PUB_001817,BIOMEDICAL_ENGINEERING
PUB_001818,COMPUTATIONAL_THEORY_AND_MATHEMATICS
PUB_001819,ARTIFICIAL_INTELLIGENCE
PUB_001820,INDUSTRIAL_AND_MANUFACTURING_ENGINEERING
PUB_001821,COMPUTER_NETWORKS_AND_COMMUNICATIONS
PUB_001822,CONDENSED_MATTER_PHYSICS
PUB_001823,ATOMIC_AND_MOLECULAR_PHYSICS_AND_OPTICS
PUB_001824,ATOMIC_AND_MOLECULAR_PHYSICS_AND_OPTICS
PUB_001825,COMPUTATIONAL_MECHANICS
PUB_001826,ELECTRICAL_AND_ELECTRONIC_ENGINEERING
PUB_001827,BIOMATERIALS
PUB_001828,ELECTRICAL_AND_ELECTRONIC_ENGINEERING
PUB_001829,MECHANICAL_ENGINEERING
PUB_001830,ATOMIC_AND_MOLECULAR_PHYSICS_AND_OPTICS
PUB_001831,ARTIFICIAL_INTELLIGENCE
PUB_001832,ELECTRICAL_AND_ELECTRONIC_ENGINEERING
PUB_001833,MATERIALS_CHEMISTRY
PUB_001834,MECHANICS_OF_MATERIALS
PUB_001835,MATERIALS_CHEMISTRY
PUB_001836,ELECTRICAL_AND_ELECTRONIC_ENGINEERING
PUB_001837,APPLIED_MATHEMATICS
PUB_001838,MATERIALS_CHEMISTRY
PUB_001839,SIGNAL_PROCESSING
PUB_001840,ASTRONOMY_AND_ASTROPHYSICS
PUB_001841,CIVIL_AND_STRUCTURAL_ENGINEERING
PUB_001842,AEROSPACE_ENGINEERING
PUB_001843,ELECTRICAL_AND_ELECTRONIC_ENGINEERING
PUB_001844,ELECTRICAL_AND_ELECTRONIC_ENGINEERING
PUB_001845,MECHANICS_OF_MATERIALS
PUB_001846,MECHANICAL_ENGINEERING
PUB_001847,SIGNAL_PROCESSING
PUB_001848,ELECTRICAL_AND_ELECTRONIC_ENGINEERING
PUB_001849,BIOMEDICAL_ENGINEERING
PUB_001850,ELECTRICAL_AND_ELECTRONIC_ENGINEERING
PUB_001851,COMPUTER_VISION_AND_PATTERN_RECOGNITION
PUB_001852,MECHANICAL_ENGINEERING
PUB_001853,CONTROL_AND_SYSTEMS_ENGINEERING
PUB_001854,MECHANICS_OF_MATERIALS
PUB_001855,COMPUTER_NETWORKS_AND_COMMUNICATIONS
PUB_001856,ARTIFICIAL_INTELLIGENCE
PUB_001857,ELECTRICAL_AND_ELECTRONIC_ENGINEERING
PUB_001858,ARTIFICIAL_INTELLIGENCE
PUB_001859,ATOMIC_AND_MOLECULAR_PHYSICS_AND_OPTICS
PUB_001860,SIGNAL_PROCESSING
PUB_001861,GEOMETRY_AND_TOPOLOGY
PUB_001862,MECHANICAL_ENGINEERING
PUB_001863,MATERIALS_CHEMISTRY
PUB_001864,ELECTRONIC_OPTICAL_AND_MAGNETIC_MATERIALS
PUB_001865,AEROSPACE_ENGINEERING
PUB_001866,ELECTRONIC_OPTICAL_AND_MAGNETIC_MATERIALS
PUB_001867,ARTIFICIAL_INTELLIGENCE
PUB_001868,COMPUTER_NETWORKS_AND_COMMUNICATIONS
PUB_001869,ELECTRONIC_OPTICAL_AND_MAGNETIC_MATERIALS
PUB_001870,ARTIFICIAL_INTELLIGENCE
PUB_001871,CONTROL_AND_SYSTEMS_ENGINEERING
PUB_001872,STATISTICAL_AND_NONLINEAR_PHYSICS
PUB_001873,ALGEBRA_AND_NUMBER_THEORY
PUB_001874,ELECTRICAL_AND_ELECTRONIC_ENGINEERING
PUB_001875,BIOMEDICAL_ENGINEERING
PUB_001876,COMPUTATIONAL_MECHANICS
PUB_001877,ELECTRICAL_AND_ELECTRONIC_ENGINEERING
PUB_001878,ELECTRICAL_AND_ELECTRONIC_ENGINEERING
PUB_001879,MECHANICAL_ENGINEERING
PUB_001880,ATOMIC_AND_MOLECULAR_PHYSICS_AND_OPTICS
PUB_001881,STATISTICAL_AND_NONLINEAR_PHYSICS
PUB_001882,COMPUTER_VISION_AND_PATTERN_RECOGNITION
PUB_001883,ARTIFICIAL_INTELLIGENCE
PUB_001884,BIOMEDICAL_ENGINEERING
PUB_001885,ELECTRONIC_OPTICAL_AND_MAGNETIC_MATERIALS
PUB_001886,MECHANICAL_ENGINEERING
PUB_001887,COMPUTER_VISION_AND_PATTERN_RECOGNITION
PUB_001888,COMPUTATIONAL_MECHANICS
PUB_001889,ASTRONOMY_AND_ASTROPHYSICS
PUB_001890,ELECTRICAL_AND_ELECTRONIC_ENGINEERING
PUB_001891,MATERIALS_CHEMISTRY
PUB_001892,MATERIALS_CHEMISTRY
PUB_001893,COMPUTER_NETWORKS_AND_COMMUNICATIONS
PUB_001894,ASTRONOMY_AND_ASTROPHYSICS
PUB_001895,ELECTRICAL_AND_ELECTRONIC_ENGINEERING
PUB_001896,ELECTRICAL_AND_ELECTRONIC_ENGINEERING
PUB_001897,ELECTRICAL_AND_ELECTRONIC_ENGINEERING
PUB_001898,SIGNAL_PROCESSING
PUB_001899,MATERIALS_CHEMISTRY
PUB_001900,MATERIALS_CHEMISTRY
PUB_001901,COMPUTER_NETWORKS_AND_COMMUNICATIONS
PUB_001902,ASTRONOMY_AND_ASTROPHYSICS
PUB_001903,ASTRONOMY_AND_ASTROPHYSICS
PUB_001904,ASTRONOMY_AND_ASTROPHYSICS
PUB_001905,MECHANICAL_ENGINEERING
PUB_001906,AEROSPACE_ENGINEERING
PUB_001907,ELECTRICAL_AND_ELECTRONIC_ENGINEERING
PUB_001908,ELECTRICAL_AND_ELECTRONIC_ENGINEERING
PUB_001909,ATOMIC_AND_MOLECULAR_PHYSICS_AND_OPTICS
PUB_001910,COMPUTER_NETWORKS_AND_COMMUNICATIONS
PUB_001911,ELECTRICAL_AND_ELECTRONIC_ENGINEERING
PUB_001912,APPLIED_MATHEMATICS
PUB_001913,ELECTRICAL_AND_ELECTRONIC_ENGINEERING
PUB_001914,AEROSPACE_ENGINEERING
PUB_001915,MECHANICS_OF_MATERIALS
PUB_001916,AEROSPACE_ENGINEERING
PUB_001917,STATISTICAL_AND_NONLINEAR_PHYSICS
PUB_001918,MECHANICAL_ENGINEERING
PUB_001919,MECHANICS_OF_MATERIALS
PUB_001920,ATOMIC_AND_MOLECULAR_PHYSICS_AND_OPTICS
PUB_001921,MATHEMATICAL_PHYSICS
PUB_001922,ELECTRICAL_AND_ELECTRONIC_ENGINEERING
PUB_001923,ELECTRONIC_OPTICAL_AND_MAGNETIC_MATERIALS
PUB_001924,ELECTRICAL_AND_ELECTRONIC_ENGINEERING
PUB_001925,ARTIFICIAL_INTELLIGENCE
PUB_001926,ELECTRONIC_OPTICAL_AND_MAGNETIC_MATERIALS
PUB_001927,MECHANICAL_ENGINEERING
PUB_001928,ARTIFICIAL_INTELLIGENCE
PUB_001929,ARTIFICIAL_INTELLIGENCE
PUB_001930,COMPUTATIONAL_MECHANICS
PUB_001931,CONTROL_AND_SYSTEMS_ENGINEERING
PUB_001932,SURFACES_COATINGS_AND_FILMS
PUB_001933,MATERIALS_CHEMISTRY
PUB_001934,MATERIALS_CHEMISTRY
PUB_001935,MATERIALS_CHEMISTRY
PUB_001936,ELECTRICAL_AND_ELECTRONIC_ENGINEERING
PUB_001937,AEROSPACE_ENGINEERING
PUB_001938,ARTIFICIAL_INTELLIGENCE
PUB_001939,INFORMATION_SYSTEMS
PUB_001940,COMPUTATIONAL_MECHANICS
PUB_001941,INDUSTRIAL_AND_MANUFACTURING_ENGINEERING
PUB_001942,MATERIALS_CHEMISTRY
PUB_001943,INFORMATION_SYSTEMS
PUB_001944,ARTIFICIAL_INTELLIGENCE
PUB_001945,ATOMIC_AND_MOLECULAR_PHYSICS_AND_OPTICS
PUB_001946,AEROSPACE_ENGINEERING
PUB_001947,ARTIFICIAL_INTELLIGENCE
PUB_001948,BIOMEDICAL_ENGINEERING
PUB_001949,SIGNAL_PROCESSING
PUB_001950,SIGNAL_PROCESSING
PUB_001951,SAFETY_RISK_RELIABILITY_AND_QUALITY
PUB_001952,APPLIED_MATHEMATICS
PUB_001953,GEOMETRY_AND_TOPOLOGY
PUB_001954,MATERIALS_CHEMISTRY
PUB_001955,BIOMEDICAL_ENGINEERING
PUB_001956,INFORMATION_SYSTEMS
PUB_001957,CERAMICS_AND_COMPOSITES
PUB_001958,ARTIFICIAL_INTELLIGENCE
PUB_001959,ARTIFICIAL_INTELLIGENCE
PUB_001960,BIOMEDICAL_ENGINEERING
PUB_001961,SIGNAL_PROCESSING
PUB_001962,MECHANICAL_ENGINEERING
PUB_001963,AEROSPACE_ENGINEERING
PUB_001964,BIOMATERIALS
PUB_001965,MATERIALS_CHEMISTRY
PUB_001966,CONDENSED_MATTER_PHYSICS
PUB_001967,MECHANICS_OF_MATERIALS
PUB_001968,AEROSPACE_ENGINEERING
PUB_001969,BIOMEDICAL_ENGINEERING
PUB_001970,MATERIALS_CHEMISTRY
PUB_001971,BIOMEDICAL_ENGINEERING
PUB_001972,ASTRONOMY_AND_ASTROPHYSICS
PUB_001973,MATERIALS_CHEMISTRY
PUB_001974,ELECTRICAL_AND_ELECTRONIC_ENGINEERING
PUB_001975,ELECTRICAL_AND_ELECTRONIC_ENGINEERING
PUB_001976,ELECTRICAL_AND_ELECTRONIC_ENGINEERING
PUB_001977,ASTRONOMY_AND_ASTROPHYSICS
PUB_001978,ATOMIC_AND_MOLECULAR_PHYSICS_AND_OPTICS
PUB_001979,ARTIFICIAL_INTELLIGENCE
PUB_001980,MATERIALS_CHEMISTRY
PUB_001981,ARTIFICIAL_INTELLIGENCE
PUB_001982,MATERIALS_CHEMISTRY
PUB_001983,MATERIALS_CHEMISTRY
PUB_001984,MECHANICS_OF_MATERIALS
PUB_001985,MATERIALS_CHEMISTRY
PUB_001986,MECHANICS_OF_MATERIALS
PUB_001987,OCEAN_ENGINEERING
PUB_001988,ELECTRICAL_AND_ELECTRONIC_ENGINEERING
PUB_001989,BIOMEDICAL_ENGINEERING
PUB_001990,POLYMERS_AND_PLASTICS
PUB_001991,COMPUTER_VISION_AND_PATTERN_RECOGNITION
PUB_001992,MATERIALS_CHEMISTRY
PUB_001993,ARTIFICIAL_INTELLIGENCE
PUB_001994,ARTIFICIAL_INTELLIGENCE
PUB_001995,ELECTRONIC_OPTICAL_AND_MAGNETIC_MATERIALS
PUB_001996,BIOMEDICAL_ENGINEERING
PUB_001997,MATERIALS_CHEMISTRY
PUB_001998,AEROSPACE_ENGINEERING
PUB_001999,BUILDING_AND_CONSTRUCTION
PUB_002000,ELECTRICAL_AND_ELECTRONIC_ENGINEERING
PUB_002001,MATERIALS_CHEMISTRY
PUB_002002,ELECTRONIC_OPTICAL_AND_MAGNETIC_MATERIALS
PUB_002003,MECHANICAL_ENGINEERING
PUB_002004,MATERIALS_CHEMISTRY
PUB_002005,BIOMEDICAL_ENGINEERING
PUB_002006,ELECTRICAL_AND_ELECTRONIC_ENGINEERING
PUB_002007,MATERIALS_CHEMISTRY
PUB_002008,CONDENSED_MATTER_PHYSICS
PUB_002009,ARTIFICIAL_INTELLIGENCE
PUB_002010,ELECTRICAL_AND_ELECTRONIC_ENGINEERING
PUB_002011,ASTRONOMY_AND_ASTROPHYSICS
PUB_002012,MATERIALS_CHEMISTRY
PUB_002013,ELECTRONIC_OPTICAL_AND_MAGNETIC_MATERIALS
PUB_002014,ELECTRONIC_OPTICAL_AND_MAGNETIC_MATERIALS
PUB_002015,MECHANICS_OF_MATERIALS
PUB_002016,ELECTRICAL_AND_ELECTRONIC_ENGINEERING
PUB_002017,ELECTRICAL_AND_ELECTRONIC_ENGINEERING
PUB_002018,ELECTRONIC_OPTICAL_AND_MAGNETIC_MATERIALS
PUB_002019,MODELING_AND_SIMULATION
PUB_002020,ELECTRICAL_AND_ELECTRONIC_ENGINEERING
PUB_002021,MECHANICAL_ENGINEERING
PUB_002022,ARTIFICIAL_INTELLIGENCE
PUB_002023,ATOMIC_AND_MOLECULAR_PHYSICS_AND_OPTICS
PUB_002024,MECHANICAL_ENGINEERING
PUB_002025,ASTRONOMY_AND_ASTROPHYSICS
PUB_002026,COMPUTATIONAL_MECHANICS
PUB_002027,ARTIFICIAL_INTELLIGENCE
PUB_002028,ELECTRICAL_AND_ELECTRONIC_ENGINEERING
PUB_002029,CONTROL_AND_SYSTEMS_ENGINEERING
PUB_002030,ELECTRICAL_AND_ELECTRONIC_ENGINEERING
PUB_002031,HARDWARE_AND_ARCHITECTURE
PUB_002032,MECHANICAL_ENGINEERING
PUB_002033,MATERIALS_CHEMISTRY
PUB_002034,BIOMEDICAL_ENGINEERING
PUB_002035,MATERIALS_CHEMISTRY
PUB_002036,CIVIL_AND_STRUCTURAL_ENGINEERING
PUB_002037,MATERIALS_CHEMISTRY
PUB_002038,BIOMEDICAL_ENGINEERING
PUB_002039,ARTIFICIAL_INTELLIGENCE
PUB_002040,BIOMEDICAL_ENGINEERING
PUB_002041,ELECTRICAL_AND_ELECTRONIC_ENGINEERING
PUB_002042,ELECTRONIC_OPTICAL_AND_MAGNETIC_MATERIALS
PUB_002043,ELECTRICAL_AND_ELECTRONIC_ENGINEERING
PUB_002044,CONDENSED_MATTER_PHYSICS
PUB_002045,MATERIALS_CHEMISTRY
PUB_002046,MECHANICAL_ENGINEERING
PUB_002047,MATERIALS_CHEMISTRY
PUB_002048,ELECTRICAL_AND_ELECTRONIC_ENGINEERING
PUB_002049,MECHANICS_OF_MATERIALS
PUB_002050,ATOMIC_AND_MOLECULAR_PHYSICS_AND_OPTICS
PUB_002051,COMPUTATIONAL_MECHANICS
PUB_002052,CONDENSED_MATTER_PHYSICS
PUB_002053,ELECTRICAL_AND_ELECTRONIC_ENGINEERING
PUB_002054,BIOMEDICAL_ENGINEERING
PUB_002055,ELECTRICAL_AND_ELECTRONIC_ENGINEERING
PUB_002056,SAFETY_RISK_RELIABILITY_AND_QUALITY
PUB_002057,ELECTRICAL_AND_ELECTRONIC_ENGINEERING
PUB_002058,MATERIALS_CHEMISTRY
PUB_002059,BIOMEDICAL_ENGINEERING
PUB_002060,BIOMATERIALS
PUB_002061,COMPUTER_VISION_AND_PATTERN_RECOGNITION
PUB_002062,MECHANICAL_ENGINEERING
PUB_002063,MATERIALS_CHEMISTRY
PUB_002064,MECHANICS_OF_MATERIALS
PUB_002065,MATERIALS_CHEMISTRY
PUB_002066,MATERIALS_CHEMISTRY
PUB_002067,MATERIALS_CHEMISTRY
PUB_002068,COMPUTER_VISION_AND_PATTERN_RECOGNITION
PUB_002069,ELECTRICAL_AND_ELECTRONIC_ENGINEERING
PUB_002070,MATERIALS_CHEMISTRY
PUB_002071,MATERIALS_CHEMISTRY
PUB_002072,MATERIALS_CHEMISTRY
PUB_002073,CONDENSED_MATTER_PHYSICS
PUB_002074,POLYMERS_AND_PLASTICS
PUB_002075,BUILDING_AND_CONSTRUCTION
PUB_002076,ELECTRONIC_OPTICAL_AND_MAGNETIC_MATERIALS
PUB_002077,MATERIALS_CHEMISTRY
PUB_002078,MECHANICAL_ENGINEERING
PUB_002079,ASTRONOMY_AND_ASTROPHYSICS
PUB_002080,MECHANICAL_ENGINEERING
PUB_002081,MATERIALS_CHEMISTRY
PUB_002082,BIOMEDICAL_ENGINEERING
PUB_002083,MECHANICAL_ENGINEERING
PUB_002084,MECHANICS_OF_MATERIALS
PUB_002085,CERAMICS_AND_COMPOSITES
PUB_002086,ELECTRONIC_OPTICAL_AND_MAGNETIC_MATERIALS
PUB_002087,MODELING_AND_SIMULATION
PUB_002088,ELECTRICAL_AND_ELECTRONIC_ENGINEERING
PUB_002089,COMPUTATIONAL_THEORY_AND_MATHEMATICS
PUB_002090,AUTOMOTIVE_ENGINEERING
PUB_002091,MECHANICS_OF_MATERIALS
PUB_002092,BIOMEDICAL_ENGINEERING
PUB_002093,ELECTRICAL_AND_ELECTRONIC_ENGINEERING
PUB_002094,MATERIALS_CHEMISTRY
PUB_002095,BIOMEDICAL_ENGINEERING
PUB_002096,AUTOMOTIVE_ENGINEERING
PUB_002097,MATERIALS_CHEMISTRY
PUB_002098,MECHANICS_OF_MATERIALS
PUB_002099,COMPUTER_VISION_AND_PATTERN_RECOGNITION
PUB_002100,OCEAN_ENGINEERING
PUB_002101,MATERIALS_CHEMISTRY
PUB_002102,HUMANCOMPUTER_INTERACTION
PUB_002103,BUILDING_AND_CONSTRUCTION
PUB_002104,MECHANICAL_ENGINEERING
PUB_002105,ELECTRONIC_OPTICAL_AND_MAGNETIC_MATERIALS
PUB_002106,MATERIALS_CHEMISTRY
PUB_002107,BIOMEDICAL_ENGINEERING
PUB_002108,BIOMEDICAL_ENGINEERING
PUB_002109,ELECTRONIC_OPTICAL_AND_MAGNETIC_MATERIALS
PUB_002110,AEROSPACE_ENGINEERING
PUB_002111,MATERIALS_CHEMISTRY
PUB_002112,MECHANICAL_ENGINEERING
PUB_002113,ELECTRICAL_AND_ELECTRONIC_ENGINEERING
PUB_002114,COMPUTATIONAL_MECHANICS
PUB_002115,COMPUTATIONAL_MECHANICS
PUB_002116,MECHANICAL_ENGINEERING
PUB_002117,COMPUTATIONAL_THEORY_AND_MATHEMATICS
PUB_002118,ARTIFICIAL_INTELLIGENCE
PUB_002119,BIOMEDICAL_ENGINEERING
PUB_002120,MATERIALS_CHEMISTRY
PUB_002121,MECHANICAL_ENGINEERING
PUB_002122,ELECTRONIC_OPTICAL_AND_MAGNETIC_MATERIALS
PUB_002123,MATERIALS_CHEMISTRY
PUB_002124,SAFETY_RISK_RELIABILITY_AND_QUALITY
PUB_002125,MATERIALS_CHEMISTRY
PUB_002126,MATERIALS_CHEMISTRY
PUB_002127,ELECTRICAL_AND_ELECTRONIC_ENGINEERING
PUB_002128,COMPUTATIONAL_MECHANICS
PUB_002129,BIOMEDICAL_ENGINEERING
PUB_002130,ELECTRICAL_AND_ELECTRONIC_ENGINEERING
PUB_002131,BIOMATERIALS
PUB_002132,ASTRONOMY_AND_ASTROPHYSICS
PUB_002133,CIVIL_AND_STRUCTURAL_ENGINEERING
PUB_002134,COMPUTATIONAL_MECHANICS
PUB_002135,MATERIALS_CHEMISTRY
PUB_002136,SAFETY_RISK_RELIABILITY_AND_QUALITY
PUB_002137,MATERIALS_CHEMISTRY
PUB_002138,BIOMEDICAL_ENGINEERING
PUB_002139,ELECTRICAL_AND_ELECTRONIC_ENGINEERING
PUB_002140,ELECTRONIC_OPTICAL_AND_MAGNETIC_MATERIALS
PUB_002141,MECHANICAL_ENGINEERING
PUB_002142,ASTRONOMY_AND_ASTROPHYSICS
PUB_002143,COMPUTATIONAL_MECHANICS
PUB_002144,MATERIALS_CHEMISTRY
PUB_002145,ELECTRICAL_AND_ELECTRONIC_ENGINEERING
PUB_002146,ASTRONOMY_AND_ASTROPHYSICS
PUB_002147,OCEAN_ENGINEERING
PUB_002148,ARTIFICIAL_INTELLIGENCE
PUB_002149,MECHANICS_OF_MATERIALS
PUB_002150,ELECTRICAL_AND_ELECTRONIC_ENGINEERING
PUB_002151,AUTOMOTIVE_ENGINEERING
PUB_002152,ELECTRICAL_AND_ELECTRONIC_ENGINEERING
PUB_002153,ELECTRONIC_OPTICAL_AND_MAGNETIC_MATERIALS
PUB_002154,COMPUTER_VISION_AND_PATTERN_RECOGNITION
PUB_002155,ATOMIC_AND_MOLECULAR_PHYSICS_AND_OPTICS
PUB_002156,ELECTRICAL_AND_ELECTRONIC_ENGINEERING
PUB_002157,MATERIALS_CHEMISTRY
PUB_002158,ELECTRICAL_AND_ELECTRONIC_ENGINEERING
PUB_002159,ELECTRICAL_AND_ELECTRONIC_ENGINEERING
PUB_002160,MATERIALS_CHEMISTRY
PUB_002161,CONDENSED_MATTER_PHYSICS
PUB_002162,ELECTRICAL_AND_ELECTRONIC_ENGINEERING
PUB_002163,MATERIALS_CHEMISTRY
PUB_002164,MECHANICAL_ENGINEERING
PUB_002165,CONDENSED_MATTER_PHYSICS
PUB_002166,ELECTRICAL_AND_ELECTRONIC_ENGINEERING
PUB_002167,ELECTRICAL_AND_ELECTRONIC_ENGINEERING
PUB_002168,MECHANICS_OF_MATERIALS
PUB_002169,ELECTRICAL_AND_ELECTRONIC_ENGINEERING
PUB_002170,ELECTRICAL_AND_ELECTRONIC_ENGINEERING
PUB_002171,MATERIALS_CHEMISTRY
PUB_002172,MECHANICAL_ENGINEERING
PUB_002173,MATERIALS_CHEMISTRY
PUB_002174,ELECTRICAL_AND_ELECTRONIC_ENGINEERING
PUB_002175,MATERIALS_CHEMISTRY
PUB_002176,ELECTRICAL_AND_ELECTRONIC_ENGINEERING
PUB_002177,COMPUTER_NETWORKS_AND_COMMUNICATIONS
PUB_002178,MODELING_AND_SIMULATION
PUB_002179,COMPUTATIONAL_MECHANICS
PUB_002180,ELECTRICAL_AND_ELECTRONIC_ENGINEERING
PUB_002181,MATERIALS_CHEMISTRY
PUB_002182,MATERIALS_CHEMISTRY
PUB_002183,MATERIALS_CHEMISTRY
PUB_002184,BIOMEDICAL_ENGINEERING
PUB_002185,ELECTRICAL_AND_ELECTRONIC_ENGINEERING
PUB_002186,COMPUTATIONAL_MECHANICS
PUB_002187,ELECTRONIC_OPTICAL_AND_MAGNETIC_MATERIALS
PUB_002188,POLYMERS_AND_PLASTICS
PUB_002189,ELECTRONIC_OPTICAL_AND_MAGNETIC_MATERIALS
PUB_002190,ELECTRICAL_AND_ELECTRONIC_ENGINEERING
PUB_002191,ELECTRICAL_AND_ELECTRONIC_ENGINEERING
PUB_002192,MATERIALS_CHEMISTRY
PUB_002193,BIOMATERIALS
PUB_002194,CONTROL_AND_SYSTEMS_ENGINEERING
PUB_002195,BIOMEDICAL_ENGINEERING
PUB_002196,BIOMATERIALS
PUB_002197,ELECTRICAL_AND_ELECTRONIC_ENGINEERING
PUB_002198,COMPUTER_VISION_AND_PATTERN_RECOGNITION
PUB_002199,BIOMEDICAL_ENGINEERING
PUB_002200,MATERIALS_CHEMISTRY
PUB_002201,ATOMIC_AND_MOLECULAR_PHYSICS_AND_OPTICS
PUB_002202,CONDENSED_MATTER_PHYSICS
PUB_002203,ELECTRICAL_AND_ELECTRONIC_ENGINEERING
PUB_002204,MATERIALS_CHEMISTRY
PUB_002205,ASTRONOMY_AND_ASTROPHYSICS
PUB_002206,COMPUTER_NETWORKS_AND_COMMUNICATIONS
PUB_002207,BIOMEDICAL_ENGINEERING
PUB_002208,BIOMATERIALS
PUB_002209,MATERIALS_CHEMISTRY
PUB_002210,ELECTRICAL_AND_ELECTRONIC_ENGINEERING
PUB_002211,ELECTRICAL_AND_ELECTRONIC_ENGINEERING
PUB_002212,INDUSTRIAL_AND_MANUFACTURING_ENGINEERING
PUB_002213,ARTIFICIAL_INTELLIGENCE
PUB_002214,ELECTRICAL_AND_ELECTRONIC_ENGINEERING
PUB_002215,MECHANICS_OF_MATERIALS
PUB_002216,COMPUTER_NETWORKS_AND_COMMUNICATIONS
PUB_002217,ELECTRICAL_AND_ELECTRONIC_ENGINEERING
PUB_002218,MECHANICAL_ENGINEERING
PUB_002219,MATERIALS_CHEMISTRY
PUB_002220,MATERIALS_CHEMISTRY
PUB_002221,ATOMIC_AND_MOLECULAR_PHYSICS_AND_OPTICS
PUB_002222,MATERIALS_CHEMISTRY
PUB_002223,COMPUTATIONAL_THEORY_AND_MATHEMATICS
PUB_002224,ELECTRICAL_AND_ELECTRONIC_ENGINEERING
PUB_002225,MATERIALS_CHEMISTRY
PUB_002226,ELECTRONIC_OPTICAL_AND_MAGNETIC_MATERIALS
PUB_002227,COMPUTATIONAL_MECHANICS
PUB_002228,ATOMIC_AND_MOLECULAR_PHYSICS_AND_OPTICS
PUB_002229,MATERIALS_CHEMISTRY
PUB_002230,ATOMIC_AND_MOLECULAR_PHYSICS_AND_OPTICS
PUB_002231,ATOMIC_AND_MOLECULAR_PHYSICS_AND_OPTICS
PUB_002232,ATOMIC_AND_MOLECULAR_PHYSICS_AND_OPTICS
PUB_002233,MECHANICAL_ENGINEERING
PUB_002234,MECHANICAL_ENGINEERING
PUB_002235,MECHANICAL_ENGINEERING
PUB_002236,MATERIALS_CHEMISTRY
PUB_002237,MATERIALS_CHEMISTRY
PUB_002238,MATERIALS_CHEMISTRY
PUB_002239,ELECTRICAL_AND_ELECTRONIC_ENGINEERING
PUB_002240,MATERIALS_CHEMISTRY
PUB_002241,BIOMEDICAL_ENGINEERING
PUB_002242,MECHANICAL_ENGINEERING
PUB_002243,ELECTRICAL_AND_ELECTRONIC_ENGINEERING
PUB_002244,ELECTRICAL_AND_ELECTRONIC_ENGINEERING
PUB_002245,ASTRONOMY_AND_ASTROPHYSICS
PUB_002246,CONDENSED_MATTER_PHYSICS
PUB_002247,ASTRONOMY_AND_ASTROPHYSICS
PUB_002248,BIOMATERIALS
PUB_002249,ATOMIC_AND_MOLECULAR_PHYSICS_AND_OPTICS
PUB_002250,AEROSPACE_ENGINEERING
PUB_002251,MATERIALS_CHEMISTRY
PUB_002252,BIOMEDICAL_ENGINEERING
PUB_002253,ELECTRONIC_OPTICAL_AND_MAGNETIC_MATERIALS
PUB_002254,ELECTRICAL_AND_ELECTRONIC_ENGINEERING
PUB_002255,ELECTRICAL_AND_ELECTRONIC_ENGINEERING
PUB_002256,CONDENSED_MATTER_PHYSICS
PUB_002257,MECHANICAL_ENGINEERING
PUB_002258,MECHANICAL_ENGINEERING
PUB_002259,ASTRONOMY_AND_ASTROPHYSICS
PUB_002260,ELECTRICAL_AND_ELECTRONIC_ENGINEERING
PUB_002261,COMPUTATIONAL_MECHANICS
PUB_002262,ATOMIC_AND_MOLECULAR_PHYSICS_AND_OPTICS
PUB_002263,MATERIALS_CHEMISTRY
PUB_002264,BIOMEDICAL_ENGINEERING
PUB_002265,MATERIALS_CHEMISTRY
PUB_002266,ELECTRICAL_AND_ELECTRONIC_ENGINEERING
PUB_002267,ATOMIC_AND_MOLECULAR_PHYSICS_AND_OPTICS
PUB_002268,COMPUTER_VISION_AND_PATTERN_RECOGNITION
PUB_002269,ATOMIC_AND_MOLECULAR_PHYSICS_AND_OPTICS
PUB_002270,MATERIALS_CHEMISTRY
PUB_002271,POLYMERS_AND_PLASTICS
PUB_002272,ARTIFICIAL_INTELLIGENCE
PUB_002273,ELECTRICAL_AND_ELECTRONIC_ENGINEERING
PUB_002274,AEROSPACE_ENGINEERING
PUB_002275,MATERIALS_CHEMISTRY
PUB_002276,SIGNAL_PROCESSING
PUB_002277,ELECTRICAL_AND_ELECTRONIC_ENGINEERING
PUB_002278,MATERIALS_CHEMISTRY
PUB_002279,ELECTRONIC_OPTICAL_AND_MAGNETIC_MATERIALS
PUB_002280,MODELING_AND_SIMULATION
PUB_002281,MECHANICAL_ENGINEERING
PUB_002282,BIOMEDICAL_ENGINEERING
PUB_002283,MATERIALS_CHEMISTRY
PUB_002284,ELECTRICAL_AND_ELECTRONIC_ENGINEERING
PUB_002285,MECHANICAL_ENGINEERING
PUB_002286,ELECTRICAL_AND_ELECTRONIC_ENGINEERING
PUB_002287,BIOMEDICAL_ENGINEERING
PUB_002288,CONDENSED_MATTER_PHYSICS
PUB_002289,MECHANICS_OF_MATERIALS
PUB_002290,BIOMATERIALS
PUB_002291,MATERIALS_CHEMISTRY
PUB_002292,ELECTRONIC_OPTICAL_AND_MAGNETIC_MATERIALS
PUB_002293,MECHANICAL_ENGINEERING
PUB_002294,MECHANICS_OF_MATERIALS
PUB_002295,MATERIALS_CHEMISTRY
PUB_002296,MATERIALS_CHEMISTRY
PUB_002297,COMPUTATIONAL_MECHANICS
PUB_002298,ELECTRICAL_AND_ELECTRONIC_ENGINEERING
PUB_002299,ELECTRICAL_AND_ELECTRONIC_ENGINEERING
PUB_002300,MECHANICAL_ENGINEERING
PUB_002301,ELECTRICAL_AND_ELECTRONIC_ENGINEERING
PUB_002302,ATOMIC_AND_MOLECULAR_PHYSICS_AND_OPTICS
PUB_002303,ELECTRONIC_OPTICAL_AND_MAGNETIC_MATERIALS
PUB_002304,STATISTICAL_AND_NONLINEAR_PHYSICS
PUB_002305,BIOMEDICAL_ENGINEERING
PUB_002306,MECHANICS_OF_MATERIALS
PUB_002307,ELECTRONIC_OPTICAL_AND_MAGNETIC_MATERIALS
PUB_002308,MECHANICAL_ENGINEERING
PUB_002309,ELECTRICAL_AND_ELECTRONIC_ENGINEERING
PUB_002310,CIVIL_AND_STRUCTURAL_ENGINEERING
PUB_002311,CONTROL_AND_SYSTEMS_ENGINEERING
PUB_002312,CONDENSED_MATTER_PHYSICS
PUB_002313,ELECTRICAL_AND_ELECTRONIC_ENGINEERING
PUB_002314,MATERIALS_CHEMISTRY
PUB_002315,ATOMIC_AND_MOLECULAR_PHYSICS_AND_OPTICS
PUB_002316,ELECTRONIC_OPTICAL_AND_MAGNETIC_MATERIALS
PUB_002317,MECHANICAL_ENGINEERING
PUB_002318,ELECTRICAL_AND_ELECTRONIC_ENGINEERING
PUB_002319,MATERIALS_CHEMISTRY
PUB_002320,STATISTICAL_AND_NONLINEAR_PHYSICS
PUB_002321,MATERIALS_CHEMISTRY
PUB_002322,ELECTRICAL_AND_ELECTRONIC_ENGINEERING
PUB_002323,MATERIALS_CHEMISTRY
PUB_002324,ELECTRONIC_OPTICAL_AND_MAGNETIC_MATERIALS
PUB_002325,BIOMATERIALS
PUB_002326,ELECTRONIC_OPTICAL_AND_MAGNETIC_MATERIALS
PUB_002327,HUMANCOMPUTER_INTERACTION
PUB_002328,ELECTRICAL_AND_ELECTRONIC_ENGINEERING
PUB_002329,POLYMERS_AND_PLASTICS
PUB_002330,AEROSPACE_ENGINEERING
PUB_002331,AEROSPACE_ENGINEERING
PUB_002332,CONDENSED_MATTER_PHYSICS
PUB_002333,BIOMEDICAL_ENGINEERING
PUB_002334,ELECTRICAL_AND_ELECTRONIC_ENGINEERING
PUB_002335,MATERIALS_CHEMISTRY
PUB_002336,MATERIALS_CHEMISTRY
PUB_002337,MATERIALS_CHEMISTRY
PUB_002338,ELECTRICAL_AND_ELECTRONIC_ENGINEERING
PUB_002339,CONDENSED_MATTER_PHYSICS
PUB_002340,ELECTRICAL_AND_ELECTRONIC_ENGINEERING
PUB_002341,ELECTRICAL_AND_ELECTRONIC_ENGINEERING
PUB_002342,CONDENSED_MATTER_PHYSICS
PUB_002343,OCEAN_ENGINEERING
PUB_002344,ELECTRICAL_AND_ELECTRONIC_ENGINEERING
PUB_002345,CONTROL_AND_SYSTEMS_ENGINEERING
PUB_002346,ELECTRICAL_AND_ELECTRONIC_ENGINEERING
PUB_002347,MECHANICS_OF_MATERIALS
PUB_002348,ELECTRONIC_OPTICAL_AND_MAGNETIC_MATERIALS
PUB_002349,ELECTRICAL_AND_ELECTRONIC_ENGINEERING
PUB_002350,BIOMEDICAL_ENGINEERING
PUB_002351,ASTRONOMY_AND_ASTROPHYSICS
PUB_002352,MATERIALS_CHEMISTRY
PUB_002353,MATERIALS_CHEMISTRY
PUB_002354,COMPUTATIONAL_MECHANICS
PUB_002355,ELECTRICAL_AND_ELECTRONIC_ENGINEERING
PUB_002356,MATERIALS_CHEMISTRY
PUB_002357,MATERIALS_CHEMISTRY
PUB_002358,MATERIALS_CHEMISTRY
PUB_002359,ELECTRONIC_OPTICAL_AND_MAGNETIC_MATERIALS
PUB_002360,MATERIALS_CHEMISTRY
PUB_002361,ELECTRICAL_AND_ELECTRONIC_ENGINEERING
PUB_002362,ASTRONOMY_AND_ASTROPHYSICS
PUB_002363,ARTIFICIAL_INTELLIGENCE
PUB_002364,MATERIALS_CHEMISTRY
PUB_002365,CIVIL_AND_STRUCTURAL_ENGINEERING
PUB_002366,ELECTRONIC_OPTICAL_AND_MAGNETIC_MATERIALS
PUB_002367,MECHANICAL_ENGINEERING
PUB_002368,CONTROL_AND_SYSTEMS_ENGINEERING
PUB_002369,MATERIALS_CHEMISTRY
PUB_002370,MATERIALS_CHEMISTRY
PUB_002371,ELECTRICAL_AND_ELECTRONIC_ENGINEERING
PUB_002372,MECHANICAL_ENGINEERING
PUB_002373,AUTOMOTIVE_ENGINEERING
PUB_002374,ELECTRONIC_OPTICAL_AND_MAGNETIC_MATERIALS
PUB_002375,BIOMEDICAL_ENGINEERING
PUB_002376,MECHANICAL_ENGINEERING
PUB_002377,ARTIFICIAL_INTELLIGENCE
PUB_002378,ELECTRICAL_AND_ELECTRONIC_ENGINEERING
PUB_002379,SIGNAL_PROCESSING
PUB_002380,ELECTRICAL_AND_ELECTRONIC_ENGINEERING
PUB_002381,BIOMEDICAL_ENGINEERING
PUB_002382,POLYMERS_AND_PLASTICS
PUB_002383,ATOMIC_AND_MOLECULAR_PHYSICS_AND_OPTICS
PUB_002384,COMPUTATIONAL_MECHANICS
PUB_002385,MECHANICAL_ENGINEERING
PUB_002386,MATERIALS_CHEMISTRY
PUB_002387,MATERIALS_CHEMISTRY
PUB_002388,BUILDING_AND_CONSTRUCTION
PUB_002389,ASTRONOMY_AND_ASTROPHYSICS
PUB_002390,ELECTRICAL_AND_ELECTRONIC_ENGINEERING
PUB_002391,POLYMERS_AND_PLASTICS
PUB_002392,ELECTRICAL_AND_ELECTRONIC_ENGINEERING
PUB_002393,ELECTRONIC_OPTICAL_AND_MAGNETIC_MATERIALS
PUB_002394,MATERIALS_CHEMISTRY
PUB_002395,SAFETY_RISK_RELIABILITY_AND_QUALITY
PUB_002396,ELECTRICAL_AND_ELECTRONIC_ENGINEERING
PUB_002397,ELECTRICAL_AND_ELECTRONIC_ENGINEERING
PUB_002398,ELECTRICAL_AND_ELECTRONIC_ENGINEERING
PUB_002399,MECHANICAL_ENGINEERING
PUB_002400,COMPUTATIONAL_MECHANICS
PUB_002401,MATERIALS_CHEMISTRY
PUB_002402,ELECTRICAL_AND_ELECTRONIC_ENGINEERING
PUB_002403,MATERIALS_CHEMISTRY
PUB_002404,MATERIALS_CHEMISTRY
PUB_002405,MECHANICAL_ENGINEERING
PUB_002406,MATERIALS_CHEMISTRY
PUB_002407,MECHANICS_OF_MATERIALS
PUB_002408,BIOMATERIALS
PUB_002409,COMPUTATIONAL_MECHANICS
PUB_002410,ATOMIC_AND_MOLECULAR_PHYSICS_AND_OPTICS
PUB_002411,COMPUTER_VISION_AND_PATTERN_RECOGNITION
PUB_002412,MATERIALS_CHEMISTRY
PUB_002413,MATERIALS_CHEMISTRY
PUB_002414,MECHANICAL_ENGINEERING
PUB_002415,MATERIALS_CHEMISTRY
PUB_002416,MATERIALS_CHEMISTRY
PUB_002417,COMPUTATIONAL_MECHANICS
PUB_002418,MATERIALS_CHEMISTRY
PUB_002419,ELECTRONIC_OPTICAL_AND_MAGNETIC_MATERIALS
PUB_002420,MATERIALS_CHEMISTRY
PUB_002421,ELECTRICAL_AND_ELECTRONIC_ENGINEERING
PUB_002422,MECHANICAL_ENGINEERING
PUB_002423,ELECTRICAL_AND_ELECTRONIC_ENGINEERING
PUB_002424,MATERIALS_CHEMISTRY
PUB_002425,ELECTRONIC_OPTICAL_AND_MAGNETIC_MATERIALS
PUB_002426,MATERIALS_CHEMISTRY
PUB_002427,MATERIALS_CHEMISTRY
PUB_002428,BIOMEDICAL_ENGINEERING
PUB_002429,ELECTRONIC_OPTICAL_AND_MAGNETIC_MATERIALS
PUB_002430,MATERIALS_CHEMISTRY
PUB_002431,MATERIALS_CHEMISTRY
PUB_002432,ARTIFICIAL_INTELLIGENCE
PUB_002433,BIOMEDICAL_ENGINEERING
PUB_002434,BIOMEDICAL_ENGINEERING
PUB_002435,COMPUTATIONAL_MECHANICS
PUB_002436,BIOMEDICAL_ENGINEERING
PUB_002437,MATERIALS_CHEMISTRY
PUB_002438,ATOMIC_AND_MOLECULAR_PHYSICS_AND_OPTICS
PUB_002439,COMPUTER_VISION_AND_PATTERN_RECOGNITION
PUB_002440,MECHANICS_OF_MATERIALS
PUB_002441,ELECTRICAL_AND_ELECTRONIC_ENGINEERING
PUB_002442,BIOMATERIALS
PUB_002443,AEROSPACE_ENGINEERING
PUB_002444,MATERIALS_CHEMISTRY
PUB_002445,ARTIFICIAL_INTELLIGENCE
PUB_002446,MATERIALS_CHEMISTRY
PUB_002447,ELECTRICAL_AND_ELECTRONIC_ENGINEERING
PUB_002448,ASTRONOMY_AND_ASTROPHYSICS
PUB_002449,ELECTRICAL_AND_ELECTRONIC_ENGINEERING
PUB_002450,ELECTRONIC_OPTICAL_AND_MAGNETIC_MATERIALS
PUB_002451,BUILDING_AND_CONSTRUCTION
PUB_002452,SAFETY_RISK_RELIABILITY_AND_QUALITY
PUB_002453,ELECTRONIC_OPTICAL_AND_MAGNETIC_MATERIALS
PUB_002454,BIOMEDICAL_ENGINEERING
PUB_002455,COMPUTER_NETWORKS_AND_COMMUNICATIONS
PUB_002456,MATERIALS_CHEMISTRY
PUB_002457,ELECTRONIC_OPTICAL_AND_MAGNETIC_MATERIALS
PUB_002458,MECHANICS_OF_MATERIALS
PUB_002459,BIOMEDICAL_ENGINEERING
PUB_002460,MATERIALS_CHEMISTRY
PUB_002461,MATERIALS_CHEMISTRY
PUB_002462,CONDENSED_MATTER_PHYSICS
PUB_002463,MECHANICAL_ENGINEERING
PUB_002464,ELECTRICAL_AND_ELECTRONIC_ENGINEERING
PUB_002465,MECHANICAL_ENGINEERING
PUB_002466,MATERIALS_CHEMISTRY
PUB_002467,ATOMIC_AND_MOLECULAR_PHYSICS_AND_OPTICS
PUB_002468,ARTIFICIAL_INTELLIGENCE
PUB_002469,CIVIL_AND_STRUCTURAL_ENGINEERING
PUB_002470,BIOMEDICAL_ENGINEERING
PUB_002471,MATERIALS_CHEMISTRY
PUB_002472,MATERIALS_CHEMISTRY
PUB_002473,ELECTRICAL_AND_ELECTRONIC_ENGINEERING
PUB_002474,ARTIFICIAL_INTELLIGENCE
PUB_002475,HUMANCOMPUTER_INTERACTION
PUB_002476,STATISTICAL_AND_NONLINEAR_PHYSICS
PUB_002477,AEROSPACE_ENGINEERING
PUB_002478,MATERIALS_CHEMISTRY
PUB_002479,MATERIALS_CHEMISTRY
PUB_002480,CONDENSED_MATTER_PHYSICS
PUB_002481,BIOMEDICAL_ENGINEERING
PUB_002482,ELECTRONIC_OPTICAL_AND_MAGNETIC_MATERIALS
PUB_002483,MODELING_AND_SIMULATION
PUB_002484,MATERIALS_CHEMISTRY
PUB_002485,ATOMIC_AND_MOLECULAR_PHYSICS_AND_OPTICS
PUB_002486,MATERIALS_CHEMISTRY
PUB_002487,COMPUTATIONAL_MECHANICS
PUB_002488,BIOMATERIALS
PUB_002489,ASTRONOMY_AND_ASTROPHYSICS
PUB_002490,BIOMEDICAL_ENGINEERING
PUB_002491,POLYMERS_AND_PLASTICS
PUB_002492,MATERIALS_CHEMISTRY
PUB_002493,MATERIALS_CHEMISTRY
PUB_002494,CONTROL_AND_SYSTEMS_ENGINEERING
PUB_002495,MATERIALS_CHEMISTRY
PUB_002496,ARTIFICIAL_INTELLIGENCE
PUB_002497,ASTRONOMY_AND_ASTROPHYSICS
PUB_002498,ELECTRICAL_AND_ELECTRONIC_ENGINEERING
PUB_002499,MATERIALS_CHEMISTRY
PUB_002500,MECHANICAL_ENGINEERING
PUB_002501,BIOMEDICAL_ENGINEERING
PUB_002502,HARDWARE_AND_ARCHITECTURE
PUB_002503,COMPUTATIONAL_MECHANICS
PUB_002504,COMPUTER_NETWORKS_AND_COMMUNICATIONS
PUB_002505,MECHANICAL_ENGINEERING
PUB_002506,ATOMIC_AND_MOLECULAR_PHYSICS_AND_OPTICS
PUB_002507,MECHANICS_OF_MATERIALS
PUB_002508,MECHANICS_OF_MATERIALS
PUB_002509,INDUSTRIAL_AND_MANUFACTURING_ENGINEERING
PUB_002510,COMPUTATIONAL_MECHANICS
PUB_002511,MATERIALS_CHEMISTRY
PUB_002512,CIVIL_AND_STRUCTURAL_ENGINEERING
PUB_002513,BIOMEDICAL_ENGINEERING
PUB_002514,ELECTRICAL_AND_ELECTRONIC_ENGINEERING
PUB_002515,MATERIALS_CHEMISTRY
PUB_002516,ELECTRICAL_AND_ELECTRONIC_ENGINEERING
PUB_002517,MECHANICAL_ENGINEERING
PUB_002518,BIOMEDICAL_ENGINEERING
PUB_002519,MATERIALS_CHEMISTRY
PUB_002520,ATOMIC_AND_MOLECULAR_PHYSICS_AND_OPTICS
PUB_002521,MATERIALS_CHEMISTRY
PUB_002522,ELECTRONIC_OPTICAL_AND_MAGNETIC_MATERIALS
PUB_002523,AEROSPACE_ENGINEERING
PUB_002524,BUILDING_AND_CONSTRUCTION
PUB_002525,MECHANICS_OF_MATERIALS
PUB_002526,ELECTRONIC_OPTICAL_AND_MAGNETIC_MATERIALS
PUB_002527,MECHANICAL_ENGINEERING
PUB_002528,CIVIL_AND_STRUCTURAL_ENGINEERING
PUB_002529,MATERIALS_CHEMISTRY
PUB_002530,MATERIALS_CHEMISTRY
PUB_002531,ELECTRONIC_OPTICAL_AND_MAGNETIC_MATERIALS
PUB_002532,APPLIED_MATHEMATICS
PUB_002533,CONDENSED_MATTER_PHYSICS
PUB_002534,CONDENSED_MATTER_PHYSICS
PUB_002535,CIVIL_AND_STRUCTURAL_ENGINEERING
PUB_002536,MECHANICAL_ENGINEERING
PUB_002537,MODELING_AND_SIMULATION
PUB_002538,MATERIALS_CHEMISTRY
PUB_002539,MATERIALS_CHEMISTRY
PUB_002540,AEROSPACE_ENGINEERING
PUB_002541,COMPUTER_VISION_AND_PATTERN_RECOGNITION
PUB_002542,MATERIALS_CHEMISTRY
PUB_002543,ELECTRICAL_AND_ELECTRONIC_ENGINEERING
PUB_002544,ARTIFICIAL_INTELLIGENCE
PUB_002545,COMPUTATIONAL_MECHANICS
PUB_002546,CONDENSED_MATTER_PHYSICS
PUB_002547,ELECTRONIC_OPTICAL_AND_MAGNETIC_MATERIALS
PUB_002548,BIOMEDICAL_ENGINEERING
PUB_002549,CONDENSED_MATTER_PHYSICS
PUB_002550,MATERIALS_CHEMISTRY
PUB_002551,MECHANICS_OF_MATERIALS
PUB_002552,ARTIFICIAL_INTELLIGENCE
PUB_002553,COMPUTATIONAL_MECHANICS
PUB_002554,BIOMEDICAL_ENGINEERING
PUB_002555,BIOMEDICAL_ENGINEERING
PUB_002556,MECHANICAL_ENGINEERING
PUB_002557,COMPUTATIONAL_MECHANICS
PUB_002558,MATERIALS_CHEMISTRY
PUB_002559,ELECTRONIC_OPTICAL_AND_MAGNETIC_MATERIALS
PUB_002560,ELECTRICAL_AND_ELECTRONIC_ENGINEERING
PUB_002561,CONTROL_AND_SYSTEMS_ENGINEERING
PUB_002562,ELECTRICAL_AND_ELECTRONIC_ENGINEERING
PUB_002563,ATOMIC_AND_MOLECULAR_PHYSICS_AND_OPTICS
PUB_002564,ARTIFICIAL_INTELLIGENCE
PUB_002565,ARTIFICIAL_INTELLIGENCE
PUB_002566,ELECTRICAL_AND_ELECTRONIC_ENGINEERING
PUB_002567,BIOMEDICAL_ENGINEERING
PUB_002568,ATOMIC_AND_MOLECULAR_PHYSICS_AND_OPTICS
PUB_002569,MECHANICAL_ENGINEERING
PUB_002570,AEROSPACE_ENGINEERING
PUB_002571,MATERIALS_CHEMISTRY
PUB_002572,ELECTRICAL_AND_ELECTRONIC_ENGINEERING
PUB_002573,MATERIALS_CHEMISTRY
PUB_002574,MATERIALS_CHEMISTRY
PUB_002575,MATERIALS_CHEMISTRY
PUB_002576,ELECTRICAL_AND_ELECTRONIC_ENGINEERING
PUB_002577,HARDWARE_AND_ARCHITECTURE
PUB_002578,INFORMATION_SYSTEMS
PUB_002579,ARTIFICIAL_INTELLIGENCE
PUB_002580,MECHANICAL_ENGINEERING
PUB_002581,MECHANICAL_ENGINEERING
PUB_002582,COMPUTATIONAL_MECHANICS
PUB_002583,AEROSPACE_ENGINEERING
PUB_002584,ELECTRONIC_OPTICAL_AND_MAGNETIC_MATERIALS
PUB_002585,ELECTRICAL_AND_ELECTRONIC_ENGINEERING
PUB_002586,MATERIALS_CHEMISTRY
PUB_002587,MECHANICAL_ENGINEERING
PUB_002588,MATERIALS_CHEMISTRY
PUB_002589,COMPUTATIONAL_THEORY_AND_MATHEMATICS
PUB_002590,ELECTRONIC_OPTICAL_AND_MAGNETIC_MATERIALS
PUB_002591,ASTRONOMY_AND_ASTROPHYSICS
PUB_002592,MATERIALS_CHEMISTRY
PUB_002593,MATERIALS_CHEMISTRY
PUB_002594,ELECTRONIC_OPTICAL_AND_MAGNETIC_MATERIALS
PUB_002595,MATERIALS_CHEMISTRY
PUB_002596,COMPUTER_VISION_AND_PATTERN_RECOGNITION
PUB_002597,ELECTRICAL_AND_ELECTRONIC_ENGINEERING
PUB_002598,ELECTRICAL_AND_ELECTRONIC_ENGINEERING
PUB_002599,MATERIALS_CHEMISTRY
PUB_002600,SIGNAL_PROCESSING
PUB_002601,SURFACES_COATINGS_AND_FILMS
PUB_002602,MATERIALS_CHEMISTRY
PUB_002603,MECHANICAL_ENGINEERING
PUB_002604,ARTIFICIAL_INTELLIGENCE
PUB_002605,ATOMIC_AND_MOLECULAR_PHYSICS_AND_OPTICS
PUB_002606,ELECTRICAL_AND_ELECTRONIC_ENGINEERING
PUB_002607,CONTROL_AND_SYSTEMS_ENGINEERING
PUB_002608,BUILDING_AND_CONSTRUCTION
PUB_002609,COMPUTER_SCIENCE_APPLICATIONS
PUB_002610,CONTROL_AND_SYSTEMS_ENGINEERING
PUB_002611,COMPUTER_NETWORKS_AND_COMMUNICATIONS
PUB_002612,CIVIL_AND_STRUCTURAL_ENGINEERING
PUB_002613,MATERIALS_CHEMISTRY
PUB_002614,MATHEMATICAL_PHYSICS
PUB_002615,COMPUTATIONAL_MECHANICS
PUB_002616,CONDENSED_MATTER_PHYSICS
PUB_002617,BIOMEDICAL_ENGINEERING
PUB_002618,ATOMIC_AND_MOLECULAR_PHYSICS_AND_OPTICS
PUB_002619,BIOMEDICAL_ENGINEERING
PUB_002620,INFORMATION_SYSTEMS
PUB_002621,ELECTRICAL_AND_ELECTRONIC_ENGINEERING
PUB_002622,OCEAN_ENGINEERING
PUB_002623,ELECTRICAL_AND_ELECTRONIC_ENGINEERING
PUB_002624,STATISTICAL_AND_NONLINEAR_PHYSICS
PUB_002625,MODELING_AND_SIMULATION
PUB_002626,ARTIFICIAL_INTELLIGENCE
PUB_002627,MATERIALS_CHEMISTRY
PUB_002628,BIOMEDICAL_ENGINEERING
PUB_002629,DISCRETE_MATHEMATICS_AND_COMBINATORICS
PUB_002630,STATISTICS_AND_PROBABILITY
PUB_002631,ASTRONOMY_AND_ASTROPHYSICS
PUB_002632,ELECTRICAL_AND_ELECTRONIC_ENGINEERING
PUB_002633,ELECTRONIC_OPTICAL_AND_MAGNETIC_MATERIALS
PUB_002634,ELECTRONIC_OPTICAL_AND_MAGNETIC_MATERIALS
PUB_002635,MATERIALS_CHEMISTRY
PUB_002636,ELECTRICAL_AND_ELECTRONIC_ENGINEERING
PUB_002637,ELECTRICAL_AND_ELECTRONIC_ENGINEERING
PUB_002638,ELECTRICAL_AND_ELECTRONIC_ENGINEERING
PUB_002639,ELECTRICAL_AND_ELECTRONIC_ENGINEERING
PUB_002640,MECHANICAL_ENGINEERING
PUB_002641,AEROSPACE_ENGINEERING
PUB_002642,MATERIALS_CHEMISTRY
PUB_002643,ELECTRONIC_OPTICAL_AND_MAGNETIC_MATERIALS
PUB_002644,ELECTRICAL_AND_ELECTRONIC_ENGINEERING
PUB_002645,MATERIALS_CHEMISTRY
PUB_002646,BIOMEDICAL_ENGINEERING
PUB_002647,AUTOMOTIVE_ENGINEERING
PUB_002648,MEDIA_TECHNOLOGY
PUB_002649,AEROSPACE_ENGINEERING
PUB_002650,MATERIALS_CHEMISTRY
PUB_002651,ELECTRONIC_OPTICAL_AND_MAGNETIC_MATERIALS
PUB_002652,SIGNAL_PROCESSING
PUB_002653,STATISTICAL_AND_NONLINEAR_PHYSICS
PUB_002654,CONDENSED_MATTER_PHYSICS
PUB_002655,MATERIALS_CHEMISTRY
PUB_002656,CONDENSED_MATTER_PHYSICS
PUB_002657,MEDIA_TECHNOLOGY
PUB_002658,MECHANICAL_ENGINEERING
PUB_002659,ELECTRICAL_AND_ELECTRONIC_ENGINEERING
PUB_002660,MATERIALS_CHEMISTRY
PUB_002661,COMPUTATIONAL_THEORY_AND_MATHEMATICS
PUB_002662,COMPUTER_VISION_AND_PATTERN_RECOGNITION
PUB_002663,MATERIALS_CHEMISTRY
PUB_002664,ASTRONOMY_AND_ASTROPHYSICS
PUB_002665,MATERIALS_CHEMISTRY
PUB_002666,MATERIALS_CHEMISTRY
PUB_002667,BIOMEDICAL_ENGINEERING
PUB_002668,CONTROL_AND_SYSTEMS_ENGINEERING
PUB_002669,ELECTRICAL_AND_ELECTRONIC_ENGINEERING
PUB_002670,COMPUTATIONAL_MECHANICS
PUB_002671,ELECTRICAL_AND_ELECTRONIC_ENGINEERING
PUB_002672,MATERIALS_CHEMISTRY
PUB_002673,AEROSPACE_ENGINEERING
PUB_002674,MATERIALS_CHEMISTRY
PUB_002675,COMPUTATIONAL_MECHANICS
PUB_002676,CONTROL_AND_SYSTEMS_ENGINEERING
PUB_002677,ELECTRICAL_AND_ELECTRONIC_ENGINEERING
PUB_002678,MATERIALS_CHEMISTRY
PUB_002679,ELECTRICAL_AND_ELECTRONIC_ENGINEERING
PUB_002680,MECHANICS_OF_MATERIALS
PUB_002681,ELECTRICAL_AND_ELECTRONIC_ENGINEERING
PUB_002682,ELECTRICAL_AND_ELECTRONIC_ENGINEERING
PUB_002683,ARTIFICIAL_INTELLIGENCE
PUB_002684,OCEAN_ENGINEERING
PUB_002685,COMPUTER_NETWORKS_AND_COMMUNICATIONS
PUB_002686,GEOMETRY_AND_TOPOLOGY
PUB_002687,ELECTRICAL_AND_ELECTRONIC_ENGINEERING
PUB_002688,HARDWARE_AND_ARCHITECTURE
PUB_002689,MECHANICAL_ENGINEERING
PUB_002690,MECHANICAL_ENGINEERING
PUB_002691,STATISTICAL_AND_NONLINEAR_PHYSICS
PUB_002692,MATERIALS_CHEMISTRY
PUB_002693,MATERIALS_CHEMISTRY
PUB_002694,BIOMEDICAL_ENGINEERING
PUB_002695,MODELING_AND_SIMULATION
PUB_002696,ATOMIC_AND_MOLECULAR_PHYSICS_AND_OPTICS
PUB_002697,MATERIALS_CHEMISTRY
PUB_002698,BUILDING_AND_CONSTRUCTION
PUB_002699,ASTRONOMY_AND_ASTROPHYSICS
PUB_002700,GEOMETRY_AND_TOPOLOGY
PUB_002701,ELECTRICAL_AND_ELECTRONIC_ENGINEERING
PUB_002702,CONTROL_AND_SYSTEMS_ENGINEERING
PUB_002703,ATOMIC_AND_MOLECULAR_PHYSICS_AND_OPTICS
PUB_002704,BIOMEDICAL_ENGINEERING
PUB_002705,ARTIFICIAL_INTELLIGENCE
PUB_002706,MATERIALS_CHEMISTRY
PUB_002707,BIOMEDICAL_ENGINEERING
PUB_002708,CIVIL_AND_STRUCTURAL_ENGINEERING
PUB_002709,BUILDING_AND_CONSTRUCTION
PUB_002710,MATERIALS_CHEMISTRY
PUB_002711,CONTROL_AND_SYSTEMS_ENGINEERING
PUB_002712,SAFETY_RISK_RELIABILITY_AND_QUALITY
PUB_002713,MATERIALS_CHEMISTRY
PUB_002714,MODELING_AND_SIMULATION
PUB_002715,ELECTRONIC_OPTICAL_AND_MAGNETIC_MATERIALS
PUB_002716,AUTOMOTIVE_ENGINEERING
PUB_002717,MATERIALS_CHEMISTRY
PUB_002718,CONDENSED_MATTER_PHYSICS
PUB_002719,MATERIALS_CHEMISTRY
PUB_002720,MATERIALS_CHEMISTRY
PUB_002721,SURFACES_COATINGS_AND_FILMS
PUB_002722,ELECTRICAL_AND_ELECTRONIC_ENGINEERING
PUB_002723,COMPUTER_VISION_AND_PATTERN_RECOGNITION
PUB_002724,ATOMIC_AND_MOLECULAR_PHYSICS_AND_OPTICS
PUB_002725,STATISTICAL_AND_NONLINEAR_PHYSICS
PUB_002726,ELECTRONIC_OPTICAL_AND_MAGNETIC_MATERIALS
PUB_002727,MECHANICAL_ENGINEERING
PUB_002728,MATERIALS_CHEMISTRY
PUB_002729,ELECTRICAL_AND_ELECTRONIC_ENGINEERING
PUB_002730,INFORMATION_SYSTEMS
PUB_002731,COMPUTATIONAL_THEORY_AND_MATHEMATICS
PUB_002732,MECHANICAL_ENGINEERING
PUB_002733,COMPUTATIONAL_MECHANICS
PUB_002734,AUTOMOTIVE_ENGINEERING
PUB_002735,OCEAN_ENGINEERING
PUB_002736,COMPUTATIONAL_MECHANICS
PUB_002737,CIVIL_AND_STRUCTURAL_ENGINEERING
PUB_002738,BIOMEDICAL_ENGINEERING
PUB_002739,MECHANICS_OF_MATERIALS
PUB_002740,DISCRETE_MATHEMATICS_AND_COMBINATORICS
PUB_002741,ELECTRICAL_AND_ELECTRONIC_ENGINEERING
PUB_002742,ASTRONOMY_AND_ASTROPHYSICS
PUB_002743,MATERIALS_CHEMISTRY
PUB_002744,MECHANICAL_ENGINEERING
PUB_002745,MATERIALS_CHEMISTRY
PUB_002746,ASTRONOMY_AND_ASTROPHYSICS
PUB_002747,CONTROL_AND_SYSTEMS_ENGINEERING
PUB_002748,MATERIALS_CHEMISTRY
PUB_002749,MEDIA_TECHNOLOGY
PUB_002750,MEDIA_TECHNOLOGY
PUB_002751,ELECTRONIC_OPTICAL_AND_MAGNETIC_MATERIALS
PUB_002752,ELECTRICAL_AND_ELECTRONIC_ENGINEERING
PUB_002753,BIOMEDICAL_ENGINEERING
PUB_002754,MATERIALS_CHEMISTRY
PUB_002755,HARDWARE_AND_ARCHITECTURE
PUB_002756,MATERIALS_CHEMISTRY
PUB_002757,MATERIALS_CHEMISTRY
PUB_002758,STATISTICAL_AND_NONLINEAR_PHYSICS
PUB_002759,CIVIL_AND_STRUCTURAL_ENGINEERING
PUB_002760,MATERIALS_CHEMISTRY
PUB_002761,ATOMIC_AND_MOLECULAR_PHYSICS_AND_OPTICS
PUB_002762,POLYMERS_AND_PLASTICS
PUB_002763,CIVIL_AND_STRUCTURAL_ENGINEERING
PUB_002764,MATERIALS_CHEMISTRY
PUB_002765,MATERIALS_CHEMISTRY
PUB_002766,MATERIALS_CHEMISTRY
PUB_002767,COMPUTER_VISION_AND_PATTERN_RECOGNITION
PUB_002768,CONDENSED_MATTER_PHYSICS
PUB_002769,ATOMIC_AND_MOLECULAR_PHYSICS_AND_OPTICS
PUB_002770,MATERIALS_CHEMISTRY
PUB_002771,MATERIALS_CHEMISTRY
PUB_002772,MATERIALS_CHEMISTRY
PUB_002773,MATERIALS_CHEMISTRY
PUB_002774,MATERIALS_CHEMISTRY
PUB_002775,CONDENSED_MATTER_PHYSICS
PUB_002776,CONTROL_AND_SYSTEMS_ENGINEERING
PUB_002777,SOFTWARE
PUB_002778,MATERIALS_CHEMISTRY
PUB_002779,ASTRONOMY_AND_ASTROPHYSICS
PUB_002780,ELECTRONIC_OPTICAL_AND_MAGNETIC_MATERIALS
PUB_002781,ARTIFICIAL_INTELLIGENCE
PUB_002782,ELECTRONIC_OPTICAL_AND_MAGNETIC_MATERIALS
PUB_002783,ELECTRONIC_OPTICAL_AND_MAGNETIC_MATERIALS
PUB_002784,COMPUTATIONAL_MECHANICS
PUB_002785,ELECTRONIC_OPTICAL_AND_MAGNETIC_MATERIALS
PUB_002786,CONTROL_AND_SYSTEMS_ENGINEERING
PUB_002787,MATERIALS_CHEMISTRY
PUB_002788,ELECTRONIC_OPTICAL_AND_MAGNETIC_MATERIALS
PUB_002789,BIOMEDICAL_ENGINEERING
PUB_002790,ALGEBRA_AND_NUMBER_THEORY
PUB_002791,ELECTRICAL_AND_ELECTRONIC_ENGINEERING
PUB_002792,OCEAN_ENGINEERING
PUB_002793,MATERIALS_CHEMISTRY
PUB_002794,AEROSPACE_ENGINEERING
PUB_002795,ARTIFICIAL_INTELLIGENCE
PUB_002796,ELECTRICAL_AND_ELECTRONIC_ENGINEERING
PUB_002797,ELECTRICAL_AND_ELECTRONIC_ENGINEERING
PUB_002798,BIOMEDICAL_ENGINEERING
PUB_002799,INDUSTRIAL_AND_MANUFACTURING_ENGINEERING
PUB_002800,MATERIALS_CHEMISTRY
PUB_002801,BIOMEDICAL_ENGINEERING
PUB_002802,MECHANICS_OF_MATERIALS
PUB_002803,INDUSTRIAL_AND_MANUFACTURING_ENGINEERING
PUB_002804,ELECTRICAL_AND_ELECTRONIC_ENGINEERING
PUB_002805,CIVIL_AND_STRUCTURAL_ENGINEERING
PUB_002806,COMPUTATIONAL_THEORY_AND_MATHEMATICS
PUB_002807,STATISTICAL_AND_NONLINEAR_PHYSICS
PUB_002808,ATOMIC_AND_MOLECULAR_PHYSICS_AND_OPTICS
PUB_002809,BIOMEDICAL_ENGINEERING
PUB_002810,MATERIALS_CHEMISTRY
PUB_002811,MATERIALS_CHEMISTRY
PUB_002812,AEROSPACE_ENGINEERING
PUB_002813,CIVIL_AND_STRUCTURAL_ENGINEERING
PUB_002814,ELECTRICAL_AND_ELECTRONIC_ENGINEERING
PUB_002815,ASTRONOMY_AND_ASTROPHYSICS
PUB_002816,MECHANICAL_ENGINEERING
PUB_002817,ELECTRICAL_AND_ELECTRONIC_ENGINEERING
PUB_002818,CERAMICS_AND_COMPOSITES
PUB_002819,ELECTRICAL_AND_ELECTRONIC_ENGINEERING
PUB_002820,ELECTRICAL_AND_ELECTRONIC_ENGINEERING
PUB_002821,ELECTRONIC_OPTICAL_AND_MAGNETIC_MATERIALS
PUB_002822,CONDENSED_MATTER_PHYSICS
PUB_002823,ELECTRICAL_AND_ELECTRONIC_ENGINEERING
PUB_002824,CIVIL_AND_STRUCTURAL_ENGINEERING
PUB_002825,ATOMIC_AND_MOLECULAR_PHYSICS_AND_OPTICS
PUB_002826,INDUSTRIAL_AND_MANUFACTURING_ENGINEERING
PUB_002827,ELECTRICAL_AND_ELECTRONIC_ENGINEERING
PUB_002828,STATISTICAL_AND_NONLINEAR_PHYSICS
PUB_002829,ARTIFICIAL_INTELLIGENCE
PUB_002830,BIOMEDICAL_ENGINEERING
PUB_002831,ARTIFICIAL_INTELLIGENCE
PUB_002832,ELECTRICAL_AND_ELECTRONIC_ENGINEERING
PUB_002833,CONDENSED_MATTER_PHYSICS
PUB_002834,CONTROL_AND_SYSTEMS_ENGINEERING
PUB_002835,COMPUTER_SCIENCE_APPLICATIONS
PUB_002836,CONDENSED_MATTER_PHYSICS
PUB_002837,CIVIL_AND_STRUCTURAL_ENGINEERING
PUB_002838,ARTIFICIAL_INTELLIGENCE
PUB_002839,BUILDING_AND_CONSTRUCTION
PUB_002840,BIOMEDICAL_ENGINEERING
PUB_002841,ELECTRICAL_AND_ELECTRONIC_ENGINEERING
PUB_002842,BIOMEDICAL_ENGINEERING
PUB_002843,ATOMIC_AND_MOLECULAR_PHYSICS_AND_OPTICS
PUB_002844,ATOMIC_AND_MOLECULAR_PHYSICS_AND_OPTICS
PUB_002845,CIVIL_AND_STRUCTURAL_ENGINEERING
PUB_002846,ELECTRICAL_AND_ELECTRONIC_ENGINEERING
PUB_002847,MATERIALS_CHEMISTRY
PUB_002848,ELECTRICAL_AND_ELECTRONIC_ENGINEERING
PUB_002849,MATERIALS_CHEMISTRY
PUB_002850,MATERIALS_CHEMISTRY
PUB_002851,ASTRONOMY_AND_ASTROPHYSICS
PUB_002852,MECHANICAL_ENGINEERING
PUB_002853,ARTIFICIAL_INTELLIGENCE
PUB_002854,MECHANICAL_ENGINEERING
PUB_002855,MATERIALS_CHEMISTRY
PUB_002856,CONTROL_AND_SYSTEMS_ENGINEERING
PUB_002857,ELECTRICAL_AND_ELECTRONIC_ENGINEERING
PUB_002858,ELECTRICAL_AND_ELECTRONIC_ENGINEERING
PUB_002859,BIOMEDICAL_ENGINEERING
PUB_002860,MATERIALS_CHEMISTRY
PUB_002861,CIVIL_AND_STRUCTURAL_ENGINEERING
PUB_002862,AEROSPACE_ENGINEERING
PUB_002863,ARTIFICIAL_INTELLIGENCE
PUB_002864,COMPUTATIONAL_MECHANICS
PUB_002865,BUILDING_AND_CONSTRUCTION
PUB_002866,ARTIFICIAL_INTELLIGENCE
PUB_002867,MECHANICAL_ENGINEERING
PUB_002868,MATERIALS_CHEMISTRY
PUB_002869,MATERIALS_CHEMISTRY
PUB_002870,COMPUTER_NETWORKS_AND_COMMUNICATIONS
PUB_002871,BIOMEDICAL_ENGINEERING
PUB_002872,MECHANICAL_ENGINEERING
PUB_002873,ELECTRICAL_AND_ELECTRONIC_ENGINEERING
PUB_002874,MATERIALS_CHEMISTRY
PUB_002875,MECHANICS_OF_MATERIALS
PUB_002876,ELECTRONIC_OPTICAL_AND_MAGNETIC_MATERIALS
PUB_002877,HARDWARE_AND_ARCHITECTURE
PUB_002878,APPLIED_MATHEMATICS
PUB_002879,COMPUTATIONAL_MECHANICS
PUB_002880,COMPUTATIONAL_MECHANICS
PUB_002881,COMPUTATIONAL_MECHANICS
PUB_002882,MECHANICAL_ENGINEERING
PUB_002883,COMPUTER_VISION_AND_PATTERN_RECOGNITION
PUB_002884,CIVIL_AND_STRUCTURAL_ENGINEERING
PUB_002885,CIVIL_AND_STRUCTURAL_ENGINEERING
PUB_002886,BIOMEDICAL_ENGINEERING
PUB_002887,CIVIL_AND_STRUCTURAL_ENGINEERING
PUB_002888,ELECTRICAL_AND_ELECTRONIC_ENGINEERING
PUB_002889,MECHANICS_OF_MATERIALS
PUB_002890,MECHANICAL_ENGINEERING
PUB_002891,MATERIALS_CHEMISTRY
PUB_002892,CIVIL_AND_STRUCTURAL_ENGINEERING
PUB_002893,ELECTRICAL_AND_ELECTRONIC_ENGINEERING
PUB_002894,ELECTRICAL_AND_ELECTRONIC_ENGINEERING
PUB_002895,ELECTRONIC_OPTICAL_AND_MAGNETIC_MATERIALS
PUB_002896,COMPUTER_NETWORKS_AND_COMMUNICATIONS
PUB_002897,ELECTRONIC_OPTICAL_AND_MAGNETIC_MATERIALS
PUB_002898,ELECTRICAL_AND_ELECTRONIC_ENGINEERING
PUB_002899,ASTRONOMY_AND_ASTROPHYSICS
PUB_002900,MECHANICAL_ENGINEERING
PUB_002901,ELECTRICAL_AND_ELECTRONIC_ENGINEERING
PUB_002902,CERAMICS_AND_COMPOSITES
PUB_002903,MECHANICS_OF_MATERIALS
PUB_002904,STATISTICS_AND_PROBABILITY
PUB_002905,ELECTRICAL_AND_ELECTRONIC_ENGINEERING
PUB_002906,ELECTRICAL_AND_ELECTRONIC_ENGINEERING
PUB_002907,SAFETY_RISK_RELIABILITY_AND_QUALITY
PUB_002908,COMPUTER_VISION_AND_PATTERN_RECOGNITION
PUB_002909,CONDENSED_MATTER_PHYSICS
PUB_002910,ELECTRICAL_AND_ELECTRONIC_ENGINEERING
PUB_002911,ELECTRICAL_AND_ELECTRONIC_ENGINEERING
PUB_002912,COMPUTATIONAL_MECHANICS
PUB_002913,BUILDING_AND_CONSTRUCTION
PUB_002914,AEROSPACE_ENGINEERING
PUB_002915,COMPUTATIONAL_MECHANICS
PUB_002916,ELECTRONIC_OPTICAL_AND_MAGNETIC_MATERIALS
PUB_002917,ELECTRICAL_AND_ELECTRONIC_ENGINEERING
PUB_002918,COMPUTER_VISION_AND_PATTERN_RECOGNITION
PUB_002919,ARTIFICIAL_INTELLIGENCE
PUB_002920,POLYMERS_AND_PLASTICS
PUB_002921,ARTIFICIAL_INTELLIGENCE
PUB_002922,BUILDING_AND_CONSTRUCTION
PUB_002923,MATERIALS_CHEMISTRY
PUB_002924,AEROSPACE_ENGINEERING
PUB_002925,MECHANICAL_ENGINEERING
PUB_002926,MATERIALS_CHEMISTRY
PUB_002927,OCEAN_ENGINEERING
PUB_002928,COMPUTER_NETWORKS_AND_COMMUNICATIONS
PUB_002929,BIOMEDICAL_ENGINEERING
PUB_002930,MATERIALS_CHEMISTRY
PUB_002931,ATOMIC_AND_MOLECULAR_PHYSICS_AND_OPTICS
PUB_002932,ELECTRICAL_AND_ELECTRONIC_ENGINEERING
PUB_002933,CONTROL_AND_SYSTEMS_ENGINEERING
PUB_002934,ARTIFICIAL_INTELLIGENCE
PUB_002935,COMPUTATIONAL_MECHANICS
PUB_002936,ELECTRICAL_AND_ELECTRONIC_ENGINEERING
PUB_002937,COMPUTER_VISION_AND_PATTERN_RECOGNITION
PUB_002938,MECHANICS_OF_MATERIALS
PUB_002939,CONDENSED_MATTER_PHYSICS
PUB_002940,ELECTRONIC_OPTICAL_AND_MAGNETIC_MATERIALS
PUB_002941,MECHANICAL_ENGINEERING
PUB_002942,ELECTRICAL_AND_ELECTRONIC_ENGINEERING
PUB_002943,ATOMIC_AND_MOLECULAR_PHYSICS_AND_OPTICS
PUB_002944,MATERIALS_CHEMISTRY
PUB_002945,COMPUTATIONAL_MECHANICS
PUB_002946,MATERIALS_CHEMISTRY
PUB_002947,MATERIALS_CHEMISTRY
PUB_002948,ELECTRICAL_AND_ELECTRONIC_ENGINEERING
PUB_002949,ELECTRICAL_AND_ELECTRONIC_ENGINEERING
PUB_002950,MEDIA_TECHNOLOGY
PUB_002951,HUMANCOMPUTER_INTERACTION
PUB_002952,MATERIALS_CHEMISTRY
PUB_002953,ARTIFICIAL_INTELLIGENCE
PUB_002954,CIVIL_AND_STRUCTURAL_ENGINEERING
PUB_002955,ELECTRICAL_AND_ELECTRONIC_ENGINEERING
PUB_002956,CONTROL_AND_SYSTEMS_ENGINEERING
PUB_002957,MECHANICAL_ENGINEERING
PUB_002958,ARTIFICIAL_INTELLIGENCE
PUB_002959,ARTIFICIAL_INTELLIGENCE
PUB_002960,COMPUTER_VISION_AND_PATTERN_RECOGNITION
PUB_002961,MATERIALS_CHEMISTRY
PUB_002962,ELECTRICAL_AND_ELECTRONIC_ENGINEERING
PUB_002963,SIGNAL_PROCESSING
PUB_002964,COMPUTER_NETWORKS_AND_COMMUNICATIONS
PUB_002965,MECHANICS_OF_MATERIALS
PUB_002966,OCEAN_ENGINEERING
PUB_002967,ELECTRICAL_AND_ELECTRONIC_ENGINEERING
PUB_002968,MATERIALS_CHEMISTRY
PUB_002969,ELECTRICAL_AND_ELECTRONIC_ENGINEERING
PUB_002970,HARDWARE_AND_ARCHITECTURE
PUB_002971,SAFETY_RISK_RELIABILITY_AND_QUALITY
PUB_002972,BIOMEDICAL_ENGINEERING
PUB_002973,INSTRUMENTATION
PUB_002974,ELECTRICAL_AND_ELECTRONIC_ENGINEERING
PUB_002975,ASTRONOMY_AND_ASTROPHYSICS
PUB_002976,BIOMEDICAL_ENGINEERING
PUB_002977,COMPUTER_NETWORKS_AND_COMMUNICATIONS
PUB_002978,ARTIFICIAL_INTELLIGENCE
PUB_002979,CONDENSED_MATTER_PHYSICS
PUB_002980,ASTRONOMY_AND_ASTROPHYSICS
PUB_002981,CONTROL_AND_SYSTEMS_ENGINEERING
PUB_002982,ARTIFICIAL_INTELLIGENCE
PUB_002983,ELECTRICAL_AND_ELECTRONIC_ENGINEERING
PUB_002984,BIOMEDICAL_ENGINEERING
PUB_002985,MECHANICS_OF_MATERIALS
PUB_002986,COMPUTER_NETWORKS_AND_COMMUNICATIONS
PUB_002987,MECHANICS_OF_MATERIALS
PUB_002988,CONDENSED_MATTER_PHYSICS
PUB_002989,MATERIALS_CHEMISTRY
PUB_002990,MECHANICS_OF_MATERIALS
PUB_002991,SAFETY_RISK_RELIABILITY_AND_QUALITY
PUB_002992,HUMANCOMPUTER_INTERACTION
PUB_002993,BIOMEDICAL_ENGINEERING
PUB_002994,MATERIALS_CHEMISTRY
PUB_002995,POLYMERS_AND_PLASTICS
PUB_002996,BIOMEDICAL_ENGINEERING
PUB_002997,ATOMIC_AND_MOLECULAR_PHYSICS_AND_OPTICS
PUB_002998,COMPUTATIONAL_THEORY_AND_MATHEMATICS
PUB_002999,ELECTRONIC_OPTICAL_AND_MAGNETIC_MATERIALS
PUB_003000,ELECTRICAL_AND_ELECTRONIC_ENGINEERING
PUB_003001,ELECTRICAL_AND_ELECTRONIC_ENGINEERING
PUB_003002,ARTIFICIAL_INTELLIGENCE
PUB_003003,ELECTRONIC_OPTICAL_AND_MAGNETIC_MATERIALS
PUB_003004,MATERIALS_CHEMISTRY
PUB_003005,MECHANICAL_ENGINEERING
PUB_003006,ATOMIC_AND_MOLECULAR_PHYSICS_AND_OPTICS
PUB_003007,ELECTRICAL_AND_ELECTRONIC_ENGINEERING
PUB_003008,ELECTRICAL_AND_ELECTRONIC_ENGINEERING
PUB_003009,HARDWARE_AND_ARCHITECTURE
PUB_003010,MECHANICAL_ENGINEERING
PUB_003011,BIOMEDICAL_ENGINEERING
PUB_003012,MATERIALS_CHEMISTRY
PUB_003013,BIOMEDICAL_ENGINEERING
PUB_003014,MATERIALS_CHEMISTRY
PUB_003015,MATERIALS_CHEMISTRY
PUB_003016,AEROSPACE_ENGINEERING
PUB_003017,COMPUTER_NETWORKS_AND_COMMUNICATIONS
PUB_003018,ATOMIC_AND_MOLECULAR_PHYSICS_AND_OPTICS
PUB_003019,ELECTRICAL_AND_ELECTRONIC_ENGINEERING
PUB_003020,OCEAN_ENGINEERING
PUB_003021,MATERIALS_CHEMISTRY
PUB_003022,BUILDING_AND_CONSTRUCTION
PUB_003023,MATERIALS_CHEMISTRY
PUB_003024,CONDENSED_MATTER_PHYSICS
PUB_003025,MECHANICS_OF_MATERIALS
PUB_003026,ELECTRICAL_AND_ELECTRONIC_ENGINEERING
PUB_003027,MATERIALS_CHEMISTRY
PUB_003028,CONDENSED_MATTER_PHYSICS
PUB_003029,COMPUTATIONAL_THEORY_AND_MATHEMATICS
PUB_003030,CIVIL_AND_STRUCTURAL_ENGINEERING
PUB_003031,MATERIALS_CHEMISTRY
PUB_003032,ARTIFICIAL_INTELLIGENCE
PUB_003033,MECHANICAL_ENGINEERING
PUB_003034,MEDIA_TECHNOLOGY
PUB_003035,MATERIALS_CHEMISTRY
PUB_003036,ELECTRICAL_AND_ELECTRONIC_ENGINEERING
PUB_003037,BIOMATERIALS
PUB_003038,ARTIFICIAL_INTELLIGENCE
PUB_003039,COMPUTER_VISION_AND_PATTERN_RECOGNITION
PUB_003040,AUTOMOTIVE_ENGINEERING
PUB_003041,MATERIALS_CHEMISTRY
PUB_003042,ELECTRONIC_OPTICAL_AND_MAGNETIC_MATERIALS
PUB_003043,ARTIFICIAL_INTELLIGENCE
PUB_003044,INFORMATION_SYSTEMS
PUB_003045,ELECTRICAL_AND_ELECTRONIC_ENGINEERING
PUB_003046,COMPUTER_VISION_AND_PATTERN_RECOGNITION
PUB_003047,MATERIALS_CHEMISTRY
PUB_003048,MATERIALS_CHEMISTRY
PUB_003049,MATERIALS_CHEMISTRY
PUB_003050,BIOMEDICAL_ENGINEERING
PUB_003051,MATERIALS_CHEMISTRY
PUB_003052,ELECTRICAL_AND_ELECTRONIC_ENGINEERING
PUB_003053,COMPUTER_VISION_AND_PATTERN_RECOGNITION
PUB_003054,CONTROL_AND_SYSTEMS_ENGINEERING
PUB_003055,COMPUTER_NETWORKS_AND_COMMUNICATIONS
PUB_003056,ELECTRICAL_AND_ELECTRONIC_ENGINEERING
PUB_003057,MECHANICAL_ENGINEERING
PUB_003058,MECHANICS_OF_MATERIALS
PUB_003059,MECHANICAL_ENGINEERING
PUB_003060,ARTIFICIAL_INTELLIGENCE
PUB_003061,MECHANICS_OF_MATERIALS
PUB_003062,ELECTRICAL_AND_ELECTRONIC_ENGINEERING
PUB_003063,ARTIFICIAL_INTELLIGENCE
PUB_003064,ELECTRICAL_AND_ELECTRONIC_ENGINEERING
PUB_003065,MECHANICAL_ENGINEERING
PUB_003066,ELECTRONIC_OPTICAL_AND_MAGNETIC_MATERIALS
PUB_003067,COMPUTER_VISION_AND_PATTERN_RECOGNITION
PUB_003068,MATERIALS_CHEMISTRY
PUB_003069,ELECTRICAL_AND_ELECTRONIC_ENGINEERING
PUB_003070,AUTOMOTIVE_ENGINEERING
PUB_003071,ELECTRICAL_AND_ELECTRONIC_ENGINEERING
PUB_003072,BIOMEDICAL_ENGINEERING
PUB_003073,MATERIALS_CHEMISTRY
PUB_003074,CONDENSED_MATTER_PHYSICS
PUB_003075,BIOMEDICAL_ENGINEERING
PUB_003076,ELECTRONIC_OPTICAL_AND_MAGNETIC_MATERIALS
PUB_003077,MATERIALS_CHEMISTRY
PUB_003078,ELECTRICAL_AND_ELECTRONIC_ENGINEERING
PUB_003079,INDUSTRIAL_AND_MANUFACTURING_ENGINEERING
PUB_003080,ELECTRICAL_AND_ELECTRONIC_ENGINEERING
PUB_003081,MODELING_AND_SIMULATION
PUB_003082,MECHANICS_OF_MATERIALS
PUB_003083,ELECTRICAL_AND_ELECTRONIC_ENGINEERING
PUB_003084,OCEAN_ENGINEERING
PUB_003085,MATHEMATICAL_PHYSICS
PUB_003086,AEROSPACE_ENGINEERING
PUB_003087,CIVIL_AND_STRUCTURAL_ENGINEERING
PUB_003088,ELECTRICAL_AND_ELECTRONIC_ENGINEERING
PUB_003089,MATERIALS_CHEMISTRY
PUB_003090,AEROSPACE_ENGINEERING
PUB_003091,BIOMEDICAL_ENGINEERING
PUB_003092,ELECTRICAL_AND_ELECTRONIC_ENGINEERING
PUB_003093,BUILDING_AND_CONSTRUCTION
PUB_003094,ELECTRICAL_AND_ELECTRONIC_ENGINEERING
PUB_003095,MECHANICAL_ENGINEERING
PUB_003096,ELECTRICAL_AND_ELECTRONIC_ENGINEERING
PUB_003097,ELECTRONIC_OPTICAL_AND_MAGNETIC_MATERIALS
PUB_003098,COMPUTATIONAL_THEORY_AND_MATHEMATICS
PUB_003099,CIVIL_AND_STRUCTURAL_ENGINEERING
PUB_003100,COMPUTER_NETWORKS_AND_COMMUNICATIONS
PUB_003101,CONDENSED_MATTER_PHYSICS
PUB_003102,MATERIALS_CHEMISTRY
PUB_003103,COMPUTATIONAL_THEORY_AND_MATHEMATICS
PUB_003104,ELECTRICAL_AND_ELECTRONIC_ENGINEERING
PUB_003105,INDUSTRIAL_AND_MANUFACTURING_ENGINEERING
PUB_003106,COMPUTER_VISION_AND_PATTERN_RECOGNITION
PUB_003107,RADIATION
PUB_003108,BIOMEDICAL_ENGINEERING
PUB_003109,AEROSPACE_ENGINEERING
PUB_003110,ELECTRICAL_AND_ELECTRONIC_ENGINEERING
PUB_003111,ARTIFICIAL_INTELLIGENCE
PUB_003112,CIVIL_AND_STRUCTURAL_ENGINEERING
PUB_003113,CIVIL_AND_STRUCTURAL_ENGINEERING
PUB_003114,MECHANICAL_ENGINEERING
PUB_003115,ARTIFICIAL_INTELLIGENCE
PUB_003116,ELECTRICAL_AND_ELECTRONIC_ENGINEERING
PUB_003117,MATERIALS_CHEMISTRY
PUB_003118,AEROSPACE_ENGINEERING
PUB_003119,CONDENSED_MATTER_PHYSICS
PUB_003120,DISCRETE_MATHEMATICS_AND_COMBINATORICS
PUB_003121,BIOMEDICAL_ENGINEERING
PUB_003122,ELECTRICAL_AND_ELECTRONIC_ENGINEERING
PUB_003123,ELECTRICAL_AND_ELECTRONIC_ENGINEERING
PUB_003124,MATERIALS_CHEMISTRY
PUB_003125,MATERIALS_CHEMISTRY
PUB_003126,ASTRONOMY_AND_ASTROPHYSICS
PUB_003127,ELECTRICAL_AND_ELECTRONIC_ENGINEERING
PUB_003128,COMPUTATIONAL_MECHANICS
PUB_003129,MECHANICAL_ENGINEERING
PUB_003130,ELECTRICAL_AND_ELECTRONIC_ENGINEERING
PUB_003131,AEROSPACE_ENGINEERING
PUB_003132,ARTIFICIAL_INTELLIGENCE
PUB_003133,APPLIED_MATHEMATICS
PUB_003134,COMPUTER_VISION_AND_PATTERN_RECOGNITION
PUB_003135,ELECTRICAL_AND_ELECTRONIC_ENGINEERING
PUB_003136,MECHANICAL_ENGINEERING
PUB_003137,MATERIALS_CHEMISTRY
PUB_003138,ELECTRONIC_OPTICAL_AND_MAGNETIC_MATERIALS
PUB_003139,MATERIALS_CHEMISTRY
PUB_003140,BIOMEDICAL_ENGINEERING
PUB_003141,ELECTRICAL_AND_ELECTRONIC_ENGINEERING
PUB_003142,MATERIALS_CHEMISTRY
PUB_003143,ELECTRICAL_AND_ELECTRONIC_ENGINEERING
PUB_003144,ELECTRICAL_AND_ELECTRONIC_ENGINEERING
PUB_003145,AEROSPACE_ENGINEERING
PUB_003146,COMPUTER_NETWORKS_AND_COMMUNICATIONS
PUB_003147,CIVIL_AND_STRUCTURAL_ENGINEERING
PUB_003148,ATOMIC_AND_MOLECULAR_PHYSICS_AND_OPTICS
PUB_003149,COMPUTATIONAL_MECHANICS
PUB_003150,SIGNAL_PROCESSING
PUB_003151,ELECTRICAL_AND_ELECTRONIC_ENGINEERING
PUB_003152,MATERIALS_CHEMISTRY
PUB_003153,MATERIALS_CHEMISTRY
PUB_003154,ARTIFICIAL_INTELLIGENCE
PUB_003155,COMPUTER_VISION_AND_PATTERN_RECOGNITION
PUB_003156,COMPUTER_VISION_AND_PATTERN_RECOGNITION
PUB_003157,COMPUTATIONAL_THEORY_AND_MATHEMATICS
PUB_003158,COMPUTATIONAL_THEORY_AND_MATHEMATICS
PUB_003159,ASTRONOMY_AND_ASTROPHYSICS
PUB_003160,ATOMIC_AND_MOLECULAR_PHYSICS_AND_OPTICS
PUB_003161,ELECTRICAL_AND_ELECTRONIC_ENGINEERING
PUB_003162,ELECTRICAL_AND_ELECTRONIC_ENGINEERING
PUB_003163,INDUSTRIAL_AND_MANUFACTURING_ENGINEERING
PUB_003164,BIOMEDICAL_ENGINEERING
PUB_003165,MATERIALS_CHEMISTRY
PUB_003166,CONDENSED_MATTER_PHYSICS
PUB_003167,MATERIALS_CHEMISTRY
PUB_003168,COMPUTATIONAL_MECHANICS
PUB_003169,INFORMATION_SYSTEMS
PUB_003170,ARTIFICIAL_INTELLIGENCE
PUB_003171,ELECTRICAL_AND_ELECTRONIC_ENGINEERING
PUB_003172,MATERIALS_CHEMISTRY
PUB_003173,ELECTRICAL_AND_ELECTRONIC_ENGINEERING
PUB_003174,MECHANICS_OF_MATERIALS
PUB_003175,CIVIL_AND_STRUCTURAL_ENGINEERING
PUB_003176,MATERIALS_CHEMISTRY
PUB_003177,COMPUTER_VISION_AND_PATTERN_RECOGNITION
PUB_003178,MATERIALS_CHEMISTRY
PUB_003179,MATERIALS_CHEMISTRY
PUB_003180,AEROSPACE_ENGINEERING
PUB_003181,MEDIA_TECHNOLOGY
PUB_003182,MECHANICS_OF_MATERIALS
PUB_003183,ATOMIC_AND_MOLECULAR_PHYSICS_AND_OPTICS
PUB_003184,POLYMERS_AND_PLASTICS
PUB_003185,MATERIALS_CHEMISTRY
PUB_003186,ATOMIC_AND_MOLECULAR_PHYSICS_AND_OPTICS
PUB_003187,ARTIFICIAL_INTELLIGENCE
PUB_003188,COMPUTATIONAL_THEORY_AND_MATHEMATICS
PUB_003189,ARTIFICIAL_INTELLIGENCE
PUB_003190,ELECTRICAL_AND_ELECTRONIC_ENGINEERING
PUB_003191,MATERIALS_CHEMISTRY
PUB_003192,CONTROL_AND_SYSTEMS_ENGINEERING
PUB_003193,ELECTRONIC_OPTICAL_AND_MAGNETIC_MATERIALS
PUB_003194,MATERIALS_CHEMISTRY
PUB_003195,ELECTRICAL_AND_ELECTRONIC_ENGINEERING
PUB_003196,ATOMIC_AND_MOLECULAR_PHYSICS_AND_OPTICS
PUB_003197,AEROSPACE_ENGINEERING
PUB_003198,BIOMEDICAL_ENGINEERING
PUB_003199,ELECTRICAL_AND_ELECTRONIC_ENGINEERING
PUB_003200,COMPUTER_VISION_AND_PATTERN_RECOGNITION
PUB_003201,COMPUTER_NETWORKS_AND_COMMUNICATIONS
PUB_003202,ELECTRICAL_AND_ELECTRONIC_ENGINEERING
PUB_003203,COMPUTATIONAL_MECHANICS
PUB_003204,ATOMIC_AND_MOLECULAR_PHYSICS_AND_OPTICS
PUB_003205,COMPUTATIONAL_THEORY_AND_MATHEMATICS
PUB_003206,MATERIALS_CHEMISTRY
PUB_003207,DISCRETE_MATHEMATICS_AND_COMBINATORICS
PUB_003208,MATHEMATICAL_PHYSICS
PUB_003209,COMPUTATIONAL_MECHANICS
PUB_003210,CONDENSED_MATTER_PHYSICS
PUB_003211,COMPUTATIONAL_MECHANICS
PUB_003212,MATERIALS_CHEMISTRY
PUB_003213,ELECTRICAL_AND_ELECTRONIC_ENGINEERING
PUB_003214,ATOMIC_AND_MOLECULAR_PHYSICS_AND_OPTICS
PUB_003215,CONTROL_AND_SYSTEMS_ENGINEERING
PUB_003216,ARTIFICIAL_INTELLIGENCE
PUB_003217,ELECTRICAL_AND_ELECTRONIC_ENGINEERING
PUB_003218,COMPUTER_NETWORKS_AND_COMMUNICATIONS
PUB_003219,BIOMEDICAL_ENGINEERING
PUB_003220,ELECTRICAL_AND_ELECTRONIC_ENGINEERING
PUB_003221,HARDWARE_AND_ARCHITECTURE
PUB_003222,ELECTRICAL_AND_ELECTRONIC_ENGINEERING
PUB_003223,MATERIALS_CHEMISTRY
PUB_003224,MATERIALS_CHEMISTRY
PUB_003225,MATERIALS_CHEMISTRY
PUB_003226,COMPUTATIONAL_THEORY_AND_MATHEMATICS
PUB_003227,MECHANICS_OF_MATERIALS
PUB_003228,ASTRONOMY_AND_ASTROPHYSICS
PUB_003229,MATHEMATICAL_PHYSICS
PUB_003230,GEOMETRY_AND_TOPOLOGY
PUB_003231,ATOMIC_AND_MOLECULAR_PHYSICS_AND_OPTICS
PUB_003232,APPLIED_MATHEMATICS
PUB_003233,ATOMIC_AND_MOLECULAR_PHYSICS_AND_OPTICS
PUB_003234,MATERIALS_CHEMISTRY
PUB_003235,BIOMEDICAL_ENGINEERING
PUB_003236,COMPUTER_VISION_AND_PATTERN_RECOGNITION
PUB_003237,CIVIL_AND_STRUCTURAL_ENGINEERING
PUB_003238,POLYMERS_AND_PLASTICS
PUB_003239,MATERIALS_CHEMISTRY
PUB_003240,MATERIALS_CHEMISTRY
PUB_003241,COMPUTER_VISION_AND_PATTERN_RECOGNITION
PUB_003242,ELECTRICAL_AND_ELECTRONIC_ENGINEERING
PUB_003243,BIOMEDICAL_ENGINEERING
PUB_003244,ELECTRICAL_AND_ELECTRONIC_ENGINEERING
PUB_003245,ELECTRICAL_AND_ELECTRONIC_ENGINEERING
PUB_003246,BIOMEDICAL_ENGINEERING
PUB_003247,COMPUTER_VISION_AND_PATTERN_RECOGNITION
PUB_003248,ELECTRICAL_AND_ELECTRONIC_ENGINEERING
PUB_003249,MATERIALS_CHEMISTRY
PUB_003250,COMPUTER_VISION_AND_PATTERN_RECOGNITION
PUB_003251,BIOMEDICAL_ENGINEERING
PUB_003252,ELECTRICAL_AND_ELECTRONIC_ENGINEERING
PUB_003253,MATHEMATICAL_PHYSICS
PUB_003254,MECHANICAL_ENGINEERING
PUB_003255,ELECTRICAL_AND_ELECTRONIC_ENGINEERING
PUB_003256,CONDENSED_MATTER_PHYSICS
PUB_003257,CONDENSED_MATTER_PHYSICS
PUB_003258,ATOMIC_AND_MOLECULAR_PHYSICS_AND_OPTICS
PUB_003259,STATISTICS_AND_PROBABILITY
PUB_003260,HARDWARE_AND_ARCHITECTURE
PUB_003261,MECHANICS_OF_MATERIALS
PUB_003262,ELECTRICAL_AND_ELECTRONIC_ENGINEERING
PUB_003263,ELECTRICAL_AND_ELECTRONIC_ENGINEERING
PUB_003264,CONTROL_AND_SYSTEMS_ENGINEERING
PUB_003265,COMPUTATIONAL_THEORY_AND_MATHEMATICS
PUB_003266,POLYMERS_AND_PLASTICS
PUB_003267,ELECTRICAL_AND_ELECTRONIC_ENGINEERING
PUB_003268,COMPUTATIONAL_MECHANICS
PUB_003269,ELECTRICAL_AND_ELECTRONIC_ENGINEERING
PUB_003270,ELECTRICAL_AND_ELECTRONIC_ENGINEERING
PUB_003271,APPLIED_MATHEMATICS
PUB_003272,COMPUTATIONAL_MATHEMATICS
PUB_003273,ELECTRICAL_AND_ELECTRONIC_ENGINEERING
PUB_003274,ATOMIC_AND_MOLECULAR_PHYSICS_AND_OPTICS
PUB_003275,BIOMEDICAL_ENGINEERING
PUB_003276,MATERIALS_CHEMISTRY
PUB_003277,ELECTRICAL_AND_ELECTRONIC_ENGINEERING
PUB_003278,MATERIALS_CHEMISTRY
PUB_003279,ELECTRICAL_AND_ELECTRONIC_ENGINEERING
PUB_003280,ELECTRICAL_AND_ELECTRONIC_ENGINEERING
PUB_003281,CIVIL_AND_STRUCTURAL_ENGINEERING
PUB_003282,MATERIALS_CHEMISTRY
PUB_003283,ELECTRICAL_AND_ELECTRONIC_ENGINEERING
PUB_003284,POLYMERS_AND_PLASTICS
PUB_003285,COMPUTER_NETWORKS_AND_COMMUNICATIONS
PUB_003286,SAFETY_RISK_RELIABILITY_AND_QUALITY
PUB_003287,NUMERICAL_ANALYSIS
PUB_003288,MATERIALS_CHEMISTRY
PUB_003289,ELECTRICAL_AND_ELECTRONIC_ENGINEERING
PUB_003290,OCEAN_ENGINEERING
PUB_003291,INFORMATION_SYSTEMS
PUB_003292,ELECTRICAL_AND_ELECTRONIC_ENGINEERING
PUB_003293,MATERIALS_CHEMISTRY
PUB_003294,ARTIFICIAL_INTELLIGENCE
PUB_003295,ELECTRONIC_OPTICAL_AND_MAGNETIC_MATERIALS
PUB_003296,MECHANICS_OF_MATERIALS
PUB_003297,MATHEMATICAL_PHYSICS
PUB_003298,ELECTRICAL_AND_ELECTRONIC_ENGINEERING
PUB_003299,BIOMEDICAL_ENGINEERING
PUB_003300,COMPUTATIONAL_MECHANICS
PUB_003301,INFORMATION_SYSTEMS
PUB_003302,MATERIALS_CHEMISTRY
PUB_003303,MODELING_AND_SIMULATION
PUB_003304,AEROSPACE_ENGINEERING
PUB_003305,CONTROL_AND_SYSTEMS_ENGINEERING
PUB_003306,INDUSTRIAL_AND_MANUFACTURING_ENGINEERING
PUB_003307,MATHEMATICAL_PHYSICS
PUB_003308,APPLIED_MATHEMATICS
PUB_003309,AEROSPACE_ENGINEERING
PUB_003310,COMPUTATIONAL_MECHANICS
PUB_003311,ATOMIC_AND_MOLECULAR_PHYSICS_AND_OPTICS
PUB_003312,ARTIFICIAL_INTELLIGENCE
PUB_003313,SURFACES_COATINGS_AND_FILMS
PUB_003314,RADIATION
PUB_003315,ARTIFICIAL_INTELLIGENCE
PUB_003316,MATERIALS_CHEMISTRY
PUB_003317,MODELING_AND_SIMULATION
PUB_003318,MATERIALS_CHEMISTRY
PUB_003319,COMPUTATIONAL_THEORY_AND_MATHEMATICS
PUB_003320,BIOMEDICAL_ENGINEERING
PUB_003321,ARTIFICIAL_INTELLIGENCE
PUB_003322,INDUSTRIAL_AND_MANUFACTURING_ENGINEERING
PUB_003323,CONTROL_AND_SYSTEMS_ENGINEERING
PUB_003324,ELECTRICAL_AND_ELECTRONIC_ENGINEERING
PUB_003325,ELECTRICAL_AND_ELECTRONIC_ENGINEERING
PUB_003326,CIVIL_AND_STRUCTURAL_ENGINEERING
PUB_003327,ARTIFICIAL_INTELLIGENCE
PUB_003328,OCEAN_ENGINEERING
PUB_003329,COMPUTER_VISION_AND_PATTERN_RECOGNITION
PUB_003330,COMPUTER_GRAPHICS_AND_COMPUTERAIDED_DESIGN
PUB_003331,SIGNAL_PROCESSING
PUB_003332,MATERIALS_CHEMISTRY
PUB_003333,COMPUTATIONAL_MECHANICS
PUB_003334,MATERIALS_CHEMISTRY
PUB_003335,ARTIFICIAL_INTELLIGENCE
PUB_003336,COMPUTER_VISION_AND_PATTERN_RECOGNITION
PUB_003337,MECHANICAL_ENGINEERING
PUB_003338,COMPUTER_NETWORKS_AND_COMMUNICATIONS
PUB_003339,MATERIALS_CHEMISTRY
PUB_003340,ARTIFICIAL_INTELLIGENCE
PUB_003341,ELECTRICAL_AND_ELECTRONIC_ENGINEERING
PUB_003342,AUTOMOTIVE_ENGINEERING
PUB_003343,ELECTRICAL_AND_ELECTRONIC_ENGINEERING
PUB_003344,HUMANCOMPUTER_INTERACTION
PUB_003345,ATOMIC_AND_MOLECULAR_PHYSICS_AND_OPTICS
PUB_003346,ELECTRICAL_AND_ELECTRONIC_ENGINEERING
PUB_003347,MATERIALS_CHEMISTRY
PUB_003348,MATERIALS_CHEMISTRY
PUB_003349,BIOMEDICAL_ENGINEERING
PUB_003350,MECHANICAL_ENGINEERING
PUB_003351,CONTROL_AND_SYSTEMS_ENGINEERING
PUB_003352,ELECTRICAL_AND_ELECTRONIC_ENGINEERING
PUB_003353,AEROSPACE_ENGINEERING
PUB_003354,ELECTRICAL_AND_ELECTRONIC_ENGINEERING
PUB_003355,DISCRETE_MATHEMATICS_AND_COMBINATORICS
PUB_003356,ASTRONOMY_AND_ASTROPHYSICS
PUB_003357,CONTROL_AND_SYSTEMS_ENGINEERING
PUB_003358,COMPUTATIONAL_MECHANICS
PUB_003359,ELECTRICAL_AND_ELECTRONIC_ENGINEERING
PUB_003360,OCEAN_ENGINEERING
PUB_003361,MATERIALS_CHEMISTRY
PUB_003362,BIOMATERIALS
PUB_003363,COMPUTATIONAL_MECHANICS
PUB_003364,CONTROL_AND_SYSTEMS_ENGINEERING
PUB_003365,OCEAN_ENGINEERING
PUB_003366,MECHANICS_OF_MATERIALS
PUB_003367,MATERIALS_CHEMISTRY
PUB_003368,SIGNAL_PROCESSING
PUB_003369,ARTIFICIAL_INTELLIGENCE
PUB_003370,BUILDING_AND_CONSTRUCTION
PUB_003371,ARTIFICIAL_INTELLIGENCE
PUB_003372,MECHANICAL_ENGINEERING
PUB_003373,ELECTRICAL_AND_ELECTRONIC_ENGINEERING
PUB_003374,MATERIALS_CHEMISTRY
PUB_003375,ATOMIC_AND_MOLECULAR_PHYSICS_AND_OPTICS
PUB_003376,COMPUTATIONAL_MECHANICS
PUB_003377,MATERIALS_CHEMISTRY
PUB_003378,ELECTRICAL_AND_ELECTRONIC_ENGINEERING
PUB_003379,ELECTRICAL_AND_ELECTRONIC_ENGINEERING
PUB_003380,INFORMATION_SYSTEMS
PUB_003381,ARTIFICIAL_INTELLIGENCE
PUB_003382,AEROSPACE_ENGINEERING
PUB_003383,ELECTRICAL_AND_ELECTRONIC_ENGINEERING
PUB_003384,MATERIALS_CHEMISTRY
PUB_003385,MATERIALS_CHEMISTRY
PUB_003386,INDUSTRIAL_AND_MANUFACTURING_ENGINEERING
PUB_003387,ELECTRONIC_OPTICAL_AND_MAGNETIC_MATERIALS
PUB_003388,ELECTRICAL_AND_ELECTRONIC_ENGINEERING
PUB_003389,COMPUTATIONAL_THEORY_AND_MATHEMATICS
PUB_003390,ELECTRICAL_AND_ELECTRONIC_ENGINEERING
PUB_003391,ASTRONOMY_AND_ASTROPHYSICS
PUB_003392,BIOMEDICAL_ENGINEERING
PUB_003393,ELECTRICAL_AND_ELECTRONIC_ENGINEERING
PUB_003394,ARTIFICIAL_INTELLIGENCE
PUB_003395,ELECTRICAL_AND_ELECTRONIC_ENGINEERING
PUB_003396,ELECTRICAL_AND_ELECTRONIC_ENGINEERING
PUB_003397,ELECTRICAL_AND_ELECTRONIC_ENGINEERING
PUB_003398,ELECTRICAL_AND_ELECTRONIC_ENGINEERING
PUB_003399,COMPUTER_VISION_AND_PATTERN_RECOGNITION
PUB_003400,COMPUTER_VISION_AND_PATTERN_RECOGNITION
PUB_003401,BIOMEDICAL_ENGINEERING
PUB_003402,BIOMEDICAL_ENGINEERING
PUB_003403,MATERIALS_CHEMISTRY
PUB_003404,ELECTRICAL_AND_ELECTRONIC_ENGINEERING
PUB_003405,AEROSPACE_ENGINEERING
PUB_003406,BIOMEDICAL_ENGINEERING
PUB_003407,AEROSPACE_ENGINEERING
PUB_003408,ELECTRICAL_AND_ELECTRONIC_ENGINEERING
PUB_003409,ELECTRICAL_AND_ELECTRONIC_ENGINEERING
PUB_003410,COMPUTATIONAL_THEORY_AND_MATHEMATICS
PUB_003411,APPLIED_MATHEMATICS
PUB_003412,COMPUTATIONAL_MECHANICS
PUB_003413,COMPUTER_VISION_AND_PATTERN_RECOGNITION
PUB_003414,AEROSPACE_ENGINEERING
PUB_003415,MECHANICAL_ENGINEERING
PUB_003416,ELECTRICAL_AND_ELECTRONIC_ENGINEERING
PUB_003417,SIGNAL_PROCESSING
PUB_003418,ELECTRICAL_AND_ELECTRONIC_ENGINEERING
PUB_003419,ELECTRICAL_AND_ELECTRONIC_ENGINEERING
PUB_003420,ELECTRICAL_AND_ELECTRONIC_ENGINEERING
PUB_003421,CIVIL_AND_STRUCTURAL_ENGINEERING
PUB_003422,COMPUTATIONAL_THEORY_AND_MATHEMATICS
PUB_003423,APPLIED_MATHEMATICS
PUB_003424,CONDENSED_MATTER_PHYSICS
PUB_003425,CERAMICS_AND_COMPOSITES
PUB_003426,MECHANICAL_ENGINEERING
PUB_003427,COMPUTER_VISION_AND_PATTERN_RECOGNITION
PUB_003428,MECHANICAL_ENGINEERING
PUB_003429,ARTIFICIAL_INTELLIGENCE
PUB_003430,CIVIL_AND_STRUCTURAL_ENGINEERING
PUB_003431,CONTROL_AND_SYSTEMS_ENGINEERING
PUB_003432,CONTROL_AND_SYSTEMS_ENGINEERING
PUB_003433,ATOMIC_AND_MOLECULAR_PHYSICS_AND_OPTICS
PUB_003434,ATOMIC_AND_MOLECULAR_PHYSICS_AND_OPTICS
PUB_003435,INFORMATION_SYSTEMS
PUB_003436,ELECTRICAL_AND_ELECTRONIC_ENGINEERING
PUB_003437,STATISTICAL_AND_NONLINEAR_PHYSICS
PUB_003438,INFORMATION_SYSTEMS
PUB_003439,COMPUTATIONAL_MECHANICS
PUB_003440,CONDENSED_MATTER_PHYSICS
PUB_003441,APPLIED_MATHEMATICS
PUB_003442,COMPUTATIONAL_THEORY_AND_MATHEMATICS
PUB_003443,MATERIALS_CHEMISTRY
PUB_003444,CONDENSED_MATTER_PHYSICS
PUB_003445,COMPUTATIONAL_MECHANICS
PUB_003446,INDUSTRIAL_AND_MANUFACTURING_ENGINEERING
PUB_003447,ELECTRICAL_AND_ELECTRONIC_ENGINEERING
PUB_003448,INDUSTRIAL_AND_MANUFACTURING_ENGINEERING
PUB_003449,ARTIFICIAL_INTELLIGENCE
PUB_003450,ARTIFICIAL_INTELLIGENCE
PUB_003451,ELECTRICAL_AND_ELECTRONIC_ENGINEERING
PUB_003452,GEOMETRY_AND_TOPOLOGY
PUB_003453,APPLIED_MATHEMATICS
PUB_003454,BIOMEDICAL_ENGINEERING
PUB_003455,MECHANICAL_ENGINEERING
PUB_003456,INFORMATION_SYSTEMS
PUB_003457,MATHEMATICAL_PHYSICS
PUB_003458,GEOMETRY_AND_TOPOLOGY
PUB_003459,COMPUTER_NETWORKS_AND_COMMUNICATIONS
PUB_003460,ELECTRICAL_AND_ELECTRONIC_ENGINEERING
PUB_003461,COMPUTER_NETWORKS_AND_COMMUNICATIONS
PUB_003462,ATOMIC_AND_MOLECULAR_PHYSICS_AND_OPTICS
PUB_003463,NUMERICAL_ANALYSIS
PUB_003464,COMPUTATIONAL_MECHANICS
PUB_003465,AEROSPACE_ENGINEERING
PUB_003466,ELECTRICAL_AND_ELECTRONIC_ENGINEERING
PUB_003467,ASTRONOMY_AND_ASTROPHYSICS
PUB_003468,ELECTRICAL_AND_ELECTRONIC_ENGINEERING
PUB_003469,CONTROL_AND_SYSTEMS_ENGINEERING
PUB_003470,CONDENSED_MATTER_PHYSICS
PUB_003471,COMPUTER_VISION_AND_PATTERN_RECOGNITION
PUB_003472,ATOMIC_AND_MOLECULAR_PHYSICS_AND_OPTICS
PUB_003473,ELECTRICAL_AND_ELECTRONIC_ENGINEERING
PUB_003474,COMPUTER_NETWORKS_AND_COMMUNICATIONS
PUB_003475,MATHEMATICAL_PHYSICS
PUB_003476,BIOMEDICAL_ENGINEERING
PUB_003477,ARTIFICIAL_INTELLIGENCE
PUB_003478,ELECTRICAL_AND_ELECTRONIC_ENGINEERING
PUB_003479,GEOMETRY_AND_TOPOLOGY
PUB_003480,ARCHITECTURE
PUB_003481,ARTIFICIAL_INTELLIGENCE
PUB_003482,MEDIA_TECHNOLOGY
PUB_003483,INFORMATION_SYSTEMS
PUB_003484,DISCRETE_MATHEMATICS_AND_COMBINATORICS
PUB_003485,MATHEMATICAL_PHYSICS
PUB_003486,DISCRETE_MATHEMATICS_AND_COMBINATORICS
PUB_003487,GEOMETRY_AND_TOPOLOGY
PUB_003488,GEOMETRY_AND_TOPOLOGY
PUB_003489,COMPUTATIONAL_THEORY_AND_MATHEMATICS
PUB_003490,MATERIALS_CHEMISTRY
PUB_003491,CONDENSED_MATTER_PHYSICS
PUB_003492,COMPUTER_NETWORKS_AND_COMMUNICATIONS
PUB_003493,ARTIFICIAL_INTELLIGENCE
PUB_003494,ELECTRICAL_AND_ELECTRONIC_ENGINEERING
PUB_003495,MATERIALS_CHEMISTRY
PUB_003496,CONTROL_AND_SYSTEMS_ENGINEERING
PUB_003497,MECHANICAL_ENGINEERING
PUB_003498,CONDENSED_MATTER_PHYSICS
PUB_003499,MATERIALS_CHEMISTRY
PUB_003500,COMPUTER_SCIENCE_APPLICATIONS
PUB_003501,MATERIALS_CHEMISTRY
PUB_003502,BUILDING_AND_CONSTRUCTION
PUB_003503,COMPUTATIONAL_THEORY_AND_MATHEMATICS
PUB_003504,ARTIFICIAL_INTELLIGENCE
PUB_003505,COMPUTATIONAL_MECHANICS
PUB_003506,ARTIFICIAL_INTELLIGENCE
PUB_003507,CONTROL_AND_SYSTEMS_ENGINEERING
PUB_003508,ARTIFICIAL_INTELLIGENCE
PUB_003509,ARTIFICIAL_INTELLIGENCE
PUB_003510,CONDENSED_MATTER_PHYSICS
PUB_003511,CIVIL_AND_STRUCTURAL_ENGINEERING
PUB_003512,CONDENSED_MATTER_PHYSICS
PUB_003513,ARTIFICIAL_INTELLIGENCE
PUB_003514,ELECTRICAL_AND_ELECTRONIC_ENGINEERING
PUB_003515,BIOMEDICAL_ENGINEERING
PUB_003516,ELECTRICAL_AND_ELECTRONIC_ENGINEERING
PUB_003517,ELECTRICAL_AND_ELECTRONIC_ENGINEERING
PUB_003518,ARTIFICIAL_INTELLIGENCE
PUB_003519,ELECTRICAL_AND_ELECTRONIC_ENGINEERING
PUB_003520,ELECTRICAL_AND_ELECTRONIC_ENGINEERING
PUB_003521,ATOMIC_AND_MOLECULAR_PHYSICS_AND_OPTICS
PUB_003522,COMPUTER_NETWORKS_AND_COMMUNICATIONS
PUB_003523,MATERIALS_CHEMISTRY
PUB_003524,ELECTRONIC_OPTICAL_AND_MAGNETIC_MATERIALS
PUB_003525,COMPUTER_VISION_AND_PATTERN_RECOGNITION
PUB_003526,COMPUTATIONAL_THEORY_AND_MATHEMATICS
PUB_003527,CONTROL_AND_SYSTEMS_ENGINEERING
PUB_003528,ARTIFICIAL_INTELLIGENCE
PUB_003529,RADIATION
PUB_003530,ELECTRICAL_AND_ELECTRONIC_ENGINEERING
PUB_003531,COMPUTATIONAL_MECHANICS
PUB_003532,COMPUTER_NETWORKS_AND_COMMUNICATIONS
PUB_003533,COMPUTATIONAL_MECHANICS
PUB_003534,COMPUTER_NETWORKS_AND_COMMUNICATIONS
PUB_003535,AEROSPACE_ENGINEERING
PUB_003536,ELECTRICAL_AND_ELECTRONIC_ENGINEERING
PUB_003537,MATERIALS_CHEMISTRY
PUB_003538,MATERIALS_CHEMISTRY
PUB_003539,CONTROL_AND_SYSTEMS_ENGINEERING
PUB_003540,MATERIALS_CHEMISTRY
PUB_003541,MECHANICAL_ENGINEERING
PUB_003542,ELECTRICAL_AND_ELECTRONIC_ENGINEERING
PUB_003543,BIOMEDICAL_ENGINEERING
PUB_003544,COMPUTER_NETWORKS_AND_COMMUNICATIONS
PUB_003545,ELECTRICAL_AND_ELECTRONIC_ENGINEERING
PUB_003546,ARTIFICIAL_INTELLIGENCE
PUB_003547,BIOMEDICAL_ENGINEERING
PUB_003548,ELECTRICAL_AND_ELECTRONIC_ENGINEERING
PUB_003549,COMPUTATIONAL_MECHANICS
PUB_003550,CONDENSED_MATTER_PHYSICS
PUB_003551,CONTROL_AND_SYSTEMS_ENGINEERING
PUB_003552,APPLIED_MATHEMATICS
PUB_003553,APPLIED_MATHEMATICS
PUB_003554,ALGEBRA_AND_NUMBER_THEORY
PUB_003555,COMPUTATIONAL_MATHEMATICS
PUB_003556,COMPUTER_NETWORKS_AND_COMMUNICATIONS
PUB_003557,BIOMEDICAL_ENGINEERING
PUB_003558,AEROSPACE_ENGINEERING
PUB_003559,APPLIED_MATHEMATICS
PUB_003560,AEROSPACE_ENGINEERING
PUB_003561,COMPUTATIONAL_MECHANICS
PUB_003562,AEROSPACE_ENGINEERING
PUB_003563,AEROSPACE_ENGINEERING
PUB_003564,MATHEMATICAL_PHYSICS
PUB_003565,MECHANICAL_ENGINEERING
PUB_003566,BIOMATERIALS
PUB_003567,COMPUTATIONAL_MECHANICS
PUB_003568,ALGEBRA_AND_NUMBER_THEORY
PUB_003569,COMPUTER_VISION_AND_PATTERN_RECOGNITION
PUB_003570,ATOMIC_AND_MOLECULAR_PHYSICS_AND_OPTICS
PUB_003571,MECHANICAL_ENGINEERING
PUB_003572,MATERIALS_CHEMISTRY
PUB_003573,ELECTRONIC_OPTICAL_AND_MAGNETIC_MATERIALS
PUB_003574,AUTOMOTIVE_ENGINEERING
PUB_003575,SIGNAL_PROCESSING
PUB_003576,ELECTRICAL_AND_ELECTRONIC_ENGINEERING
PUB_003577,AEROSPACE_ENGINEERING
PUB_003578,COMPUTER_VISION_AND_PATTERN_RECOGNITION
PUB_003579,MATERIALS_CHEMISTRY
PUB_003580,COMPUTER_SCIENCE_APPLICATIONS
PUB_003581,ATOMIC_AND_MOLECULAR_PHYSICS_AND_OPTICS
PUB_003582,BIOMEDICAL_ENGINEERING
PUB_003583,COMPUTATIONAL_THEORY_AND_MATHEMATICS
PUB_003584,COMPUTATIONAL_THEORY_AND_MATHEMATICS
PUB_003585,ARTIFICIAL_INTELLIGENCE
PUB_003586,ATOMIC_AND_MOLECULAR_PHYSICS_AND_OPTICS
PUB_003587,SIGNAL_PROCESSING
PUB_003588,ELECTRICAL_AND_ELECTRONIC_ENGINEERING
PUB_003589,ARTIFICIAL_INTELLIGENCE
PUB_003590,COMPUTER_VISION_AND_PATTERN_RECOGNITION
PUB_003591,ELECTRICAL_AND_ELECTRONIC_ENGINEERING
PUB_003592,COMPUTER_VISION_AND_PATTERN_RECOGNITION
PUB_003593,ELECTRICAL_AND_ELECTRONIC_ENGINEERING
PUB_003594,ELECTRICAL_AND_ELECTRONIC_ENGINEERING
PUB_003595,ELECTRICAL_AND_ELECTRONIC_ENGINEERING
PUB_003596,CIVIL_AND_STRUCTURAL_ENGINEERING
PUB_003597,CIVIL_AND_STRUCTURAL_ENGINEERING
PUB_003598,CIVIL_AND_STRUCTURAL_ENGINEERING
PUB_003599,CIVIL_AND_STRUCTURAL_ENGINEERING
PUB_003600,AEROSPACE_ENGINEERING
PUB_003601,CIVIL_AND_STRUCTURAL_ENGINEERING
PUB_003602,SIGNAL_PROCESSING
PUB_003603,ATOMIC_AND_MOLECULAR_PHYSICS_AND_OPTICS
PUB_003604,NUMERICAL_ANALYSIS
PUB_003605,ELECTRICAL_AND_ELECTRONIC_ENGINEERING
PUB_003606,COMPUTATIONAL_MECHANICS
PUB_003607,COMPUTATIONAL_MECHANICS
PUB_003608,ARTIFICIAL_INTELLIGENCE
PUB_003609,ELECTRICAL_AND_ELECTRONIC_ENGINEERING
PUB_003610,POLYMERS_AND_PLASTICS
PUB_003611,COMPUTER_VISION_AND_PATTERN_RECOGNITION
PUB_003612,ATOMIC_AND_MOLECULAR_PHYSICS_AND_OPTICS
PUB_003613,GEOMETRY_AND_TOPOLOGY
PUB_003614,ARTIFICIAL_INTELLIGENCE
PUB_003615,ELECTRICAL_AND_ELECTRONIC_ENGINEERING
PUB_003616,COMPUTATIONAL_MECHANICS
PUB_003617,ELECTRONIC_OPTICAL_AND_MAGNETIC_MATERIALS
PUB_003618,COMPUTER_NETWORKS_AND_COMMUNICATIONS
PUB_003619,COMPUTER_NETWORKS_AND_COMMUNICATIONS
PUB_003620,ARTIFICIAL_INTELLIGENCE
PUB_003621,COMPUTER_VISION_AND_PATTERN_RECOGNITION
PUB_003622,CONTROL_AND_SYSTEMS_ENGINEERING
PUB_003623,BIOMEDICAL_ENGINEERING
PUB_003624,ARTIFICIAL_INTELLIGENCE
PUB_003625,ELECTRICAL_AND_ELECTRONIC_ENGINEERING
PUB_003626,CIVIL_AND_STRUCTURAL_ENGINEERING
PUB_003627,OCEAN_ENGINEERING
PUB_003628,MATERIALS_CHEMISTRY
PUB_003629,MATERIALS_CHEMISTRY
PUB_003630,COMPUTER_NETWORKS_AND_COMMUNICATIONS
PUB_003631,BIOMATERIALS
PUB_003632,COMPUTATIONAL_THEORY_AND_MATHEMATICS
PUB_003633,SIGNAL_PROCESSING
PUB_003634,HUMANCOMPUTER_INTERACTION
PUB_003635,COMPUTATIONAL_MECHANICS
PUB_003636,INFORMATION_SYSTEMS
PUB_003637,SAFETY_RISK_RELIABILITY_AND_QUALITY
PUB_003638,ARTIFICIAL_INTELLIGENCE
PUB_003639,OCEAN_ENGINEERING
PUB_003640,CIVIL_AND_STRUCTURAL_ENGINEERING
PUB_003641,CONTROL_AND_SYSTEMS_ENGINEERING
PUB_003642,INDUSTRIAL_AND_MANUFACTURING_ENGINEERING
PUB_003643,COMPUTATIONAL_MECHANICS
PUB_003644,ARTIFICIAL_INTELLIGENCE
PUB_003645,ELECTRICAL_AND_ELECTRONIC_ENGINEERING
PUB_003646,ELECTRICAL_AND_ELECTRONIC_ENGINEERING
PUB_003647,ELECTRICAL_AND_ELECTRONIC_ENGINEERING
PUB_003648,AEROSPACE_ENGINEERING
PUB_003649,MATERIALS_CHEMISTRY
PUB_003650,MATERIALS_CHEMISTRY
PUB_003651,INDUSTRIAL_AND_MANUFACTURING_ENGINEERING
PUB_003652,MECHANICS_OF_MATERIALS
PUB_003653,ARTIFICIAL_INTELLIGENCE
PUB_003654,MECHANICAL_ENGINEERING
PUB_003655,INDUSTRIAL_AND_MANUFACTURING_ENGINEERING
PUB_003656,ELECTRICAL_AND_ELECTRONIC_ENGINEERING
PUB_003657,ATOMIC_AND_MOLECULAR_PHYSICS_AND_OPTICS
PUB_003658,BIOMEDICAL_ENGINEERING
PUB_003659,MECHANICAL_ENGINEERING
PUB_003660,MATERIALS_CHEMISTRY
PUB_003661,MATERIALS_CHEMISTRY
PUB_003662,AUTOMOTIVE_ENGINEERING
PUB_003663,MATERIALS_CHEMISTRY
PUB_003664,ELECTRICAL_AND_ELECTRONIC_ENGINEERING
PUB_003665,ATOMIC_AND_MOLECULAR_PHYSICS_AND_OPTICS
PUB_003666,MECHANICAL_ENGINEERING
PUB_003667,BUILDING_AND_CONSTRUCTION
PUB_003668,INDUSTRIAL_AND_MANUFACTURING_ENGINEERING
PUB_003669,ARTIFICIAL_INTELLIGENCE
PUB_003670,ASTRONOMY_AND_ASTROPHYSICS
PUB_003671,OCEAN_ENGINEERING
PUB_003672,POLYMERS_AND_PLASTICS
PUB_003673,ELECTRICAL_AND_ELECTRONIC_ENGINEERING
PUB_003674,CONTROL_AND_SYSTEMS_ENGINEERING
PUB_003675,ELECTRICAL_AND_ELECTRONIC_ENGINEERING
PUB_003676,ARTIFICIAL_INTELLIGENCE
PUB_003677,COMPUTER_NETWORKS_AND_COMMUNICATIONS
PUB_003678,ELECTRICAL_AND_ELECTRONIC_ENGINEERING
PUB_003679,SAFETY_RISK_RELIABILITY_AND_QUALITY
PUB_003680,COMPUTER_VISION_AND_PATTERN_RECOGNITION
PUB_003681,MATERIALS_CHEMISTRY
PUB_003682,MECHANICS_OF_MATERIALS
PUB_003683,BIOMEDICAL_ENGINEERING
PUB_003684,COMPUTATIONAL_THEORY_AND_MATHEMATICS
PUB_003685,BIOMEDICAL_ENGINEERING
PUB_003686,AEROSPACE_ENGINEERING
PUB_003687,MATERIALS_CHEMISTRY
PUB_003688,MECHANICAL_ENGINEERING
PUB_003689,MECHANICAL_ENGINEERING
PUB_003690,ATOMIC_AND_MOLECULAR_PHYSICS_AND_OPTICS
PUB_003691,ELECTRICAL_AND_ELECTRONIC_ENGINEERING
PUB_003692,ARTIFICIAL_INTELLIGENCE
PUB_003693,ASTRONOMY_AND_ASTROPHYSICS
PUB_003694,GEOMETRY_AND_TOPOLOGY
PUB_003695,CERAMICS_AND_COMPOSITES
PUB_003696,ARTIFICIAL_INTELLIGENCE
PUB_003697,ARTIFICIAL_INTELLIGENCE
PUB_003698,CONTROL_AND_SYSTEMS_ENGINEERING
PUB_003699,ARTIFICIAL_INTELLIGENCE
PUB_003700,ARTIFICIAL_INTELLIGENCE
PUB_003701,AEROSPACE_ENGINEERING
PUB_003702,COMPUTATIONAL_THEORY_AND_MATHEMATICS
PUB_003703,MODELING_AND_SIMULATION
PUB_003704,BIOMEDICAL_ENGINEERING
PUB_003705,INFORMATION_SYSTEMS
PUB_003706,COMPUTATIONAL_THEORY_AND_MATHEMATICS
PUB_003707,ELECTRICAL_AND_ELECTRONIC_ENGINEERING
PUB_003708,CONTROL_AND_SYSTEMS_ENGINEERING
PUB_003709,ARTIFICIAL_INTELLIGENCE
PUB_003710,COMPUTER_NETWORKS_AND_COMMUNICATIONS
PUB_003711,BIOMEDICAL_ENGINEERING
PUB_003712,MODELING_AND_SIMULATION
PUB_003713,GEOMETRY_AND_TOPOLOGY
PUB_003714,ARTIFICIAL_INTELLIGENCE
PUB_003715,BIOMEDICAL_ENGINEERING
PUB_003716,ARTIFICIAL_INTELLIGENCE
PUB_003717,MODELING_AND_SIMULATION
PUB_003718,MODELING_AND_SIMULATION
PUB_003719,MECHANICAL_ENGINEERING
PUB_003720,MECHANICS_OF_MATERIALS
PUB_003721,MODELING_AND_SIMULATION
PUB_003722,MECHANICAL_ENGINEERING
PUB_003723,NUMERICAL_ANALYSIS
PUB_003724,ELECTRICAL_AND_ELECTRONIC_ENGINEERING
PUB_003725,COMPUTER_VISION_AND_PATTERN_RECOGNITION
PUB_003726,ARTIFICIAL_INTELLIGENCE
PUB_003727,SIGNAL_PROCESSING
PUB_003728,ARTIFICIAL_INTELLIGENCE
PUB_003729,HARDWARE_AND_ARCHITECTURE
PUB_003730,ARTIFICIAL_INTELLIGENCE
PUB_003731,INFORMATION_SYSTEMS
PUB_003732,MATHEMATICAL_PHYSICS
PUB_003733,COMPUTATIONAL_THEORY_AND_MATHEMATICS
PUB_003734,ELECTRICAL_AND_ELECTRONIC_ENGINEERING
PUB_003735,COMPUTATIONAL_MECHANICS
PUB_003736,MATERIALS_CHEMISTRY
PUB_003737,MATERIALS_CHEMISTRY
PUB_003738,ARTIFICIAL_INTELLIGENCE
PUB_003739,MATERIALS_CHEMISTRY
PUB_003740,ARTIFICIAL_INTELLIGENCE
PUB_003741,STATISTICAL_AND_NONLINEAR_PHYSICS
PUB_003742,MATERIALS_CHEMISTRY
PUB_003743,AEROSPACE_ENGINEERING
PUB_003744,BIOMEDICAL_ENGINEERING
PUB_003745,MATERIALS_CHEMISTRY
PUB_003746,MATERIALS_CHEMISTRY
PUB_003747,DISCRETE_MATHEMATICS_AND_COMBINATORICS
PUB_003748,COMPUTER_NETWORKS_AND_COMMUNICATIONS
PUB_003749,DISCRETE_MATHEMATICS_AND_COMBINATORICS
PUB_003750,ELECTRONIC_OPTICAL_AND_MAGNETIC_MATERIALS
PUB_003751,MODELING_AND_SIMULATION
PUB_003752,MODELING_AND_SIMULATION
PUB_003753,BIOMEDICAL_ENGINEERING
PUB_003754,GEOMETRY_AND_TOPOLOGY
PUB_003755,APPLIED_MATHEMATICS
PUB_003756,COMPUTER_VISION_AND_PATTERN_RECOGNITION
PUB_003757,MODELING_AND_SIMULATION
PUB_003758,COMPUTER_GRAPHICS_AND_COMPUTERAIDED_DESIGN
PUB_003759,ARTIFICIAL_INTELLIGENCE
PUB_003760,COMPUTER_VISION_AND_PATTERN_RECOGNITION
PUB_003761,COMPUTER_VISION_AND_PATTERN_RECOGNITION
PUB_003762,AEROSPACE_ENGINEERING
PUB_003763,INDUSTRIAL_AND_MANUFACTURING_ENGINEERING
PUB_003764,INDUSTRIAL_AND_MANUFACTURING_ENGINEERING
PUB_003765,COMPUTER_NETWORKS_AND_COMMUNICATIONS
PUB_003766,COMPUTER_VISION_AND_PATTERN_RECOGNITION
PUB_003767,MODELING_AND_SIMULATION
PUB_003768,ARTIFICIAL_INTELLIGENCE
PUB_003769,BIOMEDICAL_ENGINEERING
PUB_003770,OCEAN_ENGINEERING
PUB_003771,MODELING_AND_SIMULATION
PUB_003772,MECHANICAL_ENGINEERING
PUB_003773,ATOMIC_AND_MOLECULAR_PHYSICS_AND_OPTICS
PUB_003774,INFORMATION_SYSTEMS
PUB_003775,INDUSTRIAL_AND_MANUFACTURING_ENGINEERING
PUB_003776,STATISTICS_AND_PROBABILITY
PUB_003777,MEDIA_TECHNOLOGY
PUB_003778,MEDIA_TECHNOLOGY
PUB_003779,BIOMEDICAL_ENGINEERING
PUB_003780,RADIATION
PUB_003781,OCEAN_ENGINEERING
PUB_003782,COMPUTATIONAL_MECHANICS
PUB_003783,APPLIED_MATHEMATICS
PUB_003784,APPLIED_MATHEMATICS
PUB_003785,DISCRETE_MATHEMATICS_AND_COMBINATORICS
PUB_003786,GEOMETRY_AND_TOPOLOGY
PUB_003787,MATHEMATICAL_PHYSICS
PUB_003788,GEOMETRY_AND_TOPOLOGY
PUB_003789,GEOMETRY_AND_TOPOLOGY
PUB_003790,SIGNAL_PROCESSING
PUB_003791,ARTIFICIAL_INTELLIGENCE
PUB_003792,ARTIFICIAL_INTELLIGENCE
PUB_003793,ARTIFICIAL_INTELLIGENCE
PUB_003794,SIGNAL_PROCESSING
PUB_003795,MATERIALS_CHEMISTRY
PUB_003796,CONDENSED_MATTER_PHYSICS
PUB_003797,AEROSPACE_ENGINEERING
PUB_003798,COMPUTER_VISION_AND_PATTERN_RECOGNITION
PUB_003799,COMPUTATIONAL_THEORY_AND_MATHEMATICS
PUB_003800,ELECTRICAL_AND_ELECTRONIC_ENGINEERING
PUB_003801,ARTIFICIAL_INTELLIGENCE
PUB_003802,COMPUTATIONAL_THEORY_AND_MATHEMATICS
PUB_003803,MATHEMATICAL_PHYSICS
PUB_003804,ARTIFICIAL_INTELLIGENCE
PUB_003805,ELECTRICAL_AND_ELECTRONIC_ENGINEERING
PUB_003806,HUMANCOMPUTER_INTERACTION
PUB_003807,ARTIFICIAL_INTELLIGENCE
PUB_003808,MATHEMATICAL_PHYSICS
PUB_003809,MATHEMATICAL_PHYSICS
PUB_003810,MECHANICAL_ENGINEERING
PUB_003811,CONTROL_AND_SYSTEMS_ENGINEERING
PUB_003812,CONTROL_AND_SYSTEMS_ENGINEERING
PUB_003813,MECHANICAL_ENGINEERING
PUB_003814,APPLIED_MATHEMATICS
PUB_003815,COMPUTER_NETWORKS_AND_COMMUNICATIONS
PUB_003816,ELECTRICAL_AND_ELECTRONIC_ENGINEERING
PUB_003817,ELECTRICAL_AND_ELECTRONIC_ENGINEERING
PUB_003818,ATOMIC_AND_MOLECULAR_PHYSICS_AND_OPTICS
PUB_003819,BIOMEDICAL_ENGINEERING
PUB_003820,COMPUTER_NETWORKS_AND_COMMUNICATIONS
PUB_003821,BIOMATERIALS
PUB_003822,SIGNAL_PROCESSING
PUB_003823,BIOMEDICAL_ENGINEERING
PUB_003824,CIVIL_AND_STRUCTURAL_ENGINEERING
PUB_003825,ELECTRICAL_AND_ELECTRONIC_ENGINEERING
PUB_003826,MATHEMATICAL_PHYSICS
PUB_003827,AUTOMOTIVE_ENGINEERING
PUB_003828,APPLIED_MATHEMATICS
PUB_003829,ATOMIC_AND_MOLECULAR_PHYSICS_AND_OPTICS
PUB_003830,INFORMATION_SYSTEMS
PUB_003831,BIOMEDICAL_ENGINEERING
PUB_003832,ELECTRICAL_AND_ELECTRONIC_ENGINEERING
PUB_003833,ARTIFICIAL_INTELLIGENCE
PUB_003834,BIOMEDICAL_ENGINEERING
PUB_003835,COMPUTATIONAL_THEORY_AND_MATHEMATICS
PUB_003836,ELECTRONIC_OPTICAL_AND_MAGNETIC_MATERIALS
PUB_003837,APPLIED_MATHEMATICS
PUB_003838,INFORMATION_SYSTEMS
PUB_003839,ARTIFICIAL_INTELLIGENCE
PUB_003840,APPLIED_MATHEMATICS
PUB_003841,INFORMATION_SYSTEMS
PUB_003842,ARTIFICIAL_INTELLIGENCE
PUB_003843,COMPUTER_VISION_AND_PATTERN_RECOGNITION
PUB_003844,MATERIALS_CHEMISTRY
PUB_003845,COMPUTER_VISION_AND_PATTERN_RECOGNITION
PUB_003846,HARDWARE_AND_ARCHITECTURE
PUB_003847,COMPUTER_VISION_AND_PATTERN_RECOGNITION
PUB_003848,INFORMATION_SYSTEMS
PUB_003849,OCEAN_ENGINEERING
PUB_003850,BIOMEDICAL_ENGINEERING
PUB_003851,ATOMIC_AND_MOLECULAR_PHYSICS_AND_OPTICS
PUB_003852,ELECTRICAL_AND_ELECTRONIC_ENGINEERING
PUB_003853,COMPUTER_NETWORKS_AND_COMMUNICATIONS
PUB_003854,COMPUTER_NETWORKS_AND_COMMUNICATIONS
PUB_003855,COMPUTATIONAL_THEORY_AND_MATHEMATICS
PUB_003856,MECHANICAL_ENGINEERING
PUB_003857,ALGEBRA_AND_NUMBER_THEORY
PUB_003858,ELECTRICAL_AND_ELECTRONIC_ENGINEERING
PUB_003859,MECHANICS_OF_MATERIALS
PUB_003860,ELECTRONIC_OPTICAL_AND_MAGNETIC_MATERIALS
PUB_003861,MECHANICS_OF_MATERIALS
PUB_003862,ELECTRICAL_AND_ELECTRONIC_ENGINEERING
PUB_003863,ELECTRICAL_AND_ELECTRONIC_ENGINEERING
PUB_003864,ARTIFICIAL_INTELLIGENCE
PUB_003865,ELECTRICAL_AND_ELECTRONIC_ENGINEERING
PUB_003866,ELECTRICAL_AND_ELECTRONIC_ENGINEERING
PUB_003867,ARTIFICIAL_INTELLIGENCE
PUB_003868,ELECTRICAL_AND_ELECTRONIC_ENGINEERING
PUB_003869,BIOMEDICAL_ENGINEERING
PUB_003870,MATERIALS_CHEMISTRY
PUB_003871,GEOMETRY_AND_TOPOLOGY
PUB_003872,ELECTRICAL_AND_ELECTRONIC_ENGINEERING
PUB_003873,ELECTRICAL_AND_ELECTRONIC_ENGINEERING
PUB_003874,ASTRONOMY_AND_ASTROPHYSICS
PUB_003875,MATERIALS_CHEMISTRY
PUB_003876,MATERIALS_CHEMISTRY
PUB_003877,ARTIFICIAL_INTELLIGENCE
PUB_003878,ELECTRICAL_AND_ELECTRONIC_ENGINEERING
PUB_003879,ELECTRONIC_OPTICAL_AND_MAGNETIC_MATERIALS
PUB_003880,COMPUTATIONAL_THEORY_AND_MATHEMATICS
PUB_003881,BIOMEDICAL_ENGINEERING
PUB_003882,ARTIFICIAL_INTELLIGENCE
PUB_003883,COMPUTER_VISION_AND_PATTERN_RECOGNITION
PUB_003884,ARTIFICIAL_INTELLIGENCE
PUB_003885,MECHANICAL_ENGINEERING
PUB_003886,COMPUTATIONAL_MECHANICS
PUB_003887,BIOMEDICAL_ENGINEERING
PUB_003888,ELECTRICAL_AND_ELECTRONIC_ENGINEERING
PUB_003889,ASTRONOMY_AND_ASTROPHYSICS
PUB_003890,COMPUTER_GRAPHICS_AND_COMPUTERAIDED_DESIGN
PUB_003891,COMPUTATIONAL_MECHANICS
PUB_003892,APPLIED_MATHEMATICS
PUB_003893,COMPUTER_NETWORKS_AND_COMMUNICATIONS
PUB_003894,APPLIED_MATHEMATICS
PUB_003895,ASTRONOMY_AND_ASTROPHYSICS
PUB_003896,AEROSPACE_ENGINEERING
PUB_003897,CONTROL_AND_SYSTEMS_ENGINEERING
PUB_003898,COMPUTER_VISION_AND_PATTERN_RECOGNITION
PUB_003899,COMPUTATIONAL_THEORY_AND_MATHEMATICS
PUB_003900,MATHEMATICAL_PHYSICS
PUB_003901,MATERIALS_CHEMISTRY
PUB_003902,MATERIALS_CHEMISTRY
PUB_003903,COMPUTATIONAL_MECHANICS
PUB_003904,COMPUTER_NETWORKS_AND_COMMUNICATIONS
PUB_003905,STATISTICAL_AND_NONLINEAR_PHYSICS
PUB_003906,BIOMEDICAL_ENGINEERING
PUB_003907,ATOMIC_AND_MOLECULAR_PHYSICS_AND_OPTICS
PUB_003908,ARTIFICIAL_INTELLIGENCE
PUB_003909,AEROSPACE_ENGINEERING
PUB_003910,ATOMIC_AND_MOLECULAR_PHYSICS_AND_OPTICS
PUB_003911,MATHEMATICAL_PHYSICS
PUB_003912,ELECTRICAL_AND_ELECTRONIC_ENGINEERING
PUB_003913,MATERIALS_CHEMISTRY
PUB_003914,MATERIALS_CHEMISTRY
PUB_003915,COMPUTATIONAL_MECHANICS
PUB_003916,COMPUTER_VISION_AND_PATTERN_RECOGNITION
PUB_003917,MATERIALS_CHEMISTRY
PUB_003918,CONDENSED_MATTER_PHYSICS
PUB_003919,ATOMIC_AND_MOLECULAR_PHYSICS_AND_OPTICS
PUB_003920,COMPUTER_VISION_AND_PATTERN_RECOGNITION
PUB_003921,COMPUTATIONAL_MECHANICS
PUB_003922,ARTIFICIAL_INTELLIGENCE
PUB_003923,MECHANICS_OF_MATERIALS
PUB_003924,COMPUTATIONAL_THEORY_AND_MATHEMATICS
PUB_003925,ATOMIC_AND_MOLECULAR_PHYSICS_AND_OPTICS
PUB_003926,COMPUTER_NETWORKS_AND_COMMUNICATIONS
PUB_003927,CIVIL_AND_STRUCTURAL_ENGINEERING
PUB_003928,ELECTRICAL_AND_ELECTRONIC_ENGINEERING
PUB_003929,ARTIFICIAL_INTELLIGENCE
PUB_003930,COMPUTER_GRAPHICS_AND_COMPUTERAIDED_DESIGN
PUB_003931,ARTIFICIAL_INTELLIGENCE
PUB_003932,SIGNAL_PROCESSING
PUB_003933,CIVIL_AND_STRUCTURAL_ENGINEERING
PUB_003934,ALGEBRA_AND_NUMBER_THEORY
PUB_003935,ELECTRICAL_AND_ELECTRONIC_ENGINEERING
PUB_003936,COMPUTER_NETWORKS_AND_COMMUNICATIONS
PUB_003937,CERAMICS_AND_COMPOSITES
PUB_003938,CIVIL_AND_STRUCTURAL_ENGINEERING
PUB_003939,COMPUTATIONAL_THEORY_AND_MATHEMATICS
PUB_003940,SAFETY_RISK_RELIABILITY_AND_QUALITY
PUB_003941,ATOMIC_AND_MOLECULAR_PHYSICS_AND_OPTICS
PUB_003942,SURFACES_COATINGS_AND_FILMS
PUB_003943,ELECTRICAL_AND_ELECTRONIC_ENGINEERING
PUB_003944,POLYMERS_AND_PLASTICS
PUB_003945,BUILDING_AND_CONSTRUCTION
PUB_003946,CONDENSED_MATTER_PHYSICS
PUB_003947,CIVIL_AND_STRUCTURAL_ENGINEERING
PUB_003948,COMPUTATIONAL_MECHANICS
PUB_003949,CONTROL_AND_SYSTEMS_ENGINEERING
PUB_003950,COMPUTER_NETWORKS_AND_COMMUNICATIONS
PUB_003951,CONTROL_AND_SYSTEMS_ENGINEERING
PUB_003952,MODELING_AND_SIMULATION
PUB_003953,AEROSPACE_ENGINEERING
PUB_003954,CIVIL_AND_STRUCTURAL_ENGINEERING
PUB_003955,ATOMIC_AND_MOLECULAR_PHYSICS_AND_OPTICS
PUB_003956,MECHANICS_OF_MATERIALS
PUB_003957,ARTIFICIAL_INTELLIGENCE
PUB_003958,MECHANICAL_ENGINEERING
PUB_003959,ARTIFICIAL_INTELLIGENCE
PUB_003960,MATERIALS_CHEMISTRY
PUB_003961,BIOMEDICAL_ENGINEERING
PUB_003962,MATERIALS_CHEMISTRY
PUB_003963,MATERIALS_CHEMISTRY
PUB_003964,MATERIALS_CHEMISTRY
PUB_003965,MATERIALS_CHEMISTRY
PUB_003966,MATERIALS_CHEMISTRY
PUB_003967,MATERIALS_CHEMISTRY
PUB_003968,ATOMIC_AND_MOLECULAR_PHYSICS_AND_OPTICS
PUB_003969,ELECTRICAL_AND_ELECTRONIC_ENGINEERING
PUB_003970,GEOMETRY_AND_TOPOLOGY
PUB_003971,MATERIALS_CHEMISTRY
PUB_003972,ELECTRICAL_AND_ELECTRONIC_ENGINEERING
PUB_003973,ELECTRICAL_AND_ELECTRONIC_ENGINEERING
PUB_003974,ELECTRONIC_OPTICAL_AND_MAGNETIC_MATERIALS
PUB_003975,ARTIFICIAL_INTELLIGENCE
PUB_003976,MATERIALS_CHEMISTRY
PUB_003977,ASTRONOMY_AND_ASTROPHYSICS
PUB_003978,MATERIALS_CHEMISTRY
PUB_003979,BIOMEDICAL_ENGINEERING
PUB_003980,MATERIALS_CHEMISTRY
PUB_003981,ARTIFICIAL_INTELLIGENCE
PUB_003982,ELECTRONIC_OPTICAL_AND_MAGNETIC_MATERIALS
PUB_003983,COMPUTATIONAL_THEORY_AND_MATHEMATICS
PUB_003984,COMPUTATIONAL_THEORY_AND_MATHEMATICS
PUB_003985,MATERIALS_CHEMISTRY
PUB_003986,MATERIALS_CHEMISTRY
PUB_003987,AEROSPACE_ENGINEERING
PUB_003988,CONTROL_AND_SYSTEMS_ENGINEERING
PUB_003989,MECHANICAL_ENGINEERING
PUB_003990,ELECTRICAL_AND_ELECTRONIC_ENGINEERING
PUB_003991,MATERIALS_CHEMISTRY
PUB_003992,BIOMEDICAL_ENGINEERING
PUB_003993,CONTROL_AND_SYSTEMS_ENGINEERING
PUB_003994,COMPUTER_VISION_AND_PATTERN_RECOGNITION
PUB_003995,ELECTRICAL_AND_ELECTRONIC_ENGINEERING
PUB_003996,ELECTRICAL_AND_ELECTRONIC_ENGINEERING
PUB_003997,COMPUTER_GRAPHICS_AND_COMPUTERAIDED_DESIGN
PUB_003998,MECHANICS_OF_MATERIALS
PUB_003999,CIVIL_AND_STRUCTURAL_ENGINEERING
PUB_004000,MECHANICAL_ENGINEERING
PUB_004001,MATERIALS_CHEMISTRY
PUB_004002,DISCRETE_MATHEMATICS_AND_COMBINATORICS
PUB_004003,MATERIALS_CHEMISTRY
PUB_004004,COMPUTATIONAL_THEORY_AND_MATHEMATICS
PUB_004005,BIOMEDICAL_ENGINEERING
PUB_004006,BIOMEDICAL_ENGINEERING
PUB_004007,ELECTRICAL_AND_ELECTRONIC_ENGINEERING
PUB_004008,CONTROL_AND_SYSTEMS_ENGINEERING
PUB_004009,ASTRONOMY_AND_ASTROPHYSICS
PUB_004010,ELECTRICAL_AND_ELECTRONIC_ENGINEERING
PUB_004011,BIOMEDICAL_ENGINEERING
PUB_004012,APPLIED_MATHEMATICS
PUB_004013,CONTROL_AND_SYSTEMS_ENGINEERING
PUB_004014,ELECTRICAL_AND_ELECTRONIC_ENGINEERING
PUB_004015,INFORMATION_SYSTEMS
PUB_004016,ASTRONOMY_AND_ASTROPHYSICS
PUB_004017,ELECTRICAL_AND_ELECTRONIC_ENGINEERING
PUB_004018,ELECTRICAL_AND_ELECTRONIC_ENGINEERING
PUB_004019,COMPUTER_NETWORKS_AND_COMMUNICATIONS
PUB_004020,APPLIED_MATHEMATICS
PUB_004021,MODELING_AND_SIMULATION
PUB_004022,ELECTRICAL_AND_ELECTRONIC_ENGINEERING
PUB_004023,BIOMEDICAL_ENGINEERING
PUB_004024,COMPUTATIONAL_MECHANICS
PUB_004025,BIOMEDICAL_ENGINEERING
PUB_004026,CONTROL_AND_SYSTEMS_ENGINEERING
PUB_004027,MODELING_AND_SIMULATION
PUB_004028,ATOMIC_AND_MOLECULAR_PHYSICS_AND_OPTICS
PUB_004029,MATERIALS_CHEMISTRY
PUB_004030,CONDENSED_MATTER_PHYSICS
PUB_004031,MECHANICAL_ENGINEERING
PUB_004032,COMPUTATIONAL_THEORY_AND_MATHEMATICS
PUB_004033,NUMERICAL_ANALYSIS
PUB_004034,COMPUTER_VISION_AND_PATTERN_RECOGNITION
PUB_004035,CONTROL_AND_SYSTEMS_ENGINEERING
PUB_004036,MECHANICS_OF_MATERIALS
PUB_004037,COMPUTATIONAL_MECHANICS
PUB_004038,MECHANICAL_ENGINEERING
PUB_004039,MATERIALS_CHEMISTRY
PUB_004040,SOFTWARE
PUB_004041,ASTRONOMY_AND_ASTROPHYSICS
PUB_004042,ARTIFICIAL_INTELLIGENCE
PUB_004043,BIOMEDICAL_ENGINEERING
PUB_004044,AEROSPACE_ENGINEERING
PUB_004045,ASTRONOMY_AND_ASTROPHYSICS
PUB_004046,COMPUTER_VISION_AND_PATTERN_RECOGNITION
PUB_004047,AEROSPACE_ENGINEERING
PUB_004048,COMPUTATIONAL_MECHANICS
PUB_004049,CERAMICS_AND_COMPOSITES
PUB_004050,BIOMEDICAL_ENGINEERING
PUB_004051,ARTIFICIAL_INTELLIGENCE
PUB_004052,STATISTICAL_AND_NONLINEAR_PHYSICS
PUB_004053,MEDIA_TECHNOLOGY
PUB_004054,COMPUTATIONAL_MECHANICS
PUB_004055,ARTIFICIAL_INTELLIGENCE
PUB_004056,MATERIALS_CHEMISTRY
PUB_004057,COMPUTER_NETWORKS_AND_COMMUNICATIONS
PUB_004058,COMPUTER_NETWORKS_AND_COMMUNICATIONS
PUB_004059,BIOMEDICAL_ENGINEERING
PUB_004060,ARTIFICIAL_INTELLIGENCE
PUB_004061,ELECTRONIC_OPTICAL_AND_MAGNETIC_MATERIALS
PUB_004062,ELECTRICAL_AND_ELECTRONIC_ENGINEERING
PUB_004063,AEROSPACE_ENGINEERING
PUB_004064,AEROSPACE_ENGINEERING
PUB_004065,MECHANICAL_ENGINEERING
PUB_004066,AEROSPACE_ENGINEERING
PUB_004067,MECHANICS_OF_MATERIALS
PUB_004068,INFORMATION_SYSTEMS
PUB_004069,APPLIED_MATHEMATICS
PUB_004070,ELECTRICAL_AND_ELECTRONIC_ENGINEERING
PUB_004071,NUMERICAL_ANALYSIS
PUB_004072,MECHANICAL_ENGINEERING
PUB_004073,MECHANICAL_ENGINEERING
PUB_004074,MECHANICAL_ENGINEERING
PUB_004075,MECHANICS_OF_MATERIALS
PUB_004076,POLYMERS_AND_PLASTICS
PUB_004077,ASTRONOMY_AND_ASTROPHYSICS
PUB_004078,CERAMICS_AND_COMPOSITES
PUB_004079,BIOMEDICAL_ENGINEERING
PUB_004080,MECHANICAL_ENGINEERING
PUB_004081,MECHANICAL_ENGINEERING
PUB_004082,OCEAN_ENGINEERING
PUB_004083,MECHANICS_OF_MATERIALS
PUB_004084,MECHANICAL_ENGINEERING
PUB_004085,BIOMEDICAL_ENGINEERING
PUB_004086,ALGEBRA_AND_NUMBER_THEORY
PUB_004087,MATERIALS_CHEMISTRY
PUB_004088,CERAMICS_AND_COMPOSITES
PUB_004089,MECHANICAL_ENGINEERING
PUB_004090,MECHANICAL_ENGINEERING
PUB_004091,ASTRONOMY_AND_ASTROPHYSICS
PUB_004092,MECHANICAL_ENGINEERING
PUB_004093,MATHEMATICAL_PHYSICS
PUB_004094,MATERIALS_CHEMISTRY
PUB_004095,MECHANICAL_ENGINEERING
PUB_004096,APPLIED_MATHEMATICS
PUB_004097,MATERIALS_CHEMISTRY
PUB_004098,ATOMIC_AND_MOLECULAR_PHYSICS_AND_OPTICS
PUB_004099,MECHANICAL_ENGINEERING
PUB_004100,POLYMERS_AND_PLASTICS
PUB_004101,ELECTRICAL_AND_ELECTRONIC_ENGINEERING
PUB_004102,MATERIALS_CHEMISTRY
PUB_004103,BIOMATERIALS
PUB_004104,CONDENSED_MATTER_PHYSICS
PUB_004105,ELECTRICAL_AND_ELECTRONIC_ENGINEERING
PUB_004106,ARTIFICIAL_INTELLIGENCE
PUB_004107,COMPUTER_NETWORKS_AND_COMMUNICATIONS
PUB_004108,ARTIFICIAL_INTELLIGENCE
PUB_004109,ARTIFICIAL_INTELLIGENCE
PUB_004110,MECHANICAL_ENGINEERING
PUB_004111,COMPUTER_VISION_AND_PATTERN_RECOGNITION
PUB_004112,COMPUTER_NETWORKS_AND_COMMUNICATIONS
PUB_004113,MATHEMATICAL_PHYSICS
PUB_004114,ASTRONOMY_AND_ASTROPHYSICS
PUB_004115,BIOMEDICAL_ENGINEERING
PUB_004116,AEROSPACE_ENGINEERING
PUB_004117,ASTRONOMY_AND_ASTROPHYSICS
PUB_004118,COMPUTATIONAL_THEORY_AND_MATHEMATICS
PUB_004119,AUTOMOTIVE_ENGINEERING
PUB_004120,INFORMATION_SYSTEMS
PUB_004121,ELECTRICAL_AND_ELECTRONIC_ENGINEERING
PUB_004122,ELECTRICAL_AND_ELECTRONIC_ENGINEERING
PUB_004123,HARDWARE_AND_ARCHITECTURE
PUB_004124,BIOMEDICAL_ENGINEERING
PUB_004125,ELECTRICAL_AND_ELECTRONIC_ENGINEERING
PUB_004126,MATERIALS_CHEMISTRY
PUB_004127,ATOMIC_AND_MOLECULAR_PHYSICS_AND_OPTICS
PUB_004128,BIOMEDICAL_ENGINEERING
PUB_004129,METALS_AND_ALLOYS
PUB_004130,CONTROL_AND_SYSTEMS_ENGINEERING
PUB_004131,ELECTRONIC_OPTICAL_AND_MAGNETIC_MATERIALS
PUB_004132,POLYMERS_AND_PLASTICS
PUB_004133,MATERIALS_CHEMISTRY
PUB_004134,ASTRONOMY_AND_ASTROPHYSICS
PUB_004135,ASTRONOMY_AND_ASTROPHYSICS
PUB_004136,BIOMATERIALS
PUB_004137,ELECTRONIC_OPTICAL_AND_MAGNETIC_MATERIALS
PUB_004138,MECHANICAL_ENGINEERING
PUB_004139,MECHANICAL_ENGINEERING
PUB_004140,CONTROL_AND_SYSTEMS_ENGINEERING
PUB_004141,MECHANICAL_ENGINEERING
PUB_004142,MECHANICS_OF_MATERIALS
PUB_004143,MECHANICS_OF_MATERIALS
PUB_004144,COMPUTATIONAL_MECHANICS
PUB_004145,BIOMATERIALS
PUB_004146,MATERIALS_CHEMISTRY
PUB_004147,BIOMEDICAL_ENGINEERING
PUB_004148,ASTRONOMY_AND_ASTROPHYSICS
PUB_004149,ELECTRICAL_AND_ELECTRONIC_ENGINEERING
PUB_004150,BIOMATERIALS
PUB_004151,MATERIALS_CHEMISTRY
PUB_004152,MECHANICAL_ENGINEERING
PUB_004153,MATERIALS_CHEMISTRY
PUB_004154,COMPUTATIONAL_MECHANICS
PUB_004155,ELECTRICAL_AND_ELECTRONIC_ENGINEERING
PUB_004156,ASTRONOMY_AND_ASTROPHYSICS
PUB_004157,ELECTRICAL_AND_ELECTRONIC_ENGINEERING
PUB_004158,MECHANICAL_ENGINEERING
PUB_004159,ELECTRICAL_AND_ELECTRONIC_ENGINEERING
PUB_004160,ELECTRICAL_AND_ELECTRONIC_ENGINEERING
PUB_004161,POLYMERS_AND_PLASTICS
PUB_004162,AUTOMOTIVE_ENGINEERING
PUB_004163,MATERIALS_CHEMISTRY
PUB_004164,AEROSPACE_ENGINEERING
PUB_004165,AEROSPACE_ENGINEERING
PUB_004166,ARTIFICIAL_INTELLIGENCE
PUB_004167,COMPUTATIONAL_THEORY_AND_MATHEMATICS
PUB_004168,INDUSTRIAL_AND_MANUFACTURING_ENGINEERING
PUB_004169,COMPUTATIONAL_MECHANICS
PUB_004170,BIOMEDICAL_ENGINEERING
PUB_004171,BIOMEDICAL_ENGINEERING
PUB_004172,ELECTRONIC_OPTICAL_AND_MAGNETIC_MATERIALS
PUB_004173,MATERIALS_CHEMISTRY
PUB_004174,MECHANICS_OF_MATERIALS
PUB_004175,HUMANCOMPUTER_INTERACTION
PUB_004176,MATERIALS_CHEMISTRY
PUB_004177,ARTIFICIAL_INTELLIGENCE
PUB_004178,ATOMIC_AND_MOLECULAR_PHYSICS_AND_OPTICS
PUB_004179,ELECTRICAL_AND_ELECTRONIC_ENGINEERING
PUB_004180,AUTOMOTIVE_ENGINEERING
PUB_004181,MATERIALS_CHEMISTRY
PUB_004182,COMPUTER_NETWORKS_AND_COMMUNICATIONS
PUB_004183,MATERIALS_CHEMISTRY
PUB_004184,MATERIALS_CHEMISTRY
PUB_004185,MECHANICAL_ENGINEERING
PUB_004186,ASTRONOMY_AND_ASTROPHYSICS
PUB_004187,BIOMEDICAL_ENGINEERING
PUB_004188,MATERIALS_CHEMISTRY
PUB_004189,HUMANCOMPUTER_INTERACTION
PUB_004190,ATOMIC_AND_MOLECULAR_PHYSICS_AND_OPTICS
PUB_004191,MECHANICAL_ENGINEERING
PUB_004192,MATERIALS_CHEMISTRY
PUB_004193,MATERIALS_CHEMISTRY
PUB_004194,MATERIALS_CHEMISTRY
PUB_004195,MECHANICAL_ENGINEERING
PUB_004196,MECHANICAL_ENGINEERING
PUB_004197,POLYMERS_AND_PLASTICS
PUB_004198,MATERIALS_CHEMISTRY
PUB_004199,AEROSPACE_ENGINEERING
PUB_004200,CONTROL_AND_SYSTEMS_ENGINEERING
PUB_004201,MECHANICAL_ENGINEERING
PUB_004202,MATERIALS_CHEMISTRY
PUB_004203,ELECTRICAL_AND_ELECTRONIC_ENGINEERING
PUB_004204,COMPUTER_VISION_AND_PATTERN_RECOGNITION
PUB_004205,ASTRONOMY_AND_ASTROPHYSICS
PUB_004206,ATOMIC_AND_MOLECULAR_PHYSICS_AND_OPTICS
PUB_004207,COMPUTATIONAL_MECHANICS
PUB_004208,MATERIALS_CHEMISTRY
PUB_004209,MECHANICAL_ENGINEERING
PUB_004210,MATERIALS_CHEMISTRY
PUB_004211,MATERIALS_CHEMISTRY
PUB_004212,MECHANICAL_ENGINEERING
PUB_004213,MATERIALS_CHEMISTRY
PUB_004214,BIOMEDICAL_ENGINEERING
PUB_004215,ARTIFICIAL_INTELLIGENCE
PUB_004216,MATERIALS_CHEMISTRY
PUB_004217,STATISTICAL_AND_NONLINEAR_PHYSICS
PUB_004218,INFORMATION_SYSTEMS
PUB_004219,MATERIALS_CHEMISTRY
PUB_004220,MECHANICAL_ENGINEERING
PUB_004221,MATERIALS_CHEMISTRY
PUB_004222,ELECTRICAL_AND_ELECTRONIC_ENGINEERING
PUB_004223,COMPUTATIONAL_MECHANICS
PUB_004224,MECHANICAL_ENGINEERING
PUB_004225,MECHANICAL_ENGINEERING
PUB_004226,ELECTRICAL_AND_ELECTRONIC_ENGINEERING
PUB_004227,ELECTRICAL_AND_ELECTRONIC_ENGINEERING
PUB_004228,ARTIFICIAL_INTELLIGENCE
PUB_004229,CONDENSED_MATTER_PHYSICS
PUB_004230,MECHANICS_OF_MATERIALS
PUB_004231,MATERIALS_CHEMISTRY
PUB_004232,ASTRONOMY_AND_ASTROPHYSICS
PUB_004233,MECHANICAL_ENGINEERING
PUB_004234,MECHANICAL_ENGINEERING
PUB_004235,MODELING_AND_SIMULATION
PUB_004236,ELECTRICAL_AND_ELECTRONIC_ENGINEERING
PUB_004237,MODELING_AND_SIMULATION
PUB_004238,AEROSPACE_ENGINEERING
PUB_004239,ASTRONOMY_AND_ASTROPHYSICS
PUB_004240,ELECTRICAL_AND_ELECTRONIC_ENGINEERING
PUB_004241,MATERIALS_CHEMISTRY
PUB_004242,AEROSPACE_ENGINEERING
PUB_004243,MATERIALS_CHEMISTRY
PUB_004244,HUMANCOMPUTER_INTERACTION
PUB_004245,MATHEMATICAL_PHYSICS
PUB_004246,COMPUTATIONAL_MECHANICS
PUB_004247,ELECTRICAL_AND_ELECTRONIC_ENGINEERING
PUB_004248,SAFETY_RISK_RELIABILITY_AND_QUALITY
PUB_004249,BIOMEDICAL_ENGINEERING
PUB_004250,MATERIALS_CHEMISTRY
PUB_004251,ELECTRONIC_OPTICAL_AND_MAGNETIC_MATERIALS
PUB_004252,ELECTRICAL_AND_ELECTRONIC_ENGINEERING
PUB_004253,CONDENSED_MATTER_PHYSICS
PUB_004254,COMPUTATIONAL_MECHANICS
PUB_004255,MATERIALS_CHEMISTRY
PUB_004256,ELECTRICAL_AND_ELECTRONIC_ENGINEERING
PUB_004257,CIVIL_AND_STRUCTURAL_ENGINEERING
PUB_004258,MATERIALS_CHEMISTRY
PUB_004259,AEROSPACE_ENGINEERING
PUB_004260,MATERIALS_CHEMISTRY
PUB_004261,MATERIALS_CHEMISTRY
PUB_004262,CIVIL_AND_STRUCTURAL_ENGINEERING
PUB_004263,MECHANICAL_ENGINEERING
PUB_004264,BIOMEDICAL_ENGINEERING
PUB_004265,ELECTRONIC_OPTICAL_AND_MAGNETIC_MATERIALS
PUB_004266,MECHANICS_OF_MATERIALS
PUB_004267,BIOMEDICAL_ENGINEERING
PUB_004268,MATERIALS_CHEMISTRY
PUB_004269,MECHANICAL_ENGINEERING
PUB_004270,ARTIFICIAL_INTELLIGENCE
PUB_004271,MATERIALS_CHEMISTRY
PUB_004272,MATERIALS_CHEMISTRY
PUB_004273,ARTIFICIAL_INTELLIGENCE
PUB_004274,MECHANICAL_ENGINEERING
PUB_004275,MECHANICAL_ENGINEERING
PUB_004276,COMPUTER_VISION_AND_PATTERN_RECOGNITION
PUB_004277,BUILDING_AND_CONSTRUCTION
PUB_004278,MATERIALS_CHEMISTRY
PUB_004279,MATERIALS_CHEMISTRY
PUB_004280,POLYMERS_AND_PLASTICS
PUB_004281,ELECTRICAL_AND_ELECTRONIC_ENGINEERING
PUB_004282,MECHANICAL_ENGINEERING
PUB_004283,MATERIALS_CHEMISTRY
PUB_004284,ELECTRICAL_AND_ELECTRONIC_ENGINEERING
PUB_004285,ELECTRICAL_AND_ELECTRONIC_ENGINEERING
PUB_004286,AEROSPACE_ENGINEERING
PUB_004287,CONTROL_AND_SYSTEMS_ENGINEERING
PUB_004288,MATERIALS_CHEMISTRY
PUB_004289,BIOMEDICAL_ENGINEERING
PUB_004290,SIGNAL_PROCESSING
PUB_004291,ELECTRICAL_AND_ELECTRONIC_ENGINEERING
PUB_004292,AEROSPACE_ENGINEERING
PUB_004293,MATERIALS_CHEMISTRY
PUB_004294,CONDENSED_MATTER_PHYSICS
PUB_004295,MATERIALS_CHEMISTRY
PUB_004296,ELECTRONIC_OPTICAL_AND_MAGNETIC_MATERIALS
PUB_004297,ELECTRICAL_AND_ELECTRONIC_ENGINEERING
PUB_004298,ELECTRICAL_AND_ELECTRONIC_ENGINEERING
PUB_004299,ARTIFICIAL_INTELLIGENCE
PUB_004300,MECHANICAL_ENGINEERING
PUB_004301,MECHANICAL_ENGINEERING
PUB_004302,MATERIALS_CHEMISTRY
PUB_004303,COMPUTATIONAL_MECHANICS
PUB_004304,SAFETY_RISK_RELIABILITY_AND_QUALITY
PUB_004305,ELECTRICAL_AND_ELECTRONIC_ENGINEERING
PUB_004306,MATERIALS_CHEMISTRY
PUB_004307,AEROSPACE_ENGINEERING
PUB_004308,BIOMEDICAL_ENGINEERING
PUB_004309,ELECTRICAL_AND_ELECTRONIC_ENGINEERING
PUB_004310,ELECTRICAL_AND_ELECTRONIC_ENGINEERING
PUB_004311,MECHANICAL_ENGINEERING
PUB_004312,CONTROL_AND_SYSTEMS_ENGINEERING
PUB_004313,MATERIALS_CHEMISTRY
PUB_004314,MATERIALS_CHEMISTRY
PUB_004315,MECHANICAL_ENGINEERING
PUB_004316,BIOMEDICAL_ENGINEERING
PUB_004317,MECHANICAL_ENGINEERING
PUB_004318,MECHANICS_OF_MATERIALS
PUB_004319,ELECTRICAL_AND_ELECTRONIC_ENGINEERING
PUB_004320,ATOMIC_AND_MOLECULAR_PHYSICS_AND_OPTICS
PUB_004321,MATERIALS_CHEMISTRY
PUB_004322,MATERIALS_CHEMISTRY
PUB_004323,MATERIALS_CHEMISTRY
PUB_004324,ASTRONOMY_AND_ASTROPHYSICS
PUB_004325,BIOMATERIALS
PUB_004326,BIOMATERIALS
PUB_004327,SAFETY_RISK_RELIABILITY_AND_QUALITY
PUB_004328,ARTIFICIAL_INTELLIGENCE
PUB_004329,ASTRONOMY_AND_ASTROPHYSICS
PUB_004330,MATERIALS_CHEMISTRY
PUB_004331,ELECTRICAL_AND_ELECTRONIC_ENGINEERING
PUB_004332,MECHANICAL_ENGINEERING
PUB_004333,BUILDING_AND_CONSTRUCTION
PUB_004334,MATERIALS_CHEMISTRY
PUB_004335,BIOMEDICAL_ENGINEERING
PUB_004336,MATERIALS_CHEMISTRY
PUB_004337,ELECTRICAL_AND_ELECTRONIC_ENGINEERING
PUB_004338,MATERIALS_CHEMISTRY
PUB_004339,COMPUTER_NETWORKS_AND_COMMUNICATIONS
PUB_004340,ELECTRICAL_AND_ELECTRONIC_ENGINEERING
PUB_004341,MATERIALS_CHEMISTRY
PUB_004342,MATERIALS_CHEMISTRY
PUB_004343,MATERIALS_CHEMISTRY
PUB_004344,OCEAN_ENGINEERING
PUB_004345,ELECTRICAL_AND_ELECTRONIC_ENGINEERING
PUB_004346,ELECTRONIC_OPTICAL_AND_MAGNETIC_MATERIALS
PUB_004347,COMPUTATIONAL_MECHANICS
PUB_004348,MATERIALS_CHEMISTRY
PUB_004349,COMPUTATIONAL_THEORY_AND_MATHEMATICS
PUB_004350,AUTOMOTIVE_ENGINEERING
PUB_004351,ELECTRICAL_AND_ELECTRONIC_ENGINEERING
PUB_004352,BIOMEDICAL_ENGINEERING
PUB_004353,ELECTRICAL_AND_ELECTRONIC_ENGINEERING
PUB_004354,ELECTRICAL_AND_ELECTRONIC_ENGINEERING
PUB_004355,MECHANICAL_ENGINEERING
PUB_004356,CONDENSED_MATTER_PHYSICS
PUB_004357,CONDENSED_MATTER_PHYSICS
PUB_004358,MATERIALS_CHEMISTRY
PUB_004359,ELECTRICAL_AND_ELECTRONIC_ENGINEERING
PUB_004360,AUTOMOTIVE_ENGINEERING
PUB_004361,BIOMEDICAL_ENGINEERING
PUB_004362,MATERIALS_CHEMISTRY
PUB_004363,ELECTRONIC_OPTICAL_AND_MAGNETIC_MATERIALS
PUB_004364,INDUSTRIAL_AND_MANUFACTURING_ENGINEERING
PUB_004365,MATERIALS_CHEMISTRY
PUB_004366,BIOMEDICAL_ENGINEERING
PUB_004367,BIOMATERIALS
PUB_004368,ELECTRICAL_AND_ELECTRONIC_ENGINEERING
PUB_004369,ELECTRICAL_AND_ELECTRONIC_ENGINEERING
PUB_004370,MECHANICAL_ENGINEERING
PUB_004371,ELECTRICAL_AND_ELECTRONIC_ENGINEERING
PUB_004372,COMPUTER_NETWORKS_AND_COMMUNICATIONS
PUB_004373,COMPUTATIONAL_MECHANICS
PUB_004374,BIOMEDICAL_ENGINEERING
PUB_004375,ELECTRICAL_AND_ELECTRONIC_ENGINEERING
PUB_004376,ELECTRICAL_AND_ELECTRONIC_ENGINEERING
PUB_004377,ELECTRICAL_AND_ELECTRONIC_ENGINEERING
PUB_004378,ASTRONOMY_AND_ASTROPHYSICS
PUB_004379,ELECTRICAL_AND_ELECTRONIC_ENGINEERING
PUB_004380,ATOMIC_AND_MOLECULAR_PHYSICS_AND_OPTICS
PUB_004381,ELECTRICAL_AND_ELECTRONIC_ENGINEERING
PUB_004382,ELECTRONIC_OPTICAL_AND_MAGNETIC_MATERIALS
PUB_004383,ATOMIC_AND_MOLECULAR_PHYSICS_AND_OPTICS
PUB_004384,BIOMEDICAL_ENGINEERING
PUB_004385,BIOMEDICAL_ENGINEERING
PUB_004386,ELECTRONIC_OPTICAL_AND_MAGNETIC_MATERIALS
PUB_004387,ELECTRICAL_AND_ELECTRONIC_ENGINEERING
PUB_004388,ARTIFICIAL_INTELLIGENCE
PUB_004389,ARTIFICIAL_INTELLIGENCE
PUB_004390,ELECTRONIC_OPTICAL_AND_MAGNETIC_MATERIALS
PUB_004391,ELECTRICAL_AND_ELECTRONIC_ENGINEERING
PUB_004392,ELECTRICAL_AND_ELECTRONIC_ENGINEERING
PUB_004393,AUTOMOTIVE_ENGINEERING
PUB_004394,MECHANICAL_ENGINEERING
PUB_004395,MATERIALS_CHEMISTRY
PUB_004396,ELECTRICAL_AND_ELECTRONIC_ENGINEERING
PUB_004397,ELECTRICAL_AND_ELECTRONIC_ENGINEERING
PUB_004398,ELECTRICAL_AND_ELECTRONIC_ENGINEERING
PUB_004399,POLYMERS_AND_PLASTICS
PUB_004400,MATERIALS_CHEMISTRY
PUB_004401,COMPUTATIONAL_MECHANICS
PUB_004402,ELECTRICAL_AND_ELECTRONIC_ENGINEERING
PUB_004403,ATOMIC_AND_MOLECULAR_PHYSICS_AND_OPTICS
PUB_004404,MECHANICAL_ENGINEERING
PUB_004405,ELECTRONIC_OPTICAL_AND_MAGNETIC_MATERIALS
PUB_004406,BIOMEDICAL_ENGINEERING
PUB_004407,MATERIALS_CHEMISTRY
PUB_004408,MECHANICAL_ENGINEERING
PUB_004409,ELECTRICAL_AND_ELECTRONIC_ENGINEERING
PUB_004410,MATERIALS_CHEMISTRY
PUB_004411,BIOMEDICAL_ENGINEERING
PUB_004412,CIVIL_AND_STRUCTURAL_ENGINEERING
PUB_004413,COMPUTER_VISION_AND_PATTERN_RECOGNITION
PUB_004414,ATOMIC_AND_MOLECULAR_PHYSICS_AND_OPTICS
PUB_004415,COMPUTATIONAL_MECHANICS
PUB_004416,MATERIALS_CHEMISTRY
PUB_004417,MECHANICAL_ENGINEERING
PUB_004418,ELECTRONIC_OPTICAL_AND_MAGNETIC_MATERIALS
PUB_004419,ARTIFICIAL_INTELLIGENCE
PUB_004420,INDUSTRIAL_AND_MANUFACTURING_ENGINEERING
PUB_004421,ELECTRICAL_AND_ELECTRONIC_ENGINEERING
PUB_004422,BIOMEDICAL_ENGINEERING
PUB_004423,MATERIALS_CHEMISTRY
PUB_004424,MODELING_AND_SIMULATION
PUB_004425,ARTIFICIAL_INTELLIGENCE
PUB_004426,ELECTRONIC_OPTICAL_AND_MAGNETIC_MATERIALS
PUB_004427,BIOMEDICAL_ENGINEERING
PUB_004428,MATERIALS_CHEMISTRY
PUB_004429,MECHANICS_OF_MATERIALS
PUB_004430,BIOMEDICAL_ENGINEERING
PUB_004431,POLYMERS_AND_PLASTICS
PUB_004432,ATOMIC_AND_MOLECULAR_PHYSICS_AND_OPTICS
PUB_004433,ATOMIC_AND_MOLECULAR_PHYSICS_AND_OPTICS
PUB_004434,ATOMIC_AND_MOLECULAR_PHYSICS_AND_OPTICS
PUB_004435,BIOMEDICAL_ENGINEERING
PUB_004436,BUILDING_AND_CONSTRUCTION
PUB_004437,ELECTRICAL_AND_ELECTRONIC_ENGINEERING
PUB_004438,ELECTRICAL_AND_ELECTRONIC_ENGINEERING
PUB_004439,AEROSPACE_ENGINEERING
PUB_004440,BIOMEDICAL_ENGINEERING
PUB_004441,COMPUTATIONAL_MECHANICS
PUB_004442,ELECTRONIC_OPTICAL_AND_MAGNETIC_MATERIALS
PUB_004443,ELECTRICAL_AND_ELECTRONIC_ENGINEERING
PUB_004444,BIOMEDICAL_ENGINEERING
PUB_004445,MATERIALS_CHEMISTRY
PUB_004446,ELECTRONIC_OPTICAL_AND_MAGNETIC_MATERIALS
PUB_004447,MECHANICS_OF_MATERIALS
PUB_004448,ELECTRICAL_AND_ELECTRONIC_ENGINEERING
PUB_004449,ELECTRICAL_AND_ELECTRONIC_ENGINEERING
PUB_004450,MATERIALS_CHEMISTRY
PUB_004451,BIOMEDICAL_ENGINEERING
PUB_004452,HARDWARE_AND_ARCHITECTURE
PUB_004453,MATERIALS_CHEMISTRY
PUB_004454,COMPUTATIONAL_MECHANICS
PUB_004455,COMPUTER_NETWORKS_AND_COMMUNICATIONS
PUB_004456,MECHANICS_OF_MATERIALS
PUB_004457,ATOMIC_AND_MOLECULAR_PHYSICS_AND_OPTICS
PUB_004458,BIOMEDICAL_ENGINEERING
PUB_004459,ELECTRICAL_AND_ELECTRONIC_ENGINEERING
PUB_004460,OCEAN_ENGINEERING
PUB_004461,BIOMATERIALS
PUB_004462,ASTRONOMY_AND_ASTROPHYSICS
PUB_004463,BIOMEDICAL_ENGINEERING
PUB_004464,ARTIFICIAL_INTELLIGENCE
PUB_004465,CONDENSED_MATTER_PHYSICS
PUB_004466,CONTROL_AND_SYSTEMS_ENGINEERING
PUB_004467,CONDENSED_MATTER_PHYSICS
PUB_004468,COMPUTATIONAL_MECHANICS
PUB_004469,BIOMATERIALS
PUB_004470,POLYMERS_AND_PLASTICS
PUB_004471,MODELING_AND_SIMULATION
PUB_004472,MATERIALS_CHEMISTRY
PUB_004473,ATOMIC_AND_MOLECULAR_PHYSICS_AND_OPTICS
PUB_004474,COMPUTATIONAL_MECHANICS
PUB_004475,BIOMATERIALS
PUB_004476,HARDWARE_AND_ARCHITECTURE
PUB_004477,ASTRONOMY_AND_ASTROPHYSICS
PUB_004478,ASTRONOMY_AND_ASTROPHYSICS
PUB_004479,INFORMATION_SYSTEMS
PUB_004480,MECHANICAL_ENGINEERING
PUB_004481,ELECTRICAL_AND_ELECTRONIC_ENGINEERING
PUB_004482,SURFACES_COATINGS_AND_FILMS
PUB_004483,ELECTRICAL_AND_ELECTRONIC_ENGINEERING
PUB_004484,ASTRONOMY_AND_ASTROPHYSICS
PUB_004485,ASTRONOMY_AND_ASTROPHYSICS
PUB_004486,MECHANICS_OF_MATERIALS
PUB_004487,MATERIALS_CHEMISTRY
PUB_004488,MECHANICAL_ENGINEERING
PUB_004489,ELECTRICAL_AND_ELECTRONIC_ENGINEERING
PUB_004490,MATERIALS_CHEMISTRY
PUB_004491,MATERIALS_CHEMISTRY
PUB_004492,MATERIALS_CHEMISTRY
PUB_004493,ATOMIC_AND_MOLECULAR_PHYSICS_AND_OPTICS
PUB_004494,ELECTRICAL_AND_ELECTRONIC_ENGINEERING
PUB_004495,MATERIALS_CHEMISTRY
PUB_004496,ATOMIC_AND_MOLECULAR_PHYSICS_AND_OPTICS
PUB_004497,ARTIFICIAL_INTELLIGENCE
PUB_004498,MATERIALS_CHEMISTRY
PUB_004499,ELECTRICAL_AND_ELECTRONIC_ENGINEERING
PUB_004500,ELECTRICAL_AND_ELECTRONIC_ENGINEERING
PUB_004501,AEROSPACE_ENGINEERING
PUB_004502,BIOMEDICAL_ENGINEERING
PUB_004503,ASTRONOMY_AND_ASTROPHYSICS
PUB_004504,MATERIALS_CHEMISTRY
PUB_004505,MATERIALS_CHEMISTRY
PUB_004506,MATERIALS_CHEMISTRY
PUB_004507,POLYMERS_AND_PLASTICS
PUB_004508,MATERIALS_CHEMISTRY
PUB_004509,OCEAN_ENGINEERING
PUB_004510,MATERIALS_CHEMISTRY
PUB_004511,ATOMIC_AND_MOLECULAR_PHYSICS_AND_OPTICS
PUB_004512,POLYMERS_AND_PLASTICS
PUB_004513,ARTIFICIAL_INTELLIGENCE
PUB_004514,ASTRONOMY_AND_ASTROPHYSICS
PUB_004515,BIOMEDICAL_ENGINEERING
PUB_004516,ATOMIC_AND_MOLECULAR_PHYSICS_AND_OPTICS
PUB_004517,BIOMATERIALS
PUB_004518,MATERIALS_CHEMISTRY
PUB_004519,AEROSPACE_ENGINEERING
PUB_004520,AEROSPACE_ENGINEERING
PUB_004521,ATOMIC_AND_MOLECULAR_PHYSICS_AND_OPTICS
PUB_004522,BIOMEDICAL_ENGINEERING
PUB_004523,ARTIFICIAL_INTELLIGENCE
PUB_004524,MATERIALS_CHEMISTRY
PUB_004525,APPLIED_MATHEMATICS
PUB_004526,ARTIFICIAL_INTELLIGENCE
PUB_004527,MATERIALS_CHEMISTRY
PUB_004528,ELECTRONIC_OPTICAL_AND_MAGNETIC_MATERIALS
PUB_004529,ASTRONOMY_AND_ASTROPHYSICS
PUB_004530,MATERIALS_CHEMISTRY
PUB_004531,CONDENSED_MATTER_PHYSICS
PUB_004532,MATERIALS_CHEMISTRY
PUB_004533,MATERIALS_CHEMISTRY
PUB_004534,CIVIL_AND_STRUCTURAL_ENGINEERING
PUB_004535,MECHANICAL_ENGINEERING
PUB_004536,ELECTRICAL_AND_ELECTRONIC_ENGINEERING
PUB_004537,INFORMATION_SYSTEMS
PUB_004538,ARTIFICIAL_INTELLIGENCE
PUB_004539,ATOMIC_AND_MOLECULAR_PHYSICS_AND_OPTICS
PUB_004540,MECHANICS_OF_MATERIALS
PUB_004541,MATERIALS_CHEMISTRY
PUB_004542,COMPUTER_VISION_AND_PATTERN_RECOGNITION
PUB_004543,COMPUTATIONAL_MECHANICS
PUB_004544,MATERIALS_CHEMISTRY
PUB_004545,ELECTRONIC_OPTICAL_AND_MAGNETIC_MATERIALS
PUB_004546,MATERIALS_CHEMISTRY
PUB_004547,ELECTRICAL_AND_ELECTRONIC_ENGINEERING
PUB_004548,MECHANICAL_ENGINEERING
PUB_004549,MATERIALS_CHEMISTRY
PUB_004550,ELECTRICAL_AND_ELECTRONIC_ENGINEERING
PUB_004551,BIOMEDICAL_ENGINEERING
PUB_004552,STATISTICAL_AND_NONLINEAR_PHYSICS
PUB_004553,MATERIALS_CHEMISTRY
PUB_004554,BIOMEDICAL_ENGINEERING
PUB_004555,STATISTICAL_AND_NONLINEAR_PHYSICS
PUB_004556,INDUSTRIAL_AND_MANUFACTURING_ENGINEERING
PUB_004557,MATERIALS_CHEMISTRY
PUB_004558,ELECTRONIC_OPTICAL_AND_MAGNETIC_MATERIALS
PUB_004559,MATERIALS_CHEMISTRY
PUB_004560,BIOMEDICAL_ENGINEERING
PUB_004561,ELECTRICAL_AND_ELECTRONIC_ENGINEERING
PUB_004562,BIOMEDICAL_ENGINEERING
PUB_004563,ELECTRICAL_AND_ELECTRONIC_ENGINEERING
PUB_004564,MATERIALS_CHEMISTRY
PUB_004565,MECHANICS_OF_MATERIALS
PUB_004566,SAFETY_RISK_RELIABILITY_AND_QUALITY
PUB_004567,COMPUTATIONAL_MECHANICS
PUB_004568,ELECTRICAL_AND_ELECTRONIC_ENGINEERING
PUB_004569,ELECTRICAL_AND_ELECTRONIC_ENGINEERING
PUB_004570,COMPUTATIONAL_MECHANICS
PUB_004571,ELECTRICAL_AND_ELECTRONIC_ENGINEERING
PUB_004572,BIOMATERIALS
PUB_004573,BIOMEDICAL_ENGINEERING
PUB_004574,BUILDING_AND_CONSTRUCTION
PUB_004575,ELECTRICAL_AND_ELECTRONIC_ENGINEERING
PUB_004576,MATERIALS_CHEMISTRY
PUB_004577,MATERIALS_CHEMISTRY
PUB_004578,ATOMIC_AND_MOLECULAR_PHYSICS_AND_OPTICS
PUB_004579,BIOMATERIALS
PUB_004580,MECHANICS_OF_MATERIALS
PUB_004581,COMPUTATIONAL_MECHANICS
PUB_004582,ATOMIC_AND_MOLECULAR_PHYSICS_AND_OPTICS
PUB_004583,ARTIFICIAL_INTELLIGENCE
PUB_004584,ELECTRONIC_OPTICAL_AND_MAGNETIC_MATERIALS
PUB_004585,COMPUTATIONAL_MECHANICS
PUB_004586,ELECTRONIC_OPTICAL_AND_MAGNETIC_MATERIALS
PUB_004587,ASTRONOMY_AND_ASTROPHYSICS
PUB_004588,ELECTRONIC_OPTICAL_AND_MAGNETIC_MATERIALS
PUB_004589,COMPUTATIONAL_THEORY_AND_MATHEMATICS
PUB_004590,ATOMIC_AND_MOLECULAR_PHYSICS_AND_OPTICS
PUB_004591,MECHANICAL_ENGINEERING
PUB_004592,COMPUTER_VISION_AND_PATTERN_RECOGNITION
PUB_004593,BIOMEDICAL_ENGINEERING
PUB_004594,AUTOMOTIVE_ENGINEERING
PUB_004595,AEROSPACE_ENGINEERING
PUB_004596,COMPUTER_VISION_AND_PATTERN_RECOGNITION
PUB_004597,COMPUTATIONAL_THEORY_AND_MATHEMATICS
PUB_004598,ARTIFICIAL_INTELLIGENCE
PUB_004599,ELECTRICAL_AND_ELECTRONIC_ENGINEERING
PUB_004600,ATOMIC_AND_MOLECULAR_PHYSICS_AND_OPTICS
PUB_004601,COMPUTATIONAL_MECHANICS
PUB_004602,HUMANCOMPUTER_INTERACTION
PUB_004603,AEROSPACE_ENGINEERING
PUB_004604,POLYMERS_AND_PLASTICS
PUB_004605,ATOMIC_AND_MOLECULAR_PHYSICS_AND_OPTICS
PUB_004606,MECHANICAL_ENGINEERING
PUB_004607,ELECTRICAL_AND_ELECTRONIC_ENGINEERING
PUB_004608,MATERIALS_CHEMISTRY
PUB_004609,MATERIALS_CHEMISTRY
PUB_004610,ATOMIC_AND_MOLECULAR_PHYSICS_AND_OPTICS
PUB_004611,MATERIALS_CHEMISTRY
PUB_004612,INFORMATION_SYSTEMS
PUB_004613,POLYMERS_AND_PLASTICS
PUB_004614,MECHANICAL_ENGINEERING
PUB_004615,MECHANICAL_ENGINEERING
PUB_004616,ELECTRICAL_AND_ELECTRONIC_ENGINEERING
PUB_004617,MATERIALS_CHEMISTRY
PUB_004618,ATOMIC_AND_MOLECULAR_PHYSICS_AND_OPTICS
PUB_004619,BIOMEDICAL_ENGINEERING
PUB_004620,COMPUTATIONAL_MECHANICS
PUB_004621,AEROSPACE_ENGINEERING
PUB_004622,BIOMATERIALS
PUB_004623,MATERIALS_CHEMISTRY
PUB_004624,MECHANICAL_ENGINEERING
PUB_004625,MECHANICS_OF_MATERIALS
PUB_004626,CONTROL_AND_SYSTEMS_ENGINEERING
PUB_004627,ELECTRICAL_AND_ELECTRONIC_ENGINEERING
PUB_004628,ELECTRICAL_AND_ELECTRONIC_ENGINEERING
PUB_004629,ARTIFICIAL_INTELLIGENCE
PUB_004630,COMPUTER_NETWORKS_AND_COMMUNICATIONS
PUB_004631,MATERIALS_CHEMISTRY
PUB_004632,SAFETY_RISK_RELIABILITY_AND_QUALITY
PUB_004633,ELECTRICAL_AND_ELECTRONIC_ENGINEERING
PUB_004634,INFORMATION_SYSTEMS
PUB_004635,COMPUTATIONAL_MECHANICS
PUB_004636,SIGNAL_PROCESSING
PUB_004637,BIOMEDICAL_ENGINEERING
PUB_004638,AEROSPACE_ENGINEERING
PUB_004639,CONDENSED_MATTER_PHYSICS
PUB_004640,ATOMIC_AND_MOLECULAR_PHYSICS_AND_OPTICS
PUB_004641,BIOMATERIALS
PUB_004642,COMPUTATIONAL_THEORY_AND_MATHEMATICS
PUB_004643,MECHANICS_OF_MATERIALS
PUB_004644,MATERIALS_CHEMISTRY
PUB_004645,MECHANICS_OF_MATERIALS
PUB_004646,CIVIL_AND_STRUCTURAL_ENGINEERING
PUB_004647,BIOMATERIALS
PUB_004648,MECHANICAL_ENGINEERING
PUB_004649,MATERIALS_CHEMISTRY
PUB_004650,MATERIALS_CHEMISTRY
PUB_004651,MATERIALS_CHEMISTRY
PUB_004652,MATERIALS_CHEMISTRY
PUB_004653,ELECTRICAL_AND_ELECTRONIC_ENGINEERING
PUB_004654,ELECTRICAL_AND_ELECTRONIC_ENGINEERING
PUB_004655,ELECTRICAL_AND_ELECTRONIC_ENGINEERING
PUB_004656,CONTROL_AND_SYSTEMS_ENGINEERING
PUB_004657,COMPUTATIONAL_MECHANICS
PUB_004658,BIOMEDICAL_ENGINEERING
PUB_004659,CONTROL_AND_SYSTEMS_ENGINEERING
PUB_004660,MATERIALS_CHEMISTRY
PUB_004661,ELECTRICAL_AND_ELECTRONIC_ENGINEERING
PUB_004662,MATERIALS_CHEMISTRY
PUB_004663,ELECTRICAL_AND_ELECTRONIC_ENGINEERING
PUB_004664,AEROSPACE_ENGINEERING
PUB_004665,MATERIALS_CHEMISTRY
PUB_004666,COMPUTER_VISION_AND_PATTERN_RECOGNITION
PUB_004667,CIVIL_AND_STRUCTURAL_ENGINEERING
PUB_004668,ELECTRICAL_AND_ELECTRONIC_ENGINEERING
PUB_004669,ATOMIC_AND_MOLECULAR_PHYSICS_AND_OPTICS
PUB_004670,METALS_AND_ALLOYS
PUB_004671,COMPUTATIONAL_MECHANICS
PUB_004672,MECHANICS_OF_MATERIALS
PUB_004673,STATISTICAL_AND_NONLINEAR_PHYSICS
PUB_004674,MATERIALS_CHEMISTRY
PUB_004675,INFORMATION_SYSTEMS
PUB_004676,POLYMERS_AND_PLASTICS
PUB_004677,HARDWARE_AND_ARCHITECTURE
PUB_004678,ARTIFICIAL_INTELLIGENCE
PUB_004679,MATERIALS_CHEMISTRY
PUB_004680,MECHANICAL_ENGINEERING
PUB_004681,ATOMIC_AND_MOLECULAR_PHYSICS_AND_OPTICS
PUB_004682,CIVIL_AND_STRUCTURAL_ENGINEERING
PUB_004683,ATOMIC_AND_MOLECULAR_PHYSICS_AND_OPTICS
PUB_004684,ATOMIC_AND_MOLECULAR_PHYSICS_AND_OPTICS
PUB_004685,MECHANICS_OF_MATERIALS
PUB_004686,AEROSPACE_ENGINEERING
PUB_004687,CONDENSED_MATTER_PHYSICS
PUB_004688,ELECTRICAL_AND_ELECTRONIC_ENGINEERING
PUB_004689,COMPUTER_VISION_AND_PATTERN_RECOGNITION
PUB_004690,GEOMETRY_AND_TOPOLOGY
PUB_004691,ELECTRICAL_AND_ELECTRONIC_ENGINEERING
PUB_004692,AEROSPACE_ENGINEERING
PUB_004693,BIOMEDICAL_ENGINEERING
PUB_004694,MECHANICAL_ENGINEERING
PUB_004695,ASTRONOMY_AND_ASTROPHYSICS
PUB_004696,HUMANCOMPUTER_INTERACTION
PUB_004697,MATERIALS_CHEMISTRY
PUB_004698,ARTIFICIAL_INTELLIGENCE
PUB_004699,ASTRONOMY_AND_ASTROPHYSICS
PUB_004700,MECHANICS_OF_MATERIALS
PUB_004701,BUILDING_AND_CONSTRUCTION
PUB_004702,INDUSTRIAL_AND_MANUFACTURING_ENGINEERING
PUB_004703,BIOMEDICAL_ENGINEERING
PUB_004704,STATISTICAL_AND_NONLINEAR_PHYSICS
PUB_004705,MECHANICAL_ENGINEERING
PUB_004706,APPLIED_MATHEMATICS
PUB_004707,ELECTRONIC_OPTICAL_AND_MAGNETIC_MATERIALS
PUB_004708,CONDENSED_MATTER_PHYSICS
PUB_004709,POLYMERS_AND_PLASTICS
PUB_004710,ARTIFICIAL_INTELLIGENCE
PUB_004711,CIVIL_AND_STRUCTURAL_ENGINEERING
PUB_004712,INFORMATION_SYSTEMS
PUB_004713,AEROSPACE_ENGINEERING
PUB_004714,BIOMEDICAL_ENGINEERING
PUB_004715,COMPUTATIONAL_MECHANICS
PUB_004716,ELECTRONIC_OPTICAL_AND_MAGNETIC_MATERIALS
PUB_004717,MATERIALS_CHEMISTRY
PUB_004718,OCEAN_ENGINEERING
PUB_004719,CONDENSED_MATTER_PHYSICS
PUB_004720,ARTIFICIAL_INTELLIGENCE
PUB_004721,ELECTRICAL_AND_ELECTRONIC_ENGINEERING
PUB_004722,MATERIALS_CHEMISTRY
PUB_004723,CIVIL_AND_STRUCTURAL_ENGINEERING
PUB_004724,MATERIALS_CHEMISTRY
PUB_004725,BIOMEDICAL_ENGINEERING
PUB_004726,INFORMATION_SYSTEMS
PUB_004727,MODELING_AND_SIMULATION
PUB_004728,RADIATION
PUB_004729,ELECTRICAL_AND_ELECTRONIC_ENGINEERING
PUB_004730,MECHANICS_OF_MATERIALS
PUB_004731,ELECTRICAL_AND_ELECTRONIC_ENGINEERING
PUB_004732,SAFETY_RISK_RELIABILITY_AND_QUALITY
PUB_004733,MATERIALS_CHEMISTRY
PUB_004734,ASTRONOMY_AND_ASTROPHYSICS
PUB_004735,HARDWARE_AND_ARCHITECTURE
PUB_004736,ELECTRICAL_AND_ELECTRONIC_ENGINEERING
PUB_004737,OCEAN_ENGINEERING
PUB_004738,ASTRONOMY_AND_ASTROPHYSICS
PUB_004739,ELECTRICAL_AND_ELECTRONIC_ENGINEERING
PUB_004740,COMPUTER_NETWORKS_AND_COMMUNICATIONS
PUB_004741,ARTIFICIAL_INTELLIGENCE
PUB_004742,MATERIALS_CHEMISTRY
PUB_004743,MATERIALS_CHEMISTRY
PUB_004744,ASTRONOMY_AND_ASTROPHYSICS
PUB_004745,ARTIFICIAL_INTELLIGENCE
PUB_004746,ELECTRICAL_AND_ELECTRONIC_ENGINEERING
PUB_004747,ELECTRICAL_AND_ELECTRONIC_ENGINEERING
PUB_004748,ELECTRICAL_AND_ELECTRONIC_ENGINEERING
PUB_004749,COMPUTATIONAL_THEORY_AND_MATHEMATICS
PUB_004750,MATERIALS_CHEMISTRY
PUB_004751,MATERIALS_CHEMISTRY
PUB_004752,ALGEBRA_AND_NUMBER_THEORY
PUB_004753,ELECTRONIC_OPTICAL_AND_MAGNETIC_MATERIALS
PUB_004754,ELECTRONIC_OPTICAL_AND_MAGNETIC_MATERIALS
PUB_004755,MECHANICAL_ENGINEERING
PUB_004756,MECHANICAL_ENGINEERING
PUB_004757,ELECTRICAL_AND_ELECTRONIC_ENGINEERING
PUB_004758,COMPUTER_NETWORKS_AND_COMMUNICATIONS
PUB_004759,MODELING_AND_SIMULATION
PUB_004760,MECHANICAL_ENGINEERING
PUB_004761,MATERIALS_CHEMISTRY
PUB_004762,COMPUTER_VISION_AND_PATTERN_RECOGNITION
PUB_004763,CONDENSED_MATTER_PHYSICS
PUB_004764,MECHANICAL_ENGINEERING
PUB_004765,MATERIALS_CHEMISTRY
PUB_004766,MECHANICAL_ENGINEERING
PUB_004767,ELECTRICAL_AND_ELECTRONIC_ENGINEERING
PUB_004768,STATISTICS_AND_PROBABILITY
PUB_004769,BIOMEDICAL_ENGINEERING
PUB_004770,ELECTRICAL_AND_ELECTRONIC_ENGINEERING
PUB_004771,CONDENSED_MATTER_PHYSICS
PUB_004772,ATOMIC_AND_MOLECULAR_PHYSICS_AND_OPTICS
PUB_004773,MATERIALS_CHEMISTRY
PUB_004774,MATERIALS_CHEMISTRY
PUB_004775,ELECTRICAL_AND_ELECTRONIC_ENGINEERING
PUB_004776,CONDENSED_MATTER_PHYSICS
PUB_004777,STATISTICS_AND_PROBABILITY
PUB_004778,MECHANICAL_ENGINEERING
PUB_004779,BIOMEDICAL_ENGINEERING
PUB_004780,MATERIALS_CHEMISTRY
PUB_004781,ARTIFICIAL_INTELLIGENCE
PUB_004782,BIOMEDICAL_ENGINEERING
PUB_004783,MECHANICAL_ENGINEERING
PUB_004784,MATERIALS_CHEMISTRY
PUB_004785,MATERIALS_CHEMISTRY
PUB_004786,ELECTRICAL_AND_ELECTRONIC_ENGINEERING
PUB_004787,ELECTRONIC_OPTICAL_AND_MAGNETIC_MATERIALS
PUB_004788,STATISTICAL_AND_NONLINEAR_PHYSICS
PUB_004789,SAFETY_RISK_RELIABILITY_AND_QUALITY
PUB_004790,CIVIL_AND_STRUCTURAL_ENGINEERING
PUB_004791,ELECTRICAL_AND_ELECTRONIC_ENGINEERING
PUB_004792,CONDENSED_MATTER_PHYSICS
PUB_004793,ELECTRONIC_OPTICAL_AND_MAGNETIC_MATERIALS
PUB_004794,STATISTICAL_AND_NONLINEAR_PHYSICS
PUB_004795,MATERIALS_CHEMISTRY
PUB_004796,MATERIALS_CHEMISTRY
PUB_004797,MECHANICS_OF_MATERIALS
PUB_004798,ELECTRICAL_AND_ELECTRONIC_ENGINEERING
PUB_004799,BIOMEDICAL_ENGINEERING
PUB_004800,BUILDING_AND_CONSTRUCTION
PUB_004801,MATERIALS_CHEMISTRY
PUB_004802,ARTIFICIAL_INTELLIGENCE
PUB_004803,ELECTRICAL_AND_ELECTRONIC_ENGINEERING
PUB_004804,MATERIALS_CHEMISTRY
PUB_004805,CONDENSED_MATTER_PHYSICS
PUB_004806,ELECTRICAL_AND_ELECTRONIC_ENGINEERING
PUB_004807,ASTRONOMY_AND_ASTROPHYSICS
PUB_004808,CONDENSED_MATTER_PHYSICS
PUB_004809,COMPUTATIONAL_MECHANICS
PUB_004810,ELECTRONIC_OPTICAL_AND_MAGNETIC_MATERIALS
PUB_004811,POLYMERS_AND_PLASTICS
PUB_004812,SIGNAL_PROCESSING
PUB_004813,MATERIALS_CHEMISTRY
PUB_004814,ATOMIC_AND_MOLECULAR_PHYSICS_AND_OPTICS
PUB_004815,CIVIL_AND_STRUCTURAL_ENGINEERING
PUB_004816,ASTRONOMY_AND_ASTROPHYSICS
PUB_004817,CONTROL_AND_SYSTEMS_ENGINEERING
PUB_004818,AEROSPACE_ENGINEERING
PUB_004819,BUILDING_AND_CONSTRUCTION
PUB_004820,COMPUTER_VISION_AND_PATTERN_RECOGNITION
PUB_004821,APPLIED_MATHEMATICS
PUB_004822,INFORMATION_SYSTEMS
PUB_004823,COMPUTER_VISION_AND_PATTERN_RECOGNITION
PUB_004824,ELECTRICAL_AND_ELECTRONIC_ENGINEERING
PUB_004825,MATERIALS_CHEMISTRY
PUB_004826,CONDENSED_MATTER_PHYSICS
PUB_004827,MATERIALS_CHEMISTRY
PUB_004828,MATERIALS_CHEMISTRY
PUB_004829,MATERIALS_CHEMISTRY
PUB_004830,AEROSPACE_ENGINEERING
PUB_004831,ELECTRONIC_OPTICAL_AND_MAGNETIC_MATERIALS
PUB_004832,BIOMEDICAL_ENGINEERING
PUB_004833,ELECTRICAL_AND_ELECTRONIC_ENGINEERING
PUB_004834,AEROSPACE_ENGINEERING
PUB_004835,MATERIALS_CHEMISTRY
PUB_004836,BIOMEDICAL_ENGINEERING
PUB_004837,ARTIFICIAL_INTELLIGENCE
PUB_004838,MECHANICAL_ENGINEERING
PUB_004839,ELECTRICAL_AND_ELECTRONIC_ENGINEERING
PUB_004840,ARTIFICIAL_INTELLIGENCE
PUB_004841,AEROSPACE_ENGINEERING
PUB_004842,MATERIALS_CHEMISTRY
PUB_004843,CONDENSED_MATTER_PHYSICS
PUB_004844,CIVIL_AND_STRUCTURAL_ENGINEERING
PUB_004845,MECHANICS_OF_MATERIALS
PUB_004846,HARDWARE_AND_ARCHITECTURE
PUB_004847,MECHANICAL_ENGINEERING
PUB_004848,COMPUTATIONAL_THEORY_AND_MATHEMATICS
PUB_004849,AEROSPACE_ENGINEERING
PUB_004850,MATERIALS_CHEMISTRY
PUB_004851,HUMANCOMPUTER_INTERACTION
PUB_004852,COMPUTATIONAL_MECHANICS
PUB_004853,MATERIALS_CHEMISTRY
PUB_004854,ARTIFICIAL_INTELLIGENCE
PUB_004855,MATERIALS_CHEMISTRY
PUB_004856,COMPUTATIONAL_THEORY_AND_MATHEMATICS
PUB_004857,MATERIALS_CHEMISTRY
PUB_004858,BIOMEDICAL_ENGINEERING
PUB_004859,CIVIL_AND_STRUCTURAL_ENGINEERING
PUB_004860,BIOMATERIALS
PUB_004861,ELECTRICAL_AND_ELECTRONIC_ENGINEERING
PUB_004862,CIVIL_AND_STRUCTURAL_ENGINEERING
PUB_004863,BIOMEDICAL_ENGINEERING
PUB_004864,MECHANICS_OF_MATERIALS
PUB_004865,INDUSTRIAL_AND_MANUFACTURING_ENGINEERING
PUB_004866,ELECTRICAL_AND_ELECTRONIC_ENGINEERING
PUB_004867,ASTRONOMY_AND_ASTROPHYSICS
PUB_004868,MATERIALS_CHEMISTRY
PUB_004869,MECHANICS_OF_MATERIALS
PUB_004870,MECHANICS_OF_MATERIALS
PUB_004871,STATISTICAL_AND_NONLINEAR_PHYSICS
PUB_004872,ELECTRONIC_OPTICAL_AND_MAGNETIC_MATERIALS
PUB_004873,BIOMEDICAL_ENGINEERING
PUB_004874,CONTROL_AND_SYSTEMS_ENGINEERING
PUB_004875,MATERIALS_CHEMISTRY
PUB_004876,ELECTRICAL_AND_ELECTRONIC_ENGINEERING
PUB_004877,POLYMERS_AND_PLASTICS
PUB_004878,HUMANCOMPUTER_INTERACTION
PUB_004879,COMPUTATIONAL_MECHANICS
PUB_004880,CONTROL_AND_SYSTEMS_ENGINEERING
PUB_004881,POLYMERS_AND_PLASTICS
PUB_004882,ASTRONOMY_AND_ASTROPHYSICS
PUB_004883,ARTIFICIAL_INTELLIGENCE
PUB_004884,ELECTRICAL_AND_ELECTRONIC_ENGINEERING
PUB_004885,ELECTRICAL_AND_ELECTRONIC_ENGINEERING
PUB_004886,COMPUTER_VISION_AND_PATTERN_RECOGNITION
PUB_004887,ATOMIC_AND_MOLECULAR_PHYSICS_AND_OPTICS
PUB_004888,COMPUTER_VISION_AND_PATTERN_RECOGNITION
PUB_004889,ELECTRICAL_AND_ELECTRONIC_ENGINEERING
PUB_004890,MATERIALS_CHEMISTRY
PUB_004891,BIOMEDICAL_ENGINEERING
PUB_004892,MATERIALS_CHEMISTRY
PUB_004893,INDUSTRIAL_AND_MANUFACTURING_ENGINEERING
PUB_004894,CONTROL_AND_SYSTEMS_ENGINEERING
PUB_004895,COMPUTATIONAL_MECHANICS
PUB_004896,MATERIALS_CHEMISTRY
PUB_004897,ARTIFICIAL_INTELLIGENCE
PUB_004898,BIOMEDICAL_ENGINEERING
PUB_004899,BIOMEDICAL_ENGINEERING
PUB_004900,BIOMEDICAL_ENGINEERING
PUB_004901,ASTRONOMY_AND_ASTROPHYSICS
PUB_004902,ATOMIC_AND_MOLECULAR_PHYSICS_AND_OPTICS
PUB_004903,CIVIL_AND_STRUCTURAL_ENGINEERING
PUB_004904,CONTROL_AND_SYSTEMS_ENGINEERING
PUB_004905,POLYMERS_AND_PLASTICS
PUB_004906,ATOMIC_AND_MOLECULAR_PHYSICS_AND_OPTICS
PUB_004907,BIOMEDICAL_ENGINEERING
PUB_004908,MATERIALS_CHEMISTRY
PUB_004909,ELECTRICAL_AND_ELECTRONIC_ENGINEERING
PUB_004910,ATOMIC_AND_MOLECULAR_PHYSICS_AND_OPTICS
PUB_004911,MECHANICS_OF_MATERIALS
PUB_004912,MATERIALS_CHEMISTRY
PUB_004913,COMPUTATIONAL_MECHANICS
PUB_004914,COMPUTER_VISION_AND_PATTERN_RECOGNITION
PUB_004915,COMPUTER_NETWORKS_AND_COMMUNICATIONS
PUB_004916,ELECTRICAL_AND_ELECTRONIC_ENGINEERING
PUB_004917,MATERIALS_CHEMISTRY
PUB_004918,MATERIALS_CHEMISTRY
PUB_004919,ELECTRICAL_AND_ELECTRONIC_ENGINEERING
PUB_004920,BIOMEDICAL_ENGINEERING
PUB_004921,POLYMERS_AND_PLASTICS
PUB_004922,CONTROL_AND_SYSTEMS_ENGINEERING
PUB_004923,MATERIALS_CHEMISTRY
PUB_004924,ATOMIC_AND_MOLECULAR_PHYSICS_AND_OPTICS
PUB_004925,AEROSPACE_ENGINEERING
PUB_004926,COMPUTER_NETWORKS_AND_COMMUNICATIONS
PUB_004927,ATOMIC_AND_MOLECULAR_PHYSICS_AND_OPTICS
PUB_004928,COMPUTER_VISION_AND_PATTERN_RECOGNITION
PUB_004929,ELECTRICAL_AND_ELECTRONIC_ENGINEERING
PUB_004930,MATERIALS_CHEMISTRY
PUB_004931,MATERIALS_CHEMISTRY
PUB_004932,BIOMEDICAL_ENGINEERING
PUB_004933,MATERIALS_CHEMISTRY
PUB_004934,ELECTRICAL_AND_ELECTRONIC_ENGINEERING
PUB_004935,ATOMIC_AND_MOLECULAR_PHYSICS_AND_OPTICS
PUB_004936,ARTIFICIAL_INTELLIGENCE
PUB_004937,BIOMEDICAL_ENGINEERING
PUB_004938,MATERIALS_CHEMISTRY
PUB_004939,INFORMATION_SYSTEMS
PUB_004940,ATOMIC_AND_MOLECULAR_PHYSICS_AND_OPTICS
PUB_004941,BUILDING_AND_CONSTRUCTION
PUB_004942,COMPUTATIONAL_MECHANICS
PUB_004943,ATOMIC_AND_MOLECULAR_PHYSICS_AND_OPTICS
PUB_004944,BIOMEDICAL_ENGINEERING
PUB_004945,CIVIL_AND_STRUCTURAL_ENGINEERING
PUB_004946,COMPUTER_VISION_AND_PATTERN_RECOGNITION
PUB_004947,GEOMETRY_AND_TOPOLOGY
PUB_004948,ARTIFICIAL_INTELLIGENCE
PUB_004949,ELECTRONIC_OPTICAL_AND_MAGNETIC_MATERIALS
PUB_004950,ELECTRICAL_AND_ELECTRONIC_ENGINEERING
PUB_004951,MATERIALS_CHEMISTRY
PUB_004952,MECHANICAL_ENGINEERING
PUB_004953,MECHANICS_OF_MATERIALS
PUB_004954,ELECTRONIC_OPTICAL_AND_MAGNETIC_MATERIALS
PUB_004955,COMPUTER_NETWORKS_AND_COMMUNICATIONS
PUB_004956,MECHANICAL_ENGINEERING
PUB_004957,GEOMETRY_AND_TOPOLOGY
PUB_004958,ELECTRICAL_AND_ELECTRONIC_ENGINEERING
PUB_004959,ELECTRICAL_AND_ELECTRONIC_ENGINEERING
PUB_004960,MATERIALS_CHEMISTRY
PUB_004961,STATISTICAL_AND_NONLINEAR_PHYSICS
PUB_004962,COMPUTER_NETWORKS_AND_COMMUNICATIONS
PUB_004963,ELECTRICAL_AND_ELECTRONIC_ENGINEERING
PUB_004964,MATERIALS_CHEMISTRY
PUB_004965,AEROSPACE_ENGINEERING
PUB_004966,ELECTRICAL_AND_ELECTRONIC_ENGINEERING
PUB_004967,ELECTRONIC_OPTICAL_AND_MAGNETIC_MATERIALS
PUB_004968,MATERIALS_CHEMISTRY
PUB_004969,STATISTICAL_AND_NONLINEAR_PHYSICS
PUB_004970,BIOMATERIALS
PUB_004971,ELECTRONIC_OPTICAL_AND_MAGNETIC_MATERIALS
PUB_004972,CIVIL_AND_STRUCTURAL_ENGINEERING
PUB_004973,ELECTRICAL_AND_ELECTRONIC_ENGINEERING
PUB_004974,GEOMETRY_AND_TOPOLOGY
PUB_004975,ATOMIC_AND_MOLECULAR_PHYSICS_AND_OPTICS
PUB_004976,ELECTRICAL_AND_ELECTRONIC_ENGINEERING
PUB_004977,ELECTRONIC_OPTICAL_AND_MAGNETIC_MATERIALS
PUB_004978,COMPUTATIONAL_MECHANICS
PUB_004979,ATOMIC_AND_MOLECULAR_PHYSICS_AND_OPTICS
PUB_004980,APPLIED_MATHEMATICS
PUB_004981,ELECTRICAL_AND_ELECTRONIC_ENGINEERING
PUB_004982,ELECTRONIC_OPTICAL_AND_MAGNETIC_MATERIALS
PUB_004983,GEOMETRY_AND_TOPOLOGY
PUB_004984,OCEAN_ENGINEERING
PUB_004985,ELECTRICAL_AND_ELECTRONIC_ENGINEERING
PUB_004986,CERAMICS_AND_COMPOSITES
PUB_004987,ARTIFICIAL_INTELLIGENCE
PUB_004988,ELECTRICAL_AND_ELECTRONIC_ENGINEERING
PUB_004989,CERAMICS_AND_COMPOSITES
PUB_004990,ELECTRICAL_AND_ELECTRONIC_ENGINEERING
PUB_004991,SURFACES_COATINGS_AND_FILMS
PUB_004992,ASTRONOMY_AND_ASTROPHYSICS
PUB_004993,MECHANICAL_ENGINEERING
PUB_004994,ELECTRICAL_AND_ELECTRONIC_ENGINEERING
PUB_004995,MATERIALS_CHEMISTRY
PUB_004996,COMPUTER_VISION_AND_PATTERN_RECOGNITION
PUB_004997,ELECTRONIC_OPTICAL_AND_MAGNETIC_MATERIALS
PUB_004998,ELECTRICAL_AND_ELECTRONIC_ENGINEERING
PUB_004999,COMPUTER_NETWORKS_AND_COMMUNICATIONS
PUB_005000,ELECTRONIC_OPTICAL_AND_MAGNETIC_MATERIALS
PUB_005001,MATERIALS_CHEMISTRY
PUB_005002,MATERIALS_CHEMISTRY
PUB_005003,MATERIALS_CHEMISTRY
PUB_005004,ELECTRONIC_OPTICAL_AND_MAGNETIC_MATERIALS
PUB_005005,MATERIALS_CHEMISTRY
PUB_005006,MATERIALS_CHEMISTRY
PUB_005007,MATERIALS_CHEMISTRY
PUB_005008,ASTRONOMY_AND_ASTROPHYSICS
PUB_005009,COMPUTATIONAL_THEORY_AND_MATHEMATICS
PUB_005010,ELECTRICAL_AND_ELECTRONIC_ENGINEERING
PUB_005011,AEROSPACE_ENGINEERING
PUB_005012,ELECTRICAL_AND_ELECTRONIC_ENGINEERING
PUB_005013,ARTIFICIAL_INTELLIGENCE
PUB_005014,COMPUTER_NETWORKS_AND_COMMUNICATIONS
PUB_005015,ELECTRONIC_OPTICAL_AND_MAGNETIC_MATERIALS
PUB_005016,COMPUTATIONAL_MECHANICS
PUB_005017,COMPUTER_VISION_AND_PATTERN_RECOGNITION
PUB_005018,ARTIFICIAL_INTELLIGENCE
PUB_005019,ARTIFICIAL_INTELLIGENCE
PUB_005020,ELECTRICAL_AND_ELECTRONIC_ENGINEERING
PUB_005021,MECHANICS_OF_MATERIALS
PUB_005022,MECHANICAL_ENGINEERING
PUB_005023,ELECTRICAL_AND_ELECTRONIC_ENGINEERING
PUB_005024,BIOMEDICAL_ENGINEERING
PUB_005025,COMPUTER_VISION_AND_PATTERN_RECOGNITION
PUB_005026,GEOMETRY_AND_TOPOLOGY
PUB_005027,ARTIFICIAL_INTELLIGENCE
PUB_005028,ATOMIC_AND_MOLECULAR_PHYSICS_AND_OPTICS
PUB_005029,COMPUTATIONAL_THEORY_AND_MATHEMATICS
PUB_005030,CONDENSED_MATTER_PHYSICS
PUB_005031,MATERIALS_CHEMISTRY
PUB_005032,BIOMEDICAL_ENGINEERING
PUB_005033,MATHEMATICAL_PHYSICS
PUB_005034,CONDENSED_MATTER_PHYSICS
PUB_005035,ELECTRICAL_AND_ELECTRONIC_ENGINEERING
PUB_005036,MATERIALS_CHEMISTRY
PUB_005037,ASTRONOMY_AND_ASTROPHYSICS
PUB_005038,COMPUTER_VISION_AND_PATTERN_RECOGNITION
PUB_005039,ELECTRONIC_OPTICAL_AND_MAGNETIC_MATERIALS
PUB_005040,CONTROL_AND_SYSTEMS_ENGINEERING
PUB_005041,COMPUTATIONAL_THEORY_AND_MATHEMATICS
PUB_005042,MATERIALS_CHEMISTRY
PUB_005043,ELECTRICAL_AND_ELECTRONIC_ENGINEERING
PUB_005044,BIOMEDICAL_ENGINEERING
PUB_005045,CIVIL_AND_STRUCTURAL_ENGINEERING
PUB_005046,COMPUTATIONAL_THEORY_AND_MATHEMATICS
PUB_005047,MATERIALS_CHEMISTRY
PUB_005048,CIVIL_AND_STRUCTURAL_ENGINEERING
PUB_005049,AEROSPACE_ENGINEERING
PUB_005050,MECHANICAL_ENGINEERING
PUB_005051,ARTIFICIAL_INTELLIGENCE
PUB_005052,COMPUTATIONAL_MECHANICS
PUB_005053,MECHANICS_OF_MATERIALS
PUB_005054,CIVIL_AND_STRUCTURAL_ENGINEERING
PUB_005055,MATERIALS_CHEMISTRY
PUB_005056,ELECTRONIC_OPTICAL_AND_MAGNETIC_MATERIALS
PUB_005057,ELECTRICAL_AND_ELECTRONIC_ENGINEERING
PUB_005058,ATOMIC_AND_MOLECULAR_PHYSICS_AND_OPTICS
PUB_005059,STATISTICAL_AND_NONLINEAR_PHYSICS
PUB_005060,CONDENSED_MATTER_PHYSICS
PUB_005061,ELECTRICAL_AND_ELECTRONIC_ENGINEERING
PUB_005062,ATOMIC_AND_MOLECULAR_PHYSICS_AND_OPTICS
PUB_005063,MATERIALS_CHEMISTRY
PUB_005064,ELECTRONIC_OPTICAL_AND_MAGNETIC_MATERIALS
PUB_005065,DISCRETE_MATHEMATICS_AND_COMBINATORICS
PUB_005066,ARTIFICIAL_INTELLIGENCE
PUB_005067,MATERIALS_CHEMISTRY
PUB_005068,MATERIALS_CHEMISTRY
PUB_005069,BIOMATERIALS
PUB_005070,COMPUTER_NETWORKS_AND_COMMUNICATIONS
PUB_005071,NUMERICAL_ANALYSIS
PUB_005072,ELECTRICAL_AND_ELECTRONIC_ENGINEERING
PUB_005073,CONTROL_AND_SYSTEMS_ENGINEERING
PUB_005074,ELECTRICAL_AND_ELECTRONIC_ENGINEERING
PUB_005075,ELECTRICAL_AND_ELECTRONIC_ENGINEERING
PUB_005076,HARDWARE_AND_ARCHITECTURE
PUB_005077,MATERIALS_CHEMISTRY
PUB_005078,MATHEMATICAL_PHYSICS
PUB_005079,ARTIFICIAL_INTELLIGENCE
PUB_005080,BIOMEDICAL_ENGINEERING
PUB_005081,ELECTRICAL_AND_ELECTRONIC_ENGINEERING
PUB_005082,MATERIALS_CHEMISTRY
PUB_005083,MATERIALS_CHEMISTRY
PUB_005084,ELECTRONIC_OPTICAL_AND_MAGNETIC_MATERIALS
PUB_005085,COMPUTATIONAL_MECHANICS
PUB_005086,COMPUTATIONAL_MECHANICS
PUB_005087,ELECTRICAL_AND_ELECTRONIC_ENGINEERING
PUB_005088,CERAMICS_AND_COMPOSITES
PUB_005089,ELECTRICAL_AND_ELECTRONIC_ENGINEERING
PUB_005090,ELECTRICAL_AND_ELECTRONIC_ENGINEERING
PUB_005091,BIOMEDICAL_ENGINEERING
PUB_005092,ELECTRICAL_AND_ELECTRONIC_ENGINEERING
PUB_005093,COMPUTER_VISION_AND_PATTERN_RECOGNITION
PUB_005094,POLYMERS_AND_PLASTICS
PUB_005095,MATERIALS_CHEMISTRY
PUB_005096,MECHANICAL_ENGINEERING
PUB_005097,MATERIALS_CHEMISTRY
PUB_005098,MATERIALS_CHEMISTRY
PUB_005099,ELECTRICAL_AND_ELECTRONIC_ENGINEERING
PUB_005100,COMPUTER_VISION_AND_PATTERN_RECOGNITION
PUB_005101,CONTROL_AND_SYSTEMS_ENGINEERING
PUB_005102,MATERIALS_CHEMISTRY
PUB_005103,CONDENSED_MATTER_PHYSICS
PUB_005104,MATERIALS_CHEMISTRY
PUB_005105,ELECTRONIC_OPTICAL_AND_MAGNETIC_MATERIALS
PUB_005106,ELECTRICAL_AND_ELECTRONIC_ENGINEERING
PUB_005107,MATERIALS_CHEMISTRY
PUB_005108,COMPUTER_VISION_AND_PATTERN_RECOGNITION
PUB_005109,COMPUTATIONAL_MECHANICS
PUB_005110,AUTOMOTIVE_ENGINEERING
PUB_005111,ASTRONOMY_AND_ASTROPHYSICS
PUB_005112,MECHANICS_OF_MATERIALS
PUB_005113,ELECTRICAL_AND_ELECTRONIC_ENGINEERING
PUB_005114,ELECTRICAL_AND_ELECTRONIC_ENGINEERING
PUB_005115,MATERIALS_CHEMISTRY
PUB_005116,CIVIL_AND_STRUCTURAL_ENGINEERING
PUB_005117,ASTRONOMY_AND_ASTROPHYSICS
PUB_005118,MATERIALS_CHEMISTRY
PUB_005119,COMPUTER_VISION_AND_PATTERN_RECOGNITION
PUB_005120,ARTIFICIAL_INTELLIGENCE
PUB_005121,MATERIALS_CHEMISTRY
PUB_005122,COMPUTATIONAL_MECHANICS
PUB_005123,MATERIALS_CHEMISTRY
PUB_005124,MECHANICAL_ENGINEERING
PUB_005125,ARTIFICIAL_INTELLIGENCE
PUB_005126,MECHANICAL_ENGINEERING
PUB_005127,MATERIALS_CHEMISTRY
PUB_005128,COMPUTATIONAL_THEORY_AND_MATHEMATICS
PUB_005129,CONDENSED_MATTER_PHYSICS
PUB_005130,MEDIA_TECHNOLOGY
PUB_005131,COMPUTER_VISION_AND_PATTERN_RECOGNITION
PUB_005132,ELECTRICAL_AND_ELECTRONIC_ENGINEERING
PUB_005133,BIOMEDICAL_ENGINEERING
PUB_005134,ELECTRICAL_AND_ELECTRONIC_ENGINEERING
PUB_005135,BIOMATERIALS
PUB_005136,COMPUTATIONAL_MECHANICS
PUB_005137,ATOMIC_AND_MOLECULAR_PHYSICS_AND_OPTICS
PUB_005138,COMPUTER_VISION_AND_PATTERN_RECOGNITION
PUB_005139,COMPUTATIONAL_THEORY_AND_MATHEMATICS
PUB_005140,ELECTRICAL_AND_ELECTRONIC_ENGINEERING
PUB_005141,MATHEMATICAL_PHYSICS
PUB_005142,MATERIALS_CHEMISTRY
PUB_005143,COMPUTER_VISION_AND_PATTERN_RECOGNITION
PUB_005144,COMPUTER_VISION_AND_PATTERN_RECOGNITION
PUB_005145,BIOMEDICAL_ENGINEERING
PUB_005146,ELECTRICAL_AND_ELECTRONIC_ENGINEERING
PUB_005147,COMPUTER_NETWORKS_AND_COMMUNICATIONS
PUB_005148,AUTOMOTIVE_ENGINEERING
PUB_005149,COMPUTER_SCIENCE_APPLICATIONS
PUB_005150,CIVIL_AND_STRUCTURAL_ENGINEERING
PUB_005151,MATERIALS_CHEMISTRY
PUB_005152,BIOMEDICAL_ENGINEERING
PUB_005153,ATOMIC_AND_MOLECULAR_PHYSICS_AND_OPTICS
PUB_005154,MECHANICAL_ENGINEERING
PUB_005155,CIVIL_AND_STRUCTURAL_ENGINEERING
PUB_005156,APPLIED_MATHEMATICS
PUB_005157,MATERIALS_CHEMISTRY
PUB_005158,MATERIALS_CHEMISTRY
PUB_005159,ARTIFICIAL_INTELLIGENCE
PUB_005160,COMPUTATIONAL_THEORY_AND_MATHEMATICS
PUB_005161,ELECTRICAL_AND_ELECTRONIC_ENGINEERING
PUB_005162,ELECTRICAL_AND_ELECTRONIC_ENGINEERING
PUB_005163,CONDENSED_MATTER_PHYSICS
PUB_005164,ELECTRICAL_AND_ELECTRONIC_ENGINEERING
PUB_005165,ARTIFICIAL_INTELLIGENCE
PUB_005166,CIVIL_AND_STRUCTURAL_ENGINEERING
PUB_005167,BIOMEDICAL_ENGINEERING
PUB_005168,COMPUTER_NETWORKS_AND_COMMUNICATIONS
PUB_005169,BIOMEDICAL_ENGINEERING
PUB_005170,SURFACES_COATINGS_AND_FILMS
PUB_005171,ELECTRICAL_AND_ELECTRONIC_ENGINEERING
PUB_005172,ELECTRONIC_OPTICAL_AND_MAGNETIC_MATERIALS
PUB_005173,COMPUTER_NETWORKS_AND_COMMUNICATIONS
PUB_005174,BIOMEDICAL_ENGINEERING
PUB_005175,BIOMATERIALS
PUB_005176,MATERIALS_CHEMISTRY
PUB_005177,GEOMETRY_AND_TOPOLOGY
PUB_005178,MODELING_AND_SIMULATION
PUB_005179,ELECTRICAL_AND_ELECTRONIC_ENGINEERING
PUB_005180,COMPUTATIONAL_MECHANICS
PUB_005181,MATERIALS_CHEMISTRY
PUB_005182,MATERIALS_CHEMISTRY
PUB_005183,MATERIALS_CHEMISTRY
PUB_005184,MECHANICS_OF_MATERIALS
PUB_005185,ARTIFICIAL_INTELLIGENCE
PUB_005186,ELECTRICAL_AND_ELECTRONIC_ENGINEERING
PUB_005187,ELECTRONIC_OPTICAL_AND_MAGNETIC_MATERIALS
PUB_005188,MATERIALS_CHEMISTRY
PUB_005189,AUTOMOTIVE_ENGINEERING
PUB_005190,ELECTRICAL_AND_ELECTRONIC_ENGINEERING
PUB_005191,ARTIFICIAL_INTELLIGENCE
PUB_005192,ELECTRICAL_AND_ELECTRONIC_ENGINEERING
PUB_005193,INFORMATION_SYSTEMS
PUB_005194,ELECTRICAL_AND_ELECTRONIC_ENGINEERING
PUB_005195,ELECTRICAL_AND_ELECTRONIC_ENGINEERING
PUB_005196,BUILDING_AND_CONSTRUCTION
PUB_005197,ELECTRICAL_AND_ELECTRONIC_ENGINEERING
PUB_005198,COMPUTER_VISION_AND_PATTERN_RECOGNITION
PUB_005199,ARTIFICIAL_INTELLIGENCE
PUB_005200,INFORMATION_SYSTEMS
PUB_005201,MATERIALS_CHEMISTRY
PUB_005202,ELECTRICAL_AND_ELECTRONIC_ENGINEERING
PUB_005203,INFORMATION_SYSTEMS
PUB_005204,BIOMEDICAL_ENGINEERING
PUB_005205,MATERIALS_CHEMISTRY
PUB_005206,ELECTRICAL_AND_ELECTRONIC_ENGINEERING
PUB_005207,INFORMATION_SYSTEMS
PUB_005208,ELECTRONIC_OPTICAL_AND_MAGNETIC_MATERIALS
PUB_005209,MATERIALS_CHEMISTRY
PUB_005210,MATERIALS_CHEMISTRY
PUB_005211,COMPUTER_NETWORKS_AND_COMMUNICATIONS
PUB_005212,MECHANICS_OF_MATERIALS
PUB_005213,MECHANICAL_ENGINEERING
PUB_005214,OCEAN_ENGINEERING
PUB_005215,CONDENSED_MATTER_PHYSICS
PUB_005216,ELECTRONIC_OPTICAL_AND_MAGNETIC_MATERIALS
PUB_005217,ELECTRICAL_AND_ELECTRONIC_ENGINEERING
PUB_005218,COMPUTER_VISION_AND_PATTERN_RECOGNITION
PUB_005219,CONTROL_AND_SYSTEMS_ENGINEERING
PUB_005220,COMPUTER_NETWORKS_AND_COMMUNICATIONS
PUB_005221,ELECTRONIC_OPTICAL_AND_MAGNETIC_MATERIALS
PUB_005222,ELECTRICAL_AND_ELECTRONIC_ENGINEERING
PUB_005223,ELECTRICAL_AND_ELECTRONIC_ENGINEERING
PUB_005224,BIOMEDICAL_ENGINEERING
PUB_005225,COMPUTATIONAL_MECHANICS
PUB_005226,SAFETY_RISK_RELIABILITY_AND_QUALITY
PUB_005227,ASTRONOMY_AND_ASTROPHYSICS
PUB_005228,ELECTRICAL_AND_ELECTRONIC_ENGINEERING
PUB_005229,MATERIALS_CHEMISTRY
PUB_005230,POLYMERS_AND_PLASTICS
PUB_005231,MECHANICAL_ENGINEERING
PUB_005232,MATERIALS_CHEMISTRY
PUB_005233,CONTROL_AND_SYSTEMS_ENGINEERING
PUB_005234,COMPUTER_VISION_AND_PATTERN_RECOGNITION
PUB_005235,ARTIFICIAL_INTELLIGENCE
PUB_005236,CONDENSED_MATTER_PHYSICS
PUB_005237,COMPUTATIONAL_MECHANICS
PUB_005238,BIOMEDICAL_ENGINEERING
PUB_005239,ELECTRICAL_AND_ELECTRONIC_ENGINEERING
PUB_005240,ATOMIC_AND_MOLECULAR_PHYSICS_AND_OPTICS
PUB_005241,ELECTRICAL_AND_ELECTRONIC_ENGINEERING
PUB_005242,COMPUTATIONAL_MECHANICS
PUB_005243,COMPUTATIONAL_MECHANICS
PUB_005244,INFORMATION_SYSTEMS
PUB_005245,ARTIFICIAL_INTELLIGENCE
PUB_005246,ELECTRICAL_AND_ELECTRONIC_ENGINEERING
PUB_005247,ELECTRICAL_AND_ELECTRONIC_ENGINEERING
PUB_005248,MECHANICS_OF_MATERIALS
PUB_005249,CONDENSED_MATTER_PHYSICS
PUB_005250,CONTROL_AND_SYSTEMS_ENGINEERING
PUB_005251,ELECTRICAL_AND_ELECTRONIC_ENGINEERING
PUB_005252,MATERIALS_CHEMISTRY
PUB_005253,COMPUTER_NETWORKS_AND_COMMUNICATIONS
PUB_005254,MATERIALS_CHEMISTRY
PUB_005255,MECHANICAL_ENGINEERING
PUB_005256,ELECTRICAL_AND_ELECTRONIC_ENGINEERING
PUB_005257,ARTIFICIAL_INTELLIGENCE
PUB_005258,ELECTRICAL_AND_ELECTRONIC_ENGINEERING
PUB_005259,ELECTRICAL_AND_ELECTRONIC_ENGINEERING
PUB_005260,ARTIFICIAL_INTELLIGENCE
PUB_005261,COMPUTER_NETWORKS_AND_COMMUNICATIONS
PUB_005262,CONDENSED_MATTER_PHYSICS
PUB_005263,ELECTRICAL_AND_ELECTRONIC_ENGINEERING
PUB_005264,BIOMEDICAL_ENGINEERING
PUB_005265,ELECTRONIC_OPTICAL_AND_MAGNETIC_MATERIALS
PUB_005266,MATERIALS_CHEMISTRY
PUB_005267,CONDENSED_MATTER_PHYSICS
PUB_005268,STATISTICS_AND_PROBABILITY
PUB_005269,ATOMIC_AND_MOLECULAR_PHYSICS_AND_OPTICS
PUB_005270,APPLIED_MATHEMATICS
PUB_005271,COMPUTATIONAL_MECHANICS
PUB_005272,BIOMEDICAL_ENGINEERING
PUB_005273,MATERIALS_CHEMISTRY
PUB_005274,MATERIALS_CHEMISTRY
PUB_005275,ARTIFICIAL_INTELLIGENCE
PUB_005276,ARTIFICIAL_INTELLIGENCE
PUB_005277,SAFETY_RISK_RELIABILITY_AND_QUALITY
PUB_005278,ALGEBRA_AND_NUMBER_THEORY
PUB_005279,COMPUTER_NETWORKS_AND_COMMUNICATIONS
PUB_005280,BIOMEDICAL_ENGINEERING
PUB_005281,MATERIALS_CHEMISTRY
PUB_005282,ELECTRICAL_AND_ELECTRONIC_ENGINEERING
PUB_005283,ELECTRONIC_OPTICAL_AND_MAGNETIC_MATERIALS
PUB_005284,ASTRONOMY_AND_ASTROPHYSICS
PUB_005285,ELECTRICAL_AND_ELECTRONIC_ENGINEERING
PUB_005286,ARTIFICIAL_INTELLIGENCE
PUB_005287,ATOMIC_AND_MOLECULAR_PHYSICS_AND_OPTICS
PUB_005288,ATOMIC_AND_MOLECULAR_PHYSICS_AND_OPTICS
PUB_005289,CERAMICS_AND_COMPOSITES
PUB_005290,COMPUTER_NETWORKS_AND_COMMUNICATIONS
PUB_005291,ARTIFICIAL_INTELLIGENCE
PUB_005292,COMPUTATIONAL_THEORY_AND_MATHEMATICS
PUB_005293,CIVIL_AND_STRUCTURAL_ENGINEERING
PUB_005294,ELECTRICAL_AND_ELECTRONIC_ENGINEERING
PUB_005295,BIOMEDICAL_ENGINEERING
PUB_005296,AEROSPACE_ENGINEERING
PUB_005297,COMPUTATIONAL_MECHANICS
PUB_005298,BIOMEDICAL_ENGINEERING
PUB_005299,CONDENSED_MATTER_PHYSICS
PUB_005300,APPLIED_MATHEMATICS
PUB_005301,GEOMETRY_AND_TOPOLOGY
PUB_005302,ATOMIC_AND_MOLECULAR_PHYSICS_AND_OPTICS
PUB_005303,CONDENSED_MATTER_PHYSICS
PUB_005304,ALGEBRA_AND_NUMBER_THEORY
PUB_005305,ATOMIC_AND_MOLECULAR_PHYSICS_AND_OPTICS
PUB_005306,POLYMERS_AND_PLASTICS
PUB_005307,CONDENSED_MATTER_PHYSICS
PUB_005308,CONDENSED_MATTER_PHYSICS
PUB_005309,COMPUTATIONAL_MECHANICS
PUB_005310,ATOMIC_AND_MOLECULAR_PHYSICS_AND_OPTICS
PUB_005311,MATERIALS_CHEMISTRY
PUB_005312,ELECTRICAL_AND_ELECTRONIC_ENGINEERING
PUB_005313,COMPUTER_NETWORKS_AND_COMMUNICATIONS
PUB_005314,ARTIFICIAL_INTELLIGENCE
PUB_005315,ELECTRICAL_AND_ELECTRONIC_ENGINEERING
PUB_005316,MECHANICAL_ENGINEERING
PUB_005317,COMPUTATIONAL_THEORY_AND_MATHEMATICS
PUB_005318,ELECTRONIC_OPTICAL_AND_MAGNETIC_MATERIALS
PUB_005319,MATERIALS_CHEMISTRY
PUB_005320,ARTIFICIAL_INTELLIGENCE
PUB_005321,ELECTRICAL_AND_ELECTRONIC_ENGINEERING
PUB_005322,COMPUTER_VISION_AND_PATTERN_RECOGNITION
PUB_005323,MEDIA_TECHNOLOGY
PUB_005324,CIVIL_AND_STRUCTURAL_ENGINEERING
PUB_005325,ARTIFICIAL_INTELLIGENCE
PUB_005326,CIVIL_AND_STRUCTURAL_ENGINEERING
PUB_005327,COMPUTATIONAL_MECHANICS
PUB_005328,CIVIL_AND_STRUCTURAL_ENGINEERING
PUB_005329,ELECTRICAL_AND_ELECTRONIC_ENGINEERING
PUB_005330,COMPUTER_VISION_AND_PATTERN_RECOGNITION
PUB_005331,COMPUTER_VISION_AND_PATTERN_RECOGNITION
PUB_005332,COMPUTATIONAL_MECHANICS
PUB_005333,CIVIL_AND_STRUCTURAL_ENGINEERING
PUB_005334,MATERIALS_CHEMISTRY
PUB_005335,COMPUTER_NETWORKS_AND_COMMUNICATIONS
PUB_005336,BIOMEDICAL_ENGINEERING
PUB_005337,MATHEMATICAL_PHYSICS
PUB_005338,BIOMEDICAL_ENGINEERING
PUB_005339,ELECTRICAL_AND_ELECTRONIC_ENGINEERING
PUB_005340,AUTOMOTIVE_ENGINEERING
PUB_005341,ELECTRONIC_OPTICAL_AND_MAGNETIC_MATERIALS
PUB_005342,COMPUTATIONAL_THEORY_AND_MATHEMATICS
PUB_005343,ELECTRICAL_AND_ELECTRONIC_ENGINEERING
PUB_005344,ELECTRICAL_AND_ELECTRONIC_ENGINEERING
PUB_005345,MATERIALS_CHEMISTRY
PUB_005346,ELECTRICAL_AND_ELECTRONIC_ENGINEERING
PUB_005347,BIOMEDICAL_ENGINEERING
PUB_005348,ARTIFICIAL_INTELLIGENCE
PUB_005349,MECHANICS_OF_MATERIALS
PUB_005350,MECHANICAL_ENGINEERING
PUB_005351,SIGNAL_PROCESSING
PUB_005352,ELECTRICAL_AND_ELECTRONIC_ENGINEERING
PUB_005353,MECHANICAL_ENGINEERING
PUB_005354,ARTIFICIAL_INTELLIGENCE
PUB_005355,COMPUTER_NETWORKS_AND_COMMUNICATIONS
PUB_005356,POLYMERS_AND_PLASTICS
PUB_005357,ELECTRICAL_AND_ELECTRONIC_ENGINEERING
PUB_005358,MODELING_AND_SIMULATION
PUB_005359,COMPUTER_NETWORKS_AND_COMMUNICATIONS
PUB_005360,COMPUTATIONAL_MECHANICS
PUB_005361,CONTROL_AND_SYSTEMS_ENGINEERING
PUB_005362,OCEAN_ENGINEERING
PUB_005363,ELECTRONIC_OPTICAL_AND_MAGNETIC_MATERIALS
PUB_005364,MATERIALS_CHEMISTRY
PUB_005365,ARTIFICIAL_INTELLIGENCE
PUB_005366,CIVIL_AND_STRUCTURAL_ENGINEERING
PUB_005367,GEOMETRY_AND_TOPOLOGY
PUB_005368,COMPUTATIONAL_THEORY_AND_MATHEMATICS
PUB_005369,BIOMEDICAL_ENGINEERING
PUB_005370,SURFACES_COATINGS_AND_FILMS
PUB_005371,COMPUTATIONAL_MECHANICS
PUB_005372,COMPUTATIONAL_MECHANICS
PUB_005373,APPLIED_MATHEMATICS
PUB_005374,MECHANICAL_ENGINEERING
PUB_005375,ATOMIC_AND_MOLECULAR_PHYSICS_AND_OPTICS
PUB_005376,COMPUTER_NETWORKS_AND_COMMUNICATIONS
PUB_005377,CONTROL_AND_SYSTEMS_ENGINEERING
PUB_005378,SURFACES_COATINGS_AND_FILMS
PUB_005379,SIGNAL_PROCESSING
PUB_005380,BIOMEDICAL_ENGINEERING
PUB_005381,AEROSPACE_ENGINEERING
PUB_005382,MATERIALS_CHEMISTRY
PUB_005383,ELECTRICAL_AND_ELECTRONIC_ENGINEERING
PUB_005384,ARTIFICIAL_INTELLIGENCE
PUB_005385,COMPUTER_NETWORKS_AND_COMMUNICATIONS
PUB_005386,GEOMETRY_AND_TOPOLOGY
PUB_005387,ELECTRICAL_AND_ELECTRONIC_ENGINEERING
PUB_005388,ARTIFICIAL_INTELLIGENCE
PUB_005389,ASTRONOMY_AND_ASTROPHYSICS
PUB_005390,MATERIALS_CHEMISTRY
PUB_005391,MECHANICS_OF_MATERIALS
PUB_005392,ELECTRICAL_AND_ELECTRONIC_ENGINEERING
PUB_005393,COMPUTER_VISION_AND_PATTERN_RECOGNITION
PUB_005394,COMPUTER_NETWORKS_AND_COMMUNICATIONS
PUB_005395,OCEAN_ENGINEERING
PUB_005396,COMPUTER_VISION_AND_PATTERN_RECOGNITION
PUB_005397,ELECTRICAL_AND_ELECTRONIC_ENGINEERING
PUB_005398,ARTIFICIAL_INTELLIGENCE
PUB_005399,ATOMIC_AND_MOLECULAR_PHYSICS_AND_OPTICS
PUB_005400,INDUSTRIAL_AND_MANUFACTURING_ENGINEERING
PUB_005401,COMPUTATIONAL_MECHANICS
PUB_005402,MECHANICAL_ENGINEERING
PUB_005403,OCEAN_ENGINEERING
PUB_005404,ELECTRICAL_AND_ELECTRONIC_ENGINEERING
PUB_005405,ELECTRICAL_AND_ELECTRONIC_ENGINEERING
PUB_005406,COMPUTATIONAL_MECHANICS
PUB_005407,MATERIALS_CHEMISTRY
PUB_005408,ELECTRICAL_AND_ELECTRONIC_ENGINEERING
PUB_005409,MECHANICAL_ENGINEERING
PUB_005410,HUMANCOMPUTER_INTERACTION
PUB_005411,ARTIFICIAL_INTELLIGENCE
PUB_005412,AEROSPACE_ENGINEERING
PUB_005413,AEROSPACE_ENGINEERING
PUB_005414,AEROSPACE_ENGINEERING
PUB_005415,ASTRONOMY_AND_ASTROPHYSICS
PUB_005416,CONTROL_AND_SYSTEMS_ENGINEERING
PUB_005417,COMPUTER_NETWORKS_AND_COMMUNICATIONS
PUB_005418,MECHANICAL_ENGINEERING
PUB_005419,CIVIL_AND_STRUCTURAL_ENGINEERING
PUB_005420,ELECTRICAL_AND_ELECTRONIC_ENGINEERING
PUB_005421,MATHEMATICAL_PHYSICS
PUB_005422,AEROSPACE_ENGINEERING
PUB_005423,COMPUTATIONAL_MECHANICS
PUB_005424,STATISTICAL_AND_NONLINEAR_PHYSICS
PUB_005425,ATOMIC_AND_MOLECULAR_PHYSICS_AND_OPTICS
PUB_005426,ELECTRICAL_AND_ELECTRONIC_ENGINEERING
PUB_005427,ARTIFICIAL_INTELLIGENCE
PUB_005428,ARTIFICIAL_INTELLIGENCE
PUB_005429,COMPUTATIONAL_MECHANICS
PUB_005430,GEOMETRY_AND_TOPOLOGY
PUB_005431,ELECTRICAL_AND_ELECTRONIC_ENGINEERING
PUB_005432,ATOMIC_AND_MOLECULAR_PHYSICS_AND_OPTICS
PUB_005433,CIVIL_AND_STRUCTURAL_ENGINEERING
PUB_005434,AUTOMOTIVE_ENGINEERING
PUB_005435,ATOMIC_AND_MOLECULAR_PHYSICS_AND_OPTICS
PUB_005436,CONDENSED_MATTER_PHYSICS
PUB_005437,MECHANICAL_ENGINEERING
PUB_005438,ASTRONOMY_AND_ASTROPHYSICS
PUB_005439,MEDIA_TECHNOLOGY
PUB_005440,MATERIALS_CHEMISTRY
PUB_005441,ARTIFICIAL_INTELLIGENCE
PUB_005442,STATISTICS_AND_PROBABILITY
PUB_005443,COMPUTATIONAL_MECHANICS
PUB_005444,ELECTRICAL_AND_ELECTRONIC_ENGINEERING
PUB_005445,BUILDING_AND_CONSTRUCTION
PUB_005446,ELECTRICAL_AND_ELECTRONIC_ENGINEERING
PUB_005447,COMPUTER_NETWORKS_AND_COMMUNICATIONS
PUB_005448,COMPUTER_NETWORKS_AND_COMMUNICATIONS
PUB_005449,MATERIALS_CHEMISTRY
PUB_005450,COMPUTER_VISION_AND_PATTERN_RECOGNITION
PUB_005451,APPLIED_MATHEMATICS
PUB_005452,ARTIFICIAL_INTELLIGENCE
PUB_005453,MATERIALS_CHEMISTRY
PUB_005454,HUMANCOMPUTER_INTERACTION
PUB_005455,ELECTRONIC_OPTICAL_AND_MAGNETIC_MATERIALS
PUB_005456,MECHANICS_OF_MATERIALS
PUB_005457,POLYMERS_AND_PLASTICS
PUB_005458,ELECTRICAL_AND_ELECTRONIC_ENGINEERING
PUB_005459,ASTRONOMY_AND_ASTROPHYSICS
PUB_005460,INFORMATION_SYSTEMS
PUB_005461,ASTRONOMY_AND_ASTROPHYSICS
PUB_005462,MECHANICAL_ENGINEERING
PUB_005463,MECHANICAL_ENGINEERING
PUB_005464,COMPUTER_NETWORKS_AND_COMMUNICATIONS
PUB_005465,CONTROL_AND_SYSTEMS_ENGINEERING
PUB_005466,ELECTRICAL_AND_ELECTRONIC_ENGINEERING
PUB_005467,ELECTRICAL_AND_ELECTRONIC_ENGINEERING
PUB_005468,CONTROL_AND_SYSTEMS_ENGINEERING
PUB_005469,CIVIL_AND_STRUCTURAL_ENGINEERING
PUB_005470,APPLIED_MATHEMATICS
PUB_005471,AEROSPACE_ENGINEERING
PUB_005472,MECHANICAL_ENGINEERING
PUB_005473,ATOMIC_AND_MOLECULAR_PHYSICS_AND_OPTICS
PUB_005474,COMPUTER_NETWORKS_AND_COMMUNICATIONS
PUB_005475,CIVIL_AND_STRUCTURAL_ENGINEERING
PUB_005476,COMPUTATIONAL_THEORY_AND_MATHEMATICS
PUB_005477,ELECTRICAL_AND_ELECTRONIC_ENGINEERING
PUB_005478,ELECTRONIC_OPTICAL_AND_MAGNETIC_MATERIALS
PUB_005479,ELECTRICAL_AND_ELECTRONIC_ENGINEERING
PUB_005480,ELECTRICAL_AND_ELECTRONIC_ENGINEERING
PUB_005481,BIOMEDICAL_ENGINEERING
PUB_005482,BUILDING_AND_CONSTRUCTION
PUB_005483,AEROSPACE_ENGINEERING
PUB_005484,ELECTRICAL_AND_ELECTRONIC_ENGINEERING
PUB_005485,COMPUTATIONAL_MECHANICS
PUB_005486,COMPUTER_NETWORKS_AND_COMMUNICATIONS
PUB_005487,SIGNAL_PROCESSING
PUB_005488,COMPUTER_VISION_AND_PATTERN_RECOGNITION
PUB_005489,ASTRONOMY_AND_ASTROPHYSICS
PUB_005490,ARTIFICIAL_INTELLIGENCE
PUB_005491,ATOMIC_AND_MOLECULAR_PHYSICS_AND_OPTICS
PUB_005492,ELECTRICAL_AND_ELECTRONIC_ENGINEERING
PUB_005493,MECHANICAL_ENGINEERING
PUB_005494,STATISTICAL_AND_NONLINEAR_PHYSICS
PUB_005495,MECHANICS_OF_MATERIALS
PUB_005496,ELECTRICAL_AND_ELECTRONIC_ENGINEERING
PUB_005497,COMPUTATIONAL_MECHANICS
PUB_005498,ELECTRICAL_AND_ELECTRONIC_ENGINEERING
PUB_005499,MECHANICAL_ENGINEERING
PUB_005500,APPLIED_MATHEMATICS
PUB_005501,BIOMEDICAL_ENGINEERING
PUB_005502,ELECTRICAL_AND_ELECTRONIC_ENGINEERING
PUB_005503,ELECTRICAL_AND_ELECTRONIC_ENGINEERING
PUB_005504,COMPUTATIONAL_MATHEMATICS
PUB_005505,MATERIALS_CHEMISTRY
PUB_005506,CONDENSED_MATTER_PHYSICS
PUB_005507,COMPUTER_NETWORKS_AND_COMMUNICATIONS
PUB_005508,MATERIALS_CHEMISTRY
PUB_005509,MECHANICAL_ENGINEERING
PUB_005510,MECHANICS_OF_MATERIALS
PUB_005511,MECHANICAL_ENGINEERING
PUB_005512,MECHANICS_OF_MATERIALS
PUB_005513,MATERIALS_CHEMISTRY
PUB_005514,ATOMIC_AND_MOLECULAR_PHYSICS_AND_OPTICS
PUB_005515,MECHANICAL_ENGINEERING
PUB_005516,ELECTRICAL_AND_ELECTRONIC_ENGINEERING
PUB_005517,ARTIFICIAL_INTELLIGENCE
PUB_005518,COMPUTER_NETWORKS_AND_COMMUNICATIONS
PUB_005519,COMPUTATIONAL_THEORY_AND_MATHEMATICS
PUB_005520,ATOMIC_AND_MOLECULAR_PHYSICS_AND_OPTICS
PUB_005521,CIVIL_AND_STRUCTURAL_ENGINEERING
PUB_005522,ELECTRICAL_AND_ELECTRONIC_ENGINEERING
PUB_005523,AEROSPACE_ENGINEERING
PUB_005524,OCEAN_ENGINEERING
PUB_005525,AEROSPACE_ENGINEERING
PUB_005526,MATERIALS_CHEMISTRY
PUB_005527,MECHANICAL_ENGINEERING
PUB_005528,APPLIED_MATHEMATICS
PUB_005529,MATHEMATICAL_PHYSICS
PUB_005530,GEOMETRY_AND_TOPOLOGY
PUB_005531,COMPUTER_NETWORKS_AND_COMMUNICATIONS
PUB_005532,COMPUTATIONAL_MECHANICS
PUB_005533,COMPUTER_VISION_AND_PATTERN_RECOGNITION
PUB_005534,INDUSTRIAL_AND_MANUFACTURING_ENGINEERING
PUB_005535,MATERIALS_CHEMISTRY
PUB_005536,COMPUTATIONAL_MECHANICS
PUB_005537,CONTROL_AND_SYSTEMS_ENGINEERING
PUB_005538,COMPUTER_VISION_AND_PATTERN_RECOGNITION
PUB_005539,ATOMIC_AND_MOLECULAR_PHYSICS_AND_OPTICS
PUB_005540,INDUSTRIAL_AND_MANUFACTURING_ENGINEERING
PUB_005541,COMPUTER_NETWORKS_AND_COMMUNICATIONS
PUB_005542,ARTIFICIAL_INTELLIGENCE
PUB_005543,BIOMATERIALS
PUB_005544,MATERIALS_CHEMISTRY
PUB_005545,ELECTRICAL_AND_ELECTRONIC_ENGINEERING
PUB_005546,COMPUTER_VISION_AND_PATTERN_RECOGNITION
PUB_005547,COMPUTER_VISION_AND_PATTERN_RECOGNITION
PUB_005548,MATHEMATICAL_PHYSICS
PUB_005549,MATHEMATICAL_PHYSICS
PUB_005550,COMPUTER_VISION_AND_PATTERN_RECOGNITION
PUB_005551,AEROSPACE_ENGINEERING
PUB_005552,ELECTRICAL_AND_ELECTRONIC_ENGINEERING
PUB_005553,ELECTRICAL_AND_ELECTRONIC_ENGINEERING
PUB_005554,STATISTICAL_AND_NONLINEAR_PHYSICS
PUB_005555,COMPUTER_NETWORKS_AND_COMMUNICATIONS
PUB_005556,ELECTRONIC_OPTICAL_AND_MAGNETIC_MATERIALS
PUB_005557,COMPUTATIONAL_MECHANICS
PUB_005558,BIOMEDICAL_ENGINEERING
PUB_005559,ELECTRONIC_OPTICAL_AND_MAGNETIC_MATERIALS
PUB_005560,MATERIALS_CHEMISTRY
PUB_005561,MATERIALS_CHEMISTRY
PUB_005562,ELECTRICAL_AND_ELECTRONIC_ENGINEERING
PUB_005563,ARTIFICIAL_INTELLIGENCE
PUB_005564,MECHANICAL_ENGINEERING
PUB_005565,ARTIFICIAL_INTELLIGENCE
PUB_005566,MATERIALS_CHEMISTRY
PUB_005567,MATHEMATICAL_PHYSICS
PUB_005568,ARTIFICIAL_INTELLIGENCE
PUB_005569,COMPUTER_NETWORKS_AND_COMMUNICATIONS
PUB_005570,BIOMEDICAL_ENGINEERING
PUB_005571,COMPUTATIONAL_MECHANICS
PUB_005572,ELECTRICAL_AND_ELECTRONIC_ENGINEERING
PUB_005573,STATISTICAL_AND_NONLINEAR_PHYSICS
PUB_005574,INDUSTRIAL_AND_MANUFACTURING_ENGINEERING
PUB_005575,COMPUTER_NETWORKS_AND_COMMUNICATIONS
PUB_005576,ARTIFICIAL_INTELLIGENCE
PUB_005577,CONTROL_AND_SYSTEMS_ENGINEERING
PUB_005578,AEROSPACE_ENGINEERING
PUB_005579,AEROSPACE_ENGINEERING
PUB_005580,COMPUTATIONAL_MECHANICS
PUB_005581,ARTIFICIAL_INTELLIGENCE
PUB_005582,COMPUTATIONAL_MECHANICS
PUB_005583,COMPUTER_SCIENCE_APPLICATIONS
PUB_005584,COMPUTATIONAL_MECHANICS
PUB_005585,COMPUTER_NETWORKS_AND_COMMUNICATIONS
PUB_005586,ELECTRICAL_AND_ELECTRONIC_ENGINEERING
PUB_005587,COMPUTER_NETWORKS_AND_COMMUNICATIONS
PUB_005588,ATOMIC_AND_MOLECULAR_PHYSICS_AND_OPTICS
PUB_005589,SURFACES_COATINGS_AND_FILMS
PUB_005590,ELECTRICAL_AND_ELECTRONIC_ENGINEERING
PUB_005591,BIOMEDICAL_ENGINEERING
PUB_005592,COMPUTER_NETWORKS_AND_COMMUNICATIONS
PUB_005593,ELECTRICAL_AND_ELECTRONIC_ENGINEERING
PUB_005594,MATERIALS_CHEMISTRY
PUB_005595,ELECTRICAL_AND_ELECTRONIC_ENGINEERING
PUB_005596,BIOMEDICAL_ENGINEERING
PUB_005597,MODELING_AND_SIMULATION
PUB_005598,AEROSPACE_ENGINEERING
PUB_005599,MECHANICS_OF_MATERIALS
PUB_005600,CONTROL_AND_SYSTEMS_ENGINEERING
PUB_005601,ELECTRICAL_AND_ELECTRONIC_ENGINEERING
PUB_005602,APPLIED_MATHEMATICS
PUB_005603,GEOMETRY_AND_TOPOLOGY
PUB_005604,GEOMETRY_AND_TOPOLOGY
PUB_005605,COMPUTATIONAL_THEORY_AND_MATHEMATICS
PUB_005606,ATOMIC_AND_MOLECULAR_PHYSICS_AND_OPTICS
PUB_005607,DISCRETE_MATHEMATICS_AND_COMBINATORICS
PUB_005608,STATISTICAL_AND_NONLINEAR_PHYSICS
PUB_005609,ARTIFICIAL_INTELLIGENCE
PUB_005610,CONDENSED_MATTER_PHYSICS
PUB_005611,MATHEMATICAL_PHYSICS
PUB_005612,MODELING_AND_SIMULATION
PUB_005613,GEOMETRY_AND_TOPOLOGY
PUB_005614,ATOMIC_AND_MOLECULAR_PHYSICS_AND_OPTICS
PUB_005615,ARTIFICIAL_INTELLIGENCE
PUB_005616,DISCRETE_MATHEMATICS_AND_COMBINATORICS
PUB_005617,COMPUTER_NETWORKS_AND_COMMUNICATIONS
PUB_005618,ELECTRICAL_AND_ELECTRONIC_ENGINEERING
PUB_005619,COMPUTATIONAL_THEORY_AND_MATHEMATICS
PUB_005620,AEROSPACE_ENGINEERING
PUB_005621,MECHANICS_OF_MATERIALS
PUB_005622,MECHANICS_OF_MATERIALS
PUB_005623,MECHANICS_OF_MATERIALS
PUB_005624,STATISTICS_AND_PROBABILITY
PUB_005625,COMPUTER_NETWORKS_AND_COMMUNICATIONS
PUB_005626,COMPUTER_NETWORKS_AND_COMMUNICATIONS
PUB_005627,HARDWARE_AND_ARCHITECTURE
PUB_005628,OCEAN_ENGINEERING
PUB_005629,CIVIL_AND_STRUCTURAL_ENGINEERING
PUB_005630,ELECTRICAL_AND_ELECTRONIC_ENGINEERING
PUB_005631,ELECTRICAL_AND_ELECTRONIC_ENGINEERING
PUB_005632,ELECTRONIC_OPTICAL_AND_MAGNETIC_MATERIALS
PUB_005633,MECHANICAL_ENGINEERING
PUB_005634,APPLIED_MATHEMATICS
PUB_005635,ELECTRICAL_AND_ELECTRONIC_ENGINEERING
PUB_005636,ELECTRICAL_AND_ELECTRONIC_ENGINEERING
PUB_005637,COMPUTATIONAL_MECHANICS
PUB_005638,INDUSTRIAL_AND_MANUFACTURING_ENGINEERING
PUB_005639,ASTRONOMY_AND_ASTROPHYSICS
PUB_005640,INDUSTRIAL_AND_MANUFACTURING_ENGINEERING
PUB_005641,COMPUTATIONAL_MECHANICS
PUB_005642,ATOMIC_AND_MOLECULAR_PHYSICS_AND_OPTICS
PUB_005643,SIGNAL_PROCESSING
PUB_005644,CIVIL_AND_STRUCTURAL_ENGINEERING
PUB_005645,ELECTRICAL_AND_ELECTRONIC_ENGINEERING
PUB_005646,ARTIFICIAL_INTELLIGENCE
PUB_005647,SIGNAL_PROCESSING
PUB_005648,CONTROL_AND_SYSTEMS_ENGINEERING
PUB_005649,CIVIL_AND_STRUCTURAL_ENGINEERING
PUB_005650,SIGNAL_PROCESSING
PUB_005651,ELECTRICAL_AND_ELECTRONIC_ENGINEERING
PUB_005652,COMPUTER_VISION_AND_PATTERN_RECOGNITION
PUB_005653,COMPUTATIONAL_MECHANICS
PUB_005654,ELECTRONIC_OPTICAL_AND_MAGNETIC_MATERIALS
PUB_005655,ARTIFICIAL_INTELLIGENCE
PUB_005656,MECHANICAL_ENGINEERING
PUB_005657,OCEAN_ENGINEERING
PUB_005658,ELECTRICAL_AND_ELECTRONIC_ENGINEERING
PUB_005659,STATISTICAL_AND_NONLINEAR_PHYSICS
PUB_005660,CIVIL_AND_STRUCTURAL_ENGINEERING
PUB_005661,ELECTRICAL_AND_ELECTRONIC_ENGINEERING
PUB_005662,ATOMIC_AND_MOLECULAR_PHYSICS_AND_OPTICS
PUB_005663,COMPUTER_NETWORKS_AND_COMMUNICATIONS
PUB_005664,SIGNAL_PROCESSING
PUB_005665,MEDIA_TECHNOLOGY
PUB_005666,OCEAN_ENGINEERING
PUB_005667,ELECTRICAL_AND_ELECTRONIC_ENGINEERING
PUB_005668,INFORMATION_SYSTEMS
PUB_005669,MATERIALS_CHEMISTRY
PUB_005670,AEROSPACE_ENGINEERING
PUB_005671,MATHEMATICAL_PHYSICS
PUB_005672,COMPUTATIONAL_MECHANICS
PUB_005673,COMPUTATIONAL_THEORY_AND_MATHEMATICS
PUB_005674,ELECTRICAL_AND_ELECTRONIC_ENGINEERING
PUB_005675,COMPUTER_VISION_AND_PATTERN_RECOGNITION
PUB_005676,ELECTRICAL_AND_ELECTRONIC_ENGINEERING
PUB_005677,AEROSPACE_ENGINEERING
PUB_005678,HARDWARE_AND_ARCHITECTURE
PUB_005679,SIGNAL_PROCESSING
PUB_005680,SIGNAL_PROCESSING
PUB_005681,ATOMIC_AND_MOLECULAR_PHYSICS_AND_OPTICS
PUB_005682,CIVIL_AND_STRUCTURAL_ENGINEERING
PUB_005683,MATERIALS_CHEMISTRY
PUB_005684,ELECTRICAL_AND_ELECTRONIC_ENGINEERING
PUB_005685,MECHANICAL_ENGINEERING
PUB_005686,COMPUTATIONAL_THEORY_AND_MATHEMATICS
PUB_005687,OCEAN_ENGINEERING
PUB_005688,MECHANICS_OF_MATERIALS
PUB_005689,AEROSPACE_ENGINEERING
PUB_005690,ATOMIC_AND_MOLECULAR_PHYSICS_AND_OPTICS
PUB_005691,COMPUTER_NETWORKS_AND_COMMUNICATIONS
PUB_005692,STATISTICAL_AND_NONLINEAR_PHYSICS
PUB_005693,COMPUTER_SCIENCE_APPLICATIONS
PUB_005694,MECHANICS_OF_MATERIALS
PUB_005695,CIVIL_AND_STRUCTURAL_ENGINEERING
PUB_005696,MATERIALS_CHEMISTRY
PUB_005697,MATERIALS_CHEMISTRY
PUB_005698,COMPUTER_NETWORKS_AND_COMMUNICATIONS
PUB_005699,INDUSTRIAL_AND_MANUFACTURING_ENGINEERING
PUB_005700,COMPUTER_VISION_AND_PATTERN_RECOGNITION
PUB_005701,ASTRONOMY_AND_ASTROPHYSICS
PUB_005702,APPLIED_MATHEMATICS
PUB_005703,ELECTRICAL_AND_ELECTRONIC_ENGINEERING
PUB_005704,RADIATION
PUB_005705,BIOMATERIALS
PUB_005706,ELECTRICAL_AND_ELECTRONIC_ENGINEERING
PUB_005707,MATERIALS_CHEMISTRY
PUB_005708,STATISTICAL_AND_NONLINEAR_PHYSICS
PUB_005709,APPLIED_MATHEMATICS
PUB_005710,COMPUTATIONAL_THEORY_AND_MATHEMATICS
PUB_005711,ELECTRICAL_AND_ELECTRONIC_ENGINEERING
PUB_005712,ELECTRICAL_AND_ELECTRONIC_ENGINEERING
PUB_005713,ELECTRICAL_AND_ELECTRONIC_ENGINEERING
PUB_005714,AUTOMOTIVE_ENGINEERING
PUB_005715,MECHANICAL_ENGINEERING
PUB_005716,INDUSTRIAL_AND_MANUFACTURING_ENGINEERING
PUB_005717,ASTRONOMY_AND_ASTROPHYSICS
PUB_005718,ELECTRICAL_AND_ELECTRONIC_ENGINEERING
PUB_005719,ARTIFICIAL_INTELLIGENCE
PUB_005720,CONTROL_AND_SYSTEMS_ENGINEERING
PUB_005721,MATERIALS_CHEMISTRY
PUB_005722,ELECTRICAL_AND_ELECTRONIC_ENGINEERING
PUB_005723,CIVIL_AND_STRUCTURAL_ENGINEERING
PUB_005724,MATERIALS_CHEMISTRY
PUB_005725,ELECTRICAL_AND_ELECTRONIC_ENGINEERING
PUB_005726,BIOMEDICAL_ENGINEERING
PUB_005727,ELECTRICAL_AND_ELECTRONIC_ENGINEERING
PUB_005728,COMPUTER_NETWORKS_AND_COMMUNICATIONS
PUB_005729,COMPUTER_NETWORKS_AND_COMMUNICATIONS
PUB_005730,MATERIALS_CHEMISTRY
PUB_005731,BIOMEDICAL_ENGINEERING
PUB_005732,ALGEBRA_AND_NUMBER_THEORY
PUB_005733,ELECTRICAL_AND_ELECTRONIC_ENGINEERING
PUB_005734,ELECTRICAL_AND_ELECTRONIC_ENGINEERING
PUB_005735,HARDWARE_AND_ARCHITECTURE
PUB_005736,ELECTRICAL_AND_ELECTRONIC_ENGINEERING
PUB_005737,MATERIALS_CHEMISTRY
PUB_005738,AEROSPACE_ENGINEERING
PUB_005739,COMPUTATIONAL_THEORY_AND_MATHEMATICS
PUB_005740,ARTIFICIAL_INTELLIGENCE
PUB_005741,MODELING_AND_SIMULATION
PUB_005742,COMPUTER_VISION_AND_PATTERN_RECOGNITION
PUB_005743,ARTIFICIAL_INTELLIGENCE
PUB_005744,MODELING_AND_SIMULATION
PUB_005745,ARTIFICIAL_INTELLIGENCE
PUB_005746,MODELING_AND_SIMULATION
PUB_005747,MATERIALS_CHEMISTRY
PUB_005748,COMPUTER_NETWORKS_AND_COMMUNICATIONS
PUB_005749,ARTIFICIAL_INTELLIGENCE
PUB_005750,MODELING_AND_SIMULATION
PUB_005751,ELECTRICAL_AND_ELECTRONIC_ENGINEERING
PUB_005752,ARTIFICIAL_INTELLIGENCE
PUB_005753,BIOMEDICAL_ENGINEERING
PUB_005754,COMPUTER_VISION_AND_PATTERN_RECOGNITION
PUB_005755,ARTIFICIAL_INTELLIGENCE
PUB_005756,ARTIFICIAL_INTELLIGENCE
PUB_005757,HARDWARE_AND_ARCHITECTURE
PUB_005758,MODELING_AND_SIMULATION
PUB_005759,ASTRONOMY_AND_ASTROPHYSICS
PUB_005760,ASTRONOMY_AND_ASTROPHYSICS
PUB_005761,AEROSPACE_ENGINEERING
PUB_005762,ARTIFICIAL_INTELLIGENCE
PUB_005763,ATOMIC_AND_MOLECULAR_PHYSICS_AND_OPTICS
PUB_005764,ELECTRICAL_AND_ELECTRONIC_ENGINEERING
PUB_005765,ARTIFICIAL_INTELLIGENCE
PUB_005766,BIOMEDICAL_ENGINEERING
PUB_005767,MODELING_AND_SIMULATION
PUB_005768,ELECTRICAL_AND_ELECTRONIC_ENGINEERING
PUB_005769,AUTOMOTIVE_ENGINEERING
PUB_005770,BIOMEDICAL_ENGINEERING
PUB_005771,ELECTRICAL_AND_ELECTRONIC_ENGINEERING
PUB_005772,OCEAN_ENGINEERING
PUB_005773,ARTIFICIAL_INTELLIGENCE
PUB_005774,COMPUTER_NETWORKS_AND_COMMUNICATIONS
PUB_005775,BIOMATERIALS
PUB_005776,ATOMIC_AND_MOLECULAR_PHYSICS_AND_OPTICS
PUB_005777,BIOMEDICAL_ENGINEERING
PUB_005778,ARTIFICIAL_INTELLIGENCE
PUB_005779,CIVIL_AND_STRUCTURAL_ENGINEERING
PUB_005780,COMPUTATIONAL_MECHANICS
PUB_005781,ELECTRONIC_OPTICAL_AND_MAGNETIC_MATERIALS
PUB_005782,ATOMIC_AND_MOLECULAR_PHYSICS_AND_OPTICS
PUB_005783,COMPUTER_NETWORKS_AND_COMMUNICATIONS
PUB_005784,ELECTRICAL_AND_ELECTRONIC_ENGINEERING
PUB_005785,BIOMEDICAL_ENGINEERING
PUB_005786,COMPUTER_VISION_AND_PATTERN_RECOGNITION
PUB_005787,ARTIFICIAL_INTELLIGENCE
PUB_005788,MATERIALS_CHEMISTRY
PUB_005789,COMPUTER_GRAPHICS_AND_COMPUTERAIDED_DESIGN
PUB_005790,BIOMEDICAL_ENGINEERING
PUB_005791,COMPUTATIONAL_MECHANICS
PUB_005792,ELECTRICAL_AND_ELECTRONIC_ENGINEERING
PUB_005793,ELECTRICAL_AND_ELECTRONIC_ENGINEERING
PUB_005794,CIVIL_AND_STRUCTURAL_ENGINEERING
PUB_005795,COMPUTER_NETWORKS_AND_COMMUNICATIONS
PUB_005796,COMPUTATIONAL_THEORY_AND_MATHEMATICS
PUB_005797,COMPUTATIONAL_THEORY_AND_MATHEMATICS
PUB_005798,MATERIALS_CHEMISTRY
PUB_005799,ATOMIC_AND_MOLECULAR_PHYSICS_AND_OPTICS
PUB_005800,GEOMETRY_AND_TOPOLOGY
PUB_005801,APPLIED_MATHEMATICS
PUB_005802,ARTIFICIAL_INTELLIGENCE
PUB_005803,ARTIFICIAL_INTELLIGENCE
PUB_005804,GEOMETRY_AND_TOPOLOGY
PUB_005805,COMPUTATIONAL_THEORY_AND_MATHEMATICS
PUB_005806,ARTIFICIAL_INTELLIGENCE
PUB_005807,ELECTRICAL_AND_ELECTRONIC_ENGINEERING
PUB_005808,ARTIFICIAL_INTELLIGENCE
PUB_005809,COMPUTATIONAL_MECHANICS
PUB_005810,MATHEMATICAL_PHYSICS
PUB_005811,BIOMEDICAL_ENGINEERING
PUB_005812,APPLIED_MATHEMATICS
PUB_005813,CIVIL_AND_STRUCTURAL_ENGINEERING
PUB_005814,MATHEMATICAL_PHYSICS
PUB_005815,COMPUTATIONAL_THEORY_AND_MATHEMATICS
PUB_005816,CONTROL_AND_SYSTEMS_ENGINEERING
PUB_005817,COMPUTER_NETWORKS_AND_COMMUNICATIONS
PUB_005818,CONTROL_AND_SYSTEMS_ENGINEERING
PUB_005819,COMPUTATIONAL_MECHANICS
PUB_005820,APPLIED_MATHEMATICS
PUB_005821,COMPUTATIONAL_THEORY_AND_MATHEMATICS
PUB_005822,CONDENSED_MATTER_PHYSICS
PUB_005823,COMPUTER_NETWORKS_AND_COMMUNICATIONS
PUB_005824,COMPUTER_GRAPHICS_AND_COMPUTERAIDED_DESIGN
PUB_005825,GEOMETRY_AND_TOPOLOGY
PUB_005826,ARTIFICIAL_INTELLIGENCE
PUB_005827,MATHEMATICAL_PHYSICS
PUB_005828,APPLIED_MATHEMATICS
PUB_005829,MODELING_AND_SIMULATION
PUB_005830,ELECTRICAL_AND_ELECTRONIC_ENGINEERING
PUB_005831,COMPUTATIONAL_MECHANICS
PUB_005832,APPLIED_MATHEMATICS
PUB_005833,COMPUTATIONAL_MECHANICS
PUB_005834,COMPUTER_VISION_AND_PATTERN_RECOGNITION
PUB_005835,COMPUTATIONAL_THEORY_AND_MATHEMATICS
PUB_005836,ASTRONOMY_AND_ASTROPHYSICS
PUB_005837,COMPUTATIONAL_MECHANICS
PUB_005838,ARTIFICIAL_INTELLIGENCE
PUB_005839,COMPUTER_NETWORKS_AND_COMMUNICATIONS
PUB_005840,MATHEMATICAL_PHYSICS
PUB_005841,COMPUTATIONAL_MECHANICS
PUB_005842,APPLIED_MATHEMATICS
PUB_005843,AEROSPACE_ENGINEERING
PUB_005844,MECHANICAL_ENGINEERING
PUB_005845,COMPUTER_VISION_AND_PATTERN_RECOGNITION
PUB_005846,ARTIFICIAL_INTELLIGENCE
PUB_005847,MECHANICS_OF_MATERIALS
PUB_005848,ELECTRICAL_AND_ELECTRONIC_ENGINEERING
PUB_005849,BIOMEDICAL_ENGINEERING
PUB_005850,ELECTRICAL_AND_ELECTRONIC_ENGINEERING
PUB_005851,ELECTRONIC_OPTICAL_AND_MAGNETIC_MATERIALS
PUB_005852,MECHANICAL_ENGINEERING
PUB_005853,MECHANICS_OF_MATERIALS
PUB_005854,MATERIALS_CHEMISTRY
PUB_005855,MECHANICS_OF_MATERIALS
PUB_005856,ELECTRICAL_AND_ELECTRONIC_ENGINEERING
PUB_005857,CERAMICS_AND_COMPOSITES
PUB_005858,ARTIFICIAL_INTELLIGENCE
PUB_005859,STATISTICAL_AND_NONLINEAR_PHYSICS
PUB_005860,ELECTRICAL_AND_ELECTRONIC_ENGINEERING
PUB_005861,AEROSPACE_ENGINEERING
PUB_005862,COMPUTATIONAL_MECHANICS
PUB_005863,COMPUTER_NETWORKS_AND_COMMUNICATIONS
PUB_005864,COMPUTATIONAL_MECHANICS
PUB_005865,MECHANICS_OF_MATERIALS
PUB_005866,ELECTRICAL_AND_ELECTRONIC_ENGINEERING
PUB_005867,ELECTRICAL_AND_ELECTRONIC_ENGINEERING
PUB_005868,ARTIFICIAL_INTELLIGENCE
PUB_005869,COMPUTATIONAL_THEORY_AND_MATHEMATICS
PUB_005870,COMPUTER_NETWORKS_AND_COMMUNICATIONS
PUB_005871,MECHANICAL_ENGINEERING
PUB_005872,CONTROL_AND_SYSTEMS_ENGINEERING
PUB_005873,BIOMATERIALS
PUB_005874,ARTIFICIAL_INTELLIGENCE
PUB_005875,ARTIFICIAL_INTELLIGENCE
PUB_005876,COMPUTER_VISION_AND_PATTERN_RECOGNITION
PUB_005877,ARTIFICIAL_INTELLIGENCE
PUB_005878,AEROSPACE_ENGINEERING
PUB_005879,MATERIALS_CHEMISTRY
PUB_005880,AEROSPACE_ENGINEERING
PUB_005881,ARTIFICIAL_INTELLIGENCE
PUB_005882,SURFACES_COATINGS_AND_FILMS
PUB_005883,BIOMEDICAL_ENGINEERING
PUB_005884,CONTROL_AND_SYSTEMS_ENGINEERING
PUB_005885,COMPUTER_VISION_AND_PATTERN_RECOGNITION
PUB_005886,BIOMEDICAL_ENGINEERING
PUB_005887,ATOMIC_AND_MOLECULAR_PHYSICS_AND_OPTICS
PUB_005888,COMPUTATIONAL_MECHANICS
PUB_005889,MECHANICS_OF_MATERIALS
PUB_005890,MATERIALS_CHEMISTRY
PUB_005891,MATHEMATICAL_PHYSICS
PUB_005892,MATERIALS_CHEMISTRY
PUB_005893,CONTROL_AND_SYSTEMS_ENGINEERING
PUB_005894,COMPUTER_GRAPHICS_AND_COMPUTERAIDED_DESIGN
PUB_005895,AEROSPACE_ENGINEERING
PUB_005896,MEDIA_TECHNOLOGY
PUB_005897,MATERIALS_CHEMISTRY
PUB_005898,APPLIED_MATHEMATICS
PUB_005899,BUILDING_AND_CONSTRUCTION
PUB_005900,BIOMATERIALS
PUB_005901,COMPUTATIONAL_MECHANICS
PUB_005902,AEROSPACE_ENGINEERING
PUB_005903,AEROSPACE_ENGINEERING
PUB_005904,ALGEBRA_AND_NUMBER_THEORY
PUB_005905,CIVIL_AND_STRUCTURAL_ENGINEERING
PUB_005906,BIOMEDICAL_ENGINEERING
PUB_005907,CIVIL_AND_STRUCTURAL_ENGINEERING
PUB_005908,ATOMIC_AND_MOLECULAR_PHYSICS_AND_OPTICS
PUB_005909,ARTIFICIAL_INTELLIGENCE
PUB_005910,CIVIL_AND_STRUCTURAL_ENGINEERING
PUB_005911,BIOMEDICAL_ENGINEERING
PUB_005912,ARTIFICIAL_INTELLIGENCE
PUB_005913,ELECTRICAL_AND_ELECTRONIC_ENGINEERING
PUB_005914,ARTIFICIAL_INTELLIGENCE
PUB_005915,COMPUTATIONAL_MECHANICS
PUB_005916,COMPUTER_VISION_AND_PATTERN_RECOGNITION
PUB_005917,MECHANICS_OF_MATERIALS
PUB_005918,ARTIFICIAL_INTELLIGENCE
PUB_005919,BIOMEDICAL_ENGINEERING
PUB_005920,COMPUTATIONAL_MECHANICS
PUB_005921,CIVIL_AND_STRUCTURAL_ENGINEERING
PUB_005922,CIVIL_AND_STRUCTURAL_ENGINEERING
PUB_005923,BIOMEDICAL_ENGINEERING
PUB_005924,MATERIALS_CHEMISTRY
PUB_005925,APPLIED_MATHEMATICS
PUB_005926,BUILDING_AND_CONSTRUCTION
PUB_005927,MATERIALS_CHEMISTRY
PUB_005928,ELECTRICAL_AND_ELECTRONIC_ENGINEERING
PUB_005929,ARTIFICIAL_INTELLIGENCE
PUB_005930,ARTIFICIAL_INTELLIGENCE
PUB_005931,MATHEMATICAL_PHYSICS
PUB_005932,SIGNAL_PROCESSING
PUB_005933,APPLIED_MATHEMATICS
PUB_005934,MECHANICAL_ENGINEERING
PUB_005935,ASTRONOMY_AND_ASTROPHYSICS
PUB_005936,ARTIFICIAL_INTELLIGENCE
PUB_005937,DISCRETE_MATHEMATICS_AND_COMBINATORICS
PUB_005938,COMPUTATIONAL_THEORY_AND_MATHEMATICS
PUB_005939,STATISTICAL_AND_NONLINEAR_PHYSICS
PUB_005940,ARTIFICIAL_INTELLIGENCE
PUB_005941,MECHANICS_OF_MATERIALS
PUB_005942,ASTRONOMY_AND_ASTROPHYSICS
PUB_005943,SURFACES_COATINGS_AND_FILMS
PUB_005944,COMPUTATIONAL_MECHANICS
PUB_005945,ELECTRONIC_OPTICAL_AND_MAGNETIC_MATERIALS
PUB_005946,COMPUTER_NETWORKS_AND_COMMUNICATIONS
PUB_005947,COMPUTATIONAL_MECHANICS
PUB_005948,COMPUTER_NETWORKS_AND_COMMUNICATIONS
PUB_005949,ATOMIC_AND_MOLECULAR_PHYSICS_AND_OPTICS
PUB_005950,COMPUTER_VISION_AND_PATTERN_RECOGNITION
PUB_005951,DISCRETE_MATHEMATICS_AND_COMBINATORICS
PUB_005952,COMPUTATIONAL_MECHANICS
PUB_005953,SIGNAL_PROCESSING
PUB_005954,APPLIED_MATHEMATICS
PUB_005955,APPLIED_MATHEMATICS
PUB_005956,COMPUTER_NETWORKS_AND_COMMUNICATIONS
PUB_005957,ASTRONOMY_AND_ASTROPHYSICS
PUB_005958,MATHEMATICAL_PHYSICS
PUB_005959,ASTRONOMY_AND_ASTROPHYSICS
PUB_005960,ALGEBRA_AND_NUMBER_THEORY
PUB_005961,ARTIFICIAL_INTELLIGENCE
PUB_005962,GEOMETRY_AND_TOPOLOGY
PUB_005963,ELECTRICAL_AND_ELECTRONIC_ENGINEERING
PUB_005964,CIVIL_AND_STRUCTURAL_ENGINEERING
PUB_005965,MATERIALS_CHEMISTRY
PUB_005966,STATISTICAL_AND_NONLINEAR_PHYSICS
PUB_005967,COMPUTATIONAL_THEORY_AND_MATHEMATICS
PUB_005968,MECHANICAL_ENGINEERING
PUB_005969,ATOMIC_AND_MOLECULAR_PHYSICS_AND_OPTICS
PUB_005970,CONTROL_AND_SYSTEMS_ENGINEERING
PUB_005971,AEROSPACE_ENGINEERING
PUB_005972,COMPUTATIONAL_MECHANICS
PUB_005973,ELECTRICAL_AND_ELECTRONIC_ENGINEERING
PUB_005974,ELECTRICAL_AND_ELECTRONIC_ENGINEERING
PUB_005975,COMPUTATIONAL_MECHANICS
PUB_005976,COMPUTER_VISION_AND_PATTERN_RECOGNITION
PUB_005977,MODELING_AND_SIMULATION
PUB_005978,COMPUTER_NETWORKS_AND_COMMUNICATIONS
PUB_005979,ELECTRICAL_AND_ELECTRONIC_ENGINEERING
PUB_005980,CIVIL_AND_STRUCTURAL_ENGINEERING
PUB_005981,ASTRONOMY_AND_ASTROPHYSICS
PUB_005982,MATHEMATICAL_PHYSICS
PUB_005983,COMPUTER_NETWORKS_AND_COMMUNICATIONS
PUB_005984,COMPUTER_NETWORKS_AND_COMMUNICATIONS
PUB_005985,ARTIFICIAL_INTELLIGENCE
PUB_005986,CONDENSED_MATTER_PHYSICS
PUB_005987,MECHANICS_OF_MATERIALS
PUB_005988,ELECTRICAL_AND_ELECTRONIC_ENGINEERING
PUB_005989,CONTROL_AND_SYSTEMS_ENGINEERING
PUB_005990,AEROSPACE_ENGINEERING
PUB_005991,SIGNAL_PROCESSING
PUB_005992,MECHANICAL_ENGINEERING
PUB_005993,ASTRONOMY_AND_ASTROPHYSICS
PUB_005994,MECHANICS_OF_MATERIALS
PUB_005995,ASTRONOMY_AND_ASTROPHYSICS
PUB_005996,COMPUTATIONAL_THEORY_AND_MATHEMATICS
PUB_005997,ELECTRICAL_AND_ELECTRONIC_ENGINEERING
PUB_005998,ASTRONOMY_AND_ASTROPHYSICS
PUB_005999,ASTRONOMY_AND_ASTROPHYSICS
PUB_006000,COMPUTER_VISION_AND_PATTERN_RECOGNITION
PUB_006001,APPLIED_MATHEMATICS
PUB_006002,BIOMEDICAL_ENGINEERING
PUB_006003,SURFACES_COATINGS_AND_FILMS
PUB_006004,ATOMIC_AND_MOLECULAR_PHYSICS_AND_OPTICS
PUB_006005,CIVIL_AND_STRUCTURAL_ENGINEERING
PUB_006006,ELECTRONIC_OPTICAL_AND_MAGNETIC_MATERIALS
PUB_006007,STATISTICAL_AND_NONLINEAR_PHYSICS
PUB_006008,ARTIFICIAL_INTELLIGENCE
PUB_006009,COMPUTER_VISION_AND_PATTERN_RECOGNITION
PUB_006010,ARTIFICIAL_INTELLIGENCE
PUB_006011,ELECTRONIC_OPTICAL_AND_MAGNETIC_MATERIALS
PUB_006012,ASTRONOMY_AND_ASTROPHYSICS
PUB_006013,ELECTRICAL_AND_ELECTRONIC_ENGINEERING
PUB_006014,MATERIALS_CHEMISTRY
PUB_006015,ARTIFICIAL_INTELLIGENCE
PUB_006016,ASTRONOMY_AND_ASTROPHYSICS
PUB_006017,ELECTRICAL_AND_ELECTRONIC_ENGINEERING
PUB_006018,AEROSPACE_ENGINEERING
PUB_006019,ELECTRICAL_AND_ELECTRONIC_ENGINEERING
PUB_006020,CONTROL_AND_SYSTEMS_ENGINEERING
PUB_006021,MATERIALS_CHEMISTRY
PUB_006022,ELECTRICAL_AND_ELECTRONIC_ENGINEERING
PUB_006023,MATERIALS_CHEMISTRY
PUB_006024,ELECTRICAL_AND_ELECTRONIC_ENGINEERING
PUB_006025,ATOMIC_AND_MOLECULAR_PHYSICS_AND_OPTICS
PUB_006026,ELECTRICAL_AND_ELECTRONIC_ENGINEERING
PUB_006027,COMPUTATIONAL_MECHANICS
PUB_006028,INSTRUMENTATION
PUB_006029,MATERIALS_CHEMISTRY
PUB_006030,ELECTRICAL_AND_ELECTRONIC_ENGINEERING
PUB_006031,INFORMATION_SYSTEMS
PUB_006032,COMPUTATIONAL_MECHANICS
PUB_006033,INFORMATION_SYSTEMS
PUB_006034,ELECTRICAL_AND_ELECTRONIC_ENGINEERING
PUB_006035,AEROSPACE_ENGINEERING
PUB_006036,THEORETICAL_COMPUTER_SCIENCE
PUB_006037,COMPUTATIONAL_MECHANICS
PUB_006038,AEROSPACE_ENGINEERING
PUB_006039,MATHEMATICAL_PHYSICS
PUB_006040,CONDENSED_MATTER_PHYSICS
PUB_006041,MATERIALS_CHEMISTRY
PUB_006042,ELECTRICAL_AND_ELECTRONIC_ENGINEERING
PUB_006043,AEROSPACE_ENGINEERING
PUB_006044,MEDIA_TECHNOLOGY
PUB_006045,COMPUTATIONAL_MECHANICS
PUB_006046,APPLIED_MATHEMATICS
PUB_006047,ELECTRONIC_OPTICAL_AND_MAGNETIC_MATERIALS
PUB_006048,MATERIALS_CHEMISTRY
PUB_006049,ELECTRICAL_AND_ELECTRONIC_ENGINEERING
PUB_006050,ARTIFICIAL_INTELLIGENCE
PUB_006051,ASTRONOMY_AND_ASTROPHYSICS
PUB_006052,COMPUTATIONAL_MECHANICS
PUB_006053,ASTRONOMY_AND_ASTROPHYSICS
PUB_006054,SURFACES_COATINGS_AND_FILMS
PUB_006055,COMPUTER_VISION_AND_PATTERN_RECOGNITION
PUB_006056,COMPUTER_VISION_AND_PATTERN_RECOGNITION
PUB_006057,STATISTICAL_AND_NONLINEAR_PHYSICS
PUB_006058,AEROSPACE_ENGINEERING
PUB_006059,COMPUTATIONAL_MECHANICS
PUB_006060,COMPUTER_NETWORKS_AND_COMMUNICATIONS
PUB_006061,COMPUTER_NETWORKS_AND_COMMUNICATIONS
PUB_006062,ELECTRICAL_AND_ELECTRONIC_ENGINEERING
PUB_006063,CIVIL_AND_STRUCTURAL_ENGINEERING
PUB_006064,APPLIED_MATHEMATICS
PUB_006065,HARDWARE_AND_ARCHITECTURE
PUB_006066,ATOMIC_AND_MOLECULAR_PHYSICS_AND_OPTICS
PUB_006067,ARTIFICIAL_INTELLIGENCE
PUB_006068,COMPUTATIONAL_THEORY_AND_MATHEMATICS
PUB_006069,CIVIL_AND_STRUCTURAL_ENGINEERING
PUB_006070,STATISTICAL_AND_NONLINEAR_PHYSICS
PUB_006071,CIVIL_AND_STRUCTURAL_ENGINEERING
PUB_006072,CIVIL_AND_STRUCTURAL_ENGINEERING
PUB_006073,MECHANICAL_ENGINEERING
PUB_006074,CONTROL_AND_SYSTEMS_ENGINEERING
PUB_006075,ARTIFICIAL_INTELLIGENCE
PUB_006076,APPLIED_MATHEMATICS
PUB_006077,ARTIFICIAL_INTELLIGENCE
PUB_006078,COMPUTER_VISION_AND_PATTERN_RECOGNITION
PUB_006079,ELECTRICAL_AND_ELECTRONIC_ENGINEERING
PUB_006080,ELECTRICAL_AND_ELECTRONIC_ENGINEERING
PUB_006081,COMPUTER_VISION_AND_PATTERN_RECOGNITION
PUB_006082,HARDWARE_AND_ARCHITECTURE
PUB_006083,BIOMEDICAL_ENGINEERING
PUB_006084,ELECTRICAL_AND_ELECTRONIC_ENGINEERING
PUB_006085,ELECTRICAL_AND_ELECTRONIC_ENGINEERING
PUB_006086,MODELING_AND_SIMULATION
PUB_006087,MODELING_AND_SIMULATION
PUB_006088,COMPUTATIONAL_MECHANICS
PUB_006089,COMPUTER_VISION_AND_PATTERN_RECOGNITION
PUB_006090,CIVIL_AND_STRUCTURAL_ENGINEERING
PUB_006091,BIOMEDICAL_ENGINEERING
PUB_006092,MATERIALS_CHEMISTRY
PUB_006093,ELECTRICAL_AND_ELECTRONIC_ENGINEERING
PUB_006094,COMPUTER_VISION_AND_PATTERN_RECOGNITION
PUB_006095,COMPUTER_NETWORKS_AND_COMMUNICATIONS
PUB_006096,COMPUTER_NETWORKS_AND_COMMUNICATIONS
PUB_006097,ASTRONOMY_AND_ASTROPHYSICS
PUB_006098,AEROSPACE_ENGINEERING
PUB_006099,ASTRONOMY_AND_ASTROPHYSICS
PUB_006100,MODELING_AND_SIMULATION
PUB_006101,MATERIALS_CHEMISTRY
PUB_006102,MECHANICAL_ENGINEERING
PUB_006103,MECHANICAL_ENGINEERING
PUB_006104,DISCRETE_MATHEMATICS_AND_COMBINATORICS
PUB_006105,STATISTICAL_AND_NONLINEAR_PHYSICS
PUB_006106,ASTRONOMY_AND_ASTROPHYSICS
PUB_006107,COMPUTER_VISION_AND_PATTERN_RECOGNITION
PUB_006108,HARDWARE_AND_ARCHITECTURE
PUB_006109,ARTIFICIAL_INTELLIGENCE
PUB_006110,MATHEMATICAL_PHYSICS
PUB_006111,ARTIFICIAL_INTELLIGENCE
PUB_006112,AUTOMOTIVE_ENGINEERING
PUB_006113,ARTIFICIAL_INTELLIGENCE
PUB_006114,MATERIALS_CHEMISTRY
PUB_006115,ARTIFICIAL_INTELLIGENCE
PUB_006116,ARTIFICIAL_INTELLIGENCE
PUB_006117,ARTIFICIAL_INTELLIGENCE
PUB_006118,INDUSTRIAL_AND_MANUFACTURING_ENGINEERING
PUB_006119,ELECTRICAL_AND_ELECTRONIC_ENGINEERING
PUB_006120,ELECTRICAL_AND_ELECTRONIC_ENGINEERING
PUB_006121,DISCRETE_MATHEMATICS_AND_COMBINATORICS
PUB_006122,ELECTRICAL_AND_ELECTRONIC_ENGINEERING
PUB_006123,COMPUTER_VISION_AND_PATTERN_RECOGNITION
PUB_006124,COMPUTER_NETWORKS_AND_COMMUNICATIONS
PUB_006125,ELECTRICAL_AND_ELECTRONIC_ENGINEERING
PUB_006126,ATOMIC_AND_MOLECULAR_PHYSICS_AND_OPTICS
PUB_006127,RADIATION
PUB_006128,ELECTRICAL_AND_ELECTRONIC_ENGINEERING
PUB_006129,AEROSPACE_ENGINEERING
PUB_006130,CIVIL_AND_STRUCTURAL_ENGINEERING
PUB_006131,ATOMIC_AND_MOLECULAR_PHYSICS_AND_OPTICS
PUB_006132,SIGNAL_PROCESSING
PUB_006133,COMPUTER_NETWORKS_AND_COMMUNICATIONS
PUB_006134,BIOMEDICAL_ENGINEERING
PUB_006135,MATERIALS_CHEMISTRY
PUB_006136,ARTIFICIAL_INTELLIGENCE
PUB_006137,BIOMEDICAL_ENGINEERING
PUB_006138,ELECTRICAL_AND_ELECTRONIC_ENGINEERING
PUB_006139,ASTRONOMY_AND_ASTROPHYSICS
PUB_006140,MECHANICS_OF_MATERIALS
PUB_006141,MATERIALS_CHEMISTRY
PUB_006142,COMPUTATIONAL_MECHANICS
PUB_006143,COMPUTATIONAL_MECHANICS
PUB_006144,MECHANICAL_ENGINEERING
PUB_006145,ARTIFICIAL_INTELLIGENCE
PUB_006146,COMPUTATIONAL_MECHANICS
PUB_006147,COMPUTATIONAL_MECHANICS
PUB_006148,COMPUTATIONAL_MECHANICS
PUB_006149,CIVIL_AND_STRUCTURAL_ENGINEERING
PUB_006150,COMPUTATIONAL_MECHANICS
PUB_006151,POLYMERS_AND_PLASTICS
PUB_006152,COMPUTATIONAL_MECHANICS
PUB_006153,COMPUTER_NETWORKS_AND_COMMUNICATIONS
PUB_006154,COMPUTATIONAL_MECHANICS
PUB_006155,MATERIALS_CHEMISTRY
PUB_006156,POLYMERS_AND_PLASTICS
PUB_006157,CONTROL_AND_SYSTEMS_ENGINEERING
PUB_006158,BIOMEDICAL_ENGINEERING
PUB_006159,COMPUTATIONAL_MECHANICS
PUB_006160,ELECTRICAL_AND_ELECTRONIC_ENGINEERING
PUB_006161,COMPUTER_NETWORKS_AND_COMMUNICATIONS
PUB_006162,AEROSPACE_ENGINEERING
PUB_006163,INFORMATION_SYSTEMS
PUB_006164,ELECTRICAL_AND_ELECTRONIC_ENGINEERING
PUB_006165,BIOMEDICAL_ENGINEERING
PUB_006166,BIOMEDICAL_ENGINEERING
PUB_006167,CONDENSED_MATTER_PHYSICS
PUB_006168,BIOMEDICAL_ENGINEERING
PUB_006169,MATERIALS_CHEMISTRY
PUB_006170,ELECTRICAL_AND_ELECTRONIC_ENGINEERING
PUB_006171,ELECTRONIC_OPTICAL_AND_MAGNETIC_MATERIALS
PUB_006172,CONTROL_AND_SYSTEMS_ENGINEERING
PUB_006173,CONTROL_AND_SYSTEMS_ENGINEERING
PUB_006174,COMPUTER_VISION_AND_PATTERN_RECOGNITION
PUB_006175,HUMANCOMPUTER_INTERACTION
PUB_006176,AUTOMOTIVE_ENGINEERING
PUB_006177,ATOMIC_AND_MOLECULAR_PHYSICS_AND_OPTICS
PUB_006178,CONTROL_AND_SYSTEMS_ENGINEERING
PUB_006179,MECHANICS_OF_MATERIALS
PUB_006180,ELECTRICAL_AND_ELECTRONIC_ENGINEERING
PUB_006181,ASTRONOMY_AND_ASTROPHYSICS
PUB_006182,AEROSPACE_ENGINEERING
PUB_006183,BIOMEDICAL_ENGINEERING
PUB_006184,MATERIALS_CHEMISTRY
PUB_006185,ELECTRONIC_OPTICAL_AND_MAGNETIC_MATERIALS
PUB_006186,ELECTRICAL_AND_ELECTRONIC_ENGINEERING
PUB_006187,AEROSPACE_ENGINEERING
PUB_006188,BIOMEDICAL_ENGINEERING
PUB_006189,AEROSPACE_ENGINEERING
PUB_006190,STATISTICAL_AND_NONLINEAR_PHYSICS
PUB_006191,MEDIA_TECHNOLOGY
PUB_006192,STATISTICAL_AND_NONLINEAR_PHYSICS
PUB_006193,COMPUTATIONAL_MECHANICS
PUB_006194,ARTIFICIAL_INTELLIGENCE
PUB_006195,ATOMIC_AND_MOLECULAR_PHYSICS_AND_OPTICS
PUB_006196,ATOMIC_AND_MOLECULAR_PHYSICS_AND_OPTICS
PUB_006197,CONDENSED_MATTER_PHYSICS
PUB_006198,ATOMIC_AND_MOLECULAR_PHYSICS_AND_OPTICS
PUB_006199,COMPUTATIONAL_THEORY_AND_MATHEMATICS
PUB_006200,ELECTRICAL_AND_ELECTRONIC_ENGINEERING
PUB_006201,ASTRONOMY_AND_ASTROPHYSICS
PUB_006202,BIOMEDICAL_ENGINEERING
PUB_006203,ELECTRICAL_AND_ELECTRONIC_ENGINEERING
PUB_006204,AEROSPACE_ENGINEERING
PUB_006205,APPLIED_MATHEMATICS
PUB_006206,MECHANICAL_ENGINEERING
PUB_006207,AEROSPACE_ENGINEERING
PUB_006208,CONDENSED_MATTER_PHYSICS
PUB_006209,AEROSPACE_ENGINEERING
PUB_006210,ALGEBRA_AND_NUMBER_THEORY
PUB_006211,ELECTRICAL_AND_ELECTRONIC_ENGINEERING
PUB_006212,COMPUTER_NETWORKS_AND_COMMUNICATIONS
PUB_006213,ASTRONOMY_AND_ASTROPHYSICS
PUB_006214,MATHEMATICAL_PHYSICS
PUB_006215,MATHEMATICAL_PHYSICS
PUB_006216,COMPUTATIONAL_THEORY_AND_MATHEMATICS
PUB_006217,CONDENSED_MATTER_PHYSICS
PUB_006218,COMPUTATIONAL_THEORY_AND_MATHEMATICS
PUB_006219,MATHEMATICAL_PHYSICS
PUB_006220,ATOMIC_AND_MOLECULAR_PHYSICS_AND_OPTICS
PUB_006221,CONDENSED_MATTER_PHYSICS
PUB_006222,COMPUTATIONAL_THEORY_AND_MATHEMATICS
PUB_006223,COMPUTER_NETWORKS_AND_COMMUNICATIONS
PUB_006224,ASTRONOMY_AND_ASTROPHYSICS
PUB_006225,COMPUTER_NETWORKS_AND_COMMUNICATIONS
PUB_006226,GEOMETRY_AND_TOPOLOGY
PUB_006227,AEROSPACE_ENGINEERING
PUB_006228,MATERIALS_CHEMISTRY
PUB_006229,MATERIALS_CHEMISTRY
PUB_006230,ARTIFICIAL_INTELLIGENCE
PUB_006231,COMPUTER_NETWORKS_AND_COMMUNICATIONS
PUB_006232,ASTRONOMY_AND_ASTROPHYSICS
PUB_006233,COMPUTER_NETWORKS_AND_COMMUNICATIONS
PUB_006234,COMPUTER_NETWORKS_AND_COMMUNICATIONS
PUB_006235,ASTRONOMY_AND_ASTROPHYSICS
PUB_006236,COMPUTATIONAL_MECHANICS
PUB_006237,MATERIALS_CHEMISTRY
PUB_006238,INFORMATION_SYSTEMS
PUB_006239,ELECTRICAL_AND_ELECTRONIC_ENGINEERING
PUB_006240,INDUSTRIAL_AND_MANUFACTURING_ENGINEERING
PUB_006241,BIOMATERIALS
PUB_006242,ASTRONOMY_AND_ASTROPHYSICS
PUB_006243,ARTIFICIAL_INTELLIGENCE
PUB_006244,MATERIALS_CHEMISTRY
PUB_006245,MATERIALS_CHEMISTRY
PUB_006246,POLYMERS_AND_PLASTICS
PUB_006247,AUTOMOTIVE_ENGINEERING
PUB_006248,BIOMATERIALS
PUB_006249,ELECTRICAL_AND_ELECTRONIC_ENGINEERING
PUB_006250,ATOMIC_AND_MOLECULAR_PHYSICS_AND_OPTICS
PUB_006251,MATERIALS_CHEMISTRY
PUB_006252,ELECTRICAL_AND_ELECTRONIC_ENGINEERING
PUB_006253,ARTIFICIAL_INTELLIGENCE
PUB_006254,MATERIALS_CHEMISTRY
PUB_006255,ELECTRICAL_AND_ELECTRONIC_ENGINEERING
PUB_006256,ATOMIC_AND_MOLECULAR_PHYSICS_AND_OPTICS
PUB_006257,MATERIALS_CHEMISTRY
PUB_006258,ELECTRICAL_AND_ELECTRONIC_ENGINEERING
PUB_006259,MATERIALS_CHEMISTRY
PUB_006260,MATERIALS_CHEMISTRY
PUB_006261,BIOMEDICAL_ENGINEERING
PUB_006262,INDUSTRIAL_AND_MANUFACTURING_ENGINEERING
PUB_006263,ASTRONOMY_AND_ASTROPHYSICS
PUB_006264,MATERIALS_CHEMISTRY
PUB_006265,CIVIL_AND_STRUCTURAL_ENGINEERING
PUB_006266,ATOMIC_AND_MOLECULAR_PHYSICS_AND_OPTICS
PUB_006267,ARTIFICIAL_INTELLIGENCE
PUB_006268,ELECTRONIC_OPTICAL_AND_MAGNETIC_MATERIALS
PUB_006269,MATERIALS_CHEMISTRY
PUB_006270,ELECTRICAL_AND_ELECTRONIC_ENGINEERING
PUB_006271,MATERIALS_CHEMISTRY
PUB_006272,BIOMEDICAL_ENGINEERING
PUB_006273,MATERIALS_CHEMISTRY
PUB_006274,ELECTRICAL_AND_ELECTRONIC_ENGINEERING
PUB_006275,MECHANICAL_ENGINEERING
PUB_006276,MATERIALS_CHEMISTRY
PUB_006277,ARTIFICIAL_INTELLIGENCE
PUB_006278,ARTIFICIAL_INTELLIGENCE
PUB_006279,BIOMATERIALS
PUB_006280,ELECTRICAL_AND_ELECTRONIC_ENGINEERING
PUB_006281,BIOMEDICAL_ENGINEERING
PUB_006282,INDUSTRIAL_AND_MANUFACTURING_ENGINEERING
PUB_006283,ELECTRICAL_AND_ELECTRONIC_ENGINEERING
PUB_006284,ARTIFICIAL_INTELLIGENCE
PUB_006285,MATERIALS_CHEMISTRY
PUB_006286,ATOMIC_AND_MOLECULAR_PHYSICS_AND_OPTICS
PUB_006287,BIOMEDICAL_ENGINEERING
PUB_006288,ELECTRONIC_OPTICAL_AND_MAGNETIC_MATERIALS
PUB_006289,MECHANICS_OF_MATERIALS
PUB_006290,BIOMEDICAL_ENGINEERING
PUB_006291,MECHANICAL_ENGINEERING
PUB_006292,MECHANICAL_ENGINEERING
PUB_006293,ELECTRICAL_AND_ELECTRONIC_ENGINEERING
PUB_006294,MEDIA_TECHNOLOGY
PUB_006295,MATERIALS_CHEMISTRY
PUB_006296,MATERIALS_CHEMISTRY
PUB_006297,COMPUTER_VISION_AND_PATTERN_RECOGNITION
PUB_006298,ELECTRICAL_AND_ELECTRONIC_ENGINEERING
PUB_006299,COMPUTATIONAL_THEORY_AND_MATHEMATICS
PUB_006300,MATERIALS_CHEMISTRY
PUB_006301,ELECTRICAL_AND_ELECTRONIC_ENGINEERING
PUB_006302,ELECTRICAL_AND_ELECTRONIC_ENGINEERING
PUB_006303,COMPUTER_VISION_AND_PATTERN_RECOGNITION
PUB_006304,CIVIL_AND_STRUCTURAL_ENGINEERING
PUB_006305,COMPUTATIONAL_MECHANICS
PUB_006306,ELECTRICAL_AND_ELECTRONIC_ENGINEERING
PUB_006307,ARTIFICIAL_INTELLIGENCE
PUB_006308,ARTIFICIAL_INTELLIGENCE
PUB_006309,CONDENSED_MATTER_PHYSICS
PUB_006310,ELECTRICAL_AND_ELECTRONIC_ENGINEERING
PUB_006311,ELECTRICAL_AND_ELECTRONIC_ENGINEERING
PUB_006312,MATERIALS_CHEMISTRY
PUB_006313,ELECTRICAL_AND_ELECTRONIC_ENGINEERING
PUB_006314,ELECTRICAL_AND_ELECTRONIC_ENGINEERING
PUB_006315,MATERIALS_CHEMISTRY
PUB_006316,ARTIFICIAL_INTELLIGENCE
PUB_006317,MECHANICAL_ENGINEERING
PUB_006318,MATERIALS_CHEMISTRY
PUB_006319,MECHANICAL_ENGINEERING
PUB_006320,ELECTRONIC_OPTICAL_AND_MAGNETIC_MATERIALS
PUB_006321,BIOMEDICAL_ENGINEERING
PUB_006322,INFORMATION_SYSTEMS
PUB_006323,ELECTRICAL_AND_ELECTRONIC_ENGINEERING
PUB_006324,ATOMIC_AND_MOLECULAR_PHYSICS_AND_OPTICS
PUB_006325,ELECTRICAL_AND_ELECTRONIC_ENGINEERING
PUB_006326,CONDENSED_MATTER_PHYSICS
PUB_006327,ELECTRICAL_AND_ELECTRONIC_ENGINEERING
PUB_006328,ARTIFICIAL_INTELLIGENCE
PUB_006329,COMPUTER_NETWORKS_AND_COMMUNICATIONS
PUB_006330,ELECTRICAL_AND_ELECTRONIC_ENGINEERING
PUB_006331,ARTIFICIAL_INTELLIGENCE
PUB_006332,ATOMIC_AND_MOLECULAR_PHYSICS_AND_OPTICS
PUB_006333,MATERIALS_CHEMISTRY
PUB_006334,ARTIFICIAL_INTELLIGENCE
PUB_006335,OCEAN_ENGINEERING
PUB_006336,ELECTRICAL_AND_ELECTRONIC_ENGINEERING
PUB_006337,BIOMEDICAL_ENGINEERING
PUB_006338,ATOMIC_AND_MOLECULAR_PHYSICS_AND_OPTICS
PUB_006339,BIOMEDICAL_ENGINEERING
PUB_006340,COMPUTER_VISION_AND_PATTERN_RECOGNITION
PUB_006341,BIOMATERIALS
PUB_006342,BUILDING_AND_CONSTRUCTION
PUB_006343,MATERIALS_CHEMISTRY
PUB_006344,MATERIALS_CHEMISTRY
PUB_006345,ELECTRICAL_AND_ELECTRONIC_ENGINEERING
PUB_006346,MATERIALS_CHEMISTRY
PUB_006347,MATERIALS_CHEMISTRY
PUB_006348,MATERIALS_CHEMISTRY
PUB_006349,MATERIALS_CHEMISTRY
PUB_006350,MATERIALS_CHEMISTRY
PUB_006351,BIOMEDICAL_ENGINEERING
PUB_006352,ELECTRICAL_AND_ELECTRONIC_ENGINEERING
PUB_006353,ELECTRICAL_AND_ELECTRONIC_ENGINEERING
PUB_006354,ELECTRONIC_OPTICAL_AND_MAGNETIC_MATERIALS
PUB_006355,MATERIALS_CHEMISTRY
PUB_006356,BIOMEDICAL_ENGINEERING
PUB_006357,MATERIALS_CHEMISTRY
PUB_006358,BIOMEDICAL_ENGINEERING
PUB_006359,ELECTRICAL_AND_ELECTRONIC_ENGINEERING
PUB_006360,ELECTRICAL_AND_ELECTRONIC_ENGINEERING
PUB_006361,POLYMERS_AND_PLASTICS
PUB_006362,ELECTRICAL_AND_ELECTRONIC_ENGINEERING
PUB_006363,MATERIALS_CHEMISTRY
PUB_006364,CIVIL_AND_STRUCTURAL_ENGINEERING
PUB_006365,ATOMIC_AND_MOLECULAR_PHYSICS_AND_OPTICS
PUB_006366,MECHANICAL_ENGINEERING
PUB_006367,OCEAN_ENGINEERING
PUB_006368,ARTIFICIAL_INTELLIGENCE
PUB_006369,MATERIALS_CHEMISTRY
PUB_006370,MECHANICAL_ENGINEERING
PUB_006371,MATERIALS_CHEMISTRY
PUB_006372,BIOMEDICAL_ENGINEERING
PUB_006373,MATERIALS_CHEMISTRY
PUB_006374,COMPUTATIONAL_MECHANICS
PUB_006375,MECHANICAL_ENGINEERING
PUB_006376,MECHANICAL_ENGINEERING
PUB_006377,COMPUTER_SCIENCE_APPLICATIONS
PUB_006378,ELECTRICAL_AND_ELECTRONIC_ENGINEERING
PUB_006379,COMPUTATIONAL_MECHANICS
PUB_006380,MATERIALS_CHEMISTRY
PUB_006381,CIVIL_AND_STRUCTURAL_ENGINEERING
PUB_006382,COMPUTER_VISION_AND_PATTERN_RECOGNITION
PUB_006383,ATOMIC_AND_MOLECULAR_PHYSICS_AND_OPTICS
PUB_006384,AEROSPACE_ENGINEERING
PUB_006385,MATERIALS_CHEMISTRY
PUB_006386,POLYMERS_AND_PLASTICS
PUB_006387,BIOMEDICAL_ENGINEERING
PUB_006388,MATERIALS_CHEMISTRY
PUB_006389,CIVIL_AND_STRUCTURAL_ENGINEERING
PUB_006390,CIVIL_AND_STRUCTURAL_ENGINEERING
PUB_006391,COMPUTER_NETWORKS_AND_COMMUNICATIONS
PUB_006392,ATOMIC_AND_MOLECULAR_PHYSICS_AND_OPTICS
PUB_006393,BIOMEDICAL_ENGINEERING
PUB_006394,MATERIALS_CHEMISTRY
PUB_006395,BIOMEDICAL_ENGINEERING
PUB_006396,ELECTRICAL_AND_ELECTRONIC_ENGINEERING
PUB_006397,MATERIALS_CHEMISTRY
PUB_006398,ASTRONOMY_AND_ASTROPHYSICS
PUB_006399,ELECTRICAL_AND_ELECTRONIC_ENGINEERING
PUB_006400,CIVIL_AND_STRUCTURAL_ENGINEERING
PUB_006401,MATERIALS_CHEMISTRY
PUB_006402,ATOMIC_AND_MOLECULAR_PHYSICS_AND_OPTICS
PUB_006403,POLYMERS_AND_PLASTICS
PUB_006404,MECHANICS_OF_MATERIALS
PUB_006405,CIVIL_AND_STRUCTURAL_ENGINEERING
PUB_006406,ELECTRICAL_AND_ELECTRONIC_ENGINEERING
PUB_006407,ARCHITECTURE
PUB_006408,ELECTRICAL_AND_ELECTRONIC_ENGINEERING
PUB_006409,OCEAN_ENGINEERING
PUB_006410,MATERIALS_CHEMISTRY
PUB_006411,ELECTRICAL_AND_ELECTRONIC_ENGINEERING
PUB_006412,ELECTRICAL_AND_ELECTRONIC_ENGINEERING
PUB_006413,ELECTRONIC_OPTICAL_AND_MAGNETIC_MATERIALS
PUB_006414,BIOMEDICAL_ENGINEERING
PUB_006415,MATERIALS_CHEMISTRY
PUB_006416,ATOMIC_AND_MOLECULAR_PHYSICS_AND_OPTICS
PUB_006417,MATERIALS_CHEMISTRY
PUB_006418,MATERIALS_CHEMISTRY
PUB_006419,MATERIALS_CHEMISTRY
PUB_006420,BIOMEDICAL_ENGINEERING
PUB_006421,MECHANICAL_ENGINEERING
PUB_006422,MECHANICAL_ENGINEERING
PUB_006423,AEROSPACE_ENGINEERING
PUB_006424,CIVIL_AND_STRUCTURAL_ENGINEERING
PUB_006425,AEROSPACE_ENGINEERING
PUB_006426,MATERIALS_CHEMISTRY
PUB_006427,ELECTRICAL_AND_ELECTRONIC_ENGINEERING
PUB_006428,MATERIALS_CHEMISTRY
PUB_006429,MATERIALS_CHEMISTRY
PUB_006430,MATERIALS_CHEMISTRY
PUB_006431,ATOMIC_AND_MOLECULAR_PHYSICS_AND_OPTICS
PUB_006432,ELECTRICAL_AND_ELECTRONIC_ENGINEERING
PUB_006433,ASTRONOMY_AND_ASTROPHYSICS
PUB_006434,ATOMIC_AND_MOLECULAR_PHYSICS_AND_OPTICS
PUB_006435,MATERIALS_CHEMISTRY
PUB_006436,ARTIFICIAL_INTELLIGENCE
PUB_006437,MECHANICAL_ENGINEERING
PUB_006438,MATERIALS_CHEMISTRY
PUB_006439,MATERIALS_CHEMISTRY
PUB_006440,ARTIFICIAL_INTELLIGENCE
PUB_006441,MATERIALS_CHEMISTRY
PUB_006442,MATERIALS_CHEMISTRY
PUB_006443,ELECTRONIC_OPTICAL_AND_MAGNETIC_MATERIALS
PUB_006444,ELECTRONIC_OPTICAL_AND_MAGNETIC_MATERIALS
PUB_006445,ASTRONOMY_AND_ASTROPHYSICS
PUB_006446,MATERIALS_CHEMISTRY
PUB_006447,ELECTRICAL_AND_ELECTRONIC_ENGINEERING
PUB_006448,COMPUTER_NETWORKS_AND_COMMUNICATIONS
PUB_006449,COMPUTER_VISION_AND_PATTERN_RECOGNITION
PUB_006450,INDUSTRIAL_AND_MANUFACTURING_ENGINEERING
PUB_006451,MATERIALS_CHEMISTRY
PUB_006452,MATERIALS_CHEMISTRY
PUB_006453,BIOMATERIALS
PUB_006454,SAFETY_RISK_RELIABILITY_AND_QUALITY
PUB_006455,MATERIALS_CHEMISTRY
PUB_006456,POLYMERS_AND_PLASTICS
PUB_006457,MATERIALS_CHEMISTRY
PUB_006458,COMPUTATIONAL_MECHANICS
PUB_006459,MATERIALS_CHEMISTRY
PUB_006460,ARTIFICIAL_INTELLIGENCE
PUB_006461,ARTIFICIAL_INTELLIGENCE
PUB_006462,MECHANICS_OF_MATERIALS
PUB_006463,MATERIALS_CHEMISTRY
PUB_006464,BIOMEDICAL_ENGINEERING
PUB_006465,ATOMIC_AND_MOLECULAR_PHYSICS_AND_OPTICS
PUB_006466,ELECTRICAL_AND_ELECTRONIC_ENGINEERING
PUB_006467,GEOMETRY_AND_TOPOLOGY
PUB_006468,ARTIFICIAL_INTELLIGENCE
PUB_006469,ASTRONOMY_AND_ASTROPHYSICS
PUB_006470,MECHANICAL_ENGINEERING
PUB_006471,MATERIALS_CHEMISTRY
PUB_006472,MATERIALS_CHEMISTRY
PUB_006473,BUILDING_AND_CONSTRUCTION
PUB_006474,MATERIALS_CHEMISTRY
PUB_006475,MATERIALS_CHEMISTRY
PUB_006476,MATERIALS_CHEMISTRY
PUB_006477,ELECTRICAL_AND_ELECTRONIC_ENGINEERING
PUB_006478,ELECTRICAL_AND_ELECTRONIC_ENGINEERING
PUB_006479,ELECTRONIC_OPTICAL_AND_MAGNETIC_MATERIALS
PUB_006480,MECHANICAL_ENGINEERING
PUB_006481,BIOMEDICAL_ENGINEERING
PUB_006482,BIOMEDICAL_ENGINEERING
PUB_006483,ATOMIC_AND_MOLECULAR_PHYSICS_AND_OPTICS
PUB_006484,ELECTRONIC_OPTICAL_AND_MAGNETIC_MATERIALS
PUB_006485,ELECTRICAL_AND_ELECTRONIC_ENGINEERING
PUB_006486,SIGNAL_PROCESSING
PUB_006487,ELECTRICAL_AND_ELECTRONIC_ENGINEERING
PUB_006488,MATERIALS_CHEMISTRY
PUB_006489,MATERIALS_CHEMISTRY
PUB_006490,ATOMIC_AND_MOLECULAR_PHYSICS_AND_OPTICS
PUB_006491,MECHANICAL_ENGINEERING
PUB_006492,MECHANICAL_ENGINEERING
PUB_006493,ELECTRICAL_AND_ELECTRONIC_ENGINEERING
PUB_006494,ATOMIC_AND_MOLECULAR_PHYSICS_AND_OPTICS
PUB_006495,ACOUSTICS_AND_ULTRASONICS
PUB_006496,ATOMIC_AND_MOLECULAR_PHYSICS_AND_OPTICS
PUB_006497,ELECTRICAL_AND_ELECTRONIC_ENGINEERING
PUB_006498,BIOMEDICAL_ENGINEERING
PUB_006499,MATERIALS_CHEMISTRY
PUB_006500,ELECTRICAL_AND_ELECTRONIC_ENGINEERING
PUB_006501,AEROSPACE_ENGINEERING
PUB_006502,ARTIFICIAL_INTELLIGENCE
PUB_006503,MATERIALS_CHEMISTRY
PUB_006504,ELECTRICAL_AND_ELECTRONIC_ENGINEERING
PUB_006505,ATOMIC_AND_MOLECULAR_PHYSICS_AND_OPTICS
PUB_006506,CIVIL_AND_STRUCTURAL_ENGINEERING
PUB_006507,MATERIALS_CHEMISTRY
PUB_006508,ELECTRICAL_AND_ELECTRONIC_ENGINEERING
PUB_006509,ELECTRICAL_AND_ELECTRONIC_ENGINEERING
PUB_006510,CERAMICS_AND_COMPOSITES
PUB_006511,MECHANICAL_ENGINEERING
PUB_006512,BIOMEDICAL_ENGINEERING
PUB_006513,ASTRONOMY_AND_ASTROPHYSICS
PUB_006514,BIOMEDICAL_ENGINEERING
PUB_006515,POLYMERS_AND_PLASTICS
PUB_006516,CERAMICS_AND_COMPOSITES
PUB_006517,CONDENSED_MATTER_PHYSICS
PUB_006518,ARTIFICIAL_INTELLIGENCE
PUB_006519,COMPUTER_NETWORKS_AND_COMMUNICATIONS
PUB_006520,MATERIALS_CHEMISTRY
PUB_006521,ELECTRICAL_AND_ELECTRONIC_ENGINEERING
PUB_006522,MATERIALS_CHEMISTRY
PUB_006523,BIOMEDICAL_ENGINEERING
PUB_006524,ARTIFICIAL_INTELLIGENCE
PUB_006525,MATERIALS_CHEMISTRY
PUB_006526,MECHANICAL_ENGINEERING
PUB_006527,BIOMEDICAL_ENGINEERING
PUB_006528,AEROSPACE_ENGINEERING
PUB_006529,MATERIALS_CHEMISTRY
PUB_006530,ELECTRICAL_AND_ELECTRONIC_ENGINEERING
PUB_006531,ELECTRICAL_AND_ELECTRONIC_ENGINEERING
PUB_006532,ARTIFICIAL_INTELLIGENCE
PUB_006533,CONTROL_AND_SYSTEMS_ENGINEERING
PUB_006534,ELECTRICAL_AND_ELECTRONIC_ENGINEERING
PUB_006535,AEROSPACE_ENGINEERING
PUB_006536,MECHANICAL_ENGINEERING
PUB_006537,COMPUTER_VISION_AND_PATTERN_RECOGNITION
PUB_006538,ASTRONOMY_AND_ASTROPHYSICS
PUB_006539,CONDENSED_MATTER_PHYSICS
PUB_006540,ELECTRICAL_AND_ELECTRONIC_ENGINEERING
PUB_006541,ASTRONOMY_AND_ASTROPHYSICS
PUB_006542,MECHANICAL_ENGINEERING
PUB_006543,MATERIALS_CHEMISTRY
PUB_006544,ELECTRICAL_AND_ELECTRONIC_ENGINEERING
PUB_006545,ELECTRICAL_AND_ELECTRONIC_ENGINEERING
PUB_006546,MATERIALS_CHEMISTRY
PUB_006547,MECHANICAL_ENGINEERING
PUB_006548,MATERIALS_CHEMISTRY
PUB_006549,ASTRONOMY_AND_ASTROPHYSICS
PUB_006550,COMPUTATIONAL_MECHANICS
PUB_006551,INFORMATION_SYSTEMS
PUB_006552,BIOMEDICAL_ENGINEERING
PUB_006553,COMPUTER_VISION_AND_PATTERN_RECOGNITION
PUB_006554,POLYMERS_AND_PLASTICS
PUB_006555,INFORMATION_SYSTEMS
PUB_006556,ARTIFICIAL_INTELLIGENCE
PUB_006557,COMPUTATIONAL_MECHANICS
PUB_006558,MATERIALS_CHEMISTRY
PUB_006559,MATERIALS_CHEMISTRY
PUB_006560,MECHANICAL_ENGINEERING
PUB_006561,ATOMIC_AND_MOLECULAR_PHYSICS_AND_OPTICS
PUB_006562,ELECTRICAL_AND_ELECTRONIC_ENGINEERING
PUB_006563,MECHANICS_OF_MATERIALS
PUB_006564,MATERIALS_CHEMISTRY
PUB_006565,ELECTRICAL_AND_ELECTRONIC_ENGINEERING
PUB_006566,ARTIFICIAL_INTELLIGENCE
PUB_006567,ARTIFICIAL_INTELLIGENCE
PUB_006568,MECHANICAL_ENGINEERING
PUB_006569,ELECTRICAL_AND_ELECTRONIC_ENGINEERING
PUB_006570,ELECTRICAL_AND_ELECTRONIC_ENGINEERING
PUB_006571,ELECTRICAL_AND_ELECTRONIC_ENGINEERING
PUB_006572,BIOMATERIALS
PUB_006573,MATERIALS_CHEMISTRY
PUB_006574,APPLIED_MATHEMATICS
PUB_006575,COMPUTER_VISION_AND_PATTERN_RECOGNITION
PUB_006576,ELECTRICAL_AND_ELECTRONIC_ENGINEERING
PUB_006577,MATERIALS_CHEMISTRY
PUB_006578,MECHANICAL_ENGINEERING
PUB_006579,COMPUTER_NETWORKS_AND_COMMUNICATIONS
PUB_006580,ELECTRICAL_AND_ELECTRONIC_ENGINEERING
PUB_006581,BIOMEDICAL_ENGINEERING
PUB_006582,BIOMEDICAL_ENGINEERING
PUB_006583,AEROSPACE_ENGINEERING
PUB_006584,ATOMIC_AND_MOLECULAR_PHYSICS_AND_OPTICS
PUB_006585,CONTROL_AND_SYSTEMS_ENGINEERING
PUB_006586,HARDWARE_AND_ARCHITECTURE
PUB_006587,MECHANICAL_ENGINEERING
PUB_006588,ELECTRICAL_AND_ELECTRONIC_ENGINEERING
PUB_006589,MATERIALS_CHEMISTRY
PUB_006590,ELECTRICAL_AND_ELECTRONIC_ENGINEERING
PUB_006591,POLYMERS_AND_PLASTICS
PUB_006592,ELECTRICAL_AND_ELECTRONIC_ENGINEERING
PUB_006593,COMPUTATIONAL_MECHANICS
PUB_006594,COMPUTATIONAL_MECHANICS
PUB_006595,BUILDING_AND_CONSTRUCTION
PUB_006596,MATERIALS_CHEMISTRY
PUB_006597,MECHANICAL_ENGINEERING
PUB_006598,CIVIL_AND_STRUCTURAL_ENGINEERING
PUB_006599,STATISTICAL_AND_NONLINEAR_PHYSICS
PUB_006600,BIOMEDICAL_ENGINEERING
PUB_006601,MATERIALS_CHEMISTRY
PUB_006602,ASTRONOMY_AND_ASTROPHYSICS
PUB_006603,BIOMATERIALS
PUB_006604,ELECTRICAL_AND_ELECTRONIC_ENGINEERING
PUB_006605,ATOMIC_AND_MOLECULAR_PHYSICS_AND_OPTICS
PUB_006606,ELECTRONIC_OPTICAL_AND_MAGNETIC_MATERIALS
PUB_006607,MATERIALS_CHEMISTRY
PUB_006608,MATERIALS_CHEMISTRY
PUB_006609,ATOMIC_AND_MOLECULAR_PHYSICS_AND_OPTICS
PUB_006610,COMPUTATIONAL_MECHANICS
PUB_006611,BIOMEDICAL_ENGINEERING
PUB_006612,ARTIFICIAL_INTELLIGENCE
PUB_006613,CIVIL_AND_STRUCTURAL_ENGINEERING
PUB_006614,AEROSPACE_ENGINEERING
PUB_006615,BIOMATERIALS
PUB_006616,ASTRONOMY_AND_ASTROPHYSICS
PUB_006617,MECHANICAL_ENGINEERING
PUB_006618,AEROSPACE_ENGINEERING
PUB_006619,ELECTRICAL_AND_ELECTRONIC_ENGINEERING
PUB_006620,MECHANICAL_ENGINEERING
PUB_006621,CONDENSED_MATTER_PHYSICS
PUB_006622,POLYMERS_AND_PLASTICS
PUB_006623,ATOMIC_AND_MOLECULAR_PHYSICS_AND_OPTICS
PUB_006624,ELECTRONIC_OPTICAL_AND_MAGNETIC_MATERIALS
PUB_006625,COMPUTATIONAL_MECHANICS
PUB_006626,COMPUTER_NETWORKS_AND_COMMUNICATIONS
PUB_006627,ELECTRICAL_AND_ELECTRONIC_ENGINEERING
PUB_006628,CONDENSED_MATTER_PHYSICS
PUB_006629,MATERIALS_CHEMISTRY
PUB_006630,MECHANICS_OF_MATERIALS
PUB_006631,BIOMEDICAL_ENGINEERING
PUB_006632,COMPUTATIONAL_MECHANICS
PUB_006633,CIVIL_AND_STRUCTURAL_ENGINEERING
PUB_006634,ELECTRICAL_AND_ELECTRONIC_ENGINEERING
PUB_006635,ELECTRONIC_OPTICAL_AND_MAGNETIC_MATERIALS
PUB_006636,ELECTRICAL_AND_ELECTRONIC_ENGINEERING
PUB_006637,MATERIALS_CHEMISTRY
PUB_006638,ELECTRICAL_AND_ELECTRONIC_ENGINEERING
PUB_006639,ASTRONOMY_AND_ASTROPHYSICS
PUB_006640,INDUSTRIAL_AND_MANUFACTURING_ENGINEERING
PUB_006641,MATERIALS_CHEMISTRY
PUB_006642,MATERIALS_CHEMISTRY
PUB_006643,MATERIALS_CHEMISTRY
PUB_006644,STATISTICAL_AND_NONLINEAR_PHYSICS
PUB_006645,OCEAN_ENGINEERING
PUB_006646,ELECTRICAL_AND_ELECTRONIC_ENGINEERING
PUB_006647,ELECTRONIC_OPTICAL_AND_MAGNETIC_MATERIALS
PUB_006648,MATERIALS_CHEMISTRY
PUB_006649,COMPUTATIONAL_MECHANICS
PUB_006650,BIOMEDICAL_ENGINEERING
PUB_006651,ELECTRONIC_OPTICAL_AND_MAGNETIC_MATERIALS
PUB_006652,ELECTRONIC_OPTICAL_AND_MAGNETIC_MATERIALS
PUB_006653,MATERIALS_CHEMISTRY
PUB_006654,MATERIALS_CHEMISTRY
PUB_006655,MECHANICAL_ENGINEERING
PUB_006656,ELECTRONIC_OPTICAL_AND_MAGNETIC_MATERIALS
PUB_006657,MECHANICS_OF_MATERIALS
PUB_006658,ELECTRICAL_AND_ELECTRONIC_ENGINEERING
PUB_006659,ARTIFICIAL_INTELLIGENCE
PUB_006660,BUILDING_AND_CONSTRUCTION
PUB_006661,ARTIFICIAL_INTELLIGENCE
PUB_006662,ELECTRONIC_OPTICAL_AND_MAGNETIC_MATERIALS
PUB_006663,MECHANICAL_ENGINEERING
PUB_006664,POLYMERS_AND_PLASTICS
PUB_006665,ELECTRICAL_AND_ELECTRONIC_ENGINEERING
PUB_006666,CONDENSED_MATTER_PHYSICS
PUB_006667,ASTRONOMY_AND_ASTROPHYSICS
PUB_006668,ELECTRONIC_OPTICAL_AND_MAGNETIC_MATERIALS
PUB_006669,MECHANICAL_ENGINEERING
PUB_006670,ELECTRONIC_OPTICAL_AND_MAGNETIC_MATERIALS
PUB_006671,ELECTRONIC_OPTICAL_AND_MAGNETIC_MATERIALS
PUB_006672,MECHANICS_OF_MATERIALS
PUB_006673,ELECTRICAL_AND_ELECTRONIC_ENGINEERING
PUB_006674,METALS_AND_ALLOYS
PUB_006675,AEROSPACE_ENGINEERING
PUB_006676,ARTIFICIAL_INTELLIGENCE
PUB_006677,MATERIALS_CHEMISTRY
PUB_006678,AUTOMOTIVE_ENGINEERING
PUB_006679,MATERIALS_CHEMISTRY
PUB_006680,MECHANICAL_ENGINEERING
PUB_006681,OCEAN_ENGINEERING
PUB_006682,COMPUTATIONAL_THEORY_AND_MATHEMATICS
PUB_006683,ATOMIC_AND_MOLECULAR_PHYSICS_AND_OPTICS
PUB_006684,ELECTRICAL_AND_ELECTRONIC_ENGINEERING
PUB_006685,AEROSPACE_ENGINEERING
PUB_006686,ELECTRICAL_AND_ELECTRONIC_ENGINEERING
PUB_006687,COMPUTER_VISION_AND_PATTERN_RECOGNITION
PUB_006688,COMPUTATIONAL_MECHANICS
PUB_006689,ELECTRICAL_AND_ELECTRONIC_ENGINEERING
PUB_006690,MECHANICAL_ENGINEERING
PUB_006691,BIOMEDICAL_ENGINEERING
PUB_006692,ELECTRICAL_AND_ELECTRONIC_ENGINEERING
PUB_006693,BIOMEDICAL_ENGINEERING
PUB_006694,SURFACES_COATINGS_AND_FILMS
PUB_006695,MATERIALS_CHEMISTRY
PUB_006696,CONDENSED_MATTER_PHYSICS
PUB_006697,HARDWARE_AND_ARCHITECTURE
PUB_006698,ASTRONOMY_AND_ASTROPHYSICS
PUB_006699,MATERIALS_CHEMISTRY
PUB_006700,ARTIFICIAL_INTELLIGENCE
PUB_006701,BIOMEDICAL_ENGINEERING
PUB_006702,INFORMATION_SYSTEMS
PUB_006703,COMPUTATIONAL_MECHANICS
PUB_006704,CIVIL_AND_STRUCTURAL_ENGINEERING
PUB_006705,ELECTRICAL_AND_ELECTRONIC_ENGINEERING
PUB_006706,MODELING_AND_SIMULATION
PUB_006707,COMPUTER_VISION_AND_PATTERN_RECOGNITION
PUB_006708,MECHANICAL_ENGINEERING
PUB_006709,ELECTRICAL_AND_ELECTRONIC_ENGINEERING
PUB_006710,MATERIALS_CHEMISTRY
PUB_006711,MATERIALS_CHEMISTRY
PUB_006712,COMPUTATIONAL_MECHANICS
PUB_006713,ARTIFICIAL_INTELLIGENCE
PUB_006714,HUMANCOMPUTER_INTERACTION
PUB_006715,MATERIALS_CHEMISTRY
PUB_006716,MECHANICAL_ENGINEERING
PUB_006717,MATERIALS_CHEMISTRY
PUB_006718,OCEAN_ENGINEERING
PUB_006719,MATERIALS_CHEMISTRY
PUB_006720,MECHANICAL_ENGINEERING
PUB_006721,MATERIALS_CHEMISTRY
PUB_006722,MATERIALS_CHEMISTRY
PUB_006723,ELECTRICAL_AND_ELECTRONIC_ENGINEERING
PUB_006724,ATOMIC_AND_MOLECULAR_PHYSICS_AND_OPTICS
PUB_006725,COMPUTER_NETWORKS_AND_COMMUNICATIONS
PUB_006726,CONDENSED_MATTER_PHYSICS
PUB_006727,MATERIALS_CHEMISTRY
PUB_006728,MECHANICAL_ENGINEERING
PUB_006729,MATERIALS_CHEMISTRY
PUB_006730,SAFETY_RISK_RELIABILITY_AND_QUALITY
PUB_006731,MATERIALS_CHEMISTRY
PUB_006732,MECHANICAL_ENGINEERING
PUB_006733,MATERIALS_CHEMISTRY
PUB_006734,MATERIALS_CHEMISTRY
PUB_006735,MATERIALS_CHEMISTRY
PUB_006736,CONDENSED_MATTER_PHYSICS
PUB_006737,COMPUTATIONAL_MECHANICS
PUB_006738,ELECTRICAL_AND_ELECTRONIC_ENGINEERING
PUB_006739,COMPUTER_NETWORKS_AND_COMMUNICATIONS
PUB_006740,COMPUTER_VISION_AND_PATTERN_RECOGNITION
PUB_006741,POLYMERS_AND_PLASTICS
PUB_006742,AUTOMOTIVE_ENGINEERING
PUB_006743,ELECTRICAL_AND_ELECTRONIC_ENGINEERING
PUB_006744,CIVIL_AND_STRUCTURAL_ENGINEERING
PUB_006745,ELECTRICAL_AND_ELECTRONIC_ENGINEERING
PUB_006746,ARTIFICIAL_INTELLIGENCE
PUB_006747,ELECTRICAL_AND_ELECTRONIC_ENGINEERING
PUB_006748,MATERIALS_CHEMISTRY
PUB_006749,POLYMERS_AND_PLASTICS
PUB_006750,ELECTRONIC_OPTICAL_AND_MAGNETIC_MATERIALS
PUB_006751,MATERIALS_CHEMISTRY
PUB_006752,MATERIALS_CHEMISTRY
PUB_006753,CIVIL_AND_STRUCTURAL_ENGINEERING
PUB_006754,ELECTRICAL_AND_ELECTRONIC_ENGINEERING
PUB_006755,ASTRONOMY_AND_ASTROPHYSICS
PUB_006756,ELECTRICAL_AND_ELECTRONIC_ENGINEERING
PUB_006757,MECHANICAL_ENGINEERING
PUB_006758,ELECTRICAL_AND_ELECTRONIC_ENGINEERING
PUB_006759,MATERIALS_CHEMISTRY
PUB_006760,COMPUTATIONAL_MECHANICS
PUB_006761,ELECTRONIC_OPTICAL_AND_MAGNETIC_MATERIALS
PUB_006762,BIOMATERIALS
PUB_006763,ELECTRICAL_AND_ELECTRONIC_ENGINEERING
PUB_006764,ASTRONOMY_AND_ASTROPHYSICS
PUB_006765,ELECTRONIC_OPTICAL_AND_MAGNETIC_MATERIALS
PUB_006766,ELECTRICAL_AND_ELECTRONIC_ENGINEERING
PUB_006767,AEROSPACE_ENGINEERING
PUB_006768,ELECTRONIC_OPTICAL_AND_MAGNETIC_MATERIALS
PUB_006769,MECHANICAL_ENGINEERING
PUB_006770,ELECTRONIC_OPTICAL_AND_MAGNETIC_MATERIALS
PUB_006771,ASTRONOMY_AND_ASTROPHYSICS
PUB_006772,ELECTRICAL_AND_ELECTRONIC_ENGINEERING
PUB_006773,ELECTRICAL_AND_ELECTRONIC_ENGINEERING
PUB_006774,COMPUTER_NETWORKS_AND_COMMUNICATIONS
PUB_006775,BIOMEDICAL_ENGINEERING
PUB_006776,ELECTRICAL_AND_ELECTRONIC_ENGINEERING
PUB_006777,CIVIL_AND_STRUCTURAL_ENGINEERING
PUB_006778,CIVIL_AND_STRUCTURAL_ENGINEERING
PUB_006779,CONDENSED_MATTER_PHYSICS
PUB_006780,MATERIALS_CHEMISTRY
PUB_006781,BIOMEDICAL_ENGINEERING
PUB_006782,COMPUTATIONAL_MECHANICS
PUB_006783,AUTOMOTIVE_ENGINEERING
PUB_006784,MECHANICAL_ENGINEERING
PUB_006785,ELECTRICAL_AND_ELECTRONIC_ENGINEERING
PUB_006786,ELECTRICAL_AND_ELECTRONIC_ENGINEERING
PUB_006787,AEROSPACE_ENGINEERING
PUB_006788,ELECTRICAL_AND_ELECTRONIC_ENGINEERING
PUB_006789,ELECTRICAL_AND_ELECTRONIC_ENGINEERING
PUB_006790,ELECTRONIC_OPTICAL_AND_MAGNETIC_MATERIALS
PUB_006791,MATERIALS_CHEMISTRY
PUB_006792,MATERIALS_CHEMISTRY
PUB_006793,POLYMERS_AND_PLASTICS
PUB_006794,BIOMEDICAL_ENGINEERING
PUB_006795,CIVIL_AND_STRUCTURAL_ENGINEERING
PUB_006796,BIOMEDICAL_ENGINEERING
PUB_006797,CIVIL_AND_STRUCTURAL_ENGINEERING
PUB_006798,MATERIALS_CHEMISTRY
PUB_006799,MATERIALS_CHEMISTRY
PUB_006800,ELECTRICAL_AND_ELECTRONIC_ENGINEERING
PUB_006801,ELECTRONIC_OPTICAL_AND_MAGNETIC_MATERIALS
PUB_006802,AEROSPACE_ENGINEERING
PUB_006803,BIOMEDICAL_ENGINEERING
PUB_006804,NUMERICAL_ANALYSIS
PUB_006805,DISCRETE_MATHEMATICS_AND_COMBINATORICS
PUB_006806,MECHANICAL_ENGINEERING
PUB_006807,INDUSTRIAL_AND_MANUFACTURING_ENGINEERING
PUB_006808,COMPUTATIONAL_MECHANICS
PUB_006809,OCEAN_ENGINEERING
PUB_006810,ELECTRICAL_AND_ELECTRONIC_ENGINEERING
PUB_006811,AEROSPACE_ENGINEERING
PUB_006812,COMPUTER_VISION_AND_PATTERN_RECOGNITION
PUB_006813,BIOMEDICAL_ENGINEERING
PUB_006814,BIOMEDICAL_ENGINEERING
PUB_006815,COMPUTATIONAL_MECHANICS
PUB_006816,SURFACES_COATINGS_AND_FILMS
PUB_006817,BIOMEDICAL_ENGINEERING
PUB_006818,COMPUTER_VISION_AND_PATTERN_RECOGNITION
PUB_006819,POLYMERS_AND_PLASTICS
PUB_006820,APPLIED_MATHEMATICS
PUB_006821,ASTRONOMY_AND_ASTROPHYSICS
PUB_006822,MATERIALS_CHEMISTRY
PUB_006823,ELECTRICAL_AND_ELECTRONIC_ENGINEERING
PUB_006824,ASTRONOMY_AND_ASTROPHYSICS
PUB_006825,ELECTRICAL_AND_ELECTRONIC_ENGINEERING
PUB_006826,MECHANICAL_ENGINEERING
PUB_006827,ELECTRONIC_OPTICAL_AND_MAGNETIC_MATERIALS
PUB_006828,COMPUTER_VISION_AND_PATTERN_RECOGNITION
PUB_006829,CIVIL_AND_STRUCTURAL_ENGINEERING
PUB_006830,DISCRETE_MATHEMATICS_AND_COMBINATORICS
PUB_006831,COMPUTATIONAL_MECHANICS
PUB_006832,SAFETY_RISK_RELIABILITY_AND_QUALITY
PUB_006833,CONDENSED_MATTER_PHYSICS
PUB_006834,ATOMIC_AND_MOLECULAR_PHYSICS_AND_OPTICS
PUB_006835,MEDIA_TECHNOLOGY
PUB_006836,BUILDING_AND_CONSTRUCTION
PUB_006837,BIOMEDICAL_ENGINEERING
PUB_006838,COMPUTATIONAL_MECHANICS
PUB_006839,BIOMEDICAL_ENGINEERING
PUB_006840,COMPUTATIONAL_MECHANICS
PUB_006841,MECHANICAL_ENGINEERING
PUB_006842,ATOMIC_AND_MOLECULAR_PHYSICS_AND_OPTICS
PUB_006843,ATOMIC_AND_MOLECULAR_PHYSICS_AND_OPTICS
PUB_006844,BIOMEDICAL_ENGINEERING
PUB_006845,COMPUTATIONAL_MECHANICS
PUB_006846,MECHANICS_OF_MATERIALS
PUB_006847,MECHANICAL_ENGINEERING
PUB_006848,ATOMIC_AND_MOLECULAR_PHYSICS_AND_OPTICS
PUB_006849,BIOMEDICAL_ENGINEERING
PUB_006850,ELECTRICAL_AND_ELECTRONIC_ENGINEERING
PUB_006851,CIVIL_AND_STRUCTURAL_ENGINEERING
PUB_006852,ASTRONOMY_AND_ASTROPHYSICS
PUB_006853,COMPUTER_VISION_AND_PATTERN_RECOGNITION
PUB_006854,ARTIFICIAL_INTELLIGENCE
PUB_006855,COMPUTATIONAL_MECHANICS
PUB_006856,ELECTRONIC_OPTICAL_AND_MAGNETIC_MATERIALS
PUB_006857,ELECTRONIC_OPTICAL_AND_MAGNETIC_MATERIALS
PUB_006858,COMPUTATIONAL_MECHANICS
PUB_006859,COMPUTER_SCIENCE_APPLICATIONS
PUB_006860,CIVIL_AND_STRUCTURAL_ENGINEERING
PUB_006861,BIOMEDICAL_ENGINEERING
PUB_006862,CIVIL_AND_STRUCTURAL_ENGINEERING
PUB_006863,INFORMATION_SYSTEMS
PUB_006864,POLYMERS_AND_PLASTICS
PUB_006865,MATERIALS_CHEMISTRY
PUB_006866,AEROSPACE_ENGINEERING
PUB_006867,MATERIALS_CHEMISTRY
PUB_006868,CIVIL_AND_STRUCTURAL_ENGINEERING
PUB_006869,ATOMIC_AND_MOLECULAR_PHYSICS_AND_OPTICS
PUB_006870,ELECTRICAL_AND_ELECTRONIC_ENGINEERING
PUB_006871,COMPUTATIONAL_MECHANICS
PUB_006872,ELECTRICAL_AND_ELECTRONIC_ENGINEERING
PUB_006873,MECHANICAL_ENGINEERING
PUB_006874,BIOMATERIALS
PUB_006875,ATOMIC_AND_MOLECULAR_PHYSICS_AND_OPTICS
PUB_006876,ARTIFICIAL_INTELLIGENCE
PUB_006877,ELECTRICAL_AND_ELECTRONIC_ENGINEERING
PUB_006878,AEROSPACE_ENGINEERING
PUB_006879,ELECTRONIC_OPTICAL_AND_MAGNETIC_MATERIALS
PUB_006880,BIOMEDICAL_ENGINEERING
PUB_006881,APPLIED_MATHEMATICS
PUB_006882,SAFETY_RISK_RELIABILITY_AND_QUALITY
PUB_006883,INSTRUMENTATION
PUB_006884,COMPUTATIONAL_MECHANICS
PUB_006885,MEDIA_TECHNOLOGY
PUB_006886,ELECTRICAL_AND_ELECTRONIC_ENGINEERING
PUB_006887,APPLIED_MATHEMATICS
PUB_006888,MATERIALS_CHEMISTRY
PUB_006889,AEROSPACE_ENGINEERING
PUB_006890,COMPUTER_NETWORKS_AND_COMMUNICATIONS
PUB_006891,ATOMIC_AND_MOLECULAR_PHYSICS_AND_OPTICS
PUB_006892,OCEAN_ENGINEERING
PUB_006893,POLYMERS_AND_PLASTICS
PUB_006894,POLYMERS_AND_PLASTICS
PUB_006895,BIOMEDICAL_ENGINEERING
PUB_006896,MATERIALS_CHEMISTRY
PUB_006897,ELECTRICAL_AND_ELECTRONIC_ENGINEERING
PUB_006898,GEOMETRY_AND_TOPOLOGY
PUB_006899,ELECTRICAL_AND_ELECTRONIC_ENGINEERING
PUB_006900,MATERIALS_CHEMISTRY
PUB_006901,ATOMIC_AND_MOLECULAR_PHYSICS_AND_OPTICS
PUB_006902,ELECTRICAL_AND_ELECTRONIC_ENGINEERING
PUB_006903,CONDENSED_MATTER_PHYSICS
PUB_006904,ELECTRICAL_AND_ELECTRONIC_ENGINEERING
PUB_006905,BIOMEDICAL_ENGINEERING
PUB_006906,MECHANICAL_ENGINEERING
PUB_006907,ELECTRICAL_AND_ELECTRONIC_ENGINEERING
PUB_006908,CIVIL_AND_STRUCTURAL_ENGINEERING
PUB_006909,ELECTRICAL_AND_ELECTRONIC_ENGINEERING
PUB_006910,BIOMEDICAL_ENGINEERING
PUB_006911,ELECTRONIC_OPTICAL_AND_MAGNETIC_MATERIALS
PUB_006912,STATISTICAL_AND_NONLINEAR_PHYSICS
PUB_006913,BIOMATERIALS
PUB_006914,ELECTRICAL_AND_ELECTRONIC_ENGINEERING
PUB_006915,ELECTRICAL_AND_ELECTRONIC_ENGINEERING
PUB_006916,MATERIALS_CHEMISTRY
PUB_006917,COMPUTER_VISION_AND_PATTERN_RECOGNITION
PUB_006918,MECHANICS_OF_MATERIALS
PUB_006919,ARTIFICIAL_INTELLIGENCE
PUB_006920,MATHEMATICAL_PHYSICS
PUB_006921,ELECTRICAL_AND_ELECTRONIC_ENGINEERING
PUB_006922,ASTRONOMY_AND_ASTROPHYSICS
PUB_006923,ELECTRICAL_AND_ELECTRONIC_ENGINEERING
PUB_006924,MECHANICAL_ENGINEERING
PUB_006925,MATERIALS_CHEMISTRY
PUB_006926,ASTRONOMY_AND_ASTROPHYSICS
PUB_006927,ARTIFICIAL_INTELLIGENCE
PUB_006928,COMPUTER_NETWORKS_AND_COMMUNICATIONS
PUB_006929,MECHANICS_OF_MATERIALS
PUB_006930,MECHANICAL_ENGINEERING
PUB_006931,ELECTRONIC_OPTICAL_AND_MAGNETIC_MATERIALS
PUB_006932,MECHANICAL_ENGINEERING
PUB_006933,MODELING_AND_SIMULATION
PUB_006934,BIOMEDICAL_ENGINEERING
PUB_006935,BIOMEDICAL_ENGINEERING
PUB_006936,ARTIFICIAL_INTELLIGENCE
PUB_006937,COMPUTATIONAL_MECHANICS
PUB_006938,ELECTRICAL_AND_ELECTRONIC_ENGINEERING
PUB_006939,MATERIALS_CHEMISTRY
PUB_006940,ATOMIC_AND_MOLECULAR_PHYSICS_AND_OPTICS
PUB_006941,AUTOMOTIVE_ENGINEERING
PUB_006942,CIVIL_AND_STRUCTURAL_ENGINEERING
PUB_006943,MECHANICAL_ENGINEERING
PUB_006944,HARDWARE_AND_ARCHITECTURE
PUB_006945,ELECTRICAL_AND_ELECTRONIC_ENGINEERING
PUB_006946,ELECTRICAL_AND_ELECTRONIC_ENGINEERING
PUB_006947,BIOMATERIALS
PUB_006948,APPLIED_MATHEMATICS
PUB_006949,ELECTRICAL_AND_ELECTRONIC_ENGINEERING
PUB_006950,MODELING_AND_SIMULATION
PUB_006951,BIOMEDICAL_ENGINEERING
PUB_006952,ARTIFICIAL_INTELLIGENCE
PUB_006953,MATERIALS_CHEMISTRY
PUB_006954,ATOMIC_AND_MOLECULAR_PHYSICS_AND_OPTICS
PUB_006955,ASTRONOMY_AND_ASTROPHYSICS
PUB_006956,CIVIL_AND_STRUCTURAL_ENGINEERING
PUB_006957,BIOMATERIALS
PUB_006958,MATERIALS_CHEMISTRY
PUB_006959,BIOMATERIALS
PUB_006960,MECHANICAL_ENGINEERING
PUB_006961,ARTIFICIAL_INTELLIGENCE
PUB_006962,ARTIFICIAL_INTELLIGENCE
PUB_006963,COMPUTER_NETWORKS_AND_COMMUNICATIONS
PUB_006964,GEOMETRY_AND_TOPOLOGY
PUB_006965,ELECTRICAL_AND_ELECTRONIC_ENGINEERING
PUB_006966,POLYMERS_AND_PLASTICS
PUB_006967,ELECTRICAL_AND_ELECTRONIC_ENGINEERING
PUB_006968,ELECTRICAL_AND_ELECTRONIC_ENGINEERING
PUB_006969,AUTOMOTIVE_ENGINEERING
PUB_006970,ELECTRICAL_AND_ELECTRONIC_ENGINEERING
PUB_006971,MATERIALS_CHEMISTRY
PUB_006972,COMPUTER_VISION_AND_PATTERN_RECOGNITION
PUB_006973,ELECTRONIC_OPTICAL_AND_MAGNETIC_MATERIALS
PUB_006974,AEROSPACE_ENGINEERING
PUB_006975,MATERIALS_CHEMISTRY
PUB_006976,MATERIALS_CHEMISTRY
PUB_006977,COMPUTATIONAL_MECHANICS
PUB_006978,MEDIA_TECHNOLOGY
PUB_006979,ELECTRONIC_OPTICAL_AND_MAGNETIC_MATERIALS
PUB_006980,ELECTRONIC_OPTICAL_AND_MAGNETIC_MATERIALS
PUB_006981,ELECTRICAL_AND_ELECTRONIC_ENGINEERING
PUB_006982,ASTRONOMY_AND_ASTROPHYSICS
PUB_006983,ELECTRICAL_AND_ELECTRONIC_ENGINEERING
PUB_006984,POLYMERS_AND_PLASTICS
PUB_006985,MATERIALS_CHEMISTRY
PUB_006986,AEROSPACE_ENGINEERING
PUB_006987,AEROSPACE_ENGINEERING
PUB_006988,ARTIFICIAL_INTELLIGENCE
PUB_006989,ARTIFICIAL_INTELLIGENCE
PUB_006990,COMPUTER_NETWORKS_AND_COMMUNICATIONS
PUB_006991,ELECTRICAL_AND_ELECTRONIC_ENGINEERING
PUB_006992,MATERIALS_CHEMISTRY
PUB_006993,BUILDING_AND_CONSTRUCTION
PUB_006994,CONDENSED_MATTER_PHYSICS
PUB_006995,MATERIALS_CHEMISTRY
PUB_006996,BIOMEDICAL_ENGINEERING
PUB_006997,COMPUTER_NETWORKS_AND_COMMUNICATIONS
PUB_006998,ARTIFICIAL_INTELLIGENCE
PUB_006999,BIOMEDICAL_ENGINEERING
PUB_007000,ELECTRICAL_AND_ELECTRONIC_ENGINEERING
PUB_007001,BIOMEDICAL_ENGINEERING
PUB_007002,AEROSPACE_ENGINEERING
PUB_007003,MECHANICAL_ENGINEERING
PUB_007004,POLYMERS_AND_PLASTICS
PUB_007005,MATERIALS_CHEMISTRY
PUB_007006,MATERIALS_CHEMISTRY
PUB_007007,CIVIL_AND_STRUCTURAL_ENGINEERING
PUB_007008,ELECTRONIC_OPTICAL_AND_MAGNETIC_MATERIALS
PUB_007009,MATERIALS_CHEMISTRY
PUB_007010,ELECTRICAL_AND_ELECTRONIC_ENGINEERING
PUB_007011,COMPUTER_NETWORKS_AND_COMMUNICATIONS
PUB_007012,MECHANICS_OF_MATERIALS
PUB_007013,MATERIALS_CHEMISTRY
PUB_007014,CONDENSED_MATTER_PHYSICS
PUB_007015,ELECTRICAL_AND_ELECTRONIC_ENGINEERING
PUB_007016,ELECTRICAL_AND_ELECTRONIC_ENGINEERING
PUB_007017,AEROSPACE_ENGINEERING
PUB_007018,METALS_AND_ALLOYS
PUB_007019,COMPUTER_NETWORKS_AND_COMMUNICATIONS
PUB_007020,ELECTRICAL_AND_ELECTRONIC_ENGINEERING
PUB_007021,ELECTRONIC_OPTICAL_AND_MAGNETIC_MATERIALS
PUB_007022,STATISTICAL_AND_NONLINEAR_PHYSICS
PUB_007023,MATHEMATICAL_PHYSICS
PUB_007024,ASTRONOMY_AND_ASTROPHYSICS
PUB_007025,ELECTRICAL_AND_ELECTRONIC_ENGINEERING
PUB_007026,ELECTRICAL_AND_ELECTRONIC_ENGINEERING
PUB_007027,ATOMIC_AND_MOLECULAR_PHYSICS_AND_OPTICS
PUB_007028,COMPUTER_VISION_AND_PATTERN_RECOGNITION
PUB_007029,ELECTRICAL_AND_ELECTRONIC_ENGINEERING
PUB_007030,AEROSPACE_ENGINEERING
PUB_007031,MECHANICAL_ENGINEERING
PUB_007032,CONDENSED_MATTER_PHYSICS
PUB_007033,CONDENSED_MATTER_PHYSICS
PUB_007034,AEROSPACE_ENGINEERING
PUB_007035,COMPUTATIONAL_MECHANICS
PUB_007036,COMPUTER_NETWORKS_AND_COMMUNICATIONS
PUB_007037,COMPUTER_NETWORKS_AND_COMMUNICATIONS
PUB_007038,MATERIALS_CHEMISTRY
PUB_007039,ELECTRICAL_AND_ELECTRONIC_ENGINEERING
PUB_007040,MECHANICAL_ENGINEERING
PUB_007041,MATERIALS_CHEMISTRY
PUB_007042,ATOMIC_AND_MOLECULAR_PHYSICS_AND_OPTICS
PUB_007043,ELECTRICAL_AND_ELECTRONIC_ENGINEERING
PUB_007044,MECHANICS_OF_MATERIALS
PUB_007045,AEROSPACE_ENGINEERING
PUB_007046,ELECTRICAL_AND_ELECTRONIC_ENGINEERING
PUB_007047,ELECTRONIC_OPTICAL_AND_MAGNETIC_MATERIALS
PUB_007048,ELECTRICAL_AND_ELECTRONIC_ENGINEERING
PUB_007049,ELECTRICAL_AND_ELECTRONIC_ENGINEERING
PUB_007050,ELECTRICAL_AND_ELECTRONIC_ENGINEERING
PUB_007051,ELECTRICAL_AND_ELECTRONIC_ENGINEERING
PUB_007052,ELECTRICAL_AND_ELECTRONIC_ENGINEERING
PUB_007053,ELECTRICAL_AND_ELECTRONIC_ENGINEERING
PUB_007054,ELECTRICAL_AND_ELECTRONIC_ENGINEERING
PUB_007055,BIOMATERIALS
PUB_007056,ELECTRICAL_AND_ELECTRONIC_ENGINEERING
PUB_007057,ATOMIC_AND_MOLECULAR_PHYSICS_AND_OPTICS
PUB_007058,INDUSTRIAL_AND_MANUFACTURING_ENGINEERING
PUB_007059,CIVIL_AND_STRUCTURAL_ENGINEERING
PUB_007060,MATERIALS_CHEMISTRY
PUB_007061,MATERIALS_CHEMISTRY
PUB_007062,MATERIALS_CHEMISTRY
PUB_007063,MECHANICS_OF_MATERIALS
PUB_007064,MATERIALS_CHEMISTRY
PUB_007065,CONDENSED_MATTER_PHYSICS
PUB_007066,AEROSPACE_ENGINEERING
PUB_007067,AEROSPACE_ENGINEERING
PUB_007068,ELECTRICAL_AND_ELECTRONIC_ENGINEERING
PUB_007069,MATHEMATICAL_PHYSICS
PUB_007070,ARTIFICIAL_INTELLIGENCE
PUB_007071,MECHANICAL_ENGINEERING
PUB_007072,APPLIED_MATHEMATICS
PUB_007073,ELECTRICAL_AND_ELECTRONIC_ENGINEERING
PUB_007074,POLYMERS_AND_PLASTICS
PUB_007075,MECHANICS_OF_MATERIALS
PUB_007076,MECHANICS_OF_MATERIALS
PUB_007077,ELECTRICAL_AND_ELECTRONIC_ENGINEERING
PUB_007078,COMPUTATIONAL_MECHANICS
PUB_007079,COMPUTATIONAL_MECHANICS
PUB_007080,STATISTICAL_AND_NONLINEAR_PHYSICS
PUB_007081,AEROSPACE_ENGINEERING
PUB_007082,HUMANCOMPUTER_INTERACTION
PUB_007083,MECHANICS_OF_MATERIALS
PUB_007084,ELECTRICAL_AND_ELECTRONIC_ENGINEERING
PUB_007085,CIVIL_AND_STRUCTURAL_ENGINEERING
PUB_007086,MATERIALS_CHEMISTRY
PUB_007087,MATERIALS_CHEMISTRY
PUB_007088,ASTRONOMY_AND_ASTROPHYSICS
PUB_007089,ARTIFICIAL_INTELLIGENCE
PUB_007090,MECHANICS_OF_MATERIALS
PUB_007091,BIOMEDICAL_ENGINEERING
PUB_007092,ELECTRICAL_AND_ELECTRONIC_ENGINEERING
PUB_007093,ELECTRICAL_AND_ELECTRONIC_ENGINEERING
PUB_007094,ELECTRICAL_AND_ELECTRONIC_ENGINEERING
PUB_007095,MATERIALS_CHEMISTRY
PUB_007096,COMPUTER_VISION_AND_PATTERN_RECOGNITION
PUB_007097,STATISTICAL_AND_NONLINEAR_PHYSICS
PUB_007098,AUTOMOTIVE_ENGINEERING
PUB_007099,MATERIALS_CHEMISTRY
PUB_007100,ELECTRICAL_AND_ELECTRONIC_ENGINEERING
PUB_007101,ARTIFICIAL_INTELLIGENCE
PUB_007102,BUILDING_AND_CONSTRUCTION
PUB_007103,ELECTRICAL_AND_ELECTRONIC_ENGINEERING
PUB_007104,MATERIALS_CHEMISTRY
PUB_007105,AEROSPACE_ENGINEERING
PUB_007106,AEROSPACE_ENGINEERING
PUB_007107,COMPUTATIONAL_THEORY_AND_MATHEMATICS
PUB_007108,COMPUTER_VISION_AND_PATTERN_RECOGNITION
PUB_007109,CIVIL_AND_STRUCTURAL_ENGINEERING
PUB_007110,COMPUTATIONAL_THEORY_AND_MATHEMATICS
PUB_007111,COMPUTER_NETWORKS_AND_COMMUNICATIONS
PUB_007112,AEROSPACE_ENGINEERING
PUB_007113,MECHANICS_OF_MATERIALS
PUB_007114,CIVIL_AND_STRUCTURAL_ENGINEERING
PUB_007115,MECHANICAL_ENGINEERING
PUB_007116,ATOMIC_AND_MOLECULAR_PHYSICS_AND_OPTICS
PUB_007117,ELECTRONIC_OPTICAL_AND_MAGNETIC_MATERIALS
PUB_007118,ELECTRICAL_AND_ELECTRONIC_ENGINEERING
PUB_007119,ELECTRICAL_AND_ELECTRONIC_ENGINEERING
PUB_007120,CONTROL_AND_SYSTEMS_ENGINEERING
PUB_007121,ELECTRICAL_AND_ELECTRONIC_ENGINEERING
PUB_007122,POLYMERS_AND_PLASTICS
PUB_007123,ELECTRICAL_AND_ELECTRONIC_ENGINEERING
PUB_007124,ELECTRICAL_AND_ELECTRONIC_ENGINEERING
PUB_007125,AEROSPACE_ENGINEERING
PUB_007126,CONDENSED_MATTER_PHYSICS
PUB_007127,COMPUTER_NETWORKS_AND_COMMUNICATIONS
PUB_007128,ARTIFICIAL_INTELLIGENCE
PUB_007129,MECHANICAL_ENGINEERING
PUB_007130,ASTRONOMY_AND_ASTROPHYSICS
PUB_007131,ELECTRICAL_AND_ELECTRONIC_ENGINEERING
PUB_007132,ELECTRICAL_AND_ELECTRONIC_ENGINEERING
PUB_007133,ATOMIC_AND_MOLECULAR_PHYSICS_AND_OPTICS
PUB_007134,ELECTRICAL_AND_ELECTRONIC_ENGINEERING
PUB_007135,CIVIL_AND_STRUCTURAL_ENGINEERING
PUB_007136,CONDENSED_MATTER_PHYSICS
PUB_007137,MECHANICAL_ENGINEERING
PUB_007138,ELECTRONIC_OPTICAL_AND_MAGNETIC_MATERIALS
PUB_007139,BIOMEDICAL_ENGINEERING
PUB_007140,ELECTRICAL_AND_ELECTRONIC_ENGINEERING
PUB_007141,AUTOMOTIVE_ENGINEERING
PUB_007142,ELECTRICAL_AND_ELECTRONIC_ENGINEERING
PUB_007143,SAFETY_RISK_RELIABILITY_AND_QUALITY
PUB_007144,GEOMETRY_AND_TOPOLOGY
PUB_007145,ELECTRICAL_AND_ELECTRONIC_ENGINEERING
PUB_007146,ELECTRICAL_AND_ELECTRONIC_ENGINEERING
PUB_007147,COMPUTATIONAL_MECHANICS
PUB_007148,STATISTICAL_AND_NONLINEAR_PHYSICS
PUB_007149,CONDENSED_MATTER_PHYSICS
PUB_007150,ELECTRONIC_OPTICAL_AND_MAGNETIC_MATERIALS
PUB_007151,MECHANICAL_ENGINEERING
PUB_007152,ELECTRICAL_AND_ELECTRONIC_ENGINEERING
PUB_007153,BIOMEDICAL_ENGINEERING
PUB_007154,ELECTRONIC_OPTICAL_AND_MAGNETIC_MATERIALS
PUB_007155,ELECTRONIC_OPTICAL_AND_MAGNETIC_MATERIALS
PUB_007156,BIOMEDICAL_ENGINEERING
PUB_007157,COMPUTATIONAL_MECHANICS
PUB_007158,ATOMIC_AND_MOLECULAR_PHYSICS_AND_OPTICS
PUB_007159,CIVIL_AND_STRUCTURAL_ENGINEERING
PUB_007160,ELECTRONIC_OPTICAL_AND_MAGNETIC_MATERIALS
PUB_007161,ASTRONOMY_AND_ASTROPHYSICS
PUB_007162,AEROSPACE_ENGINEERING
PUB_007163,ARTIFICIAL_INTELLIGENCE
PUB_007164,MATERIALS_CHEMISTRY
PUB_007165,MATERIALS_CHEMISTRY
PUB_007166,ELECTRICAL_AND_ELECTRONIC_ENGINEERING
PUB_007167,MATERIALS_CHEMISTRY
PUB_007168,COMPUTATIONAL_THEORY_AND_MATHEMATICS
PUB_007169,BIOMATERIALS
PUB_007170,POLYMERS_AND_PLASTICS
PUB_007171,BUILDING_AND_CONSTRUCTION
PUB_007172,SIGNAL_PROCESSING
PUB_007173,COMPUTER_NETWORKS_AND_COMMUNICATIONS
PUB_007174,ARTIFICIAL_INTELLIGENCE
PUB_007175,BIOMEDICAL_ENGINEERING
PUB_007176,INDUSTRIAL_AND_MANUFACTURING_ENGINEERING
PUB_007177,ARTIFICIAL_INTELLIGENCE
PUB_007178,MATERIALS_CHEMISTRY
PUB_007179,AUTOMOTIVE_ENGINEERING
PUB_007180,COMPUTER_VISION_AND_PATTERN_RECOGNITION
PUB_007181,ASTRONOMY_AND_ASTROPHYSICS
PUB_007182,MATERIALS_CHEMISTRY
PUB_007183,MECHANICS_OF_MATERIALS
PUB_007184,MATERIALS_CHEMISTRY
PUB_007185,ARTIFICIAL_INTELLIGENCE
PUB_007186,MATERIALS_CHEMISTRY
PUB_007187,ELECTRICAL_AND_ELECTRONIC_ENGINEERING
PUB_007188,STATISTICAL_AND_NONLINEAR_PHYSICS
PUB_007189,CONTROL_AND_SYSTEMS_ENGINEERING
PUB_007190,MECHANICS_OF_MATERIALS
PUB_007191,CIVIL_AND_STRUCTURAL_ENGINEERING
PUB_007192,ELECTRICAL_AND_ELECTRONIC_ENGINEERING
PUB_007193,ELECTRICAL_AND_ELECTRONIC_ENGINEERING
PUB_007194,ELECTRICAL_AND_ELECTRONIC_ENGINEERING
PUB_007195,BIOMEDICAL_ENGINEERING
PUB_007196,ELECTRICAL_AND_ELECTRONIC_ENGINEERING
PUB_007197,CIVIL_AND_STRUCTURAL_ENGINEERING
PUB_007198,MATERIALS_CHEMISTRY
PUB_007199,BIOMEDICAL_ENGINEERING
PUB_007200,OCEAN_ENGINEERING
PUB_007201,APPLIED_MATHEMATICS
PUB_007202,ASTRONOMY_AND_ASTROPHYSICS
PUB_007203,COMPUTATIONAL_MECHANICS
PUB_007204,MECHANICAL_ENGINEERING
PUB_007205,OCEAN_ENGINEERING
PUB_007206,COMPUTATIONAL_THEORY_AND_MATHEMATICS
PUB_007207,BIOMEDICAL_ENGINEERING
PUB_007208,ATOMIC_AND_MOLECULAR_PHYSICS_AND_OPTICS
PUB_007209,HARDWARE_AND_ARCHITECTURE
PUB_007210,COMPUTATIONAL_MECHANICS
PUB_007211,ELECTRICAL_AND_ELECTRONIC_ENGINEERING
PUB_007212,ELECTRICAL_AND_ELECTRONIC_ENGINEERING
PUB_007213,MECHANICS_OF_MATERIALS
PUB_007214,MATERIALS_CHEMISTRY
PUB_007215,MECHANICAL_ENGINEERING
PUB_007216,POLYMERS_AND_PLASTICS
PUB_007217,MATERIALS_CHEMISTRY
PUB_007218,COMPUTATIONAL_THEORY_AND_MATHEMATICS
PUB_007219,COMPUTER_NETWORKS_AND_COMMUNICATIONS
PUB_007220,ELECTRICAL_AND_ELECTRONIC_ENGINEERING
PUB_007221,MECHANICS_OF_MATERIALS
PUB_007222,MECHANICAL_ENGINEERING
PUB_007223,CONTROL_AND_SYSTEMS_ENGINEERING
PUB_007224,MATERIALS_CHEMISTRY
PUB_007225,ELECTRICAL_AND_ELECTRONIC_ENGINEERING
PUB_007226,MECHANICS_OF_MATERIALS
PUB_007227,ELECTRICAL_AND_ELECTRONIC_ENGINEERING
PUB_007228,MATERIALS_CHEMISTRY
PUB_007229,COMPUTATIONAL_MECHANICS
PUB_007230,ATOMIC_AND_MOLECULAR_PHYSICS_AND_OPTICS
PUB_007231,ELECTRONIC_OPTICAL_AND_MAGNETIC_MATERIALS
PUB_007232,CONDENSED_MATTER_PHYSICS
PUB_007233,CONDENSED_MATTER_PHYSICS
PUB_007234,CIVIL_AND_STRUCTURAL_ENGINEERING
PUB_007235,APPLIED_MATHEMATICS
PUB_007236,MECHANICAL_ENGINEERING
PUB_007237,CONDENSED_MATTER_PHYSICS
PUB_007238,ASTRONOMY_AND_ASTROPHYSICS
PUB_007239,CIVIL_AND_STRUCTURAL_ENGINEERING
PUB_007240,COMPUTATIONAL_THEORY_AND_MATHEMATICS
PUB_007241,COMPUTER_VISION_AND_PATTERN_RECOGNITION
PUB_007242,AUTOMOTIVE_ENGINEERING
PUB_007243,ELECTRICAL_AND_ELECTRONIC_ENGINEERING
PUB_007244,ELECTRICAL_AND_ELECTRONIC_ENGINEERING
PUB_007245,BIOMEDICAL_ENGINEERING
PUB_007246,ELECTRICAL_AND_ELECTRONIC_ENGINEERING
PUB_007247,CIVIL_AND_STRUCTURAL_ENGINEERING
PUB_007248,COMPUTATIONAL_MECHANICS
PUB_007249,COMPUTER_VISION_AND_PATTERN_RECOGNITION
PUB_007250,MECHANICAL_ENGINEERING
PUB_007251,CONDENSED_MATTER_PHYSICS
PUB_007252,ELECTRICAL_AND_ELECTRONIC_ENGINEERING
PUB_007253,MATERIALS_CHEMISTRY
PUB_007254,MECHANICS_OF_MATERIALS
PUB_007255,SURFACES_COATINGS_AND_FILMS
PUB_007256,ATOMIC_AND_MOLECULAR_PHYSICS_AND_OPTICS
PUB_007257,COMPUTATIONAL_MECHANICS
PUB_007258,COMPUTATIONAL_THEORY_AND_MATHEMATICS
PUB_007259,MATERIALS_CHEMISTRY
PUB_007260,MATHEMATICAL_PHYSICS
PUB_007261,RADIATION
PUB_007262,MATERIALS_CHEMISTRY
PUB_007263,COMPUTER_SCIENCE_APPLICATIONS
PUB_007264,ELECTRICAL_AND_ELECTRONIC_ENGINEERING
PUB_007265,ARTIFICIAL_INTELLIGENCE
PUB_007266,COMPUTER_VISION_AND_PATTERN_RECOGNITION
PUB_007267,MATERIALS_CHEMISTRY
PUB_007268,COMPUTER_NETWORKS_AND_COMMUNICATIONS
PUB_007269,ARTIFICIAL_INTELLIGENCE
PUB_007270,AUTOMOTIVE_ENGINEERING
PUB_007271,OCEAN_ENGINEERING
PUB_007272,MATERIALS_CHEMISTRY
PUB_007273,ELECTRICAL_AND_ELECTRONIC_ENGINEERING
PUB_007274,MEDIA_TECHNOLOGY
PUB_007275,ELECTRICAL_AND_ELECTRONIC_ENGINEERING
PUB_007276,AEROSPACE_ENGINEERING
PUB_007277,ATOMIC_AND_MOLECULAR_PHYSICS_AND_OPTICS
PUB_007278,ELECTRICAL_AND_ELECTRONIC_ENGINEERING
PUB_007279,MECHANICAL_ENGINEERING
PUB_007280,CONTROL_AND_SYSTEMS_ENGINEERING
PUB_007281,COMPUTATIONAL_MECHANICS
PUB_007282,APPLIED_MATHEMATICS
PUB_007283,CIVIL_AND_STRUCTURAL_ENGINEERING
PUB_007284,ELECTRICAL_AND_ELECTRONIC_ENGINEERING
PUB_007285,BIOMATERIALS
PUB_007286,SIGNAL_PROCESSING
PUB_007287,COMPUTER_VISION_AND_PATTERN_RECOGNITION
PUB_007288,MATERIALS_CHEMISTRY
PUB_007289,ELECTRICAL_AND_ELECTRONIC_ENGINEERING
PUB_007290,GEOMETRY_AND_TOPOLOGY
PUB_007291,INFORMATION_SYSTEMS
PUB_007292,ARTIFICIAL_INTELLIGENCE
PUB_007293,MATERIALS_CHEMISTRY
PUB_007294,CONDENSED_MATTER_PHYSICS
PUB_007295,ELECTRONIC_OPTICAL_AND_MAGNETIC_MATERIALS
PUB_007296,INFORMATION_SYSTEMS
PUB_007297,APPLIED_MATHEMATICS
PUB_007298,ELECTRICAL_AND_ELECTRONIC_ENGINEERING
PUB_007299,ASTRONOMY_AND_ASTROPHYSICS
PUB_007300,COMPUTER_NETWORKS_AND_COMMUNICATIONS
PUB_007301,MATERIALS_CHEMISTRY
PUB_007302,ELECTRICAL_AND_ELECTRONIC_ENGINEERING
PUB_007303,DISCRETE_MATHEMATICS_AND_COMBINATORICS
PUB_007304,AEROSPACE_ENGINEERING
PUB_007305,ELECTRICAL_AND_ELECTRONIC_ENGINEERING
PUB_007306,GEOMETRY_AND_TOPOLOGY
PUB_007307,ELECTRONIC_OPTICAL_AND_MAGNETIC_MATERIALS
PUB_007308,MECHANICS_OF_MATERIALS
PUB_007309,BIOMEDICAL_ENGINEERING
PUB_007310,BIOMEDICAL_ENGINEERING
PUB_007311,ELECTRONIC_OPTICAL_AND_MAGNETIC_MATERIALS
PUB_007312,MATERIALS_CHEMISTRY
PUB_007313,MECHANICAL_ENGINEERING
PUB_007314,SIGNAL_PROCESSING
PUB_007315,CONTROL_AND_SYSTEMS_ENGINEERING
PUB_007316,CIVIL_AND_STRUCTURAL_ENGINEERING
PUB_007317,COMPUTATIONAL_MECHANICS
PUB_007318,ASTRONOMY_AND_ASTROPHYSICS
PUB_007319,CONTROL_AND_SYSTEMS_ENGINEERING
PUB_007320,HUMANCOMPUTER_INTERACTION
PUB_007321,MECHANICAL_ENGINEERING
PUB_007322,ELECTRICAL_AND_ELECTRONIC_ENGINEERING
PUB_007323,MATERIALS_CHEMISTRY
PUB_007324,BIOMATERIALS
PUB_007325,ATOMIC_AND_MOLECULAR_PHYSICS_AND_OPTICS
PUB_007326,CONTROL_AND_SYSTEMS_ENGINEERING
PUB_007327,MODELING_AND_SIMULATION
PUB_007328,BIOMEDICAL_ENGINEERING
PUB_007329,ARTIFICIAL_INTELLIGENCE
PUB_007330,ATOMIC_AND_MOLECULAR_PHYSICS_AND_OPTICS
PUB_007331,AEROSPACE_ENGINEERING
PUB_007332,MECHANICAL_ENGINEERING
PUB_007333,COMPUTER_VISION_AND_PATTERN_RECOGNITION
PUB_007334,MATERIALS_CHEMISTRY
PUB_007335,COMPUTER_VISION_AND_PATTERN_RECOGNITION
PUB_007336,ARCHITECTURE
PUB_007337,COMPUTATIONAL_MECHANICS
PUB_007338,ATOMIC_AND_MOLECULAR_PHYSICS_AND_OPTICS
PUB_007339,ELECTRICAL_AND_ELECTRONIC_ENGINEERING
PUB_007340,ELECTRICAL_AND_ELECTRONIC_ENGINEERING
PUB_007341,SURFACES_COATINGS_AND_FILMS
PUB_007342,OCEAN_ENGINEERING
PUB_007343,ARTIFICIAL_INTELLIGENCE
PUB_007344,MATERIALS_CHEMISTRY
PUB_007345,MATERIALS_CHEMISTRY
PUB_007346,AUTOMOTIVE_ENGINEERING
PUB_007347,GEOMETRY_AND_TOPOLOGY
PUB_007348,ATOMIC_AND_MOLECULAR_PHYSICS_AND_OPTICS
PUB_007349,MATERIALS_CHEMISTRY
PUB_007350,AEROSPACE_ENGINEERING
PUB_007351,BIOMEDICAL_ENGINEERING
PUB_007352,MECHANICAL_ENGINEERING
PUB_007353,ASTRONOMY_AND_ASTROPHYSICS
PUB_007354,BIOMEDICAL_ENGINEERING
PUB_007355,MODELING_AND_SIMULATION
PUB_007356,ARTIFICIAL_INTELLIGENCE
PUB_007357,CIVIL_AND_STRUCTURAL_ENGINEERING
PUB_007358,MATHEMATICAL_PHYSICS
PUB_007359,BIOMEDICAL_ENGINEERING
PUB_007360,MATERIALS_CHEMISTRY
PUB_007361,HUMANCOMPUTER_INTERACTION
PUB_007362,ELECTRICAL_AND_ELECTRONIC_ENGINEERING
PUB_007363,ATOMIC_AND_MOLECULAR_PHYSICS_AND_OPTICS
PUB_007364,MECHANICS_OF_MATERIALS
PUB_007365,ATOMIC_AND_MOLECULAR_PHYSICS_AND_OPTICS
PUB_007366,ELECTRICAL_AND_ELECTRONIC_ENGINEERING
PUB_007367,MECHANICS_OF_MATERIALS
PUB_007368,ELECTRICAL_AND_ELECTRONIC_ENGINEERING
PUB_007369,ELECTRICAL_AND_ELECTRONIC_ENGINEERING
PUB_007370,ELECTRICAL_AND_ELECTRONIC_ENGINEERING
PUB_007371,ASTRONOMY_AND_ASTROPHYSICS
PUB_007372,COMPUTER_VISION_AND_PATTERN_RECOGNITION
PUB_007373,COMPUTATIONAL_MECHANICS
PUB_007374,BIOMATERIALS
PUB_007375,INFORMATION_SYSTEMS
PUB_007376,ELECTRICAL_AND_ELECTRONIC_ENGINEERING
PUB_007377,BIOMEDICAL_ENGINEERING
PUB_007378,MATERIALS_CHEMISTRY
PUB_007379,COMPUTER_VISION_AND_PATTERN_RECOGNITION
PUB_007380,ELECTRICAL_AND_ELECTRONIC_ENGINEERING
PUB_007381,MATERIALS_CHEMISTRY
PUB_007382,HARDWARE_AND_ARCHITECTURE
PUB_007383,AEROSPACE_ENGINEERING
PUB_007384,MECHANICS_OF_MATERIALS
PUB_007385,MECHANICS_OF_MATERIALS
PUB_007386,GEOMETRY_AND_TOPOLOGY
PUB_007387,APPLIED_MATHEMATICS
PUB_007388,APPLIED_MATHEMATICS
PUB_007389,MECHANICAL_ENGINEERING
PUB_007390,ATOMIC_AND_MOLECULAR_PHYSICS_AND_OPTICS
PUB_007391,ELECTRONIC_OPTICAL_AND_MAGNETIC_MATERIALS
PUB_007392,MATERIALS_CHEMISTRY
PUB_007393,ELECTRONIC_OPTICAL_AND_MAGNETIC_MATERIALS
PUB_007394,MATERIALS_CHEMISTRY
PUB_007395,MATERIALS_CHEMISTRY
PUB_007396,COMPUTER_NETWORKS_AND_COMMUNICATIONS
PUB_007397,COMPUTATIONAL_MECHANICS
PUB_007398,ELECTRICAL_AND_ELECTRONIC_ENGINEERING
PUB_007399,MATERIALS_CHEMISTRY
PUB_007400,ASTRONOMY_AND_ASTROPHYSICS
PUB_007401,MECHANICAL_ENGINEERING
PUB_007402,CONTROL_AND_SYSTEMS_ENGINEERING
PUB_007403,ELECTRICAL_AND_ELECTRONIC_ENGINEERING
PUB_007404,INDUSTRIAL_AND_MANUFACTURING_ENGINEERING
PUB_007405,INFORMATION_SYSTEMS
PUB_007406,ELECTRICAL_AND_ELECTRONIC_ENGINEERING
PUB_007407,BIOMEDICAL_ENGINEERING
PUB_007408,AEROSPACE_ENGINEERING
PUB_007409,INSTRUMENTATION
PUB_007410,POLYMERS_AND_PLASTICS
PUB_007411,MECHANICS_OF_MATERIALS
PUB_007412,MATERIALS_CHEMISTRY
PUB_007413,BIOMATERIALS
PUB_007414,ELECTRICAL_AND_ELECTRONIC_ENGINEERING
PUB_007415,COMPUTATIONAL_MECHANICS
PUB_007416,ARTIFICIAL_INTELLIGENCE
PUB_007417,ELECTRICAL_AND_ELECTRONIC_ENGINEERING
PUB_007418,CONTROL_AND_SYSTEMS_ENGINEERING
PUB_007419,ELECTRICAL_AND_ELECTRONIC_ENGINEERING
PUB_007420,ELECTRICAL_AND_ELECTRONIC_ENGINEERING
PUB_007421,COMPUTER_VISION_AND_PATTERN_RECOGNITION
PUB_007422,CONTROL_AND_SYSTEMS_ENGINEERING
PUB_007423,MATERIALS_CHEMISTRY
PUB_007424,ELECTRICAL_AND_ELECTRONIC_ENGINEERING
PUB_007425,ELECTRICAL_AND_ELECTRONIC_ENGINEERING
PUB_007426,BIOMATERIALS
PUB_007427,ELECTRICAL_AND_ELECTRONIC_ENGINEERING
PUB_007428,ELECTRICAL_AND_ELECTRONIC_ENGINEERING
PUB_007429,POLYMERS_AND_PLASTICS
PUB_007430,ARTIFICIAL_INTELLIGENCE
PUB_007431,STATISTICAL_AND_NONLINEAR_PHYSICS
PUB_007432,ARTIFICIAL_INTELLIGENCE
PUB_007433,COMPUTATIONAL_MECHANICS
PUB_007434,COMPUTER_VISION_AND_PATTERN_RECOGNITION
PUB_007435,ELECTRICAL_AND_ELECTRONIC_ENGINEERING
PUB_007436,OCEAN_ENGINEERING
PUB_007437,ELECTRONIC_OPTICAL_AND_MAGNETIC_MATERIALS
PUB_007438,MATERIALS_CHEMISTRY
PUB_007439,MATHEMATICAL_PHYSICS
PUB_007440,MEDIA_TECHNOLOGY
PUB_007441,ATOMIC_AND_MOLECULAR_PHYSICS_AND_OPTICS
PUB_007442,CONTROL_AND_SYSTEMS_ENGINEERING
PUB_007443,SURFACES_COATINGS_AND_FILMS
PUB_007444,ELECTRICAL_AND_ELECTRONIC_ENGINEERING
PUB_007445,ATOMIC_AND_MOLECULAR_PHYSICS_AND_OPTICS
PUB_007446,ASTRONOMY_AND_ASTROPHYSICS
PUB_007447,MATERIALS_CHEMISTRY
PUB_007448,INDUSTRIAL_AND_MANUFACTURING_ENGINEERING
PUB_007449,SURFACES_COATINGS_AND_FILMS
PUB_007450,OCEAN_ENGINEERING
PUB_007451,POLYMERS_AND_PLASTICS
PUB_007452,COMPUTER_NETWORKS_AND_COMMUNICATIONS
PUB_007453,CIVIL_AND_STRUCTURAL_ENGINEERING
PUB_007454,MODELING_AND_SIMULATION
PUB_007455,ASTRONOMY_AND_ASTROPHYSICS
PUB_007456,ELECTRICAL_AND_ELECTRONIC_ENGINEERING
PUB_007457,ELECTRICAL_AND_ELECTRONIC_ENGINEERING
PUB_007458,ARTIFICIAL_INTELLIGENCE
PUB_007459,ARTIFICIAL_INTELLIGENCE
PUB_007460,COMPUTATIONAL_THEORY_AND_MATHEMATICS
PUB_007461,ARTIFICIAL_INTELLIGENCE
PUB_007462,ARTIFICIAL_INTELLIGENCE
PUB_007463,CONDENSED_MATTER_PHYSICS
PUB_007464,MATHEMATICAL_PHYSICS
PUB_007465,STATISTICAL_AND_NONLINEAR_PHYSICS
PUB_007466,COMPUTATIONAL_THEORY_AND_MATHEMATICS
PUB_007467,ASTRONOMY_AND_ASTROPHYSICS
PUB_007468,ARTIFICIAL_INTELLIGENCE
PUB_007469,ELECTRICAL_AND_ELECTRONIC_ENGINEERING
PUB_007470,ELECTRICAL_AND_ELECTRONIC_ENGINEERING
PUB_007471,HUMANCOMPUTER_INTERACTION
PUB_007472,CONDENSED_MATTER_PHYSICS
PUB_007473,OCEAN_ENGINEERING
PUB_007474,INFORMATION_SYSTEMS
PUB_007475,RADIATION
PUB_007476,COMPUTATIONAL_MECHANICS
PUB_007477,ELECTRICAL_AND_ELECTRONIC_ENGINEERING
PUB_007478,BIOMEDICAL_ENGINEERING
PUB_007479,ELECTRICAL_AND_ELECTRONIC_ENGINEERING
PUB_007480,ARTIFICIAL_INTELLIGENCE
PUB_007481,INFORMATION_SYSTEMS
PUB_007482,HARDWARE_AND_ARCHITECTURE
PUB_007483,MECHANICS_OF_MATERIALS
PUB_007484,AEROSPACE_ENGINEERING
PUB_007485,ELECTRICAL_AND_ELECTRONIC_ENGINEERING
PUB_007486,COMPUTER_VISION_AND_PATTERN_RECOGNITION
PUB_007487,COMPUTATIONAL_THEORY_AND_MATHEMATICS
PUB_007488,BIOMEDICAL_ENGINEERING
PUB_007489,BIOMEDICAL_ENGINEERING
PUB_007490,ATOMIC_AND_MOLECULAR_PHYSICS_AND_OPTICS
PUB_007491,COMPUTER_NETWORKS_AND_COMMUNICATIONS
PUB_007492,ASTRONOMY_AND_ASTROPHYSICS
PUB_007493,AEROSPACE_ENGINEERING
PUB_007494,INDUSTRIAL_AND_MANUFACTURING_ENGINEERING
PUB_007495,ARTIFICIAL_INTELLIGENCE
PUB_007496,MECHANICAL_ENGINEERING
PUB_007497,ATOMIC_AND_MOLECULAR_PHYSICS_AND_OPTICS
PUB_007498,ELECTRICAL_AND_ELECTRONIC_ENGINEERING
PUB_007499,MATERIALS_CHEMISTRY
PUB_007500,ELECTRICAL_AND_ELECTRONIC_ENGINEERING
PUB_007501,COMPUTATIONAL_MECHANICS
PUB_007502,MECHANICS_OF_MATERIALS
PUB_007503,METALS_AND_ALLOYS
PUB_007504,CONTROL_AND_SYSTEMS_ENGINEERING
PUB_007505,ELECTRICAL_AND_ELECTRONIC_ENGINEERING
PUB_007506,ARTIFICIAL_INTELLIGENCE
PUB_007507,ELECTRICAL_AND_ELECTRONIC_ENGINEERING
PUB_007508,CONDENSED_MATTER_PHYSICS
PUB_007509,ELECTRICAL_AND_ELECTRONIC_ENGINEERING
PUB_007510,COMPUTATIONAL_THEORY_AND_MATHEMATICS
PUB_007511,BIOMEDICAL_ENGINEERING
PUB_007512,BIOMEDICAL_ENGINEERING
PUB_007513,ELECTRICAL_AND_ELECTRONIC_ENGINEERING
PUB_007514,ELECTRONIC_OPTICAL_AND_MAGNETIC_MATERIALS
PUB_007515,CONTROL_AND_SYSTEMS_ENGINEERING
PUB_007516,MATERIALS_CHEMISTRY
PUB_007517,AEROSPACE_ENGINEERING
PUB_007518,SIGNAL_PROCESSING
PUB_007519,STATISTICAL_AND_NONLINEAR_PHYSICS
PUB_007520,ATOMIC_AND_MOLECULAR_PHYSICS_AND_OPTICS
PUB_007521,ELECTRICAL_AND_ELECTRONIC_ENGINEERING
PUB_007522,MATERIALS_CHEMISTRY
PUB_007523,COMPUTER_NETWORKS_AND_COMMUNICATIONS
PUB_007524,COMPUTER_VISION_AND_PATTERN_RECOGNITION
PUB_007525,COMPUTER_VISION_AND_PATTERN_RECOGNITION
PUB_007526,COMPUTATIONAL_MECHANICS
PUB_007527,ATOMIC_AND_MOLECULAR_PHYSICS_AND_OPTICS
PUB_007528,COMPUTER_NETWORKS_AND_COMMUNICATIONS
PUB_007529,COMPUTATIONAL_MECHANICS
PUB_007530,INDUSTRIAL_AND_MANUFACTURING_ENGINEERING
PUB_007531,INDUSTRIAL_AND_MANUFACTURING_ENGINEERING
PUB_007532,INFORMATION_SYSTEMS
PUB_007533,ARTIFICIAL_INTELLIGENCE
PUB_007534,SURFACES_COATINGS_AND_FILMS
PUB_007535,MECHANICAL_ENGINEERING
PUB_007536,STATISTICAL_AND_NONLINEAR_PHYSICS
PUB_007537,SAFETY_RISK_RELIABILITY_AND_QUALITY
PUB_007538,AUTOMOTIVE_ENGINEERING
PUB_007539,ASTRONOMY_AND_ASTROPHYSICS
PUB_007540,MECHANICAL_ENGINEERING
PUB_007541,MECHANICS_OF_MATERIALS
PUB_007542,BIOMEDICAL_ENGINEERING
PUB_007543,MATERIALS_CHEMISTRY
PUB_007544,COMPUTATIONAL_MECHANICS
PUB_007545,MECHANICAL_ENGINEERING
PUB_007546,GEOMETRY_AND_TOPOLOGY
PUB_007547,OCEAN_ENGINEERING
PUB_007548,GEOMETRY_AND_TOPOLOGY
PUB_007549,AEROSPACE_ENGINEERING
PUB_007550,ELECTRONIC_OPTICAL_AND_MAGNETIC_MATERIALS
PUB_007551,COMPUTER_NETWORKS_AND_COMMUNICATIONS
PUB_007552,MEDIA_TECHNOLOGY
PUB_007553,ELECTRONIC_OPTICAL_AND_MAGNETIC_MATERIALS
PUB_007554,MECHANICAL_ENGINEERING
PUB_007555,ELECTRICAL_AND_ELECTRONIC_ENGINEERING
PUB_007556,BIOMEDICAL_ENGINEERING
PUB_007557,MATERIALS_CHEMISTRY
PUB_007558,CONTROL_AND_SYSTEMS_ENGINEERING
PUB_007559,ATOMIC_AND_MOLECULAR_PHYSICS_AND_OPTICS
PUB_007560,ELECTRICAL_AND_ELECTRONIC_ENGINEERING
PUB_007561,ELECTRICAL_AND_ELECTRONIC_ENGINEERING
PUB_007562,MECHANICAL_ENGINEERING
PUB_007563,MATERIALS_CHEMISTRY
PUB_007564,HUMANCOMPUTER_INTERACTION
PUB_007565,HARDWARE_AND_ARCHITECTURE
PUB_007566,MECHANICAL_ENGINEERING
PUB_007567,APPLIED_MATHEMATICS
PUB_007568,COMPUTATIONAL_THEORY_AND_MATHEMATICS
PUB_007569,MECHANICAL_ENGINEERING
PUB_007570,APPLIED_MATHEMATICS
PUB_007571,ELECTRICAL_AND_ELECTRONIC_ENGINEERING
PUB_007572,ELECTRONIC_OPTICAL_AND_MAGNETIC_MATERIALS
PUB_007573,ELECTRICAL_AND_ELECTRONIC_ENGINEERING
PUB_007574,ELECTRICAL_AND_ELECTRONIC_ENGINEERING
PUB_007575,CONTROL_AND_SYSTEMS_ENGINEERING
PUB_007576,ELECTRICAL_AND_ELECTRONIC_ENGINEERING
PUB_007577,BIOMATERIALS
PUB_007578,COMPUTATIONAL_THEORY_AND_MATHEMATICS
PUB_007579,CONDENSED_MATTER_PHYSICS
PUB_007580,CONTROL_AND_SYSTEMS_ENGINEERING
PUB_007581,ARTIFICIAL_INTELLIGENCE
PUB_007582,ELECTRICAL_AND_ELECTRONIC_ENGINEERING
PUB_007583,BIOMATERIALS
PUB_007584,COMPUTER_NETWORKS_AND_COMMUNICATIONS
PUB_007585,AEROSPACE_ENGINEERING
PUB_007586,MECHANICS_OF_MATERIALS
PUB_007587,COMPUTATIONAL_THEORY_AND_MATHEMATICS
PUB_007588,ELECTRICAL_AND_ELECTRONIC_ENGINEERING
PUB_007589,NUMERICAL_ANALYSIS
PUB_007590,ELECTRICAL_AND_ELECTRONIC_ENGINEERING
PUB_007591,COMPUTATIONAL_MECHANICS
PUB_007592,ELECTRICAL_AND_ELECTRONIC_ENGINEERING
PUB_007593,ARTIFICIAL_INTELLIGENCE
PUB_007594,COMPUTATIONAL_MECHANICS
PUB_007595,CONDENSED_MATTER_PHYSICS
PUB_007596,ATOMIC_AND_MOLECULAR_PHYSICS_AND_OPTICS
PUB_007597,AEROSPACE_ENGINEERING
PUB_007598,BUILDING_AND_CONSTRUCTION
PUB_007599,ELECTRICAL_AND_ELECTRONIC_ENGINEERING
PUB_007600,MECHANICAL_ENGINEERING
PUB_007601,BIOMEDICAL_ENGINEERING
PUB_007602,ELECTRICAL_AND_ELECTRONIC_ENGINEERING
PUB_007603,ELECTRICAL_AND_ELECTRONIC_ENGINEERING
PUB_007604,MECHANICAL_ENGINEERING
PUB_007605,CONTROL_AND_SYSTEMS_ENGINEERING
PUB_007606,MECHANICAL_ENGINEERING
PUB_007607,ELECTRICAL_AND_ELECTRONIC_ENGINEERING
PUB_007608,BIOMEDICAL_ENGINEERING
PUB_007609,BIOMEDICAL_ENGINEERING
PUB_007610,MATERIALS_CHEMISTRY
PUB_007611,MATERIALS_CHEMISTRY
PUB_007612,MECHANICAL_ENGINEERING
PUB_007613,ELECTRICAL_AND_ELECTRONIC_ENGINEERING
PUB_007614,MATERIALS_CHEMISTRY
PUB_007615,ARTIFICIAL_INTELLIGENCE
PUB_007616,ELECTRICAL_AND_ELECTRONIC_ENGINEERING
PUB_007617,APPLIED_MATHEMATICS
PUB_007618,APPLIED_MATHEMATICS
PUB_007619,BIOMEDICAL_ENGINEERING
PUB_007620,BIOMATERIALS
PUB_007621,CONTROL_AND_SYSTEMS_ENGINEERING
PUB_007622,BIOMEDICAL_ENGINEERING
PUB_007623,ELECTRICAL_AND_ELECTRONIC_ENGINEERING
PUB_007624,MATERIALS_CHEMISTRY
PUB_007625,MATERIALS_CHEMISTRY
PUB_007626,AEROSPACE_ENGINEERING
PUB_007627,ELECTRICAL_AND_ELECTRONIC_ENGINEERING
PUB_007628,HUMANCOMPUTER_INTERACTION
PUB_007629,AEROSPACE_ENGINEERING
PUB_007630,MECHANICAL_ENGINEERING
PUB_007631,ELECTRICAL_AND_ELECTRONIC_ENGINEERING
PUB_007632,ELECTRICAL_AND_ELECTRONIC_ENGINEERING
PUB_007633,ELECTRICAL_AND_ELECTRONIC_ENGINEERING
PUB_007634,CONTROL_AND_SYSTEMS_ENGINEERING
PUB_007635,COMPUTER_NETWORKS_AND_COMMUNICATIONS
PUB_007636,MATHEMATICAL_PHYSICS
PUB_007637,APPLIED_MATHEMATICS
PUB_007638,CONDENSED_MATTER_PHYSICS
PUB_007639,GEOMETRY_AND_TOPOLOGY
PUB_007640,COMPUTATIONAL_THEORY_AND_MATHEMATICS
PUB_007641,ELECTRICAL_AND_ELECTRONIC_ENGINEERING
PUB_007642,GEOMETRY_AND_TOPOLOGY
PUB_007643,MECHANICAL_ENGINEERING
PUB_007644,ELECTRICAL_AND_ELECTRONIC_ENGINEERING
PUB_007645,INFORMATION_SYSTEMS
PUB_007646,AEROSPACE_ENGINEERING
PUB_007647,HARDWARE_AND_ARCHITECTURE
PUB_007648,MATERIALS_CHEMISTRY
PUB_007649,MECHANICS_OF_MATERIALS
PUB_007650,ATOMIC_AND_MOLECULAR_PHYSICS_AND_OPTICS
PUB_007651,RADIATION
PUB_007652,ELECTRICAL_AND_ELECTRONIC_ENGINEERING
PUB_007653,MECHANICAL_ENGINEERING
PUB_007654,ARTIFICIAL_INTELLIGENCE
PUB_007655,ELECTRONIC_OPTICAL_AND_MAGNETIC_MATERIALS
PUB_007656,MECHANICAL_ENGINEERING
PUB_007657,COMPUTER_NETWORKS_AND_COMMUNICATIONS
PUB_007658,STATISTICAL_AND_NONLINEAR_PHYSICS
PUB_007659,CONTROL_AND_SYSTEMS_ENGINEERING
PUB_007660,ARTIFICIAL_INTELLIGENCE
PUB_007661,ARTIFICIAL_INTELLIGENCE
PUB_007662,CONDENSED_MATTER_PHYSICS
PUB_007663,ELECTRICAL_AND_ELECTRONIC_ENGINEERING
PUB_007664,STATISTICAL_AND_NONLINEAR_PHYSICS
PUB_007665,CONTROL_AND_SYSTEMS_ENGINEERING
PUB_007666,MATHEMATICAL_PHYSICS
PUB_007667,DISCRETE_MATHEMATICS_AND_COMBINATORICS
PUB_007668,APPLIED_MATHEMATICS
PUB_007669,APPLIED_MATHEMATICS
PUB_007670,ASTRONOMY_AND_ASTROPHYSICS
PUB_007671,ELECTRICAL_AND_ELECTRONIC_ENGINEERING
PUB_007672,BUILDING_AND_CONSTRUCTION
PUB_007673,ALGEBRA_AND_NUMBER_THEORY
PUB_007674,CONTROL_AND_SYSTEMS_ENGINEERING
PUB_007675,COMPUTATIONAL_THEORY_AND_MATHEMATICS
PUB_007676,ATOMIC_AND_MOLECULAR_PHYSICS_AND_OPTICS
PUB_007677,COMPUTATIONAL_MECHANICS
PUB_007678,CIVIL_AND_STRUCTURAL_ENGINEERING
PUB_007679,MECHANICS_OF_MATERIALS
PUB_007680,BIOMEDICAL_ENGINEERING
PUB_007681,MEDIA_TECHNOLOGY
PUB_007682,ASTRONOMY_AND_ASTROPHYSICS
PUB_007683,ELECTRICAL_AND_ELECTRONIC_ENGINEERING
PUB_007684,ASTRONOMY_AND_ASTROPHYSICS
PUB_007685,ELECTRICAL_AND_ELECTRONIC_ENGINEERING
PUB_007686,ELECTRICAL_AND_ELECTRONIC_ENGINEERING
PUB_007687,ARTIFICIAL_INTELLIGENCE
PUB_007688,CONDENSED_MATTER_PHYSICS
PUB_007689,MECHANICS_OF_MATERIALS
PUB_007690,BIOMATERIALS
PUB_007691,ELECTRICAL_AND_ELECTRONIC_ENGINEERING
PUB_007692,ATOMIC_AND_MOLECULAR_PHYSICS_AND_OPTICS
PUB_007693,COMPUTER_VISION_AND_PATTERN_RECOGNITION
PUB_007694,ATOMIC_AND_MOLECULAR_PHYSICS_AND_OPTICS
PUB_007695,COMPUTATIONAL_MECHANICS
PUB_007696,COMPUTATIONAL_THEORY_AND_MATHEMATICS
PUB_007697,COMPUTER_VISION_AND_PATTERN_RECOGNITION
PUB_007698,APPLIED_MATHEMATICS
PUB_007699,CIVIL_AND_STRUCTURAL_ENGINEERING
PUB_007700,MECHANICS_OF_MATERIALS
PUB_007701,BIOMEDICAL_ENGINEERING
PUB_007702,ELECTRICAL_AND_ELECTRONIC_ENGINEERING
PUB_007703,MATERIALS_CHEMISTRY
PUB_007704,COMPUTATIONAL_MECHANICS
PUB_007705,AUTOMOTIVE_ENGINEERING
PUB_007706,CIVIL_AND_STRUCTURAL_ENGINEERING
PUB_007707,BIOMEDICAL_ENGINEERING
PUB_007708,MECHANICS_OF_MATERIALS
PUB_007709,ELECTRICAL_AND_ELECTRONIC_ENGINEERING
PUB_007710,ELECTRICAL_AND_ELECTRONIC_ENGINEERING
PUB_007711,ELECTRICAL_AND_ELECTRONIC_ENGINEERING
PUB_007712,ATOMIC_AND_MOLECULAR_PHYSICS_AND_OPTICS
PUB_007713,MATERIALS_CHEMISTRY
PUB_007714,ELECTRICAL_AND_ELECTRONIC_ENGINEERING
PUB_007715,MATERIALS_CHEMISTRY
PUB_007716,COMPUTER_VISION_AND_PATTERN_RECOGNITION
PUB_007717,ELECTRICAL_AND_ELECTRONIC_ENGINEERING
PUB_007718,COMPUTATIONAL_THEORY_AND_MATHEMATICS
PUB_007719,ARTIFICIAL_INTELLIGENCE
PUB_007720,AEROSPACE_ENGINEERING
PUB_007721,COMPUTER_SCIENCE_APPLICATIONS
PUB_007722,AEROSPACE_ENGINEERING
PUB_007723,COMPUTER_NETWORKS_AND_COMMUNICATIONS
PUB_007724,ELECTRICAL_AND_ELECTRONIC_ENGINEERING
PUB_007725,BIOMEDICAL_ENGINEERING
PUB_007726,ARTIFICIAL_INTELLIGENCE
PUB_007727,MECHANICAL_ENGINEERING
PUB_007728,APPLIED_MATHEMATICS
PUB_007729,DISCRETE_MATHEMATICS_AND_COMBINATORICS
PUB_007730,ATOMIC_AND_MOLECULAR_PHYSICS_AND_OPTICS
PUB_007731,INFORMATION_SYSTEMS
PUB_007732,GEOMETRY_AND_TOPOLOGY
PUB_007733,MATHEMATICAL_PHYSICS
PUB_007734,COMPUTATIONAL_MECHANICS
PUB_007735,ELECTRICAL_AND_ELECTRONIC_ENGINEERING
PUB_007736,CIVIL_AND_STRUCTURAL_ENGINEERING
PUB_007737,ATOMIC_AND_MOLECULAR_PHYSICS_AND_OPTICS
PUB_007738,ELECTRICAL_AND_ELECTRONIC_ENGINEERING
PUB_007739,SIGNAL_PROCESSING
PUB_007740,ARTIFICIAL_INTELLIGENCE
PUB_007741,APPLIED_MATHEMATICS
PUB_007742,ASTRONOMY_AND_ASTROPHYSICS
PUB_007743,MECHANICS_OF_MATERIALS
PUB_007744,COMPUTER_VISION_AND_PATTERN_RECOGNITION
PUB_007745,AEROSPACE_ENGINEERING
PUB_007746,MATERIALS_CHEMISTRY
PUB_007747,COMPUTER_NETWORKS_AND_COMMUNICATIONS
PUB_007748,INDUSTRIAL_AND_MANUFACTURING_ENGINEERING
PUB_007749,ELECTRICAL_AND_ELECTRONIC_ENGINEERING
PUB_007750,MATERIALS_CHEMISTRY
PUB_007751,BIOMEDICAL_ENGINEERING
PUB_007752,COMPUTER_NETWORKS_AND_COMMUNICATIONS
PUB_007753,BIOMEDICAL_ENGINEERING
PUB_007754,CONTROL_AND_SYSTEMS_ENGINEERING
PUB_007755,MATERIALS_CHEMISTRY
PUB_007756,BIOMEDICAL_ENGINEERING
PUB_007757,MATERIALS_CHEMISTRY
PUB_007758,MATHEMATICAL_PHYSICS
PUB_007759,MECHANICAL_ENGINEERING
PUB_007760,MATERIALS_CHEMISTRY
PUB_007761,BIOMEDICAL_ENGINEERING
PUB_007762,ELECTRICAL_AND_ELECTRONIC_ENGINEERING
PUB_007763,OCEAN_ENGINEERING
PUB_007764,ATOMIC_AND_MOLECULAR_PHYSICS_AND_OPTICS
PUB_007765,MATHEMATICAL_PHYSICS
PUB_007766,INDUSTRIAL_AND_MANUFACTURING_ENGINEERING
PUB_007767,ELECTRICAL_AND_ELECTRONIC_ENGINEERING
PUB_007768,COMPUTATIONAL_THEORY_AND_MATHEMATICS
PUB_007769,ELECTRICAL_AND_ELECTRONIC_ENGINEERING
PUB_007770,MECHANICAL_ENGINEERING
PUB_007771,ELECTRICAL_AND_ELECTRONIC_ENGINEERING
PUB_007772,ELECTRICAL_AND_ELECTRONIC_ENGINEERING
PUB_007773,BIOMEDICAL_ENGINEERING
PUB_007774,ELECTRICAL_AND_ELECTRONIC_ENGINEERING
PUB_007775,BIOMEDICAL_ENGINEERING
PUB_007776,ELECTRICAL_AND_ELECTRONIC_ENGINEERING
PUB_007777,ELECTRICAL_AND_ELECTRONIC_ENGINEERING
PUB_007778,ELECTRICAL_AND_ELECTRONIC_ENGINEERING
PUB_007779,ELECTRICAL_AND_ELECTRONIC_ENGINEERING
PUB_007780,STATISTICS_AND_PROBABILITY
PUB_007781,COMPUTER_NETWORKS_AND_COMMUNICATIONS
PUB_007782,MATERIALS_CHEMISTRY
PUB_007783,COMPUTER_VISION_AND_PATTERN_RECOGNITION
PUB_007784,MECHANICAL_ENGINEERING
PUB_007785,BIOMATERIALS
PUB_007786,ELECTRICAL_AND_ELECTRONIC_ENGINEERING
PUB_007787,ASTRONOMY_AND_ASTROPHYSICS
PUB_007788,ATOMIC_AND_MOLECULAR_PHYSICS_AND_OPTICS
PUB_007789,ELECTRICAL_AND_ELECTRONIC_ENGINEERING
PUB_007790,ARTIFICIAL_INTELLIGENCE
PUB_007791,ELECTRONIC_OPTICAL_AND_MAGNETIC_MATERIALS
PUB_007792,MATHEMATICAL_PHYSICS
PUB_007793,ARTIFICIAL_INTELLIGENCE
PUB_007794,ELECTRICAL_AND_ELECTRONIC_ENGINEERING
PUB_007795,COMPUTATIONAL_MECHANICS
PUB_007796,ELECTRICAL_AND_ELECTRONIC_ENGINEERING
PUB_007797,MATERIALS_CHEMISTRY
PUB_007798,GEOMETRY_AND_TOPOLOGY
PUB_007799,MECHANICAL_ENGINEERING
PUB_007800,MECHANICS_OF_MATERIALS
PUB_007801,MECHANICAL_ENGINEERING
PUB_007802,AUTOMOTIVE_ENGINEERING
PUB_007803,ARTIFICIAL_INTELLIGENCE
PUB_007804,GEOMETRY_AND_TOPOLOGY
PUB_007805,ARTIFICIAL_INTELLIGENCE
PUB_007806,GEOMETRY_AND_TOPOLOGY
PUB_007807,ELECTRICAL_AND_ELECTRONIC_ENGINEERING
PUB_007808,COMPUTER_NETWORKS_AND_COMMUNICATIONS
PUB_007809,COMPUTATIONAL_MECHANICS
PUB_007810,ARTIFICIAL_INTELLIGENCE
PUB_007811,INDUSTRIAL_AND_MANUFACTURING_ENGINEERING
PUB_007812,BUILDING_AND_CONSTRUCTION
PUB_007813,AEROSPACE_ENGINEERING
PUB_007814,ELECTRICAL_AND_ELECTRONIC_ENGINEERING
PUB_007815,MATERIALS_CHEMISTRY
PUB_007816,COMPUTER_NETWORKS_AND_COMMUNICATIONS
PUB_007817,MECHANICS_OF_MATERIALS
PUB_007818,CONTROL_AND_SYSTEMS_ENGINEERING
PUB_007819,ELECTRICAL_AND_ELECTRONIC_ENGINEERING
PUB_007820,ELECTRICAL_AND_ELECTRONIC_ENGINEERING
PUB_007821,CIVIL_AND_STRUCTURAL_ENGINEERING
PUB_007822,COMPUTATIONAL_MECHANICS
PUB_007823,ARTIFICIAL_INTELLIGENCE
PUB_007824,ELECTRICAL_AND_ELECTRONIC_ENGINEERING
PUB_007825,ASTRONOMY_AND_ASTROPHYSICS
PUB_007826,ARTIFICIAL_INTELLIGENCE
PUB_007827,ELECTRICAL_AND_ELECTRONIC_ENGINEERING
PUB_007828,CONTROL_AND_SYSTEMS_ENGINEERING
PUB_007829,CIVIL_AND_STRUCTURAL_ENGINEERING
PUB_007830,COMPUTER_NETWORKS_AND_COMMUNICATIONS
PUB_007831,ELECTRICAL_AND_ELECTRONIC_ENGINEERING
PUB_007832,MECHANICAL_ENGINEERING
PUB_007833,MATERIALS_CHEMISTRY
PUB_007834,INFORMATION_SYSTEMS
PUB_007835,ELECTRICAL_AND_ELECTRONIC_ENGINEERING
PUB_007836,ELECTRICAL_AND_ELECTRONIC_ENGINEERING
PUB_007837,AEROSPACE_ENGINEERING
PUB_007838,MATHEMATICAL_PHYSICS
PUB_007839,MATHEMATICAL_PHYSICS
PUB_007840,APPLIED_MATHEMATICS
PUB_007841,INFORMATION_SYSTEMS
PUB_007842,MATHEMATICAL_PHYSICS
PUB_007843,OCEAN_ENGINEERING
PUB_007844,COMPUTER_NETWORKS_AND_COMMUNICATIONS
PUB_007845,COMPUTATIONAL_THEORY_AND_MATHEMATICS
PUB_007846,ELECTRICAL_AND_ELECTRONIC_ENGINEERING
PUB_007847,COMPUTER_GRAPHICS_AND_COMPUTERAIDED_DESIGN
PUB_007848,ARTIFICIAL_INTELLIGENCE
PUB_007849,AEROSPACE_ENGINEERING
PUB_007850,COMPUTER_NETWORKS_AND_COMMUNICATIONS
PUB_007851,BIOMEDICAL_ENGINEERING
PUB_007852,MECHANICS_OF_MATERIALS
PUB_007853,AEROSPACE_ENGINEERING
PUB_007854,COMPUTER_NETWORKS_AND_COMMUNICATIONS
PUB_007855,AEROSPACE_ENGINEERING
PUB_007856,CONTROL_AND_SYSTEMS_ENGINEERING
PUB_007857,ELECTRICAL_AND_ELECTRONIC_ENGINEERING
PUB_007858,BIOMEDICAL_ENGINEERING
PUB_007859,ELECTRONIC_OPTICAL_AND_MAGNETIC_MATERIALS
PUB_007860,ELECTRONIC_OPTICAL_AND_MAGNETIC_MATERIALS
PUB_007861,ELECTRICAL_AND_ELECTRONIC_ENGINEERING
PUB_007862,BIOMATERIALS
PUB_007863,MATERIALS_CHEMISTRY
PUB_007864,BIOMEDICAL_ENGINEERING
PUB_007865,BUILDING_AND_CONSTRUCTION
PUB_007866,BUILDING_AND_CONSTRUCTION
PUB_007867,BUILDING_AND_CONSTRUCTION
PUB_007868,BUILDING_AND_CONSTRUCTION
PUB_007869,BUILDING_AND_CONSTRUCTION
PUB_007870,CIVIL_AND_STRUCTURAL_ENGINEERING
PUB_007871,BUILDING_AND_CONSTRUCTION
PUB_007872,BUILDING_AND_CONSTRUCTION
PUB_007873,ELECTRICAL_AND_ELECTRONIC_ENGINEERING
PUB_007874,AEROSPACE_ENGINEERING
PUB_007875,MECHANICAL_ENGINEERING
PUB_007876,BIOMATERIALS
PUB_007877,CONTROL_AND_SYSTEMS_ENGINEERING
PUB_007878,ARTIFICIAL_INTELLIGENCE
PUB_007879,ATOMIC_AND_MOLECULAR_PHYSICS_AND_OPTICS
PUB_007880,OCEAN_ENGINEERING
PUB_007881,SURFACES_COATINGS_AND_FILMS
PUB_007882,POLYMERS_AND_PLASTICS
PUB_007883,BIOMEDICAL_ENGINEERING
PUB_007884,CONTROL_AND_SYSTEMS_ENGINEERING
PUB_007885,BIOMEDICAL_ENGINEERING
PUB_007886,ARTIFICIAL_INTELLIGENCE
PUB_007887,ELECTRICAL_AND_ELECTRONIC_ENGINEERING
PUB_007888,ATOMIC_AND_MOLECULAR_PHYSICS_AND_OPTICS
PUB_007889,OCEAN_ENGINEERING
PUB_007890,INDUSTRIAL_AND_MANUFACTURING_ENGINEERING
PUB_007891,SURFACES_COATINGS_AND_FILMS
PUB_007892,ELECTRICAL_AND_ELECTRONIC_ENGINEERING
PUB_007893,MATERIALS_CHEMISTRY
PUB_007894,MECHANICS_OF_MATERIALS
PUB_007895,MECHANICS_OF_MATERIALS
PUB_007896,SURFACES_COATINGS_AND_FILMS
PUB_007897,COMPUTATIONAL_THEORY_AND_MATHEMATICS
PUB_007898,AEROSPACE_ENGINEERING
PUB_007899,ELECTRICAL_AND_ELECTRONIC_ENGINEERING
PUB_007900,ATOMIC_AND_MOLECULAR_PHYSICS_AND_OPTICS
PUB_007901,AEROSPACE_ENGINEERING
PUB_007902,SOFTWARE
PUB_007903,CIVIL_AND_STRUCTURAL_ENGINEERING
PUB_007904,ELECTRICAL_AND_ELECTRONIC_ENGINEERING
PUB_007905,COMPUTATIONAL_MECHANICS
PUB_007906,ASTRONOMY_AND_ASTROPHYSICS
PUB_007907,MECHANICS_OF_MATERIALS
PUB_007908,ARTIFICIAL_INTELLIGENCE
PUB_007909,ARTIFICIAL_INTELLIGENCE
PUB_007910,COMPUTATIONAL_MECHANICS
PUB_007911,BIOMEDICAL_ENGINEERING
PUB_007912,COMPUTER_SCIENCE_APPLICATIONS
PUB_007913,BUILDING_AND_CONSTRUCTION
PUB_007914,MATHEMATICAL_PHYSICS
PUB_007915,ELECTRICAL_AND_ELECTRONIC_ENGINEERING
PUB_007916,CIVIL_AND_STRUCTURAL_ENGINEERING
PUB_007917,ELECTRICAL_AND_ELECTRONIC_ENGINEERING
PUB_007918,MATERIALS_CHEMISTRY
PUB_007919,COMPUTER_NETWORKS_AND_COMMUNICATIONS
PUB_007920,POLYMERS_AND_PLASTICS
PUB_007921,ELECTRONIC_OPTICAL_AND_MAGNETIC_MATERIALS
PUB_007922,COMPUTATIONAL_MECHANICS
PUB_007923,ELECTRICAL_AND_ELECTRONIC_ENGINEERING
PUB_007924,MECHANICAL_ENGINEERING
PUB_007925,MATERIALS_CHEMISTRY
PUB_007926,MATERIALS_CHEMISTRY
PUB_007927,ELECTRICAL_AND_ELECTRONIC_ENGINEERING
PUB_007928,COMPUTATIONAL_MECHANICS
PUB_007929,COMPUTER_NETWORKS_AND_COMMUNICATIONS
PUB_007930,COMPUTER_VISION_AND_PATTERN_RECOGNITION
PUB_007931,INFORMATION_SYSTEMS
PUB_007932,COMPUTATIONAL_THEORY_AND_MATHEMATICS
PUB_007933,HARDWARE_AND_ARCHITECTURE
PUB_007934,ELECTRONIC_OPTICAL_AND_MAGNETIC_MATERIALS
PUB_007935,MECHANICS_OF_MATERIALS
PUB_007936,CONDENSED_MATTER_PHYSICS
PUB_007937,ELECTRICAL_AND_ELECTRONIC_ENGINEERING
PUB_007938,ELECTRICAL_AND_ELECTRONIC_ENGINEERING
PUB_007939,GEOMETRY_AND_TOPOLOGY
PUB_007940,BIOMEDICAL_ENGINEERING
PUB_007941,BIOMEDICAL_ENGINEERING
PUB_007942,AEROSPACE_ENGINEERING
PUB_007943,ELECTRICAL_AND_ELECTRONIC_ENGINEERING
PUB_007944,COMPUTER_VISION_AND_PATTERN_RECOGNITION
PUB_007945,APPLIED_MATHEMATICS
PUB_007946,COMPUTER_NETWORKS_AND_COMMUNICATIONS
PUB_007947,CONTROL_AND_SYSTEMS_ENGINEERING
PUB_007948,CONTROL_AND_SYSTEMS_ENGINEERING
PUB_007949,MECHANICAL_ENGINEERING
PUB_007950,MATERIALS_CHEMISTRY
PUB_007951,MATERIALS_CHEMISTRY
PUB_007952,ELECTRONIC_OPTICAL_AND_MAGNETIC_MATERIALS
PUB_007953,ARTIFICIAL_INTELLIGENCE
PUB_007954,COMPUTATIONAL_THEORY_AND_MATHEMATICS
PUB_007955,ARTIFICIAL_INTELLIGENCE
PUB_007956,ASTRONOMY_AND_ASTROPHYSICS
PUB_007957,GEOMETRY_AND_TOPOLOGY
PUB_007958,MECHANICAL_ENGINEERING
PUB_007959,COMPUTER_NETWORKS_AND_COMMUNICATIONS
PUB_007960,ELECTRICAL_AND_ELECTRONIC_ENGINEERING
PUB_007961,COMPUTER_NETWORKS_AND_COMMUNICATIONS
PUB_007962,MATHEMATICAL_PHYSICS
PUB_007963,ATOMIC_AND_MOLECULAR_PHYSICS_AND_OPTICS
PUB_007964,ARTIFICIAL_INTELLIGENCE
PUB_007965,ELECTRICAL_AND_ELECTRONIC_ENGINEERING
PUB_007966,MATERIALS_CHEMISTRY
PUB_007967,ARTIFICIAL_INTELLIGENCE
PUB_007968,SOFTWARE
PUB_007969,MATERIALS_CHEMISTRY
PUB_007970,MECHANICAL_ENGINEERING
PUB_007971,COMPUTER_VISION_AND_PATTERN_RECOGNITION
PUB_007972,MEDIA_TECHNOLOGY
PUB_007973,BIOMEDICAL_ENGINEERING
PUB_007974,APPLIED_MATHEMATICS
PUB_007975,MECHANICAL_ENGINEERING
PUB_007976,ELECTRICAL_AND_ELECTRONIC_ENGINEERING
PUB_007977,MATERIALS_CHEMISTRY
PUB_007978,ELECTRICAL_AND_ELECTRONIC_ENGINEERING
PUB_007979,COMPUTATIONAL_THEORY_AND_MATHEMATICS
PUB_007980,ARTIFICIAL_INTELLIGENCE
PUB_007981,COMPUTER_VISION_AND_PATTERN_RECOGNITION
PUB_007982,BIOMEDICAL_ENGINEERING
PUB_007983,MECHANICAL_ENGINEERING
PUB_007984,ELECTRICAL_AND_ELECTRONIC_ENGINEERING
PUB_007985,ELECTRICAL_AND_ELECTRONIC_ENGINEERING
PUB_007986,AEROSPACE_ENGINEERING
PUB_007987,COMPUTATIONAL_MECHANICS
PUB_007988,ELECTRICAL_AND_ELECTRONIC_ENGINEERING
PUB_007989,ELECTRICAL_AND_ELECTRONIC_ENGINEERING
PUB_007990,CONDENSED_MATTER_PHYSICS
PUB_007991,CONDENSED_MATTER_PHYSICS
PUB_007992,ELECTRICAL_AND_ELECTRONIC_ENGINEERING
PUB_007993,POLYMERS_AND_PLASTICS
PUB_007994,ELECTRICAL_AND_ELECTRONIC_ENGINEERING
PUB_007995,CONDENSED_MATTER_PHYSICS
PUB_007996,POLYMERS_AND_PLASTICS
PUB_007997,ELECTRICAL_AND_ELECTRONIC_ENGINEERING
PUB_007998,ARTIFICIAL_INTELLIGENCE
PUB_007999,ELECTRICAL_AND_ELECTRONIC_ENGINEERING
PUB_008000,MECHANICAL_ENGINEERING
PUB_008001,POLYMERS_AND_PLASTICS
PUB_008002,MECHANICS_OF_MATERIALS
PUB_008003,COMPUTER_VISION_AND_PATTERN_RECOGNITION
PUB_008004,ARTIFICIAL_INTELLIGENCE
PUB_008005,INDUSTRIAL_AND_MANUFACTURING_ENGINEERING
PUB_008006,GENERAL_MATERIALS_SCIENCE
PUB_008007,COMPUTER_VISION_AND_PATTERN_RECOGNITION
PUB_008008,BIOMEDICAL_ENGINEERING
PUB_008009,MECHANICAL_ENGINEERING
PUB_008010,CONDENSED_MATTER_PHYSICS
PUB_008011,ELECTRICAL_AND_ELECTRONIC_ENGINEERING
PUB_008012,MECHANICAL_ENGINEERING
PUB_008013,ATOMIC_AND_MOLECULAR_PHYSICS_AND_OPTICS
PUB_008014,COMPUTATIONAL_THEORY_AND_MATHEMATICS
PUB_008015,AEROSPACE_ENGINEERING
PUB_008016,MODELING_AND_SIMULATION
PUB_008017,ELECTRICAL_AND_ELECTRONIC_ENGINEERING
PUB_008018,BIOMEDICAL_ENGINEERING
PUB_008019,MECHANICAL_ENGINEERING
PUB_008020,ELECTRICAL_AND_ELECTRONIC_ENGINEERING
PUB_008021,INDUSTRIAL_AND_MANUFACTURING_ENGINEERING
PUB_008022,ATOMIC_AND_MOLECULAR_PHYSICS_AND_OPTICS
PUB_008023,ATOMIC_AND_MOLECULAR_PHYSICS_AND_OPTICS
PUB_008024,STATISTICS_AND_PROBABILITY
PUB_008025,MECHANICAL_ENGINEERING
PUB_008026,ATOMIC_AND_MOLECULAR_PHYSICS_AND_OPTICS
PUB_008027,BIOMEDICAL_ENGINEERING
PUB_008028,MATERIALS_CHEMISTRY
PUB_008029,MATERIALS_CHEMISTRY
PUB_008030,COMPUTATIONAL_MECHANICS
PUB_008031,MEDIA_TECHNOLOGY
PUB_008032,MECHANICAL_ENGINEERING
PUB_008033,ARTIFICIAL_INTELLIGENCE
PUB_008034,MECHANICAL_ENGINEERING
PUB_008035,ELECTRICAL_AND_ELECTRONIC_ENGINEERING
PUB_008036,ELECTRICAL_AND_ELECTRONIC_ENGINEERING
PUB_008037,COMPUTER_GRAPHICS_AND_COMPUTERAIDED_DESIGN
PUB_008038,INFORMATION_SYSTEMS
PUB_008039,ASTRONOMY_AND_ASTROPHYSICS
PUB_008040,ASTRONOMY_AND_ASTROPHYSICS
PUB_008041,MECHANICAL_ENGINEERING
PUB_008042,MATHEMATICAL_PHYSICS
PUB_008043,COMPUTER_NETWORKS_AND_COMMUNICATIONS
PUB_008044,COMPUTATIONAL_THEORY_AND_MATHEMATICS
PUB_008045,MATHEMATICAL_PHYSICS
PUB_008046,APPLIED_MATHEMATICS
PUB_008047,GEOMETRY_AND_TOPOLOGY
PUB_008048,NUMERICAL_ANALYSIS
PUB_008049,APPLIED_MATHEMATICS
PUB_008050,COMPUTATIONAL_MECHANICS
PUB_008051,COMPUTATIONAL_MECHANICS
PUB_008052,ASTRONOMY_AND_ASTROPHYSICS
PUB_008053,ASTRONOMY_AND_ASTROPHYSICS
PUB_008054,CIVIL_AND_STRUCTURAL_ENGINEERING
PUB_008055,MECHANICAL_ENGINEERING
PUB_008056,COMPUTATIONAL_MECHANICS
PUB_008057,CIVIL_AND_STRUCTURAL_ENGINEERING
PUB_008058,COMPUTATIONAL_MECHANICS
PUB_008059,APPLIED_MATHEMATICS
PUB_008060,MECHANICS_OF_MATERIALS
PUB_008061,AEROSPACE_ENGINEERING
PUB_008062,COMPUTATIONAL_MECHANICS
PUB_008063,AEROSPACE_ENGINEERING
PUB_008064,AEROSPACE_ENGINEERING
PUB_008065,INDUSTRIAL_AND_MANUFACTURING_ENGINEERING
PUB_008066,AEROSPACE_ENGINEERING
PUB_008067,MODELING_AND_SIMULATION
PUB_008068,COMPUTATIONAL_MECHANICS
PUB_008069,MATERIALS_CHEMISTRY
PUB_008070,COMPUTATIONAL_MECHANICS
PUB_008071,COMPUTER_VISION_AND_PATTERN_RECOGNITION
PUB_008072,ELECTRICAL_AND_ELECTRONIC_ENGINEERING
PUB_008073,CIVIL_AND_STRUCTURAL_ENGINEERING
PUB_008074,ASTRONOMY_AND_ASTROPHYSICS
PUB_008075,AEROSPACE_ENGINEERING
PUB_008076,INFORMATION_SYSTEMS
PUB_008077,MEDIA_TECHNOLOGY
PUB_008078,COMPUTER_GRAPHICS_AND_COMPUTERAIDED_DESIGN
PUB_008079,CIVIL_AND_STRUCTURAL_ENGINEERING
PUB_008080,BUILDING_AND_CONSTRUCTION
PUB_008081,BIOMEDICAL_ENGINEERING
PUB_008082,BUILDING_AND_CONSTRUCTION
PUB_008083,BUILDING_AND_CONSTRUCTION
PUB_008084,BUILDING_AND_CONSTRUCTION
PUB_008085,HARDWARE_AND_ARCHITECTURE
PUB_008086,BUILDING_AND_CONSTRUCTION
PUB_008087,ATOMIC_AND_MOLECULAR_PHYSICS_AND_OPTICS
PUB_008088,ARTIFICIAL_INTELLIGENCE
PUB_008089,BUILDING_AND_CONSTRUCTION
PUB_008090,COMPUTER_NETWORKS_AND_COMMUNICATIONS
PUB_008091,ATOMIC_AND_MOLECULAR_PHYSICS_AND_OPTICS
PUB_008092,ELECTRICAL_AND_ELECTRONIC_ENGINEERING
PUB_008093,MECHANICAL_ENGINEERING
PUB_008094,AEROSPACE_ENGINEERING
PUB_008095,AEROSPACE_ENGINEERING
PUB_008096,BIOMEDICAL_ENGINEERING
PUB_008097,MECHANICAL_ENGINEERING
PUB_008098,MECHANICAL_ENGINEERING
PUB_008099,MECHANICAL_ENGINEERING
PUB_008100,MECHANICAL_ENGINEERING
PUB_008101,COMPUTER_NETWORKS_AND_COMMUNICATIONS
PUB_008102,ARTIFICIAL_INTELLIGENCE
PUB_008103,COMPUTATIONAL_MECHANICS
PUB_008104,COMPUTATIONAL_THEORY_AND_MATHEMATICS
PUB_008105,COMPUTATIONAL_MECHANICS
PUB_008106,AEROSPACE_ENGINEERING
PUB_008107,CIVIL_AND_STRUCTURAL_ENGINEERING
PUB_008108,APPLIED_MATHEMATICS
PUB_008109,MATHEMATICAL_PHYSICS
PUB_008110,SIGNAL_PROCESSING
PUB_008111,ELECTRICAL_AND_ELECTRONIC_ENGINEERING
PUB_008112,APPLIED_MATHEMATICS
PUB_008113,SIGNAL_PROCESSING
PUB_008114,STATISTICAL_AND_NONLINEAR_PHYSICS
PUB_008115,SURFACES_COATINGS_AND_FILMS
PUB_008116,ELECTRICAL_AND_ELECTRONIC_ENGINEERING
PUB_008117,GEOMETRY_AND_TOPOLOGY
PUB_008118,GEOMETRY_AND_TOPOLOGY
PUB_008119,MATHEMATICAL_PHYSICS
PUB_008120,ATOMIC_AND_MOLECULAR_PHYSICS_AND_OPTICS
PUB_008121,ATOMIC_AND_MOLECULAR_PHYSICS_AND_OPTICS
PUB_008122,GEOMETRY_AND_TOPOLOGY
PUB_008123,COMPUTATIONAL_THEORY_AND_MATHEMATICS
PUB_008124,GEOMETRY_AND_TOPOLOGY
PUB_008125,COMPUTATIONAL_THEORY_AND_MATHEMATICS
PUB_008126,COMPUTATIONAL_THEORY_AND_MATHEMATICS
PUB_008127,THEORETICAL_COMPUTER_SCIENCE
PUB_008128,ELECTRICAL_AND_ELECTRONIC_ENGINEERING
PUB_008129,ELECTRICAL_AND_ELECTRONIC_ENGINEERING
PUB_008130,THEORETICAL_COMPUTER_SCIENCE
PUB_008131,MATHEMATICAL_PHYSICS
PUB_008132,GEOMETRY_AND_TOPOLOGY
PUB_008133,THEORETICAL_COMPUTER_SCIENCE
PUB_008134,GEOMETRY_AND_TOPOLOGY
PUB_008135,CIVIL_AND_STRUCTURAL_ENGINEERING
PUB_008136,SIGNAL_PROCESSING
PUB_008137,MATHEMATICAL_PHYSICS
PUB_008138,COMPUTATIONAL_THEORY_AND_MATHEMATICS
PUB_008139,MATHEMATICAL_PHYSICS
PUB_008140,STATISTICAL_AND_NONLINEAR_PHYSICS
PUB_008141,GEOMETRY_AND_TOPOLOGY
PUB_008142,ARTIFICIAL_INTELLIGENCE
PUB_008143,ATOMIC_AND_MOLECULAR_PHYSICS_AND_OPTICS
PUB_008144,COMPUTATIONAL_THEORY_AND_MATHEMATICS
PUB_008145,CONTROL_AND_SYSTEMS_ENGINEERING
PUB_008146,ATOMIC_AND_MOLECULAR_PHYSICS_AND_OPTICS
PUB_008147,CONDENSED_MATTER_PHYSICS
PUB_008148,CONDENSED_MATTER_PHYSICS
PUB_008149,CONDENSED_MATTER_PHYSICS
PUB_008150,ELECTRICAL_AND_ELECTRONIC_ENGINEERING
PUB_008151,ELECTRICAL_AND_ELECTRONIC_ENGINEERING
PUB_008152,HARDWARE_AND_ARCHITECTURE
PUB_008153,BIOMEDICAL_ENGINEERING
PUB_008154,CIVIL_AND_STRUCTURAL_ENGINEERING
PUB_008155,MATERIALS_CHEMISTRY
PUB_008156,APPLIED_MATHEMATICS
PUB_008157,ELECTRICAL_AND_ELECTRONIC_ENGINEERING
PUB_008158,BIOMEDICAL_ENGINEERING
PUB_008159,ELECTRICAL_AND_ELECTRONIC_ENGINEERING
PUB_008160,SAFETY_RISK_RELIABILITY_AND_QUALITY
PUB_008161,ELECTRICAL_AND_ELECTRONIC_ENGINEERING
PUB_008162,MECHANICAL_ENGINEERING
PUB_008163,MECHANICAL_ENGINEERING
PUB_008164,ELECTRICAL_AND_ELECTRONIC_ENGINEERING
PUB_008165,AEROSPACE_ENGINEERING
PUB_008166,ELECTRICAL_AND_ELECTRONIC_ENGINEERING
PUB_008167,SURFACES_COATINGS_AND_FILMS
PUB_008168,AEROSPACE_ENGINEERING
PUB_008169,BIOMATERIALS
PUB_008170,ELECTRICAL_AND_ELECTRONIC_ENGINEERING
PUB_008171,MECHANICAL_ENGINEERING
PUB_008172,BIOMEDICAL_ENGINEERING
PUB_008173,ELECTRICAL_AND_ELECTRONIC_ENGINEERING
PUB_008174,ATOMIC_AND_MOLECULAR_PHYSICS_AND_OPTICS
PUB_008175,MATERIALS_CHEMISTRY
PUB_008176,ELECTRICAL_AND_ELECTRONIC_ENGINEERING
PUB_008177,ELECTRICAL_AND_ELECTRONIC_ENGINEERING
PUB_008178,MATERIALS_CHEMISTRY
PUB_008179,ELECTRONIC_OPTICAL_AND_MAGNETIC_MATERIALS
PUB_008180,BIOMEDICAL_ENGINEERING
PUB_008181,AEROSPACE_ENGINEERING
PUB_008182,ELECTRICAL_AND_ELECTRONIC_ENGINEERING
PUB_008183,ELECTRICAL_AND_ELECTRONIC_ENGINEERING
PUB_008184,COMPUTATIONAL_THEORY_AND_MATHEMATICS
PUB_008185,ELECTRICAL_AND_ELECTRONIC_ENGINEERING
PUB_008186,AEROSPACE_ENGINEERING
PUB_008187,MECHANICAL_ENGINEERING
PUB_008188,CONTROL_AND_SYSTEMS_ENGINEERING
PUB_008189,MATERIALS_CHEMISTRY
PUB_008190,MECHANICS_OF_MATERIALS
PUB_008191,INFORMATION_SYSTEMS
PUB_008192,ELECTRICAL_AND_ELECTRONIC_ENGINEERING
PUB_008193,COMPUTER_SCIENCE_APPLICATIONS
PUB_008194,ELECTRICAL_AND_ELECTRONIC_ENGINEERING
PUB_008195,ATOMIC_AND_MOLECULAR_PHYSICS_AND_OPTICS
PUB_008196,ELECTRICAL_AND_ELECTRONIC_ENGINEERING
PUB_008197,ASTRONOMY_AND_ASTROPHYSICS
PUB_008198,MECHANICS_OF_MATERIALS
PUB_008199,THEORETICAL_COMPUTER_SCIENCE
PUB_008200,ASTRONOMY_AND_ASTROPHYSICS
PUB_008201,AUTOMOTIVE_ENGINEERING
PUB_008202,SURFACES_COATINGS_AND_FILMS
PUB_008203,BIOMEDICAL_ENGINEERING
PUB_008204,CONDENSED_MATTER_PHYSICS
PUB_008205,ELECTRICAL_AND_ELECTRONIC_ENGINEERING
PUB_008206,MATHEMATICAL_PHYSICS
PUB_008207,APPLIED_MATHEMATICS
PUB_008208,ELECTRICAL_AND_ELECTRONIC_ENGINEERING
PUB_008209,COMPUTATIONAL_MECHANICS
PUB_008210,ATOMIC_AND_MOLECULAR_PHYSICS_AND_OPTICS
PUB_008211,CONDENSED_MATTER_PHYSICS
PUB_008212,ELECTRICAL_AND_ELECTRONIC_ENGINEERING
PUB_008213,INFORMATION_SYSTEMS
PUB_008214,BIOMEDICAL_ENGINEERING
PUB_008215,COMPUTER_VISION_AND_PATTERN_RECOGNITION
PUB_008216,COMPUTER_VISION_AND_PATTERN_RECOGNITION
PUB_008217,POLYMERS_AND_PLASTICS
PUB_008218,CIVIL_AND_STRUCTURAL_ENGINEERING
PUB_008219,OCEAN_ENGINEERING
PUB_008220,AEROSPACE_ENGINEERING
PUB_008221,COMPUTATIONAL_MECHANICS
PUB_008222,COMPUTATIONAL_MECHANICS
PUB_008223,MATERIALS_CHEMISTRY
PUB_008224,ARTIFICIAL_INTELLIGENCE
PUB_008225,COMPUTER_VISION_AND_PATTERN_RECOGNITION
PUB_008226,ATOMIC_AND_MOLECULAR_PHYSICS_AND_OPTICS
PUB_008227,CONTROL_AND_SYSTEMS_ENGINEERING
PUB_008228,ELECTRICAL_AND_ELECTRONIC_ENGINEERING
PUB_008229,MATERIALS_CHEMISTRY
PUB_008230,COMPUTATIONAL_MECHANICS
PUB_008231,MECHANICAL_ENGINEERING
PUB_008232,BIOMEDICAL_ENGINEERING
PUB_008233,MECHANICAL_ENGINEERING
PUB_008234,CONTROL_AND_SYSTEMS_ENGINEERING
PUB_008235,AEROSPACE_ENGINEERING
PUB_008236,ELECTRICAL_AND_ELECTRONIC_ENGINEERING
PUB_008237,COMPUTATIONAL_MECHANICS
PUB_008238,BUILDING_AND_CONSTRUCTION
PUB_008239,AEROSPACE_ENGINEERING
PUB_008240,CONTROL_AND_SYSTEMS_ENGINEERING
PUB_008241,CONTROL_AND_SYSTEMS_ENGINEERING
PUB_008242,ELECTRONIC_OPTICAL_AND_MAGNETIC_MATERIALS
PUB_008243,ELECTRICAL_AND_ELECTRONIC_ENGINEERING
PUB_008244,MECHANICS_OF_MATERIALS
PUB_008245,MATERIALS_CHEMISTRY
PUB_008246,ELECTRICAL_AND_ELECTRONIC_ENGINEERING
PUB_008247,AEROSPACE_ENGINEERING
PUB_008248,ARTIFICIAL_INTELLIGENCE
PUB_008249,MATERIALS_CHEMISTRY
PUB_008250,HUMANCOMPUTER_INTERACTION
PUB_008251,INDUSTRIAL_AND_MANUFACTURING_ENGINEERING
PUB_008252,ELECTRICAL_AND_ELECTRONIC_ENGINEERING
PUB_008253,MATERIALS_CHEMISTRY
PUB_008254,COMPUTATIONAL_MECHANICS
PUB_008255,COMPUTATIONAL_MECHANICS
PUB_008256,COMPUTATIONAL_MECHANICS
PUB_008257,ELECTRONIC_OPTICAL_AND_MAGNETIC_MATERIALS
PUB_008258,ELECTRICAL_AND_ELECTRONIC_ENGINEERING
PUB_008259,STATISTICAL_AND_NONLINEAR_PHYSICS
PUB_008260,RADIATION
PUB_008261,APPLIED_MATHEMATICS
PUB_008262,CIVIL_AND_STRUCTURAL_ENGINEERING
PUB_008263,MATERIALS_CHEMISTRY
PUB_008264,COMPUTER_NETWORKS_AND_COMMUNICATIONS
PUB_008265,ELECTRICAL_AND_ELECTRONIC_ENGINEERING
PUB_008266,COMPUTATIONAL_THEORY_AND_MATHEMATICS
PUB_008267,BIOMEDICAL_ENGINEERING
PUB_008268,STATISTICAL_AND_NONLINEAR_PHYSICS
PUB_008269,COMPUTATIONAL_MECHANICS
PUB_008270,MATERIALS_CHEMISTRY
PUB_008271,BIOMATERIALS
PUB_008272,CIVIL_AND_STRUCTURAL_ENGINEERING
PUB_008273,ELECTRICAL_AND_ELECTRONIC_ENGINEERING
PUB_008274,ARTIFICIAL_INTELLIGENCE
PUB_008275,MATERIALS_CHEMISTRY
PUB_008276,ARTIFICIAL_INTELLIGENCE
PUB_008277,ELECTRICAL_AND_ELECTRONIC_ENGINEERING
PUB_008278,APPLIED_MATHEMATICS
PUB_008279,MATERIALS_CHEMISTRY
PUB_008280,MATERIALS_CHEMISTRY
PUB_008281,COMPUTER_VISION_AND_PATTERN_RECOGNITION
PUB_008282,BIOMEDICAL_ENGINEERING
PUB_008283,ATOMIC_AND_MOLECULAR_PHYSICS_AND_OPTICS
PUB_008284,ARTIFICIAL_INTELLIGENCE
PUB_008285,BIOMEDICAL_ENGINEERING
PUB_008286,OCEAN_ENGINEERING
PUB_008287,BIOMEDICAL_ENGINEERING
PUB_008288,ATOMIC_AND_MOLECULAR_PHYSICS_AND_OPTICS
PUB_008289,ATOMIC_AND_MOLECULAR_PHYSICS_AND_OPTICS
PUB_008290,ELECTRICAL_AND_ELECTRONIC_ENGINEERING
PUB_008291,ARTIFICIAL_INTELLIGENCE
PUB_008292,ATOMIC_AND_MOLECULAR_PHYSICS_AND_OPTICS
PUB_008293,ARTIFICIAL_INTELLIGENCE
PUB_008294,MATERIALS_CHEMISTRY
PUB_008295,CONDENSED_MATTER_PHYSICS
PUB_008296,COMPUTER_NETWORKS_AND_COMMUNICATIONS
PUB_008297,GEOMETRY_AND_TOPOLOGY
PUB_008298,ELECTRICAL_AND_ELECTRONIC_ENGINEERING
PUB_008299,OCEAN_ENGINEERING
PUB_008300,CONDENSED_MATTER_PHYSICS
PUB_008301,MATHEMATICAL_PHYSICS
PUB_008302,BIOMEDICAL_ENGINEERING
PUB_008303,ATOMIC_AND_MOLECULAR_PHYSICS_AND_OPTICS
PUB_008304,SIGNAL_PROCESSING
PUB_008305,GEOMETRY_AND_TOPOLOGY
PUB_008306,INFORMATION_SYSTEMS
PUB_008307,ELECTRICAL_AND_ELECTRONIC_ENGINEERING
PUB_008308,MATERIALS_CHEMISTRY
PUB_008309,APPLIED_MATHEMATICS
PUB_008310,ELECTRICAL_AND_ELECTRONIC_ENGINEERING
PUB_008311,ARTIFICIAL_INTELLIGENCE
PUB_008312,BIOMEDICAL_ENGINEERING
PUB_008313,ATOMIC_AND_MOLECULAR_PHYSICS_AND_OPTICS
PUB_008314,ELECTRICAL_AND_ELECTRONIC_ENGINEERING
PUB_008315,MECHANICAL_ENGINEERING
PUB_008316,SAFETY_RISK_RELIABILITY_AND_QUALITY
PUB_008317,COMPUTER_VISION_AND_PATTERN_RECOGNITION
PUB_008318,ELECTRICAL_AND_ELECTRONIC_ENGINEERING
PUB_008319,ELECTRICAL_AND_ELECTRONIC_ENGINEERING
PUB_008320,COMPUTER_VISION_AND_PATTERN_RECOGNITION
PUB_008321,BIOMEDICAL_ENGINEERING
PUB_008322,BIOMEDICAL_ENGINEERING
PUB_008323,MEDIA_TECHNOLOGY
PUB_008324,ASTRONOMY_AND_ASTROPHYSICS
PUB_008325,ATOMIC_AND_MOLECULAR_PHYSICS_AND_OPTICS
PUB_008326,CONDENSED_MATTER_PHYSICS
PUB_008327,BIOMEDICAL_ENGINEERING
PUB_008328,CIVIL_AND_STRUCTURAL_ENGINEERING
PUB_008329,ELECTRICAL_AND_ELECTRONIC_ENGINEERING
PUB_008330,COMPUTATIONAL_MECHANICS
PUB_008331,ELECTRICAL_AND_ELECTRONIC_ENGINEERING
PUB_008332,MECHANICAL_ENGINEERING
PUB_008333,BIOMEDICAL_ENGINEERING
PUB_008334,CONTROL_AND_SYSTEMS_ENGINEERING
PUB_008335,COMPUTER_NETWORKS_AND_COMMUNICATIONS
PUB_008336,BIOMEDICAL_ENGINEERING
PUB_008337,OCEAN_ENGINEERING
PUB_008338,MATERIALS_CHEMISTRY
PUB_008339,ELECTRICAL_AND_ELECTRONIC_ENGINEERING
PUB_008340,COMPUTER_VISION_AND_PATTERN_RECOGNITION
PUB_008341,COMPUTATIONAL_MECHANICS
PUB_008342,COMPUTATIONAL_THEORY_AND_MATHEMATICS
PUB_008343,MATHEMATICAL_PHYSICS
PUB_008344,AEROSPACE_ENGINEERING
PUB_008345,AEROSPACE_ENGINEERING
PUB_008346,RADIATION
PUB_008347,COMPUTATIONAL_THEORY_AND_MATHEMATICS
PUB_008348,BIOMEDICAL_ENGINEERING
PUB_008349,COMPUTER_NETWORKS_AND_COMMUNICATIONS
PUB_008350,COMPUTER_VISION_AND_PATTERN_RECOGNITION
PUB_008351,MECHANICAL_ENGINEERING
PUB_008352,ATOMIC_AND_MOLECULAR_PHYSICS_AND_OPTICS
PUB_008353,ARTIFICIAL_INTELLIGENCE
PUB_008354,BIOMEDICAL_ENGINEERING
PUB_008355,COMPUTER_NETWORKS_AND_COMMUNICATIONS
PUB_008356,CONDENSED_MATTER_PHYSICS
PUB_008357,ATOMIC_AND_MOLECULAR_PHYSICS_AND_OPTICS
PUB_008358,APPLIED_MATHEMATICS
PUB_008359,DISCRETE_MATHEMATICS_AND_COMBINATORICS
PUB_008360,ELECTRICAL_AND_ELECTRONIC_ENGINEERING
PUB_008361,ELECTRICAL_AND_ELECTRONIC_ENGINEERING
PUB_008362,AEROSPACE_ENGINEERING
PUB_008363,ELECTRICAL_AND_ELECTRONIC_ENGINEERING
PUB_008364,MATERIALS_CHEMISTRY
PUB_008365,ARTIFICIAL_INTELLIGENCE
PUB_008366,ELECTRICAL_AND_ELECTRONIC_ENGINEERING
PUB_008367,ELECTRICAL_AND_ELECTRONIC_ENGINEERING
PUB_008368,AUTOMOTIVE_ENGINEERING
PUB_008369,CIVIL_AND_STRUCTURAL_ENGINEERING
PUB_008370,BIOMEDICAL_ENGINEERING
PUB_008371,COMPUTATIONAL_MECHANICS
PUB_008372,INFORMATION_SYSTEMS
PUB_008373,ELECTRICAL_AND_ELECTRONIC_ENGINEERING
PUB_008374,ELECTRICAL_AND_ELECTRONIC_ENGINEERING
PUB_008375,MATERIALS_CHEMISTRY
PUB_008376,ARTIFICIAL_INTELLIGENCE
PUB_008377,COMPUTATIONAL_THEORY_AND_MATHEMATICS
PUB_008378,ATOMIC_AND_MOLECULAR_PHYSICS_AND_OPTICS
PUB_008379,MECHANICS_OF_MATERIALS
PUB_008380,BIOMEDICAL_ENGINEERING
PUB_008381,ARTIFICIAL_INTELLIGENCE
PUB_008382,MECHANICAL_ENGINEERING
PUB_008383,MEDIA_TECHNOLOGY
PUB_008384,ELECTRICAL_AND_ELECTRONIC_ENGINEERING
PUB_008385,COMPUTER_VISION_AND_PATTERN_RECOGNITION
PUB_008386,COMPUTATIONAL_MECHANICS
PUB_008387,ARTIFICIAL_INTELLIGENCE
PUB_008388,MEDIA_TECHNOLOGY
PUB_008389,MATERIALS_CHEMISTRY
PUB_008390,COMPUTATIONAL_THEORY_AND_MATHEMATICS
PUB_008391,ARTIFICIAL_INTELLIGENCE
PUB_008392,ARTIFICIAL_INTELLIGENCE
PUB_008393,CIVIL_AND_STRUCTURAL_ENGINEERING
PUB_008394,COMPUTATIONAL_THEORY_AND_MATHEMATICS
PUB_008395,BIOMEDICAL_ENGINEERING
PUB_008396,ARTIFICIAL_INTELLIGENCE
PUB_008397,ELECTRICAL_AND_ELECTRONIC_ENGINEERING
PUB_008398,ARTIFICIAL_INTELLIGENCE
PUB_008399,ELECTRICAL_AND_ELECTRONIC_ENGINEERING
PUB_008400,COMPUTER_NETWORKS_AND_COMMUNICATIONS
PUB_008401,MEDIA_TECHNOLOGY
PUB_008402,ARTIFICIAL_INTELLIGENCE
PUB_008403,CIVIL_AND_STRUCTURAL_ENGINEERING
PUB_008404,MECHANICAL_ENGINEERING
PUB_008405,ARTIFICIAL_INTELLIGENCE
PUB_008406,ASTRONOMY_AND_ASTROPHYSICS
PUB_008407,HARDWARE_AND_ARCHITECTURE
PUB_008408,BIOMEDICAL_ENGINEERING
PUB_008409,HARDWARE_AND_ARCHITECTURE
PUB_008410,COMPUTATIONAL_MECHANICS
PUB_008411,ARTIFICIAL_INTELLIGENCE
PUB_008412,COMPUTATIONAL_THEORY_AND_MATHEMATICS
PUB_008413,COMPUTATIONAL_THEORY_AND_MATHEMATICS
PUB_008414,MATHEMATICAL_PHYSICS
PUB_008415,MATHEMATICAL_PHYSICS
PUB_008416,MATHEMATICAL_PHYSICS
PUB_008417,MATHEMATICAL_PHYSICS
PUB_008418,ELECTRICAL_AND_ELECTRONIC_ENGINEERING
PUB_008419,BIOMEDICAL_ENGINEERING
PUB_008420,CONTROL_AND_SYSTEMS_ENGINEERING
PUB_008421,BIOMEDICAL_ENGINEERING
PUB_008422,ELECTRICAL_AND_ELECTRONIC_ENGINEERING
PUB_008423,ARTIFICIAL_INTELLIGENCE
PUB_008424,ARTIFICIAL_INTELLIGENCE
PUB_008425,SIGNAL_PROCESSING
PUB_008426,CONTROL_AND_SYSTEMS_ENGINEERING
PUB_008427,MECHANICAL_ENGINEERING
PUB_008428,ASTRONOMY_AND_ASTROPHYSICS
PUB_008429,STATISTICAL_AND_NONLINEAR_PHYSICS
PUB_008430,ELECTRICAL_AND_ELECTRONIC_ENGINEERING
PUB_008431,BIOMEDICAL_ENGINEERING
PUB_008432,ARTIFICIAL_INTELLIGENCE
PUB_008433,ELECTRICAL_AND_ELECTRONIC_ENGINEERING
PUB_008434,BIOMEDICAL_ENGINEERING
PUB_008435,ELECTRICAL_AND_ELECTRONIC_ENGINEERING
PUB_008436,ELECTRICAL_AND_ELECTRONIC_ENGINEERING
PUB_008437,ELECTRICAL_AND_ELECTRONIC_ENGINEERING
PUB_008438,ELECTRICAL_AND_ELECTRONIC_ENGINEERING
PUB_008439,STATISTICAL_AND_NONLINEAR_PHYSICS
PUB_008440,STATISTICAL_AND_NONLINEAR_PHYSICS
PUB_008441,ASTRONOMY_AND_ASTROPHYSICS
PUB_008442,CONDENSED_MATTER_PHYSICS
PUB_008443,COMPUTER_NETWORKS_AND_COMMUNICATIONS
PUB_008444,ATOMIC_AND_MOLECULAR_PHYSICS_AND_OPTICS
PUB_008445,AEROSPACE_ENGINEERING
PUB_008446,ELECTRICAL_AND_ELECTRONIC_ENGINEERING
PUB_008447,BIOMEDICAL_ENGINEERING
PUB_008448,COMPUTER_VISION_AND_PATTERN_RECOGNITION
PUB_008449,STATISTICAL_AND_NONLINEAR_PHYSICS
PUB_008450,ELECTRICAL_AND_ELECTRONIC_ENGINEERING
PUB_008451,ELECTRICAL_AND_ELECTRONIC_ENGINEERING
PUB_008452,ELECTRICAL_AND_ELECTRONIC_ENGINEERING
PUB_008453,ELECTRICAL_AND_ELECTRONIC_ENGINEERING
PUB_008454,ELECTRICAL_AND_ELECTRONIC_ENGINEERING
PUB_008455,ELECTRICAL_AND_ELECTRONIC_ENGINEERING
PUB_008456,ELECTRICAL_AND_ELECTRONIC_ENGINEERING
PUB_008457,ELECTRICAL_AND_ELECTRONIC_ENGINEERING
PUB_008458,ELECTRONIC_OPTICAL_AND_MAGNETIC_MATERIALS
PUB_008459,MATERIALS_CHEMISTRY
PUB_008460,MATERIALS_CHEMISTRY
PUB_008461,ELECTRICAL_AND_ELECTRONIC_ENGINEERING
PUB_008462,ELECTRICAL_AND_ELECTRONIC_ENGINEERING
PUB_008463,ELECTRICAL_AND_ELECTRONIC_ENGINEERING
PUB_008464,ELECTRICAL_AND_ELECTRONIC_ENGINEERING
PUB_008465,ELECTRICAL_AND_ELECTRONIC_ENGINEERING
PUB_008466,ATOMIC_AND_MOLECULAR_PHYSICS_AND_OPTICS
PUB_008467,ELECTRICAL_AND_ELECTRONIC_ENGINEERING
PUB_008468,CONDENSED_MATTER_PHYSICS
PUB_008469,BIOMEDICAL_ENGINEERING
PUB_008470,ELECTRICAL_AND_ELECTRONIC_ENGINEERING
PUB_008471,MATERIALS_CHEMISTRY
PUB_008472,ELECTRICAL_AND_ELECTRONIC_ENGINEERING
PUB_008473,ELECTRICAL_AND_ELECTRONIC_ENGINEERING
PUB_008474,ELECTRONIC_OPTICAL_AND_MAGNETIC_MATERIALS
PUB_008475,MATERIALS_CHEMISTRY
PUB_008476,MATERIALS_CHEMISTRY
PUB_008477,BIOMEDICAL_ENGINEERING
PUB_008478,ELECTRONIC_OPTICAL_AND_MAGNETIC_MATERIALS
PUB_008479,BIOMEDICAL_ENGINEERING
PUB_008480,ELECTRICAL_AND_ELECTRONIC_ENGINEERING
PUB_008481,BIOMEDICAL_ENGINEERING
PUB_008482,MATERIALS_CHEMISTRY
PUB_008483,ELECTRICAL_AND_ELECTRONIC_ENGINEERING
PUB_008484,ELECTRICAL_AND_ELECTRONIC_ENGINEERING
PUB_008485,ELECTRICAL_AND_ELECTRONIC_ENGINEERING
PUB_008486,ELECTRICAL_AND_ELECTRONIC_ENGINEERING
PUB_008487,ELECTRICAL_AND_ELECTRONIC_ENGINEERING
PUB_008488,SIGNAL_PROCESSING
PUB_008489,ELECTRICAL_AND_ELECTRONIC_ENGINEERING
PUB_008490,ACOUSTICS_AND_ULTRASONICS
PUB_008491,ELECTRICAL_AND_ELECTRONIC_ENGINEERING
PUB_008492,ELECTRICAL_AND_ELECTRONIC_ENGINEERING
PUB_008493,SURFACES_COATINGS_AND_FILMS
PUB_008494,ELECTRICAL_AND_ELECTRONIC_ENGINEERING
PUB_008495,ELECTRICAL_AND_ELECTRONIC_ENGINEERING
PUB_008496,ARTIFICIAL_INTELLIGENCE
PUB_008497,SURFACES_COATINGS_AND_FILMS
PUB_008498,ATOMIC_AND_MOLECULAR_PHYSICS_AND_OPTICS
PUB_008499,ARTIFICIAL_INTELLIGENCE
PUB_008500,ATOMIC_AND_MOLECULAR_PHYSICS_AND_OPTICS
PUB_008501,ATOMIC_AND_MOLECULAR_PHYSICS_AND_OPTICS
PUB_008502,ASTRONOMY_AND_ASTROPHYSICS
PUB_008503,ELECTRONIC_OPTICAL_AND_MAGNETIC_MATERIALS
PUB_008504,ARTIFICIAL_INTELLIGENCE
PUB_008505,ELECTRICAL_AND_ELECTRONIC_ENGINEERING
PUB_008506,ELECTRICAL_AND_ELECTRONIC_ENGINEERING
PUB_008507,ATOMIC_AND_MOLECULAR_PHYSICS_AND_OPTICS
PUB_008508,ELECTRICAL_AND_ELECTRONIC_ENGINEERING
PUB_008509,ELECTRICAL_AND_ELECTRONIC_ENGINEERING
PUB_008510,ELECTRICAL_AND_ELECTRONIC_ENGINEERING
PUB_008511,ACOUSTICS_AND_ULTRASONICS
PUB_008512,SURFACES_COATINGS_AND_FILMS
PUB_008513,ELECTRICAL_AND_ELECTRONIC_ENGINEERING
PUB_008514,CIVIL_AND_STRUCTURAL_ENGINEERING
PUB_008515,CIVIL_AND_STRUCTURAL_ENGINEERING
PUB_008516,MECHANICS_OF_MATERIALS
PUB_008517,ELECTRICAL_AND_ELECTRONIC_ENGINEERING
PUB_008518,COMPUTER_NETWORKS_AND_COMMUNICATIONS
PUB_008519,ARTIFICIAL_INTELLIGENCE
PUB_008520,MECHANICS_OF_MATERIALS
PUB_008521,MECHANICS_OF_MATERIALS
PUB_008522,MECHANICS_OF_MATERIALS
PUB_008523,AEROSPACE_ENGINEERING
PUB_008524,COMPUTATIONAL_THEORY_AND_MATHEMATICS
PUB_008525,ARTIFICIAL_INTELLIGENCE
PUB_008526,ASTRONOMY_AND_ASTROPHYSICS
PUB_008527,INFORMATION_SYSTEMS
PUB_008528,CIVIL_AND_STRUCTURAL_ENGINEERING
PUB_008529,ELECTRICAL_AND_ELECTRONIC_ENGINEERING
PUB_008530,ELECTRICAL_AND_ELECTRONIC_ENGINEERING
PUB_008531,MATERIALS_CHEMISTRY
PUB_008532,MODELING_AND_SIMULATION
PUB_008533,ATOMIC_AND_MOLECULAR_PHYSICS_AND_OPTICS
PUB_008534,ATOMIC_AND_MOLECULAR_PHYSICS_AND_OPTICS
PUB_008535,ATOMIC_AND_MOLECULAR_PHYSICS_AND_OPTICS
PUB_008536,ELECTRICAL_AND_ELECTRONIC_ENGINEERING
PUB_008537,ELECTRICAL_AND_ELECTRONIC_ENGINEERING
PUB_008538,MATERIALS_CHEMISTRY
PUB_008539,INDUSTRIAL_AND_MANUFACTURING_ENGINEERING
PUB_008540,ELECTRICAL_AND_ELECTRONIC_ENGINEERING
PUB_008541,ELECTRICAL_AND_ELECTRONIC_ENGINEERING
PUB_008542,ASTRONOMY_AND_ASTROPHYSICS
PUB_008543,MATERIALS_CHEMISTRY
PUB_008544,MATERIALS_CHEMISTRY
PUB_008545,MECHANICAL_ENGINEERING
PUB_008546,ELECTRONIC_OPTICAL_AND_MAGNETIC_MATERIALS
PUB_008547,BIOMEDICAL_ENGINEERING
PUB_008548,COMPUTER_NETWORKS_AND_COMMUNICATIONS
PUB_008549,AUTOMOTIVE_ENGINEERING
PUB_008550,ATOMIC_AND_MOLECULAR_PHYSICS_AND_OPTICS
PUB_008551,ELECTRICAL_AND_ELECTRONIC_ENGINEERING
PUB_008552,ELECTRICAL_AND_ELECTRONIC_ENGINEERING
PUB_008553,COMPUTATIONAL_THEORY_AND_MATHEMATICS
PUB_008554,MECHANICAL_ENGINEERING
PUB_008555,BIOMEDICAL_ENGINEERING
PUB_008556,ASTRONOMY_AND_ASTROPHYSICS
PUB_008557,MECHANICAL_ENGINEERING
PUB_008558,MATERIALS_CHEMISTRY
PUB_008559,ELECTRONIC_OPTICAL_AND_MAGNETIC_MATERIALS
PUB_008560,ATOMIC_AND_MOLECULAR_PHYSICS_AND_OPTICS
PUB_008561,BIOMATERIALS
PUB_008562,MECHANICAL_ENGINEERING
PUB_008563,CONDENSED_MATTER_PHYSICS
PUB_008564,MATERIALS_CHEMISTRY
PUB_008565,MECHANICAL_ENGINEERING
PUB_008566,ASTRONOMY_AND_ASTROPHYSICS
PUB_008567,ARTIFICIAL_INTELLIGENCE
PUB_008568,ASTRONOMY_AND_ASTROPHYSICS
PUB_008569,MATERIALS_CHEMISTRY
PUB_008570,ELECTRICAL_AND_ELECTRONIC_ENGINEERING
PUB_008571,AEROSPACE_ENGINEERING
PUB_008572,CIVIL_AND_STRUCTURAL_ENGINEERING
PUB_008573,MATERIALS_CHEMISTRY
PUB_008574,CIVIL_AND_STRUCTURAL_ENGINEERING
PUB_008575,MATERIALS_CHEMISTRY
PUB_008576,MATERIALS_CHEMISTRY
PUB_008577,MECHANICAL_ENGINEERING
PUB_008578,MECHANICAL_ENGINEERING
PUB_008579,ELECTRICAL_AND_ELECTRONIC_ENGINEERING
PUB_008580,ARTIFICIAL_INTELLIGENCE
PUB_008581,ASTRONOMY_AND_ASTROPHYSICS
PUB_008582,MECHANICS_OF_MATERIALS
PUB_008583,ELECTRONIC_OPTICAL_AND_MAGNETIC_MATERIALS
PUB_008584,MECHANICAL_ENGINEERING
PUB_008585,MATERIALS_CHEMISTRY
PUB_008586,ELECTRONIC_OPTICAL_AND_MAGNETIC_MATERIALS
PUB_008587,MATERIALS_CHEMISTRY
PUB_008588,CIVIL_AND_STRUCTURAL_ENGINEERING
PUB_008589,ELECTRICAL_AND_ELECTRONIC_ENGINEERING
PUB_008590,POLYMERS_AND_PLASTICS
PUB_008591,ELECTRONIC_OPTICAL_AND_MAGNETIC_MATERIALS
PUB_008592,COMPUTER_VISION_AND_PATTERN_RECOGNITION
PUB_008593,BUILDING_AND_CONSTRUCTION
PUB_008594,POLYMERS_AND_PLASTICS
PUB_008595,MECHANICAL_ENGINEERING
PUB_008596,ASTRONOMY_AND_ASTROPHYSICS
PUB_008597,MECHANICAL_ENGINEERING
PUB_008598,ELECTRICAL_AND_ELECTRONIC_ENGINEERING
PUB_008599,BIOMEDICAL_ENGINEERING
PUB_008600,BIOMATERIALS
PUB_008601,BIOMEDICAL_ENGINEERING
PUB_008602,BIOMEDICAL_ENGINEERING
PUB_008603,ELECTRICAL_AND_ELECTRONIC_ENGINEERING
PUB_008604,ELECTRONIC_OPTICAL_AND_MAGNETIC_MATERIALS
PUB_008605,ELECTRONIC_OPTICAL_AND_MAGNETIC_MATERIALS
PUB_008606,BIOMEDICAL_ENGINEERING
PUB_008607,BIOMEDICAL_ENGINEERING
PUB_008608,POLYMERS_AND_PLASTICS
PUB_008609,MATERIALS_CHEMISTRY
PUB_008610,BIOMEDICAL_ENGINEERING
PUB_008611,ELECTRICAL_AND_ELECTRONIC_ENGINEERING
PUB_008612,POLYMERS_AND_PLASTICS
PUB_008613,INDUSTRIAL_AND_MANUFACTURING_ENGINEERING
PUB_008614,ARTIFICIAL_INTELLIGENCE
PUB_008615,ELECTRICAL_AND_ELECTRONIC_ENGINEERING
PUB_008616,MATERIALS_CHEMISTRY
PUB_008617,MATERIALS_CHEMISTRY
PUB_008618,BIOMEDICAL_ENGINEERING
PUB_008619,MATERIALS_CHEMISTRY
PUB_008620,COMPUTER_VISION_AND_PATTERN_RECOGNITION
PUB_008621,MATERIALS_CHEMISTRY
PUB_008622,ELECTRONIC_OPTICAL_AND_MAGNETIC_MATERIALS
PUB_008623,BIOMEDICAL_ENGINEERING
PUB_008624,ELECTRONIC_OPTICAL_AND_MAGNETIC_MATERIALS
PUB_008625,ATOMIC_AND_MOLECULAR_PHYSICS_AND_OPTICS
PUB_008626,MATERIALS_CHEMISTRY
PUB_008627,ELECTRICAL_AND_ELECTRONIC_ENGINEERING
PUB_008628,ELECTRONIC_OPTICAL_AND_MAGNETIC_MATERIALS
PUB_008629,BIOMEDICAL_ENGINEERING
PUB_008630,ELECTRONIC_OPTICAL_AND_MAGNETIC_MATERIALS
PUB_008631,MATERIALS_CHEMISTRY
PUB_008632,MATERIALS_CHEMISTRY
PUB_008633,MATERIALS_CHEMISTRY
PUB_008634,MATERIALS_CHEMISTRY
PUB_008635,ELECTRONIC_OPTICAL_AND_MAGNETIC_MATERIALS
PUB_008636,MATERIALS_CHEMISTRY
PUB_008637,BIOMEDICAL_ENGINEERING
PUB_008638,BIOMATERIALS
PUB_008639,ELECTRICAL_AND_ELECTRONIC_ENGINEERING
PUB_008640,ELECTRICAL_AND_ELECTRONIC_ENGINEERING
PUB_008641,ELECTRICAL_AND_ELECTRONIC_ENGINEERING
PUB_008642,ELECTRICAL_AND_ELECTRONIC_ENGINEERING
PUB_008643,MATERIALS_CHEMISTRY
PUB_008644,ELECTRICAL_AND_ELECTRONIC_ENGINEERING
PUB_008645,MECHANICAL_ENGINEERING
PUB_008646,ELECTRICAL_AND_ELECTRONIC_ENGINEERING
PUB_008647,MATERIALS_CHEMISTRY
PUB_008648,AUTOMOTIVE_ENGINEERING
PUB_008649,BIOMEDICAL_ENGINEERING
PUB_008650,BIOMEDICAL_ENGINEERING
PUB_008651,BIOMATERIALS
PUB_008652,MATERIALS_CHEMISTRY
PUB_008653,ELECTRONIC_OPTICAL_AND_MAGNETIC_MATERIALS
PUB_008654,ARTIFICIAL_INTELLIGENCE
PUB_008655,ELECTRONIC_OPTICAL_AND_MAGNETIC_MATERIALS
PUB_008656,MATERIALS_CHEMISTRY
PUB_008657,ATOMIC_AND_MOLECULAR_PHYSICS_AND_OPTICS
PUB_008658,CONTROL_AND_SYSTEMS_ENGINEERING
PUB_008659,MECHANICAL_ENGINEERING
PUB_008660,BIOMATERIALS
PUB_008661,COMPUTER_VISION_AND_PATTERN_RECOGNITION
PUB_008662,MATERIALS_CHEMISTRY
PUB_008663,MECHANICAL_ENGINEERING
PUB_008664,COMPUTER_VISION_AND_PATTERN_RECOGNITION
PUB_008665,BIOMEDICAL_ENGINEERING
PUB_008666,CIVIL_AND_STRUCTURAL_ENGINEERING
PUB_008667,ELECTRICAL_AND_ELECTRONIC_ENGINEERING
PUB_008668,ELECTRICAL_AND_ELECTRONIC_ENGINEERING
PUB_008669,ELECTRONIC_OPTICAL_AND_MAGNETIC_MATERIALS
PUB_008670,ELECTRICAL_AND_ELECTRONIC_ENGINEERING
PUB_008671,ELECTRICAL_AND_ELECTRONIC_ENGINEERING
PUB_008672,BIOMEDICAL_ENGINEERING
PUB_008673,MATERIALS_CHEMISTRY
PUB_008674,COMPUTATIONAL_MECHANICS
PUB_008675,MECHANICAL_ENGINEERING
PUB_008676,MATERIALS_CHEMISTRY
PUB_008677,ELECTRICAL_AND_ELECTRONIC_ENGINEERING
PUB_008678,BIOMEDICAL_ENGINEERING
PUB_008679,CIVIL_AND_STRUCTURAL_ENGINEERING
PUB_008680,MATERIALS_CHEMISTRY
PUB_008681,MATERIALS_CHEMISTRY
PUB_008682,CONDENSED_MATTER_PHYSICS
PUB_008683,CIVIL_AND_STRUCTURAL_ENGINEERING
PUB_008684,AUTOMOTIVE_ENGINEERING
PUB_008685,BIOMEDICAL_ENGINEERING
PUB_008686,MECHANICAL_ENGINEERING
PUB_008687,MATERIALS_CHEMISTRY
PUB_008688,COMPUTATIONAL_MECHANICS
PUB_008689,COMPUTATIONAL_MECHANICS
PUB_008690,BIOMEDICAL_ENGINEERING
PUB_008691,CERAMICS_AND_COMPOSITES
PUB_008692,MATERIALS_CHEMISTRY
PUB_008693,ELECTRONIC_OPTICAL_AND_MAGNETIC_MATERIALS
PUB_008694,MATERIALS_CHEMISTRY
PUB_008695,MECHANICAL_ENGINEERING
PUB_008696,MATERIALS_CHEMISTRY
PUB_008697,ELECTRICAL_AND_ELECTRONIC_ENGINEERING
PUB_008698,ELECTRONIC_OPTICAL_AND_MAGNETIC_MATERIALS
PUB_008699,CIVIL_AND_STRUCTURAL_ENGINEERING
PUB_008700,MECHANICAL_ENGINEERING
PUB_008701,MATERIALS_CHEMISTRY
PUB_008702,ELECTRICAL_AND_ELECTRONIC_ENGINEERING
PUB_008703,MATERIALS_CHEMISTRY
PUB_008704,ARTIFICIAL_INTELLIGENCE
PUB_008705,MATERIALS_CHEMISTRY
PUB_008706,ELECTRICAL_AND_ELECTRONIC_ENGINEERING
PUB_008707,ELECTRONIC_OPTICAL_AND_MAGNETIC_MATERIALS
PUB_008708,ARTIFICIAL_INTELLIGENCE
PUB_008709,ARTIFICIAL_INTELLIGENCE
PUB_008710,CIVIL_AND_STRUCTURAL_ENGINEERING
PUB_008711,CIVIL_AND_STRUCTURAL_ENGINEERING
PUB_008712,ELECTRONIC_OPTICAL_AND_MAGNETIC_MATERIALS
PUB_008713,MECHANICAL_ENGINEERING
PUB_008714,ELECTRICAL_AND_ELECTRONIC_ENGINEERING
PUB_008715,MECHANICAL_ENGINEERING
PUB_008716,CIVIL_AND_STRUCTURAL_ENGINEERING
PUB_008717,ELECTRONIC_OPTICAL_AND_MAGNETIC_MATERIALS
PUB_008718,MECHANICAL_ENGINEERING
PUB_008719,BIOMEDICAL_ENGINEERING
PUB_008720,STATISTICAL_AND_NONLINEAR_PHYSICS
PUB_008721,ASTRONOMY_AND_ASTROPHYSICS
PUB_008722,MATERIALS_CHEMISTRY
PUB_008723,ATOMIC_AND_MOLECULAR_PHYSICS_AND_OPTICS
PUB_008724,CONDENSED_MATTER_PHYSICS
PUB_008725,COMPUTER_VISION_AND_PATTERN_RECOGNITION
PUB_008726,ELECTRICAL_AND_ELECTRONIC_ENGINEERING
PUB_008727,BIOMEDICAL_ENGINEERING
PUB_008728,ASTRONOMY_AND_ASTROPHYSICS
PUB_008729,BIOMATERIALS
PUB_008730,ELECTRICAL_AND_ELECTRONIC_ENGINEERING
PUB_008731,COMPUTATIONAL_THEORY_AND_MATHEMATICS
PUB_008732,MECHANICAL_ENGINEERING
PUB_008733,ASTRONOMY_AND_ASTROPHYSICS
PUB_008734,ARTIFICIAL_INTELLIGENCE
PUB_008735,BIOMEDICAL_ENGINEERING
PUB_008736,MATERIALS_CHEMISTRY
PUB_008737,ELECTRICAL_AND_ELECTRONIC_ENGINEERING
PUB_008738,ATOMIC_AND_MOLECULAR_PHYSICS_AND_OPTICS
PUB_008739,MECHANICAL_ENGINEERING
PUB_008740,ASTRONOMY_AND_ASTROPHYSICS
PUB_008741,APPLIED_MATHEMATICS
PUB_008742,ASTRONOMY_AND_ASTROPHYSICS
PUB_008743,MATERIALS_CHEMISTRY
PUB_008744,MATERIALS_CHEMISTRY
PUB_008745,HUMANCOMPUTER_INTERACTION
PUB_008746,MATERIALS_CHEMISTRY
PUB_008747,AUTOMOTIVE_ENGINEERING
PUB_008748,MATERIALS_CHEMISTRY
PUB_008749,ELECTRICAL_AND_ELECTRONIC_ENGINEERING
PUB_008750,MATERIALS_CHEMISTRY
PUB_008751,MECHANICAL_ENGINEERING
PUB_008752,MATERIALS_CHEMISTRY
PUB_008753,COMPUTER_NETWORKS_AND_COMMUNICATIONS
PUB_008754,BIOMATERIALS
PUB_008755,ELECTRONIC_OPTICAL_AND_MAGNETIC_MATERIALS
PUB_008756,ELECTRICAL_AND_ELECTRONIC_ENGINEERING
PUB_008757,MECHANICS_OF_MATERIALS
PUB_008758,BIOMEDICAL_ENGINEERING
PUB_008759,MATERIALS_CHEMISTRY
PUB_008760,BIOMATERIALS
PUB_008761,MATERIALS_CHEMISTRY
PUB_008762,MATERIALS_CHEMISTRY
PUB_008763,ATOMIC_AND_MOLECULAR_PHYSICS_AND_OPTICS
PUB_008764,ELECTRICAL_AND_ELECTRONIC_ENGINEERING
PUB_008765,MATERIALS_CHEMISTRY
PUB_008766,ELECTRONIC_OPTICAL_AND_MAGNETIC_MATERIALS
PUB_008767,ELECTRICAL_AND_ELECTRONIC_ENGINEERING
PUB_008768,MECHANICAL_ENGINEERING
PUB_008769,METALS_AND_ALLOYS
PUB_008770,MATERIALS_CHEMISTRY
PUB_008771,ELECTRICAL_AND_ELECTRONIC_ENGINEERING
PUB_008772,ELECTRICAL_AND_ELECTRONIC_ENGINEERING
PUB_008773,MATERIALS_CHEMISTRY
PUB_008774,BIOMEDICAL_ENGINEERING
PUB_008775,BIOMEDICAL_ENGINEERING
PUB_008776,MATERIALS_CHEMISTRY
PUB_008777,MATERIALS_CHEMISTRY
PUB_008778,COMPUTER_NETWORKS_AND_COMMUNICATIONS
PUB_008779,CONTROL_AND_SYSTEMS_ENGINEERING
PUB_008780,MATERIALS_CHEMISTRY
PUB_008781,MECHANICAL_ENGINEERING
PUB_008782,ARTIFICIAL_INTELLIGENCE
PUB_008783,MATERIALS_CHEMISTRY
PUB_008784,COMPUTATIONAL_MECHANICS
PUB_008785,MECHANICAL_ENGINEERING
PUB_008786,ATOMIC_AND_MOLECULAR_PHYSICS_AND_OPTICS
PUB_008787,MECHANICS_OF_MATERIALS
PUB_008788,POLYMERS_AND_PLASTICS
PUB_008789,CONDENSED_MATTER_PHYSICS
PUB_008790,AEROSPACE_ENGINEERING
PUB_008791,MATERIALS_CHEMISTRY
PUB_008792,CIVIL_AND_STRUCTURAL_ENGINEERING
PUB_008793,ATOMIC_AND_MOLECULAR_PHYSICS_AND_OPTICS
PUB_008794,ELECTRONIC_OPTICAL_AND_MAGNETIC_MATERIALS
PUB_008795,ELECTRICAL_AND_ELECTRONIC_ENGINEERING
PUB_008796,MECHANICAL_ENGINEERING
PUB_008797,MATERIALS_CHEMISTRY
PUB_008798,MECHANICAL_ENGINEERING
PUB_008799,ELECTRICAL_AND_ELECTRONIC_ENGINEERING
PUB_008800,MECHANICAL_ENGINEERING
PUB_008801,MATERIALS_CHEMISTRY
PUB_008802,POLYMERS_AND_PLASTICS
PUB_008803,ELECTRICAL_AND_ELECTRONIC_ENGINEERING
PUB_008804,AUTOMOTIVE_ENGINEERING
PUB_008805,BUILDING_AND_CONSTRUCTION
PUB_008806,ELECTRONIC_OPTICAL_AND_MAGNETIC_MATERIALS
PUB_008807,COMPUTATIONAL_MECHANICS
PUB_008808,COMPUTER_VISION_AND_PATTERN_RECOGNITION
PUB_008809,MECHANICAL_ENGINEERING
PUB_008810,MATERIALS_CHEMISTRY
PUB_008811,ARTIFICIAL_INTELLIGENCE
PUB_008812,MATERIALS_CHEMISTRY
PUB_008813,POLYMERS_AND_PLASTICS
PUB_008814,ELECTRONIC_OPTICAL_AND_MAGNETIC_MATERIALS
PUB_008815,AEROSPACE_ENGINEERING
PUB_008816,ELECTRONIC_OPTICAL_AND_MAGNETIC_MATERIALS
PUB_008817,ELECTRICAL_AND_ELECTRONIC_ENGINEERING
PUB_008818,ARTIFICIAL_INTELLIGENCE
PUB_008819,MATERIALS_CHEMISTRY
PUB_008820,ELECTRICAL_AND_ELECTRONIC_ENGINEERING
PUB_008821,MATERIALS_CHEMISTRY
PUB_008822,MECHANICS_OF_MATERIALS
PUB_008823,BIOMATERIALS
PUB_008824,MATERIALS_CHEMISTRY
PUB_008825,MATERIALS_CHEMISTRY
PUB_008826,INFORMATION_SYSTEMS
PUB_008827,MECHANICAL_ENGINEERING
PUB_008828,BIOMEDICAL_ENGINEERING
PUB_008829,MECHANICS_OF_MATERIALS
PUB_008830,ASTRONOMY_AND_ASTROPHYSICS
PUB_008831,CONDENSED_MATTER_PHYSICS
PUB_008832,MECHANICS_OF_MATERIALS
PUB_008833,ATOMIC_AND_MOLECULAR_PHYSICS_AND_OPTICS
PUB_008834,COMPUTATIONAL_MECHANICS
PUB_008835,ELECTRICAL_AND_ELECTRONIC_ENGINEERING
PUB_008836,MATERIALS_CHEMISTRY
PUB_008837,COMPUTER_VISION_AND_PATTERN_RECOGNITION
PUB_008838,ELECTRONIC_OPTICAL_AND_MAGNETIC_MATERIALS
PUB_008839,ATOMIC_AND_MOLECULAR_PHYSICS_AND_OPTICS
PUB_008840,MATERIALS_CHEMISTRY
PUB_008841,POLYMERS_AND_PLASTICS
PUB_008842,ELECTRICAL_AND_ELECTRONIC_ENGINEERING
PUB_008843,MATERIALS_CHEMISTRY
PUB_008844,ELECTRICAL_AND_ELECTRONIC_ENGINEERING
PUB_008845,CONTROL_AND_SYSTEMS_ENGINEERING
PUB_008846,MODELING_AND_SIMULATION
PUB_008847,ATOMIC_AND_MOLECULAR_PHYSICS_AND_OPTICS
PUB_008848,MATERIALS_CHEMISTRY
PUB_008849,APPLIED_MATHEMATICS
PUB_008850,ATOMIC_AND_MOLECULAR_PHYSICS_AND_OPTICS
PUB_008851,BIOMEDICAL_ENGINEERING
PUB_008852,ELECTRICAL_AND_ELECTRONIC_ENGINEERING
PUB_008853,COMPUTER_VISION_AND_PATTERN_RECOGNITION
PUB_008854,MATERIALS_CHEMISTRY
PUB_008855,CIVIL_AND_STRUCTURAL_ENGINEERING
PUB_008856,MATERIALS_CHEMISTRY
PUB_008857,MATERIALS_CHEMISTRY
PUB_008858,MECHANICS_OF_MATERIALS
PUB_008859,AEROSPACE_ENGINEERING
PUB_008860,INFORMATION_SYSTEMS
PUB_008861,ELECTRICAL_AND_ELECTRONIC_ENGINEERING
PUB_008862,CIVIL_AND_STRUCTURAL_ENGINEERING
PUB_008863,MECHANICS_OF_MATERIALS
PUB_008864,MECHANICAL_ENGINEERING
PUB_008865,MATERIALS_CHEMISTRY
PUB_008866,MATERIALS_CHEMISTRY
PUB_008867,MECHANICAL_ENGINEERING
PUB_008868,MATERIALS_CHEMISTRY
PUB_008869,ELECTRONIC_OPTICAL_AND_MAGNETIC_MATERIALS
PUB_008870,ATOMIC_AND_MOLECULAR_PHYSICS_AND_OPTICS
PUB_008871,COMPUTER_VISION_AND_PATTERN_RECOGNITION
PUB_008872,ATOMIC_AND_MOLECULAR_PHYSICS_AND_OPTICS
PUB_008873,MATERIALS_CHEMISTRY
PUB_008874,MATERIALS_CHEMISTRY
PUB_008875,MATERIALS_CHEMISTRY
PUB_008876,ELECTRONIC_OPTICAL_AND_MAGNETIC_MATERIALS
PUB_008877,MATERIALS_CHEMISTRY
PUB_008878,CIVIL_AND_STRUCTURAL_ENGINEERING
PUB_008879,BIOMEDICAL_ENGINEERING
PUB_008880,APPLIED_MATHEMATICS
PUB_008881,OCEAN_ENGINEERING
PUB_008882,ARTIFICIAL_INTELLIGENCE
PUB_008883,METALS_AND_ALLOYS
PUB_008884,ELECTRICAL_AND_ELECTRONIC_ENGINEERING
PUB_008885,MATERIALS_CHEMISTRY
PUB_008886,MATERIALS_CHEMISTRY
PUB_008887,CIVIL_AND_STRUCTURAL_ENGINEERING
PUB_008888,MATERIALS_CHEMISTRY
PUB_008889,ASTRONOMY_AND_ASTROPHYSICS
PUB_008890,MATERIALS_CHEMISTRY
PUB_008891,ELECTRONIC_OPTICAL_AND_MAGNETIC_MATERIALS
PUB_008892,ATOMIC_AND_MOLECULAR_PHYSICS_AND_OPTICS
PUB_008893,MATERIALS_CHEMISTRY
PUB_008894,COMPUTER_NETWORKS_AND_COMMUNICATIONS
PUB_008895,MECHANICAL_ENGINEERING
PUB_008896,ELECTRICAL_AND_ELECTRONIC_ENGINEERING
PUB_008897,MATERIALS_CHEMISTRY
PUB_008898,ATOMIC_AND_MOLECULAR_PHYSICS_AND_OPTICS
PUB_008899,HUMANCOMPUTER_INTERACTION
PUB_008900,ELECTRICAL_AND_ELECTRONIC_ENGINEERING
PUB_008901,MATERIALS_CHEMISTRY
PUB_008902,MATERIALS_CHEMISTRY
PUB_008903,ELECTRICAL_AND_ELECTRONIC_ENGINEERING
PUB_008904,SIGNAL_PROCESSING
PUB_008905,MATERIALS_CHEMISTRY
PUB_008906,ELECTRICAL_AND_ELECTRONIC_ENGINEERING
PUB_008907,MATERIALS_CHEMISTRY
PUB_008908,MATERIALS_CHEMISTRY
PUB_008909,ELECTRICAL_AND_ELECTRONIC_ENGINEERING
PUB_008910,ARTIFICIAL_INTELLIGENCE
PUB_008911,POLYMERS_AND_PLASTICS
PUB_008912,ELECTRONIC_OPTICAL_AND_MAGNETIC_MATERIALS
PUB_008913,ELECTRICAL_AND_ELECTRONIC_ENGINEERING
PUB_008914,ATOMIC_AND_MOLECULAR_PHYSICS_AND_OPTICS
PUB_008915,ELECTRONIC_OPTICAL_AND_MAGNETIC_MATERIALS
PUB_008916,ELECTRICAL_AND_ELECTRONIC_ENGINEERING
PUB_008917,ELECTRICAL_AND_ELECTRONIC_ENGINEERING
PUB_008918,MATERIALS_CHEMISTRY
PUB_008919,MECHANICS_OF_MATERIALS
PUB_008920,ELECTRONIC_OPTICAL_AND_MAGNETIC_MATERIALS
PUB_008921,MATERIALS_CHEMISTRY
PUB_008922,BIOMEDICAL_ENGINEERING
PUB_008923,MEDIA_TECHNOLOGY
PUB_008924,CIVIL_AND_STRUCTURAL_ENGINEERING
PUB_008925,BIOMATERIALS
PUB_008926,BIOMEDICAL_ENGINEERING
PUB_008927,ELECTRONIC_OPTICAL_AND_MAGNETIC_MATERIALS
PUB_008928,ELECTRONIC_OPTICAL_AND_MAGNETIC_MATERIALS
PUB_008929,ELECTRICAL_AND_ELECTRONIC_ENGINEERING
PUB_008930,BIOMATERIALS
PUB_008931,MODELING_AND_SIMULATION
PUB_008932,ASTRONOMY_AND_ASTROPHYSICS
PUB_008933,COMPUTATIONAL_THEORY_AND_MATHEMATICS
PUB_008934,ELECTRONIC_OPTICAL_AND_MAGNETIC_MATERIALS
PUB_008935,ARTIFICIAL_INTELLIGENCE
PUB_008936,ELECTRICAL_AND_ELECTRONIC_ENGINEERING
PUB_008937,MECHANICAL_ENGINEERING
PUB_008938,MODELING_AND_SIMULATION
PUB_008939,POLYMERS_AND_PLASTICS
PUB_008940,MATERIALS_CHEMISTRY
PUB_008941,ELECTRICAL_AND_ELECTRONIC_ENGINEERING
PUB_008942,MECHANICS_OF_MATERIALS
PUB_008943,MATERIALS_CHEMISTRY
PUB_008944,ATOMIC_AND_MOLECULAR_PHYSICS_AND_OPTICS
PUB_008945,ELECTRONIC_OPTICAL_AND_MAGNETIC_MATERIALS
PUB_008946,BIOMATERIALS
PUB_008947,BIOMEDICAL_ENGINEERING
PUB_008948,ATOMIC_AND_MOLECULAR_PHYSICS_AND_OPTICS
PUB_008949,POLYMERS_AND_PLASTICS
PUB_008950,ELECTRONIC_OPTICAL_AND_MAGNETIC_MATERIALS
PUB_008951,MATERIALS_CHEMISTRY
PUB_008952,ELECTRONIC_OPTICAL_AND_MAGNETIC_MATERIALS
PUB_008953,AUTOMOTIVE_ENGINEERING
PUB_008954,BIOMEDICAL_ENGINEERING
PUB_008955,COMPUTATIONAL_MECHANICS
PUB_008956,ELECTRONIC_OPTICAL_AND_MAGNETIC_MATERIALS
PUB_008957,BIOMATERIALS
PUB_008958,APPLIED_MATHEMATICS
PUB_008959,MATERIALS_CHEMISTRY
PUB_008960,BIOMEDICAL_ENGINEERING
PUB_008961,POLYMERS_AND_PLASTICS
PUB_008962,ARTIFICIAL_INTELLIGENCE
PUB_008963,MECHANICAL_ENGINEERING
PUB_008964,BIOMEDICAL_ENGINEERING
PUB_008965,ASTRONOMY_AND_ASTROPHYSICS
PUB_008966,MATERIALS_CHEMISTRY
PUB_008967,POLYMERS_AND_PLASTICS
PUB_008968,CIVIL_AND_STRUCTURAL_ENGINEERING
PUB_008969,ASTRONOMY_AND_ASTROPHYSICS
PUB_008970,CONDENSED_MATTER_PHYSICS
PUB_008971,ELECTRICAL_AND_ELECTRONIC_ENGINEERING
PUB_008972,MECHANICAL_ENGINEERING
PUB_008973,ASTRONOMY_AND_ASTROPHYSICS
PUB_008974,MECHANICAL_ENGINEERING
PUB_008975,ELECTRICAL_AND_ELECTRONIC_ENGINEERING
PUB_008976,MATERIALS_CHEMISTRY
PUB_008977,AEROSPACE_ENGINEERING
PUB_008978,MATERIALS_CHEMISTRY
PUB_008979,APPLIED_MATHEMATICS
PUB_008980,MECHANICAL_ENGINEERING
PUB_008981,ASTRONOMY_AND_ASTROPHYSICS
PUB_008982,CONDENSED_MATTER_PHYSICS
PUB_008983,COMPUTATIONAL_MECHANICS
PUB_008984,MECHANICS_OF_MATERIALS
PUB_008985,CIVIL_AND_STRUCTURAL_ENGINEERING
PUB_008986,ELECTRICAL_AND_ELECTRONIC_ENGINEERING
PUB_008987,CIVIL_AND_STRUCTURAL_ENGINEERING
PUB_008988,STATISTICAL_AND_NONLINEAR_PHYSICS
PUB_008989,ELECTRONIC_OPTICAL_AND_MAGNETIC_MATERIALS
PUB_008990,MATERIALS_CHEMISTRY
PUB_008991,BIOMEDICAL_ENGINEERING
PUB_008992,ELECTRICAL_AND_ELECTRONIC_ENGINEERING
PUB_008993,MATERIALS_CHEMISTRY
PUB_008994,MATERIALS_CHEMISTRY
PUB_008995,MATERIALS_CHEMISTRY
PUB_008996,MECHANICAL_ENGINEERING
PUB_008997,STATISTICAL_AND_NONLINEAR_PHYSICS
PUB_008998,ARTIFICIAL_INTELLIGENCE
PUB_008999,ELECTRICAL_AND_ELECTRONIC_ENGINEERING
PUB_009000,MECHANICAL_ENGINEERING
PUB_009001,MECHANICS_OF_MATERIALS
PUB_009002,MATERIALS_CHEMISTRY
PUB_009003,ELECTRONIC_OPTICAL_AND_MAGNETIC_MATERIALS
PUB_009004,MECHANICAL_ENGINEERING
PUB_009005,POLYMERS_AND_PLASTICS
PUB_009006,MATERIALS_CHEMISTRY
PUB_009007,ARTIFICIAL_INTELLIGENCE
PUB_009008,MECHANICAL_ENGINEERING
PUB_009009,COMPUTATIONAL_MECHANICS
PUB_009010,MATERIALS_CHEMISTRY
PUB_009011,MATERIALS_CHEMISTRY
PUB_009012,MATERIALS_CHEMISTRY
PUB_009013,MECHANICS_OF_MATERIALS
PUB_009014,CONDENSED_MATTER_PHYSICS
PUB_009015,ASTRONOMY_AND_ASTROPHYSICS
PUB_009016,MATERIALS_CHEMISTRY
PUB_009017,COMPUTATIONAL_MECHANICS
PUB_009018,CONDENSED_MATTER_PHYSICS
PUB_009019,SAFETY_RISK_RELIABILITY_AND_QUALITY
PUB_009020,ELECTRICAL_AND_ELECTRONIC_ENGINEERING
PUB_009021,MATERIALS_CHEMISTRY
PUB_009022,COMPUTATIONAL_MECHANICS
PUB_009023,ELECTRICAL_AND_ELECTRONIC_ENGINEERING
PUB_009024,ATOMIC_AND_MOLECULAR_PHYSICS_AND_OPTICS
PUB_009025,MATERIALS_CHEMISTRY
PUB_009026,BIOMEDICAL_ENGINEERING
PUB_009027,ATOMIC_AND_MOLECULAR_PHYSICS_AND_OPTICS
PUB_009028,ATOMIC_AND_MOLECULAR_PHYSICS_AND_OPTICS
PUB_009029,MECHANICAL_ENGINEERING
PUB_009030,POLYMERS_AND_PLASTICS
PUB_009031,POLYMERS_AND_PLASTICS
PUB_009032,MATERIALS_CHEMISTRY
PUB_009033,COMPUTER_NETWORKS_AND_COMMUNICATIONS
PUB_009034,ELECTRICAL_AND_ELECTRONIC_ENGINEERING
PUB_009035,ELECTRONIC_OPTICAL_AND_MAGNETIC_MATERIALS
PUB_009036,MECHANICS_OF_MATERIALS
PUB_009037,MECHANICS_OF_MATERIALS
PUB_009038,ELECTRONIC_OPTICAL_AND_MAGNETIC_MATERIALS
PUB_009039,ELECTRICAL_AND_ELECTRONIC_ENGINEERING
PUB_009040,CONTROL_AND_SYSTEMS_ENGINEERING
PUB_009041,MECHANICAL_ENGINEERING
PUB_009042,ELECTRICAL_AND_ELECTRONIC_ENGINEERING
PUB_009043,ELECTRICAL_AND_ELECTRONIC_ENGINEERING
PUB_009044,MATERIALS_CHEMISTRY
PUB_009045,MECHANICS_OF_MATERIALS
PUB_009046,BIOMEDICAL_ENGINEERING
PUB_009047,SAFETY_RISK_RELIABILITY_AND_QUALITY
PUB_009048,ASTRONOMY_AND_ASTROPHYSICS
PUB_009049,COMPUTATIONAL_MECHANICS
PUB_009050,BUILDING_AND_CONSTRUCTION
PUB_009051,BIOMEDICAL_ENGINEERING
PUB_009052,ELECTRICAL_AND_ELECTRONIC_ENGINEERING
PUB_009053,CONDENSED_MATTER_PHYSICS
PUB_009054,MATERIALS_CHEMISTRY
PUB_009055,COMPUTATIONAL_MECHANICS
PUB_009056,MECHANICAL_ENGINEERING
PUB_009057,COMPUTATIONAL_THEORY_AND_MATHEMATICS
PUB_009058,MECHANICS_OF_MATERIALS
PUB_009059,CIVIL_AND_STRUCTURAL_ENGINEERING
PUB_009060,AEROSPACE_ENGINEERING
PUB_009061,MATERIALS_CHEMISTRY
PUB_009062,ELECTRICAL_AND_ELECTRONIC_ENGINEERING
PUB_009063,MECHANICAL_ENGINEERING
PUB_009064,MATERIALS_CHEMISTRY
PUB_009065,ASTRONOMY_AND_ASTROPHYSICS
PUB_009066,MATERIALS_CHEMISTRY
PUB_009067,SAFETY_RISK_RELIABILITY_AND_QUALITY
PUB_009068,POLYMERS_AND_PLASTICS
PUB_009069,MATERIALS_CHEMISTRY
PUB_009070,ASTRONOMY_AND_ASTROPHYSICS
PUB_009071,MATERIALS_CHEMISTRY
PUB_009072,MECHANICAL_ENGINEERING
PUB_009073,ELECTRICAL_AND_ELECTRONIC_ENGINEERING
PUB_009074,ELECTRICAL_AND_ELECTRONIC_ENGINEERING
PUB_009075,BIOMEDICAL_ENGINEERING
PUB_009076,MATERIALS_CHEMISTRY
PUB_009077,MATERIALS_CHEMISTRY
PUB_009078,CONTROL_AND_SYSTEMS_ENGINEERING
PUB_009079,MATERIALS_CHEMISTRY
PUB_009080,MATERIALS_CHEMISTRY
PUB_009081,ARTIFICIAL_INTELLIGENCE
PUB_009082,BIOMEDICAL_ENGINEERING
PUB_009083,CONDENSED_MATTER_PHYSICS
PUB_009084,MATERIALS_CHEMISTRY
PUB_009085,POLYMERS_AND_PLASTICS
PUB_009086,MECHANICAL_ENGINEERING
PUB_009087,OCEAN_ENGINEERING
PUB_009088,MATERIALS_CHEMISTRY
PUB_009089,MECHANICS_OF_MATERIALS
PUB_009090,ELECTRICAL_AND_ELECTRONIC_ENGINEERING
PUB_009091,MATERIALS_CHEMISTRY
PUB_009092,BUILDING_AND_CONSTRUCTION
PUB_009093,CONTROL_AND_SYSTEMS_ENGINEERING
PUB_009094,MECHANICAL_ENGINEERING
PUB_009095,ASTRONOMY_AND_ASTROPHYSICS
PUB_009096,POLYMERS_AND_PLASTICS
PUB_009097,ELECTRICAL_AND_ELECTRONIC_ENGINEERING
PUB_009098,AEROSPACE_ENGINEERING
PUB_009099,ELECTRICAL_AND_ELECTRONIC_ENGINEERING
PUB_009100,ELECTRICAL_AND_ELECTRONIC_ENGINEERING
PUB_009101,ELECTRICAL_AND_ELECTRONIC_ENGINEERING
PUB_009102,COMPUTATIONAL_MECHANICS
PUB_009103,OCEAN_ENGINEERING
PUB_009104,ELECTRONIC_OPTICAL_AND_MAGNETIC_MATERIALS
PUB_009105,MECHANICAL_ENGINEERING
PUB_009106,MATERIALS_CHEMISTRY
PUB_009107,MATERIALS_CHEMISTRY
PUB_009108,CIVIL_AND_STRUCTURAL_ENGINEERING
PUB_009109,CONTROL_AND_SYSTEMS_ENGINEERING
PUB_009110,CONTROL_AND_SYSTEMS_ENGINEERING
PUB_009111,MECHANICS_OF_MATERIALS
PUB_009112,MATERIALS_CHEMISTRY
PUB_009113,POLYMERS_AND_PLASTICS
PUB_009114,MECHANICAL_ENGINEERING
PUB_009115,MECHANICS_OF_MATERIALS
PUB_009116,MECHANICAL_ENGINEERING
PUB_009117,ATOMIC_AND_MOLECULAR_PHYSICS_AND_OPTICS
PUB_009118,STATISTICAL_AND_NONLINEAR_PHYSICS
PUB_009119,COMPUTATIONAL_MECHANICS
PUB_009120,CIVIL_AND_STRUCTURAL_ENGINEERING
PUB_009121,MATERIALS_CHEMISTRY
PUB_009122,ARTIFICIAL_INTELLIGENCE
PUB_009123,MATERIALS_CHEMISTRY
PUB_009124,COMPUTATIONAL_MECHANICS
PUB_009125,MECHANICAL_ENGINEERING
PUB_009126,COMPUTATIONAL_MECHANICS
PUB_009127,ATOMIC_AND_MOLECULAR_PHYSICS_AND_OPTICS
PUB_009128,MECHANICAL_ENGINEERING
PUB_009129,ELECTRICAL_AND_ELECTRONIC_ENGINEERING
PUB_009130,MECHANICS_OF_MATERIALS
PUB_009131,MECHANICAL_ENGINEERING
PUB_009132,MECHANICAL_ENGINEERING
PUB_009133,AEROSPACE_ENGINEERING
PUB_009134,ATOMIC_AND_MOLECULAR_PHYSICS_AND_OPTICS
PUB_009135,MECHANICAL_ENGINEERING
PUB_009136,AEROSPACE_ENGINEERING
PUB_009137,ELECTRICAL_AND_ELECTRONIC_ENGINEERING
PUB_009138,ELECTRICAL_AND_ELECTRONIC_ENGINEERING
PUB_009139,ELECTRICAL_AND_ELECTRONIC_ENGINEERING
PUB_009140,MATERIALS_CHEMISTRY
PUB_009141,SAFETY_RISK_RELIABILITY_AND_QUALITY
PUB_009142,ELECTRICAL_AND_ELECTRONIC_ENGINEERING
PUB_009143,ARTIFICIAL_INTELLIGENCE
PUB_009144,BIOMEDICAL_ENGINEERING
PUB_009145,ELECTRONIC_OPTICAL_AND_MAGNETIC_MATERIALS
PUB_009146,CIVIL_AND_STRUCTURAL_ENGINEERING
PUB_009147,CONTROL_AND_SYSTEMS_ENGINEERING
PUB_009148,POLYMERS_AND_PLASTICS
PUB_009149,MECHANICS_OF_MATERIALS
PUB_009150,APPLIED_MATHEMATICS
PUB_009151,ARTIFICIAL_INTELLIGENCE
PUB_009152,MATERIALS_CHEMISTRY
PUB_009153,ELECTRICAL_AND_ELECTRONIC_ENGINEERING
PUB_009154,ARTIFICIAL_INTELLIGENCE
PUB_009155,MECHANICS_OF_MATERIALS
PUB_009156,ELECTRONIC_OPTICAL_AND_MAGNETIC_MATERIALS
PUB_009157,MECHANICAL_ENGINEERING
PUB_009158,ATOMIC_AND_MOLECULAR_PHYSICS_AND_OPTICS
PUB_009159,AEROSPACE_ENGINEERING
PUB_009160,ELECTRICAL_AND_ELECTRONIC_ENGINEERING
PUB_009161,ARTIFICIAL_INTELLIGENCE
PUB_009162,ELECTRONIC_OPTICAL_AND_MAGNETIC_MATERIALS
PUB_009163,ELECTRICAL_AND_ELECTRONIC_ENGINEERING
PUB_009164,STATISTICAL_AND_NONLINEAR_PHYSICS
PUB_009165,AEROSPACE_ENGINEERING
PUB_009166,ELECTRONIC_OPTICAL_AND_MAGNETIC_MATERIALS
PUB_009167,GEOMETRY_AND_TOPOLOGY
PUB_009168,COMPUTER_VISION_AND_PATTERN_RECOGNITION
PUB_009169,MATERIALS_CHEMISTRY
PUB_009170,ELECTRICAL_AND_ELECTRONIC_ENGINEERING
PUB_009171,ELECTRONIC_OPTICAL_AND_MAGNETIC_MATERIALS
PUB_009172,MATERIALS_CHEMISTRY
PUB_009173,COMPUTER_NETWORKS_AND_COMMUNICATIONS
PUB_009174,SIGNAL_PROCESSING
PUB_009175,BUILDING_AND_CONSTRUCTION
PUB_009176,GEOMETRY_AND_TOPOLOGY
PUB_009177,MATERIALS_CHEMISTRY
PUB_009178,ELECTRICAL_AND_ELECTRONIC_ENGINEERING
PUB_009179,MATERIALS_CHEMISTRY
PUB_009180,ELECTRICAL_AND_ELECTRONIC_ENGINEERING
PUB_009181,CONDENSED_MATTER_PHYSICS
PUB_009182,MECHANICS_OF_MATERIALS
PUB_009183,MECHANICS_OF_MATERIALS
PUB_009184,POLYMERS_AND_PLASTICS
PUB_009185,ELECTRONIC_OPTICAL_AND_MAGNETIC_MATERIALS
PUB_009186,BIOMEDICAL_ENGINEERING
PUB_009187,ELECTRONIC_OPTICAL_AND_MAGNETIC_MATERIALS
PUB_009188,ATOMIC_AND_MOLECULAR_PHYSICS_AND_OPTICS
PUB_009189,COMPUTATIONAL_MECHANICS
PUB_009190,ATOMIC_AND_MOLECULAR_PHYSICS_AND_OPTICS
PUB_009191,ATOMIC_AND_MOLECULAR_PHYSICS_AND_OPTICS
PUB_009192,ELECTRONIC_OPTICAL_AND_MAGNETIC_MATERIALS
PUB_009193,APPLIED_MATHEMATICS
PUB_009194,POLYMERS_AND_PLASTICS
PUB_009195,COMPUTER_NETWORKS_AND_COMMUNICATIONS
PUB_009196,CONDENSED_MATTER_PHYSICS
PUB_009197,MATERIALS_CHEMISTRY
PUB_009198,CONTROL_AND_SYSTEMS_ENGINEERING
PUB_009199,MECHANICS_OF_MATERIALS
PUB_009200,MATERIALS_CHEMISTRY
PUB_009201,COMPUTER_NETWORKS_AND_COMMUNICATIONS
PUB_009202,ELECTRICAL_AND_ELECTRONIC_ENGINEERING
PUB_009203,ARTIFICIAL_INTELLIGENCE
PUB_009204,MATERIALS_CHEMISTRY
PUB_009205,CIVIL_AND_STRUCTURAL_ENGINEERING
PUB_009206,CONDENSED_MATTER_PHYSICS
PUB_009207,ELECTRICAL_AND_ELECTRONIC_ENGINEERING
PUB_009208,ARTIFICIAL_INTELLIGENCE
PUB_009209,MECHANICAL_ENGINEERING
PUB_009210,BIOMEDICAL_ENGINEERING
PUB_009211,CONDENSED_MATTER_PHYSICS
PUB_009212,ELECTRICAL_AND_ELECTRONIC_ENGINEERING
PUB_009213,ELECTRICAL_AND_ELECTRONIC_ENGINEERING
PUB_009214,CONDENSED_MATTER_PHYSICS
PUB_009215,ELECTRICAL_AND_ELECTRONIC_ENGINEERING
PUB_009216,ASTRONOMY_AND_ASTROPHYSICS
PUB_009217,MATERIALS_CHEMISTRY
PUB_009218,BIOMEDICAL_ENGINEERING
PUB_009219,ATOMIC_AND_MOLECULAR_PHYSICS_AND_OPTICS
PUB_009220,MATERIALS_CHEMISTRY
PUB_009221,ELECTRICAL_AND_ELECTRONIC_ENGINEERING
PUB_009222,MECHANICAL_ENGINEERING
PUB_009223,MATERIALS_CHEMISTRY
PUB_009224,ELECTRICAL_AND_ELECTRONIC_ENGINEERING
PUB_009225,ELECTRONIC_OPTICAL_AND_MAGNETIC_MATERIALS
PUB_009226,ELECTRONIC_OPTICAL_AND_MAGNETIC_MATERIALS
PUB_009227,CONDENSED_MATTER_PHYSICS
PUB_009228,ELECTRICAL_AND_ELECTRONIC_ENGINEERING
PUB_009229,MATERIALS_CHEMISTRY
PUB_009230,CONTROL_AND_SYSTEMS_ENGINEERING
PUB_009231,MATERIALS_CHEMISTRY
PUB_009232,MATERIALS_CHEMISTRY
PUB_009233,ARTIFICIAL_INTELLIGENCE
PUB_009234,CONDENSED_MATTER_PHYSICS
PUB_009235,AEROSPACE_ENGINEERING
PUB_009236,MATERIALS_CHEMISTRY
PUB_009237,BIOMEDICAL_ENGINEERING
PUB_009238,BIOMEDICAL_ENGINEERING
PUB_009239,CONTROL_AND_SYSTEMS_ENGINEERING
PUB_009240,MATERIALS_CHEMISTRY
PUB_009241,APPLIED_MATHEMATICS
PUB_009242,COMPUTER_SCIENCE_APPLICATIONS
PUB_009243,MECHANICAL_ENGINEERING
PUB_009244,POLYMERS_AND_PLASTICS
PUB_009245,BIOMEDICAL_ENGINEERING
PUB_009246,DISCRETE_MATHEMATICS_AND_COMBINATORICS
PUB_009247,INDUSTRIAL_AND_MANUFACTURING_ENGINEERING
PUB_009248,STATISTICS_AND_PROBABILITY
PUB_009249,POLYMERS_AND_PLASTICS
PUB_009250,AEROSPACE_ENGINEERING
PUB_009251,ARTIFICIAL_INTELLIGENCE
PUB_009252,ELECTRICAL_AND_ELECTRONIC_ENGINEERING
PUB_009253,ASTRONOMY_AND_ASTROPHYSICS
PUB_009254,AEROSPACE_ENGINEERING
PUB_009255,APPLIED_MATHEMATICS
PUB_009256,AEROSPACE_ENGINEERING
PUB_009257,MATERIALS_CHEMISTRY
PUB_009258,MATHEMATICAL_PHYSICS
PUB_009259,ELECTRICAL_AND_ELECTRONIC_ENGINEERING
PUB_009260,ATOMIC_AND_MOLECULAR_PHYSICS_AND_OPTICS
PUB_009261,ARTIFICIAL_INTELLIGENCE
PUB_009262,APPLIED_MATHEMATICS
PUB_009263,ELECTRICAL_AND_ELECTRONIC_ENGINEERING
PUB_009264,ARTIFICIAL_INTELLIGENCE
PUB_009265,ELECTRICAL_AND_ELECTRONIC_ENGINEERING
PUB_009266,APPLIED_MATHEMATICS
PUB_009267,ATOMIC_AND_MOLECULAR_PHYSICS_AND_OPTICS
PUB_009268,COMPUTER_NETWORKS_AND_COMMUNICATIONS
PUB_009269,MECHANICAL_ENGINEERING
PUB_009270,ELECTRICAL_AND_ELECTRONIC_ENGINEERING
PUB_009271,MATERIALS_CHEMISTRY
PUB_009272,MATERIALS_CHEMISTRY
PUB_009273,BUILDING_AND_CONSTRUCTION
PUB_009274,ASTRONOMY_AND_ASTROPHYSICS
PUB_009275,COMPUTATIONAL_MECHANICS
PUB_009276,BIOMATERIALS
PUB_009277,MECHANICS_OF_MATERIALS
PUB_009278,CONDENSED_MATTER_PHYSICS
PUB_009279,STATISTICAL_AND_NONLINEAR_PHYSICS
PUB_009280,OCEAN_ENGINEERING
PUB_009281,MATERIALS_CHEMISTRY
PUB_009282,COMPUTATIONAL_THEORY_AND_MATHEMATICS
PUB_009283,MATERIALS_CHEMISTRY
PUB_009284,AEROSPACE_ENGINEERING
PUB_009285,GEOMETRY_AND_TOPOLOGY
PUB_009286,ELECTRONIC_OPTICAL_AND_MAGNETIC_MATERIALS
PUB_009287,ELECTRICAL_AND_ELECTRONIC_ENGINEERING
PUB_009288,BIOMEDICAL_ENGINEERING
PUB_009289,MECHANICAL_ENGINEERING
PUB_009290,ARTIFICIAL_INTELLIGENCE
PUB_009291,STATISTICAL_AND_NONLINEAR_PHYSICS
PUB_009292,AEROSPACE_ENGINEERING
PUB_009293,ATOMIC_AND_MOLECULAR_PHYSICS_AND_OPTICS
PUB_009294,MATHEMATICAL_PHYSICS
PUB_009295,MATERIALS_CHEMISTRY
PUB_009296,MECHANICAL_ENGINEERING
PUB_009297,ASTRONOMY_AND_ASTROPHYSICS
PUB_009298,ASTRONOMY_AND_ASTROPHYSICS
PUB_009299,MECHANICAL_ENGINEERING
PUB_009300,MATERIALS_CHEMISTRY
PUB_009301,ELECTRICAL_AND_ELECTRONIC_ENGINEERING
PUB_009302,BIOMEDICAL_ENGINEERING
PUB_009303,POLYMERS_AND_PLASTICS
PUB_009304,BIOMEDICAL_ENGINEERING
PUB_009305,ELECTRONIC_OPTICAL_AND_MAGNETIC_MATERIALS
PUB_009306,ELECTRICAL_AND_ELECTRONIC_ENGINEERING
PUB_009307,ARTIFICIAL_INTELLIGENCE
PUB_009308,ARTIFICIAL_INTELLIGENCE
PUB_009309,BIOMEDICAL_ENGINEERING
PUB_009310,ELECTRICAL_AND_ELECTRONIC_ENGINEERING
PUB_009311,ELECTRICAL_AND_ELECTRONIC_ENGINEERING
PUB_009312,BIOMEDICAL_ENGINEERING
PUB_009313,ASTRONOMY_AND_ASTROPHYSICS
PUB_009314,ARTIFICIAL_INTELLIGENCE
PUB_009315,ELECTRICAL_AND_ELECTRONIC_ENGINEERING
PUB_009316,ELECTRICAL_AND_ELECTRONIC_ENGINEERING
PUB_009317,ELECTRICAL_AND_ELECTRONIC_ENGINEERING
PUB_009318,CONDENSED_MATTER_PHYSICS
PUB_009319,CONDENSED_MATTER_PHYSICS
PUB_009320,COMPUTATIONAL_MECHANICS
PUB_009321,CIVIL_AND_STRUCTURAL_ENGINEERING
PUB_009322,MATHEMATICAL_PHYSICS
PUB_009323,MATERIALS_CHEMISTRY
PUB_009324,COMPUTER_VISION_AND_PATTERN_RECOGNITION
PUB_009325,COMPUTATIONAL_THEORY_AND_MATHEMATICS
PUB_009326,CONDENSED_MATTER_PHYSICS
PUB_009327,ARTIFICIAL_INTELLIGENCE
PUB_009328,ELECTRICAL_AND_ELECTRONIC_ENGINEERING
PUB_009329,MATERIALS_CHEMISTRY
PUB_009330,COMPUTER_SCIENCE_APPLICATIONS
PUB_009331,AEROSPACE_ENGINEERING
PUB_009332,MATERIALS_CHEMISTRY
PUB_009333,BIOMEDICAL_ENGINEERING
PUB_009334,BIOMEDICAL_ENGINEERING
PUB_009335,ATOMIC_AND_MOLECULAR_PHYSICS_AND_OPTICS
PUB_009336,BIOMATERIALS
PUB_009337,ELECTRICAL_AND_ELECTRONIC_ENGINEERING
PUB_009338,ELECTRONIC_OPTICAL_AND_MAGNETIC_MATERIALS
PUB_009339,MECHANICAL_ENGINEERING
PUB_009340,CONTROL_AND_SYSTEMS_ENGINEERING
PUB_009341,ELECTRICAL_AND_ELECTRONIC_ENGINEERING
PUB_009342,BIOMEDICAL_ENGINEERING
PUB_009343,BIOMEDICAL_ENGINEERING
PUB_009344,COMPUTER_VISION_AND_PATTERN_RECOGNITION
PUB_009345,CONDENSED_MATTER_PHYSICS
PUB_009346,ARTIFICIAL_INTELLIGENCE
PUB_009347,MATERIALS_CHEMISTRY
PUB_009348,MATERIALS_CHEMISTRY
PUB_009349,COMPUTATIONAL_MECHANICS
PUB_009350,CERAMICS_AND_COMPOSITES
PUB_009351,ELECTRICAL_AND_ELECTRONIC_ENGINEERING
PUB_009352,POLYMERS_AND_PLASTICS
PUB_009353,STATISTICAL_AND_NONLINEAR_PHYSICS
PUB_009354,ELECTRICAL_AND_ELECTRONIC_ENGINEERING
PUB_009355,MECHANICS_OF_MATERIALS
PUB_009356,COMPUTER_VISION_AND_PATTERN_RECOGNITION
PUB_009357,CONDENSED_MATTER_PHYSICS
PUB_009358,MECHANICAL_ENGINEERING
PUB_009359,ELECTRICAL_AND_ELECTRONIC_ENGINEERING
PUB_009360,MATERIALS_CHEMISTRY
PUB_009361,CONDENSED_MATTER_PHYSICS
PUB_009362,ATOMIC_AND_MOLECULAR_PHYSICS_AND_OPTICS
PUB_009363,COMPUTATIONAL_THEORY_AND_MATHEMATICS
PUB_009364,AEROSPACE_ENGINEERING
PUB_009365,COMPUTATIONAL_MECHANICS
PUB_009366,MECHANICAL_ENGINEERING
PUB_009367,APPLIED_MATHEMATICS
PUB_009368,ELECTRICAL_AND_ELECTRONIC_ENGINEERING
PUB_009369,MATERIALS_CHEMISTRY
PUB_009370,POLYMERS_AND_PLASTICS
PUB_009371,INFORMATION_SYSTEMS
PUB_009372,ARTIFICIAL_INTELLIGENCE
PUB_009373,ARTIFICIAL_INTELLIGENCE
PUB_009374,GEOMETRY_AND_TOPOLOGY
PUB_009375,APPLIED_MATHEMATICS
PUB_009376,MATERIALS_CHEMISTRY
PUB_009377,ATOMIC_AND_MOLECULAR_PHYSICS_AND_OPTICS
PUB_009378,MATERIALS_CHEMISTRY
PUB_009379,BIOMATERIALS
PUB_009380,ASTRONOMY_AND_ASTROPHYSICS
PUB_009381,COMPUTATIONAL_MECHANICS
PUB_009382,BUILDING_AND_CONSTRUCTION
PUB_009383,ELECTRICAL_AND_ELECTRONIC_ENGINEERING
PUB_009384,COMPUTATIONAL_THEORY_AND_MATHEMATICS
PUB_009385,COMPUTER_VISION_AND_PATTERN_RECOGNITION
PUB_009386,MATERIALS_CHEMISTRY
PUB_009387,MATERIALS_CHEMISTRY
PUB_009388,ARTIFICIAL_INTELLIGENCE
PUB_009389,MATERIALS_CHEMISTRY
PUB_009390,MATERIALS_CHEMISTRY
PUB_009391,MATERIALS_CHEMISTRY
PUB_009392,BIOMEDICAL_ENGINEERING
PUB_009393,SAFETY_RISK_RELIABILITY_AND_QUALITY
PUB_009394,POLYMERS_AND_PLASTICS
PUB_009395,ELECTRICAL_AND_ELECTRONIC_ENGINEERING
PUB_009396,COMPUTATIONAL_THEORY_AND_MATHEMATICS
PUB_009397,BIOMATERIALS
PUB_009398,MATERIALS_CHEMISTRY
PUB_009399,MATERIALS_CHEMISTRY
PUB_009400,AUTOMOTIVE_ENGINEERING
PUB_009401,ELECTRICAL_AND_ELECTRONIC_ENGINEERING
PUB_009402,ELECTRICAL_AND_ELECTRONIC_ENGINEERING
PUB_009403,ELECTRONIC_OPTICAL_AND_MAGNETIC_MATERIALS
PUB_009404,AEROSPACE_ENGINEERING
PUB_009405,ELECTRICAL_AND_ELECTRONIC_ENGINEERING
PUB_009406,COMPUTER_VISION_AND_PATTERN_RECOGNITION
PUB_009407,ELECTRICAL_AND_ELECTRONIC_ENGINEERING
PUB_009408,ASTRONOMY_AND_ASTROPHYSICS
PUB_009409,MECHANICS_OF_MATERIALS
PUB_009410,ARTIFICIAL_INTELLIGENCE
PUB_009411,ELECTRICAL_AND_ELECTRONIC_ENGINEERING
PUB_009412,ASTRONOMY_AND_ASTROPHYSICS
PUB_009413,ELECTRICAL_AND_ELECTRONIC_ENGINEERING
PUB_009414,MECHANICAL_ENGINEERING
PUB_009415,ELECTRICAL_AND_ELECTRONIC_ENGINEERING
PUB_009416,ASTRONOMY_AND_ASTROPHYSICS
PUB_009417,BIOMATERIALS
PUB_009418,MATERIALS_CHEMISTRY
PUB_009419,ARTIFICIAL_INTELLIGENCE
PUB_009420,MATERIALS_CHEMISTRY
PUB_009421,COMPUTATIONAL_MECHANICS
PUB_009422,COMPUTER_VISION_AND_PATTERN_RECOGNITION
PUB_009423,ELECTRICAL_AND_ELECTRONIC_ENGINEERING
PUB_009424,ATOMIC_AND_MOLECULAR_PHYSICS_AND_OPTICS
PUB_009425,COMPUTATIONAL_MECHANICS
PUB_009426,CONTROL_AND_SYSTEMS_ENGINEERING
PUB_009427,MECHANICS_OF_MATERIALS
PUB_009428,ASTRONOMY_AND_ASTROPHYSICS
PUB_009429,MATERIALS_CHEMISTRY
PUB_009430,ELECTRICAL_AND_ELECTRONIC_ENGINEERING
PUB_009431,AEROSPACE_ENGINEERING
PUB_009432,SIGNAL_PROCESSING
PUB_009433,AEROSPACE_ENGINEERING
PUB_009434,ELECTRICAL_AND_ELECTRONIC_ENGINEERING
PUB_009435,MECHANICAL_ENGINEERING
PUB_009436,CIVIL_AND_STRUCTURAL_ENGINEERING
PUB_009437,APPLIED_MATHEMATICS
PUB_009438,CIVIL_AND_STRUCTURAL_ENGINEERING
PUB_009439,COMPUTER_VISION_AND_PATTERN_RECOGNITION
PUB_009440,CIVIL_AND_STRUCTURAL_ENGINEERING
PUB_009441,MECHANICAL_ENGINEERING
PUB_009442,INFORMATION_SYSTEMS
PUB_009443,ELECTRONIC_OPTICAL_AND_MAGNETIC_MATERIALS
PUB_009444,ARTIFICIAL_INTELLIGENCE
PUB_009445,AEROSPACE_ENGINEERING
PUB_009446,BIOMATERIALS
PUB_009447,BIOMATERIALS
PUB_009448,ELECTRICAL_AND_ELECTRONIC_ENGINEERING
PUB_009449,COMPUTER_NETWORKS_AND_COMMUNICATIONS
PUB_009450,MATERIALS_CHEMISTRY
PUB_009451,ELECTRICAL_AND_ELECTRONIC_ENGINEERING
PUB_009452,ATOMIC_AND_MOLECULAR_PHYSICS_AND_OPTICS
PUB_009453,ELECTRICAL_AND_ELECTRONIC_ENGINEERING
PUB_009454,CONDENSED_MATTER_PHYSICS
PUB_009455,MATERIALS_CHEMISTRY
PUB_009456,COMPUTATIONAL_THEORY_AND_MATHEMATICS
PUB_009457,BIOMEDICAL_ENGINEERING
PUB_009458,BIOMEDICAL_ENGINEERING
PUB_009459,ELECTRICAL_AND_ELECTRONIC_ENGINEERING
PUB_009460,BUILDING_AND_CONSTRUCTION
PUB_009461,ELECTRICAL_AND_ELECTRONIC_ENGINEERING
PUB_009462,COMPUTATIONAL_MECHANICS
PUB_009463,BIOMEDICAL_ENGINEERING
PUB_009464,MATERIALS_CHEMISTRY
PUB_009465,BIOMEDICAL_ENGINEERING
PUB_009466,BIOMEDICAL_ENGINEERING
PUB_009467,ARTIFICIAL_INTELLIGENCE
PUB_009468,COMPUTATIONAL_THEORY_AND_MATHEMATICS
PUB_009469,INDUSTRIAL_AND_MANUFACTURING_ENGINEERING
PUB_009470,APPLIED_MATHEMATICS
PUB_009471,COMPUTATIONAL_MECHANICS
PUB_009472,COMPUTER_NETWORKS_AND_COMMUNICATIONS
PUB_009473,COMPUTATIONAL_MECHANICS
PUB_009474,MATERIALS_CHEMISTRY
PUB_009475,POLYMERS_AND_PLASTICS
PUB_009476,ELECTRICAL_AND_ELECTRONIC_ENGINEERING
PUB_009477,COMPUTER_GRAPHICS_AND_COMPUTERAIDED_DESIGN
PUB_009478,MECHANICAL_ENGINEERING
PUB_009479,MATERIALS_CHEMISTRY
PUB_009480,INDUSTRIAL_AND_MANUFACTURING_ENGINEERING
PUB_009481,CONDENSED_MATTER_PHYSICS
PUB_009482,MATERIALS_CHEMISTRY
PUB_009483,COMPUTATIONAL_MECHANICS
PUB_009484,MATERIALS_CHEMISTRY
PUB_009485,COMPUTATIONAL_THEORY_AND_MATHEMATICS
PUB_009486,MATHEMATICAL_PHYSICS
PUB_009487,CIVIL_AND_STRUCTURAL_ENGINEERING
PUB_009488,COMPUTER_VISION_AND_PATTERN_RECOGNITION
PUB_009489,MATERIALS_CHEMISTRY
PUB_009490,MATERIALS_CHEMISTRY
PUB_009491,MECHANICAL_ENGINEERING
PUB_009492,CIVIL_AND_STRUCTURAL_ENGINEERING
PUB_009493,ELECTRICAL_AND_ELECTRONIC_ENGINEERING
PUB_009494,BIOMEDICAL_ENGINEERING
PUB_009495,COMPUTATIONAL_THEORY_AND_MATHEMATICS
PUB_009496,MECHANICAL_ENGINEERING
PUB_009497,ATOMIC_AND_MOLECULAR_PHYSICS_AND_OPTICS
PUB_009498,ELECTRICAL_AND_ELECTRONIC_ENGINEERING
PUB_009499,ELECTRICAL_AND_ELECTRONIC_ENGINEERING
PUB_009500,ELECTRONIC_OPTICAL_AND_MAGNETIC_MATERIALS
PUB_009501,ELECTRICAL_AND_ELECTRONIC_ENGINEERING
PUB_009502,ARTIFICIAL_INTELLIGENCE
PUB_009503,GEOMETRY_AND_TOPOLOGY
PUB_009504,COMPUTATIONAL_MECHANICS
PUB_009505,COMPUTATIONAL_MECHANICS
PUB_009506,COMPUTATIONAL_THEORY_AND_MATHEMATICS
PUB_009507,INFORMATION_SYSTEMS
PUB_009508,COMPUTER_NETWORKS_AND_COMMUNICATIONS
PUB_009509,INFORMATION_SYSTEMS
PUB_009510,POLYMERS_AND_PLASTICS
PUB_009511,MATERIALS_CHEMISTRY
PUB_009512,INFORMATION_SYSTEMS
PUB_009513,MECHANICAL_ENGINEERING
PUB_009514,ELECTRICAL_AND_ELECTRONIC_ENGINEERING
PUB_009515,ARTIFICIAL_INTELLIGENCE
PUB_009516,BIOMEDICAL_ENGINEERING
PUB_009517,COMPUTATIONAL_MECHANICS
PUB_009518,COMPUTER_NETWORKS_AND_COMMUNICATIONS
PUB_009519,ATOMIC_AND_MOLECULAR_PHYSICS_AND_OPTICS
PUB_009520,ATOMIC_AND_MOLECULAR_PHYSICS_AND_OPTICS
PUB_009521,CIVIL_AND_STRUCTURAL_ENGINEERING
PUB_009522,ARTIFICIAL_INTELLIGENCE
PUB_009523,APPLIED_MATHEMATICS
PUB_009524,COMPUTATIONAL_MECHANICS
PUB_009525,COMPUTATIONAL_MECHANICS
PUB_009526,ARTIFICIAL_INTELLIGENCE
PUB_009527,MEDIA_TECHNOLOGY
PUB_009528,MATERIALS_CHEMISTRY
PUB_009529,COMPUTER_NETWORKS_AND_COMMUNICATIONS
PUB_009530,ELECTRICAL_AND_ELECTRONIC_ENGINEERING
PUB_009531,ELECTRICAL_AND_ELECTRONIC_ENGINEERING
PUB_009532,ELECTRICAL_AND_ELECTRONIC_ENGINEERING
PUB_009533,ELECTRICAL_AND_ELECTRONIC_ENGINEERING
PUB_009534,MATERIALS_CHEMISTRY
PUB_009535,MECHANICAL_ENGINEERING
PUB_009536,MATHEMATICAL_PHYSICS
PUB_009537,ELECTRICAL_AND_ELECTRONIC_ENGINEERING
PUB_009538,AEROSPACE_ENGINEERING
PUB_009539,CIVIL_AND_STRUCTURAL_ENGINEERING
PUB_009540,MATERIALS_CHEMISTRY
PUB_009541,COMPUTATIONAL_MECHANICS
PUB_009542,SIGNAL_PROCESSING
PUB_009543,AEROSPACE_ENGINEERING
PUB_009544,COMPUTER_VISION_AND_PATTERN_RECOGNITION
PUB_009545,MECHANICAL_ENGINEERING
PUB_009546,ELECTRICAL_AND_ELECTRONIC_ENGINEERING
PUB_009547,BIOMEDICAL_ENGINEERING
PUB_009548,INFORMATION_SYSTEMS
PUB_009549,MECHANICAL_ENGINEERING
PUB_009550,ARTIFICIAL_INTELLIGENCE
PUB_009551,ELECTRONIC_OPTICAL_AND_MAGNETIC_MATERIALS
PUB_009552,ELECTRICAL_AND_ELECTRONIC_ENGINEERING
PUB_009553,BIOMATERIALS
PUB_009554,GEOMETRY_AND_TOPOLOGY
PUB_009555,ARTIFICIAL_INTELLIGENCE
PUB_009556,ASTRONOMY_AND_ASTROPHYSICS
PUB_009557,COMPUTATIONAL_MECHANICS
PUB_009558,CIVIL_AND_STRUCTURAL_ENGINEERING
PUB_009559,CERAMICS_AND_COMPOSITES
PUB_009560,BIOMEDICAL_ENGINEERING
PUB_009561,ATOMIC_AND_MOLECULAR_PHYSICS_AND_OPTICS
PUB_009562,DISCRETE_MATHEMATICS_AND_COMBINATORICS
PUB_009563,MATERIALS_CHEMISTRY
PUB_009564,MECHANICS_OF_MATERIALS
PUB_009565,MECHANICS_OF_MATERIALS
PUB_009566,ATOMIC_AND_MOLECULAR_PHYSICS_AND_OPTICS
PUB_009567,ATOMIC_AND_MOLECULAR_PHYSICS_AND_OPTICS
PUB_009568,CONDENSED_MATTER_PHYSICS
PUB_009569,BUILDING_AND_CONSTRUCTION
PUB_009570,STATISTICAL_AND_NONLINEAR_PHYSICS
PUB_009571,MATERIALS_CHEMISTRY
PUB_009572,MATERIALS_CHEMISTRY
PUB_009573,MATERIALS_CHEMISTRY
PUB_009574,BUILDING_AND_CONSTRUCTION
PUB_009575,AEROSPACE_ENGINEERING
PUB_009576,AEROSPACE_ENGINEERING
PUB_009577,COMPUTATIONAL_THEORY_AND_MATHEMATICS
PUB_009578,MECHANICAL_ENGINEERING
PUB_009579,ATOMIC_AND_MOLECULAR_PHYSICS_AND_OPTICS
PUB_009580,CIVIL_AND_STRUCTURAL_ENGINEERING
PUB_009581,BIOMEDICAL_ENGINEERING
PUB_009582,MODELING_AND_SIMULATION
PUB_009583,MATHEMATICAL_PHYSICS
PUB_009584,OCEAN_ENGINEERING
PUB_009585,GEOMETRY_AND_TOPOLOGY
PUB_009586,ELECTRICAL_AND_ELECTRONIC_ENGINEERING
PUB_009587,MATERIALS_CHEMISTRY
PUB_009588,COMPUTER_NETWORKS_AND_COMMUNICATIONS
PUB_009589,ELECTRONIC_OPTICAL_AND_MAGNETIC_MATERIALS
PUB_009590,COMPUTATIONAL_MECHANICS
PUB_009591,BIOMEDICAL_ENGINEERING
PUB_009592,MECHANICAL_ENGINEERING
PUB_009593,AEROSPACE_ENGINEERING
PUB_009594,MECHANICAL_ENGINEERING
PUB_009595,ARTIFICIAL_INTELLIGENCE
PUB_009596,COMPUTER_VISION_AND_PATTERN_RECOGNITION
PUB_009597,INFORMATION_SYSTEMS
PUB_009598,ELECTRICAL_AND_ELECTRONIC_ENGINEERING
PUB_009599,AEROSPACE_ENGINEERING
PUB_009600,POLYMERS_AND_PLASTICS
PUB_009601,ELECTRICAL_AND_ELECTRONIC_ENGINEERING
PUB_009602,ELECTRICAL_AND_ELECTRONIC_ENGINEERING
PUB_009603,BIOMATERIALS
PUB_009604,ELECTRICAL_AND_ELECTRONIC_ENGINEERING
PUB_009605,MATERIALS_CHEMISTRY
PUB_009606,COMPUTER_NETWORKS_AND_COMMUNICATIONS
PUB_009607,ARTIFICIAL_INTELLIGENCE
PUB_009608,ARTIFICIAL_INTELLIGENCE
PUB_009609,SIGNAL_PROCESSING
PUB_009610,APPLIED_MATHEMATICS
PUB_009611,MECHANICAL_ENGINEERING
PUB_009612,ASTRONOMY_AND_ASTROPHYSICS
PUB_009613,MECHANICS_OF_MATERIALS
PUB_009614,MECHANICAL_ENGINEERING
PUB_009615,ARTIFICIAL_INTELLIGENCE
PUB_009616,BIOMEDICAL_ENGINEERING
PUB_009617,POLYMERS_AND_PLASTICS
PUB_009618,ELECTRONIC_OPTICAL_AND_MAGNETIC_MATERIALS
PUB_009619,ELECTRICAL_AND_ELECTRONIC_ENGINEERING
PUB_009620,MECHANICS_OF_MATERIALS
PUB_009621,COMPUTATIONAL_MECHANICS
PUB_009622,ATOMIC_AND_MOLECULAR_PHYSICS_AND_OPTICS
PUB_009623,ELECTRICAL_AND_ELECTRONIC_ENGINEERING
PUB_009624,HUMANCOMPUTER_INTERACTION
PUB_009625,AEROSPACE_ENGINEERING
PUB_009626,SURFACES_COATINGS_AND_FILMS
PUB_009627,BUILDING_AND_CONSTRUCTION
PUB_009628,MATERIALS_CHEMISTRY
PUB_009629,CIVIL_AND_STRUCTURAL_ENGINEERING
PUB_009630,COMPUTER_NETWORKS_AND_COMMUNICATIONS
PUB_009631,CIVIL_AND_STRUCTURAL_ENGINEERING
PUB_009632,ELECTRICAL_AND_ELECTRONIC_ENGINEERING
PUB_009633,COMPUTATIONAL_MECHANICS
PUB_009634,ELECTRONIC_OPTICAL_AND_MAGNETIC_MATERIALS
PUB_009635,BIOMEDICAL_ENGINEERING
PUB_009636,AEROSPACE_ENGINEERING
PUB_009637,COMPUTER_NETWORKS_AND_COMMUNICATIONS
PUB_009638,CONDENSED_MATTER_PHYSICS
PUB_009639,ELECTRICAL_AND_ELECTRONIC_ENGINEERING
PUB_009640,ELECTRICAL_AND_ELECTRONIC_ENGINEERING
PUB_009641,COMPUTATIONAL_MECHANICS
PUB_009642,ATOMIC_AND_MOLECULAR_PHYSICS_AND_OPTICS
PUB_009643,ELECTRICAL_AND_ELECTRONIC_ENGINEERING
PUB_009644,MATERIALS_CHEMISTRY
PUB_009645,ASTRONOMY_AND_ASTROPHYSICS
PUB_009646,ELECTRICAL_AND_ELECTRONIC_ENGINEERING
PUB_009647,COMPUTATIONAL_THEORY_AND_MATHEMATICS
PUB_009648,ELECTRICAL_AND_ELECTRONIC_ENGINEERING
PUB_009649,ELECTRICAL_AND_ELECTRONIC_ENGINEERING
PUB_009650,MATERIALS_CHEMISTRY
PUB_009651,ARTIFICIAL_INTELLIGENCE
PUB_009652,ATOMIC_AND_MOLECULAR_PHYSICS_AND_OPTICS
PUB_009653,ELECTRICAL_AND_ELECTRONIC_ENGINEERING
PUB_009654,BIOMEDICAL_ENGINEERING
PUB_009655,CIVIL_AND_STRUCTURAL_ENGINEERING
PUB_009656,ASTRONOMY_AND_ASTROPHYSICS
PUB_009657,ELECTRICAL_AND_ELECTRONIC_ENGINEERING
PUB_009658,ELECTRICAL_AND_ELECTRONIC_ENGINEERING
PUB_009659,ELECTRICAL_AND_ELECTRONIC_ENGINEERING
PUB_009660,ELECTRICAL_AND_ELECTRONIC_ENGINEERING
PUB_009661,MATERIALS_CHEMISTRY
PUB_009662,AEROSPACE_ENGINEERING
PUB_009663,OCEAN_ENGINEERING
PUB_009664,ARTIFICIAL_INTELLIGENCE
PUB_009665,STATISTICAL_AND_NONLINEAR_PHYSICS
PUB_009666,ELECTRICAL_AND_ELECTRONIC_ENGINEERING
PUB_009667,AEROSPACE_ENGINEERING
PUB_009668,ELECTRICAL_AND_ELECTRONIC_ENGINEERING
PUB_009669,MECHANICAL_ENGINEERING
PUB_009670,COMPUTER_NETWORKS_AND_COMMUNICATIONS
PUB_009671,ELECTRICAL_AND_ELECTRONIC_ENGINEERING
PUB_009672,MECHANICAL_ENGINEERING
PUB_009673,MATHEMATICAL_PHYSICS
PUB_009674,COMPUTER_NETWORKS_AND_COMMUNICATIONS
PUB_009675,POLYMERS_AND_PLASTICS
PUB_009676,MATERIALS_CHEMISTRY
PUB_009677,ELECTRICAL_AND_ELECTRONIC_ENGINEERING
PUB_009678,COMPUTER_VISION_AND_PATTERN_RECOGNITION
PUB_009679,ELECTRICAL_AND_ELECTRONIC_ENGINEERING
PUB_009680,CONDENSED_MATTER_PHYSICS
PUB_009681,SURFACES_COATINGS_AND_FILMS
PUB_009682,CONDENSED_MATTER_PHYSICS
PUB_009683,ELECTRICAL_AND_ELECTRONIC_ENGINEERING
PUB_009684,ELECTRICAL_AND_ELECTRONIC_ENGINEERING
PUB_009685,MATERIALS_CHEMISTRY
PUB_009686,BIOMEDICAL_ENGINEERING
PUB_009687,ATOMIC_AND_MOLECULAR_PHYSICS_AND_OPTICS
PUB_009688,ELECTRICAL_AND_ELECTRONIC_ENGINEERING
PUB_009689,BIOMEDICAL_ENGINEERING
PUB_009690,COMPUTATIONAL_THEORY_AND_MATHEMATICS
PUB_009691,AEROSPACE_ENGINEERING
PUB_009692,ATOMIC_AND_MOLECULAR_PHYSICS_AND_OPTICS
PUB_009693,MEDIA_TECHNOLOGY
PUB_009694,ELECTRICAL_AND_ELECTRONIC_ENGINEERING
PUB_009695,ELECTRICAL_AND_ELECTRONIC_ENGINEERING
PUB_009696,ELECTRICAL_AND_ELECTRONIC_ENGINEERING
PUB_009697,APPLIED_MATHEMATICS
PUB_009698,ELECTRONIC_OPTICAL_AND_MAGNETIC_MATERIALS
PUB_009699,INFORMATION_SYSTEMS
PUB_009700,COMPUTER_VISION_AND_PATTERN_RECOGNITION
PUB_009701,BIOMEDICAL_ENGINEERING
PUB_009702,COMPUTATIONAL_THEORY_AND_MATHEMATICS
PUB_009703,MECHANICAL_ENGINEERING
PUB_009704,MATERIALS_CHEMISTRY
PUB_009705,ELECTRICAL_AND_ELECTRONIC_ENGINEERING
PUB_009706,ATOMIC_AND_MOLECULAR_PHYSICS_AND_OPTICS
PUB_009707,ELECTRONIC_OPTICAL_AND_MAGNETIC_MATERIALS
PUB_009708,COMPUTER_NETWORKS_AND_COMMUNICATIONS
PUB_009709,AEROSPACE_ENGINEERING
PUB_009710,ELECTRICAL_AND_ELECTRONIC_ENGINEERING
PUB_009711,CONTROL_AND_SYSTEMS_ENGINEERING
PUB_009712,CIVIL_AND_STRUCTURAL_ENGINEERING
PUB_009713,ATOMIC_AND_MOLECULAR_PHYSICS_AND_OPTICS
PUB_009714,MATERIALS_CHEMISTRY
PUB_009715,BIOMATERIALS
PUB_009716,HUMANCOMPUTER_INTERACTION
PUB_009717,ASTRONOMY_AND_ASTROPHYSICS
PUB_009718,CONTROL_AND_SYSTEMS_ENGINEERING
PUB_009719,MATERIALS_CHEMISTRY
PUB_009720,ELECTRICAL_AND_ELECTRONIC_ENGINEERING
PUB_009721,COMPUTATIONAL_THEORY_AND_MATHEMATICS
PUB_009722,COMPUTER_NETWORKS_AND_COMMUNICATIONS
PUB_009723,CIVIL_AND_STRUCTURAL_ENGINEERING
PUB_009724,ELECTRICAL_AND_ELECTRONIC_ENGINEERING
PUB_009725,ELECTRICAL_AND_ELECTRONIC_ENGINEERING
PUB_009726,ATOMIC_AND_MOLECULAR_PHYSICS_AND_OPTICS
PUB_009727,ASTRONOMY_AND_ASTROPHYSICS
PUB_009728,COMPUTER_NETWORKS_AND_COMMUNICATIONS
PUB_009729,APPLIED_MATHEMATICS
PUB_009730,OCEAN_ENGINEERING
PUB_009731,ARTIFICIAL_INTELLIGENCE
PUB_009732,ELECTRICAL_AND_ELECTRONIC_ENGINEERING
PUB_009733,MECHANICAL_ENGINEERING
PUB_009734,COMPUTER_NETWORKS_AND_COMMUNICATIONS
PUB_009735,POLYMERS_AND_PLASTICS
PUB_009736,COMPUTER_GRAPHICS_AND_COMPUTERAIDED_DESIGN
PUB_009737,CONDENSED_MATTER_PHYSICS
PUB_009738,ARTIFICIAL_INTELLIGENCE
PUB_009739,ELECTRICAL_AND_ELECTRONIC_ENGINEERING
PUB_009740,AEROSPACE_ENGINEERING
PUB_009741,ELECTRICAL_AND_ELECTRONIC_ENGINEERING
PUB_009742,ARTIFICIAL_INTELLIGENCE
PUB_009743,ELECTRICAL_AND_ELECTRONIC_ENGINEERING
PUB_009744,MATERIALS_CHEMISTRY
PUB_009745,MATERIALS_CHEMISTRY
PUB_009746,CONDENSED_MATTER_PHYSICS
PUB_009747,COMPUTER_VISION_AND_PATTERN_RECOGNITION
PUB_009748,MATERIALS_CHEMISTRY
PUB_009749,ELECTRICAL_AND_ELECTRONIC_ENGINEERING
PUB_009750,ARTIFICIAL_INTELLIGENCE
PUB_009751,BIOMEDICAL_ENGINEERING
PUB_009752,SIGNAL_PROCESSING
PUB_009753,INFORMATION_SYSTEMS
PUB_009754,ELECTRICAL_AND_ELECTRONIC_ENGINEERING
PUB_009755,COMPUTER_VISION_AND_PATTERN_RECOGNITION
PUB_009756,ELECTRICAL_AND_ELECTRONIC_ENGINEERING
PUB_009757,GEOMETRY_AND_TOPOLOGY
PUB_009758,COMPUTER_NETWORKS_AND_COMMUNICATIONS
PUB_009759,BIOMATERIALS
PUB_009760,CIVIL_AND_STRUCTURAL_ENGINEERING
PUB_009761,BUILDING_AND_CONSTRUCTION
PUB_009762,MATHEMATICAL_PHYSICS
PUB_009763,GEOMETRY_AND_TOPOLOGY
PUB_009764,POLYMERS_AND_PLASTICS
PUB_009765,ELECTRICAL_AND_ELECTRONIC_ENGINEERING
PUB_009766,POLYMERS_AND_PLASTICS
PUB_009767,HUMANCOMPUTER_INTERACTION
PUB_009768,MECHANICAL_ENGINEERING
PUB_009769,MECHANICAL_ENGINEERING
PUB_009770,MATERIALS_CHEMISTRY
PUB_009771,HARDWARE_AND_ARCHITECTURE
PUB_009772,COMPUTATIONAL_MECHANICS
PUB_009773,ASTRONOMY_AND_ASTROPHYSICS
PUB_009774,ELECTRICAL_AND_ELECTRONIC_ENGINEERING
PUB_009775,SURFACES_COATINGS_AND_FILMS
PUB_009776,COMPUTER_NETWORKS_AND_COMMUNICATIONS
PUB_009777,INFORMATION_SYSTEMS
PUB_009778,SIGNAL_PROCESSING
PUB_009779,OCEAN_ENGINEERING
PUB_009780,CONDENSED_MATTER_PHYSICS
PUB_009781,ELECTRONIC_OPTICAL_AND_MAGNETIC_MATERIALS
PUB_009782,AEROSPACE_ENGINEERING
PUB_009783,ELECTRONIC_OPTICAL_AND_MAGNETIC_MATERIALS
PUB_009784,ELECTRICAL_AND_ELECTRONIC_ENGINEERING
PUB_009785,STATISTICAL_AND_NONLINEAR_PHYSICS
PUB_009786,AEROSPACE_ENGINEERING
PUB_009787,MECHANICAL_ENGINEERING
PUB_009788,CIVIL_AND_STRUCTURAL_ENGINEERING
PUB_009789,POLYMERS_AND_PLASTICS
PUB_009790,ELECTRICAL_AND_ELECTRONIC_ENGINEERING
PUB_009791,COMPUTER_NETWORKS_AND_COMMUNICATIONS
PUB_009792,ELECTRICAL_AND_ELECTRONIC_ENGINEERING
PUB_009793,MECHANICS_OF_MATERIALS
PUB_009794,ASTRONOMY_AND_ASTROPHYSICS
PUB_009795,BIOMEDICAL_ENGINEERING
PUB_009796,ASTRONOMY_AND_ASTROPHYSICS
PUB_009797,ARTIFICIAL_INTELLIGENCE
PUB_009798,BUILDING_AND_CONSTRUCTION
PUB_009799,ATOMIC_AND_MOLECULAR_PHYSICS_AND_OPTICS
PUB_009800,COMPUTATIONAL_MECHANICS
PUB_009801,ELECTRICAL_AND_ELECTRONIC_ENGINEERING
PUB_009802,BIOMEDICAL_ENGINEERING
PUB_009803,MECHANICAL_ENGINEERING
PUB_009804,BIOMATERIALS
PUB_009805,COMPUTATIONAL_MECHANICS
PUB_009806,MECHANICAL_ENGINEERING
PUB_009807,MATERIALS_CHEMISTRY
PUB_009808,MATERIALS_CHEMISTRY
PUB_009809,ARTIFICIAL_INTELLIGENCE
PUB_009810,POLYMERS_AND_PLASTICS
PUB_009811,BIOMEDICAL_ENGINEERING
PUB_009812,AEROSPACE_ENGINEERING
PUB_009813,AUTOMOTIVE_ENGINEERING
PUB_009814,STATISTICAL_AND_NONLINEAR_PHYSICS
PUB_009815,ELECTRICAL_AND_ELECTRONIC_ENGINEERING
PUB_009816,MECHANICAL_ENGINEERING
PUB_009817,BIOMEDICAL_ENGINEERING
PUB_009818,MATERIALS_CHEMISTRY
PUB_009819,ELECTRICAL_AND_ELECTRONIC_ENGINEERING
PUB_009820,BIOMEDICAL_ENGINEERING
PUB_009821,BIOMATERIALS
PUB_009822,ELECTRICAL_AND_ELECTRONIC_ENGINEERING
PUB_009823,CONDENSED_MATTER_PHYSICS
PUB_009824,ELECTRICAL_AND_ELECTRONIC_ENGINEERING
PUB_009825,ATOMIC_AND_MOLECULAR_PHYSICS_AND_OPTICS
PUB_009826,BUILDING_AND_CONSTRUCTION
PUB_009827,ARTIFICIAL_INTELLIGENCE
PUB_009828,ELECTRICAL_AND_ELECTRONIC_ENGINEERING
PUB_009829,ELECTRICAL_AND_ELECTRONIC_ENGINEERING
PUB_009830,COMPUTATIONAL_MECHANICS
PUB_009831,COMPUTATIONAL_MECHANICS
PUB_009832,BIOMEDICAL_ENGINEERING
PUB_009833,COMPUTER_VISION_AND_PATTERN_RECOGNITION
PUB_009834,CONTROL_AND_SYSTEMS_ENGINEERING
PUB_009835,CONTROL_AND_SYSTEMS_ENGINEERING
PUB_009836,ELECTRICAL_AND_ELECTRONIC_ENGINEERING
PUB_009837,ELECTRICAL_AND_ELECTRONIC_ENGINEERING
PUB_009838,COMPUTER_NETWORKS_AND_COMMUNICATIONS
PUB_009839,ATOMIC_AND_MOLECULAR_PHYSICS_AND_OPTICS
PUB_009840,ARTIFICIAL_INTELLIGENCE
PUB_009841,AEROSPACE_ENGINEERING
PUB_009842,STATISTICAL_AND_NONLINEAR_PHYSICS
PUB_009843,ELECTRICAL_AND_ELECTRONIC_ENGINEERING
PUB_009844,APPLIED_MATHEMATICS
PUB_009845,COMPUTER_NETWORKS_AND_COMMUNICATIONS
PUB_009846,COMPUTER_VISION_AND_PATTERN_RECOGNITION
PUB_009847,INFORMATION_SYSTEMS
PUB_009848,CIVIL_AND_STRUCTURAL_ENGINEERING
PUB_009849,ELECTRONIC_OPTICAL_AND_MAGNETIC_MATERIALS
PUB_009850,STATISTICAL_AND_NONLINEAR_PHYSICS
PUB_009851,ARTIFICIAL_INTELLIGENCE
PUB_009852,ATOMIC_AND_MOLECULAR_PHYSICS_AND_OPTICS
PUB_009853,MATERIALS_CHEMISTRY
PUB_009854,GEOMETRY_AND_TOPOLOGY
PUB_009855,ELECTRICAL_AND_ELECTRONIC_ENGINEERING
PUB_009856,ELECTRICAL_AND_ELECTRONIC_ENGINEERING
PUB_009857,ELECTRICAL_AND_ELECTRONIC_ENGINEERING
PUB_009858,GEOMETRY_AND_TOPOLOGY
PUB_009859,ELECTRICAL_AND_ELECTRONIC_ENGINEERING
PUB_009860,ARTIFICIAL_INTELLIGENCE
PUB_009861,COMPUTATIONAL_MECHANICS
PUB_009862,ASTRONOMY_AND_ASTROPHYSICS
PUB_009863,STATISTICAL_AND_NONLINEAR_PHYSICS
PUB_009864,BIOMEDICAL_ENGINEERING
PUB_009865,STATISTICS_AND_PROBABILITY
PUB_009866,ELECTRICAL_AND_ELECTRONIC_ENGINEERING
PUB_009867,ARTIFICIAL_INTELLIGENCE
PUB_009868,COMPUTER_VISION_AND_PATTERN_RECOGNITION
PUB_009869,COMPUTER_NETWORKS_AND_COMMUNICATIONS
PUB_009870,COMPUTATIONAL_MECHANICS
PUB_009871,ELECTRICAL_AND_ELECTRONIC_ENGINEERING
PUB_009872,ELECTRICAL_AND_ELECTRONIC_ENGINEERING
PUB_009873,ELECTRICAL_AND_ELECTRONIC_ENGINEERING
PUB_009874,MATERIALS_CHEMISTRY
PUB_009875,COMPUTATIONAL_MECHANICS
PUB_009876,COMPUTATIONAL_MECHANICS
PUB_009877,COMPUTATIONAL_MECHANICS
PUB_009878,MATERIALS_CHEMISTRY
PUB_009879,COMPUTER_NETWORKS_AND_COMMUNICATIONS
PUB_009880,ATOMIC_AND_MOLECULAR_PHYSICS_AND_OPTICS
PUB_009881,ELECTRONIC_OPTICAL_AND_MAGNETIC_MATERIALS
PUB_009882,OCEAN_ENGINEERING
PUB_009883,BIOMEDICAL_ENGINEERING
PUB_009884,MATERIALS_CHEMISTRY
PUB_009885,BIOMEDICAL_ENGINEERING
PUB_009886,BIOMEDICAL_ENGINEERING
PUB_009887,MECHANICAL_ENGINEERING
PUB_009888,SOFTWARE
PUB_009889,CONTROL_AND_SYSTEMS_ENGINEERING
PUB_009890,ASTRONOMY_AND_ASTROPHYSICS
PUB_009891,ELECTRICAL_AND_ELECTRONIC_ENGINEERING
PUB_009892,ARTIFICIAL_INTELLIGENCE
PUB_009893,COMPUTER_NETWORKS_AND_COMMUNICATIONS
PUB_009894,BIOMEDICAL_ENGINEERING
PUB_009895,AEROSPACE_ENGINEERING
PUB_009896,AEROSPACE_ENGINEERING
PUB_009897,GEOMETRY_AND_TOPOLOGY
PUB_009898,ARTIFICIAL_INTELLIGENCE
PUB_009899,AEROSPACE_ENGINEERING
PUB_009900,BIOMEDICAL_ENGINEERING
PUB_009901,MATERIALS_CHEMISTRY
PUB_009902,ELECTRICAL_AND_ELECTRONIC_ENGINEERING
PUB_009903,COMPUTER_NETWORKS_AND_COMMUNICATIONS
PUB_009904,BIOMEDICAL_ENGINEERING
PUB_009905,BIOMEDICAL_ENGINEERING
PUB_009906,ARTIFICIAL_INTELLIGENCE
PUB_009907,COMPUTER_NETWORKS_AND_COMMUNICATIONS
PUB_009908,COMPUTER_NETWORKS_AND_COMMUNICATIONS
PUB_009909,AEROSPACE_ENGINEERING
PUB_009910,BIOMATERIALS
PUB_009911,BIOMEDICAL_ENGINEERING
PUB_009912,ELECTRICAL_AND_ELECTRONIC_ENGINEERING
PUB_009913,COMPUTER_NETWORKS_AND_COMMUNICATIONS
PUB_009914,ELECTRONIC_OPTICAL_AND_MAGNETIC_MATERIALS
PUB_009915,ELECTRICAL_AND_ELECTRONIC_ENGINEERING
PUB_009916,AEROSPACE_ENGINEERING
PUB_009917,ELECTRICAL_AND_ELECTRONIC_ENGINEERING
PUB_009918,BIOMEDICAL_ENGINEERING
PUB_009919,MATERIALS_CHEMISTRY
PUB_009920,ELECTRICAL_AND_ELECTRONIC_ENGINEERING
PUB_009921,CONDENSED_MATTER_PHYSICS
PUB_009922,ELECTRONIC_OPTICAL_AND_MAGNETIC_MATERIALS
PUB_009923,ELECTRICAL_AND_ELECTRONIC_ENGINEERING
PUB_009924,ELECTRICAL_AND_ELECTRONIC_ENGINEERING
PUB_009925,ARTIFICIAL_INTELLIGENCE
PUB_009926,COMPUTATIONAL_MECHANICS
PUB_009927,CONTROL_AND_SYSTEMS_ENGINEERING
PUB_009928,MATERIALS_CHEMISTRY
PUB_009929,ELECTRICAL_AND_ELECTRONIC_ENGINEERING
PUB_009930,BIOMEDICAL_ENGINEERING
PUB_009931,ELECTRICAL_AND_ELECTRONIC_ENGINEERING
PUB_009932,STATISTICAL_AND_NONLINEAR_PHYSICS
PUB_009933,AEROSPACE_ENGINEERING
PUB_009934,SIGNAL_PROCESSING
PUB_009935,ELECTRONIC_OPTICAL_AND_MAGNETIC_MATERIALS
PUB_009936,OCEAN_ENGINEERING
PUB_009937,MATHEMATICAL_PHYSICS
PUB_009938,CONDENSED_MATTER_PHYSICS
PUB_009939,ARTIFICIAL_INTELLIGENCE
PUB_009940,COMPUTER_VISION_AND_PATTERN_RECOGNITION
PUB_009941,CIVIL_AND_STRUCTURAL_ENGINEERING
PUB_009942,POLYMERS_AND_PLASTICS
PUB_009943,GEOMETRY_AND_TOPOLOGY
PUB_009944,ELECTRONIC_OPTICAL_AND_MAGNETIC_MATERIALS
PUB_009945,ELECTRONIC_OPTICAL_AND_MAGNETIC_MATERIALS
PUB_009946,COMPUTATIONAL_THEORY_AND_MATHEMATICS
PUB_009947,MATHEMATICAL_PHYSICS
PUB_009948,ELECTRICAL_AND_ELECTRONIC_ENGINEERING
PUB_009949,BIOMEDICAL_ENGINEERING
PUB_009950,APPLIED_MATHEMATICS
PUB_009951,AEROSPACE_ENGINEERING
PUB_009952,COMPUTATIONAL_MECHANICS
PUB_009953,AEROSPACE_ENGINEERING
PUB_009954,BIOMEDICAL_ENGINEERING
PUB_009955,ELECTRONIC_OPTICAL_AND_MAGNETIC_MATERIALS
PUB_009956,MECHANICS_OF_MATERIALS
PUB_009957,ARTIFICIAL_INTELLIGENCE
PUB_009958,MATERIALS_CHEMISTRY
PUB_009959,BIOMEDICAL_ENGINEERING
PUB_009960,ARTIFICIAL_INTELLIGENCE
PUB_009961,CONTROL_AND_SYSTEMS_ENGINEERING
PUB_009962,ARTIFICIAL_INTELLIGENCE
PUB_009963,MATHEMATICAL_PHYSICS
PUB_009964,COMPUTER_NETWORKS_AND_COMMUNICATIONS
PUB_009965,ELECTRICAL_AND_ELECTRONIC_ENGINEERING
PUB_009966,ELECTRICAL_AND_ELECTRONIC_ENGINEERING
PUB_009967,ELECTRICAL_AND_ELECTRONIC_ENGINEERING
PUB_009968,ARTIFICIAL_INTELLIGENCE
PUB_009969,ELECTRICAL_AND_ELECTRONIC_ENGINEERING
PUB_009970,ARTIFICIAL_INTELLIGENCE
PUB_009971,MECHANICAL_ENGINEERING
PUB_009972,ASTRONOMY_AND_ASTROPHYSICS
PUB_009973,ELECTRICAL_AND_ELECTRONIC_ENGINEERING
PUB_009974,ATOMIC_AND_MOLECULAR_PHYSICS_AND_OPTICS
PUB_009975,MATHEMATICAL_PHYSICS
PUB_009976,GEOMETRY_AND_TOPOLOGY
PUB_009977,ASTRONOMY_AND_ASTROPHYSICS
PUB_009978,ATOMIC_AND_MOLECULAR_PHYSICS_AND_OPTICS
PUB_009979,ATOMIC_AND_MOLECULAR_PHYSICS_AND_OPTICS
PUB_009980,MATERIALS_CHEMISTRY
PUB_009981,STATISTICAL_AND_NONLINEAR_PHYSICS
PUB_009982,OCEAN_ENGINEERING
PUB_009983,ELECTRICAL_AND_ELECTRONIC_ENGINEERING
PUB_009984,COMPUTATIONAL_THEORY_AND_MATHEMATICS
PUB_009985,ARTIFICIAL_INTELLIGENCE
PUB_009986,MECHANICAL_ENGINEERING
PUB_009987,MECHANICAL_ENGINEERING
PUB_009988,ARTIFICIAL_INTELLIGENCE
PUB_009989,ATOMIC_AND_MOLECULAR_PHYSICS_AND_OPTICS
PUB_009990,ATOMIC_AND_MOLECULAR_PHYSICS_AND_OPTICS
PUB_009991,ATOMIC_AND_MOLECULAR_PHYSICS_AND_OPTICS
PUB_009992,CIVIL_AND_STRUCTURAL_ENGINEERING
PUB_009993,SURFACES_COATINGS_AND_FILMS
PUB_009994,COMPUTER_VISION_AND_PATTERN_RECOGNITION
PUB_009995,COMPUTER_NETWORKS_AND_COMMUNICATIONS
PUB_009996,ELECTRICAL_AND_ELECTRONIC_ENGINEERING
PUB_009997,CONDENSED_MATTER_PHYSICS
PUB_009998,ELECTRONIC_OPTICAL_AND_MAGNETIC_MATERIALS
PUB_009999,ELECTRICAL_AND_ELECTRONIC_ENGINEERING
PUB_010000,ELECTRICAL_AND_ELECTRONIC_ENGINEERING
PUB_010001,COMPUTER_VISION_AND_PATTERN_RECOGNITION
PUB_010002,MECHANICAL_ENGINEERING
PUB_010003,MATERIALS_CHEMISTRY
PUB_010004,ATOMIC_AND_MOLECULAR_PHYSICS_AND_OPTICS
PUB_010005,AUTOMOTIVE_ENGINEERING
PUB_010006,BUILDING_AND_CONSTRUCTION
PUB_010007,BUILDING_AND_CONSTRUCTION
PUB_010008,AEROSPACE_ENGINEERING
PUB_010009,MECHANICAL_ENGINEERING
PUB_010010,ELECTRICAL_AND_ELECTRONIC_ENGINEERING
PUB_010011,COMPUTER_VISION_AND_PATTERN_RECOGNITION
PUB_010012,ARTIFICIAL_INTELLIGENCE
PUB_010013,MECHANICAL_ENGINEERING
PUB_010014,ELECTRICAL_AND_ELECTRONIC_ENGINEERING
PUB_010015,MECHANICAL_ENGINEERING
PUB_010016,ELECTRICAL_AND_ELECTRONIC_ENGINEERING
PUB_010017,MECHANICAL_ENGINEERING
PUB_010018,ELECTRICAL_AND_ELECTRONIC_ENGINEERING
PUB_010019,APPLIED_MATHEMATICS
PUB_010020,ELECTRICAL_AND_ELECTRONIC_ENGINEERING
PUB_010021,COMPUTER_NETWORKS_AND_COMMUNICATIONS
PUB_010022,AEROSPACE_ENGINEERING
PUB_010023,ELECTRICAL_AND_ELECTRONIC_ENGINEERING
PUB_010024,ARTIFICIAL_INTELLIGENCE
PUB_010025,COMPUTATIONAL_MECHANICS
PUB_010026,ASTRONOMY_AND_ASTROPHYSICS
PUB_010027,ELECTRICAL_AND_ELECTRONIC_ENGINEERING
PUB_010028,ASTRONOMY_AND_ASTROPHYSICS
PUB_010029,MECHANICAL_ENGINEERING
PUB_010030,ELECTRICAL_AND_ELECTRONIC_ENGINEERING
PUB_010031,COMPUTER_NETWORKS_AND_COMMUNICATIONS
PUB_010032,ELECTRICAL_AND_ELECTRONIC_ENGINEERING
PUB_010033,AEROSPACE_ENGINEERING
PUB_010034,ELECTRICAL_AND_ELECTRONIC_ENGINEERING
PUB_010035,ASTRONOMY_AND_ASTROPHYSICS
PUB_010036,MECHANICAL_ENGINEERING
PUB_010037,BIOMEDICAL_ENGINEERING
PUB_010038,ELECTRICAL_AND_ELECTRONIC_ENGINEERING
PUB_010039,COMPUTER_VISION_AND_PATTERN_RECOGNITION
PUB_010040,ATOMIC_AND_MOLECULAR_PHYSICS_AND_OPTICS
PUB_010041,MATERIALS_CHEMISTRY
PUB_010042,COMPUTATIONAL_MECHANICS
PUB_010043,COMPUTER_VISION_AND_PATTERN_RECOGNITION
PUB_010044,COMPUTER_VISION_AND_PATTERN_RECOGNITION
PUB_010045,ELECTRICAL_AND_ELECTRONIC_ENGINEERING
PUB_010046,CONDENSED_MATTER_PHYSICS
PUB_010047,BIOMEDICAL_ENGINEERING
PUB_010048,CONTROL_AND_SYSTEMS_ENGINEERING
PUB_010049,COMPUTER_VISION_AND_PATTERN_RECOGNITION
PUB_010050,ARTIFICIAL_INTELLIGENCE
PUB_010051,BIOMEDICAL_ENGINEERING
PUB_010052,MATERIALS_CHEMISTRY
PUB_010053,DISCRETE_MATHEMATICS_AND_COMBINATORICS
PUB_010054,COMPUTATIONAL_MECHANICS
PUB_010055,ATOMIC_AND_MOLECULAR_PHYSICS_AND_OPTICS
PUB_010056,ARTIFICIAL_INTELLIGENCE
PUB_010057,ELECTRICAL_AND_ELECTRONIC_ENGINEERING
PUB_010058,BIOMEDICAL_ENGINEERING
PUB_010059,ELECTRICAL_AND_ELECTRONIC_ENGINEERING
PUB_010060,AUTOMOTIVE_ENGINEERING
PUB_010061,COMPUTER_SCIENCE_APPLICATIONS
PUB_010062,BUILDING_AND_CONSTRUCTION
PUB_010063,ELECTRICAL_AND_ELECTRONIC_ENGINEERING
PUB_010064,MATERIALS_CHEMISTRY
PUB_010065,ELECTRICAL_AND_ELECTRONIC_ENGINEERING
PUB_010066,BUILDING_AND_CONSTRUCTION
PUB_010067,CIVIL_AND_STRUCTURAL_ENGINEERING
PUB_010068,ELECTRICAL_AND_ELECTRONIC_ENGINEERING
PUB_010069,ELECTRICAL_AND_ELECTRONIC_ENGINEERING
PUB_010070,AEROSPACE_ENGINEERING
PUB_010071,ELECTRICAL_AND_ELECTRONIC_ENGINEERING
PUB_010072,ASTRONOMY_AND_ASTROPHYSICS
PUB_010073,ARTIFICIAL_INTELLIGENCE
PUB_010074,ELECTRICAL_AND_ELECTRONIC_ENGINEERING
PUB_010075,MECHANICAL_ENGINEERING
PUB_010076,AEROSPACE_ENGINEERING
PUB_010077,ARTIFICIAL_INTELLIGENCE
PUB_010078,COMPUTER_NETWORKS_AND_COMMUNICATIONS
PUB_010079,CONTROL_AND_SYSTEMS_ENGINEERING
PUB_010080,COMPUTER_VISION_AND_PATTERN_RECOGNITION
PUB_010081,HUMANCOMPUTER_INTERACTION
PUB_010082,COMPUTER_VISION_AND_PATTERN_RECOGNITION
PUB_010083,BUILDING_AND_CONSTRUCTION
PUB_010084,ASTRONOMY_AND_ASTROPHYSICS
PUB_010085,MEDIA_TECHNOLOGY
PUB_010086,ARTIFICIAL_INTELLIGENCE
PUB_010087,ASTRONOMY_AND_ASTROPHYSICS
PUB_010088,MATHEMATICAL_PHYSICS
PUB_010089,COMPUTER_VISION_AND_PATTERN_RECOGNITION
PUB_010090,ATOMIC_AND_MOLECULAR_PHYSICS_AND_OPTICS
PUB_010091,AEROSPACE_ENGINEERING
PUB_010092,ELECTRICAL_AND_ELECTRONIC_ENGINEERING
PUB_010093,CONDENSED_MATTER_PHYSICS
PUB_010094,OCEAN_ENGINEERING
PUB_010095,COMPUTER_NETWORKS_AND_COMMUNICATIONS
PUB_010096,COMPUTER_VISION_AND_PATTERN_RECOGNITION
PUB_010097,CONDENSED_MATTER_PHYSICS
PUB_010098,MECHANICAL_ENGINEERING
PUB_010099,ATOMIC_AND_MOLECULAR_PHYSICS_AND_OPTICS
PUB_010100,AEROSPACE_ENGINEERING
PUB_010101,COMPUTER_VISION_AND_PATTERN_RECOGNITION
PUB_010102,MATERIALS_CHEMISTRY
PUB_010103,MECHANICAL_ENGINEERING
PUB_010104,MECHANICAL_ENGINEERING
PUB_010105,AEROSPACE_ENGINEERING
PUB_010106,ELECTRICAL_AND_ELECTRONIC_ENGINEERING
PUB_010107,ELECTRICAL_AND_ELECTRONIC_ENGINEERING
PUB_010108,ELECTRICAL_AND_ELECTRONIC_ENGINEERING
PUB_010109,COMPUTER_NETWORKS_AND_COMMUNICATIONS
PUB_010110,GEOMETRY_AND_TOPOLOGY
PUB_010111,GEOMETRY_AND_TOPOLOGY
PUB_010112,GEOMETRY_AND_TOPOLOGY
PUB_010113,DISCRETE_MATHEMATICS_AND_COMBINATORICS
PUB_010114,ATOMIC_AND_MOLECULAR_PHYSICS_AND_OPTICS
PUB_010115,APPLIED_MATHEMATICS
PUB_010116,MECHANICAL_ENGINEERING
PUB_010117,COMPUTER_NETWORKS_AND_COMMUNICATIONS
PUB_010118,AEROSPACE_ENGINEERING
PUB_010119,MECHANICS_OF_MATERIALS
PUB_010120,COMPUTER_VISION_AND_PATTERN_RECOGNITION
PUB_010121,AEROSPACE_ENGINEERING
PUB_010122,INDUSTRIAL_AND_MANUFACTURING_ENGINEERING
PUB_010123,ASTRONOMY_AND_ASTROPHYSICS
PUB_010124,ELECTRICAL_AND_ELECTRONIC_ENGINEERING
PUB_010125,APPLIED_MATHEMATICS
PUB_010126,COMPUTER_NETWORKS_AND_COMMUNICATIONS
PUB_010127,CIVIL_AND_STRUCTURAL_ENGINEERING
PUB_010128,DISCRETE_MATHEMATICS_AND_COMBINATORICS
PUB_010129,BIOMEDICAL_ENGINEERING
PUB_010130,BIOMEDICAL_ENGINEERING
PUB_010131,ELECTRICAL_AND_ELECTRONIC_ENGINEERING
PUB_010132,ELECTRONIC_OPTICAL_AND_MAGNETIC_MATERIALS
PUB_010133,ELECTRICAL_AND_ELECTRONIC_ENGINEERING
PUB_010134,SAFETY_RISK_RELIABILITY_AND_QUALITY
PUB_010135,ELECTRICAL_AND_ELECTRONIC_ENGINEERING
PUB_010136,INFORMATION_SYSTEMS
PUB_010137,AEROSPACE_ENGINEERING
PUB_010138,ELECTRICAL_AND_ELECTRONIC_ENGINEERING
PUB_010139,GEOMETRY_AND_TOPOLOGY
PUB_010140,CONDENSED_MATTER_PHYSICS
PUB_010141,ELECTRONIC_OPTICAL_AND_MAGNETIC_MATERIALS
PUB_010142,CONDENSED_MATTER_PHYSICS
PUB_010143,MATERIALS_CHEMISTRY
PUB_010144,MECHANICAL_ENGINEERING
PUB_010145,ATOMIC_AND_MOLECULAR_PHYSICS_AND_OPTICS
PUB_010146,CONDENSED_MATTER_PHYSICS
PUB_010147,MATERIALS_CHEMISTRY
PUB_010148,ELECTRICAL_AND_ELECTRONIC_ENGINEERING
PUB_010149,COMPUTER_VISION_AND_PATTERN_RECOGNITION
PUB_010150,SAFETY_RISK_RELIABILITY_AND_QUALITY
PUB_010151,CONTROL_AND_SYSTEMS_ENGINEERING
PUB_010152,COMPUTATIONAL_MECHANICS
PUB_010153,BIOMEDICAL_ENGINEERING
PUB_010154,AEROSPACE_ENGINEERING
PUB_010155,DISCRETE_MATHEMATICS_AND_COMBINATORICS
PUB_010156,COMPUTATIONAL_MECHANICS
PUB_010157,ALGEBRA_AND_NUMBER_THEORY
PUB_010158,INDUSTRIAL_AND_MANUFACTURING_ENGINEERING
PUB_010159,ELECTRICAL_AND_ELECTRONIC_ENGINEERING
PUB_010160,SAFETY_RISK_RELIABILITY_AND_QUALITY
PUB_010161,ELECTRICAL_AND_ELECTRONIC_ENGINEERING
PUB_010162,MATHEMATICAL_PHYSICS
PUB_010163,MATERIALS_CHEMISTRY
PUB_010164,ELECTRICAL_AND_ELECTRONIC_ENGINEERING
PUB_010165,COMPUTER_NETWORKS_AND_COMMUNICATIONS
PUB_010166,ARTIFICIAL_INTELLIGENCE
PUB_010167,SAFETY_RISK_RELIABILITY_AND_QUALITY
PUB_010168,APPLIED_MATHEMATICS
PUB_010169,BIOMEDICAL_ENGINEERING
PUB_010170,COMPUTER_VISION_AND_PATTERN_RECOGNITION
PUB_010171,DISCRETE_MATHEMATICS_AND_COMBINATORICS
PUB_010172,ASTRONOMY_AND_ASTROPHYSICS
PUB_010173,COMPUTER_VISION_AND_PATTERN_RECOGNITION
PUB_010174,ELECTRICAL_AND_ELECTRONIC_ENGINEERING
PUB_010175,COMPUTER_NETWORKS_AND_COMMUNICATIONS
PUB_010176,ASTRONOMY_AND_ASTROPHYSICS
PUB_010177,AUTOMOTIVE_ENGINEERING
PUB_010178,COMPUTER_NETWORKS_AND_COMMUNICATIONS
PUB_010179,ARTIFICIAL_INTELLIGENCE
PUB_010180,COMPUTER_VISION_AND_PATTERN_RECOGNITION
PUB_010181,ATOMIC_AND_MOLECULAR_PHYSICS_AND_OPTICS
PUB_010182,MECHANICAL_ENGINEERING
PUB_010183,COMPUTER_VISION_AND_PATTERN_RECOGNITION
PUB_010184,ATOMIC_AND_MOLECULAR_PHYSICS_AND_OPTICS
PUB_010185,BIOMATERIALS
PUB_010186,STATISTICAL_AND_NONLINEAR_PHYSICS
PUB_010187,OCEAN_ENGINEERING
PUB_010188,POLYMERS_AND_PLASTICS
PUB_010189,ELECTRICAL_AND_ELECTRONIC_ENGINEERING
PUB_010190,MECHANICAL_ENGINEERING
PUB_010191,AUTOMOTIVE_ENGINEERING
PUB_010192,ELECTRONIC_OPTICAL_AND_MAGNETIC_MATERIALS
PUB_010193,CONDENSED_MATTER_PHYSICS
PUB_010194,ELECTRICAL_AND_ELECTRONIC_ENGINEERING
PUB_010195,COMPUTATIONAL_MECHANICS
PUB_010196,ELECTRICAL_AND_ELECTRONIC_ENGINEERING
PUB_010197,CONTROL_AND_SYSTEMS_ENGINEERING
PUB_010198,ELECTRICAL_AND_ELECTRONIC_ENGINEERING
PUB_010199,MECHANICAL_ENGINEERING
PUB_010200,ATOMIC_AND_MOLECULAR_PHYSICS_AND_OPTICS
PUB_010201,MECHANICAL_ENGINEERING
PUB_010202,MATHEMATICAL_PHYSICS
PUB_010203,ELECTRICAL_AND_ELECTRONIC_ENGINEERING
PUB_010204,CONTROL_AND_SYSTEMS_ENGINEERING
PUB_010205,AEROSPACE_ENGINEERING
PUB_010206,MECHANICS_OF_MATERIALS
PUB_010207,CONDENSED_MATTER_PHYSICS
PUB_010208,ATOMIC_AND_MOLECULAR_PHYSICS_AND_OPTICS
PUB_010209,MECHANICAL_ENGINEERING
PUB_010210,COMPUTATIONAL_MECHANICS
PUB_010211,SOFTWARE
PUB_010212,ELECTRICAL_AND_ELECTRONIC_ENGINEERING
PUB_010213,ELECTRICAL_AND_ELECTRONIC_ENGINEERING
PUB_010214,ARTIFICIAL_INTELLIGENCE
PUB_010215,COMPUTATIONAL_THEORY_AND_MATHEMATICS
PUB_010216,ELECTRICAL_AND_ELECTRONIC_ENGINEERING
PUB_010217,HARDWARE_AND_ARCHITECTURE
PUB_010218,ARTIFICIAL_INTELLIGENCE
PUB_010219,COMPUTER_NETWORKS_AND_COMMUNICATIONS
PUB_010220,BIOMEDICAL_ENGINEERING
PUB_010221,BIOMEDICAL_ENGINEERING
PUB_010222,ASTRONOMY_AND_ASTROPHYSICS
PUB_010223,BIOMEDICAL_ENGINEERING
PUB_010224,BIOMEDICAL_ENGINEERING
PUB_010225,ELECTRICAL_AND_ELECTRONIC_ENGINEERING
PUB_010226,ASTRONOMY_AND_ASTROPHYSICS
PUB_010227,MODELING_AND_SIMULATION
PUB_010228,ASTRONOMY_AND_ASTROPHYSICS
PUB_010229,ASTRONOMY_AND_ASTROPHYSICS
PUB_010230,ARTIFICIAL_INTELLIGENCE
PUB_010231,MECHANICS_OF_MATERIALS
PUB_010232,MATERIALS_CHEMISTRY
PUB_010233,MECHANICAL_ENGINEERING
PUB_010234,ARTIFICIAL_INTELLIGENCE
PUB_010235,ELECTRICAL_AND_ELECTRONIC_ENGINEERING
PUB_010236,BIOMEDICAL_ENGINEERING
PUB_010237,MECHANICAL_ENGINEERING
PUB_010238,BIOMEDICAL_ENGINEERING
PUB_010239,MATERIALS_CHEMISTRY
PUB_010240,ATOMIC_AND_MOLECULAR_PHYSICS_AND_OPTICS
PUB_010241,MATERIALS_CHEMISTRY
PUB_010242,AEROSPACE_ENGINEERING
PUB_010243,ATOMIC_AND_MOLECULAR_PHYSICS_AND_OPTICS
PUB_010244,OCEAN_ENGINEERING
PUB_010245,MATERIALS_CHEMISTRY
PUB_010246,BIOMEDICAL_ENGINEERING
PUB_010247,MECHANICAL_ENGINEERING
PUB_010248,AUTOMOTIVE_ENGINEERING
PUB_010249,MODELING_AND_SIMULATION
PUB_010250,MECHANICAL_ENGINEERING
PUB_010251,BIOMATERIALS
PUB_010252,ELECTRICAL_AND_ELECTRONIC_ENGINEERING
PUB_010253,APPLIED_MATHEMATICS
PUB_010254,APPLIED_MATHEMATICS
PUB_010255,COMPUTATIONAL_THEORY_AND_MATHEMATICS
PUB_010256,CONDENSED_MATTER_PHYSICS
PUB_010257,MECHANICAL_ENGINEERING
PUB_010258,INSTRUMENTATION
PUB_010259,ELECTRICAL_AND_ELECTRONIC_ENGINEERING
PUB_010260,MECHANICAL_ENGINEERING
PUB_010261,STATISTICS_AND_PROBABILITY
PUB_010262,MATERIALS_CHEMISTRY
PUB_010263,AUTOMOTIVE_ENGINEERING
PUB_010264,MATERIALS_CHEMISTRY
PUB_010265,COMPUTATIONAL_THEORY_AND_MATHEMATICS
PUB_010266,MODELING_AND_SIMULATION
PUB_010267,ATOMIC_AND_MOLECULAR_PHYSICS_AND_OPTICS
PUB_010268,APPLIED_MATHEMATICS
PUB_010269,COMPUTATIONAL_THEORY_AND_MATHEMATICS
PUB_010270,ARTIFICIAL_INTELLIGENCE
PUB_010271,GEOMETRY_AND_TOPOLOGY
PUB_010272,ASTRONOMY_AND_ASTROPHYSICS
PUB_010273,ASTRONOMY_AND_ASTROPHYSICS
PUB_010274,STATISTICAL_AND_NONLINEAR_PHYSICS
PUB_010275,MATERIALS_CHEMISTRY
PUB_010276,CONDENSED_MATTER_PHYSICS
PUB_010277,ELECTRICAL_AND_ELECTRONIC_ENGINEERING
PUB_010278,COMPUTER_GRAPHICS_AND_COMPUTERAIDED_DESIGN
PUB_010279,COMPUTER_VISION_AND_PATTERN_RECOGNITION
PUB_010280,COMPUTATIONAL_MECHANICS
PUB_010281,COMPUTER_GRAPHICS_AND_COMPUTERAIDED_DESIGN
PUB_010282,AEROSPACE_ENGINEERING
PUB_010283,AEROSPACE_ENGINEERING
PUB_010284,AEROSPACE_ENGINEERING
PUB_010285,AEROSPACE_ENGINEERING
PUB_010286,ASTRONOMY_AND_ASTROPHYSICS
PUB_010287,COMPUTATIONAL_THEORY_AND_MATHEMATICS
PUB_010288,GEOMETRY_AND_TOPOLOGY
PUB_010289,ALGEBRA_AND_NUMBER_THEORY
PUB_010290,ELECTRICAL_AND_ELECTRONIC_ENGINEERING
PUB_010291,ATOMIC_AND_MOLECULAR_PHYSICS_AND_OPTICS
PUB_010292,COMPUTER_VISION_AND_PATTERN_RECOGNITION
PUB_010293,ASTRONOMY_AND_ASTROPHYSICS
PUB_010294,ARTIFICIAL_INTELLIGENCE
PUB_010295,BIOMEDICAL_ENGINEERING
PUB_010296,BIOMEDICAL_ENGINEERING
PUB_010297,ELECTRICAL_AND_ELECTRONIC_ENGINEERING
PUB_010298,ELECTRICAL_AND_ELECTRONIC_ENGINEERING
PUB_010299,MATERIALS_CHEMISTRY
PUB_010300,ELECTRICAL_AND_ELECTRONIC_ENGINEERING
PUB_010301,BIOMEDICAL_ENGINEERING
PUB_010302,APPLIED_MATHEMATICS
PUB_010303,MATERIALS_CHEMISTRY
PUB_010304,STATISTICAL_AND_NONLINEAR_PHYSICS
PUB_010305,ELECTRONIC_OPTICAL_AND_MAGNETIC_MATERIALS
PUB_010306,AEROSPACE_ENGINEERING
PUB_010307,AEROSPACE_ENGINEERING
PUB_010308,ASTRONOMY_AND_ASTROPHYSICS
PUB_010309,MATERIALS_CHEMISTRY
PUB_010310,GENERAL_MATERIALS_SCIENCE
PUB_010311,MECHANICAL_ENGINEERING
PUB_010312,ARTIFICIAL_INTELLIGENCE
PUB_010313,MATERIALS_CHEMISTRY
PUB_010314,BIOMEDICAL_ENGINEERING
PUB_010315,INFORMATION_SYSTEMS
PUB_010316,ATOMIC_AND_MOLECULAR_PHYSICS_AND_OPTICS
PUB_010317,SAFETY_RISK_RELIABILITY_AND_QUALITY
PUB_010318,INDUSTRIAL_AND_MANUFACTURING_ENGINEERING
PUB_010319,ELECTRICAL_AND_ELECTRONIC_ENGINEERING
PUB_010320,CONDENSED_MATTER_PHYSICS
PUB_010321,ELECTRICAL_AND_ELECTRONIC_ENGINEERING
PUB_010322,MECHANICAL_ENGINEERING
PUB_010323,ELECTRICAL_AND_ELECTRONIC_ENGINEERING
PUB_010324,MECHANICAL_ENGINEERING
PUB_010325,COMPUTER_NETWORKS_AND_COMMUNICATIONS
PUB_010326,ARTIFICIAL_INTELLIGENCE
PUB_010327,OCEAN_ENGINEERING
PUB_010328,COMPUTER_GRAPHICS_AND_COMPUTERAIDED_DESIGN
PUB_010329,ELECTRICAL_AND_ELECTRONIC_ENGINEERING
PUB_010330,INFORMATION_SYSTEMS
PUB_010331,ATOMIC_AND_MOLECULAR_PHYSICS_AND_OPTICS
PUB_010332,OCEAN_ENGINEERING
PUB_010333,MATERIALS_CHEMISTRY
PUB_010334,MATHEMATICAL_PHYSICS
PUB_010335,ELECTRICAL_AND_ELECTRONIC_ENGINEERING
PUB_010336,COMPUTER_NETWORKS_AND_COMMUNICATIONS
PUB_010337,ELECTRICAL_AND_ELECTRONIC_ENGINEERING
PUB_010338,ARTIFICIAL_INTELLIGENCE
PUB_010339,ARTIFICIAL_INTELLIGENCE
PUB_010340,STATISTICAL_AND_NONLINEAR_PHYSICS
PUB_010341,ARTIFICIAL_INTELLIGENCE
PUB_010342,ARTIFICIAL_INTELLIGENCE
PUB_010343,COMPUTATIONAL_THEORY_AND_MATHEMATICS
PUB_010344,ARTIFICIAL_INTELLIGENCE
PUB_010345,POLYMERS_AND_PLASTICS
PUB_010346,SAFETY_RISK_RELIABILITY_AND_QUALITY
PUB_010347,CIVIL_AND_STRUCTURAL_ENGINEERING
PUB_010348,CIVIL_AND_STRUCTURAL_ENGINEERING
PUB_010349,ELECTRONIC_OPTICAL_AND_MAGNETIC_MATERIALS
PUB_010350,MATERIALS_CHEMISTRY
PUB_010351,MODELING_AND_SIMULATION
PUB_010352,COMPUTATIONAL_THEORY_AND_MATHEMATICS
PUB_010353,COMPUTATIONAL_MECHANICS
PUB_010354,COMPUTATIONAL_MECHANICS
PUB_010355,COMPUTATIONAL_MECHANICS
PUB_010356,BIOMEDICAL_ENGINEERING
PUB_010357,MATERIALS_CHEMISTRY
PUB_010358,COMPUTATIONAL_MECHANICS
PUB_010359,OCEAN_ENGINEERING
PUB_010360,MATERIALS_CHEMISTRY
PUB_010361,CIVIL_AND_STRUCTURAL_ENGINEERING
PUB_010362,STATISTICAL_AND_NONLINEAR_PHYSICS
PUB_010363,ARTIFICIAL_INTELLIGENCE
PUB_010364,ARTIFICIAL_INTELLIGENCE
PUB_010365,SURFACES_COATINGS_AND_FILMS
PUB_010366,OCEAN_ENGINEERING
PUB_010367,MECHANICAL_ENGINEERING
PUB_010368,COMPUTATIONAL_MECHANICS
PUB_010369,COMPUTATIONAL_MECHANICS
PUB_010370,ELECTRONIC_OPTICAL_AND_MAGNETIC_MATERIALS
PUB_010371,ELECTRICAL_AND_ELECTRONIC_ENGINEERING
PUB_010372,ELECTRICAL_AND_ELECTRONIC_ENGINEERING
PUB_010373,GENERAL_MATERIALS_SCIENCE
PUB_010374,COMPUTATIONAL_MECHANICS
PUB_010375,ELECTRONIC_OPTICAL_AND_MAGNETIC_MATERIALS
PUB_010376,ATOMIC_AND_MOLECULAR_PHYSICS_AND_OPTICS
PUB_010377,MATHEMATICAL_PHYSICS
PUB_010378,MECHANICS_OF_MATERIALS
PUB_010379,MATERIALS_CHEMISTRY
PUB_010380,ARTIFICIAL_INTELLIGENCE
PUB_010381,ELECTRICAL_AND_ELECTRONIC_ENGINEERING
PUB_010382,OCEAN_ENGINEERING
PUB_010383,ATOMIC_AND_MOLECULAR_PHYSICS_AND_OPTICS
PUB_010384,COMPUTATIONAL_MECHANICS
PUB_010385,MECHANICS_OF_MATERIALS
PUB_010386,ARTIFICIAL_INTELLIGENCE
PUB_010387,CIVIL_AND_STRUCTURAL_ENGINEERING
PUB_010388,BIOMEDICAL_ENGINEERING
PUB_010389,ELECTRICAL_AND_ELECTRONIC_ENGINEERING
PUB_010390,COMPUTATIONAL_THEORY_AND_MATHEMATICS
PUB_010391,ELECTRICAL_AND_ELECTRONIC_ENGINEERING
PUB_010392,MATERIALS_CHEMISTRY
PUB_010393,MATERIALS_CHEMISTRY
PUB_010394,ELECTRICAL_AND_ELECTRONIC_ENGINEERING
PUB_010395,ELECTRICAL_AND_ELECTRONIC_ENGINEERING
PUB_010396,MATERIALS_CHEMISTRY
PUB_010397,ELECTRICAL_AND_ELECTRONIC_ENGINEERING
PUB_010398,POLYMERS_AND_PLASTICS
PUB_010399,MODELING_AND_SIMULATION
PUB_010400,MECHANICAL_ENGINEERING
PUB_010401,MECHANICS_OF_MATERIALS
PUB_010402,ELECTRICAL_AND_ELECTRONIC_ENGINEERING
PUB_010403,CONDENSED_MATTER_PHYSICS
PUB_010404,CONDENSED_MATTER_PHYSICS
PUB_010405,COMPUTATIONAL_MECHANICS
PUB_010406,COMPUTATIONAL_THEORY_AND_MATHEMATICS
PUB_010407,COMPUTATIONAL_MECHANICS
PUB_010408,MECHANICS_OF_MATERIALS
PUB_010409,COMPUTATIONAL_MECHANICS
PUB_010410,COMPUTATIONAL_MECHANICS
PUB_010411,MECHANICS_OF_MATERIALS
PUB_010412,MECHANICS_OF_MATERIALS
PUB_010413,COMPUTATIONAL_MECHANICS
PUB_010414,ELECTRICAL_AND_ELECTRONIC_ENGINEERING
PUB_010415,COMPUTATIONAL_MECHANICS
PUB_010416,AEROSPACE_ENGINEERING
PUB_010417,COMPUTATIONAL_MECHANICS
PUB_010418,COMPUTATIONAL_MECHANICS
PUB_010419,COMPUTATIONAL_MECHANICS
PUB_010420,BIOMATERIALS
PUB_010421,BIOMEDICAL_ENGINEERING
PUB_010422,APPLIED_MATHEMATICS
PUB_010423,COMPUTATIONAL_THEORY_AND_MATHEMATICS
PUB_010424,COMPUTATIONAL_MECHANICS
PUB_010425,ATOMIC_AND_MOLECULAR_PHYSICS_AND_OPTICS
PUB_010426,AEROSPACE_ENGINEERING
PUB_010427,CIVIL_AND_STRUCTURAL_ENGINEERING
PUB_010428,COMPUTATIONAL_THEORY_AND_MATHEMATICS
PUB_010429,MEDIA_TECHNOLOGY
PUB_010430,COMPUTATIONAL_THEORY_AND_MATHEMATICS
PUB_010431,STATISTICAL_AND_NONLINEAR_PHYSICS
PUB_010432,COMPUTATIONAL_THEORY_AND_MATHEMATICS
PUB_010433,ELECTRICAL_AND_ELECTRONIC_ENGINEERING
PUB_010434,COMPUTATIONAL_THEORY_AND_MATHEMATICS
PUB_010435,CIVIL_AND_STRUCTURAL_ENGINEERING
PUB_010436,MATERIALS_CHEMISTRY
PUB_010437,ATOMIC_AND_MOLECULAR_PHYSICS_AND_OPTICS
PUB_010438,MECHANICAL_ENGINEERING
PUB_010439,MECHANICAL_ENGINEERING
PUB_010440,MECHANICS_OF_MATERIALS
PUB_010441,MECHANICAL_ENGINEERING
PUB_010442,ATOMIC_AND_MOLECULAR_PHYSICS_AND_OPTICS
PUB_010443,COMPUTATIONAL_THEORY_AND_MATHEMATICS
PUB_010444,ELECTRICAL_AND_ELECTRONIC_ENGINEERING
PUB_010445,AEROSPACE_ENGINEERING
PUB_010446,ARTIFICIAL_INTELLIGENCE
PUB_010447,CERAMICS_AND_COMPOSITES
PUB_010448,CIVIL_AND_STRUCTURAL_ENGINEERING
PUB_010449,AEROSPACE_ENGINEERING
PUB_010450,AEROSPACE_ENGINEERING
PUB_010451,MATERIALS_CHEMISTRY
PUB_010452,ATOMIC_AND_MOLECULAR_PHYSICS_AND_OPTICS
PUB_010453,ELECTRICAL_AND_ELECTRONIC_ENGINEERING
PUB_010454,ATOMIC_AND_MOLECULAR_PHYSICS_AND_OPTICS
PUB_010455,MECHANICAL_ENGINEERING
PUB_010456,ATOMIC_AND_MOLECULAR_PHYSICS_AND_OPTICS
PUB_010457,ELECTRICAL_AND_ELECTRONIC_ENGINEERING
PUB_010458,ELECTRICAL_AND_ELECTRONIC_ENGINEERING
PUB_010459,BIOMATERIALS
PUB_010460,ASTRONOMY_AND_ASTROPHYSICS
PUB_010461,COMPUTER_NETWORKS_AND_COMMUNICATIONS
PUB_010462,ARTIFICIAL_INTELLIGENCE
PUB_010463,MATERIALS_CHEMISTRY
PUB_010464,HUMANCOMPUTER_INTERACTION
PUB_010465,INFORMATION_SYSTEMS
PUB_010466,INDUSTRIAL_AND_MANUFACTURING_ENGINEERING
PUB_010467,COMPUTER_GRAPHICS_AND_COMPUTERAIDED_DESIGN
PUB_010468,ELECTRICAL_AND_ELECTRONIC_ENGINEERING
PUB_010469,ELECTRICAL_AND_ELECTRONIC_ENGINEERING
PUB_010470,BIOMEDICAL_ENGINEERING
PUB_010471,STATISTICAL_AND_NONLINEAR_PHYSICS
PUB_010472,ATOMIC_AND_MOLECULAR_PHYSICS_AND_OPTICS
PUB_010473,ARTIFICIAL_INTELLIGENCE
PUB_010474,ATOMIC_AND_MOLECULAR_PHYSICS_AND_OPTICS
PUB_010475,CIVIL_AND_STRUCTURAL_ENGINEERING
PUB_010476,CIVIL_AND_STRUCTURAL_ENGINEERING
PUB_010477,SAFETY_RISK_RELIABILITY_AND_QUALITY
PUB_010478,BIOMEDICAL_ENGINEERING
PUB_010479,BIOMEDICAL_ENGINEERING
PUB_010480,ELECTRICAL_AND_ELECTRONIC_ENGINEERING
PUB_010481,ARTIFICIAL_INTELLIGENCE
PUB_010482,SIGNAL_PROCESSING
PUB_010483,MECHANICS_OF_MATERIALS
PUB_010484,CIVIL_AND_STRUCTURAL_ENGINEERING
PUB_010485,CONDENSED_MATTER_PHYSICS
PUB_010486,ELECTRICAL_AND_ELECTRONIC_ENGINEERING
PUB_010487,COMPUTER_VISION_AND_PATTERN_RECOGNITION
PUB_010488,CIVIL_AND_STRUCTURAL_ENGINEERING
PUB_010489,CIVIL_AND_STRUCTURAL_ENGINEERING
PUB_010490,ASTRONOMY_AND_ASTROPHYSICS
PUB_010491,ELECTRICAL_AND_ELECTRONIC_ENGINEERING
PUB_010492,COMPUTER_NETWORKS_AND_COMMUNICATIONS
PUB_010493,ELECTRICAL_AND_ELECTRONIC_ENGINEERING
PUB_010494,COMPUTATIONAL_MECHANICS
PUB_010495,COMPUTATIONAL_MECHANICS
PUB_010496,BIOMEDICAL_ENGINEERING
PUB_010497,STATISTICAL_AND_NONLINEAR_PHYSICS
PUB_010498,COMPUTER_VISION_AND_PATTERN_RECOGNITION
PUB_010499,BIOMEDICAL_ENGINEERING
PUB_010500,MEDIA_TECHNOLOGY
PUB_010501,BIOMEDICAL_ENGINEERING
PUB_010502,CONTROL_AND_SYSTEMS_ENGINEERING
PUB_010503,MECHANICAL_ENGINEERING
PUB_010504,COMPUTER_SCIENCE_APPLICATIONS
PUB_010505,MATERIALS_CHEMISTRY
PUB_010506,COMPUTATIONAL_MECHANICS
PUB_010507,ELECTRICAL_AND_ELECTRONIC_ENGINEERING
PUB_010508,ELECTRONIC_OPTICAL_AND_MAGNETIC_MATERIALS
PUB_010509,SURFACES_COATINGS_AND_FILMS
PUB_010510,ARTIFICIAL_INTELLIGENCE
PUB_010511,AEROSPACE_ENGINEERING
PUB_010512,ELECTRICAL_AND_ELECTRONIC_ENGINEERING
PUB_010513,ELECTRONIC_OPTICAL_AND_MAGNETIC_MATERIALS
PUB_010514,HARDWARE_AND_ARCHITECTURE
PUB_010515,ELECTRICAL_AND_ELECTRONIC_ENGINEERING
PUB_010516,ELECTRONIC_OPTICAL_AND_MAGNETIC_MATERIALS
PUB_010517,BIOMEDICAL_ENGINEERING
PUB_010518,ATOMIC_AND_MOLECULAR_PHYSICS_AND_OPTICS
PUB_010519,ARTIFICIAL_INTELLIGENCE
PUB_010520,MATERIALS_CHEMISTRY
PUB_010521,ELECTRICAL_AND_ELECTRONIC_ENGINEERING
PUB_010522,APPLIED_MATHEMATICS
PUB_010523,ELECTRICAL_AND_ELECTRONIC_ENGINEERING
PUB_010524,INDUSTRIAL_AND_MANUFACTURING_ENGINEERING
PUB_010525,BIOMEDICAL_ENGINEERING
PUB_010526,ATOMIC_AND_MOLECULAR_PHYSICS_AND_OPTICS
PUB_010527,INDUSTRIAL_AND_MANUFACTURING_ENGINEERING
PUB_010528,MODELING_AND_SIMULATION
PUB_010529,APPLIED_MATHEMATICS
PUB_010530,CIVIL_AND_STRUCTURAL_ENGINEERING
PUB_010531,BUILDING_AND_CONSTRUCTION
PUB_010532,ELECTRICAL_AND_ELECTRONIC_ENGINEERING
PUB_010533,ELECTRICAL_AND_ELECTRONIC_ENGINEERING
PUB_010534,BIOMATERIALS
PUB_010535,BIOMEDICAL_ENGINEERING
PUB_010536,MATERIALS_CHEMISTRY
PUB_010537,AEROSPACE_ENGINEERING
PUB_010538,AEROSPACE_ENGINEERING
PUB_010539,MECHANICAL_ENGINEERING
PUB_010540,AEROSPACE_ENGINEERING
PUB_010541,BIOMEDICAL_ENGINEERING
PUB_010542,AEROSPACE_ENGINEERING
PUB_010543,ELECTRICAL_AND_ELECTRONIC_ENGINEERING
PUB_010544,AEROSPACE_ENGINEERING
PUB_010545,ELECTRICAL_AND_ELECTRONIC_ENGINEERING
PUB_010546,ASTRONOMY_AND_ASTROPHYSICS
PUB_010547,ATOMIC_AND_MOLECULAR_PHYSICS_AND_OPTICS
PUB_010548,ARTIFICIAL_INTELLIGENCE
PUB_010549,COMPUTATIONAL_THEORY_AND_MATHEMATICS
PUB_010550,ELECTRICAL_AND_ELECTRONIC_ENGINEERING
PUB_010551,ATOMIC_AND_MOLECULAR_PHYSICS_AND_OPTICS
PUB_010552,MODELING_AND_SIMULATION
PUB_010553,ELECTRICAL_AND_ELECTRONIC_ENGINEERING
PUB_010554,GEOMETRY_AND_TOPOLOGY
PUB_010555,MATERIALS_CHEMISTRY
PUB_010556,GEOMETRY_AND_TOPOLOGY
PUB_010557,ELECTRONIC_OPTICAL_AND_MAGNETIC_MATERIALS
PUB_010558,ASTRONOMY_AND_ASTROPHYSICS
PUB_010559,MATERIALS_CHEMISTRY
PUB_010560,MATERIALS_CHEMISTRY
PUB_010561,MATERIALS_CHEMISTRY
PUB_010562,MATERIALS_CHEMISTRY
PUB_010563,ASTRONOMY_AND_ASTROPHYSICS
PUB_010564,MATERIALS_CHEMISTRY
PUB_010565,BIOMEDICAL_ENGINEERING
PUB_010566,ELECTRICAL_AND_ELECTRONIC_ENGINEERING
PUB_010567,ELECTRICAL_AND_ELECTRONIC_ENGINEERING
PUB_010568,COMPUTATIONAL_MECHANICS
PUB_010569,BIOMATERIALS
PUB_010570,CONDENSED_MATTER_PHYSICS
PUB_010571,ATOMIC_AND_MOLECULAR_PHYSICS_AND_OPTICS
PUB_010572,COMPUTATIONAL_THEORY_AND_MATHEMATICS
PUB_010573,AEROSPACE_ENGINEERING
PUB_010574,APPLIED_MATHEMATICS
PUB_010575,ELECTRICAL_AND_ELECTRONIC_ENGINEERING
PUB_010576,COMPUTER_NETWORKS_AND_COMMUNICATIONS
PUB_010577,BIOMEDICAL_ENGINEERING
PUB_010578,CONDENSED_MATTER_PHYSICS
PUB_010579,CONDENSED_MATTER_PHYSICS
PUB_010580,GEOMETRY_AND_TOPOLOGY
PUB_010581,ATOMIC_AND_MOLECULAR_PHYSICS_AND_OPTICS
PUB_010582,CONDENSED_MATTER_PHYSICS
PUB_010583,CONTROL_AND_SYSTEMS_ENGINEERING
PUB_010584,ARTIFICIAL_INTELLIGENCE
PUB_010585,MATERIALS_CHEMISTRY
PUB_010586,COMPUTATIONAL_THEORY_AND_MATHEMATICS
PUB_010587,BIOMEDICAL_ENGINEERING
PUB_010588,BIOMEDICAL_ENGINEERING
PUB_010589,ELECTRICAL_AND_ELECTRONIC_ENGINEERING
PUB_010590,MATERIALS_CHEMISTRY
PUB_010591,CIVIL_AND_STRUCTURAL_ENGINEERING
PUB_010592,ASTRONOMY_AND_ASTROPHYSICS
PUB_010593,MECHANICAL_ENGINEERING
PUB_010594,ARTIFICIAL_INTELLIGENCE
PUB_010595,GEOMETRY_AND_TOPOLOGY
PUB_010596,CONDENSED_MATTER_PHYSICS
PUB_010597,MECHANICAL_ENGINEERING
PUB_010598,BIOMEDICAL_ENGINEERING
PUB_010599,MECHANICAL_ENGINEERING
PUB_010600,STATISTICAL_AND_NONLINEAR_PHYSICS
PUB_010601,BIOMEDICAL_ENGINEERING
PUB_010602,ELECTRICAL_AND_ELECTRONIC_ENGINEERING
PUB_010603,ATOMIC_AND_MOLECULAR_PHYSICS_AND_OPTICS
PUB_010604,MECHANICAL_ENGINEERING
PUB_010605,ELECTRONIC_OPTICAL_AND_MAGNETIC_MATERIALS
PUB_010606,ELECTRICAL_AND_ELECTRONIC_ENGINEERING
PUB_010607,ELECTRICAL_AND_ELECTRONIC_ENGINEERING
PUB_010608,ELECTRICAL_AND_ELECTRONIC_ENGINEERING
PUB_010609,ELECTRICAL_AND_ELECTRONIC_ENGINEERING
PUB_010610,MECHANICAL_ENGINEERING
PUB_010611,ELECTRICAL_AND_ELECTRONIC_ENGINEERING
PUB_010612,ARTIFICIAL_INTELLIGENCE
PUB_010613,ARTIFICIAL_INTELLIGENCE
PUB_010614,MECHANICAL_ENGINEERING
PUB_010615,CONTROL_AND_SYSTEMS_ENGINEERING
PUB_010616,ARTIFICIAL_INTELLIGENCE
PUB_010617,ARTIFICIAL_INTELLIGENCE
PUB_010618,ARTIFICIAL_INTELLIGENCE
PUB_010619,ARTIFICIAL_INTELLIGENCE
PUB_010620,STATISTICAL_AND_NONLINEAR_PHYSICS
PUB_010621,STATISTICS_AND_PROBABILITY
PUB_010622,ELECTRICAL_AND_ELECTRONIC_ENGINEERING
PUB_010623,MATHEMATICAL_PHYSICS
PUB_010624,BIOMEDICAL_ENGINEERING
PUB_010625,BIOMEDICAL_ENGINEERING
PUB_010626,STATISTICAL_AND_NONLINEAR_PHYSICS
PUB_010627,ELECTRICAL_AND_ELECTRONIC_ENGINEERING
PUB_010628,BIOMEDICAL_ENGINEERING
PUB_010629,BUILDING_AND_CONSTRUCTION
PUB_010630,ELECTRICAL_AND_ELECTRONIC_ENGINEERING
PUB_010631,BIOMEDICAL_ENGINEERING
PUB_010632,AEROSPACE_ENGINEERING
PUB_010633,ELECTRICAL_AND_ELECTRONIC_ENGINEERING
PUB_010634,ELECTRONIC_OPTICAL_AND_MAGNETIC_MATERIALS
PUB_010635,ASTRONOMY_AND_ASTROPHYSICS
PUB_010636,MECHANICS_OF_MATERIALS
PUB_010637,COMPUTATIONAL_MECHANICS
PUB_010638,ELECTRICAL_AND_ELECTRONIC_ENGINEERING
PUB_010639,MECHANICS_OF_MATERIALS
PUB_010640,AEROSPACE_ENGINEERING
PUB_010641,AEROSPACE_ENGINEERING
PUB_010642,AEROSPACE_ENGINEERING
PUB_010643,AEROSPACE_ENGINEERING
PUB_010644,BUILDING_AND_CONSTRUCTION
PUB_010645,MECHANICS_OF_MATERIALS
PUB_010646,AEROSPACE_ENGINEERING
PUB_010647,COMPUTATIONAL_MECHANICS
PUB_010648,COMPUTATIONAL_MECHANICS
PUB_010649,COMPUTATIONAL_MECHANICS
PUB_010650,AEROSPACE_ENGINEERING
PUB_010651,AEROSPACE_ENGINEERING
PUB_010652,COMPUTATIONAL_MECHANICS
PUB_010653,AEROSPACE_ENGINEERING
PUB_010654,ASTRONOMY_AND_ASTROPHYSICS
PUB_010655,COMPUTATIONAL_MECHANICS
PUB_010656,ARTIFICIAL_INTELLIGENCE
PUB_010657,ELECTRICAL_AND_ELECTRONIC_ENGINEERING
PUB_010658,COMPUTER_NETWORKS_AND_COMMUNICATIONS
PUB_010659,ELECTRICAL_AND_ELECTRONIC_ENGINEERING
PUB_010660,CONDENSED_MATTER_PHYSICS
PUB_010661,ELECTRONIC_OPTICAL_AND_MAGNETIC_MATERIALS
PUB_010662,GEOMETRY_AND_TOPOLOGY
PUB_010663,POLYMERS_AND_PLASTICS
PUB_010664,CONDENSED_MATTER_PHYSICS
PUB_010665,COMPUTER_NETWORKS_AND_COMMUNICATIONS
PUB_010666,INDUSTRIAL_AND_MANUFACTURING_ENGINEERING
PUB_010667,OCEAN_ENGINEERING
PUB_010668,AEROSPACE_ENGINEERING
PUB_010669,COMPUTATIONAL_THEORY_AND_MATHEMATICS
PUB_010670,BIOMATERIALS
PUB_010671,GEOMETRY_AND_TOPOLOGY
PUB_010672,BUILDING_AND_CONSTRUCTION
PUB_010673,BUILDING_AND_CONSTRUCTION
PUB_010674,BUILDING_AND_CONSTRUCTION
PUB_010675,BUILDING_AND_CONSTRUCTION
PUB_010676,BUILDING_AND_CONSTRUCTION
PUB_010677,ARTIFICIAL_INTELLIGENCE
PUB_010678,MATERIALS_CHEMISTRY
PUB_010679,MATERIALS_CHEMISTRY
PUB_010680,MECHANICS_OF_MATERIALS
PUB_010681,CIVIL_AND_STRUCTURAL_ENGINEERING
PUB_010682,BUILDING_AND_CONSTRUCTION
PUB_010683,CIVIL_AND_STRUCTURAL_ENGINEERING
PUB_010684,OCEAN_ENGINEERING
PUB_010685,CIVIL_AND_STRUCTURAL_ENGINEERING
PUB_010686,BIOMEDICAL_ENGINEERING
PUB_010687,ELECTRICAL_AND_ELECTRONIC_ENGINEERING
PUB_010688,ELECTRONIC_OPTICAL_AND_MAGNETIC_MATERIALS
PUB_010689,ARTIFICIAL_INTELLIGENCE
PUB_010690,ELECTRICAL_AND_ELECTRONIC_ENGINEERING
PUB_010691,ELECTRICAL_AND_ELECTRONIC_ENGINEERING
PUB_010692,ELECTRICAL_AND_ELECTRONIC_ENGINEERING
PUB_010693,APPLIED_MATHEMATICS
PUB_010694,APPLIED_MATHEMATICS
PUB_010695,APPLIED_MATHEMATICS
PUB_010696,APPLIED_MATHEMATICS
PUB_010697,APPLIED_MATHEMATICS
PUB_010698,MATHEMATICAL_PHYSICS
PUB_010699,ELECTRICAL_AND_ELECTRONIC_ENGINEERING
PUB_010700,COMPUTATIONAL_MECHANICS
PUB_010701,CIVIL_AND_STRUCTURAL_ENGINEERING
PUB_010702,ELECTRICAL_AND_ELECTRONIC_ENGINEERING
PUB_010703,MATERIALS_CHEMISTRY
PUB_010704,ELECTRICAL_AND_ELECTRONIC_ENGINEERING
PUB_010705,ELECTRICAL_AND_ELECTRONIC_ENGINEERING
PUB_010706,ELECTRICAL_AND_ELECTRONIC_ENGINEERING
PUB_010707,ELECTRICAL_AND_ELECTRONIC_ENGINEERING
PUB_010708,ELECTRICAL_AND_ELECTRONIC_ENGINEERING
PUB_010709,ELECTRICAL_AND_ELECTRONIC_ENGINEERING
PUB_010710,ELECTRICAL_AND_ELECTRONIC_ENGINEERING
PUB_010711,ASTRONOMY_AND_ASTROPHYSICS
PUB_010712,ARTIFICIAL_INTELLIGENCE
PUB_010713,CONTROL_AND_SYSTEMS_ENGINEERING
PUB_010714,ELECTRICAL_AND_ELECTRONIC_ENGINEERING
PUB_010715,ELECTRICAL_AND_ELECTRONIC_ENGINEERING
PUB_010716,AEROSPACE_ENGINEERING
PUB_010717,AEROSPACE_ENGINEERING
PUB_010718,AEROSPACE_ENGINEERING
PUB_010719,CONDENSED_MATTER_PHYSICS
PUB_010720,ELECTRONIC_OPTICAL_AND_MAGNETIC_MATERIALS
PUB_010721,ARTIFICIAL_INTELLIGENCE
PUB_010722,MATERIALS_CHEMISTRY
PUB_010723,GENERAL_MATERIALS_SCIENCE
PUB_010724,ARTIFICIAL_INTELLIGENCE
PUB_010725,AEROSPACE_ENGINEERING
PUB_010726,COMPUTER_VISION_AND_PATTERN_RECOGNITION
PUB_010727,MECHANICAL_ENGINEERING
PUB_010728,GEOMETRY_AND_TOPOLOGY
PUB_010729,MEDIA_TECHNOLOGY
PUB_010730,ELECTRICAL_AND_ELECTRONIC_ENGINEERING
PUB_010731,POLYMERS_AND_PLASTICS
PUB_010732,ELECTRICAL_AND_ELECTRONIC_ENGINEERING
PUB_010733,MECHANICS_OF_MATERIALS
PUB_010734,MATERIALS_CHEMISTRY
PUB_010735,MATERIALS_CHEMISTRY
PUB_010736,CONTROL_AND_SYSTEMS_ENGINEERING
PUB_010737,ELECTRICAL_AND_ELECTRONIC_ENGINEERING
PUB_010738,COMPUTER_NETWORKS_AND_COMMUNICATIONS
PUB_010739,ELECTRICAL_AND_ELECTRONIC_ENGINEERING
PUB_010740,ATOMIC_AND_MOLECULAR_PHYSICS_AND_OPTICS
PUB_010741,ELECTRICAL_AND_ELECTRONIC_ENGINEERING
PUB_010742,INFORMATION_SYSTEMS
PUB_010743,AEROSPACE_ENGINEERING
PUB_010744,AEROSPACE_ENGINEERING
PUB_010745,COMPUTATIONAL_MECHANICS
PUB_010746,ELECTRICAL_AND_ELECTRONIC_ENGINEERING
PUB_010747,BIOMEDICAL_ENGINEERING
PUB_010748,ELECTRICAL_AND_ELECTRONIC_ENGINEERING
PUB_010749,MATERIALS_CHEMISTRY
PUB_010750,ASTRONOMY_AND_ASTROPHYSICS
PUB_010751,BIOMEDICAL_ENGINEERING
PUB_010752,ELECTRICAL_AND_ELECTRONIC_ENGINEERING
PUB_010753,BIOMEDICAL_ENGINEERING
PUB_010754,BIOMEDICAL_ENGINEERING
PUB_010755,MATERIALS_CHEMISTRY
PUB_010756,ELECTRICAL_AND_ELECTRONIC_ENGINEERING
PUB_010757,ELECTRICAL_AND_ELECTRONIC_ENGINEERING
PUB_010758,ELECTRICAL_AND_ELECTRONIC_ENGINEERING
PUB_010759,MATERIALS_CHEMISTRY
PUB_010760,ATOMIC_AND_MOLECULAR_PHYSICS_AND_OPTICS
PUB_010761,BIOMEDICAL_ENGINEERING
PUB_010762,BIOMEDICAL_ENGINEERING
PUB_010763,BIOMEDICAL_ENGINEERING
PUB_010764,ELECTRONIC_OPTICAL_AND_MAGNETIC_MATERIALS
PUB_010765,MECHANICS_OF_MATERIALS
PUB_010766,ELECTRICAL_AND_ELECTRONIC_ENGINEERING
PUB_010767,MATERIALS_CHEMISTRY
PUB_010768,BIOMEDICAL_ENGINEERING
PUB_010769,ELECTRICAL_AND_ELECTRONIC_ENGINEERING
PUB_010770,ARTIFICIAL_INTELLIGENCE
PUB_010771,ATOMIC_AND_MOLECULAR_PHYSICS_AND_OPTICS
PUB_010772,MECHANICAL_ENGINEERING
PUB_010773,ATOMIC_AND_MOLECULAR_PHYSICS_AND_OPTICS
PUB_010774,ARTIFICIAL_INTELLIGENCE
PUB_010775,COMPUTER_VISION_AND_PATTERN_RECOGNITION
PUB_010776,BIOMATERIALS
PUB_010777,ELECTRICAL_AND_ELECTRONIC_ENGINEERING
PUB_010778,BIOMEDICAL_ENGINEERING
PUB_010779,ELECTRICAL_AND_ELECTRONIC_ENGINEERING
PUB_010780,MECHANICAL_ENGINEERING
PUB_010781,BIOMEDICAL_ENGINEERING
PUB_010782,MATERIALS_CHEMISTRY
PUB_010783,MECHANICAL_ENGINEERING
PUB_010784,BUILDING_AND_CONSTRUCTION
PUB_010785,MATERIALS_CHEMISTRY
PUB_010786,ELECTRICAL_AND_ELECTRONIC_ENGINEERING
PUB_010787,MECHANICAL_ENGINEERING
PUB_010788,BIOMEDICAL_ENGINEERING
PUB_010789,MECHANICAL_ENGINEERING
PUB_010790,ELECTRICAL_AND_ELECTRONIC_ENGINEERING
PUB_010791,ELECTRICAL_AND_ELECTRONIC_ENGINEERING
PUB_010792,BIOMATERIALS
PUB_010793,ELECTRICAL_AND_ELECTRONIC_ENGINEERING
PUB_010794,ELECTRICAL_AND_ELECTRONIC_ENGINEERING
PUB_010795,ELECTRICAL_AND_ELECTRONIC_ENGINEERING
PUB_010796,MECHANICAL_ENGINEERING
PUB_010797,ELECTRICAL_AND_ELECTRONIC_ENGINEERING
PUB_010798,ELECTRICAL_AND_ELECTRONIC_ENGINEERING
PUB_010799,ARTIFICIAL_INTELLIGENCE
PUB_010800,ELECTRONIC_OPTICAL_AND_MAGNETIC_MATERIALS
PUB_010801,MECHANICAL_ENGINEERING
PUB_010802,BIOMATERIALS
PUB_010803,ELECTRONIC_OPTICAL_AND_MAGNETIC_MATERIALS
PUB_010804,BIOMEDICAL_ENGINEERING
PUB_010805,ELECTRONIC_OPTICAL_AND_MAGNETIC_MATERIALS
PUB_010806,COMPUTER_VISION_AND_PATTERN_RECOGNITION
PUB_010807,ELECTRONIC_OPTICAL_AND_MAGNETIC_MATERIALS
PUB_010808,MATERIALS_CHEMISTRY
PUB_010809,POLYMERS_AND_PLASTICS
PUB_010810,MATERIALS_CHEMISTRY
PUB_010811,POLYMERS_AND_PLASTICS
PUB_010812,ASTRONOMY_AND_ASTROPHYSICS
PUB_010813,ELECTRONIC_OPTICAL_AND_MAGNETIC_MATERIALS
PUB_010814,ELECTRICAL_AND_ELECTRONIC_ENGINEERING
PUB_010815,MECHANICS_OF_MATERIALS
PUB_010816,MATERIALS_CHEMISTRY
PUB_010817,ELECTRICAL_AND_ELECTRONIC_ENGINEERING
PUB_010818,MECHANICAL_ENGINEERING
PUB_010819,MATERIALS_CHEMISTRY
PUB_010820,COMPUTATIONAL_MECHANICS
PUB_010821,ELECTRONIC_OPTICAL_AND_MAGNETIC_MATERIALS
PUB_010822,ARTIFICIAL_INTELLIGENCE
PUB_010823,ELECTRICAL_AND_ELECTRONIC_ENGINEERING
PUB_010824,AEROSPACE_ENGINEERING
PUB_010825,BIOMEDICAL_ENGINEERING
PUB_010826,BIOMEDICAL_ENGINEERING
PUB_010827,BIOMEDICAL_ENGINEERING
PUB_010828,MECHANICS_OF_MATERIALS
PUB_010829,CIVIL_AND_STRUCTURAL_ENGINEERING
PUB_010830,ASTRONOMY_AND_ASTROPHYSICS
PUB_010831,BUILDING_AND_CONSTRUCTION
PUB_010832,STATISTICAL_AND_NONLINEAR_PHYSICS
PUB_010833,ELECTRONIC_OPTICAL_AND_MAGNETIC_MATERIALS
PUB_010834,BUILDING_AND_CONSTRUCTION
PUB_010835,ELECTRICAL_AND_ELECTRONIC_ENGINEERING
PUB_010836,ELECTRICAL_AND_ELECTRONIC_ENGINEERING
PUB_010837,MECHANICS_OF_MATERIALS
PUB_010838,MATERIALS_CHEMISTRY
PUB_010839,ELECTRICAL_AND_ELECTRONIC_ENGINEERING
PUB_010840,MECHANICAL_ENGINEERING
PUB_010841,MATERIALS_CHEMISTRY
PUB_010842,ELECTRONIC_OPTICAL_AND_MAGNETIC_MATERIALS
PUB_010843,MATERIALS_CHEMISTRY
PUB_010844,BIOMEDICAL_ENGINEERING
PUB_010845,ELECTRICAL_AND_ELECTRONIC_ENGINEERING
PUB_010846,ELECTRONIC_OPTICAL_AND_MAGNETIC_MATERIALS
PUB_010847,BIOMATERIALS
PUB_010848,ELECTRICAL_AND_ELECTRONIC_ENGINEERING
PUB_010849,BIOMATERIALS
PUB_010850,CIVIL_AND_STRUCTURAL_ENGINEERING
PUB_010851,ELECTRICAL_AND_ELECTRONIC_ENGINEERING
PUB_010852,BIOMEDICAL_ENGINEERING
PUB_010853,ELECTRICAL_AND_ELECTRONIC_ENGINEERING
PUB_010854,MECHANICAL_ENGINEERING
PUB_010855,CONTROL_AND_SYSTEMS_ENGINEERING
PUB_010856,ASTRONOMY_AND_ASTROPHYSICS
PUB_010857,MATERIALS_CHEMISTRY
PUB_010858,MODELING_AND_SIMULATION
PUB_010859,MECHANICAL_ENGINEERING
PUB_010860,POLYMERS_AND_PLASTICS
PUB_010861,ELECTRICAL_AND_ELECTRONIC_ENGINEERING
PUB_010862,ELECTRICAL_AND_ELECTRONIC_ENGINEERING
PUB_010863,BIOMATERIALS
PUB_010864,MATERIALS_CHEMISTRY
PUB_010865,ELECTRONIC_OPTICAL_AND_MAGNETIC_MATERIALS
PUB_010866,MECHANICAL_ENGINEERING
PUB_010867,BIOMEDICAL_ENGINEERING
PUB_010868,BIOMATERIALS
PUB_010869,ELECTRONIC_OPTICAL_AND_MAGNETIC_MATERIALS
PUB_010870,MATERIALS_CHEMISTRY
PUB_010871,MECHANICAL_ENGINEERING
PUB_010872,CIVIL_AND_STRUCTURAL_ENGINEERING
PUB_010873,BIOMATERIALS
PUB_010874,MATERIALS_CHEMISTRY
PUB_010875,MATERIALS_CHEMISTRY
PUB_010876,MECHANICAL_ENGINEERING
PUB_010877,AEROSPACE_ENGINEERING
PUB_010878,ELECTRICAL_AND_ELECTRONIC_ENGINEERING
PUB_010879,MECHANICAL_ENGINEERING
PUB_010880,ELECTRICAL_AND_ELECTRONIC_ENGINEERING
PUB_010881,DISCRETE_MATHEMATICS_AND_COMBINATORICS
PUB_010882,MECHANICAL_ENGINEERING
PUB_010883,COMPUTER_NETWORKS_AND_COMMUNICATIONS
PUB_010884,MEDIA_TECHNOLOGY
PUB_010885,ELECTRICAL_AND_ELECTRONIC_ENGINEERING
PUB_010886,INFORMATION_SYSTEMS
PUB_010887,ATOMIC_AND_MOLECULAR_PHYSICS_AND_OPTICS
PUB_010888,MATERIALS_CHEMISTRY
PUB_010889,AEROSPACE_ENGINEERING
PUB_010890,MATERIALS_CHEMISTRY
PUB_010891,MATERIALS_CHEMISTRY
PUB_010892,MATERIALS_CHEMISTRY
PUB_010893,ELECTRICAL_AND_ELECTRONIC_ENGINEERING
PUB_010894,MECHANICAL_ENGINEERING
PUB_010895,BUILDING_AND_CONSTRUCTION
PUB_010896,POLYMERS_AND_PLASTICS
PUB_010897,BIOMEDICAL_ENGINEERING
PUB_010898,BIOMEDICAL_ENGINEERING
PUB_010899,MATERIALS_CHEMISTRY
PUB_010900,STATISTICAL_AND_NONLINEAR_PHYSICS
PUB_010901,ELECTRICAL_AND_ELECTRONIC_ENGINEERING
PUB_010902,MATERIALS_CHEMISTRY
PUB_010903,ELECTRICAL_AND_ELECTRONIC_ENGINEERING
PUB_010904,CIVIL_AND_STRUCTURAL_ENGINEERING
PUB_010905,MATERIALS_CHEMISTRY
PUB_010906,MATERIALS_CHEMISTRY
PUB_010907,MECHANICAL_ENGINEERING
PUB_010908,ARTIFICIAL_INTELLIGENCE
PUB_010909,ELECTRICAL_AND_ELECTRONIC_ENGINEERING
PUB_010910,ELECTRICAL_AND_ELECTRONIC_ENGINEERING
PUB_010911,ELECTRICAL_AND_ELECTRONIC_ENGINEERING
PUB_010912,MATERIALS_CHEMISTRY
PUB_010913,POLYMERS_AND_PLASTICS
PUB_010914,MECHANICAL_ENGINEERING
PUB_010915,ELECTRICAL_AND_ELECTRONIC_ENGINEERING
PUB_010916,BIOMEDICAL_ENGINEERING
PUB_010917,MECHANICAL_ENGINEERING
PUB_010918,ELECTRONIC_OPTICAL_AND_MAGNETIC_MATERIALS
PUB_010919,MECHANICS_OF_MATERIALS
PUB_010920,ELECTRICAL_AND_ELECTRONIC_ENGINEERING
PUB_010921,ELECTRONIC_OPTICAL_AND_MAGNETIC_MATERIALS
PUB_010922,ASTRONOMY_AND_ASTROPHYSICS
PUB_010923,MATERIALS_CHEMISTRY
PUB_010924,ELECTRONIC_OPTICAL_AND_MAGNETIC_MATERIALS
PUB_010925,ASTRONOMY_AND_ASTROPHYSICS
PUB_010926,ELECTRICAL_AND_ELECTRONIC_ENGINEERING
PUB_010927,ATOMIC_AND_MOLECULAR_PHYSICS_AND_OPTICS
PUB_010928,MATERIALS_CHEMISTRY
PUB_010929,MATERIALS_CHEMISTRY
PUB_010930,ELECTRICAL_AND_ELECTRONIC_ENGINEERING
PUB_010931,BIOMEDICAL_ENGINEERING
PUB_010932,ELECTRONIC_OPTICAL_AND_MAGNETIC_MATERIALS
PUB_010933,POLYMERS_AND_PLASTICS
PUB_010934,MATERIALS_CHEMISTRY
PUB_010935,MATERIALS_CHEMISTRY
PUB_010936,BIOMEDICAL_ENGINEERING
PUB_010937,MATERIALS_CHEMISTRY
PUB_010938,MATERIALS_CHEMISTRY
PUB_010939,MECHANICAL_ENGINEERING
PUB_010940,INDUSTRIAL_AND_MANUFACTURING_ENGINEERING
PUB_010941,MATERIALS_CHEMISTRY
PUB_010942,ASTRONOMY_AND_ASTROPHYSICS
PUB_010943,ELECTRICAL_AND_ELECTRONIC_ENGINEERING
PUB_010944,MECHANICAL_ENGINEERING
PUB_010945,MATERIALS_CHEMISTRY
PUB_010946,APPLIED_MATHEMATICS
PUB_010947,MATERIALS_CHEMISTRY
PUB_010948,BIOMATERIALS
PUB_010949,MECHANICS_OF_MATERIALS
PUB_010950,ASTRONOMY_AND_ASTROPHYSICS
PUB_010951,CIVIL_AND_STRUCTURAL_ENGINEERING
PUB_010952,MECHANICAL_ENGINEERING
PUB_010953,MATERIALS_CHEMISTRY
PUB_010954,ATOMIC_AND_MOLECULAR_PHYSICS_AND_OPTICS
PUB_010955,MATERIALS_CHEMISTRY
PUB_010956,ELECTRONIC_OPTICAL_AND_MAGNETIC_MATERIALS
PUB_010957,BUILDING_AND_CONSTRUCTION
PUB_010958,CONDENSED_MATTER_PHYSICS
PUB_010959,ELECTRICAL_AND_ELECTRONIC_ENGINEERING
PUB_010960,BIOMATERIALS
PUB_010961,AEROSPACE_ENGINEERING
PUB_010962,ELECTRONIC_OPTICAL_AND_MAGNETIC_MATERIALS
PUB_010963,MATERIALS_CHEMISTRY
PUB_010964,POLYMERS_AND_PLASTICS
PUB_010965,MATERIALS_CHEMISTRY
PUB_010966,AEROSPACE_ENGINEERING
PUB_010967,COMPUTER_GRAPHICS_AND_COMPUTERAIDED_DESIGN
PUB_010968,ELECTRICAL_AND_ELECTRONIC_ENGINEERING
PUB_010969,ELECTRICAL_AND_ELECTRONIC_ENGINEERING
PUB_010970,MECHANICAL_ENGINEERING
PUB_010971,POLYMERS_AND_PLASTICS
PUB_010972,ELECTRICAL_AND_ELECTRONIC_ENGINEERING
PUB_010973,COMPUTER_NETWORKS_AND_COMMUNICATIONS
PUB_010974,ELECTRICAL_AND_ELECTRONIC_ENGINEERING
PUB_010975,MATERIALS_CHEMISTRY
PUB_010976,BIOMEDICAL_ENGINEERING
PUB_010977,MATERIALS_CHEMISTRY
PUB_010978,ELECTRICAL_AND_ELECTRONIC_ENGINEERING
PUB_010979,MATERIALS_CHEMISTRY
PUB_010980,BIOMEDICAL_ENGINEERING
PUB_010981,CIVIL_AND_STRUCTURAL_ENGINEERING
PUB_010982,MATERIALS_CHEMISTRY
PUB_010983,BIOMEDICAL_ENGINEERING
PUB_010984,BIOMEDICAL_ENGINEERING
PUB_010985,MECHANICAL_ENGINEERING
PUB_010986,MATERIALS_CHEMISTRY
PUB_010987,ELECTRICAL_AND_ELECTRONIC_ENGINEERING
PUB_010988,BIOMEDICAL_ENGINEERING
PUB_010989,MATERIALS_CHEMISTRY
PUB_010990,MATERIALS_CHEMISTRY
PUB_010991,ATOMIC_AND_MOLECULAR_PHYSICS_AND_OPTICS
PUB_010992,COMPUTATIONAL_THEORY_AND_MATHEMATICS
PUB_010993,MECHANICAL_ENGINEERING
PUB_010994,MATERIALS_CHEMISTRY
PUB_010995,BIOMEDICAL_ENGINEERING
PUB_010996,MECHANICAL_ENGINEERING
PUB_010997,ELECTRICAL_AND_ELECTRONIC_ENGINEERING
PUB_010998,MATERIALS_CHEMISTRY
PUB_010999,MATERIALS_CHEMISTRY
PUB_011000,MECHANICAL_ENGINEERING
PUB_011001,BIOMEDICAL_ENGINEERING
PUB_011002,BIOMEDICAL_ENGINEERING
PUB_011003,ELECTRONIC_OPTICAL_AND_MAGNETIC_MATERIALS
PUB_011004,MODELING_AND_SIMULATION
PUB_011005,ELECTRICAL_AND_ELECTRONIC_ENGINEERING
PUB_011006,COMPUTER_VISION_AND_PATTERN_RECOGNITION
PUB_011007,ELECTRICAL_AND_ELECTRONIC_ENGINEERING
PUB_011008,ATOMIC_AND_MOLECULAR_PHYSICS_AND_OPTICS
PUB_011009,MATERIALS_CHEMISTRY
PUB_011010,ELECTRICAL_AND_ELECTRONIC_ENGINEERING
PUB_011011,MECHANICAL_ENGINEERING
PUB_011012,COMPUTER_VISION_AND_PATTERN_RECOGNITION
PUB_011013,ELECTRICAL_AND_ELECTRONIC_ENGINEERING
PUB_011014,MECHANICAL_ENGINEERING
PUB_011015,INDUSTRIAL_AND_MANUFACTURING_ENGINEERING
PUB_011016,MECHANICAL_ENGINEERING
PUB_011017,BIOMEDICAL_ENGINEERING
PUB_011018,ELECTRICAL_AND_ELECTRONIC_ENGINEERING
PUB_011019,MECHANICAL_ENGINEERING
PUB_011020,ELECTRICAL_AND_ELECTRONIC_ENGINEERING
PUB_011021,MATERIALS_CHEMISTRY
PUB_011022,ELECTRICAL_AND_ELECTRONIC_ENGINEERING
PUB_011023,AEROSPACE_ENGINEERING
PUB_011024,MECHANICS_OF_MATERIALS
PUB_011025,ELECTRONIC_OPTICAL_AND_MAGNETIC_MATERIALS
PUB_011026,ELECTRICAL_AND_ELECTRONIC_ENGINEERING
PUB_011027,AEROSPACE_ENGINEERING
PUB_011028,ASTRONOMY_AND_ASTROPHYSICS
PUB_011029,CIVIL_AND_STRUCTURAL_ENGINEERING
PUB_011030,BIOMEDICAL_ENGINEERING
PUB_011031,AEROSPACE_ENGINEERING
PUB_011032,ELECTRONIC_OPTICAL_AND_MAGNETIC_MATERIALS
PUB_011033,CIVIL_AND_STRUCTURAL_ENGINEERING
PUB_011034,MECHANICS_OF_MATERIALS
PUB_011035,MATERIALS_CHEMISTRY
PUB_011036,MECHANICAL_ENGINEERING
PUB_011037,CONDENSED_MATTER_PHYSICS
PUB_011038,MECHANICAL_ENGINEERING
PUB_011039,COMPUTER_NETWORKS_AND_COMMUNICATIONS
PUB_011040,ELECTRICAL_AND_ELECTRONIC_ENGINEERING
PUB_011041,BIOMEDICAL_ENGINEERING
PUB_011042,ELECTRONIC_OPTICAL_AND_MAGNETIC_MATERIALS
PUB_011043,BIOMEDICAL_ENGINEERING
PUB_011044,ATOMIC_AND_MOLECULAR_PHYSICS_AND_OPTICS
PUB_011045,MECHANICAL_ENGINEERING
PUB_011046,MATERIALS_CHEMISTRY
PUB_011047,CONDENSED_MATTER_PHYSICS
PUB_011048,ELECTRICAL_AND_ELECTRONIC_ENGINEERING
PUB_011049,ELECTRICAL_AND_ELECTRONIC_ENGINEERING
PUB_011050,ELECTRICAL_AND_ELECTRONIC_ENGINEERING
PUB_011051,ELECTRICAL_AND_ELECTRONIC_ENGINEERING
PUB_011052,MECHANICAL_ENGINEERING
PUB_011053,ASTRONOMY_AND_ASTROPHYSICS
PUB_011054,ELECTRICAL_AND_ELECTRONIC_ENGINEERING
PUB_011055,CONTROL_AND_SYSTEMS_ENGINEERING
PUB_011056,ELECTRICAL_AND_ELECTRONIC_ENGINEERING
PUB_011057,ELECTRICAL_AND_ELECTRONIC_ENGINEERING
PUB_011058,CIVIL_AND_STRUCTURAL_ENGINEERING
PUB_011059,ARTIFICIAL_INTELLIGENCE
PUB_011060,ATOMIC_AND_MOLECULAR_PHYSICS_AND_OPTICS
PUB_011061,MATERIALS_CHEMISTRY
PUB_011062,MATERIALS_CHEMISTRY
PUB_011063,ELECTRICAL_AND_ELECTRONIC_ENGINEERING
PUB_011064,ELECTRICAL_AND_ELECTRONIC_ENGINEERING
PUB_011065,MATERIALS_CHEMISTRY
PUB_011066,ASTRONOMY_AND_ASTROPHYSICS
PUB_011067,BIOMEDICAL_ENGINEERING
PUB_011068,ARTIFICIAL_INTELLIGENCE
PUB_011069,MATERIALS_CHEMISTRY
PUB_011070,BIOMEDICAL_ENGINEERING
PUB_011071,APPLIED_MATHEMATICS
PUB_011072,MEDIA_TECHNOLOGY
PUB_011073,COMPUTER_VISION_AND_PATTERN_RECOGNITION
PUB_011074,MECHANICAL_ENGINEERING
PUB_011075,ELECTRONIC_OPTICAL_AND_MAGNETIC_MATERIALS
PUB_011076,MATERIALS_CHEMISTRY
PUB_011077,ASTRONOMY_AND_ASTROPHYSICS
PUB_011078,MATERIALS_CHEMISTRY
PUB_011079,MATERIALS_CHEMISTRY
PUB_011080,ELECTRONIC_OPTICAL_AND_MAGNETIC_MATERIALS
PUB_011081,OCEAN_ENGINEERING
PUB_011082,CERAMICS_AND_COMPOSITES
PUB_011083,MATERIALS_CHEMISTRY
PUB_011084,MATERIALS_CHEMISTRY
PUB_011085,ARTIFICIAL_INTELLIGENCE
PUB_011086,AEROSPACE_ENGINEERING
PUB_011087,ATOMIC_AND_MOLECULAR_PHYSICS_AND_OPTICS
PUB_011088,ATOMIC_AND_MOLECULAR_PHYSICS_AND_OPTICS
PUB_011089,ARTIFICIAL_INTELLIGENCE
PUB_011090,COMPUTATIONAL_MATHEMATICS
PUB_011091,ELECTRICAL_AND_ELECTRONIC_ENGINEERING
PUB_011092,ELECTRICAL_AND_ELECTRONIC_ENGINEERING
PUB_011093,BIOMEDICAL_ENGINEERING
PUB_011094,COMPUTATIONAL_MATHEMATICS
PUB_011095,COMPUTATIONAL_MECHANICS
PUB_011096,BUILDING_AND_CONSTRUCTION
PUB_011097,MATERIALS_CHEMISTRY
PUB_011098,MATERIALS_CHEMISTRY
PUB_011099,ELECTRICAL_AND_ELECTRONIC_ENGINEERING
PUB_011100,MATERIALS_CHEMISTRY
PUB_011101,ELECTRICAL_AND_ELECTRONIC_ENGINEERING
PUB_011102,MATERIALS_CHEMISTRY
PUB_011103,ELECTRICAL_AND_ELECTRONIC_ENGINEERING
PUB_011104,COMPUTATIONAL_MECHANICS
PUB_011105,ELECTRICAL_AND_ELECTRONIC_ENGINEERING
PUB_011106,ELECTRICAL_AND_ELECTRONIC_ENGINEERING
PUB_011107,ASTRONOMY_AND_ASTROPHYSICS
PUB_011108,BIOMEDICAL_ENGINEERING
PUB_011109,MATERIALS_CHEMISTRY
PUB_011110,MATERIALS_CHEMISTRY
PUB_011111,BIOMEDICAL_ENGINEERING
PUB_011112,CIVIL_AND_STRUCTURAL_ENGINEERING
PUB_011113,ELECTRICAL_AND_ELECTRONIC_ENGINEERING
PUB_011114,BIOMEDICAL_ENGINEERING
PUB_011115,ELECTRICAL_AND_ELECTRONIC_ENGINEERING
PUB_011116,ELECTRICAL_AND_ELECTRONIC_ENGINEERING
PUB_011117,APPLIED_MATHEMATICS
PUB_011118,ASTRONOMY_AND_ASTROPHYSICS
PUB_011119,CONDENSED_MATTER_PHYSICS
PUB_011120,POLYMERS_AND_PLASTICS
PUB_011121,ELECTRICAL_AND_ELECTRONIC_ENGINEERING
PUB_011122,STATISTICAL_AND_NONLINEAR_PHYSICS
PUB_011123,MECHANICAL_ENGINEERING
PUB_011124,AEROSPACE_ENGINEERING
PUB_011125,MATERIALS_CHEMISTRY
PUB_011126,AEROSPACE_ENGINEERING
PUB_011127,MECHANICAL_ENGINEERING
PUB_011128,COMPUTATIONAL_MECHANICS
PUB_011129,BIOMEDICAL_ENGINEERING
PUB_011130,ELECTRONIC_OPTICAL_AND_MAGNETIC_MATERIALS
PUB_011131,ELECTRICAL_AND_ELECTRONIC_ENGINEERING
PUB_011132,ARTIFICIAL_INTELLIGENCE
PUB_011133,MECHANICAL_ENGINEERING
PUB_011134,MATERIALS_CHEMISTRY
PUB_011135,MATERIALS_CHEMISTRY
PUB_011136,POLYMERS_AND_PLASTICS
PUB_011137,MATERIALS_CHEMISTRY
PUB_011138,MATERIALS_CHEMISTRY
PUB_011139,MECHANICAL_ENGINEERING
PUB_011140,ELECTRICAL_AND_ELECTRONIC_ENGINEERING
PUB_011141,BIOMEDICAL_ENGINEERING
PUB_011142,ARTIFICIAL_INTELLIGENCE
PUB_011143,MATERIALS_CHEMISTRY
PUB_011144,ASTRONOMY_AND_ASTROPHYSICS
PUB_011145,ARTIFICIAL_INTELLIGENCE
PUB_011146,MATERIALS_CHEMISTRY
PUB_011147,MECHANICAL_ENGINEERING
PUB_011148,CONTROL_AND_SYSTEMS_ENGINEERING
PUB_011149,ARTIFICIAL_INTELLIGENCE
PUB_011150,ELECTRICAL_AND_ELECTRONIC_ENGINEERING
PUB_011151,SAFETY_RISK_RELIABILITY_AND_QUALITY
PUB_011152,HARDWARE_AND_ARCHITECTURE
PUB_011153,SIGNAL_PROCESSING
PUB_011154,STATISTICAL_AND_NONLINEAR_PHYSICS
PUB_011155,AUTOMOTIVE_ENGINEERING
PUB_011156,ARTIFICIAL_INTELLIGENCE
PUB_011157,COMPUTER_VISION_AND_PATTERN_RECOGNITION
PUB_011158,ELECTRONIC_OPTICAL_AND_MAGNETIC_MATERIALS
PUB_011159,STATISTICAL_AND_NONLINEAR_PHYSICS
PUB_011160,SURFACES_COATINGS_AND_FILMS
PUB_011161,MECHANICAL_ENGINEERING
PUB_011162,ATOMIC_AND_MOLECULAR_PHYSICS_AND_OPTICS
PUB_011163,SURFACES_COATINGS_AND_FILMS
PUB_011164,AEROSPACE_ENGINEERING
PUB_011165,POLYMERS_AND_PLASTICS
PUB_011166,MATERIALS_CHEMISTRY
PUB_011167,MATERIALS_CHEMISTRY
PUB_011168,INSTRUMENTATION
PUB_011169,COMPUTER_NETWORKS_AND_COMMUNICATIONS
PUB_011170,ELECTRICAL_AND_ELECTRONIC_ENGINEERING
PUB_011171,BIOMEDICAL_ENGINEERING
PUB_011172,CIVIL_AND_STRUCTURAL_ENGINEERING
PUB_011173,MATERIALS_CHEMISTRY
PUB_011174,ARTIFICIAL_INTELLIGENCE
PUB_011175,ELECTRICAL_AND_ELECTRONIC_ENGINEERING
PUB_011176,ELECTRICAL_AND_ELECTRONIC_ENGINEERING
PUB_011177,POLYMERS_AND_PLASTICS
PUB_011178,INSTRUMENTATION
PUB_011179,ELECTRONIC_OPTICAL_AND_MAGNETIC_MATERIALS
PUB_011180,ELECTRICAL_AND_ELECTRONIC_ENGINEERING
PUB_011181,MATERIALS_CHEMISTRY
PUB_011182,MATERIALS_CHEMISTRY
PUB_011183,OCEAN_ENGINEERING
PUB_011184,MATERIALS_CHEMISTRY
PUB_011185,INFORMATION_SYSTEMS
PUB_011186,ELECTRICAL_AND_ELECTRONIC_ENGINEERING
PUB_011187,ELECTRICAL_AND_ELECTRONIC_ENGINEERING
PUB_011188,MECHANICAL_ENGINEERING
PUB_011189,MATERIALS_CHEMISTRY
PUB_011190,MECHANICAL_ENGINEERING
PUB_011191,ELECTRICAL_AND_ELECTRONIC_ENGINEERING
PUB_011192,BIOMATERIALS
PUB_011193,ASTRONOMY_AND_ASTROPHYSICS
PUB_011194,COMPUTER_VISION_AND_PATTERN_RECOGNITION
PUB_011195,MATERIALS_CHEMISTRY
PUB_011196,BIOMEDICAL_ENGINEERING
PUB_011197,ELECTRICAL_AND_ELECTRONIC_ENGINEERING
PUB_011198,POLYMERS_AND_PLASTICS
PUB_011199,MATERIALS_CHEMISTRY
PUB_011200,MATERIALS_CHEMISTRY
PUB_011201,ELECTRICAL_AND_ELECTRONIC_ENGINEERING
PUB_011202,MECHANICS_OF_MATERIALS
PUB_011203,COMPUTATIONAL_THEORY_AND_MATHEMATICS
PUB_011204,COMPUTER_NETWORKS_AND_COMMUNICATIONS
PUB_011205,MECHANICAL_ENGINEERING
PUB_011206,BIOMEDICAL_ENGINEERING
PUB_011207,AUTOMOTIVE_ENGINEERING
PUB_011208,MATERIALS_CHEMISTRY
PUB_011209,MATERIALS_CHEMISTRY
PUB_011210,SAFETY_RISK_RELIABILITY_AND_QUALITY
PUB_011211,ELECTRICAL_AND_ELECTRONIC_ENGINEERING
PUB_011212,APPLIED_MATHEMATICS
PUB_011213,COMPUTER_NETWORKS_AND_COMMUNICATIONS
PUB_011214,ELECTRONIC_OPTICAL_AND_MAGNETIC_MATERIALS
PUB_011215,STATISTICAL_AND_NONLINEAR_PHYSICS
PUB_011216,BIOMEDICAL_ENGINEERING
PUB_011217,BUILDING_AND_CONSTRUCTION
PUB_011218,MATERIALS_CHEMISTRY
PUB_011219,MATERIALS_CHEMISTRY
PUB_011220,ELECTRONIC_OPTICAL_AND_MAGNETIC_MATERIALS
PUB_011221,CONDENSED_MATTER_PHYSICS
PUB_011222,ELECTRICAL_AND_ELECTRONIC_ENGINEERING
PUB_011223,BIOMEDICAL_ENGINEERING
PUB_011224,MATERIALS_CHEMISTRY
PUB_011225,BIOMEDICAL_ENGINEERING
PUB_011226,ELECTRONIC_OPTICAL_AND_MAGNETIC_MATERIALS
PUB_011227,MECHANICAL_ENGINEERING
PUB_011228,POLYMERS_AND_PLASTICS
PUB_011229,ELECTRICAL_AND_ELECTRONIC_ENGINEERING
PUB_011230,ELECTRICAL_AND_ELECTRONIC_ENGINEERING
PUB_011231,COMPUTATIONAL_MECHANICS
PUB_011232,MATERIALS_CHEMISTRY
PUB_011233,CONDENSED_MATTER_PHYSICS
PUB_011234,ELECTRICAL_AND_ELECTRONIC_ENGINEERING
PUB_011235,MECHANICAL_ENGINEERING
PUB_011236,MECHANICAL_ENGINEERING
PUB_011237,AEROSPACE_ENGINEERING
PUB_011238,ELECTRONIC_OPTICAL_AND_MAGNETIC_MATERIALS
PUB_011239,ELECTRICAL_AND_ELECTRONIC_ENGINEERING
PUB_011240,AEROSPACE_ENGINEERING
PUB_011241,COMPUTATIONAL_THEORY_AND_MATHEMATICS
PUB_011242,ELECTRICAL_AND_ELECTRONIC_ENGINEERING
PUB_011243,COMPUTER_VISION_AND_PATTERN_RECOGNITION
PUB_011244,COMPUTER_GRAPHICS_AND_COMPUTERAIDED_DESIGN
PUB_011245,ELECTRICAL_AND_ELECTRONIC_ENGINEERING
PUB_011246,RADIATION
PUB_011247,MATERIALS_CHEMISTRY
PUB_011248,MATERIALS_CHEMISTRY
PUB_011249,MATERIALS_CHEMISTRY
PUB_011250,MATERIALS_CHEMISTRY
PUB_011251,ATOMIC_AND_MOLECULAR_PHYSICS_AND_OPTICS
PUB_011252,ARTIFICIAL_INTELLIGENCE
PUB_011253,MECHANICAL_ENGINEERING
PUB_011254,MATERIALS_CHEMISTRY
PUB_011255,MECHANICAL_ENGINEERING
PUB_011256,ELECTRONIC_OPTICAL_AND_MAGNETIC_MATERIALS
PUB_011257,CIVIL_AND_STRUCTURAL_ENGINEERING
PUB_011258,COMPUTATIONAL_MECHANICS
PUB_011259,COMPUTER_NETWORKS_AND_COMMUNICATIONS
PUB_011260,ELECTRICAL_AND_ELECTRONIC_ENGINEERING
PUB_011261,COMPUTATIONAL_THEORY_AND_MATHEMATICS
PUB_011262,ARTIFICIAL_INTELLIGENCE
PUB_011263,ELECTRONIC_OPTICAL_AND_MAGNETIC_MATERIALS
PUB_011264,MATERIALS_CHEMISTRY
PUB_011265,MATERIALS_CHEMISTRY
PUB_011266,ELECTRICAL_AND_ELECTRONIC_ENGINEERING
PUB_011267,MATERIALS_CHEMISTRY
PUB_011268,AEROSPACE_ENGINEERING
PUB_011269,MATERIALS_CHEMISTRY
PUB_011270,MATERIALS_CHEMISTRY
PUB_011271,MECHANICAL_ENGINEERING
PUB_011272,MATERIALS_CHEMISTRY
PUB_011273,BIOMEDICAL_ENGINEERING
PUB_011274,ELECTRICAL_AND_ELECTRONIC_ENGINEERING
PUB_011275,CONDENSED_MATTER_PHYSICS
PUB_011276,MATERIALS_CHEMISTRY
PUB_011277,BIOMATERIALS
PUB_011278,STATISTICAL_AND_NONLINEAR_PHYSICS
PUB_011279,MATERIALS_CHEMISTRY
PUB_011280,MECHANICAL_ENGINEERING
PUB_011281,MATERIALS_CHEMISTRY
PUB_011282,ELECTRICAL_AND_ELECTRONIC_ENGINEERING
PUB_011283,ELECTRICAL_AND_ELECTRONIC_ENGINEERING
PUB_011284,MATERIALS_CHEMISTRY
PUB_011285,MECHANICAL_ENGINEERING
PUB_011286,ATOMIC_AND_MOLECULAR_PHYSICS_AND_OPTICS
PUB_011287,ELECTRONIC_OPTICAL_AND_MAGNETIC_MATERIALS
PUB_011288,CIVIL_AND_STRUCTURAL_ENGINEERING
PUB_011289,ELECTRICAL_AND_ELECTRONIC_ENGINEERING
PUB_011290,ELECTRICAL_AND_ELECTRONIC_ENGINEERING
PUB_011291,CONTROL_AND_SYSTEMS_ENGINEERING
PUB_011292,BIOMEDICAL_ENGINEERING
PUB_011293,MECHANICAL_ENGINEERING
PUB_011294,BIOMEDICAL_ENGINEERING
PUB_011295,COMPUTATIONAL_THEORY_AND_MATHEMATICS
PUB_011296,BIOMEDICAL_ENGINEERING
PUB_011297,MATERIALS_CHEMISTRY
PUB_011298,MECHANICAL_ENGINEERING
PUB_011299,BIOMEDICAL_ENGINEERING
PUB_011300,ELECTRONIC_OPTICAL_AND_MAGNETIC_MATERIALS
PUB_011301,COMPUTER_NETWORKS_AND_COMMUNICATIONS
PUB_011302,CONTROL_AND_SYSTEMS_ENGINEERING
PUB_011303,MECHANICS_OF_MATERIALS
PUB_011304,CONDENSED_MATTER_PHYSICS
PUB_011305,POLYMERS_AND_PLASTICS
PUB_011306,COMPUTATIONAL_MECHANICS
PUB_011307,MATERIALS_CHEMISTRY
PUB_011308,ELECTRICAL_AND_ELECTRONIC_ENGINEERING
PUB_011309,COMPUTATIONAL_MECHANICS
PUB_011310,ARTIFICIAL_INTELLIGENCE
PUB_011311,ELECTRICAL_AND_ELECTRONIC_ENGINEERING
PUB_011312,MATERIALS_CHEMISTRY
PUB_011313,COMPUTER_VISION_AND_PATTERN_RECOGNITION
PUB_011314,ELECTRONIC_OPTICAL_AND_MAGNETIC_MATERIALS
PUB_011315,ASTRONOMY_AND_ASTROPHYSICS
PUB_011316,MECHANICAL_ENGINEERING
PUB_011317,MATERIALS_CHEMISTRY
PUB_011318,CIVIL_AND_STRUCTURAL_ENGINEERING
PUB_011319,BIOMATERIALS
PUB_011320,APPLIED_MATHEMATICS
PUB_011321,ATOMIC_AND_MOLECULAR_PHYSICS_AND_OPTICS
PUB_011322,COMPUTER_VISION_AND_PATTERN_RECOGNITION
PUB_011323,BIOMEDICAL_ENGINEERING
PUB_011324,MATERIALS_CHEMISTRY
PUB_011325,COMPUTATIONAL_THEORY_AND_MATHEMATICS
PUB_011326,MATERIALS_CHEMISTRY
PUB_011327,AEROSPACE_ENGINEERING
PUB_011328,BIOMEDICAL_ENGINEERING
PUB_011329,BIOMATERIALS
PUB_011330,BIOMEDICAL_ENGINEERING
PUB_011331,ELECTRICAL_AND_ELECTRONIC_ENGINEERING
PUB_011332,COMPUTATIONAL_MECHANICS
PUB_011333,COMPUTER_VISION_AND_PATTERN_RECOGNITION
PUB_011334,ARTIFICIAL_INTELLIGENCE
PUB_011335,ARTIFICIAL_INTELLIGENCE
PUB_011336,BIOMEDICAL_ENGINEERING
PUB_011337,ELECTRICAL_AND_ELECTRONIC_ENGINEERING
PUB_011338,ELECTRONIC_OPTICAL_AND_MAGNETIC_MATERIALS
PUB_011339,MECHANICAL_ENGINEERING
PUB_011340,MATERIALS_CHEMISTRY
PUB_011341,COMPUTATIONAL_MECHANICS
PUB_011342,ELECTRICAL_AND_ELECTRONIC_ENGINEERING
PUB_011343,MATERIALS_CHEMISTRY
PUB_011344,BIOMEDICAL_ENGINEERING
PUB_011345,COMPUTATIONAL_MECHANICS
PUB_011346,ELECTRICAL_AND_ELECTRONIC_ENGINEERING
PUB_011347,COMPUTER_VISION_AND_PATTERN_RECOGNITION
PUB_011348,MATERIALS_CHEMISTRY
PUB_011349,ATOMIC_AND_MOLECULAR_PHYSICS_AND_OPTICS
PUB_011350,INDUSTRIAL_AND_MANUFACTURING_ENGINEERING
PUB_011351,POLYMERS_AND_PLASTICS
PUB_011352,MATERIALS_CHEMISTRY
PUB_011353,MATERIALS_CHEMISTRY
PUB_011354,APPLIED_MATHEMATICS
PUB_011355,COMPUTER_NETWORKS_AND_COMMUNICATIONS
PUB_011356,CONTROL_AND_SYSTEMS_ENGINEERING
PUB_011357,ELECTRONIC_OPTICAL_AND_MAGNETIC_MATERIALS
PUB_011358,BIOMEDICAL_ENGINEERING
PUB_011359,BUILDING_AND_CONSTRUCTION
PUB_011360,MATERIALS_CHEMISTRY
PUB_011361,ELECTRONIC_OPTICAL_AND_MAGNETIC_MATERIALS
PUB_011362,BIOMEDICAL_ENGINEERING
PUB_011363,MECHANICAL_ENGINEERING
PUB_011364,COMPUTER_NETWORKS_AND_COMMUNICATIONS
PUB_011365,INFORMATION_SYSTEMS
PUB_011366,BIOMEDICAL_ENGINEERING
PUB_011367,ATOMIC_AND_MOLECULAR_PHYSICS_AND_OPTICS
PUB_011368,ATOMIC_AND_MOLECULAR_PHYSICS_AND_OPTICS
PUB_011369,ATOMIC_AND_MOLECULAR_PHYSICS_AND_OPTICS
PUB_011370,ATOMIC_AND_MOLECULAR_PHYSICS_AND_OPTICS
PUB_011371,INSTRUMENTATION
PUB_011372,BIOMATERIALS
PUB_011373,COMPUTER_VISION_AND_PATTERN_RECOGNITION
PUB_011374,ELECTRICAL_AND_ELECTRONIC_ENGINEERING
PUB_011375,MATERIALS_CHEMISTRY
PUB_011376,COMPUTER_VISION_AND_PATTERN_RECOGNITION
PUB_011377,BIOMEDICAL_ENGINEERING
PUB_011378,ELECTRICAL_AND_ELECTRONIC_ENGINEERING
PUB_011379,MECHANICAL_ENGINEERING
PUB_011380,AEROSPACE_ENGINEERING
PUB_011381,ARTIFICIAL_INTELLIGENCE
PUB_011382,MATERIALS_CHEMISTRY
PUB_011383,BIOMEDICAL_ENGINEERING
PUB_011384,MECHANICAL_ENGINEERING
PUB_011385,MECHANICAL_ENGINEERING
PUB_011386,ARTIFICIAL_INTELLIGENCE
PUB_011387,GEOMETRY_AND_TOPOLOGY
PUB_011388,AEROSPACE_ENGINEERING
PUB_011389,COMPUTATIONAL_MECHANICS
PUB_011390,COMPUTATIONAL_MECHANICS
PUB_011391,ELECTRONIC_OPTICAL_AND_MAGNETIC_MATERIALS
PUB_011392,MATERIALS_CHEMISTRY
PUB_011393,ASTRONOMY_AND_ASTROPHYSICS
PUB_011394,POLYMERS_AND_PLASTICS
PUB_011395,COMPUTER_GRAPHICS_AND_COMPUTERAIDED_DESIGN
PUB_011396,ELECTRICAL_AND_ELECTRONIC_ENGINEERING
PUB_011397,BIOMEDICAL_ENGINEERING
PUB_011398,MATERIALS_CHEMISTRY
PUB_011399,HARDWARE_AND_ARCHITECTURE
PUB_011400,COMPUTER_NETWORKS_AND_COMMUNICATIONS
PUB_011401,COMPUTER_VISION_AND_PATTERN_RECOGNITION
PUB_011402,MATERIALS_CHEMISTRY
PUB_011403,ELECTRICAL_AND_ELECTRONIC_ENGINEERING
PUB_011404,ASTRONOMY_AND_ASTROPHYSICS
PUB_011405,ELECTRICAL_AND_ELECTRONIC_ENGINEERING
PUB_011406,ARTIFICIAL_INTELLIGENCE
PUB_011407,COMPUTATIONAL_MECHANICS
PUB_011408,MATERIALS_CHEMISTRY
PUB_011409,BIOMEDICAL_ENGINEERING
PUB_011410,COMPUTATIONAL_THEORY_AND_MATHEMATICS
PUB_011411,ELECTRICAL_AND_ELECTRONIC_ENGINEERING
PUB_011412,SIGNAL_PROCESSING
PUB_011413,MEDIA_TECHNOLOGY
PUB_011414,MATERIALS_CHEMISTRY
PUB_011415,COMPUTATIONAL_MECHANICS
PUB_011416,MATERIALS_CHEMISTRY
PUB_011417,COMPUTER_NETWORKS_AND_COMMUNICATIONS
PUB_011418,BIOMATERIALS
PUB_011419,SAFETY_RISK_RELIABILITY_AND_QUALITY
PUB_011420,SAFETY_RISK_RELIABILITY_AND_QUALITY
PUB_011421,ELECTRICAL_AND_ELECTRONIC_ENGINEERING
PUB_011422,BIOMEDICAL_ENGINEERING
PUB_011423,ELECTRONIC_OPTICAL_AND_MAGNETIC_MATERIALS
PUB_011424,MATERIALS_CHEMISTRY
PUB_011425,ARTIFICIAL_INTELLIGENCE
PUB_011426,ELECTRONIC_OPTICAL_AND_MAGNETIC_MATERIALS
PUB_011427,POLYMERS_AND_PLASTICS
PUB_011428,MATERIALS_CHEMISTRY
PUB_011429,COMPUTATIONAL_MECHANICS
PUB_011430,ELECTRICAL_AND_ELECTRONIC_ENGINEERING
PUB_011431,BIOMEDICAL_ENGINEERING
PUB_011432,MATERIALS_CHEMISTRY
PUB_011433,ELECTRONIC_OPTICAL_AND_MAGNETIC_MATERIALS
PUB_011434,ELECTRICAL_AND_ELECTRONIC_ENGINEERING
PUB_011435,CONTROL_AND_SYSTEMS_ENGINEERING
PUB_011436,APPLIED_MATHEMATICS
PUB_011437,CONDENSED_MATTER_PHYSICS
PUB_011438,ARTIFICIAL_INTELLIGENCE
PUB_011439,ELECTRICAL_AND_ELECTRONIC_ENGINEERING
PUB_011440,ASTRONOMY_AND_ASTROPHYSICS
PUB_011441,OCEAN_ENGINEERING
PUB_011442,ELECTRICAL_AND_ELECTRONIC_ENGINEERING
PUB_011443,MATERIALS_CHEMISTRY
PUB_011444,MECHANICS_OF_MATERIALS
PUB_011445,COMPUTER_VISION_AND_PATTERN_RECOGNITION
PUB_011446,MECHANICAL_ENGINEERING
PUB_011447,ELECTRICAL_AND_ELECTRONIC_ENGINEERING
PUB_011448,MATERIALS_CHEMISTRY
PUB_011449,MATERIALS_CHEMISTRY
PUB_011450,CIVIL_AND_STRUCTURAL_ENGINEERING
PUB_011451,CONDENSED_MATTER_PHYSICS
PUB_011452,SURFACES_COATINGS_AND_FILMS
PUB_011453,BIOMEDICAL_ENGINEERING
PUB_011454,POLYMERS_AND_PLASTICS
PUB_011455,ASTRONOMY_AND_ASTROPHYSICS
PUB_011456,ELECTRICAL_AND_ELECTRONIC_ENGINEERING
PUB_011457,ELECTRICAL_AND_ELECTRONIC_ENGINEERING
PUB_011458,COMPUTER_NETWORKS_AND_COMMUNICATIONS
PUB_011459,ELECTRICAL_AND_ELECTRONIC_ENGINEERING
PUB_011460,ARTIFICIAL_INTELLIGENCE
PUB_011461,ASTRONOMY_AND_ASTROPHYSICS
PUB_011462,ELECTRICAL_AND_ELECTRONIC_ENGINEERING
PUB_011463,APPLIED_MATHEMATICS
PUB_011464,ELECTRICAL_AND_ELECTRONIC_ENGINEERING
PUB_011465,METALS_AND_ALLOYS
PUB_011466,ELECTRICAL_AND_ELECTRONIC_ENGINEERING
PUB_011467,CIVIL_AND_STRUCTURAL_ENGINEERING
PUB_011468,ELECTRICAL_AND_ELECTRONIC_ENGINEERING
PUB_011469,COMPUTER_NETWORKS_AND_COMMUNICATIONS
PUB_011470,MECHANICS_OF_MATERIALS
PUB_011471,STATISTICAL_AND_NONLINEAR_PHYSICS
PUB_011472,MATERIALS_CHEMISTRY
PUB_011473,MATERIALS_CHEMISTRY
PUB_011474,COMPUTER_NETWORKS_AND_COMMUNICATIONS
PUB_011475,COMPUTATIONAL_MECHANICS
PUB_011476,ELECTRICAL_AND_ELECTRONIC_ENGINEERING
PUB_011477,MECHANICAL_ENGINEERING
PUB_011478,MATERIALS_CHEMISTRY
PUB_011479,COMPUTER_NETWORKS_AND_COMMUNICATIONS
PUB_011480,AEROSPACE_ENGINEERING
PUB_011481,INDUSTRIAL_AND_MANUFACTURING_ENGINEERING
PUB_011482,ELECTRICAL_AND_ELECTRONIC_ENGINEERING
PUB_011483,MATERIALS_CHEMISTRY
PUB_011484,POLYMERS_AND_PLASTICS
PUB_011485,MATERIALS_CHEMISTRY
PUB_011486,AUTOMOTIVE_ENGINEERING
PUB_011487,ELECTRICAL_AND_ELECTRONIC_ENGINEERING
PUB_011488,ELECTRICAL_AND_ELECTRONIC_ENGINEERING
PUB_011489,ELECTRONIC_OPTICAL_AND_MAGNETIC_MATERIALS
PUB_011490,INFORMATION_SYSTEMS
PUB_011491,COMPUTATIONAL_THEORY_AND_MATHEMATICS
PUB_011492,BUILDING_AND_CONSTRUCTION
PUB_011493,ELECTRICAL_AND_ELECTRONIC_ENGINEERING
PUB_011494,MECHANICAL_ENGINEERING
PUB_011495,COMPUTATIONAL_MECHANICS
PUB_011496,MATERIALS_CHEMISTRY
PUB_011497,MATERIALS_CHEMISTRY
PUB_011498,BIOMEDICAL_ENGINEERING
PUB_011499,AUTOMOTIVE_ENGINEERING
PUB_011500,AEROSPACE_ENGINEERING
PUB_011501,ELECTRICAL_AND_ELECTRONIC_ENGINEERING
PUB_011502,CONTROL_AND_SYSTEMS_ENGINEERING
PUB_011503,MECHANICS_OF_MATERIALS
PUB_011504,BIOMEDICAL_ENGINEERING
PUB_011505,BIOMEDICAL_ENGINEERING
PUB_011506,STATISTICAL_AND_NONLINEAR_PHYSICS
PUB_011507,APPLIED_MATHEMATICS
PUB_011508,ELECTRICAL_AND_ELECTRONIC_ENGINEERING
PUB_011509,MECHANICAL_ENGINEERING
PUB_011510,COMPUTER_VISION_AND_PATTERN_RECOGNITION
PUB_011511,COMPUTER_VISION_AND_PATTERN_RECOGNITION
PUB_011512,MECHANICAL_ENGINEERING
PUB_011513,BIOMEDICAL_ENGINEERING
PUB_011514,ATOMIC_AND_MOLECULAR_PHYSICS_AND_OPTICS
PUB_011515,ELECTRONIC_OPTICAL_AND_MAGNETIC_MATERIALS
PUB_011516,ELECTRICAL_AND_ELECTRONIC_ENGINEERING
PUB_011517,AEROSPACE_ENGINEERING
PUB_011518,ELECTRICAL_AND_ELECTRONIC_ENGINEERING
PUB_011519,ELECTRICAL_AND_ELECTRONIC_ENGINEERING
PUB_011520,COMPUTER_VISION_AND_PATTERN_RECOGNITION
PUB_011521,ELECTRICAL_AND_ELECTRONIC_ENGINEERING
PUB_011522,COMPUTER_VISION_AND_PATTERN_RECOGNITION
PUB_011523,ELECTRICAL_AND_ELECTRONIC_ENGINEERING
PUB_011524,ARTIFICIAL_INTELLIGENCE
PUB_011525,ARTIFICIAL_INTELLIGENCE
PUB_011526,ELECTRICAL_AND_ELECTRONIC_ENGINEERING
PUB_011527,MECHANICAL_ENGINEERING
PUB_011528,CONTROL_AND_SYSTEMS_ENGINEERING
PUB_011529,AEROSPACE_ENGINEERING
PUB_011530,ELECTRONIC_OPTICAL_AND_MAGNETIC_MATERIALS
PUB_011531,ELECTRICAL_AND_ELECTRONIC_ENGINEERING
PUB_011532,BIOMATERIALS
PUB_011533,ELECTRONIC_OPTICAL_AND_MAGNETIC_MATERIALS
PUB_011534,BIOMEDICAL_ENGINEERING
PUB_011535,ATOMIC_AND_MOLECULAR_PHYSICS_AND_OPTICS
PUB_011536,POLYMERS_AND_PLASTICS
PUB_011537,MATERIALS_CHEMISTRY
PUB_011538,ELECTRONIC_OPTICAL_AND_MAGNETIC_MATERIALS
PUB_011539,MATERIALS_CHEMISTRY
PUB_011540,ASTRONOMY_AND_ASTROPHYSICS
PUB_011541,APPLIED_MATHEMATICS
PUB_011542,MECHANICAL_ENGINEERING
PUB_011543,CIVIL_AND_STRUCTURAL_ENGINEERING
PUB_011544,HARDWARE_AND_ARCHITECTURE
PUB_011545,MATERIALS_CHEMISTRY
PUB_011546,ARTIFICIAL_INTELLIGENCE
PUB_011547,MECHANICAL_ENGINEERING
PUB_011548,MATERIALS_CHEMISTRY
PUB_011549,CONTROL_AND_SYSTEMS_ENGINEERING
PUB_011550,BIOMEDICAL_ENGINEERING
PUB_011551,POLYMERS_AND_PLASTICS
PUB_011552,ATOMIC_AND_MOLECULAR_PHYSICS_AND_OPTICS
PUB_011553,DISCRETE_MATHEMATICS_AND_COMBINATORICS
PUB_011554,BIOMEDICAL_ENGINEERING
PUB_011555,ATOMIC_AND_MOLECULAR_PHYSICS_AND_OPTICS
PUB_011556,STATISTICAL_AND_NONLINEAR_PHYSICS
PUB_011557,BIOMEDICAL_ENGINEERING
PUB_011558,ELECTRICAL_AND_ELECTRONIC_ENGINEERING
PUB_011559,ELECTRICAL_AND_ELECTRONIC_ENGINEERING
PUB_011560,APPLIED_MATHEMATICS
PUB_011561,CONDENSED_MATTER_PHYSICS
PUB_011562,MATERIALS_CHEMISTRY
PUB_011563,MATERIALS_CHEMISTRY
PUB_011564,ELECTRICAL_AND_ELECTRONIC_ENGINEERING
PUB_011565,ATOMIC_AND_MOLECULAR_PHYSICS_AND_OPTICS
PUB_011566,OCEAN_ENGINEERING
PUB_011567,ELECTRICAL_AND_ELECTRONIC_ENGINEERING
PUB_011568,AEROSPACE_ENGINEERING
PUB_011569,MATERIALS_CHEMISTRY
PUB_011570,MECHANICS_OF_MATERIALS
PUB_011571,MATERIALS_CHEMISTRY
PUB_011572,CONDENSED_MATTER_PHYSICS
PUB_011573,BIOMATERIALS
PUB_011574,ELECTRICAL_AND_ELECTRONIC_ENGINEERING
PUB_011575,COMPUTATIONAL_THEORY_AND_MATHEMATICS
PUB_011576,ELECTRICAL_AND_ELECTRONIC_ENGINEERING
PUB_011577,COMPUTATIONAL_THEORY_AND_MATHEMATICS
PUB_011578,INDUSTRIAL_AND_MANUFACTURING_ENGINEERING
PUB_011579,MATERIALS_CHEMISTRY
PUB_011580,ARTIFICIAL_INTELLIGENCE
PUB_011581,ATOMIC_AND_MOLECULAR_PHYSICS_AND_OPTICS
PUB_011582,MATERIALS_CHEMISTRY
PUB_011583,ELECTRICAL_AND_ELECTRONIC_ENGINEERING
PUB_011584,CIVIL_AND_STRUCTURAL_ENGINEERING
PUB_011585,ELECTRICAL_AND_ELECTRONIC_ENGINEERING
PUB_011586,BIOMATERIALS
PUB_011587,MECHANICAL_ENGINEERING
PUB_011588,MATERIALS_CHEMISTRY
PUB_011589,CONTROL_AND_SYSTEMS_ENGINEERING
PUB_011590,COMPUTER_NETWORKS_AND_COMMUNICATIONS
PUB_011591,COMPUTER_VISION_AND_PATTERN_RECOGNITION
PUB_011592,ELECTRICAL_AND_ELECTRONIC_ENGINEERING
PUB_011593,MATERIALS_CHEMISTRY
PUB_011594,BUILDING_AND_CONSTRUCTION
PUB_011595,ELECTRICAL_AND_ELECTRONIC_ENGINEERING
PUB_011596,SIGNAL_PROCESSING
PUB_011597,ARTIFICIAL_INTELLIGENCE
PUB_011598,ELECTRONIC_OPTICAL_AND_MAGNETIC_MATERIALS
PUB_011599,ASTRONOMY_AND_ASTROPHYSICS
PUB_011600,COMPUTATIONAL_THEORY_AND_MATHEMATICS
PUB_011601,MATHEMATICAL_PHYSICS
PUB_011602,ELECTRICAL_AND_ELECTRONIC_ENGINEERING
PUB_011603,ARTIFICIAL_INTELLIGENCE
PUB_011604,MATERIALS_CHEMISTRY
PUB_011605,ATOMIC_AND_MOLECULAR_PHYSICS_AND_OPTICS
PUB_011606,CONTROL_AND_SYSTEMS_ENGINEERING
PUB_011607,MATERIALS_CHEMISTRY
PUB_011608,MATHEMATICAL_PHYSICS
PUB_011609,ELECTRICAL_AND_ELECTRONIC_ENGINEERING
PUB_011610,MECHANICAL_ENGINEERING
PUB_011611,MATERIALS_CHEMISTRY
PUB_011612,ASTRONOMY_AND_ASTROPHYSICS
PUB_011613,MATHEMATICAL_PHYSICS
PUB_011614,ELECTRICAL_AND_ELECTRONIC_ENGINEERING
PUB_011615,COMPUTER_NETWORKS_AND_COMMUNICATIONS
PUB_011616,SIGNAL_PROCESSING
PUB_011617,ELECTRICAL_AND_ELECTRONIC_ENGINEERING
PUB_011618,ELECTRICAL_AND_ELECTRONIC_ENGINEERING
PUB_011619,MECHANICAL_ENGINEERING
PUB_011620,CIVIL_AND_STRUCTURAL_ENGINEERING
PUB_011621,BIOMEDICAL_ENGINEERING
PUB_011622,MECHANICS_OF_MATERIALS
PUB_011623,COMPUTATIONAL_MECHANICS
PUB_011624,AUTOMOTIVE_ENGINEERING
PUB_011625,STATISTICAL_AND_NONLINEAR_PHYSICS
PUB_011626,CONDENSED_MATTER_PHYSICS
PUB_011627,MATERIALS_CHEMISTRY
PUB_011628,CONDENSED_MATTER_PHYSICS
PUB_011629,MATERIALS_CHEMISTRY
PUB_011630,BIOMEDICAL_ENGINEERING
PUB_011631,POLYMERS_AND_PLASTICS
PUB_011632,MATERIALS_CHEMISTRY
PUB_011633,COMPUTATIONAL_MECHANICS
PUB_011634,ASTRONOMY_AND_ASTROPHYSICS
PUB_011635,COMPUTATIONAL_MECHANICS
PUB_011636,AEROSPACE_ENGINEERING
PUB_011637,CONDENSED_MATTER_PHYSICS
PUB_011638,ELECTRICAL_AND_ELECTRONIC_ENGINEERING
PUB_011639,MATERIALS_CHEMISTRY
PUB_011640,ARTIFICIAL_INTELLIGENCE
PUB_011641,MECHANICS_OF_MATERIALS
PUB_011642,ELECTRONIC_OPTICAL_AND_MAGNETIC_MATERIALS
PUB_011643,ELECTRICAL_AND_ELECTRONIC_ENGINEERING
PUB_011644,ATOMIC_AND_MOLECULAR_PHYSICS_AND_OPTICS
PUB_011645,MECHANICAL_ENGINEERING
PUB_011646,AEROSPACE_ENGINEERING
PUB_011647,ATOMIC_AND_MOLECULAR_PHYSICS_AND_OPTICS
PUB_011648,MATERIALS_CHEMISTRY
PUB_011649,ELECTRICAL_AND_ELECTRONIC_ENGINEERING
PUB_011650,MECHANICAL_ENGINEERING
PUB_011651,BIOMEDICAL_ENGINEERING
PUB_011652,MATERIALS_CHEMISTRY
PUB_011653,BIOMEDICAL_ENGINEERING
PUB_011654,COMPUTER_NETWORKS_AND_COMMUNICATIONS
PUB_011655,AEROSPACE_ENGINEERING
PUB_011656,COMPUTER_NETWORKS_AND_COMMUNICATIONS
PUB_011657,BIOMATERIALS
PUB_011658,AEROSPACE_ENGINEERING
PUB_011659,ELECTRONIC_OPTICAL_AND_MAGNETIC_MATERIALS
PUB_011660,MATERIALS_CHEMISTRY
PUB_011661,MATERIALS_CHEMISTRY
PUB_011662,ELECTRICAL_AND_ELECTRONIC_ENGINEERING
PUB_011663,ELECTRICAL_AND_ELECTRONIC_ENGINEERING
PUB_011664,BIOMEDICAL_ENGINEERING
PUB_011665,AEROSPACE_ENGINEERING
PUB_011666,MECHANICAL_ENGINEERING
PUB_011667,MATERIALS_CHEMISTRY
PUB_011668,ASTRONOMY_AND_ASTROPHYSICS
PUB_011669,MATERIALS_CHEMISTRY
PUB_011670,ELECTRICAL_AND_ELECTRONIC_ENGINEERING
PUB_011671,ELECTRICAL_AND_ELECTRONIC_ENGINEERING
PUB_011672,CONTROL_AND_SYSTEMS_ENGINEERING
PUB_011673,ELECTRONIC_OPTICAL_AND_MAGNETIC_MATERIALS
PUB_011674,ELECTRONIC_OPTICAL_AND_MAGNETIC_MATERIALS
PUB_011675,ARTIFICIAL_INTELLIGENCE
PUB_011676,CONTROL_AND_SYSTEMS_ENGINEERING
PUB_011677,MATERIALS_CHEMISTRY
PUB_011678,ELECTRICAL_AND_ELECTRONIC_ENGINEERING
PUB_011679,ARTIFICIAL_INTELLIGENCE
PUB_011680,MATERIALS_CHEMISTRY
PUB_011681,BIOMATERIALS
PUB_011682,BIOMEDICAL_ENGINEERING
PUB_011683,AEROSPACE_ENGINEERING
PUB_011684,CONTROL_AND_SYSTEMS_ENGINEERING
PUB_011685,COMPUTATIONAL_THEORY_AND_MATHEMATICS
PUB_011686,ELECTRONIC_OPTICAL_AND_MAGNETIC_MATERIALS
PUB_011687,APPLIED_MATHEMATICS
PUB_011688,CONDENSED_MATTER_PHYSICS
PUB_011689,ELECTRICAL_AND_ELECTRONIC_ENGINEERING
PUB_011690,AEROSPACE_ENGINEERING
PUB_011691,MATERIALS_CHEMISTRY
PUB_011692,HUMANCOMPUTER_INTERACTION
PUB_011693,APPLIED_MATHEMATICS
PUB_011694,COMPUTER_NETWORKS_AND_COMMUNICATIONS
PUB_011695,MATERIALS_CHEMISTRY
PUB_011696,HUMANCOMPUTER_INTERACTION
PUB_011697,HARDWARE_AND_ARCHITECTURE
PUB_011698,MATHEMATICAL_PHYSICS
PUB_011699,MATERIALS_CHEMISTRY
PUB_011700,GEOMETRY_AND_TOPOLOGY
PUB_011701,OCEAN_ENGINEERING
PUB_011702,ATOMIC_AND_MOLECULAR_PHYSICS_AND_OPTICS
PUB_011703,COMPUTER_VISION_AND_PATTERN_RECOGNITION
PUB_011704,COMPUTATIONAL_MECHANICS
PUB_011705,ELECTRICAL_AND_ELECTRONIC_ENGINEERING
PUB_011706,ELECTRICAL_AND_ELECTRONIC_ENGINEERING
PUB_011707,HARDWARE_AND_ARCHITECTURE
PUB_011708,POLYMERS_AND_PLASTICS
PUB_011709,MECHANICAL_ENGINEERING
PUB_011710,ARTIFICIAL_INTELLIGENCE
PUB_011711,MATERIALS_CHEMISTRY
PUB_011712,MATERIALS_CHEMISTRY
PUB_011713,MATERIALS_CHEMISTRY
PUB_011714,POLYMERS_AND_PLASTICS
PUB_011715,MECHANICAL_ENGINEERING
PUB_011716,COMPUTATIONAL_MECHANICS
PUB_011717,MATERIALS_CHEMISTRY
PUB_011718,ASTRONOMY_AND_ASTROPHYSICS
PUB_011719,ELECTRICAL_AND_ELECTRONIC_ENGINEERING
PUB_011720,ARTIFICIAL_INTELLIGENCE
PUB_011721,MATERIALS_CHEMISTRY
PUB_011722,ELECTRICAL_AND_ELECTRONIC_ENGINEERING
PUB_011723,COMPUTER_NETWORKS_AND_COMMUNICATIONS
PUB_011724,COMPUTATIONAL_MECHANICS
PUB_011725,MATERIALS_CHEMISTRY
PUB_011726,MATERIALS_CHEMISTRY
PUB_011727,ARTIFICIAL_INTELLIGENCE
PUB_011728,COMPUTATIONAL_MECHANICS
PUB_011729,COMPUTER_VISION_AND_PATTERN_RECOGNITION
PUB_011730,MATERIALS_CHEMISTRY
PUB_011731,ELECTRICAL_AND_ELECTRONIC_ENGINEERING
PUB_011732,BIOMEDICAL_ENGINEERING
PUB_011733,CONDENSED_MATTER_PHYSICS
PUB_011734,BIOMATERIALS
PUB_011735,CONDENSED_MATTER_PHYSICS
PUB_011736,ELECTRICAL_AND_ELECTRONIC_ENGINEERING
PUB_011737,BUILDING_AND_CONSTRUCTION
PUB_011738,BIOMEDICAL_ENGINEERING
PUB_011739,MATERIALS_CHEMISTRY
PUB_011740,MECHANICAL_ENGINEERING
PUB_011741,ARTIFICIAL_INTELLIGENCE
PUB_011742,SAFETY_RISK_RELIABILITY_AND_QUALITY
PUB_011743,COMPUTER_NETWORKS_AND_COMMUNICATIONS
PUB_011744,COMPUTER_NETWORKS_AND_COMMUNICATIONS
PUB_011745,RADIATION
PUB_011746,AEROSPACE_ENGINEERING
PUB_011747,INFORMATION_SYSTEMS
PUB_011748,COMPUTATIONAL_THEORY_AND_MATHEMATICS
PUB_011749,ELECTRICAL_AND_ELECTRONIC_ENGINEERING
PUB_011750,MECHANICAL_ENGINEERING
PUB_011751,MATERIALS_CHEMISTRY
PUB_011752,ELECTRICAL_AND_ELECTRONIC_ENGINEERING
PUB_011753,CIVIL_AND_STRUCTURAL_ENGINEERING
PUB_011754,AEROSPACE_ENGINEERING
PUB_011755,ELECTRONIC_OPTICAL_AND_MAGNETIC_MATERIALS
PUB_011756,CONTROL_AND_SYSTEMS_ENGINEERING
PUB_011757,SURFACES_COATINGS_AND_FILMS
PUB_011758,ELECTRICAL_AND_ELECTRONIC_ENGINEERING
PUB_011759,ASTRONOMY_AND_ASTROPHYSICS
PUB_011760,CONDENSED_MATTER_PHYSICS
PUB_011761,ELECTRICAL_AND_ELECTRONIC_ENGINEERING
PUB_011762,COMPUTER_VISION_AND_PATTERN_RECOGNITION
PUB_011763,POLYMERS_AND_PLASTICS
PUB_011764,MATERIALS_CHEMISTRY
PUB_011765,BIOMEDICAL_ENGINEERING
PUB_011766,COMPUTER_NETWORKS_AND_COMMUNICATIONS
PUB_011767,AEROSPACE_ENGINEERING
PUB_011768,ASTRONOMY_AND_ASTROPHYSICS
PUB_011769,CIVIL_AND_STRUCTURAL_ENGINEERING
PUB_011770,MECHANICAL_ENGINEERING
PUB_011771,AEROSPACE_ENGINEERING
PUB_011772,ARTIFICIAL_INTELLIGENCE
PUB_011773,MECHANICAL_ENGINEERING
PUB_011774,MECHANICAL_ENGINEERING
PUB_011775,OCEAN_ENGINEERING
PUB_011776,ELECTRICAL_AND_ELECTRONIC_ENGINEERING
PUB_011777,STATISTICAL_AND_NONLINEAR_PHYSICS
PUB_011778,ATOMIC_AND_MOLECULAR_PHYSICS_AND_OPTICS
PUB_011779,MEDIA_TECHNOLOGY
PUB_011780,BIOMATERIALS
PUB_011781,MECHANICAL_ENGINEERING
PUB_011782,ELECTRICAL_AND_ELECTRONIC_ENGINEERING
PUB_011783,AEROSPACE_ENGINEERING
PUB_011784,MECHANICAL_ENGINEERING
PUB_011785,MATERIALS_CHEMISTRY
PUB_011786,MATERIALS_CHEMISTRY
PUB_011787,MATERIALS_CHEMISTRY
PUB_011788,COMPUTATIONAL_MECHANICS
PUB_011789,ELECTRICAL_AND_ELECTRONIC_ENGINEERING
PUB_011790,ARTIFICIAL_INTELLIGENCE
PUB_011791,CONTROL_AND_SYSTEMS_ENGINEERING
PUB_011792,MATERIALS_CHEMISTRY
PUB_011793,ASTRONOMY_AND_ASTROPHYSICS
PUB_011794,ELECTRICAL_AND_ELECTRONIC_ENGINEERING
PUB_011795,ELECTRICAL_AND_ELECTRONIC_ENGINEERING
PUB_011796,BIOMEDICAL_ENGINEERING
PUB_011797,ELECTRICAL_AND_ELECTRONIC_ENGINEERING
PUB_011798,ELECTRICAL_AND_ELECTRONIC_ENGINEERING
PUB_011799,ATOMIC_AND_MOLECULAR_PHYSICS_AND_OPTICS
PUB_011800,BIOMEDICAL_ENGINEERING
PUB_011801,ARTIFICIAL_INTELLIGENCE
PUB_011802,AEROSPACE_ENGINEERING
PUB_011803,COMPUTER_NETWORKS_AND_COMMUNICATIONS
PUB_011804,MATHEMATICAL_PHYSICS
PUB_011805,MECHANICS_OF_MATERIALS
PUB_011806,MECHANICAL_ENGINEERING
PUB_011807,MATERIALS_CHEMISTRY
PUB_011808,MECHANICAL_ENGINEERING
PUB_011809,MATERIALS_CHEMISTRY
PUB_011810,ATOMIC_AND_MOLECULAR_PHYSICS_AND_OPTICS
PUB_011811,ELECTRICAL_AND_ELECTRONIC_ENGINEERING
PUB_011812,COMPUTER_NETWORKS_AND_COMMUNICATIONS
PUB_011813,MATERIALS_CHEMISTRY
PUB_011814,ARTIFICIAL_INTELLIGENCE
PUB_011815,BIOMEDICAL_ENGINEERING
PUB_011816,MECHANICS_OF_MATERIALS
PUB_011817,BIOMEDICAL_ENGINEERING
PUB_011818,ATOMIC_AND_MOLECULAR_PHYSICS_AND_OPTICS
PUB_011819,MATERIALS_CHEMISTRY
PUB_011820,COMPUTATIONAL_MECHANICS
PUB_011821,ASTRONOMY_AND_ASTROPHYSICS
PUB_011822,ATOMIC_AND_MOLECULAR_PHYSICS_AND_OPTICS
PUB_011823,ELECTRICAL_AND_ELECTRONIC_ENGINEERING
PUB_011824,ELECTRICAL_AND_ELECTRONIC_ENGINEERING
PUB_011825,BUILDING_AND_CONSTRUCTION
PUB_011826,STATISTICAL_AND_NONLINEAR_PHYSICS
PUB_011827,ELECTRICAL_AND_ELECTRONIC_ENGINEERING
PUB_011828,COMPUTER_VISION_AND_PATTERN_RECOGNITION
PUB_011829,COMPUTATIONAL_THEORY_AND_MATHEMATICS
PUB_011830,BIOMATERIALS
PUB_011831,ATOMIC_AND_MOLECULAR_PHYSICS_AND_OPTICS
PUB_011832,MATERIALS_CHEMISTRY
PUB_011833,ARTIFICIAL_INTELLIGENCE
PUB_011834,SIGNAL_PROCESSING
PUB_011835,AEROSPACE_ENGINEERING
PUB_011836,ELECTRICAL_AND_ELECTRONIC_ENGINEERING
PUB_011837,MATERIALS_CHEMISTRY
PUB_011838,BIOMEDICAL_ENGINEERING
PUB_011839,ELECTRICAL_AND_ELECTRONIC_ENGINEERING
PUB_011840,ELECTRICAL_AND_ELECTRONIC_ENGINEERING
PUB_011841,ELECTRICAL_AND_ELECTRONIC_ENGINEERING
PUB_011842,ELECTRICAL_AND_ELECTRONIC_ENGINEERING
PUB_011843,COMPUTATIONAL_THEORY_AND_MATHEMATICS
PUB_011844,MATERIALS_CHEMISTRY
PUB_011845,ATOMIC_AND_MOLECULAR_PHYSICS_AND_OPTICS
PUB_011846,ELECTRICAL_AND_ELECTRONIC_ENGINEERING
PUB_011847,MATERIALS_CHEMISTRY
PUB_011848,ELECTRICAL_AND_ELECTRONIC_ENGINEERING
PUB_011849,ASTRONOMY_AND_ASTROPHYSICS
PUB_011850,MECHANICAL_ENGINEERING
PUB_011851,ATOMIC_AND_MOLECULAR_PHYSICS_AND_OPTICS
PUB_011852,MATERIALS_CHEMISTRY
PUB_011853,ELECTRICAL_AND_ELECTRONIC_ENGINEERING
PUB_011854,ARTIFICIAL_INTELLIGENCE
PUB_011855,MATERIALS_CHEMISTRY
PUB_011856,ELECTRICAL_AND_ELECTRONIC_ENGINEERING
PUB_011857,MATERIALS_CHEMISTRY
PUB_011858,INDUSTRIAL_AND_MANUFACTURING_ENGINEERING
PUB_011859,CIVIL_AND_STRUCTURAL_ENGINEERING
PUB_011860,COMPUTATIONAL_MATHEMATICS
PUB_011861,ATOMIC_AND_MOLECULAR_PHYSICS_AND_OPTICS
PUB_011862,CONTROL_AND_SYSTEMS_ENGINEERING
PUB_011863,COMPUTATIONAL_MECHANICS
PUB_011864,ATOMIC_AND_MOLECULAR_PHYSICS_AND_OPTICS
PUB_011865,POLYMERS_AND_PLASTICS
PUB_011866,MECHANICAL_ENGINEERING
PUB_011867,CONTROL_AND_SYSTEMS_ENGINEERING
PUB_011868,MECHANICAL_ENGINEERING
PUB_011869,ARTIFICIAL_INTELLIGENCE
PUB_011870,ELECTRICAL_AND_ELECTRONIC_ENGINEERING
PUB_011871,COMPUTATIONAL_THEORY_AND_MATHEMATICS
PUB_011872,ELECTRICAL_AND_ELECTRONIC_ENGINEERING
PUB_011873,ELECTRICAL_AND_ELECTRONIC_ENGINEERING
PUB_011874,POLYMERS_AND_PLASTICS
PUB_011875,ELECTRICAL_AND_ELECTRONIC_ENGINEERING
PUB_011876,COMPUTER_NETWORKS_AND_COMMUNICATIONS
PUB_011877,MATHEMATICAL_PHYSICS
PUB_011878,ASTRONOMY_AND_ASTROPHYSICS
PUB_011879,CIVIL_AND_STRUCTURAL_ENGINEERING
PUB_011880,COMPUTER_NETWORKS_AND_COMMUNICATIONS
PUB_011881,ELECTRICAL_AND_ELECTRONIC_ENGINEERING
PUB_011882,MECHANICAL_ENGINEERING
PUB_011883,ASTRONOMY_AND_ASTROPHYSICS
PUB_011884,COMPUTATIONAL_MECHANICS
PUB_011885,ELECTRICAL_AND_ELECTRONIC_ENGINEERING
PUB_011886,COMPUTATIONAL_MECHANICS
PUB_011887,ELECTRICAL_AND_ELECTRONIC_ENGINEERING
PUB_011888,AUTOMOTIVE_ENGINEERING
PUB_011889,ELECTRICAL_AND_ELECTRONIC_ENGINEERING
PUB_011890,MATERIALS_CHEMISTRY
PUB_011891,MECHANICAL_ENGINEERING
PUB_011892,BUILDING_AND_CONSTRUCTION
PUB_011893,ARTIFICIAL_INTELLIGENCE
PUB_011894,ELECTRICAL_AND_ELECTRONIC_ENGINEERING
PUB_011895,MATERIALS_CHEMISTRY
PUB_011896,ELECTRICAL_AND_ELECTRONIC_ENGINEERING
PUB_011897,OCEAN_ENGINEERING
PUB_011898,INDUSTRIAL_AND_MANUFACTURING_ENGINEERING
PUB_011899,ELECTRICAL_AND_ELECTRONIC_ENGINEERING
PUB_011900,MATERIALS_CHEMISTRY
PUB_011901,COMPUTER_NETWORKS_AND_COMMUNICATIONS
PUB_011902,ELECTRONIC_OPTICAL_AND_MAGNETIC_MATERIALS
PUB_011903,MATERIALS_CHEMISTRY
PUB_011904,ELECTRICAL_AND_ELECTRONIC_ENGINEERING
PUB_011905,AEROSPACE_ENGINEERING
PUB_011906,COMPUTER_NETWORKS_AND_COMMUNICATIONS
PUB_011907,ELECTRICAL_AND_ELECTRONIC_ENGINEERING
PUB_011908,ARTIFICIAL_INTELLIGENCE
PUB_011909,CIVIL_AND_STRUCTURAL_ENGINEERING
PUB_011910,MECHANICAL_ENGINEERING
PUB_011911,ELECTRICAL_AND_ELECTRONIC_ENGINEERING
PUB_011912,COMPUTER_VISION_AND_PATTERN_RECOGNITION
PUB_011913,COMPUTER_VISION_AND_PATTERN_RECOGNITION
PUB_011914,ELECTRICAL_AND_ELECTRONIC_ENGINEERING
PUB_011915,APPLIED_MATHEMATICS
PUB_011916,ARTIFICIAL_INTELLIGENCE
PUB_011917,MATERIALS_CHEMISTRY
PUB_011918,ATOMIC_AND_MOLECULAR_PHYSICS_AND_OPTICS
PUB_011919,BIOMEDICAL_ENGINEERING
PUB_011920,ELECTRICAL_AND_ELECTRONIC_ENGINEERING
PUB_011921,ELECTRICAL_AND_ELECTRONIC_ENGINEERING
PUB_011922,ARTIFICIAL_INTELLIGENCE
PUB_011923,ASTRONOMY_AND_ASTROPHYSICS
PUB_011924,AEROSPACE_ENGINEERING
PUB_011925,ELECTRICAL_AND_ELECTRONIC_ENGINEERING
PUB_011926,SAFETY_RISK_RELIABILITY_AND_QUALITY
PUB_011927,MECHANICS_OF_MATERIALS
PUB_011928,ATOMIC_AND_MOLECULAR_PHYSICS_AND_OPTICS
PUB_011929,ARTIFICIAL_INTELLIGENCE
PUB_011930,COMPUTER_NETWORKS_AND_COMMUNICATIONS
PUB_011931,BIOMEDICAL_ENGINEERING
PUB_011932,MECHANICAL_ENGINEERING
PUB_011933,ATOMIC_AND_MOLECULAR_PHYSICS_AND_OPTICS
PUB_011934,COMPUTER_VISION_AND_PATTERN_RECOGNITION
PUB_011935,ELECTRICAL_AND_ELECTRONIC_ENGINEERING
PUB_011936,ARTIFICIAL_INTELLIGENCE
PUB_011937,MECHANICAL_ENGINEERING
PUB_011938,BIOMATERIALS
PUB_011939,POLYMERS_AND_PLASTICS
PUB_011940,CIVIL_AND_STRUCTURAL_ENGINEERING
PUB_011941,ELECTRONIC_OPTICAL_AND_MAGNETIC_MATERIALS
PUB_011942,ATOMIC_AND_MOLECULAR_PHYSICS_AND_OPTICS
PUB_011943,COMPUTATIONAL_MECHANICS
PUB_011944,ELECTRICAL_AND_ELECTRONIC_ENGINEERING
PUB_011945,ELECTRICAL_AND_ELECTRONIC_ENGINEERING
PUB_011946,APPLIED_MATHEMATICS
PUB_011947,INFORMATION_SYSTEMS
PUB_011948,MATERIALS_CHEMISTRY
PUB_011949,COMPUTATIONAL_MECHANICS
PUB_011950,ATOMIC_AND_MOLECULAR_PHYSICS_AND_OPTICS
PUB_011951,ELECTRONIC_OPTICAL_AND_MAGNETIC_MATERIALS
PUB_011952,STATISTICAL_AND_NONLINEAR_PHYSICS
PUB_011953,BIOMEDICAL_ENGINEERING
PUB_011954,ELECTRICAL_AND_ELECTRONIC_ENGINEERING
PUB_011955,MODELING_AND_SIMULATION
PUB_011956,AUTOMOTIVE_ENGINEERING
PUB_011957,MATERIALS_CHEMISTRY
PUB_011958,CIVIL_AND_STRUCTURAL_ENGINEERING
PUB_011959,COMPUTER_VISION_AND_PATTERN_RECOGNITION
PUB_011960,INFORMATION_SYSTEMS
PUB_011961,STATISTICAL_AND_NONLINEAR_PHYSICS
PUB_011962,AEROSPACE_ENGINEERING
PUB_011963,ELECTRICAL_AND_ELECTRONIC_ENGINEERING
PUB_011964,BIOMATERIALS
PUB_011965,ATOMIC_AND_MOLECULAR_PHYSICS_AND_OPTICS
PUB_011966,CONTROL_AND_SYSTEMS_ENGINEERING
PUB_011967,ATOMIC_AND_MOLECULAR_PHYSICS_AND_OPTICS
PUB_011968,GEOMETRY_AND_TOPOLOGY
PUB_011969,MATERIALS_CHEMISTRY
PUB_011970,ELECTRICAL_AND_ELECTRONIC_ENGINEERING
PUB_011971,POLYMERS_AND_PLASTICS
PUB_011972,ELECTRONIC_OPTICAL_AND_MAGNETIC_MATERIALS
PUB_011973,BIOMEDICAL_ENGINEERING
PUB_011974,COMPUTER_VISION_AND_PATTERN_RECOGNITION
PUB_011975,MATERIALS_CHEMISTRY
PUB_011976,POLYMERS_AND_PLASTICS
PUB_011977,MECHANICS_OF_MATERIALS
PUB_011978,ARTIFICIAL_INTELLIGENCE
PUB_011979,ATOMIC_AND_MOLECULAR_PHYSICS_AND_OPTICS
PUB_011980,MATERIALS_CHEMISTRY
PUB_011981,APPLIED_MATHEMATICS
PUB_011982,ELECTRONIC_OPTICAL_AND_MAGNETIC_MATERIALS
PUB_011983,ELECTRICAL_AND_ELECTRONIC_ENGINEERING
PUB_011984,BIOMATERIALS
PUB_011985,COMPUTER_NETWORKS_AND_COMMUNICATIONS
PUB_011986,ASTRONOMY_AND_ASTROPHYSICS
PUB_011987,DISCRETE_MATHEMATICS_AND_COMBINATORICS
PUB_011988,MATERIALS_CHEMISTRY
PUB_011989,ARTIFICIAL_INTELLIGENCE
PUB_011990,ATOMIC_AND_MOLECULAR_PHYSICS_AND_OPTICS
PUB_011991,OCEAN_ENGINEERING
PUB_011992,ARTIFICIAL_INTELLIGENCE
PUB_011993,ELECTRICAL_AND_ELECTRONIC_ENGINEERING
PUB_011994,COMPUTATIONAL_MECHANICS
PUB_011995,ELECTRONIC_OPTICAL_AND_MAGNETIC_MATERIALS
PUB_011996,ATOMIC_AND_MOLECULAR_PHYSICS_AND_OPTICS
PUB_011997,CONDENSED_MATTER_PHYSICS
PUB_011998,COMPUTATIONAL_THEORY_AND_MATHEMATICS
PUB_011999,CONDENSED_MATTER_PHYSICS
PUB_012000,CONTROL_AND_SYSTEMS_ENGINEERING
PUB_012001,MATERIALS_CHEMISTRY
PUB_012002,MECHANICS_OF_MATERIALS
PUB_012003,MECHANICAL_ENGINEERING
PUB_012004,STATISTICAL_AND_NONLINEAR_PHYSICS
PUB_012005,AEROSPACE_ENGINEERING
PUB_012006,MECHANICAL_ENGINEERING
PUB_012007,ELECTRICAL_AND_ELECTRONIC_ENGINEERING
PUB_012008,ELECTRICAL_AND_ELECTRONIC_ENGINEERING
PUB_012009,ARTIFICIAL_INTELLIGENCE
PUB_012010,POLYMERS_AND_PLASTICS
PUB_012011,SURFACES_COATINGS_AND_FILMS
PUB_012012,COMPUTATIONAL_THEORY_AND_MATHEMATICS
PUB_012013,COMPUTATIONAL_THEORY_AND_MATHEMATICS
PUB_012014,ELECTRICAL_AND_ELECTRONIC_ENGINEERING
PUB_012015,ARTIFICIAL_INTELLIGENCE
PUB_012016,ARTIFICIAL_INTELLIGENCE
PUB_012017,ELECTRICAL_AND_ELECTRONIC_ENGINEERING
PUB_012018,ELECTRICAL_AND_ELECTRONIC_ENGINEERING
PUB_012019,ELECTRICAL_AND_ELECTRONIC_ENGINEERING
PUB_012020,ARTIFICIAL_INTELLIGENCE
PUB_012021,ELECTRICAL_AND_ELECTRONIC_ENGINEERING
PUB_012022,MECHANICS_OF_MATERIALS
PUB_012023,APPLIED_MATHEMATICS
PUB_012024,MATHEMATICAL_PHYSICS
PUB_012025,ELECTRICAL_AND_ELECTRONIC_ENGINEERING
PUB_012026,BIOMEDICAL_ENGINEERING
PUB_012027,MATERIALS_CHEMISTRY
PUB_012028,MATERIALS_CHEMISTRY
PUB_012029,ARTIFICIAL_INTELLIGENCE
PUB_012030,ARTIFICIAL_INTELLIGENCE
PUB_012031,MATERIALS_CHEMISTRY
PUB_012032,ASTRONOMY_AND_ASTROPHYSICS
PUB_012033,MATERIALS_CHEMISTRY
PUB_012034,MATERIALS_CHEMISTRY
PUB_012035,ELECTRICAL_AND_ELECTRONIC_ENGINEERING
PUB_012036,MATERIALS_CHEMISTRY
PUB_012037,BIOMEDICAL_ENGINEERING
PUB_012038,MECHANICAL_ENGINEERING
PUB_012039,AEROSPACE_ENGINEERING
PUB_012040,AEROSPACE_ENGINEERING
PUB_012041,APPLIED_MATHEMATICS
PUB_012042,ARTIFICIAL_INTELLIGENCE
PUB_012043,COMPUTER_VISION_AND_PATTERN_RECOGNITION
PUB_012044,ARTIFICIAL_INTELLIGENCE
PUB_012045,COMPUTER_VISION_AND_PATTERN_RECOGNITION
PUB_012046,AEROSPACE_ENGINEERING
PUB_012047,COMPUTER_NETWORKS_AND_COMMUNICATIONS
PUB_012048,GEOMETRY_AND_TOPOLOGY
PUB_012049,ARTIFICIAL_INTELLIGENCE
PUB_012050,INDUSTRIAL_AND_MANUFACTURING_ENGINEERING
PUB_012051,MATERIALS_CHEMISTRY
PUB_012052,COMPUTER_GRAPHICS_AND_COMPUTERAIDED_DESIGN
PUB_012053,MATERIALS_CHEMISTRY
PUB_012054,ALGEBRA_AND_NUMBER_THEORY
PUB_012055,POLYMERS_AND_PLASTICS
PUB_012056,MECHANICAL_ENGINEERING
PUB_012057,MATERIALS_CHEMISTRY
PUB_012058,BIOMATERIALS
PUB_012059,MATERIALS_CHEMISTRY
PUB_012060,ELECTRONIC_OPTICAL_AND_MAGNETIC_MATERIALS
PUB_012061,APPLIED_MATHEMATICS
PUB_012062,GEOMETRY_AND_TOPOLOGY
PUB_012063,AEROSPACE_ENGINEERING
PUB_012064,ARTIFICIAL_INTELLIGENCE
PUB_012065,COMPUTATIONAL_MECHANICS
PUB_012066,MECHANICAL_ENGINEERING
PUB_012067,COMPUTATIONAL_THEORY_AND_MATHEMATICS
PUB_012068,BIOMATERIALS
PUB_012069,ELECTRICAL_AND_ELECTRONIC_ENGINEERING
PUB_012070,MECHANICS_OF_MATERIALS
PUB_012071,ARTIFICIAL_INTELLIGENCE
PUB_012072,ELECTRICAL_AND_ELECTRONIC_ENGINEERING
PUB_012073,ARTIFICIAL_INTELLIGENCE
PUB_012074,CONTROL_AND_SYSTEMS_ENGINEERING
PUB_012075,ELECTRONIC_OPTICAL_AND_MAGNETIC_MATERIALS
PUB_012076,ARTIFICIAL_INTELLIGENCE
PUB_012077,HARDWARE_AND_ARCHITECTURE
PUB_012078,MATERIALS_CHEMISTRY
PUB_012079,CONDENSED_MATTER_PHYSICS
PUB_012080,MECHANICAL_ENGINEERING
PUB_012081,MATERIALS_CHEMISTRY
PUB_012082,APPLIED_MATHEMATICS
PUB_012083,COMPUTER_VISION_AND_PATTERN_RECOGNITION
PUB_012084,MATERIALS_CHEMISTRY
PUB_012085,ARTIFICIAL_INTELLIGENCE
PUB_012086,MATHEMATICAL_PHYSICS
PUB_012087,HARDWARE_AND_ARCHITECTURE
PUB_012088,CONDENSED_MATTER_PHYSICS
PUB_012089,CONDENSED_MATTER_PHYSICS
PUB_012090,ELECTRICAL_AND_ELECTRONIC_ENGINEERING
PUB_012091,ELECTRICAL_AND_ELECTRONIC_ENGINEERING
PUB_012092,MATERIALS_CHEMISTRY
PUB_012093,CIVIL_AND_STRUCTURAL_ENGINEERING
PUB_012094,CIVIL_AND_STRUCTURAL_ENGINEERING
PUB_012095,ARTIFICIAL_INTELLIGENCE
PUB_012096,APPLIED_MATHEMATICS
PUB_012097,COMPUTATIONAL_THEORY_AND_MATHEMATICS
PUB_012098,CONTROL_AND_SYSTEMS_ENGINEERING
PUB_012099,MECHANICAL_ENGINEERING
PUB_012100,ATOMIC_AND_MOLECULAR_PHYSICS_AND_OPTICS
PUB_012101,COMPUTATIONAL_MECHANICS
PUB_012102,ATOMIC_AND_MOLECULAR_PHYSICS_AND_OPTICS
PUB_012103,ASTRONOMY_AND_ASTROPHYSICS
PUB_012104,ARTIFICIAL_INTELLIGENCE
PUB_012105,RADIATION
PUB_012106,AEROSPACE_ENGINEERING
PUB_012107,BIOMATERIALS
PUB_012108,BIOMEDICAL_ENGINEERING
PUB_012109,MATERIALS_CHEMISTRY
PUB_012110,ALGEBRA_AND_NUMBER_THEORY
PUB_012111,COMPUTER_VISION_AND_PATTERN_RECOGNITION
PUB_012112,CIVIL_AND_STRUCTURAL_ENGINEERING
PUB_012113,MATERIALS_CHEMISTRY
PUB_012114,ELECTRICAL_AND_ELECTRONIC_ENGINEERING
PUB_012115,OCEAN_ENGINEERING
PUB_012116,OCEAN_ENGINEERING
PUB_012117,ELECTRICAL_AND_ELECTRONIC_ENGINEERING
PUB_012118,ELECTRICAL_AND_ELECTRONIC_ENGINEERING
PUB_012119,COMPUTATIONAL_MECHANICS
PUB_012120,CONTROL_AND_SYSTEMS_ENGINEERING
PUB_012121,BIOMEDICAL_ENGINEERING
PUB_012122,COMPUTATIONAL_MECHANICS
PUB_012123,COMPUTER_VISION_AND_PATTERN_RECOGNITION
PUB_012124,APPLIED_MATHEMATICS
PUB_012125,MECHANICAL_ENGINEERING
PUB_012126,ELECTRICAL_AND_ELECTRONIC_ENGINEERING
PUB_012127,APPLIED_MATHEMATICS
PUB_012128,MATHEMATICAL_PHYSICS
PUB_012129,OCEAN_ENGINEERING
PUB_012130,ATOMIC_AND_MOLECULAR_PHYSICS_AND_OPTICS
PUB_012131,ARTIFICIAL_INTELLIGENCE
PUB_012132,MECHANICAL_ENGINEERING
PUB_012133,GEOMETRY_AND_TOPOLOGY
PUB_012134,ATOMIC_AND_MOLECULAR_PHYSICS_AND_OPTICS
PUB_012135,GEOMETRY_AND_TOPOLOGY
PUB_012136,COMPUTATIONAL_THEORY_AND_MATHEMATICS
PUB_012137,COMPUTER_NETWORKS_AND_COMMUNICATIONS
PUB_012138,MECHANICS_OF_MATERIALS
PUB_012139,ELECTRICAL_AND_ELECTRONIC_ENGINEERING
PUB_012140,POLYMERS_AND_PLASTICS
PUB_012141,ASTRONOMY_AND_ASTROPHYSICS
PUB_012142,INDUSTRIAL_AND_MANUFACTURING_ENGINEERING
PUB_012143,ARTIFICIAL_INTELLIGENCE
PUB_012144,CONTROL_AND_SYSTEMS_ENGINEERING
PUB_012145,COMPUTATIONAL_THEORY_AND_MATHEMATICS
PUB_012146,HUMANCOMPUTER_INTERACTION
PUB_012147,ELECTRICAL_AND_ELECTRONIC_ENGINEERING
PUB_012148,MATERIALS_CHEMISTRY
PUB_012149,ELECTRONIC_OPTICAL_AND_MAGNETIC_MATERIALS
PUB_012150,SAFETY_RISK_RELIABILITY_AND_QUALITY
PUB_012151,ARTIFICIAL_INTELLIGENCE
PUB_012152,MATHEMATICAL_PHYSICS
PUB_012153,MATHEMATICAL_PHYSICS
PUB_012154,ATOMIC_AND_MOLECULAR_PHYSICS_AND_OPTICS
PUB_012155,ARTIFICIAL_INTELLIGENCE
PUB_012156,ELECTRICAL_AND_ELECTRONIC_ENGINEERING
PUB_012157,COMPUTER_VISION_AND_PATTERN_RECOGNITION
PUB_012158,MECHANICAL_ENGINEERING
PUB_012159,MATERIALS_CHEMISTRY
PUB_012160,COMPUTATIONAL_THEORY_AND_MATHEMATICS
PUB_012161,COMPUTATIONAL_THEORY_AND_MATHEMATICS
PUB_012162,ELECTRICAL_AND_ELECTRONIC_ENGINEERING
PUB_012163,COMPUTATIONAL_THEORY_AND_MATHEMATICS
PUB_012164,POLYMERS_AND_PLASTICS
PUB_012165,AEROSPACE_ENGINEERING
PUB_012166,POLYMERS_AND_PLASTICS
PUB_012167,ELECTRICAL_AND_ELECTRONIC_ENGINEERING
PUB_012168,ELECTRICAL_AND_ELECTRONIC_ENGINEERING
PUB_012169,MECHANICAL_ENGINEERING
PUB_012170,AUTOMOTIVE_ENGINEERING
PUB_012171,MECHANICAL_ENGINEERING
PUB_012172,CONTROL_AND_SYSTEMS_ENGINEERING
PUB_012173,COMPUTER_VISION_AND_PATTERN_RECOGNITION
PUB_012174,COMPUTER_NETWORKS_AND_COMMUNICATIONS
PUB_012175,COMPUTER_NETWORKS_AND_COMMUNICATIONS
PUB_012176,COMPUTER_NETWORKS_AND_COMMUNICATIONS
PUB_012177,ELECTRICAL_AND_ELECTRONIC_ENGINEERING
PUB_012178,ELECTRICAL_AND_ELECTRONIC_ENGINEERING
PUB_012179,MATHEMATICAL_PHYSICS
PUB_012180,ARTIFICIAL_INTELLIGENCE
PUB_012181,MATERIALS_CHEMISTRY
PUB_012182,ARTIFICIAL_INTELLIGENCE
PUB_012183,COMPUTATIONAL_MECHANICS
PUB_012184,BIOMEDICAL_ENGINEERING
PUB_012185,CONDENSED_MATTER_PHYSICS
PUB_012186,MATERIALS_CHEMISTRY
PUB_012187,ELECTRICAL_AND_ELECTRONIC_ENGINEERING
PUB_012188,MECHANICS_OF_MATERIALS
PUB_012189,CONTROL_AND_SYSTEMS_ENGINEERING
PUB_012190,MECHANICAL_ENGINEERING
PUB_012191,AEROSPACE_ENGINEERING
PUB_012192,SIGNAL_PROCESSING
PUB_012193,GEOMETRY_AND_TOPOLOGY
PUB_012194,ELECTRICAL_AND_ELECTRONIC_ENGINEERING
PUB_012195,ELECTRICAL_AND_ELECTRONIC_ENGINEERING
PUB_012196,ELECTRICAL_AND_ELECTRONIC_ENGINEERING
PUB_012197,ELECTRONIC_OPTICAL_AND_MAGNETIC_MATERIALS
PUB_012198,ELECTRICAL_AND_ELECTRONIC_ENGINEERING
PUB_012199,ELECTRICAL_AND_ELECTRONIC_ENGINEERING
PUB_012200,ELECTRICAL_AND_ELECTRONIC_ENGINEERING
PUB_012201,ELECTRICAL_AND_ELECTRONIC_ENGINEERING
PUB_012202,ELECTRICAL_AND_ELECTRONIC_ENGINEERING
PUB_012203,ELECTRICAL_AND_ELECTRONIC_ENGINEERING
PUB_012204,ELECTRICAL_AND_ELECTRONIC_ENGINEERING
PUB_012205,ELECTRICAL_AND_ELECTRONIC_ENGINEERING
PUB_012206,COMPUTATIONAL_MECHANICS
PUB_012207,ELECTRICAL_AND_ELECTRONIC_ENGINEERING
PUB_012208,ARTIFICIAL_INTELLIGENCE
PUB_012209,ARTIFICIAL_INTELLIGENCE
PUB_012210,BIOMEDICAL_ENGINEERING
PUB_012211,ASTRONOMY_AND_ASTROPHYSICS
PUB_012212,AEROSPACE_ENGINEERING
PUB_012213,ELECTRICAL_AND_ELECTRONIC_ENGINEERING
PUB_012214,ELECTRICAL_AND_ELECTRONIC_ENGINEERING
PUB_012215,APPLIED_MATHEMATICS
PUB_012216,ELECTRONIC_OPTICAL_AND_MAGNETIC_MATERIALS
PUB_012217,HUMANCOMPUTER_INTERACTION
PUB_012218,SAFETY_RISK_RELIABILITY_AND_QUALITY
PUB_012219,ELECTRICAL_AND_ELECTRONIC_ENGINEERING
PUB_012220,COMPUTER_VISION_AND_PATTERN_RECOGNITION
PUB_012221,CONTROL_AND_SYSTEMS_ENGINEERING
PUB_012222,COMPUTER_VISION_AND_PATTERN_RECOGNITION
PUB_012223,BIOMATERIALS
PUB_012224,MECHANICS_OF_MATERIALS
PUB_012225,MECHANICS_OF_MATERIALS
PUB_012226,COMPUTER_VISION_AND_PATTERN_RECOGNITION
PUB_012227,INDUSTRIAL_AND_MANUFACTURING_ENGINEERING
PUB_012228,MATERIALS_CHEMISTRY
PUB_012229,AEROSPACE_ENGINEERING
PUB_012230,MECHANICAL_ENGINEERING
PUB_012231,CIVIL_AND_STRUCTURAL_ENGINEERING
PUB_012232,COMPUTATIONAL_MECHANICS
PUB_012233,ARTIFICIAL_INTELLIGENCE
PUB_012234,CONDENSED_MATTER_PHYSICS
PUB_012235,ELECTRICAL_AND_ELECTRONIC_ENGINEERING
PUB_012236,ATOMIC_AND_MOLECULAR_PHYSICS_AND_OPTICS
PUB_012237,ELECTRONIC_OPTICAL_AND_MAGNETIC_MATERIALS
PUB_012238,CIVIL_AND_STRUCTURAL_ENGINEERING
PUB_012239,COMPUTATIONAL_MECHANICS
PUB_012240,ELECTRICAL_AND_ELECTRONIC_ENGINEERING
PUB_012241,MATERIALS_CHEMISTRY
PUB_012242,ELECTRICAL_AND_ELECTRONIC_ENGINEERING
PUB_012243,CIVIL_AND_STRUCTURAL_ENGINEERING
PUB_012244,STATISTICAL_AND_NONLINEAR_PHYSICS
PUB_012245,ELECTRICAL_AND_ELECTRONIC_ENGINEERING
PUB_012246,ELECTRONIC_OPTICAL_AND_MAGNETIC_MATERIALS
PUB_012247,ELECTRICAL_AND_ELECTRONIC_ENGINEERING
PUB_012248,COMPUTATIONAL_MECHANICS
PUB_012249,BIOMEDICAL_ENGINEERING
PUB_012250,BIOMATERIALS
PUB_012251,APPLIED_MATHEMATICS
PUB_012252,ATOMIC_AND_MOLECULAR_PHYSICS_AND_OPTICS
PUB_012253,COMPUTATIONAL_MECHANICS
PUB_012254,APPLIED_MATHEMATICS
PUB_012255,ELECTRONIC_OPTICAL_AND_MAGNETIC_MATERIALS
PUB_012256,GEOMETRY_AND_TOPOLOGY
PUB_012257,ELECTRICAL_AND_ELECTRONIC_ENGINEERING
PUB_012258,MECHANICAL_ENGINEERING
PUB_012259,MECHANICS_OF_MATERIALS
PUB_012260,AUTOMOTIVE_ENGINEERING
PUB_012261,ELECTRICAL_AND_ELECTRONIC_ENGINEERING
PUB_012262,CONDENSED_MATTER_PHYSICS
PUB_012263,MATHEMATICAL_PHYSICS
PUB_012264,APPLIED_MATHEMATICS
PUB_012265,ATOMIC_AND_MOLECULAR_PHYSICS_AND_OPTICS
PUB_012266,COMPUTER_NETWORKS_AND_COMMUNICATIONS
PUB_012267,COMPUTER_VISION_AND_PATTERN_RECOGNITION
PUB_012268,CONTROL_AND_SYSTEMS_ENGINEERING
PUB_012269,ELECTRICAL_AND_ELECTRONIC_ENGINEERING
PUB_012270,CONTROL_AND_SYSTEMS_ENGINEERING
PUB_012271,COMPUTER_NETWORKS_AND_COMMUNICATIONS
PUB_012272,CONTROL_AND_SYSTEMS_ENGINEERING
PUB_012273,ELECTRICAL_AND_ELECTRONIC_ENGINEERING
PUB_012274,ELECTRICAL_AND_ELECTRONIC_ENGINEERING
PUB_012275,CONTROL_AND_SYSTEMS_ENGINEERING
PUB_012276,OCEAN_ENGINEERING
PUB_012277,BIOMEDICAL_ENGINEERING
PUB_012278,ARTIFICIAL_INTELLIGENCE
PUB_012279,COMPUTER_NETWORKS_AND_COMMUNICATIONS
PUB_012280,COMPUTER_VISION_AND_PATTERN_RECOGNITION
PUB_012281,COMPUTER_NETWORKS_AND_COMMUNICATIONS
PUB_012282,AEROSPACE_ENGINEERING
PUB_012283,AEROSPACE_ENGINEERING
PUB_012284,ELECTRICAL_AND_ELECTRONIC_ENGINEERING
PUB_012285,ELECTRICAL_AND_ELECTRONIC_ENGINEERING
PUB_012286,AEROSPACE_ENGINEERING
PUB_012287,MECHANICAL_ENGINEERING
PUB_012288,AEROSPACE_ENGINEERING
PUB_012289,ELECTRICAL_AND_ELECTRONIC_ENGINEERING
PUB_012290,ELECTRICAL_AND_ELECTRONIC_ENGINEERING
PUB_012291,ELECTRICAL_AND_ELECTRONIC_ENGINEERING
PUB_012292,ELECTRICAL_AND_ELECTRONIC_ENGINEERING
PUB_012293,ELECTRICAL_AND_ELECTRONIC_ENGINEERING
PUB_012294,HARDWARE_AND_ARCHITECTURE
PUB_012295,ATOMIC_AND_MOLECULAR_PHYSICS_AND_OPTICS
PUB_012296,STATISTICS_AND_PROBABILITY
PUB_012297,ALGEBRA_AND_NUMBER_THEORY
PUB_012298,STATISTICS_AND_PROBABILITY
PUB_012299,COMPUTER_NETWORKS_AND_COMMUNICATIONS
PUB_012300,ARTIFICIAL_INTELLIGENCE
PUB_012301,BIOMEDICAL_ENGINEERING
PUB_012302,INDUSTRIAL_AND_MANUFACTURING_ENGINEERING
PUB_012303,MATERIALS_CHEMISTRY
PUB_012304,MATERIALS_CHEMISTRY
PUB_012305,ELECTRICAL_AND_ELECTRONIC_ENGINEERING
PUB_012306,ARTIFICIAL_INTELLIGENCE
PUB_012307,MATERIALS_CHEMISTRY
PUB_012308,MECHANICAL_ENGINEERING
PUB_012309,DISCRETE_MATHEMATICS_AND_COMBINATORICS
PUB_012310,POLYMERS_AND_PLASTICS
PUB_012311,POLYMERS_AND_PLASTICS
PUB_012312,COMPUTER_NETWORKS_AND_COMMUNICATIONS
PUB_012313,BIOMATERIALS
PUB_012314,STATISTICS_AND_PROBABILITY
PUB_012315,MATERIALS_CHEMISTRY
PUB_012316,BIOMEDICAL_ENGINEERING
PUB_012317,APPLIED_MATHEMATICS
PUB_012318,ATOMIC_AND_MOLECULAR_PHYSICS_AND_OPTICS
PUB_012319,ARCHITECTURE
PUB_012320,ELECTRICAL_AND_ELECTRONIC_ENGINEERING
PUB_012321,ELECTRICAL_AND_ELECTRONIC_ENGINEERING
PUB_012322,CIVIL_AND_STRUCTURAL_ENGINEERING
PUB_012323,ELECTRICAL_AND_ELECTRONIC_ENGINEERING
PUB_012324,ATOMIC_AND_MOLECULAR_PHYSICS_AND_OPTICS
PUB_012325,ELECTRICAL_AND_ELECTRONIC_ENGINEERING
PUB_012326,ELECTRONIC_OPTICAL_AND_MAGNETIC_MATERIALS
PUB_012327,STATISTICAL_AND_NONLINEAR_PHYSICS
PUB_012328,COMPUTATIONAL_THEORY_AND_MATHEMATICS
PUB_012329,ELECTRICAL_AND_ELECTRONIC_ENGINEERING
PUB_012330,ELECTRICAL_AND_ELECTRONIC_ENGINEERING
PUB_012331,ARTIFICIAL_INTELLIGENCE
PUB_012332,ATOMIC_AND_MOLECULAR_PHYSICS_AND_OPTICS
PUB_012333,COMPUTER_NETWORKS_AND_COMMUNICATIONS
PUB_012334,MATERIALS_CHEMISTRY
PUB_012335,ARTIFICIAL_INTELLIGENCE
PUB_012336,ELECTRICAL_AND_ELECTRONIC_ENGINEERING
PUB_012337,ELECTRICAL_AND_ELECTRONIC_ENGINEERING
PUB_012338,ELECTRICAL_AND_ELECTRONIC_ENGINEERING
PUB_012339,BIOMATERIALS
PUB_012340,MATERIALS_CHEMISTRY
PUB_012341,ELECTRICAL_AND_ELECTRONIC_ENGINEERING
PUB_012342,MATERIALS_CHEMISTRY
PUB_012343,POLYMERS_AND_PLASTICS
PUB_012344,MECHANICS_OF_MATERIALS
PUB_012345,MECHANICAL_ENGINEERING
PUB_012346,STATISTICAL_AND_NONLINEAR_PHYSICS
PUB_012347,COMPUTATIONAL_THEORY_AND_MATHEMATICS
PUB_012348,ARTIFICIAL_INTELLIGENCE
PUB_012349,COMPUTER_NETWORKS_AND_COMMUNICATIONS
PUB_012350,CONDENSED_MATTER_PHYSICS
PUB_012351,MECHANICS_OF_MATERIALS
PUB_012352,BIOMEDICAL_ENGINEERING
PUB_012353,COMPUTATIONAL_THEORY_AND_MATHEMATICS
PUB_012354,ARTIFICIAL_INTELLIGENCE
PUB_012355,SIGNAL_PROCESSING
PUB_012356,ELECTRICAL_AND_ELECTRONIC_ENGINEERING
PUB_012357,AEROSPACE_ENGINEERING
PUB_012358,COMPUTER_VISION_AND_PATTERN_RECOGNITION
PUB_012359,AEROSPACE_ENGINEERING
PUB_012360,MATERIALS_CHEMISTRY
PUB_012361,DISCRETE_MATHEMATICS_AND_COMBINATORICS
PUB_012362,ARTIFICIAL_INTELLIGENCE
PUB_012363,ARTIFICIAL_INTELLIGENCE
PUB_012364,CONTROL_AND_SYSTEMS_ENGINEERING
PUB_012365,ASTRONOMY_AND_ASTROPHYSICS
PUB_012366,COMPUTER_NETWORKS_AND_COMMUNICATIONS
PUB_012367,AUTOMOTIVE_ENGINEERING
PUB_012368,ARTIFICIAL_INTELLIGENCE
PUB_012369,BIOMATERIALS
PUB_012370,AEROSPACE_ENGINEERING
PUB_012371,MECHANICAL_ENGINEERING
PUB_012372,ELECTRICAL_AND_ELECTRONIC_ENGINEERING
PUB_012373,COMPUTATIONAL_MECHANICS
PUB_012374,BIOMEDICAL_ENGINEERING
PUB_012375,ELECTRICAL_AND_ELECTRONIC_ENGINEERING
PUB_012376,ATOMIC_AND_MOLECULAR_PHYSICS_AND_OPTICS
PUB_012377,MECHANICAL_ENGINEERING
PUB_012378,ELECTRICAL_AND_ELECTRONIC_ENGINEERING
PUB_012379,POLYMERS_AND_PLASTICS
PUB_012380,ELECTRICAL_AND_ELECTRONIC_ENGINEERING
PUB_012381,MODELING_AND_SIMULATION
PUB_012382,COMPUTER_VISION_AND_PATTERN_RECOGNITION
PUB_012383,ELECTRICAL_AND_ELECTRONIC_ENGINEERING
PUB_012384,ELECTRICAL_AND_ELECTRONIC_ENGINEERING
PUB_012385,BIOMATERIALS
PUB_012386,MECHANICAL_ENGINEERING
PUB_012387,DISCRETE_MATHEMATICS_AND_COMBINATORICS
PUB_012388,APPLIED_MATHEMATICS
PUB_012389,GEOMETRY_AND_TOPOLOGY
PUB_012390,COMPUTATIONAL_THEORY_AND_MATHEMATICS
PUB_012391,STATISTICAL_AND_NONLINEAR_PHYSICS
PUB_012392,APPLIED_MATHEMATICS
PUB_012393,COMPUTATIONAL_MECHANICS
PUB_012394,MATERIALS_CHEMISTRY
PUB_012395,MECHANICAL_ENGINEERING
PUB_012396,COMPUTATIONAL_MECHANICS
PUB_012397,ELECTRONIC_OPTICAL_AND_MAGNETIC_MATERIALS
PUB_012398,MECHANICS_OF_MATERIALS
PUB_012399,ELECTRICAL_AND_ELECTRONIC_ENGINEERING
PUB_012400,ELECTRONIC_OPTICAL_AND_MAGNETIC_MATERIALS
PUB_012401,ELECTRICAL_AND_ELECTRONIC_ENGINEERING
PUB_012402,BIOMEDICAL_ENGINEERING
PUB_012403,ELECTRICAL_AND_ELECTRONIC_ENGINEERING
PUB_012404,ELECTRICAL_AND_ELECTRONIC_ENGINEERING
PUB_012405,CONTROL_AND_SYSTEMS_ENGINEERING
PUB_012406,AEROSPACE_ENGINEERING
PUB_012407,AEROSPACE_ENGINEERING
PUB_012408,AEROSPACE_ENGINEERING
PUB_012409,ARTIFICIAL_INTELLIGENCE
PUB_012410,AEROSPACE_ENGINEERING
PUB_012411,COMPUTER_VISION_AND_PATTERN_RECOGNITION
PUB_012412,COMPUTER_VISION_AND_PATTERN_RECOGNITION
PUB_012413,CIVIL_AND_STRUCTURAL_ENGINEERING
PUB_012414,ARTIFICIAL_INTELLIGENCE
PUB_012415,COMPUTATIONAL_MECHANICS
PUB_012416,ARTIFICIAL_INTELLIGENCE
PUB_012417,MODELING_AND_SIMULATION
PUB_012418,AUTOMOTIVE_ENGINEERING
PUB_012419,ELECTRONIC_OPTICAL_AND_MAGNETIC_MATERIALS
PUB_012420,ELECTRICAL_AND_ELECTRONIC_ENGINEERING
PUB_012421,MODELING_AND_SIMULATION
PUB_012422,AEROSPACE_ENGINEERING
PUB_012423,COMPUTATIONAL_MECHANICS
PUB_012424,STATISTICAL_AND_NONLINEAR_PHYSICS
PUB_012425,COMPUTATIONAL_MECHANICS
PUB_012426,CONDENSED_MATTER_PHYSICS
PUB_012427,MODELING_AND_SIMULATION
PUB_012428,COMPUTATIONAL_MECHANICS
PUB_012429,ALGEBRA_AND_NUMBER_THEORY
PUB_012430,COMPUTATIONAL_THEORY_AND_MATHEMATICS
PUB_012431,COMPUTATIONAL_MECHANICS
PUB_012432,BIOMEDICAL_ENGINEERING
PUB_012433,COMPUTER_VISION_AND_PATTERN_RECOGNITION
PUB_012434,MATERIALS_CHEMISTRY
PUB_012435,ELECTRICAL_AND_ELECTRONIC_ENGINEERING
PUB_012436,MECHANICAL_ENGINEERING
PUB_012437,COMPUTATIONAL_MECHANICS
PUB_012438,COMPUTER_NETWORKS_AND_COMMUNICATIONS
PUB_012439,ARTIFICIAL_INTELLIGENCE
PUB_012440,ASTRONOMY_AND_ASTROPHYSICS
PUB_012441,MECHANICAL_ENGINEERING
PUB_012442,MATHEMATICAL_PHYSICS
PUB_012443,MATHEMATICAL_PHYSICS
PUB_012444,MATHEMATICAL_PHYSICS
PUB_012445,MATHEMATICAL_PHYSICS
PUB_012446,ARTIFICIAL_INTELLIGENCE
PUB_012447,MECHANICAL_ENGINEERING
PUB_012448,MEDIA_TECHNOLOGY
PUB_012449,ELECTRICAL_AND_ELECTRONIC_ENGINEERING
PUB_012450,MATHEMATICAL_PHYSICS
PUB_012451,ELECTRICAL_AND_ELECTRONIC_ENGINEERING
PUB_012452,MECHANICAL_ENGINEERING
PUB_012453,ELECTRICAL_AND_ELECTRONIC_ENGINEERING
PUB_012454,ELECTRICAL_AND_ELECTRONIC_ENGINEERING
PUB_012455,MECHANICS_OF_MATERIALS
PUB_012456,ASTRONOMY_AND_ASTROPHYSICS
PUB_012457,ELECTRICAL_AND_ELECTRONIC_ENGINEERING
PUB_012458,ARTIFICIAL_INTELLIGENCE
PUB_012459,AEROSPACE_ENGINEERING
PUB_012460,ASTRONOMY_AND_ASTROPHYSICS
PUB_012461,COMPUTATIONAL_MECHANICS
PUB_012462,CIVIL_AND_STRUCTURAL_ENGINEERING
PUB_012463,MATERIALS_CHEMISTRY
PUB_012464,ELECTRICAL_AND_ELECTRONIC_ENGINEERING
PUB_012465,ELECTRICAL_AND_ELECTRONIC_ENGINEERING
PUB_012466,ELECTRICAL_AND_ELECTRONIC_ENGINEERING
PUB_012467,ARTIFICIAL_INTELLIGENCE
PUB_012468,OCEAN_ENGINEERING
PUB_012469,ARTIFICIAL_INTELLIGENCE
PUB_012470,MECHANICAL_ENGINEERING
PUB_012471,CONTROL_AND_SYSTEMS_ENGINEERING
PUB_012472,BIOMEDICAL_ENGINEERING
PUB_012473,AEROSPACE_ENGINEERING
PUB_012474,COMPUTATIONAL_MECHANICS
PUB_012475,ARTIFICIAL_INTELLIGENCE
PUB_012476,ELECTRICAL_AND_ELECTRONIC_ENGINEERING
PUB_012477,MATERIALS_CHEMISTRY
PUB_012478,COMPUTER_VISION_AND_PATTERN_RECOGNITION
PUB_012479,ELECTRICAL_AND_ELECTRONIC_ENGINEERING
PUB_012480,ATOMIC_AND_MOLECULAR_PHYSICS_AND_OPTICS
PUB_012481,ELECTRICAL_AND_ELECTRONIC_ENGINEERING
PUB_012482,MATERIALS_CHEMISTRY
PUB_012483,OCEAN_ENGINEERING
PUB_012484,ARTIFICIAL_INTELLIGENCE
PUB_012485,ELECTRONIC_OPTICAL_AND_MAGNETIC_MATERIALS
PUB_012486,STATISTICAL_AND_NONLINEAR_PHYSICS
PUB_012487,BIOMEDICAL_ENGINEERING
PUB_012488,MATERIALS_CHEMISTRY
PUB_012489,AUTOMOTIVE_ENGINEERING
PUB_012490,MATERIALS_CHEMISTRY
PUB_012491,AEROSPACE_ENGINEERING
PUB_012492,AEROSPACE_ENGINEERING
PUB_012493,BIOMEDICAL_ENGINEERING
PUB_012494,COMPUTATIONAL_MECHANICS
PUB_012495,APPLIED_MATHEMATICS
PUB_012496,INDUSTRIAL_AND_MANUFACTURING_ENGINEERING
PUB_012497,ARTIFICIAL_INTELLIGENCE
PUB_012498,MATERIALS_CHEMISTRY
PUB_012499,GEOMETRY_AND_TOPOLOGY
PUB_012500,INDUSTRIAL_AND_MANUFACTURING_ENGINEERING
PUB_012501,MECHANICS_OF_MATERIALS
PUB_012502,POLYMERS_AND_PLASTICS
PUB_012503,COMPUTATIONAL_MECHANICS
PUB_012504,MECHANICAL_ENGINEERING
PUB_012505,COMPUTATIONAL_MECHANICS
PUB_012506,APPLIED_MATHEMATICS
PUB_012507,BUILDING_AND_CONSTRUCTION
PUB_012508,AEROSPACE_ENGINEERING
PUB_012509,CONDENSED_MATTER_PHYSICS
PUB_012510,CIVIL_AND_STRUCTURAL_ENGINEERING
PUB_012511,ELECTRICAL_AND_ELECTRONIC_ENGINEERING
PUB_012512,MATERIALS_CHEMISTRY
PUB_012513,MECHANICS_OF_MATERIALS
PUB_012514,AEROSPACE_ENGINEERING
PUB_012515,COMPUTATIONAL_THEORY_AND_MATHEMATICS
PUB_012516,ELECTRICAL_AND_ELECTRONIC_ENGINEERING
PUB_012517,ELECTRICAL_AND_ELECTRONIC_ENGINEERING
PUB_012518,AUTOMOTIVE_ENGINEERING
PUB_012519,ATOMIC_AND_MOLECULAR_PHYSICS_AND_OPTICS
PUB_012520,ELECTRICAL_AND_ELECTRONIC_ENGINEERING
PUB_012521,MECHANICS_OF_MATERIALS
PUB_012522,ATOMIC_AND_MOLECULAR_PHYSICS_AND_OPTICS
PUB_012523,COMPUTER_VISION_AND_PATTERN_RECOGNITION
PUB_012524,COMPUTER_NETWORKS_AND_COMMUNICATIONS
PUB_012525,CIVIL_AND_STRUCTURAL_ENGINEERING
PUB_012526,AEROSPACE_ENGINEERING
PUB_012527,CONDENSED_MATTER_PHYSICS
PUB_012528,ASTRONOMY_AND_ASTROPHYSICS
PUB_012529,ELECTRICAL_AND_ELECTRONIC_ENGINEERING
PUB_012530,CIVIL_AND_STRUCTURAL_ENGINEERING
PUB_012531,DISCRETE_MATHEMATICS_AND_COMBINATORICS
PUB_012532,ELECTRICAL_AND_ELECTRONIC_ENGINEERING
PUB_012533,AEROSPACE_ENGINEERING
PUB_012534,AEROSPACE_ENGINEERING
PUB_012535,MECHANICAL_ENGINEERING
PUB_012536,CONDENSED_MATTER_PHYSICS
PUB_012537,BIOMEDICAL_ENGINEERING
PUB_012538,OCEAN_ENGINEERING
PUB_012539,OCEAN_ENGINEERING
PUB_012540,CONTROL_AND_SYSTEMS_ENGINEERING
PUB_012541,OCEAN_ENGINEERING
PUB_012542,OCEAN_ENGINEERING
PUB_012543,STATISTICS_AND_PROBABILITY
PUB_012544,COMPUTATIONAL_MECHANICS
PUB_012545,MECHANICAL_ENGINEERING
PUB_012546,INFORMATION_SYSTEMS
PUB_012547,MECHANICS_OF_MATERIALS
PUB_012548,POLYMERS_AND_PLASTICS
PUB_012549,MECHANICAL_ENGINEERING
PUB_012550,COMPUTATIONAL_MECHANICS
PUB_012551,MATERIALS_CHEMISTRY
PUB_012552,MECHANICAL_ENGINEERING
PUB_012553,STATISTICAL_AND_NONLINEAR_PHYSICS
PUB_012554,ELECTRICAL_AND_ELECTRONIC_ENGINEERING
PUB_012555,COMPUTER_VISION_AND_PATTERN_RECOGNITION
PUB_012556,CONTROL_AND_SYSTEMS_ENGINEERING
PUB_012557,ARTIFICIAL_INTELLIGENCE
PUB_012558,ELECTRICAL_AND_ELECTRONIC_ENGINEERING
PUB_012559,APPLIED_MATHEMATICS
PUB_012560,COMPUTATIONAL_MECHANICS
PUB_012561,BIOMEDICAL_ENGINEERING
PUB_012562,COMPUTER_NETWORKS_AND_COMMUNICATIONS
PUB_012563,ARTIFICIAL_INTELLIGENCE
PUB_012564,ELECTRICAL_AND_ELECTRONIC_ENGINEERING
PUB_012565,ELECTRICAL_AND_ELECTRONIC_ENGINEERING
PUB_012566,OCEAN_ENGINEERING
PUB_012567,BIOMEDICAL_ENGINEERING
PUB_012568,ARTIFICIAL_INTELLIGENCE
PUB_012569,ELECTRICAL_AND_ELECTRONIC_ENGINEERING
PUB_012570,RADIATION
PUB_012571,MATERIALS_CHEMISTRY
PUB_012572,ARTIFICIAL_INTELLIGENCE
PUB_012573,ASTRONOMY_AND_ASTROPHYSICS
PUB_012574,AEROSPACE_ENGINEERING
PUB_012575,AEROSPACE_ENGINEERING
PUB_012576,ATOMIC_AND_MOLECULAR_PHYSICS_AND_OPTICS
PUB_012577,BIOMEDICAL_ENGINEERING
PUB_012578,BIOMEDICAL_ENGINEERING
PUB_012579,ELECTRICAL_AND_ELECTRONIC_ENGINEERING
PUB_012580,MATERIALS_CHEMISTRY
PUB_012581,CIVIL_AND_STRUCTURAL_ENGINEERING
PUB_012582,MATERIALS_CHEMISTRY
PUB_012583,ELECTRICAL_AND_ELECTRONIC_ENGINEERING
PUB_012584,CONDENSED_MATTER_PHYSICS
PUB_012585,ARTIFICIAL_INTELLIGENCE
PUB_012586,BIOMEDICAL_ENGINEERING
PUB_012587,COMPUTER_VISION_AND_PATTERN_RECOGNITION
PUB_012588,HUMANCOMPUTER_INTERACTION
PUB_012589,GEOMETRY_AND_TOPOLOGY
PUB_012590,APPLIED_MATHEMATICS
PUB_012591,COMPUTER_NETWORKS_AND_COMMUNICATIONS
PUB_012592,COMPUTER_NETWORKS_AND_COMMUNICATIONS
PUB_012593,COMPUTATIONAL_MATHEMATICS
PUB_012594,MATERIALS_CHEMISTRY
PUB_012595,THEORETICAL_COMPUTER_SCIENCE
PUB_012596,MATHEMATICAL_PHYSICS
PUB_012597,ELECTRONIC_OPTICAL_AND_MAGNETIC_MATERIALS
PUB_012598,APPLIED_MATHEMATICS
PUB_012599,ELECTRICAL_AND_ELECTRONIC_ENGINEERING
PUB_012600,ELECTRONIC_OPTICAL_AND_MAGNETIC_MATERIALS
PUB_012601,ELECTRICAL_AND_ELECTRONIC_ENGINEERING
PUB_012602,APPLIED_MATHEMATICS
PUB_012603,MECHANICAL_ENGINEERING
PUB_012604,ATOMIC_AND_MOLECULAR_PHYSICS_AND_OPTICS
PUB_012605,ELECTRICAL_AND_ELECTRONIC_ENGINEERING
PUB_012606,MATHEMATICAL_PHYSICS
PUB_012607,ASTRONOMY_AND_ASTROPHYSICS
PUB_012608,COMPUTER_NETWORKS_AND_COMMUNICATIONS
PUB_012609,INFORMATION_SYSTEMS
PUB_012610,CIVIL_AND_STRUCTURAL_ENGINEERING
PUB_012611,MATERIALS_CHEMISTRY
PUB_012612,CONTROL_AND_SYSTEMS_ENGINEERING
PUB_012613,MATHEMATICAL_PHYSICS
PUB_012614,MATERIALS_CHEMISTRY
PUB_012615,SURFACES_COATINGS_AND_FILMS
PUB_012616,MATERIALS_CHEMISTRY
PUB_012617,MATERIALS_CHEMISTRY
PUB_012618,ELECTRICAL_AND_ELECTRONIC_ENGINEERING
PUB_012619,COMPUTER_VISION_AND_PATTERN_RECOGNITION
PUB_012620,ARTIFICIAL_INTELLIGENCE
PUB_012621,AUTOMOTIVE_ENGINEERING
PUB_012622,COMPUTER_NETWORKS_AND_COMMUNICATIONS
PUB_012623,COMPUTER_NETWORKS_AND_COMMUNICATIONS
PUB_012624,ELECTRICAL_AND_ELECTRONIC_ENGINEERING
PUB_012625,ATOMIC_AND_MOLECULAR_PHYSICS_AND_OPTICS
PUB_012626,ARTIFICIAL_INTELLIGENCE
PUB_012627,INDUSTRIAL_AND_MANUFACTURING_ENGINEERING
PUB_012628,BUILDING_AND_CONSTRUCTION
PUB_012629,COMPUTATIONAL_MATHEMATICS
PUB_012630,ARTIFICIAL_INTELLIGENCE
PUB_012631,INFORMATION_SYSTEMS
PUB_012632,MECHANICAL_ENGINEERING
PUB_012633,CONDENSED_MATTER_PHYSICS
PUB_012634,MATERIALS_CHEMISTRY
PUB_012635,ARCHITECTURE
PUB_012636,ELECTRICAL_AND_ELECTRONIC_ENGINEERING
PUB_012637,COMPUTER_SCIENCE_APPLICATIONS
PUB_012638,MATERIALS_CHEMISTRY
PUB_012639,MATERIALS_CHEMISTRY
PUB_012640,COMPUTATIONAL_MECHANICS
PUB_012641,ELECTRICAL_AND_ELECTRONIC_ENGINEERING
PUB_012642,MECHANICS_OF_MATERIALS
PUB_012643,CIVIL_AND_STRUCTURAL_ENGINEERING
PUB_012644,MATERIALS_CHEMISTRY
PUB_012645,MECHANICAL_ENGINEERING
PUB_012646,MEDIA_TECHNOLOGY
PUB_012647,HUMANCOMPUTER_INTERACTION
PUB_012648,COMPUTER_VISION_AND_PATTERN_RECOGNITION
PUB_012649,AUTOMOTIVE_ENGINEERING
PUB_012650,MECHANICAL_ENGINEERING
PUB_012651,ELECTRICAL_AND_ELECTRONIC_ENGINEERING
PUB_012652,ATOMIC_AND_MOLECULAR_PHYSICS_AND_OPTICS
PUB_012653,GEOMETRY_AND_TOPOLOGY
PUB_012654,INDUSTRIAL_AND_MANUFACTURING_ENGINEERING
PUB_012655,ELECTRICAL_AND_ELECTRONIC_ENGINEERING
PUB_012656,MECHANICAL_ENGINEERING
PUB_012657,COMPUTATIONAL_THEORY_AND_MATHEMATICS
PUB_012658,MECHANICAL_ENGINEERING
PUB_012659,ELECTRICAL_AND_ELECTRONIC_ENGINEERING
PUB_012660,ARTIFICIAL_INTELLIGENCE
PUB_012661,COMPUTER_GRAPHICS_AND_COMPUTERAIDED_DESIGN
PUB_012662,MATERIALS_CHEMISTRY
PUB_012663,BIOMATERIALS
PUB_012664,ELECTRICAL_AND_ELECTRONIC_ENGINEERING
PUB_012665,ARTIFICIAL_INTELLIGENCE
PUB_012666,MATERIALS_CHEMISTRY
PUB_012667,MECHANICAL_ENGINEERING
PUB_012668,COMPUTATIONAL_MECHANICS
PUB_012669,COMPUTATIONAL_MECHANICS
PUB_012670,AEROSPACE_ENGINEERING
PUB_012671,ELECTRONIC_OPTICAL_AND_MAGNETIC_MATERIALS
PUB_012672,MATERIALS_CHEMISTRY
PUB_012673,OCEAN_ENGINEERING
PUB_012674,SURFACES_COATINGS_AND_FILMS
PUB_012675,ARTIFICIAL_INTELLIGENCE
PUB_012676,MECHANICAL_ENGINEERING
PUB_012677,AEROSPACE_ENGINEERING
PUB_012678,MEDIA_TECHNOLOGY
PUB_012679,ELECTRICAL_AND_ELECTRONIC_ENGINEERING
PUB_012680,ELECTRICAL_AND_ELECTRONIC_ENGINEERING
PUB_012681,DISCRETE_MATHEMATICS_AND_COMBINATORICS
PUB_012682,INDUSTRIAL_AND_MANUFACTURING_ENGINEERING
PUB_012683,STATISTICAL_AND_NONLINEAR_PHYSICS
PUB_012684,COMPUTER_VISION_AND_PATTERN_RECOGNITION
PUB_012685,ATOMIC_AND_MOLECULAR_PHYSICS_AND_OPTICS
PUB_012686,COMPUTATIONAL_MECHANICS
PUB_012687,MECHANICAL_ENGINEERING
PUB_012688,COMPUTATIONAL_MECHANICS
PUB_012689,ALGEBRA_AND_NUMBER_THEORY
PUB_012690,BIOMEDICAL_ENGINEERING
PUB_012691,COMPUTER_VISION_AND_PATTERN_RECOGNITION
PUB_012692,ELECTRICAL_AND_ELECTRONIC_ENGINEERING
PUB_012693,MECHANICAL_ENGINEERING
PUB_012694,BIOMEDICAL_ENGINEERING
PUB_012695,CONTROL_AND_SYSTEMS_ENGINEERING
PUB_012696,COMPUTATIONAL_MECHANICS
PUB_012697,COMPUTATIONAL_MECHANICS
PUB_012698,COMPUTATIONAL_THEORY_AND_MATHEMATICS
PUB_012699,AUTOMOTIVE_ENGINEERING
PUB_012700,MATERIALS_CHEMISTRY
PUB_012701,MECHANICS_OF_MATERIALS
PUB_012702,AEROSPACE_ENGINEERING
PUB_012703,COMPUTATIONAL_MECHANICS
PUB_012704,ELECTRONIC_OPTICAL_AND_MAGNETIC_MATERIALS
PUB_012705,MECHANICS_OF_MATERIALS
PUB_012706,MATERIALS_CHEMISTRY
PUB_012707,MATERIALS_CHEMISTRY
PUB_012708,APPLIED_MATHEMATICS
PUB_012709,ELECTRICAL_AND_ELECTRONIC_ENGINEERING
PUB_012710,ELECTRICAL_AND_ELECTRONIC_ENGINEERING
PUB_012711,ELECTRICAL_AND_ELECTRONIC_ENGINEERING
PUB_012712,ELECTRICAL_AND_ELECTRONIC_ENGINEERING
PUB_012713,MECHANICAL_ENGINEERING
PUB_012714,MECHANICAL_ENGINEERING
PUB_012715,SAFETY_RISK_RELIABILITY_AND_QUALITY
PUB_012716,GEOMETRY_AND_TOPOLOGY
PUB_012717,ELECTRICAL_AND_ELECTRONIC_ENGINEERING
PUB_012718,CONDENSED_MATTER_PHYSICS
PUB_012719,CONDENSED_MATTER_PHYSICS
PUB_012720,ELECTRICAL_AND_ELECTRONIC_ENGINEERING
PUB_012721,ELECTRICAL_AND_ELECTRONIC_ENGINEERING
PUB_012722,CONTROL_AND_SYSTEMS_ENGINEERING
PUB_012723,BIOMEDICAL_ENGINEERING
PUB_012724,MECHANICS_OF_MATERIALS
PUB_012725,MECHANICAL_ENGINEERING
PUB_012726,HARDWARE_AND_ARCHITECTURE
PUB_012727,ELECTRICAL_AND_ELECTRONIC_ENGINEERING
PUB_012728,ATOMIC_AND_MOLECULAR_PHYSICS_AND_OPTICS
PUB_012729,ARTIFICIAL_INTELLIGENCE
PUB_012730,MECHANICS_OF_MATERIALS
PUB_012731,ARTIFICIAL_INTELLIGENCE
PUB_012732,OCEAN_ENGINEERING
PUB_012733,MATHEMATICAL_PHYSICS
PUB_012734,COMPUTER_SCIENCE_APPLICATIONS
PUB_012735,CONTROL_AND_SYSTEMS_ENGINEERING
PUB_012736,CONTROL_AND_SYSTEMS_ENGINEERING
PUB_012737,BIOMEDICAL_ENGINEERING
PUB_012738,CONTROL_AND_SYSTEMS_ENGINEERING
PUB_012739,COMPUTATIONAL_MECHANICS
PUB_012740,BIOMEDICAL_ENGINEERING
PUB_012741,MECHANICS_OF_MATERIALS
PUB_012742,ELECTRICAL_AND_ELECTRONIC_ENGINEERING
PUB_012743,MATERIALS_CHEMISTRY
PUB_012744,ATOMIC_AND_MOLECULAR_PHYSICS_AND_OPTICS
PUB_012745,BIOMEDICAL_ENGINEERING
PUB_012746,CONTROL_AND_SYSTEMS_ENGINEERING
PUB_012747,MECHANICAL_ENGINEERING
PUB_012748,ARTIFICIAL_INTELLIGENCE
PUB_012749,ELECTRICAL_AND_ELECTRONIC_ENGINEERING
PUB_012750,ELECTRICAL_AND_ELECTRONIC_ENGINEERING
PUB_012751,MATERIALS_CHEMISTRY
PUB_012752,ARTIFICIAL_INTELLIGENCE
PUB_012753,NUMERICAL_ANALYSIS
PUB_012754,COMPUTER_NETWORKS_AND_COMMUNICATIONS
PUB_012755,ARTIFICIAL_INTELLIGENCE
PUB_012756,INFORMATION_SYSTEMS
PUB_012757,MATERIALS_CHEMISTRY
PUB_012758,CIVIL_AND_STRUCTURAL_ENGINEERING
PUB_012759,OCEAN_ENGINEERING
PUB_012760,MATHEMATICAL_PHYSICS
PUB_012761,ARTIFICIAL_INTELLIGENCE
PUB_012762,STATISTICS_AND_PROBABILITY
PUB_012763,CIVIL_AND_STRUCTURAL_ENGINEERING
PUB_012764,ELECTRICAL_AND_ELECTRONIC_ENGINEERING
PUB_012765,HUMANCOMPUTER_INTERACTION
PUB_012766,MECHANICAL_ENGINEERING
PUB_012767,COMPUTATIONAL_MECHANICS
PUB_012768,BIOMEDICAL_ENGINEERING
PUB_012769,COMPUTER_NETWORKS_AND_COMMUNICATIONS
PUB_012770,MECHANICAL_ENGINEERING
PUB_012771,MATHEMATICAL_PHYSICS
PUB_012772,HUMANCOMPUTER_INTERACTION
PUB_012773,ELECTRICAL_AND_ELECTRONIC_ENGINEERING
PUB_012774,MECHANICAL_ENGINEERING
PUB_012775,MECHANICAL_ENGINEERING
PUB_012776,CIVIL_AND_STRUCTURAL_ENGINEERING
PUB_012777,COMPUTER_NETWORKS_AND_COMMUNICATIONS
PUB_012778,BIOMEDICAL_ENGINEERING
PUB_012779,ELECTRICAL_AND_ELECTRONIC_ENGINEERING
PUB_012780,MATERIALS_CHEMISTRY
PUB_012781,COMPUTATIONAL_THEORY_AND_MATHEMATICS
PUB_012782,INFORMATION_SYSTEMS
PUB_012783,ELECTRICAL_AND_ELECTRONIC_ENGINEERING
PUB_012784,ARTIFICIAL_INTELLIGENCE
PUB_012785,BIOMEDICAL_ENGINEERING
PUB_012786,MATHEMATICAL_PHYSICS
PUB_012787,ELECTRICAL_AND_ELECTRONIC_ENGINEERING
PUB_012788,MATERIALS_CHEMISTRY
PUB_012789,BIOMEDICAL_ENGINEERING
PUB_012790,ARTIFICIAL_INTELLIGENCE
PUB_012791,SURFACES_COATINGS_AND_FILMS
PUB_012792,MATERIALS_CHEMISTRY
PUB_012793,COMPUTER_VISION_AND_PATTERN_RECOGNITION
PUB_012794,ELECTRICAL_AND_ELECTRONIC_ENGINEERING
PUB_012795,MECHANICAL_ENGINEERING
PUB_012796,ELECTRICAL_AND_ELECTRONIC_ENGINEERING
PUB_012797,ELECTRICAL_AND_ELECTRONIC_ENGINEERING
PUB_012798,ALGEBRA_AND_NUMBER_THEORY
PUB_012799,ASTRONOMY_AND_ASTROPHYSICS
PUB_012800,MATERIALS_CHEMISTRY
PUB_012801,MATERIALS_CHEMISTRY
PUB_012802,ELECTRICAL_AND_ELECTRONIC_ENGINEERING
PUB_012803,CONTROL_AND_SYSTEMS_ENGINEERING
PUB_012804,ATOMIC_AND_MOLECULAR_PHYSICS_AND_OPTICS
PUB_012805,BIOMEDICAL_ENGINEERING
PUB_012806,ELECTRICAL_AND_ELECTRONIC_ENGINEERING
PUB_012807,ELECTRICAL_AND_ELECTRONIC_ENGINEERING
PUB_012808,ELECTRICAL_AND_ELECTRONIC_ENGINEERING
PUB_012809,ELECTRICAL_AND_ELECTRONIC_ENGINEERING
PUB_012810,BIOMEDICAL_ENGINEERING
PUB_012811,MECHANICS_OF_MATERIALS
PUB_012812,ELECTRICAL_AND_ELECTRONIC_ENGINEERING
PUB_012813,CONTROL_AND_SYSTEMS_ENGINEERING
PUB_012814,ELECTRICAL_AND_ELECTRONIC_ENGINEERING
PUB_012815,CONDENSED_MATTER_PHYSICS
PUB_012816,ARTIFICIAL_INTELLIGENCE
PUB_012817,MECHANICS_OF_MATERIALS
PUB_012818,CIVIL_AND_STRUCTURAL_ENGINEERING
PUB_012819,STATISTICAL_AND_NONLINEAR_PHYSICS
PUB_012820,ASTRONOMY_AND_ASTROPHYSICS
PUB_012821,AEROSPACE_ENGINEERING
PUB_012822,OCEAN_ENGINEERING
PUB_012823,AEROSPACE_ENGINEERING
PUB_012824,ARTIFICIAL_INTELLIGENCE
PUB_012825,ARTIFICIAL_INTELLIGENCE
PUB_012826,GEOMETRY_AND_TOPOLOGY
PUB_012827,MATERIALS_CHEMISTRY
PUB_012828,OCEAN_ENGINEERING
PUB_012829,CONTROL_AND_SYSTEMS_ENGINEERING
PUB_012830,ELECTRICAL_AND_ELECTRONIC_ENGINEERING
PUB_012831,ELECTRICAL_AND_ELECTRONIC_ENGINEERING
PUB_012832,ELECTRICAL_AND_ELECTRONIC_ENGINEERING
PUB_012833,MATERIALS_CHEMISTRY
PUB_012834,ATOMIC_AND_MOLECULAR_PHYSICS_AND_OPTICS
PUB_012835,COMPUTATIONAL_MECHANICS
PUB_012836,COMPUTER_VISION_AND_PATTERN_RECOGNITION
PUB_012837,MATERIALS_CHEMISTRY
PUB_012838,BIOMEDICAL_ENGINEERING
PUB_012839,MATERIALS_CHEMISTRY
PUB_012840,MATERIALS_CHEMISTRY
PUB_012841,MATERIALS_CHEMISTRY
PUB_012842,COMPUTER_VISION_AND_PATTERN_RECOGNITION
PUB_012843,COMPUTATIONAL_MECHANICS
PUB_012844,ELECTRONIC_OPTICAL_AND_MAGNETIC_MATERIALS
PUB_012845,MATHEMATICAL_PHYSICS
PUB_012846,MATERIALS_CHEMISTRY
PUB_012847,STATISTICS_AND_PROBABILITY
PUB_012848,COMPUTATIONAL_THEORY_AND_MATHEMATICS
PUB_012849,COMPUTATIONAL_THEORY_AND_MATHEMATICS
PUB_012850,ARTIFICIAL_INTELLIGENCE
PUB_012851,COMPUTER_VISION_AND_PATTERN_RECOGNITION
PUB_012852,GENERAL_MATERIALS_SCIENCE
PUB_012853,CONTROL_AND_SYSTEMS_ENGINEERING
PUB_012854,COMPUTATIONAL_MECHANICS
PUB_012855,COMPUTATIONAL_MECHANICS
PUB_012856,CONTROL_AND_SYSTEMS_ENGINEERING
PUB_012857,STATISTICAL_AND_NONLINEAR_PHYSICS
PUB_012858,APPLIED_MATHEMATICS
PUB_012859,MECHANICAL_ENGINEERING
PUB_012860,APPLIED_MATHEMATICS
PUB_012861,CONTROL_AND_SYSTEMS_ENGINEERING
PUB_012862,ARTIFICIAL_INTELLIGENCE
PUB_012863,ELECTRICAL_AND_ELECTRONIC_ENGINEERING
PUB_012864,AEROSPACE_ENGINEERING
PUB_012865,CIVIL_AND_STRUCTURAL_ENGINEERING
PUB_012866,GEOMETRY_AND_TOPOLOGY
PUB_012867,MECHANICS_OF_MATERIALS
PUB_012868,ELECTRICAL_AND_ELECTRONIC_ENGINEERING
PUB_012869,POLYMERS_AND_PLASTICS
PUB_012870,INDUSTRIAL_AND_MANUFACTURING_ENGINEERING
PUB_012871,BIOMEDICAL_ENGINEERING
PUB_012872,ATOMIC_AND_MOLECULAR_PHYSICS_AND_OPTICS
PUB_012873,ELECTRICAL_AND_ELECTRONIC_ENGINEERING
PUB_012874,ELECTRICAL_AND_ELECTRONIC_ENGINEERING
PUB_012875,BIOMEDICAL_ENGINEERING
PUB_012876,ELECTRICAL_AND_ELECTRONIC_ENGINEERING
PUB_012877,ASTRONOMY_AND_ASTROPHYSICS
PUB_012878,MECHANICAL_ENGINEERING
PUB_012879,COMPUTER_NETWORKS_AND_COMMUNICATIONS
PUB_012880,ATOMIC_AND_MOLECULAR_PHYSICS_AND_OPTICS
PUB_012881,ELECTRONIC_OPTICAL_AND_MAGNETIC_MATERIALS
PUB_012882,ALGEBRA_AND_NUMBER_THEORY
PUB_012883,ELECTRONIC_OPTICAL_AND_MAGNETIC_MATERIALS
PUB_012884,MATERIALS_CHEMISTRY
PUB_012885,MATERIALS_CHEMISTRY
PUB_012886,MECHANICS_OF_MATERIALS
PUB_012887,ELECTRICAL_AND_ELECTRONIC_ENGINEERING
PUB_012888,MATERIALS_CHEMISTRY
PUB_012889,INDUSTRIAL_AND_MANUFACTURING_ENGINEERING
PUB_012890,MATERIALS_CHEMISTRY
PUB_012891,CIVIL_AND_STRUCTURAL_ENGINEERING
PUB_012892,CIVIL_AND_STRUCTURAL_ENGINEERING
PUB_012893,COMPUTATIONAL_MECHANICS
PUB_012894,BIOMATERIALS
PUB_012895,COMPUTER_NETWORKS_AND_COMMUNICATIONS
PUB_012896,COMPUTER_VISION_AND_PATTERN_RECOGNITION
PUB_012897,COMPUTER_VISION_AND_PATTERN_RECOGNITION
PUB_012898,ELECTRICAL_AND_ELECTRONIC_ENGINEERING
PUB_012899,COMPUTER_VISION_AND_PATTERN_RECOGNITION
PUB_012900,COMPUTER_VISION_AND_PATTERN_RECOGNITION
PUB_012901,ARTIFICIAL_INTELLIGENCE
PUB_012902,ELECTRICAL_AND_ELECTRONIC_ENGINEERING
PUB_012903,INDUSTRIAL_AND_MANUFACTURING_ENGINEERING
PUB_012904,ELECTRICAL_AND_ELECTRONIC_ENGINEERING
PUB_012905,ELECTRICAL_AND_ELECTRONIC_ENGINEERING
PUB_012906,MATERIALS_CHEMISTRY
PUB_012907,COMPUTER_SCIENCE_APPLICATIONS
PUB_012908,ATOMIC_AND_MOLECULAR_PHYSICS_AND_OPTICS
PUB_012909,COMPUTER_NETWORKS_AND_COMMUNICATIONS
PUB_012910,BIOMEDICAL_ENGINEERING
PUB_012911,BIOMEDICAL_ENGINEERING
PUB_012912,ACOUSTICS_AND_ULTRASONICS
PUB_012913,INFORMATION_SYSTEMS
PUB_012914,COMPUTER_VISION_AND_PATTERN_RECOGNITION
PUB_012915,MATHEMATICAL_PHYSICS
PUB_012916,MECHANICAL_ENGINEERING
PUB_012917,ELECTRICAL_AND_ELECTRONIC_ENGINEERING
PUB_012918,ELECTRICAL_AND_ELECTRONIC_ENGINEERING
PUB_012919,AEROSPACE_ENGINEERING
PUB_012920,AEROSPACE_ENGINEERING
PUB_012921,ELECTRICAL_AND_ELECTRONIC_ENGINEERING
PUB_012922,CONTROL_AND_SYSTEMS_ENGINEERING
PUB_012923,COMPUTER_VISION_AND_PATTERN_RECOGNITION
PUB_012924,BIOMEDICAL_ENGINEERING
PUB_012925,CONTROL_AND_SYSTEMS_ENGINEERING
PUB_012926,COMPUTER_NETWORKS_AND_COMMUNICATIONS
PUB_012927,AUTOMOTIVE_ENGINEERING
PUB_012928,BIOMEDICAL_ENGINEERING
PUB_012929,CONTROL_AND_SYSTEMS_ENGINEERING
PUB_012930,COMPUTER_NETWORKS_AND_COMMUNICATIONS
PUB_012931,AEROSPACE_ENGINEERING
PUB_012932,COMPUTER_GRAPHICS_AND_COMPUTERAIDED_DESIGN
PUB_012933,POLYMERS_AND_PLASTICS
PUB_012934,COMPUTER_NETWORKS_AND_COMMUNICATIONS
PUB_012935,COMPUTER_NETWORKS_AND_COMMUNICATIONS
PUB_012936,COMPUTATIONAL_THEORY_AND_MATHEMATICS
PUB_012937,HARDWARE_AND_ARCHITECTURE
PUB_012938,ARTIFICIAL_INTELLIGENCE
PUB_012939,AEROSPACE_ENGINEERING
PUB_012940,MATERIALS_CHEMISTRY
PUB_012941,ELECTRICAL_AND_ELECTRONIC_ENGINEERING
PUB_012942,ELECTRICAL_AND_ELECTRONIC_ENGINEERING
PUB_012943,ARTIFICIAL_INTELLIGENCE
PUB_012944,AEROSPACE_ENGINEERING
PUB_012945,BIOMEDICAL_ENGINEERING
PUB_012946,ELECTRICAL_AND_ELECTRONIC_ENGINEERING
PUB_012947,COMPUTER_NETWORKS_AND_COMMUNICATIONS
PUB_012948,BIOMEDICAL_ENGINEERING
PUB_012949,ELECTRICAL_AND_ELECTRONIC_ENGINEERING
PUB_012950,ELECTRICAL_AND_ELECTRONIC_ENGINEERING
PUB_012951,CONTROL_AND_SYSTEMS_ENGINEERING
PUB_012952,ELECTRICAL_AND_ELECTRONIC_ENGINEERING
PUB_012953,SIGNAL_PROCESSING
PUB_012954,ELECTRICAL_AND_ELECTRONIC_ENGINEERING
PUB_012955,ELECTRICAL_AND_ELECTRONIC_ENGINEERING
PUB_012956,ELECTRICAL_AND_ELECTRONIC_ENGINEERING
PUB_012957,CONTROL_AND_SYSTEMS_ENGINEERING
PUB_012958,ELECTRICAL_AND_ELECTRONIC_ENGINEERING
PUB_012959,ELECTRICAL_AND_ELECTRONIC_ENGINEERING
PUB_012960,ELECTRICAL_AND_ELECTRONIC_ENGINEERING
PUB_012961,MEDIA_TECHNOLOGY
PUB_012962,OCEAN_ENGINEERING
PUB_012963,ARTIFICIAL_INTELLIGENCE
PUB_012964,COMPUTATIONAL_MECHANICS
PUB_012965,CONTROL_AND_SYSTEMS_ENGINEERING
PUB_012966,BUILDING_AND_CONSTRUCTION
PUB_012967,INFORMATION_SYSTEMS
PUB_012968,ARTIFICIAL_INTELLIGENCE
PUB_012969,COMPUTER_NETWORKS_AND_COMMUNICATIONS
PUB_012970,CONTROL_AND_SYSTEMS_ENGINEERING
PUB_012971,COMPUTER_NETWORKS_AND_COMMUNICATIONS
PUB_012972,COMPUTER_NETWORKS_AND_COMMUNICATIONS
PUB_012973,AEROSPACE_ENGINEERING
PUB_012974,ELECTRICAL_AND_ELECTRONIC_ENGINEERING
PUB_012975,MECHANICS_OF_MATERIALS
PUB_012976,ELECTRICAL_AND_ELECTRONIC_ENGINEERING
PUB_012977,CONDENSED_MATTER_PHYSICS
PUB_012978,ASTRONOMY_AND_ASTROPHYSICS
PUB_012979,BIOMEDICAL_ENGINEERING
PUB_012980,MATERIALS_CHEMISTRY
PUB_012981,BIOMEDICAL_ENGINEERING
PUB_012982,MECHANICAL_ENGINEERING
PUB_012983,CONDENSED_MATTER_PHYSICS
PUB_012984,MECHANICAL_ENGINEERING
PUB_012985,OCEAN_ENGINEERING
PUB_012986,ELECTRICAL_AND_ELECTRONIC_ENGINEERING
PUB_012987,AEROSPACE_ENGINEERING
PUB_012988,MATERIALS_CHEMISTRY
PUB_012989,MATERIALS_CHEMISTRY
PUB_012990,CIVIL_AND_STRUCTURAL_ENGINEERING
PUB_012991,MATERIALS_CHEMISTRY
PUB_012992,COMPUTATIONAL_MECHANICS
PUB_012993,MATERIALS_CHEMISTRY
PUB_012994,BIOMEDICAL_ENGINEERING
PUB_012995,HARDWARE_AND_ARCHITECTURE
PUB_012996,CIVIL_AND_STRUCTURAL_ENGINEERING
PUB_012997,BIOMEDICAL_ENGINEERING
PUB_012998,ELECTRICAL_AND_ELECTRONIC_ENGINEERING
PUB_012999,ASTRONOMY_AND_ASTROPHYSICS
PUB_013000,MATERIALS_CHEMISTRY
PUB_013001,ELECTRICAL_AND_ELECTRONIC_ENGINEERING
PUB_013002,ELECTRICAL_AND_ELECTRONIC_ENGINEERING
PUB_013003,CIVIL_AND_STRUCTURAL_ENGINEERING
PUB_013004,STATISTICAL_AND_NONLINEAR_PHYSICS
PUB_013005,ELECTRICAL_AND_ELECTRONIC_ENGINEERING
PUB_013006,ELECTRONIC_OPTICAL_AND_MAGNETIC_MATERIALS
PUB_013007,ELECTRICAL_AND_ELECTRONIC_ENGINEERING
PUB_013008,ELECTRICAL_AND_ELECTRONIC_ENGINEERING
PUB_013009,MECHANICAL_ENGINEERING
PUB_013010,BIOMEDICAL_ENGINEERING
PUB_013011,POLYMERS_AND_PLASTICS
PUB_013012,MATERIALS_CHEMISTRY
PUB_013013,ELECTRICAL_AND_ELECTRONIC_ENGINEERING
PUB_013014,MATERIALS_CHEMISTRY
PUB_013015,MECHANICAL_ENGINEERING
PUB_013016,MECHANICAL_ENGINEERING
PUB_013017,ARTIFICIAL_INTELLIGENCE
PUB_013018,ELECTRONIC_OPTICAL_AND_MAGNETIC_MATERIALS
PUB_013019,ARTIFICIAL_INTELLIGENCE
PUB_013020,ELECTRICAL_AND_ELECTRONIC_ENGINEERING
PUB_013021,MECHANICAL_ENGINEERING
PUB_013022,MATERIALS_CHEMISTRY
PUB_013023,MATERIALS_CHEMISTRY
PUB_013024,ELECTRICAL_AND_ELECTRONIC_ENGINEERING
PUB_013025,MATERIALS_CHEMISTRY
PUB_013026,MECHANICAL_ENGINEERING
PUB_013027,ARTIFICIAL_INTELLIGENCE
PUB_013028,CIVIL_AND_STRUCTURAL_ENGINEERING
PUB_013029,MECHANICAL_ENGINEERING
PUB_013030,MECHANICAL_ENGINEERING
PUB_013031,ELECTRONIC_OPTICAL_AND_MAGNETIC_MATERIALS
PUB_013032,ELECTRICAL_AND_ELECTRONIC_ENGINEERING
PUB_013033,BIOMEDICAL_ENGINEERING
PUB_013034,MATERIALS_CHEMISTRY
PUB_013035,CIVIL_AND_STRUCTURAL_ENGINEERING
PUB_013036,COMPUTATIONAL_THEORY_AND_MATHEMATICS
PUB_013037,CIVIL_AND_STRUCTURAL_ENGINEERING
PUB_013038,BIOMEDICAL_ENGINEERING
PUB_013039,CONTROL_AND_SYSTEMS_ENGINEERING
PUB_013040,MECHANICAL_ENGINEERING
PUB_013041,BIOMEDICAL_ENGINEERING
PUB_013042,MATERIALS_CHEMISTRY
PUB_013043,ELECTRICAL_AND_ELECTRONIC_ENGINEERING
PUB_013044,BIOMEDICAL_ENGINEERING
PUB_013045,ELECTRICAL_AND_ELECTRONIC_ENGINEERING
PUB_013046,ELECTRICAL_AND_ELECTRONIC_ENGINEERING
PUB_013047,ELECTRICAL_AND_ELECTRONIC_ENGINEERING
PUB_013048,BIOMATERIALS
PUB_013049,ATOMIC_AND_MOLECULAR_PHYSICS_AND_OPTICS
PUB_013050,AEROSPACE_ENGINEERING
PUB_013051,STATISTICAL_AND_NONLINEAR_PHYSICS
PUB_013052,ASTRONOMY_AND_ASTROPHYSICS
PUB_013053,ATOMIC_AND_MOLECULAR_PHYSICS_AND_OPTICS
PUB_013054,MECHANICAL_ENGINEERING
PUB_013055,POLYMERS_AND_PLASTICS
PUB_013056,MECHANICAL_ENGINEERING
PUB_013057,COMPUTATIONAL_MECHANICS
PUB_013058,MATERIALS_CHEMISTRY
PUB_013059,ELECTRONIC_OPTICAL_AND_MAGNETIC_MATERIALS
PUB_013060,ATOMIC_AND_MOLECULAR_PHYSICS_AND_OPTICS
PUB_013061,BIOMATERIALS
PUB_013062,MECHANICAL_ENGINEERING
PUB_013063,ELECTRONIC_OPTICAL_AND_MAGNETIC_MATERIALS
PUB_013064,MECHANICS_OF_MATERIALS
PUB_013065,CIVIL_AND_STRUCTURAL_ENGINEERING
PUB_013066,ARTIFICIAL_INTELLIGENCE
PUB_013067,COMPUTATIONAL_MECHANICS
PUB_013068,ELECTRICAL_AND_ELECTRONIC_ENGINEERING
PUB_013069,ELECTRONIC_OPTICAL_AND_MAGNETIC_MATERIALS
PUB_013070,MECHANICAL_ENGINEERING
PUB_013071,POLYMERS_AND_PLASTICS
PUB_013072,MATERIALS_CHEMISTRY
PUB_013073,ELECTRONIC_OPTICAL_AND_MAGNETIC_MATERIALS
PUB_013074,ATOMIC_AND_MOLECULAR_PHYSICS_AND_OPTICS
PUB_013075,MECHANICAL_ENGINEERING
PUB_013076,ELECTRONIC_OPTICAL_AND_MAGNETIC_MATERIALS
PUB_013077,MATERIALS_CHEMISTRY
PUB_013078,POLYMERS_AND_PLASTICS
PUB_013079,ASTRONOMY_AND_ASTROPHYSICS
PUB_013080,BIOMATERIALS
PUB_013081,BIOMEDICAL_ENGINEERING
PUB_013082,ATOMIC_AND_MOLECULAR_PHYSICS_AND_OPTICS
PUB_013083,ASTRONOMY_AND_ASTROPHYSICS
PUB_013084,CONTROL_AND_SYSTEMS_ENGINEERING
PUB_013085,ELECTRICAL_AND_ELECTRONIC_ENGINEERING
PUB_013086,POLYMERS_AND_PLASTICS
PUB_013087,AUTOMOTIVE_ENGINEERING
PUB_013088,ATOMIC_AND_MOLECULAR_PHYSICS_AND_OPTICS
PUB_013089,ELECTRICAL_AND_ELECTRONIC_ENGINEERING
PUB_013090,ARTIFICIAL_INTELLIGENCE
PUB_013091,ELECTRICAL_AND_ELECTRONIC_ENGINEERING
PUB_013092,POLYMERS_AND_PLASTICS
PUB_013093,ATOMIC_AND_MOLECULAR_PHYSICS_AND_OPTICS
PUB_013094,MATERIALS_CHEMISTRY
PUB_013095,BIOMEDICAL_ENGINEERING
PUB_013096,COMPUTATIONAL_THEORY_AND_MATHEMATICS
PUB_013097,COMPUTATIONAL_THEORY_AND_MATHEMATICS
PUB_013098,MATERIALS_CHEMISTRY
PUB_013099,STATISTICAL_AND_NONLINEAR_PHYSICS
PUB_013100,MATERIALS_CHEMISTRY
PUB_013101,ATOMIC_AND_MOLECULAR_PHYSICS_AND_OPTICS
PUB_013102,ARTIFICIAL_INTELLIGENCE
PUB_013103,ASTRONOMY_AND_ASTROPHYSICS
PUB_013104,BIOMEDICAL_ENGINEERING
PUB_013105,BIOMEDICAL_ENGINEERING
PUB_013106,ATOMIC_AND_MOLECULAR_PHYSICS_AND_OPTICS
PUB_013107,ELECTRONIC_OPTICAL_AND_MAGNETIC_MATERIALS
PUB_013108,COMPUTER_NETWORKS_AND_COMMUNICATIONS
PUB_013109,ELECTRICAL_AND_ELECTRONIC_ENGINEERING
PUB_013110,BIOMEDICAL_ENGINEERING
PUB_013111,ELECTRONIC_OPTICAL_AND_MAGNETIC_MATERIALS
PUB_013112,MATERIALS_CHEMISTRY
PUB_013113,OCEAN_ENGINEERING
PUB_013114,STATISTICAL_AND_NONLINEAR_PHYSICS
PUB_013115,MATERIALS_CHEMISTRY
PUB_013116,ATOMIC_AND_MOLECULAR_PHYSICS_AND_OPTICS
PUB_013117,MATERIALS_CHEMISTRY
PUB_013118,BIOMEDICAL_ENGINEERING
PUB_013119,ASTRONOMY_AND_ASTROPHYSICS
PUB_013120,ELECTRICAL_AND_ELECTRONIC_ENGINEERING
PUB_013121,ATOMIC_AND_MOLECULAR_PHYSICS_AND_OPTICS
PUB_013122,MECHANICAL_ENGINEERING
PUB_013123,COMPUTATIONAL_THEORY_AND_MATHEMATICS
PUB_013124,POLYMERS_AND_PLASTICS
PUB_013125,CONTROL_AND_SYSTEMS_ENGINEERING
PUB_013126,ATOMIC_AND_MOLECULAR_PHYSICS_AND_OPTICS
PUB_013127,ELECTRONIC_OPTICAL_AND_MAGNETIC_MATERIALS
PUB_013128,POLYMERS_AND_PLASTICS
PUB_013129,BIOMEDICAL_ENGINEERING
PUB_013130,MATERIALS_CHEMISTRY
PUB_013131,MATERIALS_CHEMISTRY
PUB_013132,ASTRONOMY_AND_ASTROPHYSICS
PUB_013133,BIOMEDICAL_ENGINEERING
PUB_013134,ARTIFICIAL_INTELLIGENCE
PUB_013135,ELECTRICAL_AND_ELECTRONIC_ENGINEERING
PUB_013136,MECHANICAL_ENGINEERING
PUB_013137,ELECTRICAL_AND_ELECTRONIC_ENGINEERING
PUB_013138,MATERIALS_CHEMISTRY
PUB_013139,BIOMEDICAL_ENGINEERING
PUB_013140,MATERIALS_CHEMISTRY
PUB_013141,ATOMIC_AND_MOLECULAR_PHYSICS_AND_OPTICS
PUB_013142,POLYMERS_AND_PLASTICS
PUB_013143,CIVIL_AND_STRUCTURAL_ENGINEERING
PUB_013144,DISCRETE_MATHEMATICS_AND_COMBINATORICS
PUB_013145,ELECTRONIC_OPTICAL_AND_MAGNETIC_MATERIALS
PUB_013146,ATOMIC_AND_MOLECULAR_PHYSICS_AND_OPTICS
PUB_013147,POLYMERS_AND_PLASTICS
PUB_013148,MATERIALS_CHEMISTRY
PUB_013149,ELECTRICAL_AND_ELECTRONIC_ENGINEERING
PUB_013150,CIVIL_AND_STRUCTURAL_ENGINEERING
PUB_013151,CONDENSED_MATTER_PHYSICS
PUB_013152,MATERIALS_CHEMISTRY
PUB_013153,MATERIALS_CHEMISTRY
PUB_013154,ELECTRONIC_OPTICAL_AND_MAGNETIC_MATERIALS
PUB_013155,MATERIALS_CHEMISTRY
PUB_013156,MECHANICAL_ENGINEERING
PUB_013157,MATERIALS_CHEMISTRY
PUB_013158,MECHANICAL_ENGINEERING
PUB_013159,MECHANICAL_ENGINEERING
PUB_013160,MODELING_AND_SIMULATION
PUB_013161,MECHANICAL_ENGINEERING
PUB_013162,ATOMIC_AND_MOLECULAR_PHYSICS_AND_OPTICS
PUB_013163,MATERIALS_CHEMISTRY
PUB_013164,MATERIALS_CHEMISTRY
PUB_013165,ATOMIC_AND_MOLECULAR_PHYSICS_AND_OPTICS
PUB_013166,MATERIALS_CHEMISTRY
PUB_013167,MECHANICS_OF_MATERIALS
PUB_013168,ELECTRICAL_AND_ELECTRONIC_ENGINEERING
PUB_013169,POLYMERS_AND_PLASTICS
PUB_013170,MATERIALS_CHEMISTRY
PUB_013171,ARTIFICIAL_INTELLIGENCE
PUB_013172,MATERIALS_CHEMISTRY
PUB_013173,BIOMEDICAL_ENGINEERING
PUB_013174,BIOMEDICAL_ENGINEERING
PUB_013175,MECHANICAL_ENGINEERING
PUB_013176,MATERIALS_CHEMISTRY
PUB_013177,AEROSPACE_ENGINEERING
PUB_013178,MECHANICAL_ENGINEERING
PUB_013179,COMPUTER_VISION_AND_PATTERN_RECOGNITION
PUB_013180,COMPUTATIONAL_MECHANICS
PUB_013181,MECHANICAL_ENGINEERING
PUB_013182,STATISTICAL_AND_NONLINEAR_PHYSICS
PUB_013183,MATERIALS_CHEMISTRY
PUB_013184,MATERIALS_CHEMISTRY
PUB_013185,ELECTRICAL_AND_ELECTRONIC_ENGINEERING
PUB_013186,CONDENSED_MATTER_PHYSICS
PUB_013187,MECHANICAL_ENGINEERING
PUB_013188,MATERIALS_CHEMISTRY
PUB_013189,AUTOMOTIVE_ENGINEERING
PUB_013190,MODELING_AND_SIMULATION
PUB_013191,ELECTRONIC_OPTICAL_AND_MAGNETIC_MATERIALS
PUB_013192,MATERIALS_CHEMISTRY
PUB_013193,COMPUTATIONAL_THEORY_AND_MATHEMATICS
PUB_013194,BIOMEDICAL_ENGINEERING
PUB_013195,COMPUTER_SCIENCE_APPLICATIONS
PUB_013196,MECHANICS_OF_MATERIALS
PUB_013197,BIOMEDICAL_ENGINEERING
PUB_013198,BIOMEDICAL_ENGINEERING
PUB_013199,COMPUTATIONAL_THEORY_AND_MATHEMATICS
PUB_013200,MATERIALS_CHEMISTRY
PUB_013201,BIOMEDICAL_ENGINEERING
PUB_013202,MECHANICS_OF_MATERIALS
PUB_013203,MATERIALS_CHEMISTRY
PUB_013204,ELECTRICAL_AND_ELECTRONIC_ENGINEERING
PUB_013205,ELECTRICAL_AND_ELECTRONIC_ENGINEERING
PUB_013206,BIOMATERIALS
PUB_013207,MATERIALS_CHEMISTRY
PUB_013208,ATOMIC_AND_MOLECULAR_PHYSICS_AND_OPTICS
PUB_013209,ATOMIC_AND_MOLECULAR_PHYSICS_AND_OPTICS
PUB_013210,CIVIL_AND_STRUCTURAL_ENGINEERING
PUB_013211,MATERIALS_CHEMISTRY
PUB_013212,ELECTRICAL_AND_ELECTRONIC_ENGINEERING
PUB_013213,MATERIALS_CHEMISTRY
PUB_013214,ATOMIC_AND_MOLECULAR_PHYSICS_AND_OPTICS
PUB_013215,MATERIALS_CHEMISTRY
PUB_013216,MATERIALS_CHEMISTRY
PUB_013217,BIOMEDICAL_ENGINEERING
PUB_013218,MATERIALS_CHEMISTRY
PUB_013219,MECHANICAL_ENGINEERING
PUB_013220,ELECTRICAL_AND_ELECTRONIC_ENGINEERING
PUB_013221,SAFETY_RISK_RELIABILITY_AND_QUALITY
PUB_013222,CERAMICS_AND_COMPOSITES
PUB_013223,ARTIFICIAL_INTELLIGENCE
PUB_013224,ELECTRICAL_AND_ELECTRONIC_ENGINEERING
PUB_013225,MATERIALS_CHEMISTRY
PUB_013226,ARTIFICIAL_INTELLIGENCE
PUB_013227,ELECTRONIC_OPTICAL_AND_MAGNETIC_MATERIALS
PUB_013228,BIOMEDICAL_ENGINEERING
PUB_013229,COMPUTATIONAL_MECHANICS
PUB_013230,MECHANICAL_ENGINEERING
PUB_013231,AEROSPACE_ENGINEERING
PUB_013232,AUTOMOTIVE_ENGINEERING
PUB_013233,MATERIALS_CHEMISTRY
PUB_013234,ELECTRICAL_AND_ELECTRONIC_ENGINEERING
PUB_013235,ASTRONOMY_AND_ASTROPHYSICS
PUB_013236,BIOMATERIALS
PUB_013237,MECHANICAL_ENGINEERING
PUB_013238,COMPUTATIONAL_THEORY_AND_MATHEMATICS
PUB_013239,ELECTRICAL_AND_ELECTRONIC_ENGINEERING
PUB_013240,ATOMIC_AND_MOLECULAR_PHYSICS_AND_OPTICS
PUB_013241,MATERIALS_CHEMISTRY
PUB_013242,CONDENSED_MATTER_PHYSICS
PUB_013243,MATERIALS_CHEMISTRY
PUB_013244,ELECTRICAL_AND_ELECTRONIC_ENGINEERING
PUB_013245,APPLIED_MATHEMATICS
PUB_013246,MATERIALS_CHEMISTRY
PUB_013247,MATERIALS_CHEMISTRY
PUB_013248,ARTIFICIAL_INTELLIGENCE
PUB_013249,CIVIL_AND_STRUCTURAL_ENGINEERING
PUB_013250,COMPUTATIONAL_THEORY_AND_MATHEMATICS
PUB_013251,CIVIL_AND_STRUCTURAL_ENGINEERING
PUB_013252,MATERIALS_CHEMISTRY
PUB_013253,CONDENSED_MATTER_PHYSICS
PUB_013254,COMPUTATIONAL_THEORY_AND_MATHEMATICS
PUB_013255,BIOMEDICAL_ENGINEERING
PUB_013256,MECHANICS_OF_MATERIALS
PUB_013257,MECHANICAL_ENGINEERING
PUB_013258,ELECTRICAL_AND_ELECTRONIC_ENGINEERING
PUB_013259,ATOMIC_AND_MOLECULAR_PHYSICS_AND_OPTICS
PUB_013260,AEROSPACE_ENGINEERING
PUB_013261,ASTRONOMY_AND_ASTROPHYSICS
PUB_013262,ELECTRICAL_AND_ELECTRONIC_ENGINEERING
PUB_013263,MATERIALS_CHEMISTRY
PUB_013264,ELECTRICAL_AND_ELECTRONIC_ENGINEERING
PUB_013265,MECHANICAL_ENGINEERING
PUB_013266,MECHANICAL_ENGINEERING
PUB_013267,BIOMEDICAL_ENGINEERING
PUB_013268,ELECTRICAL_AND_ELECTRONIC_ENGINEERING
PUB_013269,COMPUTATIONAL_THEORY_AND_MATHEMATICS
PUB_013270,BIOMEDICAL_ENGINEERING
PUB_013271,ATOMIC_AND_MOLECULAR_PHYSICS_AND_OPTICS
PUB_013272,ATOMIC_AND_MOLECULAR_PHYSICS_AND_OPTICS
PUB_013273,MATERIALS_CHEMISTRY
PUB_013274,MATERIALS_CHEMISTRY
PUB_013275,MATERIALS_CHEMISTRY
PUB_013276,INFORMATION_SYSTEMS
PUB_013277,MATERIALS_CHEMISTRY
PUB_013278,CONTROL_AND_SYSTEMS_ENGINEERING
PUB_013279,ARTIFICIAL_INTELLIGENCE
PUB_013280,MATERIALS_CHEMISTRY
PUB_013281,INDUSTRIAL_AND_MANUFACTURING_ENGINEERING
PUB_013282,MECHANICS_OF_MATERIALS
PUB_013283,RADIATION
PUB_013284,MATERIALS_CHEMISTRY
PUB_013285,COMPUTATIONAL_MECHANICS
PUB_013286,MATERIALS_CHEMISTRY
PUB_013287,MATERIALS_CHEMISTRY
PUB_013288,AEROSPACE_ENGINEERING
PUB_013289,ELECTRICAL_AND_ELECTRONIC_ENGINEERING
PUB_013290,CONTROL_AND_SYSTEMS_ENGINEERING
PUB_013291,ELECTRICAL_AND_ELECTRONIC_ENGINEERING
PUB_013292,ELECTRICAL_AND_ELECTRONIC_ENGINEERING
PUB_013293,ARTIFICIAL_INTELLIGENCE
PUB_013294,ELECTRICAL_AND_ELECTRONIC_ENGINEERING
PUB_013295,MATERIALS_CHEMISTRY
PUB_013296,CONDENSED_MATTER_PHYSICS
PUB_013297,CONTROL_AND_SYSTEMS_ENGINEERING
PUB_013298,ELECTRICAL_AND_ELECTRONIC_ENGINEERING
PUB_013299,MECHANICS_OF_MATERIALS
PUB_013300,BIOMATERIALS
PUB_013301,ELECTRONIC_OPTICAL_AND_MAGNETIC_MATERIALS
PUB_013302,ATOMIC_AND_MOLECULAR_PHYSICS_AND_OPTICS
PUB_013303,BIOMEDICAL_ENGINEERING
PUB_013304,MECHANICS_OF_MATERIALS
PUB_013305,ELECTRICAL_AND_ELECTRONIC_ENGINEERING
PUB_013306,MECHANICAL_ENGINEERING
PUB_013307,BUILDING_AND_CONSTRUCTION
PUB_013308,MATERIALS_CHEMISTRY
PUB_013309,CONTROL_AND_SYSTEMS_ENGINEERING
PUB_013310,ELECTRICAL_AND_ELECTRONIC_ENGINEERING
PUB_013311,CONDENSED_MATTER_PHYSICS
PUB_013312,ATOMIC_AND_MOLECULAR_PHYSICS_AND_OPTICS
PUB_013313,BIOMATERIALS
PUB_013314,MATERIALS_CHEMISTRY
PUB_013315,MATERIALS_CHEMISTRY
PUB_013316,ATOMIC_AND_MOLECULAR_PHYSICS_AND_OPTICS
PUB_013317,ELECTRICAL_AND_ELECTRONIC_ENGINEERING
PUB_013318,MATERIALS_CHEMISTRY
PUB_013319,ARTIFICIAL_INTELLIGENCE
PUB_013320,BIOMEDICAL_ENGINEERING
PUB_013321,COMPUTATIONAL_MECHANICS
PUB_013322,ELECTRICAL_AND_ELECTRONIC_ENGINEERING
PUB_013323,MATERIALS_CHEMISTRY
PUB_013324,MATERIALS_CHEMISTRY
PUB_013325,MECHANICAL_ENGINEERING
PUB_013326,POLYMERS_AND_PLASTICS
PUB_013327,MATERIALS_CHEMISTRY
PUB_013328,COMPUTER_VISION_AND_PATTERN_RECOGNITION
PUB_013329,MECHANICAL_ENGINEERING
PUB_013330,ELECTRICAL_AND_ELECTRONIC_ENGINEERING
PUB_013331,MATERIALS_CHEMISTRY
PUB_013332,ELECTRICAL_AND_ELECTRONIC_ENGINEERING
PUB_013333,AEROSPACE_ENGINEERING
PUB_013334,ELECTRICAL_AND_ELECTRONIC_ENGINEERING
PUB_013335,ELECTRONIC_OPTICAL_AND_MAGNETIC_MATERIALS
PUB_013336,MATERIALS_CHEMISTRY
PUB_013337,BIOMATERIALS
PUB_013338,ATOMIC_AND_MOLECULAR_PHYSICS_AND_OPTICS
PUB_013339,CONDENSED_MATTER_PHYSICS
PUB_013340,CONTROL_AND_SYSTEMS_ENGINEERING
PUB_013341,MATERIALS_CHEMISTRY
PUB_013342,BIOMEDICAL_ENGINEERING
PUB_013343,ELECTRICAL_AND_ELECTRONIC_ENGINEERING
PUB_013344,MECHANICAL_ENGINEERING
PUB_013345,MATERIALS_CHEMISTRY
PUB_013346,MECHANICAL_ENGINEERING
PUB_013347,MECHANICAL_ENGINEERING
PUB_013348,ELECTRONIC_OPTICAL_AND_MAGNETIC_MATERIALS
PUB_013349,MATERIALS_CHEMISTRY
PUB_013350,ASTRONOMY_AND_ASTROPHYSICS
PUB_013351,POLYMERS_AND_PLASTICS
PUB_013352,ATOMIC_AND_MOLECULAR_PHYSICS_AND_OPTICS
PUB_013353,ELECTRONIC_OPTICAL_AND_MAGNETIC_MATERIALS
PUB_013354,HUMANCOMPUTER_INTERACTION
PUB_013355,MATERIALS_CHEMISTRY
PUB_013356,ELECTRICAL_AND_ELECTRONIC_ENGINEERING
PUB_013357,ELECTRICAL_AND_ELECTRONIC_ENGINEERING
PUB_013358,BIOMEDICAL_ENGINEERING
PUB_013359,ELECTRICAL_AND_ELECTRONIC_ENGINEERING
PUB_013360,ELECTRICAL_AND_ELECTRONIC_ENGINEERING
PUB_013361,ASTRONOMY_AND_ASTROPHYSICS
PUB_013362,CIVIL_AND_STRUCTURAL_ENGINEERING
PUB_013363,ELECTRICAL_AND_ELECTRONIC_ENGINEERING
PUB_013364,ARTIFICIAL_INTELLIGENCE
PUB_013365,ELECTRICAL_AND_ELECTRONIC_ENGINEERING
PUB_013366,MECHANICS_OF_MATERIALS
PUB_013367,ELECTRICAL_AND_ELECTRONIC_ENGINEERING
PUB_013368,BIOMEDICAL_ENGINEERING
PUB_013369,AEROSPACE_ENGINEERING
PUB_013370,MECHANICAL_ENGINEERING
PUB_013371,MECHANICAL_ENGINEERING
PUB_013372,ATOMIC_AND_MOLECULAR_PHYSICS_AND_OPTICS
PUB_013373,ELECTRICAL_AND_ELECTRONIC_ENGINEERING
PUB_013374,MECHANICS_OF_MATERIALS
PUB_013375,OCEAN_ENGINEERING
PUB_013376,MECHANICAL_ENGINEERING
PUB_013377,COMPUTATIONAL_MECHANICS
PUB_013378,CIVIL_AND_STRUCTURAL_ENGINEERING
PUB_013379,ATOMIC_AND_MOLECULAR_PHYSICS_AND_OPTICS
PUB_013380,ELECTRICAL_AND_ELECTRONIC_ENGINEERING
PUB_013381,ELECTRICAL_AND_ELECTRONIC_ENGINEERING
PUB_013382,BIOMATERIALS
PUB_013383,ELECTRICAL_AND_ELECTRONIC_ENGINEERING
PUB_013384,SAFETY_RISK_RELIABILITY_AND_QUALITY
PUB_013385,ASTRONOMY_AND_ASTROPHYSICS
PUB_013386,MATERIALS_CHEMISTRY
PUB_013387,ARTIFICIAL_INTELLIGENCE
PUB_013388,CONDENSED_MATTER_PHYSICS
PUB_013389,MATERIALS_CHEMISTRY
PUB_013390,ARTIFICIAL_INTELLIGENCE
PUB_013391,ARTIFICIAL_INTELLIGENCE
PUB_013392,MATERIALS_CHEMISTRY
PUB_013393,ELECTRICAL_AND_ELECTRONIC_ENGINEERING
PUB_013394,ATOMIC_AND_MOLECULAR_PHYSICS_AND_OPTICS
PUB_013395,ELECTRONIC_OPTICAL_AND_MAGNETIC_MATERIALS
PUB_013396,MATERIALS_CHEMISTRY
PUB_013397,CIVIL_AND_STRUCTURAL_ENGINEERING
PUB_013398,AEROSPACE_ENGINEERING
PUB_013399,MODELING_AND_SIMULATION
PUB_013400,MATERIALS_CHEMISTRY
PUB_013401,POLYMERS_AND_PLASTICS
PUB_013402,MATERIALS_CHEMISTRY
PUB_013403,POLYMERS_AND_PLASTICS
PUB_013404,MECHANICAL_ENGINEERING
PUB_013405,STATISTICAL_AND_NONLINEAR_PHYSICS
PUB_013406,COMPUTATIONAL_MECHANICS
PUB_013407,ATOMIC_AND_MOLECULAR_PHYSICS_AND_OPTICS
PUB_013408,MECHANICS_OF_MATERIALS
PUB_013409,ELECTRONIC_OPTICAL_AND_MAGNETIC_MATERIALS
PUB_013410,MATERIALS_CHEMISTRY
PUB_013411,MECHANICAL_ENGINEERING
PUB_013412,ELECTRICAL_AND_ELECTRONIC_ENGINEERING
PUB_013413,ELECTRONIC_OPTICAL_AND_MAGNETIC_MATERIALS
PUB_013414,BIOMEDICAL_ENGINEERING
PUB_013415,CIVIL_AND_STRUCTURAL_ENGINEERING
PUB_013416,MATERIALS_CHEMISTRY
PUB_013417,COMPUTER_VISION_AND_PATTERN_RECOGNITION
PUB_013418,ELECTRICAL_AND_ELECTRONIC_ENGINEERING
PUB_013419,SURFACES_COATINGS_AND_FILMS
PUB_013420,CONDENSED_MATTER_PHYSICS
PUB_013421,BIOMEDICAL_ENGINEERING
PUB_013422,ELECTRICAL_AND_ELECTRONIC_ENGINEERING
PUB_013423,CONTROL_AND_SYSTEMS_ENGINEERING
PUB_013424,CONDENSED_MATTER_PHYSICS
PUB_013425,ELECTRICAL_AND_ELECTRONIC_ENGINEERING
PUB_013426,BIOMEDICAL_ENGINEERING
PUB_013427,OCEAN_ENGINEERING
PUB_013428,ELECTRONIC_OPTICAL_AND_MAGNETIC_MATERIALS
PUB_013429,ATOMIC_AND_MOLECULAR_PHYSICS_AND_OPTICS
PUB_013430,ATOMIC_AND_MOLECULAR_PHYSICS_AND_OPTICS
PUB_013431,ARTIFICIAL_INTELLIGENCE
PUB_013432,MECHANICAL_ENGINEERING
PUB_013433,MECHANICAL_ENGINEERING
PUB_013434,ELECTRICAL_AND_ELECTRONIC_ENGINEERING
PUB_013435,MATERIALS_CHEMISTRY
PUB_013436,COMPUTATIONAL_MECHANICS
PUB_013437,ARTIFICIAL_INTELLIGENCE
PUB_013438,BIOMATERIALS
PUB_013439,BIOMEDICAL_ENGINEERING
PUB_013440,CIVIL_AND_STRUCTURAL_ENGINEERING
PUB_013441,ELECTRICAL_AND_ELECTRONIC_ENGINEERING
PUB_013442,ELECTRICAL_AND_ELECTRONIC_ENGINEERING
PUB_013443,ELECTRICAL_AND_ELECTRONIC_ENGINEERING
PUB_013444,ELECTRICAL_AND_ELECTRONIC_ENGINEERING
PUB_013445,COMPUTATIONAL_MECHANICS
PUB_013446,OCEAN_ENGINEERING
PUB_013447,BIOMATERIALS
PUB_013448,BUILDING_AND_CONSTRUCTION
PUB_013449,BIOMEDICAL_ENGINEERING
PUB_013450,MECHANICAL_ENGINEERING
PUB_013451,COMPUTER_NETWORKS_AND_COMMUNICATIONS
PUB_013452,BIOMEDICAL_ENGINEERING
PUB_013453,BIOMEDICAL_ENGINEERING
PUB_013454,ELECTRICAL_AND_ELECTRONIC_ENGINEERING
PUB_013455,STATISTICAL_AND_NONLINEAR_PHYSICS
PUB_013456,MECHANICAL_ENGINEERING
PUB_013457,MATERIALS_CHEMISTRY
PUB_013458,ELECTRONIC_OPTICAL_AND_MAGNETIC_MATERIALS
PUB_013459,BIOMEDICAL_ENGINEERING
PUB_013460,MATERIALS_CHEMISTRY
PUB_013461,CONDENSED_MATTER_PHYSICS
PUB_013462,BIOMEDICAL_ENGINEERING
PUB_013463,APPLIED_MATHEMATICS
PUB_013464,INDUSTRIAL_AND_MANUFACTURING_ENGINEERING
PUB_013465,INDUSTRIAL_AND_MANUFACTURING_ENGINEERING
PUB_013466,ELECTRICAL_AND_ELECTRONIC_ENGINEERING
PUB_013467,CONTROL_AND_SYSTEMS_ENGINEERING
PUB_013468,ARTIFICIAL_INTELLIGENCE
PUB_013469,INDUSTRIAL_AND_MANUFACTURING_ENGINEERING
PUB_013470,ATOMIC_AND_MOLECULAR_PHYSICS_AND_OPTICS
PUB_013471,MECHANICAL_ENGINEERING
PUB_013472,COMPUTER_VISION_AND_PATTERN_RECOGNITION
PUB_013473,CONTROL_AND_SYSTEMS_ENGINEERING
PUB_013474,ELECTRONIC_OPTICAL_AND_MAGNETIC_MATERIALS
PUB_013475,MECHANICAL_ENGINEERING
PUB_013476,BIOMEDICAL_ENGINEERING
PUB_013477,MATERIALS_CHEMISTRY
PUB_013478,MATERIALS_CHEMISTRY
PUB_013479,CIVIL_AND_STRUCTURAL_ENGINEERING
PUB_013480,CONDENSED_MATTER_PHYSICS
PUB_013481,MATERIALS_CHEMISTRY
PUB_013482,BIOMEDICAL_ENGINEERING
PUB_013483,POLYMERS_AND_PLASTICS
PUB_013484,MATERIALS_CHEMISTRY
PUB_013485,ARTIFICIAL_INTELLIGENCE
PUB_013486,MECHANICAL_ENGINEERING
PUB_013487,ASTRONOMY_AND_ASTROPHYSICS
PUB_013488,ELECTRICAL_AND_ELECTRONIC_ENGINEERING
PUB_013489,ELECTRONIC_OPTICAL_AND_MAGNETIC_MATERIALS
PUB_013490,BIOMEDICAL_ENGINEERING
PUB_013491,AUTOMOTIVE_ENGINEERING
PUB_013492,MATHEMATICAL_PHYSICS
PUB_013493,ASTRONOMY_AND_ASTROPHYSICS
PUB_013494,COMPUTER_VISION_AND_PATTERN_RECOGNITION
PUB_013495,ELECTRICAL_AND_ELECTRONIC_ENGINEERING
PUB_013496,MATERIALS_CHEMISTRY
PUB_013497,ASTRONOMY_AND_ASTROPHYSICS
PUB_013498,BIOMEDICAL_ENGINEERING
PUB_013499,OCEAN_ENGINEERING
PUB_013500,BIOMEDICAL_ENGINEERING
PUB_013501,MECHANICS_OF_MATERIALS
PUB_013502,ELECTRICAL_AND_ELECTRONIC_ENGINEERING
PUB_013503,MECHANICAL_ENGINEERING
PUB_013504,BIOMATERIALS
PUB_013505,ATOMIC_AND_MOLECULAR_PHYSICS_AND_OPTICS
PUB_013506,MECHANICAL_ENGINEERING
PUB_013507,ELECTRICAL_AND_ELECTRONIC_ENGINEERING
PUB_013508,ARTIFICIAL_INTELLIGENCE
PUB_013509,MATERIALS_CHEMISTRY
PUB_013510,MODELING_AND_SIMULATION
PUB_013511,MATERIALS_CHEMISTRY
PUB_013512,MATERIALS_CHEMISTRY
PUB_013513,BIOMEDICAL_ENGINEERING
PUB_013514,ELECTRICAL_AND_ELECTRONIC_ENGINEERING
PUB_013515,MATERIALS_CHEMISTRY
PUB_013516,BIOMEDICAL_ENGINEERING
PUB_013517,CONDENSED_MATTER_PHYSICS
PUB_013518,MATERIALS_CHEMISTRY
PUB_013519,ARTIFICIAL_INTELLIGENCE
PUB_013520,ASTRONOMY_AND_ASTROPHYSICS
PUB_013521,SAFETY_RISK_RELIABILITY_AND_QUALITY
PUB_013522,MATERIALS_CHEMISTRY
PUB_013523,COMPUTATIONAL_MECHANICS
PUB_013524,STATISTICAL_AND_NONLINEAR_PHYSICS
PUB_013525,BIOMEDICAL_ENGINEERING
PUB_013526,BIOMEDICAL_ENGINEERING
PUB_013527,ELECTRICAL_AND_ELECTRONIC_ENGINEERING
PUB_013528,MATERIALS_CHEMISTRY
PUB_013529,COMPUTER_NETWORKS_AND_COMMUNICATIONS
PUB_013530,STATISTICAL_AND_NONLINEAR_PHYSICS
PUB_013531,ELECTRICAL_AND_ELECTRONIC_ENGINEERING
PUB_013532,COMPUTATIONAL_MECHANICS
PUB_013533,MATERIALS_CHEMISTRY
PUB_013534,MATERIALS_CHEMISTRY
PUB_013535,COMPUTATIONAL_MECHANICS
PUB_013536,ASTRONOMY_AND_ASTROPHYSICS
PUB_013537,ARTIFICIAL_INTELLIGENCE
PUB_013538,APPLIED_MATHEMATICS
PUB_013539,COMPUTER_VISION_AND_PATTERN_RECOGNITION
PUB_013540,ELECTRONIC_OPTICAL_AND_MAGNETIC_MATERIALS
PUB_013541,MATERIALS_CHEMISTRY
PUB_013542,MECHANICS_OF_MATERIALS
PUB_013543,BIOMEDICAL_ENGINEERING
PUB_013544,ASTRONOMY_AND_ASTROPHYSICS
PUB_013545,MATERIALS_CHEMISTRY
PUB_013546,MATERIALS_CHEMISTRY
PUB_013547,COMPUTATIONAL_MECHANICS
PUB_013548,ATOMIC_AND_MOLECULAR_PHYSICS_AND_OPTICS
PUB_013549,COMPUTER_VISION_AND_PATTERN_RECOGNITION
PUB_013550,INDUSTRIAL_AND_MANUFACTURING_ENGINEERING
PUB_013551,STATISTICAL_AND_NONLINEAR_PHYSICS
PUB_013552,MATERIALS_CHEMISTRY
PUB_013553,MATERIALS_CHEMISTRY
PUB_013554,COMPUTER_VISION_AND_PATTERN_RECOGNITION
PUB_013555,MATERIALS_CHEMISTRY
PUB_013556,COMPUTER_VISION_AND_PATTERN_RECOGNITION
PUB_013557,CONDENSED_MATTER_PHYSICS
PUB_013558,MATERIALS_CHEMISTRY
PUB_013559,POLYMERS_AND_PLASTICS
PUB_013560,AEROSPACE_ENGINEERING
PUB_013561,ARTIFICIAL_INTELLIGENCE
PUB_013562,ELECTRONIC_OPTICAL_AND_MAGNETIC_MATERIALS
PUB_013563,MECHANICAL_ENGINEERING
PUB_013564,MATERIALS_CHEMISTRY
PUB_013565,ELECTRICAL_AND_ELECTRONIC_ENGINEERING
PUB_013566,MECHANICAL_ENGINEERING
PUB_013567,BIOMEDICAL_ENGINEERING
PUB_013568,ELECTRICAL_AND_ELECTRONIC_ENGINEERING
PUB_013569,MATERIALS_CHEMISTRY
PUB_013570,MATERIALS_CHEMISTRY
PUB_013571,MATERIALS_CHEMISTRY
PUB_013572,BIOMEDICAL_ENGINEERING
PUB_013573,COMPUTER_NETWORKS_AND_COMMUNICATIONS
PUB_013574,COMPUTATIONAL_THEORY_AND_MATHEMATICS
PUB_013575,BIOMEDICAL_ENGINEERING
PUB_013576,ELECTRONIC_OPTICAL_AND_MAGNETIC_MATERIALS
PUB_013577,BIOMEDICAL_ENGINEERING
PUB_013578,AEROSPACE_ENGINEERING
PUB_013579,BIOMEDICAL_ENGINEERING
PUB_013580,ELECTRICAL_AND_ELECTRONIC_ENGINEERING
PUB_013581,MATERIALS_CHEMISTRY
PUB_013582,MATERIALS_CHEMISTRY
PUB_013583,CONDENSED_MATTER_PHYSICS
PUB_013584,POLYMERS_AND_PLASTICS
PUB_013585,COMPUTATIONAL_MECHANICS
PUB_013586,SURFACES_COATINGS_AND_FILMS
PUB_013587,MATERIALS_CHEMISTRY
PUB_013588,ATOMIC_AND_MOLECULAR_PHYSICS_AND_OPTICS
PUB_013589,STATISTICAL_AND_NONLINEAR_PHYSICS
PUB_013590,AUTOMOTIVE_ENGINEERING
PUB_013591,MATERIALS_CHEMISTRY
PUB_013592,COMPUTATIONAL_MECHANICS
PUB_013593,ASTRONOMY_AND_ASTROPHYSICS
PUB_013594,MATERIALS_CHEMISTRY
PUB_013595,ELECTRICAL_AND_ELECTRONIC_ENGINEERING
PUB_013596,ARTIFICIAL_INTELLIGENCE
PUB_013597,ELECTRICAL_AND_ELECTRONIC_ENGINEERING
PUB_013598,ELECTRICAL_AND_ELECTRONIC_ENGINEERING
PUB_013599,MECHANICAL_ENGINEERING
PUB_013600,COMPUTATIONAL_MATHEMATICS
PUB_013601,OCEAN_ENGINEERING
PUB_013602,MECHANICS_OF_MATERIALS
PUB_013603,MATERIALS_CHEMISTRY
PUB_013604,MATERIALS_CHEMISTRY
PUB_013605,BIOMEDICAL_ENGINEERING
PUB_013606,ELECTRONIC_OPTICAL_AND_MAGNETIC_MATERIALS
PUB_013607,MATERIALS_CHEMISTRY
PUB_013608,MECHANICAL_ENGINEERING
PUB_013609,MATERIALS_CHEMISTRY
PUB_013610,BIOMEDICAL_ENGINEERING
PUB_013611,ARTIFICIAL_INTELLIGENCE
PUB_013612,STATISTICS_AND_PROBABILITY
PUB_013613,ELECTRONIC_OPTICAL_AND_MAGNETIC_MATERIALS
PUB_013614,ELECTRICAL_AND_ELECTRONIC_ENGINEERING
PUB_013615,ASTRONOMY_AND_ASTROPHYSICS
PUB_013616,APPLIED_MATHEMATICS
PUB_013617,COMPUTATIONAL_MECHANICS
PUB_013618,GEOMETRY_AND_TOPOLOGY
PUB_013619,APPLIED_MATHEMATICS
PUB_013620,ELECTRICAL_AND_ELECTRONIC_ENGINEERING
PUB_013621,BIOMEDICAL_ENGINEERING
PUB_013622,BIOMEDICAL_ENGINEERING
PUB_013623,MATERIALS_CHEMISTRY
PUB_013624,APPLIED_MATHEMATICS
PUB_013625,MECHANICAL_ENGINEERING
PUB_013626,COMPUTER_VISION_AND_PATTERN_RECOGNITION
PUB_013627,ARTIFICIAL_INTELLIGENCE
PUB_013628,APPLIED_MATHEMATICS
PUB_013629,MECHANICAL_ENGINEERING
PUB_013630,AEROSPACE_ENGINEERING
PUB_013631,CIVIL_AND_STRUCTURAL_ENGINEERING
PUB_013632,ATOMIC_AND_MOLECULAR_PHYSICS_AND_OPTICS
PUB_013633,ELECTRICAL_AND_ELECTRONIC_ENGINEERING
PUB_013634,ARTIFICIAL_INTELLIGENCE
PUB_013635,ELECTRICAL_AND_ELECTRONIC_ENGINEERING
PUB_013636,MECHANICAL_ENGINEERING
PUB_013637,ELECTRICAL_AND_ELECTRONIC_ENGINEERING
PUB_013638,BIOMEDICAL_ENGINEERING
PUB_013639,ELECTRICAL_AND_ELECTRONIC_ENGINEERING
PUB_013640,ATOMIC_AND_MOLECULAR_PHYSICS_AND_OPTICS
PUB_013641,ELECTRICAL_AND_ELECTRONIC_ENGINEERING
PUB_013642,ARTIFICIAL_INTELLIGENCE
PUB_013643,MATERIALS_CHEMISTRY
PUB_013644,SIGNAL_PROCESSING
PUB_013645,ARTIFICIAL_INTELLIGENCE
PUB_013646,COMPUTER_NETWORKS_AND_COMMUNICATIONS
PUB_013647,CIVIL_AND_STRUCTURAL_ENGINEERING
PUB_013648,MECHANICAL_ENGINEERING
PUB_013649,COMPUTATIONAL_THEORY_AND_MATHEMATICS
PUB_013650,MATERIALS_CHEMISTRY
PUB_013651,ELECTRICAL_AND_ELECTRONIC_ENGINEERING
PUB_013652,ARTIFICIAL_INTELLIGENCE
PUB_013653,ATOMIC_AND_MOLECULAR_PHYSICS_AND_OPTICS
PUB_013654,MATHEMATICAL_PHYSICS
PUB_013655,ASTRONOMY_AND_ASTROPHYSICS
PUB_013656,CONDENSED_MATTER_PHYSICS
PUB_013657,ELECTRONIC_OPTICAL_AND_MAGNETIC_MATERIALS
PUB_013658,INDUSTRIAL_AND_MANUFACTURING_ENGINEERING
PUB_013659,COMPUTER_VISION_AND_PATTERN_RECOGNITION
PUB_013660,CONTROL_AND_SYSTEMS_ENGINEERING
PUB_013661,ELECTRICAL_AND_ELECTRONIC_ENGINEERING
PUB_013662,ASTRONOMY_AND_ASTROPHYSICS
PUB_013663,POLYMERS_AND_PLASTICS
PUB_013664,BIOMATERIALS
PUB_013665,ELECTRONIC_OPTICAL_AND_MAGNETIC_MATERIALS
PUB_013666,COMPUTATIONAL_MECHANICS
PUB_013667,ELECTRICAL_AND_ELECTRONIC_ENGINEERING
PUB_013668,MATERIALS_CHEMISTRY
PUB_013669,ELECTRONIC_OPTICAL_AND_MAGNETIC_MATERIALS
PUB_013670,APPLIED_MATHEMATICS
PUB_013671,AEROSPACE_ENGINEERING
PUB_013672,ELECTRICAL_AND_ELECTRONIC_ENGINEERING
PUB_013673,MECHANICAL_ENGINEERING
PUB_013674,ELECTRICAL_AND_ELECTRONIC_ENGINEERING
PUB_013675,BIOMEDICAL_ENGINEERING
PUB_013676,MATERIALS_CHEMISTRY
PUB_013677,ELECTRICAL_AND_ELECTRONIC_ENGINEERING
PUB_013678,MATERIALS_CHEMISTRY
PUB_013679,ARTIFICIAL_INTELLIGENCE
PUB_013680,ELECTRICAL_AND_ELECTRONIC_ENGINEERING
PUB_013681,ELECTRICAL_AND_ELECTRONIC_ENGINEERING
PUB_013682,BIOMEDICAL_ENGINEERING
PUB_013683,COMPUTER_NETWORKS_AND_COMMUNICATIONS
PUB_013684,MECHANICS_OF_MATERIALS
PUB_013685,ELECTRICAL_AND_ELECTRONIC_ENGINEERING
PUB_013686,AUTOMOTIVE_ENGINEERING
PUB_013687,MATERIALS_CHEMISTRY
PUB_013688,MECHANICAL_ENGINEERING
PUB_013689,ATOMIC_AND_MOLECULAR_PHYSICS_AND_OPTICS
PUB_013690,ELECTRICAL_AND_ELECTRONIC_ENGINEERING
PUB_013691,POLYMERS_AND_PLASTICS
PUB_013692,MATERIALS_CHEMISTRY
PUB_013693,ARTIFICIAL_INTELLIGENCE
PUB_013694,ELECTRICAL_AND_ELECTRONIC_ENGINEERING
PUB_013695,ELECTRONIC_OPTICAL_AND_MAGNETIC_MATERIALS
PUB_013696,COMPUTER_NETWORKS_AND_COMMUNICATIONS
PUB_013697,MODELING_AND_SIMULATION
PUB_013698,MATERIALS_CHEMISTRY
PUB_013699,STATISTICAL_AND_NONLINEAR_PHYSICS
PUB_013700,ELECTRONIC_OPTICAL_AND_MAGNETIC_MATERIALS
PUB_013701,COMPUTATIONAL_MATHEMATICS
PUB_013702,MECHANICS_OF_MATERIALS
PUB_013703,ASTRONOMY_AND_ASTROPHYSICS
PUB_013704,ELECTRICAL_AND_ELECTRONIC_ENGINEERING
PUB_013705,ARTIFICIAL_INTELLIGENCE
PUB_013706,MATERIALS_CHEMISTRY
PUB_013707,ATOMIC_AND_MOLECULAR_PHYSICS_AND_OPTICS
PUB_013708,ASTRONOMY_AND_ASTROPHYSICS
PUB_013709,ARTIFICIAL_INTELLIGENCE
PUB_013710,BIOMEDICAL_ENGINEERING
PUB_013711,ELECTRICAL_AND_ELECTRONIC_ENGINEERING
PUB_013712,MECHANICAL_ENGINEERING
PUB_013713,ASTRONOMY_AND_ASTROPHYSICS
PUB_013714,ELECTRICAL_AND_ELECTRONIC_ENGINEERING
PUB_013715,INFORMATION_SYSTEMS
PUB_013716,COMPUTER_NETWORKS_AND_COMMUNICATIONS
PUB_013717,COMPUTER_NETWORKS_AND_COMMUNICATIONS
PUB_013718,MATERIALS_CHEMISTRY
PUB_013719,COMPUTER_VISION_AND_PATTERN_RECOGNITION
PUB_013720,POLYMERS_AND_PLASTICS
PUB_013721,ATOMIC_AND_MOLECULAR_PHYSICS_AND_OPTICS
PUB_013722,MECHANICAL_ENGINEERING
PUB_013723,ATOMIC_AND_MOLECULAR_PHYSICS_AND_OPTICS
PUB_013724,ATOMIC_AND_MOLECULAR_PHYSICS_AND_OPTICS
PUB_013725,ATOMIC_AND_MOLECULAR_PHYSICS_AND_OPTICS
PUB_013726,ELECTRICAL_AND_ELECTRONIC_ENGINEERING
PUB_013727,POLYMERS_AND_PLASTICS
PUB_013728,ELECTRICAL_AND_ELECTRONIC_ENGINEERING
PUB_013729,ELECTRICAL_AND_ELECTRONIC_ENGINEERING
PUB_013730,COMPUTATIONAL_THEORY_AND_MATHEMATICS
PUB_013731,MECHANICAL_ENGINEERING
PUB_013732,ELECTRICAL_AND_ELECTRONIC_ENGINEERING
PUB_013733,MATERIALS_CHEMISTRY
PUB_013734,AEROSPACE_ENGINEERING
PUB_013735,AEROSPACE_ENGINEERING
PUB_013736,ELECTRONIC_OPTICAL_AND_MAGNETIC_MATERIALS
PUB_013737,BIOMEDICAL_ENGINEERING
PUB_013738,ELECTRONIC_OPTICAL_AND_MAGNETIC_MATERIALS
PUB_013739,ELECTRICAL_AND_ELECTRONIC_ENGINEERING
PUB_013740,COMPUTATIONAL_MECHANICS
PUB_013741,ELECTRICAL_AND_ELECTRONIC_ENGINEERING
PUB_013742,MECHANICAL_ENGINEERING
PUB_013743,ATOMIC_AND_MOLECULAR_PHYSICS_AND_OPTICS
PUB_013744,CONTROL_AND_SYSTEMS_ENGINEERING
PUB_013745,ARTIFICIAL_INTELLIGENCE
PUB_013746,AEROSPACE_ENGINEERING
PUB_013747,COMPUTER_VISION_AND_PATTERN_RECOGNITION
PUB_013748,CIVIL_AND_STRUCTURAL_ENGINEERING
PUB_013749,ELECTRICAL_AND_ELECTRONIC_ENGINEERING
PUB_013750,BIOMEDICAL_ENGINEERING
PUB_013751,ELECTRICAL_AND_ELECTRONIC_ENGINEERING
PUB_013752,ASTRONOMY_AND_ASTROPHYSICS
PUB_013753,ARTIFICIAL_INTELLIGENCE
PUB_013754,CIVIL_AND_STRUCTURAL_ENGINEERING
PUB_013755,MECHANICAL_ENGINEERING
PUB_013756,MATERIALS_CHEMISTRY
PUB_013757,ARTIFICIAL_INTELLIGENCE
PUB_013758,MECHANICAL_ENGINEERING
PUB_013759,CIVIL_AND_STRUCTURAL_ENGINEERING
PUB_013760,BUILDING_AND_CONSTRUCTION
PUB_013761,CONDENSED_MATTER_PHYSICS
PUB_013762,MECHANICAL_ENGINEERING
PUB_013763,MATHEMATICAL_PHYSICS
PUB_013764,BIOMEDICAL_ENGINEERING
PUB_013765,ELECTRONIC_OPTICAL_AND_MAGNETIC_MATERIALS
PUB_013766,COMPUTATIONAL_MATHEMATICS
PUB_013767,ATOMIC_AND_MOLECULAR_PHYSICS_AND_OPTICS
PUB_013768,ATOMIC_AND_MOLECULAR_PHYSICS_AND_OPTICS
PUB_013769,MATERIALS_CHEMISTRY
PUB_013770,POLYMERS_AND_PLASTICS
PUB_013771,MATERIALS_CHEMISTRY
PUB_013772,COMPUTATIONAL_MECHANICS
PUB_013773,ELECTRICAL_AND_ELECTRONIC_ENGINEERING
PUB_013774,CONDENSED_MATTER_PHYSICS
PUB_013775,CONTROL_AND_SYSTEMS_ENGINEERING
PUB_013776,ELECTRICAL_AND_ELECTRONIC_ENGINEERING
PUB_013777,MATERIALS_CHEMISTRY
PUB_013778,BUILDING_AND_CONSTRUCTION
PUB_013779,BIOMEDICAL_ENGINEERING
PUB_013780,ELECTRICAL_AND_ELECTRONIC_ENGINEERING
PUB_013781,BUILDING_AND_CONSTRUCTION
PUB_013782,ELECTRONIC_OPTICAL_AND_MAGNETIC_MATERIALS
PUB_013783,POLYMERS_AND_PLASTICS
PUB_013784,MATERIALS_CHEMISTRY
PUB_013785,MATERIALS_CHEMISTRY
PUB_013786,AUTOMOTIVE_ENGINEERING
PUB_013787,BIOMEDICAL_ENGINEERING
PUB_013788,AUTOMOTIVE_ENGINEERING
PUB_013789,BUILDING_AND_CONSTRUCTION
PUB_013790,MATERIALS_CHEMISTRY
PUB_013791,ELECTRICAL_AND_ELECTRONIC_ENGINEERING
PUB_013792,BIOMATERIALS
PUB_013793,BIOMATERIALS
PUB_013794,CONTROL_AND_SYSTEMS_ENGINEERING
PUB_013795,CIVIL_AND_STRUCTURAL_ENGINEERING
PUB_013796,MECHANICAL_ENGINEERING
PUB_013797,MATERIALS_CHEMISTRY
PUB_013798,INFORMATION_SYSTEMS
PUB_013799,ALGEBRA_AND_NUMBER_THEORY
PUB_013800,MATERIALS_CHEMISTRY
PUB_013801,ATOMIC_AND_MOLECULAR_PHYSICS_AND_OPTICS
PUB_013802,BUILDING_AND_CONSTRUCTION
PUB_013803,BIOMEDICAL_ENGINEERING
PUB_013804,MATERIALS_CHEMISTRY
PUB_013805,ATOMIC_AND_MOLECULAR_PHYSICS_AND_OPTICS
PUB_013806,POLYMERS_AND_PLASTICS
PUB_013807,ELECTRICAL_AND_ELECTRONIC_ENGINEERING
PUB_013808,MATERIALS_CHEMISTRY
PUB_013809,ATOMIC_AND_MOLECULAR_PHYSICS_AND_OPTICS
PUB_013810,ATOMIC_AND_MOLECULAR_PHYSICS_AND_OPTICS
PUB_013811,MATERIALS_CHEMISTRY
PUB_013812,COMPUTATIONAL_MECHANICS
PUB_013813,ELECTRICAL_AND_ELECTRONIC_ENGINEERING
PUB_013814,COMPUTATIONAL_MECHANICS
PUB_013815,ELECTRICAL_AND_ELECTRONIC_ENGINEERING
PUB_013816,COMPUTATIONAL_MECHANICS
PUB_013817,MATERIALS_CHEMISTRY
PUB_013818,MATERIALS_CHEMISTRY
PUB_013819,MATERIALS_CHEMISTRY
PUB_013820,HUMANCOMPUTER_INTERACTION
PUB_013821,AUTOMOTIVE_ENGINEERING
PUB_013822,MECHANICAL_ENGINEERING
PUB_013823,MATERIALS_CHEMISTRY
PUB_013824,COMPUTATIONAL_MECHANICS
PUB_013825,ATOMIC_AND_MOLECULAR_PHYSICS_AND_OPTICS
PUB_013826,INDUSTRIAL_AND_MANUFACTURING_ENGINEERING
PUB_013827,MATERIALS_CHEMISTRY
PUB_013828,AEROSPACE_ENGINEERING
PUB_013829,MATERIALS_CHEMISTRY
PUB_013830,MATERIALS_CHEMISTRY
PUB_013831,HUMANCOMPUTER_INTERACTION
PUB_013832,ELECTRICAL_AND_ELECTRONIC_ENGINEERING
PUB_013833,MECHANICAL_ENGINEERING
PUB_013834,ELECTRICAL_AND_ELECTRONIC_ENGINEERING
PUB_013835,MATERIALS_CHEMISTRY
PUB_013836,COMPUTATIONAL_MECHANICS
PUB_013837,ELECTRICAL_AND_ELECTRONIC_ENGINEERING
PUB_013838,CIVIL_AND_STRUCTURAL_ENGINEERING
PUB_013839,MEDIA_TECHNOLOGY
PUB_013840,COMPUTATIONAL_THEORY_AND_MATHEMATICS
PUB_013841,BIOMEDICAL_ENGINEERING
PUB_013842,ARTIFICIAL_INTELLIGENCE
PUB_013843,INDUSTRIAL_AND_MANUFACTURING_ENGINEERING
PUB_013844,MECHANICS_OF_MATERIALS
PUB_013845,ELECTRICAL_AND_ELECTRONIC_ENGINEERING
PUB_013846,ELECTRICAL_AND_ELECTRONIC_ENGINEERING
PUB_013847,ATOMIC_AND_MOLECULAR_PHYSICS_AND_OPTICS
PUB_013848,BIOMEDICAL_ENGINEERING
PUB_013849,ELECTRICAL_AND_ELECTRONIC_ENGINEERING
PUB_013850,ATOMIC_AND_MOLECULAR_PHYSICS_AND_OPTICS
PUB_013851,STATISTICAL_AND_NONLINEAR_PHYSICS
PUB_013852,MATERIALS_CHEMISTRY
PUB_013853,ELECTRICAL_AND_ELECTRONIC_ENGINEERING
PUB_013854,BIOMEDICAL_ENGINEERING
PUB_013855,ELECTRONIC_OPTICAL_AND_MAGNETIC_MATERIALS
PUB_013856,ARTIFICIAL_INTELLIGENCE
PUB_013857,ARTIFICIAL_INTELLIGENCE
PUB_013858,POLYMERS_AND_PLASTICS
PUB_013859,ELECTRICAL_AND_ELECTRONIC_ENGINEERING
PUB_013860,COMPUTATIONAL_MECHANICS
PUB_013861,ATOMIC_AND_MOLECULAR_PHYSICS_AND_OPTICS
PUB_013862,COMPUTER_NETWORKS_AND_COMMUNICATIONS
PUB_013863,BIOMEDICAL_ENGINEERING
PUB_013864,COMPUTER_NETWORKS_AND_COMMUNICATIONS
PUB_013865,APPLIED_MATHEMATICS
PUB_013866,ATOMIC_AND_MOLECULAR_PHYSICS_AND_OPTICS
PUB_013867,SIGNAL_PROCESSING
PUB_013868,CONDENSED_MATTER_PHYSICS
PUB_013869,MATERIALS_CHEMISTRY
PUB_013870,MECHANICAL_ENGINEERING
PUB_013871,ELECTRICAL_AND_ELECTRONIC_ENGINEERING
PUB_013872,ELECTRICAL_AND_ELECTRONIC_ENGINEERING
PUB_013873,STATISTICAL_AND_NONLINEAR_PHYSICS
PUB_013874,COMPUTER_VISION_AND_PATTERN_RECOGNITION
PUB_013875,ELECTRICAL_AND_ELECTRONIC_ENGINEERING
PUB_013876,AEROSPACE_ENGINEERING
PUB_013877,COMPUTATIONAL_THEORY_AND_MATHEMATICS
PUB_013878,STATISTICS_AND_PROBABILITY
PUB_013879,ELECTRICAL_AND_ELECTRONIC_ENGINEERING
PUB_013880,BUILDING_AND_CONSTRUCTION
PUB_013881,CIVIL_AND_STRUCTURAL_ENGINEERING
PUB_013882,ARTIFICIAL_INTELLIGENCE
PUB_013883,MODELING_AND_SIMULATION
PUB_013884,ARTIFICIAL_INTELLIGENCE
PUB_013885,ELECTRICAL_AND_ELECTRONIC_ENGINEERING
PUB_013886,MODELING_AND_SIMULATION
PUB_013887,MECHANICAL_ENGINEERING
PUB_013888,POLYMERS_AND_PLASTICS
PUB_013889,COMPUTER_NETWORKS_AND_COMMUNICATIONS
PUB_013890,ASTRONOMY_AND_ASTROPHYSICS
PUB_013891,AUTOMOTIVE_ENGINEERING
PUB_013892,COMPUTATIONAL_THEORY_AND_MATHEMATICS
PUB_013893,ATOMIC_AND_MOLECULAR_PHYSICS_AND_OPTICS
PUB_013894,GEOMETRY_AND_TOPOLOGY
PUB_013895,ATOMIC_AND_MOLECULAR_PHYSICS_AND_OPTICS
PUB_013896,ELECTRONIC_OPTICAL_AND_MAGNETIC_MATERIALS
PUB_013897,ARTIFICIAL_INTELLIGENCE
PUB_013898,MATHEMATICAL_PHYSICS
PUB_013899,ARTIFICIAL_INTELLIGENCE
PUB_013900,MATERIALS_CHEMISTRY
PUB_013901,AEROSPACE_ENGINEERING
PUB_013902,MATERIALS_CHEMISTRY
PUB_013903,STATISTICAL_AND_NONLINEAR_PHYSICS
PUB_013904,COMPUTATIONAL_THEORY_AND_MATHEMATICS
PUB_013905,COMPUTATIONAL_MECHANICS
PUB_013906,ASTRONOMY_AND_ASTROPHYSICS
PUB_013907,ELECTRICAL_AND_ELECTRONIC_ENGINEERING
PUB_013908,OCEAN_ENGINEERING
PUB_013909,CIVIL_AND_STRUCTURAL_ENGINEERING
PUB_013910,CIVIL_AND_STRUCTURAL_ENGINEERING
PUB_013911,ELECTRICAL_AND_ELECTRONIC_ENGINEERING
PUB_013912,BIOMEDICAL_ENGINEERING
PUB_013913,AUTOMOTIVE_ENGINEERING
PUB_013914,CONTROL_AND_SYSTEMS_ENGINEERING
PUB_013915,COMPUTATIONAL_MECHANICS
PUB_013916,POLYMERS_AND_PLASTICS
PUB_013917,ASTRONOMY_AND_ASTROPHYSICS
PUB_013918,STATISTICAL_AND_NONLINEAR_PHYSICS
PUB_013919,COMPUTER_VISION_AND_PATTERN_RECOGNITION
PUB_013920,AEROSPACE_ENGINEERING
PUB_013921,AEROSPACE_ENGINEERING
PUB_013922,ELECTRICAL_AND_ELECTRONIC_ENGINEERING
PUB_013923,ELECTRICAL_AND_ELECTRONIC_ENGINEERING
PUB_013924,SURFACES_COATINGS_AND_FILMS
PUB_013925,MATHEMATICAL_PHYSICS
PUB_013926,AUTOMOTIVE_ENGINEERING
PUB_013927,MATERIALS_CHEMISTRY
PUB_013928,ELECTRICAL_AND_ELECTRONIC_ENGINEERING
PUB_013929,ELECTRICAL_AND_ELECTRONIC_ENGINEERING
PUB_013930,ELECTRICAL_AND_ELECTRONIC_ENGINEERING
PUB_013931,COMPUTER_NETWORKS_AND_COMMUNICATIONS
PUB_013932,MECHANICS_OF_MATERIALS
PUB_013933,MATERIALS_CHEMISTRY
PUB_013934,ELECTRICAL_AND_ELECTRONIC_ENGINEERING
PUB_013935,AUTOMOTIVE_ENGINEERING
PUB_013936,ATOMIC_AND_MOLECULAR_PHYSICS_AND_OPTICS
PUB_013937,ARTIFICIAL_INTELLIGENCE
PUB_013938,CONDENSED_MATTER_PHYSICS
PUB_013939,MECHANICS_OF_MATERIALS
PUB_013940,MATERIALS_CHEMISTRY
PUB_013941,ARTIFICIAL_INTELLIGENCE
PUB_013942,COMPUTATIONAL_MECHANICS
PUB_013943,CONTROL_AND_SYSTEMS_ENGINEERING
PUB_013944,ELECTRONIC_OPTICAL_AND_MAGNETIC_MATERIALS
PUB_013945,COMPUTATIONAL_THEORY_AND_MATHEMATICS
PUB_013946,BIOMEDICAL_ENGINEERING
PUB_013947,COMPUTATIONAL_MECHANICS
PUB_013948,POLYMERS_AND_PLASTICS
PUB_013949,ELECTRICAL_AND_ELECTRONIC_ENGINEERING
PUB_013950,GEOMETRY_AND_TOPOLOGY
PUB_013951,SIGNAL_PROCESSING
PUB_013952,CONTROL_AND_SYSTEMS_ENGINEERING
PUB_013953,BIOMEDICAL_ENGINEERING
PUB_013954,ELECTRICAL_AND_ELECTRONIC_ENGINEERING
PUB_013955,ATOMIC_AND_MOLECULAR_PHYSICS_AND_OPTICS
PUB_013956,ELECTRONIC_OPTICAL_AND_MAGNETIC_MATERIALS
PUB_013957,CONTROL_AND_SYSTEMS_ENGINEERING
PUB_013958,COMPUTER_NETWORKS_AND_COMMUNICATIONS
PUB_013959,SIGNAL_PROCESSING
PUB_013960,MECHANICAL_ENGINEERING
PUB_013961,CONTROL_AND_SYSTEMS_ENGINEERING
PUB_013962,COMPUTATIONAL_MATHEMATICS
PUB_013963,CONTROL_AND_SYSTEMS_ENGINEERING
PUB_013964,BIOMEDICAL_ENGINEERING
PUB_013965,ARTIFICIAL_INTELLIGENCE
PUB_013966,COMPUTER_NETWORKS_AND_COMMUNICATIONS
PUB_013967,MECHANICAL_ENGINEERING
PUB_013968,BIOMATERIALS
PUB_013969,ELECTRICAL_AND_ELECTRONIC_ENGINEERING
PUB_013970,MATERIALS_CHEMISTRY
PUB_013971,MATERIALS_CHEMISTRY
PUB_013972,CONDENSED_MATTER_PHYSICS
PUB_013973,COMPUTER_VISION_AND_PATTERN_RECOGNITION
PUB_013974,COMPUTER_NETWORKS_AND_COMMUNICATIONS
PUB_013975,SURFACES_COATINGS_AND_FILMS
PUB_013976,AEROSPACE_ENGINEERING
PUB_013977,MATERIALS_CHEMISTRY
PUB_013978,CONTROL_AND_SYSTEMS_ENGINEERING
PUB_013979,SIGNAL_PROCESSING
PUB_013980,COMPUTER_NETWORKS_AND_COMMUNICATIONS
PUB_013981,CONDENSED_MATTER_PHYSICS
PUB_013982,ELECTRICAL_AND_ELECTRONIC_ENGINEERING
PUB_013983,CONDENSED_MATTER_PHYSICS
PUB_013984,MATERIALS_CHEMISTRY
PUB_013985,ATOMIC_AND_MOLECULAR_PHYSICS_AND_OPTICS
PUB_013986,BIOMEDICAL_ENGINEERING
PUB_013987,ARTIFICIAL_INTELLIGENCE
PUB_013988,ELECTRICAL_AND_ELECTRONIC_ENGINEERING
PUB_013989,ATOMIC_AND_MOLECULAR_PHYSICS_AND_OPTICS
PUB_013990,AUTOMOTIVE_ENGINEERING
PUB_013991,ELECTRICAL_AND_ELECTRONIC_ENGINEERING
PUB_013992,ELECTRICAL_AND_ELECTRONIC_ENGINEERING
PUB_013993,SOFTWARE
PUB_013994,ATOMIC_AND_MOLECULAR_PHYSICS_AND_OPTICS
PUB_013995,MATERIALS_CHEMISTRY
PUB_013996,MECHANICS_OF_MATERIALS
PUB_013997,AEROSPACE_ENGINEERING
PUB_013998,CONTROL_AND_SYSTEMS_ENGINEERING
PUB_013999,STATISTICAL_AND_NONLINEAR_PHYSICS
PUB_014000,ELECTRONIC_OPTICAL_AND_MAGNETIC_MATERIALS
PUB_014001,MATERIALS_CHEMISTRY
PUB_014002,CONTROL_AND_SYSTEMS_ENGINEERING
PUB_014003,MECHANICAL_ENGINEERING
PUB_014004,GEOMETRY_AND_TOPOLOGY
PUB_014005,MECHANICS_OF_MATERIALS
PUB_014006,ELECTRICAL_AND_ELECTRONIC_ENGINEERING
PUB_014007,MATERIALS_CHEMISTRY
PUB_014008,MECHANICAL_ENGINEERING
PUB_014009,CONTROL_AND_SYSTEMS_ENGINEERING
PUB_014010,ELECTRICAL_AND_ELECTRONIC_ENGINEERING
PUB_014011,COMPUTATIONAL_MECHANICS
PUB_014012,MATERIALS_CHEMISTRY
PUB_014013,AEROSPACE_ENGINEERING
PUB_014014,MATERIALS_CHEMISTRY
PUB_014015,CONTROL_AND_SYSTEMS_ENGINEERING
PUB_014016,MECHANICAL_ENGINEERING
PUB_014017,INFORMATION_SYSTEMS
PUB_014018,ARTIFICIAL_INTELLIGENCE
PUB_014019,ELECTRICAL_AND_ELECTRONIC_ENGINEERING
PUB_014020,MATHEMATICAL_PHYSICS
PUB_014021,ARTIFICIAL_INTELLIGENCE
PUB_014022,MECHANICAL_ENGINEERING
PUB_014023,COMPUTER_NETWORKS_AND_COMMUNICATIONS
PUB_014024,BUILDING_AND_CONSTRUCTION
PUB_014025,BUILDING_AND_CONSTRUCTION
PUB_014026,ASTRONOMY_AND_ASTROPHYSICS
PUB_014027,ELECTRICAL_AND_ELECTRONIC_ENGINEERING
PUB_014028,ASTRONOMY_AND_ASTROPHYSICS
PUB_014029,ASTRONOMY_AND_ASTROPHYSICS
PUB_014030,MATHEMATICAL_PHYSICS
PUB_014031,MODELING_AND_SIMULATION
PUB_014032,AEROSPACE_ENGINEERING
PUB_014033,OCEAN_ENGINEERING
PUB_014034,STATISTICAL_AND_NONLINEAR_PHYSICS
PUB_014035,ELECTRICAL_AND_ELECTRONIC_ENGINEERING
PUB_014036,MECHANICAL_ENGINEERING
PUB_014037,ATOMIC_AND_MOLECULAR_PHYSICS_AND_OPTICS
PUB_014038,ELECTRICAL_AND_ELECTRONIC_ENGINEERING
PUB_014039,COMPUTER_NETWORKS_AND_COMMUNICATIONS
PUB_014040,COMPUTER_NETWORKS_AND_COMMUNICATIONS
PUB_014041,COMPUTER_NETWORKS_AND_COMMUNICATIONS
PUB_014042,ELECTRICAL_AND_ELECTRONIC_ENGINEERING
PUB_014043,ARTIFICIAL_INTELLIGENCE
PUB_014044,ARTIFICIAL_INTELLIGENCE
PUB_014045,ELECTRICAL_AND_ELECTRONIC_ENGINEERING
PUB_014046,MECHANICAL_ENGINEERING
PUB_014047,COMPUTER_NETWORKS_AND_COMMUNICATIONS
PUB_014048,BIOMEDICAL_ENGINEERING
PUB_014049,ELECTRONIC_OPTICAL_AND_MAGNETIC_MATERIALS
PUB_014050,ELECTRICAL_AND_ELECTRONIC_ENGINEERING
PUB_014051,ARTIFICIAL_INTELLIGENCE
PUB_014052,ARTIFICIAL_INTELLIGENCE
PUB_014053,SIGNAL_PROCESSING
PUB_014054,GEOMETRY_AND_TOPOLOGY
PUB_014055,COMPUTER_NETWORKS_AND_COMMUNICATIONS
PUB_014056,CIVIL_AND_STRUCTURAL_ENGINEERING
PUB_014057,ARTIFICIAL_INTELLIGENCE
PUB_014058,COMPUTATIONAL_MECHANICS
PUB_014059,GEOMETRY_AND_TOPOLOGY
PUB_014060,ARTIFICIAL_INTELLIGENCE
PUB_014061,ARTIFICIAL_INTELLIGENCE
PUB_014062,BIOMATERIALS
PUB_014063,APPLIED_MATHEMATICS
PUB_014064,COMPUTER_NETWORKS_AND_COMMUNICATIONS
PUB_014065,ARTIFICIAL_INTELLIGENCE
PUB_014066,ASTRONOMY_AND_ASTROPHYSICS
PUB_014067,INFORMATION_SYSTEMS
PUB_014068,COMPUTER_VISION_AND_PATTERN_RECOGNITION
PUB_014069,ARTIFICIAL_INTELLIGENCE
PUB_014070,MATERIALS_CHEMISTRY
PUB_014071,ATOMIC_AND_MOLECULAR_PHYSICS_AND_OPTICS
PUB_014072,CONDENSED_MATTER_PHYSICS
PUB_014073,ARTIFICIAL_INTELLIGENCE
PUB_014074,COMPUTATIONAL_MECHANICS
PUB_014075,COMPUTER_GRAPHICS_AND_COMPUTERAIDED_DESIGN
PUB_014076,ASTRONOMY_AND_ASTROPHYSICS
PUB_014077,COMPUTATIONAL_THEORY_AND_MATHEMATICS
PUB_014078,GEOMETRY_AND_TOPOLOGY
PUB_014079,MATHEMATICAL_PHYSICS
PUB_014080,CONTROL_AND_SYSTEMS_ENGINEERING
PUB_014081,APPLIED_MATHEMATICS
PUB_014082,COMPUTATIONAL_MECHANICS
PUB_014083,CONDENSED_MATTER_PHYSICS
PUB_014084,MECHANICAL_ENGINEERING
PUB_014085,MATERIALS_CHEMISTRY
PUB_014086,SIGNAL_PROCESSING
PUB_014087,MATERIALS_CHEMISTRY
PUB_014088,INDUSTRIAL_AND_MANUFACTURING_ENGINEERING
PUB_014089,AUTOMOTIVE_ENGINEERING
PUB_014090,ELECTRONIC_OPTICAL_AND_MAGNETIC_MATERIALS
PUB_014091,BIOMATERIALS
PUB_014092,ATOMIC_AND_MOLECULAR_PHYSICS_AND_OPTICS
PUB_014093,STATISTICAL_AND_NONLINEAR_PHYSICS
PUB_014094,MECHANICAL_ENGINEERING
PUB_014095,AEROSPACE_ENGINEERING
PUB_014096,BIOMEDICAL_ENGINEERING
PUB_014097,ELECTRICAL_AND_ELECTRONIC_ENGINEERING
PUB_014098,ARTIFICIAL_INTELLIGENCE
PUB_014099,ARTIFICIAL_INTELLIGENCE
PUB_014100,ARTIFICIAL_INTELLIGENCE
PUB_014101,MECHANICAL_ENGINEERING
PUB_014102,BIOMEDICAL_ENGINEERING
PUB_014103,ELECTRICAL_AND_ELECTRONIC_ENGINEERING
PUB_014104,BIOMEDICAL_ENGINEERING
PUB_014105,INDUSTRIAL_AND_MANUFACTURING_ENGINEERING
PUB_014106,ELECTRONIC_OPTICAL_AND_MAGNETIC_MATERIALS
PUB_014107,MECHANICS_OF_MATERIALS
PUB_014108,COMPUTATIONAL_MATHEMATICS
PUB_014109,ARTIFICIAL_INTELLIGENCE
PUB_014110,ELECTRONIC_OPTICAL_AND_MAGNETIC_MATERIALS
PUB_014111,DISCRETE_MATHEMATICS_AND_COMBINATORICS
PUB_014112,METALS_AND_ALLOYS
PUB_014113,MATHEMATICAL_PHYSICS
PUB_014114,BIOMEDICAL_ENGINEERING
PUB_014115,AEROSPACE_ENGINEERING
PUB_014116,MECHANICS_OF_MATERIALS
PUB_014117,BIOMEDICAL_ENGINEERING
PUB_014118,ELECTRICAL_AND_ELECTRONIC_ENGINEERING
PUB_014119,MATERIALS_CHEMISTRY
PUB_014120,COMPUTER_NETWORKS_AND_COMMUNICATIONS
PUB_014121,POLYMERS_AND_PLASTICS
PUB_014122,APPLIED_MATHEMATICS
PUB_014123,MECHANICS_OF_MATERIALS
PUB_014124,COMPUTER_VISION_AND_PATTERN_RECOGNITION
PUB_014125,COMPUTER_VISION_AND_PATTERN_RECOGNITION
PUB_014126,AEROSPACE_ENGINEERING
PUB_014127,COMPUTER_VISION_AND_PATTERN_RECOGNITION
PUB_014128,COMPUTATIONAL_MECHANICS
PUB_014129,COMPUTATIONAL_MECHANICS
PUB_014130,AEROSPACE_ENGINEERING
PUB_014131,COMPUTATIONAL_MECHANICS
PUB_014132,MATERIALS_CHEMISTRY
PUB_014133,BIOMEDICAL_ENGINEERING
PUB_014134,ELECTRICAL_AND_ELECTRONIC_ENGINEERING
PUB_014135,ELECTRICAL_AND_ELECTRONIC_ENGINEERING
PUB_014136,AUTOMOTIVE_ENGINEERING
PUB_014137,ELECTRICAL_AND_ELECTRONIC_ENGINEERING
PUB_014138,DISCRETE_MATHEMATICS_AND_COMBINATORICS
PUB_014139,COMPUTER_NETWORKS_AND_COMMUNICATIONS
PUB_014140,ARTIFICIAL_INTELLIGENCE
PUB_014141,STATISTICAL_AND_NONLINEAR_PHYSICS
PUB_014142,CIVIL_AND_STRUCTURAL_ENGINEERING
PUB_014143,ELECTRICAL_AND_ELECTRONIC_ENGINEERING
PUB_014144,ELECTRICAL_AND_ELECTRONIC_ENGINEERING
PUB_014145,ARTIFICIAL_INTELLIGENCE
PUB_014146,ALGEBRA_AND_NUMBER_THEORY
PUB_014147,AUTOMOTIVE_ENGINEERING
PUB_014148,ATOMIC_AND_MOLECULAR_PHYSICS_AND_OPTICS
PUB_014149,ELECTRONIC_OPTICAL_AND_MAGNETIC_MATERIALS
PUB_014150,ELECTRONIC_OPTICAL_AND_MAGNETIC_MATERIALS
PUB_014151,ELECTRONIC_OPTICAL_AND_MAGNETIC_MATERIALS
PUB_014152,ELECTRICAL_AND_ELECTRONIC_ENGINEERING
PUB_014153,AUTOMOTIVE_ENGINEERING
PUB_014154,ATOMIC_AND_MOLECULAR_PHYSICS_AND_OPTICS
PUB_014155,ELECTRONIC_OPTICAL_AND_MAGNETIC_MATERIALS
PUB_014156,ELECTRONIC_OPTICAL_AND_MAGNETIC_MATERIALS
PUB_014157,MATERIALS_CHEMISTRY
PUB_014158,BIOMEDICAL_ENGINEERING
PUB_014159,MECHANICAL_ENGINEERING
PUB_014160,COMPUTATIONAL_MECHANICS
PUB_014161,APPLIED_MATHEMATICS
PUB_014162,MATERIALS_CHEMISTRY
PUB_014163,INDUSTRIAL_AND_MANUFACTURING_ENGINEERING
PUB_014164,MECHANICAL_ENGINEERING
PUB_014165,MECHANICAL_ENGINEERING
PUB_014166,ELECTRICAL_AND_ELECTRONIC_ENGINEERING
PUB_014167,ELECTRICAL_AND_ELECTRONIC_ENGINEERING
PUB_014168,COMPUTER_VISION_AND_PATTERN_RECOGNITION
PUB_014169,COMPUTATIONAL_MECHANICS
PUB_014170,COMPUTER_VISION_AND_PATTERN_RECOGNITION
PUB_014171,AEROSPACE_ENGINEERING
PUB_014172,ARTIFICIAL_INTELLIGENCE
PUB_014173,BIOMEDICAL_ENGINEERING
PUB_014174,OCEAN_ENGINEERING
PUB_014175,ARTIFICIAL_INTELLIGENCE
PUB_014176,MATHEMATICAL_PHYSICS
PUB_014177,COMPUTER_VISION_AND_PATTERN_RECOGNITION
PUB_014178,COMPUTER_VISION_AND_PATTERN_RECOGNITION
PUB_014179,COMPUTATIONAL_THEORY_AND_MATHEMATICS
PUB_014180,ELECTRICAL_AND_ELECTRONIC_ENGINEERING
PUB_014181,ARTIFICIAL_INTELLIGENCE
PUB_014182,ARTIFICIAL_INTELLIGENCE
PUB_014183,MATERIALS_CHEMISTRY
PUB_014184,AEROSPACE_ENGINEERING
PUB_014185,MATERIALS_CHEMISTRY
PUB_014186,AEROSPACE_ENGINEERING
PUB_014187,AUTOMOTIVE_ENGINEERING
PUB_014188,CIVIL_AND_STRUCTURAL_ENGINEERING
PUB_014189,CIVIL_AND_STRUCTURAL_ENGINEERING
PUB_014190,OCEAN_ENGINEERING
PUB_014191,BIOMEDICAL_ENGINEERING
PUB_014192,OCEAN_ENGINEERING
PUB_014193,APPLIED_MATHEMATICS
PUB_014194,COMPUTATIONAL_MECHANICS
PUB_014195,AEROSPACE_ENGINEERING
PUB_014196,COMPUTATIONAL_MECHANICS
PUB_014197,COMPUTATIONAL_MECHANICS
PUB_014198,OCEAN_ENGINEERING
PUB_014199,SOFTWARE
PUB_014200,MECHANICAL_ENGINEERING
PUB_014201,BIOMEDICAL_ENGINEERING
PUB_014202,BIOMATERIALS
PUB_014203,BIOMEDICAL_ENGINEERING
PUB_014204,ELECTRICAL_AND_ELECTRONIC_ENGINEERING
PUB_014205,COMPUTATIONAL_MECHANICS
PUB_014206,ARTIFICIAL_INTELLIGENCE
PUB_014207,COMPUTATIONAL_THEORY_AND_MATHEMATICS
PUB_014208,AUTOMOTIVE_ENGINEERING
PUB_014209,ELECTRICAL_AND_ELECTRONIC_ENGINEERING
PUB_014210,CIVIL_AND_STRUCTURAL_ENGINEERING
PUB_014211,ATOMIC_AND_MOLECULAR_PHYSICS_AND_OPTICS
PUB_014212,COMPUTER_NETWORKS_AND_COMMUNICATIONS
PUB_014213,COMPUTER_NETWORKS_AND_COMMUNICATIONS
PUB_014214,ARTIFICIAL_INTELLIGENCE
PUB_014215,COMPUTER_NETWORKS_AND_COMMUNICATIONS
PUB_014216,COMPUTER_NETWORKS_AND_COMMUNICATIONS
PUB_014217,ARTIFICIAL_INTELLIGENCE
PUB_014218,ELECTRICAL_AND_ELECTRONIC_ENGINEERING
PUB_014219,COMPUTER_NETWORKS_AND_COMMUNICATIONS
PUB_014220,ELECTRICAL_AND_ELECTRONIC_ENGINEERING
PUB_014221,COMPUTER_VISION_AND_PATTERN_RECOGNITION
PUB_014222,COMPUTER_NETWORKS_AND_COMMUNICATIONS
PUB_014223,ELECTRICAL_AND_ELECTRONIC_ENGINEERING
PUB_014224,COMPUTER_NETWORKS_AND_COMMUNICATIONS
PUB_014225,BIOMEDICAL_ENGINEERING
PUB_014226,ELECTRICAL_AND_ELECTRONIC_ENGINEERING
PUB_014227,BUILDING_AND_CONSTRUCTION
PUB_014228,ELECTRONIC_OPTICAL_AND_MAGNETIC_MATERIALS
PUB_014229,SURFACES_COATINGS_AND_FILMS
PUB_014230,BIOMATERIALS
PUB_014231,BIOMATERIALS
PUB_014232,MECHANICAL_ENGINEERING
PUB_014233,MECHANICAL_ENGINEERING
PUB_014234,GENERAL_MATERIALS_SCIENCE
PUB_014235,COMPUTER_VISION_AND_PATTERN_RECOGNITION
PUB_014236,BUILDING_AND_CONSTRUCTION
PUB_014237,COMPUTATIONAL_MECHANICS
PUB_014238,CONDENSED_MATTER_PHYSICS
PUB_014239,MATERIALS_CHEMISTRY
PUB_014240,CONDENSED_MATTER_PHYSICS
PUB_014241,COMPUTATIONAL_MECHANICS
PUB_014242,INFORMATION_SYSTEMS
PUB_014243,ELECTRONIC_OPTICAL_AND_MAGNETIC_MATERIALS
PUB_014244,CONTROL_AND_SYSTEMS_ENGINEERING
PUB_014245,GEOMETRY_AND_TOPOLOGY
PUB_014246,APPLIED_MATHEMATICS
PUB_014247,ALGEBRA_AND_NUMBER_THEORY
PUB_014248,ARTIFICIAL_INTELLIGENCE
PUB_014249,ARTIFICIAL_INTELLIGENCE
PUB_014250,AEROSPACE_ENGINEERING
PUB_014251,COMPUTATIONAL_MECHANICS
PUB_014252,MECHANICAL_ENGINEERING
PUB_014253,BUILDING_AND_CONSTRUCTION
PUB_014254,COMPUTER_VISION_AND_PATTERN_RECOGNITION
PUB_014255,INDUSTRIAL_AND_MANUFACTURING_ENGINEERING
PUB_014256,NUMERICAL_ANALYSIS
PUB_014257,NUMERICAL_ANALYSIS
PUB_014258,MATHEMATICAL_PHYSICS
PUB_014259,NUMERICAL_ANALYSIS
PUB_014260,AEROSPACE_ENGINEERING
PUB_014261,COMPUTATIONAL_THEORY_AND_MATHEMATICS
PUB_014262,ELECTRICAL_AND_ELECTRONIC_ENGINEERING
PUB_014263,ATOMIC_AND_MOLECULAR_PHYSICS_AND_OPTICS
PUB_014264,CIVIL_AND_STRUCTURAL_ENGINEERING
PUB_014265,CIVIL_AND_STRUCTURAL_ENGINEERING
PUB_014266,ATOMIC_AND_MOLECULAR_PHYSICS_AND_OPTICS
PUB_014267,ELECTRICAL_AND_ELECTRONIC_ENGINEERING
PUB_014268,ELECTRICAL_AND_ELECTRONIC_ENGINEERING
PUB_014269,BIOMEDICAL_ENGINEERING
PUB_014270,CONTROL_AND_SYSTEMS_ENGINEERING
PUB_014271,ARTIFICIAL_INTELLIGENCE
PUB_014272,ARTIFICIAL_INTELLIGENCE
PUB_014273,COMPUTATIONAL_MECHANICS
PUB_014274,AEROSPACE_ENGINEERING
PUB_014275,GEOMETRY_AND_TOPOLOGY
PUB_014276,MATERIALS_CHEMISTRY
PUB_014277,ATOMIC_AND_MOLECULAR_PHYSICS_AND_OPTICS
PUB_014278,COMPUTER_NETWORKS_AND_COMMUNICATIONS
PUB_014279,BIOMATERIALS
PUB_014280,CIVIL_AND_STRUCTURAL_ENGINEERING
PUB_014281,MATERIALS_CHEMISTRY
PUB_014282,MATERIALS_CHEMISTRY
PUB_014283,ELECTRICAL_AND_ELECTRONIC_ENGINEERING
PUB_014284,CONTROL_AND_SYSTEMS_ENGINEERING
PUB_014285,CIVIL_AND_STRUCTURAL_ENGINEERING
PUB_014286,CIVIL_AND_STRUCTURAL_ENGINEERING
PUB_014287,COMPUTATIONAL_MECHANICS
PUB_014288,ELECTRICAL_AND_ELECTRONIC_ENGINEERING
PUB_014289,COMPUTATIONAL_MECHANICS
PUB_014290,ELECTRONIC_OPTICAL_AND_MAGNETIC_MATERIALS
PUB_014291,ELECTRONIC_OPTICAL_AND_MAGNETIC_MATERIALS
PUB_014292,MATERIALS_CHEMISTRY
PUB_014293,ARTIFICIAL_INTELLIGENCE
PUB_014294,INFORMATION_SYSTEMS
PUB_014295,COMPUTER_NETWORKS_AND_COMMUNICATIONS
PUB_014296,MATHEMATICAL_PHYSICS
PUB_014297,COMPUTATIONAL_THEORY_AND_MATHEMATICS
PUB_014298,COMPUTATIONAL_THEORY_AND_MATHEMATICS
PUB_014299,MATHEMATICAL_PHYSICS
PUB_014300,THEORETICAL_COMPUTER_SCIENCE
PUB_014301,THEORETICAL_COMPUTER_SCIENCE
PUB_014302,CIVIL_AND_STRUCTURAL_ENGINEERING
PUB_014303,CIVIL_AND_STRUCTURAL_ENGINEERING
PUB_014304,BUILDING_AND_CONSTRUCTION
PUB_014305,BIOMEDICAL_ENGINEERING
PUB_014306,ARTIFICIAL_INTELLIGENCE
PUB_014307,ATOMIC_AND_MOLECULAR_PHYSICS_AND_OPTICS
PUB_014308,ELECTRICAL_AND_ELECTRONIC_ENGINEERING
PUB_014309,COMPUTER_NETWORKS_AND_COMMUNICATIONS
PUB_014310,COMPUTATIONAL_MECHANICS
PUB_014311,ARTIFICIAL_INTELLIGENCE
PUB_014312,ATOMIC_AND_MOLECULAR_PHYSICS_AND_OPTICS
PUB_014313,CIVIL_AND_STRUCTURAL_ENGINEERING
PUB_014314,ELECTRICAL_AND_ELECTRONIC_ENGINEERING
PUB_014315,ELECTRICAL_AND_ELECTRONIC_ENGINEERING
PUB_014316,MATERIALS_CHEMISTRY
PUB_014317,ELECTRONIC_OPTICAL_AND_MAGNETIC_MATERIALS
PUB_014318,ATOMIC_AND_MOLECULAR_PHYSICS_AND_OPTICS
PUB_014319,AEROSPACE_ENGINEERING
PUB_014320,ATOMIC_AND_MOLECULAR_PHYSICS_AND_OPTICS
PUB_014321,NUMERICAL_ANALYSIS
PUB_014322,MECHANICAL_ENGINEERING
PUB_014323,BIOMEDICAL_ENGINEERING
PUB_014324,MATERIALS_CHEMISTRY
PUB_014325,CIVIL_AND_STRUCTURAL_ENGINEERING
PUB_014326,ARTIFICIAL_INTELLIGENCE
PUB_014327,COMPUTER_NETWORKS_AND_COMMUNICATIONS
PUB_014328,ARTIFICIAL_INTELLIGENCE
PUB_014329,CONDENSED_MATTER_PHYSICS
PUB_014330,APPLIED_MATHEMATICS
PUB_014331,COMPUTATIONAL_MECHANICS
PUB_014332,APPLIED_MATHEMATICS
PUB_014333,MECHANICAL_ENGINEERING
PUB_014334,MATHEMATICAL_PHYSICS
PUB_014335,COMPUTER_VISION_AND_PATTERN_RECOGNITION
PUB_014336,ELECTRONIC_OPTICAL_AND_MAGNETIC_MATERIALS
PUB_014337,ELECTRICAL_AND_ELECTRONIC_ENGINEERING
PUB_014338,COMPUTATIONAL_MECHANICS
PUB_014339,CIVIL_AND_STRUCTURAL_ENGINEERING
PUB_014340,APPLIED_MATHEMATICS
PUB_014341,ELECTRICAL_AND_ELECTRONIC_ENGINEERING
PUB_014342,BIOMEDICAL_ENGINEERING
PUB_014343,CONDENSED_MATTER_PHYSICS
PUB_014344,MATERIALS_CHEMISTRY
PUB_014345,APPLIED_MATHEMATICS
PUB_014346,BIOMATERIALS
PUB_014347,ELECTRICAL_AND_ELECTRONIC_ENGINEERING
PUB_014348,CONDENSED_MATTER_PHYSICS
PUB_014349,ATOMIC_AND_MOLECULAR_PHYSICS_AND_OPTICS
PUB_014350,BIOMATERIALS
PUB_014351,BIOMATERIALS
PUB_014352,AEROSPACE_ENGINEERING
PUB_014353,BUILDING_AND_CONSTRUCTION
PUB_014354,BIOMATERIALS
PUB_014355,ELECTRICAL_AND_ELECTRONIC_ENGINEERING
PUB_014356,ARTIFICIAL_INTELLIGENCE
PUB_014357,STATISTICAL_AND_NONLINEAR_PHYSICS
PUB_014358,ASTRONOMY_AND_ASTROPHYSICS
PUB_014359,MATERIALS_CHEMISTRY
PUB_014360,MECHANICS_OF_MATERIALS
PUB_014361,ELECTRICAL_AND_ELECTRONIC_ENGINEERING
PUB_014362,GENERAL_MATERIALS_SCIENCE
PUB_014363,MECHANICS_OF_MATERIALS
PUB_014364,BIOMEDICAL_ENGINEERING
PUB_014365,ELECTRICAL_AND_ELECTRONIC_ENGINEERING
PUB_014366,BUILDING_AND_CONSTRUCTION
PUB_014367,APPLIED_MATHEMATICS
PUB_014368,COMPUTATIONAL_MECHANICS
PUB_014369,ELECTRICAL_AND_ELECTRONIC_ENGINEERING
PUB_014370,STATISTICS_AND_PROBABILITY
PUB_014371,ELECTRICAL_AND_ELECTRONIC_ENGINEERING
PUB_014372,MATERIALS_CHEMISTRY
PUB_014373,AUTOMOTIVE_ENGINEERING
PUB_014374,COMPUTER_SCIENCE_APPLICATIONS
PUB_014375,ATOMIC_AND_MOLECULAR_PHYSICS_AND_OPTICS
PUB_014376,MECHANICS_OF_MATERIALS
PUB_014377,ASTRONOMY_AND_ASTROPHYSICS
PUB_014378,CONDENSED_MATTER_PHYSICS
PUB_014379,CONTROL_AND_SYSTEMS_ENGINEERING
PUB_014380,COMPUTER_VISION_AND_PATTERN_RECOGNITION
PUB_014381,ASTRONOMY_AND_ASTROPHYSICS
PUB_014382,CONTROL_AND_SYSTEMS_ENGINEERING
PUB_014383,MEDIA_TECHNOLOGY
PUB_014384,BIOMEDICAL_ENGINEERING
PUB_014385,ELECTRONIC_OPTICAL_AND_MAGNETIC_MATERIALS
PUB_014386,BIOMEDICAL_ENGINEERING
PUB_014387,MATERIALS_CHEMISTRY
PUB_014388,ELECTRONIC_OPTICAL_AND_MAGNETIC_MATERIALS
PUB_014389,ASTRONOMY_AND_ASTROPHYSICS
PUB_014390,ELECTRONIC_OPTICAL_AND_MAGNETIC_MATERIALS
PUB_014391,ATOMIC_AND_MOLECULAR_PHYSICS_AND_OPTICS
PUB_014392,ATOMIC_AND_MOLECULAR_PHYSICS_AND_OPTICS
PUB_014393,CONTROL_AND_SYSTEMS_ENGINEERING
PUB_014394,STATISTICAL_AND_NONLINEAR_PHYSICS
PUB_014395,MATERIALS_CHEMISTRY
PUB_014396,ELECTRICAL_AND_ELECTRONIC_ENGINEERING
PUB_014397,BIOMEDICAL_ENGINEERING
PUB_014398,ELECTRONIC_OPTICAL_AND_MAGNETIC_MATERIALS
PUB_014399,ASTRONOMY_AND_ASTROPHYSICS
PUB_014400,ELECTRICAL_AND_ELECTRONIC_ENGINEERING
PUB_014401,ELECTRICAL_AND_ELECTRONIC_ENGINEERING
PUB_014402,AEROSPACE_ENGINEERING
PUB_014403,MECHANICAL_ENGINEERING
PUB_014404,ATOMIC_AND_MOLECULAR_PHYSICS_AND_OPTICS
PUB_014405,AEROSPACE_ENGINEERING
PUB_014406,MECHANICAL_ENGINEERING
PUB_014407,ELECTRICAL_AND_ELECTRONIC_ENGINEERING
PUB_014408,ELECTRICAL_AND_ELECTRONIC_ENGINEERING
PUB_014409,BUILDING_AND_CONSTRUCTION
PUB_014410,MATERIALS_CHEMISTRY
PUB_014411,CIVIL_AND_STRUCTURAL_ENGINEERING
PUB_014412,MECHANICS_OF_MATERIALS
PUB_014413,MECHANICAL_ENGINEERING
PUB_014414,COMPUTER_NETWORKS_AND_COMMUNICATIONS
PUB_014415,MATERIALS_CHEMISTRY
PUB_014416,MATERIALS_CHEMISTRY
PUB_014417,MECHANICAL_ENGINEERING
PUB_014418,SURFACES_COATINGS_AND_FILMS
PUB_014419,MATHEMATICAL_PHYSICS
PUB_014420,COMPUTER_NETWORKS_AND_COMMUNICATIONS
PUB_014421,MECHANICAL_ENGINEERING
PUB_014422,MECHANICAL_ENGINEERING
PUB_014423,ELECTRICAL_AND_ELECTRONIC_ENGINEERING
PUB_014424,ELECTRONIC_OPTICAL_AND_MAGNETIC_MATERIALS
PUB_014425,APPLIED_MATHEMATICS
PUB_014426,NUMERICAL_ANALYSIS
PUB_014427,BIOMATERIALS
PUB_014428,GEOMETRY_AND_TOPOLOGY
PUB_014429,ELECTRICAL_AND_ELECTRONIC_ENGINEERING
PUB_014430,MATERIALS_CHEMISTRY
PUB_014431,ATOMIC_AND_MOLECULAR_PHYSICS_AND_OPTICS
PUB_014432,APPLIED_MATHEMATICS
PUB_014433,ASTRONOMY_AND_ASTROPHYSICS
PUB_014434,MECHANICAL_ENGINEERING
PUB_014435,MECHANICAL_ENGINEERING
PUB_014436,BUILDING_AND_CONSTRUCTION
PUB_014437,CIVIL_AND_STRUCTURAL_ENGINEERING
PUB_014438,DISCRETE_MATHEMATICS_AND_COMBINATORICS
PUB_014439,ALGEBRA_AND_NUMBER_THEORY
PUB_014440,COMPUTER_NETWORKS_AND_COMMUNICATIONS
PUB_014441,MATHEMATICAL_PHYSICS
PUB_014442,ARTIFICIAL_INTELLIGENCE
PUB_014443,ELECTRICAL_AND_ELECTRONIC_ENGINEERING
PUB_014444,COMPUTER_VISION_AND_PATTERN_RECOGNITION
PUB_014445,ATOMIC_AND_MOLECULAR_PHYSICS_AND_OPTICS
PUB_014446,COMPUTATIONAL_THEORY_AND_MATHEMATICS
PUB_014447,CONTROL_AND_SYSTEMS_ENGINEERING
PUB_014448,ELECTRICAL_AND_ELECTRONIC_ENGINEERING
PUB_014449,MATERIALS_CHEMISTRY
PUB_014450,COMPUTATIONAL_MECHANICS
PUB_014451,MATHEMATICAL_PHYSICS
PUB_014452,MATERIALS_CHEMISTRY
PUB_014453,COMPUTATIONAL_MECHANICS
PUB_014454,COMPUTER_VISION_AND_PATTERN_RECOGNITION
PUB_014455,ELECTRICAL_AND_ELECTRONIC_ENGINEERING
PUB_014456,ASTRONOMY_AND_ASTROPHYSICS
PUB_014457,ATOMIC_AND_MOLECULAR_PHYSICS_AND_OPTICS
PUB_014458,BIOMEDICAL_ENGINEERING
PUB_014459,COMPUTER_NETWORKS_AND_COMMUNICATIONS
PUB_014460,ELECTRICAL_AND_ELECTRONIC_ENGINEERING
PUB_014461,MECHANICAL_ENGINEERING
PUB_014462,CONDENSED_MATTER_PHYSICS
PUB_014463,MATERIALS_CHEMISTRY
PUB_014464,BIOMEDICAL_ENGINEERING
PUB_014465,COMPUTATIONAL_MECHANICS
PUB_014466,AUTOMOTIVE_ENGINEERING
PUB_014467,COMPUTER_NETWORKS_AND_COMMUNICATIONS
PUB_014468,CIVIL_AND_STRUCTURAL_ENGINEERING
PUB_014469,ELECTRICAL_AND_ELECTRONIC_ENGINEERING
PUB_014470,ELECTRICAL_AND_ELECTRONIC_ENGINEERING
PUB_014471,BIOMEDICAL_ENGINEERING
PUB_014472,ELECTRICAL_AND_ELECTRONIC_ENGINEERING
PUB_014473,BIOMEDICAL_ENGINEERING
PUB_014474,MECHANICAL_ENGINEERING
PUB_014475,COMPUTER_GRAPHICS_AND_COMPUTERAIDED_DESIGN
PUB_014476,COMPUTER_NETWORKS_AND_COMMUNICATIONS
PUB_014477,CIVIL_AND_STRUCTURAL_ENGINEERING
PUB_014478,ELECTRICAL_AND_ELECTRONIC_ENGINEERING
PUB_014479,BIOMEDICAL_ENGINEERING
PUB_014480,MATERIALS_CHEMISTRY
PUB_014481,ELECTRICAL_AND_ELECTRONIC_ENGINEERING
PUB_014482,BUILDING_AND_CONSTRUCTION
PUB_014483,STATISTICAL_AND_NONLINEAR_PHYSICS
PUB_014484,CIVIL_AND_STRUCTURAL_ENGINEERING
PUB_014485,AEROSPACE_ENGINEERING
PUB_014486,AEROSPACE_ENGINEERING
PUB_014487,AEROSPACE_ENGINEERING
PUB_014488,MECHANICAL_ENGINEERING
PUB_014489,AEROSPACE_ENGINEERING
PUB_014490,ASTRONOMY_AND_ASTROPHYSICS
PUB_014491,COMPUTATIONAL_MECHANICS
PUB_014492,ELECTRONIC_OPTICAL_AND_MAGNETIC_MATERIALS
PUB_014493,POLYMERS_AND_PLASTICS
PUB_014494,SURFACES_COATINGS_AND_FILMS
PUB_014495,ATOMIC_AND_MOLECULAR_PHYSICS_AND_OPTICS
PUB_014496,CIVIL_AND_STRUCTURAL_ENGINEERING
PUB_014497,AEROSPACE_ENGINEERING
PUB_014498,MECHANICAL_ENGINEERING
PUB_014499,ELECTRICAL_AND_ELECTRONIC_ENGINEERING
PUB_014500,CIVIL_AND_STRUCTURAL_ENGINEERING
PUB_014501,ELECTRICAL_AND_ELECTRONIC_ENGINEERING
PUB_014502,MATERIALS_CHEMISTRY
PUB_014503,ELECTRICAL_AND_ELECTRONIC_ENGINEERING
PUB_014504,BIOMEDICAL_ENGINEERING
PUB_014505,ELECTRONIC_OPTICAL_AND_MAGNETIC_MATERIALS
PUB_014506,AEROSPACE_ENGINEERING
PUB_014507,ELECTRICAL_AND_ELECTRONIC_ENGINEERING
PUB_014508,APPLIED_MATHEMATICS
PUB_014509,COMPUTATIONAL_MECHANICS
PUB_014510,CONTROL_AND_SYSTEMS_ENGINEERING
PUB_014511,ELECTRICAL_AND_ELECTRONIC_ENGINEERING
PUB_014512,ELECTRICAL_AND_ELECTRONIC_ENGINEERING
PUB_014513,ELECTRICAL_AND_ELECTRONIC_ENGINEERING
PUB_014514,ELECTRICAL_AND_ELECTRONIC_ENGINEERING
PUB_014515,ATOMIC_AND_MOLECULAR_PHYSICS_AND_OPTICS
PUB_014516,ELECTRICAL_AND_ELECTRONIC_ENGINEERING
PUB_014517,ELECTRICAL_AND_ELECTRONIC_ENGINEERING
PUB_014518,ELECTRICAL_AND_ELECTRONIC_ENGINEERING
PUB_014519,CONTROL_AND_SYSTEMS_ENGINEERING
PUB_014520,CONTROL_AND_SYSTEMS_ENGINEERING
PUB_014521,ELECTRICAL_AND_ELECTRONIC_ENGINEERING
PUB_014522,ELECTRICAL_AND_ELECTRONIC_ENGINEERING
PUB_014523,CONTROL_AND_SYSTEMS_ENGINEERING
PUB_014524,ELECTRICAL_AND_ELECTRONIC_ENGINEERING
PUB_014525,ATOMIC_AND_MOLECULAR_PHYSICS_AND_OPTICS
PUB_014526,INDUSTRIAL_AND_MANUFACTURING_ENGINEERING
PUB_014527,ELECTRICAL_AND_ELECTRONIC_ENGINEERING
PUB_014528,ELECTRICAL_AND_ELECTRONIC_ENGINEERING
PUB_014529,ELECTRICAL_AND_ELECTRONIC_ENGINEERING
PUB_014530,ARTIFICIAL_INTELLIGENCE
PUB_014531,BIOMEDICAL_ENGINEERING
PUB_014532,OCEAN_ENGINEERING
PUB_014533,OCEAN_ENGINEERING
PUB_014534,COMPUTER_VISION_AND_PATTERN_RECOGNITION
PUB_014535,COMPUTER_VISION_AND_PATTERN_RECOGNITION
PUB_014536,ELECTRICAL_AND_ELECTRONIC_ENGINEERING
PUB_014537,ARTIFICIAL_INTELLIGENCE
PUB_014538,BIOMATERIALS
PUB_014539,COMPUTATIONAL_MECHANICS
PUB_014540,MECHANICAL_ENGINEERING
PUB_014541,COMPUTATIONAL_MECHANICS
PUB_014542,COMPUTATIONAL_MECHANICS
PUB_014543,MECHANICAL_ENGINEERING
PUB_014544,MECHANICAL_ENGINEERING
PUB_014545,AEROSPACE_ENGINEERING
PUB_014546,MECHANICAL_ENGINEERING
PUB_014547,MECHANICAL_ENGINEERING
PUB_014548,MECHANICAL_ENGINEERING
PUB_014549,COMPUTER_VISION_AND_PATTERN_RECOGNITION
PUB_014550,BIOMEDICAL_ENGINEERING
PUB_014551,MATERIALS_CHEMISTRY
PUB_014552,ATOMIC_AND_MOLECULAR_PHYSICS_AND_OPTICS
PUB_014553,CIVIL_AND_STRUCTURAL_ENGINEERING
PUB_014554,ASTRONOMY_AND_ASTROPHYSICS
PUB_014555,MATERIALS_CHEMISTRY
PUB_014556,OCEAN_ENGINEERING
PUB_014557,GEOMETRY_AND_TOPOLOGY
PUB_014558,MEDIA_TECHNOLOGY
PUB_014559,AEROSPACE_ENGINEERING
PUB_014560,ARTIFICIAL_INTELLIGENCE
PUB_014561,COMPUTER_VISION_AND_PATTERN_RECOGNITION
PUB_014562,ARTIFICIAL_INTELLIGENCE
PUB_014563,MATERIALS_CHEMISTRY
PUB_014564,ELECTRONIC_OPTICAL_AND_MAGNETIC_MATERIALS
PUB_014565,MATERIALS_CHEMISTRY
PUB_014566,ARTIFICIAL_INTELLIGENCE
PUB_014567,GEOMETRY_AND_TOPOLOGY
PUB_014568,INFORMATION_SYSTEMS
PUB_014569,ARTIFICIAL_INTELLIGENCE
PUB_014570,ELECTRICAL_AND_ELECTRONIC_ENGINEERING
PUB_014571,MECHANICAL_ENGINEERING
PUB_014572,COMPUTATIONAL_MECHANICS
PUB_014573,ELECTRICAL_AND_ELECTRONIC_ENGINEERING
PUB_014574,CONTROL_AND_SYSTEMS_ENGINEERING
PUB_014575,ELECTRICAL_AND_ELECTRONIC_ENGINEERING
PUB_014576,ATOMIC_AND_MOLECULAR_PHYSICS_AND_OPTICS
PUB_014577,ELECTRICAL_AND_ELECTRONIC_ENGINEERING
PUB_014578,COMPUTATIONAL_MECHANICS
PUB_014579,SIGNAL_PROCESSING
PUB_014580,COMPUTATIONAL_THEORY_AND_MATHEMATICS
PUB_014581,BIOMEDICAL_ENGINEERING
PUB_014582,COMPUTER_NETWORKS_AND_COMMUNICATIONS
PUB_014583,ARTIFICIAL_INTELLIGENCE
PUB_014584,ELECTRICAL_AND_ELECTRONIC_ENGINEERING
PUB_014585,ELECTRONIC_OPTICAL_AND_MAGNETIC_MATERIALS
PUB_014586,ELECTRICAL_AND_ELECTRONIC_ENGINEERING
PUB_014587,ACOUSTICS_AND_ULTRASONICS
PUB_014588,MATERIALS_CHEMISTRY
PUB_014589,BIOMEDICAL_ENGINEERING
PUB_014590,COMPUTATIONAL_MECHANICS
PUB_014591,ATOMIC_AND_MOLECULAR_PHYSICS_AND_OPTICS
PUB_014592,BIOMEDICAL_ENGINEERING
PUB_014593,HARDWARE_AND_ARCHITECTURE
PUB_014594,BIOMEDICAL_ENGINEERING
PUB_014595,CIVIL_AND_STRUCTURAL_ENGINEERING
PUB_014596,ELECTRICAL_AND_ELECTRONIC_ENGINEERING
PUB_014597,MECHANICAL_ENGINEERING
PUB_014598,STATISTICAL_AND_NONLINEAR_PHYSICS
PUB_014599,ELECTRICAL_AND_ELECTRONIC_ENGINEERING
PUB_014600,CIVIL_AND_STRUCTURAL_ENGINEERING
PUB_014601,ELECTRONIC_OPTICAL_AND_MAGNETIC_MATERIALS
PUB_014602,ELECTRICAL_AND_ELECTRONIC_ENGINEERING
PUB_014603,MECHANICS_OF_MATERIALS
PUB_014604,CIVIL_AND_STRUCTURAL_ENGINEERING
PUB_014605,CONTROL_AND_SYSTEMS_ENGINEERING
PUB_014606,ELECTRONIC_OPTICAL_AND_MAGNETIC_MATERIALS
PUB_014607,POLYMERS_AND_PLASTICS
PUB_014608,ARTIFICIAL_INTELLIGENCE
PUB_014609,MECHANICAL_ENGINEERING
PUB_014610,ARTIFICIAL_INTELLIGENCE
PUB_014611,CONDENSED_MATTER_PHYSICS
PUB_014612,ASTRONOMY_AND_ASTROPHYSICS
PUB_014613,ARTIFICIAL_INTELLIGENCE
PUB_014614,INDUSTRIAL_AND_MANUFACTURING_ENGINEERING
PUB_014615,AUTOMOTIVE_ENGINEERING
PUB_014616,BIOMEDICAL_ENGINEERING
PUB_014617,CONTROL_AND_SYSTEMS_ENGINEERING
PUB_014618,AEROSPACE_ENGINEERING
PUB_014619,ELECTRICAL_AND_ELECTRONIC_ENGINEERING
PUB_014620,BIOMEDICAL_ENGINEERING
PUB_014621,CIVIL_AND_STRUCTURAL_ENGINEERING
PUB_014622,MECHANICAL_ENGINEERING
PUB_014623,MECHANICAL_ENGINEERING
PUB_014624,BIOMEDICAL_ENGINEERING
PUB_014625,CIVIL_AND_STRUCTURAL_ENGINEERING
PUB_014626,AUTOMOTIVE_ENGINEERING
PUB_014627,BUILDING_AND_CONSTRUCTION
PUB_014628,MATERIALS_CHEMISTRY
PUB_014629,ELECTRONIC_OPTICAL_AND_MAGNETIC_MATERIALS
PUB_014630,ELECTRONIC_OPTICAL_AND_MAGNETIC_MATERIALS
PUB_014631,ELECTRONIC_OPTICAL_AND_MAGNETIC_MATERIALS
PUB_014632,ELECTRONIC_OPTICAL_AND_MAGNETIC_MATERIALS
PUB_014633,ELECTRONIC_OPTICAL_AND_MAGNETIC_MATERIALS
PUB_014634,ELECTRONIC_OPTICAL_AND_MAGNETIC_MATERIALS
PUB_014635,ELECTRONIC_OPTICAL_AND_MAGNETIC_MATERIALS
PUB_014636,AUTOMOTIVE_ENGINEERING
PUB_014637,COMPUTATIONAL_MECHANICS
PUB_014638,ELECTRICAL_AND_ELECTRONIC_ENGINEERING
PUB_014639,ARTIFICIAL_INTELLIGENCE
PUB_014640,ASTRONOMY_AND_ASTROPHYSICS
PUB_014641,ELECTRICAL_AND_ELECTRONIC_ENGINEERING
PUB_014642,COMPUTATIONAL_MECHANICS
PUB_014643,AEROSPACE_ENGINEERING
PUB_014644,INSTRUMENTATION
PUB_014645,ELECTRICAL_AND_ELECTRONIC_ENGINEERING
PUB_014646,AEROSPACE_ENGINEERING
PUB_014647,AEROSPACE_ENGINEERING
PUB_014648,COMPUTER_NETWORKS_AND_COMMUNICATIONS
PUB_014649,COMPUTER_NETWORKS_AND_COMMUNICATIONS
PUB_014650,BIOMEDICAL_ENGINEERING
PUB_014651,ASTRONOMY_AND_ASTROPHYSICS
PUB_014652,ASTRONOMY_AND_ASTROPHYSICS
PUB_014653,ASTRONOMY_AND_ASTROPHYSICS
PUB_014654,ATOMIC_AND_MOLECULAR_PHYSICS_AND_OPTICS
PUB_014655,ASTRONOMY_AND_ASTROPHYSICS
PUB_014656,ASTRONOMY_AND_ASTROPHYSICS
PUB_014657,ARTIFICIAL_INTELLIGENCE
PUB_014658,ASTRONOMY_AND_ASTROPHYSICS
PUB_014659,INFORMATION_SYSTEMS
PUB_014660,AUTOMOTIVE_ENGINEERING
PUB_014661,AUTOMOTIVE_ENGINEERING
PUB_014662,MATERIALS_CHEMISTRY
PUB_014663,MECHANICAL_ENGINEERING
PUB_014664,BIOMEDICAL_ENGINEERING
PUB_014665,BUILDING_AND_CONSTRUCTION
PUB_014666,SURFACES_COATINGS_AND_FILMS
PUB_014667,ARTIFICIAL_INTELLIGENCE
PUB_014668,ATOMIC_AND_MOLECULAR_PHYSICS_AND_OPTICS
PUB_014669,MATERIALS_CHEMISTRY
PUB_014670,BIOMEDICAL_ENGINEERING
PUB_014671,APPLIED_MATHEMATICS
PUB_014672,ARTIFICIAL_INTELLIGENCE
PUB_014673,STATISTICAL_AND_NONLINEAR_PHYSICS
PUB_014674,ARTIFICIAL_INTELLIGENCE
PUB_014675,ARTIFICIAL_INTELLIGENCE
PUB_014676,COMPUTER_VISION_AND_PATTERN_RECOGNITION
PUB_014677,SOFTWARE
PUB_014678,ATOMIC_AND_MOLECULAR_PHYSICS_AND_OPTICS
PUB_014679,BIOMEDICAL_ENGINEERING
PUB_014680,AUTOMOTIVE_ENGINEERING
PUB_014681,MECHANICAL_ENGINEERING
PUB_014682,ATOMIC_AND_MOLECULAR_PHYSICS_AND_OPTICS
PUB_014683,ELECTRICAL_AND_ELECTRONIC_ENGINEERING
PUB_014684,ELECTRICAL_AND_ELECTRONIC_ENGINEERING
PUB_014685,MECHANICS_OF_MATERIALS
PUB_014686,MECHANICAL_ENGINEERING
PUB_014687,ARTIFICIAL_INTELLIGENCE
PUB_014688,ELECTRICAL_AND_ELECTRONIC_ENGINEERING
PUB_014689,COMPUTATIONAL_THEORY_AND_MATHEMATICS
PUB_014690,GEOMETRY_AND_TOPOLOGY
PUB_014691,ELECTRICAL_AND_ELECTRONIC_ENGINEERING
PUB_014692,MECHANICAL_ENGINEERING
PUB_014693,CONTROL_AND_SYSTEMS_ENGINEERING
PUB_014694,ELECTRONIC_OPTICAL_AND_MAGNETIC_MATERIALS
PUB_014695,STATISTICAL_AND_NONLINEAR_PHYSICS
PUB_014696,MECHANICAL_ENGINEERING
PUB_014697,APPLIED_MATHEMATICS
PUB_014698,AEROSPACE_ENGINEERING
PUB_014699,COMPUTER_NETWORKS_AND_COMMUNICATIONS
PUB_014700,MECHANICAL_ENGINEERING
PUB_014701,POLYMERS_AND_PLASTICS
PUB_014702,ARTIFICIAL_INTELLIGENCE
PUB_014703,ELECTRICAL_AND_ELECTRONIC_ENGINEERING
PUB_014704,ASTRONOMY_AND_ASTROPHYSICS
PUB_014705,COMPUTER_NETWORKS_AND_COMMUNICATIONS
PUB_014706,AEROSPACE_ENGINEERING
PUB_014707,DISCRETE_MATHEMATICS_AND_COMBINATORICS
PUB_014708,AUTOMOTIVE_ENGINEERING
PUB_014709,CONTROL_AND_SYSTEMS_ENGINEERING
PUB_014710,HUMANCOMPUTER_INTERACTION
PUB_014711,AEROSPACE_ENGINEERING
PUB_014712,ELECTRICAL_AND_ELECTRONIC_ENGINEERING
PUB_014713,AEROSPACE_ENGINEERING
PUB_014714,AEROSPACE_ENGINEERING
PUB_014715,BIOMEDICAL_ENGINEERING
PUB_014716,STATISTICS_AND_PROBABILITY
PUB_014717,BIOMEDICAL_ENGINEERING
PUB_014718,CIVIL_AND_STRUCTURAL_ENGINEERING
PUB_014719,ATOMIC_AND_MOLECULAR_PHYSICS_AND_OPTICS
PUB_014720,COMPUTER_NETWORKS_AND_COMMUNICATIONS
PUB_014721,GEOMETRY_AND_TOPOLOGY
PUB_014722,MATERIALS_CHEMISTRY
PUB_014723,MATERIALS_CHEMISTRY
PUB_014724,ELECTRICAL_AND_ELECTRONIC_ENGINEERING
PUB_014725,ELECTRICAL_AND_ELECTRONIC_ENGINEERING
PUB_014726,COMPUTER_VISION_AND_PATTERN_RECOGNITION
PUB_014727,ELECTRICAL_AND_ELECTRONIC_ENGINEERING
PUB_014728,BIOMATERIALS
PUB_014729,AUTOMOTIVE_ENGINEERING
PUB_014730,STATISTICAL_AND_NONLINEAR_PHYSICS
PUB_014731,CIVIL_AND_STRUCTURAL_ENGINEERING
PUB_014732,COMPUTER_NETWORKS_AND_COMMUNICATIONS
PUB_014733,BIOMEDICAL_ENGINEERING
PUB_014734,ARTIFICIAL_INTELLIGENCE
PUB_014735,MATERIALS_CHEMISTRY
PUB_014736,ELECTRONIC_OPTICAL_AND_MAGNETIC_MATERIALS
PUB_014737,CONDENSED_MATTER_PHYSICS
PUB_014738,ELECTRONIC_OPTICAL_AND_MAGNETIC_MATERIALS
PUB_014739,INDUSTRIAL_AND_MANUFACTURING_ENGINEERING
PUB_014740,ELECTRICAL_AND_ELECTRONIC_ENGINEERING
PUB_014741,ELECTRICAL_AND_ELECTRONIC_ENGINEERING
PUB_014742,ARTIFICIAL_INTELLIGENCE
PUB_014743,MATERIALS_CHEMISTRY
PUB_014744,AEROSPACE_ENGINEERING
PUB_014745,GEOMETRY_AND_TOPOLOGY
PUB_014746,ATOMIC_AND_MOLECULAR_PHYSICS_AND_OPTICS
PUB_014747,MATERIALS_CHEMISTRY
PUB_014748,METALS_AND_ALLOYS
PUB_014749,MECHANICAL_ENGINEERING
PUB_014750,ELECTRICAL_AND_ELECTRONIC_ENGINEERING
PUB_014751,MATERIALS_CHEMISTRY
PUB_014752,CONTROL_AND_SYSTEMS_ENGINEERING
PUB_014753,ELECTRICAL_AND_ELECTRONIC_ENGINEERING
PUB_014754,ARTIFICIAL_INTELLIGENCE
PUB_014755,ATOMIC_AND_MOLECULAR_PHYSICS_AND_OPTICS
PUB_014756,BIOMEDICAL_ENGINEERING
PUB_014757,CIVIL_AND_STRUCTURAL_ENGINEERING
PUB_014758,BIOMATERIALS
PUB_014759,MATERIALS_CHEMISTRY
PUB_014760,CIVIL_AND_STRUCTURAL_ENGINEERING
PUB_014761,ELECTRICAL_AND_ELECTRONIC_ENGINEERING
PUB_014762,CIVIL_AND_STRUCTURAL_ENGINEERING
PUB_014763,CIVIL_AND_STRUCTURAL_ENGINEERING
PUB_014764,ELECTRICAL_AND_ELECTRONIC_ENGINEERING
PUB_014765,BIOMEDICAL_ENGINEERING
PUB_014766,ELECTRONIC_OPTICAL_AND_MAGNETIC_MATERIALS
PUB_014767,COMPUTATIONAL_MECHANICS
PUB_014768,MECHANICAL_ENGINEERING
PUB_014769,COMPUTER_NETWORKS_AND_COMMUNICATIONS
PUB_014770,STATISTICAL_AND_NONLINEAR_PHYSICS
PUB_014771,COMPUTER_NETWORKS_AND_COMMUNICATIONS
PUB_014772,ELECTRICAL_AND_ELECTRONIC_ENGINEERING
PUB_014773,CONTROL_AND_SYSTEMS_ENGINEERING
PUB_014774,BIOMEDICAL_ENGINEERING
PUB_014775,ASTRONOMY_AND_ASTROPHYSICS
PUB_014776,COMPUTER_NETWORKS_AND_COMMUNICATIONS
PUB_014777,MECHANICAL_ENGINEERING
PUB_014778,INDUSTRIAL_AND_MANUFACTURING_ENGINEERING
PUB_014779,MECHANICAL_ENGINEERING
PUB_014780,INDUSTRIAL_AND_MANUFACTURING_ENGINEERING
PUB_014781,BIOMATERIALS
PUB_014782,COMPUTATIONAL_MECHANICS
PUB_014783,BIOMEDICAL_ENGINEERING
PUB_014784,BIOMEDICAL_ENGINEERING
PUB_014785,ARTIFICIAL_INTELLIGENCE
PUB_014786,AEROSPACE_ENGINEERING
PUB_014787,ELECTRICAL_AND_ELECTRONIC_ENGINEERING
PUB_014788,ELECTRICAL_AND_ELECTRONIC_ENGINEERING
PUB_014789,CONTROL_AND_SYSTEMS_ENGINEERING
PUB_014790,ATOMIC_AND_MOLECULAR_PHYSICS_AND_OPTICS
PUB_014791,ELECTRICAL_AND_ELECTRONIC_ENGINEERING
PUB_014792,ELECTRICAL_AND_ELECTRONIC_ENGINEERING
PUB_014793,COMPUTATIONAL_MECHANICS
PUB_014794,INFORMATION_SYSTEMS
PUB_014795,COMPUTATIONAL_THEORY_AND_MATHEMATICS
PUB_014796,COMPUTATIONAL_MECHANICS
PUB_014797,ELECTRONIC_OPTICAL_AND_MAGNETIC_MATERIALS
PUB_014798,GEOMETRY_AND_TOPOLOGY
PUB_014799,CONTROL_AND_SYSTEMS_ENGINEERING
PUB_014800,ARTIFICIAL_INTELLIGENCE
PUB_014801,MECHANICAL_ENGINEERING
PUB_014802,MEDIA_TECHNOLOGY
PUB_014803,ELECTRICAL_AND_ELECTRONIC_ENGINEERING
PUB_014804,ELECTRICAL_AND_ELECTRONIC_ENGINEERING
PUB_014805,COMPUTER_NETWORKS_AND_COMMUNICATIONS
PUB_014806,MATERIALS_CHEMISTRY
PUB_014807,ELECTRONIC_OPTICAL_AND_MAGNETIC_MATERIALS
PUB_014808,ARTIFICIAL_INTELLIGENCE
PUB_014809,MATERIALS_CHEMISTRY
PUB_014810,COMPUTATIONAL_MECHANICS
PUB_014811,COMPUTER_NETWORKS_AND_COMMUNICATIONS
PUB_014812,ELECTRICAL_AND_ELECTRONIC_ENGINEERING
PUB_014813,ELECTRICAL_AND_ELECTRONIC_ENGINEERING
PUB_014814,AEROSPACE_ENGINEERING
PUB_014815,AEROSPACE_ENGINEERING
PUB_014816,COMPUTER_VISION_AND_PATTERN_RECOGNITION
PUB_014817,COMPUTATIONAL_THEORY_AND_MATHEMATICS
PUB_014818,AEROSPACE_ENGINEERING
PUB_014819,AEROSPACE_ENGINEERING
PUB_014820,COMPUTER_VISION_AND_PATTERN_RECOGNITION
PUB_014821,ELECTRICAL_AND_ELECTRONIC_ENGINEERING
PUB_014822,ASTRONOMY_AND_ASTROPHYSICS
PUB_014823,MATERIALS_CHEMISTRY
PUB_014824,ARTIFICIAL_INTELLIGENCE
PUB_014825,ELECTRICAL_AND_ELECTRONIC_ENGINEERING
PUB_014826,MATERIALS_CHEMISTRY
PUB_014827,MATERIALS_CHEMISTRY
PUB_014828,MECHANICAL_ENGINEERING
PUB_014829,MATERIALS_CHEMISTRY
PUB_014830,BIOMEDICAL_ENGINEERING
PUB_014831,STATISTICAL_AND_NONLINEAR_PHYSICS
PUB_014832,BIOMATERIALS
PUB_014833,CIVIL_AND_STRUCTURAL_ENGINEERING
PUB_014834,ELECTRICAL_AND_ELECTRONIC_ENGINEERING
PUB_014835,COMPUTER_NETWORKS_AND_COMMUNICATIONS
PUB_014836,ELECTRICAL_AND_ELECTRONIC_ENGINEERING
PUB_014837,MECHANICAL_ENGINEERING
PUB_014838,INFORMATION_SYSTEMS
PUB_014839,ARCHITECTURE
PUB_014840,BUILDING_AND_CONSTRUCTION
PUB_014841,INDUSTRIAL_AND_MANUFACTURING_ENGINEERING
PUB_014842,ARTIFICIAL_INTELLIGENCE
PUB_014843,INFORMATION_SYSTEMS
PUB_014844,ARTIFICIAL_INTELLIGENCE
PUB_014845,AUTOMOTIVE_ENGINEERING
PUB_014846,ARCHITECTURE
PUB_014847,OCEAN_ENGINEERING
PUB_014848,MECHANICS_OF_MATERIALS
PUB_014849,BUILDING_AND_CONSTRUCTION
PUB_014850,INDUSTRIAL_AND_MANUFACTURING_ENGINEERING
PUB_014851,MECHANICAL_ENGINEERING
PUB_014852,ELECTRICAL_AND_ELECTRONIC_ENGINEERING
PUB_014853,MATERIALS_CHEMISTRY
PUB_014854,ATOMIC_AND_MOLECULAR_PHYSICS_AND_OPTICS
PUB_014855,MECHANICAL_ENGINEERING
PUB_014856,INFORMATION_SYSTEMS
PUB_014857,ARTIFICIAL_INTELLIGENCE
PUB_014858,BIOMEDICAL_ENGINEERING
PUB_014859,COMPUTER_NETWORKS_AND_COMMUNICATIONS
PUB_014860,COMPUTATIONAL_THEORY_AND_MATHEMATICS
PUB_014861,COMPUTER_VISION_AND_PATTERN_RECOGNITION
PUB_014862,COMPUTER_NETWORKS_AND_COMMUNICATIONS
PUB_014863,ELECTRONIC_OPTICAL_AND_MAGNETIC_MATERIALS
PUB_014864,ELECTRICAL_AND_ELECTRONIC_ENGINEERING
PUB_014865,GEOMETRY_AND_TOPOLOGY
PUB_014866,COMPUTER_GRAPHICS_AND_COMPUTERAIDED_DESIGN
PUB_014867,INFORMATION_SYSTEMS
PUB_014868,COMPUTATIONAL_MECHANICS
PUB_014869,POLYMERS_AND_PLASTICS
PUB_014870,ELECTRONIC_OPTICAL_AND_MAGNETIC_MATERIALS
PUB_014871,CONDENSED_MATTER_PHYSICS
PUB_014872,CONDENSED_MATTER_PHYSICS
PUB_014873,MECHANICAL_ENGINEERING
PUB_014874,ARTIFICIAL_INTELLIGENCE
PUB_014875,CONDENSED_MATTER_PHYSICS
PUB_014876,AEROSPACE_ENGINEERING
PUB_014877,COMPUTER_VISION_AND_PATTERN_RECOGNITION
PUB_014878,AEROSPACE_ENGINEERING
PUB_014879,ARTIFICIAL_INTELLIGENCE
PUB_014880,CONTROL_AND_SYSTEMS_ENGINEERING
PUB_014881,ATOMIC_AND_MOLECULAR_PHYSICS_AND_OPTICS
PUB_014882,BIOMEDICAL_ENGINEERING
PUB_014883,ELECTRICAL_AND_ELECTRONIC_ENGINEERING
PUB_014884,ELECTRICAL_AND_ELECTRONIC_ENGINEERING
PUB_014885,MATHEMATICAL_PHYSICS
PUB_014886,COMPUTER_GRAPHICS_AND_COMPUTERAIDED_DESIGN
PUB_014887,BIOMEDICAL_ENGINEERING
PUB_014888,APPLIED_MATHEMATICS
PUB_014889,COMPUTATIONAL_THEORY_AND_MATHEMATICS
PUB_014890,MECHANICAL_ENGINEERING
PUB_014891,CONTROL_AND_SYSTEMS_ENGINEERING
PUB_014892,CIVIL_AND_STRUCTURAL_ENGINEERING
PUB_014893,ATOMIC_AND_MOLECULAR_PHYSICS_AND_OPTICS
PUB_014894,ELECTRICAL_AND_ELECTRONIC_ENGINEERING
PUB_014895,BIOMATERIALS
PUB_014896,MATERIALS_CHEMISTRY
PUB_014897,ARTIFICIAL_INTELLIGENCE
PUB_014898,ARTIFICIAL_INTELLIGENCE
PUB_014899,BIOMATERIALS
PUB_014900,ASTRONOMY_AND_ASTROPHYSICS
PUB_014901,ATOMIC_AND_MOLECULAR_PHYSICS_AND_OPTICS
PUB_014902,COMPUTER_NETWORKS_AND_COMMUNICATIONS
PUB_014903,MEDIA_TECHNOLOGY
PUB_014904,MATERIALS_CHEMISTRY
PUB_014905,AEROSPACE_ENGINEERING
PUB_014906,BIOMEDICAL_ENGINEERING
PUB_014907,ELECTRICAL_AND_ELECTRONIC_ENGINEERING
PUB_014908,INDUSTRIAL_AND_MANUFACTURING_ENGINEERING
PUB_014909,ELECTRONIC_OPTICAL_AND_MAGNETIC_MATERIALS
PUB_014910,MATERIALS_CHEMISTRY
PUB_014911,MECHANICAL_ENGINEERING
PUB_014912,MECHANICAL_ENGINEERING
PUB_014913,COMPUTATIONAL_MECHANICS
PUB_014914,CONTROL_AND_SYSTEMS_ENGINEERING
PUB_014915,COMPUTER_NETWORKS_AND_COMMUNICATIONS
PUB_014916,ARTIFICIAL_INTELLIGENCE
PUB_014917,ARTIFICIAL_INTELLIGENCE
PUB_014918,CIVIL_AND_STRUCTURAL_ENGINEERING
PUB_014919,ELECTRONIC_OPTICAL_AND_MAGNETIC_MATERIALS
PUB_014920,ARTIFICIAL_INTELLIGENCE
PUB_014921,BIOMEDICAL_ENGINEERING
PUB_014922,MATERIALS_CHEMISTRY
PUB_014923,MATERIALS_CHEMISTRY
PUB_014924,MATERIALS_CHEMISTRY
PUB_014925,MATHEMATICAL_PHYSICS
PUB_014926,MATERIALS_CHEMISTRY
PUB_014927,APPLIED_MATHEMATICS
PUB_014928,ELECTRICAL_AND_ELECTRONIC_ENGINEERING
PUB_014929,ELECTRONIC_OPTICAL_AND_MAGNETIC_MATERIALS
PUB_014930,MATERIALS_CHEMISTRY
PUB_014931,MATERIALS_CHEMISTRY
PUB_014932,ELECTRICAL_AND_ELECTRONIC_ENGINEERING
PUB_014933,COMPUTATIONAL_MECHANICS
PUB_014934,ATOMIC_AND_MOLECULAR_PHYSICS_AND_OPTICS
PUB_014935,ELECTRICAL_AND_ELECTRONIC_ENGINEERING
PUB_014936,BIOMEDICAL_ENGINEERING
PUB_014937,ELECTRICAL_AND_ELECTRONIC_ENGINEERING
PUB_014938,ARTIFICIAL_INTELLIGENCE
PUB_014939,ELECTRICAL_AND_ELECTRONIC_ENGINEERING
PUB_014940,ELECTRICAL_AND_ELECTRONIC_ENGINEERING
PUB_014941,ELECTRICAL_AND_ELECTRONIC_ENGINEERING
PUB_014942,ELECTRICAL_AND_ELECTRONIC_ENGINEERING
PUB_014943,COMPUTER_VISION_AND_PATTERN_RECOGNITION
PUB_014944,MATERIALS_CHEMISTRY
PUB_014945,MATERIALS_CHEMISTRY
PUB_014946,BUILDING_AND_CONSTRUCTION
PUB_014947,INDUSTRIAL_AND_MANUFACTURING_ENGINEERING
PUB_014948,AEROSPACE_ENGINEERING
PUB_014949,MECHANICAL_ENGINEERING
PUB_014950,COMPUTATIONAL_THEORY_AND_MATHEMATICS
PUB_014951,COMPUTER_VISION_AND_PATTERN_RECOGNITION
PUB_014952,ATOMIC_AND_MOLECULAR_PHYSICS_AND_OPTICS
PUB_014953,SAFETY_RISK_RELIABILITY_AND_QUALITY
PUB_014954,AEROSPACE_ENGINEERING
PUB_014955,AEROSPACE_ENGINEERING
PUB_014956,AEROSPACE_ENGINEERING
PUB_014957,MATHEMATICAL_PHYSICS
PUB_014958,CONDENSED_MATTER_PHYSICS
PUB_014959,ASTRONOMY_AND_ASTROPHYSICS
PUB_014960,MATERIALS_CHEMISTRY
PUB_014961,CIVIL_AND_STRUCTURAL_ENGINEERING
PUB_014962,MECHANICAL_ENGINEERING
PUB_014963,COMPUTER_VISION_AND_PATTERN_RECOGNITION
PUB_014964,MATERIALS_CHEMISTRY
PUB_014965,ELECTRICAL_AND_ELECTRONIC_ENGINEERING
PUB_014966,ELECTRICAL_AND_ELECTRONIC_ENGINEERING
PUB_014967,ELECTRICAL_AND_ELECTRONIC_ENGINEERING
PUB_014968,AUTOMOTIVE_ENGINEERING
PUB_014969,MATERIALS_CHEMISTRY
PUB_014970,BUILDING_AND_CONSTRUCTION
PUB_014971,ELECTRICAL_AND_ELECTRONIC_ENGINEERING
PUB_014972,MECHANICAL_ENGINEERING
PUB_014973,ELECTRICAL_AND_ELECTRONIC_ENGINEERING
PUB_014974,ELECTRICAL_AND_ELECTRONIC_ENGINEERING
PUB_014975,AUTOMOTIVE_ENGINEERING
PUB_014976,AUTOMOTIVE_ENGINEERING
PUB_014977,ELECTRICAL_AND_ELECTRONIC_ENGINEERING
PUB_014978,ELECTRICAL_AND_ELECTRONIC_ENGINEERING
PUB_014979,ELECTRICAL_AND_ELECTRONIC_ENGINEERING
PUB_014980,MECHANICAL_ENGINEERING
PUB_014981,ASTRONOMY_AND_ASTROPHYSICS
PUB_014982,AUTOMOTIVE_ENGINEERING
PUB_014983,ELECTRONIC_OPTICAL_AND_MAGNETIC_MATERIALS
PUB_014984,MATERIALS_CHEMISTRY
PUB_014985,ELECTRICAL_AND_ELECTRONIC_ENGINEERING
PUB_014986,POLYMERS_AND_PLASTICS
PUB_014987,BIOMATERIALS
PUB_014988,ASTRONOMY_AND_ASTROPHYSICS
PUB_014989,AEROSPACE_ENGINEERING
PUB_014990,AEROSPACE_ENGINEERING
PUB_014991,ELECTRONIC_OPTICAL_AND_MAGNETIC_MATERIALS
PUB_014992,AEROSPACE_ENGINEERING
PUB_014993,MODELING_AND_SIMULATION
PUB_014994,MATERIALS_CHEMISTRY
PUB_014995,MATHEMATICAL_PHYSICS
PUB_014996,MECHANICAL_ENGINEERING
PUB_014997,ATOMIC_AND_MOLECULAR_PHYSICS_AND_OPTICS
PUB_014998,STATISTICAL_AND_NONLINEAR_PHYSICS
PUB_014999,BIOMEDICAL_ENGINEERING
PUB_015000,ELECTRONIC_OPTICAL_AND_MAGNETIC_MATERIALS
PUB_015001,COMPUTATIONAL_THEORY_AND_MATHEMATICS
PUB_015002,ATOMIC_AND_MOLECULAR_PHYSICS_AND_OPTICS
PUB_015003,ATOMIC_AND_MOLECULAR_PHYSICS_AND_OPTICS
PUB_015004,MATERIALS_CHEMISTRY
PUB_015005,MECHANICAL_ENGINEERING
PUB_015006,APPLIED_MATHEMATICS
PUB_015007,ELECTRICAL_AND_ELECTRONIC_ENGINEERING
PUB_015008,ELECTRICAL_AND_ELECTRONIC_ENGINEERING
PUB_015009,ARTIFICIAL_INTELLIGENCE
PUB_015010,BUILDING_AND_CONSTRUCTION
PUB_015011,ARTIFICIAL_INTELLIGENCE
PUB_015012,ARTIFICIAL_INTELLIGENCE
PUB_015013,MECHANICS_OF_MATERIALS
PUB_015014,ATOMIC_AND_MOLECULAR_PHYSICS_AND_OPTICS
PUB_015015,AEROSPACE_ENGINEERING
PUB_015016,DISCRETE_MATHEMATICS_AND_COMBINATORICS
PUB_015017,COMPUTATIONAL_MECHANICS
PUB_015018,MATERIALS_CHEMISTRY
PUB_015019,ELECTRICAL_AND_ELECTRONIC_ENGINEERING
PUB_015020,ELECTRICAL_AND_ELECTRONIC_ENGINEERING
PUB_015021,BIOMEDICAL_ENGINEERING
PUB_015022,CONTROL_AND_SYSTEMS_ENGINEERING
PUB_015023,ELECTRICAL_AND_ELECTRONIC_ENGINEERING
PUB_015024,ELECTRICAL_AND_ELECTRONIC_ENGINEERING
PUB_015025,ELECTRICAL_AND_ELECTRONIC_ENGINEERING
PUB_015026,ELECTRONIC_OPTICAL_AND_MAGNETIC_MATERIALS
PUB_015027,MATERIALS_CHEMISTRY
PUB_015028,MATERIALS_CHEMISTRY
PUB_015029,BIOMEDICAL_ENGINEERING
PUB_015030,ASTRONOMY_AND_ASTROPHYSICS
PUB_015031,ELECTRICAL_AND_ELECTRONIC_ENGINEERING
PUB_015032,ELECTRONIC_OPTICAL_AND_MAGNETIC_MATERIALS
PUB_015033,POLYMERS_AND_PLASTICS
PUB_015034,INDUSTRIAL_AND_MANUFACTURING_ENGINEERING
PUB_015035,COMPUTATIONAL_THEORY_AND_MATHEMATICS
PUB_015036,AEROSPACE_ENGINEERING
PUB_015037,HUMANCOMPUTER_INTERACTION
PUB_015038,INDUSTRIAL_AND_MANUFACTURING_ENGINEERING
PUB_015039,MODELING_AND_SIMULATION
PUB_015040,OCEAN_ENGINEERING
PUB_015041,COMPUTATIONAL_MECHANICS
PUB_015042,ELECTRICAL_AND_ELECTRONIC_ENGINEERING
PUB_015043,ELECTRICAL_AND_ELECTRONIC_ENGINEERING
PUB_015044,MATERIALS_CHEMISTRY
PUB_015045,ELECTRONIC_OPTICAL_AND_MAGNETIC_MATERIALS
PUB_015046,APPLIED_MATHEMATICS
PUB_015047,POLYMERS_AND_PLASTICS
PUB_015048,COMPUTATIONAL_MECHANICS
PUB_015049,MATERIALS_CHEMISTRY
PUB_015050,COMPUTATIONAL_MECHANICS
PUB_015051,COMPUTATIONAL_MECHANICS
PUB_015052,CIVIL_AND_STRUCTURAL_ENGINEERING
PUB_015053,COMPUTATIONAL_MECHANICS
PUB_015054,CIVIL_AND_STRUCTURAL_ENGINEERING
PUB_015055,COMPUTATIONAL_THEORY_AND_MATHEMATICS
PUB_015056,COMPUTATIONAL_MECHANICS
PUB_015057,CIVIL_AND_STRUCTURAL_ENGINEERING
PUB_015058,CIVIL_AND_STRUCTURAL_ENGINEERING
PUB_015059,COMPUTATIONAL_MECHANICS
PUB_015060,MATERIALS_CHEMISTRY
PUB_015061,APPLIED_MATHEMATICS
PUB_015062,COMPUTER_NETWORKS_AND_COMMUNICATIONS
PUB_015063,MECHANICAL_ENGINEERING
PUB_015064,MECHANICAL_ENGINEERING
PUB_015065,CIVIL_AND_STRUCTURAL_ENGINEERING
PUB_015066,MECHANICAL_ENGINEERING
PUB_015067,MATERIALS_CHEMISTRY
PUB_015068,INDUSTRIAL_AND_MANUFACTURING_ENGINEERING
PUB_015069,MATERIALS_CHEMISTRY
PUB_015070,COMPUTATIONAL_THEORY_AND_MATHEMATICS
PUB_015071,MATERIALS_CHEMISTRY
PUB_015072,ELECTRICAL_AND_ELECTRONIC_ENGINEERING
PUB_015073,GEOMETRY_AND_TOPOLOGY
PUB_015074,CONTROL_AND_SYSTEMS_ENGINEERING
PUB_015075,COMPUTER_VISION_AND_PATTERN_RECOGNITION
PUB_015076,ELECTRICAL_AND_ELECTRONIC_ENGINEERING
PUB_015077,ARTIFICIAL_INTELLIGENCE
PUB_015078,ELECTRONIC_OPTICAL_AND_MAGNETIC_MATERIALS
PUB_015079,MATERIALS_CHEMISTRY
PUB_015080,ASTRONOMY_AND_ASTROPHYSICS
PUB_015081,ATOMIC_AND_MOLECULAR_PHYSICS_AND_OPTICS
PUB_015082,AEROSPACE_ENGINEERING
PUB_015083,ATOMIC_AND_MOLECULAR_PHYSICS_AND_OPTICS
PUB_015084,BIOMEDICAL_ENGINEERING
PUB_015085,ELECTRICAL_AND_ELECTRONIC_ENGINEERING
PUB_015086,ELECTRICAL_AND_ELECTRONIC_ENGINEERING
PUB_015087,ELECTRICAL_AND_ELECTRONIC_ENGINEERING
PUB_015088,MATERIALS_CHEMISTRY
PUB_015089,ELECTRICAL_AND_ELECTRONIC_ENGINEERING
PUB_015090,MECHANICAL_ENGINEERING
PUB_015091,STATISTICAL_AND_NONLINEAR_PHYSICS
PUB_015092,ELECTRICAL_AND_ELECTRONIC_ENGINEERING
PUB_015093,ELECTRICAL_AND_ELECTRONIC_ENGINEERING
PUB_015094,BIOMEDICAL_ENGINEERING
PUB_015095,THEORETICAL_COMPUTER_SCIENCE
PUB_015096,MATERIALS_CHEMISTRY
PUB_015097,SAFETY_RISK_RELIABILITY_AND_QUALITY
PUB_015098,COMPUTER_NETWORKS_AND_COMMUNICATIONS
PUB_015099,ELECTRICAL_AND_ELECTRONIC_ENGINEERING
PUB_015100,MATERIALS_CHEMISTRY
PUB_015101,BIOMEDICAL_ENGINEERING
PUB_015102,MATERIALS_CHEMISTRY
PUB_015103,MATERIALS_CHEMISTRY
PUB_015104,MATHEMATICAL_PHYSICS
PUB_015105,ATOMIC_AND_MOLECULAR_PHYSICS_AND_OPTICS
PUB_015106,ASTRONOMY_AND_ASTROPHYSICS
PUB_015107,ELECTRICAL_AND_ELECTRONIC_ENGINEERING
PUB_015108,ATOMIC_AND_MOLECULAR_PHYSICS_AND_OPTICS
PUB_015109,AEROSPACE_ENGINEERING
PUB_015110,ELECTRICAL_AND_ELECTRONIC_ENGINEERING
PUB_015111,COMPUTER_VISION_AND_PATTERN_RECOGNITION
PUB_015112,ELECTRICAL_AND_ELECTRONIC_ENGINEERING
PUB_015113,OCEAN_ENGINEERING
PUB_015114,MEDIA_TECHNOLOGY
PUB_015115,ELECTRONIC_OPTICAL_AND_MAGNETIC_MATERIALS
PUB_015116,BIOMEDICAL_ENGINEERING
PUB_015117,COMPUTATIONAL_MECHANICS
PUB_015118,ELECTRICAL_AND_ELECTRONIC_ENGINEERING
PUB_015119,COMPUTATIONAL_THEORY_AND_MATHEMATICS
PUB_015120,ELECTRONIC_OPTICAL_AND_MAGNETIC_MATERIALS
PUB_015121,MATERIALS_CHEMISTRY
PUB_015122,COMPUTER_VISION_AND_PATTERN_RECOGNITION
PUB_015123,MATERIALS_CHEMISTRY
PUB_015124,CONTROL_AND_SYSTEMS_ENGINEERING
PUB_015125,ELECTRICAL_AND_ELECTRONIC_ENGINEERING
PUB_015126,INDUSTRIAL_AND_MANUFACTURING_ENGINEERING
PUB_015127,MATERIALS_CHEMISTRY
PUB_015128,ARTIFICIAL_INTELLIGENCE
PUB_015129,STATISTICAL_AND_NONLINEAR_PHYSICS
PUB_015130,CIVIL_AND_STRUCTURAL_ENGINEERING
PUB_015131,ASTRONOMY_AND_ASTROPHYSICS
PUB_015132,ARTIFICIAL_INTELLIGENCE
PUB_015133,ELECTRICAL_AND_ELECTRONIC_ENGINEERING
PUB_015134,STATISTICS_AND_PROBABILITY
PUB_015135,MATERIALS_CHEMISTRY
PUB_015136,MECHANICS_OF_MATERIALS
PUB_015137,ELECTRICAL_AND_ELECTRONIC_ENGINEERING
PUB_015138,MECHANICAL_ENGINEERING
PUB_015139,SOFTWARE
PUB_015140,SIGNAL_PROCESSING
PUB_015141,ELECTRICAL_AND_ELECTRONIC_ENGINEERING
PUB_015142,CONTROL_AND_SYSTEMS_ENGINEERING
PUB_015143,CONTROL_AND_SYSTEMS_ENGINEERING
PUB_015144,GEOMETRY_AND_TOPOLOGY
PUB_015145,CONTROL_AND_SYSTEMS_ENGINEERING
PUB_015146,ARTIFICIAL_INTELLIGENCE
PUB_015147,ARTIFICIAL_INTELLIGENCE
PUB_015148,AEROSPACE_ENGINEERING
PUB_015149,COMPUTER_VISION_AND_PATTERN_RECOGNITION
PUB_015150,CONTROL_AND_SYSTEMS_ENGINEERING
PUB_015151,CONTROL_AND_SYSTEMS_ENGINEERING
PUB_015152,COMPUTER_NETWORKS_AND_COMMUNICATIONS
PUB_015153,ELECTRICAL_AND_ELECTRONIC_ENGINEERING
PUB_015154,ELECTRICAL_AND_ELECTRONIC_ENGINEERING
PUB_015155,CONTROL_AND_SYSTEMS_ENGINEERING
PUB_015156,ARTIFICIAL_INTELLIGENCE
PUB_015157,ARTIFICIAL_INTELLIGENCE
PUB_015158,ELECTRICAL_AND_ELECTRONIC_ENGINEERING
PUB_015159,ARTIFICIAL_INTELLIGENCE
PUB_015160,COMPUTER_VISION_AND_PATTERN_RECOGNITION
PUB_015161,COMPUTER_NETWORKS_AND_COMMUNICATIONS
PUB_015162,HARDWARE_AND_ARCHITECTURE
PUB_015163,ARTIFICIAL_INTELLIGENCE
PUB_015164,ELECTRICAL_AND_ELECTRONIC_ENGINEERING
PUB_015165,MATERIALS_CHEMISTRY
PUB_015166,ASTRONOMY_AND_ASTROPHYSICS
PUB_015167,MATERIALS_CHEMISTRY
PUB_015168,ELECTRICAL_AND_ELECTRONIC_ENGINEERING
PUB_015169,ELECTRONIC_OPTICAL_AND_MAGNETIC_MATERIALS
PUB_015170,ELECTRICAL_AND_ELECTRONIC_ENGINEERING
PUB_015171,MATERIALS_CHEMISTRY
PUB_015172,STATISTICAL_AND_NONLINEAR_PHYSICS
PUB_015173,ELECTRICAL_AND_ELECTRONIC_ENGINEERING
PUB_015174,ELECTRONIC_OPTICAL_AND_MAGNETIC_MATERIALS
PUB_015175,ELECTRICAL_AND_ELECTRONIC_ENGINEERING
PUB_015176,ELECTRICAL_AND_ELECTRONIC_ENGINEERING
PUB_015177,ELECTRICAL_AND_ELECTRONIC_ENGINEERING
PUB_015178,ELECTRICAL_AND_ELECTRONIC_ENGINEERING
PUB_015179,ELECTRICAL_AND_ELECTRONIC_ENGINEERING
PUB_015180,ELECTRICAL_AND_ELECTRONIC_ENGINEERING
PUB_015181,ELECTRICAL_AND_ELECTRONIC_ENGINEERING
PUB_015182,CONTROL_AND_SYSTEMS_ENGINEERING
PUB_015183,ELECTRICAL_AND_ELECTRONIC_ENGINEERING
PUB_015184,ELECTRICAL_AND_ELECTRONIC_ENGINEERING
PUB_015185,ELECTRICAL_AND_ELECTRONIC_ENGINEERING
PUB_015186,HARDWARE_AND_ARCHITECTURE
PUB_015187,ELECTRICAL_AND_ELECTRONIC_ENGINEERING
PUB_015188,ARTIFICIAL_INTELLIGENCE
PUB_015189,ARTIFICIAL_INTELLIGENCE
PUB_015190,ARTIFICIAL_INTELLIGENCE
PUB_015191,AEROSPACE_ENGINEERING
PUB_015192,ARTIFICIAL_INTELLIGENCE
PUB_015193,ELECTRONIC_OPTICAL_AND_MAGNETIC_MATERIALS
PUB_015194,ELECTRICAL_AND_ELECTRONIC_ENGINEERING
PUB_015195,AEROSPACE_ENGINEERING
PUB_015196,ELECTRICAL_AND_ELECTRONIC_ENGINEERING
PUB_015197,ELECTRICAL_AND_ELECTRONIC_ENGINEERING
PUB_015198,AEROSPACE_ENGINEERING
PUB_015199,ELECTRICAL_AND_ELECTRONIC_ENGINEERING
PUB_015200,ATOMIC_AND_MOLECULAR_PHYSICS_AND_OPTICS
PUB_015201,ELECTRICAL_AND_ELECTRONIC_ENGINEERING
PUB_015202,ELECTRICAL_AND_ELECTRONIC_ENGINEERING
PUB_015203,ATOMIC_AND_MOLECULAR_PHYSICS_AND_OPTICS
PUB_015204,CONTROL_AND_SYSTEMS_ENGINEERING
PUB_015205,ELECTRONIC_OPTICAL_AND_MAGNETIC_MATERIALS
PUB_015206,ATOMIC_AND_MOLECULAR_PHYSICS_AND_OPTICS
PUB_015207,AEROSPACE_ENGINEERING
PUB_015208,AEROSPACE_ENGINEERING
PUB_015209,AEROSPACE_ENGINEERING
PUB_015210,ELECTRICAL_AND_ELECTRONIC_ENGINEERING
PUB_015211,ELECTRICAL_AND_ELECTRONIC_ENGINEERING
PUB_015212,ELECTRONIC_OPTICAL_AND_MAGNETIC_MATERIALS
PUB_015213,AEROSPACE_ENGINEERING
PUB_015214,ELECTRICAL_AND_ELECTRONIC_ENGINEERING
PUB_015215,BIOMEDICAL_ENGINEERING
PUB_015216,COMPUTER_NETWORKS_AND_COMMUNICATIONS
PUB_015217,ELECTRICAL_AND_ELECTRONIC_ENGINEERING
PUB_015218,ARTIFICIAL_INTELLIGENCE
PUB_015219,COMPUTER_VISION_AND_PATTERN_RECOGNITION
PUB_015220,ARTIFICIAL_INTELLIGENCE
PUB_015221,MECHANICAL_ENGINEERING
PUB_015222,BUILDING_AND_CONSTRUCTION
PUB_015223,BIOMEDICAL_ENGINEERING
PUB_015224,ARTIFICIAL_INTELLIGENCE
PUB_015225,ARTIFICIAL_INTELLIGENCE
PUB_015226,ARTIFICIAL_INTELLIGENCE
PUB_015227,ELECTRICAL_AND_ELECTRONIC_ENGINEERING
PUB_015228,ELECTRONIC_OPTICAL_AND_MAGNETIC_MATERIALS
PUB_015229,ELECTRICAL_AND_ELECTRONIC_ENGINEERING
PUB_015230,ELECTRICAL_AND_ELECTRONIC_ENGINEERING
PUB_015231,ELECTRICAL_AND_ELECTRONIC_ENGINEERING
PUB_015232,ELECTRICAL_AND_ELECTRONIC_ENGINEERING
PUB_015233,ELECTRICAL_AND_ELECTRONIC_ENGINEERING
PUB_015234,ELECTRICAL_AND_ELECTRONIC_ENGINEERING
PUB_015235,ELECTRICAL_AND_ELECTRONIC_ENGINEERING
PUB_015236,COMPUTATIONAL_MECHANICS
PUB_015237,AEROSPACE_ENGINEERING
PUB_015238,ARTIFICIAL_INTELLIGENCE
PUB_015239,STATISTICAL_AND_NONLINEAR_PHYSICS
PUB_015240,HARDWARE_AND_ARCHITECTURE
PUB_015241,ELECTRICAL_AND_ELECTRONIC_ENGINEERING
PUB_015242,INFORMATION_SYSTEMS
PUB_015243,ARTIFICIAL_INTELLIGENCE
PUB_015244,ARTIFICIAL_INTELLIGENCE
PUB_015245,ELECTRICAL_AND_ELECTRONIC_ENGINEERING
PUB_015246,MECHANICS_OF_MATERIALS
PUB_015247,INFORMATION_SYSTEMS
PUB_015248,CONTROL_AND_SYSTEMS_ENGINEERING
PUB_015249,COMPUTER_VISION_AND_PATTERN_RECOGNITION
PUB_015250,ELECTRICAL_AND_ELECTRONIC_ENGINEERING
PUB_015251,HARDWARE_AND_ARCHITECTURE
PUB_015252,ARTIFICIAL_INTELLIGENCE
PUB_015253,HARDWARE_AND_ARCHITECTURE
PUB_015254,ELECTRICAL_AND_ELECTRONIC_ENGINEERING
PUB_015255,ARTIFICIAL_INTELLIGENCE
PUB_015256,CIVIL_AND_STRUCTURAL_ENGINEERING
PUB_015257,ELECTRICAL_AND_ELECTRONIC_ENGINEERING
PUB_015258,INFORMATION_SYSTEMS
PUB_015259,ARTIFICIAL_INTELLIGENCE
PUB_015260,CONTROL_AND_SYSTEMS_ENGINEERING
PUB_015261,ARTIFICIAL_INTELLIGENCE
PUB_015262,ELECTRICAL_AND_ELECTRONIC_ENGINEERING
PUB_015263,BIOMEDICAL_ENGINEERING
PUB_015264,INDUSTRIAL_AND_MANUFACTURING_ENGINEERING
PUB_015265,CONTROL_AND_SYSTEMS_ENGINEERING
PUB_015266,ARTIFICIAL_INTELLIGENCE
PUB_015267,BIOMEDICAL_ENGINEERING
PUB_015268,ELECTRICAL_AND_ELECTRONIC_ENGINEERING
PUB_015269,AUTOMOTIVE_ENGINEERING
PUB_015270,AUTOMOTIVE_ENGINEERING
PUB_015271,ELECTRICAL_AND_ELECTRONIC_ENGINEERING
PUB_015272,ELECTRICAL_AND_ELECTRONIC_ENGINEERING
PUB_015273,ELECTRICAL_AND_ELECTRONIC_ENGINEERING
PUB_015274,CONTROL_AND_SYSTEMS_ENGINEERING
PUB_015275,BIOMEDICAL_ENGINEERING
PUB_015276,BIOMEDICAL_ENGINEERING
PUB_015277,ARTIFICIAL_INTELLIGENCE
PUB_015278,ARTIFICIAL_INTELLIGENCE
PUB_015279,INFORMATION_SYSTEMS
PUB_015280,INFORMATION_SYSTEMS
PUB_015281,MATERIALS_CHEMISTRY
PUB_015282,BIOMEDICAL_ENGINEERING
PUB_015283,MECHANICS_OF_MATERIALS
PUB_015284,INFORMATION_SYSTEMS
PUB_015285,MATERIALS_CHEMISTRY
PUB_015286,ELECTRICAL_AND_ELECTRONIC_ENGINEERING
PUB_015287,STATISTICAL_AND_NONLINEAR_PHYSICS
PUB_015288,MATERIALS_CHEMISTRY
PUB_015289,INFORMATION_SYSTEMS
PUB_015290,BIOMEDICAL_ENGINEERING
PUB_015291,MEDIA_TECHNOLOGY
PUB_015292,COMPUTER_NETWORKS_AND_COMMUNICATIONS
PUB_015293,ELECTRICAL_AND_ELECTRONIC_ENGINEERING
PUB_015294,COMPUTER_NETWORKS_AND_COMMUNICATIONS
PUB_015295,AEROSPACE_ENGINEERING
PUB_015296,ELECTRICAL_AND_ELECTRONIC_ENGINEERING
PUB_015297,RENEWABLE_ENERGY_SUSTAINABILITY_AND_THE_ENVIRONMENT
PUB_015298,SAFETY_RISK_RELIABILITY_AND_QUALITY
PUB_015299,AEROSPACE_ENGINEERING
PUB_015300,BIOMEDICAL_ENGINEERING
PUB_015301,MECHANICS_OF_MATERIALS
PUB_015302,ELECTRICAL_AND_ELECTRONIC_ENGINEERING
PUB_015303,CONTROL_AND_SYSTEMS_ENGINEERING
PUB_015304,ARTIFICIAL_INTELLIGENCE
PUB_015305,SIGNAL_PROCESSING
PUB_015306,INFORMATION_SYSTEMS
PUB_015307,AEROSPACE_ENGINEERING
PUB_015308,COMPUTER_NETWORKS_AND_COMMUNICATIONS
PUB_015309,INFORMATION_SYSTEMS
PUB_015310,COMPUTER_VISION_AND_PATTERN_RECOGNITION
PUB_015311,COMPUTER_NETWORKS_AND_COMMUNICATIONS
PUB_015312,ELECTRICAL_AND_ELECTRONIC_ENGINEERING
PUB_015313,MECHANICAL_ENGINEERING
PUB_015314,ELECTRICAL_AND_ELECTRONIC_ENGINEERING
PUB_015315,SOFTWARE
PUB_015316,MATERIALS_CHEMISTRY
PUB_015317,BIOMEDICAL_ENGINEERING
PUB_015318,HARDWARE_AND_ARCHITECTURE
PUB_015319,ARTIFICIAL_INTELLIGENCE
PUB_015320,MEDIA_TECHNOLOGY
PUB_015321,RENEWABLE_ENERGY_SUSTAINABILITY_AND_THE_ENVIRONMENT
PUB_015322,ELECTRICAL_AND_ELECTRONIC_ENGINEERING
PUB_015323,ARTIFICIAL_INTELLIGENCE
PUB_015324,MECHANICS_OF_MATERIALS
PUB_015325,COMPUTER_NETWORKS_AND_COMMUNICATIONS
PUB_015326,MECHANICAL_ENGINEERING
PUB_015327,OCEAN_ENGINEERING
PUB_015328,HARDWARE_AND_ARCHITECTURE
PUB_015329,ARTIFICIAL_INTELLIGENCE
PUB_015330,MEDIA_TECHNOLOGY
PUB_015331,MATERIALS_CHEMISTRY
PUB_015332,MECHANICS_OF_MATERIALS
PUB_015333,MECHANICS_OF_MATERIALS
PUB_015334,ELECTRICAL_AND_ELECTRONIC_ENGINEERING
PUB_015335,COMPUTER_VISION_AND_PATTERN_RECOGNITION
PUB_015336,ARTIFICIAL_INTELLIGENCE
PUB_015337,COMPUTER_VISION_AND_PATTERN_RECOGNITION
PUB_015338,COMPUTER_VISION_AND_PATTERN_RECOGNITION
PUB_015339,ARTIFICIAL_INTELLIGENCE
PUB_015340,BIOMEDICAL_ENGINEERING
PUB_015341,INFORMATION_SYSTEMS
PUB_015342,INFORMATION_SYSTEMS
PUB_015343,COMPUTER_NETWORKS_AND_COMMUNICATIONS
PUB_015344,BUILDING_AND_CONSTRUCTION
PUB_015345,MECHANICAL_ENGINEERING
PUB_015346,BIOMEDICAL_ENGINEERING
PUB_015347,COMPUTER_VISION_AND_PATTERN_RECOGNITION
PUB_015348,MECHANICAL_ENGINEERING
PUB_015349,ELECTRICAL_AND_ELECTRONIC_ENGINEERING
PUB_015350,BUILDING_AND_CONSTRUCTION
PUB_015351,ELECTRICAL_AND_ELECTRONIC_ENGINEERING
PUB_015352,ELECTRICAL_AND_ELECTRONIC_ENGINEERING
PUB_015353,ASTRONOMY_AND_ASTROPHYSICS
PUB_015354,COMPUTER_NETWORKS_AND_COMMUNICATIONS
PUB_015355,ARTIFICIAL_INTELLIGENCE
PUB_015356,ARTIFICIAL_INTELLIGENCE
PUB_015357,COMPUTER_NETWORKS_AND_COMMUNICATIONS
PUB_015358,ELECTRICAL_AND_ELECTRONIC_ENGINEERING
PUB_015359,COMPUTER_VISION_AND_PATTERN_RECOGNITION
PUB_015360,ELECTRICAL_AND_ELECTRONIC_ENGINEERING
PUB_015361,ARTIFICIAL_INTELLIGENCE
PUB_015362,COMPUTER_VISION_AND_PATTERN_RECOGNITION
PUB_015363,HUMANCOMPUTER_INTERACTION
PUB_015364,MATERIALS_CHEMISTRY
PUB_015365,COMPUTER_VISION_AND_PATTERN_RECOGNITION
PUB_015366,ARTIFICIAL_INTELLIGENCE
PUB_015367,INFORMATION_SYSTEMS
PUB_015368,COMPUTER_NETWORKS_AND_COMMUNICATIONS
PUB_015369,MECHANICAL_ENGINEERING
PUB_015370,MECHANICAL_ENGINEERING
PUB_015371,ELECTRICAL_AND_ELECTRONIC_ENGINEERING
PUB_015372,COMPUTER_NETWORKS_AND_COMMUNICATIONS
PUB_015373,ARTIFICIAL_INTELLIGENCE
PUB_015374,MECHANICAL_ENGINEERING
PUB_015375,COMPUTER_NETWORKS_AND_COMMUNICATIONS
PUB_015376,ELECTRICAL_AND_ELECTRONIC_ENGINEERING
PUB_015377,COMPUTER_VISION_AND_PATTERN_RECOGNITION
PUB_015378,MATERIALS_CHEMISTRY
PUB_015379,COMPUTER_NETWORKS_AND_COMMUNICATIONS
PUB_015380,SOFTWARE
PUB_015381,MATERIALS_CHEMISTRY
PUB_015382,ELECTRICAL_AND_ELECTRONIC_ENGINEERING
PUB_015383,COMPUTER_GRAPHICS_AND_COMPUTERAIDED_DESIGN
PUB_015384,COMPUTER_VISION_AND_PATTERN_RECOGNITION
PUB_015385,ARTIFICIAL_INTELLIGENCE
PUB_015386,ELECTRICAL_AND_ELECTRONIC_ENGINEERING
PUB_015387,ARTIFICIAL_INTELLIGENCE
PUB_015388,COMPUTER_NETWORKS_AND_COMMUNICATIONS
PUB_015389,ELECTRICAL_AND_ELECTRONIC_ENGINEERING
PUB_015390,MEDIA_TECHNOLOGY
PUB_015391,ELECTRICAL_AND_ELECTRONIC_ENGINEERING
PUB_015392,ELECTRICAL_AND_ELECTRONIC_ENGINEERING
PUB_015393,ARTIFICIAL_INTELLIGENCE
PUB_015394,COMPUTER_NETWORKS_AND_COMMUNICATIONS
PUB_015395,COMPUTER_VISION_AND_PATTERN_RECOGNITION
PUB_015396,MECHANICS_OF_MATERIALS
PUB_015397,COMPUTATIONAL_MECHANICS
PUB_015398,OCEAN_ENGINEERING
PUB_015399,BUILDING_AND_CONSTRUCTION
PUB_015400,CONTROL_AND_SYSTEMS_ENGINEERING
PUB_015401,ELECTRICAL_AND_ELECTRONIC_ENGINEERING
PUB_015402,ELECTRICAL_AND_ELECTRONIC_ENGINEERING
PUB_015403,ELECTRICAL_AND_ELECTRONIC_ENGINEERING
PUB_015404,INFORMATION_SYSTEMS
PUB_015405,HARDWARE_AND_ARCHITECTURE
PUB_015406,STATISTICAL_AND_NONLINEAR_PHYSICS
PUB_015407,ARTIFICIAL_INTELLIGENCE
PUB_015408,MECHANICS_OF_MATERIALS
PUB_015409,COMPUTER_VISION_AND_PATTERN_RECOGNITION
PUB_015410,ELECTRICAL_AND_ELECTRONIC_ENGINEERING
PUB_015411,COMPUTER_VISION_AND_PATTERN_RECOGNITION
PUB_015412,MEDIA_TECHNOLOGY
PUB_015413,ELECTRICAL_AND_ELECTRONIC_ENGINEERING
PUB_015414,MEDIA_TECHNOLOGY
PUB_015415,COMPUTER_NETWORKS_AND_COMMUNICATIONS
PUB_015416,STATISTICAL_AND_NONLINEAR_PHYSICS
PUB_015417,INFORMATION_SYSTEMS
PUB_015418,ARTIFICIAL_INTELLIGENCE
PUB_015419,AEROSPACE_ENGINEERING
PUB_015420,ELECTRICAL_AND_ELECTRONIC_ENGINEERING
PUB_015421,COMPUTER_VISION_AND_PATTERN_RECOGNITION
PUB_015422,COMPUTATIONAL_THEORY_AND_MATHEMATICS
PUB_015423,ELECTRICAL_AND_ELECTRONIC_ENGINEERING
PUB_015424,ELECTRICAL_AND_ELECTRONIC_ENGINEERING
PUB_015425,COMPUTER_NETWORKS_AND_COMMUNICATIONS
PUB_015426,OCEAN_ENGINEERING
PUB_015427,ELECTRICAL_AND_ELECTRONIC_ENGINEERING
PUB_015428,COMPUTER_NETWORKS_AND_COMMUNICATIONS
PUB_015429,ARTIFICIAL_INTELLIGENCE
PUB_015430,COMPUTER_NETWORKS_AND_COMMUNICATIONS
PUB_015431,MECHANICAL_ENGINEERING
PUB_015432,INFORMATION_SYSTEMS
PUB_015433,ELECTRICAL_AND_ELECTRONIC_ENGINEERING
PUB_015434,INFORMATION_SYSTEMS
PUB_015435,MEDIA_TECHNOLOGY
PUB_015436,ARTIFICIAL_INTELLIGENCE
PUB_015437,ARTIFICIAL_INTELLIGENCE
PUB_015438,INFORMATION_SYSTEMS
PUB_015439,CIVIL_AND_STRUCTURAL_ENGINEERING
PUB_015440,INFORMATION_SYSTEMS
PUB_015441,BIOMEDICAL_ENGINEERING
PUB_015442,BIOMEDICAL_ENGINEERING
PUB_015443,MECHANICAL_ENGINEERING
PUB_015444,CONTROL_AND_SYSTEMS_ENGINEERING
PUB_015445,CONTROL_AND_SYSTEMS_ENGINEERING
PUB_015446,ASTRONOMY_AND_ASTROPHYSICS
PUB_015447,ASTRONOMY_AND_ASTROPHYSICS
PUB_015448,BIOMEDICAL_ENGINEERING
PUB_015449,BUILDING_AND_CONSTRUCTION
PUB_015450,MECHANICS_OF_MATERIALS
PUB_015451,CONTROL_AND_SYSTEMS_ENGINEERING
PUB_015452,MECHANICS_OF_MATERIALS
PUB_015453,MATERIALS_CHEMISTRY
PUB_015454,AUTOMOTIVE_ENGINEERING
PUB_015455,ELECTRICAL_AND_ELECTRONIC_ENGINEERING
PUB_015456,MEDIA_TECHNOLOGY
PUB_015457,MEDIA_TECHNOLOGY
PUB_015458,CONTROL_AND_SYSTEMS_ENGINEERING
PUB_015459,INFORMATION_SYSTEMS
PUB_015460,MEDIA_TECHNOLOGY
PUB_015461,MECHANICAL_ENGINEERING
PUB_015462,INFORMATION_SYSTEMS
PUB_015463,ELECTRONIC_OPTICAL_AND_MAGNETIC_MATERIALS
PUB_015464,COMPUTATIONAL_THEORY_AND_MATHEMATICS
PUB_015465,MECHANICAL_ENGINEERING
PUB_015466,INFORMATION_SYSTEMS
PUB_015467,AEROSPACE_ENGINEERING
PUB_015468,COMPUTER_NETWORKS_AND_COMMUNICATIONS
PUB_015469,COMPUTATIONAL_THEORY_AND_MATHEMATICS
PUB_015470,ELECTRICAL_AND_ELECTRONIC_ENGINEERING
PUB_015471,BIOMEDICAL_ENGINEERING
PUB_015472,COMPUTER_NETWORKS_AND_COMMUNICATIONS
PUB_015473,ELECTRICAL_AND_ELECTRONIC_ENGINEERING
PUB_015474,ELECTRICAL_AND_ELECTRONIC_ENGINEERING
PUB_015475,ELECTRICAL_AND_ELECTRONIC_ENGINEERING
PUB_015476,AEROSPACE_ENGINEERING
PUB_015477,COMPUTER_VISION_AND_PATTERN_RECOGNITION
PUB_015478,COMPUTER_NETWORKS_AND_COMMUNICATIONS
PUB_015479,OCEAN_ENGINEERING
PUB_015480,AEROSPACE_ENGINEERING
PUB_015481,INFORMATION_SYSTEMS
PUB_015482,ARTIFICIAL_INTELLIGENCE
PUB_015483,BIOMEDICAL_ENGINEERING
PUB_015484,ARTIFICIAL_INTELLIGENCE
PUB_015485,AEROSPACE_ENGINEERING
PUB_015486,INDUSTRIAL_AND_MANUFACTURING_ENGINEERING
PUB_015487,ELECTRICAL_AND_ELECTRONIC_ENGINEERING
PUB_015488,MATERIALS_CHEMISTRY
PUB_015489,BUILDING_AND_CONSTRUCTION
PUB_015490,COMPUTER_NETWORKS_AND_COMMUNICATIONS
PUB_015491,COMPUTER_VISION_AND_PATTERN_RECOGNITION
PUB_015492,AEROSPACE_ENGINEERING
PUB_015493,INFORMATION_SYSTEMS
PUB_015494,MATERIALS_CHEMISTRY
PUB_015495,ARTIFICIAL_INTELLIGENCE
PUB_015496,ARTIFICIAL_INTELLIGENCE
PUB_015497,BIOMEDICAL_ENGINEERING
PUB_015498,ELECTRICAL_AND_ELECTRONIC_ENGINEERING
PUB_015499,COMPUTER_NETWORKS_AND_COMMUNICATIONS
PUB_015500,ELECTRICAL_AND_ELECTRONIC_ENGINEERING
PUB_015501,INFORMATION_SYSTEMS
PUB_015502,MATERIALS_CHEMISTRY
PUB_015503,AEROSPACE_ENGINEERING
PUB_015504,CIVIL_AND_STRUCTURAL_ENGINEERING
PUB_015505,BIOMEDICAL_ENGINEERING
PUB_015506,MECHANICAL_ENGINEERING
PUB_015507,RENEWABLE_ENERGY_SUSTAINABILITY_AND_THE_ENVIRONMENT
PUB_015508,POLYMERS_AND_PLASTICS
PUB_015509,COMPUTER_VISION_AND_PATTERN_RECOGNITION
PUB_015510,MECHANICS_OF_MATERIALS
PUB_015511,ELECTRICAL_AND_ELECTRONIC_ENGINEERING
PUB_015512,INFORMATION_SYSTEMS
PUB_015513,HUMANCOMPUTER_INTERACTION
PUB_015514,POLYMERS_AND_PLASTICS
PUB_015515,HARDWARE_AND_ARCHITECTURE
PUB_015516,COMPUTER_NETWORKS_AND_COMMUNICATIONS
PUB_015517,ELECTRICAL_AND_ELECTRONIC_ENGINEERING
PUB_015518,COMPUTATIONAL_MECHANICS
PUB_015519,COMPUTER_VISION_AND_PATTERN_RECOGNITION
PUB_015520,ELECTRICAL_AND_ELECTRONIC_ENGINEERING
PUB_015521,ARTIFICIAL_INTELLIGENCE
PUB_015522,COMPUTER_NETWORKS_AND_COMMUNICATIONS
PUB_015523,CIVIL_AND_STRUCTURAL_ENGINEERING
PUB_015524,INFORMATION_SYSTEMS
PUB_015525,INFORMATION_SYSTEMS
PUB_015526,COMPUTER_NETWORKS_AND_COMMUNICATIONS
PUB_015527,BIOMEDICAL_ENGINEERING
PUB_015528,HUMANCOMPUTER_INTERACTION
PUB_015529,HUMANCOMPUTER_INTERACTION
PUB_015530,MATERIALS_CHEMISTRY
PUB_015531,MATERIALS_CHEMISTRY
PUB_015532,MECHANICAL_ENGINEERING
PUB_015533,AUTOMOTIVE_ENGINEERING
PUB_015534,ELECTRICAL_AND_ELECTRONIC_ENGINEERING
PUB_015535,ELECTRICAL_AND_ELECTRONIC_ENGINEERING
PUB_015536,HARDWARE_AND_ARCHITECTURE
PUB_015537,ELECTRICAL_AND_ELECTRONIC_ENGINEERING
PUB_015538,MECHANICAL_ENGINEERING
PUB_015539,ELECTRICAL_AND_ELECTRONIC_ENGINEERING
PUB_015540,BIOMEDICAL_ENGINEERING
PUB_015541,AEROSPACE_ENGINEERING
PUB_015542,SIGNAL_PROCESSING
PUB_015543,SOFTWARE
PUB_015544,COMPUTER_NETWORKS_AND_COMMUNICATIONS
PUB_015545,SOFTWARE
PUB_015546,AEROSPACE_ENGINEERING
PUB_015547,ELECTRICAL_AND_ELECTRONIC_ENGINEERING
PUB_015548,ELECTRICAL_AND_ELECTRONIC_ENGINEERING
PUB_015549,MECHANICS_OF_MATERIALS
PUB_015550,COMPUTER_NETWORKS_AND_COMMUNICATIONS
PUB_015551,BIOMEDICAL_ENGINEERING
PUB_015552,BIOMEDICAL_ENGINEERING
PUB_015553,COMPUTER_NETWORKS_AND_COMMUNICATIONS
PUB_015554,INFORMATION_SYSTEMS
PUB_015555,POLYMERS_AND_PLASTICS
PUB_015556,HARDWARE_AND_ARCHITECTURE
PUB_015557,COMPUTER_SCIENCE_APPLICATIONS
PUB_015558,INDUSTRIAL_AND_MANUFACTURING_ENGINEERING
PUB_015559,POLYMERS_AND_PLASTICS
PUB_015560,ELECTRICAL_AND_ELECTRONIC_ENGINEERING
PUB_015561,BIOMEDICAL_ENGINEERING
PUB_015562,HUMANCOMPUTER_INTERACTION
PUB_015563,MECHANICAL_ENGINEERING
PUB_015564,SIGNAL_PROCESSING
PUB_015565,INFORMATION_SYSTEMS
PUB_015566,MECHANICAL_ENGINEERING
PUB_015567,HUMANCOMPUTER_INTERACTION
PUB_015568,POLYMERS_AND_PLASTICS
PUB_015569,AEROSPACE_ENGINEERING
PUB_015570,COMPUTER_NETWORKS_AND_COMMUNICATIONS
PUB_015571,ARTIFICIAL_INTELLIGENCE
PUB_015572,ELECTRICAL_AND_ELECTRONIC_ENGINEERING
PUB_015573,CIVIL_AND_STRUCTURAL_ENGINEERING
PUB_015574,COMPUTER_NETWORKS_AND_COMMUNICATIONS
PUB_015575,INFORMATION_SYSTEMS
PUB_015576,ARTIFICIAL_INTELLIGENCE
PUB_015577,ELECTRICAL_AND_ELECTRONIC_ENGINEERING
PUB_015578,COMPUTER_VISION_AND_PATTERN_RECOGNITION
PUB_015579,HARDWARE_AND_ARCHITECTURE
PUB_015580,INFORMATION_SYSTEMS
PUB_015581,ARTIFICIAL_INTELLIGENCE
PUB_015582,MODELING_AND_SIMULATION
PUB_015583,ELECTRICAL_AND_ELECTRONIC_ENGINEERING
PUB_015584,INFORMATION_SYSTEMS
PUB_015585,INFORMATION_SYSTEMS
PUB_015586,COMPUTER_NETWORKS_AND_COMMUNICATIONS
PUB_015587,ARTIFICIAL_INTELLIGENCE
PUB_015588,COMPUTER_NETWORKS_AND_COMMUNICATIONS
PUB_015589,COMPUTER_NETWORKS_AND_COMMUNICATIONS
PUB_015590,MATERIALS_CHEMISTRY
PUB_015591,RENEWABLE_ENERGY_SUSTAINABILITY_AND_THE_ENVIRONMENT
PUB_015592,ELECTRICAL_AND_ELECTRONIC_ENGINEERING
PUB_015593,INFORMATION_SYSTEMS
PUB_015594,AEROSPACE_ENGINEERING
PUB_015595,COMPUTATIONAL_THEORY_AND_MATHEMATICS
PUB_015596,MECHANICS_OF_MATERIALS
PUB_015597,ELECTRICAL_AND_ELECTRONIC_ENGINEERING
PUB_015598,ARTIFICIAL_INTELLIGENCE
PUB_015599,SIGNAL_PROCESSING
PUB_015600,COMPUTER_VISION_AND_PATTERN_RECOGNITION
PUB_015601,ELECTRICAL_AND_ELECTRONIC_ENGINEERING
PUB_015602,ELECTRICAL_AND_ELECTRONIC_ENGINEERING
PUB_015603,ARTIFICIAL_INTELLIGENCE
PUB_015604,ARTIFICIAL_INTELLIGENCE
PUB_015605,CONTROL_AND_SYSTEMS_ENGINEERING
PUB_015606,ARTIFICIAL_INTELLIGENCE
PUB_015607,AEROSPACE_ENGINEERING
PUB_015608,ARTIFICIAL_INTELLIGENCE
PUB_015609,ARTIFICIAL_INTELLIGENCE
PUB_015610,MATERIALS_CHEMISTRY
PUB_015611,BIOMEDICAL_ENGINEERING
PUB_015612,COMPUTER_NETWORKS_AND_COMMUNICATIONS
PUB_015613,COMPUTER_NETWORKS_AND_COMMUNICATIONS
PUB_015614,BUILDING_AND_CONSTRUCTION
PUB_015615,COMPUTER_VISION_AND_PATTERN_RECOGNITION
PUB_015616,ARTIFICIAL_INTELLIGENCE
PUB_015617,ELECTRICAL_AND_ELECTRONIC_ENGINEERING
PUB_015618,ELECTRICAL_AND_ELECTRONIC_ENGINEERING
PUB_015619,ARTIFICIAL_INTELLIGENCE
PUB_015620,COMPUTER_VISION_AND_PATTERN_RECOGNITION
PUB_015621,ELECTRICAL_AND_ELECTRONIC_ENGINEERING
PUB_015622,ARTIFICIAL_INTELLIGENCE
PUB_015623,ELECTRICAL_AND_ELECTRONIC_ENGINEERING
PUB_015624,ARTIFICIAL_INTELLIGENCE
PUB_015625,MECHANICAL_ENGINEERING
PUB_015626,BIOMEDICAL_ENGINEERING
PUB_015627,ELECTRICAL_AND_ELECTRONIC_ENGINEERING
PUB_015628,ELECTRICAL_AND_ELECTRONIC_ENGINEERING
PUB_015629,COMPUTER_NETWORKS_AND_COMMUNICATIONS
PUB_015630,ARTIFICIAL_INTELLIGENCE
PUB_015631,CIVIL_AND_STRUCTURAL_ENGINEERING
PUB_015632,BUILDING_AND_CONSTRUCTION
PUB_015633,MECHANICS_OF_MATERIALS
PUB_015634,MECHANICS_OF_MATERIALS
PUB_015635,COMPUTER_VISION_AND_PATTERN_RECOGNITION
PUB_015636,INFORMATION_SYSTEMS
PUB_015637,ELECTRICAL_AND_ELECTRONIC_ENGINEERING
PUB_015638,COMPUTER_VISION_AND_PATTERN_RECOGNITION
PUB_015639,COMPUTER_NETWORKS_AND_COMMUNICATIONS
PUB_015640,CIVIL_AND_STRUCTURAL_ENGINEERING
PUB_015641,MECHANICAL_ENGINEERING
PUB_015642,COMPUTER_NETWORKS_AND_COMMUNICATIONS
PUB_015643,MECHANICAL_ENGINEERING
PUB_015644,BIOMEDICAL_ENGINEERING
PUB_015645,ELECTRICAL_AND_ELECTRONIC_ENGINEERING
PUB_015646,COMPUTER_NETWORKS_AND_COMMUNICATIONS
PUB_015647,ELECTRICAL_AND_ELECTRONIC_ENGINEERING
PUB_015648,COMPUTER_NETWORKS_AND_COMMUNICATIONS
PUB_015649,ARTIFICIAL_INTELLIGENCE
PUB_015650,INFORMATION_SYSTEMS
PUB_015651,HARDWARE_AND_ARCHITECTURE
PUB_015652,CIVIL_AND_STRUCTURAL_ENGINEERING
PUB_015653,COMPUTER_VISION_AND_PATTERN_RECOGNITION
PUB_015654,ELECTRICAL_AND_ELECTRONIC_ENGINEERING
PUB_015655,ELECTRICAL_AND_ELECTRONIC_ENGINEERING
PUB_015656,ELECTRICAL_AND_ELECTRONIC_ENGINEERING
PUB_015657,BIOMEDICAL_ENGINEERING
PUB_015658,COMPUTER_NETWORKS_AND_COMMUNICATIONS
PUB_015659,COMPUTER_VISION_AND_PATTERN_RECOGNITION
PUB_015660,MEDIA_TECHNOLOGY
PUB_015661,ELECTRICAL_AND_ELECTRONIC_ENGINEERING
PUB_015662,ARTIFICIAL_INTELLIGENCE
PUB_015663,MODELING_AND_SIMULATION
PUB_015664,MODELING_AND_SIMULATION
PUB_015665,INFORMATION_SYSTEMS
PUB_015666,COMPUTATIONAL_THEORY_AND_MATHEMATICS
PUB_015667,ASTRONOMY_AND_ASTROPHYSICS
PUB_015668,HUMANCOMPUTER_INTERACTION
PUB_015669,ARTIFICIAL_INTELLIGENCE
PUB_015670,CIVIL_AND_STRUCTURAL_ENGINEERING
PUB_015671,COMPUTER_NETWORKS_AND_COMMUNICATIONS
PUB_015672,COMPUTATIONAL_THEORY_AND_MATHEMATICS
PUB_015673,COMPUTATIONAL_MECHANICS
PUB_015674,CONTROL_AND_SYSTEMS_ENGINEERING
PUB_015675,SOFTWARE
PUB_015676,COMPUTER_NETWORKS_AND_COMMUNICATIONS
PUB_015677,ELECTRICAL_AND_ELECTRONIC_ENGINEERING
PUB_015678,MECHANICAL_ENGINEERING
PUB_015679,COMPUTER_NETWORKS_AND_COMMUNICATIONS
PUB_015680,INFORMATION_SYSTEMS
PUB_015681,MECHANICAL_ENGINEERING
PUB_015682,ELECTRICAL_AND_ELECTRONIC_ENGINEERING
PUB_015683,HARDWARE_AND_ARCHITECTURE
PUB_015684,BIOMEDICAL_ENGINEERING
PUB_015685,CONTROL_AND_SYSTEMS_ENGINEERING
PUB_015686,ARTIFICIAL_INTELLIGENCE
PUB_015687,ELECTRICAL_AND_ELECTRONIC_ENGINEERING
PUB_015688,ASTRONOMY_AND_ASTROPHYSICS
PUB_015689,CIVIL_AND_STRUCTURAL_ENGINEERING
PUB_015690,ELECTRICAL_AND_ELECTRONIC_ENGINEERING
PUB_015691,ELECTRICAL_AND_ELECTRONIC_ENGINEERING
PUB_015692,COMPUTER_NETWORKS_AND_COMMUNICATIONS
PUB_015693,MECHANICAL_ENGINEERING
PUB_015694,MECHANICAL_ENGINEERING
PUB_015695,COMPUTER_GRAPHICS_AND_COMPUTERAIDED_DESIGN
PUB_015696,ARTIFICIAL_INTELLIGENCE
PUB_015697,OCEAN_ENGINEERING
PUB_015698,ARTIFICIAL_INTELLIGENCE
PUB_015699,MECHANICS_OF_MATERIALS
PUB_015700,COMPUTER_VISION_AND_PATTERN_RECOGNITION
PUB_015701,COMPUTATIONAL_THEORY_AND_MATHEMATICS
PUB_015702,BIOMEDICAL_ENGINEERING
PUB_015703,ARTIFICIAL_INTELLIGENCE
PUB_015704,COMPUTER_NETWORKS_AND_COMMUNICATIONS
PUB_015705,COMPUTER_NETWORKS_AND_COMMUNICATIONS
PUB_015706,BIOMEDICAL_ENGINEERING
PUB_015707,INFORMATION_SYSTEMS
PUB_015708,COMPUTER_VISION_AND_PATTERN_RECOGNITION
PUB_015709,INFORMATION_SYSTEMS
PUB_015710,COMPUTATIONAL_THEORY_AND_MATHEMATICS
PUB_015711,BIOMEDICAL_ENGINEERING
PUB_015712,ARTIFICIAL_INTELLIGENCE
PUB_015713,MECHANICAL_ENGINEERING
PUB_015714,SAFETY_RISK_RELIABILITY_AND_QUALITY
PUB_015715,MECHANICAL_ENGINEERING
PUB_015716,BIOMEDICAL_ENGINEERING
PUB_015717,COMPUTER_NETWORKS_AND_COMMUNICATIONS
PUB_015718,MEDIA_TECHNOLOGY
PUB_015719,BIOMEDICAL_ENGINEERING
PUB_015720,AEROSPACE_ENGINEERING
PUB_015721,INFORMATION_SYSTEMS
PUB_015722,MECHANICAL_ENGINEERING
PUB_015723,INFORMATION_SYSTEMS
PUB_015724,COMPUTER_NETWORKS_AND_COMMUNICATIONS
PUB_015725,BIOMEDICAL_ENGINEERING
PUB_015726,BIOMEDICAL_ENGINEERING
PUB_015727,COMPUTER_NETWORKS_AND_COMMUNICATIONS
PUB_015728,INFORMATION_SYSTEMS
PUB_015729,BIOMEDICAL_ENGINEERING
PUB_015730,POLYMERS_AND_PLASTICS
PUB_015731,BIOMEDICAL_ENGINEERING
PUB_015732,BIOMEDICAL_ENGINEERING
PUB_015733,BIOMEDICAL_ENGINEERING
PUB_015734,COMPUTER_NETWORKS_AND_COMMUNICATIONS
PUB_015735,BIOMEDICAL_ENGINEERING
PUB_015736,BIOMEDICAL_ENGINEERING
PUB_015737,MATERIALS_CHEMISTRY
PUB_015738,ELECTRICAL_AND_ELECTRONIC_ENGINEERING
PUB_015739,ELECTRICAL_AND_ELECTRONIC_ENGINEERING
PUB_015740,CONTROL_AND_SYSTEMS_ENGINEERING
PUB_015741,BIOMEDICAL_ENGINEERING
PUB_015742,INFORMATION_SYSTEMS
PUB_015743,MECHANICAL_ENGINEERING
PUB_015744,ELECTRICAL_AND_ELECTRONIC_ENGINEERING
PUB_015745,BIOMEDICAL_ENGINEERING
PUB_015746,MECHANICAL_ENGINEERING
PUB_015747,MATERIALS_CHEMISTRY
PUB_015748,SIGNAL_PROCESSING
PUB_015749,COMPUTER_NETWORKS_AND_COMMUNICATIONS
PUB_015750,ARTIFICIAL_INTELLIGENCE
PUB_015751,MATERIALS_CHEMISTRY
PUB_015752,ARTIFICIAL_INTELLIGENCE
PUB_015753,ARTIFICIAL_INTELLIGENCE
PUB_015754,ELECTRICAL_AND_ELECTRONIC_ENGINEERING
PUB_015755,MATERIALS_CHEMISTRY
PUB_015756,COMPUTER_NETWORKS_AND_COMMUNICATIONS
PUB_015757,MECHANICAL_ENGINEERING
PUB_015758,ARTIFICIAL_INTELLIGENCE
PUB_015759,CIVIL_AND_STRUCTURAL_ENGINEERING
PUB_015760,MECHANICAL_ENGINEERING
PUB_015761,MECHANICAL_ENGINEERING
PUB_015762,ELECTRICAL_AND_ELECTRONIC_ENGINEERING
PUB_015763,COMPUTER_VISION_AND_PATTERN_RECOGNITION
PUB_015764,AEROSPACE_ENGINEERING
PUB_015765,SIGNAL_PROCESSING
PUB_015766,COMPUTER_VISION_AND_PATTERN_RECOGNITION
PUB_015767,HUMANCOMPUTER_INTERACTION
PUB_015768,ELECTRICAL_AND_ELECTRONIC_ENGINEERING
PUB_015769,HARDWARE_AND_ARCHITECTURE
PUB_015770,INFORMATION_SYSTEMS
PUB_015771,MECHANICAL_ENGINEERING
PUB_015772,COMPUTER_VISION_AND_PATTERN_RECOGNITION
PUB_015773,MECHANICAL_ENGINEERING
PUB_015774,MECHANICS_OF_MATERIALS
PUB_015775,COMPUTATIONAL_THEORY_AND_MATHEMATICS
PUB_015776,ARTIFICIAL_INTELLIGENCE
PUB_015777,MECHANICAL_ENGINEERING
PUB_015778,MATERIALS_CHEMISTRY
PUB_015779,COMPUTER_VISION_AND_PATTERN_RECOGNITION
PUB_015780,COMPUTER_VISION_AND_PATTERN_RECOGNITION
PUB_015781,POLYMERS_AND_PLASTICS
PUB_015782,BUILDING_AND_CONSTRUCTION
PUB_015783,COMPUTER_NETWORKS_AND_COMMUNICATIONS
PUB_015784,BIOMEDICAL_ENGINEERING
PUB_015785,INFORMATION_SYSTEMS
PUB_015786,INFORMATION_SYSTEMS
PUB_015787,POLYMERS_AND_PLASTICS
PUB_015788,INFORMATION_SYSTEMS
PUB_015789,ELECTRICAL_AND_ELECTRONIC_ENGINEERING
PUB_015790,CONTROL_AND_SYSTEMS_ENGINEERING
PUB_015791,BIOMEDICAL_ENGINEERING
PUB_015792,MECHANICAL_ENGINEERING
PUB_015793,ARTIFICIAL_INTELLIGENCE
PUB_015794,ELECTRICAL_AND_ELECTRONIC_ENGINEERING
PUB_015795,BIOMEDICAL_ENGINEERING
PUB_015796,AEROSPACE_ENGINEERING
PUB_015797,AEROSPACE_ENGINEERING
PUB_015798,ARTIFICIAL_INTELLIGENCE
PUB_015799,COMPUTER_NETWORKS_AND_COMMUNICATIONS
PUB_015800,COMPUTER_VISION_AND_PATTERN_RECOGNITION
PUB_015801,ELECTRICAL_AND_ELECTRONIC_ENGINEERING
PUB_015802,ELECTRICAL_AND_ELECTRONIC_ENGINEERING
PUB_015803,INDUSTRIAL_AND_MANUFACTURING_ENGINEERING
PUB_015804,SOFTWARE
PUB_015805,AEROSPACE_ENGINEERING
PUB_015806,ELECTRICAL_AND_ELECTRONIC_ENGINEERING
PUB_015807,RENEWABLE_ENERGY_SUSTAINABILITY_AND_THE_ENVIRONMENT
PUB_015808,RENEWABLE_ENERGY_SUSTAINABILITY_AND_THE_ENVIRONMENT
PUB_015809,BUILDING_AND_CONSTRUCTION
PUB_015810,MECHANICAL_ENGINEERING
PUB_015811,INFORMATION_SYSTEMS
PUB_015812,HARDWARE_AND_ARCHITECTURE
PUB_015813,ELECTRICAL_AND_ELECTRONIC_ENGINEERING
PUB_015814,ARTIFICIAL_INTELLIGENCE
PUB_015815,ARTIFICIAL_INTELLIGENCE
PUB_015816,ARTIFICIAL_INTELLIGENCE
PUB_015817,COMPUTATIONAL_THEORY_AND_MATHEMATICS
PUB_015818,COMPUTER_NETWORKS_AND_COMMUNICATIONS
PUB_015819,MECHANICAL_ENGINEERING
PUB_015820,CERAMICS_AND_COMPOSITES
PUB_015821,SIGNAL_PROCESSING
PUB_015822,MECHANICAL_ENGINEERING
PUB_015823,MECHANICAL_ENGINEERING
PUB_015824,ARTIFICIAL_INTELLIGENCE
PUB_015825,ARTIFICIAL_INTELLIGENCE
PUB_015826,BIOMEDICAL_ENGINEERING
PUB_015827,ELECTRICAL_AND_ELECTRONIC_ENGINEERING
PUB_015828,COMPUTER_VISION_AND_PATTERN_RECOGNITION
PUB_015829,COMPUTER_VISION_AND_PATTERN_RECOGNITION
PUB_015830,HARDWARE_AND_ARCHITECTURE
PUB_015831,HARDWARE_AND_ARCHITECTURE
PUB_015832,INFORMATION_SYSTEMS
PUB_015833,ARTIFICIAL_INTELLIGENCE
PUB_015834,OCEAN_ENGINEERING
PUB_015835,MATERIALS_CHEMISTRY
PUB_015836,SIGNAL_PROCESSING
PUB_015837,COMPUTER_VISION_AND_PATTERN_RECOGNITION
PUB_015838,COMPUTER_NETWORKS_AND_COMMUNICATIONS
PUB_015839,COMPUTATIONAL_MECHANICS
PUB_015840,ARTIFICIAL_INTELLIGENCE
PUB_015841,INFORMATION_SYSTEMS
PUB_015842,COMPUTER_NETWORKS_AND_COMMUNICATIONS
PUB_015843,ARTIFICIAL_INTELLIGENCE
PUB_015844,MECHANICAL_ENGINEERING
PUB_015845,ARTIFICIAL_INTELLIGENCE
PUB_015846,MECHANICS_OF_MATERIALS
PUB_015847,COMPUTER_NETWORKS_AND_COMMUNICATIONS
PUB_015848,ARTIFICIAL_INTELLIGENCE
PUB_015849,MECHANICAL_ENGINEERING
PUB_015850,ARTIFICIAL_INTELLIGENCE
PUB_015851,BIOMEDICAL_ENGINEERING
PUB_015852,COMPUTER_NETWORKS_AND_COMMUNICATIONS
PUB_015853,ARTIFICIAL_INTELLIGENCE
PUB_015854,COMPUTER_NETWORKS_AND_COMMUNICATIONS
PUB_015855,INFORMATION_SYSTEMS
PUB_015856,COMPUTER_NETWORKS_AND_COMMUNICATIONS
PUB_015857,BIOMEDICAL_ENGINEERING
PUB_015858,MECHANICAL_ENGINEERING
PUB_015859,COMPUTATIONAL_THEORY_AND_MATHEMATICS
PUB_015860,CIVIL_AND_STRUCTURAL_ENGINEERING
PUB_015861,COMPUTER_VISION_AND_PATTERN_RECOGNITION
PUB_015862,ELECTRICAL_AND_ELECTRONIC_ENGINEERING
PUB_015863,COMPUTER_VISION_AND_PATTERN_RECOGNITION
PUB_015864,COMPUTER_NETWORKS_AND_COMMUNICATIONS
PUB_015865,INDUSTRIAL_AND_MANUFACTURING_ENGINEERING
PUB_015866,ELECTRICAL_AND_ELECTRONIC_ENGINEERING
PUB_015867,BUILDING_AND_CONSTRUCTION
PUB_015868,ELECTRONIC_OPTICAL_AND_MAGNETIC_MATERIALS
PUB_015869,ELECTRICAL_AND_ELECTRONIC_ENGINEERING
PUB_015870,MECHANICAL_ENGINEERING
PUB_015871,BIOMEDICAL_ENGINEERING
PUB_015872,ARTIFICIAL_INTELLIGENCE
PUB_015873,COMPUTER_NETWORKS_AND_COMMUNICATIONS
PUB_015874,COMPUTER_SCIENCE_APPLICATIONS
PUB_015875,MECHANICS_OF_MATERIALS
PUB_015876,MECHANICS_OF_MATERIALS
PUB_015877,CIVIL_AND_STRUCTURAL_ENGINEERING
PUB_015878,COMPUTER_VISION_AND_PATTERN_RECOGNITION
PUB_015879,COMPUTER_VISION_AND_PATTERN_RECOGNITION
PUB_015880,INFORMATION_SYSTEMS
PUB_015881,MECHANICS_OF_MATERIALS
PUB_015882,ARTIFICIAL_INTELLIGENCE
PUB_015883,ELECTRICAL_AND_ELECTRONIC_ENGINEERING
PUB_015884,ARTIFICIAL_INTELLIGENCE
PUB_015885,MEDIA_TECHNOLOGY
PUB_015886,COMPUTER_NETWORKS_AND_COMMUNICATIONS
PUB_015887,ARTIFICIAL_INTELLIGENCE
PUB_015888,ELECTRICAL_AND_ELECTRONIC_ENGINEERING
PUB_015889,INFORMATION_SYSTEMS
PUB_015890,COMPUTER_VISION_AND_PATTERN_RECOGNITION
PUB_015891,ARTIFICIAL_INTELLIGENCE
PUB_015892,MECHANICS_OF_MATERIALS
PUB_015893,BIOMEDICAL_ENGINEERING
PUB_015894,AEROSPACE_ENGINEERING
PUB_015895,BUILDING_AND_CONSTRUCTION
PUB_015896,ELECTRICAL_AND_ELECTRONIC_ENGINEERING
PUB_015897,CIVIL_AND_STRUCTURAL_ENGINEERING
PUB_015898,MECHANICAL_ENGINEERING
PUB_015899,ELECTRICAL_AND_ELECTRONIC_ENGINEERING
PUB_015900,ELECTRICAL_AND_ELECTRONIC_ENGINEERING
PUB_015901,COMPUTER_NETWORKS_AND_COMMUNICATIONS
PUB_015902,COMPUTER_VISION_AND_PATTERN_RECOGNITION
PUB_015903,ARTIFICIAL_INTELLIGENCE
PUB_015904,COMPUTER_NETWORKS_AND_COMMUNICATIONS
PUB_015905,ELECTRICAL_AND_ELECTRONIC_ENGINEERING
PUB_015906,POLYMERS_AND_PLASTICS
PUB_015907,ELECTRICAL_AND_ELECTRONIC_ENGINEERING
PUB_015908,ARTIFICIAL_INTELLIGENCE
PUB_015909,ELECTRICAL_AND_ELECTRONIC_ENGINEERING
PUB_015910,HARDWARE_AND_ARCHITECTURE
PUB_015911,AUTOMOTIVE_ENGINEERING
PUB_015912,ELECTRICAL_AND_ELECTRONIC_ENGINEERING
PUB_015913,ARTIFICIAL_INTELLIGENCE
PUB_015914,AEROSPACE_ENGINEERING
PUB_015915,CIVIL_AND_STRUCTURAL_ENGINEERING
PUB_015916,COMPUTER_VISION_AND_PATTERN_RECOGNITION
PUB_015917,MECHANICAL_ENGINEERING
PUB_015918,CIVIL_AND_STRUCTURAL_ENGINEERING
PUB_015919,MEDIA_TECHNOLOGY
PUB_015920,CONTROL_AND_SYSTEMS_ENGINEERING
PUB_015921,ELECTRICAL_AND_ELECTRONIC_ENGINEERING
PUB_015922,MECHANICAL_ENGINEERING
PUB_015923,COMPUTER_VISION_AND_PATTERN_RECOGNITION
PUB_015924,ARTIFICIAL_INTELLIGENCE
PUB_015925,SIGNAL_PROCESSING
PUB_015926,CIVIL_AND_STRUCTURAL_ENGINEERING
PUB_015927,MECHANICAL_ENGINEERING
PUB_015928,MODELING_AND_SIMULATION
PUB_015929,ARTIFICIAL_INTELLIGENCE
PUB_015930,BIOMEDICAL_ENGINEERING
PUB_015931,ELECTRICAL_AND_ELECTRONIC_ENGINEERING
PUB_015932,COMPUTER_NETWORKS_AND_COMMUNICATIONS
PUB_015933,COMPUTER_VISION_AND_PATTERN_RECOGNITION
PUB_015934,MEDIA_TECHNOLOGY
PUB_015935,ELECTRICAL_AND_ELECTRONIC_ENGINEERING
PUB_015936,ARTIFICIAL_INTELLIGENCE
PUB_015937,MATERIALS_CHEMISTRY
PUB_015938,CONTROL_AND_SYSTEMS_ENGINEERING
PUB_015939,AEROSPACE_ENGINEERING
PUB_015940,MECHANICAL_ENGINEERING
PUB_015941,ARTIFICIAL_INTELLIGENCE
PUB_015942,ARTIFICIAL_INTELLIGENCE
PUB_015943,COMPUTER_SCIENCE_APPLICATIONS
PUB_015944,ARTIFICIAL_INTELLIGENCE
PUB_015945,RENEWABLE_ENERGY_SUSTAINABILITY_AND_THE_ENVIRONMENT
PUB_015946,INFORMATION_SYSTEMS
PUB_015947,MECHANICAL_ENGINEERING
PUB_015948,COMPUTER_SCIENCE_APPLICATIONS
PUB_015949,ARTIFICIAL_INTELLIGENCE
PUB_015950,ELECTRICAL_AND_ELECTRONIC_ENGINEERING
PUB_015951,MECHANICAL_ENGINEERING
PUB_015952,SAFETY_RISK_RELIABILITY_AND_QUALITY
PUB_015953,CONTROL_AND_SYSTEMS_ENGINEERING
PUB_015954,BIOMEDICAL_ENGINEERING
PUB_015955,AUTOMOTIVE_ENGINEERING
PUB_015956,MECHANICAL_ENGINEERING
PUB_015957,AEROSPACE_ENGINEERING
PUB_015958,ELECTRICAL_AND_ELECTRONIC_ENGINEERING
PUB_015959,ELECTRICAL_AND_ELECTRONIC_ENGINEERING
PUB_015960,NUMERICAL_ANALYSIS
PUB_015961,ARTIFICIAL_INTELLIGENCE
PUB_015962,COMPUTER_NETWORKS_AND_COMMUNICATIONS
PUB_015963,ARTIFICIAL_INTELLIGENCE
PUB_015964,OCEAN_ENGINEERING
PUB_015965,ELECTRICAL_AND_ELECTRONIC_ENGINEERING
PUB_015966,COMPUTER_VISION_AND_PATTERN_RECOGNITION
PUB_015967,ARTIFICIAL_INTELLIGENCE
PUB_015968,ARTIFICIAL_INTELLIGENCE
PUB_015969,ARTIFICIAL_INTELLIGENCE
PUB_015970,COMPUTER_NETWORKS_AND_COMMUNICATIONS
PUB_015971,ELECTRICAL_AND_ELECTRONIC_ENGINEERING
PUB_015972,ELECTRICAL_AND_ELECTRONIC_ENGINEERING
PUB_015973,ELECTRICAL_AND_ELECTRONIC_ENGINEERING
PUB_015974,INFORMATION_SYSTEMS
PUB_015975,MECHANICAL_ENGINEERING
PUB_015976,ARTIFICIAL_INTELLIGENCE
PUB_015977,COMPUTER_NETWORKS_AND_COMMUNICATIONS
PUB_015978,COMPUTER_NETWORKS_AND_COMMUNICATIONS
PUB_015979,ARTIFICIAL_INTELLIGENCE
PUB_015980,ARTIFICIAL_INTELLIGENCE
PUB_015981,ELECTRICAL_AND_ELECTRONIC_ENGINEERING
PUB_015982,ARTIFICIAL_INTELLIGENCE
PUB_015983,ELECTRICAL_AND_ELECTRONIC_ENGINEERING
PUB_015984,SIGNAL_PROCESSING
PUB_015985,POLYMERS_AND_PLASTICS
PUB_015986,ELECTRICAL_AND_ELECTRONIC_ENGINEERING
PUB_015987,COMPUTER_SCIENCE_APPLICATIONS
PUB_015988,SIGNAL_PROCESSING
PUB_015989,CERAMICS_AND_COMPOSITES
PUB_015990,SIGNAL_PROCESSING
PUB_015991,CONTROL_AND_SYSTEMS_ENGINEERING
PUB_015992,ARTIFICIAL_INTELLIGENCE
PUB_015993,MECHANICAL_ENGINEERING
PUB_015994,HARDWARE_AND_ARCHITECTURE
PUB_015995,MATERIALS_CHEMISTRY
PUB_015996,COMPUTER_NETWORKS_AND_COMMUNICATIONS
PUB_015997,COMPUTER_VISION_AND_PATTERN_RECOGNITION
PUB_015998,CIVIL_AND_STRUCTURAL_ENGINEERING
PUB_015999,BIOMEDICAL_ENGINEERING
PUB_016000,MEDIA_TECHNOLOGY
PUB_016001,COMPUTER_NETWORKS_AND_COMMUNICATIONS
PUB_016002,AEROSPACE_ENGINEERING
PUB_016003,COMPUTER_NETWORKS_AND_COMMUNICATIONS
PUB_016004,ARTIFICIAL_INTELLIGENCE
PUB_016005,COMPUTER_NETWORKS_AND_COMMUNICATIONS
PUB_016006,STATISTICS_AND_PROBABILITY
PUB_016007,INFORMATION_SYSTEMS
PUB_016008,INFORMATION_SYSTEMS
PUB_016009,COMPUTER_VISION_AND_PATTERN_RECOGNITION
PUB_016010,ELECTRICAL_AND_ELECTRONIC_ENGINEERING
PUB_016011,MEDIA_TECHNOLOGY
PUB_016012,COMPUTER_VISION_AND_PATTERN_RECOGNITION
PUB_016013,MECHANICAL_ENGINEERING
PUB_016014,ELECTRICAL_AND_ELECTRONIC_ENGINEERING
PUB_016015,MECHANICAL_ENGINEERING
PUB_016016,ELECTRICAL_AND_ELECTRONIC_ENGINEERING
PUB_016017,ELECTRICAL_AND_ELECTRONIC_ENGINEERING
PUB_016018,MECHANICS_OF_MATERIALS
PUB_016019,COMPUTATIONAL_THEORY_AND_MATHEMATICS
PUB_016020,COMPUTER_VISION_AND_PATTERN_RECOGNITION
PUB_016021,COMPUTER_VISION_AND_PATTERN_RECOGNITION
PUB_016022,ELECTRICAL_AND_ELECTRONIC_ENGINEERING
PUB_016023,ARTIFICIAL_INTELLIGENCE
PUB_016024,AEROSPACE_ENGINEERING
PUB_016025,POLYMERS_AND_PLASTICS
PUB_016026,CONTROL_AND_SYSTEMS_ENGINEERING
PUB_016027,MECHANICAL_ENGINEERING
PUB_016028,HARDWARE_AND_ARCHITECTURE
PUB_016029,COMPUTER_NETWORKS_AND_COMMUNICATIONS
PUB_016030,MECHANICAL_ENGINEERING
PUB_016031,ARTIFICIAL_INTELLIGENCE
PUB_016032,COMPUTER_VISION_AND_PATTERN_RECOGNITION
PUB_016033,ARTIFICIAL_INTELLIGENCE
PUB_016034,BUILDING_AND_CONSTRUCTION
PUB_016035,BIOMEDICAL_ENGINEERING
PUB_016036,ELECTRICAL_AND_ELECTRONIC_ENGINEERING
PUB_016037,HARDWARE_AND_ARCHITECTURE
PUB_016038,MECHANICAL_ENGINEERING
PUB_016039,COMPUTER_VISION_AND_PATTERN_RECOGNITION
PUB_016040,ELECTRICAL_AND_ELECTRONIC_ENGINEERING
PUB_016041,ELECTRICAL_AND_ELECTRONIC_ENGINEERING
PUB_016042,COMPUTER_NETWORKS_AND_COMMUNICATIONS
PUB_016043,ARTIFICIAL_INTELLIGENCE
PUB_016044,COMPUTER_NETWORKS_AND_COMMUNICATIONS
PUB_016045,COMPUTER_NETWORKS_AND_COMMUNICATIONS
PUB_016046,MATERIALS_CHEMISTRY
PUB_016047,GEOMETRY_AND_TOPOLOGY
PUB_016048,ELECTRICAL_AND_ELECTRONIC_ENGINEERING
PUB_016049,COMPUTATIONAL_THEORY_AND_MATHEMATICS
PUB_016050,ARTIFICIAL_INTELLIGENCE
PUB_016051,MECHANICAL_ENGINEERING
PUB_016052,COMPUTER_VISION_AND_PATTERN_RECOGNITION
PUB_016053,ARTIFICIAL_INTELLIGENCE
PUB_016054,ELECTRICAL_AND_ELECTRONIC_ENGINEERING
PUB_016055,ELECTRICAL_AND_ELECTRONIC_ENGINEERING
PUB_016056,ASTRONOMY_AND_ASTROPHYSICS
PUB_016057,INFORMATION_SYSTEMS
PUB_016058,SIGNAL_PROCESSING
PUB_016059,COMPUTER_NETWORKS_AND_COMMUNICATIONS
PUB_016060,COMPUTER_NETWORKS_AND_COMMUNICATIONS
PUB_016061,ARTIFICIAL_INTELLIGENCE
PUB_016062,COMPUTER_NETWORKS_AND_COMMUNICATIONS
PUB_016063,COMPUTER_NETWORKS_AND_COMMUNICATIONS
PUB_016064,ARTIFICIAL_INTELLIGENCE
PUB_016065,INFORMATION_SYSTEMS
PUB_016066,CONTROL_AND_SYSTEMS_ENGINEERING
PUB_016067,ELECTRICAL_AND_ELECTRONIC_ENGINEERING
PUB_016068,MECHANICAL_ENGINEERING
PUB_016069,AEROSPACE_ENGINEERING
PUB_016070,ARTIFICIAL_INTELLIGENCE
PUB_016071,COMPUTER_NETWORKS_AND_COMMUNICATIONS
PUB_016072,POLYMERS_AND_PLASTICS
PUB_016073,ARTIFICIAL_INTELLIGENCE
PUB_016074,ELECTRICAL_AND_ELECTRONIC_ENGINEERING
PUB_016075,STATISTICAL_AND_NONLINEAR_PHYSICS
PUB_016076,ELECTRICAL_AND_ELECTRONIC_ENGINEERING
PUB_016077,MEDIA_TECHNOLOGY
PUB_016078,STATISTICAL_AND_NONLINEAR_PHYSICS
PUB_016079,SIGNAL_PROCESSING
PUB_016080,ARTIFICIAL_INTELLIGENCE
PUB_016081,MECHANICAL_ENGINEERING
PUB_016082,CONTROL_AND_SYSTEMS_ENGINEERING
PUB_016083,MECHANICAL_ENGINEERING
PUB_016084,CONTROL_AND_SYSTEMS_ENGINEERING
PUB_016085,RENEWABLE_ENERGY_SUSTAINABILITY_AND_THE_ENVIRONMENT
PUB_016086,SAFETY_RISK_RELIABILITY_AND_QUALITY
PUB_016087,ELECTRICAL_AND_ELECTRONIC_ENGINEERING
PUB_016088,COMPUTER_SCIENCE_APPLICATIONS
PUB_016089,MATERIALS_CHEMISTRY
PUB_016090,COMPUTER_VISION_AND_PATTERN_RECOGNITION
PUB_016091,ELECTRONIC_OPTICAL_AND_MAGNETIC_MATERIALS
PUB_016092,CIVIL_AND_STRUCTURAL_ENGINEERING
PUB_016093,MECHANICAL_ENGINEERING
PUB_016094,COMPUTER_NETWORKS_AND_COMMUNICATIONS
PUB_016095,BIOMEDICAL_ENGINEERING
PUB_016096,MECHANICAL_ENGINEERING
PUB_016097,ELECTRICAL_AND_ELECTRONIC_ENGINEERING
PUB_016098,BIOMEDICAL_ENGINEERING
PUB_016099,MECHANICAL_ENGINEERING
PUB_016100,ARTIFICIAL_INTELLIGENCE
PUB_016101,COMPUTER_NETWORKS_AND_COMMUNICATIONS
PUB_016102,ELECTRICAL_AND_ELECTRONIC_ENGINEERING
PUB_016103,ELECTRONIC_OPTICAL_AND_MAGNETIC_MATERIALS
PUB_016104,MECHANICAL_ENGINEERING
PUB_016105,BUILDING_AND_CONSTRUCTION
PUB_016106,MECHANICS_OF_MATERIALS
PUB_016107,POLYMERS_AND_PLASTICS
PUB_016108,MECHANICAL_ENGINEERING
PUB_016109,ARTIFICIAL_INTELLIGENCE
PUB_016110,CERAMICS_AND_COMPOSITES
PUB_016111,INFORMATION_SYSTEMS
PUB_016112,COMPUTER_NETWORKS_AND_COMMUNICATIONS
PUB_016113,MECHANICS_OF_MATERIALS
PUB_016114,INFORMATION_SYSTEMS
PUB_016115,MEDIA_TECHNOLOGY
PUB_016116,COMPUTER_VISION_AND_PATTERN_RECOGNITION
PUB_016117,BIOMEDICAL_ENGINEERING
PUB_016118,COMPUTER_NETWORKS_AND_COMMUNICATIONS
PUB_016119,ELECTRICAL_AND_ELECTRONIC_ENGINEERING
PUB_016120,BIOMEDICAL_ENGINEERING
PUB_016121,COMPUTER_VISION_AND_PATTERN_RECOGNITION
PUB_016122,COMPUTER_NETWORKS_AND_COMMUNICATIONS
PUB_016123,MECHANICAL_ENGINEERING
PUB_016124,INFORMATION_SYSTEMS
PUB_016125,AEROSPACE_ENGINEERING
PUB_016126,ELECTRICAL_AND_ELECTRONIC_ENGINEERING
PUB_016127,MECHANICAL_ENGINEERING
PUB_016128,COMPUTER_VISION_AND_PATTERN_RECOGNITION
PUB_016129,MECHANICAL_ENGINEERING
PUB_016130,GEOMETRY_AND_TOPOLOGY
PUB_016131,BIOMEDICAL_ENGINEERING
PUB_016132,MODELING_AND_SIMULATION
PUB_016133,BUILDING_AND_CONSTRUCTION
PUB_016134,COMPUTER_VISION_AND_PATTERN_RECOGNITION
PUB_016135,MECHANICAL_ENGINEERING
PUB_016136,MECHANICAL_ENGINEERING
PUB_016137,MATERIALS_CHEMISTRY
PUB_016138,ELECTRICAL_AND_ELECTRONIC_ENGINEERING
PUB_016139,BIOMEDICAL_ENGINEERING
PUB_016140,COMPUTATIONAL_THEORY_AND_MATHEMATICS
PUB_016141,SAFETY_RISK_RELIABILITY_AND_QUALITY
PUB_016142,BIOMEDICAL_ENGINEERING
PUB_016143,ELECTRICAL_AND_ELECTRONIC_ENGINEERING
PUB_016144,COMPUTER_NETWORKS_AND_COMMUNICATIONS
PUB_016145,COMPUTER_NETWORKS_AND_COMMUNICATIONS
PUB_016146,MECHANICAL_ENGINEERING
PUB_016147,SIGNAL_PROCESSING
PUB_016148,COMPUTER_NETWORKS_AND_COMMUNICATIONS
PUB_016149,HUMANCOMPUTER_INTERACTION
PUB_016150,BIOMEDICAL_ENGINEERING
PUB_016151,MECHANICAL_ENGINEERING
PUB_016152,MEDIA_TECHNOLOGY
PUB_016153,INFORMATION_SYSTEMS
PUB_016154,ELECTRICAL_AND_ELECTRONIC_ENGINEERING
PUB_016155,MEDIA_TECHNOLOGY
PUB_016156,CIVIL_AND_STRUCTURAL_ENGINEERING
PUB_016157,STATISTICAL_AND_NONLINEAR_PHYSICS
PUB_016158,SIGNAL_PROCESSING
PUB_016159,ARTIFICIAL_INTELLIGENCE
PUB_016160,MECHANICAL_ENGINEERING
PUB_016161,AEROSPACE_ENGINEERING
PUB_016162,ARTIFICIAL_INTELLIGENCE
PUB_016163,COMPUTER_VISION_AND_PATTERN_RECOGNITION
PUB_016164,COMPUTER_VISION_AND_PATTERN_RECOGNITION
PUB_016165,CONTROL_AND_SYSTEMS_ENGINEERING
PUB_016166,COMPUTER_VISION_AND_PATTERN_RECOGNITION
PUB_016167,POLYMERS_AND_PLASTICS
PUB_016168,MATERIALS_CHEMISTRY
PUB_016169,ARTIFICIAL_INTELLIGENCE
PUB_016170,ARTIFICIAL_INTELLIGENCE
PUB_016171,CIVIL_AND_STRUCTURAL_ENGINEERING
PUB_016172,COMPUTER_VISION_AND_PATTERN_RECOGNITION
PUB_016173,ARTIFICIAL_INTELLIGENCE
PUB_016174,ELECTRICAL_AND_ELECTRONIC_ENGINEERING
PUB_016175,ARTIFICIAL_INTELLIGENCE
PUB_016176,INFORMATION_SYSTEMS
PUB_016177,MATERIALS_CHEMISTRY
PUB_016178,COMPUTER_NETWORKS_AND_COMMUNICATIONS
PUB_016179,CIVIL_AND_STRUCTURAL_ENGINEERING
PUB_016180,MEDIA_TECHNOLOGY
PUB_016181,COMPUTER_NETWORKS_AND_COMMUNICATIONS
PUB_016182,COMPUTER_VISION_AND_PATTERN_RECOGNITION
PUB_016183,INFORMATION_SYSTEMS
PUB_016184,ARTIFICIAL_INTELLIGENCE
PUB_016185,BUILDING_AND_CONSTRUCTION
PUB_016186,ELECTRICAL_AND_ELECTRONIC_ENGINEERING
PUB_016187,MEDIA_TECHNOLOGY
PUB_016188,ARTIFICIAL_INTELLIGENCE
PUB_016189,ARTIFICIAL_INTELLIGENCE
PUB_016190,ELECTRICAL_AND_ELECTRONIC_ENGINEERING
PUB_016191,COMPUTER_NETWORKS_AND_COMMUNICATIONS
PUB_016192,ARTIFICIAL_INTELLIGENCE
PUB_016193,AUTOMOTIVE_ENGINEERING
PUB_016194,MECHANICAL_ENGINEERING
PUB_016195,BIOMEDICAL_ENGINEERING
PUB_016196,COMPUTER_NETWORKS_AND_COMMUNICATIONS
PUB_016197,ARTIFICIAL_INTELLIGENCE
PUB_016198,ELECTRICAL_AND_ELECTRONIC_ENGINEERING
PUB_016199,ARTIFICIAL_INTELLIGENCE
PUB_016200,BIOMEDICAL_ENGINEERING
PUB_016201,INFORMATION_SYSTEMS
PUB_016202,COMPUTER_NETWORKS_AND_COMMUNICATIONS
PUB_016203,STATISTICS_AND_PROBABILITY
PUB_016204,MECHANICAL_ENGINEERING
PUB_016205,INFORMATION_SYSTEMS
PUB_016206,ELECTRICAL_AND_ELECTRONIC_ENGINEERING
PUB_016207,ELECTRICAL_AND_ELECTRONIC_ENGINEERING
PUB_016208,CONTROL_AND_SYSTEMS_ENGINEERING
PUB_016209,ELECTRICAL_AND_ELECTRONIC_ENGINEERING
PUB_016210,HARDWARE_AND_ARCHITECTURE
PUB_016211,ELECTRICAL_AND_ELECTRONIC_ENGINEERING
PUB_016212,ELECTRICAL_AND_ELECTRONIC_ENGINEERING
PUB_016213,CIVIL_AND_STRUCTURAL_ENGINEERING
PUB_016214,ARTIFICIAL_INTELLIGENCE
PUB_016215,MECHANICAL_ENGINEERING
PUB_016216,BIOMEDICAL_ENGINEERING
PUB_016217,COMPUTER_GRAPHICS_AND_COMPUTERAIDED_DESIGN
PUB_016218,BUILDING_AND_CONSTRUCTION
PUB_016219,BIOMEDICAL_ENGINEERING
PUB_016220,CIVIL_AND_STRUCTURAL_ENGINEERING
PUB_016221,SAFETY_RISK_RELIABILITY_AND_QUALITY
PUB_016222,ARTIFICIAL_INTELLIGENCE
PUB_016223,INFORMATION_SYSTEMS
PUB_016224,ARTIFICIAL_INTELLIGENCE
PUB_016225,INFORMATION_SYSTEMS
PUB_016226,COMPUTER_NETWORKS_AND_COMMUNICATIONS
PUB_016227,ELECTRICAL_AND_ELECTRONIC_ENGINEERING
PUB_016228,MATERIALS_CHEMISTRY
PUB_016229,BUILDING_AND_CONSTRUCTION
PUB_016230,INFORMATION_SYSTEMS
PUB_016231,COMPUTER_NETWORKS_AND_COMMUNICATIONS
PUB_016232,INDUSTRIAL_AND_MANUFACTURING_ENGINEERING
PUB_016233,ARTIFICIAL_INTELLIGENCE
PUB_016234,ELECTRICAL_AND_ELECTRONIC_ENGINEERING
PUB_016235,AEROSPACE_ENGINEERING
PUB_016236,AEROSPACE_ENGINEERING
PUB_016237,BIOMEDICAL_ENGINEERING
PUB_016238,COMPUTATIONAL_THEORY_AND_MATHEMATICS
PUB_016239,ELECTRICAL_AND_ELECTRONIC_ENGINEERING
PUB_016240,HUMANCOMPUTER_INTERACTION
PUB_016241,ELECTRICAL_AND_ELECTRONIC_ENGINEERING
PUB_016242,ARTIFICIAL_INTELLIGENCE
PUB_016243,BIOMEDICAL_ENGINEERING
PUB_016244,INFORMATION_SYSTEMS
PUB_016245,CONTROL_AND_SYSTEMS_ENGINEERING
PUB_016246,BIOMEDICAL_ENGINEERING
PUB_016247,MEDIA_TECHNOLOGY
PUB_016248,AUTOMOTIVE_ENGINEERING
PUB_016249,ELECTRICAL_AND_ELECTRONIC_ENGINEERING
PUB_016250,HARDWARE_AND_ARCHITECTURE
PUB_016251,MECHANICAL_ENGINEERING
PUB_016252,BUILDING_AND_CONSTRUCTION
PUB_016253,COMPUTER_VISION_AND_PATTERN_RECOGNITION
PUB_016254,ELECTRICAL_AND_ELECTRONIC_ENGINEERING
PUB_016255,ELECTRICAL_AND_ELECTRONIC_ENGINEERING
PUB_016256,ELECTRICAL_AND_ELECTRONIC_ENGINEERING
PUB_016257,SIGNAL_PROCESSING
PUB_016258,SOFTWARE
PUB_016259,ARTIFICIAL_INTELLIGENCE
PUB_016260,ARTIFICIAL_INTELLIGENCE
PUB_016261,CIVIL_AND_STRUCTURAL_ENGINEERING
PUB_016262,ELECTRICAL_AND_ELECTRONIC_ENGINEERING
PUB_016263,CONTROL_AND_SYSTEMS_ENGINEERING
PUB_016264,ELECTRICAL_AND_ELECTRONIC_ENGINEERING
PUB_016265,COMPUTER_VISION_AND_PATTERN_RECOGNITION
PUB_016266,COMPUTATIONAL_THEORY_AND_MATHEMATICS
PUB_016267,SIGNAL_PROCESSING
PUB_016268,COMPUTER_NETWORKS_AND_COMMUNICATIONS
PUB_016269,COMPUTER_VISION_AND_PATTERN_RECOGNITION
PUB_016270,COMPUTER_NETWORKS_AND_COMMUNICATIONS
PUB_016271,COMPUTER_NETWORKS_AND_COMMUNICATIONS
PUB_016272,INFORMATION_SYSTEMS
PUB_016273,MEDIA_TECHNOLOGY
PUB_016274,COMPUTER_NETWORKS_AND_COMMUNICATIONS
PUB_016275,ARTIFICIAL_INTELLIGENCE
PUB_016276,STATISTICAL_AND_NONLINEAR_PHYSICS
PUB_016277,COMPUTER_NETWORKS_AND_COMMUNICATIONS
PUB_016278,INFORMATION_SYSTEMS
PUB_016279,COMPUTER_VISION_AND_PATTERN_RECOGNITION
PUB_016280,ARTIFICIAL_INTELLIGENCE
PUB_016281,ELECTRICAL_AND_ELECTRONIC_ENGINEERING
PUB_016282,COMPUTER_VISION_AND_PATTERN_RECOGNITION
PUB_016283,ARTIFICIAL_INTELLIGENCE
PUB_016284,ARTIFICIAL_INTELLIGENCE
PUB_016285,MECHANICAL_ENGINEERING
PUB_016286,MECHANICAL_ENGINEERING
PUB_016287,ARTIFICIAL_INTELLIGENCE
PUB_016288,COMPUTER_NETWORKS_AND_COMMUNICATIONS
PUB_016289,COMPUTER_SCIENCE_APPLICATIONS
PUB_016290,CIVIL_AND_STRUCTURAL_ENGINEERING
PUB_016291,ELECTRICAL_AND_ELECTRONIC_ENGINEERING
PUB_016292,AUTOMOTIVE_ENGINEERING
PUB_016293,COMPUTER_NETWORKS_AND_COMMUNICATIONS
PUB_016294,ARTIFICIAL_INTELLIGENCE
PUB_016295,INFORMATION_SYSTEMS
PUB_016296,ATOMIC_AND_MOLECULAR_PHYSICS_AND_OPTICS
PUB_016297,COMPUTATIONAL_THEORY_AND_MATHEMATICS
PUB_016298,INFORMATION_SYSTEMS
PUB_016299,ELECTRICAL_AND_ELECTRONIC_ENGINEERING
PUB_016300,AUTOMOTIVE_ENGINEERING
PUB_016301,INFORMATION_SYSTEMS
PUB_016302,COMPUTER_VISION_AND_PATTERN_RECOGNITION
PUB_016303,COMPUTER_VISION_AND_PATTERN_RECOGNITION
PUB_016304,INFORMATION_SYSTEMS
PUB_016305,INFORMATION_SYSTEMS
PUB_016306,MEDIA_TECHNOLOGY
PUB_016307,COMPUTER_VISION_AND_PATTERN_RECOGNITION
PUB_016308,AEROSPACE_ENGINEERING
PUB_016309,ELECTRICAL_AND_ELECTRONIC_ENGINEERING
PUB_016310,COMPUTER_NETWORKS_AND_COMMUNICATIONS
PUB_016311,BIOMEDICAL_ENGINEERING
PUB_016312,MECHANICAL_ENGINEERING
PUB_016313,CIVIL_AND_STRUCTURAL_ENGINEERING
PUB_016314,BUILDING_AND_CONSTRUCTION
PUB_016315,MEDIA_TECHNOLOGY
PUB_016316,BIOMEDICAL_ENGINEERING
PUB_016317,ARTIFICIAL_INTELLIGENCE
PUB_016318,CIVIL_AND_STRUCTURAL_ENGINEERING
PUB_016319,CIVIL_AND_STRUCTURAL_ENGINEERING
PUB_016320,COMPUTER_VISION_AND_PATTERN_RECOGNITION
PUB_016321,ARTIFICIAL_INTELLIGENCE
PUB_016322,ELECTRICAL_AND_ELECTRONIC_ENGINEERING
PUB_016323,ELECTRICAL_AND_ELECTRONIC_ENGINEERING
PUB_016324,COMPUTER_VISION_AND_PATTERN_RECOGNITION
PUB_016325,ARTIFICIAL_INTELLIGENCE
PUB_016326,COMPUTER_VISION_AND_PATTERN_RECOGNITION
PUB_016327,COMPUTER_VISION_AND_PATTERN_RECOGNITION
PUB_016328,CONTROL_AND_SYSTEMS_ENGINEERING
PUB_016329,MECHANICAL_ENGINEERING
PUB_016330,COMPUTER_NETWORKS_AND_COMMUNICATIONS
PUB_016331,COMPUTATIONAL_THEORY_AND_MATHEMATICS
PUB_016332,HUMANCOMPUTER_INTERACTION
PUB_016333,ELECTRICAL_AND_ELECTRONIC_ENGINEERING
PUB_016334,STATISTICAL_AND_NONLINEAR_PHYSICS
PUB_016335,ARTIFICIAL_INTELLIGENCE
PUB_016336,BIOMEDICAL_ENGINEERING
PUB_016337,ELECTRICAL_AND_ELECTRONIC_ENGINEERING
PUB_016338,INFORMATION_SYSTEMS
PUB_016339,BUILDING_AND_CONSTRUCTION
PUB_016340,COMPUTER_VISION_AND_PATTERN_RECOGNITION
PUB_016341,SAFETY_RISK_RELIABILITY_AND_QUALITY
PUB_016342,POLYMERS_AND_PLASTICS
PUB_016343,MECHANICAL_ENGINEERING
PUB_016344,MEDIA_TECHNOLOGY
PUB_016345,MEDIA_TECHNOLOGY
PUB_016346,COMPUTER_SCIENCE_APPLICATIONS
PUB_016347,COMPUTER_VISION_AND_PATTERN_RECOGNITION
PUB_016348,BUILDING_AND_CONSTRUCTION
PUB_016349,MECHANICAL_ENGINEERING
PUB_016350,STATISTICS_AND_PROBABILITY
PUB_016351,ARTIFICIAL_INTELLIGENCE
PUB_016352,INFORMATION_SYSTEMS
PUB_016353,INFORMATION_SYSTEMS
PUB_016354,ARTIFICIAL_INTELLIGENCE
PUB_016355,ARTIFICIAL_INTELLIGENCE
PUB_016356,COMPUTER_SCIENCE_APPLICATIONS
PUB_016357,COMPUTER_VISION_AND_PATTERN_RECOGNITION
PUB_016358,COMPUTER_NETWORKS_AND_COMMUNICATIONS
PUB_016359,CERAMICS_AND_COMPOSITES
PUB_016360,INFORMATION_SYSTEMS
PUB_016361,COMPUTER_NETWORKS_AND_COMMUNICATIONS
PUB_016362,SIGNAL_PROCESSING
PUB_016363,ELECTRICAL_AND_ELECTRONIC_ENGINEERING
PUB_016364,ARTIFICIAL_INTELLIGENCE
PUB_016365,MEDIA_TECHNOLOGY
PUB_016366,STATISTICAL_AND_NONLINEAR_PHYSICS
PUB_016367,COMPUTATIONAL_MECHANICS
PUB_016368,ASTRONOMY_AND_ASTROPHYSICS
PUB_016369,CONTROL_AND_SYSTEMS_ENGINEERING
PUB_016370,HARDWARE_AND_ARCHITECTURE
PUB_016371,AEROSPACE_ENGINEERING
PUB_016372,COMPUTER_NETWORKS_AND_COMMUNICATIONS
PUB_016373,ATOMIC_AND_MOLECULAR_PHYSICS_AND_OPTICS
PUB_016374,ELECTRICAL_AND_ELECTRONIC_ENGINEERING
PUB_016375,ELECTRICAL_AND_ELECTRONIC_ENGINEERING
PUB_016376,ARTIFICIAL_INTELLIGENCE
PUB_016377,RENEWABLE_ENERGY_SUSTAINABILITY_AND_THE_ENVIRONMENT
PUB_016378,STATISTICAL_AND_NONLINEAR_PHYSICS
PUB_016379,COMPUTER_VISION_AND_PATTERN_RECOGNITION
PUB_016380,MEDIA_TECHNOLOGY
PUB_016381,BIOMEDICAL_ENGINEERING
PUB_016382,MEDIA_TECHNOLOGY
PUB_016383,COMPUTATIONAL_MECHANICS
PUB_016384,ELECTRICAL_AND_ELECTRONIC_ENGINEERING
PUB_016385,ARTIFICIAL_INTELLIGENCE
PUB_016386,AUTOMOTIVE_ENGINEERING
PUB_016387,BIOMEDICAL_ENGINEERING
PUB_016388,ARTIFICIAL_INTELLIGENCE
PUB_016389,MECHANICAL_ENGINEERING
PUB_016390,MECHANICAL_ENGINEERING
PUB_016391,ARTIFICIAL_INTELLIGENCE
PUB_016392,COMPUTATIONAL_THEORY_AND_MATHEMATICS
PUB_016393,CONTROL_AND_SYSTEMS_ENGINEERING
PUB_016394,MECHANICAL_ENGINEERING
PUB_016395,HARDWARE_AND_ARCHITECTURE
PUB_016396,ARTIFICIAL_INTELLIGENCE
PUB_016397,INDUSTRIAL_AND_MANUFACTURING_ENGINEERING
PUB_016398,POLYMERS_AND_PLASTICS
PUB_016399,MECHANICAL_ENGINEERING
PUB_016400,COMPUTER_VISION_AND_PATTERN_RECOGNITION
PUB_016401,ARTIFICIAL_INTELLIGENCE
PUB_016402,ASTRONOMY_AND_ASTROPHYSICS
PUB_016403,MATERIALS_CHEMISTRY
PUB_016404,ARTIFICIAL_INTELLIGENCE
PUB_016405,CONTROL_AND_SYSTEMS_ENGINEERING
PUB_016406,CIVIL_AND_STRUCTURAL_ENGINEERING
PUB_016407,COMPUTER_VISION_AND_PATTERN_RECOGNITION
PUB_016408,COMPUTER_SCIENCE_APPLICATIONS
PUB_016409,COMPUTATIONAL_THEORY_AND_MATHEMATICS
PUB_016410,COMPUTER_VISION_AND_PATTERN_RECOGNITION
PUB_016411,INFORMATION_SYSTEMS
PUB_016412,SIGNAL_PROCESSING
PUB_016413,POLYMERS_AND_PLASTICS
PUB_016414,COMPUTER_VISION_AND_PATTERN_RECOGNITION
PUB_016415,ARTIFICIAL_INTELLIGENCE
PUB_016416,ARTIFICIAL_INTELLIGENCE
PUB_016417,INFORMATION_SYSTEMS
PUB_016418,ELECTRICAL_AND_ELECTRONIC_ENGINEERING
PUB_016419,COMPUTER_NETWORKS_AND_COMMUNICATIONS
PUB_016420,MECHANICS_OF_MATERIALS
PUB_016421,ELECTRICAL_AND_ELECTRONIC_ENGINEERING
PUB_016422,INFORMATION_SYSTEMS
PUB_016423,AUTOMOTIVE_ENGINEERING
PUB_016424,COMPUTER_NETWORKS_AND_COMMUNICATIONS
PUB_016425,ARTIFICIAL_INTELLIGENCE
PUB_016426,MEDIA_TECHNOLOGY
PUB_016427,COMPUTER_NETWORKS_AND_COMMUNICATIONS
PUB_016428,INFORMATION_SYSTEMS
PUB_016429,COMPUTER_NETWORKS_AND_COMMUNICATIONS
PUB_016430,MECHANICAL_ENGINEERING
PUB_016431,ELECTRICAL_AND_ELECTRONIC_ENGINEERING
PUB_016432,ELECTRICAL_AND_ELECTRONIC_ENGINEERING
PUB_016433,COMPUTER_NETWORKS_AND_COMMUNICATIONS
PUB_016434,MODELING_AND_SIMULATION
PUB_016435,POLYMERS_AND_PLASTICS
PUB_016436,MECHANICAL_ENGINEERING
PUB_016437,CIVIL_AND_STRUCTURAL_ENGINEERING
PUB_016438,COMPUTER_NETWORKS_AND_COMMUNICATIONS
PUB_016439,POLYMERS_AND_PLASTICS
PUB_016440,COMPUTER_NETWORKS_AND_COMMUNICATIONS
PUB_016441,COMPUTER_NETWORKS_AND_COMMUNICATIONS
PUB_016442,COMPUTER_NETWORKS_AND_COMMUNICATIONS
PUB_016443,ELECTRICAL_AND_ELECTRONIC_ENGINEERING
PUB_016444,ARTIFICIAL_INTELLIGENCE
PUB_016445,ELECTRICAL_AND_ELECTRONIC_ENGINEERING
PUB_016446,INFORMATION_SYSTEMS
PUB_016447,BIOMEDICAL_ENGINEERING
PUB_016448,COMPUTER_VISION_AND_PATTERN_RECOGNITION
PUB_016449,ARTIFICIAL_INTELLIGENCE
PUB_016450,MEDIA_TECHNOLOGY
PUB_016451,INFORMATION_SYSTEMS
PUB_016452,COMPUTER_NETWORKS_AND_COMMUNICATIONS
PUB_016453,COMPUTER_VISION_AND_PATTERN_RECOGNITION
PUB_016454,ELECTRICAL_AND_ELECTRONIC_ENGINEERING
PUB_016455,COMPUTER_VISION_AND_PATTERN_RECOGNITION
PUB_016456,ARTIFICIAL_INTELLIGENCE
PUB_016457,COMPUTER_NETWORKS_AND_COMMUNICATIONS
PUB_016458,MECHANICAL_ENGINEERING
PUB_016459,ARTIFICIAL_INTELLIGENCE
PUB_016460,POLYMERS_AND_PLASTICS
PUB_016461,ARTIFICIAL_INTELLIGENCE
PUB_016462,BIOMEDICAL_ENGINEERING
PUB_016463,COMPUTER_SCIENCE_APPLICATIONS
PUB_016464,MECHANICAL_ENGINEERING
PUB_016465,ELECTRICAL_AND_ELECTRONIC_ENGINEERING
PUB_016466,INFORMATION_SYSTEMS
PUB_016467,COMPUTER_NETWORKS_AND_COMMUNICATIONS
PUB_016468,ELECTRICAL_AND_ELECTRONIC_ENGINEERING
PUB_016469,ELECTRONIC_OPTICAL_AND_MAGNETIC_MATERIALS
PUB_016470,COMPUTER_VISION_AND_PATTERN_RECOGNITION
PUB_016471,MECHANICAL_ENGINEERING
PUB_016472,CERAMICS_AND_COMPOSITES
PUB_016473,MECHANICAL_ENGINEERING
PUB_016474,MECHANICAL_ENGINEERING
PUB_016475,ARTIFICIAL_INTELLIGENCE
PUB_016476,OCEAN_ENGINEERING
PUB_016477,ARTIFICIAL_INTELLIGENCE
PUB_016478,COMPUTER_VISION_AND_PATTERN_RECOGNITION
PUB_016479,MECHANICAL_ENGINEERING
PUB_016480,BIOMEDICAL_ENGINEERING
PUB_016481,BIOMEDICAL_ENGINEERING
PUB_016482,CIVIL_AND_STRUCTURAL_ENGINEERING
PUB_016483,COMPUTER_VISION_AND_PATTERN_RECOGNITION
PUB_016484,COMPUTER_NETWORKS_AND_COMMUNICATIONS
PUB_016485,MECHANICS_OF_MATERIALS
PUB_016486,MEDIA_TECHNOLOGY
PUB_016487,ELECTRICAL_AND_ELECTRONIC_ENGINEERING
PUB_016488,INFORMATION_SYSTEMS
PUB_016489,ELECTRICAL_AND_ELECTRONIC_ENGINEERING
PUB_016490,ARTIFICIAL_INTELLIGENCE
PUB_016491,MATERIALS_CHEMISTRY
PUB_016492,ARTIFICIAL_INTELLIGENCE
PUB_016493,COMPUTER_NETWORKS_AND_COMMUNICATIONS
PUB_016494,SIGNAL_PROCESSING
PUB_016495,ELECTRICAL_AND_ELECTRONIC_ENGINEERING
PUB_016496,ARTIFICIAL_INTELLIGENCE
PUB_016497,HARDWARE_AND_ARCHITECTURE
PUB_016498,INDUSTRIAL_AND_MANUFACTURING_ENGINEERING
PUB_016499,BUILDING_AND_CONSTRUCTION
PUB_016500,CONTROL_AND_SYSTEMS_ENGINEERING
PUB_016501,BIOMEDICAL_ENGINEERING
PUB_016502,COMPUTATIONAL_MECHANICS
PUB_016503,INFORMATION_SYSTEMS
PUB_016504,POLYMERS_AND_PLASTICS
PUB_016505,ARTIFICIAL_INTELLIGENCE
PUB_016506,BIOMEDICAL_ENGINEERING
PUB_016507,MECHANICAL_ENGINEERING
PUB_016508,COMPUTER_NETWORKS_AND_COMMUNICATIONS
PUB_016509,ELECTRICAL_AND_ELECTRONIC_ENGINEERING
PUB_016510,INFORMATION_SYSTEMS
PUB_016511,COMPUTATIONAL_THEORY_AND_MATHEMATICS
PUB_016512,ELECTRICAL_AND_ELECTRONIC_ENGINEERING
PUB_016513,MECHANICS_OF_MATERIALS
PUB_016514,SIGNAL_PROCESSING
PUB_016515,COMPUTER_VISION_AND_PATTERN_RECOGNITION
PUB_016516,INFORMATION_SYSTEMS
PUB_016517,COMPUTER_VISION_AND_PATTERN_RECOGNITION
PUB_016518,ELECTRICAL_AND_ELECTRONIC_ENGINEERING
PUB_016519,COMPUTER_NETWORKS_AND_COMMUNICATIONS
PUB_016520,COMPUTER_NETWORKS_AND_COMMUNICATIONS
PUB_016521,ARTIFICIAL_INTELLIGENCE
PUB_016522,HUMANCOMPUTER_INTERACTION
PUB_016523,ELECTRICAL_AND_ELECTRONIC_ENGINEERING
PUB_016524,COMPUTER_NETWORKS_AND_COMMUNICATIONS
PUB_016525,ARTIFICIAL_INTELLIGENCE
PUB_016526,COMPUTER_VISION_AND_PATTERN_RECOGNITION
PUB_016527,COMPUTER_VISION_AND_PATTERN_RECOGNITION
PUB_016528,COMPUTATIONAL_MECHANICS
PUB_016529,COMPUTER_VISION_AND_PATTERN_RECOGNITION
PUB_016530,AEROSPACE_ENGINEERING
PUB_016531,BUILDING_AND_CONSTRUCTION
PUB_016532,BUILDING_AND_CONSTRUCTION
PUB_016533,ARTIFICIAL_INTELLIGENCE
PUB_016534,INDUSTRIAL_AND_MANUFACTURING_ENGINEERING
PUB_016535,COMPUTER_VISION_AND_PATTERN_RECOGNITION
PUB_016536,COMPUTER_NETWORKS_AND_COMMUNICATIONS
PUB_016537,COMPUTER_VISION_AND_PATTERN_RECOGNITION
PUB_016538,COMPUTER_NETWORKS_AND_COMMUNICATIONS
PUB_016539,ARTIFICIAL_INTELLIGENCE
PUB_016540,ELECTRICAL_AND_ELECTRONIC_ENGINEERING
PUB_016541,ELECTRICAL_AND_ELECTRONIC_ENGINEERING
PUB_016542,COMPUTER_VISION_AND_PATTERN_RECOGNITION
PUB_016543,ELECTRICAL_AND_ELECTRONIC_ENGINEERING
PUB_016544,ELECTRICAL_AND_ELECTRONIC_ENGINEERING
PUB_016545,INFORMATION_SYSTEMS
PUB_016546,COMPUTER_VISION_AND_PATTERN_RECOGNITION
PUB_016547,ARTIFICIAL_INTELLIGENCE
PUB_016548,HARDWARE_AND_ARCHITECTURE
PUB_016549,INFORMATION_SYSTEMS
PUB_016550,ARTIFICIAL_INTELLIGENCE
PUB_016551,COMPUTER_NETWORKS_AND_COMMUNICATIONS
PUB_016552,COMPUTER_VISION_AND_PATTERN_RECOGNITION
PUB_016553,COMPUTER_VISION_AND_PATTERN_RECOGNITION
PUB_016554,BUILDING_AND_CONSTRUCTION
PUB_016555,CONTROL_AND_SYSTEMS_ENGINEERING
PUB_016556,COMPUTER_VISION_AND_PATTERN_RECOGNITION
PUB_016557,ARTIFICIAL_INTELLIGENCE
PUB_016558,COMPUTER_VISION_AND_PATTERN_RECOGNITION
PUB_016559,INFORMATION_SYSTEMS
PUB_016560,COMPUTER_NETWORKS_AND_COMMUNICATIONS
PUB_016561,COMPUTER_NETWORKS_AND_COMMUNICATIONS
PUB_016562,ARTIFICIAL_INTELLIGENCE
PUB_016563,INFORMATION_SYSTEMS
PUB_016564,BIOMEDICAL_ENGINEERING
PUB_016565,POLYMERS_AND_PLASTICS
PUB_016566,ELECTRICAL_AND_ELECTRONIC_ENGINEERING
PUB_016567,COMPUTER_NETWORKS_AND_COMMUNICATIONS
PUB_016568,INFORMATION_SYSTEMS
PUB_016569,ELECTRICAL_AND_ELECTRONIC_ENGINEERING
PUB_016570,ELECTRICAL_AND_ELECTRONIC_ENGINEERING
PUB_016571,COMPUTER_NETWORKS_AND_COMMUNICATIONS
PUB_016572,COMPUTATIONAL_THEORY_AND_MATHEMATICS
PUB_016573,AEROSPACE_ENGINEERING
PUB_016574,BIOMEDICAL_ENGINEERING
PUB_016575,COMPUTER_NETWORKS_AND_COMMUNICATIONS
PUB_016576,COMPUTER_NETWORKS_AND_COMMUNICATIONS
PUB_016577,HUMANCOMPUTER_INTERACTION
PUB_016578,COMPUTER_GRAPHICS_AND_COMPUTERAIDED_DESIGN
PUB_016579,ARTIFICIAL_INTELLIGENCE
PUB_016580,HARDWARE_AND_ARCHITECTURE
PUB_016581,SIGNAL_PROCESSING
PUB_016582,COMPUTER_NETWORKS_AND_COMMUNICATIONS
PUB_016583,ELECTRICAL_AND_ELECTRONIC_ENGINEERING
PUB_016584,COMPUTER_VISION_AND_PATTERN_RECOGNITION
PUB_016585,BUILDING_AND_CONSTRUCTION
PUB_016586,ARTIFICIAL_INTELLIGENCE
PUB_016587,ARTIFICIAL_INTELLIGENCE
PUB_016588,COMPUTER_VISION_AND_PATTERN_RECOGNITION
PUB_016589,COMPUTER_NETWORKS_AND_COMMUNICATIONS
PUB_016590,COMPUTATIONAL_THEORY_AND_MATHEMATICS
PUB_016591,ARTIFICIAL_INTELLIGENCE
PUB_016592,ARTIFICIAL_INTELLIGENCE
PUB_016593,MEDIA_TECHNOLOGY
PUB_016594,ARTIFICIAL_INTELLIGENCE
PUB_016595,COMPUTER_NETWORKS_AND_COMMUNICATIONS
PUB_016596,BIOMEDICAL_ENGINEERING
PUB_016597,COMPUTATIONAL_THEORY_AND_MATHEMATICS
PUB_016598,ELECTRICAL_AND_ELECTRONIC_ENGINEERING
PUB_016599,ARTIFICIAL_INTELLIGENCE
PUB_016600,ELECTRICAL_AND_ELECTRONIC_ENGINEERING
PUB_016601,ELECTRICAL_AND_ELECTRONIC_ENGINEERING
PUB_016602,COMPUTATIONAL_THEORY_AND_MATHEMATICS
PUB_016603,INDUSTRIAL_AND_MANUFACTURING_ENGINEERING
PUB_016604,AEROSPACE_ENGINEERING
PUB_016605,ELECTRICAL_AND_ELECTRONIC_ENGINEERING
PUB_016606,INFORMATION_SYSTEMS
PUB_016607,INFORMATION_SYSTEMS
PUB_016608,MATERIALS_CHEMISTRY
PUB_016609,ELECTRICAL_AND_ELECTRONIC_ENGINEERING
PUB_016610,COMPUTER_VISION_AND_PATTERN_RECOGNITION
PUB_016611,BIOMEDICAL_ENGINEERING
PUB_016612,ELECTRICAL_AND_ELECTRONIC_ENGINEERING
PUB_016613,ELECTRICAL_AND_ELECTRONIC_ENGINEERING
PUB_016614,COMPUTER_VISION_AND_PATTERN_RECOGNITION
PUB_016615,ELECTRICAL_AND_ELECTRONIC_ENGINEERING
PUB_016616,ARTIFICIAL_INTELLIGENCE
PUB_016617,SIGNAL_PROCESSING
PUB_016618,COMPUTER_NETWORKS_AND_COMMUNICATIONS
PUB_016619,COMPUTER_VISION_AND_PATTERN_RECOGNITION
PUB_016620,AUTOMOTIVE_ENGINEERING
PUB_016621,MODELING_AND_SIMULATION
PUB_016622,ELECTRICAL_AND_ELECTRONIC_ENGINEERING
PUB_016623,COMPUTER_VISION_AND_PATTERN_RECOGNITION
PUB_016624,SIGNAL_PROCESSING
PUB_016625,ARTIFICIAL_INTELLIGENCE
PUB_016626,ARTIFICIAL_INTELLIGENCE
PUB_016627,HARDWARE_AND_ARCHITECTURE
PUB_016628,ELECTRICAL_AND_ELECTRONIC_ENGINEERING
PUB_016629,MEDIA_TECHNOLOGY
PUB_016630,ARTIFICIAL_INTELLIGENCE
PUB_016631,INFORMATION_SYSTEMS
PUB_016632,COMPUTER_NETWORKS_AND_COMMUNICATIONS
PUB_016633,ARTIFICIAL_INTELLIGENCE
PUB_016634,ELECTRICAL_AND_ELECTRONIC_ENGINEERING
PUB_016635,ELECTRICAL_AND_ELECTRONIC_ENGINEERING
PUB_016636,ARTIFICIAL_INTELLIGENCE
PUB_016637,AEROSPACE_ENGINEERING
PUB_016638,ELECTRICAL_AND_ELECTRONIC_ENGINEERING
PUB_016639,ARTIFICIAL_INTELLIGENCE
PUB_016640,AEROSPACE_ENGINEERING
PUB_016641,INFORMATION_SYSTEMS
PUB_016642,ELECTRICAL_AND_ELECTRONIC_ENGINEERING
PUB_016643,ELECTRICAL_AND_ELECTRONIC_ENGINEERING
PUB_016644,INDUSTRIAL_AND_MANUFACTURING_ENGINEERING
PUB_016645,ARTIFICIAL_INTELLIGENCE
PUB_016646,COMPUTER_SCIENCE_APPLICATIONS
PUB_016647,COMPUTER_NETWORKS_AND_COMMUNICATIONS
PUB_016648,MEDIA_TECHNOLOGY
PUB_016649,BIOMEDICAL_ENGINEERING
PUB_016650,COMPUTER_VISION_AND_PATTERN_RECOGNITION
PUB_016651,HARDWARE_AND_ARCHITECTURE
PUB_016652,INFORMATION_SYSTEMS
PUB_016653,COMPUTER_NETWORKS_AND_COMMUNICATIONS
PUB_016654,COMPUTER_VISION_AND_PATTERN_RECOGNITION
PUB_016655,ARTIFICIAL_INTELLIGENCE
PUB_016656,SOFTWARE
PUB_016657,COMPUTER_VISION_AND_PATTERN_RECOGNITION
PUB_016658,ELECTRICAL_AND_ELECTRONIC_ENGINEERING
PUB_016659,ELECTRICAL_AND_ELECTRONIC_ENGINEERING
PUB_016660,ARTIFICIAL_INTELLIGENCE
PUB_016661,BUILDING_AND_CONSTRUCTION
PUB_016662,ELECTRICAL_AND_ELECTRONIC_ENGINEERING
PUB_016663,COMPUTER_NETWORKS_AND_COMMUNICATIONS
PUB_016664,ARTIFICIAL_INTELLIGENCE
PUB_016665,ELECTRICAL_AND_ELECTRONIC_ENGINEERING
PUB_016666,ELECTRICAL_AND_ELECTRONIC_ENGINEERING
PUB_016667,ARTIFICIAL_INTELLIGENCE
PUB_016668,ARTIFICIAL_INTELLIGENCE
PUB_016669,ELECTRICAL_AND_ELECTRONIC_ENGINEERING
PUB_016670,ELECTRICAL_AND_ELECTRONIC_ENGINEERING
PUB_016671,COMPUTER_NETWORKS_AND_COMMUNICATIONS
PUB_016672,COMPUTER_NETWORKS_AND_COMMUNICATIONS
PUB_016673,COMPUTER_VISION_AND_PATTERN_RECOGNITION
PUB_016674,ARTIFICIAL_INTELLIGENCE
PUB_016675,ARTIFICIAL_INTELLIGENCE
PUB_016676,HARDWARE_AND_ARCHITECTURE
PUB_016677,COMPUTER_NETWORKS_AND_COMMUNICATIONS
PUB_016678,COMPUTER_VISION_AND_PATTERN_RECOGNITION
PUB_016679,COMPUTER_NETWORKS_AND_COMMUNICATIONS
PUB_016680,MECHANICAL_ENGINEERING
PUB_016681,ELECTRICAL_AND_ELECTRONIC_ENGINEERING
PUB_016682,ARTIFICIAL_INTELLIGENCE
PUB_016683,APPLIED_MATHEMATICS
PUB_016684,COMPUTER_NETWORKS_AND_COMMUNICATIONS
PUB_016685,ELECTRICAL_AND_ELECTRONIC_ENGINEERING
PUB_016686,ARTIFICIAL_INTELLIGENCE
PUB_016687,ARTIFICIAL_INTELLIGENCE
PUB_016688,ELECTRICAL_AND_ELECTRONIC_ENGINEERING
PUB_016689,CIVIL_AND_STRUCTURAL_ENGINEERING
PUB_016690,CIVIL_AND_STRUCTURAL_ENGINEERING
PUB_016691,ELECTRICAL_AND_ELECTRONIC_ENGINEERING
PUB_016692,ARTIFICIAL_INTELLIGENCE
PUB_016693,CONTROL_AND_SYSTEMS_ENGINEERING
PUB_016694,MECHANICAL_ENGINEERING
PUB_016695,COMPUTER_VISION_AND_PATTERN_RECOGNITION
PUB_016696,MEDIA_TECHNOLOGY
PUB_016697,INFORMATION_SYSTEMS
PUB_016698,INFORMATION_SYSTEMS
PUB_016699,INFORMATION_SYSTEMS
PUB_016700,HARDWARE_AND_ARCHITECTURE
PUB_016701,COMPUTER_VISION_AND_PATTERN_RECOGNITION
PUB_016702,COMPUTER_VISION_AND_PATTERN_RECOGNITION
PUB_016703,ARTIFICIAL_INTELLIGENCE
PUB_016704,INFORMATION_SYSTEMS
PUB_016705,MEDIA_TECHNOLOGY
PUB_016706,COMPUTATIONAL_MECHANICS
PUB_016707,APPLIED_MATHEMATICS
PUB_016708,ASTRONOMY_AND_ASTROPHYSICS
PUB_016709,AEROSPACE_ENGINEERING
PUB_016710,ELECTRICAL_AND_ELECTRONIC_ENGINEERING
PUB_016711,ARTIFICIAL_INTELLIGENCE
PUB_016712,COMPUTER_NETWORKS_AND_COMMUNICATIONS
PUB_016713,MECHANICAL_ENGINEERING
PUB_016714,SAFETY_RISK_RELIABILITY_AND_QUALITY
PUB_016715,SIGNAL_PROCESSING
PUB_016716,INFORMATION_SYSTEMS
PUB_016717,INDUSTRIAL_AND_MANUFACTURING_ENGINEERING
PUB_016718,INDUSTRIAL_AND_MANUFACTURING_ENGINEERING
PUB_016719,INDUSTRIAL_AND_MANUFACTURING_ENGINEERING
PUB_016720,BUILDING_AND_CONSTRUCTION
PUB_016721,INFORMATION_SYSTEMS
PUB_016722,COMPUTER_NETWORKS_AND_COMMUNICATIONS
PUB_016723,OCEAN_ENGINEERING
PUB_016724,MECHANICAL_ENGINEERING
PUB_016725,INDUSTRIAL_AND_MANUFACTURING_ENGINEERING
PUB_016726,SIGNAL_PROCESSING
PUB_016727,CONTROL_AND_SYSTEMS_ENGINEERING
PUB_016728,COMPUTER_SCIENCE_APPLICATIONS
PUB_016729,COMPUTER_NETWORKS_AND_COMMUNICATIONS
PUB_016730,RENEWABLE_ENERGY_SUSTAINABILITY_AND_THE_ENVIRONMENT
PUB_016731,COMPUTATIONAL_THEORY_AND_MATHEMATICS
PUB_016732,ARTIFICIAL_INTELLIGENCE
PUB_016733,ARTIFICIAL_INTELLIGENCE
PUB_016734,COMPUTER_NETWORKS_AND_COMMUNICATIONS
PUB_016735,COMPUTER_NETWORKS_AND_COMMUNICATIONS
PUB_016736,ELECTRICAL_AND_ELECTRONIC_ENGINEERING
PUB_016737,ARTIFICIAL_INTELLIGENCE
PUB_016738,COMPUTATIONAL_THEORY_AND_MATHEMATICS
PUB_016739,SIGNAL_PROCESSING
PUB_016740,BIOMEDICAL_ENGINEERING
PUB_016741,CIVIL_AND_STRUCTURAL_ENGINEERING
PUB_016742,ARTIFICIAL_INTELLIGENCE
PUB_016743,CIVIL_AND_STRUCTURAL_ENGINEERING
PUB_016744,COMPUTER_VISION_AND_PATTERN_RECOGNITION
PUB_016745,COMPUTER_NETWORKS_AND_COMMUNICATIONS
PUB_016746,COMPUTER_NETWORKS_AND_COMMUNICATIONS
PUB_016747,BIOMEDICAL_ENGINEERING
PUB_016748,COMPUTATIONAL_MECHANICS
PUB_016749,ASTRONOMY_AND_ASTROPHYSICS
PUB_016750,SIGNAL_PROCESSING
PUB_016751,ELECTRICAL_AND_ELECTRONIC_ENGINEERING
PUB_016752,COMPUTER_VISION_AND_PATTERN_RECOGNITION
PUB_016753,BIOMEDICAL_ENGINEERING
PUB_016754,BIOMEDICAL_ENGINEERING
PUB_016755,CIVIL_AND_STRUCTURAL_ENGINEERING
PUB_016756,BUILDING_AND_CONSTRUCTION
PUB_016757,COMPUTER_VISION_AND_PATTERN_RECOGNITION
PUB_016758,MECHANICAL_ENGINEERING
PUB_016759,BIOMEDICAL_ENGINEERING
PUB_016760,AEROSPACE_ENGINEERING
PUB_016761,COMPUTER_VISION_AND_PATTERN_RECOGNITION
PUB_016762,ELECTRICAL_AND_ELECTRONIC_ENGINEERING
PUB_016763,COMPUTER_NETWORKS_AND_COMMUNICATIONS
PUB_016764,SIGNAL_PROCESSING
PUB_016765,INDUSTRIAL_AND_MANUFACTURING_ENGINEERING
PUB_016766,COMPUTER_NETWORKS_AND_COMMUNICATIONS
PUB_016767,ARTIFICIAL_INTELLIGENCE
PUB_016768,BUILDING_AND_CONSTRUCTION
PUB_016769,COMPUTER_VISION_AND_PATTERN_RECOGNITION
PUB_016770,COMPUTER_VISION_AND_PATTERN_RECOGNITION
PUB_016771,MECHANICAL_ENGINEERING
PUB_016772,RENEWABLE_ENERGY_SUSTAINABILITY_AND_THE_ENVIRONMENT
PUB_016773,MECHANICAL_ENGINEERING
PUB_016774,ELECTRICAL_AND_ELECTRONIC_ENGINEERING
PUB_016775,ELECTRICAL_AND_ELECTRONIC_ENGINEERING
PUB_016776,COMPUTER_VISION_AND_PATTERN_RECOGNITION
PUB_016777,COMPUTER_NETWORKS_AND_COMMUNICATIONS
PUB_016778,CONTROL_AND_SYSTEMS_ENGINEERING
PUB_016779,ELECTRICAL_AND_ELECTRONIC_ENGINEERING
PUB_016780,ARTIFICIAL_INTELLIGENCE
PUB_016781,ARTIFICIAL_INTELLIGENCE
PUB_016782,CIVIL_AND_STRUCTURAL_ENGINEERING
PUB_016783,COMPUTER_VISION_AND_PATTERN_RECOGNITION
PUB_016784,OCEAN_ENGINEERING
PUB_016785,MECHANICAL_ENGINEERING
PUB_016786,ELECTRICAL_AND_ELECTRONIC_ENGINEERING
PUB_016787,COMPUTER_VISION_AND_PATTERN_RECOGNITION
PUB_016788,COMPUTER_SCIENCE_APPLICATIONS
PUB_016789,COMPUTER_NETWORKS_AND_COMMUNICATIONS
PUB_016790,MECHANICAL_ENGINEERING
PUB_016791,MECHANICAL_ENGINEERING
PUB_016792,COMPUTER_VISION_AND_PATTERN_RECOGNITION
PUB_016793,MECHANICAL_ENGINEERING
PUB_016794,COMPUTER_VISION_AND_PATTERN_RECOGNITION
PUB_016795,COMPUTER_VISION_AND_PATTERN_RECOGNITION
PUB_016796,ELECTRICAL_AND_ELECTRONIC_ENGINEERING
PUB_016797,AEROSPACE_ENGINEERING
PUB_016798,BUILDING_AND_CONSTRUCTION
PUB_016799,COMPUTER_VISION_AND_PATTERN_RECOGNITION
PUB_016800,MECHANICAL_ENGINEERING
PUB_016801,COMPUTER_VISION_AND_PATTERN_RECOGNITION
PUB_016802,RENEWABLE_ENERGY_SUSTAINABILITY_AND_THE_ENVIRONMENT
PUB_016803,ELECTRICAL_AND_ELECTRONIC_ENGINEERING
PUB_016804,POLYMERS_AND_PLASTICS
PUB_016805,ARTIFICIAL_INTELLIGENCE
PUB_016806,RENEWABLE_ENERGY_SUSTAINABILITY_AND_THE_ENVIRONMENT
PUB_016807,HARDWARE_AND_ARCHITECTURE
PUB_016808,MATERIALS_CHEMISTRY
PUB_016809,MECHANICAL_ENGINEERING
PUB_016810,ELECTRICAL_AND_ELECTRONIC_ENGINEERING
PUB_016811,INFORMATION_SYSTEMS
PUB_016812,ENERGY_ENGINEERING_AND_POWER_TECHNOLOGY
PUB_016813,COMPUTER_SCIENCE_APPLICATIONS
PUB_016814,ELECTRONIC_OPTICAL_AND_MAGNETIC_MATERIALS
PUB_016815,COMPUTER_NETWORKS_AND_COMMUNICATIONS
PUB_016816,ELECTRICAL_AND_ELECTRONIC_ENGINEERING
PUB_016817,MECHANICAL_ENGINEERING
PUB_016818,POLYMERS_AND_PLASTICS
PUB_016819,MECHANICAL_ENGINEERING
PUB_016820,COMPUTER_NETWORKS_AND_COMMUNICATIONS
PUB_016821,ELECTRONIC_OPTICAL_AND_MAGNETIC_MATERIALS
PUB_016822,COMPUTATIONAL_MECHANICS
PUB_016823,COMPUTER_NETWORKS_AND_COMMUNICATIONS
PUB_016824,MEDIA_TECHNOLOGY
PUB_016825,AEROSPACE_ENGINEERING
PUB_016826,MATERIALS_CHEMISTRY
PUB_016827,ARTIFICIAL_INTELLIGENCE
PUB_016828,AEROSPACE_ENGINEERING
PUB_016829,MATERIALS_CHEMISTRY
PUB_016830,MATERIALS_CHEMISTRY
PUB_016831,MATERIALS_CHEMISTRY
PUB_016832,ELECTRONIC_OPTICAL_AND_MAGNETIC_MATERIALS
PUB_016833,INFORMATION_SYSTEMS
PUB_016834,COMPUTER_VISION_AND_PATTERN_RECOGNITION
PUB_016835,BIOMEDICAL_ENGINEERING
PUB_016836,MECHANICAL_ENGINEERING
PUB_016837,MATERIALS_CHEMISTRY
PUB_016838,ARTIFICIAL_INTELLIGENCE
PUB_016839,RENEWABLE_ENERGY_SUSTAINABILITY_AND_THE_ENVIRONMENT
PUB_016840,AUTOMOTIVE_ENGINEERING
PUB_016841,ELECTRICAL_AND_ELECTRONIC_ENGINEERING
PUB_016842,ARTIFICIAL_INTELLIGENCE
PUB_016843,MECHANICS_OF_MATERIALS
PUB_016844,HARDWARE_AND_ARCHITECTURE
PUB_016845,MECHANICAL_ENGINEERING
PUB_016846,COMPUTATIONAL_THEORY_AND_MATHEMATICS
PUB_016847,ELECTRICAL_AND_ELECTRONIC_ENGINEERING
PUB_016848,COMPUTER_NETWORKS_AND_COMMUNICATIONS
PUB_016849,COMPUTER_VISION_AND_PATTERN_RECOGNITION
PUB_016850,ARTIFICIAL_INTELLIGENCE
PUB_016851,COMPUTATIONAL_MECHANICS
PUB_016852,ELECTRICAL_AND_ELECTRONIC_ENGINEERING
PUB_016853,INDUSTRIAL_AND_MANUFACTURING_ENGINEERING
PUB_016854,INFORMATION_SYSTEMS
PUB_016855,MATERIALS_CHEMISTRY
PUB_016856,COMPUTATIONAL_THEORY_AND_MATHEMATICS
PUB_016857,MATERIALS_CHEMISTRY
PUB_016858,HARDWARE_AND_ARCHITECTURE
PUB_016859,CIVIL_AND_STRUCTURAL_ENGINEERING
PUB_016860,BUILDING_AND_CONSTRUCTION
PUB_016861,MECHANICAL_ENGINEERING
PUB_016862,POLYMERS_AND_PLASTICS
PUB_016863,COMPUTATIONAL_THEORY_AND_MATHEMATICS
PUB_016864,CONTROL_AND_SYSTEMS_ENGINEERING
PUB_016865,AEROSPACE_ENGINEERING
PUB_016866,INDUSTRIAL_AND_MANUFACTURING_ENGINEERING
PUB_016867,MECHANICAL_ENGINEERING
PUB_016868,AUTOMOTIVE_ENGINEERING
PUB_016869,INFORMATION_SYSTEMS
PUB_016870,HARDWARE_AND_ARCHITECTURE
PUB_016871,COMPUTER_NETWORKS_AND_COMMUNICATIONS
PUB_016872,COMPUTER_SCIENCE_APPLICATIONS
PUB_016873,ELECTRICAL_AND_ELECTRONIC_ENGINEERING
PUB_016874,MEDIA_TECHNOLOGY
PUB_016875,ELECTRICAL_AND_ELECTRONIC_ENGINEERING
PUB_016876,ELECTRICAL_AND_ELECTRONIC_ENGINEERING
PUB_016877,INFORMATION_SYSTEMS
PUB_016878,SIGNAL_PROCESSING
PUB_016879,ARTIFICIAL_INTELLIGENCE
PUB_016880,COMPUTER_VISION_AND_PATTERN_RECOGNITION
PUB_016881,CERAMICS_AND_COMPOSITES
PUB_016882,INFORMATION_SYSTEMS
PUB_016883,COMPUTER_NETWORKS_AND_COMMUNICATIONS
PUB_016884,COMPUTER_VISION_AND_PATTERN_RECOGNITION
PUB_016885,ARTIFICIAL_INTELLIGENCE
PUB_016886,RENEWABLE_ENERGY_SUSTAINABILITY_AND_THE_ENVIRONMENT
PUB_016887,POLYMERS_AND_PLASTICS
PUB_016888,ELECTRICAL_AND_ELECTRONIC_ENGINEERING
PUB_016889,BIOMEDICAL_ENGINEERING
PUB_016890,ELECTRICAL_AND_ELECTRONIC_ENGINEERING
PUB_016891,ARTIFICIAL_INTELLIGENCE
PUB_016892,MECHANICAL_ENGINEERING
PUB_016893,COMPUTER_NETWORKS_AND_COMMUNICATIONS
PUB_016894,HARDWARE_AND_ARCHITECTURE
PUB_016895,ELECTRICAL_AND_ELECTRONIC_ENGINEERING
PUB_016896,ELECTRICAL_AND_ELECTRONIC_ENGINEERING
PUB_016897,ARTIFICIAL_INTELLIGENCE
PUB_016898,MECHANICAL_ENGINEERING
PUB_016899,ELECTRICAL_AND_ELECTRONIC_ENGINEERING
PUB_016900,INDUSTRIAL_AND_MANUFACTURING_ENGINEERING
PUB_016901,CIVIL_AND_STRUCTURAL_ENGINEERING
PUB_016902,AEROSPACE_ENGINEERING
PUB_016903,ARTIFICIAL_INTELLIGENCE
PUB_016904,ELECTRICAL_AND_ELECTRONIC_ENGINEERING
PUB_016905,MECHANICAL_ENGINEERING
PUB_016906,ELECTRICAL_AND_ELECTRONIC_ENGINEERING
PUB_016907,CONTROL_AND_SYSTEMS_ENGINEERING
PUB_016908,STATISTICAL_AND_NONLINEAR_PHYSICS
PUB_016909,RENEWABLE_ENERGY_SUSTAINABILITY_AND_THE_ENVIRONMENT
PUB_016910,MECHANICS_OF_MATERIALS
PUB_016911,HUMANCOMPUTER_INTERACTION
PUB_016912,SIGNAL_PROCESSING
PUB_016913,COMPUTER_NETWORKS_AND_COMMUNICATIONS
PUB_016914,ELECTRICAL_AND_ELECTRONIC_ENGINEERING
PUB_016915,MECHANICAL_ENGINEERING
PUB_016916,ELECTRICAL_AND_ELECTRONIC_ENGINEERING
PUB_016917,RENEWABLE_ENERGY_SUSTAINABILITY_AND_THE_ENVIRONMENT
PUB_016918,ELECTRICAL_AND_ELECTRONIC_ENGINEERING
PUB_016919,HUMANCOMPUTER_INTERACTION
PUB_016920,SAFETY_RISK_RELIABILITY_AND_QUALITY
PUB_016921,ARTIFICIAL_INTELLIGENCE
PUB_016922,SIGNAL_PROCESSING
PUB_016923,ELECTRICAL_AND_ELECTRONIC_ENGINEERING
PUB_016924,MECHANICAL_ENGINEERING
PUB_016925,MEDIA_TECHNOLOGY
PUB_016926,ARTIFICIAL_INTELLIGENCE
PUB_016927,AUTOMOTIVE_ENGINEERING
PUB_016928,INFORMATION_SYSTEMS
PUB_016929,COMPUTER_NETWORKS_AND_COMMUNICATIONS
PUB_016930,COMPUTER_NETWORKS_AND_COMMUNICATIONS
PUB_016931,HARDWARE_AND_ARCHITECTURE
PUB_016932,ARTIFICIAL_INTELLIGENCE
PUB_016933,ARTIFICIAL_INTELLIGENCE
PUB_016934,ELECTRICAL_AND_ELECTRONIC_ENGINEERING
PUB_016935,ARTIFICIAL_INTELLIGENCE
PUB_016936,COMPUTER_NETWORKS_AND_COMMUNICATIONS
PUB_016937,COMPUTER_VISION_AND_PATTERN_RECOGNITION
PUB_016938,AEROSPACE_ENGINEERING
PUB_016939,ARTIFICIAL_INTELLIGENCE
PUB_016940,COMPUTER_VISION_AND_PATTERN_RECOGNITION
PUB_016941,HARDWARE_AND_ARCHITECTURE
PUB_016942,CIVIL_AND_STRUCTURAL_ENGINEERING
PUB_016943,SIGNAL_PROCESSING
PUB_016944,COMPUTER_VISION_AND_PATTERN_RECOGNITION
PUB_016945,ARTIFICIAL_INTELLIGENCE
PUB_016946,INFORMATION_SYSTEMS
PUB_016947,SIGNAL_PROCESSING
PUB_016948,INDUSTRIAL_AND_MANUFACTURING_ENGINEERING
PUB_016949,BIOMEDICAL_ENGINEERING
PUB_016950,ARTIFICIAL_INTELLIGENCE
PUB_016951,MATERIALS_CHEMISTRY
PUB_016952,COMPUTER_NETWORKS_AND_COMMUNICATIONS
PUB_016953,ELECTRICAL_AND_ELECTRONIC_ENGINEERING
PUB_016954,COMPUTER_NETWORKS_AND_COMMUNICATIONS
PUB_016955,COMPUTER_GRAPHICS_AND_COMPUTERAIDED_DESIGN
PUB_016956,HARDWARE_AND_ARCHITECTURE
PUB_016957,ELECTRICAL_AND_ELECTRONIC_ENGINEERING
PUB_016958,ELECTRICAL_AND_ELECTRONIC_ENGINEERING
PUB_016959,MECHANICAL_ENGINEERING
PUB_016960,CIVIL_AND_STRUCTURAL_ENGINEERING
PUB_016961,ARTIFICIAL_INTELLIGENCE
PUB_016962,INDUSTRIAL_AND_MANUFACTURING_ENGINEERING
PUB_016963,COMPUTER_NETWORKS_AND_COMMUNICATIONS
PUB_016964,MATERIALS_CHEMISTRY
PUB_016965,MATERIALS_CHEMISTRY
PUB_016966,BIOMEDICAL_ENGINEERING
PUB_016967,HARDWARE_AND_ARCHITECTURE
PUB_016968,HARDWARE_AND_ARCHITECTURE
PUB_016969,COMPUTER_NETWORKS_AND_COMMUNICATIONS
PUB_016970,COMPUTER_NETWORKS_AND_COMMUNICATIONS
PUB_016971,BIOMEDICAL_ENGINEERING
PUB_016972,COMPUTER_NETWORKS_AND_COMMUNICATIONS
PUB_016973,ARTIFICIAL_INTELLIGENCE
PUB_016974,SIGNAL_PROCESSING
PUB_016975,ARTIFICIAL_INTELLIGENCE
PUB_016976,MATERIALS_CHEMISTRY
PUB_016977,COMPUTATIONAL_THEORY_AND_MATHEMATICS
PUB_016978,CIVIL_AND_STRUCTURAL_ENGINEERING
PUB_016979,COMPUTATIONAL_THEORY_AND_MATHEMATICS
PUB_016980,ATOMIC_AND_MOLECULAR_PHYSICS_AND_OPTICS
PUB_016981,ELECTRICAL_AND_ELECTRONIC_ENGINEERING
PUB_016982,INFORMATION_SYSTEMS
PUB_016983,SOFTWARE
PUB_016984,MATERIALS_CHEMISTRY
PUB_016985,ARTIFICIAL_INTELLIGENCE
PUB_016986,MECHANICAL_ENGINEERING
PUB_016987,COMPUTER_VISION_AND_PATTERN_RECOGNITION
PUB_016988,BUILDING_AND_CONSTRUCTION
PUB_016989,COMPUTER_VISION_AND_PATTERN_RECOGNITION
PUB_016990,ELECTRICAL_AND_ELECTRONIC_ENGINEERING
PUB_016991,COMPUTER_VISION_AND_PATTERN_RECOGNITION
PUB_016992,COMPUTER_VISION_AND_PATTERN_RECOGNITION
PUB_016993,ELECTRICAL_AND_ELECTRONIC_ENGINEERING
PUB_016994,BUILDING_AND_CONSTRUCTION
PUB_016995,ELECTRICAL_AND_ELECTRONIC_ENGINEERING
PUB_016996,HARDWARE_AND_ARCHITECTURE
PUB_016997,ARTIFICIAL_INTELLIGENCE
PUB_016998,ELECTRICAL_AND_ELECTRONIC_ENGINEERING
PUB_016999,ELECTRICAL_AND_ELECTRONIC_ENGINEERING
PUB_017000,MECHANICAL_ENGINEERING
PUB_017001,ELECTRICAL_AND_ELECTRONIC_ENGINEERING
PUB_017002,BIOMEDICAL_ENGINEERING
PUB_017003,ELECTRICAL_AND_ELECTRONIC_ENGINEERING
PUB_017004,ELECTRICAL_AND_ELECTRONIC_ENGINEERING
PUB_017005,ELECTRICAL_AND_ELECTRONIC_ENGINEERING
PUB_017006,COMPUTER_VISION_AND_PATTERN_RECOGNITION
PUB_017007,ELECTRICAL_AND_ELECTRONIC_ENGINEERING
PUB_017008,HARDWARE_AND_ARCHITECTURE
PUB_017009,BUILDING_AND_CONSTRUCTION
PUB_017010,ARTIFICIAL_INTELLIGENCE
PUB_017011,ELECTRICAL_AND_ELECTRONIC_ENGINEERING
PUB_017012,COMPUTER_NETWORKS_AND_COMMUNICATIONS
PUB_017013,MECHANICAL_ENGINEERING
PUB_017014,BIOMEDICAL_ENGINEERING
PUB_017015,ARTIFICIAL_INTELLIGENCE
PUB_017016,ARTIFICIAL_INTELLIGENCE
PUB_017017,COMPUTER_VISION_AND_PATTERN_RECOGNITION
PUB_017018,COMPUTER_VISION_AND_PATTERN_RECOGNITION
PUB_017019,AEROSPACE_ENGINEERING
PUB_017020,BIOMEDICAL_ENGINEERING
PUB_017021,MECHANICAL_ENGINEERING
PUB_017022,AEROSPACE_ENGINEERING
PUB_017023,AEROSPACE_ENGINEERING
PUB_017024,INFORMATION_SYSTEMS
PUB_017025,COMPUTER_NETWORKS_AND_COMMUNICATIONS
PUB_017026,COMPUTER_NETWORKS_AND_COMMUNICATIONS
PUB_017027,ARTIFICIAL_INTELLIGENCE
PUB_017028,INFORMATION_SYSTEMS
PUB_017029,COMPUTER_NETWORKS_AND_COMMUNICATIONS
PUB_017030,INFORMATION_SYSTEMS
PUB_017031,COMPUTER_VISION_AND_PATTERN_RECOGNITION
PUB_017032,MECHANICAL_ENGINEERING
PUB_017033,ELECTRICAL_AND_ELECTRONIC_ENGINEERING
PUB_017034,HUMANCOMPUTER_INTERACTION
PUB_017035,ARTIFICIAL_INTELLIGENCE
PUB_017036,BIOMEDICAL_ENGINEERING
PUB_017037,STATISTICAL_AND_NONLINEAR_PHYSICS
PUB_017038,ELECTRICAL_AND_ELECTRONIC_ENGINEERING
PUB_017039,ELECTRICAL_AND_ELECTRONIC_ENGINEERING
PUB_017040,HUMANCOMPUTER_INTERACTION
PUB_017041,MECHANICAL_ENGINEERING
PUB_017042,ELECTRICAL_AND_ELECTRONIC_ENGINEERING
PUB_017043,MEDIA_TECHNOLOGY
PUB_017044,CIVIL_AND_STRUCTURAL_ENGINEERING
PUB_017045,ARTIFICIAL_INTELLIGENCE
PUB_017046,INFORMATION_SYSTEMS
PUB_017047,COMPUTER_NETWORKS_AND_COMMUNICATIONS
PUB_017048,ELECTRICAL_AND_ELECTRONIC_ENGINEERING
PUB_017049,COMPUTER_VISION_AND_PATTERN_RECOGNITION
PUB_017050,BUILDING_AND_CONSTRUCTION
PUB_017051,BIOMATERIALS
PUB_017052,MECHANICS_OF_MATERIALS
PUB_017053,ELECTRICAL_AND_ELECTRONIC_ENGINEERING
PUB_017054,COMPUTER_NETWORKS_AND_COMMUNICATIONS
PUB_017055,BUILDING_AND_CONSTRUCTION
PUB_017056,COMPUTATIONAL_MECHANICS
PUB_017057,MECHANICAL_ENGINEERING
PUB_017058,BIOMEDICAL_ENGINEERING
PUB_017059,COMPUTER_NETWORKS_AND_COMMUNICATIONS
PUB_017060,AEROSPACE_ENGINEERING
PUB_017061,COMPUTATIONAL_THEORY_AND_MATHEMATICS
PUB_017062,ARTIFICIAL_INTELLIGENCE
PUB_017063,BUILDING_AND_CONSTRUCTION
PUB_017064,BUILDING_AND_CONSTRUCTION
PUB_017065,ARTIFICIAL_INTELLIGENCE
PUB_017066,ARTIFICIAL_INTELLIGENCE
PUB_017067,INFORMATION_SYSTEMS
PUB_017068,COMPUTER_VISION_AND_PATTERN_RECOGNITION
PUB_017069,COMPUTER_VISION_AND_PATTERN_RECOGNITION
PUB_017070,COMPUTER_VISION_AND_PATTERN_RECOGNITION
PUB_017071,MECHANICAL_ENGINEERING
PUB_017072,COMPUTATIONAL_THEORY_AND_MATHEMATICS
PUB_017073,HUMANCOMPUTER_INTERACTION
PUB_017074,SIGNAL_PROCESSING
PUB_017075,ARTIFICIAL_INTELLIGENCE
PUB_017076,COMPUTER_SCIENCE_APPLICATIONS
PUB_017077,ELECTRONIC_OPTICAL_AND_MAGNETIC_MATERIALS
PUB_017078,CONTROL_AND_SYSTEMS_ENGINEERING
PUB_017079,COMPUTER_VISION_AND_PATTERN_RECOGNITION
PUB_017080,ARTIFICIAL_INTELLIGENCE
PUB_017081,INFORMATION_SYSTEMS
PUB_017082,COMPUTER_NETWORKS_AND_COMMUNICATIONS
PUB_017083,INFORMATION_SYSTEMS
PUB_017084,COMPUTER_VISION_AND_PATTERN_RECOGNITION
PUB_017085,ELECTRICAL_AND_ELECTRONIC_ENGINEERING
PUB_017086,BIOMEDICAL_ENGINEERING
PUB_017087,AEROSPACE_ENGINEERING
PUB_017088,MECHANICS_OF_MATERIALS
PUB_017089,ELECTRICAL_AND_ELECTRONIC_ENGINEERING
PUB_017090,COMPUTER_VISION_AND_PATTERN_RECOGNITION
PUB_017091,COMPUTATIONAL_MECHANICS
PUB_017092,OCEAN_ENGINEERING
PUB_017093,BUILDING_AND_CONSTRUCTION
PUB_017094,INDUSTRIAL_AND_MANUFACTURING_ENGINEERING
PUB_017095,COMPUTER_NETWORKS_AND_COMMUNICATIONS
PUB_017096,ARTIFICIAL_INTELLIGENCE
PUB_017097,ARTIFICIAL_INTELLIGENCE
PUB_017098,COMPUTER_VISION_AND_PATTERN_RECOGNITION
PUB_017099,COMPUTER_VISION_AND_PATTERN_RECOGNITION
PUB_017100,HARDWARE_AND_ARCHITECTURE
PUB_017101,HUMANCOMPUTER_INTERACTION
PUB_017102,HUMANCOMPUTER_INTERACTION
PUB_017103,SAFETY_RISK_RELIABILITY_AND_QUALITY
PUB_017104,ARTIFICIAL_INTELLIGENCE
PUB_017105,AUTOMOTIVE_ENGINEERING
PUB_017106,ARTIFICIAL_INTELLIGENCE
PUB_017107,COMPUTER_VISION_AND_PATTERN_RECOGNITION
PUB_017108,COMPUTER_VISION_AND_PATTERN_RECOGNITION
PUB_017109,BIOMEDICAL_ENGINEERING
PUB_017110,COMPUTATIONAL_MECHANICS
PUB_017111,COMPUTER_VISION_AND_PATTERN_RECOGNITION
PUB_017112,INFORMATION_SYSTEMS
PUB_017113,ELECTRICAL_AND_ELECTRONIC_ENGINEERING
PUB_017114,COMPUTER_SCIENCE_APPLICATIONS
PUB_017115,CIVIL_AND_STRUCTURAL_ENGINEERING
PUB_017116,ELECTRICAL_AND_ELECTRONIC_ENGINEERING
PUB_017117,STATISTICAL_AND_NONLINEAR_PHYSICS
PUB_017118,ELECTRICAL_AND_ELECTRONIC_ENGINEERING
PUB_017119,CIVIL_AND_STRUCTURAL_ENGINEERING
PUB_017120,CIVIL_AND_STRUCTURAL_ENGINEERING
PUB_017121,COMPUTER_VISION_AND_PATTERN_RECOGNITION
PUB_017122,COMPUTER_NETWORKS_AND_COMMUNICATIONS
PUB_017123,ARTIFICIAL_INTELLIGENCE
PUB_017124,ELECTRICAL_AND_ELECTRONIC_ENGINEERING
PUB_017125,COMPUTER_NETWORKS_AND_COMMUNICATIONS
PUB_017126,RENEWABLE_ENERGY_SUSTAINABILITY_AND_THE_ENVIRONMENT
PUB_017127,ELECTRONIC_OPTICAL_AND_MAGNETIC_MATERIALS
PUB_017128,MECHANICAL_ENGINEERING
PUB_017129,ARTIFICIAL_INTELLIGENCE
PUB_017130,BIOMATERIALS
PUB_017131,MECHANICAL_ENGINEERING
PUB_017132,COMPUTATIONAL_MECHANICS
PUB_017133,MECHANICAL_ENGINEERING
PUB_017134,AUTOMOTIVE_ENGINEERING
PUB_017135,ATOMIC_AND_MOLECULAR_PHYSICS_AND_OPTICS
PUB_017136,BIOMEDICAL_ENGINEERING
PUB_017137,COMPUTER_NETWORKS_AND_COMMUNICATIONS
PUB_017138,BIOMEDICAL_ENGINEERING
PUB_017139,ARTIFICIAL_INTELLIGENCE
PUB_017140,BUILDING_AND_CONSTRUCTION
PUB_017141,ARTIFICIAL_INTELLIGENCE
PUB_017142,AEROSPACE_ENGINEERING
PUB_017143,COMPUTATIONAL_THEORY_AND_MATHEMATICS
PUB_017144,INFORMATION_SYSTEMS
PUB_017145,ARTIFICIAL_INTELLIGENCE
PUB_017146,COMPUTER_NETWORKS_AND_COMMUNICATIONS
PUB_017147,ELECTRICAL_AND_ELECTRONIC_ENGINEERING
PUB_017148,HUMANCOMPUTER_INTERACTION
PUB_017149,INDUSTRIAL_AND_MANUFACTURING_ENGINEERING
PUB_017150,ELECTRICAL_AND_ELECTRONIC_ENGINEERING
PUB_017151,ARTIFICIAL_INTELLIGENCE
PUB_017152,ELECTRICAL_AND_ELECTRONIC_ENGINEERING
PUB_017153,ELECTRICAL_AND_ELECTRONIC_ENGINEERING
PUB_017154,INDUSTRIAL_AND_MANUFACTURING_ENGINEERING
PUB_017155,INFORMATION_SYSTEMS
PUB_017156,INFORMATION_SYSTEMS
PUB_017157,ARTIFICIAL_INTELLIGENCE
PUB_017158,MEDIA_TECHNOLOGY
PUB_017159,MEDIA_TECHNOLOGY
PUB_017160,ELECTRICAL_AND_ELECTRONIC_ENGINEERING
PUB_017161,HUMANCOMPUTER_INTERACTION
PUB_017162,BIOMEDICAL_ENGINEERING
PUB_017163,ELECTRICAL_AND_ELECTRONIC_ENGINEERING
PUB_017164,COMPUTER_VISION_AND_PATTERN_RECOGNITION
PUB_017165,ELECTRICAL_AND_ELECTRONIC_ENGINEERING
PUB_017166,INFORMATION_SYSTEMS
PUB_017167,MATHEMATICAL_PHYSICS
PUB_017168,HARDWARE_AND_ARCHITECTURE
PUB_017169,AEROSPACE_ENGINEERING
PUB_017170,INFORMATION_SYSTEMS
PUB_017171,COMPUTER_VISION_AND_PATTERN_RECOGNITION
PUB_017172,COMPUTER_VISION_AND_PATTERN_RECOGNITION
PUB_017173,INFORMATION_SYSTEMS
PUB_017174,COMPUTER_NETWORKS_AND_COMMUNICATIONS
PUB_017175,COMPUTER_VISION_AND_PATTERN_RECOGNITION
PUB_017176,ELECTRICAL_AND_ELECTRONIC_ENGINEERING
PUB_017177,ARTIFICIAL_INTELLIGENCE
PUB_017178,HARDWARE_AND_ARCHITECTURE
PUB_017179,ARTIFICIAL_INTELLIGENCE
PUB_017180,COMPUTER_NETWORKS_AND_COMMUNICATIONS
PUB_017181,BIOMEDICAL_ENGINEERING
PUB_017182,ELECTRICAL_AND_ELECTRONIC_ENGINEERING
PUB_017183,COMPUTER_NETWORKS_AND_COMMUNICATIONS
PUB_017184,HARDWARE_AND_ARCHITECTURE
PUB_017185,ELECTRICAL_AND_ELECTRONIC_ENGINEERING
PUB_017186,ELECTRICAL_AND_ELECTRONIC_ENGINEERING
PUB_017187,ARTIFICIAL_INTELLIGENCE
PUB_017188,MATERIALS_CHEMISTRY
PUB_017189,AUTOMOTIVE_ENGINEERING
PUB_017190,ARTIFICIAL_INTELLIGENCE
PUB_017191,ARTIFICIAL_INTELLIGENCE
PUB_017192,COMPUTER_VISION_AND_PATTERN_RECOGNITION
PUB_017193,INFORMATION_SYSTEMS
PUB_017194,COMPUTER_VISION_AND_PATTERN_RECOGNITION
PUB_017195,COMPUTATIONAL_THEORY_AND_MATHEMATICS
PUB_017196,HARDWARE_AND_ARCHITECTURE
PUB_017197,STATISTICAL_AND_NONLINEAR_PHYSICS
PUB_017198,INFORMATION_SYSTEMS
PUB_017199,ARTIFICIAL_INTELLIGENCE
PUB_017200,ARTIFICIAL_INTELLIGENCE
PUB_017201,AUTOMOTIVE_ENGINEERING
PUB_017202,ELECTRICAL_AND_ELECTRONIC_ENGINEERING
PUB_017203,MECHANICAL_ENGINEERING
PUB_017204,ELECTRICAL_AND_ELECTRONIC_ENGINEERING
PUB_017205,COMPUTER_VISION_AND_PATTERN_RECOGNITION
PUB_017206,SIGNAL_PROCESSING
PUB_017207,SAFETY_RISK_RELIABILITY_AND_QUALITY
PUB_017208,MATERIALS_CHEMISTRY
PUB_017209,POLYMERS_AND_PLASTICS
PUB_017210,CONTROL_AND_SYSTEMS_ENGINEERING
PUB_017211,ELECTRICAL_AND_ELECTRONIC_ENGINEERING
PUB_017212,MATERIALS_CHEMISTRY
PUB_017213,POLYMERS_AND_PLASTICS
PUB_017214,COMPUTER_SCIENCE_APPLICATIONS
PUB_017215,MEDIA_TECHNOLOGY
PUB_017216,MECHANICAL_ENGINEERING
PUB_017217,ELECTRONIC_OPTICAL_AND_MAGNETIC_MATERIALS
PUB_017218,ARTIFICIAL_INTELLIGENCE
PUB_017219,ARTIFICIAL_INTELLIGENCE
PUB_017220,ELECTRICAL_AND_ELECTRONIC_ENGINEERING
PUB_017221,ARTIFICIAL_INTELLIGENCE
PUB_017222,BIOMEDICAL_ENGINEERING
PUB_017223,MATERIALS_CHEMISTRY
PUB_017224,MECHANICAL_ENGINEERING
PUB_017225,BIOMEDICAL_ENGINEERING
PUB_017226,COMPUTATIONAL_THEORY_AND_MATHEMATICS
PUB_017227,HARDWARE_AND_ARCHITECTURE
PUB_017228,BIOMEDICAL_ENGINEERING
PUB_017229,COMPUTATIONAL_MECHANICS
PUB_017230,AEROSPACE_ENGINEERING
PUB_017231,ARTIFICIAL_INTELLIGENCE
PUB_017232,ARTIFICIAL_INTELLIGENCE
PUB_017233,RENEWABLE_ENERGY_SUSTAINABILITY_AND_THE_ENVIRONMENT
PUB_017234,MATERIALS_CHEMISTRY
PUB_017235,COMPUTER_VISION_AND_PATTERN_RECOGNITION
PUB_017236,ELECTRICAL_AND_ELECTRONIC_ENGINEERING
PUB_017237,POLYMERS_AND_PLASTICS
PUB_017238,POLYMERS_AND_PLASTICS
PUB_017239,RENEWABLE_ENERGY_SUSTAINABILITY_AND_THE_ENVIRONMENT
PUB_017240,RENEWABLE_ENERGY_SUSTAINABILITY_AND_THE_ENVIRONMENT
PUB_017241,ENERGY_ENGINEERING_AND_POWER_TECHNOLOGY
PUB_017242,AEROSPACE_ENGINEERING
PUB_017243,SIGNAL_PROCESSING
PUB_017244,INFORMATION_SYSTEMS
PUB_017245,POLYMERS_AND_PLASTICS
PUB_017246,BIOMEDICAL_ENGINEERING
PUB_017247,ARTIFICIAL_INTELLIGENCE
PUB_017248,MECHANICAL_ENGINEERING
PUB_017249,INFORMATION_SYSTEMS
PUB_017250,MEDIA_TECHNOLOGY
PUB_017251,COMPUTATIONAL_THEORY_AND_MATHEMATICS
PUB_017252,MECHANICAL_ENGINEERING
PUB_017253,CIVIL_AND_STRUCTURAL_ENGINEERING
PUB_017254,OCEAN_ENGINEERING
PUB_017255,ELECTRICAL_AND_ELECTRONIC_ENGINEERING
PUB_017256,BIOMATERIALS
PUB_017257,CIVIL_AND_STRUCTURAL_ENGINEERING
PUB_017258,ELECTRICAL_AND_ELECTRONIC_ENGINEERING
PUB_017259,MECHANICAL_ENGINEERING
PUB_017260,BIOMEDICAL_ENGINEERING
PUB_017261,AUTOMOTIVE_ENGINEERING
PUB_017262,BIOMEDICAL_ENGINEERING
PUB_017263,CIVIL_AND_STRUCTURAL_ENGINEERING
PUB_017264,INFORMATION_SYSTEMS
PUB_017265,ELECTRICAL_AND_ELECTRONIC_ENGINEERING
PUB_017266,COMPUTATIONAL_THEORY_AND_MATHEMATICS
PUB_017267,ARTIFICIAL_INTELLIGENCE
PUB_017268,COMPUTER_VISION_AND_PATTERN_RECOGNITION
PUB_017269,MATERIALS_CHEMISTRY
PUB_017270,MECHANICS_OF_MATERIALS
PUB_017271,ARTIFICIAL_INTELLIGENCE
PUB_017272,POLYMERS_AND_PLASTICS
PUB_017273,INFORMATION_SYSTEMS
PUB_017274,DISCRETE_MATHEMATICS_AND_COMBINATORICS
PUB_017275,ELECTRICAL_AND_ELECTRONIC_ENGINEERING
PUB_017276,ELECTRICAL_AND_ELECTRONIC_ENGINEERING
PUB_017277,COMPUTER_VISION_AND_PATTERN_RECOGNITION
PUB_017278,COMPUTER_NETWORKS_AND_COMMUNICATIONS
PUB_017279,HARDWARE_AND_ARCHITECTURE
PUB_017280,COMPUTER_VISION_AND_PATTERN_RECOGNITION
PUB_017281,MATERIALS_CHEMISTRY
PUB_017282,ELECTRICAL_AND_ELECTRONIC_ENGINEERING
PUB_017283,AEROSPACE_ENGINEERING
PUB_017284,ARTIFICIAL_INTELLIGENCE
PUB_017285,COMPUTATIONAL_THEORY_AND_MATHEMATICS
PUB_017286,HUMANCOMPUTER_INTERACTION
PUB_017287,COMPUTER_VISION_AND_PATTERN_RECOGNITION
PUB_017288,HUMANCOMPUTER_INTERACTION
PUB_017289,BIOMEDICAL_ENGINEERING
PUB_017290,ELECTRICAL_AND_ELECTRONIC_ENGINEERING
PUB_017291,BIOMEDICAL_ENGINEERING
PUB_017292,HARDWARE_AND_ARCHITECTURE
PUB_017293,COMPUTER_NETWORKS_AND_COMMUNICATIONS
PUB_017294,INFORMATION_SYSTEMS
PUB_017295,MECHANICAL_ENGINEERING
PUB_017296,COMPUTER_VISION_AND_PATTERN_RECOGNITION
PUB_017297,AEROSPACE_ENGINEERING
PUB_017298,INFORMATION_SYSTEMS
PUB_017299,ELECTRICAL_AND_ELECTRONIC_ENGINEERING
PUB_017300,COMPUTER_VISION_AND_PATTERN_RECOGNITION
PUB_017301,ELECTRICAL_AND_ELECTRONIC_ENGINEERING
PUB_017302,ELECTRICAL_AND_ELECTRONIC_ENGINEERING
PUB_017303,COMPUTER_NETWORKS_AND_COMMUNICATIONS
PUB_017304,INFORMATION_SYSTEMS
PUB_017305,ELECTRICAL_AND_ELECTRONIC_ENGINEERING
PUB_017306,COMPUTER_VISION_AND_PATTERN_RECOGNITION
PUB_017307,ELECTRICAL_AND_ELECTRONIC_ENGINEERING
PUB_017308,ELECTRICAL_AND_ELECTRONIC_ENGINEERING
PUB_017309,ELECTRICAL_AND_ELECTRONIC_ENGINEERING
PUB_017310,ELECTRICAL_AND_ELECTRONIC_ENGINEERING
PUB_017311,ELECTRICAL_AND_ELECTRONIC_ENGINEERING
PUB_017312,ELECTRICAL_AND_ELECTRONIC_ENGINEERING
PUB_017313,ARTIFICIAL_INTELLIGENCE
PUB_017314,COMPUTER_NETWORKS_AND_COMMUNICATIONS
PUB_017315,INFORMATION_SYSTEMS
PUB_017316,MEDIA_TECHNOLOGY
PUB_017317,ELECTRICAL_AND_ELECTRONIC_ENGINEERING
PUB_017318,COMPUTER_NETWORKS_AND_COMMUNICATIONS
PUB_017319,COMPUTER_VISION_AND_PATTERN_RECOGNITION
PUB_017320,CIVIL_AND_STRUCTURAL_ENGINEERING
PUB_017321,BIOMEDICAL_ENGINEERING
PUB_017322,INFORMATION_SYSTEMS
PUB_017323,AEROSPACE_ENGINEERING
PUB_017324,COMPUTER_VISION_AND_PATTERN_RECOGNITION
PUB_017325,ARTIFICIAL_INTELLIGENCE
PUB_017326,MECHANICAL_ENGINEERING
PUB_017327,ELECTRICAL_AND_ELECTRONIC_ENGINEERING
PUB_017328,HARDWARE_AND_ARCHITECTURE
PUB_017329,AEROSPACE_ENGINEERING
PUB_017330,BIOMEDICAL_ENGINEERING
PUB_017331,COMPUTER_VISION_AND_PATTERN_RECOGNITION
PUB_017332,ELECTRICAL_AND_ELECTRONIC_ENGINEERING
PUB_017333,ELECTRICAL_AND_ELECTRONIC_ENGINEERING
PUB_017334,ARTIFICIAL_INTELLIGENCE
PUB_017335,CONTROL_AND_SYSTEMS_ENGINEERING
PUB_017336,ELECTRICAL_AND_ELECTRONIC_ENGINEERING
PUB_017337,COMPUTER_NETWORKS_AND_COMMUNICATIONS
PUB_017338,HARDWARE_AND_ARCHITECTURE
PUB_017339,CIVIL_AND_STRUCTURAL_ENGINEERING
PUB_017340,COMPUTER_VISION_AND_PATTERN_RECOGNITION
PUB_017341,ARTIFICIAL_INTELLIGENCE
PUB_017342,ARTIFICIAL_INTELLIGENCE
PUB_017343,INFORMATION_SYSTEMS
PUB_017344,CIVIL_AND_STRUCTURAL_ENGINEERING
PUB_017345,MATERIALS_CHEMISTRY
PUB_017346,INFORMATION_SYSTEMS
PUB_017347,CONTROL_AND_SYSTEMS_ENGINEERING
PUB_017348,COMPUTER_VISION_AND_PATTERN_RECOGNITION
PUB_017349,BUILDING_AND_CONSTRUCTION
PUB_017350,ARTIFICIAL_INTELLIGENCE
PUB_017351,POLYMERS_AND_PLASTICS
PUB_017352,INFORMATION_SYSTEMS
PUB_017353,ARTIFICIAL_INTELLIGENCE
PUB_017354,INFORMATION_SYSTEMS
PUB_017355,MEDIA_TECHNOLOGY
PUB_017356,COMPUTER_NETWORKS_AND_COMMUNICATIONS
PUB_017357,ELECTRICAL_AND_ELECTRONIC_ENGINEERING
PUB_017358,INDUSTRIAL_AND_MANUFACTURING_ENGINEERING
PUB_017359,COMPUTATIONAL_MECHANICS
PUB_017360,MECHANICAL_ENGINEERING
PUB_017361,COMPUTER_VISION_AND_PATTERN_RECOGNITION
PUB_017362,ELECTRICAL_AND_ELECTRONIC_ENGINEERING
PUB_017363,INDUSTRIAL_AND_MANUFACTURING_ENGINEERING
PUB_017364,OCEAN_ENGINEERING
PUB_017365,INFORMATION_SYSTEMS
PUB_017366,COMPUTER_VISION_AND_PATTERN_RECOGNITION
PUB_017367,ELECTRICAL_AND_ELECTRONIC_ENGINEERING
PUB_017368,COMPUTER_SCIENCE_APPLICATIONS
PUB_017369,ARTIFICIAL_INTELLIGENCE
PUB_017370,BUILDING_AND_CONSTRUCTION
PUB_017371,COMPUTER_NETWORKS_AND_COMMUNICATIONS
PUB_017372,CERAMICS_AND_COMPOSITES
PUB_017373,COMPUTER_VISION_AND_PATTERN_RECOGNITION
PUB_017374,COMPUTATIONAL_THEORY_AND_MATHEMATICS
PUB_017375,MECHANICAL_ENGINEERING
PUB_017376,MECHANICAL_ENGINEERING
PUB_017377,COMPUTER_VISION_AND_PATTERN_RECOGNITION
PUB_017378,BIOMEDICAL_ENGINEERING
PUB_017379,COMPUTATIONAL_THEORY_AND_MATHEMATICS
PUB_017380,INFORMATION_SYSTEMS
PUB_017381,ELECTRICAL_AND_ELECTRONIC_ENGINEERING
PUB_017382,ELECTRICAL_AND_ELECTRONIC_ENGINEERING
PUB_017383,ELECTRICAL_AND_ELECTRONIC_ENGINEERING
PUB_017384,SIGNAL_PROCESSING
PUB_017385,SIGNAL_PROCESSING
PUB_017386,BIOMEDICAL_ENGINEERING
PUB_017387,BIOMEDICAL_ENGINEERING
PUB_017388,HARDWARE_AND_ARCHITECTURE
PUB_017389,BIOMEDICAL_ENGINEERING
PUB_017390,ARTIFICIAL_INTELLIGENCE
PUB_017391,ARTIFICIAL_INTELLIGENCE
PUB_017392,RENEWABLE_ENERGY_SUSTAINABILITY_AND_THE_ENVIRONMENT
PUB_017393,ELECTRICAL_AND_ELECTRONIC_ENGINEERING
PUB_017394,ARTIFICIAL_INTELLIGENCE
PUB_017395,SAFETY_RISK_RELIABILITY_AND_QUALITY
PUB_017396,AUTOMOTIVE_ENGINEERING
PUB_017397,ELECTRICAL_AND_ELECTRONIC_ENGINEERING
PUB_017398,HUMANCOMPUTER_INTERACTION
PUB_017399,DISCRETE_MATHEMATICS_AND_COMBINATORICS
PUB_017400,ELECTRICAL_AND_ELECTRONIC_ENGINEERING
PUB_017401,HARDWARE_AND_ARCHITECTURE
PUB_017402,INFORMATION_SYSTEMS
PUB_017403,COMPUTER_GRAPHICS_AND_COMPUTERAIDED_DESIGN
PUB_017404,ARTIFICIAL_INTELLIGENCE
PUB_017405,ARTIFICIAL_INTELLIGENCE
PUB_017406,MEDIA_TECHNOLOGY
PUB_017407,COMPUTER_VISION_AND_PATTERN_RECOGNITION
PUB_017408,INFORMATION_SYSTEMS
PUB_017409,BIOMEDICAL_ENGINEERING
PUB_017410,INDUSTRIAL_AND_MANUFACTURING_ENGINEERING
PUB_017411,SIGNAL_PROCESSING
PUB_017412,SIGNAL_PROCESSING
PUB_017413,CIVIL_AND_STRUCTURAL_ENGINEERING
PUB_017414,COMPUTER_VISION_AND_PATTERN_RECOGNITION
PUB_017415,ARTIFICIAL_INTELLIGENCE
PUB_017416,AEROSPACE_ENGINEERING
PUB_017417,ARTIFICIAL_INTELLIGENCE
PUB_017418,CIVIL_AND_STRUCTURAL_ENGINEERING
PUB_017419,ELECTRICAL_AND_ELECTRONIC_ENGINEERING
PUB_017420,ELECTRICAL_AND_ELECTRONIC_ENGINEERING
PUB_017421,ARTIFICIAL_INTELLIGENCE
PUB_017422,COMPUTATIONAL_THEORY_AND_MATHEMATICS
PUB_017423,AEROSPACE_ENGINEERING
PUB_017424,SIGNAL_PROCESSING
PUB_017425,ELECTRICAL_AND_ELECTRONIC_ENGINEERING
PUB_017426,COMPUTER_VISION_AND_PATTERN_RECOGNITION
PUB_017427,ARTIFICIAL_INTELLIGENCE
PUB_017428,ELECTRICAL_AND_ELECTRONIC_ENGINEERING
PUB_017429,BIOMEDICAL_ENGINEERING
PUB_017430,HARDWARE_AND_ARCHITECTURE
PUB_017431,ELECTRICAL_AND_ELECTRONIC_ENGINEERING
PUB_017432,ELECTRICAL_AND_ELECTRONIC_ENGINEERING
PUB_017433,ARTIFICIAL_INTELLIGENCE
PUB_017434,ARTIFICIAL_INTELLIGENCE
PUB_017435,ELECTRICAL_AND_ELECTRONIC_ENGINEERING
PUB_017436,COMPUTER_VISION_AND_PATTERN_RECOGNITION
PUB_017437,ELECTRICAL_AND_ELECTRONIC_ENGINEERING
PUB_017438,MECHANICAL_ENGINEERING
PUB_017439,BIOMEDICAL_ENGINEERING
PUB_017440,COMPUTER_NETWORKS_AND_COMMUNICATIONS
PUB_017441,INDUSTRIAL_AND_MANUFACTURING_ENGINEERING
PUB_017442,AUTOMOTIVE_ENGINEERING
PUB_017443,AUTOMOTIVE_ENGINEERING
PUB_017444,RENEWABLE_ENERGY_SUSTAINABILITY_AND_THE_ENVIRONMENT
PUB_017445,COMPUTER_VISION_AND_PATTERN_RECOGNITION
PUB_017446,COMPUTER_NETWORKS_AND_COMMUNICATIONS
PUB_017447,ARTIFICIAL_INTELLIGENCE
PUB_017448,ARTIFICIAL_INTELLIGENCE
PUB_017449,COMPUTER_VISION_AND_PATTERN_RECOGNITION
PUB_017450,COMPUTER_NETWORKS_AND_COMMUNICATIONS
PUB_017451,ARTIFICIAL_INTELLIGENCE
PUB_017452,ELECTRICAL_AND_ELECTRONIC_ENGINEERING
PUB_017453,INDUSTRIAL_AND_MANUFACTURING_ENGINEERING
PUB_017454,ELECTRICAL_AND_ELECTRONIC_ENGINEERING
PUB_017455,COMPUTER_VISION_AND_PATTERN_RECOGNITION
PUB_017456,SIGNAL_PROCESSING
PUB_017457,OCEAN_ENGINEERING
PUB_017458,BIOMEDICAL_ENGINEERING
PUB_017459,HARDWARE_AND_ARCHITECTURE
PUB_017460,ELECTRICAL_AND_ELECTRONIC_ENGINEERING
PUB_017461,AEROSPACE_ENGINEERING
PUB_017462,ELECTRICAL_AND_ELECTRONIC_ENGINEERING
PUB_017463,ARTIFICIAL_INTELLIGENCE
PUB_017464,BIOMEDICAL_ENGINEERING
PUB_017465,CIVIL_AND_STRUCTURAL_ENGINEERING
PUB_017466,CIVIL_AND_STRUCTURAL_ENGINEERING
PUB_017467,BUILDING_AND_CONSTRUCTION
PUB_017468,ELECTRICAL_AND_ELECTRONIC_ENGINEERING
PUB_017469,BUILDING_AND_CONSTRUCTION
PUB_017470,ELECTRICAL_AND_ELECTRONIC_ENGINEERING
PUB_017471,ELECTRICAL_AND_ELECTRONIC_ENGINEERING
PUB_017472,ELECTRICAL_AND_ELECTRONIC_ENGINEERING
PUB_017473,ELECTRICAL_AND_ELECTRONIC_ENGINEERING
PUB_017474,INFORMATION_SYSTEMS
PUB_017475,BIOMEDICAL_ENGINEERING
PUB_017476,INFORMATION_SYSTEMS
PUB_017477,COMPUTER_NETWORKS_AND_COMMUNICATIONS
PUB_017478,COMPUTER_VISION_AND_PATTERN_RECOGNITION
PUB_017479,CONTROL_AND_SYSTEMS_ENGINEERING
PUB_017480,ELECTRICAL_AND_ELECTRONIC_ENGINEERING
PUB_017481,ARTIFICIAL_INTELLIGENCE
PUB_017482,BIOMEDICAL_ENGINEERING
PUB_017483,BIOMEDICAL_ENGINEERING
PUB_017484,INFORMATION_SYSTEMS
PUB_017485,COMPUTER_VISION_AND_PATTERN_RECOGNITION
PUB_017486,COMPUTER_VISION_AND_PATTERN_RECOGNITION
PUB_017487,COMPUTER_VISION_AND_PATTERN_RECOGNITION
PUB_017488,ELECTRICAL_AND_ELECTRONIC_ENGINEERING
PUB_017489,STATISTICAL_AND_NONLINEAR_PHYSICS
PUB_017490,COMPUTER_VISION_AND_PATTERN_RECOGNITION
PUB_017491,ELECTRICAL_AND_ELECTRONIC_ENGINEERING
PUB_017492,BIOMEDICAL_ENGINEERING
PUB_017493,BUILDING_AND_CONSTRUCTION
PUB_017494,COMPUTER_VISION_AND_PATTERN_RECOGNITION
PUB_017495,AUTOMOTIVE_ENGINEERING
PUB_017496,MECHANICAL_ENGINEERING
PUB_017497,AUTOMOTIVE_ENGINEERING
PUB_017498,ELECTRICAL_AND_ELECTRONIC_ENGINEERING
PUB_017499,ELECTRICAL_AND_ELECTRONIC_ENGINEERING
PUB_017500,SIGNAL_PROCESSING
PUB_017501,SAFETY_RISK_RELIABILITY_AND_QUALITY
PUB_017502,ELECTRICAL_AND_ELECTRONIC_ENGINEERING
PUB_017503,ELECTRICAL_AND_ELECTRONIC_ENGINEERING
PUB_017504,ELECTRICAL_AND_ELECTRONIC_ENGINEERING
PUB_017505,ARTIFICIAL_INTELLIGENCE
PUB_017506,MECHANICAL_ENGINEERING
PUB_017507,COMPUTER_NETWORKS_AND_COMMUNICATIONS
PUB_017508,OCEAN_ENGINEERING
PUB_017509,COMPUTER_VISION_AND_PATTERN_RECOGNITION
PUB_017510,MECHANICAL_ENGINEERING
PUB_017511,INFORMATION_SYSTEMS
PUB_017512,ELECTRICAL_AND_ELECTRONIC_ENGINEERING
PUB_017513,ELECTRICAL_AND_ELECTRONIC_ENGINEERING
PUB_017514,COMPUTER_VISION_AND_PATTERN_RECOGNITION
PUB_017515,ARTIFICIAL_INTELLIGENCE
PUB_017516,MECHANICAL_ENGINEERING
PUB_017517,MECHANICS_OF_MATERIALS
PUB_017518,MEDIA_TECHNOLOGY
PUB_017519,ARTIFICIAL_INTELLIGENCE
PUB_017520,INFORMATION_SYSTEMS
PUB_017521,COMPUTER_VISION_AND_PATTERN_RECOGNITION
PUB_017522,INFORMATION_SYSTEMS
PUB_017523,COMPUTER_NETWORKS_AND_COMMUNICATIONS
PUB_017524,ARTIFICIAL_INTELLIGENCE
PUB_017525,COMPUTER_NETWORKS_AND_COMMUNICATIONS
PUB_017526,INFORMATION_SYSTEMS
PUB_017527,COMPUTER_VISION_AND_PATTERN_RECOGNITION
PUB_017528,ARTIFICIAL_INTELLIGENCE
PUB_017529,AEROSPACE_ENGINEERING
PUB_017530,ARTIFICIAL_INTELLIGENCE
PUB_017531,COMPUTER_NETWORKS_AND_COMMUNICATIONS
PUB_017532,COMPUTER_NETWORKS_AND_COMMUNICATIONS
PUB_017533,BIOMEDICAL_ENGINEERING
PUB_017534,ELECTRICAL_AND_ELECTRONIC_ENGINEERING
PUB_017535,INFORMATION_SYSTEMS
PUB_017536,SOFTWARE
PUB_017537,ELECTRICAL_AND_ELECTRONIC_ENGINEERING
PUB_017538,ELECTRICAL_AND_ELECTRONIC_ENGINEERING
PUB_017539,BIOMEDICAL_ENGINEERING
PUB_017540,INFORMATION_SYSTEMS
PUB_017541,COMPUTER_NETWORKS_AND_COMMUNICATIONS
PUB_017542,COMPUTATIONAL_MECHANICS
PUB_017543,ATOMIC_AND_MOLECULAR_PHYSICS_AND_OPTICS
PUB_017544,MODELING_AND_SIMULATION
PUB_017545,COMPUTER_VISION_AND_PATTERN_RECOGNITION
PUB_017546,BIOMEDICAL_ENGINEERING
PUB_017547,INFORMATION_SYSTEMS
PUB_017548,INFORMATION_SYSTEMS
PUB_017549,BIOMEDICAL_ENGINEERING
PUB_017550,CONTROL_AND_SYSTEMS_ENGINEERING
PUB_017551,INDUSTRIAL_AND_MANUFACTURING_ENGINEERING
PUB_017552,INDUSTRIAL_AND_MANUFACTURING_ENGINEERING
PUB_017553,INDUSTRIAL_AND_MANUFACTURING_ENGINEERING
PUB_017554,INDUSTRIAL_AND_MANUFACTURING_ENGINEERING
PUB_017555,MECHANICAL_ENGINEERING
PUB_017556,RENEWABLE_ENERGY_SUSTAINABILITY_AND_THE_ENVIRONMENT
PUB_017557,COMPUTER_VISION_AND_PATTERN_RECOGNITION
PUB_017558,COMPUTER_NETWORKS_AND_COMMUNICATIONS
PUB_017559,COMPUTER_VISION_AND_PATTERN_RECOGNITION
PUB_017560,COMPUTER_NETWORKS_AND_COMMUNICATIONS
PUB_017561,ARCHITECTURE
PUB_017562,COMPUTER_VISION_AND_PATTERN_RECOGNITION
PUB_017563,MATERIALS_CHEMISTRY
PUB_017564,POLYMERS_AND_PLASTICS
PUB_017565,ARTIFICIAL_INTELLIGENCE
PUB_017566,CIVIL_AND_STRUCTURAL_ENGINEERING
PUB_017567,INFORMATION_SYSTEMS
PUB_017568,CONTROL_AND_SYSTEMS_ENGINEERING
PUB_017569,BIOMEDICAL_ENGINEERING
PUB_017570,COMPUTER_NETWORKS_AND_COMMUNICATIONS
PUB_017571,ELECTRICAL_AND_ELECTRONIC_ENGINEERING
PUB_017572,ARTIFICIAL_INTELLIGENCE
PUB_017573,AUTOMOTIVE_ENGINEERING
PUB_017574,COMPUTER_VISION_AND_PATTERN_RECOGNITION
PUB_017575,COMPUTER_VISION_AND_PATTERN_RECOGNITION
PUB_017576,INDUSTRIAL_AND_MANUFACTURING_ENGINEERING
PUB_017577,COMPUTER_VISION_AND_PATTERN_RECOGNITION
PUB_017578,MECHANICAL_ENGINEERING
PUB_017579,CONTROL_AND_SYSTEMS_ENGINEERING
PUB_017580,ELECTRICAL_AND_ELECTRONIC_ENGINEERING
PUB_017581,BIOMEDICAL_ENGINEERING
PUB_017582,ELECTRICAL_AND_ELECTRONIC_ENGINEERING
PUB_017583,ELECTRICAL_AND_ELECTRONIC_ENGINEERING
PUB_017584,BIOMEDICAL_ENGINEERING
PUB_017585,ELECTRICAL_AND_ELECTRONIC_ENGINEERING
PUB_017586,ARTIFICIAL_INTELLIGENCE
PUB_017587,AUTOMOTIVE_ENGINEERING
PUB_017588,HUMANCOMPUTER_INTERACTION
PUB_017589,AEROSPACE_ENGINEERING
PUB_017590,MEDIA_TECHNOLOGY
PUB_017591,POLYMERS_AND_PLASTICS
PUB_017592,COMPUTER_VISION_AND_PATTERN_RECOGNITION
PUB_017593,COMPUTER_NETWORKS_AND_COMMUNICATIONS
PUB_017594,MATERIALS_CHEMISTRY
PUB_017595,COMPUTER_VISION_AND_PATTERN_RECOGNITION
PUB_017596,MECHANICAL_ENGINEERING
PUB_017597,COMPUTER_SCIENCE_APPLICATIONS
PUB_017598,COMPUTER_SCIENCE_APPLICATIONS
PUB_017599,BIOMEDICAL_ENGINEERING
PUB_017600,ARTIFICIAL_INTELLIGENCE
PUB_017601,COMPUTER_VISION_AND_PATTERN_RECOGNITION
PUB_017602,ELECTRICAL_AND_ELECTRONIC_ENGINEERING
PUB_017603,CONTROL_AND_SYSTEMS_ENGINEERING
PUB_017604,COMPUTER_VISION_AND_PATTERN_RECOGNITION
PUB_017605,ARTIFICIAL_INTELLIGENCE
PUB_017606,RENEWABLE_ENERGY_SUSTAINABILITY_AND_THE_ENVIRONMENT
PUB_017607,COMPUTER_SCIENCE_APPLICATIONS
PUB_017608,ARTIFICIAL_INTELLIGENCE
PUB_017609,BIOMEDICAL_ENGINEERING
PUB_017610,HUMANCOMPUTER_INTERACTION
PUB_017611,HUMANCOMPUTER_INTERACTION
PUB_017612,COMPUTER_VISION_AND_PATTERN_RECOGNITION
PUB_017613,COMPUTER_VISION_AND_PATTERN_RECOGNITION
PUB_017614,COMPUTER_VISION_AND_PATTERN_RECOGNITION
PUB_017615,SIGNAL_PROCESSING
PUB_017616,ELECTRICAL_AND_ELECTRONIC_ENGINEERING
PUB_017617,COMPUTER_NETWORKS_AND_COMMUNICATIONS
PUB_017618,COMPUTER_VISION_AND_PATTERN_RECOGNITION
PUB_017619,CIVIL_AND_STRUCTURAL_ENGINEERING
PUB_017620,MATERIALS_CHEMISTRY
PUB_017621,COMPUTER_NETWORKS_AND_COMMUNICATIONS
PUB_017622,ARTIFICIAL_INTELLIGENCE
PUB_017623,ELECTRICAL_AND_ELECTRONIC_ENGINEERING
PUB_017624,ARTIFICIAL_INTELLIGENCE
PUB_017625,ARTIFICIAL_INTELLIGENCE
PUB_017626,ELECTRICAL_AND_ELECTRONIC_ENGINEERING
PUB_017627,ARTIFICIAL_INTELLIGENCE
PUB_017628,ELECTRICAL_AND_ELECTRONIC_ENGINEERING
PUB_017629,ARTIFICIAL_INTELLIGENCE
PUB_017630,ARTIFICIAL_INTELLIGENCE
PUB_017631,ARTIFICIAL_INTELLIGENCE
PUB_017632,ELECTRICAL_AND_ELECTRONIC_ENGINEERING
PUB_017633,ARTIFICIAL_INTELLIGENCE
PUB_017634,COMPUTER_NETWORKS_AND_COMMUNICATIONS
PUB_017635,HARDWARE_AND_ARCHITECTURE
PUB_017636,AEROSPACE_ENGINEERING
PUB_017637,CONTROL_AND_SYSTEMS_ENGINEERING
PUB_017638,MEDIA_TECHNOLOGY
PUB_017639,ARTIFICIAL_INTELLIGENCE
PUB_017640,ARTIFICIAL_INTELLIGENCE
PUB_017641,ARTIFICIAL_INTELLIGENCE
PUB_017642,INFORMATION_SYSTEMS
PUB_017643,COMPUTER_VISION_AND_PATTERN_RECOGNITION
PUB_017644,SIGNAL_PROCESSING
PUB_017645,COMPUTER_NETWORKS_AND_COMMUNICATIONS
PUB_017646,SIGNAL_PROCESSING
PUB_017647,INFORMATION_SYSTEMS
PUB_017648,COMPUTER_VISION_AND_PATTERN_RECOGNITION
PUB_017649,COMPUTATIONAL_THEORY_AND_MATHEMATICS
PUB_017650,HUMANCOMPUTER_INTERACTION
PUB_017651,COMPUTER_NETWORKS_AND_COMMUNICATIONS
PUB_017652,COMPUTER_NETWORKS_AND_COMMUNICATIONS
PUB_017653,COMPUTER_NETWORKS_AND_COMMUNICATIONS
PUB_017654,ARTIFICIAL_INTELLIGENCE
PUB_017655,COMPUTER_NETWORKS_AND_COMMUNICATIONS
PUB_017656,ELECTRICAL_AND_ELECTRONIC_ENGINEERING
PUB_017657,INFORMATION_SYSTEMS
PUB_017658,ELECTRICAL_AND_ELECTRONIC_ENGINEERING
PUB_017659,ELECTRICAL_AND_ELECTRONIC_ENGINEERING
PUB_017660,CERAMICS_AND_COMPOSITES
PUB_017661,AEROSPACE_ENGINEERING
PUB_017662,HUMANCOMPUTER_INTERACTION
PUB_017663,CONTROL_AND_SYSTEMS_ENGINEERING
PUB_017664,COMPUTER_VISION_AND_PATTERN_RECOGNITION
PUB_017665,AUTOMOTIVE_ENGINEERING
PUB_017666,COMPUTER_NETWORKS_AND_COMMUNICATIONS
PUB_017667,ARTIFICIAL_INTELLIGENCE
PUB_017668,ARTIFICIAL_INTELLIGENCE
PUB_017669,ARTIFICIAL_INTELLIGENCE
PUB_017670,ARTIFICIAL_INTELLIGENCE
PUB_017671,CONTROL_AND_SYSTEMS_ENGINEERING
PUB_017672,COMPUTER_VISION_AND_PATTERN_RECOGNITION
PUB_017673,ELECTRICAL_AND_ELECTRONIC_ENGINEERING
PUB_017674,ARTIFICIAL_INTELLIGENCE
PUB_017675,ELECTRICAL_AND_ELECTRONIC_ENGINEERING
PUB_017676,ELECTRICAL_AND_ELECTRONIC_ENGINEERING
PUB_017677,ELECTRICAL_AND_ELECTRONIC_ENGINEERING
PUB_017678,MEDIA_TECHNOLOGY
PUB_017679,AUTOMOTIVE_ENGINEERING
PUB_017680,INFORMATION_SYSTEMS
PUB_017681,ELECTRICAL_AND_ELECTRONIC_ENGINEERING
PUB_017682,MECHANICAL_ENGINEERING
PUB_017683,INFORMATION_SYSTEMS
PUB_017684,INFORMATION_SYSTEMS
PUB_017685,COMPUTER_NETWORKS_AND_COMMUNICATIONS
PUB_017686,COMPUTER_VISION_AND_PATTERN_RECOGNITION
PUB_017687,ELECTRICAL_AND_ELECTRONIC_ENGINEERING
PUB_017688,CIVIL_AND_STRUCTURAL_ENGINEERING
PUB_017689,ELECTRICAL_AND_ELECTRONIC_ENGINEERING
PUB_017690,COMPUTER_VISION_AND_PATTERN_RECOGNITION
PUB_017691,ARTIFICIAL_INTELLIGENCE
PUB_017692,ARTIFICIAL_INTELLIGENCE
PUB_017693,CONTROL_AND_SYSTEMS_ENGINEERING
PUB_017694,COMPUTER_VISION_AND_PATTERN_RECOGNITION
PUB_017695,COMPUTER_VISION_AND_PATTERN_RECOGNITION
PUB_017696,SAFETY_RISK_RELIABILITY_AND_QUALITY
PUB_017697,MEDIA_TECHNOLOGY
PUB_017698,COMPUTER_NETWORKS_AND_COMMUNICATIONS
PUB_017699,ARTIFICIAL_INTELLIGENCE
PUB_017700,ELECTRICAL_AND_ELECTRONIC_ENGINEERING
PUB_017701,ARTIFICIAL_INTELLIGENCE
PUB_017702,CONTROL_AND_SYSTEMS_ENGINEERING
PUB_017703,COMPUTER_VISION_AND_PATTERN_RECOGNITION
PUB_017704,CONTROL_AND_SYSTEMS_ENGINEERING
PUB_017705,CONTROL_AND_SYSTEMS_ENGINEERING
PUB_017706,ARTIFICIAL_INTELLIGENCE
PUB_017707,RENEWABLE_ENERGY_SUSTAINABILITY_AND_THE_ENVIRONMENT
PUB_017708,ARTIFICIAL_INTELLIGENCE
PUB_017709,COMPUTER_NETWORKS_AND_COMMUNICATIONS
PUB_017710,INFORMATION_SYSTEMS
PUB_017711,ELECTRICAL_AND_ELECTRONIC_ENGINEERING
PUB_017712,COMPUTER_VISION_AND_PATTERN_RECOGNITION
PUB_017713,HARDWARE_AND_ARCHITECTURE
PUB_017714,COMPUTER_NETWORKS_AND_COMMUNICATIONS
PUB_017715,COMPUTER_VISION_AND_PATTERN_RECOGNITION
PUB_017716,COMPUTER_VISION_AND_PATTERN_RECOGNITION
PUB_017717,BIOMEDICAL_ENGINEERING
PUB_017718,ELECTRICAL_AND_ELECTRONIC_ENGINEERING
PUB_017719,SOFTWARE
PUB_017720,ARTIFICIAL_INTELLIGENCE
PUB_017721,COMPUTER_VISION_AND_PATTERN_RECOGNITION
PUB_017722,ARTIFICIAL_INTELLIGENCE
PUB_017723,COMPUTER_NETWORKS_AND_COMMUNICATIONS
PUB_017724,COMPUTER_NETWORKS_AND_COMMUNICATIONS
PUB_017725,COMPUTER_NETWORKS_AND_COMMUNICATIONS
PUB_017726,ARTIFICIAL_INTELLIGENCE
PUB_017727,HUMANCOMPUTER_INTERACTION
PUB_017728,COMPUTER_NETWORKS_AND_COMMUNICATIONS
PUB_017729,ELECTRONIC_OPTICAL_AND_MAGNETIC_MATERIALS
PUB_017730,ARTIFICIAL_INTELLIGENCE
PUB_017731,ELECTRICAL_AND_ELECTRONIC_ENGINEERING
PUB_017732,ELECTRICAL_AND_ELECTRONIC_ENGINEERING
PUB_017733,ELECTRICAL_AND_ELECTRONIC_ENGINEERING
PUB_017734,UNKNOWN
PUB_017735,UNKNOWN
PUB_017736,UNKNOWN
PUB_017737,UNKNOWN
PUB_017738,UNKNOWN
PUB_017739,UNKNOWN
PUB_017740,UNKNOWN
PUB_017741,UNKNOWN
PUB_017742,UNKNOWN
PUB_017743,UNKNOWN
PUB_017744,UNKNOWN
PUB_017745,UNKNOWN
PUB_017746,UNKNOWN
PUB_017747,UNKNOWN
PUB_017748,UNKNOWN
PUB_017749,UNKNOWN
PUB_017750,UNKNOWN
PUB_017751,UNKNOWN
PUB_017752,UNKNOWN
PUB_017753,UNKNOWN
PUB_017754,UNKNOWN
PUB_017755,UNKNOWN
PUB_017756,UNKNOWN
PUB_017757,UNKNOWN
PUB_017758,UNKNOWN
PUB_017759,UNKNOWN
PUB_017760,UNKNOWN
PUB_017761,UNKNOWN
PUB_017762,UNKNOWN
PUB_017763,UNKNOWN
PUB_017764,UNKNOWN
PUB_017765,UNKNOWN
PUB_017766,UNKNOWN
PUB_017767,UNKNOWN
PUB_017768,UNKNOWN
PUB_017769,UNKNOWN
PUB_017770,UNKNOWN
PUB_017771,UNKNOWN
PUB_017772,UNKNOWN
PUB_017773,UNKNOWN
PUB_017774,UNKNOWN
PUB_017775,UNKNOWN
PUB_017776,UNKNOWN
PUB_017777,UNKNOWN
PUB_017778,UNKNOWN
PUB_017779,UNKNOWN
PUB_017780,UNKNOWN
PUB_017781,UNKNOWN
PUB_017782,UNKNOWN
PUB_017783,UNKNOWN
PUB_017784,UNKNOWN
PUB_017785,UNKNOWN
PUB_017786,UNKNOWN
PUB_017787,UNKNOWN
PUB_017788,UNKNOWN
PUB_017789,UNKNOWN
PUB_017790,UNKNOWN
PUB_017791,UNKNOWN
PUB_017792,UNKNOWN
PUB_017793,UNKNOWN
PUB_017794,UNKNOWN
PUB_017795,UNKNOWN
PUB_017796,UNKNOWN
PUB_017797,UNKNOWN
PUB_017798,UNKNOWN
PUB_017799,UNKNOWN
PUB_017800,UNKNOWN
PUB_017801,UNKNOWN
PUB_017802,UNKNOWN
PUB_017803,UNKNOWN
PUB_017804,UNKNOWN
PUB_017805,UNKNOWN
PUB_017806,UNKNOWN
PUB_017807,UNKNOWN
PUB_017808,UNKNOWN
PUB_017809,UNKNOWN
PUB_017810,UNKNOWN
PUB_017811,UNKNOWN
PUB_017812,UNKNOWN
PUB_017813,UNKNOWN
PUB_017814,UNKNOWN
PUB_017815,UNKNOWN
PUB_017816,UNKNOWN
PUB_017817,UNKNOWN
PUB_017818,UNKNOWN
PUB_017819,UNKNOWN
PUB_017820,UNKNOWN
PUB_017821,UNKNOWN
PUB_017822,UNKNOWN
PUB_017823,UNKNOWN
PUB_017824,UNKNOWN
PUB_017825,UNKNOWN
PUB_017826,UNKNOWN
PUB_017827,UNKNOWN
PUB_017828,UNKNOWN
PUB_017829,UNKNOWN
PUB_017830,UNKNOWN
PUB_017831,UNKNOWN
PUB_017832,UNKNOWN
PUB_017833,UNKNOWN
PUB_017834,UNKNOWN
PUB_017835,UNKNOWN
PUB_017836,UNKNOWN
PUB_017837,UNKNOWN
PUB_017838,UNKNOWN
PUB_017839,UNKNOWN
PUB_017840,UNKNOWN
PUB_017841,UNKNOWN
PUB_017842,UNKNOWN
PUB_017843,UNKNOWN
PUB_017844,UNKNOWN
PUB_017845,UNKNOWN
PUB_017846,UNKNOWN
PUB_017847,UNKNOWN
PUB_017848,UNKNOWN
PUB_017849,UNKNOWN
PUB_017850,UNKNOWN
PUB_017851,UNKNOWN
PUB_017852,UNKNOWN
PUB_017853,UNKNOWN
PUB_017854,UNKNOWN
PUB_017855,UNKNOWN
PUB_017856,UNKNOWN
PUB_017857,UNKNOWN
PUB_017858,UNKNOWN
PUB_017859,UNKNOWN
PUB_017860,UNKNOWN
PUB_017861,UNKNOWN
PUB_017862,UNKNOWN
PUB_017863,UNKNOWN
PUB_017864,UNKNOWN
PUB_017865,UNKNOWN
PUB_017866,UNKNOWN
PUB_017867,UNKNOWN
PUB_017868,UNKNOWN
PUB_017869,UNKNOWN
PUB_017870,UNKNOWN
PUB_017871,UNKNOWN
PUB_017872,UNKNOWN
PUB_017873,UNKNOWN
PUB_017874,UNKNOWN
PUB_017875,UNKNOWN
PUB_017876,UNKNOWN
PUB_017877,UNKNOWN
PUB_017878,UNKNOWN
PUB_017879,UNKNOWN
PUB_017880,UNKNOWN
PUB_017881,UNKNOWN
PUB_017882,UNKNOWN
PUB_017883,UNKNOWN
PUB_017884,UNKNOWN
PUB_017885,UNKNOWN
PUB_017886,UNKNOWN
PUB_017887,UNKNOWN
PUB_017888,UNKNOWN
PUB_017889,UNKNOWN
PUB_017890,UNKNOWN
PUB_017891,UNKNOWN
PUB_017892,UNKNOWN
PUB_017893,UNKNOWN
PUB_017894,UNKNOWN
PUB_017895,UNKNOWN
PUB_017896,UNKNOWN
PUB_017897,UNKNOWN
PUB_017898,UNKNOWN
PUB_017899,UNKNOWN
PUB_017900,UNKNOWN
PUB_017901,UNKNOWN
PUB_017902,UNKNOWN
PUB_017903,UNKNOWN
PUB_017904,UNKNOWN
PUB_017905,UNKNOWN
PUB_017906,UNKNOWN
PUB_017907,UNKNOWN
PUB_017908,UNKNOWN
PUB_017909,UNKNOWN
PUB_017910,UNKNOWN
PUB_017911,UNKNOWN
PUB_017912,UNKNOWN
PUB_017913,UNKNOWN
PUB_017914,UNKNOWN
PUB_017915,UNKNOWN
PUB_017916,UNKNOWN
PUB_017917,UNKNOWN
PUB_017918,UNKNOWN
PUB_017919,UNKNOWN
PUB_017920,UNKNOWN
PUB_017921,UNKNOWN
PUB_017922,UNKNOWN
PUB_017923,UNKNOWN
PUB_017924,UNKNOWN
PUB_017925,UNKNOWN
PUB_017926,UNKNOWN
PUB_017927,UNKNOWN
PUB_017928,UNKNOWN
PUB_017929,UNKNOWN
PUB_017930,UNKNOWN
PUB_017931,UNKNOWN
PUB_017932,UNKNOWN
PUB_017933,UNKNOWN
PUB_017934,UNKNOWN
PUB_017935,UNKNOWN
PUB_017936,UNKNOWN
PUB_017937,UNKNOWN
PUB_017938,UNKNOWN
PUB_017939,UNKNOWN
PUB_017940,UNKNOWN
PUB_017941,UNKNOWN
PUB_017942,UNKNOWN
PUB_017943,UNKNOWN
PUB_017944,UNKNOWN
PUB_017945,UNKNOWN
PUB_017946,UNKNOWN
PUB_017947,UNKNOWN
PUB_017948,UNKNOWN
PUB_017949,UNKNOWN
PUB_017950,UNKNOWN
PUB_017951,UNKNOWN
PUB_017952,UNKNOWN
PUB_017953,UNKNOWN
PUB_017954,UNKNOWN
PUB_017955,UNKNOWN
PUB_017956,UNKNOWN
PUB_017957,UNKNOWN
PUB_017958,UNKNOWN
PUB_017959,UNKNOWN
PUB_017960,UNKNOWN
PUB_017961,UNKNOWN
PUB_017962,UNKNOWN
PUB_017963,UNKNOWN
PUB_017964,UNKNOWN
PUB_017965,UNKNOWN
PUB_017966,UNKNOWN
PUB_017967,UNKNOWN
PUB_017968,UNKNOWN
PUB_017969,UNKNOWN
PUB_017970,UNKNOWN
PUB_017971,UNKNOWN
PUB_017972,UNKNOWN
PUB_017973,UNKNOWN
PUB_017974,UNKNOWN
PUB_017975,UNKNOWN
PUB_017976,UNKNOWN
PUB_017977,UNKNOWN
PUB_017978,UNKNOWN
PUB_017979,UNKNOWN
PUB_017980,UNKNOWN
PUB_017981,UNKNOWN
PUB_017982,UNKNOWN
PUB_017983,UNKNOWN
PUB_017984,UNKNOWN
PUB_017985,UNKNOWN
PUB_017986,UNKNOWN
PUB_017987,UNKNOWN
PUB_017988,UNKNOWN
PUB_017989,UNKNOWN
PUB_017990,UNKNOWN
PUB_017991,UNKNOWN
PUB_017992,UNKNOWN
PUB_017993,UNKNOWN
PUB_017994,UNKNOWN
PUB_017995,UNKNOWN
PUB_017996,UNKNOWN
PUB_017997,UNKNOWN
PUB_017998,UNKNOWN
PUB_017999,UNKNOWN
PUB_018000,UNKNOWN
PUB_018001,UNKNOWN
PUB_018002,UNKNOWN
PUB_018003,UNKNOWN
PUB_018004,UNKNOWN
PUB_018005,UNKNOWN
PUB_018006,UNKNOWN
PUB_018007,UNKNOWN
PUB_018008,UNKNOWN
PUB_018009,UNKNOWN
PUB_018010,UNKNOWN
PUB_018011,UNKNOWN
PUB_018012,UNKNOWN
PUB_018013,UNKNOWN
PUB_018014,UNKNOWN
PUB_018015,UNKNOWN
PUB_018016,UNKNOWN
PUB_018017,UNKNOWN
PUB_018018,UNKNOWN
PUB_018019,UNKNOWN
PUB_018020,UNKNOWN
PUB_018021,UNKNOWN
PUB_018022,UNKNOWN
PUB_018023,UNKNOWN
PUB_018024,UNKNOWN
PUB_018025,UNKNOWN
PUB_018026,UNKNOWN
PUB_018027,UNKNOWN
PUB_018028,UNKNOWN
PUB_018029,UNKNOWN
PUB_018030,UNKNOWN
PUB_018031,UNKNOWN
PUB_018032,UNKNOWN
PUB_018033,UNKNOWN
PUB_018034,UNKNOWN
PUB_018035,UNKNOWN
PUB_018036,UNKNOWN
PUB_018037,UNKNOWN
PUB_018038,UNKNOWN
PUB_018039,UNKNOWN
PUB_018040,UNKNOWN
PUB_018041,UNKNOWN
PUB_018042,UNKNOWN
PUB_018043,UNKNOWN
PUB_018044,UNKNOWN
PUB_018045,UNKNOWN
PUB_018046,UNKNOWN
PUB_018047,UNKNOWN
PUB_018048,UNKNOWN
PUB_018049,UNKNOWN
PUB_018050,UNKNOWN
PUB_018051,UNKNOWN
PUB_018052,UNKNOWN
PUB_018053,UNKNOWN
PUB_018054,UNKNOWN
PUB_018055,UNKNOWN
PUB_018056,UNKNOWN
PUB_018057,UNKNOWN
PUB_018058,UNKNOWN
PUB_018059,UNKNOWN
PUB_018060,UNKNOWN
PUB_018061,UNKNOWN
PUB_018062,UNKNOWN
PUB_018063,UNKNOWN
PUB_018064,UNKNOWN
PUB_018065,UNKNOWN
PUB_018066,UNKNOWN
PUB_018067,UNKNOWN
PUB_018068,UNKNOWN
PUB_018069,UNKNOWN
PUB_018070,UNKNOWN
PUB_018071,UNKNOWN
PUB_018072,UNKNOWN
PUB_018073,UNKNOWN
PUB_018074,UNKNOWN
PUB_018075,UNKNOWN
PUB_018076,UNKNOWN
PUB_018077,UNKNOWN
PUB_018078,UNKNOWN
PUB_018079,UNKNOWN
PUB_018080,UNKNOWN
PUB_018081,UNKNOWN
PUB_018082,UNKNOWN
PUB_018083,UNKNOWN
PUB_018084,UNKNOWN
PUB_018085,UNKNOWN
PUB_018086,UNKNOWN
PUB_018087,UNKNOWN
PUB_018088,UNKNOWN
PUB_018089,UNKNOWN
PUB_018090,UNKNOWN
PUB_018091,UNKNOWN
PUB_018092,UNKNOWN
PUB_018093,UNKNOWN
PUB_018094,UNKNOWN
PUB_018095,UNKNOWN
PUB_018096,UNKNOWN
PUB_018097,UNKNOWN
PUB_018098,UNKNOWN
PUB_018099,UNKNOWN
PUB_018100,UNKNOWN
PUB_018101,UNKNOWN
PUB_018102,UNKNOWN
PUB_018103,UNKNOWN
PUB_018104,UNKNOWN
PUB_018105,UNKNOWN
PUB_018106,UNKNOWN
PUB_018107,UNKNOWN
PUB_018108,UNKNOWN
PUB_018109,UNKNOWN
PUB_018110,UNKNOWN
PUB_018111,UNKNOWN
PUB_018112,UNKNOWN
PUB_018113,UNKNOWN
PUB_018114,UNKNOWN
PUB_018115,UNKNOWN
PUB_018116,UNKNOWN
PUB_018117,UNKNOWN
PUB_018118,UNKNOWN
PUB_018119,UNKNOWN
PUB_018120,UNKNOWN
PUB_018121,UNKNOWN
PUB_018122,UNKNOWN
PUB_018123,UNKNOWN
PUB_018124,UNKNOWN
PUB_018125,UNKNOWN
PUB_018126,UNKNOWN
PUB_018127,UNKNOWN
PUB_018128,UNKNOWN
PUB_018129,UNKNOWN
PUB_018130,UNKNOWN
PUB_018131,UNKNOWN
PUB_018132,UNKNOWN
PUB_018133,UNKNOWN
PUB_018134,UNKNOWN
PUB_018135,UNKNOWN
PUB_018136,UNKNOWN
PUB_018137,UNKNOWN
PUB_018138,UNKNOWN
PUB_018139,UNKNOWN
PUB_018140,UNKNOWN
PUB_018141,UNKNOWN
PUB_018142,UNKNOWN
PUB_018143,UNKNOWN
PUB_018144,UNKNOWN
PUB_018145,UNKNOWN
PUB_018146,UNKNOWN
PUB_018147,UNKNOWN
PUB_018148,UNKNOWN
PUB_018149,UNKNOWN
PUB_018150,UNKNOWN
PUB_018151,UNKNOWN
PUB_018152,UNKNOWN
PUB_018153,UNKNOWN
PUB_018154,UNKNOWN
PUB_018155,UNKNOWN
PUB_018156,UNKNOWN
PUB_018157,UNKNOWN
PUB_018158,UNKNOWN
PUB_018159,UNKNOWN
PUB_018160,UNKNOWN
PUB_018161,UNKNOWN
PUB_018162,UNKNOWN
PUB_018163,UNKNOWN
PUB_018164,UNKNOWN
PUB_018165,UNKNOWN
PUB_018166,UNKNOWN
PUB_018167,UNKNOWN
PUB_018168,UNKNOWN
PUB_018169,UNKNOWN
PUB_018170,UNKNOWN
PUB_018171,UNKNOWN
PUB_018172,UNKNOWN
PUB_018173,UNKNOWN
PUB_018174,UNKNOWN
PUB_018175,UNKNOWN
PUB_018176,UNKNOWN
PUB_018177,UNKNOWN
PUB_018178,UNKNOWN
PUB_018179,UNKNOWN
PUB_018180,UNKNOWN
PUB_018181,UNKNOWN
PUB_018182,UNKNOWN
PUB_018183,UNKNOWN
PUB_018184,UNKNOWN
PUB_018185,UNKNOWN
PUB_018186,UNKNOWN
PUB_018187,UNKNOWN
PUB_018188,UNKNOWN
PUB_018189,UNKNOWN
PUB_018190,UNKNOWN
PUB_018191,UNKNOWN
PUB_018192,UNKNOWN
PUB_018193,UNKNOWN
PUB_018194,UNKNOWN
PUB_018195,UNKNOWN
PUB_018196,UNKNOWN
PUB_018197,UNKNOWN
PUB_018198,UNKNOWN
PUB_018199,UNKNOWN
PUB_018200,UNKNOWN
PUB_018201,UNKNOWN
PUB_018202,UNKNOWN
PUB_018203,UNKNOWN
PUB_018204,UNKNOWN
PUB_018205,UNKNOWN
PUB_018206,UNKNOWN
PUB_018207,UNKNOWN
PUB_018208,UNKNOWN
PUB_018209,UNKNOWN
PUB_018210,UNKNOWN
PUB_018211,UNKNOWN
PUB_018212,UNKNOWN
PUB_018213,UNKNOWN
PUB_018214,UNKNOWN
PUB_018215,UNKNOWN
PUB_018216,UNKNOWN
PUB_018217,UNKNOWN
PUB_018218,UNKNOWN
PUB_018219,UNKNOWN
PUB_018220,UNKNOWN
PUB_018221,UNKNOWN
PUB_018222,UNKNOWN
PUB_018223,UNKNOWN
PUB_018224,UNKNOWN
PUB_018225,UNKNOWN
PUB_018226,UNKNOWN
PUB_018227,UNKNOWN
PUB_018228,UNKNOWN
PUB_018229,UNKNOWN
PUB_018230,UNKNOWN
PUB_018231,UNKNOWN
PUB_018232,UNKNOWN
PUB_018233,UNKNOWN
PUB_018234,UNKNOWN
PUB_018235,UNKNOWN
PUB_018236,UNKNOWN
PUB_018237,UNKNOWN
PUB_018238,UNKNOWN
PUB_018239,UNKNOWN
PUB_018240,UNKNOWN
PUB_018241,UNKNOWN
PUB_018242,UNKNOWN
PUB_018243,UNKNOWN
PUB_018244,UNKNOWN
PUB_018245,UNKNOWN
PUB_018246,UNKNOWN
PUB_018247,UNKNOWN
PUB_018248,UNKNOWN
PUB_018249,UNKNOWN
PUB_018250,UNKNOWN
PUB_018251,UNKNOWN
PUB_018252,UNKNOWN
PUB_018253,UNKNOWN
PUB_018254,UNKNOWN
PUB_018255,UNKNOWN
PUB_018256,UNKNOWN
PUB_018257,UNKNOWN
PUB_018258,UNKNOWN
PUB_018259,UNKNOWN
PUB_018260,UNKNOWN
PUB_018261,UNKNOWN
PUB_018262,UNKNOWN
PUB_018263,UNKNOWN
PUB_018264,UNKNOWN
PUB_018265,UNKNOWN
PUB_018266,UNKNOWN
PUB_018267,UNKNOWN
PUB_018268,UNKNOWN
PUB_018269,UNKNOWN
PUB_018270,UNKNOWN
PUB_018271,UNKNOWN
PUB_018272,UNKNOWN
PUB_018273,UNKNOWN
PUB_018274,UNKNOWN
PUB_018275,UNKNOWN
PUB_018276,UNKNOWN
PUB_018277,UNKNOWN
PUB_018278,UNKNOWN
PUB_018279,UNKNOWN
PUB_018280,UNKNOWN
PUB_018281,UNKNOWN
PUB_018282,UNKNOWN
PUB_018283,UNKNOWN
PUB_018284,UNKNOWN
PUB_018285,UNKNOWN
PUB_018286,UNKNOWN
PUB_018287,UNKNOWN
PUB_018288,UNKNOWN
PUB_018289,UNKNOWN
PUB_018290,UNKNOWN
PUB_018291,UNKNOWN
PUB_018292,UNKNOWN
PUB_018293,UNKNOWN
PUB_018294,UNKNOWN
PUB_018295,UNKNOWN
PUB_018296,UNKNOWN
PUB_018297,UNKNOWN
PUB_018298,UNKNOWN
PUB_018299,UNKNOWN
PUB_018300,UNKNOWN
PUB_018301,UNKNOWN
PUB_018302,UNKNOWN
PUB_018303,UNKNOWN
PUB_018304,UNKNOWN
PUB_018305,UNKNOWN
PUB_018306,UNKNOWN
PUB_018307,UNKNOWN
PUB_018308,UNKNOWN
PUB_018309,UNKNOWN
PUB_018310,UNKNOWN
PUB_018311,UNKNOWN
PUB_018312,UNKNOWN
PUB_018313,UNKNOWN
PUB_018314,UNKNOWN
PUB_018315,UNKNOWN
PUB_018316,UNKNOWN
PUB_018317,UNKNOWN
PUB_018318,UNKNOWN
PUB_018319,UNKNOWN
PUB_018320,UNKNOWN
PUB_018321,UNKNOWN
PUB_018322,UNKNOWN
PUB_018323,UNKNOWN
PUB_018324,UNKNOWN
PUB_018325,UNKNOWN
PUB_018326,UNKNOWN
PUB_018327,UNKNOWN
PUB_018328,UNKNOWN
PUB_018329,UNKNOWN
PUB_018330,UNKNOWN
PUB_018331,UNKNOWN
PUB_018332,UNKNOWN
PUB_018333,UNKNOWN
PUB_018334,UNKNOWN
PUB_018335,UNKNOWN
PUB_018336,UNKNOWN
PUB_018337,UNKNOWN
PUB_018338,UNKNOWN
PUB_018339,UNKNOWN
PUB_018340,UNKNOWN
PUB_018341,UNKNOWN
PUB_018342,UNKNOWN
PUB_018343,UNKNOWN
PUB_018344,UNKNOWN
PUB_018345,UNKNOWN
PUB_018346,UNKNOWN
PUB_018347,UNKNOWN
PUB_018348,UNKNOWN
PUB_018349,UNKNOWN
PUB_018350,UNKNOWN
PUB_018351,UNKNOWN
PUB_018352,UNKNOWN
PUB_018353,UNKNOWN
PUB_018354,UNKNOWN
PUB_018355,UNKNOWN
PUB_018356,UNKNOWN
PUB_018357,UNKNOWN
PUB_018358,UNKNOWN
PUB_018359,UNKNOWN
PUB_018360,UNKNOWN
PUB_018361,UNKNOWN
PUB_018362,UNKNOWN
PUB_018363,UNKNOWN
PUB_018364,UNKNOWN
PUB_018365,UNKNOWN
PUB_018366,UNKNOWN
PUB_018367,UNKNOWN
PUB_018368,UNKNOWN
PUB_018369,UNKNOWN
PUB_018370,UNKNOWN
PUB_018371,UNKNOWN
PUB_018372,UNKNOWN
PUB_018373,UNKNOWN
PUB_018374,UNKNOWN
PUB_018375,UNKNOWN
PUB_018376,UNKNOWN
PUB_018377,UNKNOWN
PUB_018378,UNKNOWN
PUB_018379,UNKNOWN
PUB_018380,UNKNOWN
PUB_018381,UNKNOWN
PUB_018382,UNKNOWN
PUB_018383,UNKNOWN
PUB_018384,UNKNOWN
PUB_018385,UNKNOWN
PUB_018386,UNKNOWN
PUB_018387,UNKNOWN
PUB_018388,UNKNOWN
PUB_018389,UNKNOWN
PUB_018390,UNKNOWN
PUB_018391,UNKNOWN
PUB_018392,UNKNOWN
PUB_018393,UNKNOWN
PUB_018394,UNKNOWN
PUB_018395,UNKNOWN
PUB_018396,UNKNOWN
PUB_018397,UNKNOWN
PUB_018398,UNKNOWN
PUB_018399,UNKNOWN
PUB_018400,UNKNOWN
PUB_018401,UNKNOWN
PUB_018402,UNKNOWN
PUB_018403,UNKNOWN
PUB_018404,UNKNOWN
PUB_018405,UNKNOWN
PUB_018406,UNKNOWN
PUB_018407,UNKNOWN
PUB_018408,UNKNOWN
PUB_018409,UNKNOWN
PUB_018410,UNKNOWN
PUB_018411,UNKNOWN
PUB_018412,UNKNOWN
PUB_018413,UNKNOWN
PUB_018414,UNKNOWN
PUB_018415,UNKNOWN
PUB_018416,UNKNOWN
PUB_018417,UNKNOWN
PUB_018418,UNKNOWN
PUB_018419,UNKNOWN
PUB_018420,UNKNOWN
PUB_018421,UNKNOWN
PUB_018422,UNKNOWN
PUB_018423,UNKNOWN
PUB_018424,UNKNOWN
PUB_018425,UNKNOWN
PUB_018426,UNKNOWN
PUB_018427,UNKNOWN
PUB_018428,UNKNOWN
PUB_018429,UNKNOWN
PUB_018430,UNKNOWN
PUB_018431,UNKNOWN
PUB_018432,UNKNOWN
PUB_018433,UNKNOWN
PUB_018434,UNKNOWN
PUB_018435,UNKNOWN
PUB_018436,UNKNOWN
PUB_018437,UNKNOWN
PUB_018438,UNKNOWN
PUB_018439,UNKNOWN
PUB_018440,UNKNOWN
PUB_018441,UNKNOWN
PUB_018442,UNKNOWN
PUB_018443,UNKNOWN
PUB_018444,UNKNOWN
PUB_018445,UNKNOWN
PUB_018446,UNKNOWN
PUB_018447,UNKNOWN
PUB_018448,UNKNOWN
PUB_018449,UNKNOWN
PUB_018450,UNKNOWN
PUB_018451,UNKNOWN
PUB_018452,UNKNOWN
PUB_018453,UNKNOWN
PUB_018454,UNKNOWN
PUB_018455,UNKNOWN
PUB_018456,UNKNOWN
PUB_018457,UNKNOWN
PUB_018458,UNKNOWN
PUB_018459,UNKNOWN
PUB_018460,UNKNOWN
PUB_018461,UNKNOWN
PUB_018462,UNKNOWN
PUB_018463,UNKNOWN
PUB_018464,UNKNOWN
PUB_018465,UNKNOWN
PUB_018466,UNKNOWN
PUB_018467,UNKNOWN
PUB_018468,UNKNOWN
PUB_018469,UNKNOWN
PUB_018470,UNKNOWN
PUB_018471,UNKNOWN
PUB_018472,UNKNOWN
PUB_018473,UNKNOWN
PUB_018474,UNKNOWN
PUB_018475,UNKNOWN
PUB_018476,UNKNOWN
PUB_018477,UNKNOWN
PUB_018478,UNKNOWN
PUB_018479,UNKNOWN
PUB_018480,UNKNOWN
PUB_018481,UNKNOWN
PUB_018482,UNKNOWN
PUB_018483,UNKNOWN
PUB_018484,UNKNOWN
PUB_018485,UNKNOWN
PUB_018486,UNKNOWN
PUB_018487,UNKNOWN
PUB_018488,UNKNOWN
PUB_018489,UNKNOWN
PUB_018490,UNKNOWN
PUB_018491,UNKNOWN
PUB_018492,UNKNOWN
PUB_018493,UNKNOWN
PUB_018494,UNKNOWN
PUB_018495,UNKNOWN
PUB_018496,UNKNOWN
PUB_018497,UNKNOWN
PUB_018498,UNKNOWN
PUB_018499,UNKNOWN
PUB_018500,UNKNOWN
PUB_018501,UNKNOWN
PUB_018502,UNKNOWN
PUB_018503,UNKNOWN
PUB_018504,UNKNOWN
PUB_018505,UNKNOWN
PUB_018506,UNKNOWN
PUB_018507,UNKNOWN
PUB_018508,UNKNOWN
PUB_018509,UNKNOWN
PUB_018510,UNKNOWN
PUB_018511,UNKNOWN
PUB_018512,UNKNOWN
PUB_018513,UNKNOWN
PUB_018514,UNKNOWN
PUB_018515,UNKNOWN
PUB_018516,UNKNOWN
PUB_018517,UNKNOWN
PUB_018518,UNKNOWN
PUB_018519,UNKNOWN
PUB_018520,UNKNOWN
PUB_018521,UNKNOWN
PUB_018522,UNKNOWN
PUB_018523,UNKNOWN
PUB_018524,UNKNOWN
PUB_018525,UNKNOWN
PUB_018526,UNKNOWN
PUB_018527,UNKNOWN
PUB_018528,UNKNOWN
PUB_018529,UNKNOWN
PUB_018530,UNKNOWN
PUB_018531,UNKNOWN
PUB_018532,UNKNOWN
PUB_018533,UNKNOWN
PUB_018534,UNKNOWN
PUB_018535,UNKNOWN
PUB_018536,UNKNOWN
PUB_018537,UNKNOWN
PUB_018538,UNKNOWN
PUB_018539,UNKNOWN
PUB_018540,UNKNOWN
PUB_018541,UNKNOWN
PUB_018542,UNKNOWN
PUB_018543,UNKNOWN
PUB_018544,UNKNOWN
PUB_018545,UNKNOWN
PUB_018546,UNKNOWN
PUB_018547,UNKNOWN
PUB_018548,UNKNOWN
PUB_018549,UNKNOWN
PUB_018550,UNKNOWN
PUB_018551,UNKNOWN
PUB_018552,UNKNOWN
PUB_018553,UNKNOWN
PUB_018554,UNKNOWN
PUB_018555,UNKNOWN
PUB_018556,UNKNOWN
PUB_018557,UNKNOWN
PUB_018558,UNKNOWN
PUB_018559,UNKNOWN
PUB_018560,UNKNOWN
PUB_018561,UNKNOWN
PUB_018562,UNKNOWN
PUB_018563,UNKNOWN
PUB_018564,UNKNOWN
PUB_018565,UNKNOWN
PUB_018566,UNKNOWN
PUB_018567,UNKNOWN
PUB_018568,UNKNOWN
PUB_018569,UNKNOWN
PUB_018570,UNKNOWN
PUB_018571,UNKNOWN
PUB_018572,UNKNOWN
PUB_018573,UNKNOWN
PUB_018574,UNKNOWN
PUB_018575,UNKNOWN
PUB_018576,UNKNOWN
PUB_018577,UNKNOWN
PUB_018578,UNKNOWN
PUB_018579,UNKNOWN
PUB_018580,UNKNOWN
PUB_018581,UNKNOWN
PUB_018582,UNKNOWN
PUB_018583,UNKNOWN
PUB_018584,UNKNOWN
PUB_018585,UNKNOWN
PUB_018586,UNKNOWN
PUB_018587,UNKNOWN
PUB_018588,UNKNOWN
PUB_018589,UNKNOWN
PUB_018590,UNKNOWN
PUB_018591,UNKNOWN
PUB_018592,UNKNOWN
PUB_018593,UNKNOWN
PUB_018594,UNKNOWN
PUB_018595,UNKNOWN
PUB_018596,UNKNOWN
PUB_018597,UNKNOWN
PUB_018598,UNKNOWN
PUB_018599,UNKNOWN
PUB_018600,UNKNOWN
PUB_018601,UNKNOWN
PUB_018602,UNKNOWN
PUB_018603,UNKNOWN
PUB_018604,UNKNOWN
PUB_018605,UNKNOWN
PUB_018606,UNKNOWN
PUB_018607,UNKNOWN
PUB_018608,UNKNOWN
PUB_018609,UNKNOWN
PUB_018610,UNKNOWN
PUB_018611,UNKNOWN
PUB_018612,UNKNOWN
PUB_018613,UNKNOWN
PUB_018614,UNKNOWN
PUB_018615,UNKNOWN
PUB_018616,UNKNOWN
PUB_018617,UNKNOWN
PUB_018618,UNKNOWN
PUB_018619,UNKNOWN
PUB_018620,UNKNOWN
PUB_018621,UNKNOWN
PUB_018622,UNKNOWN
PUB_018623,UNKNOWN
PUB_018624,UNKNOWN
PUB_018625,UNKNOWN
PUB_018626,UNKNOWN
PUB_018627,UNKNOWN
PUB_018628,UNKNOWN
PUB_018629,UNKNOWN
PUB_018630,UNKNOWN
PUB_018631,UNKNOWN
PUB_018632,UNKNOWN
PUB_018633,UNKNOWN
PUB_018634,UNKNOWN
PUB_018635,UNKNOWN
PUB_018636,UNKNOWN
PUB_018637,UNKNOWN
PUB_018638,UNKNOWN
PUB_018639,UNKNOWN
PUB_018640,UNKNOWN
PUB_018641,UNKNOWN
PUB_018642,UNKNOWN
PUB_018643,UNKNOWN
PUB_018644,UNKNOWN
PUB_018645,UNKNOWN
PUB_018646,UNKNOWN
PUB_018647,UNKNOWN
PUB_018648,UNKNOWN
PUB_018649,UNKNOWN
PUB_018650,UNKNOWN
PUB_018651,UNKNOWN
PUB_018652,UNKNOWN
PUB_018653,UNKNOWN
PUB_018654,UNKNOWN
PUB_018655,UNKNOWN
PUB_018656,UNKNOWN
PUB_018657,UNKNOWN
PUB_018658,UNKNOWN
PUB_018659,UNKNOWN
PUB_018660,UNKNOWN
PUB_018661,UNKNOWN
PUB_018662,UNKNOWN
PUB_018663,UNKNOWN
PUB_018664,UNKNOWN
PUB_018665,UNKNOWN
PUB_018666,UNKNOWN
PUB_018667,UNKNOWN
PUB_018668,UNKNOWN
PUB_018669,UNKNOWN
PUB_018670,UNKNOWN
PUB_018671,UNKNOWN
PUB_018672,UNKNOWN
PUB_018673,UNKNOWN
PUB_018674,UNKNOWN
PUB_018675,UNKNOWN
PUB_018676,UNKNOWN
PUB_018677,UNKNOWN
PUB_018678,UNKNOWN
PUB_018679,UNKNOWN
PUB_018680,UNKNOWN
PUB_018681,UNKNOWN
PUB_018682,UNKNOWN
PUB_018683,UNKNOWN
PUB_018684,UNKNOWN
PUB_018685,UNKNOWN
PUB_018686,UNKNOWN
PUB_018687,UNKNOWN
PUB_018688,UNKNOWN
PUB_018689,UNKNOWN
PUB_018690,UNKNOWN
PUB_018691,UNKNOWN
PUB_018692,UNKNOWN
PUB_018693,UNKNOWN
PUB_018694,UNKNOWN
PUB_018695,UNKNOWN
PUB_018696,UNKNOWN
PUB_018697,UNKNOWN
PUB_018698,UNKNOWN
PUB_018699,UNKNOWN
PUB_018700,UNKNOWN
PUB_018701,UNKNOWN
PUB_018702,UNKNOWN
PUB_018703,UNKNOWN
PUB_018704,UNKNOWN
PUB_018705,UNKNOWN
PUB_018706,UNKNOWN
PUB_018707,UNKNOWN
PUB_018708,UNKNOWN
PUB_018709,UNKNOWN
PUB_018710,UNKNOWN
PUB_018711,UNKNOWN
PUB_018712,UNKNOWN
PUB_018713,UNKNOWN
PUB_018714,UNKNOWN
PUB_018715,UNKNOWN
PUB_018716,UNKNOWN
PUB_018717,UNKNOWN
PUB_018718,UNKNOWN
PUB_018719,UNKNOWN
PUB_018720,UNKNOWN
PUB_018721,UNKNOWN
PUB_018722,UNKNOWN
PUB_018723,UNKNOWN
PUB_018724,UNKNOWN
PUB_018725,UNKNOWN
PUB_018726,UNKNOWN
PUB_018727,UNKNOWN
PUB_018728,UNKNOWN
PUB_018729,UNKNOWN
PUB_018730,UNKNOWN
PUB_018731,UNKNOWN
PUB_018732,UNKNOWN
PUB_018733,UNKNOWN
PUB_018734,UNKNOWN
PUB_018735,UNKNOWN
PUB_018736,UNKNOWN
PUB_018737,UNKNOWN
PUB_018738,UNKNOWN
PUB_018739,UNKNOWN
PUB_018740,UNKNOWN
PUB_018741,UNKNOWN
PUB_018742,UNKNOWN
PUB_018743,UNKNOWN
PUB_018744,UNKNOWN
PUB_018745,UNKNOWN
PUB_018746,UNKNOWN
PUB_018747,UNKNOWN
PUB_018748,UNKNOWN
PUB_018749,UNKNOWN
PUB_018750,UNKNOWN
PUB_018751,UNKNOWN
PUB_018752,UNKNOWN
PUB_018753,UNKNOWN
PUB_018754,UNKNOWN
PUB_018755,UNKNOWN
PUB_018756,UNKNOWN
PUB_018757,UNKNOWN
PUB_018758,UNKNOWN
PUB_018759,UNKNOWN
PUB_018760,UNKNOWN
PUB_018761,UNKNOWN
PUB_018762,UNKNOWN
PUB_018763,UNKNOWN
PUB_018764,UNKNOWN
PUB_018765,UNKNOWN
PUB_018766,UNKNOWN
PUB_018767,UNKNOWN
PUB_018768,UNKNOWN
PUB_018769,UNKNOWN
PUB_018770,UNKNOWN
PUB_018771,UNKNOWN
PUB_018772,UNKNOWN
PUB_018773,UNKNOWN
PUB_018774,UNKNOWN
PUB_018775,UNKNOWN
PUB_018776,UNKNOWN
PUB_018777,UNKNOWN
PUB_018778,UNKNOWN
PUB_018779,UNKNOWN
PUB_018780,UNKNOWN
PUB_018781,UNKNOWN
PUB_018782,UNKNOWN
PUB_018783,UNKNOWN
PUB_018784,UNKNOWN
PUB_018785,UNKNOWN
PUB_018786,UNKNOWN
PUB_018787,UNKNOWN
PUB_018788,UNKNOWN
PUB_018789,UNKNOWN
PUB_018790,UNKNOWN
PUB_018791,UNKNOWN
PUB_018792,UNKNOWN
PUB_018793,UNKNOWN
PUB_018794,UNKNOWN
PUB_018795,UNKNOWN
PUB_018796,UNKNOWN
PUB_018797,UNKNOWN
PUB_018798,UNKNOWN
PUB_018799,UNKNOWN
PUB_018800,UNKNOWN
PUB_018801,UNKNOWN
PUB_018802,UNKNOWN
PUB_018803,UNKNOWN
PUB_018804,UNKNOWN
PUB_018805,UNKNOWN
PUB_018806,UNKNOWN
PUB_018807,UNKNOWN
PUB_018808,UNKNOWN
PUB_018809,UNKNOWN
PUB_018810,UNKNOWN
PUB_018811,UNKNOWN
PUB_018812,UNKNOWN
PUB_018813,UNKNOWN
PUB_018814,UNKNOWN
PUB_018815,UNKNOWN
PUB_018816,UNKNOWN
PUB_018817,UNKNOWN
PUB_018818,UNKNOWN
PUB_018819,UNKNOWN
PUB_018820,UNKNOWN
PUB_018821,UNKNOWN
PUB_018822,UNKNOWN
PUB_018823,UNKNOWN
PUB_018824,UNKNOWN
PUB_018825,UNKNOWN
PUB_018826,UNKNOWN
PUB_018827,UNKNOWN
PUB_018828,UNKNOWN
PUB_018829,UNKNOWN
PUB_018830,UNKNOWN
PUB_018831,UNKNOWN
PUB_018832,UNKNOWN
PUB_018833,UNKNOWN
PUB_018834,UNKNOWN
PUB_018835,UNKNOWN
PUB_018836,UNKNOWN
PUB_018837,UNKNOWN
PUB_018838,UNKNOWN
PUB_018839,UNKNOWN
PUB_018840,UNKNOWN
PUB_018841,UNKNOWN
PUB_018842,UNKNOWN
PUB_018843,UNKNOWN
PUB_018844,UNKNOWN
PUB_018845,UNKNOWN
PUB_018846,UNKNOWN
PUB_018847,UNKNOWN
PUB_018848,UNKNOWN
PUB_018849,UNKNOWN
PUB_018850,UNKNOWN
PUB_018851,UNKNOWN
PUB_018852,UNKNOWN
PUB_018853,UNKNOWN
PUB_018854,UNKNOWN
PUB_018855,UNKNOWN
PUB_018856,UNKNOWN
PUB_018857,UNKNOWN
PUB_018858,UNKNOWN
PUB_018859,UNKNOWN
PUB_018860,UNKNOWN
PUB_018861,UNKNOWN
PUB_018862,UNKNOWN
PUB_018863,UNKNOWN
PUB_018864,UNKNOWN
PUB_018865,UNKNOWN
PUB_018866,UNKNOWN
PUB_018867,UNKNOWN
PUB_018868,UNKNOWN
PUB_018869,UNKNOWN
PUB_018870,UNKNOWN
PUB_018871,UNKNOWN
PUB_018872,UNKNOWN
PUB_018873,UNKNOWN
PUB_018874,UNKNOWN
PUB_018875,UNKNOWN
PUB_018876,UNKNOWN
PUB_018877,UNKNOWN
PUB_018878,UNKNOWN
PUB_018879,UNKNOWN
PUB_018880,UNKNOWN
PUB_018881,UNKNOWN
PUB_018882,UNKNOWN
PUB_018883,UNKNOWN
PUB_018884,UNKNOWN
PUB_018885,UNKNOWN
PUB_018886,UNKNOWN
PUB_018887,UNKNOWN
PUB_018888,UNKNOWN
PUB_018889,UNKNOWN
PUB_018890,UNKNOWN
PUB_018891,UNKNOWN
PUB_018892,UNKNOWN
PUB_018893,UNKNOWN
PUB_018894,UNKNOWN
PUB_018895,UNKNOWN
PUB_018896,UNKNOWN
PUB_018897,UNKNOWN
PUB_018898,UNKNOWN
PUB_018899,UNKNOWN
PUB_018900,UNKNOWN
PUB_018901,UNKNOWN
PUB_018902,UNKNOWN
PUB_018903,UNKNOWN
PUB_018904,UNKNOWN
PUB_018905,UNKNOWN
PUB_018906,UNKNOWN
PUB_018907,UNKNOWN
PUB_018908,UNKNOWN
PUB_018909,UNKNOWN
PUB_018910,UNKNOWN
PUB_018911,UNKNOWN
PUB_018912,UNKNOWN
PUB_018913,UNKNOWN
PUB_018914,UNKNOWN
PUB_018915,UNKNOWN
PUB_018916,UNKNOWN
PUB_018917,UNKNOWN
PUB_018918,UNKNOWN
PUB_018919,UNKNOWN
PUB_018920,UNKNOWN
PUB_018921,UNKNOWN
PUB_018922,UNKNOWN
PUB_018923,UNKNOWN
PUB_018924,UNKNOWN
PUB_018925,UNKNOWN
PUB_018926,UNKNOWN
PUB_018927,UNKNOWN
PUB_018928,UNKNOWN
PUB_018929,UNKNOWN
PUB_018930,UNKNOWN
PUB_018931,UNKNOWN
PUB_018932,UNKNOWN
PUB_018933,UNKNOWN
PUB_018934,UNKNOWN
PUB_018935,UNKNOWN
PUB_018936,UNKNOWN
PUB_018937,UNKNOWN
PUB_018938,UNKNOWN
PUB_018939,UNKNOWN
PUB_018940,UNKNOWN
PUB_018941,UNKNOWN
PUB_018942,UNKNOWN
PUB_018943,UNKNOWN
PUB_018944,UNKNOWN
PUB_018945,UNKNOWN
PUB_018946,UNKNOWN
PUB_018947,UNKNOWN
PUB_018948,UNKNOWN
PUB_018949,UNKNOWN
PUB_018950,UNKNOWN
PUB_018951,UNKNOWN
PUB_018952,UNKNOWN
PUB_018953,UNKNOWN
PUB_018954,UNKNOWN
PUB_018955,UNKNOWN
PUB_018956,UNKNOWN
PUB_018957,UNKNOWN
PUB_018958,UNKNOWN
PUB_018959,UNKNOWN
PUB_018960,UNKNOWN
PUB_018961,UNKNOWN
PUB_018962,UNKNOWN
PUB_018963,UNKNOWN
PUB_018964,UNKNOWN
PUB_018965,UNKNOWN
PUB_018966,UNKNOWN
PUB_018967,UNKNOWN
PUB_018968,UNKNOWN
PUB_018969,UNKNOWN
PUB_018970,UNKNOWN
PUB_018971,UNKNOWN
PUB_018972,UNKNOWN
PUB_018973,UNKNOWN
PUB_018974,UNKNOWN
PUB_018975,UNKNOWN
PUB_018976,UNKNOWN
PUB_018977,UNKNOWN
PUB_018978,UNKNOWN
PUB_018979,UNKNOWN
PUB_018980,UNKNOWN
PUB_018981,UNKNOWN
PUB_018982,UNKNOWN
PUB_018983,UNKNOWN
PUB_018984,UNKNOWN
PUB_018985,UNKNOWN
PUB_018986,UNKNOWN
PUB_018987,UNKNOWN
PUB_018988,UNKNOWN
PUB_018989,UNKNOWN
PUB_018990,UNKNOWN
PUB_018991,UNKNOWN
PUB_018992,UNKNOWN
PUB_018993,UNKNOWN
PUB_018994,UNKNOWN
PUB_018995,UNKNOWN
PUB_018996,UNKNOWN
PUB_018997,UNKNOWN
PUB_018998,UNKNOWN
PUB_018999,UNKNOWN
PUB_019000,UNKNOWN
PUB_019001,UNKNOWN
PUB_019002,UNKNOWN
PUB_019003,UNKNOWN
PUB_019004,UNKNOWN
PUB_019005,UNKNOWN
PUB_019006,UNKNOWN
PUB_019007,UNKNOWN
PUB_019008,UNKNOWN
PUB_019009,UNKNOWN
PUB_019010,UNKNOWN
PUB_019011,UNKNOWN
PUB_019012,UNKNOWN
PUB_019013,UNKNOWN
PUB_019014,UNKNOWN
PUB_019015,UNKNOWN
PUB_019016,UNKNOWN
PUB_019017,UNKNOWN
PUB_019018,UNKNOWN
PUB_019019,UNKNOWN
PUB_019020,UNKNOWN
PUB_019021,UNKNOWN
PUB_019022,UNKNOWN
PUB_019023,UNKNOWN
PUB_019024,UNKNOWN
PUB_019025,UNKNOWN
PUB_019026,UNKNOWN
PUB_019027,UNKNOWN
PUB_019028,UNKNOWN
PUB_019029,UNKNOWN
PUB_019030,UNKNOWN
PUB_019031,UNKNOWN
PUB_019032,UNKNOWN
PUB_019033,UNKNOWN
PUB_019034,UNKNOWN
PUB_019035,UNKNOWN
PUB_019036,UNKNOWN
PUB_019037,UNKNOWN
PUB_019038,UNKNOWN
PUB_019039,UNKNOWN
PUB_019040,UNKNOWN
PUB_019041,UNKNOWN
PUB_019042,UNKNOWN
PUB_019043,UNKNOWN
PUB_019044,UNKNOWN
PUB_019045,UNKNOWN
PUB_019046,UNKNOWN
PUB_019047,UNKNOWN
PUB_019048,UNKNOWN
PUB_019049,UNKNOWN
PUB_019050,UNKNOWN
PUB_019051,UNKNOWN
PUB_019052,UNKNOWN
PUB_019053,UNKNOWN
PUB_019054,UNKNOWN
PUB_019055,UNKNOWN
PUB_019056,UNKNOWN
PUB_019057,UNKNOWN
PUB_019058,UNKNOWN
PUB_019059,UNKNOWN
PUB_019060,UNKNOWN
PUB_019061,UNKNOWN
PUB_019062,UNKNOWN
PUB_019063,UNKNOWN
PUB_019064,UNKNOWN
PUB_019065,UNKNOWN
PUB_019066,UNKNOWN
PUB_019067,UNKNOWN
PUB_019068,UNKNOWN
PUB_019069,UNKNOWN
PUB_019070,UNKNOWN
PUB_019071,UNKNOWN
PUB_019072,UNKNOWN
PUB_019073,UNKNOWN
PUB_019074,UNKNOWN
PUB_019075,UNKNOWN
PUB_019076,UNKNOWN
PUB_019077,UNKNOWN
PUB_019078,UNKNOWN
PUB_019079,UNKNOWN
PUB_019080,UNKNOWN
PUB_019081,UNKNOWN
PUB_019082,UNKNOWN
PUB_019083,UNKNOWN
PUB_019084,UNKNOWN
PUB_019085,UNKNOWN
PUB_019086,UNKNOWN
PUB_019087,UNKNOWN
PUB_019088,UNKNOWN
PUB_019089,UNKNOWN
PUB_019090,UNKNOWN
PUB_019091,UNKNOWN
PUB_019092,UNKNOWN
PUB_019093,UNKNOWN
PUB_019094,UNKNOWN
PUB_019095,UNKNOWN
PUB_019096,UNKNOWN
PUB_019097,UNKNOWN
PUB_019098,UNKNOWN
PUB_019099,UNKNOWN
PUB_019100,UNKNOWN
PUB_019101,UNKNOWN
PUB_019102,UNKNOWN
PUB_019103,UNKNOWN
PUB_019104,UNKNOWN
PUB_019105,UNKNOWN
PUB_019106,UNKNOWN
PUB_019107,UNKNOWN
PUB_019108,UNKNOWN
PUB_019109,UNKNOWN
PUB_019110,UNKNOWN
PUB_019111,UNKNOWN
PUB_019112,UNKNOWN
PUB_019113,UNKNOWN
PUB_019114,UNKNOWN
PUB_019115,UNKNOWN
PUB_019116,UNKNOWN
PUB_019117,UNKNOWN
PUB_019118,UNKNOWN
PUB_019119,UNKNOWN
PUB_019120,UNKNOWN
PUB_019121,UNKNOWN
PUB_019122,UNKNOWN
PUB_019123,UNKNOWN
PUB_019124,UNKNOWN
PUB_019125,UNKNOWN
PUB_019126,UNKNOWN
PUB_019127,UNKNOWN
PUB_019128,UNKNOWN
PUB_019129,UNKNOWN
PUB_019130,UNKNOWN
PUB_019131,UNKNOWN
PUB_019132,UNKNOWN
PUB_019133,UNKNOWN
PUB_019134,UNKNOWN
PUB_019135,UNKNOWN
PUB_019136,UNKNOWN
PUB_019137,UNKNOWN
PUB_019138,UNKNOWN
PUB_019139,UNKNOWN
PUB_019140,UNKNOWN
PUB_019141,UNKNOWN
PUB_019142,UNKNOWN
PUB_019143,UNKNOWN
PUB_019144,UNKNOWN
PUB_019145,UNKNOWN
PUB_019146,UNKNOWN
PUB_019147,UNKNOWN
PUB_019148,UNKNOWN
PUB_019149,UNKNOWN
PUB_019150,UNKNOWN
PUB_019151,UNKNOWN
PUB_019152,UNKNOWN
PUB_019153,UNKNOWN
PUB_019154,UNKNOWN
PUB_019155,UNKNOWN
PUB_019156,UNKNOWN
PUB_019157,UNKNOWN
PUB_019158,UNKNOWN
PUB_019159,UNKNOWN
PUB_019160,UNKNOWN
PUB_019161,UNKNOWN
PUB_019162,UNKNOWN
PUB_019163,UNKNOWN
PUB_019164,UNKNOWN
PUB_019165,UNKNOWN
PUB_019166,UNKNOWN
PUB_019167,UNKNOWN
PUB_019168,UNKNOWN
PUB_019169,UNKNOWN
PUB_019170,UNKNOWN
PUB_019171,UNKNOWN
PUB_019172,UNKNOWN
PUB_019173,UNKNOWN
PUB_019174,UNKNOWN
PUB_019175,UNKNOWN
PUB_019176,UNKNOWN
PUB_019177,UNKNOWN
PUB_019178,UNKNOWN
PUB_019179,UNKNOWN
PUB_019180,UNKNOWN
PUB_019181,UNKNOWN
PUB_019182,UNKNOWN
PUB_019183,UNKNOWN
PUB_019184,UNKNOWN
PUB_019185,UNKNOWN
PUB_019186,UNKNOWN
PUB_019187,UNKNOWN
PUB_019188,UNKNOWN
PUB_019189,UNKNOWN
PUB_019190,UNKNOWN
PUB_019191,UNKNOWN
PUB_019192,UNKNOWN
PUB_019193,UNKNOWN
PUB_019194,UNKNOWN
PUB_019195,UNKNOWN
PUB_019196,UNKNOWN
PUB_019197,UNKNOWN
PUB_019198,UNKNOWN
PUB_019199,UNKNOWN
PUB_019200,UNKNOWN
PUB_019201,UNKNOWN
PUB_019202,UNKNOWN
PUB_019203,UNKNOWN
PUB_019204,UNKNOWN
PUB_019205,UNKNOWN
PUB_019206,UNKNOWN
PUB_019207,UNKNOWN
PUB_019208,UNKNOWN
PUB_019209,UNKNOWN
PUB_019210,UNKNOWN
PUB_019211,UNKNOWN
PUB_019212,UNKNOWN
PUB_019213,UNKNOWN
PUB_019214,UNKNOWN
PUB_019215,UNKNOWN
PUB_019216,UNKNOWN
PUB_019217,UNKNOWN
PUB_019218,UNKNOWN
PUB_019219,UNKNOWN
PUB_019220,UNKNOWN
PUB_019221,UNKNOWN
PUB_019222,UNKNOWN
PUB_019223,UNKNOWN
PUB_019224,UNKNOWN
PUB_019225,UNKNOWN
PUB_019226,UNKNOWN
PUB_019227,UNKNOWN
PUB_019228,UNKNOWN
PUB_019229,UNKNOWN
PUB_019230,UNKNOWN
PUB_019231,UNKNOWN
PUB_019232,UNKNOWN
PUB_019233,UNKNOWN
PUB_019234,UNKNOWN
PUB_019235,UNKNOWN
PUB_019236,UNKNOWN
PUB_019237,UNKNOWN
PUB_019238,UNKNOWN
PUB_019239,UNKNOWN
PUB_019240,UNKNOWN
PUB_019241,UNKNOWN
PUB_019242,UNKNOWN
PUB_019243,UNKNOWN
PUB_019244,UNKNOWN
PUB_019245,UNKNOWN
PUB_019246,UNKNOWN
PUB_019247,UNKNOWN
PUB_019248,UNKNOWN
PUB_019249,UNKNOWN
PUB_019250,UNKNOWN
PUB_019251,UNKNOWN
PUB_019252,UNKNOWN
PUB_019253,UNKNOWN
PUB_019254,UNKNOWN
PUB_019255,UNKNOWN
PUB_019256,UNKNOWN
PUB_019257,UNKNOWN
PUB_019258,UNKNOWN
PUB_019259,UNKNOWN
PUB_019260,UNKNOWN
PUB_019261,UNKNOWN
PUB_019262,UNKNOWN
PUB_019263,UNKNOWN
PUB_019264,UNKNOWN
PUB_019265,UNKNOWN
PUB_019266,UNKNOWN
PUB_019267,UNKNOWN
PUB_019268,UNKNOWN
PUB_019269,UNKNOWN
PUB_019270,UNKNOWN
PUB_019271,UNKNOWN
PUB_019272,UNKNOWN
PUB_019273,UNKNOWN
PUB_019274,UNKNOWN
PUB_019275,UNKNOWN
PUB_019276,UNKNOWN
PUB_019277,UNKNOWN
PUB_019278,UNKNOWN
PUB_019279,UNKNOWN
PUB_019280,UNKNOWN
PUB_019281,UNKNOWN
PUB_019282,UNKNOWN
PUB_019283,UNKNOWN
PUB_019284,UNKNOWN
PUB_019285,UNKNOWN
PUB_019286,UNKNOWN
PUB_019287,UNKNOWN
PUB_019288,UNKNOWN
PUB_019289,UNKNOWN
PUB_019290,UNKNOWN
PUB_019291,UNKNOWN
PUB_019292,UNKNOWN
PUB_019293,UNKNOWN
PUB_019294,UNKNOWN
PUB_019295,UNKNOWN
PUB_019296,UNKNOWN
PUB_019297,UNKNOWN
PUB_019298,UNKNOWN
PUB_019299,UNKNOWN
PUB_019300,UNKNOWN
PUB_019301,UNKNOWN
PUB_019302,UNKNOWN
PUB_019303,UNKNOWN
PUB_019304,UNKNOWN
PUB_019305,UNKNOWN
PUB_019306,UNKNOWN
PUB_019307,UNKNOWN
PUB_019308,UNKNOWN
PUB_019309,UNKNOWN
PUB_019310,UNKNOWN
PUB_019311,UNKNOWN
PUB_019312,UNKNOWN
PUB_019313,UNKNOWN
PUB_019314,UNKNOWN
PUB_019315,UNKNOWN
PUB_019316,UNKNOWN
PUB_019317,UNKNOWN
PUB_019318,UNKNOWN
PUB_019319,UNKNOWN
PUB_019320,UNKNOWN
PUB_019321,UNKNOWN
PUB_019322,UNKNOWN
PUB_019323,UNKNOWN
PUB_019324,UNKNOWN
PUB_019325,UNKNOWN
PUB_019326,UNKNOWN
PUB_019327,UNKNOWN
PUB_019328,UNKNOWN
PUB_019329,UNKNOWN
PUB_019330,UNKNOWN
PUB_019331,UNKNOWN
PUB_019332,UNKNOWN
PUB_019333,UNKNOWN
PUB_019334,UNKNOWN
PUB_019335,UNKNOWN
PUB_019336,UNKNOWN
PUB_019337,UNKNOWN
PUB_019338,UNKNOWN
PUB_019339,UNKNOWN
PUB_019340,UNKNOWN
PUB_019341,UNKNOWN
PUB_019342,UNKNOWN
PUB_019343,UNKNOWN
PUB_019344,UNKNOWN
PUB_019345,UNKNOWN
PUB_019346,UNKNOWN
PUB_019347,UNKNOWN
PUB_019348,UNKNOWN
PUB_019349,UNKNOWN
PUB_019350,UNKNOWN
PUB_019351,UNKNOWN
PUB_019352,UNKNOWN
PUB_019353,UNKNOWN
PUB_019354,UNKNOWN
PUB_019355,UNKNOWN
PUB_019356,UNKNOWN
PUB_019357,UNKNOWN
PUB_019358,UNKNOWN
PUB_019359,UNKNOWN
PUB_019360,UNKNOWN
PUB_019361,UNKNOWN
PUB_019362,UNKNOWN
PUB_019363,UNKNOWN
PUB_019364,UNKNOWN
PUB_019365,UNKNOWN
PUB_019366,UNKNOWN
PUB_019367,UNKNOWN
PUB_019368,UNKNOWN
PUB_019369,UNKNOWN
PUB_019370,UNKNOWN
PUB_019371,UNKNOWN
PUB_019372,UNKNOWN
PUB_019373,UNKNOWN
PUB_019374,UNKNOWN
PUB_019375,UNKNOWN
PUB_019376,UNKNOWN
PUB_019377,UNKNOWN
PUB_019378,UNKNOWN
PUB_019379,UNKNOWN
PUB_019380,UNKNOWN
PUB_019381,UNKNOWN
PUB_019382,UNKNOWN
PUB_019383,UNKNOWN
PUB_019384,UNKNOWN
PUB_019385,UNKNOWN
PUB_019386,UNKNOWN
PUB_019387,UNKNOWN
PUB_019388,UNKNOWN
PUB_019389,UNKNOWN
PUB_019390,UNKNOWN
PUB_019391,UNKNOWN
PUB_019392,UNKNOWN
PUB_019393,UNKNOWN
PUB_019394,UNKNOWN
PUB_019395,UNKNOWN
PUB_019396,UNKNOWN
PUB_019397,UNKNOWN
PUB_019398,UNKNOWN
PUB_019399,UNKNOWN
PUB_019400,UNKNOWN
PUB_019401,UNKNOWN
PUB_019402,UNKNOWN
PUB_019403,UNKNOWN
PUB_019404,UNKNOWN
PUB_019405,UNKNOWN
PUB_019406,UNKNOWN
PUB_019407,UNKNOWN
PUB_019408,UNKNOWN
PUB_019409,UNKNOWN
PUB_019410,UNKNOWN
PUB_019411,UNKNOWN
PUB_019412,UNKNOWN
PUB_019413,UNKNOWN
PUB_019414,UNKNOWN
PUB_019415,UNKNOWN
PUB_019416,UNKNOWN
PUB_019417,UNKNOWN
PUB_019418,UNKNOWN
PUB_019419,UNKNOWN
PUB_019420,UNKNOWN
PUB_019421,UNKNOWN
PUB_019422,UNKNOWN
PUB_019423,UNKNOWN
PUB_019424,UNKNOWN
PUB_019425,UNKNOWN
PUB_019426,UNKNOWN
PUB_019427,UNKNOWN
PUB_019428,UNKNOWN
PUB_019429,UNKNOWN
PUB_019430,UNKNOWN
PUB_019431,UNKNOWN
PUB_019432,UNKNOWN
PUB_019433,UNKNOWN
PUB_019434,UNKNOWN
PUB_019435,UNKNOWN
PUB_019436,UNKNOWN
PUB_019437,UNKNOWN
PUB_019438,UNKNOWN
PUB_019439,UNKNOWN
PUB_019440,UNKNOWN
PUB_019441,UNKNOWN
PUB_019442,UNKNOWN
PUB_019443,UNKNOWN
PUB_019444,UNKNOWN
PUB_019445,UNKNOWN
PUB_019446,UNKNOWN
PUB_019447,UNKNOWN
PUB_019448,UNKNOWN
PUB_019449,UNKNOWN
PUB_019450,UNKNOWN
PUB_019451,UNKNOWN
PUB_019452,UNKNOWN
PUB_019453,UNKNOWN
PUB_019454,UNKNOWN
PUB_019455,UNKNOWN
PUB_019456,UNKNOWN
PUB_019457,UNKNOWN
PUB_019458,UNKNOWN
PUB_019459,UNKNOWN
PUB_019460,UNKNOWN
PUB_019461,UNKNOWN
PUB_019462,UNKNOWN
PUB_019463,UNKNOWN
PUB_019464,UNKNOWN
PUB_019465,UNKNOWN
PUB_019466,UNKNOWN
PUB_019467,UNKNOWN
PUB_019468,UNKNOWN
PUB_019469,UNKNOWN
PUB_019470,UNKNOWN
PUB_019471,UNKNOWN
PUB_019472,UNKNOWN
PUB_019473,UNKNOWN
PUB_019474,UNKNOWN
PUB_019475,UNKNOWN
PUB_019476,UNKNOWN
PUB_019477,UNKNOWN
PUB_019478,UNKNOWN
PUB_019479,UNKNOWN
PUB_019480,UNKNOWN
PUB_019481,UNKNOWN
PUB_019482,UNKNOWN
PUB_019483,UNKNOWN
PUB_019484,UNKNOWN
PUB_019485,UNKNOWN
PUB_019486,UNKNOWN
PUB_019487,UNKNOWN
PUB_019488,UNKNOWN
PUB_019489,UNKNOWN
PUB_019490,UNKNOWN
PUB_019491,UNKNOWN
PUB_019492,UNKNOWN
PUB_019493,UNKNOWN
PUB_019494,UNKNOWN
PUB_019495,UNKNOWN
PUB_019496,UNKNOWN
PUB_019497,UNKNOWN
PUB_019498,UNKNOWN
PUB_019499,UNKNOWN
PUB_019500,UNKNOWN
PUB_019501,UNKNOWN
PUB_019502,UNKNOWN
PUB_019503,UNKNOWN
PUB_019504,UNKNOWN
PUB_019505,UNKNOWN
PUB_019506,UNKNOWN
PUB_019507,UNKNOWN
PUB_019508,UNKNOWN
PUB_019509,UNKNOWN
PUB_019510,UNKNOWN
PUB_019511,UNKNOWN
PUB_019512,UNKNOWN
PUB_019513,UNKNOWN
PUB_019514,UNKNOWN
PUB_019515,UNKNOWN
PUB_019516,UNKNOWN
PUB_019517,UNKNOWN
PUB_019518,UNKNOWN
PUB_019519,UNKNOWN
PUB_019520,UNKNOWN
PUB_019521,UNKNOWN
PUB_019522,UNKNOWN
PUB_019523,UNKNOWN
PUB_019524,UNKNOWN
PUB_019525,UNKNOWN
PUB_019526,UNKNOWN
PUB_019527,UNKNOWN
PUB_019528,UNKNOWN
PUB_019529,UNKNOWN
PUB_019530,UNKNOWN
PUB_019531,UNKNOWN
PUB_019532,UNKNOWN
PUB_019533,UNKNOWN
PUB_019534,UNKNOWN
PUB_019535,UNKNOWN
PUB_019536,UNKNOWN
PUB_019537,UNKNOWN
PUB_019538,UNKNOWN
PUB_019539,UNKNOWN
PUB_019540,UNKNOWN
PUB_019541,UNKNOWN
PUB_019542,UNKNOWN
PUB_019543,UNKNOWN
PUB_019544,UNKNOWN
PUB_019545,UNKNOWN
PUB_019546,UNKNOWN
PUB_019547,UNKNOWN
PUB_019548,UNKNOWN
PUB_019549,UNKNOWN
PUB_019550,UNKNOWN
PUB_019551,UNKNOWN
PUB_019552,UNKNOWN
PUB_019553,UNKNOWN
PUB_019554,UNKNOWN
PUB_019555,UNKNOWN
PUB_019556,UNKNOWN
PUB_019557,UNKNOWN
PUB_019558,UNKNOWN
PUB_019559,UNKNOWN
PUB_019560,UNKNOWN
PUB_019561,UNKNOWN
PUB_019562,UNKNOWN
PUB_019563,UNKNOWN
PUB_019564,UNKNOWN
PUB_019565,UNKNOWN
PUB_019566,UNKNOWN
PUB_019567,UNKNOWN
PUB_019568,UNKNOWN
PUB_019569,UNKNOWN
PUB_019570,UNKNOWN
PUB_019571,UNKNOWN
PUB_019572,UNKNOWN
PUB_019573,UNKNOWN
PUB_019574,UNKNOWN
PUB_019575,UNKNOWN
PUB_019576,UNKNOWN
PUB_019577,UNKNOWN
PUB_019578,UNKNOWN
PUB_019579,UNKNOWN
PUB_019580,UNKNOWN
PUB_019581,UNKNOWN
PUB_019582,UNKNOWN
PUB_019583,UNKNOWN
PUB_019584,UNKNOWN
PUB_019585,UNKNOWN
PUB_019586,UNKNOWN
PUB_019587,UNKNOWN
PUB_019588,UNKNOWN
PUB_019589,UNKNOWN
PUB_019590,UNKNOWN
PUB_019591,UNKNOWN
PUB_019592,UNKNOWN
PUB_019593,UNKNOWN
PUB_019594,UNKNOWN
PUB_019595,UNKNOWN
PUB_019596,UNKNOWN
PUB_019597,UNKNOWN
PUB_019598,UNKNOWN
PUB_019599,UNKNOWN
PUB_019600,UNKNOWN
PUB_019601,UNKNOWN
PUB_019602,UNKNOWN
PUB_019603,UNKNOWN
PUB_019604,UNKNOWN
PUB_019605,UNKNOWN
PUB_019606,UNKNOWN
PUB_019607,UNKNOWN
PUB_019608,UNKNOWN
PUB_019609,UNKNOWN
PUB_019610,UNKNOWN
PUB_019611,UNKNOWN
PUB_019612,UNKNOWN
PUB_019613,UNKNOWN
PUB_019614,UNKNOWN
PUB_019615,UNKNOWN
PUB_019616,UNKNOWN
PUB_019617,UNKNOWN
PUB_019618,UNKNOWN
PUB_019619,UNKNOWN
PUB_019620,UNKNOWN
PUB_019621,UNKNOWN
PUB_019622,UNKNOWN
PUB_019623,UNKNOWN
PUB_019624,UNKNOWN
PUB_019625,UNKNOWN
PUB_019626,UNKNOWN
PUB_019627,UNKNOWN
PUB_019628,UNKNOWN
PUB_019629,UNKNOWN
PUB_019630,UNKNOWN
PUB_019631,UNKNOWN
PUB_019632,UNKNOWN
PUB_019633,UNKNOWN
PUB_019634,UNKNOWN
PUB_019635,UNKNOWN
PUB_019636,UNKNOWN
PUB_019637,UNKNOWN
PUB_019638,UNKNOWN
PUB_019639,UNKNOWN
PUB_019640,UNKNOWN
PUB_019641,UNKNOWN
PUB_019642,UNKNOWN
PUB_019643,UNKNOWN
PUB_019644,UNKNOWN
PUB_019645,UNKNOWN
PUB_019646,UNKNOWN
PUB_019647,UNKNOWN
PUB_019648,UNKNOWN
PUB_019649,UNKNOWN
PUB_019650,UNKNOWN
PUB_019651,UNKNOWN
PUB_019652,UNKNOWN
PUB_019653,UNKNOWN
PUB_019654,UNKNOWN
PUB_019655,UNKNOWN
PUB_019656,UNKNOWN
PUB_019657,UNKNOWN
PUB_019658,UNKNOWN
PUB_019659,UNKNOWN
PUB_019660,UNKNOWN
PUB_019661,UNKNOWN
PUB_019662,UNKNOWN
PUB_019663,UNKNOWN
PUB_019664,UNKNOWN
PUB_019665,UNKNOWN
PUB_019666,UNKNOWN
PUB_019667,UNKNOWN
PUB_019668,UNKNOWN
PUB_019669,UNKNOWN
PUB_019670,UNKNOWN
PUB_019671,UNKNOWN
PUB_019672,UNKNOWN
PUB_019673,UNKNOWN
PUB_019674,UNKNOWN
PUB_019675,UNKNOWN
PUB_019676,UNKNOWN
PUB_019677,UNKNOWN
PUB_019678,UNKNOWN
PUB_019679,UNKNOWN
PUB_019680,UNKNOWN
PUB_019681,UNKNOWN
PUB_019682,UNKNOWN
PUB_019683,UNKNOWN
PUB_019684,UNKNOWN
PUB_019685,UNKNOWN
PUB_019686,UNKNOWN
PUB_019687,UNKNOWN
PUB_019688,UNKNOWN
PUB_019689,UNKNOWN
PUB_019690,UNKNOWN
PUB_019691,UNKNOWN
PUB_019692,UNKNOWN
PUB_019693,UNKNOWN
PUB_019694,UNKNOWN
PUB_019695,UNKNOWN
PUB_019696,UNKNOWN
PUB_019697,UNKNOWN
PUB_019698,UNKNOWN
PUB_019699,UNKNOWN
PUB_019700,UNKNOWN
PUB_019701,UNKNOWN
PUB_019702,UNKNOWN
PUB_019703,UNKNOWN
PUB_019704,UNKNOWN
PUB_019705,UNKNOWN
PUB_019706,UNKNOWN
PUB_019707,UNKNOWN
PUB_019708,UNKNOWN
PUB_019709,UNKNOWN
PUB_019710,UNKNOWN
PUB_019711,UNKNOWN
PUB_019712,UNKNOWN
PUB_019713,UNKNOWN
PUB_019714,UNKNOWN
PUB_019715,UNKNOWN
PUB_019716,UNKNOWN
PUB_019717,UNKNOWN
PUB_019718,UNKNOWN
PUB_019719,UNKNOWN
PUB_019720,UNKNOWN
PUB_019721,UNKNOWN
PUB_019722,UNKNOWN
PUB_019723,UNKNOWN
PUB_019724,UNKNOWN
PUB_019725,UNKNOWN
PUB_019726,UNKNOWN
PUB_019727,UNKNOWN
PUB_019728,UNKNOWN
PUB_019729,UNKNOWN
PUB_019730,UNKNOWN
PUB_019731,UNKNOWN
PUB_019732,UNKNOWN
PUB_019733,UNKNOWN
PUB_019734,UNKNOWN
PUB_019735,UNKNOWN
PUB_019736,UNKNOWN
PUB_019737,UNKNOWN
PUB_019738,UNKNOWN
PUB_019739,UNKNOWN
PUB_019740,UNKNOWN
PUB_019741,UNKNOWN
PUB_019742,UNKNOWN
PUB_019743,UNKNOWN
PUB_019744,UNKNOWN
PUB_019745,UNKNOWN
PUB_019746,UNKNOWN
PUB_019747,UNKNOWN
PUB_019748,UNKNOWN
PUB_019749,UNKNOWN
PUB_019750,UNKNOWN
PUB_019751,UNKNOWN
PUB_019752,UNKNOWN
PUB_019753,UNKNOWN
PUB_019754,UNKNOWN
PUB_019755,UNKNOWN
PUB_019756,UNKNOWN
PUB_019757,UNKNOWN
PUB_019758,UNKNOWN
PUB_019759,UNKNOWN
PUB_019760,UNKNOWN
PUB_019761,UNKNOWN
PUB_019762,UNKNOWN
PUB_019763,UNKNOWN
PUB_019764,UNKNOWN
PUB_019765,UNKNOWN
PUB_019766,UNKNOWN
PUB_019767,UNKNOWN
PUB_019768,UNKNOWN
PUB_019769,UNKNOWN
PUB_019770,UNKNOWN
PUB_019771,UNKNOWN
PUB_019772,UNKNOWN
PUB_019773,UNKNOWN
PUB_019774,UNKNOWN
PUB_019775,UNKNOWN
PUB_019776,UNKNOWN
PUB_019777,UNKNOWN
PUB_019778,UNKNOWN
PUB_019779,UNKNOWN
PUB_019780,UNKNOWN
PUB_019781,UNKNOWN
PUB_019782,UNKNOWN
PUB_019783,UNKNOWN
PUB_019784,UNKNOWN
PUB_019785,UNKNOWN
PUB_019786,UNKNOWN
PUB_019787,UNKNOWN
PUB_019788,UNKNOWN
PUB_019789,UNKNOWN
PUB_019790,UNKNOWN
PUB_019791,UNKNOWN
PUB_019792,UNKNOWN
PUB_019793,UNKNOWN
PUB_019794,UNKNOWN
PUB_019795,UNKNOWN
PUB_019796,UNKNOWN
PUB_019797,UNKNOWN
PUB_019798,UNKNOWN
PUB_019799,UNKNOWN
PUB_019800,UNKNOWN
PUB_019801,UNKNOWN
PUB_019802,UNKNOWN
PUB_019803,UNKNOWN
PUB_019804,UNKNOWN
PUB_019805,UNKNOWN
PUB_019806,UNKNOWN
PUB_019807,UNKNOWN
PUB_019808,UNKNOWN
PUB_019809,UNKNOWN
PUB_019810,UNKNOWN
PUB_019811,UNKNOWN
PUB_019812,UNKNOWN
PUB_019813,UNKNOWN
PUB_019814,UNKNOWN
PUB_019815,UNKNOWN
PUB_019816,UNKNOWN
PUB_019817,UNKNOWN
PUB_019818,UNKNOWN
PUB_019819,UNKNOWN
PUB_019820,UNKNOWN
PUB_019821,UNKNOWN
PUB_019822,UNKNOWN
PUB_019823,UNKNOWN
PUB_019824,UNKNOWN
PUB_019825,UNKNOWN
PUB_019826,UNKNOWN
PUB_019827,UNKNOWN
PUB_019828,UNKNOWN
PUB_019829,UNKNOWN
PUB_019830,UNKNOWN
PUB_019831,UNKNOWN
PUB_019832,UNKNOWN
PUB_019833,UNKNOWN
PUB_019834,UNKNOWN
PUB_019835,UNKNOWN
PUB_019836,UNKNOWN
PUB_019837,UNKNOWN
PUB_019838,UNKNOWN
PUB_019839,UNKNOWN
PUB_019840,UNKNOWN
PUB_019841,UNKNOWN
PUB_019842,UNKNOWN
PUB_019843,UNKNOWN
PUB_019844,UNKNOWN
PUB_019845,UNKNOWN
PUB_019846,UNKNOWN
PUB_019847,UNKNOWN
PUB_019848,UNKNOWN
PUB_019849,UNKNOWN
PUB_019850,UNKNOWN
PUB_019851,UNKNOWN
PUB_019852,UNKNOWN
PUB_019853,UNKNOWN
PUB_019854,UNKNOWN
PUB_019855,UNKNOWN
PUB_019856,UNKNOWN
PUB_019857,UNKNOWN
PUB_019858,UNKNOWN
PUB_019859,UNKNOWN
PUB_019860,UNKNOWN
PUB_019861,UNKNOWN
PUB_019862,UNKNOWN
PUB_019863,UNKNOWN
PUB_019864,UNKNOWN
PUB_019865,UNKNOWN
PUB_019866,UNKNOWN
PUB_019867,UNKNOWN
PUB_019868,UNKNOWN
PUB_019869,UNKNOWN
PUB_019870,UNKNOWN
PUB_019871,UNKNOWN
PUB_019872,UNKNOWN
PUB_019873,UNKNOWN
PUB_019874,UNKNOWN
PUB_019875,UNKNOWN
PUB_019876,UNKNOWN
PUB_019877,UNKNOWN
PUB_019878,UNKNOWN
PUB_019879,UNKNOWN
PUB_019880,UNKNOWN
PUB_019881,UNKNOWN
PUB_019882,UNKNOWN
PUB_019883,UNKNOWN
PUB_019884,UNKNOWN
PUB_019885,UNKNOWN
PUB_019886,UNKNOWN
PUB_019887,UNKNOWN
PUB_019888,UNKNOWN
PUB_019889,UNKNOWN
PUB_019890,UNKNOWN
PUB_019891,UNKNOWN
PUB_019892,UNKNOWN
PUB_019893,UNKNOWN
PUB_019894,UNKNOWN
PUB_019895,UNKNOWN
PUB_019896,UNKNOWN
PUB_019897,UNKNOWN
PUB_019898,UNKNOWN
PUB_019899,UNKNOWN
PUB_019900,UNKNOWN
PUB_019901,UNKNOWN
PUB_019902,UNKNOWN
PUB_019903,UNKNOWN
PUB_019904,UNKNOWN
PUB_019905,UNKNOWN
PUB_019906,UNKNOWN
PUB_019907,UNKNOWN
PUB_019908,UNKNOWN
PUB_019909,UNKNOWN
PUB_019910,UNKNOWN
PUB_019911,UNKNOWN
PUB_019912,UNKNOWN
PUB_019913,UNKNOWN
PUB_019914,UNKNOWN
PUB_019915,UNKNOWN
PUB_019916,UNKNOWN
PUB_019917,UNKNOWN
PUB_019918,UNKNOWN
PUB_019919,UNKNOWN
PUB_019920,UNKNOWN
PUB_019921,UNKNOWN
PUB_019922,UNKNOWN
PUB_019923,UNKNOWN
PUB_019924,UNKNOWN
PUB_019925,UNKNOWN
PUB_019926,UNKNOWN
PUB_019927,UNKNOWN
PUB_019928,UNKNOWN
PUB_019929,UNKNOWN
PUB_019930,UNKNOWN
PUB_019931,UNKNOWN
PUB_019932,UNKNOWN
PUB_019933,UNKNOWN
PUB_019934,UNKNOWN
PUB_019935,UNKNOWN
PUB_019936,UNKNOWN
PUB_019937,UNKNOWN
PUB_019938,UNKNOWN
PUB_019939,UNKNOWN
PUB_019940,UNKNOWN
PUB_019941,UNKNOWN
PUB_019942,UNKNOWN
PUB_019943,UNKNOWN
PUB_019944,UNKNOWN
PUB_019945,UNKNOWN
PUB_019946,UNKNOWN
PUB_019947,UNKNOWN
PUB_019948,UNKNOWN
PUB_019949,UNKNOWN
PUB_019950,UNKNOWN
PUB_019951,UNKNOWN
PUB_019952,UNKNOWN
PUB_019953,UNKNOWN
PUB_019954,UNKNOWN
PUB_019955,UNKNOWN
PUB_019956,UNKNOWN
PUB_019957,UNKNOWN
PUB_019958,UNKNOWN
PUB_019959,UNKNOWN
PUB_019960,UNKNOWN
PUB_019961,UNKNOWN
PUB_019962,UNKNOWN
PUB_019963,UNKNOWN
PUB_019964,UNKNOWN
PUB_019965,UNKNOWN
PUB_019966,UNKNOWN
PUB_019967,UNKNOWN
PUB_019968,UNKNOWN
PUB_019969,UNKNOWN
PUB_019970,UNKNOWN
PUB_019971,UNKNOWN
PUB_019972,UNKNOWN
PUB_019973,UNKNOWN
PUB_019974,UNKNOWN
PUB_019975,UNKNOWN
PUB_019976,UNKNOWN
PUB_019977,UNKNOWN
PUB_019978,UNKNOWN
PUB_019979,UNKNOWN
PUB_019980,UNKNOWN
PUB_019981,UNKNOWN
PUB_019982,UNKNOWN
PUB_019983,UNKNOWN
PUB_019984,UNKNOWN
PUB_019985,UNKNOWN
PUB_019986,UNKNOWN
PUB_019987,UNKNOWN
PUB_019988,UNKNOWN
PUB_019989,UNKNOWN
PUB_019990,UNKNOWN
PUB_019991,UNKNOWN
PUB_019992,UNKNOWN
PUB_019993,UNKNOWN
PUB_019994,UNKNOWN
PUB_019995,UNKNOWN
PUB_019996,UNKNOWN
PUB_019997,UNKNOWN
PUB_019998,UNKNOWN
PUB_019999,UNKNOWN
PUB_020000,UNKNOWN
PUB_020001,UNKNOWN
PUB_020002,UNKNOWN
PUB_020003,UNKNOWN
PUB_020004,UNKNOWN
PUB_020005,UNKNOWN
PUB_020006,UNKNOWN
PUB_020007,UNKNOWN
PUB_020008,UNKNOWN
PUB_020009,UNKNOWN
PUB_020010,UNKNOWN
PUB_020011,UNKNOWN
PUB_020012,UNKNOWN
PUB_020013,UNKNOWN
PUB_020014,UNKNOWN
PUB_020015,UNKNOWN
PUB_020016,UNKNOWN
PUB_020017,UNKNOWN
PUB_020018,UNKNOWN
PUB_020019,UNKNOWN
PUB_020020,UNKNOWN
PUB_020021,UNKNOWN
PUB_020022,UNKNOWN
PUB_020023,UNKNOWN
PUB_020024,UNKNOWN
PUB_020025,UNKNOWN
PUB_020026,UNKNOWN
PUB_020027,UNKNOWN
PUB_020028,UNKNOWN
PUB_020029,UNKNOWN
PUB_020030,UNKNOWN
PUB_020031,UNKNOWN
PUB_020032,UNKNOWN
PUB_020033,UNKNOWN
PUB_020034,UNKNOWN
PUB_020035,UNKNOWN
PUB_020036,UNKNOWN
PUB_020037,UNKNOWN
PUB_020038,UNKNOWN
PUB_020039,UNKNOWN
PUB_020040,UNKNOWN
PUB_020041,UNKNOWN
PUB_020042,UNKNOWN
PUB_020043,UNKNOWN
PUB_020044,UNKNOWN
PUB_020045,UNKNOWN
PUB_020046,UNKNOWN
PUB_020047,UNKNOWN
PUB_020048,UNKNOWN
PUB_020049,UNKNOWN
PUB_020050,UNKNOWN
PUB_020051,UNKNOWN
PUB_020052,UNKNOWN
PUB_020053,UNKNOWN
PUB_020054,UNKNOWN
PUB_020055,UNKNOWN
PUB_020056,UNKNOWN
PUB_020057,UNKNOWN
PUB_020058,UNKNOWN
PUB_020059,UNKNOWN
PUB_020060,UNKNOWN
PUB_020061,UNKNOWN
PUB_020062,UNKNOWN
PUB_020063,UNKNOWN
PUB_020064,UNKNOWN
PUB_020065,UNKNOWN
PUB_020066,UNKNOWN
PUB_020067,UNKNOWN
PUB_020068,UNKNOWN
PUB_020069,UNKNOWN
PUB_020070,UNKNOWN
PUB_020071,UNKNOWN
PUB_020072,UNKNOWN
PUB_020073,UNKNOWN
PUB_020074,UNKNOWN
PUB_020075,UNKNOWN
PUB_020076,UNKNOWN
PUB_020077,UNKNOWN
PUB_020078,UNKNOWN
PUB_020079,UNKNOWN
PUB_020080,UNKNOWN
PUB_020081,UNKNOWN
PUB_020082,UNKNOWN
PUB_020083,UNKNOWN
PUB_020084,UNKNOWN
PUB_020085,UNKNOWN
PUB_020086,UNKNOWN
PUB_020087,UNKNOWN
PUB_020088,UNKNOWN
PUB_020089,UNKNOWN
PUB_020090,UNKNOWN
PUB_020091,UNKNOWN
PUB_020092,UNKNOWN
PUB_020093,UNKNOWN
PUB_020094,UNKNOWN
PUB_020095,UNKNOWN
PUB_020096,UNKNOWN
PUB_020097,UNKNOWN
PUB_020098,UNKNOWN
PUB_020099,UNKNOWN
PUB_020100,UNKNOWN
PUB_020101,UNKNOWN
PUB_020102,UNKNOWN
PUB_020103,UNKNOWN
PUB_020104,UNKNOWN
PUB_020105,UNKNOWN
PUB_020106,UNKNOWN
PUB_020107,UNKNOWN
PUB_020108,UNKNOWN
PUB_020109,UNKNOWN
PUB_020110,UNKNOWN
PUB_020111,UNKNOWN
PUB_020112,UNKNOWN
PUB_020113,UNKNOWN
PUB_020114,UNKNOWN
PUB_020115,UNKNOWN
PUB_020116,UNKNOWN
PUB_020117,UNKNOWN
PUB_020118,UNKNOWN
PUB_020119,UNKNOWN
PUB_020120,UNKNOWN
PUB_020121,UNKNOWN
PUB_020122,UNKNOWN
PUB_020123,UNKNOWN
PUB_020124,UNKNOWN
PUB_020125,UNKNOWN
PUB_020126,UNKNOWN
PUB_020127,UNKNOWN
PUB_020128,UNKNOWN
PUB_020129,UNKNOWN
PUB_020130,UNKNOWN
PUB_020131,UNKNOWN
PUB_020132,UNKNOWN
PUB_020133,UNKNOWN
PUB_020134,UNKNOWN
PUB_020135,UNKNOWN
PUB_020136,UNKNOWN
PUB_020137,UNKNOWN
PUB_020138,UNKNOWN
PUB_020139,UNKNOWN
PUB_020140,UNKNOWN
PUB_020141,UNKNOWN
PUB_020142,UNKNOWN
PUB_020143,UNKNOWN
PUB_020144,UNKNOWN
PUB_020145,UNKNOWN
PUB_020146,UNKNOWN
PUB_020147,UNKNOWN
PUB_020148,UNKNOWN
PUB_020149,UNKNOWN
PUB_020150,UNKNOWN
PUB_020151,UNKNOWN
PUB_020152,UNKNOWN
PUB_020153,UNKNOWN
PUB_020154,UNKNOWN
PUB_020155,UNKNOWN
PUB_020156,UNKNOWN
PUB_020157,UNKNOWN
PUB_020158,UNKNOWN
PUB_020159,UNKNOWN
PUB_020160,UNKNOWN
PUB_020161,UNKNOWN
PUB_020162,UNKNOWN
PUB_020163,UNKNOWN
PUB_020164,UNKNOWN
PUB_020165,UNKNOWN
PUB_020166,UNKNOWN
PUB_020167,UNKNOWN
PUB_020168,UNKNOWN
PUB_020169,UNKNOWN
PUB_020170,UNKNOWN
PUB_020171,UNKNOWN
PUB_020172,UNKNOWN
PUB_020173,UNKNOWN
PUB_020174,UNKNOWN
PUB_020175,UNKNOWN
PUB_020176,UNKNOWN
PUB_020177,UNKNOWN
PUB_020178,UNKNOWN
PUB_020179,UNKNOWN
PUB_020180,UNKNOWN
PUB_020181,UNKNOWN
PUB_020182,UNKNOWN
PUB_020183,UNKNOWN
PUB_020184,UNKNOWN
PUB_020185,UNKNOWN
PUB_020186,UNKNOWN
PUB_020187,UNKNOWN
PUB_020188,UNKNOWN
PUB_020189,UNKNOWN
PUB_020190,UNKNOWN
PUB_020191,UNKNOWN
PUB_020192,UNKNOWN
PUB_020193,UNKNOWN
PUB_020194,UNKNOWN
PUB_020195,UNKNOWN
PUB_020196,UNKNOWN
PUB_020197,UNKNOWN
PUB_020198,UNKNOWN
PUB_020199,UNKNOWN
PUB_020200,UNKNOWN
PUB_020201,UNKNOWN
PUB_020202,UNKNOWN
PUB_020203,UNKNOWN
PUB_020204,UNKNOWN
PUB_020205,UNKNOWN
PUB_020206,UNKNOWN
PUB_020207,UNKNOWN
PUB_020208,UNKNOWN
PUB_020209,UNKNOWN
PUB_020210,UNKNOWN
PUB_020211,UNKNOWN
PUB_020212,UNKNOWN
PUB_020213,UNKNOWN
PUB_020214,UNKNOWN
PUB_020215,UNKNOWN
PUB_020216,UNKNOWN
PUB_020217,UNKNOWN
PUB_020218,UNKNOWN
PUB_020219,UNKNOWN
PUB_020220,UNKNOWN
PUB_020221,UNKNOWN
PUB_020222,UNKNOWN
PUB_020223,UNKNOWN
PUB_020224,UNKNOWN
PUB_020225,UNKNOWN
PUB_020226,UNKNOWN
PUB_020227,UNKNOWN
PUB_020228,UNKNOWN
PUB_020229,UNKNOWN
PUB_020230,UNKNOWN
PUB_020231,UNKNOWN
PUB_020232,UNKNOWN
PUB_020233,UNKNOWN
PUB_020234,UNKNOWN
PUB_020235,UNKNOWN
PUB_020236,UNKNOWN
PUB_020237,UNKNOWN
PUB_020238,UNKNOWN
PUB_020239,UNKNOWN
PUB_020240,UNKNOWN
PUB_020241,UNKNOWN
PUB_020242,UNKNOWN
PUB_020243,UNKNOWN
PUB_020244,UNKNOWN
PUB_020245,UNKNOWN
PUB_020246,UNKNOWN
PUB_020247,UNKNOWN
PUB_020248,UNKNOWN
PUB_020249,UNKNOWN
PUB_020250,UNKNOWN
PUB_020251,UNKNOWN
PUB_020252,UNKNOWN
PUB_020253,UNKNOWN
PUB_020254,UNKNOWN
PUB_020255,UNKNOWN
PUB_020256,UNKNOWN
PUB_020257,UNKNOWN
PUB_020258,UNKNOWN
PUB_020259,UNKNOWN
PUB_020260,UNKNOWN
PUB_020261,UNKNOWN
PUB_020262,UNKNOWN
PUB_020263,UNKNOWN
PUB_020264,UNKNOWN
PUB_020265,UNKNOWN
PUB_020266,UNKNOWN
PUB_020267,UNKNOWN
PUB_020268,UNKNOWN
PUB_020269,UNKNOWN
PUB_020270,UNKNOWN
PUB_020271,UNKNOWN
PUB_020272,UNKNOWN
PUB_020273,UNKNOWN
PUB_020274,UNKNOWN
PUB_020275,UNKNOWN
PUB_020276,UNKNOWN
PUB_020277,UNKNOWN
PUB_020278,UNKNOWN
PUB_020279,UNKNOWN
PUB_020280,UNKNOWN
PUB_020281,UNKNOWN
PUB_020282,UNKNOWN
PUB_020283,UNKNOWN
PUB_020284,UNKNOWN
PUB_020285,UNKNOWN
PUB_020286,UNKNOWN
PUB_020287,UNKNOWN
PUB_020288,UNKNOWN
PUB_020289,UNKNOWN
PUB_020290,UNKNOWN
PUB_020291,UNKNOWN
PUB_020292,UNKNOWN
PUB_020293,UNKNOWN
PUB_020294,UNKNOWN
PUB_020295,UNKNOWN
PUB_020296,UNKNOWN
PUB_020297,UNKNOWN
PUB_020298,UNKNOWN
PUB_020299,UNKNOWN
PUB_020300,UNKNOWN
PUB_020301,UNKNOWN
PUB_020302,UNKNOWN
PUB_020303,UNKNOWN
PUB_020304,UNKNOWN
PUB_020305,UNKNOWN
PUB_020306,UNKNOWN
PUB_020307,UNKNOWN
PUB_020308,UNKNOWN
PUB_020309,UNKNOWN
PUB_020310,UNKNOWN
PUB_020311,UNKNOWN
PUB_020312,UNKNOWN
PUB_020313,UNKNOWN
PUB_020314,UNKNOWN
PUB_020315,UNKNOWN
PUB_020316,UNKNOWN
PUB_020317,UNKNOWN
PUB_020318,UNKNOWN
PUB_020319,UNKNOWN
PUB_020320,UNKNOWN
PUB_020321,UNKNOWN
PUB_020322,UNKNOWN
PUB_020323,UNKNOWN
PUB_020324,UNKNOWN
PUB_020325,UNKNOWN
PUB_020326,UNKNOWN
PUB_020327,UNKNOWN
PUB_020328,UNKNOWN
PUB_020329,UNKNOWN
PUB_020330,UNKNOWN
PUB_020331,UNKNOWN
PUB_020332,UNKNOWN
PUB_020333,UNKNOWN
PUB_020334,UNKNOWN
PUB_020335,UNKNOWN
PUB_020336,UNKNOWN
PUB_020337,UNKNOWN
PUB_020338,UNKNOWN
PUB_020339,UNKNOWN
PUB_020340,UNKNOWN
PUB_020341,UNKNOWN
PUB_020342,UNKNOWN
PUB_020343,UNKNOWN
PUB_020344,UNKNOWN
PUB_020345,UNKNOWN
PUB_020346,UNKNOWN
PUB_020347,UNKNOWN
PUB_020348,UNKNOWN
PUB_020349,UNKNOWN
PUB_020350,UNKNOWN
PUB_020351,UNKNOWN
PUB_020352,UNKNOWN
PUB_020353,UNKNOWN
PUB_020354,UNKNOWN
PUB_020355,UNKNOWN
PUB_020356,UNKNOWN
PUB_020357,UNKNOWN
PUB_020358,UNKNOWN
PUB_020359,UNKNOWN
PUB_020360,UNKNOWN
PUB_020361,UNKNOWN
PUB_020362,UNKNOWN
PUB_020363,UNKNOWN
PUB_020364,UNKNOWN
PUB_020365,UNKNOWN
PUB_020366,UNKNOWN
PUB_020367,UNKNOWN
PUB_020368,UNKNOWN
PUB_020369,UNKNOWN
PUB_020370,UNKNOWN
PUB_020371,UNKNOWN
PUB_020372,UNKNOWN
PUB_020373,UNKNOWN
PUB_020374,UNKNOWN
PUB_020375,UNKNOWN
PUB_020376,UNKNOWN
PUB_020377,UNKNOWN
PUB_020378,UNKNOWN
PUB_020379,UNKNOWN
PUB_020380,UNKNOWN
PUB_020381,UNKNOWN
PUB_020382,UNKNOWN
PUB_020383,UNKNOWN
PUB_020384,UNKNOWN
PUB_020385,UNKNOWN
PUB_020386,UNKNOWN
PUB_020387,UNKNOWN
PUB_020388,UNKNOWN
PUB_020389,UNKNOWN
PUB_020390,UNKNOWN
PUB_020391,UNKNOWN
PUB_020392,UNKNOWN
PUB_020393,UNKNOWN
PUB_020394,UNKNOWN
PUB_020395,UNKNOWN
PUB_020396,UNKNOWN
PUB_020397,UNKNOWN
PUB_020398,UNKNOWN
PUB_020399,UNKNOWN
PUB_020400,UNKNOWN
PUB_020401,UNKNOWN
PUB_020402,UNKNOWN
PUB_020403,UNKNOWN
PUB_020404,UNKNOWN
PUB_020405,UNKNOWN
PUB_020406,UNKNOWN
PUB_020407,UNKNOWN
PUB_020408,UNKNOWN
PUB_020409,UNKNOWN
PUB_020410,UNKNOWN
PUB_020411,UNKNOWN
PUB_020412,UNKNOWN
PUB_020413,UNKNOWN
PUB_020414,UNKNOWN
PUB_020415,UNKNOWN
PUB_020416,UNKNOWN
PUB_020417,UNKNOWN
PUB_020418,UNKNOWN
PUB_020419,UNKNOWN
PUB_020420,UNKNOWN
PUB_020421,UNKNOWN
PUB_020422,UNKNOWN
PUB_020423,UNKNOWN
PUB_020424,UNKNOWN
PUB_020425,UNKNOWN
PUB_020426,UNKNOWN
PUB_020427,UNKNOWN
PUB_020428,UNKNOWN
PUB_020429,UNKNOWN
PUB_020430,UNKNOWN
PUB_020431,UNKNOWN
PUB_020432,UNKNOWN
PUB_020433,UNKNOWN
PUB_020434,UNKNOWN
PUB_020435,UNKNOWN
PUB_020436,UNKNOWN
PUB_020437,UNKNOWN
PUB_020438,UNKNOWN
PUB_020439,UNKNOWN
PUB_020440,UNKNOWN
PUB_020441,UNKNOWN
PUB_020442,UNKNOWN
PUB_020443,UNKNOWN
PUB_020444,UNKNOWN
PUB_020445,UNKNOWN
PUB_020446,UNKNOWN
PUB_020447,UNKNOWN
PUB_020448,UNKNOWN
PUB_020449,UNKNOWN
PUB_020450,UNKNOWN
PUB_020451,UNKNOWN
PUB_020452,UNKNOWN
PUB_020453,UNKNOWN
PUB_020454,UNKNOWN
PUB_020455,UNKNOWN
PUB_020456,UNKNOWN
PUB_020457,UNKNOWN
PUB_020458,UNKNOWN
PUB_020459,UNKNOWN
PUB_020460,UNKNOWN
PUB_020461,UNKNOWN
PUB_020462,UNKNOWN
PUB_020463,UNKNOWN
PUB_020464,UNKNOWN
PUB_020465,UNKNOWN
PUB_020466,UNKNOWN
PUB_020467,UNKNOWN
PUB_020468,UNKNOWN
PUB_020469,UNKNOWN
PUB_020470,UNKNOWN
PUB_020471,UNKNOWN
PUB_020472,UNKNOWN
PUB_020473,UNKNOWN
PUB_020474,UNKNOWN
PUB_020475,UNKNOWN
PUB_020476,UNKNOWN
PUB_020477,UNKNOWN
PUB_020478,UNKNOWN
PUB_020479,UNKNOWN
PUB_020480,UNKNOWN
PUB_020481,UNKNOWN
PUB_020482,UNKNOWN
PUB_020483,UNKNOWN
PUB_020484,UNKNOWN
PUB_020485,UNKNOWN
PUB_020486,UNKNOWN
PUB_020487,UNKNOWN
PUB_020488,UNKNOWN
PUB_020489,UNKNOWN
PUB_020490,UNKNOWN
PUB_020491,UNKNOWN
PUB_020492,UNKNOWN
PUB_020493,UNKNOWN
PUB_020494,UNKNOWN
PUB_020495,UNKNOWN
PUB_020496,UNKNOWN
PUB_020497,UNKNOWN
PUB_020498,UNKNOWN
PUB_020499,UNKNOWN
PUB_020500,UNKNOWN
PUB_020501,UNKNOWN
PUB_020502,UNKNOWN
PUB_020503,UNKNOWN
PUB_020504,UNKNOWN
PUB_020505,UNKNOWN
PUB_020506,UNKNOWN
PUB_020507,UNKNOWN
PUB_020508,UNKNOWN
PUB_020509,UNKNOWN
PUB_020510,UNKNOWN
PUB_020511,UNKNOWN
PUB_020512,UNKNOWN
PUB_020513,UNKNOWN
PUB_020514,UNKNOWN
PUB_020515,UNKNOWN
PUB_020516,UNKNOWN
PUB_020517,UNKNOWN
PUB_020518,UNKNOWN
PUB_020519,UNKNOWN
PUB_020520,UNKNOWN
PUB_020521,UNKNOWN
PUB_020522,UNKNOWN
PUB_020523,UNKNOWN
PUB_020524,UNKNOWN
PUB_020525,UNKNOWN
PUB_020526,UNKNOWN
PUB_020527,UNKNOWN
PUB_020528,UNKNOWN
PUB_020529,UNKNOWN
PUB_020530,UNKNOWN
PUB_020531,UNKNOWN
PUB_020532,UNKNOWN
PUB_020533,UNKNOWN
PUB_020534,UNKNOWN
PUB_020535,UNKNOWN
PUB_020536,UNKNOWN
PUB_020537,UNKNOWN
PUB_020538,UNKNOWN
PUB_020539,UNKNOWN
PUB_020540,UNKNOWN
PUB_020541,UNKNOWN
PUB_020542,UNKNOWN
PUB_020543,UNKNOWN
PUB_020544,UNKNOWN
PUB_020545,UNKNOWN
PUB_020546,UNKNOWN
PUB_020547,UNKNOWN
PUB_020548,UNKNOWN
PUB_020549,UNKNOWN
PUB_020550,UNKNOWN
PUB_020551,UNKNOWN
PUB_020552,UNKNOWN
PUB_020553,UNKNOWN
PUB_020554,UNKNOWN
PUB_020555,UNKNOWN
PUB_020556,UNKNOWN
PUB_020557,UNKNOWN
PUB_020558,UNKNOWN
PUB_020559,UNKNOWN
PUB_020560,UNKNOWN
PUB_020561,UNKNOWN
PUB_020562,UNKNOWN
PUB_020563,UNKNOWN
PUB_020564,UNKNOWN
PUB_020565,UNKNOWN
PUB_020566,UNKNOWN
PUB_020567,UNKNOWN
PUB_020568,UNKNOWN
PUB_020569,UNKNOWN
PUB_020570,UNKNOWN
PUB_020571,UNKNOWN
PUB_020572,UNKNOWN
PUB_020573,UNKNOWN
PUB_020574,UNKNOWN
PUB_020575,UNKNOWN
PUB_020576,UNKNOWN
PUB_020577,UNKNOWN
PUB_020578,UNKNOWN
PUB_020579,UNKNOWN
PUB_020580,UNKNOWN
PUB_020581,UNKNOWN
PUB_020582,UNKNOWN
PUB_020583,UNKNOWN
PUB_020584,UNKNOWN
PUB_020585,UNKNOWN
PUB_020586,UNKNOWN
PUB_020587,UNKNOWN
PUB_020588,UNKNOWN
PUB_020589,UNKNOWN
PUB_020590,UNKNOWN
PUB_020591,UNKNOWN
PUB_020592,UNKNOWN
PUB_020593,UNKNOWN
PUB_020594,UNKNOWN
PUB_020595,UNKNOWN
PUB_020596,UNKNOWN
PUB_020597,UNKNOWN
PUB_020598,UNKNOWN
PUB_020599,UNKNOWN
PUB_020600,UNKNOWN
PUB_020601,UNKNOWN
PUB_020602,UNKNOWN
PUB_020603,UNKNOWN
PUB_020604,UNKNOWN
PUB_020605,UNKNOWN
PUB_020606,UNKNOWN
PUB_020607,UNKNOWN
PUB_020608,UNKNOWN
PUB_020609,UNKNOWN
PUB_020610,UNKNOWN
PUB_020611,UNKNOWN
PUB_020612,UNKNOWN
PUB_020613,UNKNOWN
PUB_020614,UNKNOWN
PUB_020615,UNKNOWN
PUB_020616,UNKNOWN
PUB_020617,UNKNOWN
PUB_020618,UNKNOWN
PUB_020619,UNKNOWN
PUB_020620,UNKNOWN
PUB_020621,UNKNOWN
PUB_020622,UNKNOWN
PUB_020623,UNKNOWN
PUB_020624,UNKNOWN
PUB_020625,UNKNOWN
PUB_020626,UNKNOWN
PUB_020627,UNKNOWN
PUB_020628,UNKNOWN
PUB_020629,UNKNOWN
PUB_020630,UNKNOWN
PUB_020631,UNKNOWN
PUB_020632,UNKNOWN
PUB_020633,UNKNOWN
PUB_020634,ENGINEERING
PUB_020634,COMPUTER_SCIENCE
PUB_020635,COMPUTER_SCIENCE
PUB_020636,ENGINEERING
PUB_020636,COMPUTER_SCIENCE
PUB_020636,ENVIRONMENTAL_SCIENCE
PUB_020637,ENGINEERING
PUB_020637,ENERGY
PUB_020637,ENVIRONMENTAL_SCIENCE
PUB_020638,ENGINEERING
PUB_020638,ENVIRONMENTAL_SCIENCE
PUB_020639,ENGINEERING
PUB_020639,MATERIALS_SCIENCE
PUB_020640,ENGINEERING
PUB_020640,COMPUTER_SCIENCE
PUB_020641,ENGINEERING
PUB_020641,COMPUTER_SCIENCE
PUB_020641,ENVIRONMENTAL_SCIENCE
PUB_020642,ENGINEERING
PUB_020643,ENGINEERING
PUB_020643,COMPUTER_SCIENCE
PUB_020644,COMPUTER_SCIENCE
PUB_020644,BUSINESS_MANAGEMENT_AND_ACCOUNTING
PUB_020645,COMPUTER_SCIENCE
PUB_020645,SOCIAL_SCIENCES
PUB_020646,ENGINEERING
PUB_020646,ECONOMICS_ECONOMETRICS_AND_FINANCE
PUB_020646,DECISION_SCIENCES
PUB_020647,ENGINEERING
PUB_020647,MATERIALS_SCIENCE
PUB_020648,ENGINEERING
PUB_020648,COMPUTER_SCIENCE
PUB_020649,ENGINEERING
PUB_020650,ENGINEERING
PUB_020650,MATERIALS_SCIENCE
PUB_020651,ENGINEERING
PUB_020651,MATERIALS_SCIENCE
PUB_020652,ENGINEERING
PUB_020652,COMPUTER_SCIENCE
PUB_020652,AGRICULTURAL_AND_BIOLOGICAL_SCIENCES
PUB_020653,ENGINEERING
PUB_020653,MATERIALS_SCIENCE
PUB_020654,ENGINEERING
PUB_020654,MATERIALS_SCIENCE
PUB_020655,ENGINEERING
PUB_020655,ENERGY
PUB_020656,MEDICINE
PUB_020656,COMPUTER_SCIENCE
PUB_020657,COMPUTER_SCIENCE
PUB_020658,ENGINEERING
PUB_020658,COMPUTER_SCIENCE
PUB_020659,COMPUTER_SCIENCE
PUB_020659,NEUROSCIENCE
PUB_020660,ENGINEERING
PUB_020661,COMPUTER_SCIENCE
PUB_020662,ENGINEERING
PUB_020662,SOCIAL_SCIENCES
PUB_020663,COMPUTER_SCIENCE
PUB_020663,PHYSICS_AND_ASTRONOMY
PUB_020664,COMPUTER_SCIENCE
PUB_020664,DECISION_SCIENCES
PUB_020664,HEALTH_PROFESSIONS
PUB_020665,COMPUTER_SCIENCE
PUB_020666,COMPUTER_SCIENCE
PUB_020667,ENGINEERING
PUB_020667,ENERGY
PUB_020668,COMPUTER_SCIENCE
PUB_020669,ENGINEERING
PUB_020669,MATERIALS_SCIENCE
PUB_020670,COMPUTER_SCIENCE
PUB_020671,ENGINEERING
PUB_020671,ENVIRONMENTAL_SCIENCE
PUB_020672,ENGINEERING
PUB_020673,COMPUTER_SCIENCE
PUB_020674,COMPUTER_SCIENCE
PUB_020675,ENGINEERING
PUB_020675,COMPUTER_SCIENCE
PUB_020676,COMPUTER_SCIENCE
PUB_020676,SOCIAL_SCIENCES
PUB_020676,NEUROSCIENCE
PUB_020677,ENGINEERING
PUB_020677,MATERIALS_SCIENCE
PUB_020678,ENGINEERING
PUB_020678,COMPUTER_SCIENCE
PUB_020679,ENGINEERING
PUB_020679,COMPUTER_SCIENCE
PUB_020680,ENGINEERING
PUB_020680,MATERIALS_SCIENCE
PUB_020681,ENGINEERING
PUB_020681,MATERIALS_SCIENCE
PUB_020682,ENGINEERING
PUB_020682,COMPUTER_SCIENCE
PUB_020683,ENGINEERING
PUB_020684,ENGINEERING
PUB_020685,ENGINEERING
PUB_020685,COMPUTER_SCIENCE
PUB_020686,ENGINEERING
PUB_020686,COMPUTER_SCIENCE
PUB_020687,ENGINEERING
PUB_020687,MATERIALS_SCIENCE
PUB_020688,COMPUTER_SCIENCE
PUB_020689,ENGINEERING
PUB_020689,COMPUTER_SCIENCE
PUB_020690,ENGINEERING
PUB_020691,COMPUTER_SCIENCE
PUB_020691,SOCIAL_SCIENCES
PUB_020692,ENGINEERING
PUB_020692,MATERIALS_SCIENCE
PUB_020692,CHEMISTRY
PUB_020693,COMPUTER_SCIENCE
PUB_020693,BIOCHEMISTRY_GENETICS_AND_MOLECULAR_BIOLOGY
PUB_020693,ENVIRONMENTAL_SCIENCE
PUB_020694,COMPUTER_SCIENCE
PUB_020694,NEUROSCIENCE
PUB_020695,ENGINEERING
PUB_020696,ENGINEERING
PUB_020697,COMPUTER_SCIENCE
PUB_020698,MEDICINE
PUB_020698,COMPUTER_SCIENCE
PUB_020698,BIOCHEMISTRY_GENETICS_AND_MOLECULAR_BIOLOGY
PUB_020699,COMPUTER_SCIENCE
PUB_020700,COMPUTER_SCIENCE
PUB_020701,ENGINEERING
PUB_020702,ENGINEERING
PUB_020702,ENERGY
PUB_020703,ENGINEERING
PUB_020703,ENERGY
PUB_020704,ENGINEERING
PUB_020705,ENGINEERING
PUB_020705,COMPUTER_SCIENCE
PUB_020706,ENGINEERING
PUB_020706,MATERIALS_SCIENCE
PUB_020707,ENGINEERING
PUB_020707,MATERIALS_SCIENCE
PUB_020708,ENGINEERING
PUB_020708,COMPUTER_SCIENCE
PUB_020709,MEDICINE
PUB_020709,COMPUTER_SCIENCE
PUB_020710,ENGINEERING
PUB_020710,COMPUTER_SCIENCE
PUB_020711,ENGINEERING
PUB_020711,EARTH_AND_PLANETARY_SCIENCES
PUB_020711,ENVIRONMENTAL_SCIENCE
PUB_020712,ENGINEERING
PUB_020713,PSYCHOLOGY
PUB_020713,COMPUTER_SCIENCE
PUB_020713,PHYSICS_AND_ASTRONOMY
PUB_020714,ENGINEERING
PUB_020715,ENGINEERING
PUB_020716,ENGINEERING
PUB_020717,ENGINEERING
PUB_020717,ENERGY
PUB_020717,MATERIALS_SCIENCE
PUB_020718,ENGINEERING
PUB_020718,ENERGY
PUB_020718,ENVIRONMENTAL_SCIENCE
PUB_020719,COMPUTER_SCIENCE
PUB_020720,ENGINEERING
PUB_020720,ENERGY
PUB_020721,ENGINEERING
PUB_020721,MATERIALS_SCIENCE
PUB_020722,ENGINEERING
PUB_020723,ENGINEERING
PUB_020724,COMPUTER_SCIENCE
PUB_020724,SOCIAL_SCIENCES
PUB_020725,ENGINEERING
PUB_020725,MATERIALS_SCIENCE
PUB_020726,COMPUTER_SCIENCE
PUB_020727,ENGINEERING
PUB_020727,COMPUTER_SCIENCE
PUB_020728,ENGINEERING
PUB_020729,COMPUTER_SCIENCE
PUB_020730,ENGINEERING
PUB_020730,ENVIRONMENTAL_SCIENCE
PUB_020731,COMPUTER_SCIENCE
PUB_020731,MATERIALS_SCIENCE
PUB_020732,ENGINEERING
PUB_020732,COMPUTER_SCIENCE
PUB_020732,BUSINESS_MANAGEMENT_AND_ACCOUNTING
PUB_020733,ENGINEERING
PUB_020734,ENGINEERING
PUB_020734,COMPUTER_SCIENCE
PUB_020735,ENGINEERING
PUB_020735,MATERIALS_SCIENCE
PUB_020736,COMPUTER_SCIENCE
PUB_020737,ENGINEERING
PUB_020737,ENERGY
PUB_020738,COMPUTER_SCIENCE
PUB_020738,AGRICULTURAL_AND_BIOLOGICAL_SCIENCES
PUB_020739,ENGINEERING
PUB_020739,COMPUTER_SCIENCE
PUB_020740,COMPUTER_SCIENCE
PUB_020741,ENGINEERING
PUB_020741,PHYSICS_AND_ASTRONOMY
PUB_020742,ENGINEERING
PUB_020743,MEDICINE
PUB_020743,COMPUTER_SCIENCE
PUB_020743,SOCIAL_SCIENCES
PUB_020744,COMPUTER_SCIENCE
PUB_020745,COMPUTER_SCIENCE
PUB_020746,ENGINEERING
PUB_020746,COMPUTER_SCIENCE
PUB_020747,COMPUTER_SCIENCE
PUB_020748,ENGINEERING
PUB_020748,COMPUTER_SCIENCE
PUB_020749,ENGINEERING
PUB_020749,NEUROSCIENCE
PUB_020750,ENGINEERING
PUB_020750,ENERGY
PUB_020750,COMPUTER_SCIENCE
PUB_020751,COMPUTER_SCIENCE
PUB_020752,ENGINEERING
PUB_020753,ENGINEERING
PUB_020753,CHEMISTRY
PUB_020754,COMPUTER_SCIENCE
PUB_020755,ENGINEERING
PUB_020755,MATERIALS_SCIENCE
PUB_020756,ENGINEERING
PUB_020756,COMPUTER_SCIENCE
PUB_020757,COMPUTER_SCIENCE
PUB_020757,NEUROSCIENCE
PUB_020758,ENGINEERING
PUB_020759,ENGINEERING
PUB_020760,ENGINEERING
PUB_020761,COMPUTER_SCIENCE
PUB_020762,ENGINEERING
PUB_020762,COMPUTER_SCIENCE
PUB_020762,NEUROSCIENCE
PUB_020763,ENGINEERING
PUB_020763,MATERIALS_SCIENCE
PUB_020764,ENGINEERING
PUB_020764,CHEMISTRY
PUB_020764,CHEMICAL_ENGINEERING
PUB_020765,ENGINEERING
PUB_020765,PHYSICS_AND_ASTRONOMY
PUB_020766,COMPUTER_SCIENCE
PUB_020766,AGRICULTURAL_AND_BIOLOGICAL_SCIENCES
PUB_020767,ENGINEERING
PUB_020767,MATERIALS_SCIENCE
PUB_020768,ENGINEERING
PUB_020768,MATERIALS_SCIENCE
PUB_020769,COMPUTER_SCIENCE
PUB_020769,HEALTH_PROFESSIONS
PUB_020770,ENGINEERING
PUB_020771,ENGINEERING
PUB_020771,MATERIALS_SCIENCE
PUB_020772,COMPUTER_SCIENCE
PUB_020772,NEUROSCIENCE
PUB_020773,ENGINEERING
PUB_020774,ENGINEERING
PUB_020774,SOCIAL_SCIENCES
PUB_020775,ENGINEERING
PUB_020776,ENGINEERING
PUB_020777,ENGINEERING
PUB_020777,ENERGY
PUB_020777,MATERIALS_SCIENCE
PUB_020778,ENGINEERING
PUB_020779,ENGINEERING
PUB_020780,ENGINEERING
PUB_020781,COMPUTER_SCIENCE
PUB_020782,ENGINEERING
PUB_020782,MATERIALS_SCIENCE
PUB_020783,COMPUTER_SCIENCE
PUB_020784,ENGINEERING
PUB_020785,ENGINEERING
PUB_020786,COMPUTER_SCIENCE
PUB_020787,COMPUTER_SCIENCE
PUB_020788,ENGINEERING
PUB_020788,COMPUTER_SCIENCE
PUB_020789,ENGINEERING
PUB_020789,CHEMICAL_ENGINEERING
PUB_020790,ENGINEERING
PUB_020791,ENGINEERING
PUB_020791,MATERIALS_SCIENCE
PUB_020792,COMPUTER_SCIENCE
PUB_020793,ENGINEERING
PUB_020793,COMPUTER_SCIENCE
PUB_020794,ENGINEERING
PUB_020794,MATERIALS_SCIENCE
PUB_020795,COMPUTER_SCIENCE
PUB_020795,SOCIAL_SCIENCES
PUB_020796,ENGINEERING
PUB_020797,ENGINEERING
PUB_020797,COMPUTER_SCIENCE
PUB_020798,COMPUTER_SCIENCE
PUB_020798,SOCIAL_SCIENCES
PUB_020799,COMPUTER_SCIENCE
PUB_020800,MEDICINE
PUB_020800,COMPUTER_SCIENCE
PUB_020801,ENGINEERING
PUB_020801,MATERIALS_SCIENCE
PUB_020802,ENGINEERING
PUB_020802,MATERIALS_SCIENCE
PUB_020803,ENGINEERING
PUB_020803,MATERIALS_SCIENCE
PUB_020804,COMPUTER_SCIENCE
PUB_020804,NEUROSCIENCE
PUB_020805,ENGINEERING
PUB_020806,COMPUTER_SCIENCE
PUB_020807,ENGINEERING
PUB_020807,ENVIRONMENTAL_SCIENCE
PUB_020808,ENGINEERING
PUB_020809,ENGINEERING
PUB_020810,ENGINEERING
PUB_020810,ENVIRONMENTAL_SCIENCE
PUB_020810,MATERIALS_SCIENCE
PUB_020811,ENGINEERING
PUB_020811,MATERIALS_SCIENCE
PUB_020812,COMPUTER_SCIENCE
PUB_020813,COMPUTER_SCIENCE
PUB_020814,ENGINEERING
PUB_020814,MATERIALS_SCIENCE
PUB_020815,ENGINEERING
PUB_020815,AGRICULTURAL_AND_BIOLOGICAL_SCIENCES
PUB_020816,COMPUTER_SCIENCE
PUB_020817,ENGINEERING
PUB_020817,COMPUTER_SCIENCE
PUB_020818,ENGINEERING
PUB_020819,ENGINEERING
PUB_020819,MATERIALS_SCIENCE
PUB_020820,COMPUTER_SCIENCE
PUB_020821,ENGINEERING
PUB_020822,COMPUTER_SCIENCE
PUB_020822,BUSINESS_MANAGEMENT_AND_ACCOUNTING
PUB_020823,ENGINEERING
PUB_020823,COMPUTER_SCIENCE
PUB_020824,COMPUTER_SCIENCE
PUB_020825,ENGINEERING
PUB_020825,COMPUTER_SCIENCE
PUB_020826,ENGINEERING
PUB_020827,ENGINEERING
PUB_020828,COMPUTER_SCIENCE
PUB_020829,ENGINEERING
PUB_020830,COMPUTER_SCIENCE
PUB_020831,MEDICINE
PUB_020831,COMPUTER_SCIENCE
PUB_020831,HEALTH_PROFESSIONS
PUB_020832,ENGINEERING
PUB_020833,COMPUTER_SCIENCE
PUB_020834,COMPUTER_SCIENCE
PUB_020834,BIOCHEMISTRY_GENETICS_AND_MOLECULAR_BIOLOGY
PUB_020835,ENGINEERING
PUB_020836,ENGINEERING
PUB_020837,ENGINEERING
PUB_020837,MATERIALS_SCIENCE
PUB_020837,CHEMICAL_ENGINEERING
PUB_020838,ENGINEERING
PUB_020838,CHEMISTRY
PUB_020838,CHEMICAL_ENGINEERING
PUB_020839,ENGINEERING
PUB_020839,COMPUTER_SCIENCE
PUB_020840,ENGINEERING
PUB_020840,COMPUTER_SCIENCE
PUB_020841,COMPUTER_SCIENCE
PUB_020842,ENGINEERING
PUB_020842,ENERGY
PUB_020843,ECONOMICS_ECONOMETRICS_AND_FINANCE
PUB_020843,DECISION_SCIENCES
PUB_020843,COMPUTER_SCIENCE
PUB_020844,ENGINEERING
PUB_020845,ENGINEERING
PUB_020846,ENGINEERING
PUB_020846,COMPUTER_SCIENCE
PUB_020847,ENGINEERING
PUB_020847,SOCIAL_SCIENCES
PUB_020848,ENGINEERING
PUB_020848,SOCIAL_SCIENCES
PUB_020849,ENGINEERING
PUB_020849,CHEMISTRY
PUB_020849,MATERIALS_SCIENCE
PUB_020850,ENGINEERING
PUB_020850,ENERGY
PUB_020851,ENGINEERING
PUB_020851,ENVIRONMENTAL_SCIENCE
PUB_020852,ENGINEERING
PUB_020853,MATHEMATICS
PUB_020853,COMPUTER_SCIENCE
PUB_020853,DECISION_SCIENCES
PUB_020854,ENGINEERING
PUB_020855,ENGINEERING
PUB_020856,ENGINEERING
PUB_020857,ENGINEERING
PUB_020857,MATERIALS_SCIENCE
PUB_020858,ENGINEERING
PUB_020858,COMPUTER_SCIENCE
PUB_020859,COMPUTER_SCIENCE
PUB_020859,DECISION_SCIENCES
PUB_020860,COMPUTER_SCIENCE
PUB_020861,ENGINEERING
PUB_020861,ENVIRONMENTAL_SCIENCE
PUB_020861,AGRICULTURAL_AND_BIOLOGICAL_SCIENCES
PUB_020862,ENGINEERING
PUB_020862,MATERIALS_SCIENCE
PUB_020863,ENGINEERING
PUB_020863,COMPUTER_SCIENCE
PUB_020863,ENVIRONMENTAL_SCIENCE
PUB_020864,ENGINEERING
PUB_020864,COMPUTER_SCIENCE
PUB_020864,PSYCHOLOGY
PUB_020865,ENGINEERING
PUB_020865,ENERGY
PUB_020865,COMPUTER_SCIENCE
PUB_020866,COMPUTER_SCIENCE
PUB_020866,SOCIAL_SCIENCES
PUB_020867,ENGINEERING
PUB_020867,BUSINESS_MANAGEMENT_AND_ACCOUNTING
PUB_020867,DECISION_SCIENCES
PUB_020868,COMPUTER_SCIENCE
PUB_020868,BIOCHEMISTRY_GENETICS_AND_MOLECULAR_BIOLOGY
PUB_020869,COMPUTER_SCIENCE
PUB_020869,HEALTH_PROFESSIONS
PUB_020870,ENGINEERING
PUB_020870,COMPUTER_SCIENCE
PUB_020871,ENGINEERING
PUB_020871,COMPUTER_SCIENCE
PUB_020872,ENGINEERING
PUB_020872,ENERGY
PUB_020872,COMPUTER_SCIENCE
PUB_020873,ENGINEERING
PUB_020874,MEDICINE
PUB_020874,COMPUTER_SCIENCE
PUB_020874,NEUROSCIENCE
PUB_020875,ENGINEERING
PUB_020876,ENGINEERING
PUB_020876,COMPUTER_SCIENCE
PUB_020877,ENGINEERING
PUB_020877,MATERIALS_SCIENCE
PUB_020878,COMPUTER_SCIENCE
PUB_020879,MEDICINE
PUB_020879,COMPUTER_SCIENCE
PUB_020879,HEALTH_PROFESSIONS
PUB_020880,COMPUTER_SCIENCE
PUB_020881,COMPUTER_SCIENCE
PUB_020882,COMPUTER_SCIENCE
PUB_020883,ENGINEERING
PUB_020883,ENVIRONMENTAL_SCIENCE
PUB_020884,ENGINEERING
PUB_020884,COMPUTER_SCIENCE
PUB_020885,COMPUTER_SCIENCE
PUB_020886,ENGINEERING
PUB_020886,MATERIALS_SCIENCE
PUB_020887,MEDICINE
PUB_020887,ENGINEERING
PUB_020888,PSYCHOLOGY
PUB_020888,MEDICINE
PUB_020888,ENGINEERING
PUB_020889,COMPUTER_SCIENCE
PUB_020890,ENGINEERING
PUB_020890,COMPUTER_SCIENCE
PUB_020891,COMPUTER_SCIENCE
PUB_020892,ENGINEERING
PUB_020892,COMPUTER_SCIENCE
PUB_020893,ENGINEERING
PUB_020893,SOCIAL_SCIENCES
PUB_020894,ENGINEERING
PUB_020894,MATERIALS_SCIENCE
PUB_020895,ENGINEERING
PUB_020896,COMPUTER_SCIENCE
PUB_020897,ENGINEERING
PUB_020897,COMPUTER_SCIENCE
PUB_020898,ENGINEERING
PUB_020899,COMPUTER_SCIENCE
PUB_020899,AGRICULTURAL_AND_BIOLOGICAL_SCIENCES
PUB_020900,ENGINEERING
PUB_020900,PHYSICS_AND_ASTRONOMY
PUB_020901,ENGINEERING
PUB_020902,MEDICINE
PUB_020902,COMPUTER_SCIENCE
PUB_020902,HEALTH_PROFESSIONS
PUB_020903,COMPUTER_SCIENCE
PUB_020903,DECISION_SCIENCES
PUB_020904,ENGINEERING
PUB_020904,COMPUTER_SCIENCE
PUB_020905,ENGINEERING
PUB_020906,ENGINEERING
PUB_020906,COMPUTER_SCIENCE
PUB_020907,ENGINEERING
PUB_020907,MATERIALS_SCIENCE
PUB_020908,ENGINEERING
PUB_020908,COMPUTER_SCIENCE
PUB_020909,COMPUTER_SCIENCE
PUB_020910,COMPUTER_SCIENCE
PUB_020911,ENGINEERING
PUB_020912,COMPUTER_SCIENCE
PUB_020913,COMPUTER_SCIENCE
PUB_020914,ENGINEERING
PUB_020914,COMPUTER_SCIENCE
PUB_020915,ENGINEERING
PUB_020915,COMPUTER_SCIENCE
PUB_020916,COMPUTER_SCIENCE
PUB_020917,ENGINEERING
PUB_020918,ENGINEERING
PUB_020918,MATERIALS_SCIENCE
PUB_020919,ENGINEERING
PUB_020920,ENGINEERING
PUB_020920,ENERGY
PUB_020920,MATERIALS_SCIENCE
PUB_020921,ENGINEERING
PUB_020922,ENGINEERING
PUB_020922,CHEMICAL_ENGINEERING
PUB_020923,COMPUTER_SCIENCE
PUB_020924,COMPUTER_SCIENCE
PUB_020924,BIOCHEMISTRY_GENETICS_AND_MOLECULAR_BIOLOGY
PUB_020924,CHEMISTRY
PUB_020925,ENGINEERING
PUB_020926,COMPUTER_SCIENCE
PUB_020927,COMPUTER_SCIENCE
PUB_020927,BIOCHEMISTRY_GENETICS_AND_MOLECULAR_BIOLOGY
PUB_020928,COMPUTER_SCIENCE
PUB_020929,ENGINEERING
PUB_020929,COMPUTER_SCIENCE
PUB_020930,ENGINEERING
PUB_020931,ENGINEERING
PUB_020931,COMPUTER_SCIENCE
PUB_020932,ENGINEERING
PUB_020933,COMPUTER_SCIENCE
PUB_020934,ENGINEERING
PUB_020935,COMPUTER_SCIENCE
PUB_020935,SOCIAL_SCIENCES
PUB_020935,NEUROSCIENCE
PUB_020936,COMPUTER_SCIENCE
PUB_020937,ENGINEERING
PUB_020938,ENGINEERING
PUB_020938,COMPUTER_SCIENCE
PUB_020939,ENGINEERING
PUB_020940,COMPUTER_SCIENCE
PUB_020941,EARTH_AND_PLANETARY_SCIENCES
PUB_020941,COMPUTER_SCIENCE
PUB_020941,HEALTH_PROFESSIONS
PUB_020942,ENGINEERING
PUB_020942,MATERIALS_SCIENCE
PUB_020943,ENGINEERING
PUB_020943,COMPUTER_SCIENCE
PUB_020944,ENGINEERING
PUB_020944,MATERIALS_SCIENCE
PUB_020945,MEDICINE
PUB_020945,COMPUTER_SCIENCE
PUB_020946,MEDICINE
PUB_020946,COMPUTER_SCIENCE
PUB_020946,SOCIAL_SCIENCES
PUB_020947,ENGINEERING
PUB_020947,ENVIRONMENTAL_SCIENCE
PUB_020948,ENGINEERING
PUB_020948,COMPUTER_SCIENCE
PUB_020949,ENGINEERING
PUB_020949,MATERIALS_SCIENCE
PUB_020950,ENGINEERING
PUB_020950,COMPUTER_SCIENCE
PUB_020951,ENGINEERING
PUB_020951,MATERIALS_SCIENCE
PUB_020952,ENGINEERING
PUB_020953,ENGINEERING
PUB_020954,COMPUTER_SCIENCE
PUB_020955,ENGINEERING
PUB_020956,ENGINEERING
PUB_020957,ENGINEERING
PUB_020958,MEDICINE
PUB_020958,ENGINEERING
PUB_020959,ENGINEERING
PUB_020959,MATERIALS_SCIENCE
PUB_020960,ENGINEERING
PUB_020960,ENERGY
PUB_020961,COMPUTER_SCIENCE
PUB_020962,ENGINEERING
PUB_020962,COMPUTER_SCIENCE
PUB_020963,ENGINEERING
PUB_020964,ENGINEERING
PUB_020964,COMPUTER_SCIENCE
PUB_020964,PHYSICS_AND_ASTRONOMY
PUB_020965,ENGINEERING
PUB_020965,COMPUTER_SCIENCE
PUB_020966,ENGINEERING
PUB_020966,COMPUTER_SCIENCE
PUB_020967,ENGINEERING
PUB_020968,ENGINEERING
PUB_020968,ARTS_AND_HUMANITIES
PUB_020969,ENGINEERING
PUB_020969,MATERIALS_SCIENCE
PUB_020969,PHARMACOLOGY_TOXICOLOGY_AND_PHARMACEUTICS
PUB_020970,ENGINEERING
PUB_020970,MATERIALS_SCIENCE
PUB_020971,ENGINEERING
PUB_020972,COMPUTER_SCIENCE
PUB_020973,ENGINEERING
PUB_020973,COMPUTER_SCIENCE
PUB_020974,ENGINEERING
PUB_020974,MATERIALS_SCIENCE
PUB_020975,ENGINEERING
PUB_020975,COMPUTER_SCIENCE
PUB_020976,COMPUTER_SCIENCE
PUB_020977,PSYCHOLOGY
PUB_020977,COMPUTER_SCIENCE
PUB_020977,SOCIAL_SCIENCES
PUB_020978,COMPUTER_SCIENCE
PUB_020979,ENGINEERING
PUB_020979,SOCIAL_SCIENCES
PUB_020980,ENGINEERING
PUB_020981,ENGINEERING
PUB_020982,ENGINEERING
PUB_020982,PHYSICS_AND_ASTRONOMY
PUB_020983,MEDICINE
PUB_020983,COMPUTER_SCIENCE
PUB_020983,BIOCHEMISTRY_GENETICS_AND_MOLECULAR_BIOLOGY
PUB_020984,COMPUTER_SCIENCE
PUB_020985,COMPUTER_SCIENCE
PUB_020986,COMPUTER_SCIENCE
PUB_020987,ENGINEERING
PUB_020987,MATERIALS_SCIENCE
PUB_020988,MEDICINE
PUB_020988,COMPUTER_SCIENCE
PUB_020988,HEALTH_PROFESSIONS
PUB_020989,ENGINEERING
PUB_020989,EARTH_AND_PLANETARY_SCIENCES
PUB_020989,ENVIRONMENTAL_SCIENCE
PUB_020990,COMPUTER_SCIENCE
PUB_020991,ENGINEERING
PUB_020992,ENGINEERING
PUB_020993,COMPUTER_SCIENCE
PUB_020993,DECISION_SCIENCES
PUB_020994,COMPUTER_SCIENCE
PUB_020994,BIOCHEMISTRY_GENETICS_AND_MOLECULAR_BIOLOGY
PUB_020994,DECISION_SCIENCES
PUB_020995,COMPUTER_SCIENCE
PUB_020996,ENGINEERING
PUB_020997,COMPUTER_SCIENCE
PUB_020998,ENGINEERING
PUB_020999,ENGINEERING
PUB_020999,AGRICULTURAL_AND_BIOLOGICAL_SCIENCES
PUB_021000,ENGINEERING
PUB_021001,ENGINEERING
PUB_021001,COMPUTER_SCIENCE
PUB_021001,HEALTH_PROFESSIONS
PUB_021002,COMPUTER_SCIENCE
PUB_021002,NEUROSCIENCE
PUB_021003,ENGINEERING
PUB_021003,ENERGY
PUB_021004,ENGINEERING
PUB_021005,ENGINEERING
PUB_021005,MATERIALS_SCIENCE
PUB_021006,ENGINEERING
PUB_021007,ENGINEERING
PUB_021007,COMPUTER_SCIENCE
PUB_021008,COMPUTER_SCIENCE
PUB_021009,ENGINEERING
PUB_021009,COMPUTER_SCIENCE
PUB_021009,ENVIRONMENTAL_SCIENCE
PUB_021010,ENGINEERING
PUB_021010,MATERIALS_SCIENCE
PUB_021010,CHEMICAL_ENGINEERING
PUB_021011,COMPUTER_SCIENCE
PUB_021012,ENGINEERING
PUB_021013,COMPUTER_SCIENCE
PUB_021014,ENGINEERING
PUB_021015,ENGINEERING
PUB_021015,COMPUTER_SCIENCE
PUB_021016,COMPUTER_SCIENCE
PUB_021017,ENGINEERING
PUB_021018,ENGINEERING
PUB_021018,COMPUTER_SCIENCE
PUB_021019,ENGINEERING
PUB_021020,ENGINEERING
PUB_021021,ENGINEERING
PUB_021021,EARTH_AND_PLANETARY_SCIENCES
PUB_021022,ENGINEERING
PUB_021022,COMPUTER_SCIENCE
PUB_021023,ENGINEERING
PUB_021023,COMPUTER_SCIENCE
PUB_021024,ENGINEERING
PUB_021024,MATERIALS_SCIENCE
PUB_021025,ENGINEERING
PUB_021025,COMPUTER_SCIENCE
PUB_021026,MEDICINE
PUB_021026,COMPUTER_SCIENCE
PUB_021026,NEUROSCIENCE
PUB_021027,ENGINEERING
PUB_021027,COMPUTER_SCIENCE
PUB_021028,COMPUTER_SCIENCE
PUB_021028,DECISION_SCIENCES
PUB_021029,ENGINEERING
PUB_021030,ENGINEERING
PUB_021030,MATERIALS_SCIENCE
PUB_021031,ENGINEERING
PUB_021031,COMPUTER_SCIENCE
PUB_021032,ENGINEERING
PUB_021032,COMPUTER_SCIENCE
PUB_021033,ENGINEERING
PUB_021033,PHYSICS_AND_ASTRONOMY
PUB_021034,COMPUTER_SCIENCE
PUB_021035,COMPUTER_SCIENCE
PUB_021036,ENGINEERING
PUB_021036,CHEMICAL_ENGINEERING
PUB_021037,ENGINEERING
PUB_021038,COMPUTER_SCIENCE
PUB_021039,ENGINEERING
PUB_021039,ENVIRONMENTAL_SCIENCE
PUB_021039,MATERIALS_SCIENCE
PUB_021040,ENGINEERING
PUB_021040,MATERIALS_SCIENCE
PUB_021041,ENGINEERING
PUB_021041,MATERIALS_SCIENCE
PUB_021042,ENGINEERING
PUB_021043,MEDICINE
PUB_021043,COMPUTER_SCIENCE
PUB_021044,ENGINEERING
PUB_021045,ENGINEERING
PUB_021046,MEDICINE
PUB_021046,COMPUTER_SCIENCE
PUB_021047,COMPUTER_SCIENCE
PUB_021048,ENGINEERING
PUB_021049,COMPUTER_SCIENCE
PUB_021050,COMPUTER_SCIENCE
PUB_021051,ENGINEERING
PUB_021051,MATERIALS_SCIENCE
PUB_021052,ENGINEERING
PUB_021052,COMPUTER_SCIENCE
PUB_021053,ENGINEERING
PUB_021053,COMPUTER_SCIENCE
PUB_021054,COMPUTER_SCIENCE
PUB_021055,COMPUTER_SCIENCE
PUB_021056,MEDICINE
PUB_021056,NEUROSCIENCE
PUB_021056,ENGINEERING
PUB_021057,ENGINEERING
PUB_021057,MATERIALS_SCIENCE
PUB_021058,ENGINEERING
PUB_021058,COMPUTER_SCIENCE
PUB_021058,ENVIRONMENTAL_SCIENCE
PUB_021059,ENGINEERING
PUB_021060,COMPUTER_SCIENCE
PUB_021061,MATERIALS_SCIENCE
PUB_021061,ENGINEERING
PUB_021061,CHEMISTRY
PUB_021062,ENGINEERING
PUB_021062,MATERIALS_SCIENCE
PUB_021063,ENGINEERING
PUB_021063,COMPUTER_SCIENCE
PUB_021064,COMPUTER_SCIENCE
PUB_021064,AGRICULTURAL_AND_BIOLOGICAL_SCIENCES
PUB_021065,ENGINEERING
PUB_021065,COMPUTER_SCIENCE
PUB_021066,COMPUTER_SCIENCE
PUB_021067,ENGINEERING
PUB_021067,ENVIRONMENTAL_SCIENCE
PUB_021067,AGRICULTURAL_AND_BIOLOGICAL_SCIENCES
PUB_021068,ENGINEERING
PUB_021069,ENGINEERING
PUB_021069,ENERGY
PUB_021069,COMPUTER_SCIENCE
PUB_021070,COMPUTER_SCIENCE
PUB_021071,COMPUTER_SCIENCE
PUB_021072,ENGINEERING
PUB_021072,COMPUTER_SCIENCE
PUB_021073,COMPUTER_SCIENCE
PUB_021074,ENGINEERING
PUB_021075,ENGINEERING
PUB_021075,MATERIALS_SCIENCE
PUB_021076,ENGINEERING
PUB_021076,NURSING
PUB_021076,BIOCHEMISTRY_GENETICS_AND_MOLECULAR_BIOLOGY
PUB_021077,COMPUTER_SCIENCE
PUB_021078,COMPUTER_SCIENCE
PUB_021079,ENGINEERING
PUB_021080,COMPUTER_SCIENCE
PUB_021081,ENGINEERING
PUB_021081,COMPUTER_SCIENCE
PUB_021081,ENVIRONMENTAL_SCIENCE
PUB_021082,ENGINEERING
PUB_021082,MATERIALS_SCIENCE
PUB_021083,ENGINEERING
PUB_021083,COMPUTER_SCIENCE
PUB_021084,COMPUTER_SCIENCE
PUB_021085,ENGINEERING
PUB_021086,ENGINEERING
PUB_021086,MATERIALS_SCIENCE
PUB_021087,ENGINEERING
PUB_021088,MEDICINE
PUB_021088,COMPUTER_SCIENCE
PUB_021088,SOCIAL_SCIENCES
PUB_021089,COMPUTER_SCIENCE
PUB_021090,ENGINEERING
PUB_021091,MEDICINE
PUB_021091,COMPUTER_SCIENCE
PUB_021092,COMPUTER_SCIENCE
PUB_021093,COMPUTER_SCIENCE
PUB_021093,SOCIAL_SCIENCES
PUB_021094,COMPUTER_SCIENCE
PUB_021095,ENGINEERING
PUB_021095,COMPUTER_SCIENCE
PUB_021096,ENGINEERING
PUB_021097,COMPUTER_SCIENCE
PUB_021098,ENGINEERING
PUB_021098,COMPUTER_SCIENCE
PUB_021099,COMPUTER_SCIENCE
PUB_021100,ENGINEERING
PUB_021100,ENERGY
PUB_021101,COMPUTER_SCIENCE
PUB_021101,HEALTH_PROFESSIONS
PUB_021102,COMPUTER_SCIENCE
PUB_021103,ENGINEERING
PUB_021103,SOCIAL_SCIENCES
PUB_021104,ENGINEERING
PUB_021104,CHEMISTRY
PUB_021104,CHEMICAL_ENGINEERING
PUB_021105,ENGINEERING
PUB_021106,ENGINEERING
PUB_021107,COMPUTER_SCIENCE
PUB_021108,ENGINEERING
PUB_021108,COMPUTER_SCIENCE
PUB_021109,COMPUTER_SCIENCE
PUB_021110,ENGINEERING
PUB_021111,COMPUTER_SCIENCE
PUB_021112,COMPUTER_SCIENCE
PUB_021113,ENGINEERING
PUB_021113,COMPUTER_SCIENCE
PUB_021114,ENGINEERING
PUB_021114,PHYSICS_AND_ASTRONOMY
PUB_021115,MEDICINE
PUB_021115,NEUROSCIENCE
PUB_021115,ENGINEERING
PUB_021116,ENGINEERING
PUB_021117,ENGINEERING
PUB_021117,COMPUTER_SCIENCE
PUB_021118,ENGINEERING
PUB_021119,COMPUTER_SCIENCE
PUB_021120,ENGINEERING
PUB_021120,COMPUTER_SCIENCE
PUB_021121,COMPUTER_SCIENCE
PUB_021122,COMPUTER_SCIENCE
PUB_021123,COMPUTER_SCIENCE
PUB_021123,HEALTH_PROFESSIONS
PUB_021124,MEDICINE
PUB_021124,COMPUTER_SCIENCE
PUB_021124,HEALTH_PROFESSIONS
PUB_021125,ENGINEERING
PUB_021125,ENERGY
PUB_021126,COMPUTER_SCIENCE
PUB_021127,ENGINEERING
PUB_021127,COMPUTER_SCIENCE
PUB_021128,COMPUTER_SCIENCE
PUB_021129,ENGINEERING
PUB_021130,ENGINEERING
PUB_021131,ENGINEERING
PUB_021131,COMPUTER_SCIENCE
PUB_021132,ENGINEERING
PUB_021132,COMPUTER_SCIENCE
PUB_021133,COMPUTER_SCIENCE
PUB_021134,COMPUTER_SCIENCE
PUB_021134,BIOCHEMISTRY_GENETICS_AND_MOLECULAR_BIOLOGY
PUB_021135,ENGINEERING
PUB_021136,ENGINEERING
PUB_021136,EARTH_AND_PLANETARY_SCIENCES
PUB_021137,COMPUTER_SCIENCE
PUB_021138,COMPUTER_SCIENCE
PUB_021139,COMPUTER_SCIENCE
PUB_021139,DECISION_SCIENCES
PUB_021139,HEALTH_PROFESSIONS
PUB_021140,COMPUTER_SCIENCE
PUB_021141,COMPUTER_SCIENCE
PUB_021142,PSYCHOLOGY
PUB_021142,COMPUTER_SCIENCE
PUB_021142,NEUROSCIENCE
PUB_021143,ENGINEERING
PUB_021144,ENGINEERING
PUB_021144,COMPUTER_SCIENCE
PUB_021144,PHYSICS_AND_ASTRONOMY
PUB_021145,ENGINEERING
PUB_021145,COMPUTER_SCIENCE
PUB_021146,COMPUTER_SCIENCE
PUB_021147,ENGINEERING
PUB_021148,COMPUTER_SCIENCE
PUB_021148,BUSINESS_MANAGEMENT_AND_ACCOUNTING
PUB_021149,COMPUTER_SCIENCE
PUB_021150,ENGINEERING
PUB_021150,CHEMICAL_ENGINEERING
PUB_021151,COMPUTER_SCIENCE
PUB_021152,ENGINEERING
PUB_021152,BIOCHEMISTRY_GENETICS_AND_MOLECULAR_BIOLOGY
PUB_021152,NEUROSCIENCE
PUB_021153,ENGINEERING
PUB_021153,ENVIRONMENTAL_SCIENCE
PUB_021154,ENGINEERING
PUB_021154,COMPUTER_SCIENCE
PUB_021155,COMPUTER_SCIENCE
PUB_021156,COMPUTER_SCIENCE
PUB_021157,ENGINEERING
PUB_021157,COMPUTER_SCIENCE
PUB_021158,COMPUTER_SCIENCE
PUB_021159,ENGINEERING
PUB_021159,COMPUTER_SCIENCE
PUB_021160,ENGINEERING
PUB_021160,COMPUTER_SCIENCE
PUB_021160,NEUROSCIENCE
PUB_021161,ENGINEERING
PUB_021162,COMPUTER_SCIENCE
PUB_021163,ENGINEERING
PUB_021164,ENGINEERING
PUB_021164,ENVIRONMENTAL_SCIENCE
PUB_021165,ENGINEERING
PUB_021166,ENGINEERING
PUB_021167,ENGINEERING
PUB_021168,ENGINEERING
PUB_021168,COMPUTER_SCIENCE
PUB_021169,ENGINEERING
PUB_021169,COMPUTER_SCIENCE
PUB_021170,ENGINEERING
PUB_021170,COMPUTER_SCIENCE
PUB_021171,COMPUTER_SCIENCE
PUB_021172,ENGINEERING
PUB_021172,COMPUTER_SCIENCE
PUB_021173,ENGINEERING
PUB_021174,ENGINEERING
PUB_021175,COMPUTER_SCIENCE
PUB_021176,ENGINEERING
PUB_021177,COMPUTER_SCIENCE
PUB_021178,ENGINEERING
PUB_021178,MATERIALS_SCIENCE
PUB_021179,COMPUTER_SCIENCE
PUB_021180,COMPUTER_SCIENCE
PUB_021180,DECISION_SCIENCES
PUB_021181,ENGINEERING
PUB_021181,COMPUTER_SCIENCE
PUB_021182,ENGINEERING
PUB_021183,ENGINEERING
PUB_021184,MEDICINE
PUB_021184,COMPUTER_SCIENCE
PUB_021184,BIOCHEMISTRY_GENETICS_AND_MOLECULAR_BIOLOGY
PUB_021185,COMPUTER_SCIENCE
PUB_021186,ENGINEERING
PUB_021186,CHEMISTRY
PUB_021187,ENGINEERING
PUB_021187,CHEMICAL_ENGINEERING
PUB_021188,ENGINEERING
PUB_021188,COMPUTER_SCIENCE
PUB_021188,ENVIRONMENTAL_SCIENCE
PUB_021189,ENGINEERING
PUB_021189,COMPUTER_SCIENCE
PUB_021190,ENGINEERING
PUB_021191,ENGINEERING
PUB_021191,ECONOMICS_ECONOMETRICS_AND_FINANCE
PUB_021191,DECISION_SCIENCES
PUB_021192,ENGINEERING
PUB_021192,MATERIALS_SCIENCE
PUB_021193,ENGINEERING
PUB_021194,COMPUTER_SCIENCE
PUB_021195,ENGINEERING
PUB_021195,CHEMICAL_ENGINEERING
PUB_021196,COMPUTER_SCIENCE
PUB_021197,ENGINEERING
PUB_021198,COMPUTER_SCIENCE
PUB_021199,ENGINEERING
PUB_021199,PHYSICS_AND_ASTRONOMY
PUB_021200,COMPUTER_SCIENCE
PUB_021200,SOCIAL_SCIENCES
PUB_021201,COMPUTER_SCIENCE
PUB_021202,ARTS_AND_HUMANITIES
PUB_021202,COMPUTER_SCIENCE
PUB_021203,ENGINEERING
PUB_021204,ENGINEERING
PUB_021204,COMPUTER_SCIENCE
PUB_021205,EARTH_AND_PLANETARY_SCIENCES
PUB_021205,COMPUTER_SCIENCE
PUB_021206,COMPUTER_SCIENCE
PUB_021207,ENGINEERING
PUB_021207,MATERIALS_SCIENCE
PUB_021208,COMPUTER_SCIENCE
PUB_021209,ENGINEERING
PUB_021210,ENGINEERING
PUB_021210,COMPUTER_SCIENCE
PUB_021211,COMPUTER_SCIENCE
PUB_021212,ENGINEERING
PUB_021212,COMPUTER_SCIENCE
PUB_021212,ENVIRONMENTAL_SCIENCE
PUB_021213,COMPUTER_SCIENCE
PUB_021213,NEUROSCIENCE
PUB_021213,PHYSICS_AND_ASTRONOMY
PUB_021214,COMPUTER_SCIENCE
PUB_021215,ENGINEERING
PUB_021215,COMPUTER_SCIENCE
PUB_021216,ENGINEERING
PUB_021217,ENGINEERING
PUB_021218,ENGINEERING
PUB_021218,DECISION_SCIENCES
PUB_021218,HEALTH_PROFESSIONS
PUB_021219,ENGINEERING
PUB_021219,CHEMISTRY
PUB_021219,MATERIALS_SCIENCE
PUB_021220,ENGINEERING
PUB_021221,ENGINEERING
PUB_021222,ENGINEERING
PUB_021222,COMPUTER_SCIENCE
PUB_021222,SOCIAL_SCIENCES
PUB_021223,ENGINEERING
PUB_021223,NEUROSCIENCE
PUB_021224,ENGINEERING
PUB_021224,COMPUTER_SCIENCE
PUB_021224,AGRICULTURAL_AND_BIOLOGICAL_SCIENCES
PUB_021225,ENGINEERING
PUB_021225,COMPUTER_SCIENCE
PUB_021226,ENGINEERING
PUB_021227,ENGINEERING
PUB_021227,COMPUTER_SCIENCE
PUB_021228,COMPUTER_SCIENCE
PUB_021229,COMPUTER_SCIENCE
PUB_021229,NEUROSCIENCE
PUB_021230,ENGINEERING
PUB_021231,ENGINEERING
PUB_021232,ENGINEERING
PUB_021233,COMPUTER_SCIENCE
PUB_021233,BUSINESS_MANAGEMENT_AND_ACCOUNTING
PUB_021234,ENGINEERING
PUB_021234,NEUROSCIENCE
PUB_021234,AGRICULTURAL_AND_BIOLOGICAL_SCIENCES
PUB_021235,ENGINEERING
PUB_021235,ENVIRONMENTAL_SCIENCE
PUB_021235,MATERIALS_SCIENCE
PUB_021236,COMPUTER_SCIENCE
PUB_021236,DECISION_SCIENCES
PUB_021237,COMPUTER_SCIENCE
PUB_021237,BUSINESS_MANAGEMENT_AND_ACCOUNTING
PUB_021238,ENGINEERING
PUB_021238,COMPUTER_SCIENCE
PUB_021239,ENGINEERING
PUB_021240,COMPUTER_SCIENCE
PUB_021240,DECISION_SCIENCES
PUB_021241,COMPUTER_SCIENCE
PUB_021242,ENGINEERING
PUB_021242,COMPUTER_SCIENCE
PUB_021243,ENGINEERING
PUB_021243,COMPUTER_SCIENCE
PUB_021244,COMPUTER_SCIENCE
PUB_021244,MATERIALS_SCIENCE
PUB_021245,ENGINEERING
PUB_021246,COMPUTER_SCIENCE
PUB_021247,COMPUTER_SCIENCE
PUB_021248,ENGINEERING
PUB_021248,ECONOMICS_ECONOMETRICS_AND_FINANCE
PUB_021249,ENGINEERING
PUB_021250,COMPUTER_SCIENCE
PUB_021251,ENGINEERING
PUB_021251,COMPUTER_SCIENCE
PUB_021252,ENGINEERING
PUB_021253,ENGINEERING
PUB_021253,ENVIRONMENTAL_SCIENCE
PUB_021254,ENGINEERING
PUB_021255,ENGINEERING
PUB_021255,CHEMICAL_ENGINEERING
PUB_021256,ENGINEERING
PUB_021256,DECISION_SCIENCES
PUB_021256,HEALTH_PROFESSIONS
PUB_021257,COMPUTER_SCIENCE
PUB_021258,ENGINEERING
PUB_021258,COMPUTER_SCIENCE
PUB_021259,ENGINEERING
PUB_021260,ENGINEERING
PUB_021261,COMPUTER_SCIENCE
PUB_021262,ENGINEERING
PUB_021262,ENVIRONMENTAL_SCIENCE
PUB_021262,AGRICULTURAL_AND_BIOLOGICAL_SCIENCES
PUB_021263,COMPUTER_SCIENCE
PUB_021264,MEDICINE
PUB_021264,COMPUTER_SCIENCE
PUB_021264,HEALTH_PROFESSIONS
PUB_021265,ENGINEERING
PUB_021266,MEDICINE
PUB_021266,COMPUTER_SCIENCE
PUB_021267,COMPUTER_SCIENCE
PUB_021267,PHYSICS_AND_ASTRONOMY
PUB_021268,ENGINEERING
PUB_021269,COMPUTER_SCIENCE
PUB_021270,ENGINEERING
PUB_021270,COMPUTER_SCIENCE
PUB_021271,ENGINEERING
PUB_021271,COMPUTER_SCIENCE
PUB_021272,ENGINEERING
PUB_021272,MATERIALS_SCIENCE
PUB_021273,ENGINEERING
PUB_021273,COMPUTER_SCIENCE
PUB_021274,COMPUTER_SCIENCE
PUB_021275,ENGINEERING
PUB_021275,COMPUTER_SCIENCE
PUB_021276,COMPUTER_SCIENCE
PUB_021277,ENGINEERING
PUB_021277,COMPUTER_SCIENCE
PUB_021277,SOCIAL_SCIENCES
PUB_021278,COMPUTER_SCIENCE
PUB_021279,ENGINEERING
PUB_021279,COMPUTER_SCIENCE
PUB_021280,COMPUTER_SCIENCE
PUB_021280,HEALTH_PROFESSIONS
PUB_021281,COMPUTER_SCIENCE
PUB_021281,SOCIAL_SCIENCES
PUB_021282,MEDICINE
PUB_021282,COMPUTER_SCIENCE
PUB_021282,NEUROSCIENCE
PUB_021283,COMPUTER_SCIENCE
PUB_021284,ENGINEERING
PUB_021284,ENVIRONMENTAL_SCIENCE
PUB_021285,COMPUTER_SCIENCE
PUB_021285,HEALTH_PROFESSIONS
PUB_021286,COMPUTER_SCIENCE
PUB_021286,DECISION_SCIENCES
PUB_021287,ENGINEERING
PUB_021288,ENGINEERING
PUB_021289,COMPUTER_SCIENCE
PUB_021290,COMPUTER_SCIENCE
PUB_021291,COMPUTER_SCIENCE
PUB_021292,EARTH_AND_PLANETARY_SCIENCES
PUB_021292,ENVIRONMENTAL_SCIENCE
PUB_021292,ENGINEERING
PUB_021293,ENGINEERING
PUB_021293,COMPUTER_SCIENCE
PUB_021293,DECISION_SCIENCES
PUB_021294,MEDICINE
PUB_021294,COMPUTER_SCIENCE
PUB_021295,COMPUTER_SCIENCE
PUB_021296,ENGINEERING
PUB_021296,MEDICINE
PUB_021296,HEALTH_PROFESSIONS
PUB_021297,COMPUTER_SCIENCE
PUB_021298,ENGINEERING
PUB_021298,BIOCHEMISTRY_GENETICS_AND_MOLECULAR_BIOLOGY
PUB_021299,COMPUTER_SCIENCE
PUB_021300,COMPUTER_SCIENCE
PUB_021301,ENGINEERING
PUB_021302,ENGINEERING
PUB_021302,ENERGY
PUB_021303,COMPUTER_SCIENCE
PUB_021304,COMPUTER_SCIENCE
PUB_021305,COMPUTER_SCIENCE
PUB_021305,DECISION_SCIENCES
PUB_021306,ENGINEERING
PUB_021307,ENGINEERING
PUB_021307,COMPUTER_SCIENCE
PUB_021308,COMPUTER_SCIENCE
PUB_021309,ENGINEERING
PUB_021309,COMPUTER_SCIENCE
PUB_021309,NEUROSCIENCE
PUB_021310,ENGINEERING
PUB_021311,PSYCHOLOGY
PUB_021311,COMPUTER_SCIENCE
PUB_021312,ENGINEERING
PUB_021312,ENVIRONMENTAL_SCIENCE
PUB_021313,ENGINEERING
PUB_021313,COMPUTER_SCIENCE
PUB_021314,ENGINEERING
PUB_021314,COMPUTER_SCIENCE
PUB_021315,COMPUTER_SCIENCE
PUB_021316,MEDICINE
PUB_021316,COMPUTER_SCIENCE
PUB_021316,ENGINEERING
PUB_021317,ENGINEERING
PUB_021317,COMPUTER_SCIENCE
PUB_021318,ENGINEERING
PUB_021318,COMPUTER_SCIENCE
PUB_021318,MEDICINE
PUB_021319,COMPUTER_SCIENCE
PUB_021319,HEALTH_PROFESSIONS
PUB_021320,ENGINEERING
PUB_021320,SOCIAL_SCIENCES
PUB_021321,COMPUTER_SCIENCE
PUB_021322,ENGINEERING
PUB_021323,ENGINEERING
PUB_021324,ENGINEERING
PUB_021324,ENERGY
PUB_021324,COMPUTER_SCIENCE
PUB_021325,ENGINEERING
PUB_021325,COMPUTER_SCIENCE
PUB_021326,ENGINEERING
PUB_021327,ENGINEERING
PUB_021327,COMPUTER_SCIENCE
PUB_021328,ENGINEERING
PUB_021328,ENERGY
PUB_021328,COMPUTER_SCIENCE
PUB_021329,ENGINEERING
PUB_021330,ENGINEERING
PUB_021331,COMPUTER_SCIENCE
PUB_021332,COMPUTER_SCIENCE
PUB_021332,NEUROSCIENCE
PUB_021333,COMPUTER_SCIENCE
PUB_021334,ENGINEERING
PUB_021334,COMPUTER_SCIENCE
PUB_021335,COMPUTER_SCIENCE
PUB_021336,COMPUTER_SCIENCE
PUB_021337,ENGINEERING
PUB_021338,PSYCHOLOGY
PUB_021338,COMPUTER_SCIENCE
PUB_021339,ENGINEERING
PUB_021339,COMPUTER_SCIENCE
PUB_021340,ENGINEERING
PUB_021340,MATERIALS_SCIENCE
PUB_021341,ENGINEERING
PUB_021341,ENERGY
PUB_021342,COMPUTER_SCIENCE
PUB_021343,ENGINEERING
PUB_021344,ENGINEERING
PUB_021344,COMPUTER_SCIENCE
PUB_021345,COMPUTER_SCIENCE
PUB_021346,ENGINEERING
PUB_021346,MEDICINE
PUB_021347,COMPUTER_SCIENCE
PUB_021348,PSYCHOLOGY
PUB_021348,COMPUTER_SCIENCE
PUB_021349,ENGINEERING
PUB_021349,COMPUTER_SCIENCE
PUB_021350,ENGINEERING
PUB_021350,COMPUTER_SCIENCE
PUB_021351,MEDICINE
PUB_021351,COMPUTER_SCIENCE
PUB_021352,COMPUTER_SCIENCE
PUB_021352,ENVIRONMENTAL_SCIENCE
PUB_021353,ENGINEERING
PUB_021353,COMPUTER_SCIENCE
PUB_021353,ENVIRONMENTAL_SCIENCE
PUB_021354,ENGINEERING
PUB_021355,ENGINEERING
PUB_021355,COMPUTER_SCIENCE
PUB_021356,ENGINEERING
PUB_021356,MATHEMATICS
PUB_021357,COMPUTER_SCIENCE
PUB_021358,ENGINEERING
PUB_021359,ENGINEERING
PUB_021360,MEDICINE
PUB_021360,COMPUTER_SCIENCE
PUB_021360,HEALTH_PROFESSIONS
PUB_021361,ENGINEERING
PUB_021361,PHYSICS_AND_ASTRONOMY
PUB_021362,COMPUTER_SCIENCE
PUB_021363,ENGINEERING
PUB_021363,COMPUTER_SCIENCE
PUB_021363,ENVIRONMENTAL_SCIENCE
PUB_021364,ENGINEERING
PUB_021365,ENGINEERING
PUB_021366,ENGINEERING
PUB_021366,ENVIRONMENTAL_SCIENCE
PUB_021367,COMPUTER_SCIENCE
PUB_021368,COMPUTER_SCIENCE
PUB_021368,BIOCHEMISTRY_GENETICS_AND_MOLECULAR_BIOLOGY
PUB_021368,DECISION_SCIENCES
PUB_021369,ENGINEERING
PUB_021370,ENGINEERING
PUB_021371,ENGINEERING
PUB_021372,ENGINEERING
PUB_021372,COMPUTER_SCIENCE
PUB_021373,COMPUTER_SCIENCE
PUB_021374,ENGINEERING
PUB_021374,COMPUTER_SCIENCE
PUB_021375,ENGINEERING
PUB_021375,MATERIALS_SCIENCE
PUB_021376,ENGINEERING
PUB_021376,COMPUTER_SCIENCE
PUB_021377,ENGINEERING
PUB_021378,MEDICINE
PUB_021378,COMPUTER_SCIENCE
PUB_021379,ENGINEERING
PUB_021379,COMPUTER_SCIENCE
PUB_021380,MEDICINE
PUB_021380,COMPUTER_SCIENCE
PUB_021380,DECISION_SCIENCES
PUB_021381,ENGINEERING
PUB_021381,MATERIALS_SCIENCE
PUB_021382,ENGINEERING
PUB_021382,COMPUTER_SCIENCE
PUB_021383,COMPUTER_SCIENCE
PUB_021384,ENGINEERING
PUB_021384,ENVIRONMENTAL_SCIENCE
PUB_021385,ENGINEERING
PUB_021385,COMPUTER_SCIENCE
PUB_021386,COMPUTER_SCIENCE
PUB_021387,ENGINEERING
PUB_021387,COMPUTER_SCIENCE
PUB_021387,SOCIAL_SCIENCES
PUB_021388,ENGINEERING
PUB_021389,ENGINEERING
PUB_021389,COMPUTER_SCIENCE
PUB_021390,MEDICINE
PUB_021390,COMPUTER_SCIENCE
PUB_021390,HEALTH_PROFESSIONS
PUB_021391,ENGINEERING
PUB_021391,COMPUTER_SCIENCE
PUB_021392,ENGINEERING
PUB_021392,MATERIALS_SCIENCE
PUB_021393,COMPUTER_SCIENCE
PUB_021394,ENGINEERING
PUB_021394,COMPUTER_SCIENCE
PUB_021395,COMPUTER_SCIENCE
PUB_021395,NEUROSCIENCE
PUB_021396,ENGINEERING
PUB_021396,MATERIALS_SCIENCE
PUB_021397,ENGINEERING
PUB_021398,ENGINEERING
PUB_021398,NEUROSCIENCE
PUB_021398,MATERIALS_SCIENCE
PUB_021399,ENGINEERING
PUB_021400,COMPUTER_SCIENCE
PUB_021401,COMPUTER_SCIENCE
PUB_021401,BUSINESS_MANAGEMENT_AND_ACCOUNTING
PUB_021402,ENGINEERING
PUB_021402,COMPUTER_SCIENCE
PUB_021403,ENGINEERING
PUB_021404,ENGINEERING
PUB_021404,MATERIALS_SCIENCE
PUB_021405,PSYCHOLOGY
PUB_021405,COMPUTER_SCIENCE
PUB_021405,NEUROSCIENCE
PUB_021406,ENGINEERING
PUB_021407,COMPUTER_SCIENCE
PUB_021407,DECISION_SCIENCES
PUB_021408,COMPUTER_SCIENCE
PUB_021408,SOCIAL_SCIENCES
PUB_021409,ENGINEERING
PUB_021409,COMPUTER_SCIENCE
PUB_021410,ENGINEERING
PUB_021410,COMPUTER_SCIENCE
PUB_021411,ENGINEERING
PUB_021412,ENGINEERING
PUB_021412,ENVIRONMENTAL_SCIENCE
PUB_021413,COMPUTER_SCIENCE
PUB_021413,NEUROSCIENCE
PUB_021414,COMPUTER_SCIENCE
PUB_021414,ENVIRONMENTAL_SCIENCE
PUB_021415,ENGINEERING
PUB_021416,ENGINEERING
PUB_021416,MATERIALS_SCIENCE
PUB_021417,COMPUTER_SCIENCE
PUB_021418,ENGINEERING
PUB_021418,SOCIAL_SCIENCES
PUB_021419,ENGINEERING
PUB_021420,ENGINEERING
PUB_021420,MATERIALS_SCIENCE
PUB_021421,ENGINEERING
PUB_021421,ENERGY
PUB_021421,ENVIRONMENTAL_SCIENCE
PUB_021422,ENGINEERING
PUB_021423,ENGINEERING
PUB_021424,MATHEMATICS
PUB_021424,COMPUTER_SCIENCE
PUB_021424,PHYSICS_AND_ASTRONOMY
PUB_021425,ENGINEERING
PUB_021425,BUSINESS_MANAGEMENT_AND_ACCOUNTING
PUB_021426,ENGINEERING
PUB_021427,ENGINEERING
PUB_021428,ENGINEERING
PUB_021429,COMPUTER_SCIENCE
PUB_021429,NEUROSCIENCE
PUB_021430,ENGINEERING
PUB_021430,ENERGY
PUB_021430,COMPUTER_SCIENCE
PUB_021431,ENGINEERING
PUB_021432,ENGINEERING
PUB_021432,COMPUTER_SCIENCE
PUB_021433,ENGINEERING
PUB_021433,AGRICULTURAL_AND_BIOLOGICAL_SCIENCES
PUB_021434,ENGINEERING
PUB_021434,COMPUTER_SCIENCE
PUB_021435,COMPUTER_SCIENCE
PUB_021436,MEDICINE
PUB_021436,COMPUTER_SCIENCE
PUB_021437,ENGINEERING
PUB_021438,MEDICINE
PUB_021438,COMPUTER_SCIENCE
PUB_021438,HEALTH_PROFESSIONS
PUB_021439,ENGINEERING
PUB_021439,ENVIRONMENTAL_SCIENCE
PUB_021440,ENGINEERING
PUB_021441,ENGINEERING
PUB_021441,COMPUTER_SCIENCE
PUB_021442,COMPUTER_SCIENCE
PUB_021443,ENGINEERING
PUB_021444,ENGINEERING
PUB_021444,COMPUTER_SCIENCE
PUB_021445,PSYCHOLOGY
PUB_021445,COMPUTER_SCIENCE
PUB_021446,COMPUTER_SCIENCE
PUB_021447,BUSINESS_MANAGEMENT_AND_ACCOUNTING
PUB_021447,COMPUTER_SCIENCE
PUB_021447,SOCIAL_SCIENCES
PUB_021448,ENGINEERING
PUB_021449,COMPUTER_SCIENCE
PUB_021450,ENGINEERING
PUB_021451,COMPUTER_SCIENCE
PUB_021451,NEUROSCIENCE
PUB_021452,ENGINEERING
PUB_021453,ENGINEERING
PUB_021453,COMPUTER_SCIENCE
PUB_021454,COMPUTER_SCIENCE
PUB_021454,SOCIAL_SCIENCES
PUB_021455,ENGINEERING
PUB_021456,COMPUTER_SCIENCE
PUB_021457,ENGINEERING
PUB_021457,COMPUTER_SCIENCE
PUB_021458,ENGINEERING
PUB_021458,COMPUTER_SCIENCE
PUB_021459,ENGINEERING
PUB_021459,COMPUTER_SCIENCE
PUB_021460,COMPUTER_SCIENCE
PUB_021460,NEUROSCIENCE
PUB_021461,ENGINEERING
PUB_021461,COMPUTER_SCIENCE
PUB_021462,PSYCHOLOGY
PUB_021462,ENGINEERING
PUB_021463,ENGINEERING
PUB_021464,ENGINEERING
PUB_021465,COMPUTER_SCIENCE
PUB_021465,BUSINESS_MANAGEMENT_AND_ACCOUNTING
PUB_021466,COMPUTER_SCIENCE
PUB_021466,BUSINESS_MANAGEMENT_AND_ACCOUNTING
PUB_021466,DECISION_SCIENCES
PUB_021467,ENGINEERING
PUB_021468,COMPUTER_SCIENCE
PUB_021469,COMPUTER_SCIENCE
PUB_021470,ENGINEERING
PUB_021470,COMPUTER_SCIENCE
PUB_021471,COMPUTER_SCIENCE
PUB_021471,HEALTH_PROFESSIONS
PUB_021472,COMPUTER_SCIENCE
PUB_021472,DECISION_SCIENCES
PUB_021473,ENGINEERING
PUB_021474,COMPUTER_SCIENCE
PUB_021474,SOCIAL_SCIENCES
PUB_021475,ENGINEERING
PUB_021475,COMPUTER_SCIENCE
PUB_021475,NEUROSCIENCE
PUB_021476,ENGINEERING
PUB_021476,COMPUTER_SCIENCE
PUB_021477,COMPUTER_SCIENCE
PUB_021477,BUSINESS_MANAGEMENT_AND_ACCOUNTING
PUB_021477,DECISION_SCIENCES
PUB_021478,ENGINEERING
PUB_021478,HEALTH_PROFESSIONS
PUB_021479,ENGINEERING
PUB_021479,COMPUTER_SCIENCE
PUB_021479,MEDICINE
PUB_021480,ENGINEERING
PUB_021480,COMPUTER_SCIENCE
PUB_021481,ENGINEERING
PUB_021482,ENGINEERING
PUB_021482,COMPUTER_SCIENCE
PUB_021483,COMPUTER_SCIENCE
PUB_021484,ENGINEERING
PUB_021485,ENGINEERING
PUB_021485,ENVIRONMENTAL_SCIENCE
PUB_021486,ENGINEERING
PUB_021487,COMPUTER_SCIENCE
PUB_021487,ENVIRONMENTAL_SCIENCE
PUB_021488,COMPUTER_SCIENCE
PUB_021488,SOCIAL_SCIENCES
PUB_021488,PHYSICS_AND_ASTRONOMY
PUB_021489,ENGINEERING
PUB_021489,COMPUTER_SCIENCE
PUB_021489,SOCIAL_SCIENCES
PUB_021490,COMPUTER_SCIENCE
PUB_021491,COMPUTER_SCIENCE
PUB_021492,MEDICINE
PUB_021492,NEUROSCIENCE
PUB_021492,ENGINEERING
PUB_021493,ENGINEERING
PUB_021493,ENVIRONMENTAL_SCIENCE
PUB_021494,ENGINEERING
PUB_021495,ENGINEERING
PUB_021495,NEUROSCIENCE
PUB_021496,ENGINEERING
PUB_021496,COMPUTER_SCIENCE
PUB_021497,COMPUTER_SCIENCE
PUB_021498,ENGINEERING
PUB_021498,COMPUTER_SCIENCE
PUB_021499,ENGINEERING
PUB_021499,MATERIALS_SCIENCE
PUB_021500,ENGINEERING
PUB_021501,ENGINEERING
PUB_021501,ENVIRONMENTAL_SCIENCE
PUB_021502,COMPUTER_SCIENCE
PUB_021503,ENGINEERING
PUB_021504,ENGINEERING
PUB_021505,ENGINEERING
PUB_021506,ENGINEERING
PUB_021507,ENGINEERING
PUB_021508,ENGINEERING
PUB_021508,COMPUTER_SCIENCE
PUB_021508,PSYCHOLOGY
PUB_021509,COMPUTER_SCIENCE
PUB_021509,BUSINESS_MANAGEMENT_AND_ACCOUNTING
PUB_021510,ENGINEERING
PUB_021510,MATERIALS_SCIENCE
PUB_021511,ENGINEERING
PUB_021512,ENGINEERING
PUB_021512,COMPUTER_SCIENCE
PUB_021513,COMPUTER_SCIENCE
PUB_021514,ENGINEERING
PUB_021515,ENGINEERING
PUB_021516,COMPUTER_SCIENCE
PUB_021517,COMPUTER_SCIENCE
PUB_021518,COMPUTER_SCIENCE
PUB_021519,COMPUTER_SCIENCE
PUB_021520,COMPUTER_SCIENCE
PUB_021521,ENGINEERING
PUB_021522,ENGINEERING
PUB_021522,COMPUTER_SCIENCE
PUB_021523,ENGINEERING
PUB_021524,ENGINEERING
PUB_021525,ENGINEERING
PUB_021526,COMPUTER_SCIENCE
PUB_021527,ENGINEERING
PUB_021527,COMPUTER_SCIENCE
PUB_021528,ENGINEERING
PUB_021529,ENGINEERING
PUB_021529,ENERGY
PUB_021530,ENGINEERING
PUB_021530,MATERIALS_SCIENCE
PUB_021531,COMPUTER_SCIENCE
PUB_021532,ENGINEERING
PUB_021532,ENERGY
PUB_021533,ENGINEERING
PUB_021534,COMPUTER_SCIENCE
PUB_021535,ENGINEERING
PUB_021536,MEDICINE
PUB_021536,COMPUTER_SCIENCE
PUB_021537,ENGINEERING
PUB_021538,ENGINEERING
PUB_021538,ENVIRONMENTAL_SCIENCE
PUB_021539,ENGINEERING
PUB_021539,ENVIRONMENTAL_SCIENCE
PUB_021540,ENGINEERING
PUB_021540,CHEMISTRY
PUB_021541,COMPUTER_SCIENCE
PUB_021542,COMPUTER_SCIENCE
PUB_021542,HEALTH_PROFESSIONS
PUB_021543,ENGINEERING
PUB_021543,ENERGY
PUB_021544,COMPUTER_SCIENCE
PUB_021545,ENGINEERING
PUB_021546,COMPUTER_SCIENCE
PUB_021547,ENGINEERING
PUB_021548,ENGINEERING
PUB_021548,COMPUTER_SCIENCE
PUB_021549,ENGINEERING
PUB_021549,PHYSICS_AND_ASTRONOMY
PUB_021550,ENGINEERING
PUB_021551,ENGINEERING
PUB_021552,ENGINEERING
PUB_021552,MEDICINE
PUB_021553,ENGINEERING
PUB_021553,COMPUTER_SCIENCE
PUB_021554,COMPUTER_SCIENCE
PUB_021555,ENGINEERING
PUB_021555,COMPUTER_SCIENCE
PUB_021556,COMPUTER_SCIENCE
PUB_021557,ENGINEERING
PUB_021557,COMPUTER_SCIENCE
PUB_021558,COMPUTER_SCIENCE
PUB_021559,COMPUTER_SCIENCE
PUB_021560,ENGINEERING
PUB_021561,ENGINEERING
PUB_021562,ENGINEERING
PUB_021562,NEUROSCIENCE
PUB_021563,ENGINEERING
PUB_021564,ENGINEERING
PUB_021564,COMPUTER_SCIENCE
PUB_021564,PHYSICS_AND_ASTRONOMY
PUB_021565,ENGINEERING
PUB_021566,COMPUTER_SCIENCE
PUB_021567,ENGINEERING
PUB_021567,COMPUTER_SCIENCE
PUB_021568,ENGINEERING
PUB_021568,COMPUTER_SCIENCE
PUB_021569,ENGINEERING
PUB_021570,COMPUTER_SCIENCE
PUB_021571,COMPUTER_SCIENCE
PUB_021571,SOCIAL_SCIENCES
PUB_021572,COMPUTER_SCIENCE
PUB_021573,ENGINEERING
PUB_021574,ENGINEERING
PUB_021574,COMPUTER_SCIENCE
PUB_021575,ENGINEERING
PUB_021575,COMPUTER_SCIENCE
PUB_021576,ENGINEERING
PUB_021576,MEDICINE
PUB_021577,COMPUTER_SCIENCE
PUB_021577,BUSINESS_MANAGEMENT_AND_ACCOUNTING
PUB_021578,ENGINEERING
PUB_021578,COMPUTER_SCIENCE
PUB_021579,ENGINEERING
PUB_021580,ENGINEERING
PUB_021581,ENGINEERING
PUB_021581,COMPUTER_SCIENCE
PUB_021582,COMPUTER_SCIENCE
PUB_021583,COMPUTER_SCIENCE
PUB_021584,COMPUTER_SCIENCE
PUB_021584,NEUROSCIENCE
PUB_021585,ENGINEERING
PUB_021585,DECISION_SCIENCES
PUB_021586,COMPUTER_SCIENCE
PUB_021587,ENGINEERING
PUB_021587,COMPUTER_SCIENCE
PUB_021588,COMPUTER_SCIENCE
PUB_021589,COMPUTER_SCIENCE
PUB_021590,ENGINEERING
PUB_021590,COMPUTER_SCIENCE
PUB_021591,ENGINEERING
PUB_021592,COMPUTER_SCIENCE
PUB_021593,ENGINEERING
PUB_021594,COMPUTER_SCIENCE
PUB_021595,COMPUTER_SCIENCE
PUB_021595,SOCIAL_SCIENCES
PUB_021596,ENGINEERING
PUB_021596,COMPUTER_SCIENCE
PUB_021597,ENGINEERING
PUB_021597,COMPUTER_SCIENCE
PUB_021598,MEDICINE
PUB_021598,COMPUTER_SCIENCE
PUB_021599,COMPUTER_SCIENCE
PUB_021600,COMPUTER_SCIENCE
PUB_021601,COMPUTER_SCIENCE
PUB_021601,BIOCHEMISTRY_GENETICS_AND_MOLECULAR_BIOLOGY
PUB_021602,ENGINEERING
PUB_021602,MATERIALS_SCIENCE
PUB_021603,COMPUTER_SCIENCE
PUB_021604,ENGINEERING
PUB_021605,ENGINEERING
PUB_021606,ENGINEERING
PUB_021606,COMPUTER_SCIENCE
PUB_021607,ENGINEERING
PUB_021607,COMPUTER_SCIENCE
PUB_021608,ENGINEERING
PUB_021608,COMPUTER_SCIENCE
PUB_021609,ENGINEERING
PUB_021610,MATHEMATICS
PUB_021610,PHYSICS_AND_ASTRONOMY
PUB_021611,ENGINEERING
PUB_021612,MATHEMATICS
PUB_021612,PHYSICS_AND_ASTRONOMY
PUB_021613,ENGINEERING
PUB_021614,ENGINEERING
PUB_021614,ENVIRONMENTAL_SCIENCE
PUB_021615,COMPUTER_SCIENCE
PUB_021616,ENGINEERING
PUB_021616,MATERIALS_SCIENCE
PUB_021617,COMPUTER_SCIENCE
PUB_021617,SOCIAL_SCIENCES
PUB_021618,ENGINEERING
PUB_021618,SOCIAL_SCIENCES
PUB_021619,COMPUTER_SCIENCE
PUB_021620,ENGINEERING
PUB_021621,ENGINEERING
PUB_021621,ENVIRONMENTAL_SCIENCE
PUB_021621,MATERIALS_SCIENCE
PUB_021622,COMPUTER_SCIENCE
PUB_021623,COMPUTER_SCIENCE
PUB_021624,ENGINEERING
PUB_021624,ENVIRONMENTAL_SCIENCE
PUB_021625,COMPUTER_SCIENCE
PUB_021626,ENGINEERING
PUB_021627,ENGINEERING
PUB_021628,ENGINEERING
PUB_021628,COMPUTER_SCIENCE
PUB_021629,ENGINEERING
PUB_021630,COMPUTER_SCIENCE
PUB_021630,SOCIAL_SCIENCES
PUB_021631,ENGINEERING
PUB_021631,MATERIALS_SCIENCE
PUB_021632,MATHEMATICS
PUB_021632,PHYSICS_AND_ASTRONOMY
PUB_021633,ENGINEERING
PUB_021634,ENGINEERING
PUB_021634,SOCIAL_SCIENCES
PUB_021635,COMPUTER_SCIENCE
PUB_021635,ENVIRONMENTAL_SCIENCE
PUB_021636,COMPUTER_SCIENCE
PUB_021636,BUSINESS_MANAGEMENT_AND_ACCOUNTING
PUB_021637,ENGINEERING
PUB_021638,ENGINEERING
PUB_021638,PHYSICS_AND_ASTRONOMY
PUB_021639,ENGINEERING
PUB_021640,COMPUTER_SCIENCE
PUB_021641,ENGINEERING
PUB_021641,COMPUTER_SCIENCE
PUB_021642,ENGINEERING
PUB_021642,COMPUTER_SCIENCE
PUB_021643,ENGINEERING
PUB_021643,COMPUTER_SCIENCE
PUB_021644,COMPUTER_SCIENCE
PUB_021644,PHYSICS_AND_ASTRONOMY
PUB_021645,ENGINEERING
PUB_021645,CHEMICAL_ENGINEERING
PUB_021646,ENGINEERING
PUB_021646,MATERIALS_SCIENCE
PUB_021646,CHEMISTRY
PUB_021647,ENGINEERING
PUB_021647,COMPUTER_SCIENCE
PUB_021648,ENGINEERING
PUB_021648,COMPUTER_SCIENCE
PUB_021649,COMPUTER_SCIENCE
PUB_021650,ENGINEERING
PUB_021651,ENGINEERING
PUB_021652,COMPUTER_SCIENCE
PUB_021653,ENGINEERING
PUB_021653,CHEMICAL_ENGINEERING
PUB_021654,COMPUTER_SCIENCE
PUB_021655,ENGINEERING
PUB_021655,COMPUTER_SCIENCE
PUB_021656,ENGINEERING
PUB_021657,COMPUTER_SCIENCE
PUB_021658,MEDICINE
PUB_021658,COMPUTER_SCIENCE
PUB_021659,ENGINEERING
PUB_021659,COMPUTER_SCIENCE
PUB_021659,PHYSICS_AND_ASTRONOMY
PUB_021660,COMPUTER_SCIENCE
PUB_021661,ENGINEERING
PUB_021661,COMPUTER_SCIENCE
PUB_021662,ENGINEERING
PUB_021662,COMPUTER_SCIENCE
PUB_021663,ENGINEERING
PUB_021664,ENGINEERING
PUB_021665,ENGINEERING
PUB_021665,ENERGY
PUB_021665,COMPUTER_SCIENCE
PUB_021666,ENGINEERING
PUB_021666,MATERIALS_SCIENCE
PUB_021667,ENGINEERING
PUB_021667,COMPUTER_SCIENCE
PUB_021668,COMPUTER_SCIENCE
PUB_021668,DECISION_SCIENCES
PUB_021669,ENGINEERING
PUB_021670,PSYCHOLOGY
PUB_021670,ENGINEERING
PUB_021671,ENGINEERING
PUB_021671,COMPUTER_SCIENCE
PUB_021672,ENGINEERING
PUB_021672,COMPUTER_SCIENCE
PUB_021673,COMPUTER_SCIENCE
PUB_021673,DECISION_SCIENCES
PUB_021674,ENGINEERING
PUB_021674,COMPUTER_SCIENCE
PUB_021675,ENGINEERING
PUB_021675,COMPUTER_SCIENCE
PUB_021676,COMPUTER_SCIENCE
PUB_021676,SOCIAL_SCIENCES
PUB_021677,COMPUTER_SCIENCE
PUB_021678,COMPUTER_SCIENCE
PUB_021679,COMPUTER_SCIENCE
PUB_021680,ENGINEERING
PUB_021680,BUSINESS_MANAGEMENT_AND_ACCOUNTING
PUB_021680,SOCIAL_SCIENCES
PUB_021681,ENGINEERING
PUB_021681,COMPUTER_SCIENCE
PUB_021682,COMPUTER_SCIENCE
PUB_021683,ENGINEERING
PUB_021684,COMPUTER_SCIENCE
PUB_021684,HEALTH_PROFESSIONS
PUB_021685,COMPUTER_SCIENCE
PUB_021685,PHYSICS_AND_ASTRONOMY
PUB_021686,ENGINEERING
PUB_021686,CHEMISTRY
PUB_021686,CHEMICAL_ENGINEERING
PUB_021687,ENGINEERING
PUB_021688,ENGINEERING
PUB_021689,ENGINEERING
PUB_021689,BUSINESS_MANAGEMENT_AND_ACCOUNTING
PUB_021690,MEDICINE
PUB_021690,NEUROSCIENCE
PUB_021690,ENGINEERING
PUB_021691,COMPUTER_SCIENCE
PUB_021691,ENVIRONMENTAL_SCIENCE
PUB_021692,COMPUTER_SCIENCE
PUB_021693,ENGINEERING
PUB_021693,MEDICINE
PUB_021694,ENGINEERING
PUB_021694,CHEMICAL_ENGINEERING
PUB_021695,MEDICINE
PUB_021695,COMPUTER_SCIENCE
PUB_021695,NEUROSCIENCE
PUB_021696,ENGINEERING
PUB_021697,ENGINEERING
PUB_021698,ENGINEERING
PUB_021698,COMPUTER_SCIENCE
PUB_021699,ENGINEERING
PUB_021700,ENGINEERING
PUB_021700,COMPUTER_SCIENCE
PUB_021701,ENGINEERING
PUB_021702,ENGINEERING
PUB_021703,ENGINEERING
PUB_021703,COMPUTER_SCIENCE
PUB_021704,COMPUTER_SCIENCE
PUB_021704,PHYSICS_AND_ASTRONOMY
PUB_021705,COMPUTER_SCIENCE
PUB_021705,DECISION_SCIENCES
PUB_021706,ENGINEERING
PUB_021707,COMPUTER_SCIENCE
PUB_021708,ENGINEERING
PUB_021708,COMPUTER_SCIENCE
PUB_021709,PSYCHOLOGY
PUB_021709,COMPUTER_SCIENCE
PUB_021710,ENGINEERING
PUB_021710,ENERGY
PUB_021711,COMPUTER_SCIENCE
PUB_021711,SOCIAL_SCIENCES
PUB_021712,ENGINEERING
PUB_021712,COMPUTER_SCIENCE
PUB_021712,BUSINESS_MANAGEMENT_AND_ACCOUNTING
PUB_021713,COMPUTER_SCIENCE
PUB_021713,SOCIAL_SCIENCES
PUB_021714,ENGINEERING
PUB_021714,COMPUTER_SCIENCE
PUB_021715,ENGINEERING
PUB_021716,ENGINEERING
PUB_021717,ENGINEERING
PUB_021717,COMPUTER_SCIENCE
PUB_021718,ENGINEERING
PUB_021718,ENERGY
PUB_021719,ENGINEERING
PUB_021719,ENERGY
PUB_021720,ENGINEERING
PUB_021720,COMPUTER_SCIENCE
PUB_021721,ENGINEERING
PUB_021722,ENGINEERING
PUB_021722,CHEMICAL_ENGINEERING
PUB_021723,ENGINEERING
PUB_021723,COMPUTER_SCIENCE
PUB_021724,ENGINEERING
PUB_021725,COMPUTER_SCIENCE
PUB_021726,PSYCHOLOGY
PUB_021726,COMPUTER_SCIENCE
PUB_021726,ECONOMICS_ECONOMETRICS_AND_FINANCE
PUB_021727,ENGINEERING
PUB_021728,COMPUTER_SCIENCE
PUB_021729,ENGINEERING
PUB_021729,COMPUTER_SCIENCE
PUB_021730,ENGINEERING
PUB_021731,ENGINEERING
PUB_021732,ENGINEERING
PUB_021732,COMPUTER_SCIENCE
PUB_021733,ENGINEERING
PUB_021733,MATERIALS_SCIENCE
PUB_021733,AGRICULTURAL_AND_BIOLOGICAL_SCIENCES
PUB_021734,ENGINEERING
PUB_021735,ENGINEERING
PUB_021736,ARTS_AND_HUMANITIES
PUB_021736,COMPUTER_SCIENCE
PUB_021737,ENGINEERING
PUB_021737,CHEMICAL_ENGINEERING
PUB_021738,ENGINEERING
PUB_021738,BUSINESS_MANAGEMENT_AND_ACCOUNTING
PUB_021739,ENGINEERING
PUB_021739,HEALTH_PROFESSIONS
PUB_021740,MEDICINE
PUB_021740,COMPUTER_SCIENCE
PUB_021741,COMPUTER_SCIENCE
PUB_021742,COMPUTER_SCIENCE
PUB_021743,COMPUTER_SCIENCE
PUB_021744,ENGINEERING
PUB_021745,COMPUTER_SCIENCE
PUB_021745,DECISION_SCIENCES
PUB_021746,ENGINEERING
PUB_021746,COMPUTER_SCIENCE
PUB_021747,COMPUTER_SCIENCE
PUB_021747,DECISION_SCIENCES
PUB_021748,ENGINEERING
PUB_021749,COMPUTER_SCIENCE
PUB_021750,ENGINEERING
PUB_021751,COMPUTER_SCIENCE
PUB_021751,HEALTH_PROFESSIONS
PUB_021752,COMPUTER_SCIENCE
PUB_021753,COMPUTER_SCIENCE
PUB_021753,DECISION_SCIENCES
PUB_021754,ENGINEERING
PUB_021755,COMPUTER_SCIENCE
PUB_021756,ENGINEERING
PUB_021757,ENGINEERING
PUB_021757,MATERIALS_SCIENCE
PUB_021758,COMPUTER_SCIENCE
PUB_021758,NEUROSCIENCE
PUB_021759,ENGINEERING
PUB_021759,HEALTH_PROFESSIONS
PUB_021760,COMPUTER_SCIENCE
PUB_021761,ENGINEERING
PUB_021761,COMPUTER_SCIENCE
PUB_021762,COMPUTER_SCIENCE
PUB_021763,COMPUTER_SCIENCE
PUB_021763,BUSINESS_MANAGEMENT_AND_ACCOUNTING
PUB_021764,COMPUTER_SCIENCE
PUB_021765,ENGINEERING
PUB_021765,COMPUTER_SCIENCE
PUB_021766,ENGINEERING
PUB_021766,BUSINESS_MANAGEMENT_AND_ACCOUNTING
PUB_021766,DECISION_SCIENCES
PUB_021767,ENGINEERING
PUB_021768,COMPUTER_SCIENCE
PUB_021769,COMPUTER_SCIENCE
PUB_021770,COMPUTER_SCIENCE
PUB_021771,COMPUTER_SCIENCE
PUB_021772,COMPUTER_SCIENCE
PUB_021773,ENGINEERING
PUB_021773,MATERIALS_SCIENCE
PUB_021774,ENGINEERING
PUB_021774,COMPUTER_SCIENCE
PUB_021775,ENGINEERING
PUB_021776,COMPUTER_SCIENCE
PUB_021777,ENGINEERING
PUB_021778,ENGINEERING
PUB_021779,ENGINEERING
PUB_021780,ENGINEERING
PUB_021780,COMPUTER_SCIENCE
PUB_021781,ENGINEERING
PUB_021781,COMPUTER_SCIENCE
PUB_021782,ENGINEERING
PUB_021783,ENGINEERING
PUB_021783,COMPUTER_SCIENCE
PUB_021784,COMPUTER_SCIENCE
PUB_021785,ENGINEERING
PUB_021786,ENGINEERING
PUB_021787,ENGINEERING
PUB_021788,COMPUTER_SCIENCE
PUB_021788,SOCIAL_SCIENCES
PUB_021789,ENGINEERING
PUB_021789,SOCIAL_SCIENCES
PUB_021790,ENGINEERING
PUB_021791,ENGINEERING
PUB_021792,COMPUTER_SCIENCE
PUB_021793,ENGINEERING
PUB_021794,COMPUTER_SCIENCE
PUB_021795,COMPUTER_SCIENCE
PUB_021796,MEDICINE
PUB_021796,COMPUTER_SCIENCE
PUB_021796,HEALTH_PROFESSIONS
PUB_021797,MEDICINE
PUB_021797,COMPUTER_SCIENCE
PUB_021798,COMPUTER_SCIENCE
PUB_021798,BIOCHEMISTRY_GENETICS_AND_MOLECULAR_BIOLOGY
PUB_021798,IMMUNOLOGY_AND_MICROBIOLOGY
PUB_021799,COMPUTER_SCIENCE
PUB_021800,COMPUTER_SCIENCE
PUB_021800,BUSINESS_MANAGEMENT_AND_ACCOUNTING
PUB_021800,DECISION_SCIENCES
PUB_021801,MEDICINE
PUB_021801,ECONOMICS_ECONOMETRICS_AND_FINANCE
PUB_021801,ENGINEERING
PUB_021802,COMPUTER_SCIENCE
PUB_021803,COMPUTER_SCIENCE
PUB_021804,ENGINEERING
PUB_021805,ENGINEERING
PUB_021806,ENGINEERING
PUB_021806,COMPUTER_SCIENCE
PUB_021807,COMPUTER_SCIENCE
PUB_021808,ENGINEERING
PUB_021808,COMPUTER_SCIENCE
PUB_021809,COMPUTER_SCIENCE
PUB_021810,ENGINEERING
PUB_021811,ENGINEERING
PUB_021811,COMPUTER_SCIENCE
PUB_021812,ENGINEERING
PUB_021812,COMPUTER_SCIENCE
PUB_021813,ENGINEERING
PUB_021814,COMPUTER_SCIENCE
PUB_021815,ENGINEERING
PUB_021815,DECISION_SCIENCES
PUB_021815,ENVIRONMENTAL_SCIENCE
PUB_021816,MEDICINE
PUB_021816,COMPUTER_SCIENCE
PUB_021817,ENGINEERING
PUB_021817,COMPUTER_SCIENCE
PUB_021818,COMPUTER_SCIENCE
PUB_021819,COMPUTER_SCIENCE
PUB_021820,COMPUTER_SCIENCE
PUB_021821,COMPUTER_SCIENCE
PUB_021822,COMPUTER_SCIENCE
PUB_021823,ENGINEERING
PUB_021823,COMPUTER_SCIENCE
PUB_021823,SOCIAL_SCIENCES
PUB_021824,COMPUTER_SCIENCE
PUB_021825,COMPUTER_SCIENCE
PUB_021826,COMPUTER_SCIENCE
PUB_021827,COMPUTER_SCIENCE
PUB_021828,ENGINEERING
PUB_021828,COMPUTER_SCIENCE
PUB_021829,PSYCHOLOGY
PUB_021829,COMPUTER_SCIENCE
PUB_021830,COMPUTER_SCIENCE
PUB_021831,ENGINEERING
PUB_021831,MATERIALS_SCIENCE
PUB_021832,ENGINEERING
PUB_021833,ENGINEERING
PUB_021833,EARTH_AND_PLANETARY_SCIENCES
PUB_021833,PHYSICS_AND_ASTRONOMY
PUB_021834,ENGINEERING
PUB_021835,ENGINEERING
PUB_021836,ENGINEERING
PUB_021837,COMPUTER_SCIENCE
PUB_021838,ENGINEERING
PUB_021839,ENGINEERING
PUB_021840,ENGINEERING
PUB_021840,SOCIAL_SCIENCES
PUB_021841,ENGINEERING
PUB_021841,AGRICULTURAL_AND_BIOLOGICAL_SCIENCES
PUB_021842,ENGINEERING
PUB_021842,COMPUTER_SCIENCE
PUB_021843,COMPUTER_SCIENCE
PUB_021843,SOCIAL_SCIENCES
PUB_021844,MEDICINE
PUB_021844,COMPUTER_SCIENCE
PUB_021844,HEALTH_PROFESSIONS
PUB_021845,COMPUTER_SCIENCE
PUB_021845,SOCIAL_SCIENCES
PUB_021846,ENGINEERING
PUB_021846,MATERIALS_SCIENCE
PUB_021847,ENGINEERING
PUB_021847,COMPUTER_SCIENCE
PUB_021847,ENVIRONMENTAL_SCIENCE
PUB_021848,COMPUTER_SCIENCE
PUB_021848,ENERGY
PUB_021849,COMPUTER_SCIENCE
PUB_021849,SOCIAL_SCIENCES
PUB_021850,COMPUTER_SCIENCE
PUB_021851,ENGINEERING
PUB_021851,COMPUTER_SCIENCE
PUB_021852,MEDICINE
PUB_021852,COMPUTER_SCIENCE
PUB_021853,ENGINEERING
PUB_021854,MEDICINE
PUB_021854,ENGINEERING
PUB_021855,ENGINEERING
PUB_021855,MEDICINE
PUB_021856,COMPUTER_SCIENCE
PUB_021857,COMPUTER_SCIENCE
PUB_021858,ENGINEERING
PUB_021858,COMPUTER_SCIENCE
PUB_021859,ENGINEERING
PUB_021859,COMPUTER_SCIENCE
PUB_021860,ENGINEERING
PUB_021860,COMPUTER_SCIENCE
PUB_021861,COMPUTER_SCIENCE
PUB_021862,ENGINEERING
PUB_021862,COMPUTER_SCIENCE
PUB_021863,ENGINEERING
PUB_021864,COMPUTER_SCIENCE
PUB_021864,AGRICULTURAL_AND_BIOLOGICAL_SCIENCES
PUB_021865,COMPUTER_SCIENCE
PUB_021866,ENGINEERING
PUB_021866,COMPUTER_SCIENCE
PUB_021867,ENGINEERING
PUB_021868,ENGINEERING
PUB_021868,COMPUTER_SCIENCE
PUB_021869,ENGINEERING
PUB_021869,COMPUTER_SCIENCE
PUB_021870,COMPUTER_SCIENCE
PUB_021871,ENGINEERING
PUB_021872,COMPUTER_SCIENCE
PUB_021872,BIOCHEMISTRY_GENETICS_AND_MOLECULAR_BIOLOGY
PUB_021872,HEALTH_PROFESSIONS
PUB_021873,COMPUTER_SCIENCE
PUB_021874,COMPUTER_SCIENCE
PUB_021875,COMPUTER_SCIENCE
PUB_021876,COMPUTER_SCIENCE
PUB_021876,NEUROSCIENCE
PUB_021877,ENGINEERING
PUB_021878,ENGINEERING
PUB_021879,ENGINEERING
PUB_021879,COMPUTER_SCIENCE
PUB_021880,ENGINEERING
PUB_021880,COMPUTER_SCIENCE
PUB_021880,ENVIRONMENTAL_SCIENCE
PUB_021881,ENGINEERING
PUB_021881,COMPUTER_SCIENCE
PUB_021882,COMPUTER_SCIENCE
PUB_021883,ENGINEERING
PUB_021883,COMPUTER_SCIENCE
PUB_021884,ENGINEERING
PUB_021885,ENGINEERING
PUB_021885,COMPUTER_SCIENCE
PUB_021886,ENGINEERING
PUB_021886,COMPUTER_SCIENCE
PUB_021887,MEDICINE
PUB_021887,COMPUTER_SCIENCE
PUB_021887,HEALTH_PROFESSIONS
PUB_021888,ENGINEERING
PUB_021888,MEDICINE
PUB_021889,ENGINEERING
PUB_021889,COMPUTER_SCIENCE
PUB_021889,PHYSICS_AND_ASTRONOMY
PUB_021890,ENGINEERING
PUB_021890,ENERGY
PUB_021890,MATERIALS_SCIENCE
PUB_021891,ENGINEERING
PUB_021891,MATERIALS_SCIENCE
PUB_021892,ENGINEERING
PUB_021892,ENVIRONMENTAL_SCIENCE
PUB_021893,ENGINEERING
PUB_021893,COMPUTER_SCIENCE
PUB_021894,COMPUTER_SCIENCE
PUB_021895,COMPUTER_SCIENCE
PUB_021896,COMPUTER_SCIENCE
PUB_021896,SOCIAL_SCIENCES
PUB_021896,DECISION_SCIENCES
PUB_021897,COMPUTER_SCIENCE
PUB_021897,HEALTH_PROFESSIONS
PUB_021898,ENGINEERING
PUB_021899,EARTH_AND_PLANETARY_SCIENCES
PUB_021899,COMPUTER_SCIENCE
PUB_021899,ENVIRONMENTAL_SCIENCE
PUB_021900,COMPUTER_SCIENCE
PUB_021901,ENGINEERING
PUB_021901,ENVIRONMENTAL_SCIENCE
PUB_021902,COMPUTER_SCIENCE
PUB_021903,ENGINEERING
PUB_021903,COMPUTER_SCIENCE
PUB_021903,AGRICULTURAL_AND_BIOLOGICAL_SCIENCES
PUB_021904,ENGINEERING
PUB_021904,COMPUTER_SCIENCE
PUB_021905,COMPUTER_SCIENCE
PUB_021906,COMPUTER_SCIENCE
PUB_021907,ENGINEERING
PUB_021907,COMPUTER_SCIENCE
PUB_021908,COMPUTER_SCIENCE
PUB_021909,ENGINEERING
PUB_021909,COMPUTER_SCIENCE
PUB_021910,ENGINEERING
PUB_021910,ENVIRONMENTAL_SCIENCE
PUB_021911,ENGINEERING
PUB_021911,COMPUTER_SCIENCE
PUB_021912,ENGINEERING
PUB_021912,MATERIALS_SCIENCE
PUB_021913,ENGINEERING
PUB_021913,COMPUTER_SCIENCE
PUB_021914,COMPUTER_SCIENCE
PUB_021915,COMPUTER_SCIENCE
PUB_021916,COMPUTER_SCIENCE
PUB_021917,MEDICINE
PUB_021917,COMPUTER_SCIENCE
PUB_021918,ENGINEERING
PUB_021918,COMPUTER_SCIENCE
PUB_021919,ENGINEERING
PUB_021919,MATERIALS_SCIENCE
PUB_021920,ENGINEERING
PUB_021920,COMPUTER_SCIENCE
PUB_021921,ENGINEERING
PUB_021921,ENVIRONMENTAL_SCIENCE
PUB_021922,ENGINEERING
PUB_021922,CHEMISTRY
PUB_021922,MATERIALS_SCIENCE
PUB_021923,ENGINEERING
PUB_021923,COMPUTER_SCIENCE
PUB_021924,ENGINEERING
PUB_021924,COMPUTER_SCIENCE
PUB_021925,COMPUTER_SCIENCE
PUB_021926,ENGINEERING
PUB_021927,ENGINEERING
PUB_021927,MEDICINE
PUB_021928,ENGINEERING
PUB_021928,MATERIALS_SCIENCE
PUB_021929,MEDICINE
PUB_021929,COMPUTER_SCIENCE
PUB_021929,NEUROSCIENCE
PUB_021930,ENGINEERING
PUB_021930,MATERIALS_SCIENCE
PUB_021931,ENGINEERING
PUB_021931,COMPUTER_SCIENCE
PUB_021932,COMPUTER_SCIENCE
PUB_021933,ENGINEERING
PUB_021934,COMPUTER_SCIENCE
PUB_021935,ENGINEERING
PUB_021935,MATERIALS_SCIENCE
PUB_021936,ENGINEERING
PUB_021936,MATERIALS_SCIENCE
PUB_021937,COMPUTER_SCIENCE
PUB_021938,ENGINEERING
PUB_021939,ENGINEERING
PUB_021939,AGRICULTURAL_AND_BIOLOGICAL_SCIENCES
PUB_021940,COMPUTER_SCIENCE
PUB_021941,COMPUTER_SCIENCE
PUB_021942,ENGINEERING
PUB_021943,COMPUTER_SCIENCE
PUB_021943,SOCIAL_SCIENCES
PUB_021944,ENGINEERING
PUB_021945,ENGINEERING
PUB_021945,NEUROSCIENCE
PUB_021945,MEDICINE
PUB_021946,ENGINEERING
PUB_021946,SOCIAL_SCIENCES
PUB_021947,ENGINEERING
PUB_021948,COMPUTER_SCIENCE
PUB_021949,ENGINEERING
PUB_021949,COMPUTER_SCIENCE
PUB_021950,ENGINEERING
PUB_021951,ENGINEERING
PUB_021952,ENGINEERING
PUB_021953,ENGINEERING
PUB_021953,MATERIALS_SCIENCE
PUB_021954,COMPUTER_SCIENCE
PUB_021955,ENGINEERING
PUB_021955,MATERIALS_SCIENCE
PUB_021956,ENGINEERING
PUB_021956,ENVIRONMENTAL_SCIENCE
PUB_021957,COMPUTER_SCIENCE
PUB_021957,SOCIAL_SCIENCES
PUB_021958,ENGINEERING
PUB_021958,COMPUTER_SCIENCE
PUB_021958,PSYCHOLOGY
PUB_021959,ENGINEERING
PUB_021959,COMPUTER_SCIENCE
PUB_021959,ENVIRONMENTAL_SCIENCE
PUB_021960,ENGINEERING
PUB_021961,ENGINEERING
PUB_021962,COMPUTER_SCIENCE
PUB_021962,SOCIAL_SCIENCES
PUB_021963,MEDICINE
PUB_021963,COMPUTER_SCIENCE
PUB_021963,NEUROSCIENCE
PUB_021964,ENGINEERING
PUB_021964,MATHEMATICS
PUB_021965,ENGINEERING
PUB_021966,ENGINEERING
PUB_021966,MATERIALS_SCIENCE
PUB_021967,ENGINEERING
PUB_021967,ENERGY
PUB_021967,MATERIALS_SCIENCE
PUB_021968,COMPUTER_SCIENCE
PUB_021969,ENGINEERING
PUB_021969,COMPUTER_SCIENCE
PUB_021970,ENGINEERING
PUB_021970,MATERIALS_SCIENCE
PUB_021971,ENGINEERING
PUB_021971,COMPUTER_SCIENCE
PUB_021972,ENGINEERING
PUB_021972,MATERIALS_SCIENCE
PUB_021973,ENGINEERING
PUB_021973,PHYSICS_AND_ASTRONOMY
PUB_021974,ENGINEERING
PUB_021974,PHYSICS_AND_ASTRONOMY
PUB_021974,MATERIALS_SCIENCE
PUB_021975,COMPUTER_SCIENCE
PUB_021976,ENGINEERING
PUB_021977,COMPUTER_SCIENCE
PUB_021978,COMPUTER_SCIENCE
PUB_021979,ENGINEERING
PUB_021980,ENGINEERING
PUB_021980,COMPUTER_SCIENCE
PUB_021981,ENGINEERING
PUB_021981,COMPUTER_SCIENCE
PUB_021982,ENGINEERING
PUB_021982,COMPUTER_SCIENCE
PUB_021983,ENGINEERING
PUB_021984,ENGINEERING
PUB_021984,PHYSICS_AND_ASTRONOMY
PUB_021984,MATERIALS_SCIENCE
PUB_021985,COMPUTER_SCIENCE
PUB_021986,ENGINEERING
PUB_021986,COMPUTER_SCIENCE
PUB_021987,ENGINEERING
PUB_021988,ENGINEERING
PUB_021988,MATERIALS_SCIENCE
PUB_021989,ENGINEERING
PUB_021990,ENGINEERING
PUB_021990,MATERIALS_SCIENCE
PUB_021991,ENGINEERING
PUB_021991,MATERIALS_SCIENCE
PUB_021992,ENGINEERING
PUB_021992,MATERIALS_SCIENCE
PUB_021993,ENGINEERING
PUB_021993,ENERGY
PUB_021994,ENGINEERING
PUB_021994,MATERIALS_SCIENCE
PUB_021995,ENGINEERING
PUB_021995,MATERIALS_SCIENCE
PUB_021996,COMPUTER_SCIENCE
PUB_021997,ENGINEERING
PUB_021997,MATERIALS_SCIENCE
PUB_021998,ENGINEERING
PUB_021999,ENGINEERING
PUB_022000,ENGINEERING
PUB_022000,MATERIALS_SCIENCE
PUB_022001,ENGINEERING
PUB_022002,ENGINEERING
PUB_022003,ENGINEERING
PUB_022004,ENGINEERING
PUB_022004,COMPUTER_SCIENCE
PUB_022005,ENGINEERING
PUB_022005,MATERIALS_SCIENCE
PUB_022006,ENGINEERING
PUB_022007,ENGINEERING
PUB_022008,COMPUTER_SCIENCE
PUB_022009,ENGINEERING
PUB_022009,MATERIALS_SCIENCE
PUB_022010,ENGINEERING
PUB_022011,ENGINEERING
PUB_022011,MATERIALS_SCIENCE
PUB_022012,ENGINEERING
PUB_022013,ENGINEERING
PUB_022013,COMPUTER_SCIENCE
PUB_022014,COMPUTER_SCIENCE
PUB_022015,COMPUTER_SCIENCE
PUB_022016,ENGINEERING
PUB_022017,ENGINEERING
PUB_022017,ENERGY
PUB_022017,MATERIALS_SCIENCE
PUB_022018,ENGINEERING
PUB_022018,MATERIALS_SCIENCE
PUB_022019,ENGINEERING
PUB_022020,ENGINEERING
PUB_022020,MATERIALS_SCIENCE
PUB_022021,ENGINEERING
PUB_022022,ENGINEERING
PUB_022022,COMPUTER_SCIENCE
PUB_022023,ENGINEERING
PUB_022024,ENGINEERING
PUB_022024,MATERIALS_SCIENCE
PUB_022025,ENGINEERING
PUB_022026,ENGINEERING
PUB_022026,COMPUTER_SCIENCE
PUB_022027,COMPUTER_SCIENCE
PUB_022028,ENGINEERING
PUB_022028,MATERIALS_SCIENCE
PUB_022029,ENGINEERING
PUB_022029,MATERIALS_SCIENCE
PUB_022030,ENGINEERING
PUB_022031,ENGINEERING
PUB_022032,ENGINEERING
PUB_022032,MATERIALS_SCIENCE
PUB_022033,ENGINEERING
PUB_022034,ENGINEERING
PUB_022035,ENGINEERING
PUB_022035,MATERIALS_SCIENCE
PUB_022036,ENGINEERING
PUB_022036,MATERIALS_SCIENCE
PUB_022037,ENGINEERING
PUB_022037,MATERIALS_SCIENCE
PUB_022038,ENGINEERING
PUB_022038,COMPUTER_SCIENCE
PUB_022039,ENGINEERING
PUB_022039,COMPUTER_SCIENCE
PUB_022040,ENGINEERING
PUB_022040,PHYSICS_AND_ASTRONOMY
PUB_022041,ENGINEERING
PUB_022041,ENERGY
PUB_022042,ENGINEERING
PUB_022042,ENERGY
PUB_022042,MATERIALS_SCIENCE
PUB_022043,ENGINEERING
PUB_022043,MATERIALS_SCIENCE
PUB_022044,ENGINEERING
PUB_022044,COMPUTER_SCIENCE
PUB_022045,COMPUTER_SCIENCE
PUB_022046,ENGINEERING
PUB_022046,COMPUTER_SCIENCE
PUB_022047,COMPUTER_SCIENCE
PUB_022048,ENGINEERING
PUB_022048,MATERIALS_SCIENCE
PUB_022049,ENGINEERING
PUB_022049,MATERIALS_SCIENCE
PUB_022050,COMPUTER_SCIENCE
PUB_022051,ENGINEERING
PUB_022051,MATERIALS_SCIENCE
PUB_022052,ENGINEERING
PUB_022053,PHYSICS_AND_ASTRONOMY
PUB_022053,COMPUTER_SCIENCE
PUB_022054,ENGINEERING
PUB_022055,COMPUTER_SCIENCE
PUB_022056,ENGINEERING
PUB_022056,MATERIALS_SCIENCE
PUB_022057,ENGINEERING
PUB_022057,MATERIALS_SCIENCE
PUB_022058,ENGINEERING
PUB_022058,MATERIALS_SCIENCE
PUB_022059,ENGINEERING
PUB_022060,ENGINEERING
PUB_022060,MATERIALS_SCIENCE
PUB_022061,ENGINEERING
PUB_022062,ENGINEERING
PUB_022062,COMPUTER_SCIENCE
PUB_022063,ENGINEERING
PUB_022063,MATERIALS_SCIENCE
PUB_022064,ENGINEERING
PUB_022064,COMPUTER_SCIENCE
PUB_022065,ENGINEERING
PUB_022066,ENGINEERING
PUB_022067,ENGINEERING
PUB_022067,MATERIALS_SCIENCE
PUB_022068,COMPUTER_SCIENCE
PUB_022069,ENGINEERING
PUB_022069,COMPUTER_SCIENCE
PUB_022070,ENGINEERING
PUB_022070,COMPUTER_SCIENCE
PUB_022071,COMPUTER_SCIENCE
PUB_022072,ENGINEERING
PUB_022072,MATHEMATICS
PUB_022073,ENGINEERING
PUB_022074,ENGINEERING
PUB_022075,ENGINEERING
PUB_022075,MATERIALS_SCIENCE
PUB_022076,ENGINEERING
PUB_022076,MATERIALS_SCIENCE
PUB_022077,ENGINEERING
PUB_022078,ENGINEERING
PUB_022079,ENGINEERING
PUB_022080,COMPUTER_SCIENCE
PUB_022081,ENGINEERING
PUB_022082,ENGINEERING
PUB_022082,COMPUTER_SCIENCE
PUB_022083,ENGINEERING
PUB_022084,ENGINEERING
PUB_022085,COMPUTER_SCIENCE
PUB_022086,ENGINEERING
PUB_022086,COMPUTER_SCIENCE
PUB_022087,ENGINEERING
PUB_022088,COMPUTER_SCIENCE
PUB_022089,COMPUTER_SCIENCE
PUB_022090,ENGINEERING
PUB_022090,MATERIALS_SCIENCE
PUB_022091,COMPUTER_SCIENCE
PUB_022092,ENGINEERING
PUB_022093,ENGINEERING
PUB_022093,MATERIALS_SCIENCE
PUB_022094,ENGINEERING
PUB_022095,ENGINEERING
PUB_022096,ENGINEERING
PUB_022097,ENGINEERING
PUB_022098,ENGINEERING
PUB_022099,ENGINEERING
PUB_022099,COMPUTER_SCIENCE
PUB_022100,ENGINEERING
PUB_022100,MATERIALS_SCIENCE
PUB_022101,COMPUTER_SCIENCE
PUB_022102,PHYSICS_AND_ASTRONOMY
PUB_022102,COMPUTER_SCIENCE
PUB_022103,COMPUTER_SCIENCE
PUB_022104,ENGINEERING
PUB_022104,COMPUTER_SCIENCE
PUB_022105,ENGINEERING
PUB_022106,ENGINEERING
PUB_022106,MATERIALS_SCIENCE
PUB_022107,ENGINEERING
PUB_022107,COMPUTER_SCIENCE
PUB_022108,COMPUTER_SCIENCE
PUB_022109,ENGINEERING
PUB_022109,MATERIALS_SCIENCE
PUB_022109,COMPUTER_SCIENCE
PUB_022110,COMPUTER_SCIENCE
PUB_022111,ENGINEERING
PUB_022112,ENGINEERING
PUB_022112,MATERIALS_SCIENCE
PUB_022113,ENGINEERING
PUB_022114,ENGINEERING
PUB_022115,ENGINEERING
PUB_022115,MATERIALS_SCIENCE
PUB_022116,COMPUTER_SCIENCE
PUB_022117,ENGINEERING
PUB_022118,ENGINEERING
PUB_022118,MATERIALS_SCIENCE
PUB_022119,ENGINEERING
PUB_022119,COMPUTER_SCIENCE
PUB_022120,ENGINEERING
PUB_022121,ENGINEERING
PUB_022122,COMPUTER_SCIENCE
PUB_022123,ENGINEERING
PUB_022123,MATERIALS_SCIENCE
PUB_022124,ENGINEERING
PUB_022124,COMPUTER_SCIENCE
PUB_022125,COMPUTER_SCIENCE
PUB_022126,ENGINEERING
PUB_022127,ENGINEERING
PUB_022127,ENERGY
PUB_022127,MATERIALS_SCIENCE
PUB_022128,ENGINEERING
PUB_022129,COMPUTER_SCIENCE
PUB_022130,ENGINEERING
PUB_022131,ENGINEERING
PUB_022132,ENGINEERING
PUB_022133,ENGINEERING
PUB_022134,COMPUTER_SCIENCE
PUB_022135,ENGINEERING
PUB_022135,MATERIALS_SCIENCE
PUB_022136,COMPUTER_SCIENCE
PUB_022137,ENGINEERING
PUB_022138,ENGINEERING
PUB_022139,ENGINEERING
PUB_022140,ENGINEERING
PUB_022140,ENERGY
PUB_022141,ENGINEERING
PUB_022141,COMPUTER_SCIENCE
PUB_022142,COMPUTER_SCIENCE
PUB_022143,COMPUTER_SCIENCE
PUB_022144,ENGINEERING
PUB_022144,COMPUTER_SCIENCE
PUB_022145,ENGINEERING
PUB_022146,ENGINEERING
PUB_022146,ENERGY
PUB_022147,ENGINEERING
PUB_022147,COMPUTER_SCIENCE
PUB_022148,ENGINEERING
PUB_022149,ENGINEERING
PUB_022149,MATERIALS_SCIENCE
PUB_022150,COMPUTER_SCIENCE
PUB_022151,ENGINEERING
PUB_022151,MATERIALS_SCIENCE
PUB_022152,ENGINEERING
PUB_022152,MATERIALS_SCIENCE
PUB_022153,COMPUTER_SCIENCE
PUB_022154,COMPUTER_SCIENCE
PUB_022155,ENGINEERING
PUB_022156,ENGINEERING
PUB_022156,MATERIALS_SCIENCE
PUB_022157,COMPUTER_SCIENCE
PUB_022158,ENGINEERING
PUB_022158,MATERIALS_SCIENCE
PUB_022159,ENGINEERING
PUB_022160,COMPUTER_SCIENCE
PUB_022161,COMPUTER_SCIENCE
PUB_022162,COMPUTER_SCIENCE
PUB_022163,ENGINEERING
PUB_022164,ENGINEERING
PUB_022165,ENGINEERING
PUB_022166,ENGINEERING
PUB_022167,COMPUTER_SCIENCE
PUB_022168,COMPUTER_SCIENCE
PUB_022169,COMPUTER_SCIENCE
PUB_022170,ENGINEERING
PUB_022171,ENGINEERING
PUB_022172,ENGINEERING
PUB_022172,COMPUTER_SCIENCE
PUB_022173,ENGINEERING
PUB_022173,COMPUTER_SCIENCE
PUB_022174,ENGINEERING
PUB_022174,MATERIALS_SCIENCE
PUB_022175,COMPUTER_SCIENCE
PUB_022176,COMPUTER_SCIENCE
PUB_022177,COMPUTER_SCIENCE
PUB_022178,ENGINEERING
PUB_022179,COMPUTER_SCIENCE
PUB_022180,ENGINEERING
PUB_022180,COMPUTER_SCIENCE
PUB_022181,ENGINEERING
PUB_022182,COMPUTER_SCIENCE
PUB_022183,ENGINEERING
PUB_022183,MATERIALS_SCIENCE
PUB_022184,ENGINEERING
PUB_022184,MATERIALS_SCIENCE
PUB_022185,MATHEMATICS
PUB_022185,COMPUTER_SCIENCE
PUB_022186,ENGINEERING
PUB_022187,ENGINEERING
PUB_022188,ENGINEERING
PUB_022188,MATERIALS_SCIENCE
PUB_022189,COMPUTER_SCIENCE
PUB_022190,COMPUTER_SCIENCE
PUB_022191,ENGINEERING
PUB_022191,MATERIALS_SCIENCE
PUB_022192,ENGINEERING
PUB_022193,ENGINEERING
PUB_022193,MATERIALS_SCIENCE
PUB_022194,ENGINEERING
PUB_022195,ENGINEERING
PUB_022196,ENGINEERING
PUB_022197,ENGINEERING
PUB_022197,PHYSICS_AND_ASTRONOMY
PUB_022198,COMPUTER_SCIENCE
PUB_022199,ENGINEERING
PUB_022199,MATERIALS_SCIENCE
PUB_022200,COMPUTER_SCIENCE
PUB_022201,COMPUTER_SCIENCE
PUB_022202,COMPUTER_SCIENCE
PUB_022203,ENGINEERING
PUB_022203,COMPUTER_SCIENCE
PUB_022204,ENGINEERING
PUB_022205,ENGINEERING
PUB_022205,MATERIALS_SCIENCE
PUB_022206,COMPUTER_SCIENCE
PUB_022207,COMPUTER_SCIENCE
PUB_022208,ENGINEERING
PUB_022208,MATERIALS_SCIENCE
PUB_022209,COMPUTER_SCIENCE
PUB_022210,ENGINEERING
PUB_022210,COMPUTER_SCIENCE
PUB_022211,ENGINEERING
PUB_022211,MATERIALS_SCIENCE
PUB_022212,COMPUTER_SCIENCE
PUB_022213,ENGINEERING
PUB_022213,MATERIALS_SCIENCE
PUB_022214,COMPUTER_SCIENCE
PUB_022215,COMPUTER_SCIENCE
PUB_022216,ENGINEERING
PUB_022216,MATERIALS_SCIENCE
PUB_022217,PHYSICS_AND_ASTRONOMY
PUB_022217,COMPUTER_SCIENCE
PUB_022218,ENGINEERING
PUB_022219,ENGINEERING
PUB_022220,ENGINEERING
PUB_022221,ENGINEERING
PUB_022221,MATERIALS_SCIENCE
PUB_022222,COMPUTER_SCIENCE
PUB_022223,ENGINEERING
PUB_022224,ENGINEERING
PUB_022225,ENGINEERING
PUB_022225,MATERIALS_SCIENCE
PUB_022226,COMPUTER_SCIENCE
PUB_022227,ENGINEERING
PUB_022228,ENGINEERING
PUB_022228,COMPUTER_SCIENCE
PUB_022229,ENGINEERING
PUB_022229,COMPUTER_SCIENCE
PUB_022230,COMPUTER_SCIENCE
PUB_022231,ENGINEERING
PUB_022231,COMPUTER_SCIENCE
PUB_022232,ENGINEERING
PUB_022233,MATHEMATICS
PUB_022233,MATERIALS_SCIENCE
PUB_022234,ENGINEERING
PUB_022235,ENGINEERING
PUB_022235,COMPUTER_SCIENCE
PUB_022236,ENGINEERING
PUB_022237,ENGINEERING
PUB_022237,MATERIALS_SCIENCE
PUB_022238,ENGINEERING
PUB_022239,ENGINEERING
PUB_022239,PHYSICS_AND_ASTRONOMY
PUB_022240,ENGINEERING
PUB_022241,COMPUTER_SCIENCE
PUB_022242,ENGINEERING
PUB_022243,COMPUTER_SCIENCE
PUB_022244,ENGINEERING
PUB_022245,ENGINEERING
PUB_022246,ENGINEERING
PUB_022247,ENGINEERING
PUB_022247,COMPUTER_SCIENCE
PUB_022248,ENGINEERING
PUB_022248,COMPUTER_SCIENCE
PUB_022249,COMPUTER_SCIENCE
PUB_022250,ENGINEERING
PUB_022251,ENGINEERING
PUB_022251,MATERIALS_SCIENCE
PUB_022252,ENGINEERING
PUB_022253,ENGINEERING
PUB_022253,COMPUTER_SCIENCE
PUB_022254,COMPUTER_SCIENCE
PUB_022255,ENGINEERING
PUB_022255,PHYSICS_AND_ASTRONOMY
PUB_022255,MATERIALS_SCIENCE
PUB_022256,COMPUTER_SCIENCE
PUB_022257,ENGINEERING
PUB_022257,MATERIALS_SCIENCE
PUB_022258,COMPUTER_SCIENCE
PUB_022259,ENGINEERING
PUB_022260,ENGINEERING
PUB_022261,ENGINEERING
PUB_022262,ENGINEERING
PUB_022263,ENGINEERING
PUB_022264,COMPUTER_SCIENCE
PUB_022265,ENGINEERING
PUB_022265,COMPUTER_SCIENCE
PUB_022266,ENGINEERING
PUB_022266,MATERIALS_SCIENCE
PUB_022267,ENGINEERING
PUB_022267,MATERIALS_SCIENCE
PUB_022268,ENGINEERING
PUB_022269,ENGINEERING
PUB_022270,COMPUTER_SCIENCE
PUB_022271,COMPUTER_SCIENCE
PUB_022272,ENGINEERING
PUB_022272,COMPUTER_SCIENCE
PUB_022273,COMPUTER_SCIENCE
PUB_022274,ENGINEERING
PUB_022275,ENGINEERING
PUB_022276,ENGINEERING
PUB_022277,ENGINEERING
PUB_022278,ENGINEERING
PUB_022279,ENGINEERING
PUB_022279,ENERGY
PUB_022280,ENGINEERING
PUB_022280,MATHEMATICS
PUB_022281,ENGINEERING
PUB_022281,MATERIALS_SCIENCE
PUB_022282,ENGINEERING
PUB_022282,MATERIALS_SCIENCE
PUB_022283,ENGINEERING
PUB_022283,COMPUTER_SCIENCE
PUB_022284,COMPUTER_SCIENCE
PUB_022285,COMPUTER_SCIENCE
PUB_022286,ENGINEERING
PUB_022286,MATERIALS_SCIENCE
PUB_022287,COMPUTER_SCIENCE
PUB_022288,COMPUTER_SCIENCE
PUB_022289,COMPUTER_SCIENCE
PUB_022290,ENGINEERING
PUB_022290,COMPUTER_SCIENCE
PUB_022291,ENGINEERING
PUB_022292,ENGINEERING
PUB_022293,ENGINEERING
PUB_022294,ENGINEERING
PUB_022294,MATERIALS_SCIENCE
PUB_022295,ENGINEERING
PUB_022295,MATERIALS_SCIENCE
PUB_022296,ENGINEERING
PUB_022297,ENGINEERING
PUB_022297,MATERIALS_SCIENCE
PUB_022298,ENGINEERING
PUB_022299,ENGINEERING
PUB_022300,COMPUTER_SCIENCE
PUB_022301,ENGINEERING
PUB_022301,MATERIALS_SCIENCE
PUB_022302,COMPUTER_SCIENCE
PUB_022303,ENGINEERING
PUB_022303,COMPUTER_SCIENCE
PUB_022304,ENGINEERING
PUB_022304,COMPUTER_SCIENCE
PUB_022305,ENGINEERING
PUB_022306,COMPUTER_SCIENCE
PUB_022307,ENGINEERING
PUB_022308,ENGINEERING
PUB_022308,COMPUTER_SCIENCE
PUB_022309,COMPUTER_SCIENCE
PUB_022310,COMPUTER_SCIENCE
PUB_022311,COMPUTER_SCIENCE
PUB_022312,ENGINEERING
PUB_022313,ENGINEERING
PUB_022314,COMPUTER_SCIENCE
PUB_022315,ENGINEERING
PUB_022315,MATERIALS_SCIENCE
PUB_022316,ENGINEERING
PUB_022316,COMPUTER_SCIENCE
PUB_022317,ENGINEERING
PUB_022318,COMPUTER_SCIENCE
PUB_022319,COMPUTER_SCIENCE
PUB_022320,COMPUTER_SCIENCE
PUB_022321,ENGINEERING
PUB_022322,ENGINEERING
PUB_022322,MATERIALS_SCIENCE
PUB_022323,COMPUTER_SCIENCE
PUB_022324,COMPUTER_SCIENCE
PUB_022325,ENGINEERING
PUB_022325,COMPUTER_SCIENCE
PUB_022326,ENGINEERING
PUB_022326,COMPUTER_SCIENCE
PUB_022327,ENGINEERING
PUB_022328,ENGINEERING
PUB_022328,COMPUTER_SCIENCE
PUB_022329,COMPUTER_SCIENCE
PUB_022330,COMPUTER_SCIENCE
PUB_022331,COMPUTER_SCIENCE
PUB_022332,ENGINEERING
PUB_022332,MATERIALS_SCIENCE
PUB_022333,ENGINEERING
PUB_022334,ENGINEERING
PUB_022334,MATHEMATICS
PUB_022335,ENGINEERING
PUB_022335,COMPUTER_SCIENCE
PUB_022336,ENGINEERING
PUB_022337,COMPUTER_SCIENCE
PUB_022338,ENGINEERING
PUB_022339,ENGINEERING
PUB_022340,COMPUTER_SCIENCE
PUB_022341,COMPUTER_SCIENCE
PUB_022342,ENGINEERING
PUB_022342,COMPUTER_SCIENCE
PUB_022343,COMPUTER_SCIENCE
PUB_022344,ENGINEERING
PUB_022344,MATERIALS_SCIENCE
PUB_022345,COMPUTER_SCIENCE
PUB_022346,COMPUTER_SCIENCE
PUB_022347,ENGINEERING
PUB_022348,COMPUTER_SCIENCE
PUB_022349,COMPUTER_SCIENCE
PUB_022350,COMPUTER_SCIENCE
PUB_022351,COMPUTER_SCIENCE
PUB_022352,COMPUTER_SCIENCE
PUB_022353,COMPUTER_SCIENCE
PUB_022354,ENGINEERING
PUB_022354,MATERIALS_SCIENCE
PUB_022355,COMPUTER_SCIENCE
PUB_022356,ENGINEERING
PUB_022357,ENGINEERING
PUB_022357,COMPUTER_SCIENCE
PUB_022358,ENGINEERING
PUB_022358,MATERIALS_SCIENCE
PUB_022359,ENGINEERING
PUB_022360,ENGINEERING
PUB_022360,COMPUTER_SCIENCE
PUB_022361,PHYSICS_AND_ASTRONOMY
PUB_022361,COMPUTER_SCIENCE
PUB_022362,COMPUTER_SCIENCE
PUB_022363,COMPUTER_SCIENCE
PUB_022364,ENGINEERING
PUB_022364,COMPUTER_SCIENCE
PUB_022365,ENGINEERING
PUB_022365,COMPUTER_SCIENCE
PUB_022366,COMPUTER_SCIENCE
PUB_022367,ENGINEERING
PUB_022367,COMPUTER_SCIENCE
PUB_022368,ENGINEERING
PUB_022369,ENGINEERING
PUB_022369,COMPUTER_SCIENCE
PUB_022370,COMPUTER_SCIENCE
PUB_022371,ENGINEERING
PUB_022371,COMPUTER_SCIENCE
PUB_022372,COMPUTER_SCIENCE
PUB_022373,COMPUTER_SCIENCE
PUB_022374,ENGINEERING
PUB_022374,COMPUTER_SCIENCE
PUB_022375,COMPUTER_SCIENCE
PUB_022376,ENGINEERING
PUB_022377,COMPUTER_SCIENCE
PUB_022378,COMPUTER_SCIENCE
PUB_022379,ENGINEERING
PUB_022380,ENGINEERING
PUB_022380,MATERIALS_SCIENCE
PUB_022381,COMPUTER_SCIENCE
PUB_022382,COMPUTER_SCIENCE
PUB_022383,ENGINEERING
PUB_022384,COMPUTER_SCIENCE
PUB_022385,COMPUTER_SCIENCE
PUB_022386,ENGINEERING
PUB_022386,COMPUTER_SCIENCE
PUB_022387,ENGINEERING
PUB_022387,COMPUTER_SCIENCE
PUB_022388,ENGINEERING
PUB_022388,COMPUTER_SCIENCE
PUB_022389,COMPUTER_SCIENCE
PUB_022390,ENGINEERING
PUB_022390,COMPUTER_SCIENCE
PUB_022391,COMPUTER_SCIENCE
PUB_022392,COMPUTER_SCIENCE
PUB_022393,COMPUTER_SCIENCE
PUB_022394,ENGINEERING
PUB_022395,COMPUTER_SCIENCE
PUB_022396,ENGINEERING
PUB_022396,COMPUTER_SCIENCE
PUB_022397,ENGINEERING
PUB_022398,COMPUTER_SCIENCE
PUB_022399,COMPUTER_SCIENCE
PUB_022400,ENGINEERING
PUB_022400,COMPUTER_SCIENCE
PUB_022401,PHYSICS_AND_ASTRONOMY
PUB_022401,COMPUTER_SCIENCE
PUB_022402,COMPUTER_SCIENCE
PUB_022403,ENGINEERING
PUB_022404,ENGINEERING
PUB_022404,COMPUTER_SCIENCE
PUB_022405,COMPUTER_SCIENCE
PUB_022406,COMPUTER_SCIENCE
PUB_022407,ENGINEERING
PUB_022407,COMPUTER_SCIENCE
PUB_022408,COMPUTER_SCIENCE
PUB_022409,ENGINEERING
PUB_022410,COMPUTER_SCIENCE
PUB_022411,COMPUTER_SCIENCE
PUB_022412,COMPUTER_SCIENCE
PUB_022413,ENGINEERING
PUB_022414,ENGINEERING
PUB_022414,COMPUTER_SCIENCE
PUB_022415,COMPUTER_SCIENCE
PUB_022416,ENGINEERING
PUB_022416,COMPUTER_SCIENCE
PUB_022417,ENGINEERING
PUB_022418,COMPUTER_SCIENCE
PUB_022419,ENGINEERING
PUB_022419,MATHEMATICS
PUB_022420,ENGINEERING
PUB_022420,MATERIALS_SCIENCE
PUB_022421,ENGINEERING
PUB_022422,ENGINEERING
PUB_022422,COMPUTER_SCIENCE
PUB_022423,ENGINEERING
PUB_022423,ENERGY
PUB_022424,ENGINEERING
PUB_022425,ENGINEERING
PUB_022425,COMPUTER_SCIENCE
PUB_022426,ENGINEERING
PUB_022427,ENGINEERING
PUB_022428,ENGINEERING
PUB_022428,COMPUTER_SCIENCE
PUB_022429,COMPUTER_SCIENCE
PUB_022430,ENGINEERING
PUB_022431,COMPUTER_SCIENCE
PUB_022432,ENGINEERING
PUB_022433,COMPUTER_SCIENCE
PUB_022434,ENGINEERING
PUB_022435,ENGINEERING
PUB_022435,COMPUTER_SCIENCE
PUB_022436,ENGINEERING
PUB_022436,COMPUTER_SCIENCE
PUB_022437,ENGINEERING
PUB_022438,ENGINEERING
PUB_022438,COMPUTER_SCIENCE
PUB_022439,ENGINEERING
PUB_022440,COMPUTER_SCIENCE
PUB_022441,COMPUTER_SCIENCE
PUB_022442,ENGINEERING
PUB_022442,COMPUTER_SCIENCE
PUB_022443,COMPUTER_SCIENCE
PUB_022444,MATHEMATICS
PUB_022444,ENGINEERING
PUB_022445,ENGINEERING
PUB_022446,ENGINEERING
PUB_022446,COMPUTER_SCIENCE
PUB_022447,ENGINEERING
PUB_022448,ENGINEERING
PUB_022448,COMPUTER_SCIENCE
PUB_022449,ENGINEERING
PUB_022450,COMPUTER_SCIENCE
PUB_022451,COMPUTER_SCIENCE
PUB_022452,COMPUTER_SCIENCE
PUB_022453,COMPUTER_SCIENCE
PUB_022454,ENGINEERING
PUB_022455,COMPUTER_SCIENCE
PUB_022456,ENGINEERING
PUB_022457,COMPUTER_SCIENCE
PUB_022458,COMPUTER_SCIENCE
PUB_022459,ENGINEERING
PUB_022460,COMPUTER_SCIENCE
PUB_022461,ENGINEERING
PUB_022461,COMPUTER_SCIENCE
PUB_022462,ENGINEERING
PUB_022462,COMPUTER_SCIENCE
PUB_022463,ENGINEERING
PUB_022463,MATERIALS_SCIENCE
PUB_022464,ENGINEERING
PUB_022464,MATERIALS_SCIENCE
PUB_022465,COMPUTER_SCIENCE
PUB_022466,COMPUTER_SCIENCE
PUB_022467,COMPUTER_SCIENCE
PUB_022468,COMPUTER_SCIENCE
PUB_022469,COMPUTER_SCIENCE
PUB_022470,COMPUTER_SCIENCE
PUB_022471,ENGINEERING
PUB_022472,COMPUTER_SCIENCE
PUB_022473,COMPUTER_SCIENCE
PUB_022474,ENGINEERING
PUB_022475,MATHEMATICS
PUB_022475,ENGINEERING
PUB_022476,ENGINEERING
PUB_022476,ENERGY
PUB_022477,ENGINEERING
PUB_022478,COMPUTER_SCIENCE
PUB_022479,COMPUTER_SCIENCE
PUB_022480,ENGINEERING
PUB_022480,COMPUTER_SCIENCE
PUB_022481,ENGINEERING
PUB_022481,COMPUTER_SCIENCE
PUB_022482,COMPUTER_SCIENCE
PUB_022483,COMPUTER_SCIENCE
PUB_022484,ENGINEERING
PUB_022485,COMPUTER_SCIENCE
PUB_022486,ENGINEERING
PUB_022486,ENERGY
PUB_022487,COMPUTER_SCIENCE
PUB_022488,COMPUTER_SCIENCE
PUB_022489,ENGINEERING
PUB_022489,COMPUTER_SCIENCE
PUB_022490,ENGINEERING
PUB_022490,MATHEMATICS
PUB_022491,COMPUTER_SCIENCE
PUB_022492,COMPUTER_SCIENCE
PUB_022493,ENGINEERING
PUB_022494,COMPUTER_SCIENCE
PUB_022495,COMPUTER_SCIENCE
PUB_022496,COMPUTER_SCIENCE
PUB_022497,COMPUTER_SCIENCE
PUB_022498,ENGINEERING
PUB_022499,ENGINEERING
PUB_022499,MATERIALS_SCIENCE
PUB_022500,COMPUTER_SCIENCE
PUB_022501,COMPUTER_SCIENCE
PUB_022502,ENGINEERING
PUB_022503,COMPUTER_SCIENCE
PUB_022504,COMPUTER_SCIENCE
PUB_022505,ENGINEERING
PUB_022505,MATERIALS_SCIENCE
PUB_022506,PHYSICS_AND_ASTRONOMY
PUB_022506,COMPUTER_SCIENCE
PUB_022507,COMPUTER_SCIENCE
PUB_022508,ENGINEERING
PUB_022508,COMPUTER_SCIENCE
PUB_022509,ENGINEERING
PUB_022510,ENGINEERING
PUB_022511,COMPUTER_SCIENCE
PUB_022512,COMPUTER_SCIENCE
PUB_022513,ENGINEERING
PUB_022513,MATERIALS_SCIENCE
PUB_022514,COMPUTER_SCIENCE
PUB_022515,ENGINEERING
PUB_022516,ENGINEERING
PUB_022517,ENGINEERING
PUB_022517,MATERIALS_SCIENCE
PUB_022518,ENGINEERING
PUB_022518,MATHEMATICS
PUB_022519,ENGINEERING
PUB_022519,MATERIALS_SCIENCE
PUB_022520,COMPUTER_SCIENCE
PUB_022521,PHYSICS_AND_ASTRONOMY
PUB_022521,COMPUTER_SCIENCE
PUB_022522,ENGINEERING
PUB_022523,ENGINEERING
PUB_022523,MATERIALS_SCIENCE
PUB_022524,COMPUTER_SCIENCE
PUB_022525,ENGINEERING
PUB_022525,COMPUTER_SCIENCE
PUB_022526,ENGINEERING
PUB_022527,ENGINEERING
PUB_022528,COMPUTER_SCIENCE
PUB_022529,ENGINEERING
PUB_022529,MATERIALS_SCIENCE
PUB_022530,COMPUTER_SCIENCE
PUB_022531,COMPUTER_SCIENCE
PUB_022532,ENGINEERING
PUB_022532,COMPUTER_SCIENCE
PUB_022533,COMPUTER_SCIENCE
PUB_022534,COMPUTER_SCIENCE
PUB_022535,ENGINEERING
PUB_022535,COMPUTER_SCIENCE
PUB_022536,ENGINEERING
PUB_022537,COMPUTER_SCIENCE
PUB_022538,ENGINEERING
PUB_022538,COMPUTER_SCIENCE
PUB_022539,COMPUTER_SCIENCE
PUB_022540,COMPUTER_SCIENCE
PUB_022541,ENGINEERING
PUB_022541,ENERGY
PUB_022542,COMPUTER_SCIENCE
PUB_022543,ENGINEERING
PUB_022543,PHYSICS_AND_ASTRONOMY
PUB_022544,ENGINEERING
PUB_022544,COMPUTER_SCIENCE
PUB_022545,COMPUTER_SCIENCE
PUB_022546,ENGINEERING
PUB_022547,COMPUTER_SCIENCE
PUB_022548,COMPUTER_SCIENCE
PUB_022549,ENGINEERING
PUB_022549,MATERIALS_SCIENCE
PUB_022550,ENGINEERING
PUB_022550,COMPUTER_SCIENCE
PUB_022551,ENGINEERING
PUB_022551,MATERIALS_SCIENCE
PUB_022552,ENGINEERING
PUB_022552,PHYSICS_AND_ASTRONOMY
PUB_022553,COMPUTER_SCIENCE
PUB_022554,ENGINEERING
PUB_022554,COMPUTER_SCIENCE
PUB_022555,COMPUTER_SCIENCE
PUB_022556,ENGINEERING
PUB_022556,COMPUTER_SCIENCE
PUB_022557,COMPUTER_SCIENCE
PUB_022558,ENGINEERING
PUB_022559,ENGINEERING
PUB_022560,PHYSICS_AND_ASTRONOMY
PUB_022560,COMPUTER_SCIENCE
PUB_022561,COMPUTER_SCIENCE
PUB_022562,ENGINEERING
PUB_022562,MATERIALS_SCIENCE
PUB_022563,COMPUTER_SCIENCE
PUB_022564,COMPUTER_SCIENCE
PUB_022565,COMPUTER_SCIENCE
PUB_022566,COMPUTER_SCIENCE
PUB_022567,ENGINEERING
PUB_022567,COMPUTER_SCIENCE
PUB_022568,COMPUTER_SCIENCE
PUB_022569,ENGINEERING
PUB_022569,COMPUTER_SCIENCE
PUB_022570,COMPUTER_SCIENCE
PUB_022571,COMPUTER_SCIENCE
PUB_022572,ENGINEERING
PUB_022572,COMPUTER_SCIENCE
PUB_022573,ENGINEERING
PUB_022574,ENGINEERING
PUB_022575,ENGINEERING
PUB_022575,COMPUTER_SCIENCE
PUB_022576,ENGINEERING
PUB_022577,ENGINEERING
PUB_022577,COMPUTER_SCIENCE
PUB_022578,ENGINEERING
PUB_022578,COMPUTER_SCIENCE
PUB_022579,COMPUTER_SCIENCE
PUB_022580,ENGINEERING
PUB_022581,COMPUTER_SCIENCE
PUB_022582,ENGINEERING
PUB_022582,MATERIALS_SCIENCE
PUB_022583,ENGINEERING
PUB_022583,COMPUTER_SCIENCE
PUB_022584,COMPUTER_SCIENCE
PUB_022585,ENGINEERING
PUB_022586,ENGINEERING
PUB_022587,COMPUTER_SCIENCE
PUB_022588,COMPUTER_SCIENCE
PUB_022589,COMPUTER_SCIENCE
PUB_022590,ENGINEERING
PUB_022591,ENGINEERING
PUB_022591,MATERIALS_SCIENCE
PUB_022592,ENGINEERING
PUB_022592,COMPUTER_SCIENCE
PUB_022593,COMPUTER_SCIENCE
PUB_022594,ENGINEERING
PUB_022594,COMPUTER_SCIENCE
PUB_022595,ENGINEERING
PUB_022595,COMPUTER_SCIENCE
PUB_022596,COMPUTER_SCIENCE
PUB_022597,ENGINEERING
PUB_022597,PHYSICS_AND_ASTRONOMY
PUB_022598,ENGINEERING
PUB_022598,MATERIALS_SCIENCE
PUB_022599,COMPUTER_SCIENCE
PUB_022600,COMPUTER_SCIENCE
PUB_022601,COMPUTER_SCIENCE
PUB_022602,ENGINEERING
PUB_022603,ENGINEERING
PUB_022603,COMPUTER_SCIENCE
PUB_022604,COMPUTER_SCIENCE
PUB_022605,ENGINEERING
PUB_022606,COMPUTER_SCIENCE
PUB_022607,COMPUTER_SCIENCE
PUB_022608,COMPUTER_SCIENCE
PUB_022609,ENGINEERING
PUB_022609,COMPUTER_SCIENCE
PUB_022610,ENGINEERING
PUB_022610,COMPUTER_SCIENCE
PUB_022611,ENGINEERING
PUB_022612,ENGINEERING
PUB_022612,COMPUTER_SCIENCE
PUB_022613,ENGINEERING
PUB_022613,COMPUTER_SCIENCE
PUB_022614,ENGINEERING
PUB_022614,MATERIALS_SCIENCE
PUB_022615,COMPUTER_SCIENCE
PUB_022616,COMPUTER_SCIENCE
PUB_022617,ENGINEERING
PUB_022618,ENGINEERING
PUB_022618,MATERIALS_SCIENCE
PUB_022619,ENGINEERING
PUB_022619,COMPUTER_SCIENCE
PUB_022620,COMPUTER_SCIENCE
PUB_022621,COMPUTER_SCIENCE
PUB_022622,COMPUTER_SCIENCE
PUB_022623,COMPUTER_SCIENCE
PUB_022624,COMPUTER_SCIENCE
PUB_022625,ENGINEERING
PUB_022626,ENGINEERING
PUB_022627,COMPUTER_SCIENCE
PUB_022628,COMPUTER_SCIENCE
PUB_022629,COMPUTER_SCIENCE
PUB_022630,ENGINEERING
PUB_022631,ENGINEERING
PUB_022632,ENGINEERING
PUB_022633,ENGINEERING
PUB_022633,COMPUTER_SCIENCE
PUB_022634,ENGINEERING
PUB_022634,COMPUTER_SCIENCE
PUB_022635,ENGINEERING
PUB_022635,COMPUTER_SCIENCE
PUB_022636,ENGINEERING
PUB_022637,COMPUTER_SCIENCE
PUB_022638,COMPUTER_SCIENCE
PUB_022639,ENGINEERING
PUB_022639,MATERIALS_SCIENCE
PUB_022640,ENGINEERING
PUB_022640,COMPUTER_SCIENCE
PUB_022641,ENGINEERING
PUB_022641,MATERIALS_SCIENCE
PUB_022642,ENGINEERING
PUB_022643,ENGINEERING
PUB_022644,ENGINEERING
PUB_022645,ENGINEERING
PUB_022645,COMPUTER_SCIENCE
PUB_022646,COMPUTER_SCIENCE
PUB_022647,PHYSICS_AND_ASTRONOMY
PUB_022647,COMPUTER_SCIENCE
PUB_022648,ENGINEERING
PUB_022649,ENGINEERING
PUB_022649,COMPUTER_SCIENCE
PUB_022650,COMPUTER_SCIENCE
PUB_022651,COMPUTER_SCIENCE
PUB_022652,MATHEMATICS
PUB_022652,COMPUTER_SCIENCE
PUB_022653,ENGINEERING
PUB_022653,MATERIALS_SCIENCE
PUB_022654,COMPUTER_SCIENCE
PUB_022655,ENGINEERING
PUB_022655,COMPUTER_SCIENCE
PUB_022656,ENGINEERING
PUB_022656,MATERIALS_SCIENCE
PUB_022657,PHYSICS_AND_ASTRONOMY
PUB_022657,COMPUTER_SCIENCE
PUB_022658,ENGINEERING
PUB_022658,COMPUTER_SCIENCE
PUB_022659,COMPUTER_SCIENCE
PUB_022660,MATHEMATICS
PUB_022660,COMPUTER_SCIENCE
PUB_022661,COMPUTER_SCIENCE
PUB_022662,ENGINEERING
PUB_022662,COMPUTER_SCIENCE
PUB_022663,ENGINEERING
PUB_022663,COMPUTER_SCIENCE
PUB_022664,COMPUTER_SCIENCE
PUB_022665,ENGINEERING
PUB_022665,COMPUTER_SCIENCE
PUB_022666,COMPUTER_SCIENCE
PUB_022667,COMPUTER_SCIENCE
PUB_022668,ENGINEERING
PUB_022668,COMPUTER_SCIENCE
PUB_022669,ENGINEERING
PUB_022669,MATERIALS_SCIENCE
PUB_022670,ENGINEERING
PUB_022670,COMPUTER_SCIENCE
PUB_022671,COMPUTER_SCIENCE
PUB_022672,ENGINEERING
PUB_022673,ENGINEERING
PUB_022674,ENGINEERING
PUB_022674,MATERIALS_SCIENCE
PUB_022675,COMPUTER_SCIENCE
PUB_022676,COMPUTER_SCIENCE
PUB_022677,ENGINEERING
PUB_022677,MATERIALS_SCIENCE
PUB_022678,PHYSICS_AND_ASTRONOMY
PUB_022678,COMPUTER_SCIENCE
PUB_022679,ENGINEERING
PUB_022679,COMPUTER_SCIENCE
PUB_022680,COMPUTER_SCIENCE
PUB_022681,COMPUTER_SCIENCE
PUB_022682,ENGINEERING
PUB_022682,COMPUTER_SCIENCE
PUB_022683,ENGINEERING
PUB_022683,PHYSICS_AND_ASTRONOMY
PUB_022684,ENGINEERING
PUB_022684,COMPUTER_SCIENCE
PUB_022685,COMPUTER_SCIENCE
PUB_022686,ENGINEERING
PUB_022686,COMPUTER_SCIENCE
PUB_022687,ENGINEERING
PUB_022687,COMPUTER_SCIENCE
PUB_022688,COMPUTER_SCIENCE
PUB_022689,ENGINEERING
PUB_022689,MATERIALS_SCIENCE
PUB_022690,COMPUTER_SCIENCE
PUB_022691,ENGINEERING
PUB_022691,MATERIALS_SCIENCE
PUB_022692,COMPUTER_SCIENCE
PUB_022693,ENGINEERING
PUB_022693,MATERIALS_SCIENCE
PUB_022694,COMPUTER_SCIENCE
PUB_022695,ENGINEERING
PUB_022695,COMPUTER_SCIENCE
PUB_022696,COMPUTER_SCIENCE
PUB_022697,ENGINEERING
PUB_022697,MATERIALS_SCIENCE
PUB_022698,ENGINEERING
PUB_022699,COMPUTER_SCIENCE
PUB_022700,ENGINEERING
PUB_022700,COMPUTER_SCIENCE
PUB_022701,COMPUTER_SCIENCE
PUB_022702,COMPUTER_SCIENCE
PUB_022703,PHYSICS_AND_ASTRONOMY
PUB_022703,COMPUTER_SCIENCE
PUB_022704,ENGINEERING
PUB_022705,COMPUTER_SCIENCE
PUB_022706,ENGINEERING
PUB_022706,COMPUTER_SCIENCE
PUB_022707,ENGINEERING
PUB_022707,MATERIALS_SCIENCE
PUB_022708,ENGINEERING
PUB_022708,COMPUTER_SCIENCE
PUB_022709,ENGINEERING
PUB_022709,MATERIALS_SCIENCE
PUB_022710,ENGINEERING
PUB_022711,COMPUTER_SCIENCE
PUB_022712,ENGINEERING
PUB_022712,MATERIALS_SCIENCE
PUB_022713,ENGINEERING
PUB_022713,COMPUTER_SCIENCE
PUB_022714,ENGINEERING
PUB_022714,MATERIALS_SCIENCE
PUB_022715,ENGINEERING
PUB_022715,COMPUTER_SCIENCE
PUB_022716,ENGINEERING
PUB_022716,COMPUTER_SCIENCE
PUB_022717,ENGINEERING
PUB_022717,COMPUTER_SCIENCE
PUB_022718,ENGINEERING
PUB_022718,ENERGY
PUB_022718,COMPUTER_SCIENCE
PUB_022719,COMPUTER_SCIENCE
PUB_022720,ENGINEERING
PUB_022720,COMPUTER_SCIENCE
PUB_022721,COMPUTER_SCIENCE
PUB_022722,COMPUTER_SCIENCE
PUB_022723,ENGINEERING
PUB_022724,ENGINEERING
PUB_022724,COMPUTER_SCIENCE
PUB_022725,ENGINEERING
PUB_022725,COMPUTER_SCIENCE
PUB_022726,ENGINEERING
PUB_022727,ENGINEERING
PUB_022728,ENGINEERING
PUB_022728,COMPUTER_SCIENCE
PUB_022729,ENGINEERING
PUB_022730,COMPUTER_SCIENCE
PUB_022731,COMPUTER_SCIENCE
PUB_022732,ENGINEERING
PUB_022733,ENGINEERING
PUB_022733,MATERIALS_SCIENCE
PUB_022734,COMPUTER_SCIENCE
PUB_022735,ENGINEERING
PUB_022736,COMPUTER_SCIENCE
PUB_022737,ENGINEERING
PUB_022737,COMPUTER_SCIENCE
PUB_022738,ENGINEERING
PUB_022739,COMPUTER_SCIENCE
PUB_022740,ENGINEERING
PUB_022740,COMPUTER_SCIENCE
PUB_022741,ENGINEERING
PUB_022742,COMPUTER_SCIENCE
PUB_022743,ENGINEERING
PUB_022744,COMPUTER_SCIENCE
PUB_022745,ENGINEERING
PUB_022745,COMPUTER_SCIENCE
PUB_022746,COMPUTER_SCIENCE
PUB_022747,ENGINEERING
PUB_022747,COMPUTER_SCIENCE
PUB_022748,COMPUTER_SCIENCE
PUB_022749,ENGINEERING
PUB_022749,COMPUTER_SCIENCE
PUB_022750,ENGINEERING
PUB_022750,COMPUTER_SCIENCE
PUB_022751,COMPUTER_SCIENCE
PUB_022752,COMPUTER_SCIENCE
PUB_022753,COMPUTER_SCIENCE
PUB_022754,COMPUTER_SCIENCE
PUB_022755,ENGINEERING
PUB_022756,ENGINEERING
PUB_022756,COMPUTER_SCIENCE
PUB_022757,ENGINEERING
PUB_022758,PHYSICS_AND_ASTRONOMY
PUB_022758,COMPUTER_SCIENCE
PUB_022759,ENGINEERING
PUB_022759,ENERGY
PUB_022760,ENGINEERING
PUB_022760,COMPUTER_SCIENCE
PUB_022761,ENGINEERING
PUB_022762,COMPUTER_SCIENCE
PUB_022763,ENGINEERING
PUB_022763,COMPUTER_SCIENCE
PUB_022764,COMPUTER_SCIENCE
PUB_022765,ENGINEERING
PUB_022766,COMPUTER_SCIENCE
PUB_022767,ENGINEERING
PUB_022767,COMPUTER_SCIENCE
PUB_022768,COMPUTER_SCIENCE
PUB_022769,COMPUTER_SCIENCE
PUB_022770,ENGINEERING
PUB_022771,ENGINEERING
PUB_022771,COMPUTER_SCIENCE
PUB_022772,COMPUTER_SCIENCE
PUB_022773,ENGINEERING
PUB_022773,COMPUTER_SCIENCE
PUB_022774,ENGINEERING
PUB_022774,MATERIALS_SCIENCE
PUB_022775,ENGINEERING
PUB_022775,COMPUTER_SCIENCE
PUB_022776,COMPUTER_SCIENCE
PUB_022776,MATERIALS_SCIENCE
PUB_022777,ENGINEERING
PUB_022777,COMPUTER_SCIENCE
PUB_022778,ENGINEERING
PUB_022778,COMPUTER_SCIENCE
PUB_022779,ENGINEERING
PUB_022779,MATERIALS_SCIENCE
PUB_022780,ENGINEERING
PUB_022781,COMPUTER_SCIENCE
PUB_022782,ENGINEERING
PUB_022782,COMPUTER_SCIENCE
PUB_022783,ENGINEERING
PUB_022783,COMPUTER_SCIENCE
PUB_022784,COMPUTER_SCIENCE
PUB_022785,COMPUTER_SCIENCE
PUB_022786,PHYSICS_AND_ASTRONOMY
PUB_022786,COMPUTER_SCIENCE
PUB_022787,COMPUTER_SCIENCE
PUB_022788,ENGINEERING
PUB_022789,ENGINEERING
PUB_022789,PHYSICS_AND_ASTRONOMY
PUB_022790,COMPUTER_SCIENCE
PUB_022791,COMPUTER_SCIENCE
PUB_022792,COMPUTER_SCIENCE
PUB_022793,COMPUTER_SCIENCE
PUB_022794,ENERGY
PUB_022794,COMPUTER_SCIENCE
PUB_022795,ENGINEERING
PUB_022796,ENGINEERING
PUB_022796,COMPUTER_SCIENCE
PUB_022797,ENGINEERING
PUB_022797,MATERIALS_SCIENCE
PUB_022798,COMPUTER_SCIENCE
PUB_022799,ENGINEERING
PUB_022800,COMPUTER_SCIENCE
PUB_022801,ENGINEERING
PUB_022801,COMPUTER_SCIENCE
PUB_022802,ENGINEERING
PUB_022802,PHYSICS_AND_ASTRONOMY
PUB_022803,COMPUTER_SCIENCE
PUB_022804,ENGINEERING
PUB_022804,PHYSICS_AND_ASTRONOMY
PUB_022804,MATERIALS_SCIENCE
PUB_022805,ENGINEERING
PUB_022806,ENGINEERING
PUB_022807,ENGINEERING
PUB_022807,COMPUTER_SCIENCE
PUB_022808,ENGINEERING
PUB_022808,PHYSICS_AND_ASTRONOMY
PUB_022809,COMPUTER_SCIENCE
PUB_022810,COMPUTER_SCIENCE
PUB_022811,ENGINEERING
PUB_022811,ENERGY
PUB_022812,ENGINEERING
PUB_022812,COMPUTER_SCIENCE
PUB_022813,ENGINEERING
PUB_022814,PHYSICS_AND_ASTRONOMY
PUB_022814,COMPUTER_SCIENCE
PUB_022815,COMPUTER_SCIENCE
PUB_022816,COMPUTER_SCIENCE
PUB_022817,COMPUTER_SCIENCE
PUB_022818,ENGINEERING
PUB_022819,COMPUTER_SCIENCE
PUB_022820,COMPUTER_SCIENCE
PUB_022821,ENGINEERING
PUB_022821,COMPUTER_SCIENCE
PUB_022822,ENGINEERING
PUB_022823,COMPUTER_SCIENCE
PUB_022824,COMPUTER_SCIENCE
PUB_022825,COMPUTER_SCIENCE
PUB_022826,COMPUTER_SCIENCE
PUB_022827,COMPUTER_SCIENCE
PUB_022828,ENGINEERING
PUB_022829,ENGINEERING
PUB_022829,COMPUTER_SCIENCE
PUB_022830,COMPUTER_SCIENCE
PUB_022831,ENGINEERING
PUB_022832,ENGINEERING
PUB_022832,MATERIALS_SCIENCE
PUB_022833,ENGINEERING
PUB_022833,COMPUTER_SCIENCE
PUB_022834,COMPUTER_SCIENCE
PUB_022835,ENGINEERING
PUB_022836,COMPUTER_SCIENCE
PUB_022837,ENGINEERING
PUB_022838,ENGINEERING
PUB_022838,COMPUTER_SCIENCE
PUB_022839,ENGINEERING
PUB_022840,COMPUTER_SCIENCE
PUB_022841,COMPUTER_SCIENCE
PUB_022842,ENGINEERING
PUB_022843,COMPUTER_SCIENCE
PUB_022844,COMPUTER_SCIENCE
PUB_022845,ENGINEERING
PUB_022845,COMPUTER_SCIENCE
PUB_022846,COMPUTER_SCIENCE
PUB_022847,ENGINEERING
PUB_022847,COMPUTER_SCIENCE
PUB_022848,COMPUTER_SCIENCE
PUB_022849,ENGINEERING
PUB_022849,MATERIALS_SCIENCE
PUB_022850,ENGINEERING
PUB_022850,COMPUTER_SCIENCE
PUB_022851,ENGINEERING
PUB_022851,MATERIALS_SCIENCE
PUB_022852,COMPUTER_SCIENCE
PUB_022853,COMPUTER_SCIENCE
PUB_022854,COMPUTER_SCIENCE
PUB_022855,COMPUTER_SCIENCE
PUB_022856,ENGINEERING
PUB_022856,COMPUTER_SCIENCE
PUB_022857,COMPUTER_SCIENCE
PUB_022858,ENGINEERING
PUB_022859,ENGINEERING
PUB_022859,COMPUTER_SCIENCE
PUB_022860,ENGINEERING
PUB_022861,ENGINEERING
PUB_022861,MATERIALS_SCIENCE
PUB_022862,ENGINEERING
PUB_022862,COMPUTER_SCIENCE
PUB_022863,COMPUTER_SCIENCE
PUB_022864,COMPUTER_SCIENCE
PUB_022865,ENGINEERING
PUB_022865,COMPUTER_SCIENCE
PUB_022866,COMPUTER_SCIENCE
PUB_022867,ENGINEERING
PUB_022868,COMPUTER_SCIENCE
PUB_022869,ENGINEERING
PUB_022869,COMPUTER_SCIENCE
PUB_022870,COMPUTER_SCIENCE
PUB_022871,COMPUTER_SCIENCE
PUB_022872,ENGINEERING
PUB_022873,COMPUTER_SCIENCE
PUB_022874,ENGINEERING
PUB_022875,COMPUTER_SCIENCE
PUB_022876,ENGINEERING
PUB_022876,COMPUTER_SCIENCE
PUB_022877,COMPUTER_SCIENCE
PUB_022878,ENGINEERING
PUB_022879,ENGINEERING
PUB_022879,COMPUTER_SCIENCE
PUB_022880,ENGINEERING
PUB_022880,COMPUTER_SCIENCE
PUB_022881,ENGINEERING
PUB_022881,PHYSICS_AND_ASTRONOMY
PUB_022881,MATERIALS_SCIENCE
PUB_022882,COMPUTER_SCIENCE
PUB_022883,COMPUTER_SCIENCE
PUB_022884,ENGINEERING
PUB_022884,COMPUTER_SCIENCE
PUB_022885,ENGINEERING
PUB_022886,ENGINEERING
PUB_022886,COMPUTER_SCIENCE
PUB_022887,MATHEMATICS
PUB_022888,COMPUTER_SCIENCE
PUB_022889,ENGINEERING
PUB_022890,ENGINEERING
PUB_022891,COMPUTER_SCIENCE
PUB_022892,ENGINEERING
PUB_022892,COMPUTER_SCIENCE
PUB_022893,ENGINEERING
PUB_022894,ENGINEERING
PUB_022895,ENGINEERING
PUB_022896,ENGINEERING
PUB_022896,PHYSICS_AND_ASTRONOMY
PUB_022896,COMPUTER_SCIENCE
PUB_022897,COMPUTER_SCIENCE
PUB_022898,ENGINEERING
PUB_022898,COMPUTER_SCIENCE
PUB_022899,COMPUTER_SCIENCE
PUB_022900,ENGINEERING
PUB_022900,COMPUTER_SCIENCE
PUB_022901,ENGINEERING
PUB_022902,COMPUTER_SCIENCE
PUB_022903,ENGINEERING
PUB_022903,COMPUTER_SCIENCE
PUB_022904,ENGINEERING
PUB_022905,ENGINEERING
PUB_022905,COMPUTER_SCIENCE
PUB_022906,COMPUTER_SCIENCE
PUB_022907,ENGINEERING
PUB_022908,ENGINEERING
PUB_022908,COMPUTER_SCIENCE
PUB_022909,ENGINEERING
PUB_022909,COMPUTER_SCIENCE
PUB_022910,ENGINEERING
PUB_022910,MATERIALS_SCIENCE
PUB_022911,ENGINEERING
PUB_022911,COMPUTER_SCIENCE
PUB_022912,COMPUTER_SCIENCE
PUB_022913,ENGINEERING
PUB_022913,COMPUTER_SCIENCE
PUB_022914,ENGINEERING
PUB_022914,COMPUTER_SCIENCE
PUB_022915,ENGINEERING
PUB_022916,ENGINEERING
PUB_022917,COMPUTER_SCIENCE
PUB_022918,COMPUTER_SCIENCE
PUB_022919,ENGINEERING
PUB_022920,COMPUTER_SCIENCE
PUB_022921,ENGINEERING
PUB_022921,COMPUTER_SCIENCE
PUB_022922,COMPUTER_SCIENCE
PUB_022923,ENGINEERING
PUB_022924,COMPUTER_SCIENCE
PUB_022925,ENGINEERING
PUB_022926,ENGINEERING
PUB_022927,ENGINEERING
PUB_022927,COMPUTER_SCIENCE
PUB_022928,ENGINEERING
PUB_022929,ENGINEERING
PUB_022929,COMPUTER_SCIENCE
PUB_022929,MATERIALS_SCIENCE
PUB_022930,ENGINEERING
PUB_022931,ENGINEERING
PUB_022931,COMPUTER_SCIENCE
PUB_022932,ENGINEERING
PUB_022933,ENGINEERING
PUB_022933,MATERIALS_SCIENCE
PUB_022934,ENGINEERING
PUB_022934,COMPUTER_SCIENCE
PUB_022935,ENGINEERING
PUB_022936,COMPUTER_SCIENCE
PUB_022937,ENGINEERING
PUB_022938,ENGINEERING
PUB_022939,ENGINEERING
PUB_022939,MATERIALS_SCIENCE
PUB_022940,COMPUTER_SCIENCE
PUB_022941,ENGINEERING
PUB_022942,COMPUTER_SCIENCE
PUB_022943,PHYSICS_AND_ASTRONOMY
PUB_022943,COMPUTER_SCIENCE
PUB_022944,COMPUTER_SCIENCE
PUB_022945,ENGINEERING
PUB_022946,ENGINEERING
PUB_022946,MATERIALS_SCIENCE
PUB_022947,COMPUTER_SCIENCE
PUB_022948,COMPUTER_SCIENCE
PUB_022949,ENGINEERING
PUB_022949,ENERGY
PUB_022950,ENGINEERING
PUB_022951,ENGINEERING
PUB_022951,COMPUTER_SCIENCE
PUB_022952,COMPUTER_SCIENCE
PUB_022953,COMPUTER_SCIENCE
PUB_022954,COMPUTER_SCIENCE
PUB_022955,ENGINEERING
PUB_022955,COMPUTER_SCIENCE
PUB_022956,ENGINEERING
PUB_022956,COMPUTER_SCIENCE
PUB_022957,ENERGY
PUB_022957,COMPUTER_SCIENCE
PUB_022958,COMPUTER_SCIENCE
PUB_022959,ENGINEERING
PUB_022959,COMPUTER_SCIENCE
PUB_022960,ENGINEERING
PUB_022960,COMPUTER_SCIENCE
PUB_022961,ENGINEERING
PUB_022962,COMPUTER_SCIENCE
PUB_022963,COMPUTER_SCIENCE
PUB_022964,COMPUTER_SCIENCE
PUB_022965,ENGINEERING
PUB_022965,COMPUTER_SCIENCE
PUB_022966,ENGINEERING
PUB_022966,COMPUTER_SCIENCE
PUB_022967,ENGINEERING
PUB_022967,COMPUTER_SCIENCE
PUB_022968,ENGINEERING
PUB_022969,ENGINEERING
PUB_022970,ENGINEERING
PUB_022970,COMPUTER_SCIENCE
PUB_022971,PHYSICS_AND_ASTRONOMY
PUB_022971,COMPUTER_SCIENCE
PUB_022972,ENGINEERING
PUB_022973,COMPUTER_SCIENCE
PUB_022974,ENGINEERING
PUB_022974,COMPUTER_SCIENCE
PUB_022975,ENGINEERING
PUB_022976,COMPUTER_SCIENCE
PUB_022977,ENGINEERING
PUB_022977,MATERIALS_SCIENCE
PUB_022978,ENGINEERING
PUB_022978,COMPUTER_SCIENCE
PUB_022979,COMPUTER_SCIENCE
PUB_022980,PHYSICS_AND_ASTRONOMY
PUB_022980,COMPUTER_SCIENCE
PUB_022981,COMPUTER_SCIENCE
PUB_022982,ENGINEERING
PUB_022982,COMPUTER_SCIENCE
PUB_022983,ENGINEERING
PUB_022983,MATERIALS_SCIENCE
PUB_022984,ENGINEERING
PUB_022984,COMPUTER_SCIENCE
PUB_022985,ENGINEERING
PUB_022986,COMPUTER_SCIENCE
PUB_022987,ENGINEERING
PUB_022987,MATERIALS_SCIENCE
PUB_022988,ENGINEERING
PUB_022989,ENGINEERING
PUB_022989,COMPUTER_SCIENCE
PUB_022990,ENGINEERING
PUB_022991,ENGINEERING
PUB_022991,COMPUTER_SCIENCE
PUB_022992,COMPUTER_SCIENCE
PUB_022993,ENGINEERING
PUB_022993,COMPUTER_SCIENCE
PUB_022994,COMPUTER_SCIENCE
PUB_022995,COMPUTER_SCIENCE
PUB_022996,ENGINEERING
PUB_022996,COMPUTER_SCIENCE
PUB_022997,COMPUTER_SCIENCE
PUB_022998,COMPUTER_SCIENCE
PUB_022999,COMPUTER_SCIENCE
PUB_023000,ENGINEERING
PUB_023001,COMPUTER_SCIENCE
PUB_023002,ENGINEERING
PUB_023002,COMPUTER_SCIENCE
PUB_023003,COMPUTER_SCIENCE
PUB_023004,COMPUTER_SCIENCE
PUB_023005,ENGINEERING
PUB_023005,COMPUTER_SCIENCE
PUB_023006,COMPUTER_SCIENCE
PUB_023007,ENGINEERING
PUB_023007,COMPUTER_SCIENCE
PUB_023008,ENGINEERING
PUB_023009,ENGINEERING
PUB_023010,COMPUTER_SCIENCE
PUB_023011,ENGINEERING
PUB_023011,PHYSICS_AND_ASTRONOMY
PUB_023011,MATERIALS_SCIENCE
PUB_023012,COMPUTER_SCIENCE
PUB_023013,ENGINEERING
PUB_023013,COMPUTER_SCIENCE
PUB_023014,COMPUTER_SCIENCE
PUB_023015,ENGINEERING
PUB_023015,PHYSICS_AND_ASTRONOMY
PUB_023016,ENGINEERING
PUB_023016,COMPUTER_SCIENCE
PUB_023017,ENGINEERING
PUB_023018,COMPUTER_SCIENCE
PUB_023019,COMPUTER_SCIENCE
PUB_023020,ENGINEERING
PUB_023021,COMPUTER_SCIENCE
PUB_023022,COMPUTER_SCIENCE
PUB_023023,ENGINEERING
PUB_023024,COMPUTER_SCIENCE
PUB_023025,ENGINEERING
PUB_023026,ENGINEERING
PUB_023026,MATERIALS_SCIENCE
PUB_023027,COMPUTER_SCIENCE
PUB_023028,ENGINEERING
PUB_023029,ENGINEERING
PUB_023029,COMPUTER_SCIENCE
PUB_023030,ENGINEERING
PUB_023030,PHYSICS_AND_ASTRONOMY
PUB_023030,COMPUTER_SCIENCE
PUB_023031,ENGINEERING
PUB_023031,COMPUTER_SCIENCE
PUB_023032,ENGINEERING
PUB_023033,COMPUTER_SCIENCE
PUB_023034,ENGINEERING
PUB_023034,COMPUTER_SCIENCE
PUB_023035,ENGINEERING
PUB_023035,COMPUTER_SCIENCE
PUB_023036,ENGINEERING
PUB_023037,COMPUTER_SCIENCE
PUB_023038,COMPUTER_SCIENCE
PUB_023039,COMPUTER_SCIENCE
PUB_023040,COMPUTER_SCIENCE
PUB_023041,ENGINEERING
PUB_023041,COMPUTER_SCIENCE
PUB_023042,COMPUTER_SCIENCE
PUB_023043,COMPUTER_SCIENCE
PUB_023044,COMPUTER_SCIENCE
PUB_023045,ENGINEERING
PUB_023045,COMPUTER_SCIENCE
PUB_023046,ENGINEERING
PUB_023047,ENGINEERING
PUB_023047,COMPUTER_SCIENCE
PUB_023048,ENGINEERING
PUB_023048,MATERIALS_SCIENCE
PUB_023049,COMPUTER_SCIENCE
PUB_023050,ENGINEERING
PUB_023050,COMPUTER_SCIENCE
PUB_023051,ENGINEERING
PUB_023051,MATERIALS_SCIENCE
PUB_023052,ENGINEERING
PUB_023053,COMPUTER_SCIENCE
PUB_023054,COMPUTER_SCIENCE
PUB_023055,ENGINEERING
PUB_023056,ENGINEERING
PUB_023057,ENGINEERING
PUB_023057,ENERGY
PUB_023058,COMPUTER_SCIENCE
PUB_023059,MATERIALS_SCIENCE
PUB_023059,COMPUTER_SCIENCE
PUB_023060,COMPUTER_SCIENCE
PUB_023061,ENGINEERING
PUB_023062,ENGINEERING
PUB_023063,COMPUTER_SCIENCE
PUB_023064,COMPUTER_SCIENCE
PUB_023065,COMPUTER_SCIENCE
PUB_023066,COMPUTER_SCIENCE
PUB_023067,COMPUTER_SCIENCE
PUB_023068,ENGINEERING
PUB_023069,ENGINEERING
PUB_023069,COMPUTER_SCIENCE
PUB_023070,ENGINEERING
PUB_023070,COMPUTER_SCIENCE
PUB_023071,ENGINEERING
PUB_023072,COMPUTER_SCIENCE
PUB_023073,ENGINEERING
PUB_023074,COMPUTER_SCIENCE
PUB_023075,COMPUTER_SCIENCE
PUB_023076,ENGINEERING
PUB_023077,ENGINEERING
PUB_023078,ENGINEERING
PUB_023078,COMPUTER_SCIENCE
PUB_023079,ENGINEERING
PUB_023079,COMPUTER_SCIENCE
PUB_023080,ENGINEERING
PUB_023081,ENGINEERING
PUB_023081,ENERGY
PUB_023082,COMPUTER_SCIENCE
PUB_023083,COMPUTER_SCIENCE
PUB_023084,COMPUTER_SCIENCE
PUB_023085,ENGINEERING
PUB_023086,ENGINEERING
PUB_023087,ENGINEERING
PUB_023087,ENERGY
PUB_023088,COMPUTER_SCIENCE
PUB_023089,COMPUTER_SCIENCE
PUB_023090,COMPUTER_SCIENCE
PUB_023091,ENGINEERING
PUB_023091,MATERIALS_SCIENCE
PUB_023092,COMPUTER_SCIENCE
PUB_023093,COMPUTER_SCIENCE
PUB_023094,ENGINEERING
PUB_023095,COMPUTER_SCIENCE
PUB_023096,ENGINEERING
PUB_023097,COMPUTER_SCIENCE
PUB_023098,COMPUTER_SCIENCE
PUB_023099,ENGINEERING
PUB_023099,COMPUTER_SCIENCE
PUB_023100,COMPUTER_SCIENCE
PUB_023101,ENGINEERING
PUB_023102,ENGINEERING
PUB_023102,COMPUTER_SCIENCE
PUB_023103,COMPUTER_SCIENCE
PUB_023104,ENGINEERING
PUB_023104,COMPUTER_SCIENCE
PUB_023105,ENGINEERING
PUB_023106,COMPUTER_SCIENCE
PUB_023107,ENGINEERING
PUB_023108,COMPUTER_SCIENCE
PUB_023109,ENGINEERING
PUB_023110,ENGINEERING
PUB_023110,COMPUTER_SCIENCE
PUB_023111,ENGINEERING
PUB_023111,PHYSICS_AND_ASTRONOMY
PUB_023111,MATERIALS_SCIENCE
PUB_023112,ENGINEERING
PUB_023112,MATERIALS_SCIENCE
PUB_023113,ENGINEERING
PUB_023114,COMPUTER_SCIENCE
PUB_023115,COMPUTER_SCIENCE
PUB_023116,ENGINEERING
PUB_023116,COMPUTER_SCIENCE
PUB_023117,ENGINEERING
PUB_023117,MATERIALS_SCIENCE
PUB_023118,COMPUTER_SCIENCE
PUB_023119,ENGINEERING
PUB_023119,MATERIALS_SCIENCE
PUB_023120,ENGINEERING
PUB_023121,ENGINEERING
PUB_023122,COMPUTER_SCIENCE
PUB_023123,ENGINEERING
PUB_023123,COMPUTER_SCIENCE
PUB_023124,COMPUTER_SCIENCE
PUB_023125,ENGINEERING
PUB_023125,COMPUTER_SCIENCE
PUB_023126,COMPUTER_SCIENCE
PUB_023127,ENGINEERING
PUB_023127,MATERIALS_SCIENCE
PUB_023128,ENGINEERING
PUB_023128,COMPUTER_SCIENCE
PUB_023129,ENGINEERING
PUB_023130,COMPUTER_SCIENCE
PUB_023131,ENGINEERING
PUB_023131,COMPUTER_SCIENCE
PUB_023132,ENGINEERING
PUB_023133,COMPUTER_SCIENCE
PUB_023134,ENGINEERING
PUB_023134,PHYSICS_AND_ASTRONOMY
PUB_023135,ENGINEERING
PUB_023135,COMPUTER_SCIENCE
PUB_023136,ENGINEERING
PUB_023136,PHYSICS_AND_ASTRONOMY
PUB_023137,COMPUTER_SCIENCE
PUB_023138,COMPUTER_SCIENCE
PUB_023139,ENGINEERING
PUB_023139,COMPUTER_SCIENCE
PUB_023140,ENGINEERING
PUB_023140,COMPUTER_SCIENCE
PUB_023141,ENGINEERING
PUB_023141,COMPUTER_SCIENCE
PUB_023142,ENGINEERING
PUB_023143,COMPUTER_SCIENCE
PUB_023144,ENGINEERING
PUB_023144,MATERIALS_SCIENCE
PUB_023145,COMPUTER_SCIENCE
PUB_023146,ENGINEERING
PUB_023147,COMPUTER_SCIENCE
PUB_023148,COMPUTER_SCIENCE
PUB_023149,ENGINEERING
PUB_023150,ENGINEERING
PUB_023151,COMPUTER_SCIENCE
PUB_023152,ENGINEERING
PUB_023153,COMPUTER_SCIENCE
PUB_023154,ENGINEERING
PUB_023154,COMPUTER_SCIENCE
PUB_023155,ENGINEERING
PUB_023155,COMPUTER_SCIENCE
PUB_023156,COMPUTER_SCIENCE
PUB_023157,COMPUTER_SCIENCE
PUB_023158,COMPUTER_SCIENCE
PUB_023159,ENGINEERING
PUB_023160,ENGINEERING
PUB_023160,COMPUTER_SCIENCE
PUB_023161,COMPUTER_SCIENCE
PUB_023162,ENGINEERING
PUB_023162,COMPUTER_SCIENCE
PUB_023163,COMPUTER_SCIENCE
PUB_023164,COMPUTER_SCIENCE
PUB_023165,ENGINEERING
PUB_023165,COMPUTER_SCIENCE
PUB_023166,ENGINEERING
PUB_023167,COMPUTER_SCIENCE
PUB_023168,COMPUTER_SCIENCE
PUB_023169,COMPUTER_SCIENCE
PUB_023170,ENGINEERING
PUB_023170,COMPUTER_SCIENCE
PUB_023171,ENGINEERING
PUB_023171,COMPUTER_SCIENCE
PUB_023172,ENGINEERING
PUB_023173,ENGINEERING
PUB_023174,ENGINEERING
PUB_023174,COMPUTER_SCIENCE
PUB_023175,ENGINEERING
PUB_023176,ENGINEERING
PUB_023177,ENGINEERING
PUB_023178,ENGINEERING
PUB_023178,COMPUTER_SCIENCE
PUB_023179,COMPUTER_SCIENCE
PUB_023180,COMPUTER_SCIENCE
PUB_023181,ENGINEERING
PUB_023181,COMPUTER_SCIENCE
PUB_023182,COMPUTER_SCIENCE
PUB_023183,COMPUTER_SCIENCE
PUB_023184,ENGINEERING
PUB_023184,COMPUTER_SCIENCE
PUB_023185,ENGINEERING
PUB_023185,COMPUTER_SCIENCE
PUB_023186,COMPUTER_SCIENCE
PUB_023187,ENGINEERING
PUB_023188,ENGINEERING
PUB_023188,COMPUTER_SCIENCE
PUB_023189,COMPUTER_SCIENCE
PUB_023190,ENGINEERING
PUB_023190,COMPUTER_SCIENCE
PUB_023191,COMPUTER_SCIENCE
PUB_023192,COMPUTER_SCIENCE
PUB_023193,ENGINEERING
PUB_023193,COMPUTER_SCIENCE
PUB_023194,ENGINEERING
PUB_023194,ENERGY
PUB_023195,ENGINEERING
PUB_023195,COMPUTER_SCIENCE
PUB_023196,ENGINEERING
PUB_023196,COMPUTER_SCIENCE
PUB_023197,ENGINEERING
PUB_023198,COMPUTER_SCIENCE
PUB_023199,ENGINEERING
PUB_023200,COMPUTER_SCIENCE
PUB_023201,COMPUTER_SCIENCE
PUB_023202,ENGINEERING
PUB_023203,COMPUTER_SCIENCE
PUB_023204,ENGINEERING
PUB_023205,ENGINEERING
PUB_023206,ENGINEERING
PUB_023206,COMPUTER_SCIENCE
PUB_023207,PHYSICS_AND_ASTRONOMY
PUB_023207,COMPUTER_SCIENCE
PUB_023208,ENGINEERING
PUB_023208,COMPUTER_SCIENCE
PUB_023209,ENGINEERING
PUB_023209,COMPUTER_SCIENCE
PUB_023210,COMPUTER_SCIENCE
PUB_023211,COMPUTER_SCIENCE
PUB_023212,COMPUTER_SCIENCE
PUB_023213,ENGINEERING
PUB_023214,COMPUTER_SCIENCE
PUB_023215,COMPUTER_SCIENCE
PUB_023216,ENGINEERING
PUB_023216,COMPUTER_SCIENCE
PUB_023217,COMPUTER_SCIENCE
PUB_023218,COMPUTER_SCIENCE
PUB_023219,ENGINEERING
PUB_023220,ENGINEERING
PUB_023221,COMPUTER_SCIENCE
PUB_023222,COMPUTER_SCIENCE
PUB_023223,ENGINEERING
PUB_023223,COMPUTER_SCIENCE
PUB_023224,ENGINEERING
PUB_023224,MATERIALS_SCIENCE
PUB_023225,COMPUTER_SCIENCE
PUB_023226,COMPUTER_SCIENCE
PUB_023227,COMPUTER_SCIENCE
PUB_023228,ENGINEERING
PUB_023229,COMPUTER_SCIENCE
PUB_023230,ENGINEERING
PUB_023230,COMPUTER_SCIENCE
PUB_023231,ENGINEERING
PUB_023231,COMPUTER_SCIENCE
PUB_023231,MATERIALS_SCIENCE
PUB_023232,ENGINEERING
PUB_023232,COMPUTER_SCIENCE
PUB_023233,ENGINEERING
PUB_023233,COMPUTER_SCIENCE
PUB_023234,COMPUTER_SCIENCE
PUB_023235,COMPUTER_SCIENCE
PUB_023236,ENGINEERING
PUB_023237,COMPUTER_SCIENCE
PUB_023238,ENGINEERING
PUB_023239,ENGINEERING
PUB_023239,COMPUTER_SCIENCE
PUB_023240,COMPUTER_SCIENCE
PUB_023241,COMPUTER_SCIENCE
PUB_023242,COMPUTER_SCIENCE
PUB_023243,COMPUTER_SCIENCE
PUB_023244,ENGINEERING
PUB_023244,COMPUTER_SCIENCE
PUB_023245,ENGINEERING
PUB_023245,COMPUTER_SCIENCE
PUB_023246,ENGINEERING
PUB_023247,ENGINEERING
PUB_023247,COMPUTER_SCIENCE
PUB_023248,COMPUTER_SCIENCE
PUB_023249,COMPUTER_SCIENCE
PUB_023250,ENGINEERING
PUB_023250,MATERIALS_SCIENCE
PUB_023251,COMPUTER_SCIENCE
PUB_023252,ENGINEERING
PUB_023253,ENGINEERING
PUB_023253,COMPUTER_SCIENCE
PUB_023254,ENGINEERING
PUB_023255,PHYSICS_AND_ASTRONOMY
PUB_023255,COMPUTER_SCIENCE
PUB_023256,ENGINEERING
PUB_023257,ENGINEERING
PUB_023257,COMPUTER_SCIENCE
PUB_023258,COMPUTER_SCIENCE
PUB_023259,ENGINEERING
PUB_023259,ENERGY
PUB_023260,ENGINEERING
PUB_023260,COMPUTER_SCIENCE
PUB_023261,ENGINEERING
PUB_023261,COMPUTER_SCIENCE
PUB_023262,COMPUTER_SCIENCE
PUB_023263,COMPUTER_SCIENCE
PUB_023264,ENGINEERING
PUB_023265,COMPUTER_SCIENCE
PUB_023266,COMPUTER_SCIENCE
PUB_023267,COMPUTER_SCIENCE
PUB_023268,ENGINEERING
PUB_023268,COMPUTER_SCIENCE
PUB_023269,MATHEMATICS
PUB_023269,COMPUTER_SCIENCE
PUB_023270,COMPUTER_SCIENCE
PUB_023271,ENGINEERING
PUB_023272,COMPUTER_SCIENCE
PUB_023273,ENGINEERING
PUB_023273,COMPUTER_SCIENCE
PUB_023274,ENGINEERING
PUB_023274,COMPUTER_SCIENCE
PUB_023275,ENGINEERING
PUB_023275,COMPUTER_SCIENCE
PUB_023276,COMPUTER_SCIENCE
PUB_023277,ENGINEERING
PUB_023278,COMPUTER_SCIENCE
PUB_023279,ENGINEERING
PUB_023280,COMPUTER_SCIENCE
PUB_023281,COMPUTER_SCIENCE
PUB_023282,ENGINEERING
PUB_023283,ENGINEERING
PUB_023283,MATERIALS_SCIENCE
PUB_023284,ENGINEERING
PUB_023284,COMPUTER_SCIENCE
PUB_023285,COMPUTER_SCIENCE
PUB_023286,ENGINEERING
PUB_023286,COMPUTER_SCIENCE
PUB_023287,COMPUTER_SCIENCE
PUB_023288,ENGINEERING
PUB_023289,COMPUTER_SCIENCE
PUB_023290,COMPUTER_SCIENCE
PUB_023291,COMPUTER_SCIENCE
PUB_023292,ENGINEERING
PUB_023292,COMPUTER_SCIENCE
PUB_023293,ENGINEERING
PUB_023293,PHYSICS_AND_ASTRONOMY
PUB_023294,ENGINEERING
PUB_023295,COMPUTER_SCIENCE
PUB_023296,ENGINEERING
PUB_023296,COMPUTER_SCIENCE
PUB_023297,ENGINEERING
PUB_023298,ENGINEERING
PUB_023299,ENGINEERING
PUB_023299,COMPUTER_SCIENCE
PUB_023300,COMPUTER_SCIENCE
PUB_023301,COMPUTER_SCIENCE
PUB_023302,ENGINEERING
PUB_023302,COMPUTER_SCIENCE
PUB_023303,ENGINEERING
PUB_023303,COMPUTER_SCIENCE
PUB_023304,ENGINEERING
PUB_023304,COMPUTER_SCIENCE
PUB_023305,ENGINEERING
PUB_023305,MATERIALS_SCIENCE
PUB_023306,ENGINEERING
PUB_023306,COMPUTER_SCIENCE
PUB_023307,ENGINEERING
PUB_023308,ENGINEERING
PUB_023308,MATERIALS_SCIENCE
PUB_023309,ENGINEERING
PUB_023310,COMPUTER_SCIENCE
PUB_023311,ENGINEERING
PUB_023311,COMPUTER_SCIENCE
PUB_023312,ENGINEERING
PUB_023312,COMPUTER_SCIENCE
PUB_023313,COMPUTER_SCIENCE
PUB_023314,ENGINEERING
PUB_023315,ENGINEERING
PUB_023315,COMPUTER_SCIENCE
PUB_023316,ENGINEERING
PUB_023316,COMPUTER_SCIENCE
PUB_023317,ENGINEERING
PUB_023317,COMPUTER_SCIENCE
PUB_023318,COMPUTER_SCIENCE
PUB_023319,ENGINEERING
PUB_023320,ENGINEERING
PUB_023320,COMPUTER_SCIENCE
PUB_023321,COMPUTER_SCIENCE
PUB_023322,COMPUTER_SCIENCE
PUB_023323,ENGINEERING
PUB_023324,COMPUTER_SCIENCE
PUB_023325,MATHEMATICS
PUB_023325,MATERIALS_SCIENCE
PUB_023325,COMPUTER_SCIENCE
PUB_023326,ENGINEERING
PUB_023326,COMPUTER_SCIENCE
PUB_023327,ENGINEERING
PUB_023327,COMPUTER_SCIENCE
PUB_023328,ENGINEERING
PUB_023328,COMPUTER_SCIENCE
PUB_023329,ENGINEERING
PUB_023330,COMPUTER_SCIENCE
PUB_023331,ENGINEERING
PUB_023332,PHYSICS_AND_ASTRONOMY
PUB_023332,COMPUTER_SCIENCE
PUB_023333,ENGINEERING
PUB_023334,COMPUTER_SCIENCE
PUB_023335,ENGINEERING
PUB_023335,MATERIALS_SCIENCE
PUB_023336,COMPUTER_SCIENCE
PUB_023337,ENGINEERING
PUB_023338,COMPUTER_SCIENCE
PUB_023339,ENGINEERING
PUB_023340,ENGINEERING
PUB_023341,ENGINEERING
PUB_023342,ENGINEERING
PUB_023343,ENGINEERING
PUB_023343,MATERIALS_SCIENCE
PUB_023344,COMPUTER_SCIENCE
PUB_023345,ENGINEERING
PUB_023345,COMPUTER_SCIENCE
PUB_023346,ENGINEERING
PUB_023346,COMPUTER_SCIENCE
PUB_023347,COMPUTER_SCIENCE
PUB_023348,ENGINEERING
PUB_023348,PHYSICS_AND_ASTRONOMY
PUB_023349,ENGINEERING
PUB_023350,ENGINEERING
PUB_023351,COMPUTER_SCIENCE
PUB_023352,COMPUTER_SCIENCE
PUB_023353,ENGINEERING
PUB_023353,MATERIALS_SCIENCE
PUB_023354,ENGINEERING
PUB_023354,MATERIALS_SCIENCE
PUB_023355,ENGINEERING
PUB_023355,COMPUTER_SCIENCE
PUB_023356,COMPUTER_SCIENCE
PUB_023357,COMPUTER_SCIENCE
PUB_023358,ENGINEERING
PUB_023358,COMPUTER_SCIENCE
PUB_023359,COMPUTER_SCIENCE
PUB_023360,ENGINEERING
PUB_023361,ENGINEERING
PUB_023362,ENGINEERING
PUB_023363,ENGINEERING
PUB_023364,ENGINEERING
PUB_023365,ENGINEERING
PUB_023366,ENGINEERING
PUB_023367,ENGINEERING
PUB_023368,ENGINEERING
PUB_023369,COMPUTER_SCIENCE
PUB_023370,ENGINEERING
PUB_023370,COMPUTER_SCIENCE
PUB_023371,ENGINEERING
PUB_023372,ENGINEERING
PUB_023373,ENGINEERING
PUB_023374,ENGINEERING
PUB_023374,MATERIALS_SCIENCE
PUB_023375,COMPUTER_SCIENCE
PUB_023376,ENGINEERING
PUB_023376,MATERIALS_SCIENCE
PUB_023377,ENGINEERING
PUB_023378,ENGINEERING
PUB_023378,COMPUTER_SCIENCE
PUB_023379,COMPUTER_SCIENCE
PUB_023380,ENGINEERING
PUB_023380,COMPUTER_SCIENCE
PUB_023381,ENGINEERING
PUB_023382,ENGINEERING
PUB_023382,COMPUTER_SCIENCE
PUB_023383,COMPUTER_SCIENCE
PUB_023384,COMPUTER_SCIENCE
PUB_023385,ENGINEERING
PUB_023386,COMPUTER_SCIENCE
PUB_023387,ENGINEERING
PUB_023387,COMPUTER_SCIENCE
PUB_023388,ENGINEERING
PUB_023388,PHYSICS_AND_ASTRONOMY
PUB_023389,ENGINEERING
PUB_023390,ENGINEERING
PUB_023391,COMPUTER_SCIENCE
PUB_023392,ENGINEERING
PUB_023392,COMPUTER_SCIENCE
PUB_023393,ENGINEERING
PUB_023393,COMPUTER_SCIENCE
PUB_023394,ENGINEERING
PUB_023395,COMPUTER_SCIENCE
PUB_023396,ENGINEERING
PUB_023396,COMPUTER_SCIENCE
PUB_023397,ENGINEERING
PUB_023397,COMPUTER_SCIENCE
PUB_023398,COMPUTER_SCIENCE
PUB_023399,ENGINEERING
PUB_023399,COMPUTER_SCIENCE
PUB_023400,ENGINEERING
PUB_023400,MATERIALS_SCIENCE
PUB_023401,ENGINEERING
PUB_023402,ENGINEERING
PUB_023402,COMPUTER_SCIENCE
PUB_023403,COMPUTER_SCIENCE
PUB_023404,ENGINEERING
PUB_023404,MATERIALS_SCIENCE
PUB_023405,ENGINEERING
PUB_023406,ENGINEERING
PUB_023406,PHYSICS_AND_ASTRONOMY
PUB_023407,COMPUTER_SCIENCE
PUB_023408,COMPUTER_SCIENCE
PUB_023409,COMPUTER_SCIENCE
PUB_023410,ENGINEERING
PUB_023410,COMPUTER_SCIENCE
PUB_023411,ENGINEERING
PUB_023412,ENGINEERING
PUB_023413,COMPUTER_SCIENCE
PUB_023414,COMPUTER_SCIENCE
PUB_023415,ENGINEERING
PUB_023416,ENGINEERING
PUB_023417,ENGINEERING
PUB_023417,COMPUTER_SCIENCE
PUB_023418,ENGINEERING
PUB_023418,COMPUTER_SCIENCE
PUB_023419,COMPUTER_SCIENCE
PUB_023420,ENGINEERING
PUB_023420,COMPUTER_SCIENCE
PUB_023421,ENGINEERING
PUB_023421,COMPUTER_SCIENCE
PUB_023422,COMPUTER_SCIENCE
PUB_023423,COMPUTER_SCIENCE
PUB_023424,COMPUTER_SCIENCE
PUB_023425,ENGINEERING
PUB_023425,COMPUTER_SCIENCE
PUB_023426,COMPUTER_SCIENCE
PUB_023427,COMPUTER_SCIENCE
PUB_023428,PHYSICS_AND_ASTRONOMY
PUB_023428,COMPUTER_SCIENCE
PUB_023429,ENGINEERING
PUB_023429,COMPUTER_SCIENCE
PUB_023430,ENGINEERING
PUB_023430,COMPUTER_SCIENCE
PUB_023431,COMPUTER_SCIENCE
PUB_023432,COMPUTER_SCIENCE
PUB_023433,ENGINEERING
PUB_023433,COMPUTER_SCIENCE
PUB_023434,ENGINEERING
PUB_023434,COMPUTER_SCIENCE
PUB_023435,ENGINEERING
PUB_023435,COMPUTER_SCIENCE
PUB_023436,ENGINEERING
PUB_023437,ENGINEERING
PUB_023437,MATERIALS_SCIENCE
PUB_023438,ENGINEERING
PUB_023438,MATERIALS_SCIENCE
PUB_023439,ENGINEERING
PUB_023439,MATERIALS_SCIENCE
PUB_023440,ENGINEERING
PUB_023440,COMPUTER_SCIENCE
PUB_023441,ENGINEERING
PUB_023441,COMPUTER_SCIENCE
PUB_023442,ENGINEERING
PUB_023443,ENGINEERING
PUB_023443,COMPUTER_SCIENCE
PUB_023444,ENGINEERING
PUB_023444,COMPUTER_SCIENCE
PUB_023445,COMPUTER_SCIENCE
PUB_023446,ENGINEERING
PUB_023447,COMPUTER_SCIENCE
PUB_023448,COMPUTER_SCIENCE
PUB_023449,ENGINEERING
PUB_023449,COMPUTER_SCIENCE
PUB_023450,COMPUTER_SCIENCE
PUB_023451,ENGINEERING
PUB_023452,COMPUTER_SCIENCE
PUB_023453,COMPUTER_SCIENCE
PUB_023454,COMPUTER_SCIENCE
PUB_023455,PHYSICS_AND_ASTRONOMY
PUB_023455,COMPUTER_SCIENCE
PUB_023456,ENGINEERING
PUB_023456,COMPUTER_SCIENCE
PUB_023457,ENGINEERING
PUB_023458,COMPUTER_SCIENCE
PUB_023459,COMPUTER_SCIENCE
PUB_023460,ENGINEERING
PUB_023460,COMPUTER_SCIENCE
PUB_023461,COMPUTER_SCIENCE
PUB_023462,ENGINEERING
PUB_023462,COMPUTER_SCIENCE
PUB_023463,ENGINEERING
PUB_023463,COMPUTER_SCIENCE
PUB_023464,ENGINEERING
PUB_023465,ENGINEERING
PUB_023466,ENGINEERING
PUB_023466,COMPUTER_SCIENCE
PUB_023467,ENGINEERING
PUB_023467,COMPUTER_SCIENCE
PUB_023468,COMPUTER_SCIENCE
PUB_023469,COMPUTER_SCIENCE
PUB_023470,ENGINEERING
PUB_023470,COMPUTER_SCIENCE
PUB_023471,ENGINEERING
PUB_023471,ENERGY
PUB_023471,COMPUTER_SCIENCE
PUB_023472,COMPUTER_SCIENCE
PUB_023473,ENGINEERING
PUB_023473,MATERIALS_SCIENCE
PUB_023474,COMPUTER_SCIENCE
PUB_023475,ENGINEERING
PUB_023475,COMPUTER_SCIENCE
PUB_023476,ENGINEERING
PUB_023476,MATERIALS_SCIENCE
PUB_023477,ENGINEERING
PUB_023478,ENGINEERING
PUB_023478,COMPUTER_SCIENCE
PUB_023479,ENGINEERING
PUB_023479,COMPUTER_SCIENCE
PUB_023480,COMPUTER_SCIENCE
PUB_023481,COMPUTER_SCIENCE
PUB_023482,COMPUTER_SCIENCE
PUB_023483,ENGINEERING
PUB_023484,COMPUTER_SCIENCE
PUB_023485,COMPUTER_SCIENCE
PUB_023486,ENGINEERING
PUB_023486,MATERIALS_SCIENCE
PUB_023487,ENGINEERING
PUB_023488,ENGINEERING
PUB_023488,PHYSICS_AND_ASTRONOMY
PUB_023489,ENGINEERING
PUB_023490,PHYSICS_AND_ASTRONOMY
PUB_023490,COMPUTER_SCIENCE
PUB_023491,COMPUTER_SCIENCE
PUB_023492,ENGINEERING
PUB_023492,ENERGY
PUB_023493,ENGINEERING
PUB_023494,ENGINEERING
PUB_023494,COMPUTER_SCIENCE
PUB_023495,COMPUTER_SCIENCE
PUB_023496,ENGINEERING
PUB_023497,ENGINEERING
PUB_023498,COMPUTER_SCIENCE
PUB_023499,COMPUTER_SCIENCE
PUB_023500,ENGINEERING
PUB_023501,COMPUTER_SCIENCE
PUB_023502,COMPUTER_SCIENCE
PUB_023503,ENGINEERING
PUB_023504,COMPUTER_SCIENCE
PUB_023505,ENGINEERING
PUB_023506,ENGINEERING
PUB_023507,ENGINEERING
PUB_023508,COMPUTER_SCIENCE
PUB_023509,COMPUTER_SCIENCE
PUB_023510,ENGINEERING
PUB_023511,ENGINEERING
PUB_023512,COMPUTER_SCIENCE
PUB_023513,COMPUTER_SCIENCE
PUB_023514,COMPUTER_SCIENCE
PUB_023515,ENGINEERING
PUB_023516,ENGINEERING
PUB_023517,COMPUTER_SCIENCE
PUB_023518,ENGINEERING
PUB_023519,COMPUTER_SCIENCE
PUB_023520,ENGINEERING
PUB_023520,COMPUTER_SCIENCE
PUB_023521,ENGINEERING
PUB_023521,COMPUTER_SCIENCE
PUB_023522,ENGINEERING
PUB_023522,COMPUTER_SCIENCE
PUB_023523,ENGINEERING
PUB_023524,ENGINEERING
PUB_023525,COMPUTER_SCIENCE
PUB_023526,ENGINEERING
PUB_023526,COMPUTER_SCIENCE
PUB_023527,ENGINEERING
PUB_023528,COMPUTER_SCIENCE
PUB_023529,ENGINEERING
PUB_023529,MATERIALS_SCIENCE
PUB_023530,ENGINEERING
PUB_023530,COMPUTER_SCIENCE
PUB_023531,COMPUTER_SCIENCE
PUB_023532,ENGINEERING
PUB_023532,COMPUTER_SCIENCE
PUB_023533,COMPUTER_SCIENCE
PUB_023534,ENGINEERING
PUB_023534,COMPUTER_SCIENCE
PUB_023535,ENGINEERING
PUB_023535,COMPUTER_SCIENCE
PUB_023536,ENGINEERING
PUB_023537,COMPUTER_SCIENCE
PUB_023538,ENGINEERING
PUB_023538,COMPUTER_SCIENCE
PUB_023539,ENGINEERING
PUB_023540,ENGINEERING
PUB_023540,MATERIALS_SCIENCE
PUB_023541,ENGINEERING
PUB_023541,COMPUTER_SCIENCE
PUB_023542,ENGINEERING
PUB_023543,ENGINEERING
PUB_023544,COMPUTER_SCIENCE
PUB_023545,ENGINEERING
PUB_023545,COMPUTER_SCIENCE
PUB_023546,ENGINEERING
PUB_023546,COMPUTER_SCIENCE
PUB_023547,ENGINEERING
PUB_023548,ENGINEERING
PUB_023549,ENGINEERING
PUB_023549,MATERIALS_SCIENCE
PUB_023550,ENGINEERING
PUB_023550,COMPUTER_SCIENCE
PUB_023551,ENGINEERING
PUB_023552,ENGINEERING
PUB_023552,COMPUTER_SCIENCE
PUB_023553,COMPUTER_SCIENCE
PUB_023554,ENGINEERING
PUB_023554,COMPUTER_SCIENCE
PUB_023555,COMPUTER_SCIENCE
PUB_023556,ENGINEERING
PUB_023556,COMPUTER_SCIENCE
PUB_023557,PHYSICS_AND_ASTRONOMY
PUB_023557,COMPUTER_SCIENCE
PUB_023558,COMPUTER_SCIENCE
PUB_023559,ENGINEERING
PUB_023559,MATERIALS_SCIENCE
PUB_023560,COMPUTER_SCIENCE
PUB_023561,COMPUTER_SCIENCE
PUB_023562,COMPUTER_SCIENCE
PUB_023563,ENGINEERING
PUB_023564,ENGINEERING
PUB_023564,MATERIALS_SCIENCE
PUB_023565,ENGINEERING
PUB_023566,ENGINEERING
PUB_023566,MATERIALS_SCIENCE
PUB_023567,ENGINEERING
PUB_023567,MATERIALS_SCIENCE
PUB_023568,ENGINEERING
PUB_023568,COMPUTER_SCIENCE
PUB_023569,COMPUTER_SCIENCE
PUB_023570,ENGINEERING
PUB_023571,COMPUTER_SCIENCE
PUB_023572,COMPUTER_SCIENCE
PUB_023573,ENGINEERING
PUB_023574,COMPUTER_SCIENCE
PUB_023575,ENGINEERING
PUB_023576,ENGINEERING
PUB_023576,PHYSICS_AND_ASTRONOMY
PUB_023576,COMPUTER_SCIENCE
PUB_023577,COMPUTER_SCIENCE
PUB_023578,ENGINEERING
PUB_023579,ENGINEERING
PUB_023580,COMPUTER_SCIENCE
PUB_023581,ENGINEERING
PUB_023582,COMPUTER_SCIENCE
PUB_023583,COMPUTER_SCIENCE
PUB_023584,ENGINEERING
PUB_023585,COMPUTER_SCIENCE
PUB_023586,ENGINEERING
PUB_023586,COMPUTER_SCIENCE
PUB_023587,COMPUTER_SCIENCE
PUB_023588,COMPUTER_SCIENCE
PUB_023589,COMPUTER_SCIENCE
PUB_023590,ENGINEERING
PUB_023590,COMPUTER_SCIENCE
PUB_023591,ENGINEERING
PUB_023592,ENGINEERING
PUB_023593,ENGINEERING
PUB_023593,ENERGY
PUB_023594,ENGINEERING
PUB_023595,ENGINEERING
PUB_023596,ENGINEERING
PUB_023597,COMPUTER_SCIENCE
PUB_023598,ENGINEERING
PUB_023598,MATERIALS_SCIENCE
PUB_023599,ENGINEERING
PUB_023600,ENGINEERING
PUB_023600,COMPUTER_SCIENCE
PUB_023601,ENGINEERING
PUB_023602,COMPUTER_SCIENCE
PUB_023603,COMPUTER_SCIENCE
PUB_023604,ENGINEERING
PUB_023604,COMPUTER_SCIENCE
PUB_023605,COMPUTER_SCIENCE
PUB_023606,ENGINEERING
PUB_023606,COMPUTER_SCIENCE
PUB_023607,ENGINEERING
PUB_023607,COMPUTER_SCIENCE
PUB_023608,COMPUTER_SCIENCE
PUB_023609,COMPUTER_SCIENCE
PUB_023610,COMPUTER_SCIENCE
PUB_023611,COMPUTER_SCIENCE
PUB_023612,COMPUTER_SCIENCE
PUB_023613,ENGINEERING
PUB_023614,ENGINEERING
PUB_023614,COMPUTER_SCIENCE
PUB_023615,COMPUTER_SCIENCE
PUB_023616,ENGINEERING
PUB_023616,COMPUTER_SCIENCE
PUB_023617,COMPUTER_SCIENCE
PUB_023618,COMPUTER_SCIENCE
PUB_023619,COMPUTER_SCIENCE
PUB_023620,ENGINEERING
PUB_023620,COMPUTER_SCIENCE
PUB_023621,ENGINEERING
PUB_023621,COMPUTER_SCIENCE
PUB_023622,ENGINEERING
PUB_023623,ENGINEERING
PUB_023623,COMPUTER_SCIENCE
PUB_023624,COMPUTER_SCIENCE
PUB_023625,ENGINEERING
PUB_023625,MATERIALS_SCIENCE
PUB_023626,COMPUTER_SCIENCE
PUB_023627,COMPUTER_SCIENCE
PUB_023628,COMPUTER_SCIENCE
PUB_023629,ENGINEERING
PUB_023629,COMPUTER_SCIENCE
PUB_023630,COMPUTER_SCIENCE
PUB_023631,ENGINEERING
PUB_023632,COMPUTER_SCIENCE
PUB_023633,COMPUTER_SCIENCE
PUB_023634,ENGINEERING
PUB_023634,COMPUTER_SCIENCE
PUB_023635,ENGINEERING
PUB_023636,COMPUTER_SCIENCE
PUB_023637,ENGINEERING
PUB_023637,COMPUTER_SCIENCE
PUB_023638,COMPUTER_SCIENCE
PUB_023639,ENGINEERING
PUB_023639,COMPUTER_SCIENCE
PUB_023640,ENGINEERING
PUB_023640,MATERIALS_SCIENCE
PUB_023641,ENGINEERING
PUB_023641,COMPUTER_SCIENCE
PUB_023642,COMPUTER_SCIENCE
PUB_023643,COMPUTER_SCIENCE
PUB_023644,ENGINEERING
PUB_023645,COMPUTER_SCIENCE
PUB_023646,COMPUTER_SCIENCE
PUB_023647,COMPUTER_SCIENCE
PUB_023648,ENGINEERING
PUB_023648,COMPUTER_SCIENCE
PUB_023649,COMPUTER_SCIENCE
PUB_023650,COMPUTER_SCIENCE
PUB_023651,ENGINEERING
PUB_023651,MATERIALS_SCIENCE
PUB_023652,COMPUTER_SCIENCE
PUB_023653,ENGINEERING
PUB_023654,ENGINEERING
PUB_023655,ENGINEERING
PUB_023655,COMPUTER_SCIENCE
PUB_023656,COMPUTER_SCIENCE
PUB_023657,COMPUTER_SCIENCE
PUB_023658,ENGINEERING
PUB_023658,COMPUTER_SCIENCE
PUB_023659,ENGINEERING
PUB_023659,COMPUTER_SCIENCE
PUB_023660,COMPUTER_SCIENCE
PUB_023661,ENGINEERING
PUB_023662,ENGINEERING
PUB_023663,ENGINEERING
PUB_023663,COMPUTER_SCIENCE
PUB_023664,ENGINEERING
PUB_023665,COMPUTER_SCIENCE
PUB_023666,ENGINEERING
PUB_023666,MATERIALS_SCIENCE
PUB_023667,ENGINEERING
PUB_023668,COMPUTER_SCIENCE
PUB_023669,COMPUTER_SCIENCE
PUB_023670,ENGINEERING
PUB_023671,COMPUTER_SCIENCE
PUB_023672,COMPUTER_SCIENCE
PUB_023673,COMPUTER_SCIENCE
PUB_023674,ENGINEERING
PUB_023674,COMPUTER_SCIENCE
PUB_023675,COMPUTER_SCIENCE
PUB_023676,ENGINEERING
PUB_023677,COMPUTER_SCIENCE
PUB_023678,COMPUTER_SCIENCE
PUB_023679,COMPUTER_SCIENCE
PUB_023680,COMPUTER_SCIENCE
PUB_023681,ENGINEERING
PUB_023682,COMPUTER_SCIENCE
PUB_023683,COMPUTER_SCIENCE
PUB_023684,COMPUTER_SCIENCE
PUB_023685,ENGINEERING
PUB_023686,COMPUTER_SCIENCE
PUB_023687,ENGINEERING
PUB_023687,COMPUTER_SCIENCE
PUB_023688,ENGINEERING
PUB_023688,COMPUTER_SCIENCE
PUB_023689,ENGINEERING
PUB_023690,ENGINEERING
PUB_023690,MATERIALS_SCIENCE
PUB_023691,ENGINEERING
PUB_023691,MATERIALS_SCIENCE
PUB_023692,ENGINEERING
PUB_023693,COMPUTER_SCIENCE
PUB_023694,ENGINEERING
PUB_023694,COMPUTER_SCIENCE
PUB_023695,COMPUTER_SCIENCE
PUB_023696,ENGINEERING
PUB_023696,PHYSICS_AND_ASTRONOMY
PUB_023697,ENGINEERING
PUB_023697,ENERGY
PUB_023698,ENGINEERING
PUB_023699,COMPUTER_SCIENCE
PUB_023700,ENGINEERING
PUB_023701,ENGINEERING
PUB_023702,COMPUTER_SCIENCE
PUB_023703,ENGINEERING
PUB_023703,COMPUTER_SCIENCE
PUB_023704,ENGINEERING
PUB_023704,COMPUTER_SCIENCE
PUB_023705,ENGINEERING
PUB_023705,COMPUTER_SCIENCE
PUB_023706,ENGINEERING
PUB_023706,COMPUTER_SCIENCE
PUB_023707,COMPUTER_SCIENCE
PUB_023708,COMPUTER_SCIENCE
PUB_023709,COMPUTER_SCIENCE
PUB_023710,ENGINEERING
PUB_023710,COMPUTER_SCIENCE
PUB_023711,COMPUTER_SCIENCE
PUB_023712,ENGINEERING
PUB_023713,ENGINEERING
PUB_023714,ENGINEERING
PUB_023714,COMPUTER_SCIENCE
PUB_023715,COMPUTER_SCIENCE
PUB_023716,COMPUTER_SCIENCE
PUB_023717,ENGINEERING
PUB_023717,COMPUTER_SCIENCE
PUB_023718,ENGINEERING
PUB_023719,ENGINEERING
PUB_023720,ENGINEERING
PUB_023720,MATERIALS_SCIENCE
PUB_023721,COMPUTER_SCIENCE
PUB_023722,ENGINEERING
PUB_023723,ENGINEERING
PUB_023724,ENGINEERING
PUB_023725,ENGINEERING
PUB_023726,ENGINEERING
PUB_023727,ENGINEERING
PUB_023728,ENGINEERING
PUB_023728,MATERIALS_SCIENCE
PUB_023729,ENGINEERING
PUB_023730,ENGINEERING
PUB_023731,ENGINEERING
PUB_023731,COMPUTER_SCIENCE
PUB_023732,ENGINEERING
PUB_023732,ENERGY
PUB_023733,MATHEMATICS
PUB_023733,COMPUTER_SCIENCE
PUB_023734,ENGINEERING
PUB_023734,COMPUTER_SCIENCE
PUB_023735,COMPUTER_SCIENCE
PUB_023736,ENGINEERING
PUB_023737,ENGINEERING
PUB_023737,COMPUTER_SCIENCE
PUB_023738,PHYSICS_AND_ASTRONOMY
PUB_023738,COMPUTER_SCIENCE
PUB_023739,PHYSICS_AND_ASTRONOMY
PUB_023739,COMPUTER_SCIENCE
PUB_023740,ENGINEERING
PUB_023741,COMPUTER_SCIENCE
PUB_023742,PHYSICS_AND_ASTRONOMY
PUB_023742,COMPUTER_SCIENCE
PUB_023743,PHYSICS_AND_ASTRONOMY
PUB_023743,COMPUTER_SCIENCE
PUB_023744,COMPUTER_SCIENCE
PUB_023745,ENGINEERING
PUB_023745,COMPUTER_SCIENCE
PUB_023746,COMPUTER_SCIENCE
PUB_023747,ENGINEERING
PUB_023747,COMPUTER_SCIENCE
PUB_023748,COMPUTER_SCIENCE
PUB_023749,ENGINEERING
PUB_023750,ENGINEERING
PUB_023750,COMPUTER_SCIENCE
PUB_023751,ENGINEERING
PUB_023752,COMPUTER_SCIENCE
PUB_023753,COMPUTER_SCIENCE
PUB_023754,ENGINEERING
PUB_023754,COMPUTER_SCIENCE
PUB_023755,COMPUTER_SCIENCE
PUB_023756,COMPUTER_SCIENCE
PUB_023757,COMPUTER_SCIENCE
PUB_023758,ENGINEERING
PUB_023759,ENGINEERING
PUB_023760,ENGINEERING
PUB_023761,ENGINEERING
PUB_023761,ENERGY
PUB_023762,COMPUTER_SCIENCE
PUB_023763,COMPUTER_SCIENCE
PUB_023764,COMPUTER_SCIENCE
PUB_023765,ENGINEERING
PUB_023766,PHYSICS_AND_ASTRONOMY
PUB_023766,COMPUTER_SCIENCE
PUB_023767,ENGINEERING
PUB_023767,MATERIALS_SCIENCE
PUB_023768,ENGINEERING
PUB_023768,MATERIALS_SCIENCE
PUB_023769,ENGINEERING
PUB_023770,ENGINEERING
PUB_023770,PHYSICS_AND_ASTRONOMY
PUB_023770,COMPUTER_SCIENCE
PUB_023771,ENGINEERING
PUB_023772,ENGINEERING
PUB_023772,COMPUTER_SCIENCE
PUB_023773,COMPUTER_SCIENCE
PUB_023774,COMPUTER_SCIENCE
PUB_023775,ENGINEERING
PUB_023776,ENGINEERING
PUB_023777,COMPUTER_SCIENCE
PUB_023778,ENGINEERING
PUB_023779,COMPUTER_SCIENCE
PUB_023780,MATHEMATICS
PUB_023780,MATERIALS_SCIENCE
PUB_023781,COMPUTER_SCIENCE
PUB_023782,PHYSICS_AND_ASTRONOMY
PUB_023782,COMPUTER_SCIENCE
PUB_023783,ENGINEERING
PUB_023783,ENERGY
PUB_023783,COMPUTER_SCIENCE
PUB_023784,COMPUTER_SCIENCE
PUB_023785,ENGINEERING
PUB_023786,ENGINEERING
PUB_023787,COMPUTER_SCIENCE
PUB_023788,COMPUTER_SCIENCE
PUB_023789,ENGINEERING
PUB_023789,COMPUTER_SCIENCE
PUB_023790,COMPUTER_SCIENCE
PUB_023791,ENGINEERING
PUB_023792,ENGINEERING
PUB_023792,COMPUTER_SCIENCE
PUB_023793,ENGINEERING
PUB_023793,COMPUTER_SCIENCE
PUB_023794,COMPUTER_SCIENCE
PUB_023795,COMPUTER_SCIENCE
PUB_023796,ENGINEERING
PUB_023796,MATERIALS_SCIENCE
PUB_023797,ENGINEERING
PUB_023798,ENGINEERING
PUB_023798,COMPUTER_SCIENCE
PUB_023799,ENGINEERING
PUB_023799,COMPUTER_SCIENCE
PUB_023800,ENGINEERING
PUB_023801,ENGINEERING
PUB_023801,PHYSICS_AND_ASTRONOMY
PUB_023801,COMPUTER_SCIENCE
PUB_023802,COMPUTER_SCIENCE
PUB_023803,ENGINEERING
PUB_023804,ENGINEERING
PUB_023804,MATERIALS_SCIENCE
PUB_023805,ENGINEERING
PUB_023806,ENGINEERING
PUB_023807,ENGINEERING
PUB_023808,ENGINEERING
PUB_023808,ENERGY
PUB_023808,MATERIALS_SCIENCE
PUB_023809,ENGINEERING
PUB_023809,COMPUTER_SCIENCE
PUB_023810,COMPUTER_SCIENCE
PUB_023811,COMPUTER_SCIENCE
PUB_023812,COMPUTER_SCIENCE
PUB_023813,COMPUTER_SCIENCE
PUB_023814,COMPUTER_SCIENCE
PUB_023815,ENGINEERING
PUB_023815,PHYSICS_AND_ASTRONOMY
PUB_023816,PHYSICS_AND_ASTRONOMY
PUB_023816,COMPUTER_SCIENCE
PUB_023817,MATHEMATICS
PUB_023817,PHYSICS_AND_ASTRONOMY
PUB_023818,COMPUTER_SCIENCE
PUB_023819,COMPUTER_SCIENCE
PUB_023820,ENGINEERING
PUB_023821,ENGINEERING
PUB_023821,COMPUTER_SCIENCE
PUB_023822,ENGINEERING
PUB_023823,COMPUTER_SCIENCE
PUB_023824,COMPUTER_SCIENCE
PUB_023825,PHYSICS_AND_ASTRONOMY
PUB_023825,COMPUTER_SCIENCE
PUB_023826,PHYSICS_AND_ASTRONOMY
PUB_023826,COMPUTER_SCIENCE
PUB_023827,COMPUTER_SCIENCE
PUB_023828,COMPUTER_SCIENCE
PUB_023829,COMPUTER_SCIENCE
PUB_023830,ENGINEERING
PUB_023831,ENGINEERING
PUB_023832,COMPUTER_SCIENCE
PUB_023833,ENGINEERING
PUB_023834,COMPUTER_SCIENCE
PUB_023835,ENGINEERING
PUB_023836,ENGINEERING
PUB_023837,ENGINEERING
PUB_023837,COMPUTER_SCIENCE
PUB_023838,ENGINEERING
PUB_023838,MATERIALS_SCIENCE
PUB_023839,COMPUTER_SCIENCE
PUB_023840,ENGINEERING
PUB_023841,COMPUTER_SCIENCE
PUB_023842,ENGINEERING
PUB_023842,COMPUTER_SCIENCE
PUB_023843,ENGINEERING
PUB_023844,ENGINEERING
PUB_023844,COMPUTER_SCIENCE
PUB_023845,ENGINEERING
PUB_023845,COMPUTER_SCIENCE
PUB_023846,COMPUTER_SCIENCE
PUB_023847,ENGINEERING
PUB_023848,COMPUTER_SCIENCE
PUB_023849,COMPUTER_SCIENCE
PUB_023850,COMPUTER_SCIENCE
PUB_023851,ENGINEERING
PUB_023851,MATERIALS_SCIENCE
PUB_023852,ENGINEERING
PUB_023853,COMPUTER_SCIENCE
PUB_023854,ENGINEERING
PUB_023854,COMPUTER_SCIENCE
PUB_023855,COMPUTER_SCIENCE
PUB_023856,ENGINEERING
PUB_023856,COMPUTER_SCIENCE
PUB_023857,COMPUTER_SCIENCE
PUB_023858,ENGINEERING
PUB_023858,COMPUTER_SCIENCE
PUB_023859,COMPUTER_SCIENCE
PUB_023860,COMPUTER_SCIENCE
PUB_023861,ENGINEERING
PUB_023861,COMPUTER_SCIENCE
PUB_023862,ENGINEERING
PUB_023862,COMPUTER_SCIENCE
PUB_023863,ENGINEERING
PUB_023864,COMPUTER_SCIENCE
PUB_023865,MATHEMATICS
PUB_023866,ENGINEERING
PUB_023866,COMPUTER_SCIENCE
PUB_023867,COMPUTER_SCIENCE
PUB_023868,ENGINEERING
PUB_023869,ENGINEERING
PUB_023870,ENGINEERING
PUB_023870,COMPUTER_SCIENCE
PUB_023871,ENGINEERING
PUB_023871,COMPUTER_SCIENCE
PUB_023872,COMPUTER_SCIENCE
PUB_023873,ENGINEERING
PUB_023873,MATERIALS_SCIENCE
PUB_023874,COMPUTER_SCIENCE
PUB_023875,COMPUTER_SCIENCE
PUB_023876,COMPUTER_SCIENCE
PUB_023877,ENGINEERING
PUB_023877,COMPUTER_SCIENCE
PUB_023878,ENGINEERING
PUB_023879,ENGINEERING
PUB_023879,COMPUTER_SCIENCE
PUB_023880,COMPUTER_SCIENCE
PUB_023881,ENGINEERING
PUB_023881,COMPUTER_SCIENCE
PUB_023882,ENGINEERING
PUB_023882,COMPUTER_SCIENCE
PUB_023883,ENGINEERING
PUB_023884,ENGINEERING
PUB_023885,ENGINEERING
PUB_023885,COMPUTER_SCIENCE
PUB_023886,COMPUTER_SCIENCE
PUB_023887,COMPUTER_SCIENCE
PUB_023888,COMPUTER_SCIENCE
PUB_023889,COMPUTER_SCIENCE
PUB_023890,ENGINEERING
PUB_023890,MATERIALS_SCIENCE
PUB_023891,ENGINEERING
PUB_023892,COMPUTER_SCIENCE
PUB_023893,ENGINEERING
PUB_023894,ENGINEERING
PUB_023894,MATERIALS_SCIENCE
PUB_023895,COMPUTER_SCIENCE
PUB_023896,ENGINEERING
PUB_023896,ENERGY
PUB_023897,ENGINEERING
PUB_023897,COMPUTER_SCIENCE
PUB_023898,ENGINEERING
PUB_023899,ENGINEERING
PUB_023899,COMPUTER_SCIENCE
PUB_023900,ENGINEERING
PUB_023901,ENGINEERING
PUB_023902,MATHEMATICS
PUB_023902,COMPUTER_SCIENCE
PUB_023903,COMPUTER_SCIENCE
PUB_023904,COMPUTER_SCIENCE
PUB_023905,ENGINEERING
PUB_023906,PHYSICS_AND_ASTRONOMY
PUB_023906,COMPUTER_SCIENCE
PUB_023907,ENGINEERING
PUB_023908,ENGINEERING
PUB_023909,ENGINEERING
PUB_023909,COMPUTER_SCIENCE
PUB_023910,COMPUTER_SCIENCE
PUB_023911,COMPUTER_SCIENCE
PUB_023912,ENGINEERING
PUB_023913,ENGINEERING
PUB_023913,MATERIALS_SCIENCE
PUB_023914,ENGINEERING
PUB_023914,COMPUTER_SCIENCE
PUB_023915,COMPUTER_SCIENCE
PUB_023916,ENGINEERING
PUB_023916,COMPUTER_SCIENCE
PUB_023917,COMPUTER_SCIENCE
PUB_023918,COMPUTER_SCIENCE
PUB_023919,COMPUTER_SCIENCE
PUB_023920,ENGINEERING
PUB_023921,COMPUTER_SCIENCE
PUB_023922,COMPUTER_SCIENCE
PUB_023923,ENGINEERING
PUB_023924,COMPUTER_SCIENCE
PUB_023925,COMPUTER_SCIENCE
PUB_023926,ENGINEERING
PUB_023927,COMPUTER_SCIENCE
PUB_023928,ENGINEERING
PUB_023929,COMPUTER_SCIENCE
PUB_023930,ENGINEERING
PUB_023930,COMPUTER_SCIENCE
PUB_023931,ENGINEERING
PUB_023932,ENGINEERING
PUB_023932,MATERIALS_SCIENCE
PUB_023933,ENGINEERING
PUB_023934,COMPUTER_SCIENCE
PUB_023935,COMPUTER_SCIENCE
PUB_023936,COMPUTER_SCIENCE
PUB_023937,ENGINEERING
PUB_023937,COMPUTER_SCIENCE
PUB_023938,COMPUTER_SCIENCE
PUB_023939,ENGINEERING
PUB_023940,ENGINEERING
PUB_023940,COMPUTER_SCIENCE
PUB_023941,ENGINEERING
PUB_023941,COMPUTER_SCIENCE
PUB_023942,ENGINEERING
PUB_023942,COMPUTER_SCIENCE
PUB_023943,COMPUTER_SCIENCE
PUB_023944,ENGINEERING
PUB_023945,ENGINEERING
PUB_023945,COMPUTER_SCIENCE
PUB_023946,ENGINEERING
PUB_023947,ENGINEERING
PUB_023948,ENGINEERING
PUB_023949,COMPUTER_SCIENCE
PUB_023950,ENGINEERING
PUB_023950,COMPUTER_SCIENCE
PUB_023951,ENGINEERING
PUB_023951,MATERIALS_SCIENCE
PUB_023952,ENGINEERING
PUB_023953,ENGINEERING
PUB_023954,ENGINEERING
PUB_023954,COMPUTER_SCIENCE
PUB_023955,COMPUTER_SCIENCE
PUB_023956,ENGINEERING
PUB_023957,COMPUTER_SCIENCE
PUB_023958,ENGINEERING
PUB_023958,COMPUTER_SCIENCE
PUB_023959,COMPUTER_SCIENCE
PUB_023960,PHYSICS_AND_ASTRONOMY
PUB_023960,COMPUTER_SCIENCE
PUB_023961,ENGINEERING
PUB_023961,PHYSICS_AND_ASTRONOMY
PUB_023962,COMPUTER_SCIENCE
PUB_023963,COMPUTER_SCIENCE
PUB_023964,ENGINEERING
PUB_023964,COMPUTER_SCIENCE
PUB_023965,COMPUTER_SCIENCE
PUB_023966,ENGINEERING
PUB_023967,COMPUTER_SCIENCE
PUB_023968,ENGINEERING
PUB_023968,PHYSICS_AND_ASTRONOMY
PUB_023969,ENGINEERING
PUB_023969,COMPUTER_SCIENCE
PUB_023970,ENGINEERING
PUB_023970,COMPUTER_SCIENCE
PUB_023971,COMPUTER_SCIENCE
PUB_023972,COMPUTER_SCIENCE
PUB_023973,COMPUTER_SCIENCE
PUB_023974,COMPUTER_SCIENCE
PUB_023975,COMPUTER_SCIENCE
PUB_023976,ENGINEERING
PUB_023977,ENGINEERING
PUB_023977,COMPUTER_SCIENCE
PUB_023978,ENGINEERING
PUB_023978,COMPUTER_SCIENCE
PUB_023979,ENGINEERING
PUB_023979,COMPUTER_SCIENCE
PUB_023980,ENGINEERING
PUB_023981,COMPUTER_SCIENCE
PUB_023982,ENGINEERING
PUB_023983,ENGINEERING
PUB_023983,COMPUTER_SCIENCE
PUB_023984,ENGINEERING
PUB_023985,COMPUTER_SCIENCE
PUB_023986,COMPUTER_SCIENCE
PUB_023987,COMPUTER_SCIENCE
PUB_023988,COMPUTER_SCIENCE
PUB_023989,COMPUTER_SCIENCE
PUB_023990,COMPUTER_SCIENCE
PUB_023991,COMPUTER_SCIENCE
PUB_023992,COMPUTER_SCIENCE
PUB_023993,ENGINEERING
PUB_023993,COMPUTER_SCIENCE
PUB_023994,COMPUTER_SCIENCE
PUB_023995,ENGINEERING
PUB_023995,COMPUTER_SCIENCE
PUB_023996,ENGINEERING
PUB_023997,ENGINEERING
PUB_023998,ENGINEERING
PUB_023998,COMPUTER_SCIENCE
PUB_023999,COMPUTER_SCIENCE
PUB_024000,COMPUTER_SCIENCE
PUB_024001,COMPUTER_SCIENCE
PUB_024002,COMPUTER_SCIENCE
PUB_024003,ENGINEERING
PUB_024004,ENGINEERING
PUB_024004,COMPUTER_SCIENCE
PUB_024005,ENGINEERING
PUB_024005,COMPUTER_SCIENCE
PUB_024006,ENGINEERING
PUB_024006,ENERGY
PUB_024007,ENGINEERING
PUB_024008,ENGINEERING
PUB_024009,ENGINEERING
PUB_024010,COMPUTER_SCIENCE
PUB_024011,ENGINEERING
PUB_024011,COMPUTER_SCIENCE
PUB_024012,ENGINEERING
PUB_024013,ENGINEERING
PUB_024013,PHYSICS_AND_ASTRONOMY
PUB_024014,ENGINEERING
PUB_024014,COMPUTER_SCIENCE
PUB_024015,ENGINEERING
PUB_024015,COMPUTER_SCIENCE
PUB_024016,COMPUTER_SCIENCE
PUB_024016,MATERIALS_SCIENCE
PUB_024017,ENGINEERING
PUB_024017,COMPUTER_SCIENCE
PUB_024018,ENGINEERING
PUB_024018,MATERIALS_SCIENCE
PUB_024019,COMPUTER_SCIENCE
PUB_024020,MATHEMATICS
PUB_024020,COMPUTER_SCIENCE
PUB_024021,ENGINEERING
PUB_024021,MATERIALS_SCIENCE
PUB_024022,COMPUTER_SCIENCE
PUB_024023,ENGINEERING
PUB_024024,COMPUTER_SCIENCE
PUB_024025,ENGINEERING
PUB_024026,COMPUTER_SCIENCE
PUB_024027,COMPUTER_SCIENCE
PUB_024028,ENGINEERING
PUB_024028,MATERIALS_SCIENCE
PUB_024029,COMPUTER_SCIENCE
PUB_024030,COMPUTER_SCIENCE
PUB_024031,COMPUTER_SCIENCE
PUB_024032,ENGINEERING
PUB_024033,ENGINEERING
PUB_024033,COMPUTER_SCIENCE
PUB_024034,ENGINEERING
PUB_024035,ENGINEERING
PUB_024036,ENGINEERING
PUB_024037,COMPUTER_SCIENCE
PUB_024038,ENGINEERING
PUB_024038,PHYSICS_AND_ASTRONOMY
PUB_024038,COMPUTER_SCIENCE
PUB_024039,ENGINEERING
PUB_024039,COMPUTER_SCIENCE
PUB_024040,ENGINEERING
PUB_024040,COMPUTER_SCIENCE
PUB_024041,ENGINEERING
PUB_024042,ENGINEERING
PUB_024042,COMPUTER_SCIENCE
PUB_024043,ENGINEERING
PUB_024044,COMPUTER_SCIENCE
PUB_024045,COMPUTER_SCIENCE
PUB_024046,COMPUTER_SCIENCE
PUB_024047,COMPUTER_SCIENCE
PUB_024048,COMPUTER_SCIENCE
PUB_024049,COMPUTER_SCIENCE
PUB_024050,ENGINEERING
PUB_024050,COMPUTER_SCIENCE
PUB_024051,ENGINEERING
PUB_024052,ENGINEERING
PUB_024053,ENGINEERING
PUB_024054,ENGINEERING
PUB_024054,COMPUTER_SCIENCE
PUB_024055,COMPUTER_SCIENCE
PUB_024056,COMPUTER_SCIENCE
PUB_024057,ENGINEERING
PUB_024058,COMPUTER_SCIENCE
PUB_024059,ENGINEERING
PUB_024059,MATERIALS_SCIENCE
PUB_024060,ENGINEERING
PUB_024060,COMPUTER_SCIENCE
PUB_024061,ENGINEERING
PUB_024062,ENGINEERING
PUB_024062,MATERIALS_SCIENCE
PUB_024063,COMPUTER_SCIENCE
PUB_024064,COMPUTER_SCIENCE
PUB_024065,COMPUTER_SCIENCE
PUB_024066,ENGINEERING
PUB_024067,COMPUTER_SCIENCE
PUB_024068,COMPUTER_SCIENCE
PUB_024069,ENGINEERING
PUB_024069,PHYSICS_AND_ASTRONOMY
PUB_024070,ENGINEERING
PUB_024070,COMPUTER_SCIENCE
PUB_024071,COMPUTER_SCIENCE
PUB_024072,ENGINEERING
PUB_024072,COMPUTER_SCIENCE
PUB_024073,ENGINEERING
PUB_024074,ENGINEERING
PUB_024074,COMPUTER_SCIENCE
PUB_024075,ENGINEERING
PUB_024076,COMPUTER_SCIENCE
PUB_024077,ENGINEERING
PUB_024077,COMPUTER_SCIENCE
PUB_024078,ENGINEERING
PUB_024079,COMPUTER_SCIENCE
PUB_024080,ENGINEERING
PUB_024080,COMPUTER_SCIENCE
PUB_024081,COMPUTER_SCIENCE
PUB_024082,ENGINEERING
PUB_024083,ENGINEERING
PUB_024084,COMPUTER_SCIENCE
PUB_024085,COMPUTER_SCIENCE
PUB_024086,COMPUTER_SCIENCE
PUB_024087,COMPUTER_SCIENCE
PUB_024088,ENGINEERING
PUB_024088,COMPUTER_SCIENCE
PUB_024089,ENGINEERING
PUB_024089,COMPUTER_SCIENCE
PUB_024090,ENGINEERING
PUB_024091,ENGINEERING
PUB_024092,ENGINEERING
PUB_024093,COMPUTER_SCIENCE
PUB_024094,COMPUTER_SCIENCE
PUB_024095,ENGINEERING
PUB_024096,ENGINEERING
PUB_024096,COMPUTER_SCIENCE
PUB_024097,ENGINEERING
PUB_024098,ENGINEERING
PUB_024098,COMPUTER_SCIENCE
PUB_024099,MATHEMATICS
PUB_024100,COMPUTER_SCIENCE
PUB_024101,COMPUTER_SCIENCE
PUB_024102,COMPUTER_SCIENCE
PUB_024103,COMPUTER_SCIENCE
PUB_024104,ENGINEERING
PUB_024105,ENGINEERING
PUB_024106,ENGINEERING
PUB_024107,COMPUTER_SCIENCE
PUB_024108,COMPUTER_SCIENCE
PUB_024109,ENGINEERING
PUB_024110,ENGINEERING
PUB_024110,COMPUTER_SCIENCE
PUB_024111,ENGINEERING
PUB_024111,ENERGY
PUB_024111,MATERIALS_SCIENCE
PUB_024112,ENGINEERING
PUB_024113,ENGINEERING
PUB_024113,COMPUTER_SCIENCE
PUB_024114,COMPUTER_SCIENCE
PUB_024115,COMPUTER_SCIENCE
PUB_024116,COMPUTER_SCIENCE
PUB_024117,ENGINEERING
PUB_024118,ENGINEERING
PUB_024119,ENGINEERING
PUB_024120,COMPUTER_SCIENCE
PUB_024121,ENGINEERING
PUB_024122,COMPUTER_SCIENCE
PUB_024123,ENGINEERING
PUB_024124,COMPUTER_SCIENCE
PUB_024125,ENGINEERING
PUB_024126,COMPUTER_SCIENCE
PUB_024127,COMPUTER_SCIENCE
PUB_024128,ENGINEERING
PUB_024129,ENGINEERING
PUB_024129,COMPUTER_SCIENCE
PUB_024130,ENGINEERING
PUB_024131,ENGINEERING
PUB_024132,ENGINEERING
PUB_024133,COMPUTER_SCIENCE
PUB_024134,COMPUTER_SCIENCE
PUB_024135,ENGINEERING
PUB_024136,COMPUTER_SCIENCE
PUB_024137,COMPUTER_SCIENCE
PUB_024138,ENGINEERING
PUB_024138,COMPUTER_SCIENCE
PUB_024139,COMPUTER_SCIENCE
PUB_024140,ENGINEERING
PUB_024140,COMPUTER_SCIENCE
PUB_024141,ENGINEERING
PUB_024142,ENGINEERING
PUB_024143,COMPUTER_SCIENCE
PUB_024144,COMPUTER_SCIENCE
PUB_024145,COMPUTER_SCIENCE
PUB_024146,ENGINEERING
PUB_024147,ENGINEERING
PUB_024148,ENGINEERING
PUB_024148,ENERGY
PUB_024149,COMPUTER_SCIENCE
PUB_024150,COMPUTER_SCIENCE
PUB_024151,ENGINEERING
PUB_024151,COMPUTER_SCIENCE
PUB_024152,COMPUTER_SCIENCE
PUB_024153,ENGINEERING
PUB_024153,COMPUTER_SCIENCE
PUB_024154,ENGINEERING
PUB_024154,PHYSICS_AND_ASTRONOMY
PUB_024154,MATERIALS_SCIENCE
PUB_024155,COMPUTER_SCIENCE
PUB_024156,ENGINEERING
PUB_024157,COMPUTER_SCIENCE
PUB_024158,COMPUTER_SCIENCE
PUB_024159,ENGINEERING
PUB_024160,COMPUTER_SCIENCE
PUB_024161,COMPUTER_SCIENCE
PUB_024162,ENGINEERING
PUB_024162,MATERIALS_SCIENCE
PUB_024163,COMPUTER_SCIENCE
PUB_024164,COMPUTER_SCIENCE
PUB_024165,COMPUTER_SCIENCE
PUB_024166,ENGINEERING
PUB_024166,COMPUTER_SCIENCE
PUB_024167,ENGINEERING
PUB_024167,PHYSICS_AND_ASTRONOMY
PUB_024168,COMPUTER_SCIENCE
PUB_024169,PHYSICS_AND_ASTRONOMY
PUB_024169,COMPUTER_SCIENCE
PUB_024170,ENGINEERING
PUB_024171,COMPUTER_SCIENCE
PUB_024172,ENGINEERING
PUB_024173,ENGINEERING
PUB_024174,ENGINEERING
PUB_024174,PHYSICS_AND_ASTRONOMY
PUB_024174,COMPUTER_SCIENCE
PUB_024175,ENGINEERING
PUB_024175,COMPUTER_SCIENCE
PUB_024176,ENGINEERING
PUB_024177,ENGINEERING
PUB_024178,COMPUTER_SCIENCE
PUB_024179,COMPUTER_SCIENCE
PUB_024180,ENGINEERING
PUB_024181,ENGINEERING
PUB_024181,COMPUTER_SCIENCE
PUB_024182,ENGINEERING
PUB_024182,COMPUTER_SCIENCE
PUB_024183,ENGINEERING
PUB_024183,COMPUTER_SCIENCE
PUB_024184,ENGINEERING
PUB_024184,COMPUTER_SCIENCE
PUB_024185,ENGINEERING
PUB_024186,COMPUTER_SCIENCE
PUB_024187,COMPUTER_SCIENCE
PUB_024188,COMPUTER_SCIENCE
PUB_024189,ENGINEERING
PUB_024190,COMPUTER_SCIENCE
PUB_024191,ENGINEERING
PUB_024192,ENGINEERING
PUB_024193,ENGINEERING
PUB_024194,ENGINEERING
PUB_024195,ENGINEERING
PUB_024195,MATERIALS_SCIENCE
PUB_024196,COMPUTER_SCIENCE
PUB_024197,ENGINEERING
PUB_024198,ENGINEERING
PUB_024198,COMPUTER_SCIENCE
PUB_024199,ENGINEERING
PUB_024199,COMPUTER_SCIENCE
PUB_024200,MATHEMATICS
PUB_024201,COMPUTER_SCIENCE
PUB_024202,ENGINEERING
PUB_024202,COMPUTER_SCIENCE
PUB_024203,ENGINEERING
PUB_024203,ENERGY
PUB_024204,ENGINEERING
PUB_024205,COMPUTER_SCIENCE
PUB_024206,PHYSICS_AND_ASTRONOMY
PUB_024206,COMPUTER_SCIENCE
PUB_024207,ENGINEERING
PUB_024208,ENGINEERING
PUB_024208,COMPUTER_SCIENCE
PUB_024209,ENGINEERING
PUB_024209,COMPUTER_SCIENCE
PUB_024210,COMPUTER_SCIENCE
PUB_024211,ENGINEERING
PUB_024212,ENGINEERING
PUB_024213,COMPUTER_SCIENCE
PUB_024214,ENGINEERING
PUB_024215,COMPUTER_SCIENCE
PUB_024216,COMPUTER_SCIENCE
PUB_024217,ENGINEERING
PUB_024218,ENGINEERING
PUB_024219,ENGINEERING
PUB_024219,MATERIALS_SCIENCE
PUB_024220,ENGINEERING
PUB_024221,ENGINEERING
PUB_024221,COMPUTER_SCIENCE
PUB_024222,ENGINEERING
PUB_024223,COMPUTER_SCIENCE
PUB_024224,ENGINEERING
PUB_024225,ENGINEERING
PUB_024225,COMPUTER_SCIENCE
PUB_024226,ENGINEERING
PUB_024226,COMPUTER_SCIENCE
PUB_024227,ENGINEERING
PUB_024227,COMPUTER_SCIENCE
PUB_024228,MATHEMATICS
PUB_024228,COMPUTER_SCIENCE
PUB_024229,ENGINEERING
PUB_024229,COMPUTER_SCIENCE
PUB_024230,ENGINEERING
PUB_024230,MATERIALS_SCIENCE
PUB_024231,ENGINEERING
PUB_024231,ENERGY
PUB_024232,ENGINEERING
PUB_024233,ENGINEERING
PUB_024233,PHYSICS_AND_ASTRONOMY
PUB_024234,COMPUTER_SCIENCE
PUB_024235,ENGINEERING
PUB_024235,COMPUTER_SCIENCE
PUB_024236,COMPUTER_SCIENCE
PUB_024237,COMPUTER_SCIENCE
PUB_024238,ENGINEERING
PUB_024239,ENGINEERING
PUB_024239,COMPUTER_SCIENCE
PUB_024240,COMPUTER_SCIENCE
PUB_024241,COMPUTER_SCIENCE
PUB_024242,COMPUTER_SCIENCE
PUB_024243,ENGINEERING
PUB_024244,ENGINEERING
PUB_024244,COMPUTER_SCIENCE
PUB_024245,COMPUTER_SCIENCE
PUB_024246,ENGINEERING
PUB_024247,MATHEMATICS
PUB_024247,COMPUTER_SCIENCE
PUB_024248,COMPUTER_SCIENCE
PUB_024249,ENGINEERING
PUB_024250,ENGINEERING
PUB_024250,COMPUTER_SCIENCE
PUB_024251,ENGINEERING
PUB_024251,COMPUTER_SCIENCE
PUB_024252,COMPUTER_SCIENCE
PUB_024253,COMPUTER_SCIENCE
PUB_024254,ENGINEERING
PUB_024254,COMPUTER_SCIENCE
PUB_024255,ENGINEERING
PUB_024256,COMPUTER_SCIENCE
PUB_024257,ENGINEERING
PUB_024258,COMPUTER_SCIENCE
PUB_024259,ENGINEERING
PUB_024259,COMPUTER_SCIENCE
PUB_024260,ENGINEERING
PUB_024260,COMPUTER_SCIENCE
PUB_024261,COMPUTER_SCIENCE
PUB_024262,ENGINEERING
PUB_024262,ENERGY
PUB_024263,COMPUTER_SCIENCE
PUB_024264,MATHEMATICS
PUB_024264,COMPUTER_SCIENCE
PUB_024265,ENGINEERING
PUB_024266,COMPUTER_SCIENCE
PUB_024267,COMPUTER_SCIENCE
PUB_024268,ENGINEERING
PUB_024269,MATHEMATICS
PUB_024270,ENGINEERING
PUB_024271,COMPUTER_SCIENCE
PUB_024272,COMPUTER_SCIENCE
PUB_024273,COMPUTER_SCIENCE
PUB_024274,ENGINEERING
PUB_024274,COMPUTER_SCIENCE
PUB_024275,COMPUTER_SCIENCE
PUB_024276,COMPUTER_SCIENCE
PUB_024277,ENGINEERING
PUB_024278,COMPUTER_SCIENCE
PUB_024279,COMPUTER_SCIENCE
PUB_024280,MATHEMATICS
PUB_024280,COMPUTER_SCIENCE
PUB_024281,COMPUTER_SCIENCE
PUB_024282,COMPUTER_SCIENCE
PUB_024283,ENGINEERING
PUB_024283,COMPUTER_SCIENCE
PUB_024284,ENGINEERING
PUB_024284,COMPUTER_SCIENCE
PUB_024285,COMPUTER_SCIENCE
PUB_024286,ENGINEERING
PUB_024286,COMPUTER_SCIENCE
PUB_024287,ENGINEERING
PUB_024287,COMPUTER_SCIENCE
PUB_024288,ENGINEERING
PUB_024288,COMPUTER_SCIENCE
PUB_024289,ENGINEERING
PUB_024289,PHYSICS_AND_ASTRONOMY
PUB_024290,ENGINEERING
PUB_024291,COMPUTER_SCIENCE
PUB_024292,COMPUTER_SCIENCE
PUB_024293,ENGINEERING
PUB_024293,COMPUTER_SCIENCE
PUB_024294,COMPUTER_SCIENCE
PUB_024295,COMPUTER_SCIENCE
PUB_024296,ENGINEERING
PUB_024297,ENGINEERING
PUB_024297,COMPUTER_SCIENCE
PUB_024298,ENGINEERING
PUB_024298,PHYSICS_AND_ASTRONOMY
PUB_024299,ENGINEERING
PUB_024300,COMPUTER_SCIENCE
PUB_024301,COMPUTER_SCIENCE
PUB_024302,ENGINEERING
PUB_024302,COMPUTER_SCIENCE
PUB_024303,ENGINEERING
PUB_024303,COMPUTER_SCIENCE
PUB_024304,ENGINEERING
PUB_024305,COMPUTER_SCIENCE
PUB_024306,COMPUTER_SCIENCE
PUB_024307,ENGINEERING
PUB_024307,COMPUTER_SCIENCE
PUB_024308,ENGINEERING
PUB_024308,PHYSICS_AND_ASTRONOMY
PUB_024309,ENGINEERING
PUB_024310,ENGINEERING
PUB_024310,COMPUTER_SCIENCE
PUB_024311,COMPUTER_SCIENCE
PUB_024312,COMPUTER_SCIENCE
PUB_024313,COMPUTER_SCIENCE
PUB_024314,COMPUTER_SCIENCE
PUB_024315,COMPUTER_SCIENCE
PUB_024316,COMPUTER_SCIENCE
PUB_024317,ENGINEERING
PUB_024318,ENGINEERING
PUB_024318,ENERGY
PUB_024319,ENGINEERING
PUB_024320,ENGINEERING
PUB_024320,COMPUTER_SCIENCE
PUB_024321,ENGINEERING
PUB_024321,MATERIALS_SCIENCE
PUB_024322,ENGINEERING
PUB_024322,MATERIALS_SCIENCE
PUB_024323,ENGINEERING
PUB_024323,MATERIALS_SCIENCE
PUB_024324,ENGINEERING
PUB_024324,MATERIALS_SCIENCE
PUB_024325,ENGINEERING
PUB_024326,ENGINEERING
PUB_024326,MATERIALS_SCIENCE
PUB_024327,ENGINEERING
PUB_024328,ENGINEERING
PUB_024329,COMPUTER_SCIENCE
PUB_024330,COMPUTER_SCIENCE
PUB_024331,COMPUTER_SCIENCE
PUB_024332,ENGINEERING
PUB_024332,COMPUTER_SCIENCE
PUB_024333,ENGINEERING
PUB_024333,PHYSICS_AND_ASTRONOMY
PUB_024334,ENGINEERING
PUB_024335,ENGINEERING
PUB_024335,COMPUTER_SCIENCE
PUB_024336,ENGINEERING
PUB_024337,ENGINEERING
PUB_024338,MATHEMATICS
PUB_024338,ENGINEERING
PUB_024339,ENGINEERING
PUB_024340,ENGINEERING
PUB_024341,ENGINEERING
PUB_024342,ENGINEERING
PUB_024343,ENGINEERING
PUB_024344,ENGINEERING
PUB_024345,ENGINEERING
PUB_024345,MATERIALS_SCIENCE
PUB_024346,ENGINEERING
PUB_024346,COMPUTER_SCIENCE
PUB_024347,COMPUTER_SCIENCE
PUB_024348,COMPUTER_SCIENCE
PUB_024349,COMPUTER_SCIENCE
PUB_024350,COMPUTER_SCIENCE
PUB_024351,PHYSICS_AND_ASTRONOMY
PUB_024351,COMPUTER_SCIENCE
PUB_024352,ENGINEERING
PUB_024352,COMPUTER_SCIENCE
PUB_024353,ENGINEERING
PUB_024354,ENGINEERING
PUB_024354,COMPUTER_SCIENCE
PUB_024355,ENGINEERING
PUB_024355,MATERIALS_SCIENCE
PUB_024356,ENGINEERING
PUB_024357,COMPUTER_SCIENCE
PUB_024358,ENGINEERING
PUB_024359,COMPUTER_SCIENCE
PUB_024360,COMPUTER_SCIENCE
PUB_024361,COMPUTER_SCIENCE
PUB_024362,ENGINEERING
PUB_024363,ENGINEERING
PUB_024363,COMPUTER_SCIENCE
PUB_024364,COMPUTER_SCIENCE
PUB_024365,ENGINEERING
PUB_024365,COMPUTER_SCIENCE
PUB_024366,COMPUTER_SCIENCE
PUB_024367,ENGINEERING
PUB_024368,COMPUTER_SCIENCE
PUB_024369,ENGINEERING
PUB_024370,ENGINEERING
PUB_024370,COMPUTER_SCIENCE
PUB_024371,ENGINEERING
PUB_024372,ENGINEERING
PUB_024373,ENGINEERING
PUB_024374,COMPUTER_SCIENCE
PUB_024375,COMPUTER_SCIENCE
PUB_024376,ENGINEERING
PUB_024376,COMPUTER_SCIENCE
PUB_024377,PHYSICS_AND_ASTRONOMY
PUB_024377,COMPUTER_SCIENCE
PUB_024378,ENGINEERING
PUB_024379,ENGINEERING
PUB_024380,ENGINEERING
PUB_024380,MATERIALS_SCIENCE
PUB_024381,ENGINEERING
PUB_024381,COMPUTER_SCIENCE
PUB_024382,ENGINEERING
PUB_024382,COMPUTER_SCIENCE
PUB_024383,COMPUTER_SCIENCE
PUB_024384,ENGINEERING
PUB_024385,ENGINEERING
PUB_024385,COMPUTER_SCIENCE
PUB_024386,ENGINEERING
PUB_024386,COMPUTER_SCIENCE
PUB_024387,COMPUTER_SCIENCE
PUB_024388,COMPUTER_SCIENCE
PUB_024389,COMPUTER_SCIENCE
PUB_024390,ENGINEERING
PUB_024390,COMPUTER_SCIENCE
PUB_024391,COMPUTER_SCIENCE
PUB_024392,ENGINEERING
PUB_024393,COMPUTER_SCIENCE
PUB_024394,COMPUTER_SCIENCE
PUB_024395,ENGINEERING
PUB_024396,ENGINEERING
PUB_024396,COMPUTER_SCIENCE
PUB_024397,COMPUTER_SCIENCE
PUB_024398,COMPUTER_SCIENCE
PUB_024399,COMPUTER_SCIENCE
PUB_024400,ENGINEERING
PUB_024401,ENGINEERING
PUB_024402,COMPUTER_SCIENCE
PUB_024403,COMPUTER_SCIENCE
PUB_024404,ENGINEERING
PUB_024404,MATERIALS_SCIENCE
PUB_024405,ENGINEERING
PUB_024405,COMPUTER_SCIENCE
PUB_024406,COMPUTER_SCIENCE
PUB_024407,ENGINEERING
PUB_024408,ENGINEERING
PUB_024409,ENGINEERING
PUB_024410,ENGINEERING
PUB_024411,COMPUTER_SCIENCE
PUB_024412,ENGINEERING
PUB_024413,COMPUTER_SCIENCE
PUB_024414,COMPUTER_SCIENCE
PUB_024415,COMPUTER_SCIENCE
PUB_024416,ENGINEERING
PUB_024417,ENGINEERING
PUB_024417,MATERIALS_SCIENCE
PUB_024418,ENGINEERING
PUB_024418,PHYSICS_AND_ASTRONOMY
PUB_024418,MATERIALS_SCIENCE
PUB_024419,COMPUTER_SCIENCE
PUB_024420,ENGINEERING
PUB_024421,COMPUTER_SCIENCE
PUB_024422,COMPUTER_SCIENCE
PUB_024423,ENGINEERING
PUB_024423,COMPUTER_SCIENCE
PUB_024424,ENGINEERING
PUB_024424,COMPUTER_SCIENCE
PUB_024425,ENGINEERING
PUB_024426,ENGINEERING
PUB_024427,COMPUTER_SCIENCE
PUB_024428,COMPUTER_SCIENCE
PUB_024429,COMPUTER_SCIENCE
PUB_024430,ENGINEERING
PUB_024431,ENGINEERING
PUB_024432,COMPUTER_SCIENCE
PUB_024433,COMPUTER_SCIENCE
PUB_024434,ENGINEERING
PUB_024435,ENGINEERING
PUB_024435,COMPUTER_SCIENCE
PUB_024436,COMPUTER_SCIENCE
PUB_024437,COMPUTER_SCIENCE
PUB_024438,COMPUTER_SCIENCE
PUB_024439,ENGINEERING
PUB_024439,COMPUTER_SCIENCE
PUB_024440,ENGINEERING
PUB_024440,COMPUTER_SCIENCE
PUB_024441,COMPUTER_SCIENCE
PUB_024442,ENGINEERING
PUB_024443,COMPUTER_SCIENCE
PUB_024444,ENGINEERING
PUB_024444,COMPUTER_SCIENCE
PUB_024445,ENGINEERING
PUB_024445,COMPUTER_SCIENCE
PUB_024446,ENGINEERING
PUB_024447,ENGINEERING
PUB_024447,COMPUTER_SCIENCE
PUB_024448,COMPUTER_SCIENCE
PUB_024449,COMPUTER_SCIENCE
PUB_024450,COMPUTER_SCIENCE
PUB_024451,COMPUTER_SCIENCE
PUB_024452,ENGINEERING
PUB_024453,COMPUTER_SCIENCE
PUB_024454,ENGINEERING
PUB_024455,ENGINEERING
PUB_024456,COMPUTER_SCIENCE
PUB_024457,COMPUTER_SCIENCE
PUB_024458,COMPUTER_SCIENCE
PUB_024459,ENGINEERING
PUB_024459,COMPUTER_SCIENCE
PUB_024460,ENGINEERING
PUB_024461,ENGINEERING
PUB_024462,ENGINEERING
PUB_024462,ENERGY
PUB_024462,MATERIALS_SCIENCE
PUB_024463,PHYSICS_AND_ASTRONOMY
PUB_024463,COMPUTER_SCIENCE
PUB_024464,COMPUTER_SCIENCE
PUB_024465,ENGINEERING
PUB_024465,COMPUTER_SCIENCE
PUB_024466,ENGINEERING
PUB_024467,ENGINEERING
PUB_024468,ENGINEERING
PUB_024468,COMPUTER_SCIENCE
PUB_024469,ENGINEERING
PUB_024470,ENGINEERING
PUB_024471,ENGINEERING
PUB_024472,ENGINEERING
PUB_024473,ENGINEERING
PUB_024474,COMPUTER_SCIENCE
PUB_024475,COMPUTER_SCIENCE
PUB_024476,ENGINEERING
PUB_024477,ENGINEERING
PUB_024477,PHYSICS_AND_ASTRONOMY
PUB_024478,ENGINEERING
PUB_024479,COMPUTER_SCIENCE
PUB_024480,COMPUTER_SCIENCE
PUB_024481,ENGINEERING
PUB_024481,COMPUTER_SCIENCE
PUB_024482,COMPUTER_SCIENCE
PUB_024483,COMPUTER_SCIENCE
PUB_024484,ENGINEERING
PUB_024484,COMPUTER_SCIENCE
PUB_024485,COMPUTER_SCIENCE
PUB_024486,ENGINEERING
PUB_024486,MATERIALS_SCIENCE
PUB_024487,ENGINEERING
PUB_024488,ENGINEERING
PUB_024488,COMPUTER_SCIENCE
PUB_024489,COMPUTER_SCIENCE
PUB_024490,COMPUTER_SCIENCE
PUB_024491,COMPUTER_SCIENCE
PUB_024492,ENGINEERING
PUB_024493,ENGINEERING
PUB_024493,COMPUTER_SCIENCE
PUB_024494,ENGINEERING
PUB_024494,MATERIALS_SCIENCE
PUB_024495,COMPUTER_SCIENCE
PUB_024496,COMPUTER_SCIENCE
PUB_024497,ENGINEERING
PUB_024497,ENERGY
PUB_024498,ENGINEERING
PUB_024499,ENGINEERING
PUB_024499,COMPUTER_SCIENCE
PUB_024500,COMPUTER_SCIENCE
PUB_024501,COMPUTER_SCIENCE
PUB_024502,ENGINEERING
PUB_024502,COMPUTER_SCIENCE
PUB_024503,ENGINEERING
PUB_024504,ENGINEERING
PUB_024505,COMPUTER_SCIENCE
PUB_024506,COMPUTER_SCIENCE
PUB_024507,COMPUTER_SCIENCE
PUB_024508,ENGINEERING
PUB_024509,ENGINEERING
PUB_024509,COMPUTER_SCIENCE
PUB_024510,ENGINEERING
PUB_024510,MATERIALS_SCIENCE
PUB_024511,ENGINEERING
PUB_024511,PHYSICS_AND_ASTRONOMY
PUB_024511,MATERIALS_SCIENCE
PUB_024512,COMPUTER_SCIENCE
PUB_024513,ENGINEERING
PUB_024513,COMPUTER_SCIENCE
PUB_024514,ENGINEERING
PUB_024515,ENGINEERING
PUB_024515,COMPUTER_SCIENCE
PUB_024516,COMPUTER_SCIENCE
PUB_024517,COMPUTER_SCIENCE
PUB_024518,COMPUTER_SCIENCE
PUB_024519,COMPUTER_SCIENCE
PUB_024520,COMPUTER_SCIENCE
PUB_024521,COMPUTER_SCIENCE
PUB_024522,ENGINEERING
PUB_024522,COMPUTER_SCIENCE
PUB_024523,COMPUTER_SCIENCE
PUB_024524,ENGINEERING
PUB_024524,COMPUTER_SCIENCE
PUB_024525,ENGINEERING
PUB_024525,COMPUTER_SCIENCE
PUB_024526,PHYSICS_AND_ASTRONOMY
PUB_024526,COMPUTER_SCIENCE
PUB_024527,ENGINEERING
PUB_024528,ENGINEERING
PUB_024528,COMPUTER_SCIENCE
PUB_024529,COMPUTER_SCIENCE
PUB_024530,COMPUTER_SCIENCE
PUB_024531,COMPUTER_SCIENCE
PUB_024532,ENGINEERING
PUB_024533,COMPUTER_SCIENCE
PUB_024534,COMPUTER_SCIENCE
PUB_024535,COMPUTER_SCIENCE
PUB_024536,COMPUTER_SCIENCE
PUB_024537,ENGINEERING
PUB_024537,MATERIALS_SCIENCE
PUB_024538,ENGINEERING
PUB_024538,PHYSICS_AND_ASTRONOMY
PUB_024538,MATERIALS_SCIENCE
PUB_024539,ENGINEERING
PUB_024540,ENGINEERING
PUB_024540,ENERGY
PUB_024541,ENGINEERING
PUB_024541,MATERIALS_SCIENCE
PUB_024542,COMPUTER_SCIENCE
PUB_024543,COMPUTER_SCIENCE
PUB_024544,COMPUTER_SCIENCE
PUB_024545,ENGINEERING
PUB_024546,COMPUTER_SCIENCE
PUB_024547,COMPUTER_SCIENCE
PUB_024548,COMPUTER_SCIENCE
PUB_024549,ENGINEERING
PUB_024549,COMPUTER_SCIENCE
PUB_024550,ENGINEERING
PUB_024550,COMPUTER_SCIENCE
PUB_024551,COMPUTER_SCIENCE
PUB_024552,COMPUTER_SCIENCE
PUB_024553,COMPUTER_SCIENCE
PUB_024554,ENGINEERING
PUB_024554,ENERGY
PUB_024555,MATHEMATICS
PUB_024555,COMPUTER_SCIENCE
PUB_024556,ENGINEERING
PUB_024557,ENGINEERING
PUB_024558,COMPUTER_SCIENCE
PUB_024559,ENGINEERING
PUB_024559,COMPUTER_SCIENCE
PUB_024560,COMPUTER_SCIENCE
PUB_024561,ENGINEERING
PUB_024562,ENGINEERING
PUB_024563,COMPUTER_SCIENCE
PUB_024564,ENGINEERING
PUB_024565,COMPUTER_SCIENCE
PUB_024566,COMPUTER_SCIENCE
PUB_024567,PHYSICS_AND_ASTRONOMY
PUB_024567,COMPUTER_SCIENCE
PUB_024568,COMPUTER_SCIENCE
PUB_024569,ENGINEERING
PUB_024570,COMPUTER_SCIENCE
PUB_024571,ENGINEERING
PUB_024571,COMPUTER_SCIENCE
PUB_024572,COMPUTER_SCIENCE
PUB_024573,COMPUTER_SCIENCE
PUB_024574,COMPUTER_SCIENCE
PUB_024575,COMPUTER_SCIENCE
PUB_024576,ENGINEERING
PUB_024576,MATERIALS_SCIENCE
PUB_024577,ENGINEERING
PUB_024578,COMPUTER_SCIENCE
PUB_024579,ENGINEERING
PUB_024579,COMPUTER_SCIENCE
PUB_024580,COMPUTER_SCIENCE
PUB_024581,ENGINEERING
PUB_024581,MATERIALS_SCIENCE
PUB_024582,ENGINEERING
PUB_024583,ENGINEERING
PUB_024583,COMPUTER_SCIENCE
PUB_024584,ENGINEERING
PUB_024584,MATERIALS_SCIENCE
PUB_024585,COMPUTER_SCIENCE
PUB_024586,ENGINEERING
PUB_024586,COMPUTER_SCIENCE
PUB_024587,ENGINEERING
PUB_024587,MATERIALS_SCIENCE
PUB_024588,ENGINEERING
PUB_024588,COMPUTER_SCIENCE
PUB_024589,ENGINEERING
PUB_024589,MATERIALS_SCIENCE
PUB_024590,MATHEMATICS
PUB_024590,COMPUTER_SCIENCE
PUB_024591,COMPUTER_SCIENCE
PUB_024592,COMPUTER_SCIENCE
PUB_024593,COMPUTER_SCIENCE
PUB_024594,ENGINEERING
PUB_024595,COMPUTER_SCIENCE
PUB_024596,ENGINEERING
PUB_024597,ENGINEERING
PUB_024597,COMPUTER_SCIENCE
PUB_024598,COMPUTER_SCIENCE
PUB_024599,ENGINEERING
PUB_024599,COMPUTER_SCIENCE
PUB_024600,ENGINEERING
PUB_024601,ENGINEERING
PUB_024602,COMPUTER_SCIENCE
PUB_024603,COMPUTER_SCIENCE
PUB_024604,COMPUTER_SCIENCE
PUB_024605,ENGINEERING
PUB_024605,COMPUTER_SCIENCE
PUB_024606,ENGINEERING
PUB_024606,COMPUTER_SCIENCE
PUB_024607,COMPUTER_SCIENCE
PUB_024608,COMPUTER_SCIENCE
PUB_024609,ENGINEERING
PUB_024609,COMPUTER_SCIENCE
PUB_024610,COMPUTER_SCIENCE
PUB_024611,COMPUTER_SCIENCE
PUB_024612,COMPUTER_SCIENCE
PUB_024613,COMPUTER_SCIENCE
PUB_024614,ENGINEERING
PUB_024614,COMPUTER_SCIENCE
PUB_024615,ENGINEERING
PUB_024615,COMPUTER_SCIENCE
PUB_024616,ENGINEERING
PUB_024617,COMPUTER_SCIENCE
PUB_024618,ENGINEERING
PUB_024618,COMPUTER_SCIENCE
PUB_024619,COMPUTER_SCIENCE
PUB_024620,COMPUTER_SCIENCE
PUB_024621,MATHEMATICS
PUB_024621,COMPUTER_SCIENCE
PUB_024622,PHYSICS_AND_ASTRONOMY
PUB_024622,COMPUTER_SCIENCE
PUB_024623,ENGINEERING
PUB_024623,COMPUTER_SCIENCE
PUB_024624,ENGINEERING
PUB_024624,COMPUTER_SCIENCE
PUB_024625,ENGINEERING
PUB_024626,COMPUTER_SCIENCE
PUB_024627,ENGINEERING
PUB_024627,COMPUTER_SCIENCE
PUB_024628,COMPUTER_SCIENCE
PUB_024629,ENGINEERING
PUB_024630,ENGINEERING
PUB_024631,ENGINEERING
PUB_024631,COMPUTER_SCIENCE
PUB_024632,ENGINEERING
PUB_024632,PHYSICS_AND_ASTRONOMY
PUB_024633,COMPUTER_SCIENCE
PUB_024634,COMPUTER_SCIENCE
PUB_024635,COMPUTER_SCIENCE
PUB_024636,ENGINEERING
PUB_024636,COMPUTER_SCIENCE
PUB_024637,COMPUTER_SCIENCE
PUB_024638,COMPUTER_SCIENCE
PUB_024639,COMPUTER_SCIENCE
PUB_024640,COMPUTER_SCIENCE
PUB_024641,ENGINEERING
PUB_024641,COMPUTER_SCIENCE
PUB_024642,ENGINEERING
PUB_024642,MATERIALS_SCIENCE
PUB_024643,COMPUTER_SCIENCE
PUB_024644,ENGINEERING
PUB_024645,COMPUTER_SCIENCE
PUB_024646,COMPUTER_SCIENCE
PUB_024647,ENGINEERING
PUB_024648,ENGINEERING
PUB_024648,COMPUTER_SCIENCE
PUB_024649,ENGINEERING
PUB_024649,COMPUTER_SCIENCE
PUB_024650,COMPUTER_SCIENCE
PUB_024651,ENGINEERING
PUB_024652,ENGINEERING
PUB_024652,ENERGY
PUB_024653,COMPUTER_SCIENCE
PUB_024654,ENGINEERING
PUB_024654,COMPUTER_SCIENCE
PUB_024655,COMPUTER_SCIENCE
PUB_024656,ENGINEERING
PUB_024656,MATERIALS_SCIENCE
PUB_024657,ENGINEERING
PUB_024658,ENGINEERING
PUB_024658,COMPUTER_SCIENCE
PUB_024659,ENGINEERING
PUB_024659,COMPUTER_SCIENCE
PUB_024660,COMPUTER_SCIENCE
PUB_024661,ENGINEERING
PUB_024662,ENGINEERING
PUB_024663,COMPUTER_SCIENCE
PUB_024664,COMPUTER_SCIENCE
PUB_024665,COMPUTER_SCIENCE
PUB_024666,ENGINEERING
PUB_024667,ENGINEERING
PUB_024667,COMPUTER_SCIENCE
PUB_024668,ENGINEERING
PUB_024668,ENERGY
PUB_024669,ENGINEERING
PUB_024670,ENGINEERING
PUB_024670,COMPUTER_SCIENCE
PUB_024671,ENGINEERING
PUB_024671,MATHEMATICS
PUB_024672,ENGINEERING
PUB_024672,COMPUTER_SCIENCE
PUB_024673,ENGINEERING
PUB_024673,COMPUTER_SCIENCE
PUB_024674,COMPUTER_SCIENCE
PUB_024675,COMPUTER_SCIENCE
PUB_024676,COMPUTER_SCIENCE
PUB_024677,ENGINEERING
PUB_024677,COMPUTER_SCIENCE
PUB_024678,COMPUTER_SCIENCE
PUB_024679,COMPUTER_SCIENCE
PUB_024680,ENGINEERING
PUB_024681,ENGINEERING
PUB_024682,ENGINEERING
PUB_024683,ENGINEERING
PUB_024684,COMPUTER_SCIENCE
PUB_024685,ENGINEERING
PUB_024686,COMPUTER_SCIENCE
PUB_024687,COMPUTER_SCIENCE
PUB_024688,PHYSICS_AND_ASTRONOMY
PUB_024688,COMPUTER_SCIENCE
PUB_024689,ENGINEERING
PUB_024689,MATERIALS_SCIENCE
PUB_024690,COMPUTER_SCIENCE
PUB_024691,MATHEMATICS
PUB_024691,COMPUTER_SCIENCE
PUB_024692,ENGINEERING
PUB_024693,ENGINEERING
PUB_024694,ENGINEERING
PUB_024694,COMPUTER_SCIENCE
PUB_024695,MATHEMATICS
PUB_024695,MATERIALS_SCIENCE
PUB_024695,COMPUTER_SCIENCE
PUB_024696,COMPUTER_SCIENCE
PUB_024697,ENGINEERING
PUB_024697,COMPUTER_SCIENCE
PUB_024698,ENGINEERING
PUB_024698,COMPUTER_SCIENCE
PUB_024699,ENGINEERING
PUB_024700,ENGINEERING
PUB_024701,ENGINEERING
PUB_024701,COMPUTER_SCIENCE
PUB_024702,COMPUTER_SCIENCE
PUB_024703,COMPUTER_SCIENCE
PUB_024704,ENGINEERING
PUB_024705,ENGINEERING
PUB_024705,COMPUTER_SCIENCE
PUB_024706,COMPUTER_SCIENCE
PUB_024707,COMPUTER_SCIENCE
PUB_024708,COMPUTER_SCIENCE
PUB_024709,COMPUTER_SCIENCE
PUB_024710,COMPUTER_SCIENCE
PUB_024711,COMPUTER_SCIENCE
PUB_024712,COMPUTER_SCIENCE
PUB_024713,ENGINEERING
PUB_024714,ENGINEERING
PUB_024714,COMPUTER_SCIENCE
PUB_024715,COMPUTER_SCIENCE
PUB_024716,COMPUTER_SCIENCE
PUB_024717,ENGINEERING
PUB_024718,ENGINEERING
PUB_024719,MATHEMATICS
PUB_024719,COMPUTER_SCIENCE
PUB_024720,ENGINEERING
PUB_024720,ENERGY
PUB_024720,COMPUTER_SCIENCE
PUB_024721,COMPUTER_SCIENCE
PUB_024722,COMPUTER_SCIENCE
PUB_024723,COMPUTER_SCIENCE
PUB_024724,COMPUTER_SCIENCE
PUB_024725,COMPUTER_SCIENCE
PUB_024726,COMPUTER_SCIENCE
PUB_024727,COMPUTER_SCIENCE
PUB_024728,ENGINEERING
PUB_024728,COMPUTER_SCIENCE
PUB_024729,ENGINEERING
PUB_024729,COMPUTER_SCIENCE
PUB_024730,ENGINEERING
PUB_024730,PHYSICS_AND_ASTRONOMY
PUB_024731,COMPUTER_SCIENCE
PUB_024732,ENGINEERING
PUB_024733,ENGINEERING
PUB_024733,PHYSICS_AND_ASTRONOMY
PUB_024734,ENGINEERING
PUB_024734,MATERIALS_SCIENCE
PUB_024735,COMPUTER_SCIENCE
PUB_024736,COMPUTER_SCIENCE
PUB_024737,COMPUTER_SCIENCE
PUB_024738,ENGINEERING
PUB_024738,COMPUTER_SCIENCE
PUB_024739,ENGINEERING
PUB_024740,ENGINEERING
PUB_024740,COMPUTER_SCIENCE
PUB_024741,ENGINEERING
PUB_024741,COMPUTER_SCIENCE
PUB_024742,COMPUTER_SCIENCE
PUB_024743,ENGINEERING
PUB_024743,COMPUTER_SCIENCE
PUB_024744,ENGINEERING
PUB_024745,COMPUTER_SCIENCE
PUB_024746,ENGINEERING
PUB_024746,MATERIALS_SCIENCE
PUB_024747,COMPUTER_SCIENCE
PUB_024748,ENGINEERING
PUB_024748,COMPUTER_SCIENCE
PUB_024749,COMPUTER_SCIENCE
PUB_024750,ENGINEERING
PUB_024750,COMPUTER_SCIENCE
PUB_024751,COMPUTER_SCIENCE
PUB_024752,ENGINEERING
PUB_024752,MATERIALS_SCIENCE
PUB_024753,ENGINEERING
PUB_024753,COMPUTER_SCIENCE
PUB_024754,COMPUTER_SCIENCE
PUB_024755,COMPUTER_SCIENCE
PUB_024756,COMPUTER_SCIENCE
PUB_024757,COMPUTER_SCIENCE
PUB_024758,COMPUTER_SCIENCE
PUB_024759,COMPUTER_SCIENCE
PUB_024760,COMPUTER_SCIENCE
PUB_024761,COMPUTER_SCIENCE
PUB_024762,COMPUTER_SCIENCE
PUB_024763,COMPUTER_SCIENCE
PUB_024764,ENGINEERING
PUB_024764,COMPUTER_SCIENCE
PUB_024765,COMPUTER_SCIENCE
PUB_024766,COMPUTER_SCIENCE
PUB_024767,COMPUTER_SCIENCE
PUB_024768,COMPUTER_SCIENCE
PUB_024769,ENGINEERING
PUB_024769,COMPUTER_SCIENCE
PUB_024770,COMPUTER_SCIENCE
PUB_024771,COMPUTER_SCIENCE
PUB_024772,COMPUTER_SCIENCE
PUB_024773,ENGINEERING
PUB_024773,COMPUTER_SCIENCE
PUB_024774,ENGINEERING
PUB_024774,COMPUTER_SCIENCE
PUB_024775,PHYSICS_AND_ASTRONOMY
PUB_024775,COMPUTER_SCIENCE
PUB_024776,ENGINEERING
PUB_024776,COMPUTER_SCIENCE
PUB_024777,COMPUTER_SCIENCE
PUB_024778,COMPUTER_SCIENCE
PUB_024779,COMPUTER_SCIENCE
PUB_024780,COMPUTER_SCIENCE
PUB_024781,ENGINEERING
PUB_024782,COMPUTER_SCIENCE
PUB_024783,ENGINEERING
PUB_024783,COMPUTER_SCIENCE
PUB_024784,COMPUTER_SCIENCE
PUB_024785,COMPUTER_SCIENCE
PUB_024786,ENGINEERING
PUB_024786,COMPUTER_SCIENCE
PUB_024787,MATHEMATICS
PUB_024787,PHYSICS_AND_ASTRONOMY
PUB_024788,ENGINEERING
PUB_024788,MATERIALS_SCIENCE
PUB_024789,ENGINEERING
PUB_024789,PHYSICS_AND_ASTRONOMY
PUB_024790,COMPUTER_SCIENCE
PUB_024791,ENGINEERING
PUB_024791,COMPUTER_SCIENCE
PUB_024792,ENGINEERING
PUB_024792,MATERIALS_SCIENCE
PUB_024793,COMPUTER_SCIENCE
PUB_024794,COMPUTER_SCIENCE
PUB_024795,ENGINEERING
PUB_024796,COMPUTER_SCIENCE
PUB_024797,ENGINEERING
PUB_024797,COMPUTER_SCIENCE
PUB_024798,ENGINEERING
PUB_024798,COMPUTER_SCIENCE
PUB_024799,COMPUTER_SCIENCE
PUB_024800,ENGINEERING
PUB_024800,COMPUTER_SCIENCE
PUB_024801,PHYSICS_AND_ASTRONOMY
PUB_024801,COMPUTER_SCIENCE
PUB_024802,COMPUTER_SCIENCE
PUB_024803,COMPUTER_SCIENCE
PUB_024804,ENGINEERING
PUB_024804,COMPUTER_SCIENCE
PUB_024805,COMPUTER_SCIENCE
PUB_024806,COMPUTER_SCIENCE
PUB_024807,ENGINEERING
PUB_024808,COMPUTER_SCIENCE
PUB_024809,COMPUTER_SCIENCE
PUB_024810,ENGINEERING
PUB_024810,COMPUTER_SCIENCE
PUB_024811,ENGINEERING
PUB_024811,COMPUTER_SCIENCE
PUB_024812,ENGINEERING
PUB_024813,PHYSICS_AND_ASTRONOMY
PUB_024813,COMPUTER_SCIENCE
PUB_024814,ENGINEERING
PUB_024814,COMPUTER_SCIENCE
PUB_024815,ENGINEERING
PUB_024815,COMPUTER_SCIENCE
PUB_024816,COMPUTER_SCIENCE
PUB_024817,COMPUTER_SCIENCE
PUB_024818,COMPUTER_SCIENCE
PUB_024819,ENGINEERING
PUB_024819,COMPUTER_SCIENCE
PUB_024820,COMPUTER_SCIENCE
PUB_024821,COMPUTER_SCIENCE
PUB_024822,ENGINEERING
PUB_024823,COMPUTER_SCIENCE
PUB_024824,COMPUTER_SCIENCE
PUB_024825,COMPUTER_SCIENCE
PUB_024826,ENGINEERING
PUB_024827,COMPUTER_SCIENCE
PUB_024828,COMPUTER_SCIENCE
PUB_024829,COMPUTER_SCIENCE
PUB_024830,COMPUTER_SCIENCE
PUB_024831,COMPUTER_SCIENCE
PUB_024832,ENGINEERING
PUB_024832,COMPUTER_SCIENCE
PUB_024833,COMPUTER_SCIENCE
PUB_024834,PHYSICS_AND_ASTRONOMY
PUB_024834,MATERIALS_SCIENCE
PUB_024834,COMPUTER_SCIENCE
PUB_024835,ENGINEERING
PUB_024836,MATHEMATICS
PUB_024836,COMPUTER_SCIENCE
PUB_024837,COMPUTER_SCIENCE
PUB_024838,COMPUTER_SCIENCE
PUB_024839,ENGINEERING
PUB_024840,ENGINEERING
PUB_024841,ENGINEERING
PUB_024841,COMPUTER_SCIENCE
PUB_024842,COMPUTER_SCIENCE
PUB_024843,COMPUTER_SCIENCE
PUB_024844,ENGINEERING
PUB_024845,COMPUTER_SCIENCE
PUB_024846,ENGINEERING
PUB_024846,PHYSICS_AND_ASTRONOMY
PUB_024847,COMPUTER_SCIENCE
PUB_024848,PHYSICS_AND_ASTRONOMY
PUB_024848,COMPUTER_SCIENCE
PUB_024849,ENGINEERING
PUB_024849,PHYSICS_AND_ASTRONOMY
PUB_024849,MATERIALS_SCIENCE
PUB_024850,ENGINEERING
PUB_024850,COMPUTER_SCIENCE
PUB_024851,ENGINEERING
PUB_024852,COMPUTER_SCIENCE
PUB_024853,COMPUTER_SCIENCE
PUB_024854,ENGINEERING
PUB_024855,ENGINEERING
PUB_024855,MATERIALS_SCIENCE
PUB_024856,COMPUTER_SCIENCE
PUB_024857,ENGINEERING
PUB_024858,ENGINEERING
PUB_024858,COMPUTER_SCIENCE
PUB_024859,ENGINEERING
PUB_024860,COMPUTER_SCIENCE
PUB_024861,ENGINEERING
PUB_024861,COMPUTER_SCIENCE
PUB_024862,COMPUTER_SCIENCE
PUB_024863,ENGINEERING
PUB_024864,PHYSICS_AND_ASTRONOMY
PUB_024864,COMPUTER_SCIENCE
PUB_024865,ENGINEERING
PUB_024865,COMPUTER_SCIENCE
PUB_024866,ENGINEERING
PUB_024866,COMPUTER_SCIENCE
PUB_024866,MATERIALS_SCIENCE
PUB_024867,COMPUTER_SCIENCE
PUB_024868,ENGINEERING
PUB_024868,COMPUTER_SCIENCE
PUB_024869,COMPUTER_SCIENCE
PUB_024870,ENGINEERING
PUB_024870,COMPUTER_SCIENCE
PUB_024871,COMPUTER_SCIENCE
PUB_024872,COMPUTER_SCIENCE
PUB_024873,ENGINEERING
PUB_024874,COMPUTER_SCIENCE
PUB_024875,ENGINEERING
PUB_024876,COMPUTER_SCIENCE
PUB_024877,COMPUTER_SCIENCE
PUB_024878,COMPUTER_SCIENCE
PUB_024879,ENGINEERING
PUB_024879,MATERIALS_SCIENCE
PUB_024880,ENGINEERING
PUB_024881,COMPUTER_SCIENCE
PUB_024882,ENGINEERING
PUB_024882,COMPUTER_SCIENCE
PUB_024883,ENGINEERING
PUB_024883,COMPUTER_SCIENCE
PUB_024884,COMPUTER_SCIENCE
PUB_024885,ENGINEERING
PUB_024886,ENGINEERING
PUB_024887,ENGINEERING
PUB_024887,COMPUTER_SCIENCE
PUB_024888,ENGINEERING
PUB_024888,MATERIALS_SCIENCE
PUB_024889,COMPUTER_SCIENCE
PUB_024890,ENGINEERING
PUB_024890,COMPUTER_SCIENCE
PUB_024891,COMPUTER_SCIENCE
PUB_024892,ENGINEERING
PUB_024892,COMPUTER_SCIENCE
PUB_024893,ENGINEERING
PUB_024893,COMPUTER_SCIENCE
PUB_024894,COMPUTER_SCIENCE
PUB_024895,COMPUTER_SCIENCE
PUB_024896,COMPUTER_SCIENCE
PUB_024897,COMPUTER_SCIENCE
PUB_024898,COMPUTER_SCIENCE
PUB_024899,COMPUTER_SCIENCE
PUB_024900,ENGINEERING
PUB_024900,COMPUTER_SCIENCE
PUB_024901,COMPUTER_SCIENCE
PUB_024902,ENGINEERING
PUB_024902,COMPUTER_SCIENCE
PUB_024903,COMPUTER_SCIENCE
PUB_024904,COMPUTER_SCIENCE
PUB_024905,COMPUTER_SCIENCE
PUB_024906,ENGINEERING
PUB_024906,COMPUTER_SCIENCE
PUB_024906,MATERIALS_SCIENCE
PUB_024907,COMPUTER_SCIENCE
PUB_024908,ENGINEERING
PUB_024909,ENGINEERING
PUB_024909,COMPUTER_SCIENCE
PUB_024910,COMPUTER_SCIENCE
PUB_024911,ENGINEERING
PUB_024911,MATERIALS_SCIENCE
PUB_024912,ENGINEERING
PUB_024912,COMPUTER_SCIENCE
PUB_024913,COMPUTER_SCIENCE
PUB_024914,ENGINEERING
PUB_024915,ENGINEERING
PUB_024916,ENGINEERING
PUB_024916,COMPUTER_SCIENCE
PUB_024917,ENGINEERING
PUB_024917,MATERIALS_SCIENCE
PUB_024918,COMPUTER_SCIENCE
PUB_024919,COMPUTER_SCIENCE
PUB_024920,ENGINEERING
PUB_024921,COMPUTER_SCIENCE
PUB_024922,COMPUTER_SCIENCE
PUB_024923,COMPUTER_SCIENCE
PUB_024924,ENGINEERING
PUB_024924,COMPUTER_SCIENCE
PUB_024925,COMPUTER_SCIENCE
PUB_024926,ENGINEERING
PUB_024926,COMPUTER_SCIENCE
PUB_024927,COMPUTER_SCIENCE
PUB_024928,COMPUTER_SCIENCE
PUB_024929,COMPUTER_SCIENCE
PUB_024930,COMPUTER_SCIENCE
PUB_024931,COMPUTER_SCIENCE
PUB_024932,ENGINEERING
PUB_024933,ENGINEERING
PUB_024933,COMPUTER_SCIENCE
PUB_024934,COMPUTER_SCIENCE
PUB_024935,ENGINEERING
PUB_024936,ENGINEERING
PUB_024936,COMPUTER_SCIENCE
PUB_024937,ENGINEERING
PUB_024938,COMPUTER_SCIENCE
PUB_024939,ENGINEERING
PUB_024940,MATHEMATICS
PUB_024940,PHYSICS_AND_ASTRONOMY
PUB_024941,ENGINEERING
PUB_024941,COMPUTER_SCIENCE
PUB_024942,ENGINEERING
PUB_024943,COMPUTER_SCIENCE
PUB_024944,ENGINEERING
PUB_024945,ENGINEERING
PUB_024945,PHYSICS_AND_ASTRONOMY
PUB_024945,COMPUTER_SCIENCE
PUB_024946,COMPUTER_SCIENCE
PUB_024946,MATERIALS_SCIENCE
PUB_024947,COMPUTER_SCIENCE
PUB_024948,ENGINEERING
PUB_024948,COMPUTER_SCIENCE
PUB_024949,ENGINEERING
PUB_024949,COMPUTER_SCIENCE
PUB_024950,COMPUTER_SCIENCE
PUB_024951,COMPUTER_SCIENCE
PUB_024952,MATHEMATICS
PUB_024952,COMPUTER_SCIENCE
PUB_024953,COMPUTER_SCIENCE
PUB_024954,ENGINEERING
PUB_024955,ENGINEERING
PUB_024955,MATERIALS_SCIENCE
PUB_024956,COMPUTER_SCIENCE
PUB_024957,ENGINEERING
PUB_024958,ENGINEERING
PUB_024958,COMPUTER_SCIENCE
PUB_024959,ENGINEERING
PUB_024959,COMPUTER_SCIENCE
PUB_024960,ENGINEERING
PUB_024960,COMPUTER_SCIENCE
PUB_024961,ENGINEERING
PUB_024961,PHYSICS_AND_ASTRONOMY
PUB_024961,COMPUTER_SCIENCE
PUB_024962,COMPUTER_SCIENCE
PUB_024963,ENGINEERING
PUB_024963,COMPUTER_SCIENCE
PUB_024964,COMPUTER_SCIENCE
PUB_024965,ENGINEERING
PUB_024965,COMPUTER_SCIENCE
PUB_024966,COMPUTER_SCIENCE
PUB_024967,ENGINEERING
PUB_024967,COMPUTER_SCIENCE
PUB_024968,ENGINEERING
PUB_024969,COMPUTER_SCIENCE
PUB_024970,COMPUTER_SCIENCE
PUB_024971,ENGINEERING
PUB_024971,COMPUTER_SCIENCE
PUB_024972,ENGINEERING
PUB_024972,COMPUTER_SCIENCE
PUB_024973,ENGINEERING
PUB_024974,ENGINEERING
PUB_024974,COMPUTER_SCIENCE
PUB_024975,COMPUTER_SCIENCE
PUB_024976,ENGINEERING
PUB_024976,MATERIALS_SCIENCE
PUB_024977,COMPUTER_SCIENCE
PUB_024978,COMPUTER_SCIENCE
PUB_024979,ENGINEERING
PUB_024979,COMPUTER_SCIENCE
PUB_024980,COMPUTER_SCIENCE
PUB_024981,COMPUTER_SCIENCE
PUB_024982,ENGINEERING
PUB_024983,COMPUTER_SCIENCE
PUB_024984,COMPUTER_SCIENCE
PUB_024985,COMPUTER_SCIENCE
PUB_024986,COMPUTER_SCIENCE
PUB_024987,ENGINEERING
PUB_024987,COMPUTER_SCIENCE
PUB_024988,PHYSICS_AND_ASTRONOMY
PUB_024988,COMPUTER_SCIENCE
PUB_024989,COMPUTER_SCIENCE
PUB_024990,ENGINEERING
PUB_024990,MATERIALS_SCIENCE
PUB_024991,ENGINEERING
PUB_024992,ENGINEERING
PUB_024993,ENGINEERING
PUB_024994,ENGINEERING
PUB_024994,PHYSICS_AND_ASTRONOMY
PUB_024995,ENGINEERING
PUB_024995,COMPUTER_SCIENCE
PUB_024996,ENGINEERING
PUB_024996,MATERIALS_SCIENCE
PUB_024997,PHYSICS_AND_ASTRONOMY
PUB_024997,COMPUTER_SCIENCE
PUB_024998,ENGINEERING
PUB_024998,COMPUTER_SCIENCE
PUB_024999,COMPUTER_SCIENCE
PUB_025000,COMPUTER_SCIENCE
PUB_025001,ENGINEERING
PUB_025002,COMPUTER_SCIENCE
PUB_025003,MATHEMATICS
PUB_025003,COMPUTER_SCIENCE
PUB_025004,ENGINEERING
PUB_025005,COMPUTER_SCIENCE
PUB_025006,COMPUTER_SCIENCE
PUB_025007,ENGINEERING
PUB_025007,COMPUTER_SCIENCE
PUB_025008,ENGINEERING
PUB_025008,PHYSICS_AND_ASTRONOMY
PUB_025009,ENGINEERING
PUB_025010,ENGINEERING
PUB_025011,ENGINEERING
PUB_025012,COMPUTER_SCIENCE
PUB_025013,ENGINEERING
PUB_025014,COMPUTER_SCIENCE
PUB_025015,ENGINEERING
PUB_025015,COMPUTER_SCIENCE
PUB_025016,COMPUTER_SCIENCE
PUB_025017,COMPUTER_SCIENCE
PUB_025018,ENGINEERING
PUB_025019,ENGINEERING
PUB_025020,COMPUTER_SCIENCE
PUB_025021,COMPUTER_SCIENCE
PUB_025022,ENGINEERING
PUB_025023,ENGINEERING
PUB_025024,ENGINEERING
PUB_025024,MATERIALS_SCIENCE
PUB_025025,ENGINEERING
PUB_025025,MATERIALS_SCIENCE
PUB_025026,ENGINEERING
PUB_025026,MATERIALS_SCIENCE
PUB_025027,ENGINEERING
PUB_025028,COMPUTER_SCIENCE
PUB_025028,ENGINEERING
PUB_025029,ENGINEERING
PUB_025029,MATERIALS_SCIENCE
PUB_025030,COMPUTER_SCIENCE
PUB_025031,ENGINEERING
PUB_025031,MATERIALS_SCIENCE
PUB_025032,ENGINEERING
PUB_025032,MATERIALS_SCIENCE
PUB_025033,ENGINEERING
PUB_025034,ENGINEERING
PUB_025034,MATERIALS_SCIENCE
PUB_025035,ENGINEERING
PUB_025035,MATERIALS_SCIENCE
PUB_025036,ENGINEERING
PUB_025036,COMPUTER_SCIENCE
PUB_025037,ENGINEERING
PUB_025037,MATERIALS_SCIENCE
PUB_025038,COMPUTER_SCIENCE
PUB_025039,ENGINEERING
PUB_025040,COMPUTER_SCIENCE
PUB_025041,ENGINEERING
PUB_025041,MATERIALS_SCIENCE
PUB_025042,ENGINEERING
PUB_025043,ENGINEERING
PUB_025044,ENGINEERING
PUB_025044,ENERGY
PUB_025045,ENGINEERING
PUB_025046,COMPUTER_SCIENCE
PUB_025047,ENGINEERING
PUB_025048,COMPUTER_SCIENCE
PUB_025049,ENGINEERING
PUB_025050,COMPUTER_SCIENCE
PUB_025050,PHYSICS_AND_ASTRONOMY
PUB_025051,ENGINEERING
PUB_025051,MATERIALS_SCIENCE
PUB_025052,COMPUTER_SCIENCE
PUB_025053,COMPUTER_SCIENCE
PUB_025054,COMPUTER_SCIENCE
PUB_025055,ENGINEERING
PUB_025055,COMPUTER_SCIENCE
PUB_025056,ENGINEERING
PUB_025057,ENGINEERING
PUB_025057,COMPUTER_SCIENCE
PUB_025058,ENGINEERING
PUB_025059,COMPUTER_SCIENCE
PUB_025059,ENGINEERING
PUB_025060,ENGINEERING
PUB_025060,MATERIALS_SCIENCE
PUB_025061,ENGINEERING
PUB_025062,COMPUTER_SCIENCE
PUB_025063,COMPUTER_SCIENCE
PUB_025064,ENGINEERING
PUB_025065,COMPUTER_SCIENCE
PUB_025066,ENGINEERING
PUB_025066,MATHEMATICS
PUB_025067,ENGINEERING
PUB_025067,COMPUTER_SCIENCE
PUB_025068,ENGINEERING
PUB_025068,MATERIALS_SCIENCE
PUB_025069,ENGINEERING
PUB_025070,ENGINEERING
PUB_025070,MATERIALS_SCIENCE
PUB_025070,ENERGY
PUB_025071,ENGINEERING
PUB_025071,MATERIALS_SCIENCE
PUB_025072,ENGINEERING
PUB_025072,MATERIALS_SCIENCE
PUB_025073,ENGINEERING
PUB_025074,ENGINEERING
PUB_025075,ENGINEERING
PUB_025075,MATERIALS_SCIENCE
PUB_025076,COMPUTER_SCIENCE
PUB_025077,COMPUTER_SCIENCE
PUB_025078,ENGINEERING
PUB_025078,MATERIALS_SCIENCE
PUB_025079,ENGINEERING
PUB_025079,PHYSICS_AND_ASTRONOMY
PUB_025080,ENGINEERING
PUB_025080,PHYSICS_AND_ASTRONOMY
PUB_025081,ENGINEERING
PUB_025081,PHYSICS_AND_ASTRONOMY
PUB_025082,ENGINEERING
PUB_025083,ENGINEERING
PUB_025083,PHYSICS_AND_ASTRONOMY
PUB_025084,ENGINEERING
PUB_025084,ENERGY
PUB_025085,ENGINEERING
PUB_025085,MATERIALS_SCIENCE
PUB_025086,COMPUTER_SCIENCE
PUB_025087,ENGINEERING
PUB_025087,COMPUTER_SCIENCE
PUB_025088,ENGINEERING
PUB_025088,ENERGY
PUB_025089,ENGINEERING
PUB_025089,ENERGY
PUB_025090,ENGINEERING
PUB_025090,MATERIALS_SCIENCE
PUB_025091,ENGINEERING
PUB_025091,MATERIALS_SCIENCE
PUB_025092,COMPUTER_SCIENCE
PUB_025093,ENGINEERING
PUB_025093,MATERIALS_SCIENCE
PUB_025094,ENGINEERING
PUB_025094,MATERIALS_SCIENCE
PUB_025095,ENGINEERING
PUB_025095,MATERIALS_SCIENCE
PUB_025096,ENGINEERING
PUB_025096,MATERIALS_SCIENCE
PUB_025097,ENGINEERING
PUB_025097,PHYSICS_AND_ASTRONOMY
PUB_025098,ENGINEERING
PUB_025098,MATERIALS_SCIENCE
PUB_025099,ENGINEERING
PUB_025099,PHYSICS_AND_ASTRONOMY
PUB_025100,ENGINEERING
PUB_025101,ENGINEERING
PUB_025101,MATERIALS_SCIENCE
PUB_025102,COMPUTER_SCIENCE
PUB_025103,COMPUTER_SCIENCE
PUB_025104,ENGINEERING
PUB_025104,MATERIALS_SCIENCE
PUB_025105,COMPUTER_SCIENCE
PUB_025106,COMPUTER_SCIENCE
PUB_025107,ENGINEERING
PUB_025108,ENGINEERING
PUB_025108,PHYSICS_AND_ASTRONOMY
PUB_025109,ENGINEERING
PUB_025110,ENGINEERING
PUB_025110,PHYSICS_AND_ASTRONOMY
PUB_025111,ENGINEERING
PUB_025111,PHYSICS_AND_ASTRONOMY
PUB_025111,MATERIALS_SCIENCE
PUB_025112,ENGINEERING
PUB_025113,ENGINEERING
PUB_025113,MATERIALS_SCIENCE
PUB_025114,ENGINEERING
PUB_025114,COMPUTER_SCIENCE
PUB_025115,ENGINEERING
PUB_025115,MATERIALS_SCIENCE
PUB_025115,ENERGY
PUB_025116,ENGINEERING
PUB_025116,MATERIALS_SCIENCE
PUB_025117,ENGINEERING
PUB_025117,MATERIALS_SCIENCE
PUB_025118,ENGINEERING
PUB_025118,PHYSICS_AND_ASTRONOMY
PUB_025118,MATERIALS_SCIENCE
PUB_025119,COMPUTER_SCIENCE
PUB_025119,PHYSICS_AND_ASTRONOMY
PUB_025120,ENGINEERING
PUB_025120,MATERIALS_SCIENCE
PUB_025121,ENGINEERING
PUB_025121,COMPUTER_SCIENCE
PUB_025122,ENGINEERING
PUB_025123,ENGINEERING
PUB_025123,MATERIALS_SCIENCE
PUB_025124,COMPUTER_SCIENCE
PUB_025124,MATHEMATICS
PUB_025125,ENGINEERING
PUB_025125,COMPUTER_SCIENCE
PUB_025126,COMPUTER_SCIENCE
PUB_025127,COMPUTER_SCIENCE
PUB_025128,COMPUTER_SCIENCE
PUB_025129,COMPUTER_SCIENCE
PUB_025130,ENGINEERING
PUB_025130,PHYSICS_AND_ASTRONOMY
PUB_025131,ENGINEERING
PUB_025132,ENGINEERING
PUB_025133,COMPUTER_SCIENCE
PUB_025133,ENERGY
PUB_025134,ENGINEERING
PUB_025134,MATERIALS_SCIENCE
PUB_025135,ENGINEERING
PUB_025135,MATERIALS_SCIENCE
PUB_025136,ENGINEERING
PUB_025136,ENERGY
PUB_025137,ENGINEERING
PUB_025138,ENGINEERING
PUB_025138,MATERIALS_SCIENCE
PUB_025139,COMPUTER_SCIENCE
PUB_025139,ENGINEERING
PUB_025140,ENGINEERING
PUB_025140,COMPUTER_SCIENCE
PUB_025141,ENGINEERING
PUB_025141,ENERGY
PUB_025142,ENGINEERING
PUB_025143,COMPUTER_SCIENCE
PUB_025144,ENGINEERING
PUB_025144,MATERIALS_SCIENCE
PUB_025145,ENGINEERING
PUB_025145,MATERIALS_SCIENCE
PUB_025146,ENGINEERING
PUB_025146,COMPUTER_SCIENCE
PUB_025147,COMPUTER_SCIENCE
PUB_025147,ENGINEERING
PUB_025148,COMPUTER_SCIENCE
PUB_025149,COMPUTER_SCIENCE
PUB_025150,ENGINEERING
PUB_025151,COMPUTER_SCIENCE
PUB_025152,COMPUTER_SCIENCE
PUB_025153,COMPUTER_SCIENCE
PUB_025154,COMPUTER_SCIENCE
PUB_025154,ENGINEERING
PUB_025155,COMPUTER_SCIENCE
PUB_025156,ENGINEERING
PUB_025157,COMPUTER_SCIENCE
PUB_025157,ENGINEERING
PUB_025158,COMPUTER_SCIENCE
PUB_025159,ENGINEERING
PUB_025160,COMPUTER_SCIENCE
PUB_025161,ENGINEERING
PUB_025161,MATERIALS_SCIENCE
PUB_025162,ENGINEERING
PUB_025163,ENGINEERING
PUB_025163,MATERIALS_SCIENCE
PUB_025164,COMPUTER_SCIENCE
PUB_025165,COMPUTER_SCIENCE
PUB_025166,COMPUTER_SCIENCE
PUB_025167,ENGINEERING
PUB_025167,MATERIALS_SCIENCE
PUB_025168,COMPUTER_SCIENCE
PUB_025169,ENGINEERING
PUB_025170,ENGINEERING
PUB_025170,MATERIALS_SCIENCE
PUB_025171,ENGINEERING
PUB_025171,MATERIALS_SCIENCE
PUB_025172,ENGINEERING
PUB_025172,MATERIALS_SCIENCE
PUB_025173,ENGINEERING
PUB_025174,COMPUTER_SCIENCE
PUB_025175,ENGINEERING
PUB_025176,ENGINEERING
PUB_025176,MATERIALS_SCIENCE
PUB_025177,ENGINEERING
PUB_025178,COMPUTER_SCIENCE
PUB_025179,ENGINEERING
PUB_025179,MATERIALS_SCIENCE
PUB_025180,COMPUTER_SCIENCE
PUB_025181,ENGINEERING
PUB_025181,MATERIALS_SCIENCE
PUB_025182,ENGINEERING
PUB_025183,COMPUTER_SCIENCE
PUB_025183,ENGINEERING
PUB_025184,ENGINEERING
PUB_025184,MATERIALS_SCIENCE
PUB_025185,ENGINEERING
PUB_025185,ENERGY
PUB_025186,ENGINEERING
PUB_025186,MATERIALS_SCIENCE
PUB_025187,ENGINEERING
PUB_025187,MATERIALS_SCIENCE
PUB_025188,ENGINEERING
PUB_025188,MATERIALS_SCIENCE
PUB_025189,COMPUTER_SCIENCE
PUB_025190,ENGINEERING
PUB_025190,MATERIALS_SCIENCE
PUB_025190,ENERGY
PUB_025191,ENGINEERING
PUB_025191,MATERIALS_SCIENCE
PUB_025192,COMPUTER_SCIENCE
PUB_025193,COMPUTER_SCIENCE
PUB_025194,COMPUTER_SCIENCE
PUB_025195,COMPUTER_SCIENCE
PUB_025195,ENGINEERING
PUB_025196,ENGINEERING
PUB_025197,ENGINEERING
PUB_025198,ENGINEERING
PUB_025198,MATERIALS_SCIENCE
PUB_025199,COMPUTER_SCIENCE
PUB_025200,ENGINEERING
PUB_025201,ENGINEERING
PUB_025201,MATERIALS_SCIENCE
PUB_025202,ENGINEERING
PUB_025203,ENGINEERING
PUB_025204,COMPUTER_SCIENCE
PUB_025205,ENGINEERING
PUB_025205,MATERIALS_SCIENCE
PUB_025206,ENGINEERING
PUB_025206,ENERGY
PUB_025207,ENGINEERING
PUB_025208,ENGINEERING
PUB_025209,COMPUTER_SCIENCE
PUB_025210,ENGINEERING
PUB_025210,ENERGY
PUB_025211,ENGINEERING
PUB_025211,MATERIALS_SCIENCE
PUB_025212,COMPUTER_SCIENCE
PUB_025212,ENGINEERING
PUB_025213,ENGINEERING
PUB_025213,MATERIALS_SCIENCE
PUB_025214,ENGINEERING
PUB_025214,MATERIALS_SCIENCE
PUB_025215,ENGINEERING
PUB_025216,COMPUTER_SCIENCE
PUB_025217,COMPUTER_SCIENCE
PUB_025217,PHYSICS_AND_ASTRONOMY
PUB_025218,ENGINEERING
PUB_025219,COMPUTER_SCIENCE
PUB_025220,COMPUTER_SCIENCE
PUB_025220,ENGINEERING
PUB_025221,COMPUTER_SCIENCE
PUB_025222,ENGINEERING
PUB_025222,PHYSICS_AND_ASTRONOMY
PUB_025223,ENGINEERING
PUB_025224,COMPUTER_SCIENCE
PUB_025225,ENGINEERING
PUB_025226,ENGINEERING
PUB_025226,COMPUTER_SCIENCE
PUB_025227,ENGINEERING
PUB_025227,PHYSICS_AND_ASTRONOMY
PUB_025228,COMPUTER_SCIENCE
PUB_025229,COMPUTER_SCIENCE
PUB_025230,COMPUTER_SCIENCE
PUB_025231,ENGINEERING
PUB_025232,COMPUTER_SCIENCE
PUB_025233,COMPUTER_SCIENCE
PUB_025234,COMPUTER_SCIENCE
PUB_025235,COMPUTER_SCIENCE
PUB_025235,ENGINEERING
PUB_025236,COMPUTER_SCIENCE
PUB_025237,ENGINEERING
PUB_025237,MATERIALS_SCIENCE
PUB_025238,COMPUTER_SCIENCE
PUB_025239,COMPUTER_SCIENCE
PUB_025240,COMPUTER_SCIENCE
PUB_025241,COMPUTER_SCIENCE
PUB_025242,ENGINEERING
PUB_025243,COMPUTER_SCIENCE
PUB_025244,ENGINEERING
PUB_025245,ENGINEERING
PUB_025245,MATHEMATICS
PUB_025246,ENGINEERING
PUB_025246,MATERIALS_SCIENCE
PUB_025247,ENGINEERING
PUB_025248,ENGINEERING
PUB_025249,ENGINEERING
PUB_025250,ENGINEERING
PUB_025250,COMPUTER_SCIENCE
PUB_025251,COMPUTER_SCIENCE
PUB_025252,ENGINEERING
PUB_025252,MATERIALS_SCIENCE
PUB_025253,ENGINEERING
PUB_025254,COMPUTER_SCIENCE
PUB_025254,ENGINEERING
PUB_025255,ENGINEERING
PUB_025255,MATERIALS_SCIENCE
PUB_025256,ENGINEERING
PUB_025257,COMPUTER_SCIENCE
PUB_025258,ENGINEERING
PUB_025259,COMPUTER_SCIENCE
PUB_025260,ENGINEERING
PUB_025260,MATERIALS_SCIENCE
PUB_025261,COMPUTER_SCIENCE
PUB_025262,ENGINEERING
PUB_025263,ENGINEERING
PUB_025264,COMPUTER_SCIENCE
PUB_025265,ENGINEERING
PUB_025265,COMPUTER_SCIENCE
PUB_025266,COMPUTER_SCIENCE
PUB_025267,COMPUTER_SCIENCE
PUB_025268,ENGINEERING
PUB_025268,MATERIALS_SCIENCE
PUB_025269,COMPUTER_SCIENCE
PUB_025270,ENGINEERING
PUB_025271,COMPUTER_SCIENCE
PUB_025272,ENGINEERING
PUB_025273,COMPUTER_SCIENCE
PUB_025274,ENGINEERING
PUB_025275,ENGINEERING
PUB_025276,ENGINEERING
PUB_025276,COMPUTER_SCIENCE
PUB_025277,ENGINEERING
PUB_025278,COMPUTER_SCIENCE
PUB_025279,ENGINEERING
PUB_025279,COMPUTER_SCIENCE
PUB_025280,ENGINEERING
PUB_025281,ENGINEERING
PUB_025281,COMPUTER_SCIENCE
PUB_025282,ENGINEERING
PUB_025282,COMPUTER_SCIENCE
PUB_025283,ENGINEERING
PUB_025283,COMPUTER_SCIENCE
PUB_025284,ENGINEERING
PUB_025284,MATERIALS_SCIENCE
PUB_025285,COMPUTER_SCIENCE
PUB_025286,COMPUTER_SCIENCE
PUB_025287,ENGINEERING
PUB_025287,COMPUTER_SCIENCE
PUB_025288,COMPUTER_SCIENCE
PUB_025289,COMPUTER_SCIENCE
PUB_025290,COMPUTER_SCIENCE
PUB_025290,ENGINEERING
PUB_025291,ENGINEERING
PUB_025291,MATERIALS_SCIENCE
PUB_025292,ENGINEERING
PUB_025292,MATERIALS_SCIENCE
PUB_025292,ENERGY
PUB_025293,COMPUTER_SCIENCE
PUB_025294,ENGINEERING
PUB_025295,ENGINEERING
PUB_025296,ENGINEERING
PUB_025297,COMPUTER_SCIENCE
PUB_025298,COMPUTER_SCIENCE
PUB_025298,ENGINEERING
PUB_025299,COMPUTER_SCIENCE
PUB_025300,COMPUTER_SCIENCE
PUB_025301,COMPUTER_SCIENCE
PUB_025302,COMPUTER_SCIENCE
PUB_025303,COMPUTER_SCIENCE
PUB_025303,ENGINEERING
PUB_025304,ENGINEERING
PUB_025305,ENGINEERING
PUB_025305,PHYSICS_AND_ASTRONOMY
PUB_025306,COMPUTER_SCIENCE
PUB_025306,ENGINEERING
PUB_025307,ENGINEERING
PUB_025308,COMPUTER_SCIENCE
PUB_025309,ENGINEERING
PUB_025309,MATERIALS_SCIENCE
PUB_025309,ENERGY
PUB_025310,ENGINEERING
PUB_025310,MATERIALS_SCIENCE
PUB_025310,ENERGY
PUB_025311,COMPUTER_SCIENCE
PUB_025312,ENGINEERING
PUB_025313,ENGINEERING
PUB_025314,ENGINEERING
PUB_025314,ENERGY
PUB_025315,ENGINEERING
PUB_025315,ENERGY
PUB_025316,ENGINEERING
PUB_025317,COMPUTER_SCIENCE
PUB_025318,ENGINEERING
PUB_025318,PHYSICS_AND_ASTRONOMY
PUB_025319,ENGINEERING
PUB_025320,ENGINEERING
PUB_025320,COMPUTER_SCIENCE
PUB_025321,COMPUTER_SCIENCE
PUB_025322,ENGINEERING
PUB_025323,ENGINEERING
PUB_025323,MATERIALS_SCIENCE
PUB_025324,COMPUTER_SCIENCE
PUB_025325,COMPUTER_SCIENCE
PUB_025326,ENGINEERING
PUB_025327,ENGINEERING
PUB_025328,ENGINEERING
PUB_025329,COMPUTER_SCIENCE
PUB_025330,COMPUTER_SCIENCE
PUB_025330,ENGINEERING
PUB_025331,ENGINEERING
PUB_025332,COMPUTER_SCIENCE
PUB_025333,ENGINEERING
PUB_025333,MATERIALS_SCIENCE
PUB_025334,ENGINEERING
PUB_025334,MATERIALS_SCIENCE
PUB_025335,COMPUTER_SCIENCE
PUB_025336,COMPUTER_SCIENCE
PUB_025336,ENGINEERING
PUB_025337,COMPUTER_SCIENCE
PUB_025338,COMPUTER_SCIENCE
PUB_025339,COMPUTER_SCIENCE
PUB_025340,ENGINEERING
PUB_025341,COMPUTER_SCIENCE
PUB_025342,ENGINEERING
PUB_025343,COMPUTER_SCIENCE
PUB_025344,ENGINEERING
PUB_025344,PHYSICS_AND_ASTRONOMY
PUB_025345,ENGINEERING
PUB_025345,MATERIALS_SCIENCE
PUB_025346,ENGINEERING
PUB_025347,COMPUTER_SCIENCE
PUB_025348,COMPUTER_SCIENCE
PUB_025349,ENGINEERING
PUB_025350,ENGINEERING
PUB_025351,ENGINEERING
PUB_025351,COMPUTER_SCIENCE
PUB_025352,ENGINEERING
PUB_025353,ENGINEERING
PUB_025354,ENGINEERING
PUB_025354,PHYSICS_AND_ASTRONOMY
PUB_025355,ENGINEERING
PUB_025355,MATHEMATICS
PUB_025356,COMPUTER_SCIENCE
PUB_025356,ENGINEERING
PUB_025357,ENGINEERING
PUB_025357,MATERIALS_SCIENCE
PUB_025358,COMPUTER_SCIENCE
PUB_025359,ENGINEERING
PUB_025360,ENGINEERING
PUB_025361,COMPUTER_SCIENCE
PUB_025362,COMPUTER_SCIENCE
PUB_025363,ENGINEERING
PUB_025364,ENGINEERING
PUB_025364,COMPUTER_SCIENCE
PUB_025365,COMPUTER_SCIENCE
PUB_025366,ENGINEERING
PUB_025366,MATERIALS_SCIENCE
PUB_025367,ENGINEERING
PUB_025368,COMPUTER_SCIENCE
PUB_025369,COMPUTER_SCIENCE
PUB_025370,ENGINEERING
PUB_025370,MATERIALS_SCIENCE
PUB_025371,COMPUTER_SCIENCE
PUB_025371,ENGINEERING
PUB_025372,ENGINEERING
PUB_025373,COMPUTER_SCIENCE
PUB_025374,COMPUTER_SCIENCE
PUB_025375,ENGINEERING
PUB_025375,COMPUTER_SCIENCE
PUB_025376,ENGINEERING
PUB_025376,PHYSICS_AND_ASTRONOMY
PUB_025377,COMPUTER_SCIENCE
PUB_025378,ENGINEERING
PUB_025379,COMPUTER_SCIENCE
PUB_025380,ENGINEERING
PUB_025381,ENGINEERING
PUB_025381,COMPUTER_SCIENCE
PUB_025382,COMPUTER_SCIENCE
PUB_025383,ENGINEERING
PUB_025383,PHYSICS_AND_ASTRONOMY
PUB_025383,MATHEMATICS
PUB_025384,COMPUTER_SCIENCE
PUB_025384,ENGINEERING
PUB_025385,ENGINEERING
PUB_025386,COMPUTER_SCIENCE
PUB_025387,COMPUTER_SCIENCE
PUB_025387,ENGINEERING
PUB_025388,COMPUTER_SCIENCE
PUB_025388,ENGINEERING
PUB_025389,ENGINEERING
PUB_025389,MATERIALS_SCIENCE
PUB_025390,ENGINEERING
PUB_025391,COMPUTER_SCIENCE
PUB_025392,ENGINEERING
PUB_025392,MATERIALS_SCIENCE
PUB_025393,ENGINEERING
PUB_025394,COMPUTER_SCIENCE
PUB_025395,ENGINEERING
PUB_025395,PHYSICS_AND_ASTRONOMY
PUB_025396,COMPUTER_SCIENCE
PUB_025396,ENGINEERING
PUB_025397,ENGINEERING
PUB_025397,COMPUTER_SCIENCE
PUB_025398,COMPUTER_SCIENCE
PUB_025399,COMPUTER_SCIENCE
PUB_025400,COMPUTER_SCIENCE
PUB_025400,ENGINEERING
PUB_025400,ENERGY
PUB_025401,ENGINEERING
PUB_025402,COMPUTER_SCIENCE
PUB_025403,COMPUTER_SCIENCE
PUB_025404,ENGINEERING
PUB_025404,MATERIALS_SCIENCE
PUB_025405,ENGINEERING
PUB_025405,COMPUTER_SCIENCE
PUB_025406,COMPUTER_SCIENCE
PUB_025406,ENGINEERING
PUB_025407,ENGINEERING
PUB_025408,ENGINEERING
PUB_025408,MATERIALS_SCIENCE
PUB_025409,ENGINEERING
PUB_025409,COMPUTER_SCIENCE
PUB_025410,COMPUTER_SCIENCE
PUB_025411,COMPUTER_SCIENCE
PUB_025411,ENGINEERING
PUB_025412,ENGINEERING
PUB_025413,ENGINEERING
PUB_025414,ENGINEERING
PUB_025415,COMPUTER_SCIENCE
PUB_025416,COMPUTER_SCIENCE
PUB_025417,COMPUTER_SCIENCE
PUB_025418,COMPUTER_SCIENCE
PUB_025419,ENGINEERING
PUB_025420,COMPUTER_SCIENCE
PUB_025421,ENGINEERING
PUB_025422,ENGINEERING
PUB_025423,ENGINEERING
PUB_025424,COMPUTER_SCIENCE
PUB_025424,ENERGY
PUB_025425,ENGINEERING
PUB_025425,COMPUTER_SCIENCE
PUB_025426,COMPUTER_SCIENCE
PUB_025427,ENGINEERING
PUB_025428,COMPUTER_SCIENCE
PUB_025429,ENGINEERING
PUB_025429,COMPUTER_SCIENCE
PUB_025430,COMPUTER_SCIENCE
PUB_025430,ENGINEERING
PUB_025431,COMPUTER_SCIENCE
PUB_025432,COMPUTER_SCIENCE
PUB_025433,COMPUTER_SCIENCE
PUB_025434,ENGINEERING
PUB_025434,COMPUTER_SCIENCE
PUB_025435,COMPUTER_SCIENCE
PUB_025436,ENGINEERING
PUB_025437,ENGINEERING
PUB_025437,MATERIALS_SCIENCE
PUB_025438,COMPUTER_SCIENCE
PUB_025439,ENGINEERING
PUB_025439,COMPUTER_SCIENCE
PUB_025440,COMPUTER_SCIENCE
PUB_025441,ENGINEERING
PUB_025442,COMPUTER_SCIENCE
PUB_025443,COMPUTER_SCIENCE
PUB_025444,COMPUTER_SCIENCE
PUB_025445,ENGINEERING
PUB_025446,ENGINEERING
PUB_025446,MATERIALS_SCIENCE
PUB_025447,ENGINEERING
PUB_025448,COMPUTER_SCIENCE
PUB_025449,ENGINEERING
PUB_025449,MATERIALS_SCIENCE
PUB_025450,COMPUTER_SCIENCE
PUB_025451,ENGINEERING
PUB_025451,MATERIALS_SCIENCE
PUB_025452,COMPUTER_SCIENCE
PUB_025453,COMPUTER_SCIENCE
PUB_025453,ENGINEERING
PUB_025454,COMPUTER_SCIENCE
PUB_025455,COMPUTER_SCIENCE
PUB_025456,ENGINEERING
PUB_025457,COMPUTER_SCIENCE
PUB_025458,ENGINEERING
PUB_025459,COMPUTER_SCIENCE
PUB_025459,ENGINEERING
PUB_025460,ENGINEERING
PUB_025461,ENGINEERING
PUB_025461,COMPUTER_SCIENCE
PUB_025462,COMPUTER_SCIENCE
PUB_025463,ENGINEERING
PUB_025464,COMPUTER_SCIENCE
PUB_025464,ENGINEERING
PUB_025465,COMPUTER_SCIENCE
PUB_025466,ENGINEERING
PUB_025467,COMPUTER_SCIENCE
PUB_025467,ENGINEERING
PUB_025468,COMPUTER_SCIENCE
PUB_025469,ENGINEERING
PUB_025470,COMPUTER_SCIENCE
PUB_025471,ENGINEERING
PUB_025471,COMPUTER_SCIENCE
PUB_025472,ENGINEERING
PUB_025473,COMPUTER_SCIENCE
PUB_025473,ENGINEERING
PUB_025474,COMPUTER_SCIENCE
PUB_025475,ENGINEERING
PUB_025475,MATERIALS_SCIENCE
PUB_025476,COMPUTER_SCIENCE
PUB_025476,ENGINEERING
PUB_025477,COMPUTER_SCIENCE
PUB_025477,PHYSICS_AND_ASTRONOMY
PUB_025478,COMPUTER_SCIENCE
PUB_025479,COMPUTER_SCIENCE
PUB_025479,ENGINEERING
PUB_025480,COMPUTER_SCIENCE
PUB_025481,COMPUTER_SCIENCE
PUB_025482,ENGINEERING
PUB_025483,ENGINEERING
PUB_025483,MATERIALS_SCIENCE
PUB_025484,ENGINEERING
PUB_025485,ENGINEERING
PUB_025486,ENGINEERING
PUB_025486,COMPUTER_SCIENCE
PUB_025487,COMPUTER_SCIENCE
PUB_025487,ENGINEERING
PUB_025488,COMPUTER_SCIENCE
PUB_025489,ENGINEERING
PUB_025490,COMPUTER_SCIENCE
PUB_025491,COMPUTER_SCIENCE
PUB_025492,ENGINEERING
PUB_025493,COMPUTER_SCIENCE
PUB_025494,ENGINEERING
PUB_025494,ENERGY
PUB_025495,COMPUTER_SCIENCE
PUB_025496,ENGINEERING
PUB_025497,ENGINEERING
PUB_025498,ENGINEERING
PUB_025499,ENGINEERING
PUB_025500,COMPUTER_SCIENCE
PUB_025501,ENGINEERING
PUB_025502,COMPUTER_SCIENCE
PUB_025502,ENGINEERING
PUB_025503,ENGINEERING
PUB_025503,COMPUTER_SCIENCE
PUB_025504,COMPUTER_SCIENCE
PUB_025505,ENGINEERING
PUB_025506,ENGINEERING
PUB_025506,COMPUTER_SCIENCE
PUB_025507,ENGINEERING
PUB_025508,COMPUTER_SCIENCE
PUB_025509,ENGINEERING
PUB_025510,COMPUTER_SCIENCE
PUB_025511,ENGINEERING
PUB_025512,ENGINEERING
PUB_025513,ENGINEERING
PUB_025514,ENGINEERING
PUB_025515,ENGINEERING
PUB_025516,ENGINEERING
PUB_025517,ENGINEERING
PUB_025517,ENERGY
PUB_025518,COMPUTER_SCIENCE
PUB_025519,ENGINEERING
PUB_025519,MATHEMATICS
PUB_025520,COMPUTER_SCIENCE
PUB_025521,ENGINEERING
PUB_025522,ENGINEERING
PUB_025522,MATHEMATICS
PUB_025523,COMPUTER_SCIENCE
PUB_025524,COMPUTER_SCIENCE
PUB_025525,ENGINEERING
PUB_025525,MATHEMATICS
PUB_025526,COMPUTER_SCIENCE
PUB_025527,COMPUTER_SCIENCE
PUB_025528,ENGINEERING
PUB_025529,ENGINEERING
PUB_025530,COMPUTER_SCIENCE
PUB_025530,ENGINEERING
PUB_025531,ENGINEERING
PUB_025532,ENGINEERING
PUB_025532,COMPUTER_SCIENCE
PUB_025533,ENGINEERING
PUB_025534,ENGINEERING
PUB_025534,MATERIALS_SCIENCE
PUB_025535,ENGINEERING
PUB_025535,MATHEMATICS
PUB_025536,COMPUTER_SCIENCE
PUB_025537,ENGINEERING
PUB_025537,COMPUTER_SCIENCE
PUB_025538,COMPUTER_SCIENCE
PUB_025539,ENGINEERING
PUB_025540,COMPUTER_SCIENCE
PUB_025541,COMPUTER_SCIENCE
PUB_025542,ENGINEERING
PUB_025543,ENGINEERING
PUB_025544,ENGINEERING
PUB_025545,COMPUTER_SCIENCE
PUB_025546,ENGINEERING
PUB_025546,PHYSICS_AND_ASTRONOMY
PUB_025546,MATERIALS_SCIENCE
PUB_025547,COMPUTER_SCIENCE
PUB_025548,COMPUTER_SCIENCE
PUB_025549,ENGINEERING
PUB_025550,COMPUTER_SCIENCE
PUB_025550,ENGINEERING
PUB_025551,ENGINEERING
PUB_025552,COMPUTER_SCIENCE
PUB_025553,ENGINEERING
PUB_025554,ENGINEERING
PUB_025554,MATERIALS_SCIENCE
PUB_025555,ENGINEERING
PUB_025556,COMPUTER_SCIENCE
PUB_025557,COMPUTER_SCIENCE
PUB_025558,COMPUTER_SCIENCE
PUB_025559,COMPUTER_SCIENCE
PUB_025560,COMPUTER_SCIENCE
PUB_025561,COMPUTER_SCIENCE
PUB_025561,ENGINEERING
PUB_025562,ENGINEERING
PUB_025562,MATERIALS_SCIENCE
PUB_025563,COMPUTER_SCIENCE
PUB_025563,ENGINEERING
PUB_025564,COMPUTER_SCIENCE
PUB_025564,ENGINEERING
PUB_025565,COMPUTER_SCIENCE
PUB_025566,COMPUTER_SCIENCE
PUB_025567,ENGINEERING
PUB_025568,COMPUTER_SCIENCE
PUB_025569,COMPUTER_SCIENCE
PUB_025570,COMPUTER_SCIENCE
PUB_025570,ENGINEERING
PUB_025571,COMPUTER_SCIENCE
PUB_025572,COMPUTER_SCIENCE
PUB_025572,ENGINEERING
PUB_025573,ENGINEERING
PUB_025574,ENGINEERING
PUB_025575,ENGINEERING
PUB_025575,MATERIALS_SCIENCE
PUB_025576,ENGINEERING
PUB_025577,COMPUTER_SCIENCE
PUB_025577,ENGINEERING
PUB_025578,COMPUTER_SCIENCE
PUB_025579,COMPUTER_SCIENCE
PUB_025580,COMPUTER_SCIENCE
PUB_025580,ENGINEERING
PUB_025581,ENGINEERING
PUB_025582,ENGINEERING
PUB_025582,COMPUTER_SCIENCE
PUB_025583,COMPUTER_SCIENCE
PUB_025583,ENGINEERING
PUB_025584,ENGINEERING
PUB_025585,COMPUTER_SCIENCE
PUB_025586,ENGINEERING
PUB_025586,COMPUTER_SCIENCE
PUB_025587,ENGINEERING
PUB_025587,COMPUTER_SCIENCE
PUB_025588,COMPUTER_SCIENCE
PUB_025589,COMPUTER_SCIENCE
PUB_025590,COMPUTER_SCIENCE
PUB_025591,COMPUTER_SCIENCE
PUB_025592,ENGINEERING
PUB_025593,COMPUTER_SCIENCE
PUB_025594,ENGINEERING
PUB_025595,ENGINEERING
PUB_025596,ENGINEERING
PUB_025597,ENGINEERING
PUB_025597,COMPUTER_SCIENCE
PUB_025598,ENGINEERING
PUB_025599,COMPUTER_SCIENCE
PUB_025600,COMPUTER_SCIENCE
PUB_025601,COMPUTER_SCIENCE
PUB_025601,ENGINEERING
PUB_025602,COMPUTER_SCIENCE
PUB_025603,COMPUTER_SCIENCE
PUB_025604,ENGINEERING
PUB_025605,ENGINEERING
PUB_025605,MATERIALS_SCIENCE
PUB_025606,ENGINEERING
PUB_025606,MATERIALS_SCIENCE
PUB_025607,COMPUTER_SCIENCE
PUB_025608,COMPUTER_SCIENCE
PUB_025609,COMPUTER_SCIENCE
PUB_025609,ENGINEERING
PUB_025610,ENGINEERING
PUB_025611,COMPUTER_SCIENCE
PUB_025612,ENGINEERING
PUB_025612,MATERIALS_SCIENCE
PUB_025613,COMPUTER_SCIENCE
PUB_025614,ENGINEERING
PUB_025614,PHYSICS_AND_ASTRONOMY
PUB_025615,ENGINEERING
PUB_025616,ENGINEERING
PUB_025616,MATERIALS_SCIENCE
PUB_025617,ENGINEERING
PUB_025618,ENGINEERING
PUB_025618,COMPUTER_SCIENCE
PUB_025619,ENGINEERING
PUB_025620,COMPUTER_SCIENCE
PUB_025621,ENGINEERING
PUB_025622,ENGINEERING
PUB_025623,ENGINEERING
PUB_025624,ENGINEERING
PUB_025625,COMPUTER_SCIENCE
PUB_025626,ENGINEERING
PUB_025627,ENGINEERING
PUB_025627,PHYSICS_AND_ASTRONOMY
PUB_025628,ENGINEERING
PUB_025629,ENGINEERING
PUB_025629,MATERIALS_SCIENCE
PUB_025630,ENGINEERING
PUB_025630,MATERIALS_SCIENCE
PUB_025631,COMPUTER_SCIENCE
PUB_025632,COMPUTER_SCIENCE
PUB_025633,COMPUTER_SCIENCE
PUB_025634,ENGINEERING
PUB_025634,COMPUTER_SCIENCE
PUB_025635,ENGINEERING
PUB_025635,MATERIALS_SCIENCE
PUB_025636,COMPUTER_SCIENCE
PUB_025637,COMPUTER_SCIENCE
PUB_025638,ENGINEERING
PUB_025638,PHYSICS_AND_ASTRONOMY
PUB_025638,MATERIALS_SCIENCE
PUB_025639,ENGINEERING
PUB_025640,ENGINEERING
PUB_025640,COMPUTER_SCIENCE
PUB_025641,ENGINEERING
PUB_025642,ENGINEERING
PUB_025643,ENGINEERING
PUB_025644,ENGINEERING
PUB_025644,COMPUTER_SCIENCE
PUB_025645,COMPUTER_SCIENCE
PUB_025646,ENGINEERING
PUB_025646,PHYSICS_AND_ASTRONOMY
PUB_025647,COMPUTER_SCIENCE
PUB_025648,ENGINEERING
PUB_025649,ENGINEERING
PUB_025650,ENGINEERING
PUB_025650,MATERIALS_SCIENCE
PUB_025651,ENGINEERING
PUB_025652,COMPUTER_SCIENCE
PUB_025652,ENGINEERING
PUB_025653,COMPUTER_SCIENCE
PUB_025653,ENGINEERING
PUB_025654,COMPUTER_SCIENCE
PUB_025655,ENGINEERING
PUB_025656,COMPUTER_SCIENCE
PUB_025657,COMPUTER_SCIENCE
PUB_025658,ENGINEERING
PUB_025659,COMPUTER_SCIENCE
PUB_025660,ENGINEERING
PUB_025661,ENGINEERING
PUB_025662,COMPUTER_SCIENCE
PUB_025662,ENGINEERING
PUB_025663,ENGINEERING
PUB_025664,ENGINEERING
PUB_025664,COMPUTER_SCIENCE
PUB_025665,COMPUTER_SCIENCE
PUB_025666,ENGINEERING
PUB_025667,ENGINEERING
PUB_025667,PHYSICS_AND_ASTRONOMY
PUB_025668,COMPUTER_SCIENCE
PUB_025669,ENGINEERING
PUB_025670,ENGINEERING
PUB_025671,COMPUTER_SCIENCE
PUB_025671,ENGINEERING
PUB_025672,COMPUTER_SCIENCE
PUB_025672,ENGINEERING
PUB_025673,COMPUTER_SCIENCE
PUB_025674,ENGINEERING
PUB_025675,COMPUTER_SCIENCE
PUB_025675,ENGINEERING
PUB_025676,ENGINEERING
PUB_025677,ENGINEERING
PUB_025678,ENGINEERING
PUB_025679,ENGINEERING
PUB_025680,COMPUTER_SCIENCE
PUB_025681,COMPUTER_SCIENCE
PUB_025682,COMPUTER_SCIENCE
PUB_025683,ENGINEERING
PUB_025684,ENGINEERING
PUB_025685,COMPUTER_SCIENCE
PUB_025686,COMPUTER_SCIENCE
PUB_025687,COMPUTER_SCIENCE
PUB_025688,ENGINEERING
PUB_025689,COMPUTER_SCIENCE
PUB_025689,ENGINEERING
PUB_025690,COMPUTER_SCIENCE
PUB_025691,ENGINEERING
PUB_025692,COMPUTER_SCIENCE
PUB_025693,ENGINEERING
PUB_025693,MATERIALS_SCIENCE
PUB_025694,ENGINEERING
PUB_025695,ENGINEERING
PUB_025695,COMPUTER_SCIENCE
PUB_025696,ENGINEERING
PUB_025696,COMPUTER_SCIENCE
PUB_025697,COMPUTER_SCIENCE
PUB_025697,ENGINEERING
PUB_025698,ENGINEERING
PUB_025699,ENGINEERING
PUB_025700,ENGINEERING
PUB_025700,MATERIALS_SCIENCE
PUB_025701,COMPUTER_SCIENCE
PUB_025702,ENGINEERING
PUB_025702,PHYSICS_AND_ASTRONOMY
PUB_025703,COMPUTER_SCIENCE
PUB_025703,MATHEMATICS
PUB_025704,ENGINEERING
PUB_025705,ENGINEERING
PUB_025706,COMPUTER_SCIENCE
PUB_025707,ENGINEERING
PUB_025708,COMPUTER_SCIENCE
PUB_025709,COMPUTER_SCIENCE
PUB_025710,COMPUTER_SCIENCE
PUB_025711,ENGINEERING
PUB_025712,COMPUTER_SCIENCE
PUB_025712,ENGINEERING
PUB_025713,COMPUTER_SCIENCE
PUB_025714,ENGINEERING
PUB_025715,COMPUTER_SCIENCE
PUB_025716,ENGINEERING
PUB_025716,COMPUTER_SCIENCE
PUB_025717,ENGINEERING
PUB_025718,ENGINEERING
PUB_025719,ENGINEERING
PUB_025720,COMPUTER_SCIENCE
PUB_025721,ENGINEERING
PUB_025721,COMPUTER_SCIENCE
PUB_025722,ENGINEERING
PUB_025722,COMPUTER_SCIENCE
PUB_025723,ENGINEERING
PUB_025723,COMPUTER_SCIENCE
PUB_025724,ENGINEERING
PUB_025724,COMPUTER_SCIENCE
PUB_025725,ENGINEERING
PUB_025726,COMPUTER_SCIENCE
PUB_025727,COMPUTER_SCIENCE
PUB_025728,ENGINEERING
PUB_025729,ENGINEERING
PUB_025729,COMPUTER_SCIENCE
PUB_025730,COMPUTER_SCIENCE
PUB_025730,ENGINEERING
PUB_025731,ENGINEERING
PUB_025731,MATERIALS_SCIENCE
PUB_025732,ENGINEERING
PUB_025732,COMPUTER_SCIENCE
PUB_025733,COMPUTER_SCIENCE
PUB_025733,PHYSICS_AND_ASTRONOMY
PUB_025734,COMPUTER_SCIENCE
PUB_025735,COMPUTER_SCIENCE
PUB_025735,MATHEMATICS
PUB_025735,MATERIALS_SCIENCE
PUB_025736,COMPUTER_SCIENCE
PUB_025737,ENGINEERING
PUB_025738,COMPUTER_SCIENCE
PUB_025739,ENGINEERING
PUB_025739,PHYSICS_AND_ASTRONOMY
PUB_025740,ENGINEERING
PUB_025740,COMPUTER_SCIENCE
PUB_025741,COMPUTER_SCIENCE
PUB_025742,COMPUTER_SCIENCE
PUB_025743,COMPUTER_SCIENCE
PUB_025744,COMPUTER_SCIENCE
PUB_025745,COMPUTER_SCIENCE
PUB_025745,ENGINEERING
PUB_025746,COMPUTER_SCIENCE
PUB_025746,ENGINEERING
PUB_025747,ENGINEERING
PUB_025747,COMPUTER_SCIENCE
PUB_025748,COMPUTER_SCIENCE
PUB_025748,ENGINEERING
PUB_025749,ENGINEERING
PUB_025750,COMPUTER_SCIENCE
PUB_025750,PHYSICS_AND_ASTRONOMY
PUB_025751,ENGINEERING
PUB_025752,COMPUTER_SCIENCE
PUB_025753,ENGINEERING
PUB_025754,COMPUTER_SCIENCE
PUB_025755,ENGINEERING
PUB_025755,PHYSICS_AND_ASTRONOMY
PUB_025756,COMPUTER_SCIENCE
PUB_025757,COMPUTER_SCIENCE
PUB_025757,PHYSICS_AND_ASTRONOMY
PUB_025757,ENGINEERING
PUB_025758,COMPUTER_SCIENCE
PUB_025759,COMPUTER_SCIENCE
PUB_025759,ENGINEERING
PUB_025760,COMPUTER_SCIENCE
PUB_025760,PHYSICS_AND_ASTRONOMY
PUB_025761,COMPUTER_SCIENCE
PUB_025762,ENGINEERING
PUB_025763,ENGINEERING
PUB_025763,PHYSICS_AND_ASTRONOMY
PUB_025763,MATHEMATICS
PUB_025764,COMPUTER_SCIENCE
PUB_025765,COMPUTER_SCIENCE
PUB_025766,COMPUTER_SCIENCE
PUB_025766,ENGINEERING
PUB_025767,COMPUTER_SCIENCE
PUB_025768,COMPUTER_SCIENCE
PUB_025768,PHYSICS_AND_ASTRONOMY
PUB_025769,ENGINEERING
PUB_025770,COMPUTER_SCIENCE
PUB_025771,ENGINEERING
PUB_025772,COMPUTER_SCIENCE
PUB_025773,ENGINEERING
PUB_025773,MATERIALS_SCIENCE
PUB_025774,ENGINEERING
PUB_025774,MATERIALS_SCIENCE
PUB_025775,ENGINEERING
PUB_025775,PHYSICS_AND_ASTRONOMY
PUB_025776,COMPUTER_SCIENCE
PUB_025776,MATHEMATICS
PUB_025776,ENGINEERING
PUB_025777,COMPUTER_SCIENCE
PUB_025777,MATERIALS_SCIENCE
PUB_025778,ENGINEERING
PUB_025778,MATERIALS_SCIENCE
PUB_025779,ENGINEERING
PUB_025780,COMPUTER_SCIENCE
PUB_025780,ENGINEERING
PUB_025781,ENGINEERING
PUB_025782,ENGINEERING
PUB_025783,ENGINEERING
PUB_025784,ENGINEERING
PUB_025785,COMPUTER_SCIENCE
PUB_025786,COMPUTER_SCIENCE
PUB_025787,COMPUTER_SCIENCE
PUB_025787,PHYSICS_AND_ASTRONOMY
PUB_025788,ENGINEERING
PUB_025788,MATERIALS_SCIENCE
PUB_025789,COMPUTER_SCIENCE
PUB_025790,ENGINEERING
PUB_025791,MATHEMATICS
PUB_025792,ENGINEERING
PUB_025792,COMPUTER_SCIENCE
PUB_025793,COMPUTER_SCIENCE
PUB_025794,COMPUTER_SCIENCE
PUB_025795,ENGINEERING
PUB_025796,COMPUTER_SCIENCE
PUB_025796,ENGINEERING
PUB_025797,COMPUTER_SCIENCE
PUB_025798,COMPUTER_SCIENCE
PUB_025798,ENGINEERING
PUB_025799,ENGINEERING
PUB_025799,MATERIALS_SCIENCE
PUB_025800,COMPUTER_SCIENCE
PUB_025801,COMPUTER_SCIENCE
PUB_025802,ENGINEERING
PUB_025802,COMPUTER_SCIENCE
PUB_025803,COMPUTER_SCIENCE
PUB_025804,ENGINEERING
PUB_025804,MATERIALS_SCIENCE
PUB_025805,ENGINEERING
PUB_025805,MATERIALS_SCIENCE
PUB_025806,ENGINEERING
PUB_025807,EEE
PUB_025808,EEE
PUB_025809,EEE
PUB_025810,EEE
PUB_025811,EEE
PUB_025812,EEE
PUB_025813,EEE
PUB_025814,EEE
PUB_025815,EEE
PUB_025816,EEE
PUB_025817,EEE
PUB_025818,EEE
PUB_025819,EEE
PUB_025820,EEE
PUB_025821,EEE
PUB_025822,EEE
PUB_025823,EEE
PUB_025824,EEE
PUB_025825,EEE
PUB_025826,EEE
PUB_025827,EEE
PUB_025828,EEE
PUB_025829,EEE
PUB_025830,EEE
PUB_025831,EEE
PUB_025832,EEE
PUB_025833,EEE
PUB_025834,EEE
PUB_025835,EEE
PUB_025836,EEE
PUB_025837,EEE
PUB_025838,EEE
PUB_025839,EEE
PUB_025840,EEE
PUB_025841,EEE
PUB_025842,EEE
PUB_025843,EEE
PUB_025844,EEE
PUB_025845,EEE
PUB_025846,EEE
PUB_025847,EEE
PUB_025848,EEE
PUB_025849,EEE
PUB_025850,EEE
PUB_025851,EEE
PUB_025852,EEE
PUB_025853,EEE
PUB_025854,EEE
PUB_025855,EEE
PUB_025856,EEE
PUB_025857,EEE
PUB_025858,EEE
PUB_025859,EEE
PUB_025860,EEE
PUB_025861,EEE
PUB_025862,EEE
PUB_025863,EEE
PUB_025864,EEE
PUB_025865,EEE
PUB_025866,EEE
PUB_025867,EEE
PUB_025868,EEE
PUB_025869,EEE
PUB_025870,EEE
PUB_025871,EEE
PUB_025872,EEE
PUB_025873,EEE
PUB_025874,EEE
PUB_025875,EEE
PUB_025876,EEE
PUB_025877,EEE
PUB_025878,EEE
PUB_025879,EEE
PUB_025880,EEE
PUB_025881,EEE
PUB_025882,EEE
PUB_025883,EEE
PUB_025884,EEE
PUB_025885,EEE
PUB_025886,EEE
PUB_025887,EEE
PUB_025888,EEE
PUB_025889,EEE
PUB_025890,EEE
PUB_025891,EEE
PUB_025892,EEE
PUB_025893,EEE
PUB_025894,EEE
PUB_025895,EEE
PUB_025896,EEE
PUB_025897,EEE
PUB_025898,EEE
PUB_025899,EEE
PUB_025900,EEE
PUB_025901,EEE
PUB_025902,EEE
PUB_025903,EEE
PUB_025904,EEE
PUB_025905,EEE
PUB_025906,EEE
PUB_025907,EEE
PUB_025908,EEE
PUB_025909,EEE
PUB_025910,EEE
PUB_025911,EEE
PUB_025912,EEE
PUB_025913,EEE
PUB_025914,EEE
PUB_025915,EEE
PUB_025916,EEE
PUB_025917,EEE
PUB_025918,EEE
PUB_025919,EEE
PUB_025920,EEE
PUB_025921,EEE
PUB_025922,EEE
PUB_025923,EEE
PUB_025924,EEE
PUB_025925,EEE
PUB_025926,EEE
PUB_025927,EEE
PUB_025928,EEE
PUB_025929,EEE
PUB_025930,EEE
PUB_025931,EEE
PUB_025932,EEE
PUB_025933,EEE
PUB_025934,EEE
PUB_025935,EEE
PUB_025936,EEE
PUB_025937,EEE
PUB_025938,EEE
PUB_025939,EEE
PUB_025940,EEE
PUB_025941,EEE
PUB_025942,EEE
PUB_025943,EEE
PUB_025944,EEE
PUB_025945,EEE
PUB_025946,EEE
PUB_025947,EEE
PUB_025948,EEE
PUB_025949,EEE
PUB_025950,EEE
PUB_025951,EEE
PUB_025952,EEE
PUB_025953,EEE
PUB_025954,EEE
PUB_025955,EEE
PUB_025956,EEE
PUB_025957,EEE
PUB_025958,EEE
PUB_025959,EEE
PUB_025960,EEE
PUB_025961,EEE
PUB_025962,EEE
PUB_025963,EEE
PUB_025964,EEE
PUB_025965,EEE
PUB_025966,EEE
PUB_025967,EEE
PUB_025968,EEE
PUB_025969,EEE
PUB_025970,EEE
PUB_025971,EEE
PUB_025972,EEE
PUB_025973,EEE
PUB_025974,EEE
PUB_025975,EEE
PUB_025976,EEE
PUB_025977,EEE
PUB_025978,EEE
PUB_025979,EEE
PUB_025980,EEE
PUB_025981,EEE
PUB_025982,EEE
PUB_025983,EEE
PUB_025984,EEE
PUB_025985,EEE
PUB_025986,EEE
PUB_025987,EEE
PUB_025988,EEE
PUB_025989,EEE
PUB_025990,EEE
PUB_025991,EEE
PUB_025992,EEE
PUB_025993,EEE
PUB_025994,EEE
PUB_025995,EEE
PUB_025996,EEE
PUB_025997,EEE
PUB_025998,EEE
PUB_025999,EEE
PUB_026000,EEE
PUB_026001,EEE
PUB_026002,EEE
PUB_026003,EEE
PUB_026004,EEE
PUB_026005,EEE
PUB_026006,EEE
PUB_026007,EEE
PUB_026008,EEE
PUB_026009,EEE
PUB_026010,EEE
PUB_026011,EEE
PUB_026012,EEE
PUB_026013,EEE
PUB_026014,EEE
PUB_026015,EEE
PUB_026016,EEE
PUB_026017,EEE
PUB_026018,EEE
PUB_026019,EEE
PUB_026020,EEE
PUB_026021,EEE
PUB_026022,EEE
PUB_026023,EEE
PUB_026024,EEE
PUB_026025,EEE
PUB_026026,EEE
PUB_026027,EEE
PUB_026028,EEE
PUB_026029,EEE
PUB_026030,EEE
PUB_026031,EEE
PUB_026032,EEE
PUB_026033,EEE
PUB_026034,EEE
PUB_026035,EEE
PUB_026036,EEE
PUB_026037,EEE
PUB_026038,EEE
PUB_026039,EEE
PUB_026040,EEE
PUB_026041,EEE
PUB_026042,EEE
PUB_026043,ECE
PUB_026044,ECE
PUB_026045,ECE
PUB_026046,ECE
PUB_026047,ECE
PUB_026048,ECE
PUB_026049,ECE
PUB_026050,ECE
PUB_026051,ECE
PUB_026052,ECE
PUB_026053,ECE
PUB_026054,ECE
PUB_026055,ECE
PUB_026056,ECE
PUB_026057,ECE
PUB_026058,ECE
PUB_026059,ECE
PUB_026060,ECE
PUB_026061,ECE
PUB_026062,ECE
PUB_026063,ECE
PUB_026064,ECE
PUB_026065,ECE
PUB_026066,ECE
PUB_026067,ECE
PUB_026068,ECE
PUB_026069,ECE
PUB_026070,ECE
PUB_026071,ECE
PUB_026072,ECE
PUB_026073,ECE
PUB_026074,ECE
PUB_026075,ECE
PUB_026076,ECE
PUB_026077,ECE
PUB_026078,ECE
PUB_026079,ECE
PUB_026080,ECE
PUB_026081,ECE
PUB_026082,ECE
PUB_026083,ECE
PUB_026084,ECE
PUB_026085,ECE
PUB_026086,ECE
PUB_026087,ECE
PUB_026088,ECE
PUB_026089,ECE
PUB_026090,ECE
PUB_026091,ECE
PUB_026092,ECE
PUB_026093,ECE
PUB_026094,ECE
PUB_026095,ECE
PUB_026096,ECE
PUB_026097,ECE
PUB_026098,ECE
PUB_026099,ECE
PUB_026100,ECE
PUB_026101,ECE
PUB_026102,ECE
PUB_026103,ECE
PUB_026104,ECE
PUB_026105,ECE
PUB_026106,ECE
PUB_026107,ECE
PUB_026108,ECE
PUB_026109,ECE
PUB_026110,ECE
PUB_026111,ECE
PUB_026112,ECE
PUB_026113,ECE
PUB_026114,ECE
PUB_026115,ECE
PUB_026116,ECE
PUB_026117,ECE
PUB_026118,ECE
PUB_026119,ECE
PUB_026120,ECE
PUB_026121,ECE
PUB_026122,ECE
PUB_026123,ECE
PUB_026124,ECE
PUB_026125,ECE
PUB_026126,ECE
PUB_026127,ECE
PUB_026128,ECE
PUB_026129,ECE
PUB_026130,ECE
PUB_026131,ECE
PUB_026132,ECE
PUB_026133,ECE
PUB_026134,ECE
PUB_026135,ECE
PUB_026136,ECE
PUB_026137,ECE
PUB_026138,ECE
PUB_026139,ECE
PUB_026140,ECE
PUB_026141,ECE
PUB_026142,ECE
PUB_026143,ECE
PUB_026144,ECE
PUB_026145,ECE
PUB_026146,ECE
PUB_026147,ECE
PUB_026148,ECE
PUB_026149,ECE
PUB_026150,ECE
PUB_026151,ECE
PUB_026152,ECE
PUB_026153,ECE
PUB_026154,ECE
PUB_026155,ECE
PUB_026156,ECE
PUB_026157,ECE
PUB_026158,ECE
PUB_026159,ECE
PUB_026160,ECE
PUB_026161,ECE
PUB_026162,ECE
PUB_026163,ECE
PUB_026164,ECE
PUB_026165,ECE
PUB_026166,ECE
PUB_026167,ECE
PUB_026168,ECE
PUB_026169,ECE
PUB_026170,ECE
PUB_026171,ECE
PUB_026172,ECE
PUB_026173,ECE
PUB_026174,ECE
PUB_026175,ECE
PUB_026176,ECE
PUB_026177,ECE
PUB_026178,ECE
PUB_026179,ECE
PUB_026180,ECE
PUB_026181,ECE
PUB_026182,ECE
PUB_026183,ECE
PUB_026184,ECE
PUB_026185,ECE
PUB_026186,ECE
PUB_026187,ECE
PUB_026188,ECE
PUB_026189,ECE
PUB_026190,ECE
PUB_026191,ECE
PUB_026192,ECE
PUB_026193,ECE
PUB_026194,ECE
PUB_026195,ECE
PUB_026196,ECE
PUB_026197,ECE
PUB_026198,ECE
PUB_026199,ECE
PUB_026200,ECE
PUB_026201,ECE
PUB_026202,ECE
PUB_026203,ECE
PUB_026204,ECE
PUB_026205,ECE
PUB_026206,ECE
PUB_026207,ECE
PUB_026208,ECE
PUB_026209,ECE
PUB_026210,ECE
PUB_026211,ECE
PUB_026212,ECE
PUB_026213,ECE
PUB_026214,ECE
PUB_026215,ECE
PUB_026216,ECE
PUB_026217,ECE
PUB_026218,ECE
PUB_026219,ECE
PUB_026220,ECE
PUB_026221,ECE
PUB_026222,ECE
PUB_026223,ECE
PUB_026224,ECE
PUB_026225,ECE
PUB_026226,ECE
PUB_026227,ECE
PUB_026228,ECE
PUB_026229,ECE
PUB_026230,ECE
PUB_026231,ECE
PUB_026232,ECE
PUB_026233,ECE
PUB_026234,ECE
PUB_026235,ECE
PUB_026236,ECE
PUB_026237,ECE
PUB_026238,ECE
PUB_026239,ECE
PUB_026240,ECE
PUB_026241,ECE
PUB_026242,ECE
PUB_026243,ECE
PUB_026244,ECE
PUB_026245,ECE
PUB_026246,ECE
PUB_026247,ECE
PUB_026248,ECE
PUB_026249,ECE
PUB_026250,ECE
PUB_026251,ECE
PUB_026252,ECE
PUB_026253,ECE
PUB_026254,ECE
PUB_026255,ECE
PUB_026256,ECE
PUB_026257,ECE
PUB_026258,ECE
PUB_026259,ECE
PUB_026260,ECE
PUB_026261,ECE
PUB_026262,ECE
PUB_026263,ECE
PUB_026264,ECE
PUB_026265,ECE
PUB_026266,ECE
PUB_026267,ECE
PUB_026268,ECE
PUB_026269,ECE
PUB_026270,ECE
PUB_026271,ECE
PUB_026272,ECE
PUB_026273,ECE
PUB_026274,ECE
PUB_026275,ECE
PUB_026276,ECE
PUB_026277,ECE
PUB_026278,ECE
PUB_026279,ECE
PUB_026280,ECE
PUB_026281,ECE
PUB_026282,ECE
PUB_026283,ECE
PUB_026284,ECE
PUB_026285,ECE
PUB_026286,ECE
PUB_026287,ECE
PUB_026288,ECE
PUB_026289,ECE
PUB_026290,ECE
PUB_026291,ECE
PUB_026292,ECE
PUB_026293,ECE
PUB_026294,ECE
PUB_026295,ECE
PUB_026296,ECE
PUB_026297,ECE
PUB_026298,ECE
PUB_026299,ECE
PUB_026300,ECE
PUB_026301,ECE
PUB_026302,ECE
PUB_026303,ECE
PUB_026304,ECE
PUB_026305,ECE
PUB_026306,ECE
PUB_026307,ECE
PUB_026308,ECE
PUB_026309,ECE
PUB_026310,ECE
PUB_026311,ECE
PUB_026312,ECE
PUB_026313,ECE
PUB_026314,ECE
PUB_026315,ECE
PUB_026316,ECE
PUB_026317,ECE
PUB_026318,ECE
PUB_026319,ECE
PUB_026320,ECE
PUB_026321,ECE
PUB_026322,ECE
PUB_026323,ECE
PUB_026324,ECE
PUB_026325,ECE
PUB_026326,ECE
PUB_026327,ECE
PUB_026328,ECE
PUB_026329,ECE
PUB_026330,ECE
PUB_026331,ECE
PUB_026332,ECE
PUB_026333,ECE
PUB_026334,ECE
PUB_026335,ECE
PUB_026336,ECE
PUB_026337,ECE
PUB_026338,ECE
PUB_026339,ECE
PUB_026340,ECE
PUB_026341,ECE
PUB_026342,ECE
PUB_026343,ECE
PUB_026344,ECE
PUB_026345,ECE
PUB_026346,ECE
PUB_026347,ECE
PUB_026348,ECE
PUB_026349,ECE
PUB_026350,ECE
PUB_026351,ECE
PUB_026352,ECE
PUB_026353,ECE
PUB_026354,ECE
PUB_026355,ECE
PUB_026356,ECE
PUB_026357,ECE
PUB_026358,ECE
PUB_026359,ECE
PUB_026360,ECE
PUB_026361,ECE
PUB_026362,ECE
PUB_026363,ECE
PUB_026364,ECE
PUB_026365,ECE
PUB_026366,ECE
PUB_026367,ECE
PUB_026368,ECE
PUB_026369,ECE
PUB_026370,ECE
PUB_026371,ECE
PUB_026372,ECE
PUB_026373,ECE
PUB_026374,ECE
PUB_026375,ECE
PUB_026376,ECE
PUB_026377,ECE
PUB_026378,ECE
PUB_026379,ECE
PUB_026380,ECE
PUB_026381,ECE
PUB_026382,ECE
PUB_026383,ECE
PUB_026384,ECE
PUB_026385,ECE
PUB_026386,ECE
PUB_026387,ECE
PUB_026388,ECE
PUB_026389,ECE
PUB_026390,ECE
PUB_026391,ECE
PUB_026392,ECE
PUB_026393,ECE
PUB_026394,ECE
PUB_026395,ECE
PUB_026396,ECE
PUB_026397,ECE
PUB_026398,ECE
PUB_026399,ECE
PUB_026400,ECE
PUB_026401,ECE
PUB_026402,ECE
PUB_026403,ECE
PUB_026404,ECE
PUB_026405,ECE
PUB_026406,ECE
PUB_026407,ECE
PUB_026408,ECE
PUB_026409,ECE
PUB_026410,ECE
PUB_026411,ECE
PUB_026412,ECE
PUB_026413,ECE
PUB_026414,ECE
PUB_026415,ECE
PUB_026416,ECE
PUB_026417,ECE
PUB_026418,ECE
PUB_026419,ECE
PUB_026420,ECE
PUB_026421,ECE
PUB_026422,ECE
PUB_026423,ECE
PUB_026424,ECE
PUB_026425,ECE
PUB_026426,ECE
PUB_026427,ECE
PUB_026428,ECE
PUB_026429,ECE
PUB_026430,ECE
PUB_026431,ECE
PUB_026432,ECE
PUB_026433,ECE
PUB_026434,ECE
PUB_026435,ECE
PUB_026436,ECE
PUB_026437,ECE
PUB_026438,ECE
PUB_026439,ECE
PUB_026440,ECE
PUB_026441,ECE
PUB_026442,ECE
PUB_026443,ECE
PUB_026444,ECE
PUB_026445,ECE
PUB_026446,ECE
PUB_026447,ECE
PUB_026448,ECE
PUB_026449,ECE
PUB_026450,ECE
PUB_026451,ECE
PUB_026452,ECE
PUB_026453,ECE
PUB_026454,ECE
PUB_026455,ECE
PUB_026456,ECE
PUB_026457,ECE
PUB_026458,ECE
PUB_026459,ECE
PUB_026460,ECE
PUB_026461,ECE
PUB_026462,ECE
PUB_026463,ECE
PUB_026464,ECE
PUB_026465,ECE
PUB_026466,ECE
PUB_026467,ECE
PUB_026468,ECE
PUB_026469,ECE
PUB_026470,ECE
PUB_026471,ECE
PUB_026472,ECE
PUB_026473,ECE
PUB_026474,ECE
PUB_026475,ECE
PUB_026476,ECE
PUB_026477,ECE
PUB_026478,ECE
PUB_026479,ECE
PUB_026480,ECE
PUB_026481,ECE
PUB_026482,ECE
PUB_026483,ECE
PUB_026484,ECE
PUB_026485,ECE
PUB_026486,ECE
PUB_026487,ECE
PUB_026488,ECE
PUB_026489,ECE
PUB_026490,ECE
PUB_026491,ECE
PUB_026492,ECE
PUB_026493,ECE
PUB_026494,ECE
PUB_026495,ECE
PUB_026496,ECE
PUB_026497,ECE
PUB_026498,ECE
PUB_026499,ECE
PUB_026500,ECE
PUB_026501,ECE
PUB_026502,ECE
PUB_026503,ECE
PUB_026504,ECE
PUB_026505,ECE
PUB_026506,ECE
PUB_026507,ECE
PUB_026508,ECE
PUB_026509,ECE
PUB_026510,ECE
PUB_026511,ECE
PUB_026512,ECE
PUB_026513,ECE
PUB_026514,ECE
PUB_026515,ECE
PUB_026516,ECE
PUB_026517,ECE
PUB_026518,ECE
PUB_026519,ECE
PUB_026520,ECE
PUB_026521,ECE
PUB_026522,ECE
PUB_026523,ECE
PUB_026524,ECE
PUB_026525,ECE
PUB_026526,ECE
PUB_026527,ECE
PUB_026528,ECE
PUB_026529,ECE
PUB_026530,ECE
PUB_026531,ECE
PUB_026532,ECE
PUB_026533,ECE
PUB_026534,ECE
PUB_026535,ECE
PUB_026536,ECE
PUB_026537,ECE
PUB_026538,ECE
PUB_026539,ECE
PUB_026540,ECE
PUB_026541,ECE
PUB_026542,ECE
PUB_026543,ECE
PUB_026544,ECE
PUB_026545,ECE
PUB_026546,ECE
PUB_026547,ECE
PUB_026548,ECE
PUB_026549,ECE
PUB_026550,ECE
PUB_026551,ECE
PUB_026552,ECE
PUB_026553,ECE
PUB_026554,ECE
PUB_026555,ECE
PUB_026556,ECE
PUB_026557,ECE
PUB_026558,ECE
PUB_026559,ECE
PUB_026560,ECE
PUB_026561,ECE
PUB_026562,ECE
PUB_026563,ECE
PUB_026564,ECE
PUB_026565,ECE
PUB_026566,ECE
PUB_026567,ECE
PUB_026568,ECE
PUB_026569,ECE
PUB_026570,ECE
PUB_026571,ECE
PUB_026572,ECE
PUB_026573,ECE
PUB_026574,ECE
PUB_026575,ECE
PUB_026576,ECE
PUB_026577,ECE
PUB_026578,ECE
PUB_026579,ECE
PUB_026580,ECE
PUB_026581,ECE
PUB_026582,ECE
PUB_026583,ECE
PUB_026584,ECE
PUB_026585,ECE
PUB_026586,ECE
PUB_026587,ECE
PUB_026588,ECE
PUB_026589,ECE
PUB_026590,ECE
PUB_026591,ECE
PUB_026592,ECE
PUB_026593,ECE
PUB_026594,ECE
PUB_026595,ECE
PUB_026596,ECE
PUB_026597,ECE
PUB_026598,ECE
PUB_026599,ECE
PUB_026600,ECE
PUB_026601,ECE
PUB_026602,ECE
PUB_026603,ECE
PUB_026604,ECE
PUB_026605,ECE
PUB_026606,ECE
PUB_026607,ECE
PUB_026608,ECE
PUB_026609,ECE
PUB_026610,ECE
PUB_026611,ECE
PUB_026612,ECE
PUB_026613,ECE
PUB_026614,ECE
PUB_026615,ECE
PUB_026616,ECE
PUB_026617,ECE
PUB_026618,ECE
PUB_026619,ECE
PUB_026620,ECE
PUB_026621,ECE
PUB_026622,ECE
PUB_026623,ECE
PUB_026624,ECE
PUB_026625,ECE
PUB_026626,CSE
PUB_026627,CSE
PUB_026628,CSE
PUB_026629,CSE
PUB_026630,CSE
PUB_026631,CSE
PUB_026632,CSE
PUB_026633,CSE
PUB_026634,CSE
PUB_026635,CSE
PUB_026636,CSE
PUB_026637,CSE
PUB_026638,CSE
PUB_026639,CSE
PUB_026640,CSE
PUB_026641,CSE
PUB_026642,CSE
PUB_026643,CSE
PUB_026644,CSE
PUB_026645,CSE
PUB_026646,CSE
PUB_026647,CSE
PUB_026648,CSE
PUB_026649,CSE
PUB_026650,CSE
PUB_026651,CSE
PUB_026652,CSE
PUB_026653,CSE
PUB_026654,CSE
PUB_026655,CSE
PUB_026656,CSE
PUB_026657,CSE
PUB_026658,CSE
PUB_026659,CSE
PUB_026660,CSE
PUB_026661,CSE
PUB_026662,CSE
PUB_026663,CSE
PUB_026664,CSE
PUB_026665,CSE
PUB_026666,CSE
PUB_026667,CSE
PUB_026668,CSE
PUB_026669,CSE
PUB_026670,CSE
PUB_026671,CSE
PUB_026672,CSE
PUB_026673,CSE
PUB_026674,CSE
PUB_026675,CSE
PUB_026676,CSE
PUB_026677,CSE
PUB_026678,CSE
PUB_026679,CSE
PUB_026680,CSE
PUB_026681,CSE
PUB_026682,CSE
PUB_026683,CSE
PUB_026684,CSE
PUB_026685,CSE
PUB_026686,CSE
PUB_026687,CSE
PUB_026688,CSE
PUB_026689,CSE
PUB_026690,CSE
PUB_026691,CSE
PUB_026692,CSE
PUB_026693,CSE
PUB_026694,CSE
PUB_026695,CSE
PUB_026696,CSE
PUB_026697,CSE
PUB_026698,CSE
PUB_026699,CSE
PUB_026700,CSE
PUB_026701,CSE
PUB_026702,CSE
PUB_026703,CSE
PUB_026704,CSE
PUB_026705,CSE
PUB_026706,CSE
PUB_026707,CSE
PUB_026708,CSE
PUB_026709,CSE
PUB_026710,CSE
PUB_026711,CSE
PUB_026712,CSE
PUB_026713,CSE
PUB_026714,CSE
PUB_026715,CSE
PUB_026716,CSE
PUB_026717,CSE
PUB_026718,CSE
PUB_026719,CSE
PUB_026720,CSE
PUB_026721,CSE
PUB_026722,CSE
PUB_026723,CSE
PUB_026724,CSE
PUB_026725,CSE
PUB_026726,CSE
PUB_026727,CSE
PUB_026728,CSE
PUB_026729,CSE
PUB_026730,CSE
PUB_026731,CSE
PUB_026732,CSE
PUB_026733,CSE
PUB_026734,CSE
PUB_026735,CSE
PUB_026736,CSE
PUB_026737,CSE
PUB_026738,CSE
PUB_026739,CSE
PUB_026740,CSE
PUB_026741,CSE
PUB_026742,CSE
PUB_026743,CSE
PUB_026744,CSE
PUB_026745,CSE
PUB_026746,CSE
PUB_026747,CSE
PUB_026748,CSE
PUB_026749,CSE
PUB_026750,CSE
PUB_026751,CSE
PUB_026752,CSE
PUB_026753,CSE
PUB_026754,CSE
PUB_026755,CSE
PUB_026756,CSE
PUB_026757,CSE
PUB_026758,CSE
PUB_026759,CSE
PUB_026760,CSE
PUB_026761,CSE
PUB_026762,CSE
PUB_026763,CSE
PUB_026764,CSE
PUB_026765,CSE
PUB_026766,CSE
PUB_026767,CSE
PUB_026768,CSE
PUB_026769,CSE
PUB_026770,CSE
PUB_026771,CSE
PUB_026772,CSE
PUB_026773,CSE
PUB_026774,CSE
PUB_026775,CSE
PUB_026776,CSE
PUB_026777,CSE
PUB_026778,CSE
PUB_026779,CSE
PUB_026780,CSE
PUB_026781,CSE
PUB_026782,CSE
PUB_026783,CSE
PUB_026784,CSE
PUB_026785,CSE
PUB_026786,CSE
PUB_026787,CSE
PUB_026788,CSE
PUB_026789,CSE
PUB_026790,CSE
PUB_026791,CSE
PUB_026792,CSE
PUB_026793,CSE
PUB_026794,CSE
PUB_026795,CSE
PUB_026796,CSE
PUB_026797,CSE
PUB_026798,CSE
PUB_026799,CSE
PUB_026800,CSE
PUB_026801,CSE
PUB_026802,CSE
PUB_026803,CSE
PUB_026804,CSE
PUB_026805,CSE
PUB_026806,CSE
PUB_026807,CSE
PUB_026808,CSE
PUB_026809,CSE
PUB_026810,CSE
PUB_026811,CSE
PUB_026812,CSE
PUB_026813,CSE
PUB_026814,CSE
PUB_026815,CSE
PUB_026816,CSE
PUB_026817,CSE
PUB_026818,CSE
PUB_026819,CSE
PUB_026820,CSE
PUB_026821,CSE
PUB_026822,CSE
PUB_026823,CSE
PUB_026824,CSE
PUB_026825,CSE
PUB_026826,CSE
PUB_026827,CSE
PUB_026828,CSE
PUB_026829,CSE
PUB_026830,CSE
PUB_026831,CSE
PUB_026832,CSE
PUB_026833,CSE
PUB_026834,CSE
PUB_026835,CSE
PUB_026836,CSE
PUB_026837,CSE
PUB_026838,CSE
PUB_026839,CSE
PUB_026840,CSE
PUB_026841,CSE
PUB_026842,CSE
PUB_026843,CSE
PUB_026844,CSE
PUB_026845,CSE
PUB_026846,CSE
PUB_026847,CSE
PUB_026848,CSE
PUB_026849,CSE
PUB_026850,CSE
PUB_026851,CSE
PUB_026852,CSE
PUB_026853,CSE
PUB_026854,CSE
PUB_026855,CSE
PUB_026856,CSE
PUB_026857,CSE
PUB_026858,CSE
PUB_026859,CSE
PUB_026860,CSE
PUB_026861,CSE
PUB_026862,CSE
PUB_026863,CSE
PUB_026864,CSE
PUB_026865,CSE
PUB_026866,CSE
PUB_026867,CSE
PUB_026868,CSE
PUB_026869,CSE
PUB_026870,CSE
PUB_026871,CSE
PUB_026872,CSE
PUB_026873,CSE
PUB_026874,CSE
PUB_026875,CSE
PUB_026876,CSE
PUB_026877,CSE
PUB_026878,CSE
PUB_026879,CSE
PUB_026880,CSE
PUB_026881,CSE
PUB_026882,CSE
PUB_026883,CSE
PUB_026884,CSE
PUB_026885,CSE
PUB_026886,CSE
PUB_026887,CSE
PUB_026888,CSE
PUB_026889,CSE
PUB_026890,CSE
PUB_026891,CSE
PUB_026892,CSE
PUB_026893,CSE
PUB_026894,CSE
PUB_026895,CSE
PUB_026896,CSE
PUB_026897,CSE
PUB_026898,CSE
PUB_026899,CSE
PUB_026900,CSE
PUB_026901,CSE
PUB_026902,CSE
PUB_026903,CSE
PUB_026904,CSE
PUB_026905,CSE
PUB_026906,CSE
PUB_026907,CSE
PUB_026908,CSE
PUB_026909,CSE
PUB_026910,CSE
PUB_026911,CSE
PUB_026912,CSE
PUB_026913,CSE
PUB_026914,CSE
PUB_026915,CSE
PUB_026916,CSE
PUB_026917,CSE
PUB_026918,CSE
PUB_026919,CSE
PUB_026920,CSE
PUB_026921,CSE
PUB_026922,CSE
PUB_026923,CSE
PUB_026924,CSE
PUB_026925,CSE
PUB_026926,CSE
PUB_026927,CSE
PUB_026928,CSE
PUB_026929,CSE
PUB_026930,CSE
PUB_026931,CSE
PUB_026932,CSE
PUB_026933,CSE
PUB_026934,CSE
PUB_026935,CSE
PUB_026936,CSE
PUB_026937,CSE
PUB_026938,CSE
PUB_026939,CSE
PUB_026940,CSE
PUB_026941,CSE
PUB_026942,CSE
PUB_026943,CSE
PUB_026944,CSE
PUB_026945,CSE
PUB_026946,CSE
PUB_026947,CSE
PUB_026948,CSE
PUB_026949,CSE
PUB_026950,CSE
PUB_026951,CSE
PUB_026952,CSE
PUB_026953,CSE
PUB_026954,CSE
PUB_026955,CSE
PUB_026956,CSE
PUB_026957,CSE
PUB_026958,CSE
PUB_026959,CSE
PUB_026960,CSE
PUB_026961,CSE
PUB_026962,CSE
PUB_026963,CSE
PUB_026964,CSE
PUB_026965,CSE
PUB_026966,CSE
PUB_026967,CSE
PUB_026968,CSE
PUB_026969,CSE
PUB_026970,CSE
PUB_026971,CSE
PUB_026972,CSE
PUB_026973,CSE
PUB_026974,CSE
PUB_026975,CSE
PUB_026976,CSE
PUB_026977,CSE
PUB_026978,CSE
PUB_026979,CSE
PUB_026980,CSE
PUB_026981,CSE
PUB_026982,CSE
PUB_026983,CSE
PUB_026984,CSE
PUB_026985,CSE
PUB_026986,CSE
PUB_026987,CSE
PUB_026988,CSE
PUB_026989,CSE
PUB_026990,CSE
PUB_026991,CSE
PUB_026992,CSE
PUB_026993,CSE
PUB_026994,CSE
PUB_026995,CSE
PUB_026996,CSE
PUB_026997,CSE
PUB_026998,CSE
PUB_026999,CSE
PUB_027000,CSE
PUB_027001,CSE
PUB_027002,CSE
PUB_027003,CSE
PUB_027004,CSE
PUB_027005,CSE
PUB_027006,CSE
PUB_027007,CSE
PUB_027008,CSE
PUB_027009,CSE
PUB_027010,CSE
PUB_027011,CSE
PUB_027012,CSE
PUB_027013,CSE
PUB_027014,CSE
PUB_027015,CSE
PUB_027016,CSE
PUB_027017,CSE
PUB_027018,CSE
PUB_027019,CSE
PUB_027020,CSE
PUB_027021,CSE
PUB_027022,CSE
PUB_027023,CSE
PUB_027024,CSE
PUB_027025,CSE
PUB_027026,CSE
PUB_027027,CSE
PUB_027028,CSE
PUB_027029,CSE
PUB_027030,CSE
PUB_027031,CSE
PUB_027032,CSE
PUB_027033,CSE
PUB_027034,CSE
PUB_027035,CSE
PUB_027036,CSE
PUB_027037,CSE
PUB_027038,CSE
PUB_027039,CSE
PUB_027040,CSE
PUB_027041,CSE
PUB_027042,CSE
PUB_027043,CSE
PUB_027044,CSE
PUB_027045,CSE
PUB_027046,CSE
PUB_027047,CSE
PUB_027048,CSE
PUB_027049,CSE
PUB_027050,CSE
PUB_027051,CSE
PUB_027052,CSE
PUB_027053,CSE
PUB_027054,CSE
PUB_027055,CSE
PUB_027056,CSE
PUB_027057,CSE
PUB_027058,CSE
PUB_027059,CSE
PUB_027060,CSE
PUB_027061,CSE
PUB_027062,CSE
PUB_027063,CSE
PUB_027064,CSE
PUB_027065,CSE
PUB_027066,CSE
PUB_027067,CSE
PUB_027068,CSE
PUB_027069,CSE
PUB_027070,CSE
PUB_027071,CSE
PUB_027072,CSE
PUB_027073,CSE
PUB_027074,CSE
PUB_027075,CSE
PUB_027076,CSE
PUB_027077,CSE
PUB_027078,CSE
PUB_027079,CSE
PUB_027080,CSE
PUB_027081,CSE
PUB_027082,CSE
PUB_027083,CSE
PUB_027084,CSE
PUB_027085,CSE
PUB_027086,CSE
PUB_027087,CSE
PUB_027088,CSE
PUB_027089,CSE
PUB_027090,CSE
PUB_027091,CSE
PUB_027092,CSE
PUB_027093,CSE
PUB_027094,CSE
PUB_027095,CSE
PUB_027096,CSE
PUB_027097,CSE
PUB_027098,CSE
PUB_027099,CSE
PUB_027100,CSE
PUB_027101,CSE
PUB_027102,CSE
PUB_027103,CSE
PUB_027104,CSE
PUB_027105,CSE
PUB_027106,CSE
PUB_027107,CSE
PUB_027108,CSE
PUB_027109,CSE
PUB_027110,CSE
PUB_027111,CSE
PUB_027112,CSE
PUB_027113,CSE
PUB_027114,CSE
PUB_027115,CSE
PUB_027116,CSE
PUB_027117,CSE
PUB_027118,CSE
PUB_027119,CSE
PUB_027120,CSE
PUB_027121,CSE
PUB_027122,CSE
PUB_027123,CSE
PUB_027124,CSE
PUB_027125,CSE
PUB_027126,CSE
PUB_027127,CSE
PUB_027128,CSE
PUB_027129,CSE
PUB_027130,CSE
PUB_027131,CSE
PUB_027132,CSE
PUB_027133,CSE
PUB_027134,CSE
PUB_027135,CSE
PUB_027136,CSE
PUB_027137,CSE
PUB_027138,CSE
PUB_027139,CSE
PUB_027140,CSE
PUB_027141,CSE
PUB_027142,CSE
PUB_027143,CSE
PUB_027144,CSE
PUB_027145,CSE
PUB_027146,CSE
PUB_027147,CSE
PUB_027148,CSE
PUB_027149,CSE
PUB_027150,CSE
PUB_027151,CSE
PUB_027152,CSE
PUB_027153,CSE
PUB_027154,CSE
PUB_027155,CSE
PUB_027156,CSE
PUB_027157,CSE
PUB_027158,CSE
PUB_027159,CSE
PUB_027160,CSE
PUB_027161,CSE
PUB_027162,CSE
PUB_027163,CSE
PUB_027164,CSE
PUB_027165,CSE
PUB_027166,CSE
PUB_027167,CSE
PUB_027168,CSE
PUB_027169,CSE
PUB_027170,CSE
PUB_027171,CSE
PUB_027172,CSE
PUB_027173,CSE
PUB_027174,CSE
PUB_027175,CSE
PUB_027176,CSE
PUB_027177,CSE
PUB_027178,CSE
PUB_027179,CSE
PUB_027180,CSE
PUB_027181,CSE
PUB_027182,CSE
PUB_027183,CSE
PUB_027184,CSE
PUB_027185,CSE
PUB_027186,CSE
PUB_027187,CSE
PUB_027188,CSE
PUB_027189,CSE
PUB_027190,CSE
PUB_027191,CSE
PUB_027192,CSE
PUB_027193,CSE
PUB_027194,CSE
PUB_027195,CSE
PUB_027196,CSE
PUB_027197,CSE
PUB_027198,CSE
PUB_027199,CSE
PUB_027200,CSE
PUB_027201,CSE
PUB_027202,CSE
PUB_027203,CSE
PUB_027204,CSE
PUB_027205,CSE
PUB_027206,CSE
PUB_027207,CSE
PUB_027208,CSE
PUB_027209,CSE
PUB_027210,CSE
PUB_027211,CSE
PUB_027212,CSE
PUB_027213,CSE
PUB_027214,CSE
PUB_027215,CSE
PUB_027216,CSE
PUB_027217,CSE
PUB_027218,CSE
PUB_027219,CSE
PUB_027220,CSE
PUB_027221,CSE
PUB_027222,CSE
PUB_027223,CSE
PUB_027224,CSE
PUB_027225,CSE
PUB_027226,CSE
PUB_027227,CSE
PUB_027228,CSE
PUB_027229,CSE
PUB_027230,CSE
PUB_027231,CSE
PUB_027232,CSE
PUB_027233,CSE
PUB_027234,CSE
PUB_027235,CSE
PUB_027236,CSE
PUB_027237,CSE
PUB_027238,CSE
PUB_027239,CSE
PUB_027240,CSE
PUB_027241,CSE
PUB_027242,CSE
PUB_027243,CSE
PUB_027244,CSE
PUB_027245,CSE
PUB_027246,CSE
PUB_027247,CSE
PUB_027248,CSE
PUB_027249,CSE
PUB_027250,CSE
PUB_027251,CSE
PUB_027252,CSE
PUB_027253,CSE
PUB_027254,CSE
PUB_027255,CSE
PUB_027256,CSE
PUB_027257,CSE
PUB_027258,CSE
PUB_027259,CSE
PUB_027260,CSE
PUB_027261,CSE
PUB_027262,CSE
PUB_027263,CSE
PUB_027264,CSE
PUB_027265,CSE
PUB_027266,CSE
PUB_027267,CSE
PUB_027268,CSE
PUB_027269,CSE
PUB_027270,CSE
PUB_027271,CSE
PUB_027272,CSE
PUB_027273,CSE
PUB_027274,CSE
PUB_027275,CSE
PUB_027276,CSE
PUB_027277,CSE
PUB_027278,CSE
PUB_027279,CSE
PUB_027280,CSE
PUB_027281,ETE
PUB_027282,ETE
PUB_027283,ETE
PUB_027284,ETE
PUB_027285,ETE
PUB_027286,ETE
PUB_027287,ETE
PUB_027288,ETE
PUB_027289,ETE
PUB_027290,ETE
PUB_027291,ETE
PUB_027292,ETE
PUB_027293,ETE
PUB_027294,ETE
PUB_027295,ETE
PUB_027296,ETE
PUB_027297,ETE
PUB_027298,ETE
PUB_027299,ETE
PUB_027300,ETE
PUB_027301,ETE
PUB_027302,ETE
PUB_027303,ETE
PUB_027304,ETE
PUB_027305,ETE
PUB_027306,ETE
PUB_027307,ETE
PUB_027308,ETE
PUB_027309,ETE
PUB_027310,ETE
PUB_027311,ETE
PUB_027312,ETE
PUB_027313,ETE
PUB_027314,ETE
PUB_027315,ETE
PUB_027316,ETE
PUB_027317,ETE
PUB_027318,ETE
PUB_027319,ETE
PUB_027320,ETE
PUB_027321,ETE
PUB_027322,ETE
PUB_027323,ETE
PUB_027324,ETE
PUB_027325,ETE
PUB_027326,ETE
PUB_027327,ISE
PUB_027328,ISE
PUB_027329,ISE
PUB_027330,ISE
PUB_027331,ISE
PUB_027332,ISE
PUB_027333,ISE
PUB_027334,ISE
PUB_027335,ISE
PUB_027336,ISE
PUB_027337,ISE
PUB_027338,ISE
PUB_027339,ISE
PUB_027340,ISE
PUB_027341,ISE
PUB_027342,ISE
PUB_027343,ISE
PUB_027344,ISE
PUB_027345,ISE
PUB_027346,ISE
PUB_027347,ISE
PUB_027348,ISE
PUB_027349,ISE
PUB_027350,ISE
PUB_027351,ISE
PUB_027352,ISE
PUB_027353,ISE
PUB_027354,ISE
PUB_027355,ISE
PUB_027356,ISE
PUB_027357,ISE
PUB_027358,ISE
PUB_027359,ISE
PUB_027360,ISE
PUB_027361,ISE
PUB_027362,ISE
PUB_027363,ISE
PUB_027364,ISE
PUB_027365,ISE
PUB_027366,ISE
PUB_027367,ISE
PUB_027368,ISE
PUB_027369,ISE
PUB_027370,ISE
PUB_027371,ISE
PUB_027372,ISE
PUB_027373,ISE
PUB_027374,ISE
PUB_027375,ISE
PUB_027376,ISE
PUB_027377,ISE
PUB_027378,ISE
PUB_027379,ISE
PUB_027380,ISE
PUB_027381,ISE
PUB_027382,ISE
PUB_027383,ISE
PUB_027384,ISE
PUB_027385,ISE
PUB_027386,ISE
PUB_027387,ISE
PUB_027388,ISE
PUB_027389,ISE
PUB_027390,ISE
PUB_027391,ISE
PUB_027392,ISE
PUB_027393,ISE
PUB_027394,ISE
PUB_027395,ISE
PUB_027396,ISE
PUB_027397,ISE
PUB_027398,ISE
PUB_027399,ISE
PUB_027400,ISE
PUB_027401,ISE
PUB_027402,ISE
PUB_027403,ISE
PUB_027404,ISE
PUB_027405,ISE
PUB_027406,ISE
PUB_027407,ISE
PUB_027408,ISE
PUB_027409,ISE
PUB_027410,ISE
PUB_027411,ISE
PUB_027412,ISE
PUB_027413,ISE
PUB_027414,ISE
PUB_027415,ISE
PUB_027416,ISE
PUB_027417,ISE
PUB_027418,ISE
PUB_027419,ISE
PUB_027420,ISE
PUB_027421,ISE
PUB_027422,ISE
PUB_027423,ISE
PUB_027424,ISE
PUB_027425,ISE
PUB_027426,ISE
PUB_027427,ISE
PUB_027428,ISE
PUB_027429,ISE
PUB_027430,MATH
PUB_027431,MATH
PUB_027432,MATH
PUB_027433,MATH
PUB_027434,MATH
PUB_027435,MATH
PUB_027436,MATH
PUB_027437,MATH
PUB_027438,MATH
PUB_027439,MATH
PUB_027440,MATH
PUB_027441,MATH
PUB_027442,MATH
PUB_027443,MATH
PUB_027444,MATH
PUB_027445,MATH
PUB_027446,MATH
PUB_027447,MATH
PUB_027448,MATH
PUB_027449,MATH
PUB_027450,MATH
PUB_027451,MATH
PUB_027452,MATH
PUB_027453,MATH
PUB_027454,MATH
PUB_027455,MATH
PUB_027456,MATH
PUB_027457,MATH
PUB_027458,MATH
PUB_027459,MATH
PUB_027460,MATH
PUB_027461,MATH
PUB_027462,MATH
PUB_027463,MATH
PUB_027464,MATH
PUB_027465,MATH
PUB_027466,MATH
PUB_027467,MATH
PUB_027468,MATH
PUB_027469,MATH
PUB_027470,MATH
PUB_027471,MATH
PUB_027472,MATH
PUB_027473,MATH
PUB_027474,MATH
PUB_027475,MATH
PUB_027476,MATH
PUB_027477,MATH
PUB_027478,MATH
PUB_027479,MATH
PUB_027480,MATH
PUB_027481,MATH
PUB_027482,MATH
PUB_027483,MATH
PUB_027484,MATH
PUB_027485,MATH
PUB_027486,MATH
PUB_027487,MATH
PUB_027488,MATH
PUB_027489,MATH
PUB_027490,MATH
PUB_027491,MATH
PUB_027492,MATH
PUB_027493,MATH
PUB_027494,MATH
PUB_027495,MATH
PUB_027496,MATH
PUB_027497,MATH
PUB_027498,MATH
PUB_027499,MATH
PUB_027500,MATH
PUB_027501,MATH
PUB_027502,MATH
PUB_027503,MATH
PUB_027504,MATH
PUB_027505,MATH
PUB_027506,MATH
PUB_027507,MATH
PUB_027508,MATH
PUB_027509,MATH
PUB_027510,MATH
PUB_027511,MATH
PUB_027512,MATH
PUB_027513,MATH
PUB_027514,MATH
PUB_027515,MATH
PUB_027516,MATH
PUB_027517,MATH
PUB_027518,MATH
PUB_027519,MATH
PUB_027520,MATH
PUB_027521,MATH
PUB_027522,MATH
PUB_027523,MATH
PUB_027524,MATH
PUB_027525,MATH
PUB_027526,MATH
PUB_027527,MATH
PUB_027528,MATH
PUB_027529,MATH
PUB_027530,MATH
PUB_027531,MATH
PUB_027532,MATH
PUB_027533,MATH
PUB_027534,MATH
PUB_027535,MATH
PUB_027536,MATH
PUB_027537,MATH
PUB_027538,MATH
PUB_027539,MATH
PUB_027540,MATH
PUB_027541,MATH
PUB_027542,MATH
PUB_027543,MATH
PUB_027544,MATH
PUB_027545,MATH
PUB_027546,MATH
PUB_027547,MATH
PUB_027548,MATH
PUB_027549,MATH
PUB_027550,MATH
PUB_027551,MATH
PUB_027552,MATH
PUB_027553,MATH
PUB_027554,MATH
PUB_027555,MATH
PUB_027556,MATH
PUB_027557,MATH
PUB_027558,MATH
PUB_027559,MATH
PUB_027560,MATH
PUB_027561,MATH
PUB_027562,MATH
PUB_027563,MATH
PUB_027564,MATH
PUB_027565,MATH
PUB_027566,MATH
PUB_027567,MATH
PUB_027568,MATH
PUB_027569,MATH
PUB_027570,MATH
PUB_027571,MATH
PUB_027572,MATH
PUB_027573,MATH
PUB_027574,MATH
PUB_027575,MATH
PUB_027576,MATH
PUB_027577,MATH
PUB_027578,MATH
PUB_027579,MATH
PUB_027580,MATH
PUB_027581,MATH
PUB_027582,MATH
PUB_027583,MATH
PUB_027584,MATH
PUB_027585,MATH
PUB_027586,MATH
PUB_027587,MATH
PUB_027588,MATH
PUB_027589,MATH
PUB_027590,MATH
PUB_027591,MATH
PUB_027592,MATH
PUB_027593,MATH
PUB_027594,MATH
PUB_027595,MATH
PUB_027596,MATH
PUB_027597,MATH
PUB_027598,MATH
PUB_027599,MATH
PUB_027600,MATH
PUB_027601,MATH
PUB_027602,MATH
PUB_027603,MATH
PUB_027604,MATH
PUB_027605,MATH
PUB_027606,MATH
PUB_027607,MATH
PUB_027608,MATH
PUB_027609,MATH
PUB_027610,MATH
PUB_027611,MATH
PUB_027612,MATH
PUB_027613,MATH
PUB_027614,MATH
PUB_027615,MATH
PUB_027616,MATH
PUB_027617,MATH
PUB_027618,MATH
PUB_027619,MATH
PUB_027620,MATH
PUB_027621,MATH
PUB_027622,MATH
PUB_027623,MATH
PUB_027624,MATH
PUB_027625,MATH
PUB_027626,MATH
PUB_027627,MATH
PUB_027628,MATH
PUB_027629,MATH
PUB_027630,MATH
PUB_027631,MATH
PUB_027632,MATH
PUB_027633,MATH
PUB_027634,MATH
PUB_027635,MATH
PUB_027636,MATH
PUB_027637,MATH
PUB_027638,MATH
PUB_027639,MATH
PUB_027640,MATH
PUB_027641,MATH
PUB_027642,MATH
PUB_027643,MATH
PUB_027644,MATH
PUB_027645,MATH
PUB_027646,MATH
PUB_027647,MATH
PUB_027648,MATH
PUB_027649,MATH
PUB_027650,MATH
PUB_027651,MATH
PUB_027652,MATH
PUB_027653,MATH
PUB_027654,MATH
PUB_027655,PHY
PUB_027656,PHY
PUB_027657,PHY
PUB_027658,PHY
PUB_027659,PHY
PUB_027660,PHY
PUB_027661,PHY
PUB_027662,PHY
PUB_027663,PHY
PUB_027664,PHY
PUB_027665,PHY
PUB_027666,PHY
PUB_027667,PHY
PUB_027668,PHY
PUB_027669,PHY
PUB_027670,PHY
PUB_027671,PHY
PUB_027672,PHY
PUB_027673,PHY
PUB_027674,PHY
PUB_027675,PHY
PUB_027676,PHY
PUB_027677,PHY
PUB_027678,PHY
PUB_027679,PHY
PUB_027680,PHY
PUB_027681,PHY
PUB_027682,PHY
PUB_027683,PHY
PUB_027684,PHY
PUB_027685,PHY
PUB_027686,PHY
PUB_027687,PHY
PUB_027688,PHY
PUB_027689,PHY
PUB_027690,PHY
PUB_027691,PHY
PUB_027692,PHY
PUB_027693,PHY
PUB_027694,PHY
PUB_027695,PHY
PUB_027696,PHY
PUB_027697,PHY
PUB_027698,PHY
PUB_027699,PHY
PUB_027700,PHY
PUB_027701,PHY
PUB_027702,PHY
PUB_027703,PHY
PUB_027704,PHY
PUB_027705,PHY
PUB_027706,PHY
PUB_027707,PHY
PUB_027708,PHY
PUB_027709,PHY
PUB_027710,PHY
PUB_027711,PHY
PUB_027712,PHY
PUB_027713,PHY
PUB_027714,PHY
PUB_027715,PHY
PUB_027716,PHY
PUB_027717,PHY
PUB_027718,PHY
PUB_027719,PHY
PUB_027720,PHY
PUB_027721,PHY
PUB_027722,PHY
PUB_027723,PHY
PUB_027724,PHY
PUB_027725,PHY
PUB_027726,PHY
PUB_027727,PHY
PUB_027728,PHY
PUB_027729,PHY
PUB_027730,PHY
PUB_027731,PHY
PUB_027732,PHY
PUB_027733,PHY
PUB_027734,PHY
PUB_027735,PHY
PUB_027736,PHY
PUB_027737,PHY
PUB_027738,PHY
PUB_027739,PHY
PUB_027740,PHY
PUB_027741,PHY
PUB_027742,PHY
PUB_027743,PHY
PUB_027744,PHY
PUB_027745,PHY
PUB_027746,PHY
PUB_027747,PHY
PUB_027748,PHY
PUB_027749,PHY
PUB_027750,PHY
PUB_027751,PHY
PUB_027752,PHY
PUB_027753,PHY
PUB_027754,PHY
PUB_027755,PHY
PUB_027756,PHY
PUB_027757,PHY
PUB_027758,PHY
PUB_027759,PHY
PUB_027760,PHY
PUB_027761,PHY
PUB_027762,PHY
PUB_027763,PHY
PUB_027764,PHY
PUB_027765,PHY
PUB_027766,PHY
PUB_027767,PHY
PUB_027768,PHY
PUB_027769,PHY
PUB_027770,PHY
PUB_027771,PHY
PUB_027772,PHY
PUB_027773,PHY
PUB_027774,PHY
PUB_027775,PHY
PUB_027776,PHY
PUB_027777,PHY
PUB_027778,PHY
PUB_027779,PHY
PUB_027780,PHY
PUB_027781,PHY
PUB_027782,PHY
PUB_027783,PHY
PUB_027784,PHY
PUB_027785,PHY
PUB_027786,PHY
PUB_027787,PHY
PUB_027788,PHY
PUB_027789,PHY
PUB_027790,PHY
PUB_027791,PHY
PUB_027792,PHY
PUB_027793,PHY
PUB_027794,PHY
PUB_027795,PHY
PUB_027796,PHY
PUB_027797,PHY
PUB_027798,PHY
PUB_027799,PHY
PUB_027800,PHY
PUB_027801,PHY
PUB_027802,PHY
PUB_027803,PHY
PUB_027804,PHY
PUB_027805,PHY
PUB_027806,PHY
PUB_027807,PHY
PUB_027808,PHY
PUB_027809,PHY
PUB_027810,PHY
PUB_027811,PHY
PUB_027812,PHY
PUB_027813,PHY
PUB_027814,PHY
PUB_027815,PHY
PUB_027816,PHY
PUB_027817,PHY
PUB_027818,PHY
PUB_027819,PHY
PUB_027820,PHY
PUB_027821,PHY
PUB_027822,PHY
PUB_027823,PHY
PUB_027824,PHY
PUB_027825,PHY
PUB_027826,PHY
PUB_027827,PHY
PUB_027828,PHY
PUB_027829,PHY
PUB_027830,PHY
PUB_027831,PHY
PUB_027832,PHY
PUB_027833,PHY
PUB_027834,PHY
PUB_027835,PHY
PUB_027836,PHY
PUB_027837,PHY
PUB_027838,PHY
PUB_027839,PHY
PUB_027840,PHY
PUB_027841,PHY
PUB_027842,PHY
PUB_027843,PHY
PUB_027844,PHY
PUB_027845,PHY
PUB_027846,PHY
PUB_027847,PHY
PUB_027848,PHY
PUB_027849,PHY
PUB_027850,PHY
PUB_027851,PHY
PUB_027852,PHY
PUB_027853,PHY
PUB_027854,PHY
PUB_027855,PHY
PUB_027856,PHY
PUB_027857,PHY
PUB_027858,PHY
PUB_027859,PHY
PUB_027860,PHY
PUB_027861,PHY
PUB_027862,PHY
PUB_027863,PHY
PUB_027864,PHY
PUB_027865,PHY
PUB_027866,PHY
PUB_027867,PHY
PUB_027868,PHY
PUB_027869,PHY
PUB_027870,PHY
PUB_027871,PHY
PUB_027872,PHY
PUB_027873,PHY
PUB_027874,PHY
PUB_027875,PHY
PUB_027876,PHY
PUB_027877,PHY
PUB_027878,PHY
PUB_027879,PHY
PUB_027880,PHY
PUB_027881,PHY
PUB_027882,PHY
PUB_027883,PHY
PUB_027884,PHY
PUB_027885,PHY
PUB_027886,PHY
PUB_027887,PHY
PUB_027888,PHY
PUB_027889,PHY
PUB_027890,PHY
PUB_027891,PHY
PUB_027892,PHY
PUB_027893,PHY
PUB_027894,PHY
PUB_027895,PHY
PUB_027896,PHY
PUB_027897,PHY
PUB_027898,PHY
PUB_027899,PHY
PUB_027900,PHY
PUB_027901,PHY
PUB_027902,PHY
PUB_027903,PHY
PUB_027904,PHY
PUB_027905,PHY
PUB_027906,PHY
PUB_027907,PHY
PUB_027908,PHY
PUB_027909,PHY
PUB_027910,PHY
PUB_027911,PHY
PUB_027912,PHY
PUB_027913,PHY
PUB_027914,PHY
PUB_027915,PHY
PUB_027916,PHY
PUB_027917,PHY
PUB_027918,PHY
PUB_027919,PHY
PUB_027920,PHY
PUB_027921,PHY
PUB_027922,PHY
PUB_027923,PHY
PUB_027924,PHY
PUB_027925,PHY
PUB_027926,PHY
PUB_027927,PHY
PUB_027928,PHY
PUB_027929,PHY
PUB_027930,PHY
PUB_027931,PHY
PUB_027932,PHY
PUB_027933,PHY
PUB_027934,PHY
PUB_027935,PHY
PUB_027936,PHY
PUB_027937,PHY
PUB_027938,PHY
PUB_027939,PHY
PUB_027940,PHY
PUB_027941,PHY
PUB_027942,PHY
PUB_027943,PHY
PUB_027944,PHY
PUB_027945,PHY
PUB_027946,PHY
PUB_027947,PHY
PUB_027948,PHY
PUB_027949,PHY
PUB_027950,PHY
PUB_027951,PHY
PUB_027952,PHY
PUB_027953,PHY
PUB_027954,PHY
PUB_027955,PHY
PUB_027956,PHY
PUB_027957,PHY
PUB_027958,PHY
PUB_027959,PHY
PUB_027960,PHY
PUB_027961,PHY
PUB_027962,PHY
PUB_027963,PHY
PUB_027964,PHY
PUB_027965,PHY
PUB_027966,PHY
PUB_027967,PHY
PUB_027968,PHY
PUB_027969,PHY
PUB_027970,PHY
PUB_027971,PHY
PUB_027972,PHY
PUB_027973,PHY
PUB_027974,PHY
PUB_027975,PHY
PUB_027976,PHY
