Person_ID,Patent_ID
SANDEEP_TRIPATHI,PAT_00001
OM_PRAKASH,PAT_00001
SURYASARATHI_BOSE,PAT_00001
SHARMA_BHUMIKA,PAT_00002
AVASTHI_SUSHOBHAN,PAT_00002
ASHIS_HALDER,PAT_00003
SIDDHARTHA_DEEP_BHATTACHARJEE,PAT_00003
INDRANIL_DEY,PAT_00003
SURYASARATHI_BOSE,PAT_00003
SANKET_NARAYAN_BAJAD,PAT_00004
PAWAN_BHARADWAJ,PAT_00004
BHASHKAR_SINGH_BOHRA,PAT_00005
DEBASHRITA_KUNDU,PAT_00005
SAMIR_MANDAL,PAT_00005
ASHIS_HALDER,PAT_00005
SURYASARATHI_BOSE,PAT_00005
INDRANIL_DEY,PAT_00006
KETAKI_SAMANTA,PAT_00006
ASHOK_MISRA,PAT_00006
SURYASARATHI_BOSE,PAT_00006
PITABASH_SAHOO,PAT_00007
SOURADEEP_GUPTA,PAT_00007
KARTHICK_SRINIVAS,PAT_00007
TEJAS_SIDNAL,PAT_00007
TAPAS_ROY,PAT_00008
PRADIPTA_BEHERA,PAT_00009
SOURAV_BAIDYA,PAT_00009
SHARAT_SARMAH,PAT_00009
MRINMOY_DE,PAT_00009
ABHRA_ROY_CHOWDHURY,PAT_00010
ANAND_VYVASWATH_KALVA,PAT_00010
SAURABH_KALRA,PAT_00010
MAHADEVACHAR_NAVEENKUMAR,PAT_00011
SHARANAPPA_SHIVALEELA_ESAMUDRA,PAT_00011
SINGH_AMIT,PAT_00012
YADAV_VIKAS,PAT_00012
ARYAN_KESHRI,PAT_00013
SADANAND_POWAR,PAT_00013
SUJIT_DAS,PAT_00013
GYANA_PRAKASH_NANDA,PAT_00014
SANDHYARANI_PAL,PAT_00014
VISWANATHAN_THAMODHARAN,PAT_00014
PACHAIYAPPAN_RAJAMALLI,PAT_00014
ASHUTOSH_VISHWAKARMA,PAT_00015
SUSHOBHAN_AVASTHI,PAT_00015
VIJEYAN_C,PAT_00015
SRINIVASAN_RAGHAVAN,PAT_00015
MUNSHI_MOHAMMAD_ATEEB,PAT_00016
MIR_MEHAK_ASHRAF,PAT_00016
SHRIVASTAVA_MAYANK,PAT_00016
SAMIR_MANDAL,PAT_00017
ASHIS_HALDER,PAT_00017
SAI_SRIVATSA_KUMAR_GANUGAPATI,PAT_00017
INDRANIL_DEY,PAT_00017
KETAKI_SAMANTA,PAT_00017
DEBASHRITA_KUNDU,PAT_00017
BHASHKAR_SINGH_BOHRA,PAT_00017
SURYASARATHI_BOSE,PAT_00017
GUPTA_TAPAJYOTI_DAS,PAT_00018
RAMASAMY_ALWAR_SAMY,PAT_00018
SUBHALAXMI_GAYATRI,PAT_00018
D_C_MARK_VAILSHERY,PAT_00018
SAHU_RENU_RAMAN,PAT_00018
K_S_SIVAKUMAR,PAT_00018
BANERJEE_SNEHA,PAT_00018
KARKERA_CHAYA,PAT_00019
GOUDA_LAXMAN,PAT_00019
MASHALE_SARANG,PAT_00019
SADHANALA_ADITYA,PAT_00019
GUPTA_NAVNEET_KUMAR,PAT_00020
SINGH_ARVIND,PAT_00020
RANI_VARSHA,PAT_00020
URADE_VIKRANT_N,PAT_00020
PATHOTE_DILEEP,PAT_00021
PRAVEENKUMAR_KESAVAN,PAT_00021
SUWAS_SATYAM,PAT_00021
CHATTERJEE_KAUSHIK,PAT_00021
SHASHIDHAR_NAGARAGERE_CHIKKARAMAIAH,PAT_00021
CHANDRASHEKHAR_UDAYAGIRI,PAT_00021
AKULA_SATHVICK,PAT_00022
KULDEEP_SINGH_SHIVRAN,PAT_00022
DR_SARASIJ_DAS,PAT_00022
MANOJ_VARMA,PAT_00023
MAYANK_MITRAM,PAT_00023
P_RAJAMALLI,PAT_00024
RANA_SUBINOY,PAT_00024
MAHASHAYA_RAHUL,PAT_00024
KAMRA_ALISHA,PAT_00024
BHATTACHARYA_ANINDA_JIBAN,PAT_00025
PAL_NEERAJ,PAT_00025
SUBINOY_RANA,PAT_00026
ABHAY_SRIVASTAVA,PAT_00026
MANJU_SOLRA,PAT_00026
ANIL_YADAV,PAT_00027
DEVAMRUTHA_I_S,PAT_00027
SREEKANTH_MADDAKA,PAT_00027
ADITYA_SADHANALA,PAT_00027
SANJIV_SAMBANDAN,PAT_00028
YADAV_MAYANK,PAT_00029
SHRIVASTAVA_MAYANK,PAT_00029
SAMEER_KUMAR_GAUTAM,PAT_00030
PROF_MANISH_ARORA,PAT_00030
DAS_DEBASIS,PAT_00031
RAJENDRAN_KALPANA,PAT_00031
RAMACHANDRAN_VELPANDI,PAT_00031
AJAY_KRISHNAN_A,PAT_00032
RATHIN_K_JOSHI,PAT_00032
HARI_R_S,PAT_00032
HARDIK_JEETENDRA_PANDYA,PAT_00032
CHAKRAVORTTY_DIPSHIKA,PAT_00033
MEHTA_GOVERDHAN,PAT_00033
GANAIE_BILAL_AHMAD,PAT_00033
BALASUBRAMANI_ALAGESAN,PAT_00033
MUKHERJEE_DEBAPRIYA,PAT_00033
GHOSH_PALLAB,PAT_00033
ASHUTOSH_PATEL,PAT_00034
PRAMOD_KUMAR,PAT_00034
GOPALARATNAM_NARAYANAN,PAT_00034
MUNSHI_MOHAMMAD_ATEEB,PAT_00035
SHRIVASTAVA_MAYANK,PAT_00035
ANANYA_SHARMA,PAT_00036
DR_SANHITA_SINHARAY,PAT_00036
INDRANIL_DEY,PAT_00037
DEBASHRITA_KUNDU,PAT_00037
KETAKI_SAMANTA,PAT_00037
BHASHKAR_SINGH_BOHRA,PAT_00037
SURYASARATHI_BOSE,PAT_00037
JAICHANDER_SWAMINATHAN,PAT_00038
MADHUSMITA_RAY,PAT_00038
P_ANBAZHAGAN,PAT_00039
BALIVADA_SAI_LAXMAN,PAT_00039
ANTHONY_RAJ,PAT_00039
SOURADEEP_GUPTA,PAT_00040
ASHUTOSH_DWIVEDI,PAT_00040
SAHANA_C_M,PAT_00040
PRABHATH_RANJAN_KUMAR_SODA,PAT_00040
SOUMI_DUTTA,PAT_00041
ANKITA_MOHANTY,PAT_00041
SURYASARATHI_BOSE,PAT_00041
AKASH_BASU,PAT_00042
SAMPATH_PARASURAM,PAT_00042
SUPRIYA_H,PAT_00042
MUKESH_JAIN_RAJENDER,PAT_00042
PROF_S_KUMAR,PAT_00042
SURYASARATHI_BOSE,PAT_00042
DR_NEETIKA_SINGH,PAT_00042
PILLAI_GAYATHRI,PAT_00043
CHIRANACKAL_LINET_THOMAS,PAT_00043
PRAVEEN_KUMAR,PAT_00043
BISWAS_SRIJEETA,PAT_00044
GUPTA_TAPAJYOTI_DAS,PAT_00044
SAHU_RENU_RAMAN,PAT_00044
SHINKRE_OMKAR_DEOKINANDAN_NAYAK,PAT_00044
RAMNISHANTH,PAT_00044
ABHRA_ROY_CHOWDHURY,PAT_00045
SAURABH_KALRA,PAT_00045
AKHILESH_ANANT_GONABAL,PAT_00045
AMARESH_CHAKRABARTI,PAT_00046
ABHIJIT_BISWAS,PAT_00046
SHUBHAM_SHRESHTH,PAT_00046
JASWANTH_BUDDHA,PAT_00046
HARDIK_JEETENDRA_PANDYA,PAT_00047
NITU_BHASKAR,PAT_00047
RASHMI_HULIMANE_SHIVASWAMY,PAT_00047
ALOYSIOUS_BENOY,PAT_00047
KAUSHIK_LAKSHMIRAMANAN,PAT_00047
PRANAV_BINULAL,PAT_00047
PRADYUMNA_JAYAHANUMAIAH,PAT_00047
SREEJA_BALAKRISHNAPILLAI_SUSEELA,PAT_00047
GOWTHAMI_ANBAZHAGAN,PAT_00047
ROY_YAGNASENI,PAT_00048
SURESH_SHRIHARI_M,PAT_00048
GUNAGA_MANASA_P,PAT_00048
BOSE_SURYASARATHI,PAT_00048
DE_MRINMOY,PAT_00049
GHOSH_RITA,PAT_00049
BEHERA_PRADIPTA,PAT_00049
MUKHERJEE_SANTANU,PAT_00050
RAY_SAYAN,PAT_00050
RUPESH_PAWAR,PAT_00051
SUPRIYA_SURESH_SHINDE,PAT_00051
JAGDISH_CHINNAPPA,PAT_00051
VENUGOPAL_SANTHANAM,PAT_00051
BHUSHAN_TOLEY,PAT_00051
RAMSHARAN_RANGARAJAN,PAT_00052
SUMAN_DUTTA,PAT_00052
VIMAL_KUMAR_S,PAT_00053
DR_BDS_DHEERAJ,PAT_00053
SIDDHESH_REGE,PAT_00053
INDRANIL_DEY,PAT_00053
RAM_PRASANTH_S,PAT_00053
DR_KETAKI_SAMANTA,PAT_00053
DR_ASHOK_MISRA,PAT_00053
DR_SURYASARATHI_BOSE,PAT_00053
SIDDHESH_SADASHIV_REGE,PAT_00054
VIMAL_KUMAR_S,PAT_00054
INDRANIL_DEY,PAT_00054
KETAKI_SAMANTA,PAT_00054
NEETIKA_SINGH,PAT_00054
ASHOK_MISRA,PAT_00054
SURYASARATHI_BOSE,PAT_00054
ANUJ_KUMAR_PALARIYA,PAT_00055
DIPANJAN_GIRI,PAT_00055
SATISH_PATIL,PAT_00055
AMIT_BANSAL,PAT_00056
ANIRUDDHAN_GOWRISANKAR,PAT_00056
RIJO_BABY,PAT_00056
HAREESH_CHANDRASEKAR,PAT_00056
SRINIVASAN_RAGHAVAN,PAT_00056
RANGARAJAN_MURALIDHARAN,PAT_00056
DIGBIJOY_NEELIM_NATH,PAT_00056
VINAYA,PAT_00057
AYAN_KUMAR,PAT_00057
STUTI_MAHESHWARI,PAT_00057
PROSENJIT_SEN,PAT_00057
PROF_S_VENUGOPAL,PAT_00058
ABHISHEK_RANADE,PAT_00058
MAYANK_CHHAPERWAL,PAT_00059
KAUSIK_MAJUMDAR,PAT_00059
HARDIK_J_PANDYA,PAT_00060
NITU_BHASKAR,PAT_00060
RASHMI_H_S,PAT_00060
KAUSHIK_LAKSHMIRAMANAN,PAT_00060
PRANAV_BINULAL,PAT_00060
ALOYSIOUS_BENOY,PAT_00060
PRAMOD_KUMAR,PAT_00061
KUNDAN_KUMAR,PAT_00061
VIJAY_BIRADAR,PAT_00061
VINOD_LAGURI,PAT_00061
PURUSHARTH_I_RAJYAGURU,PAT_00062
MANI_GARG,PAT_00062
NAYANA_V,PAT_00062
NABAJIT_DEKA,PAT_00063
MEERAN_MEHMOOD_QARI,PAT_00063
AMRIT_AMBIRAJAN,PAT_00063
SUSMITA_DASH,PAT_00063
SAMPATH_PARASURAM,PAT_00064
KRISHNA_SHANKAR,PAT_00064
SUFIYAN_SIDDIQUI,PAT_00064
RISHI_RAJ,PAT_00064
SANKEERTHANA_AVASARALA,PAT_00064
PROF_S_KUMAR,PAT_00064
PROF_SURYASARATHI_BOSE,PAT_00064
VISHNU_MAHADEVA_IYER,PAT_00065
HIMANSHU_BHUSAN_SANDHIBIGRAHA,PAT_00065
GURUNATH_GURRALA,PAT_00065
KUMAR_AJAY,PAT_00066
MAJHI_SUDHAN,PAT_00066
VISHNU_MAHADEVA_IYER,PAT_00067
HIMANSHU_BHUSAN_SANDHIBIGRAHA,PAT_00067
DAS_DEBASIS,PAT_00068
IQBAL_TABISH,PAT_00068
MURUGAN_SUBHASHINI,PAT_00068
DE_MRINMOY,PAT_00069
JAISWAL_KOMAL,PAT_00069
ROY_KOYEL,PAT_00069
VISHAL_SINGH,PAT_00070
SURJAKANTA_MAZUMDER,PAT_00071
ANIRBAN_PAL,PAT_00071
HARISYAM_PV,PAT_00071
KAUSHIK_BASU,PAT_00071
PAUL_SUNANDAN,PAT_00072
KESRI_SURAJ,PAT_00072
SINGH_VISHAL,PAT_00072
DR_KRISHNA_CHAYTHANYA_KV,PAT_00073
DR_ANURAG_KUMAR,PAT_00073
DR_RAJESH_SUNDARESAN,PAT_00073
SRISHTI_MANDAL,PAT_00074
ERIC_L_DANE,PAT_00074
SARIT_AGASTI,PAT_00074
SUDHA_KUMARI,PAT_00074
SAMPATH_PARASURAM,PAT_00075
SUPRIYA_H,PAT_00075
AKSHAY_SALVI,PAT_00075
DR_SANDEEP_KUMAR_SINGH,PAT_00075
PROF_S_KUMAR,PAT_00075
PROF_SURYASARATHI_BOSE,PAT_00075
SK_SAFIKUL_ISLAM,PAT_00076
RIA_SEN_GUPTA,PAT_00076
ANJALI_KUMARI,PAT_00076
SURYASARATHI_BOSE,PAT_00076
MUKHERJEE_SANTANU,PAT_00077
DE_MRINMOY,PAT_00077
CHAKRABARTY_ADITYA,PAT_00077
JAISWAL_KOMAL,PAT_00077
R_V_RAVIKRISHNA,PAT_00078
PRASAD_BOGGAVARAPU,PAT_00078
M_HIMABINDU,PAT_00078
PROF_AMBARISH_GHOSH,PAT_00079
PROF_RAMRAY_BHAT,PAT_00079
PROF_DEEPAK_SAINI,PAT_00079
DEBAYAN_DASGUPTA,PAT_00079
PEDDI_SHANMUKH_SRINIVAS,PAT_00079
PARUL_YADAV,PAT_00079
MALAY_PAL,PAT_00079
PRAJWAL_BRAMHAVAR_HEGDE,PAT_00079
MIR_MEHAK_ASHRAF,PAT_00080
SHRIVASTAVA_MAYANK,PAT_00080
NISHANT_KUMAR,PAT_00081
SUDHAN_MAJHI,PAT_00081
SUSHANT_KUMAR_JHA,PAT_00081
RATHNA_G_N,PAT_00082
PRASHANT_C_MURAL,PAT_00082
VIRAT_BHOLA,PAT_00082
DEBASISH_ROY,PAT_00083
RAM_MOHAN_VASU,PAT_00083
SRIRAM_CHANDRAN_RESIKENDRAN,PAT_00083
GINJALA_RAMACHANDRA_REDDY,PAT_00083
SREENIVAS_BHASKARA,PAT_00084
SHABARI_GIRISHAN_K_V,PAT_00084
SARAVANAN_M,PAT_00084
RATHIN_K_JOSHI,PAT_00084
NITU_BHASKAR,PAT_00084
HARDIK_JEETENDRA_PANDYA,PAT_00084
VINOD_JOHN,PAT_00085
SHIMUL_KUMAR_DAM,PAT_00085
DEY_INDRANIL,PAT_00086
SAMANTA_KETAKI,PAT_00086
REGE_SIDDHESH_SADASHIV,PAT_00086
SINGH_SATYENDRA_PRATAP,PAT_00086
MISRA_ASHOK,PAT_00086
BOSE_SURYASARATHI,PAT_00086
TADISETTI_CHARAN_DIXIT_RAO,PAT_00087
MATHANGI_KRISHNAN,PAT_00087
ASHITAVA_GHOSAL,PAT_00087
BALAN_GURUMOORTHY,PAT_00087
SHARMA_DEEPAK,PAT_00088
BHAT_NAVAKANTA,PAT_00088
GOSWAMI_SREEBRATA,PAT_00088
GOSWAMI_SREETOSH,PAT_00088
SREENIVASAN_RAMASWAMI,PAT_00089
SAQUIB_SAROSH,PAT_00089
BIKRAMJIT_BASU,PAT_00090
DHRMENDRA_SABLANIYA,PAT_00090
MONDAL_PRITIRANJAN,PAT_00091
MANDAL_ARKODIP,PAT_00091
CHATTERJEE_KAUSHIK,PAT_00091
DIBAKAR_SEN,PAT_00092
SANKAR_B,PAT_00092
KISHORE_KUMAAR_H,PAT_00092
GAURAB_BANERJEE,PAT_00093
EASHA,PAT_00093
SASWAT_CHOUDHURY,PAT_00094
SONAL_ASTHANA,PAT_00094
KAUSHIK_CHATTERJEE,PAT_00094
C_M_CHANDRASHEKAR,PAT_00095
KODAKKADEN_MUHAMMED_SHAFI,PAT_00095
KANAD_SENGUPTA,PAT_00095
SOUMYA_ASOKAN,PAT_00095
YAGNASENI_ROY,PAT_00096
SUBHASH_KUMAR,PAT_00096
RASMI_MOHAN_THATTARAMPILLY,PAT_00096
LAKSHMINARAYANA_RAO,PAT_00096
SURYASARATHI_BOSE,PAT_00096
AMIT_NAIN,PAT_00097
KAUSHIK_CHATTERJEE,PAT_00097
SRISHTI_CHAKRABORTY,PAT_00097
SOUVIK_DEBNATH,PAT_00097
PRAMOD_KUMAR,PAT_00098
KUNDAN_KUMAR,PAT_00098
VINOD_LAGURI,PAT_00098
VIJAY_IRAPPA_BIRADAR,PAT_00098
CHETAN_KENCHAPPA,PAT_00098
ANUROOP_KILLIYOT,PAT_00098
SOUMI_DUTTA,PAT_00099
ASHOK_MISRA,PAT_00099
SURYASARATHI_BOSE,PAT_00099
PUBALI_BARMAN,PAT_00100
SHARATHCHANDRA_CHINNAMSHETTI,PAT_00100
PAWAN_KUMAR_JHA,PAT_00100
PRABEER_BARPANDA,PAT_00100
MANOJ_VARMA,PAT_00101
SIMRAN_NASA,PAT_00101
ANUMOL_DOMINIC,PAT_00101
AVISEKH_PAL,PAT_00101
TAMBE_SUMIT_SUNIL,PAT_00102
DE_SATYAJIT,PAT_00102
JOSEPH_ROBIN,PAT_00102
DIWAN_SOURABH_SUHAS,PAT_00102
ROJA_PERI,PAT_00103
VINOD_JOHN,PAT_00103
ARATHI_RAMACHANDRAN,PAT_00104
VIVEKANAND_DABADE,PAT_00104
DR_DEBASHIS_PANDA,PAT_00105
DR_UPENDRA_BEHERA,PAT_00105
DIBAKAR_SEN,PAT_00106
VINAY_PANDU,PAT_00106
VIVEK_VANAMANE,PAT_00106
SHASHWAT_SINGH,PAT_00107
PAWAN_KUMAR_JHA,PAT_00107
PRABEER_BARPANDA,PAT_00107
YAGNASENI_ROY,PAT_00108
MILANA_M_MAVINKURVE,PAT_00108
SURYASARATHI_BOSE,PAT_00108
RIA_SEN_GUPTA,PAT_00108
SAMIR_MANDAL,PAT_00108
AMIT_MALAKAR,PAT_00108
PAWAN_KUMAR_JHA,PAT_00109
SHARATHCHANDRA_CHINNAMSHETTI,PAT_00109
SAI_GAUTAM_GOPALAKRISHNAN,PAT_00109
PRABEER_BARPANDA,PAT_00109
ABHRA_ROY_CHOWDHURY,PAT_00110
MUKIL_SARAVANAN,PAT_00110
ABHRA_ROY_CHOWDHURY,PAT_00111
JAYESH_PRAKASH,PAT_00111
CHOUDHURY_SASWAT,PAT_00112
JOSHI_AKSHAT,PAT_00112
CHATTERJEE_KAUSHIK,PAT_00112
SWATHI_PADMANABHAN,PAT_00113
JAYA_PRAKASH,PAT_00113
AJAY_KUMAR,PAT_00114
SANDESH_JAIN,PAT_00114
SUDHAN_MAJHI,PAT_00114
CHANDRASHEKAR_C_M,PAT_00115
MUHAMMED_SHAFI_K,PAT_00115
PANDYA_HARDIK_JEETENDRA,PAT_00116
G_K_ANIL_VISHNU,PAT_00116
R_S_HARI,PAT_00116
A_AJAY_KRISHNAN,PAT_00116
ABHRA_ROY_CHOWDHURY,PAT_00117
DARREN_ALTON_DSOUZA,PAT_00117
BINIL_JOHN,PAT_00117
SAURABH_KALRA,PAT_00117
ABHRA_ROY_CHOWDHURY,PAT_00118
DARREN_ALTON_DSOUZA,PAT_00118
BINIL_JOHN,PAT_00118
SAURABH_KALRA,PAT_00118
HARDIK_J_PANDYA,PAT_00119
VISHNU_MAHADEVA_IYER,PAT_00120
HIMANSHU_BHUSAN_SANDHIBIGRAHA,PAT_00120
MAHULKAR_SUYOG_V,PAT_00121
DASH_SUSMITA,PAT_00121
BOBJI_M_S,PAT_00121
ARAKERI_JAYWANT_H,PAT_00121
SHANKAR_KUMAR_SELVARAJ,PAT_00122
RAHUL_K_DASH,PAT_00122
AMBARISH_GHOSH,PAT_00123
NARINDER_N,PAT_00123
JYOTIPRAKASH_BEHERA,PAT_00123
SAYANTA_GOSWAMI,PAT_00123
CHITHRA_PARMESWARAM,PAT_00124
SANJIV_SAMBANDAN,PAT_00124
HASTHI_VENKATESWARLU,PAT_00125
GALI_MADHAVI_LATHA,PAT_00125
ERODE_N_PRABHAKARAN,PAT_00126
VARUN_RAGHUNATHAN,PAT_00127
JYOTHSNA_KM,PAT_00127
LAL_KRISHNA_AS,PAT_00127
ASISH_PROSAD,PAT_00127
URMILA_BAG,PAT_00127
RABINDRA_BISWAS,PAT_00127
DR_DEBASHIS_PANDA,PAT_00128
DR_UPENDRA_BEHERA,PAT_00128
FAHEEM_AHMAD,PAT_00129
VARUN_RAGHUNATHAN,PAT_00129
ERODE_N_PRABHAKARAN,PAT_00130
JEEVESH_KUMAR,PAT_00131
AADIL_BASHIR_DAR,PAT_00131
MAYANK_SHRIVASTAVA,PAT_00131
MONISHMURALI_M,PAT_00132
MAYANK_SHRIVASTAVA,PAT_00132
VIHAN_SHAHU,PAT_00133
VINOD_JOHN,PAT_00133
UTPREKSH_PATBHAJE,PAT_00134
MAYANK_SHRIVASTAVA,PAT_00134
RASIK_RASHID_MALIK,PAT_00135
MAYANK_SHRIVASTAVA,PAT_00135
ANAND_KUMAR_RAI,PAT_00136
MAYANK_SHRIVASTAVA,PAT_00136
RASIK_RASHID_MALIK,PAT_00137
MAYANK_SHRIVASTAVA,PAT_00137
SAMBANDAN_SANJIV,PAT_00138
UPADHYE_VIVEKANANDA,PAT_00138
VENKATA_SAI_PRANEETH_CHEPPALLI,PAT_00138
GURUNATH_GURRALA,PAT_00139
VINOD_JOHN,PAT_00139
RAJESH_KB,PAT_00139
NITHYADAS_P_V,PAT_00140
UTSAB_KUNDU,PAT_00140
VINOD_JOHN,PAT_00140
SYAM_SUNDAR_NAIR,PAT_00141
JOSHUA_THOMAS_MATHEW,PAT_00141
SHUBHAM_AGRAWAL,PAT_00141
B_PRATHAP_REDDY,PAT_00141
B_SUBBA_REDDY,PAT_00141
L_UMANAND,PAT_00141
SUNDARAM_SURESH,PAT_00142
RAGHAVENDRA_VARUN,PAT_00142
DEBASIS_DAS,PAT_00143
DIPSHIKA_CHAKRAVORTTY,PAT_00143
RESHMA_RAMAKRISHNAN,PAT_00143
ABHILASH_VIJAY_NAIR,PAT_00143
KIRTI_PARMAR,PAT_00143
SASWAT_CHOUDHURY,PAT_00144
AKSHAT_JOSHI,PAT_00144
VAGEESH_BAGHEL,PAT_00144
GK_ANANTHASURESH,PAT_00144
KAUSHIK_CHATTERJEE,PAT_00144
MUHAMMED_AJNAS_N,PAT_00145
INDRANIL_DEY,PAT_00145
SIDDHESH_REGE,PAT_00145
RIYA_JOSE,PAT_00145
KETAKI_SAMANTA,PAT_00145
KUNAL_MANNA,PAT_00145
SURYASARATHI_BOSE,PAT_00145
DASGUPTA_SUBHO,PAT_00146
PRADHAN_JYOTI_RANJAN,PAT_00146
UMANAND_LOGANATHAN,PAT_00147
PRATHAP_REDDY_B,PAT_00147
SYAM_SUNDAR_NAIR,PAT_00147
SAINI_JATIN_RAO,PAT_00148
SHUBHAM_SHARMA,PAT_00148
CAMERON_TROPEA,PAT_00148
SAPTARSHI_BASU,PAT_00148
MADHAVI_LATHA_GALI,PAT_00149
VENKATESWARLU_HASTHI,PAT_00149
AARYA_KRISHNA,PAT_00149
G_R_JAYANTH,PAT_00150
SREEDHARAN_DEEPAK,PAT_00150
PANAGANTI_KISHORE,PAT_00150
KUMAR_RAKESH,PAT_00150
PANDEY_PIYUSH_KUMAR,PAT_00150
INDRAKUMAR_SUSHMA,PAT_00151
GUGULOTHU_BHARATH_SRIRAM,PAT_00151
JOSHI_AKSHAT,PAT_00151
CHATTERJEE_KAUSHIK,PAT_00151
DASH_TAPAN_KUMAR,PAT_00151
MISHRA_VIVEK,PAT_00151
TANDON_BHARAT,PAT_00151
MISRA_ABHA,PAT_00152
PANWAR_VINOD,PAT_00152
CHAUHAN_PANKAJ_SINGH,PAT_00152
TRIPATHI_SANDEEP,PAT_00153
H_SUPRIYA,PAT_00153
BOSE_SURYASARATHI,PAT_00153
CHANDRA_NAGASUMA,PAT_00154
THAKUR_CHANDRANI,PAT_00154
SINGH_AMIT,PAT_00154
SRIVATHSA_ACHARYA,PAT_00155
SHOBHIT_BHATNAGAR,PAT_00155
MOHAMMED_SAADAT_FARDEEN,PAT_00155
DUDA_GAYATHRI_REDDY,PAT_00155
ARIJIT_DEY,PAT_00155
GAYATHRI_R,PAT_00155
P_VIJAY_KUMAR,PAT_00155
ROY_ABHIJIT_CHANDRA,PAT_00156
BID_AVEEK,PAT_00156
SHISHIR_N_Y,PAT_00157
AMAN_SINGH,PAT_00157
SHAHNAWAZ_AHMED,PAT_00158
AMRIT_AMBIRAJAN,PAT_00158
SUSMITA_DASH,PAT_00158
SOHAM_MUKHERJEE,PAT_00158
SRUTHY_S,PAT_00159
NEELESH_B_MEHTA,PAT_00159
PAWAN_KUMAR_JHA,PAT_00160
PRABEER_BARPANDA,PAT_00160
SHISHIR_N_Y,PAT_00161
ADITYA_VARMA_SAGI,PAT_00161
ADITYA_RAJESH_SHIRWATKAR,PAT_00161
BASU_SAPTARSHI,PAT_00162
KUMAR_ALOKE,PAT_00162
SHARMA_SHUBHAM,PAT_00162
KIRAN_SATHEESH,PAT_00163
GAURAV_TOMAR,PAT_00163
PRIYABRATA_MAHARANA,PAT_00164
JYOTI_SHIVAJI_SONAWANE,PAT_00164
AHMAD_REHAN_SHAIKH,PAT_00164
CHINMAYEE_PRASAD_CURPOD,PAT_00164
NIKHIL_MURALIDHAR,PAT_00164
GONDI_KONDAIAH_ANANTHASURESH,PAT_00164
PAVAN_BELEHALLI,PAT_00164
AMBARISH_GHOSH,PAT_00165
GOURI_PATIL,PAT_00165
INDRANIL_DEY,PAT_00166
KETAKI_SAMANTA,PAT_00166
KUNAL_MANNA,PAT_00166
MUHAMMED_AJNAS_N,PAT_00166
SURYASARATHI_BOSE,PAT_00166
ASHOK_MISRA,PAT_00166
MONDAL_PRITIRANJAN,PAT_00167
MANDAL_ARKODIP,PAT_00167
CHATTERJEE_KAUSHIK,PAT_00167
SARAVANAKUMAR_DHARMARAJ,PAT_00168
PROSENJIT_SEN,PAT_00168
MAYANK_SHRIVASTAVA,PAT_00169
JATIN,PAT_00169
PROSENJIT_SEN,PAT_00170
DIGBIJOY_NATH,PAT_00170
MURALIDHARAN_R,PAT_00170
ROOPA_J,PAT_00170
SHONKHO_SHUVRO,PAT_00170
DASAPPA_SRINIVASAIAH,PAT_00171
ANAND_M_SHIVAPUJI,PAT_00171
SHIRISH_KUMAR_SHARMA,PAT_00171
KHAN_AFFAN,PAT_00172
HANDRAL_POORNAKANTA,PAT_00172
BHANDARI_C_S_DARSHAN,PAT_00172
RANGARAJAN_RAMSHARAN,PAT_00172
SHAMRAO,PAT_00172
KUMAR_SUNIL,PAT_00173
BISWAS_SUBHA,PAT_00173
KALIGINEDI_VEERABHADRARAO,PAT_00173
THOMAS_ANOOP,PAT_00173
D_MEENA,PAT_00174
THODIYIL_SARATH_KUNDIL,PAT_00174
FRANCIS_FREDY,PAT_00174
TALABATTULA_SRINIVAS,PAT_00174
ABHA_MISRA,PAT_00175
PRAVEEN_KUMAR,PAT_00175
KRISHNAKUMAR_V_P,PAT_00175
SRINIVASARAO_A_SHIVASHANKAR,PAT_00176
RUDRA_PRATAP,PAT_00176
NAGENDRA_PRATAP_SINGH,PAT_00176
ABHRA_ROY_CHOWDHURY,PAT_00177
PRATYAKSH_PRABHAV_RAO,PAT_00177
JATIN,PAT_00178
MAYANK_SHRIVASTAVA,PAT_00178
SELVARAJA_SHANKAR_KUMAR,PAT_00179
NAMBIAR_SIDDHARTH,PAT_00179
NEHA_PADDILLAYA,PAT_00180
SUYOG_V_MAHULKAR,PAT_00180
JAYWANT_H_ARAKERI,PAT_00180
NAMRATA_GUNDIAH,PAT_00180
JOGESH_CHANDRA_DASH,PAT_00181
DEBDEEP_SARKAR,PAT_00181
MANISH_ARORA,PAT_00182
ROHIT_SAI_KODAM,PAT_00182
NEHA_N,PAT_00182
KHATUA_VIVEK,PAT_00183
ANANTHASURESH_GONDI_KONDAIAH,PAT_00183
GURUMURTHY_BALAN,PAT_00183
TIWARI_VIVEK,PAT_00184
BHAT_VIVEK_NAGENDRA,PAT_00184
THOMAS_ASHA_SWEETY,PAT_00184
NAIR_NIKILA,PAT_00185
A_V_AKSHAYA,PAT_00185
ANANTHASURESH_GONDI_KONDAIAH,PAT_00185
JOSEPH_JOSE,PAT_00185
CHAKRAPANI_HARINATH,PAT_00186
KUMAR_T_ANAND,PAT_00186
SINGH_AMIT,PAT_00186
GOWSAMI_SREETOSH,PAT_00187
GOWSAMI_SREEBRATA,PAT_00187
DAS_GUPTA_TAPAJYOTI,PAT_00188
RAMASAMY_ALWARSAMY,PAT_00188
SAHU_RENU_RAMAN,PAT_00188
BHONSLE_SANTOSH,PAT_00188
ARAKERI_JAYWANT_H,PAT_00189
MAHULKAR_SUYOG_V,PAT_00189
PATIL_ADITYA_A,PAT_00189
ISHITA_BANSAL,PAT_00190
SHAMIBROTA_KISHORE_ROY,PAT_00190
PROSENJIT_SEN,PAT_00190
KAUSHIK_BASU,PAT_00190
CHATTERJEE_KAUSHIK,PAT_00191
ANANTHASURESH_GONDI_KONDAIAH,PAT_00191
BAGHEL_VAGEESH_SINGH,PAT_00191
CHOUDHURY_SASWAT,PAT_00191
JOSHI_AKSHAT,PAT_00191
RIJO_BABY,PAT_00192
HAREESH_CHANDRASEKAR,PAT_00192
RANGARAJAN_MURALIDHARAN,PAT_00192
SRINIVASAN_RAGHAVAN,PAT_00192
DIGBIJOY_N_NATH,PAT_00192
SANJIV_SAMBANDAN,PAT_00193
ATANU_MOHANTY,PAT_00193
VIVEKANAND_UPADHYE,PAT_00193
CHEPPALLI_VENKATA_SAI_PRANEETH,PAT_00193
JOSEPH_ROBIN,PAT_00194
PARVATHANENI_PHANI_KUMAR,PAT_00194
DIWAN_SOURABH_SUHAS,PAT_00194
JOSHI_RATHIN_K,PAT_00195
M_VARUN_KUMAR,PAT_00195
AGRAWAL_MEGHA,PAT_00195
MOHAN_LATIKA,PAT_00195
JAYACHANDRA_MAHESH,PAT_00195
PANDYA_HARDIK_J,PAT_00195
ROY_ABHIJIT_CHANDRA,PAT_00196
BID_AVEEK,PAT_00196
ROY_ABHIJIT_CHANDRA,PAT_00197
BID_AVEEK,PAT_00197
MISRA_ABHA,PAT_00198
KRISHNAKUMAR_VP,PAT_00198
BARUI_SRIMANTA,PAT_00199
MISHRA_DEEPA,PAT_00199
HARIBABU_GOWTHAM_NIMMAL,PAT_00199
BASU_BIKRAMJIT,PAT_00199
SHRIVASTAVA_MAYANK,PAT_00200
MALIK_RASIK_RASHID,PAT_00200
DASAPPA_SRINIVASAIAH,PAT_00201
SHIVAPUJI_ANAND_MALHAR,PAT_00201
GUPTA_ARVIND,PAT_00201
MONDAL_PARTHA_PRATIM,PAT_00202
BARO_NEPTUNE,PAT_00202
HARDIK_JEETENDRA_PANDYA,PAT_00203
AJAY_KRISHNAN_A,PAT_00203
ARJUN_B_S,PAT_00203
PUSHKRAJ_ANIL_JANWADKAR,PAT_00203
JOGESH_CHANDRA_DASH,PAT_00204
DEBDEEP_SARKAR,PAT_00204
DEBASMITA_PARIARI,PAT_00205
SAKSHI_MEHTA,PAT_00205
ABHISHAKE_MONDAL,PAT_00205
DIPANKAR_DAS_SARMA,PAT_00205
MONDAL_PARTHA_PRATIM,PAT_00206
JOSHI_PRAKASH,PAT_00206
RAO_LAKSHMINARAYANA,PAT_00207
N_PUNITH,PAT_00207
SINGH_ASHISH_KUMAR,PAT_00207
CHAKRAVORTTY_DIPSHIKHA,PAT_00207
GOPALAN_JAGADEESH,PAT_00208
CHAKRAVORTTY_DIPSHIKHA,PAT_00208
REDDY_JAGANNATHA_KALIDEVAPURA_POLAREDDY,PAT_00208
DATEY_AKSHAY,PAT_00208
KUMAR_CHINTOO_SUDHIESH,PAT_00208
SAMUELRAJ_OBED_ISAAC,PAT_00208
NARAYANAN_G,PAT_00209
KUMAR_PRAMOD,PAT_00209
SYED_SHAHJAHAN_AHMAD,PAT_00209
BIRADAR_VIJAY,PAT_00209
SRIVATSA_SHREYAS,PAT_00209
MARKOSE_ANGELA_SUSAN,PAT_00209
RAJ_ADITYA,PAT_00209
DASH_SUSMITA,PAT_00210
KUMAR_VIRKESHWAR,PAT_00210
APARNA_SWAIN,PAT_00211
ADARSH_SHAJIMON,PAT_00211
ASHISH_BISWAS,PAT_00211
SURYASARATHI_BOSE,PAT_00211
JAYDEEP_KUMAR_BASU,PAT_00211
NITHIN_ABRAHAM,PAT_00212
KAUSIK_MAJUMDAR,PAT_00212
MONDAL_PARTHA_PRATIM,PAT_00213
BASUMATARY_JIGMI,PAT_00213
ASHWINI_RATNOO,PAT_00214
MANAS_SARKAR,PAT_00214
R_BALAJI_SUNIL_KUMAR,PAT_00214
B_S_ARJUN,PAT_00215
A_AJAY_KRISHNAN,PAT_00215
KUMAR_ADITHYA,PAT_00215
H_PARAMESH,PAT_00215
PANDYA_HARDIK_JEETENDRA,PAT_00215
SHIKHA_AWASTHI,PAT_00216
CHANDAN_SRIVASTAVA,PAT_00216
MUSUVATHI_S_BOBJI,PAT_00216
SARVESH_KUMAR_PANDEY,PAT_00216
JEET_KUMAR_GAUR,PAT_00216
HALIMA_KHATOON,PAT_00217
JAGADESHVARAN_P_L,PAT_00217
NAGARAJAN_PADMAVATHY,PAT_00217
SURYASARATHI_BOSE,PAT_00217
SANDEEP_TRIPATHI,PAT_00217
HARISH_SINGH_DHAMI,PAT_00218
PRITI_RANJAN_PANDA,PAT_00218
PULI_SAIKIRAN,PAT_00218
KOUSHIK_VISWANATHAN,PAT_00218
RENJITH_ANU,PAT_00219
GHATE_VIVEK_MANGALORE,PAT_00219
BADNIKAR_KEDAR_ASHUTOSH,PAT_00219
NATARAJA_JAYADEVI_SHREYAS,PAT_00219
PAHAL_SUMAN,PAT_00219
VEMULA_PRAVEEN_KUMAR,PAT_00219
NAYAK_MANGALORE_MANJUNATHA,PAT_00219
NARASIMHAIAH_SUBRAMANYAM_DINESH,PAT_00219
ESWARAPPA_SANDEEP_MUTHANEGERE,PAT_00220
MANJUNATH_LEKHA_E,PAT_00220
KARIA_DEVAL,PAT_00221
ARORA_MANISH,PAT_00221
PRAVEEN_C_RAMAMURTHY,PAT_00222
BHASKAR_KRISHNASWAMY,PAT_00222
ARUN_D_RAO,PAT_00222
LAKSHMINARAYANAN_SESHADRI,PAT_00223
PRAMOD_KUMAR,PAT_00223
PRAMODCHANDRA_UMAKANT_GOPI,PAT_00223
BALAN_GURUMOORTHY,PAT_00224
ASHITAVA_GHOSAL,PAT_00224
MANISH_ARORA,PAT_00224
DEVAL_KARIA,PAT_00224
SUBHO_DASGUPTA,PAT_00225
MITTA_DIVYA,PAT_00225
VENKAT_NIKHIL_KUMAR_CHERUKUPALLY,PAT_00225
NARAYANAN_GOPALARATNAM,PAT_00226
UPAMANYU_KAPIL,PAT_00226
JAYANTA_CHATTERJEE,PAT_00227
BHAVESH_OMPRAKASH_KHATRI,PAT_00227
ISHIKA_PRAMANICK,PAT_00227
SOMNATH_DUTTA,PAT_00227
RAJU_S_RAJMANI,PAT_00227
SAMEER_KUMAR_MALLADI,PAT_00227
AMIT_SINGH,PAT_00228
VIRENDER_KUMAR_PAL,PAT_00228
SHARMA_PALLAVI_RAJ,PAT_00229
DRAVID_AMEYA_ATUL,PAT_00229
AGARWAL_RACHIT,PAT_00229
SAURABH_KUMAR,PAT_00230
PAVITRA_BELTHANGADI,PAT_00230
SHIVAKARTHIK_EKAMBARAM,PAT_00230
SHREYAS_SRIVATSA,PAT_00230
PROSENJIT_SEN,PAT_00230
M_M_NAYAK,PAT_00230
HIMANSHU,PAT_00231
SHUBHAM_FARATE,PAT_00231
PRADIPTA_BISWAS,PAT_00231
VINAY_KRISHNA_SHARMA,PAT_00231
INDRANIL_CHAKRABORTY,PAT_00232
PRITIRANJAN_MANDAL,PAT_00232
SUBHASISH_MAITI,PAT_00232
SURYASARATHI_BOSE,PAT_00232
KAUSHIK_CHATTERJEE,PAT_00232
PRABEER_BARPANDA,PAT_00233
ANSHUMAN_CHAUPATNAIK,PAT_00233
JAGADESHVARAN_P_L,PAT_00234
TANYARADZWA_SYMPATHY_MUZATA,PAT_00234
APARNA_SHUKLA,PAT_00234
PADMAVATHY_NAGARAJAN,PAT_00234
MONIKA_RAJPUT,PAT_00234
AMANUEL_GEBREKRSTOS,PAT_00234
KAUSHIK_CHATTERJEE,PAT_00234
SURYASARATHI_BOSE,PAT_00234
JAYANT_HEMANG_KUMAR,PAT_00235
ARORA_MANISH,PAT_00235
MADHAVARAJ_AYYAVU,PAT_00236
ANGARAI_GANESAN,PAT_00236
KUPPURAJ_RAJAMANICKAM,PAT_00237
SAPTARSHI_BASU,PAT_00237
SWATI_SHARMA,PAT_00238
ANIL_MANDHANI,PAT_00238
SURYASARATHI_BOSE,PAT_00238
BIKRAMJIT_BASU,PAT_00238
SUSMITA_DASH,PAT_00239
JASVANTH_VS,PAT_00239
PRATIKASH_PANDA,PAT_00239
AKSHAY_SHARMA,PAT_00239
ROY_KAUSTAV,PAT_00240
KALYAN_KRITANK,PAT_00240
ASHOK_ANUJ,PAT_00240
SHASTRI_VIJAYENDRA,PAT_00240
PRATAP_RUDRA,PAT_00240
DR_PRAMOD_KUMAR,PAT_00241
SIDDHANT_KARMARKAR,PAT_00241
GOBBALIPUR_RANGANATH_JAYANTH,PAT_00242
SINGH_VIKRANT_KUMAR,PAT_00242
PRAMOD_KUMAR,PAT_00243
VIJAY_BIRADAR,PAT_00243
VIVEK_PANDEY,PAT_00243
CHETAN_SINGH_THAKUR,PAT_00244
ANIRBAN_CHAKRABORTY,PAT_00244
SATHYAPRAKASH_NARAYANAN,PAT_00244
BIBRAT_RANJAN_PRADHAN,PAT_00244
RAJESH_SRINIVASAN,PAT_00245
EUGENE_CHRISTO_V_R,PAT_00245
PRATEEK_KATARE,PAT_00245
ARAVIND_VENUKUMAR,PAT_00245
SAI_SIVA_GORTHI,PAT_00245
NISANTH_KM_NAMBISON,PAT_00245
BASU_SAPTARSHI,PAT_00246
PARIDA_DIPTI_RANJAN,PAT_00246
DANI_NIKHIL,PAT_00246
KHAWAJA_NIZAMMUDDIN_SUBHANI,PAT_00247
VEERA_PANDI_N,PAT_00247
SIVA_PRASAD_RAJU_PENMETSA,PAT_00247
K_N_BHAT,PAT_00247
M_M_NAYAK,PAT_00247
NARAYANAN_GOPALARATNAM,PAT_00248
KUMAR_PRAMOD,PAT_00248
AHMAD_SYED_SHAHJAHAN,PAT_00248
SRIVATSA_SHREYAS,PAT_00248
BIRADAR_VIJAY,PAT_00248
PROF_SANJIV_SAMBANDAN,PAT_00249
PROF_ATANU_MOHANTY,PAT_00249
PROF_MANOJ_VARMA,PAT_00249
GANAPATHY_SARAVANAVEL,PAT_00249
SIVACHARANA_GOUD,PAT_00249
PROF_KR_GUNASHEKAR,PAT_00249
VINOD_GANAPATHY,PAT_00250
RAKESH_RAJAN_BECK,PAT_00250
ABHISHEK_VIJEEV,PAT_00250
ANSHUMAN_CHAUPATNAIK,PAT_00251
PRABEER_BARPANDA,PAT_00251
SRINIVASAIAH_DASAPPA,PAT_00252
ANAND_MALHAR_SHIVAPUJI,PAT_00252
ARASHDEEP_SINGH,PAT_00252
DASAPPA_SRINIVASAIAH,PAT_00253
MITTA_DIVYA,PAT_00254
SUBHO_DASGUPTA,PAT_00254
SRINIVASAIAH_DASAPPA,PAT_00255
ANAND_MALHAR_SHIVAPUJI,PAT_00255
ARASHDEEP_SINGH,PAT_00255
GAUTHAM_SRINIVAS_GANESH,PAT_00255
SHIRISH_KUMAR_SHARMA,PAT_00255
ARVIND_GUPTA,PAT_00255
ASHOK_KUMAR_SHUKLA,PAT_00256
SATISH_PATIL,PAT_00256
MUSUWATHI_KRISHNAMOORTHY_RAVIKUMAR,PAT_00256
RATHOD_SUMAN,PAT_00256
SATISH_VASU_KAILAS,PAT_00257
PRABHA_SAMUDRE,PAT_00257
VERMA_ASHISH,PAT_00258
TIWARI_ARUNA,PAT_00258
KUMAR_NEETESH,PAT_00258
PATIDAR_SANJAY,PAT_00258
SINGH_UPENDRA,PAT_00258
KUMAR_PRAMOD,PAT_00259
KARMARKAR_SIDDHANT,PAT_00259
BIRADAR_VIJAY,PAT_00259
PROF_UMAPATHY_SIVA,PAT_00260
SIL_SANCHITA,PAT_00260
KUMBHAR_DIPAK,PAT_00260
KUMAR_R_VISHNU,PAT_00260
PROF_UMAPATHY_SIVA,PAT_00261
SIL_SANCHITA,PAT_00261
KUMAR_SRIVIDYA,PAT_00261
KUMBHAR_DIPAK,PAT_00261
ROY_ABHIJIT_CHANDRA,PAT_00262
HOSURU_ANJANEYAREDDY_NAVIN_KUMAR,PAT_00262
KUMAR_ALOKE,PAT_00262
GUNDIAH_NAMRATA,PAT_00263
GAIKWAD_CHAITANYA_MURLIDHAR,PAT_00263
CHATTERJEE_ARITRA,PAT_00263
PULIYATH_NIDHEESH,PAT_00263
S_SRINIVASA_MURTHY,PAT_00264
PRAMOD_KUMAR,PAT_00264
PRADIP_DUTTA,PAT_00264
K_MALLESWARARAO,PAT_00264
SANJEEV_KUMAR,PAT_00264
LALIT_MAURYA,PAT_00264
RAHUL_SHARMA,PAT_00264
YUVIKA_DEV,PAT_00265
SURESH_SUNDARAM,PAT_00265
PUNDI_NARASIMHAN_RANGARAJAN,PAT_00266
TRISHNA_DEY,PAT_00266
SATISH_V_KAILAS,PAT_00267
PRANAY_V_LIKHAR,PAT_00267
RAJEEV_KUMAR_GUPTA,PAT_00267
PROF_SIVA_UMAPATHY,PAT_00268
PROF_DIPANKAR_NANDI,PAT_00268
PROF_RAVINDRAN_BALACHANDRAN,PAT_00268
DR_TARU_VERMA,PAT_00268
PROF_SIVA_UMAPATHY,PAT_00269
R_VISHNU_KUMAR,PAT_00269
JAYANTH_G_R,PAT_00270
PANDA_PUNYABRAHMA,PAT_00270
ROY_ABHIJIT_CHANDRA,PAT_00271
PRATAP_RUDRA,PAT_00272
GARUD_MEERA,PAT_00272
HARDIK_J_PANDYA,PAT_00273
JAGANNATHAN_GOPALAKRISHNAN,PAT_00273
ANIL_VISHNU_G_K,PAT_00273
MIDHUN_C_KACHAPPILLY,PAT_00273
SUDARSHAN_JAGANNATHAN,PAT_00273
AKHIL_MOHAN,PAT_00273
UTTAM_M_PAL,PAT_00273
SAKHUJA_NEHA,PAT_00274
JHA_RAVINDRA_KUMAR,PAT_00274
SAI_RANAJIT,PAT_00274
BHAT_NAVAKANTA,PAT_00274
ASHOK_KUMAR_REDDY_CHAVVA,PAT_00275
NEELESH_B_MEHTA,PAT_00275
VARADARAJAN_RAGHAVAN,PAT_00276
MALLADI_SAMEER_KUMAR,PAT_00276
AHMED_SHAHBAZ,PAT_00276
PANDEY_SUMAN,PAT_00276
SINGH_RANDHIR,PAT_00276
RANGARAJAN_RAMSHARAN,PAT_00277
ALEKYA_B,PAT_00278
BHUSHAN_V,PAT_00278
V_S_N_SITARAM_GUPTA_V,PAT_00278
ARJUN_B_S,PAT_00278
KEVIN_ABHISHEK,PAT_00278
S_SIDDESH_SHENOY,PAT_00278
SANJAY_RAO,PAT_00278
HARDIK_J_PANDYA,PAT_00278
MAYUR_BHUVA,PAT_00278
HARDIK_J_PANDYA,PAT_00279
JAGANNATHAN_GOPALAKRISHNAN,PAT_00279
ANIL_VISHNU_G_K,PAT_00279
MIDHUN_C_KACHAPPILLY,PAT_00279
SUDARSHAN_JAGANNATHAN,PAT_00279
ARJUN_B_S,PAT_00279
SONAL_ASTHANA,PAT_00279
VISHNU_KURPAD,PAT_00279
SARKAR_DEBASISH,PAT_00280
BHIMAVARAPU_SAMBIREDDY,PAT_00280
MANDAL_SOURAV,PAT_00280
BASU_BIKRAMJIT,PAT_00280
TIWARI_SUDHANSHU,PAT_00281
PRATAP_RUDRA,PAT_00281
ANIL_VISHNU_GK,PAT_00282
BHAGABAN_BEHERA,PAT_00282
ALEKYA_B,PAT_00282
ARUN_BABY,PAT_00282
SAEED_RILA_B_C,PAT_00282
ARJUN_B_S,PAT_00282
MIDHUN_C_KACHAPPILLY,PAT_00282
PRATHIK_B_H,PAT_00282
NAGASUMA_CHANDRA,PAT_00282
DIPSHIKHA_CHAKRAVORTTY,PAT_00282
HARDIK_J_PANDYA,PAT_00282
HARDIK_J_PANDYA,PAT_00283
ARJUN_B_S,PAT_00283
ANIL_VISHNU_G_K,PAT_00283
GOKUL_A_M,PAT_00283
ARUN_BABY,PAT_00283
SHILPA_RAO,PAT_00283
MANISH_BENIWAL,PAT_00283
VIKAS_V,PAT_00283
ANITA_MAHADEVAN,PAT_00283
BHATTACHARYA_SANTANU,PAT_00284
KAMRA_MOHINI,PAT_00284
MOITRA_PARIKSHIT,PAT_00284
TOLEY_BHUSHAN_JAYANT,PAT_00285
POORNA_RAJAS,PAT_00286
GORTHI_SAI_SIVA,PAT_00286
TOLEY_BHUSHAN_JAYANT,PAT_00286
SUMIT_KUMAR,PAT_00287
EBINESH_ABRAHAM,PAT_00287
PRAVEEN_KUMAR,PAT_00287
RUDRA_PRATAP,PAT_00287
POORNA_RAJAS,PAT_00288
GORTHI_SAI_SIVA,PAT_00288
TOLEY_BHUSHAN_JAYANT,PAT_00288
CHANDRA_NAGASUMA,PAT_00289
RAVICHANDRAN_SATHYABAARATHI,PAT_00289
PRAJAPATI_CHANDRA_SHEKHAR,PAT_00290
BHAT_NAVAKANTA,PAT_00290
PRAJAPATI_CHANDRA_SHEKHAR,PAT_00291
BHAT_NAVAKANTA,PAT_00291
MONISHMURALI_M,PAT_00292
MAYANK_SHRIVASTAVA,PAT_00292
SUBRAHMANYAM_DINESH_NARASIMHAIAH,PAT_00293
NARASIMHASWAMY_VASUDHA,PAT_00293
JAYADEVI_SHREYAS_NATARAJA,PAT_00293
SHRIVASTAVA_MAYANK,PAT_00294
SONI_ANKIT,PAT_00294
SHRIVASTAVA_SANJEEV_KUMAR,PAT_00295
SHIVASHANKAR_SRINIVASARAO_AJJAMPUR,PAT_00295
BHAT_NAVAKANTA,PAT_00295
PANGANAMALA_VIJAY_KUMAR,PAT_00296
DILEEP_DHARMAPPA,PAT_00296
SUGANDH_MISHRA,PAT_00296
BASU_KAUSHIK,PAT_00297
BADAL_ASHUTOSH,PAT_00297
PARASHAR_SANKET,PAT_00297
RAJIB_SAHA,PAT_00298
RAJIB_KALSAR,PAT_00298
SATYAM_SUWAS,PAT_00298
ESWARAPPA_SANDEEP_MUTHANEGERE,PAT_00299
KAR_DEBALEENA,PAT_00299
SOM_SAUBHIK,PAT_00299
RAJASEKAR_GURU_PRATHEEP,PAT_00300
GHOSH_ARINDAM,PAT_00300
PANDEY_ANSHU,PAT_00300
PATIL_SATISH,PAT_00300
MAHADEVU_REKHA,PAT_00300
SONI_ANKIT,PAT_00301
SHRIVASTAVA_MAYANK,PAT_00301
GS_GUPTA,PAT_00302
PRINCE_RAJ,PAT_00302
MPLN_RAO,PAT_00302
RAKESH_KUMAR,PAT_00302
PRABHAKAR_GOWDHAM,PAT_00303
MUKHOPADHYAY_ABHISHEK,PAT_00303
BISWAS_PRADIPTA,PAT_00303
DESHMUKH_SACHIN,PAT_00303
MADAN_MODIKSHA,PAT_00303
KAILAS_SATISH_VASU,PAT_00304
MADHU_H_C,PAT_00304
KAR_AMLAN,PAT_00304
CHAUHAN_AYUSHI,PAT_00305
TOLEY_BHUSHAN_JAYANT,PAT_00305
JOSEPH_L_MATHEW,PAT_00306
NATARAJA_JAYADEVI_SHREYAS,PAT_00306
PAHAL_SUMAN,PAT_00306
DHAYANI_ASHISH,PAT_00306
VEMULA_PRAVEEN_KUMAR,PAT_00306
MATHEW_JOSEPH,PAT_00306
NAYAK_MANGLORE_MANJUNATHA,PAT_00306
NARASIMHAIAH_SUBRAHMANYAM_DINESH,PAT_00306
CHAKRABARTI_AMARESH,PAT_00307
BHATT_APOORV,PAT_00307
KUMARI_MC,PAT_00307
MENON_RAGHU,PAT_00307
BHAUMIK_RAHUL,PAT_00307
JOGLEKAR_ASHISH_VASANT,PAT_00308
SUNDARESAN_RAJESH,PAT_00308
GANAPATHY_VINOD,PAT_00309
BASU_ARKAPRAVA,PAT_00309
SUDARSHAN_SUJAY_YADALAM,PAT_00309
SHARMA_VINAY_KRISHNA,PAT_00310
BISWAS_PRADIPTA,PAT_00310
SC_G_KIRUBA_DANIEL,PAT_00311
NR_NEERAJA,PAT_00311
HEMANTH_R_SABBELLA,PAT_00311
CHETAN_SINGH_THAKUR,PAT_00311
GHOSH_AMBARISH,PAT_00312
BHAT_RAMRAY,PAT_00312
SAINI_DEEPAK,PAT_00312
PALLY_DHARMA_TEJESHWAR_REDDY,PAT_00312
DASGUPTA_DEBAYAN,PAT_00312
SUMAN_RATHOD,PAT_00313
SHIKHA_SHARMA,PAT_00313
SATISH_PATIL,PAT_00313
NAGA_PHANI_AETUKURI,PAT_00313
ASHOK_SHUKLA,PAT_00313
NAGA_PHANI_B_AETUKURI,PAT_00314
VIKALP_RAJ,PAT_00314
VARUN_KANKANALLU_RAVI,PAT_00314
VENKATAKRISHNAN_VENKATARAMAN,PAT_00315
MONDAL_SANDIP,PAT_00315
RAGHAVAN_SRINIVASAN,PAT_00316
BHAT_NAVAKANTA,PAT_00316
SOMAN_ROHITH,PAT_00316
MURTI_CHAITANYA,PAT_00317
PRAKASH_PRAFULL,PAT_00317
BHATTACHARYYA_CHIRANJIB,PAT_00317
BHARADWAJ_AMRUTUR,PAT_00317
GHOSH_AMBARISH,PAT_00318
DASGUPTA_DEBAYAN,PAT_00318
SHRIVASTAVA_MAYANK,PAT_00319
SYED_IDREES_AFZAL_JALALI,PAT_00320
PRAVEEN_KUMAR,PAT_00320
VIKRAM_JAYARAM,PAT_00320
PEDDI_SHANMUKH_SRINIVAS,PAT_00321
DASGUPTA_DEBAYAN,PAT_00321
GHOSH_AMBARISH,PAT_00321
NAYAK_NAMRATHA,PAT_00322
NARASIMHAIAH_SUBRAHMANYAM_DINESH,PAT_00322
SURIYAN_UDAYA,PAT_00322
NATARAJA_JAYADEVI_SHREYAS,PAT_00322
SEN_PROSENJIT,PAT_00322
NARASIMHAIAH_SUBRAHMANYAM_DINESH,PAT_00323
BADNIKAR_KEDAR_ASHUTOSH,PAT_00323
SRIPADA_SUKRUTH,PAT_00323
NATARAJA_JAYADEVI_SHREYAS,PAT_00323
PAHAL_SUMAN,PAT_00323
RENJITH_ANU,PAT_00323
NAYAK_MANGALORE_MANJUNATHA,PAT_00323
HEGDE_GOPALKRISHNA,PAT_00323
KONANDUR_RAJANNA,PAT_00323
SAMBANDAN_SANJIV,PAT_00324
GUNASEKAR_KR,PAT_00324
SARAVANAVEL_GANAPATHY,PAT_00324
R_K_KUMAR,PAT_00325
V_SARAVANAN,PAT_00325
M_JANARDHANA,PAT_00325
GSVL_NARASIMHAM,PAT_00325
JOGLEKAR_ASHISH_VASANT,PAT_00326
SHARATH_SATHISH,PAT_00327
PRAMOD_KUMAR,PAT_00327
PRAMODCHANDRA_UMAKANT_GOPI,PAT_00327
SAINI_DEEPAK_KUMAR,PAT_00328
BHATT_APOORVA,PAT_00328
THAKUR_CHANDRANI,PAT_00328
CHANDRA_NAGASUMA,PAT_00328
HARIHARAN_VIGNESH_NARAYAN,PAT_00328
SIVA_PRASAD_RAJU_PENMETSA,PAT_00329
KARTHICK_JEGANATHAN,PAT_00329
LAVENDRA_YADAV_MANDYAM,PAT_00329
SAPTARSHI_BASU,PAT_00330
DIPTI_RANJAN_PARIDA,PAT_00330
S_ADVAITH,PAT_00330
BISWAS_PRADIPTA,PAT_00331
DESHMUKH_SACHIN,PAT_00331
PRABHAKAR_GOWDHAM,PAT_00331
MADAN_MODIKSHA,PAT_00331
RAMAKRISHNAN_APARNA,PAT_00331
SHARMA_VINAY_KRISHNA,PAT_00331
GOPALARATNAM_NARAYANAN,PAT_00332
SYED_SHAHJAHAN_AHMAD,PAT_00332
DASGUPTA_PALLAVI,PAT_00333
KRISHNASWAMY_PATNAM,PAT_00333
KUMAR_VINAY,PAT_00333
BHAT_NAVAKANTA,PAT_00333
SRIMANTA_BARUI,PAT_00334
VIBHA_SHETTY,PAT_00334
BIKRAMJIT_BASU,PAT_00334
GOPALARATNAM_NARAYANAN,PAT_00335
SYED_SHAHJAHAN_AHMAD,PAT_00335
DASGUPTA_SUBHO,PAT_00336
DEVABHARATHI_NEHRU,PAT_00336
RAJIB_SAHA,PAT_00337
A_N_BHAGAT,PAT_00337
SAURABH_KUNDU,PAT_00337
RAJIB_KALSAR,PAT_00337
SATYAM_SUWAS,PAT_00337
KHURANA_GAGANDEEP_SINGH,PAT_00338
MAITI_RINA,PAT_00338
GHOSH_ARINDAM,PAT_00339
GAYATHRI_HONNENAHALLI_NIRANJANA_MURTHY,PAT_00339
NAVNEET_KUMAR_GUPTA,PAT_00340
BHAGIRATH_SAINI,PAT_00340
VARSHA_RANI,PAT_00340
VIKRANT_URADE,PAT_00340
ANUMOL_DOMINIC,PAT_00341
SANKET_JUGADE,PAT_00341
AKSHAY_NAIK,PAT_00341
MANOJ_VARMA,PAT_00341
NAVKIRANJOT_KAUR_GILL,PAT_00342
SHAILI_SETT,PAT_00342
ARINDAM_GHOSH,PAT_00342
SADANAND_POWAR,PAT_00343
ARYAN_KESHRI,PAT_00343
MOHIT_TANWANI,PAT_00343
SB_KRUPANIDHI,PAT_00343
SUJIT_DAS,PAT_00343
BHEEMA_SANKAR_REDDY,PAT_00344
CHANDANTARU_DEY_MODAK,PAT_00344
PROSENJIT_SEN,PAT_00344
MRINMOY_DE,PAT_00345
KOMAL_JAISWAL,PAT_00345
MADHUSMITA_MAHANTA,PAT_00345
VIKAS_KUMAR_SINGH,PAT_00346
ADARSH_D,PAT_00346
VIKAS_BC,PAT_00346
SATISH_V_KAILAS,PAT_00346
PROF_ANINDA_JIBAN_BHATTACHARYYA,PAT_00347
DR_DEBALINA_DEB,PAT_00347
MOULI_THIRUMALASETTY,PAT_00348
G_NARAYANAN,PAT_00348
AJAY_TIJORE,PAT_00349
ADITI_JOSHI,PAT_00349
SIDDHESH_KISHOR_SAIGAONKAR,PAT_00349
SURYASARATHI_BOSE,PAT_00350
SANDEEP_KUMAR_SINGH,PAT_00350
AKSHAY_SUNIL_SALVI,PAT_00350
SAMPATH_PARASURAM,PAT_00350
SUBODH_KUMAR,PAT_00350
NEETIKA_SINGH,PAT_00350
SHUKLA_ASHOK_KUMAR,PAT_00351
PATIL_SATISH_AMRUTRAO,PAT_00351
RAVIKUMAR_MUSUWATHI_KRISHNAMOORTHY,PAT_00351
YADAV_SATYA_PRAKASH,PAT_00351
PARNA_ROY,PAT_00352
PARINEETA_GOGOI,PAT_00352
ANSHU_PANDEY,PAT_00352
DIBAKAR_SEN,PAT_00353
PANKAJ_SHAKYA,PAT_00353
RAVIRAJ_BHADANGE,PAT_00353
SATISH_VASU_KAILAS,PAT_00354
SATYAM_SUWAS,PAT_00354
LASZLO_S_TOTH,PAT_00354
PRASHANT_KRISHNA_HUILGOL,PAT_00354
GOVIND_KUMAR,PAT_00354
SANIKA_ABHIJIT_PARANJAPE,PAT_00354
NIKHIL_THULASEEDAHARAN_NAIR_GIRIJAKUMARI,PAT_00354
SOHIT_MISHRA,PAT_00354
ARINDAM_GHOSH,PAT_00355
SOMADITYA_SANTRA,PAT_00355
SHAILI_SETT,PAT_00355
SHREYANSH_ANAND,PAT_00356
SHREYAS_KULUR,PAT_00356
ABIJITH_JAGANNATH_KAMATH,PAT_00356
SATYAPREET_SINGH_YADAV,PAT_00356
CHETAN_SINGH_THAKUR,PAT_00356
CHANDRA_SEKHAR_SEELAMANTULA,PAT_00356
DAS_DEBASIS,PAT_00357
SAINI_DEEPAK_K,PAT_00357
SIDHU_JAGPREET_S,PAT_00357
RAJENDRAN_KALPANA,PAT_00357
MATHEW_ABRAHAM_B,PAT_00357
IQBAL_TABISH,PAT_00357
PROF_P_ANBAZHAGAN,PAT_00358
ESWARAPPA_SANDEEP_M,PAT_00359
MANJUNATH_LEKHA_E,PAT_00359
MUGESH_GOVINDASAMY,PAT_00360
SHARATH_BABU_BIDARE_N,PAT_00360
DAS_SOURAV,PAT_00360
SIDDHANT_JAIN,PAT_00361
SAINI_JATIN_RAO,PAT_00361
PROF_SAPTARSHI_BASU,PAT_00361
NEELESH_B_MEHTA,PAT_00362
SAYANTAN_ADHIKARY,PAT_00362
SHIVAM_VINAYAK_VATSA,PAT_00363
ANUSHA_GP,PAT_00363
VISHAL_SEVANI,PAT_00363
PURUSHOTHAMAN_SARAVANAN,PAT_00363
RISHABH_ROY,PAT_00363
SVR_ANAND,PAT_00363
JOY_KURI,PAT_00363
ANURAG_KUMAR,PAT_00363
GOPALARATNAM_NARAYANAN,PAT_00364
PRAMOD_KUMAR,PAT_00364
ASHUTOSH_PATEL,PAT_00364
KAMISETTI_N_V_PRASAD,PAT_00364
GOPALARATNAM_NARAYANAN,PAT_00365
PRAMOD_KUMAR,PAT_00365
ASHUTOSH_PATEL,PAT_00365
KAMISETTI_N_V_PRASAD,PAT_00365
SURAJ_KESRI,PAT_00366
SUNANDAN_PAUL,PAT_00366
VISHAL_SINGH,PAT_00366
EESHAN_KULKARNI,PAT_00367
SURESH_SUNDARAM,PAT_00367
ASHISH_VASANT_JOGLEKAR,PAT_00368
ANKIT_MISHRA,PAT_00368
BHARADWAJ_AMRUTUR,PAT_00368
DEBASIS_DAS,PAT_00369
TABISH_IQBAL,PAT_00369
SUBHASHINI_MURUGAN,PAT_00369
TRIPATHI_SANDEEP,PAT_00370
H_SUPRIYA,PAT_00370
BOSE_SURYASARATHI,PAT_00370
MALAKAR_AMIT,PAT_00371
MISRA_ASHOK,PAT_00371
MANNA_KUNAL,PAT_00371
SENGUPTA_RIA,PAT_00371
MANDAL_SAMIR,PAT_00371
BOSE_SURYASARATHI,PAT_00371
RAMSHANKER_N,PAT_00372
LAKSHMI_GANAPATHI_KOLLA,PAT_00372
SANGENENI_MOHAN,PAT_00372
SUVASHISH_TIWARI,PAT_00372
ALOK_KUMAR_JEJUSARIA,PAT_00372
JASPREET_SINGH,PAT_00372
INDRAKUMAR_SUSHMA,PAT_00373
JOSHI_AKSHAT,PAT_00373
CHATTERJEE_KAUSHIK,PAT_00373
DASH_TAPAN_KUMAR,PAT_00373
MISHRA_VIVEK,PAT_00373
TANDON_BHARAT,PAT_00373
JOMON_K_J,PAT_00374
DEBNATH_SANCHARI,PAT_00374
PATIL_SATISH,PAT_00374
SUBINOY_RANA,PAT_00375
MANJU_SOLRA,PAT_00375
FATHIMA_S,PAT_00375
SOURAV_DAS,PAT_00375
NITHIN_ABRAHAM,PAT_00376
KAUSIK_MAJUMDAR,PAT_00376
LATHIA_RUTVIK_VASUDEV,PAT_00377
NAGPAL_SATCHIT,PAT_00377
MODAK_CHANDANTARU_DEY,PAT_00377
SEN_PROSENJIT,PAT_00377
CHETAN_SINGH_THAKUR,PAT_00378
SHANTANU_CHAKRABARTTY,PAT_00378
PATIL_DEEPAK_DEELIP,PAT_00379
CHATTERJEE_KAUSHIK,PAT_00379
KUMARI_SUSHMA,PAT_00379
C_M_CHANDRASHEKAR,PAT_00380
K_MUHAMMED_SHAFI,PAT_00380
PRATEEK_CHAWLA,PAT_00380
ABHAYA_S_HEGDE,PAT_00380
R_S_GAYATRI,PAT_00380
A_PADHYE,PAT_00380
GAURAV_BHANDARI,PAT_00381
RAGHUNATH_D,PAT_00381
PRAKASH_HIREMATH_M,PAT_00381
ASHISH_VASANT_JOGLEKAR,PAT_00381
DEVADATTA_MADHUKAR_KULKARNI,PAT_00381
SAMPAD_MOHANTY,PAT_00381
VENKATESH_PRABHU,PAT_00381
RAJEEV_SHOREY,PAT_00381
RAJESH_SUNDARESAN,PAT_00381
JEFFREY_DAVID_TEW,PAT_00381
GURUMOORTHY_BALAN,PAT_00382
KUMARI_MOOTHEDATH_CHANDRAN,PAT_00382
JOGESH_CHANDRA_DASH,PAT_00383
DEBDEEP_SARKAR,PAT_00383
RAGHAVAN_SATHEES_C,PAT_00384
RAY_UJJAYINEE,PAT_00384
GOPINATHA_VINDYA_K,PAT_00384
SHARMA_SHIVANGI,PAT_00384
MANTELINGU_KEMPEGOWDA,PAT_00384
RANGAPPA_KANCHUGARAKOPPAL_S,PAT_00384
MEERSHA_ADIL,PAT_00385
RAWAT_JASWANT_SINGH,PAT_00385
SHRIVASTAVA_MAYANK,PAT_00385
MEERSHA_ADIL,PAT_00386
LAL_MOHAN,PAT_00386
SHRIVASTAVA_MAYANK,PAT_00386
MEERSHA_ADIL,PAT_00387
KHANEJA_MAMTA,PAT_00387
SHRIVASTAVA_MAYANK,PAT_00387
PANDEY_ANSHU,PAT_00388
GHOSH_ARINDAM,PAT_00388
PATIL_SATISH,PAT_00388
GHOSH_ARINDAM,PAT_00389
HONNENAHALLI_NIRANJANA_MURTHY_GAYATHRI,PAT_00389
SHAKYA_JYOTI,PAT_00389
SARAFF_SAMIR,PAT_00389
SADA_KRISHNAKANTH,PAT_00390
BARPANDA_PRABEER,PAT_00390
MANI_MONTO,PAT_00391
NAMDEO_YOGANSH,PAT_00391
HAFILA_UJJAL,PAT_00391
PATIL_SATISH_A,PAT_00392
SHUKLA_ASHOK_K,PAT_00392
CHITHAMBARARAJ_A,PAT_00392
HARISH_M_N_K,PAT_00393
DEBASHIS_TRIPATHY,PAT_00393
VISWANATHA_H_M,PAT_00393
S_SAMPATH,PAT_00393
ANANTH_GOVIND_RAJAN,PAT_00394
JOHN_MARK_P_MARTIREZ,PAT_00394
EMILY_A_CARTER,PAT_00394
SURYASARATHI_BOSE,PAT_00395
PADMAVATHY_NAGARAJAN,PAT_00395
VIDYASHREE_MADANAHALLI_PANDURANGA,PAT_00395
RESHMA_KAILASKUMAR,PAT_00395
RAMRAY_BHAT,PAT_00396
SHRUTHI_NARAYANAN,PAT_00396
DEEPAK_KUMAR_SAINI,PAT_00396
RUDRA_PRATAP,PAT_00397
BIBHAS_NAYAK,PAT_00397
HARSHVARDHAN_GUPTA,PAT_00397
SURYASARATHI_BOSE,PAT_00398
YUDHAJIT_BHATTACHARJEE,PAT_00398
INDRAKUMAR_SUSHMA,PAT_00399
GHOSH_SANTANU,PAT_00399
CHATTERJEE_KAUSHIK,PAT_00399
DASH_TAPAN_KUMAR,PAT_00399
MISHRA_VIVEK,PAT_00399
TANDON_BHARAT,PAT_00399
AKHIL_R_CHAKRAVARTY,PAT_00400
MD_KAUSAR_RAZA,PAT_00400
PATURU_KONDAIAH,PAT_00400
ARMIN_GANDHI,PAT_00400
DR_MANISH_ARORA,PAT_00401
MS_KOMAL_SHAH,PAT_00401
SUPRADEEPA_VENKATA_SUBBAIAH_RAMAKRISHNA,PAT_00402
SHIVA_VIKRAM_BHAGAVATULA,PAT_00402
ROOPA_PRAKASH,PAT_00402
JAGADESHVARAN_P_L,PAT_00403
SURYASARATHI_BOSE,PAT_00403
KAMLESH_PANWAR,PAT_00403
INDUMATHI_RAMAKRISHNAN,PAT_00403
SURYASARATHI_BOSE,PAT_00404
KAUSHIK_CHATTERJEE,PAT_00404
MONIKA_RAJPUT,PAT_00404
AMMANUEL_GEBREKRSTOS,PAT_00404
TANYARADZWASMUZATA,PAT_00404
NARAYANAN_GOPALARATNAM,PAT_00405
KUMAR_PRAMOD,PAT_00405
SHAHJAHAN_AHMAD_SYED,PAT_00405
DHAR_ESHAN,PAT_00405
ADAYYA_HODLURAMATH_NAVEENKUMAR,PAT_00405
DR_B_GURUMOORTHY,PAT_00406
MR_SRIKANTH_KANNAPAN,PAT_00406
MS_ARUNIMA_WAZIR,PAT_00406
MR_ATHULP,PAT_00406
MR_MAYUR_SHRIDHAR_CHOUDHARI,PAT_00406
MR_SAURABH_MUKHERJEE,PAT_00406
GOPALARATNAM_NARAYANAN,PAT_00407
SYED_SHAHJAHAN_AHMAD,PAT_00407
GOPALARATNAM_NARAYANAN,PAT_00408
SYED_SHAHJAHAN_AHMAD,PAT_00408
PRAWEEN_KUMAR_NISHAD,PAT_00409
EKANT_SHARMA,PAT_00409
PREM_SINGH,PAT_00409
MAYANK_KABRA,PAT_00410
DIVYANSH_SINGHAL,PAT_00410
CHINMAY_SULTANIA,PAT_00410
SOHAM_PAWAR,PAT_00410
ANSHUL_MADURWAR,PAT_00410
MADHAV_RAO,PAT_00410
MAYANK_KABRA,PAT_00411
ASMITA_ZJIYGYASU,PAT_00411
SAKETH_GAJAWADA,PAT_00411
YATHIN_KUMAR,PAT_00411
MADHAV_RAO,PAT_00411
RAJAGOPAL_N,PAT_00412
PAUL_GERARD_DSOUZA,PAT_00412
PROF_SUJIT_KUMAR_CHAKRABARTI,PAT_00412
SHARVARI_RAVINDRAN,PAT_00413
YOGITA_PIMPALKAR,PAT_00413
JYOTSNA_BAPAT,PAT_00413
DEBABRATA_DAS,PAT_00413
PRALAY_CHAKRABARTY,PAT_00414
ANANYA_LAKSHMI_RAVI,PAT_00414
KURIAN_POLACHAN,PAT_00414
VEERENDRA_S_DEVARADDI,PAT_00415
NANDITHA_RAO,PAT_00415
1_KURIAN_POLACHAN,PAT_00416
DIBAKAR_DAS,PAT_00417
JYOTSNA_BAPAT,PAT_00417
VIKRAM_SESHASAI,PAT_00417
VINEET_SUDHIR_BHAT,PAT_00417
PUSHKAL_JUNEJA,PAT_00417
DEBABRATA_DAS,PAT_00417
DR_EKANT_SHARMA,PAT_00418
NAVEED_ANJUM,PAT_00418
RAFIQ_MULLA,PAT_00419
SHARANAPPA_CHAPI,PAT_00419
RAMAMOORTHY_JAYAGOWRI,PAT_00420
ANUSHA_UPADHYA,PAT_00420
NAMRATHA_M,PAT_00421
RAJESHWARI_B_S,PAT_00421
M_UDAYA_RAJ,PAT_00421
LOKESH_R,PAT_00421
ARAVIND_SIDDHARTH_R,PAT_00421
JISHA_P,PAT_00422
SUMA_M_S,PAT_00422
M_V_MURUGENDRAPPA,PAT_00422
KALYAN_RAJ,PAT_00422
SUDHINDRA_K_R,PAT_00423
SUMA_M_N,PAT_00423
VISHAK_S,PAT_00423
HARSHITA_A_CHORADIA,PAT_00423
ARATHI_R_SHANKAR,PAT_00423
RAMAMOORTHY_JAYAGOWRI,PAT_00424
SHISHIRA_SHETTY_KENJUR_SUBHASHCHANDRA,PAT_00424
SRIJANA_SHANKARANAND_LALI,PAT_00424
CHANDRASHEKHAR_V_PATIL,PAT_00425
DR_SUMA_M_S,PAT_00425
BALACHANDRA_KUMARASWAMY_BMS_COLLEGE_OF_ENGINEERING,PAT_00426
JISHA_P,PAT_00427
SUMA_M_S,PAT_00427
M_V_MURUGENDRAPPA,PAT_00427
KALYAN_RAJ,PAT_00427
BHARATH_S,PAT_00428
CGURURAJ,PAT_00428
RH_PRANEETH,PAT_00428
TEJESH_M,PAT_00428
VASUNDARA_PATEL_K_S,PAT_00429
MANJUNATH_JADHAV,PAT_00429
RAGHU,PAT_00430
VIGENSHA,PAT_00430
VENU_S,PAT_00430
MADHU,PAT_00430
CHANDRASHEKHAR_PATIL,PAT_00431
SUMA_M_S,PAT_00431
DRGURUMURTHY_HEGDE,PAT_00432
SUPRIYA_S,PAT_00432
MANJULA_S,PAT_00433
SHIVAKUMAR_R,PAT_00433
PRASHANTH_JAGANATHAN,PAT_00433
MAHAMMED_RAYYAN_A,PAT_00433
KUSHAL_L,PAT_00433
M_DAKSHAYINI,PAT_00434
ABHILASHA_VARSHNEY,PAT_00434
KUMAR_KAUSHIK,PAT_00434
RAJESHWARI_B_S,PAT_00435
NAMRATHA_M,PAT_00435
KIRAN_BAILEY,PAT_00436
SRINIDHI_M,PAT_00436
K_SUJATHA,PAT_00436
L_RAVIKUMAR,PAT_00437
G_SARAVANAKUMAR,PAT_00437
RAGHU_YOGARAJU,PAT_00437
GP_RAVISHANKAR,PAT_00437
GURUSHANKARA_KARLE_CHANDREGOWDA,PAT_00437
V_ARUN_KUMAR,PAT_00437
CLAKSHMINARAYANA,PAT_00438
MOHAMMED_ARFAN,PAT_00438
VINOD_KALLUR,PAT_00439
HARITHA_RAJARAM,PAT_00439
MUSKAAN_AGARWAL,PAT_00439
VINAYAK_HULAKE,PAT_00439
ASHWIN_RAO_PADUBIDRI,PAT_00439
PL_MURALIDHARA,PAT_00439
PURUSHOTHAM_GURURAJ,PAT_00439
MANJUNATHA_C,PAT_00440
SHWETHA_K_P,PAT_00440
SUDHA_KAMATH_M_K,PAT_00440
YASH_ATHREYA,PAT_00440
SURAJ_L,PAT_00440
SHWETA_A_RAM,PAT_00440
ANANDA_ISLAKAR,PAT_00440
RAJALAKSHMI_M,PAT_00440
UJWAL_SHREENAG_MEDA,PAT_00441
RADHAKRISHNA,PAT_00441
SACHIN_K_C,PAT_00441
GOPALAKRISHNA_H_D,PAT_00442
ABHISHEK_D_PATTANSHETTI,PAT_00442
RAMESH_S_SHARMA,PAT_00443
SUCHETH_SHENOY,PAT_00443
KARTIK_SHARMA,PAT_00443
VIGNESH_RB,PAT_00443
ISHAAN_SINGH,PAT_00443
SHARVANI_G_S,PAT_00444
PRASHANT_ABBI,PAT_00444
SRIJAN_DEVNATH,PAT_00444
N_M_NISHANT,PAT_00444
M_A_LOURDU_ANTONY_RAJ,PAT_00445
PRATHAM_KUMAR_N,PAT_00445
RAGHAV_RAJA,PAT_00445
ROS_THERES_KOIKKARA,PAT_00445
KALPITHA_M_V,PAT_00445
RAJASHEKARA_MURTHY_S,PAT_00446
RAMAKANTHKUMAR_P,PAT_00446
AZRA_NASREEN,PAT_00447
SHOBHA_G,PAT_00447
POORNANAND_PURUSHOTTAM_NAIK,PAT_00447
SUDHA_R_KARBARI,PAT_00448
SHIREESHA_G,PAT_00448
UTTARA_KUMARI_M,PAT_00448
VINUTHA_MOSES,PAT_00449
ROHIT_KUMAR,PAT_00449
NIVEDITHA_MOHAN,PAT_00449
AJAY_MELRIT_DSILVA,PAT_00449
PRAMADA_TIRUMALA,PAT_00449
SHIREESHA_G,PAT_00450
SUDHA_R_KARBARI,PAT_00450
UTTARA_KUMARI_M,PAT_00450
SUBRAMANYA_K_N,PAT_00450
NANDITHA_HG,PAT_00451
DR_PADMA_CR,PAT_00451
SANJANA_SAMPIGE,PAT_00451
SHREYA_SN,PAT_00451
SAMYUTHA_BHASKAR,PAT_00451
ANUSHA_GN,PAT_00451
DR_A_R_ASWATHA,PAT_00452
DR_S_HEMA_PRIYADARSHINI,PAT_00452
DAVID_SIMON_T,PAT_00452
NAGASHREE_HANUMANTHAPPA,PAT_00452
UME_MAVEYA,PAT_00452
RACHANA_PRIYA_N,PAT_00452
DR_ROOPA_FARSHI,PAT_00453
DR_RAVISHANKAR_R,PAT_00453
DR_M_A_LOURDU_ANTONY_RAJ,PAT_00453
DR_S_JENORIS_MUTHIYA,PAT_00454
THARUN_KUMAR_N,PAT_00454
BHARATH_K,PAT_00454
DIVYA_S,PAT_00454
SHASHANK_B_R,PAT_00454
DR_NAVEENA_BE,PAT_00454
DR_SURENDRA_B_S,PAT_00455
DR_RUDRESH_M,PAT_00455
DR_NAGASWARUPA_H_P,PAT_00455
DR_UMA_B,PAT_00455
DR_ANANDA_MURTHY_H_C,PAT_00455
DR_DEFARU_NEGERA_DUKE,PAT_00455
RAMESH_R,PAT_00455
DR_BHARATH_M_J,PAT_00455
ATYAM_NAGESWARA_RAO,PAT_00456
DR_KISHAN_KUMAR_BHIMANI,PAT_00456
KHUSHBU_SARADVA,PAT_00456
DR_VIJAYAPRIYA_P,PAT_00456
SHREEKANTH_MOOROOR_PRABHU,PAT_00457
DR_SUGATO_CHAKRABARTY,PAT_00457
DRVSPRAKASH,PAT_00458
DRKCHITRA,PAT_00458
DRVINOTH_B,PAT_00458
DR_VENNILA_J,PAT_00458
DR_M_GUNASEKARAN,PAT_00458
SHREEKANTH_MOOROOR_PRABHU,PAT_00459
MR_CHANDRASHEKHAR_POMU_CHAVAN,PAT_00460
MS_PRAJWALA_TALANKI_RANGANATH,PAT_00460
MR_GURAM_BALAJI,PAT_00460
MR_BHARATH_BASAWARAJ_REDDY,PAT_00460
MR_PRADEEP_RAJANNA_SHETTY_SATHISH,PAT_00460
MS_RACHANA_BAJEGUNDI_GANESH,PAT_00460
MS_ROOPASHREE_SHREEDHAR,PAT_00460
MR_SAI_GANESH_BOYA,PAT_00460
MS_SANDHYA_GOVINDARAJU,PAT_00460
MR_SHRINIVAS_VENKATESH_KACHWAR,PAT_00460
MR_PRANAV_V_SHASTRY,PAT_00461
MADHURA_PURNAPRAJNA,PAT_00462
ASHUTHOSH_MOOLEMAJALU_RAVIKUMAR,PAT_00462
SANTOSH_KRISHNA,PAT_00462
DRJMANIKANDAN,PAT_00463
PRAVESH_N,PAT_00463
KP_SUNDARARAJAN,PAT_00463
DR_J_MANIKANDAN,PAT_00464
SHARAN_OM,PAT_00464
NIKHIL_S_KHARE,PAT_00464
JAGANNATH_PAVITRA_YENCHARLA,PAT_00465
SAKRANAIK_JAMUNA,PAT_00465
JAYACHANDRAN_MANIKANDAN,PAT_00465
EDUPUGANTI_ARUN,PAT_00465
JAGANNATH_PAVITRA_YENCHARLA,PAT_00466
SAKRANAIK_JAMUNA,PAT_00466
JAYACHANDRAN_MANIKANDAN,PAT_00466
EDUPUGANTI_ARUN,PAT_00466
A_VINAY,PAT_00467
SHREEDHAR_BHAT_RAJESH,PAT_00467
KUMAR_VIJAY,PAT_00467
H_DHELARIA_PAKSHAL_KUMAR,PAT_00467
MURTHY_K_N_BALASUBRAMANYA,PAT_00467
S_NATARAJAN,PAT_00467
MEGHNA_RAVISHANKAR_VALAKATTE,PAT_00468
SOWMYAA_SHRIDHAR,PAT_00468
DR_JAYASHREE_R,PAT_00469
DR_SHYLAJA_S_S,PAT_00469
PROF_PRASAD_HONNAVALLI,PAT_00470
DR_SHYLAJA_S_S,PAT_00470
PRASAD_HONNAVALLI,PAT_00471
DR_SHYLAJA_S_S,PAT_00471
PROF_PRASAD_HONNAVALLI,PAT_00472
DR_SHYLAJA_S_S,PAT_00472
SHASHANK_LOKESH,PAT_00473
VAISHNAVI_KRUTHI_KAKKIRALA,PAT_00473
SHREYAS_BHAKTHARAM,PAT_00473
SARTHAK_AGARWAL,PAT_00473
KRUTHIKA_SURESH,PAT_00474
SHRIKAR_MADHU,PAT_00474
YOUSHA_MAHAMUNI,PAT_00474
GOWRI_SRINIVASA,PAT_00475
CHIRANTH_JAWAHAR,PAT_00475
DIYA_CHANDRA,PAT_00475
NAMRATA_RAMESH,PAT_00475
GOWRI_SRINIVASA,PAT_00476
ATMIK_AJOY,PAT_00476
DHANYA_GOWRISH,PAT_00476
CHETHAN_U_MAHINDRAKAR,PAT_00476
DRJMANIKANDAN,PAT_00477
PRAVESH_N,PAT_00477
KP_SUNDARARAJAN,PAT_00477
MR_DHANUSH_RAVI,PAT_00478
MR_CHIRAG_NATESH_VIJAY,PAT_00478
MR_ANTONY_LOUIS_PIRIYAKUMAR_DOUGLAS,PAT_00478
ASUNDI_SHARANABASAWESHWARA,PAT_00479
MANJUNATH_AISHWARYA,PAT_00479
RAVI_VINOD,PAT_00479
KRISHNARAJ_CHAITHRA,PAT_00479
GATTU_NAVYATA,PAT_00479
AMARA_YASHWANTH,PAT_00479
AGRAWAL_VINOD_KUMAR,PAT_00479
CHANDRU_APPAJI_GOWDA,PAT_00480
SIDDA_REDDY_VEMAREDDY_SATISH,PAT_00480
GOVIND_R_KADAMBI,PAT_00481
DIPAYAN_MAZUMDAR,PAT_00481
PRIYA_ARJUN,PAT_00482
SREEKANTH_N,PAT_00482
KUSUMA_K,PAT_00482
CHANDANA_M_N,PAT_00482
LOKESH_SAI_S,PAT_00482
MANASWI_K,PAT_00482
BHARATH_S,PAT_00483
ANBU_J,PAT_00483
MUKUL_K_KHANDELWAL,PAT_00483
DHRUBOJYOTI_MUKHERJEE,PAT_00484
KAMNOORE_DEVANAND_JAGANNATH,PAT_00484
DAMODAR_NAYAK,PAT_00484
PARSURAMAN_P,PAT_00484
BASAVARAJ_B_V,PAT_00485
AVINASH_ANAND,PAT_00485
CHIRANJITH_BARUI,PAT_00486
VIDYANAND_DESAI,PAT_00486
SANJAY_SUBRAMANIAN,PAT_00486
RANGANATH_K,PAT_00487
LAVANYA_R,PAT_00488
KRANTI_K,PAT_00488
LOHIT_H_S,PAT_00488
SAAGAR_BHARGAVA,PAT_00488
GAYATHRI_K,PAT_00488
PUSHPALATHA_C,PAT_00489
SRIKARI_S,PAT_00489
DEVESWARAN_RAJAMANICKAM,PAT_00489
SUJATHA_S,PAT_00490
TUPAKULA_KUMAR_PAVAN,PAT_00490
NAGARAJU_RAKESH,PAT_00490
NARAHARI_H_K,PAT_00491
AT_SRIRAM,PAT_00491
M_SIVAPRAGASAM,PAT_00491
ABDULLAH_ANSARI,PAT_00491
DARSHAN_Y_N,PAT_00491
MAHESH_M,PAT_00491
MANOJ_MANNARI,PAT_00491
SACHIN_CHAVAN,PAT_00491
TEJASWINI_M,PAT_00491
SWASTHIKA_D_S,PAT_00491
SRIKARI_S,PAT_00491
MAHESH_K_VARPE,PAT_00491
ABHILASH_S,PAT_00491
RAKESH_MOHAN,PAT_00491
RAJANIKANTH,PAT_00491
RAMESH_S,PAT_00491
N_C_MAHENDRA_BABU,PAT_00492
MANJUNATH_S,PAT_00492
ADITHYA_S_DATH,PAT_00492
PRASAD_R_SHETTY,PAT_00492
SACHIN_S_JOHN,PAT_00492
RANGANATH_K,PAT_00493
PARIMALA_SAGAR,PAT_00493
N_C_MAHENDRA_BABU,PAT_00494
MANJUNATH_M_ULLEGADDI,PAT_00494
ABDUL_RAHMAN_FAISAL,PAT_00494
MIRAZ_MOHAMMAD,PAT_00494
SHREENIDHI_M_S,PAT_00494
SYEDA_ANJUM,PAT_00494
B_K_SWATHI_PRASAD,PAT_00495
R_SURESH,PAT_00495
MAGESH_V,PAT_00496
SANDHYA_ANILKUMAR,PAT_00496
S_BHARATH,PAT_00497
MS_KABITA_KUMARI,PAT_00497
J_ANBU,PAT_00497
DHRUBOJYOTI_MUKHERJEE,PAT_00498
MOHAMMAD_AZAMTHULLA,PAT_00498
K_BHAGYASREE,PAT_00498
DHRUBOJYOTI_MUKHERJEE,PAT_00499
GOURI_NAIR,PAT_00499
ANUSHA_SARASWATHI_D_S,PAT_00499
MOHAMMAD_AZAMTHULLA,PAT_00500
SANDHYA_KV,PAT_00500
THANUJA_N_K,PAT_00500
PRAJWAL_K_T,PAT_00501
K_MANICKAVASAGAM,PAT_00501
R_G_SHILPA,PAT_00502
P_V_R_MURTHY,PAT_00502
LALITHA_S_JAIRAM,PAT_00503
R_DEVESWARAN,PAT_00503
ANUSHA_VADDE,PAT_00504
GOVIND_R_KADAMBI,PAT_00504
SIDDABASAPPA_C,PAT_00504
GOVIND_R_KADAMBI,PAT_00505
DIPAYAN_MAZUMDAR,PAT_00505
ABDUL_IMRAN_RASHEED,PAT_00505
MOHAMMED_SALMAN_BAIG,PAT_00505
BHARATH_SRINIVASAN,PAT_00506
VAISHALI_SHARMA,PAT_00506
VIJAYKUMAR_S_VEMALI,PAT_00507
BV_BASAVARAJ,PAT_00507
CHINDANUR_NARENDRA_BABU,PAT_00508
SUDHIR_KUMAR_PATNAIK,PAT_00508
KAVIMALARR,PAT_00509
DINESH_K,PAT_00509
SHRUTHI_NAGARAJA,PAT_00509
BHARATH_SRINIVASAN,PAT_00509
K_T_PRAJWAL,PAT_00510
K_MANICKAVASAGAM,PAT_00510
T_NAVEEN_KUMAR,PAT_00510
ABHINANDAN_U_NAIK,PAT_00511
ANUSHA_VADDE,PAT_00511
KMANICKAVASAGAM,PAT_00511
DIVYA_B_S,PAT_00512
ROOPA_S_RAO,PAT_00512
KISHORE_SM,PAT_00512
KIRTI_SHANKAR_M,PAT_00512
SPOORTHI_P,PAT_00512
SINCHANA_G_S,PAT_00512
DC_SUNDARESH,PAT_00513
CHARITHA_MUDI,PAT_00514
SOURADEEP_GUPTA,PAT_00514
DAR_AADIL_BASHIR,PAT_00515
SHRIVASTAVA_MAYANK,PAT_00515
KM_SWATHI,PAT_00516
H_MALLIKARJUN,PAT_00516
GOUDA_LAXMAN,PAT_00516
SINGHAL_RAJAT,PAT_00516
GUPTA_NAVANEET,PAT_00516
SADHANALA_ADITYA,PAT_00516
SIMRANJEET_SINGH,PAT_00517
PRAVEEN_C_RAMAMURTHY,PAT_00517
SANJIV_SAMBANDAN,PAT_00518
CHITHRA_PARAMESWARAN,PAT_00518
MUHAMMAD_SAJEER_PARAMBATH,PAT_00519
JAISE_JOHNSON,PAT_00519
HIRAN_JYOTHILAL,PAT_00519
RADHA_BOYA,PAT_00519
MANOJ_VARMA,PAT_00519
ASHOK_KEERTHI,PAT_00519
DODDI_KOTESWAR,PAT_00520
POLLEY_ARUP,PAT_00520
CHATTERJEE_KAUSHIK,PAT_00521
WAIDI_YUSUF_OLATUNJI,PAT_00521
SRISHA_RAO_M_V,PAT_00522
JAGADEESH_GOPALAN,PAT_00522
YOGESHWARAN_G,PAT_00522
ANBAZHAGAN_P,PAT_00523
YADHUNANDAN_ME,PAT_00523
SREENIVASAN_RAMASWAMI,PAT_00524
VARDHMAN_MANOJ_LUNAWAT,PAT_00524
SOURADEEP_GUPTA,PAT_00524
MONDAL_SURYAKANTA,PAT_00525
PRASAD_BHAGWATI,PAT_00525
MAHADEVACHAR_NAVEENKUMAR,PAT_00526
SHARANAPPA_SHIVALEELA_ESAMUDRA,PAT_00526
MAHADEVACHAR_NAVEENKUMAR,PAT_00527
SHARANAPPA_SHIVALEELA_ESAMUDRA,PAT_00527
CHHAVI_RASTOGI,PAT_00528
MOHIT_TANWANI,PAT_00528
SUJIT_DAS,PAT_00528
CHANDAN_KUMAR,PAT_00529
SHANTANU_MAJUMDER,PAT_00529
GANESHA_KRISHNA_V_S,PAT_00529
SUSHIL_KUMAR_SAHU,PAT_00529
KUMARI_SUDHA,PAT_00530
ACHARYA_SAYANTI,PAT_00530
MUKHOPADHYAY_ANISH,PAT_00530
VIVEK_DEY,PAT_00531
THEJAS_BASAVARAJAPPA,PAT_00531
MANIKANTAN_RS,PAT_00531
KEVIN_RENJI_JACOB,PAT_00531
JONNALAGADDA_NIKHILA,PAT_00531
ARVIND_AJOY,PAT_00531
PAVAN_NUKALA,PAT_00531
MALIK_RASIK_RASHID,PAT_00532
SHRIVASTAVA_MAYANK,PAT_00532
SRI_HARSHA_PALADUGU,PAT_00533
KISHAN_BHARADWAJ,PAT_00533
RUDRA_PRATAP,PAT_00533
ANNAPOORNI_RANGARAJAN,PAT_00533
VISHAL_SINGH,PAT_00534
YASH_VASANT_DUDHPACHARE,PAT_00534
SPOORTHY_BABANNA_KANNUR,PAT_00534
B_GURUMOORTHY,PAT_00535
HIMANGI_VERMA,PAT_00535
CHANCHAL_VERMA,PAT_00535
VISHAL_SINGH,PAT_00536
DIBAKAR_SEN,PAT_00537
NAVIN_KUMAR_P,PAT_00537
AGRINI_CHATURVEDI,PAT_00537
ARYAN_KESHRI,PAT_00538
MOHIT_TANWANI,PAT_00538
SUJIT_DAS,PAT_00538
PIYUSH_RANJAN,PAT_00539
SANJIV_SAMBANDAN,PAT_00539
SHEWALE_TEJAS_SURESH,PAT_00540
CHOWDHURY_SULOB_ROY,PAT_00540
WAIDI_YUSUF_OLATUNJI,PAT_00540
CHATTERJEE_KAUSHIK,PAT_00540
PRABHAKARAN_ERODE_NAGARAJAN,PAT_00541
MANISH_ARORA,PAT_00542
NIDHI_KULKARNI,PAT_00542
SHREYA_PATIL,PAT_00542
SAMEER_KUMAR_GAUTAM,PAT_00542
ERODE_N_PRABHAKARAN,PAT_00543
LALNUNFELA_VARTE,PAT_00543
DIPAK_PRABHAKAR_LAHAMAGE,PAT_00543
SWATANTRA_DAS,PAT_00543
SHIFALI_MAHAJAN,PAT_00543
AMARESH_CHAKRABARTI,PAT_00544
VISHAL_SINGH,PAT_00544
DEBASHIS_DAS,PAT_00544
LABADE_PIYUSH_SUDHAKAR,PAT_00544
VENU_ALLAM,PAT_00544
VARUN_SRIVATSAV_KONDAPALLY,PAT_00545
KAUSIK_MAJUMDAR,PAT_00545
SIDDHANT_JAIN,PAT_00546
SAINI_JATIN_RAO,PAT_00546
SAPTARSHI_BASU,PAT_00546
AKSHAY_SUNIL_SALVI,PAT_00547
A_MOULISHWAR_REDDY,PAT_00547
LIKHITH_J,PAT_00547
SUPRIYA_H,PAT_00547
SAMPATH_PARASURAM,PAT_00547
DR_BDS_DEERAJ,PAT_00547
PROF_S_KUMAR,PAT_00547
PROF_SURYASARATHI_BOSE,PAT_00547
PIYUSH_KUMAR_MISHRA,PAT_00548
DEBAPRASAD_BARAD,PAT_00548
DEBDEEP_SARKAR,PAT_00548
K_ASHOKA_DEEPTHI,PAT_00549
DR_ARUP_POLLEY,PAT_00549
DR_MANOJ_VARMA,PAT_00549
RAM_PRASANTH_S,PAT_00550
VIMAL_KUMAR_S,PAT_00550
DR_BDS_DEERAJ,PAT_00550
DR_ASHOK_MISRA,PAT_00550
DR_SURYASARATHI_BOSE,PAT_00550
DE_ANURIMA,PAT_00551
BASU_AKASH,PAT_00551
HALDER_ASHIS,PAT_00551
KUMAR_PROF_SUBODH,PAT_00551
BOSE_PROF_SURYASARATHI,PAT_00551
PROF_PANJAMANI_ANBAZHAGAN,PAT_00552
MR_YADHUNANDAN_M_E,PAT_00552
AKHIL_ARAVIND,PAT_00553
BALASUNDARAM_MOHAN,PAT_00553
SAPTARSHI_BASU,PAT_00553
SAURABH_SHAH,PAT_00554
SHAHRUKH_KHAN,PAT_00554
VIDYA_VALSAN,PAT_00554
SUMEDH_AMRUTRAO_AWATHARE,PAT_00554
VISHNU_MAHADEVA_IYER,PAT_00554
VINOD_JOHN,PAT_00554
AKHIL_ARAVIND,PAT_00555
SAINI_JATIN_RAO,PAT_00555
SAPTARSHI_BASU,PAT_00555
SAINI_JATIN_RAO,PAT_00556
AKHIL_ARAVIND,PAT_00556
AKARSH_CHOUDHARY,PAT_00556
PROF_SAPTARSHI_BASU,PAT_00556
AKARSH_CHOUDHARY,PAT_00557
SAINI_JATIN_RAO,PAT_00557
PROF_SAPTARSHI_BASU,PAT_00557
BASU_AKASH,PAT_00558
HALDER_ASHIS,PAT_00558
KUMAR_SUBODH,PAT_00558
BOSE_SURYASARATHI,PAT_00558
DE_ANURIMA,PAT_00558
YAGNASENI_ROY,PAT_00559
DEBASHISH_DAS,PAT_00559
SAANKHO_BARDHAN,PAT_00559
SARVESH_PRABHU,PAT_00559
CHAITRA_F_GADAG,PAT_00559
SANKET_JUGADE,PAT_00560
AJIT_KUMAR_DASH,PAT_00560
MANAVENDRA_PRATAP_SINGH,PAT_00560
HARDEEP,PAT_00560
AKSHAY_NAIK,PAT_00560
AKSHAY_SINGH,PAT_00560
ABHIJIT_BISWAS,PAT_00561
MALAVIKA_VIJAYAN,PAT_00561
POOJA_JONNALAGADDA,PAT_00561
RACHANA_G_N,PAT_00561
SAROJ_K_PATNAIK,PAT_00561
ABHIJIT_BISWAS,PAT_00562
MALAVIKA_VIJAYAN,PAT_00562
POOJA_JONNALAGADDA,PAT_00562
RACHANA_G_N,PAT_00562
SAROJ_K_PATNAIK,PAT_00562
RAGHAVAN_SATHEES_C,PAT_00563
SHARMA_SHIVANGI,PAT_00563
SUSMITA_DASH,PAT_00564
AKSHAY_SHARMA,PAT_00564
PRATIKASH_PRAKASH_PANDA,PAT_00564
AMRIT_AMBIRAJAN,PAT_00564
DR_SANDEEP_KUMAR_SINGH,PAT_00565
SUPRIYA_H,PAT_00565
SAMPATH_PARASURAM,PAT_00565
AKSHAY_SUNIL_SALVI,PAT_00565
PROF_SURYASARATHI_BOSE,PAT_00565
PROF_SUBODH_KUMAR,PAT_00565
MALLIKARJUN_H,PAT_00566
SWATHI_KM,PAT_00566
LAXMAN_GOUDA,PAT_00566
SATYAM_SINGH,PAT_00566
NAVANEET_KUMAR_GUPTA,PAT_00566
ADITYA_SADHANALA,PAT_00566
SUMEDH_AMRUTRAO_AWATHARE,PAT_00567
PROF_VINOD_JOHN,PAT_00567
NISHANT_KUMAR_SHARMA,PAT_00568
SWAYAM_SIDHARTH_BABOO,PAT_00568
PROF_PROSENJIT_SEN,PAT_00568
PROSENJIT_DAS,PAT_00569
ADITYA_ANAND,PAT_00569
PRADIP_DUTTA,PAT_00569
BHASHKAR_SINGH_BOHRA,PAT_00570
SIDDHESH_REGE,PAT_00570
ASHIS_HALDER,PAT_00570
SURYASARATHI_BOSE,PAT_00570
DRHARILAL_BHASKARAN,PAT_00571
GURUNATH_GURRALA,PAT_00572
AJEESH_A,PAT_00572
MANDAYAM_ANANDANPILLAI_RAMANUJA_IYENGAR,PAT_00573
SOUMI_DUTTA,PAT_00573
SUNDAR_ACHUTA_PANDIT,PAT_00573
RAMASWAMIAH_SRINIVASAN,PAT_00573
SURYASARATHI_BOSE,PAT_00573
TIJORE_AJAY,PAT_00574
KUMAR_AKSHAY,PAT_00574
SAIGONKAR_SIDDHESH,PAT_00574
SANKAR_GOMATHI,PAT_00574
CHOUDHURY_ARKA_ROY,PAT_00574
SIDDIQUI_SHEEMA,PAT_00575
K_GEETHARANI,PAT_00575
HIMANSHU,PAT_00576
BHAVESH_KATARIA,PAT_00576
PROF_PRADIPTA_BISWAS,PAT_00576
DAS_DEBASIS,PAT_00577
NARAYANANKUTTY_DHANALAKSHMI_KANNANKODE,PAT_00577
IQBAL_TABISH,PAT_00577
INDRANIL_DEY,PAT_00578
KETAKI_SAMANTA,PAT_00578
VISHAL_JAGDISH_MEHTA,PAT_00578
BABU_PADMANABHAN,PAT_00578
SURYASARATHI_BOSE,PAT_00578
TAPAJYOTI_DAS_GUPTA,PAT_00579
SRIJEETA_BISWAS,PAT_00579
DAS_DEBASIS,PAT_00580
CHAKRAVORTTY_DIPSHIKHA,PAT_00580
RAMAKRISHNAN_RESHMA,PAT_00580
RAMACHANDRAN_VELPANDI,PAT_00580
PARMAR_KIRTI,PAT_00580
SEN_DEBMITRA,PAT_00580
SANDEEP_TRIPATHI,PAT_00581
OM_PRAKASH,PAT_00581
SURYASARATHI_BOSE,PAT_00581
TRIPATHI_SANDEEP,PAT_00582
PRAKASH_OM,PAT_00582
BOSE_SURYASARATHI,PAT_00582
RAJAMALLI_P,PAT_00583
CHAND_SAVITA,PAT_00583
SUPRAKAS_SAREN,PAT_00584
ANIKET_SUNIL_CHOUDHARI,PAT_00584
PRADIPTA_BISWAS,PAT_00584
DEBASISH_GHOSE,PAT_00584
CHATURVEDI_PANKAJ_KUMAR,PAT_00585
MAITRA_UDAY,PAT_00585
SHARMA_MANSI,PAT_00585
TRIPATHI_SHASHANK,PAT_00585
KETAKI_SAMANTA,PAT_00586
INDRANIL_DEY,PAT_00586
ASHOK_MISRA,PAT_00586
SURYASARATHI_BOSE,PAT_00586
PANKAJ_SINGH_CHAUHAN,PAT_00587
MIHIR_PAREKH,PAT_00587
APPARAO_M_RAO,PAT_00587
ABHA_MISRA,PAT_00587
ZAHRA_MAFIBANIASADI,PAT_00588
ASHOK_M_RAICHUR,PAT_00588
KUNDU_TAPAS_K,PAT_00589
ESWARAMOORTHY_M,PAT_00589
SINGH_AMIT,PAT_00589
RAJMANI_RAJU_S,PAT_00589
CHATURBEDY_PIYUSH,PAT_00589
P_R_JAYA_LAKSHMI,PAT_00589
MISHRA_PRAJJVAL,PAT_00589
SAMIR_MANDAL,PAT_00590
AMIT_MALAKAR,PAT_00590
ASHIS_HALDER,PAT_00590
BHASHKAR_SINGH_BOHRA,PAT_00590
ADITYA_SINGH,PAT_00590
SURYASARATHI_BOSE,PAT_00590
VISHAL_SINGH,PAT_00591
SHONKHO_SHUVRO,PAT_00592
ROOPA_J,PAT_00592
PROSENJIT_SEN,PAT_00592
DIGBIJOY_N_NATH,PAT_00592
MANOJ_VARMA,PAT_00593
SIMRAN_NASA,PAT_00593
SUBINOY_RANA,PAT_00594
SUMAN_NAYAK,PAT_00594
ABHAY_SRIVASTAVA,PAT_00594
GUPTA_NAVNEET_KUMAR,PAT_00595
NAYAK_RIPSA_RANI,PAT_00595
AMIT_CHAKRABORTY,PAT_00596
SAHIB_GANGARH,PAT_00596
RAM_KUMAR_CB,PAT_00596
SATISH_PATIL,PAT_00596
DEBASIS_DAS,PAT_00597
DIPSHIKHA_CHAKRAVORTTY,PAT_00597
RESHMA_RAMAKRISHNAN,PAT_00597
KIRTI_PARMAR,PAT_00597
SRI_HARSHA_PALADUGU,PAT_00598
SHRADDHA_MOHANTY,PAT_00598
ANIRUDDHA_KULKARNI,PAT_00598
RUDRA_PRATAP,PAT_00598
ANNAPOORNI_RANGARAJAN,PAT_00598
SINGH_VISHAL,PAT_00599
SOURAV_BAIDYA,PAT_00600
PRADIPTA_BEHERA,PAT_00600
SHARAT_SARMAH,PAT_00600
KRISHNA_S_BHARADWAJ,PAT_00600
MANISH_NAG,PAT_00600
DEBAJYOTI_CHAKRABORTY,PAT_00600
RAGHAVAN_VARADARAJAN,PAT_00600
MRINMOY_DE,PAT_00600
GOKUL_AGASTHILINGAM,PAT_00601
HARINEE_NATARAJAN,PAT_00601
VARUN_RAGHUNATHAN,PAT_00601
JAIN_NIPUN,PAT_00602
SAINI_DEEPAK_KUMAR,PAT_00602
CHATTERJEE_KAUSHIK,PAT_00602
JAIN_NIPUN,PAT_00603
SAINI_DEEPAK_KUMAR,PAT_00603
CHATTERJEE_KAUSHIK,PAT_00603
PRAVEEN_C_RAMAMURTHY,PAT_00604
SIMRANJEET_SINGH,PAT_00604
PAVITHRA_NARASIMHAPPA,PAT_00604
RADHIKA_VARSHNEY,PAT_00604
SURJAKANTHA_MAZUMDER,PAT_00605
HARISYAM_P_V,PAT_00605
KAUSHIK_BASU,PAT_00605
TAPAJYOTI_DAS_GUPTA,PAT_00606
MANJARIK_MRINAL,PAT_00606
ARVIND_KUMAR_YELASHETTY,PAT_00606
MARK_VAILSHERY_D_C,PAT_00606
SANKHA_DIP_DAS,PAT_00606
HARDIK_JEETENDRA_PANDYA,PAT_00607
SWAMINATHAN_SUNDARARAMAN,PAT_00607
SRIVIDHYASAKTHI_VIJAYAKUMAR,PAT_00607
GOVIND_UNNIKRISHNAN,PAT_00607
AMARESH_SURESH_KUMAR,PAT_00607
CHANDRA_SEKHAR_SEELAMANTULA,PAT_00608
SUKRITI_PAUL,PAT_00608
DRISHTI_RAMESH_MEGALMANI,PAT_00608
ABHIJEET_DHUPIA,PAT_00608
SOWMITRI_KARTHIKEYA_SIDDHARTHA_MANTRALA,PAT_00608
SATYAPREET_SINGH_YADAV,PAT_00609
SAPTARSHI_MAITI,PAT_00609
CHETAN_SINGH_THAKUR,PAT_00609
SUPRADEEPA_V_R,PAT_00610
ABHIGYAN_GOSWAMI,PAT_00610
SARTHAK_DASH,PAT_00610
SUSHOBHAN_AVASTHI,PAT_00610
SEN_DIBAKAR,PAT_00611
SUTAR_SHAILESH_C,PAT_00611
MAHALE_DWARKAPRASAD_SANTOSH,PAT_00611
SOURADEEP_GUPTA,PAT_00612
PITABASH_SAHOO,PAT_00612
SHALINI_KANDOOR,PAT_00613
SUKANYA_DHAR,PAT_00613
KJ_JOMON,PAT_00613
SA_SHIVASHANKAR,PAT_00613
NAVAKANTA_BHAT,PAT_00613
SUDIPTO_DATTA,PAT_00614
YUSUF_OLATUNJI_WAIDI,PAT_00614
NIPUN_JAIN,PAT_00614
KAUSHIK_CHATTERJEE,PAT_00614
TWINKLE,PAT_00615
HARDIK_J_PANDYA,PAT_00615
GOSWAMI_SREETOSH,PAT_00616
BHAT_NAVAKANTA,PAT_00616
ABHRA_ROY_CHOWDHURY,PAT_00617
GOPAL_KUMAR_ARYA,PAT_00617
HUNNY_BIDLAN,PAT_00617
ANURAG_KUMAR,PAT_00618
SHIVAM_VINAYAK_VASTA,PAT_00618
ANUSHA_G_P,PAT_00618
JAYA_GOYAL,PAT_00618
TANISHA_KOSHTI,PAT_00618
S_V_R_ANAND,PAT_00618
JOY_KURI,PAT_00618
HARSHADA_VIJAY_AHIRE,PAT_00619
UTSAB_KUNDU,PAT_00619
VINOD_JOHN,PAT_00619
AMBARISH_GHOSH,PAT_00620
DEBAYAN_DASGUPTA,PAT_00620
JYOTIPRAKASH_BEHERA,PAT_00620
NAVARUN,PAT_00620
BIPLAB_NATH,PAT_00621
RAJESH_SRINIVASAN,PAT_00621
NEELAM_VERMA,PAT_00621
SRUTHI_K,PAT_00621
VEERENDRA_KALYAN_JAGANNADH,PAT_00621
SAI_SIVA_GORTHI,PAT_00621
NEELAM_VERMA,PAT_00622
BIPLAB_NATH,PAT_00622
RAJESH_SRINIVASAN,PAT_00622
SRUTHI_K,PAT_00622
SAI_SIVA_GORTHI,PAT_00622
P_ANBAZHAGAN,PAT_00623
BALIVADA_SAI_LAXMAN,PAT_00623
ANTHONY_RAJ,PAT_00623
ARUN_LAKRA,PAT_00624
VIKASH_KISHORE_SINGH,PAT_00624
DR_VISHAL_SINGH,PAT_00624
VARADARAJAN_RAGHAVAN,PAT_00625
SRIVASTAVA_SIMRAN,PAT_00625
SINGH_RANDHIR,PAT_00625
VARADARAJAN_RAGHAVAN,PAT_00626
BHASIN_MUNMUN,PAT_00626
SINGH_RANDHIR,PAT_00626
SATYARTHI_MISHRA,PAT_00627
RAMRAY_BHAT,PAT_00627
PROSENJIT_SEN,PAT_00627
DIBAKER_SEN,PAT_00628
MATHANGI_KRISHNAN,PAT_00628
TADISETTI_CHARAN_DIXIT_RAO,PAT_00628
SOUMI_DUTTA,PAT_00629
SURYASARATHI_BOSE,PAT_00629
VARADARAJAN_RAGHAVAN,PAT_00630
SRIVASTAVA_SIMRAN,PAT_00630
BHASIN_MUNMUN,PAT_00630
SAMIR_MANDAL,PAT_00631
KETAKI_SAMANTA,PAT_00631
ANJU_C_S,PAT_00631
SUBODH_KUMAR,PAT_00631
SURYASARATHI_BOSE,PAT_00631
SHASHANK_TRIPATHI,PAT_00632
RAJESH_THANGAVEL_YADAV,PAT_00632
RISHAD_SHIRAZ,PAT_00632
SUPRATEEK_ROY,PAT_00633
SUSRITHA_LOKIREDDY,PAT_00633
SRIKRISHNA_SARKAR,PAT_00633
NARAYAN_K_SUNDARAM,PAT_00633
MATHANGI_KRISHNAN,PAT_00634
RAVIRAJ_BHADANGE,PAT_00634
SANCHARI_MONDAL,PAT_00634
SHUBHAM_SHRESHTH,PAT_00634
SRIKANTH_KANNAPPAN,PAT_00634
MANISH_ARORA,PAT_00634
VIJAY_IRAPPA_BIRADAR,PAT_00635
PRAMOD_KUMAR,PAT_00635
ADHIP_SRIVASTAVA,PAT_00635
ANEESH_BHATT,PAT_00635
PRAMODCHANDRA_UMAKANT_GOPI,PAT_00635
APURVA_BOSE,PAT_00635
DISHA_CHUGH,PAT_00636
SAURABH_A_CHANDORKAR,PAT_00636
DISHA_CHUGH,PAT_00637
SAURABH_A_CHANDORKAR,PAT_00637
DISHA_CHUGH,PAT_00638
SAURABH_A_CHANDORKAR,PAT_00638
PROF_VISHAL_SINGH,PAT_00639
SUSHAVAN_BISWAS,PAT_00639
YASHASWI_PATHAK,PAT_00639
PANDYA_HARDIK_JEETENDRA,PAT_00640
BINULAL_PRANAV,PAT_00640
LAKSHMIRAMANAN_KAUSHIK,PAT_00640
BENOY_ALOYSIOUS,PAT_00640
SUSHMITHA_JANAKIRAM,PAT_00641
SUBRAHMANYAM_DUVVURI,PAT_00641
ANURAG_KUMAR,PAT_00642
RAJESH_SUNDARESAN,PAT_00642
CHANDRA_RAMABHADRA_MURTHY,PAT_00642
VENKATAREDDY_AKUMALLA,PAT_00642
S_V_R_ANAND,PAT_00642
SUDHAKAR_BALIJEPALLI,PAT_00642
PUNEETH_K_S,PAT_00643
MANISH_ARORA,PAT_00643
AMARESH_CHAKRABARTI,PAT_00643
GARIMA_KAURA,PAT_00644
SADANAND_POWAR,PAT_00644
BASANTA_KUMAR_ROUL,PAT_00644
DILLIBABU_E,PAT_00644
S_B_KRUPANIDHI,PAT_00644
SUJIT_DAS,PAT_00644
SHWETA_PANT,PAT_00645
SHARATH_UMESH,PAT_00645
SUNDARRAJAN_ASOKAN,PAT_00645
PAUL_SUNANDAN,PAT_00646
KESRI_SURAJ,PAT_00646
SINGH_VISHAL,PAT_00646
INDRANIL_DEY,PAT_00647
KETAKI_SAMANTA,PAT_00647
SURYASARATHI_BOSE,PAT_00647
SIDDHESH_REGE,PAT_00647
VIMAL_KUMAR_S,PAT_00647
ASHOK_MISRA,PAT_00647
SAYON_GHOSH,PAT_00647
DIGBIJOY_NATH,PAT_00648
MURALIDHARAN_R,PAT_00648
SANDEEP_KUMAR,PAT_00648
TAHA_SAQUIB,PAT_00648
RACHIT_AGARWAL,PAT_00649
KAAMINI_MARIMUTHU_DHANABALAN,PAT_00649
BHAGYASHREE_PADHAN,PAT_00649
JOY_THOMAS_MELEDATH,PAT_00650
DEEPAK_KAUSHIK,PAT_00650
MANISH_YADAV,PAT_00650
BITHUL_K,PAT_00651
SANCHARI_MONDAL,PAT_00651
MANISH_ARORA,PAT_00651
RADHAKANT_PADHI,PAT_00652
ABISHEK_CHANDRASEKHAR,PAT_00652
CHAKRAPANI_HARINATH,PAT_00653
AGARWAL_RACHIT,PAT_00653
GUPTA_SIMRAN_MANOJ,PAT_00653
MANNA_SUMAN,PAT_00653
VASHISTHA_AKSHI,PAT_00653
GURUNATH_GURRALA,PAT_00654
BHARGAV_NERAYANOOR,PAT_00654
R_V_RAVIKRISHNA,PAT_00655
PRASAD_BOGGAVARAPU,PAT_00655
M_HIMABINDU,PAT_00655
R_V_RAVIKRISHNA,PAT_00656
PRASAD_BOGGAVARAPU,PAT_00656
M_HIMABINDU,PAT_00656
AALEKH_SRIVASTAVA,PAT_00657
PREM_KUMAR,PAT_00657
AMRIT_AMBIRAJAN,PAT_00657
PRADIP_DUTTA,PAT_00657
ZUBIN_VARGHESE,PAT_00657
ROHITH_B_L,PAT_00657
PRAVEENA_SUBRAMANYA,PAT_00657
MALIK_RASIK_RASHID,PAT_00658
SHRIVASTAVA_MAYANK,PAT_00658
SINGH_VISHAL,PAT_00659
SANKAR_MAHESH_R,PAT_00660
SAVITHA_D_NADIG,PAT_00660
NISHANK_REDDY_M,PAT_00660
BALASUBRAMANIAN_GOPAL,PAT_00660
SUDHAN_MAJHI,PAT_00661
ANAND_KUMAR,PAT_00661
KUNTAL_SARKAR,PAT_00662
APURBA_MAITY,PAT_00662
TAPAN_KUMAR_ROUT,PAT_00662
RISHI_RAJ,PAT_00662
SURYASARATHI_BOSE,PAT_00662
VED_PRAKASH_TIWARI,PAT_00662
NILESH_KUMAR,PAT_00663
PROSENJIT_SEN,PAT_00663
RAMRAY_BHAT,PAT_00663
EESHAN_PRASHANT_KULKARNI,PAT_00664
KULADIP_SAKHARAM_WAKADE,PAT_00664
SURESH_SUNDARAM,PAT_00664
GARIMA_KAURA,PAT_00665
BASANTA_KUMAR_ROUL,PAT_00665
DILLIBABU_E,PAT_00665
S_B_KRUPANIDHI,PAT_00665
SUJIT_DAS,PAT_00665
P_S_V_S_SAI_KUMAR,PAT_00666
RADHAKANT_PADHI,PAT_00666
KUMAR_AJIT,PAT_00667
BISWAS_ARIJIT,PAT_00667
CHATTERJEE_KAUSHIK,PAT_00667
SUWAS_SATYAM,PAT_00667
VISHNU_MAHADEVA_IYER,PAT_00668
NEHA_RAJPUT,PAT_00668
ANWESHA_MUKHOPADHYAY,PAT_00669
PROF_VINOD_JOHN,PAT_00669
SEN_PROSENJIT,PAT_00670
BASU_KAUSHIK,PAT_00670
ROY_SHAMIBROTA_KISHORE,PAT_00670
BANSAL_ISHITA,PAT_00670
TOTH_LASZLO,PAT_00671
KAILAS_SATISH_VASU,PAT_00671
ZHAO_YAJUN,PAT_00671
PARIYAR_ABHISHEK,PAT_00671
PONÇOT_MARC,PAT_00671
NOVELLI_MARC,PAT_00671
VU_VIET_QUOC,PAT_00671
RASIK_RASHID_MALIK,PAT_00672
MAYANK_SHRIVASTAVA,PAT_00672
RASIK_RASHID_MALIK,PAT_00673
MAYANK_SHRIVASTAVA,PAT_00673
SURESH_SUNDARAM,PAT_00674
NISHANT_BHATTACHARYA,PAT_00674
YUVIKA_DEV_SHARMA,PAT_00674
GURUNATH_GURRALA,PAT_00675
VINOD_JOHN,PAT_00675
RAJESH_KB,PAT_00675
R_V_RAVIKRISHNA,PAT_00676
M_HIMABINDU,PAT_00676
PRASAD_BOGGAVARAPU,PAT_00676
KUNTAL_SARKAR,PAT_00677
AMERJIT_GULABCHAND,PAT_00677
RISHI_RAJ,PAT_00677
ABHISHEK_SINGH,PAT_00677
JAGADESHVARAN_P_L,PAT_00677
AISHWARYA_MENON,PAT_00677
SURYASARATHI_BOSE,PAT_00677
MAUSUMI_RAY,PAT_00677
APURBA_MAITY,PAT_00677
TAPAN_KUMAR_ROUT,PAT_00677
KUMARI_SUSHMA,PAT_00678
MONDAL_PRITIRANJAN,PAT_00678
TYEB_SUHELA_ISAAC,PAT_00678
CHATTERJEE_KAUSHIK,PAT_00678
MURTHY_LRD,PAT_00679
VISHWAKARMA_HIMANSHU,PAT_00679
BISWAS_PRADIPTA,PAT_00679
KUMAR_SURESH,PAT_00679
PRABHAKARAN_ERODE_N,PAT_00680
VARADARAJAN_RAGHAVAN,PAT_00681
MITTAL_NIDHI,PAT_00681
SINGH_RANDHIR,PAT_00681
AGARWAL_RACHIT,PAT_00682
KOLLURU_GOWRI_VISHAL_GUPTA,PAT_00682
NONGTHOMBA_UPENDRA,PAT_00683
PAKKIRISWAMY_THILAGAR,PAT_00683
CHELLIAH_JAMES_PREMDOSS_CLEMENT,PAT_00683
PRADHAN_SAMBIT,PAT_00683
MISHRA_SHEFALI,PAT_00683
DR_SUBHASH_JOSHI_THARAYPARAMBIL_GEORGE,PAT_00684
MR_RENJI_VARGHESE_CHACKO,PAT_00684
MRS_AKHILA_ELAPPULLY_MANIKANDAN,PAT_00684
MRS_SEENA_SOMARAJAN,PAT_00684
PROF_VINOD_JOHN,PAT_00684
MR_ASHIQ_MUHAMMED_PE,PAT_00684
SEN_PROSENJIT,PAT_00685
AGARWAL_BHAWANA,PAT_00685
MODAK_CHANDANTARU_DEY,PAT_00685
BAPURAM_BHEEMA_SANKAR_REDDY,PAT_00685
ARUNKUMAR_K_P,PAT_00686
CHANDRA_R_MURTHY,PAT_00686
P_MURALIKRISHNA,PAT_00686
SYED_JIAUL_HOQUE,PAT_00687
PRAMOD_KUMAR,PAT_00687
SHIBU_KOSHY_ABRAHAM,PAT_00687
PANDYA_HARDIK_JEETENDRA,PAT_00688
JOSHI_ANJU,PAT_00688
VISHNU_G_K_ANIL,PAT_00688
P_K_SMITHA,PAT_00688
DAS_MANJULA,PAT_00688
PANDYA_HARDIK_JEETENDRA,PAT_00689
VISHNU_G_K_ANIL,PAT_00689
R_S_HARI,PAT_00689
DHAR_SUJAN_K,PAT_00689
DAS_MANJULA,PAT_00689
ARUN_KUMAR_SIVAKUMAR,PAT_00690
MANISH_ARORA,PAT_00690
MALLEBOINA_RAJU,PAT_00691
DEBDEEP_SARKAR,PAT_00691
ASHOK_KUMAR_REDDY_CHAVVA,PAT_00692
NEELESH_B_MEHTA,PAT_00692
SAHA_SHRAMAN_KUMAR,PAT_00693
GIRI_DIPANJAN,PAT_00693
CB_RAM_KUMAR,PAT_00693
PATIL_SATISH,PAT_00693
SINGH_AMIT,PAT_00694
MISHRA_RICHA,PAT_00694
SHANDIL_RK,PAT_00694
NARAYANAN_SHRIDHAR,PAT_00694
JAGANNATHAN_GOPALAKRISHNAN,PAT_00695
HARDIK_J_PANDYA,PAT_00695
V_S_N_SITARAMGUPTA_V,PAT_00695
GOKUL_A_M,PAT_00695
SUDARSHAN_JAGANNATHAN,PAT_00695
DR_SUBHASH_JOSHI_THARAYPARAMBIL_GEORGE,PAT_00696
MR_RENJI_VARGHESE_CHACKO,PAT_00696
MRS_AKHILA_ELAPPULLY_MANIKANDAN,PAT_00696
MRS_SEENA_SOMARAJAN,PAT_00696
PROF_VINOD_JOHN,PAT_00696
MR_ANURAG_SINGH,PAT_00696
PANDYA_HARDIK_J,PAT_00697
S_MANU_K,PAT_00697
KAMAL_ARIF_MOHD,PAT_00697
PAL_UTTAM,PAT_00697
S_ARJUN_B,PAT_00697
MALLIK_RAMESH_CHANDRA,PAT_00698
MUTHUSWAMY_ESWARAMOORTHY,PAT_00698
PROF_PRAMOD_KUMAR,PAT_00699
PROF_SRISHA_RAO_M_V,PAT_00699
VIJAY_BIRADAR,PAT_00699
SANJOY_PAUL,PAT_00699
DR_PRADEEP_A_DONGARE,PAT_00699
DR_SASHIBUSHAN_BANGALORE_LAKSHMANAMURTHY_SHASHIBHUSHAN,PAT_00699
DR_SATISH_BABU,PAT_00699
DR_MADHU_MARAGOWDANAHALLY_SHANKAREGOWDA,PAT_00699
DR_ARVIND_SHENOI,PAT_00699
KOUSHIK_VISWANATHAN,PAT_00700
HARISH_SINGH_DHAMI,PAT_00700
PRITI_RANJAN_PANDA,PAT_00700
LAKSHMINARAYANAN_SESHADRI,PAT_00701
JAYESH_GUPTA,PAT_00701
PRAMOD_KUMAR,PAT_00701
BHASKAR_THIRTHAPURA_RAMASWAMY,PAT_00701
K_J_VINOY,PAT_00702
A_CHOCKALINGAM,PAT_00702
ARITRA_ROY,PAT_00702
ASHWIN_P,PAT_00702
NARESH_Y,PAT_00702
VENKATARAMANA_AVABRATH,PAT_00702
SAURAV_ROY,PAT_00702
AMEYA_DRAVID,PAT_00703
KAAMINI_M_DHANABALAN,PAT_00703
SMRITI_AGARWAL,PAT_00703
RACHIT_AGARWAL,PAT_00703
DIXIT_NARENDRA_MADHUKAR,PAT_00704
ANSARI_AAMIR_FAISAL,PAT_00704
SAI_SIVA_GORTHI,PAT_00705
SUNDARRAJAN_ASOKAN,PAT_00705
KAVITHA_BANGALORE_SRINIVASAN,PAT_00705
RADHIKA_NAMBANNOR_KUNNATH,PAT_00705
VIKRAM_SRINIVASA_RAGHAVAN,PAT_00705
PROF_SIVA_UMAPATHY,PAT_00706
DR_VENKATESH_KALIAPERUMAL,PAT_00706
RIA_MUKHERJEE,PAT_00706
AMARA_RAMA_RAO,PAT_00707
JONES_ANDREW,PAT_00707
VARADARAJAN_RAGHAVAN,PAT_00707
RAO_LAKSHMINARAYANA,PAT_00708
SRINIVASAIAH_DASAPPA,PAT_00708
SHIVAPUJI_ANAND_M,PAT_00708
NARASIMHAIAH_SUBRAHMANYAM_DINESH,PAT_00709
RENJITH_ANU,PAT_00709
LAKSHMINARAYANAN_VEDAGIRI,PAT_00709
KOTESA_RAHUL_SINGH,PAT_00710
SEN_PROSENJIT,PAT_00710
MURALIDHARAN_GIRISH,PAT_00711
PRAMANIK_AMITAVA,PAT_00711
BHAT_NAVAKANTA_RAMANATH,PAT_00711
MISHRA_VIJAYUMASHANKAR,PAT_00711
MUTHU_KANNAN_SRINIDHI,PAT_00711
PROF_SIVA_UMAPATHY,PAT_00712
PROF_DEEPAK_KUMAR_SAINI,PAT_00712
MS_SRIVIDYA_KUMAR,PAT_00712
RENU_GOPINATHAN,PAT_00712
GOUTAM_KUMAR_CHANDRA,PAT_00712
PROF_PHANEENDRA_K,PAT_00713
YALAVARTHY,PAT_00713
AMBEDKAR_DUKKIPATI,PAT_00713
SAURABH_SHARMA,PAT_00713
VAISHNAVI_RAVI,PAT_00713
RAJESH_KATTA,PAT_00713
PADMA_MURALI,PAT_00713
DHANSHREE_WAROKAR,PAT_00713
DEVCHAND_BOTHRA,PAT_00714
SHISHIR_NADUBETTU_YADUKUMAR,PAT_00714
ABHRA_ROY_CHOWDHURY,PAT_00715
ADITI_PANDEY,PAT_00715
G_M_KARTHIK_BHARADWAJ,PAT_00716
VENKATARAMANAPPA_SURESH_KUMAR,PAT_00716
KUMAR_PAVAN,PAT_00716
MISHRA_DEEPAK,PAT_00716
GARANI_SHAYAN_SRINIVASA,PAT_00716
SAMBANGI_LIKHITHA,PAT_00717
VIDYA_VALSAN,PAT_00717
VINOD_JOHN,PAT_00717
DR_DHIRENDRA_KUMAR_MISHRA,PAT_00718
DR_TAMAL_BANERJEE,PAT_00718
DR_YAGNASENI_ROY,PAT_00718
NIRAPANDIAN_NB,PAT_00719
TELNA_THOMAS,PAT_00719
VAIBHAV_SHARMA,PAT_00719
DEVASHISH_SIVA,PAT_00719
NAGA_PHANI_AETUKURI,PAT_00719
MOHAMMAD_ALI_NOWROOZI,PAT_00719
NEERAJ_RAMPRASAD,PAT_00720
OMKAR_S_N,PAT_00720
HRISHIKESH_GIRISH_HIREMATH,PAT_00720
PRATHAMESH_PRAVIN_KAWTIKWAR,PAT_00720
SARANG_MASHALE,PAT_00721
JYOTI_SAXENA,PAT_00721
ADITYA_SADHANALA,PAT_00721
SARANG_MASHALE,PAT_00722
ADITYA_SADHANALA,PAT_00722
ADITYA_AVINASH_WAGH,PAT_00723
SHWETHA_GOVINDA_BHAT,PAT_00723
ARIJIT_HALDAR,PAT_00723
P_S_ANIL_KUMAR,PAT_00723
RINA_MAITI,PAT_00724
PAWAN_KUMAR_AHIRWAR,PAT_00724
SOMNATH_THANDER,PAT_00724
RINA_MAITI,PAT_00725
GOKUL_GANESH,PAT_00725
BHAVESH_KATARIYA,PAT_00725
MM_NAYAK,PAT_00726
G_NARAYANAN,PAT_00726
PRAMOD_KUMAR,PAT_00726
NITHIN_B,PAT_00726
SHREYAS_SRIVATSA,PAT_00726
ASHUTOSH_PATEL,PAT_00726
NIRAPANDIAN_NB,PAT_00727
TELNA_THOMAS,PAT_00727
VAIBHAV_SHARMA,PAT_00727
DEVASHISH_SIVA,PAT_00727
NAGA_PHANI_AETUKURI,PAT_00727
MOHAMMAD_ALI_NOWROOZI,PAT_00727
PANKAJ_ARORA,PAT_00727
RALF_OSTWALD,PAT_00727
SANDEEP_TRIPATHI,PAT_00728
OM_PRAKASH,PAT_00728
SAMPATH_PARASURAM,PAT_00728
SUPRIYA_H,PAT_00728
SURYASARTHI_BOSE,PAT_00728
ARUP_POLLEY,PAT_00729
KANKANAMPATI_ASHOKA_DEEPTHI,PAT_00729
MANOJ_VARMA,PAT_00729
RAJESH_MANDAL,PAT_00730
A_ARUN_KUMAR,PAT_00730
BHARGAV_M_BALAJI,PAT_00730
BALAJI_JAYAPRAKASH,PAT_00730
NOORAMOL_KARIMPANAKKAL,PAT_00731
BISHWAPA_SANYAL,PAT_00731
VIGNESH_KRISHNAMURTHY,PAT_00731
LAKSHMI_POOLA,PAT_00731
T_V_PRABHAKAR,PAT_00731
SRUTHI_C_S,PAT_00732
UPASHI_GOSWAMI,PAT_00732
PROF_ASHOK_M_RAICHUR,PAT_00732
SRUTHI_C_S,PAT_00733
UPASHI_GOSWAMI,PAT_00733
PROF_ASHOK_M_RAICHUR,PAT_00733
R_R_SENJI_LAXME,PAT_00734
KARTIK_SUNAGAR,PAT_00734
JOSEPH_JARDINE,PAT_00734
NICHOLAS_CASEWELL,PAT_00734
ELISE_LANDAIS,PAT_00734
SHABARI_GIRISHAN_K_V,PAT_00735
SARAVANAN_M,PAT_00735
SREENIVAS_BHASKARA,PAT_00735
HARDIK_J_PANDYA,PAT_00735
SHUKLA_ASHOK_KUMAR,PAT_00736
PATIL_SATISH_AMRUTRAO,PAT_00736
RAVIKUMAR_MUSUWATHI_KRISHNAMOORTHY,PAT_00736
YADAV_SATYA_PRAKASH,PAT_00736
BHUSHAN_J_TOLEY,PAT_00737
VENKATA_SUBRAMANIAN_RAMESAN,PAT_00737
SUNDEEP_PRABHAKAR_CHEPURI,PAT_00738
RS_PRASOBH_SANKAR,PAT_00738
VISHAL_SINGH,PAT_00739
SANIKA_SUBODH_BHIDE,PAT_00739
DIBAKAR_PAUL,PAT_00739
SHASHANK_MISHRA,PAT_00739
IMNATOSHI_JAMIR,PAT_00740
BHEEMA_SANKAR_REDDY_BAPURAM,PAT_00740
PROSENJIT_SEN,PAT_00740
SAICHAND_KASICHEYANULA,PAT_00741
HARISYAM_P_V,PAT_00741
SURJAKANTA_MAZUMDER,PAT_00741
KAUSHIK_BASU,PAT_00741
SHASHIDHAR,PAT_00741
GHOSH_PRADIP,PAT_00742
GOSWAMI_SREEBRATA,PAT_00742
GOSWAMI_SREETOSH,PAT_00742
GHOSH_PRADIP,PAT_00743
RATH_SANTI_PRASAD,PAT_00743
GOSWAMI_SREEBRATA,PAT_00743
GOSWAMI_SREETOSH,PAT_00743
GHOSH_PRADIP,PAT_00744
GOSWAMI_SREEBRATA,PAT_00744
GOSWAMI_SREETOSH,PAT_00744
RUPESH_PAWAR,PAT_00745
TAPAS_CHAKRAVARTY,PAT_00745
VENUGOPAL_SANTHANAM,PAT_00745
SOUMYA_CHAKRAVARTY,PAT_00745
PROSENJIT_SEN,PAT_00746
AKANKSHA_ROHIT,PAT_00746
PARTHIBAN_RAJAN,PAT_00746
LOCHAB_SHUBHAM,PAT_00747
SENTHILKUMAR_BASKAR,PAT_00747
NARAYANAN_KRISHNAMURTHY,PAT_00747
PRAMANIK_MALAY,PAT_00747
BARPANDA_PRABEER,PAT_00747
BARMAN_PUBALI,PAT_00748
JHA_PAWAN_KUMAR,PAT_00748
CHAUPATNAIK_ANSHUMAN,PAT_00748
NARAYANAN_KRISHNAMURTHY,PAT_00748
PRAMANIK_MALAY,PAT_00748
BARPANDA_PRABEER,PAT_00748
BARMAN_PUBALI,PAT_00749
ATIF_SHAHAN,PAT_00749
VERMA_ANKIT_KUMAR,PAT_00749
JHA_PAWAN_KUMAR,PAT_00749
MOHAPATRA_BAPUJI,PAT_00749
RANJAN_CHINMOY,PAT_00749
NARAYANAN_KRISHNAMURTHY,PAT_00749
PRAMANIK_MALAY,PAT_00749
RAJAN_ANANTH_GOVIND,PAT_00749
BARPANDA_PRABEER,PAT_00749
SHARMA_KESHAV_KUMAR,PAT_00750
SHARMA_DEEPAK,PAT_00750
KARUPPANNAN_RAMESH,PAT_00750
A_SHIVASHANKAR_S,PAT_00751
BHAT_NAVAKANTA,PAT_00751
SAI_RANAJIT,PAT_00751
ARACKAL_SARATH,PAT_00751
METI_SUNIL,PAT_00751
MANDAL_DIBYENDU,PAT_00751
VENKATESH_PRABHU,PAT_00752
VENGADARAJAN_ALAGARSWAMI,PAT_00752
VINOD_JOHN,PAT_00752
SHO_TAKEMORI,PAT_00753
YUHEI_UMEDA,PAT_00753
HARSH_RANGWANI,PAT_00753
SHRINIVAS_RAMASUBRAMANIAN,PAT_00753
KUNAL_SAMANTA,PAT_00753
VENKATESH_BABU_RADHAKRISHNAN,PAT_00753
AVIK_CHATTOPADHYAYA,PAT_00754
DEEPAK_KUMAR_SAINIB,PAT_00754
DIPANKAR_NANDI,PAT_00754
PRIYANKA_AGARWAL,PAT_00755
BHUSHAN_JAYANT_TOLEY,PAT_00755
ASHISH_VASANT_JOGLEKAR,PAT_00756
RAJESH_SUNDARESAN,PAT_00756
DEVADATTA_MADHUKAR_KULKARNI,PAT_00756
VIJAYANAND_PARAB_GAONKER,PAT_00756
JEFFREY_TEW,PAT_00756
SAPTARSHI_BASU,PAT_00757
SONU_KUMAR,PAT_00757
RAJEEV_RANJAN,PAT_00758
GOBINDA_DAS_ADHIKARY,PAT_00758
PATIL_DEEPAK_DEELIP,PAT_00759
CHATTERJEE_KAUSHIK,PAT_00759
OVERLAND_MAYA_RAGINI,PAT_00759
STOLLER_MARSHALL,PAT_00759
SAI_RANAJIT,PAT_00760
SHIVSHANKAR_SRINIVASARAO_AJJAMPUR,PAT_00760
MANISH_KUMAR_HOODA,PAT_00760
SHASHANK_TRIPATHI,PAT_00761
ABHIJITH_BIJI,PAT_00761
OYAHIDA_KHATUN,PAT_00761
MEERSHA_ADIL,PAT_00762
KUMAR_PRASHANT,PAT_00762
SHRIVASTAVA_MAYANK,PAT_00762
CHETAN_SINGH_THAKUR,PAT_00763
SHANTANU_CHAKRABARTTY,PAT_00763
PRATIK_KUMAR,PAT_00763
HARDIK_JEETENDRA_PANDYA,PAT_00764
BIKRAMJIT_BASU,PAT_00764
SUDARSHAN_JAGANNATHAN,PAT_00764
ASISH_KUMAR_PANDA,PAT_00764
V_S_N_SITARAMGUPTA_V,PAT_00764
SAUMITRA_DAS,PAT_00765
SG_RAMACHANDRA,PAT_00765
HARSHA_RAHEJA,PAT_00765
SOMA_DAS,PAT_00765
CHANDRAKANTH_ANANTHRAM,PAT_00766
SHIVASHANKAR_RAKESH,PAT_00766
PARASHIVAMURTHY_SURESHA,PAT_00766
CHOCKALINGAM_RANJITH,PAT_00766
FOUQUET_THIBAULT,PAT_00766
T_V_PRABHAKAR,PAT_00766
SINGH_CHANDRAMANI,PAT_00766
DR_SUBHASH_JOSHI_THARAYPARAMBIL_GEORGE,PAT_00767
RAJIV_IYAPPAN,PAT_00767
KIRAN_BABU,PAT_00767
SEENA_S_RAJAN,PAT_00767
JEYASINGH_PACKIARAJ_K,PAT_00767
RENJI_V_CHACKO,PAT_00767
PROF_VINOD_JOHN,PAT_00767
DR_GSVL_NARASIMHAM,PAT_00767
DR_BIJU_SOMAN,PAT_00767
PANDEY_ANSHU,PAT_00768
THAPA_DEV_KUMAR,PAT_00768
SAHA_SUBHAM_KUMAR,PAT_00768
DR_JAYWANT_HARAKERI,PAT_00769
MR_YATISHWAR_DRAVID,PAT_00769
SAMUDRALA_SOUJANYA,PAT_00770
HARSHA_RUDRAMUNIYAPPA,PAT_00770
PREM_SINGH,PAT_00770
EKANT_SHARMA,PAT_00770
SAMUDRALA_SOUJANYA,PAT_00771
HARSHA_RUDRAMUNIYAPPA,PAT_00771
PREM_SINGH,PAT_00771
EKANT_SHARMA,PAT_00771
RAJAVELSAMY_RAJADURAI,PAT_00772
GANESHA_S,PAT_00772
ASWIN_SASTHRI,PAT_00772
ROHINI_RAJENDRAN,PAT_00772
NIVEDYA_PARAMBATH_SASI,PAT_00772
PROF_DEBABRATA_DAS,PAT_00772
SHARVARI_RAVINDRAN,PAT_00773
JYOTSNA_BAPAT,PAT_00773
DEBABRATA_DAS,PAT_00773
NARAYANAN_P_P,PAT_00774
PISHARODY_HARIKRISHNAN_GOPALAKRISHNAN,PAT_00774
JAGAN_P,PAT_00775
MADHAV_RAO,PAT_00775
PHANI_PAVAN_KAMBHAMMPATI,PAT_00775
YOGITA_WILSON_KARKE,PAT_00776
SHARVARI_RAVINDRAN,PAT_00776
JYOTSNA_BAPAT,PAT_00776
DEBABRATA_DAS,PAT_00776
PAMMI_NANDA_MITRA,PAT_00777
MOHIT_JAGINI,PAT_00777
MADHAV_RAO,PAT_00777
SHARVARI_RAVINDRAN,PAT_00778
JYOTSNA_BAPAT,PAT_00778
DEBABRATA_DAS,PAT_00778
KURIAN_POLACHAN,PAT_00779
SOUMICK_MAJUMDAR,PAT_00779
DILLI_BABU_PORLAPOTHULA,PAT_00779
SASIREKHA_GVK,PAT_00780
ANNAPOORNA_GH,PAT_00780
AAKASH_KHOT,PAT_00780
ARUN_B,PAT_00780
JYOTSNA_BAPAT,PAT_00780
PREM_SINGH,PAT_00781
SAMAR_SHAILENDRA,PAT_00781
YOGITA_PIMPALKAR,PAT_00782
SHARVARI_RAVINDRAN,PAT_00782
JYOTSNA_BAPAT,PAT_00782
DEBABRATA_DAS,PAT_00782
VINOD_VEERA_REDDY,PAT_00783
2_AGRIM_AGARWAL,PAT_00783
AMRITA_MISHRA,PAT_00783
RAMESH_KESTUR,PAT_00784
MADHAV_RAO,PAT_00784
PHANI_PAVAN,PAT_00784
PAVAN_PATIL,PAT_00784
AMITAV_CHAUDHURI,PAT_00785
SACHIT_SRINIVASA_RAO,PAT_00785
KAUSTUBH_KAPURE,PAT_00785
YATENDER_SINGH,PAT_00785
RANDHIR_SWARNKAR,PAT_00785
ARZAD_ALAM_KHERANI,PAT_00786
SHUBHIKA_MISHRA,PAT_00786
VISHWAJEET_SHARAN,PAT_00786
MOHMMAD_ARIF_KHAN,PAT_00786
ARZAD_ALAM_KHERANI,PAT_00787
SHUBHIKA_MISHRA,PAT_00787
SMRITI_KUMAR,PAT_00787
VISHWAJEET_SHARAN,PAT_00787
SOWMAVA_MUKHERJEE,PAT_00787
ANKIT_CHANDACHORIYA,PAT_00788
RAVI_PANWAR,PAT_00788
ARZAD_ALAM_KHERANI,PAT_00788
ANKIT_CHANDACHORIYA,PAT_00789
RAVI_PANWAR,PAT_00789
ARZAD_ALAM_KHERANI,PAT_00789
ANJANA_KRISHNA,PAT_00790
DR_SOUMAVA_MUKHERJEE,PAT_00790
DR_ARZAD_ALAM_KHERANI,PAT_00790
DR_ARZAD_ALAM_KHERANI,PAT_00791
SHUBHIKA_MISHRA,PAT_00791
BHARAT_MEENA,PAT_00791
DR_SOUMAVA_MUKHERJEE,PAT_00791
GIRIDHARA_G,PAT_00792
YATHISH_MUDDAPPA_P_P,PAT_00792
V_ARUNKUMAR,PAT_00792
RAGHU_YOGARAJ,PAT_00792
SHIVASHANKAR_R_SRIVATSA,PAT_00792
ASHA_G_R,PAT_00793
AKANSHA_MEHROTRA,PAT_00793
MISBAH_RIYAZ,PAT_00793
TALKAD_SRIPAD_RAKSHITH,PAT_00794
T_R_VISRUAT,PAT_00794
PRUTHA_ARUN_VERNEKAR,PAT_00794
M_SHRIYA_PAI,PAT_00794
SUPRITH_KUMAR_K_S,PAT_00794
VIDYADHARA_V,PAT_00795
AKASH_K_S,PAT_00795
RANGANATH_R_V,PAT_00795
GIRIDHARA_G,PAT_00796
RAGHU_YOGARAJU,PAT_00796
V_ARUN_KUMAR,PAT_00796
H_N_SUMA,PAT_00797
N_C_SRINIVASA_PRABHU,PAT_00797
ANIRUDH_MADHAV,PAT_00797
N_S_CHAITANYA_PRABHU,PAT_00797
S_BALAJI_RAGHAVENDRA,PAT_00797
MANISH_M_S,PAT_00797
AMRITHA_GAYAKWAD,PAT_00797
VARSHITH_J,PAT_00798
FEROZ_MORAB,PAT_00798
KARTHIKEYA_G_S,PAT_00798
SIDDAPPAJI,PAT_00798
DR_V_PADMAPRIYA,PAT_00799
DR_S_UMA,PAT_00799
DR_SUSHMA_R,PAT_00799
MR_SHIVPRAKASH_MVARIMANI,PAT_00799
R_AKHIL_KARTHIK,PAT_00800
SIDDAPPAJI,PAT_00800
KARTHIKEYA_G_S,PAT_00800
H_N_SUMA,PAT_00801
N_C_SRINIVASA_PRABHU,PAT_00801
ANIRUDH_MADHAV,PAT_00801
N_S_CHAITANYA_PRABHU,PAT_00801
BALAJI_RAGHAVENDRA,PAT_00801
MAYUR_APPAIAH,PAT_00802
R_KALPANA,PAT_00802
TN_VISHALAKSHI,PAT_00802
PALLAVI_U_SHARMA,PAT_00803
CGURURAJ,PAT_00803
SYED_AFNAAN_AHMED,PAT_00803
ANANYA_HEBBAR,PAT_00803
DR_NANDHINI_VINEETH,PAT_00804
DR_H_S_GURUPRASAD,PAT_00804
DR_NANDHINI_VINEETH,PAT_00805
DR_H_S_GURUPRASAD,PAT_00805
R_ASHOK_KUMAR,PAT_00806
ADITHYA_ADIGA,PAT_00806
ANIRUDH_ANANTH_PRABHU,PAT_00806
GAGANDEEP_N_K,PAT_00806
HEMANTH_PAI,PAT_00806
SELVA_KUMAR_S,PAT_00807
PALLAVI_G_B,PAT_00807
LATHA_N_R,PAT_00807
SHYAMALA_G,PAT_00807
GEETISHREE_MISHRA,PAT_00807
ASHA_G_R,PAT_00807
SELVA_KUMAR_S,PAT_00808
SHYAMALA_G,PAT_00808
LATHA_N_R,PAT_00808
PALLAVI_G_B,PAT_00808
GEETISHREE_MISHRA,PAT_00808
ASHA_G_R,PAT_00808
B_RAVISHANKAR,PAT_00809
SHAILAJA_VN,PAT_00809
MAYUR_APPAIAH,PAT_00809
SAISHA_VINJAMURI,PAT_00810
RENU_PAI,PAT_00810
MR_SSATHEESH_KUMAR_REVA_UNIVERSITY,PAT_00811
DR_ROSE_BINDU_JOSEPH_P_DAYANANDA_SAGAR_COLLEGE_OF_ENGINEERING,PAT_00811
DR_MERAM_MUNRATHNAM_RAJIV_GANDHI_UNIVERSITY_OF_KNOWLEDGE_TECHNOLOGIES,PAT_00811
BALACHANDRA_KUMARASWAMY,PAT_00812
M_VASANTHA_LAKSHMI,PAT_00812
BMS_COLLEGE_OF_ENGINEERING_BENGALURU,PAT_00812
R_ASHOK_KUMAR,PAT_00813
SURESH_R_REDDY,PAT_00813
SPANDHANA_GONUGUNTLA,PAT_00813
SUNAG_P,PAT_00813
NAVANEETH_S,PAT_00813
MEGHANA_RATHANRAJ,PAT_00813
ASHWINI_SRIRAM,PAT_00813
BHARGAV_S,PAT_00814
GAGANDHEEP_M_RAIKAR,PAT_00814
ADARSH_J,PAT_00814
ROSHAN_NAYAK,PAT_00814
KIRAN_BAILEY,PAT_00814
RASHMI_S_SHENOY,PAT_00815
SAVITHRI_BHAT,PAT_00815
NAGASHREEAN,PAT_00816
SANGAM_KUMAR,PAT_00816
ABYAN_ABERA_SHIFERAW,PAT_00816
ADITYA_KUMAR_MONDAL,PAT_00816
NISHIT_KUMAR,PAT_00816
PRATHEEKSHAT_R,PAT_00816
MRS_M_K_NALINI_BMS_COLLEGE_OF_ENGINEERING_BANGALORE,PAT_00817
CHIRANJEEVI_N_SRI_RAMACHANDRA_FACULTY_OF_ENGINEERING_AND_TECHNOLOGY_CHENNAI,PAT_00817
S_R_V_SATYANARAYANA_RAJU_CH_SRI_RAMACHANDRA_FACULTY_OF_ENGINEERING_AND_TECHNOLOGY_CHENNAI,PAT_00817
DRDSRIDHAR_SRI_KRISHNA_ADITHYA_COLLEGE_OF_ARTS_SCIENCE,PAT_00817
DR_V_ANANDKUMAR_SRI_KRISHNA_COLLEGE_OF_ENGINEERING_AND_TECHNOLOGY_COIMBATORE,PAT_00817
MR_M_DIWAKARAN_SRI_KRISHNA_COLLEGE_OF_ENGINEERING_AND_TECHNOLOGY_COIMBATORE,PAT_00817
DRVARULKUMAR_SRI_KRISHNA_COLLEGE_OF_ENGINEERING_AND_TECHNOLOGY_COIMBATORE,PAT_00817
DEVARAJ_K,PAT_00818
SANDEEP_VARMA_N,PAT_00818
KAYARVIZHY_N,PAT_00818
DARSHAN_P_S,PAT_00818
DANIEL_PAUL_ABRAHAM,PAT_00818
OMKAR_M,PAT_00818
SANTOSH_K,PAT_00818
RAJESHWARI_B_S,PAT_00819
NAMRATHA_M,PAT_00819
JYOTHI_S_NAYAK,PAT_00819
DHIKSHA_RATHIS,PAT_00819
ANAGHA_M_S,PAT_00819
SHRAVANTH_J,PAT_00819
DR_GURUMURTHY_HEGDE,PAT_00820
SUPRIYA_S,PAT_00820
DR_ANANTHNAG_G_S,PAT_00820
SUPRIYA_S,PAT_00821
VINAY_S_BHAT,PAT_00821
DR_GURUMURTHY_HEGDE,PAT_00821
SIDDHARTH_KRISHNA_KUMAR,PAT_00822
ANIRUDH_GURURAJ_JAMKHANDI,PAT_00822
BHARATH_YP,PAT_00822
DINESH_G_GAONKAR,PAT_00822
KISHORE_ANAND_S,PAT_00822
PMEENA,PAT_00822
SAMATHA_R_SWAMY,PAT_00823
DR_NANDINI_PRASAD_K_S,PAT_00823
DR_PAVANI_C,PAT_00823
PUSHPA_G,PAT_00823
REKHA_B_S,PAT_00823
UPPIN_RASHMI,PAT_00823
UJWAL_SHREENAG_MEDA,PAT_00824
PRADEEP_G_A,PAT_00824
DR_ASHOKA_S_B,PAT_00825
LAKSHMIKANTH_D,PAT_00825
PROFHANUMANTHAPPA_M,PAT_00825
DR_THIPPESWAMY_G,PAT_00825
DRSAVITHA_R,PAT_00825
ABHAY_DESHPANDE,PAT_00826
VIGHNESH_UDUPI,PAT_00826
HARSHA,PAT_00826
H_V_RAVISH_ARADHYA,PAT_00826
MOHANA,PAT_00827
B_G_SUDARSHAN,PAT_00827
MRIDA_PRADHAN,PAT_00827
GAYATHRI_SUNIL_NAMBIAR,PAT_00827
MAHANTESH_M_MATH,PAT_00828
SRIDHAR_R,PAT_00828
AJIT_A,PAT_00828
ABHINAND_N_SHAMIN,PAT_00828
ADITI_MANDVIYA,PAT_00828
B_SATHISH_BABU,PAT_00829
IBRAHIM_BAGWAN,PAT_00829
HARSH_LILHA,PAT_00829
SAIF_MOHTASHIM,PAT_00829
RAMAKANTHKUMAR_P,PAT_00830
MINAL_MOHARIR,PAT_00830
H_PAVITHRA,PAT_00830
MANOHAR_D_S,PAT_00830
MOHAMMED_MUZAMMIL_CHOUDHARI,PAT_00830
MANOJ_T,PAT_00830
MANJUNATH_S,PAT_00830
SUDARSHAN_B_G,PAT_00831
MOHANA,PAT_00831
NOEL_MATHEW,PAT_00831
RAHUL_PATNAIK,PAT_00831
SOMESH_NANDI,PAT_00832
B_SATHISH_BABU,PAT_00832
CHIRAG_H,PAT_00832
JOSEPH_REJO_MATHEW,PAT_00832
RAJESWARA_RAO_K_V_S,PAT_00833
SOMESH_NANDI,PAT_00833
CHIRAG_H,PAT_00833
KUSHAL_S_GOWDA,PAT_00833
PRANJAL_VISHAL_USULKAR,PAT_00833
KAUSSHAL_RAVIKUMAAR,PAT_00833
B_SATHISH_BABU,PAT_00834
SOMESH_NANDI,PAT_00834
IBRAHIM_BAGWAN,PAT_00834
MOHAMMED_TAHA_SINDOLI,PAT_00834
CHIRAG_H,PAT_00834
VEENADEVI_S_V,PAT_00835
SOWMYA_NAG_K,PAT_00835
NAGAPRASAD_NAIK,PAT_00835
SAGAR_TARASING_NAYAK,PAT_00835
RAVISH_ARADHYA_H_V,PAT_00835
S_RAVISHANKAR,PAT_00836
A_MAHESH,PAT_00836
KS_SHUSHRUTHA,PAT_00836
MAHANTESH_M_MATH,PAT_00837
ANUPAMA_V_JOSHI,PAT_00837
AKASH_S,PAT_00837
K_V_HARINATH_REDDY,PAT_00837
HARSHA_KS,PAT_00837
SUSHANTH_NAYAK,PAT_00837
RAMAKANTH_KUMAR_P,PAT_00838
HEMAVATHY_R,PAT_00838
K_N_SUBRAMANYA,PAT_00838
H_R_ANEESH_TEJAS,PAT_00838
HITESH_S_P,PAT_00838
KOMPELLA_TUSHAR_S,PAT_00839
SOMESH_NANDI,PAT_00839
R_B_RAVI_VARMA,PAT_00839
SHANTA_RANGASWAMY,PAT_00840
BADARINATH_K,PAT_00840
ANIMESH_SAPRA,PAT_00840
ATHARAVA_AGRAWAL,PAT_00840
KRISHNA_PURWAR,PAT_00840
SIDDHANT_SINGH,PAT_00840
SHANTA_RANGASWAMY,PAT_00841
BADARINATH_K,PAT_00841
ANIMESH_SAPRA,PAT_00841
KRISHNA_PURWAR,PAT_00841
SIDDHANT_SINGH,PAT_00841
ISMAIL_WARSI,PAT_00841
HARSH_VARDHAN_CHOUDHARY,PAT_00841
VINOD_A_R,PAT_00842
JYOTI_SHETTY,PAT_00842
ESHAAN_MATHUR,PAT_00842
MANOJ_KUMAR,PAT_00842
JIGYASA_AGRAWAL,PAT_00842
S_G_SRIVANI,PAT_00843
SUNAY_B_S,PAT_00843
RUTWIKAA_BASANI,PAT_00843
PRANAV_S,PAT_00843
BG_SUDARSHAN,PAT_00844
H_N_NARASIMHA_MURTHY,PAT_00844
RAVI_BHAT,PAT_00844
B_SATHISH_BABU,PAT_00845
CHIRAG_H,PAT_00845
MANOJ_MADHAVARAO_MALIPATIL,PAT_00845
DHANUSH_RAVI_MOOLEMANE,PAT_00845
HEMA_UMESH_HEGDE,PAT_00845
AFFAN_YASIR,PAT_00845
SONIKA_C_T,PAT_00846
B_SATHISH_BABU,PAT_00846
SHALINI_P,PAT_00846
SHRAVYAA_S,PAT_00846
SHREYA_MOHAN,PAT_00846
B_SATHISH_BABU,PAT_00847
SRIRAM_VELUMURI,PAT_00847
NITYA_SHARMA,PAT_00847
YUVA_T,PAT_00847
ADITI_P_RAO,PAT_00848
K_N_SUBRAMANYA,PAT_00848
K_N_SUBRAMANYA,PAT_00849
SPOORTHI_NAYAK,PAT_00849
B_M_SAGAR,PAT_00849
PADMASHREE_T,PAT_00849
AH_MANJUNATHA_REDDY,PAT_00850
SUMATHRA_MANOKARAN,PAT_00850
JEMIMA_SAJI,PAT_00850
VAISHNAVI_P,PAT_00850
RANJITH_KUMAR_RAMOJI,PAT_00851
RAMCHANDRA_PANCHAL,PAT_00851
DINESH_M_N,PAT_00851
VEENADEVI_S_V,PAT_00852
SOWMYA_NAG_K,PAT_00852
NAGAPRASAD_NAIK,PAT_00852
CHETHAN_S_BADIGER,PAT_00852
DEEPAMALA_N,PAT_00853
SNEHA_M,PAT_00853
SHOBHA_G,PAT_00853
SPOORTHI_V,PAT_00853
ANISH_S,PAT_00853
PAVAN_KUMAR_C_BANASODE,PAT_00853
PRANAV_ILIKARLAPALLI,PAT_00853
JAYANTH_C,PAT_00853
S_VARUN,PAT_00853
UJWAL_SHREENAG_MEDA,PAT_00854
RADHAKRISHNA,PAT_00854
ADITI_PANDEY,PAT_00854
YASEEN_MUNEER,PAT_00854
VAMSHIKA_I,PAT_00854
DR_VANDANA_JHA,PAT_00855
DR_VEENA_DIVYA_KRISHNAPPA,PAT_00856
DR_P_M_RAJASREE,PAT_00856
DR_CH_RENU_MADHAVI,PAT_00856
DR_DEEPASHREE_DEVARAJ,PAT_00856
DR_KNSUBRAMANYA,PAT_00856
DR_VASANTH_RAJ_LAKSHMAN,PAT_00856
MR_DEVANSHU_MUKHERJEE,PAT_00856
MS_VIDHYASHREE,PAT_00856
MS_SOMALI_ROY,PAT_00856
MR_VENKAT_S_RAGHAVAN,PAT_00856
MS_PRATHIBHA_SUDHAKARANAMITY_UNIVERSITY,PAT_00857
DR_NAGARAJ_G_CHOLLIRV_COLLEGE_OF_ENGINEERING,PAT_00857
DR_R_BALAKRISHNANRATHNAVEL_SUBRAMANIAM_COLLEGE_OF_ARTS_AND_SCIENCE_AUTONOMOUS,PAT_00857
DR_P_V_RAVINDRANATHRATHNAVEL_SUBRAMANIAM_COLLEGE_OF_ARTS_AND_SCIENCE_AUTONOMOUS,PAT_00857
MR_SAURABH_JAWAHAR_SANGHAVISVPM_COLLEGE_OF_PHARMACY_DEPARTMENT_OF_PHARMACEUTICS,PAT_00857
MR_BESCHI_I_SMARUTHUPANDIYAR_COLLEGE,PAT_00857
MRS_OVI_OMKAR_PARADKAR_GAURI_ALIAS_POOJA_MATHURDAS_NAIKLOVELY_PROFESSIONAL_UNIVERSITY,PAT_00857
BABU_T_ST_JOSEPHS_COLLEGE_OF_ENGINEERING,PAT_00857
APPASAMI_GNIT_TIRUCHI,PAT_00857
DR_M_SAVITHRIDR_NGP_ARTS_AND_SCIENCE_COLLEGE,PAT_00857
DR_S_GOMATHI_ALIAS_ROHINISRI_RAMAKRISHNA_COLLEGE_OF_ARTS_AND_SCIENCE,PAT_00857
DR_ELLAMPATI_SUNIL_KUMARSEVEN_HILLS_COLLEGE_OF_PHARMACY,PAT_00857
DR_SMITHA_SASI,PAT_00858
C_P_SHREERAMYA,PAT_00858
ESHWARI,PAT_00858
BHAVYASHREE_T_R,PAT_00858
DIVYA_M_S,PAT_00858
DR_PUSHPA_B_R,PAT_00859
DR_DEVARAJU_RAMAKRISHNA,PAT_00859
CHAITHRA_S,PAT_00859
DR_PAVITHRA_G,PAT_00860
DR_TC_MANJUNATH,PAT_00860
DR_SINDHU_SREE_M,PAT_00860
INDHUDHARA_J,PAT_00860
ACHUTHANANDA_M,PAT_00860
UJWAL_M_S,PAT_00861
DR_SHIVA_KUMAR_G,PAT_00861
SRIDHAR_H_N,PAT_00861
SRIDHAR_H_N,PAT_00862
DR_SHIVA_KUMAR_G,PAT_00862
UJWAL_M_S,PAT_00862
DR_H_K_RAMARAJU,PAT_00862
DR_BR_MANJUNATHA,PAT_00862
DR_VINAY_A,PAT_00862
DR_MOHAN_DAS_A_N,PAT_00863
ANVESH_MAURYA,PAT_00863
DHANUSH_B_ALIKE,PAT_00863
KARTHIK_BASVAPATTAN,PAT_00863
NIKIT_MALVADKAR,PAT_00863
DR_VIVEK_BHANDARKAR_V_N,PAT_00863
DR_HASEEBUDDIN_M_R,PAT_00863
MADHUSUDAN_M,PAT_00863
DR_M_K_VENKATESH,PAT_00863
GOVINDARAJU_H,PAT_00863
DR_HARISH_H_KENCHANNAVAR,PAT_00864
DR_SHRIVATSA_D_PERUR,PAT_00864
DR_UMESH_M_KULKARNI,PAT_00864
DRPRASAD_M_PUJAR,PAT_00864
DRSANTOSH_KUMAR_J,PAT_00864
PROF_ANITA_H_KENCHANNAVAR,PAT_00864
YUKTHA_M_Y,PAT_00865
NANDKISHOR_J,PAT_00865
SUJAL_PAWAR,PAT_00865
SOUNDARYA_D_SHETTY,PAT_00865
DR_YASHASWINI_GOWDA_N,PAT_00865
DR_SUMIT_SWAIN,PAT_00865
DR_RAKSHITHA_KIRAN_P,PAT_00866
DR_MOHAMMED_TAJUDDIN,PAT_00866
DR_PALLAVI_KULKARNI,PAT_00866
DR_DEEPTHI_V_S,PAT_00866
DR_ROSE_BINDU_JOSEPH_P,PAT_00867
DR_A_GEORGE_MARIA_SELVAM,PAT_00867
MSSSOWMYA,PAT_00867
MSSHRUTHI_T_S,PAT_00867
DR_RAKSHITHA_KIRAN_P,PAT_00868
DR_MOHAMMED_TAJUDDIN,PAT_00868
DR_PALLAVI_KULKARNI,PAT_00868
DR_DEEPTHI_V_S,PAT_00868
ASHWINI_GANESH_RATOD,PAT_00869
JAYASHREEDEVI_K_T,PAT_00869
KAVYA_D_N,PAT_00869
MR_GIRISHKUMAR_G_S,PAT_00870
PROF_GS_MAHESH,PAT_00870
DR_NINGE_GOWDA_B_M,PAT_00870
DR_P_SUDHAKAR,PAT_00870
MR_R_VINAYAKUMAR,PAT_00870
DR_BINDUSHREE_B_S,PAT_00870
MR_GOVINDARAJU_H,PAT_00870
MR_VIJAYAKUMAR_N_PATIL,PAT_00870
MR_ABHISHEK_H_A,PAT_00870
DR_RANJITHA_P,PAT_00870
MRS_RADHA_HALAGANI,PAT_00870
DR_V_R_SRINIVASAN,PAT_00871
DR_NINGE_GOWDA_B_M,PAT_00871
PROF_GS_MAHESH,PAT_00871
MR_R_VINAYAKUMAR,PAT_00871
DR_BINDUSHREE_B_S,PAT_00871
MR_GOVINDARAJU_H,PAT_00871
PROF_RADHA_HALAGANI,PAT_00871
MR_VIJAYAKUMAR_N_PATIL,PAT_00871
MR_SAMARTH_P_BALBADRI,PAT_00871
DR_VENKATESH_BABU_K_P,PAT_00872
MR_NITHEESH_KUMAR_B_S,PAT_00872
DR_SWARAJ_DOMINIC_LEWIS,PAT_00872
MR_RADHAKRISHNA,PAT_00872
MR_NANDAN_B_K,PAT_00872
C_V_BALAJI,PAT_00873
APRAMEYA_BHARADWAJ,PAT_00873
ANJANA_U,PAT_00873
DR_SUMA_V,PAT_00873
ISHWARI_SUYOG_BHAWALKAR,PAT_00873
K_PARJANYA_RAM,PAT_00873
ANJANA_U,PAT_00874
C_V_BALAJI,PAT_00874
APRAMEYA_BHARADWAJ,PAT_00874
DR_SUMA_V,PAT_00874
DR_ALAMMA_B_H,PAT_00875
DR_SAMITHA_KHAIYUM,PAT_00875
DR_T_RATHA_JEYALAKSHMI,PAT_00875
DR_PAVITHRA_G_SHETTY,PAT_00875
PROF_SMITHA_G_V,PAT_00875
MR_CHETAN_UMADI,PAT_00876
DR_SANTHOSH_B,PAT_00876
PURSHOTHAM_C_N,PAT_00876
NAVYASHREE_A_V,PAT_00876
RASHMI_ASHOK_TERADAL,PAT_00876
PRAJWAL_C_M,PAT_00876
VELCIA_MENDONCA,PAT_00877
DEEPA_N_P,PAT_00877
TEENA_SRINIVASAN,PAT_00877
VIGNESH,PAT_00877
SOMESH_R_S,PAT_00877
SAPNA_P_J,PAT_00877
SAIRAM_V,PAT_00878
AKHEEL_AHMED_P_T,PAT_00878
AKASH_R,PAT_00878
DR_SRIVIDYA_B_V,PAT_00878
DR_RAJESH_KUMAR,PAT_00878
GANESH_KB,PAT_00878
DR_JASTI_ANURAG,PAT_00879
DHANGAR_SNEHAL_KISHORRAO,PAT_00879
KAVANA_K_GOWDA,PAT_00879
MALVIKA_GAUTAM_PILLAI,PAT_00879
SRISHTI_TIWARI,PAT_00879
T_UTHAYAKUMAR,PAT_00880
GANESHA_G_C,PAT_00881
ZOYATAJ_S,PAT_00881
ANUSHA_B_S,PAT_00881
APOORVA_R,PAT_00881
SREENIDHI_N_Z,PAT_00881
SATISH_B_A,PAT_00881
DEEKSHITHA_ARASA,PAT_00881
RACHANA_M_H,PAT_00881
DR_BALAMURUGAN_M,PAT_00881
DR_ARJUNKUMAR_G_B,PAT_00881
DR_SUNDARAMAHALINGAM_A,PAT_00882
DR_PRATHIK_JAIN_S,PAT_00882
DR_SANKARALINGAM_L,PAT_00882
HEMANTH_S,PAT_00882
S_SRIRAM_BALAJI,PAT_00882
SHREYAS_K_S,PAT_00882
SYED_MOHIDUL_AMEEN,PAT_00882
AFREEN_NIZAMI,PAT_00883
DR_P_S_SHIVAKUMAR_GOUDA,PAT_00883
ABHISHEK,PAT_00883
BASAVAKUMAR,PAT_00883
DEEKSHITH_KUMAR_S,PAT_00883
YASHAS_K_A,PAT_00883
MS_FAREEN_NIZAMI,PAT_00883
DR_JASTI_ANURAG,PAT_00884
DR_JADAM_THRINADH,PAT_00884
DR_RUDRESH_M,PAT_00885
MAITHRI_K,PAT_00885
KRISHIKA_VENKATESH,PAT_00885
DR_ASHWIN_C_GOWDA,PAT_00885
DR_RAVIKUMAR_M,PAT_00885
DR_KRISHNAN_RANGARAJAN,PAT_00886
PROF_ARUNA_S,PAT_00886
DRARASWATHA,PAT_00887
KARUNYA_C,PAT_00887
BHAVYA_NAYAK,PAT_00887
PRANEEL_M,PAT_00887
FUZAIL_AHMED_KHAN,PAT_00887
JAMI_RAJESH,PAT_00888
PRATIKSHA_L_NAIK,PAT_00888
KRITHIKA_BOGUNUVA_BALAJI,PAT_00888
SHUBHAMSHRI_P_PATKAR,PAT_00888
VANDANA_Y,PAT_00888
DR_P_B_SAVITHA,PAT_00889
RANJITH_KUMAR_DASARI,PAT_00889
ARUNADEVI_M,PAT_00890
SRINATH_M_S,PAT_00890
VIVEK_BHANDARKAR_V_N,PAT_00890
VINAY_KUMAR_R,PAT_00890
MAHESH_G_S,PAT_00890
RUCHIK_M_A,PAT_00890
SIDDU_VARTHAR,PAT_00890
VISHNU_PRASAD_S,PAT_00890
P_KISHORE_GANDHI,PAT_00890
DR_RAHULKUMAR_J,PAT_00891
KIRAN_SANGAMESH_HATTALLI,PAT_00891
KIRAN_SHIVARAJ_HULIHALLI,PAT_00891
KUSHANTH_S_S,PAT_00891
KOUSHALYARAMA,PAT_00891
BHANU_REVATHI_K,PAT_00892
DR_SHINOMOL_GEORGE_K,PAT_00892
DR_AKSHATHA_PRASANNA,PAT_00892
DR_SWAPNIL_S_NINAWE,PAT_00892
DR_PAVITHRA_G,PAT_00892
DR_AKSHATHA_PRASANNA,PAT_00893
BHANU_REVATHI_K,PAT_00893
DR_KUSUMIKA_KRORI_DUTTA,PAT_00893
DR_SWAPNIL_S_NINAWE,PAT_00893
DR_PAVITHRA_G,PAT_00893
BIDISHASAIMANTINI_NAYAK,PAT_00894
SUMIT_SWAIN,PAT_00894
MADHAB_CHANDRA_TRIPATHY,PAT_00894
DR_PRIYA_A_HOSKERI,PAT_00895
DR_C_M_JOSEPH,PAT_00895
MS_SANJANA_SHANKAR,PAT_00896
MRS_H_D_APARNA,PAT_00896
DR_ARCHANA_NANDIBEWOOR,PAT_00896
MR_ANIL_D,PAT_00896
MRS_SANJANA_M_NAGARAJ,PAT_00896
DR_SABA_TAHSEEN,PAT_00896
MS_NAVYA_SK,PAT_00896
MRS_SANJANA_M_NAGARAJ,PAT_00897
MR_ANIL_D,PAT_00897
DR_ARCHANA_NANDIBEWOOR,PAT_00897
MRS_H_D_APARNA,PAT_00897
MS_NAVYA_SK,PAT_00897
DR_SABA_TAHSEEN,PAT_00897
MS_SANJANA_SHANKAR,PAT_00897
MRS_H_D_APARNA,PAT_00898
MRS_SANJANA_M_NAGARAJ,PAT_00898
MR_ANIL_D,PAT_00898
DR_SABA_TAHSEEN,PAT_00898
DR_ARCHANA_NANDIBEWOOR,PAT_00898
MS_SANJANA_SHANKAR,PAT_00898
MS_NAVYA_SK,PAT_00898
DR_M_BALAMURUGAN,PAT_00899
DR_ARJUN_KUMAR_GB,PAT_00899
MR_VENU_M,PAT_00899
MR_ABHISHEK_T_BANAKAR,PAT_00899
MR_SHARANABASAVA,PAT_00899
DR_GANESHA_G_C,PAT_00899
DR_N_RAGHU,PAT_00899
DR_ARJUN_KUMAR_G_B,PAT_00900
DR_M_BALAMURUGAN,PAT_00900
MS_SUMANGALA_POLICE_PATIL,PAT_00900
MS_VIJAYALAXMI_SIDDAPPA_KARJAGI,PAT_00900
MS_SINDHU_NAIDU_K,PAT_00900
MS_SRUSHTI_D_P,PAT_00900
DR_GANESHA_G_C,PAT_00900
DR_VN_TRUPTI,PAT_00900
DR_RUDRESH_M,PAT_00901
DHRUV_KHANNA,PAT_00901
RISHIKA,PAT_00901
SAURAV_KUMAR,PAT_00901
YAJAT_KANASKAR,PAT_00901
DR_S_MADHANKUMAR,PAT_00902
DR_GEETHA_N_K,PAT_00902
DR_RAMYA_R_S,PAT_00903
DR_SANTANU_ROY,PAT_00903
DR_PUSHPA_C_N,PAT_00903
SRIVATHSA_BHAT,PAT_00903
SOURABH_S_BETTAD,PAT_00903
SUPREETH_DEVARUSHI,PAT_00903
VASUDEV_J_B,PAT_00903
PROF_SOUMYA_PATIL,PAT_00904
V_V_S_LOHITH,PAT_00904
YASHWIN_M,PAT_00904
SYED_ASHRAF_GUFRAN,PAT_00904
S_LAKSHMAN_SAI_NITHYA_SANTHOSH,PAT_00904
PROF_PRUTHVI_C_N,PAT_00905
MONISHA_R,PAT_00905
SUFIYA_SARWATH,PAT_00905
SUPRIYA_R,PAT_00905
YASEEN_AHMED_KHAN,PAT_00905
HARPREET_KAUR_THIND,PAT_00905
V_SHRIYATHA,PAT_00906
GAGANA_H_R,PAT_00906
DR_SUMA_V,PAT_00906
PROF_POORNIMA_D,PAT_00906
SHOBHA_N,PAT_00906
PROF_SWATHI_B_V,PAT_00906
NAYANA_SHINDE,PAT_00906
PROF_LEELAVATHI_R,PAT_00906
V_SHRIYATHA,PAT_00907
PROF_POORNIMA_D,PAT_00907
PROF_SWATHI_B_V,PAT_00907
PROF_LEELAVATHI_R,PAT_00907
SHOBHA_N,PAT_00907
DR_SUMA_V,PAT_00907
NAYANA_SHINDE,PAT_00907
MOHAMMAD_YASIN,PAT_00908
DR_SUMA_V,PAT_00908
PROF_POORNIMA_D,PAT_00908
SHOBHA_N,PAT_00908
PROF_SWATHI_B_V,PAT_00908
NAYANA_SHINDE,PAT_00908
PROF_LEELAVATHI_R,PAT_00908
MS_SWETTI_JHA,PAT_00909
DR_RAMARAJU_H_K,PAT_00909
MS_SOUMYA_H_N,PAT_00909
MS_VIDYASHREE_JC,PAT_00909
MR_VINOD_H_C,PAT_00909
HARSHITHA_M,PAT_00910
VIDYASHREE_JC,PAT_00910
SWETTI_JHA,PAT_00910
H_K_RAMARAJU,PAT_00910
B_R_MANJUNATHA,PAT_00910
DR_SMITHA_SASI,PAT_00911
DR_SANTHOSH_B,PAT_00911
DR_VINDHYA_P_MALAGI,PAT_00911
SHAHEDHADEENNISA_S,PAT_00911
DHANUSH_D_B,PAT_00911
DR_SMITHA_SASI,PAT_00912
DR_SANTHOSH_B,PAT_00912
DR_VINDHYA_P_MALAGI,PAT_00912
DR_RESHMA_S,PAT_00912
DR_ANITHA_SURESH,PAT_00912
DR_SURESH_KUMAR_M,PAT_00912
DHANUSH_D_B,PAT_00912
DRRAJESWARI_P,PAT_00913
DR_SMITHA_SASI,PAT_00913
DHANUSH_D_B,PAT_00913
MS_SAI_S_JOSHI,PAT_00914
MS_VANI_N_DIXIT,PAT_00914
MS_MONICASHREE_M,PAT_00914
MS_SPOORTHI_M,PAT_00914
MS_PREETHI_LOKESH,PAT_00914
MS_GIRIJA_R,PAT_00914
MAHENDRA_KUMAR_B,PAT_00915
DR_ARPITHA_T,PAT_00916
DR_ANNAPURNA_D,PAT_00916
HARINIP,PAT_00916
SAI_LIKITH,PAT_00916
CHARAN_S,PAT_00916
KEERTI_PATIL,PAT_00916
PROF_SHASHANK_S,PAT_00917
DR_ANNAPURNA_D,PAT_00917
KEERTI_PATIL,PAT_00917
DR_ARPITHA_T,PAT_00917
SAKET_KUMAR,PAT_00917
PEEYUSH,PAT_00917
MUJTABA_SHAHID,PAT_00917
ANUPAM_RAJ,PAT_00917
DR_MADHURA_R,PAT_00918
DR_DINESHA_P,PAT_00918
DEEKSHITHA_ARASA,PAT_00919
SATISH_B_A,PAT_00919
RACHANA_M_H,PAT_00919
DR_SONI_M,PAT_00919
GANESH_G_C,PAT_00919
SYED_ZOHAIR_AMMAR,PAT_00919
SURESHKUMAR_KALURAM_CHOUDHARY,PAT_00919
SUPRIYA_NAYAK,PAT_00919
SURAJ_MUKHERJEE,PAT_00919
DR_SONI_M,PAT_00920
DR_SUVETHA_P_S,PAT_00920
KAVITHA_K,PAT_00920
AFROZ_PASHA,PAT_00920
DR_PRASAD_M_PUJAR,PAT_00921
DR_HARISH_H_KENCHANNAVAR,PAT_00921
DR_HEMA_KUMAR_CHANDRU,PAT_00922
DR_PRIYA_SAMPATH,PAT_00922
MS_BHOOMIKA_JAVALI_RAVICHANDRA,PAT_00922
MS_NAMRATHA_BADAMI,PAT_00922
MS_SHREYA_TAVAREKERE_SATISH,PAT_00922
MS_VIDHI_VIKRAM_MANDOTH,PAT_00922
DR_P_KARUPPASAMY,PAT_00923
DR_ARPITA_PAUL_CHOWDHURY,PAT_00924
DR_ANANTHARAJU_K_S,PAT_00924
DR_VIDYA_Y_S,PAT_00924
AISHWARYA_A,PAT_00924
DR_SURENDRA_B_S,PAT_00924
DR_ANANTHARAJU_K_S,PAT_00925
DR_ARPITA_PAUL_CHOWDHURY,PAT_00925
DR_VIDYA_Y_S,PAT_00925
AISHWARYA_A,PAT_00925
AISHWARYA_A,PAT_00926
DR_ANANTHARAJU_K_S,PAT_00926
DR_ARPITA_PAUL_CHOWDHURY,PAT_00926
DR_VIDYA_Y_S,PAT_00926
DR_SMRITHI_S_P,PAT_00927
MS_SANJANA_R,PAT_00927
DR_VINUTA_KAMAT,PAT_00927
DR_SURENDRA_B_S,PAT_00928
DR_CHETANA_M_V,PAT_00928
DR_NAVEEN_KUMAR_A,PAT_00928
DR_BHASKAR_M,PAT_00928
BASAVARAJU_N,PAT_00928
DR_ARPITA_PAUL_CHOWDHURY,PAT_00928
G_REVANASIDDESH_PATIL,PAT_00929
DR_NAVEEN_S_M,PAT_00929
DR_ARUNA_P,PAT_00929
DR_JOSEPH_C_M,PAT_00929
MR_RAVIKUMAR_S,PAT_00929
DR_TRUPTI_TAGARE,PAT_00929
DR_SHOBHA_K_R,PAT_00929
DR_MADHU_A,PAT_00930
DR_SRINATHA_N,PAT_00930
DR_GARA_DHEERAJ_KUMAR,PAT_00930
DR_PRADEEP_H_N,PAT_00930
MANJUNATHA_T,PAT_00930
YASRIB_QURISHI,PAT_00930
VENKATESH_PRASAD_V,PAT_00930
ALEN_PAUL,PAT_00930
ULLAS,PAT_00930
ANISHA_MANDAL,PAT_00930
DR_NAMRATA_YADUVANSHI,PAT_00931
KRUTHIKA_S,PAT_00932
NISHEVITHAA_GAYATRI_T_S,PAT_00932
SHREYA_SUBODHA,PAT_00932
DR_NSRIRAAM,PAT_00932
DR_PRAJWAL_PRABHU,PAT_00932
PROF_SEEMA_APARAJ,PAT_00933
DR_R_JAYANTHI,PAT_00933
DR_PAVITHRA_G_SHETTY,PAT_00933
PROF_RAKSHA_KONDAD_R,PAT_00933
DR_SAMITHA_KHAIYUM,PAT_00933
DR_GEETHA_N_K,PAT_00934
DR_S_MADHANKUMAR,PAT_00934
DR_RAJESHWARI_J,PAT_00935
VIDYA_G_BYAKOD,PAT_00935
REKHA_JAYARAM,PAT_00935
DR_LATHA_A_P,PAT_00935
BINDU_BHARGAVI_S_M,PAT_00935
AKASH_G_S,PAT_00935
ARUN_B_Y,PAT_00935
ANIL_KUMAR_V_KALI,PAT_00935
HIMANSHU_B_A,PAT_00935
DR_VAIDEHI_M,PAT_00936
AMAN_AGARWAL,PAT_00936
DR_CHANDRAKALA_B_M,PAT_00937
DR_RESHMA_J,PAT_00937
DR_LATHA_ANUJ,PAT_00937
DR_MADHURA_J,PAT_00937
KEERTHI_B,PAT_00937
ANUSHA_R,PAT_00937
SAI_BHARGAVA_S,PAT_00937
MRS_SHALINI_K_B,PAT_00937
YUKTHA_P_S,PAT_00938
VARSHA_H,PAT_00938
SPOORTHI_GOWDA_U,PAT_00938
DR_SANTOSH_ANAND,PAT_00938
PROF_SHASHANK_S,PAT_00939
DR_ANNAPURNA_D,PAT_00939
ARPITHA_T,PAT_00939
KEERTI_PATIL,PAT_00939
ADITI_RANI,PAT_00939
SV_SRINIDHI_REDDY,PAT_00939
LAKSH_PANKAJKUMAR_SINGHVI,PAT_00940
SARVAGYA_CHATURVEDI,PAT_00940
TANISHQ_KHETWAL,PAT_00940
KEERTI_PATIL,PAT_00940
ARPITHA_T,PAT_00940
PROF_SHASHANK_S,PAT_00940
JAMI_RAJESH,PAT_00941
NAKKA_JAYARAM,PAT_00941
PULAVARTHI_SATYA_VENKATA_KISHORE,PAT_00941
DR_SWAPNIL_S_NINAWE,PAT_00942
DR_PAVITHRA_G,PAT_00942
NIRMALA_Y_N,PAT_00942
MICHELLE_DAVID,PAT_00942
AMAN_KUMAR,PAT_00942
LALIT_YADAV_SM,PAT_00942
PROF_PADMAVATHI_M,PAT_00942
DR_NAVEEN_S_M,PAT_00942
DR_ARUNA_P,PAT_00942
DR_RAMYA_R_S,PAT_00942
DR_G_MANIKANTA,PAT_00943
DR_ANUBHAV_KUMAR_PANDEY,PAT_00943
DR_SUMANA_S,PAT_00943
TARUN,PAT_00943
VIKAS_GOWDA_N_S,PAT_00943
VINAY_G_M,PAT_00943
DR_PRIYANSHU_KUMAR,PAT_00943
DR_SUPRIYA_J,PAT_00943
DR_SWAPNIL_S_NINAWE,PAT_00944
DR_PAVITHRA_G,PAT_00944
APOORVA_N_K,PAT_00944
JANANI_SHASHI_KUMAR,PAT_00944
KRUTIKA_S_GANPUR,PAT_00944
SNEHA_CHATTER,PAT_00944
DR_PAVITHRA_G,PAT_00945
DR_SWAPNIL_S_NINAWE,PAT_00945
VARSHITH_RAJ_CR,PAT_00945
VARUN_RAJ_C_R,PAT_00945
DR_SWAPNIL_S_NINAWE,PAT_00946
DR_PAVITHRA_G,PAT_00946
PROF_PADMAVATHI_M,PAT_00946
AISHWARYA_B,PAT_00946
BHAVANA_S,PAT_00946
CHAITHRA_N,PAT_00946
CHANDANA_M,PAT_00946
DR_AKSHATHA_PRASANNA,PAT_00946
DR_NAMRATA_YADUVANSHI,PAT_00946
ANJANA_JOSHI,PAT_00946
DR_PALLAVI_KULKARNI,PAT_00947
PADMAVATHI_S,PAT_00947
DR_TRIPTI_R_KULKARNI,PAT_00947
DR_DILIP_KUMAR_JANG_BAHADUR_SAINI,PAT_00947
PADMAVATHI_S,PAT_00948
DR_MOHAMMED_TAJUDDIN,PAT_00948
KAVYA_A,PAT_00948
SAHANA_M_P,PAT_00948
VIDYASHREE_J_C,PAT_00949
SWETTI_JHA,PAT_00949
HARSHITHA_M,PAT_00949
DR_R_SHANTHI_V,PAT_00949
DR_H_K_RAMARAJU,PAT_00949
DR_B_R_MANJUNATH,PAT_00949
RAGHAVENDRA_H_N,PAT_00950
RAGHAVENDRA_PRAJWAL_H_S,PAT_00950
SANJEEV_T_P,PAT_00950
ASHWINI_SATHYNARAYANA,PAT_00950
DR_GEETHA_L,PAT_00950
ASHWINI_SATHYNARAYANA,PAT_00951
DR_GEETHA_L,PAT_00951
RAGHAVENDRA_H_N,PAT_00951
RAGHAVENDRA_PRAJWAL_H_S,PAT_00951
VIBHASHREE_N,PAT_00951
SANJEEV_T_P,PAT_00951
DR_RAMYA_R_S,PAT_00952
DR_SAMYAMA_GUNJAL_G_H,PAT_00952
DR_PAVITHRA_G,PAT_00952
DR_SWAPNIL_S_NINAWE,PAT_00952
AMITH_KUMAR_A,PAT_00952
ABHINAVA_P,PAT_00952
AKASH_NAIK,PAT_00952
AKASH_L,PAT_00952
DR_RAMYA_R_S,PAT_00953
DR_SAMYAMA_GUNJAL_G_H,PAT_00953
DR_ANUSHA_PREETHAM,PAT_00953
DR_PAVITHRA_G,PAT_00953
DR_SWAPNIL_S_NINAWE,PAT_00953
AKASH_ASHOK_NAYAK,PAT_00953
GURUPRASAD_RACHAYYA_HIREMATH,PAT_00953
RASHMI_S_R,PAT_00954
DR_ANUSHA_PREETHAM,PAT_00954
C_MANASA,PAT_00954
DR_MADHU_A,PAT_00955
DR_SRINATHA_N,PAT_00955
DR_PRADEEP_H_N,PAT_00955
M_DHAKSHEE,PAT_00955
PALYAM_VARSHITHA_ANAND,PAT_00955
VASUNDRA_N,PAT_00955
YASHASWINI_ARVIND,PAT_00955
DR_SHASHANK_A_TIDKE,PAT_00956
DR_VIDYA_G,PAT_00956
DR_N_RAJESWARI,PAT_00956
RAVINDRA_B_N,PAT_00956
PURURAVA_H,PAT_00956
ADWAITH_M_V,PAT_00956
SHASHANK_A_TIDKE,PAT_00957
VIDYA_G,PAT_00957
N_RAJESWARI,PAT_00957
K_S_ANANTHARAJU,PAT_00957
RAVINDRA_B_N,PAT_00957
APARNA_M,PAT_00957
DINESH_S_REDDY,PAT_00957
DR_S_MADHANKUMAR,PAT_00958
DR_GEETHA_N_K,PAT_00958
DR_T_VIGNESH,PAT_00958
MRS_KEERTI_PATIL,PAT_00959
DR_PALLAVI_KULKARNI,PAT_00959
DR_C_VINOTHINI,PAT_00959
DR_ANUSHA,PAT_00959
DR_S_KEERTHI,PAT_00959
MRS_APARNA_M,PAT_00959
MRS_SANDHYA_K,PAT_00959
MRS_RASHMI_V_K,PAT_00959
DAYANANDA_SAGAR_COLLEGE_OF_ENGINEERING,PAT_00960
PASUMARTHI_USHA,PAT_00960
AJAY_KUMAR,PAT_00960
SUGANTHI_NEELAGIRI,PAT_00960
HARSHITHA,PAT_00960
KAVITHA_K,PAT_00960
K_CHETHANA,PAT_00960
SRIDEVI_H_R,PAT_00960
DR_K_G_HEMALATHA,PAT_00960
H_D_THANUSHREE,PAT_00960
DR_ROSE_BINDU_JOSEPH_P,PAT_00961
DR_A_GEORGE_MARIA_SELVAM,PAT_00961
DRRDHINESHBABU,PAT_00961
DAYANANDA_SAGAR_COLLEGE_OF_ENGINEERING,PAT_00962
DR_KALLUGUDI_VARI_NAGAMANI,PAT_00962
DR_RADHA_GUPTA,PAT_00962
DR_SOUBHAGYA_BADDI,PAT_00962
MS_KOMALA_C_S,PAT_00962
DR_MANJUNATH_B_E,PAT_00962
DR_AMRUTHALAKSHMI_M_R,PAT_00962
DR_M_PREMKUMAR,PAT_00963
DR_R_SOWMYA,PAT_00963
PKM_SUSTAINABLE_TECH_SOLUTIONS,PAT_00963
N_SRIRAAM,PAT_00964
RAKSHITA_PRIYA,PAT_00964
SHRUSTI_MATHPATI,PAT_00964
PRARTHANA_NAVEEN_BENAKAPPA,PAT_00964
SURYA_KIRAN_C_M,PAT_00964
NAVEEN_T_S,PAT_00964
DR_NANDINI_A_PATTANASHETTI,PAT_00965
BHOOMIKA_H_A,PAT_00965
KESHAV,PAT_00965
HARSHA_VARDHANA,PAT_00965
DR_JAGADEESH_N_M,PAT_00965
DR_SUNIL_KUMAR_Y_C,PAT_00965
DR_BASAVARAJ_S_SANNAKASHAPPANAR,PAT_00965
DAYANANDA_SAGAR_ACADEMY_OF_TECHNOLOGY_AND_MANAGEMENT,PAT_00965
DAYANANDA_SAGAR_COLLEGE_OF_ENGINEERING,PAT_00965
DR_RAMESHA_H,PAT_00966
DR_KESHAVAMURTHY_R,PAT_00966
DRKAVITHA_K_S,PAT_00966
DRJ_SATHEESH_KUMAR,PAT_00966
PROF_G_S_MAHESH,PAT_00966
PROF_MADHAVA_MURTHY_M,PAT_00966
PROF_VINAYAKA_H_L,PAT_00966
DR_V_R_SRINIVASAN,PAT_00967
MR_R_VINAYAKUMAR,PAT_00967
DR_M_R_KAMESH,PAT_00967
MR_GIRISHKUMAR_G_S,PAT_00967
DIGVIJAY_NARAYAN_SINGH,PAT_00968
N_SRIRAAM,PAT_00968
ARUNA_P,PAT_00968
DIVYA_KUMARI,PAT_00968
SEEMA_SHARMA,PAT_00968
KRISHNAN_RANGARAJAN,PAT_00969
VINDHYA_P_MALAGI,PAT_00969
RAMESH_BABU_D_R,PAT_00969
N_SRIRAAM,PAT_00970
PRERANA_IYER_N,PAT_00970
KRUTHIKA_S,PAT_00970
SHREYA_SUBODHA,PAT_00970
ANUSHA_KS,PAT_00970
SNEHA_N_C,PAT_00970
PARVANI_BALARAJA,PAT_00970
P_KARUPPASAMY,PAT_00971
A_KARTHIKA,PAT_00971
PRIYA_S,PAT_00972
M_SENNAPPAN,PAT_00972
ASHITHA_B,PAT_00972
GANAVI_B,PAT_00972
CHENNEMKERIL_MATHEW_JOSEPH,PAT_00973
PATTIPATI_ARUNA,PAT_00973
THANGARAJ_UTHAYAKUMAR,PAT_00974
BHARATH_B_C,PAT_00975
MADHURA_J,PAT_00975
SHALINI_KB,PAT_00975
CHANDRAKALA_B_M,PAT_00975
R_ANIRUDH_BHARADWAJ,PAT_00975
GURUKIRAN_T_K,PAT_00975
NITHYA_SRI_MOHAN_MUDLIYAR,PAT_00975
SHREYA_S_JAIN,PAT_00975
RAVIKUMAR_S_R,PAT_00976
MANJUNATH_B_T,PAT_00976
N_SRIRAAM,PAT_00977
RAAMNATH_K,PAT_00977
SOHAN_NANDI,PAT_00977
P_KARUPPASAMY,PAT_00977
MANJUNATH_B_T,PAT_00978
PRADHYUMNNA_M_VASISTA,PAT_00978
N_SRIRAAM,PAT_00979
JIGYANS_K_M,PAT_00979
PURNIMA_B_R,PAT_00979
MADHURA_J,PAT_00980
BHARATH_BC,PAT_00980
SHALINI_KB,PAT_00980
CHANDRAKALA_BM,PAT_00980
KHUSHI_AGRAWAL,PAT_00980
ARPIT_SRIVASTAVA,PAT_00980
NAMAN_RAJ,PAT_00980
SHREYANSH_PATHAK,PAT_00980
P_KARUPPASAMY,PAT_00981
N_SRIRAAM,PAT_00981
RAAMNATH_K,PAT_00981
SOHAN_NANDI,PAT_00981
P_KARUPPASAMY,PAT_00982
AKARTHIKA,PAT_00982
NINGEGOWDA_B_M,PAT_00983
NITHESH_BHASKAR_N,PAT_00983
RANJITHA_R,PAT_00983
AMOGH_PANCHAMUKHI_H,PAT_00983
ANIKET_SINGH_YADAV,PAT_00983
AYUSH_RAJ,PAT_00983
TALIB_HUSSAIN,PAT_00983
MAHESH_KUMAR_SHETTY,PAT_00984
KARTHIK_K_V,PAT_00984
CHANDANA_K_R,PAT_00984
DR_MANJUNATH_BT,PAT_00985
MR_RAVIKUMAR_S_R,PAT_00985
ABHIK_ANANT,PAT_00985
KARAN_MAGARVADIYA,PAT_00985
JOHAAN_D_NOEL,PAT_00985
ELIAS_MANOJ,PAT_00985
JAYANTH_P,PAT_00985
MOHAMMED_YASIR_SHARIFF,PAT_00985
MANJUNATH_MUDDA,PAT_00986
SREEKANTH_H,PAT_00986
VADDI_REDDY_PRUTHVI_CHARAN_REDDY,PAT_00986
SUDEEP_S,PAT_00986
DR_KAVITHA_K_S,PAT_00987
DR_VIMALA_DEVI_J,PAT_00987
DR_PREETHI_P,PAT_00987
DR_KIRAN_A_GUPTA,PAT_00988
DR_PAVITHRA_G,PAT_00988
DR_SWAPNIL_SHANTARAM_NINAWE,PAT_00988
DR_SWAPNIL_S_NINAWE,PAT_00989
DR_PAVITHRA_G,PAT_00989
PROF_PADMAVATHI_M,PAT_00989
DR_RAMYA_R_S,PAT_00989
DR_KIRAN_A_GUPTA,PAT_00989
DRSTHENMOZHI,PAT_00990
N_K_VINAY_GOWDA,PAT_00990
HRUSHIKESH,PAT_00990
DRPVIMALA,PAT_00990
DR_K_JANANI,PAT_00991
DR_S_KEERTHI,PAT_00991
A_M_PRASAD,PAT_00991
DR_SHASHANK_A_TIDKE,PAT_00992
DR_VIDYA_G,PAT_00992
DR_MEERA,PAT_00992
DR_N_RAJESWARI,PAT_00992
POOJA_S,PAT_00992
G_MAYUR,PAT_00992
PRANAV_V,PAT_00992
RAGHAVENDRA_H_N,PAT_00993
RAGHAVENDRA_PRAJWAL_H_S,PAT_00993
SANJEEV_T_P,PAT_00993
ASHWINI_SATHYNARAYANA,PAT_00993
DR_GEETHA_L,PAT_00993
TUSHAR_KUDACHIMATH,PAT_00994
VISHAL_KRISHNA_BHAT_K,PAT_00994
HARNI_R,PAT_00994
ANUSHA_NEHAL,PAT_00994
CHETHAN_K_S,PAT_00994
EVITTAL,PAT_00994
C_MANISH_KUMAR,PAT_00994
DR_D_ANNAPURNA,PAT_00994
DR_SUMA_V,PAT_00994
DR_H_E_SHAHSHIDHAR,PAT_00994
DR_THANGARAJ_C,PAT_00995
DR_YOOKESH_TL,PAT_00995
DR_KEERTHIKA_KS,PAT_00995
DR_VALARMATHI_R,PAT_00995
DR_GEETHA_N_K,PAT_00995
DR_S_HEMA_PRIYADARSHINI,PAT_00996
DR_PRAJWAL_PRABHU,PAT_00996
MR_NAVEEN_T_S,PAT_00996
MR_ANUNAYAN_VEER,PAT_00996
MS_GOWRI_S_V,PAT_00996
MR_RAHUL_D_GOWDA,PAT_00996
MS_YASHASWINI_M,PAT_00996
DR_SUMANA_S,PAT_00997
JASLEEN_SINGH,PAT_00997
DR_G_MANIKANTA,PAT_00998
DR_ANUBHAV_KUMAR_PANDEY,PAT_00998
DR_MURALI_MATCHA,PAT_00998
ABHISHEK_YADAV,PAT_00998
KRISHANKANT_TEKCHANDANI,PAT_00998
SANDEEP_REDDY,PAT_00998
ARIHANT_SRIVASTAVA,PAT_00998
DR_PRIYANSHU_KUMAR,PAT_00998
DEEKSHITHA_ARASA,PAT_00999
SATISH_B_A,PAT_00999
RACHANA_M_H,PAT_00999
HARSHITHA_M,PAT_00999
MADHURITHU_T,PAT_00999
MOHAMMED_YOUSUF,PAT_00999
NIKHILESH_SINGH,PAT_00999
DIVYA_G_S,PAT_01000
B_S_HARSHAVARDHAN,PAT_01000
KRISHNA_SANKARSHAN_DASU,PAT_01000
DR_RUDRESH_M,PAT_01000
DR_NAVEEN_S_M,PAT_01001
DR_ARUNA_P,PAT_01001
DR_JOSEPH_C_M,PAT_01001
MR_RAVIKUMAR_S,PAT_01001
DR_TRUPTI_TAGARE,PAT_01001
DR_SHOBHA_K_R,PAT_01001
DR_V_R_SRINIVASAN,PAT_01002
MRVINAYAKA_HL,PAT_01002
DR_M_R_KAMESH,PAT_01002
MR_GIRISHKUMAR_G_S,PAT_01002
MR_VIJAYAKUMAR_NAGANNA_PATIL,PAT_01002
DR_RAJESH_S_M,PAT_01003
MRS_REENA_Y_A,PAT_01003
MR_VINAYAKUMAR_R,PAT_01003
MRS_RADHA_HALAGANI,PAT_01003
MR_G_K_VINAY_KUMAR,PAT_01003
DR_RAMESHA_H,PAT_01004
DR_SHANMUGANATHAN_S_P,PAT_01004
PROF_RAJASHEKAR_HOSALLI,PAT_01004
DR_RANJITHA_P,PAT_01004
DR_G_PADMAVATHI,PAT_01004
DR_AVILASHA_B_G,PAT_01004
PROF_VIJAYAKUMAR_NAGANNA_PATIL,PAT_01004
P_SUDHAKAR,PAT_01005
S_B_MANJUNATH,PAT_01005
GOURAV_KUMAR,PAT_01005
ARUNADEVI_M,PAT_01005
VIVEK_BHANDARKAR_V_N,PAT_01006
ARUNADEVI_M,PAT_01006
MAHESH_G_S,PAT_01006
KRANTIKUMAR_KSHAURAD,PAT_01006
DR_M_K_VENKATESH,PAT_01006
PROF_GOVINDARAJU_H,PAT_01006
SUJAN_R,PAT_01006
SANTOSH_PATIL,PAT_01006
TEJAS_B_R,PAT_01006
VISHNU_PRASAD_M,PAT_01006
DEENADAYALAN_GANAPATHI,PAT_01007
DR_JOSHUVA_AROCKIA_DHANRAJ,PAT_01007
DR_SOLOMON_JENORIS_MUTHIYA,PAT_01007
BHARATH_T_S,PAT_01008
DR_RAKESH_M,PAT_01008
DR_DIVYA_C_D,PAT_01008
PROF_ABHINAV_R_B,PAT_01009
PROF_SHAHEDHADEENNISA_S,PAT_01009
DR_NAGENDRA_J,PAT_01010
SAMEIA_SUHA,PAT_01011
SANDHYA_K,PAT_01011
PRUTHVI_C_N,PAT_01011
SHAHEDHADEENNISA_S,PAT_01011
DR_RAMYA_R_S,PAT_01012
ANITHA,PAT_01012
B_SATHVIKA_REDDY,PAT_01012
JYOTHIKA_LAKHSMI_M,PAT_01012
N_SHREYA_SAI,PAT_01012
VRINDA_B_S,PAT_01012
DR_CHANDRAKALA_B_M,PAT_01013
REKHA_JAYARAM,PAT_01013
BINDU_BHARGAVI_S_M,PAT_01013
DR_VAIDEHI_M,PAT_01014
CHANDANA_G,PAT_01014
DISHA_N_G,PAT_01014
LOCHAN_T_N,PAT_01014
REKHA_JAYARAM,PAT_01015
DR_LATHA_A_P,PAT_01015
MADHAVARAM_SWAPNA,PAT_01015
VIJETHA,PAT_01015
DR_VAIDEHI_M,PAT_01016
VAIBHAV_MAGADUM,PAT_01016
SAHAJ_GUPTA,PAT_01016
SHRAVYA_R,PAT_01016
SHARADHI_HEGDE,PAT_01016
DR_LATHA_AP,PAT_01017
DR_RAJESHWARI_J,PAT_01017
DR_CHANDRAKALA_BM,PAT_01017
PROF_REKHA_JAYARAM,PAT_01017
PROF_BINDU_BHARGAVI,PAT_01017
PALLAVI_K,PAT_01017
SATISH_B_A,PAT_01018
DEEKSHITHA_ARSA,PAT_01018
GANESHA_G_C,PAT_01018
DR_SHARATH_KUMAR_Y_N,PAT_01018
RACHANA_M_H,PAT_01018
DEVARAJU_RAMAKRISHNA,PAT_01019
VINOD_KUMAR_AGRAWAL,PAT_01019
NITHESH_BHASKAR_N,PAT_01019
VINOD_B_DURDI,PAT_01019
PUSHPA_B_R,PAT_01019
MOHAMMAD_SHAHID,PAT_01020
DR_SUMA_V,PAT_01020
PROF_POORNIMA_D,PAT_01020
NAYANA_SHINDE,PAT_01020
DR_SHOBHA_N,PAT_01021
DR_SUMA_V,PAT_01021
DR_RAJESHWARI_JANTHAKAL,PAT_01021
POORNIMA_D,PAT_01021
GAGANA_H_R,PAT_01022
V_SHRIYATHA,PAT_01022
SRUJANA_D_V,PAT_01022
THRISHA_C_S,PAT_01022
RANJITHA_M,PAT_01022
MEGHA_KARIL,PAT_01022
V_SHRIYATHA,PAT_01023
DR_SUMA_V,PAT_01023
DR_VINOD_H_C,PAT_01023
SHOBHA_N,PAT_01023
PROF_POORNIMA_D,PAT_01023
NAYANA_SHINDE,PAT_01023
VIDYASHREE_J_C,PAT_01024
HARSHITHA_M,PAT_01024
SRIDHAR_H_N,PAT_01025
DR_SHIVA_KUMAR_G,PAT_01025
DR_H_K_RAMARAJU,PAT_01025
DR_MOHAN_DAS_A_N,PAT_01026
SOHAN_M,PAT_01026
DR_HASEEBUDDIN_M_R,PAT_01026
KARTHIK_R_V,PAT_01026
MADHUSUDAN_M,PAT_01026
DR_M_K_VENKATESH,PAT_01026
DR_VIVEK_BHANDARKAR_V_N,PAT_01026
GOVINDARAJU_H,PAT_01026
HARPREET_KAUR_THIND,PAT_01027
SHIVAKUMAR_NYAMGOUD,PAT_01027
SHREESHAIL_APPASAB_KOHALLI,PAT_01027
SHARAN_M_NURANDEVARMATH,PAT_01027
VALMIKI_VIJAYA_KUMARA,PAT_01027
PRUTHVI_C_N,PAT_01027
HEMANTH_UPPALA,PAT_01027
N_SRIRAAM,PAT_01028
VARCHAS_SHETLUR,PAT_01028
ANUSHA_NANDAKUMAR_POOJARY,PAT_01028
HARSHITHA_MADANGERI,PAT_01028
DIGVIJAY_NARAYAN_SINGH,PAT_01028
NAVEENA_BETTAHALLI_ESWAREGOWDA,PAT_01029
PRAVEEN_KUMAR_MELLAHALLI_VASANTHARAJU,PAT_01029
SOLOMON_JENORIS_MUTHIYA,PAT_01029
MAHESH_BELIJAGALI_RAMASWAMY,PAT_01029
NANDAKUMAR_MANDYA_BASAVARAJU,PAT_01029
YOGESH_KUMAR_SHIVA,PAT_01029
BHARGAV_VENKATA_RAMANA_SWAMY,PAT_01029
DR_M_DINAMANI,PAT_01030
DR_H_N_SOWMYA,PAT_01030
DR_NEETHU_URS,PAT_01030
DR_NAGAMANI_KT,PAT_01030
DR_MAHESH_BELIJAGALI_RAMASWAMY,PAT_01031
KAVYA_JAMMANAHALLI_THIMMAPPA,PAT_01031
DR_NANDAKUMAR_MANDYA_BASAVARAJU,PAT_01031
DR_NAVEENA_BETTAHALLI_ESWAREGOWDA,PAT_01031
DR_SOLOMON_JENORIS_MUTHIYA,PAT_01031
DR_DIVYA_GURKAR_SOMASHEKAR,PAT_01031
DR_PUNEETH_N_P,PAT_01031
K_SHIVARANJAN_SUNILKUMAR,PAT_01031
YASHASWINI_MAHADEVAIAH,PAT_01031
DR_NANDAKUMAR_MANDYA_BASAVARAJU,PAT_01032
DR_DINESHA_P,PAT_01032
SRINIDHI_SHETTY,PAT_01032
ANNARAO,PAT_01032
MURGENDRA_N,PAT_01032
SHRIKANTHA,PAT_01032
DR_MAHESH_BELIJAGALI_RAMASWAMY,PAT_01032
KAUSHIK,PAT_01032
DR_NAVEENA_BETTAHALLI_ESWAREGOWDA,PAT_01032
DR_PUNEETH_N_P,PAT_01032
DIVYA_G_S,PAT_01033
ABHILASH_NAIK_R,PAT_01033
ROHAN_GODWIN,PAT_01033
DURGA_PRASAD_L,PAT_01033
PRATHAM_BS,PAT_01033
DR_SOLOMON_JENORIS_MUTHIYA,PAT_01033
DR_NAVEEN_B_E,PAT_01033
DR_MAHESH_B_R,PAT_01033
DR_NANDAKUMAR_M_B,PAT_01033
DR_KUSUMIKA_KRORI_DUTTA,PAT_01034
PROF_ENSTEIH_SILVIA,PAT_01034
PROF_KAVYA_D_N,PAT_01034
DR_S_POORNIMA,PAT_01034
PROF_KEHKESHAN_JALLAL,PAT_01034
DR_JASTI_ANURAG,PAT_01035
DR_MOUMITA_TEWARY,PAT_01035
DR_ANWESA_MOHANTY,PAT_01035
DR_PRATHIK_JAIN_S,PAT_01036
DR_SUNDARAMAHALINGAM_A,PAT_01036
DR_HAREESHA_N_G,PAT_01036
DR_RUDRESH_M,PAT_01036
SANATH_S,PAT_01036
ABHISHEK_J,PAT_01036
HARSHITH_G_HAGALAWADI,PAT_01036
DR_SUNDARAMAHALINGAM_A,PAT_01037
DR_PRATHIK_JAIN_S,PAT_01037
DR_SANKARALINGAM_L,PAT_01037
PUNEET_S,PAT_01037
DARSHAN_S,PAT_01037
FARHAN_MINAJ_KASIM,PAT_01037
SATHYA_SAI_SRINIVAS,PAT_01037
DR_ANNAPURNA_D,PAT_01038
PROF_SHASHANK_S,PAT_01038
SHARADA_KALAL,PAT_01038
VRUNDA_M,PAT_01038
SAMHITHA_G_H,PAT_01038
PROF_SHASHANK_S,PAT_01039
PROF_POORNIMA,PAT_01039
MANYA_SOHAN,PAT_01039
RISHITHA_SUHANI_D_SOUZA,PAT_01039
DR_THANGARAJ_C,PAT_01040
DR_GEETHA_N_K,PAT_01040
DR_VALARMATHI_R,PAT_01040
DR_VENKATESH_BABU_K_P,PAT_01040
MS_SWETTI_JHA,PAT_01041
DR_RAMARAJU_H_K,PAT_01041
HARSHITHA_M,PAT_01041
SPOORTHY_SS,PAT_01041
PROF_ALAMMA_B_H,PAT_01042
DR_T_RATHA_JAYALAKSHMI,PAT_01042
PROF_SMITHA_G_V,PAT_01042
DR_PAVITHRA_G_SHETTY,PAT_01042
DR_RAKSHITHA_KIRAN_P,PAT_01043
MS_RAKSHA_KODNAD_R,PAT_01043
DRRJAYANTHI,PAT_01043
DR_SAMITHA_KHAIYUM,PAT_01043
DRRJAYANTHI,PAT_01044
DR_RAKSHITHA_KIRAN_P,PAT_01044
DR_SAMITHA_KHAIYUM,PAT_01044
MS_RAKSHA_KODNAD_R,PAT_01044
MS_RAKSHA_KODNAD_R,PAT_01045
DR_RAKSHITHA_KIRAN_P,PAT_01045
DR_SAMITHA_KHAIYUM,PAT_01045
DR_R_JAYANTHI,PAT_01045
DR_KUSUMIKA_KRORI_DUTTA,PAT_01046
DR_ARUNA_M_G,PAT_01046
DR_RESHMA_S,PAT_01046
DR_SARITA_KUMARI,PAT_01046
PROF_RAMYA_K,PAT_01046
DR_KUSUMIKA_KRORI_DUTTA,PAT_01047
DR_VINDHYA_P_M,PAT_01047
DR_ANNAPURNA_PATIL,PAT_01047
DR_HARSHA_KARAMCHANDANI,PAT_01047
NITHIN_KUMAR_N_R,PAT_01048
DR_DINESHA_P,PAT_01048
DR_MADHURA_R,PAT_01048
DR_PAVITHRA_G,PAT_01049
DR_SWAPNIL_S_NINAWE,PAT_01049
PROF_PADMAVATHI_M,PAT_01049
MALLIKARJUN,PAT_01049
RAVI_GORENTLA,PAT_01049
SUJAL_S_K,PAT_01049
YOGESH_DESAI,PAT_01049
NIKITHA_KULASHRESHTHA,PAT_01050
SAMARTH_B_C,PAT_01050
DR_DEEPTHI_V_S,PAT_01050
DR_MOHAMMED_TAJUDDIN,PAT_01050
DR_DEEPTHI_V_S,PAT_01051
DR_MOHAMMED_TAJUDDIN,PAT_01051
MANASA_C,PAT_01051
DR_DHEERAJ_D,PAT_01051
DR_SHASHIDHAR_R,PAT_01051
SAMARTH_B_C,PAT_01052
NIKITHA_KULASHRESHTHA,PAT_01052
DR_DEEPTHI_V_S,PAT_01052
DR_MOHAMMED_TAJUDDIN,PAT_01052
DR_ANANTHARAJU_K_S,PAT_01053
DR_ARPITA_PAUL_CHOWDHURY,PAT_01053
DR_VIDYA_Y_S,PAT_01053
DR_ARPITA_PAUL_CHOWDHURY,PAT_01054
DR_ANANTHARAJU_K_S,PAT_01054
DR_VIDYA_Y_S,PAT_01054
AISHWARYA_A,PAT_01054
DR_RUDRESH_M,PAT_01055
MS_NISHCHITHA_M_H,PAT_01055
DR_PRASHANTH_K_P,PAT_01055
DR_RAVIKUMAR_M,PAT_01055
DR_SURENDRA_B_S,PAT_01056
DR_BHASKAR_M,PAT_01056
DR_KIRAN_T,PAT_01056
DR_HC_ANANDA_MURTHY,PAT_01056
DR_PRASHANTH_T,PAT_01056
DR_TAN_KAR_BAN,PAT_01056
DR_RUDRESH_M,PAT_01056
DR_DEEPA_H_A,PAT_01057
DR_HEMAVATHI_B,PAT_01057
JOHAR_R_ATHIGIRI,PAT_01057
M_G_SHASHANK,PAT_01057
SAHANA_M,PAT_01057
MANASI_V_PRASAD,PAT_01057
DR_JAGANNATHAN_KRISHNAN,PAT_01057
T_UTHAYAKUMAR,PAT_01058
DRARASWATHA,PAT_01059
BHMONISH,PAT_01059
KAVYA_A,PAT_01059
KHUSHI_MS,PAT_01059
GAGAN_MK,PAT_01059
DR_MEHARUNNISA_SP,PAT_01060
ANJANA_JOSHI,PAT_01060
MOHAMMED_MUSTAFA_RAZA,PAT_01060
KRISHNA_MOHAN_VSS,PAT_01060
SUPREETHA_K,PAT_01061
SHUBHAM_SHIRALKAR,PAT_01061
PURURAVA_H,PAT_01061
DR_PRIYA_S,PAT_01062
MITHALI_KISHORE_RAO,PAT_01062
DR_KRISHNAN_RANGARAJAN,PAT_01063
DR_PREETHIP,PAT_01064
DRKAVITHA_K_S,PAT_01064
PROF_MUQUITHA_ALMAS,PAT_01064
DR_KRISHNAN_RANGARAJAN,PAT_01065
DR_D_R_RAMESH_BABU,PAT_01066
MANASVINI_S,PAT_01066
TEEKSHA_HARISH,PAT_01066
DR_SHOBANA_PADMANABHAN,PAT_01067
GOOTY_ZEBA_FATHIMA,PAT_01067
DR_MADHU_A,PAT_01068
DR_SRINATHA_N,PAT_01068
DR_MOHAMED_ZIKRIYA,PAT_01068
PRADEEP_H_N,PAT_01068
JOSEPHINE_PRINCY_T_R,PAT_01068
M_SAI_SHRIYA,PAT_01068
POOJA_S,PAT_01068
BIPIN_ROHAN,PAT_01068
DR_ARUNA_P,PAT_01069
DR_NAVEEN_S_M,PAT_01069
DR_JOSEPH_C_M,PAT_01069
MR_RAVIKUMAR_S,PAT_01069
DR_TRUPTI_TAGARE,PAT_01069
DR_SHOBHA_K_R,PAT_01069
DR_RAJESHWARI_J,PAT_01070
DR_PRATHIMA_MABEL_J,PAT_01070
VIBHA_SHANKAR_RAO,PAT_01070
SWEEDEL_RODRIGUES,PAT_01070
SAKSHI_SHETTY,PAT_01070
TELI_MUSHERA,PAT_01070
DR_CHANDRAKALA_B_M,PAT_01071
DR_MADHURA_J,PAT_01071
SHALINI_K_B,PAT_01071
BHARATH_BC,PAT_01071
MADHAVARAM_SWAPNA,PAT_01071
VIDYA_G_BYAKOD,PAT_01071
DEVARAJU_RAMAKRISHNA,PAT_01072
VINOD_KUMAR_AGRAWAL,PAT_01072
DR_SRIVIDYA_B_V,PAT_01073
MRS_NAGARATHNA,PAT_01073
DR_A_R_ASWATHA,PAT_01073
DR_PUSHPA_B_R,PAT_01074
DR_DEVARAJU_R,PAT_01074
PRAJWALA_P,PAT_01074
PRITI_PRASAD_P,PAT_01074
DR_M_PREMKUMAR,PAT_01075
MR_VIGNESH,PAT_01075
MR_OMKAR_M_NAIK,PAT_01075
MR_SUDEEP_K,PAT_01075
MR_SURAJ_M_WALIKAR,PAT_01075
DR_M_PREMKUMAR,PAT_01076
MR_RAKSHIT_ANAND_MOKTALI,PAT_01076
MR_SRUJAN_S_KASHYAP,PAT_01076
MR_PUNITH_KUMAR_S_M,PAT_01076
MR_POOJTH_H_S,PAT_01076
DR_PAVITHRA_G,PAT_01077
DR_SWAPNIL_S_NINAWE,PAT_01077
PROF_PADMAVATHI_M,PAT_01077
SUJITH_M_S,PAT_01077
EDWIN_C_DAISON,PAT_01077
SUDARSHAN_D_PAI,PAT_01077
MEHA_SHREE,PAT_01077
DR_MADHURA_R,PAT_01078
DR_MANASA_R,PAT_01078
DR_SATHVIK_S,PAT_01079
DR_SHASHI_RAJ_K,PAT_01079
DR_TRUPTI_S_TAGARE,PAT_01079
RAGHAVENDRA_PRAJWAL_HS,PAT_01079
NITIN_KUMAR,PAT_01079
SHAHAJI_PATIL,PAT_01079
TAHERA,PAT_01079
DR_GAUTAM,PAT_01079
DR_SHASHIDHAR_HALAGAPPA_ESWARAPPA,PAT_01079
DR_SUMA_V,PAT_01079
DR_SATHVIK_S,PAT_01080
DR_SHASHI_RAJ_K,PAT_01080
DR_TRUPTI_S_TAGARE,PAT_01080
RAGHAVENDRA_PRAJWAL_HS,PAT_01080
NITIN_KUMAR,PAT_01080
SHAHAJI_PATIL,PAT_01080
TAHERA,PAT_01080
DR_GAUTAM,PAT_01080
DR_SHASHIDHAR_HALAGAPPA_ESWARAPPA,PAT_01080
DR_SUMA_V,PAT_01080
GAGANA_H_R,PAT_01081
V_SHRIYATHA,PAT_01081
SRUJANA_D_V,PAT_01081
THRISHA_C_S,PAT_01081
RANJITHA_M,PAT_01081
MEGHA_KARIL,PAT_01081
DR_SHARON_CHRISTA,PAT_01082
APRAMEYA_BHARADWAJ,PAT_01082
C_V_BALAJI,PAT_01082
ROHAN_G,PAT_01082
VINEETH_NAKKA,PAT_01082
TANVI_THAKRE,PAT_01082
HIMANSHU_RAI,PAT_01082
DAVAN_C_REDDY,PAT_01083
KRISHNA_CHAITHANYA_S_N,PAT_01083
SHISHIR_HEBBAR,PAT_01083
DR_SUMA_V,PAT_01083
SHOBHA_N,PAT_01083
PROF_POORNIMA_D,PAT_01083
DR_SHIVA_KUMAR_G,PAT_01084
UJWAL_MS,PAT_01084
DR_H_K_RAMARAJU,PAT_01084
RAGHAVENDRA_H_N,PAT_01085
SANJEEV_T_P,PAT_01085
RAGHAVENDRA_PRAJWAL_H_S,PAT_01085
ASHWINI_SATHYNARAYANA,PAT_01085
DR_GEETHA_L,PAT_01085
SATHVIK_S,PAT_01086
SUMA_V,PAT_01086
VINOD_H_C,PAT_01086
H_K_RAMARAJU,PAT_01086
RAGHAVENDRA_PRAJWAL_HS,PAT_01086
TAHERA,PAT_01086
SHAHAJI_PATIL,PAT_01086
DR_GAUTAM,PAT_01086
DR_NEETHU_URS,PAT_01087
DR_R_SHANTHI_V,PAT_01087
MEGHASHREE_M,PAT_01087
TAHERA,PAT_01087
SAMIDHA_DHANAJI_GAVADE,PAT_01087
DR_MAHESH_BELIJAGALI_RAMASWAMY,PAT_01088
DR_NANDAKUMAR_MANDYA_BASAVARAJU,PAT_01088
DR_NAVEENA_BETTAHALLI_ESWAREGOWDA,PAT_01088
DR_SOLOMON_JENORIS_MUTHIYA,PAT_01088
DR_DIVYA_GURKAR_SOMASHEKAR,PAT_01088
DR_PUNEETH_N_P,PAT_01088
KAVYA_JAMMANAHALLI_THIMMAPPA,PAT_01088
NILAVALAGAN_MATHESWARAN,PAT_01088
DR_SANKARALINGAM_L,PAT_01089
DR_SUNDARAMAHALINGAM_A,PAT_01089
DRROSE_BINDU_JOSEPH_P,PAT_01090
MSSANDRA_JESTINE,PAT_01090
DR_RADHA_GUPTA,PAT_01090
MSV_SELVA_SHARMILA,PAT_01090
DRDRSASI_REKHA,PAT_01090
DR_SOWMYA_K,PAT_01090
MSKOMALA_CS,PAT_01090
MSPADMAJA_C,PAT_01090
MSSAVITHRI_H,PAT_01090
MSYAMUNA_B,PAT_01090
MADHUSUDAN_M,PAT_01091
SHANMUGANATAN_S_P,PAT_01091
NITHESH_BHASKAR_N,PAT_01091
MOHAN_DAS_A_N,PAT_01091
BINDHUSHREE_B_S,PAT_01091
VIJAYAKUMAR_N_PATIL,PAT_01091
AHOBAL_N,PAT_01091
KRANTIKUMAR_KSHAURAD,PAT_01091
K_R_SAI_AKSHAYA,PAT_01092
JANHAVI_G_V,PAT_01092
ARPITHA_S_RAO,PAT_01092
ANANYA_M,PAT_01092
SATISH_B_A,PAT_01092
DR_SUCHANA_MISHRA,PAT_01092
DAYANANDA_SAGAR_COLLEGE_OF_ENGINEERING,PAT_01093
DR_KIRAN_A_GUPTA,PAT_01093
DR_ROOPA_M,PAT_01093
DR_PAVITHRA_G,PAT_01093
DR_SWAPNIL_SHANTARAM_NINAWE,PAT_01093
DR_VAIDEHI_M,PAT_01094
ANEESH_KASHYAP,PAT_01094
BHARATH_N_J,PAT_01094
RAGHUVEER_AMBIGER,PAT_01094
SHREENIVAS_NAYAKAWADI,PAT_01094
PRASHANT_S_N,PAT_01094
DR_M_R_KAMESH,PAT_01095
MR_GIRISHKUMAR_G_S,PAT_01095
DR_V_R_SRINIVASAN,PAT_01095
DR_NINGE_GOWDABM,PAT_01095
MR_VIJAYAKUMAR_NAGANNA_PATIL,PAT_01095
MR_H_GOVINDARAJU,PAT_01095
MR_R_VINAYAKUMAR,PAT_01095
MRRAVI_RAJ,PAT_01095
P_TARAK,PAT_01095
MR_ROHIT_KULKARNI,PAT_01095
MR_SAHIL_SHET,PAT_01095
DR_HASEEBUDDIN_M_R,PAT_01096
VIVEK_JADHAV,PAT_01096
ADITYA_PEDNEKAR,PAT_01096
ADITYA_VANNE,PAT_01096
DAWAL_MALIK,PAT_01096
DR_MOHAN_DAS_A_N,PAT_01096
MR_GIRISHKUMAR_G_S,PAT_01097
DR_M_R_KAMESH,PAT_01097
DR_V_R_SRINIVASAN,PAT_01097
MR_GOVINDARAJU_H,PAT_01097
MR_VINAYAKUMAR_R,PAT_01097
MR_SHREYAS_G_V,PAT_01097
MR_SHRIKRISHNA_SHRIDHAR_UDUPI,PAT_01097
DR_V_R_SRINIVASAN,PAT_01098
DR_NITHESH_BHASKAR_N,PAT_01098
DR_M_R_KAMESH,PAT_01098
MR_GIRISHKUMAR_G_S,PAT_01098
MR_VIJAYAKUMAR_NAGANNA_PATIL,PAT_01098
MR_H_GOVINDARAJU,PAT_01098
MR_R_VINAYAKUMAR,PAT_01098
MS_HARSHITHA_M,PAT_01099
MRS_ASHWINI_GOWDA_H_B,PAT_01099
MRS_ANJU_E_M,PAT_01099
DR_MATHIALAGAN_SUMESH,PAT_01099
DR_CHRISTO_GEORGE,PAT_01099
DR_GAUTAM,PAT_01099
MR_NITIN_KUMAR,PAT_01099
DR_RAVINDRANATH_C,PAT_01099
DR_MARY_SUBAJA_CHRISTO,PAT_01099
NETHRA_S_SOMAREDDY,PAT_01100
DR_SHASHI_RAJ_K,PAT_01100
O_MAHESWAR_REDDY,PAT_01100
P_KUSHWANTH_SHIVA_RAMI_REDDY,PAT_01100
P_SUJEETHIRA,PAT_01100
KAVITA_S_GUDDAD,PAT_01100
KUMAR_P,PAT_01100
DR_DEEPA_N_P,PAT_01100
DR_SAPNA_P_J,PAT_01100
MADHUSUDAN_M,PAT_01101
NITHESH_BHASKAR_N,PAT_01101
VIJAYAKUMAR_N_PATIL,PAT_01101
MOHAN_DAS_A_N,PAT_01101
G_PADMAVATHI,PAT_01101
RAJASHEKHAR_HOSALLI,PAT_01101
HINDUSHREE_K_S,PAT_01101
CHAHAK_JAIN,PAT_01101
SYED_SHIHABUDDIN,PAT_01101
PRAKHAR_JAIN,PAT_01101
DR_ANITHA_SURESH,PAT_01102
KUMARI_PRANJAL,PAT_01102
DARSHIL_MAHRAUR,PAT_01102
DEVESH_CHANDRA,PAT_01102
DR_GB_ARJUN_KUMAR,PAT_01103
DR_M_BALAMURUGAN,PAT_01103
DR_VN_TRUPTI,PAT_01103
DR_N_RAGHU,PAT_01103
DR_DILEEP_REDDY_BOLLA,PAT_01103
DR_M_BALAMURUGAN,PAT_01104
DR_GB_ARJUN_KUMAR,PAT_01104
DR_N_RAGHU,PAT_01104
DR_VN_TRUPTI,PAT_01104
DR_DILEEP_REDDY_BOLLA,PAT_01104
ADVAITH_R_N,PAT_01105
DEEPA_N_P,PAT_01105
AAYUOSH_S_RAO,PAT_01105
SAPNA_P_J,PAT_01105
SHASHI_RAJ_K,PAT_01105
A_M_POORVIK,PAT_01105
SATISH_B_A,PAT_01106
DEEKSHITHA_ARASA,PAT_01106
SHARATH_KUMAR_Y_N,PAT_01106
GANESH_G_C,PAT_01106
RACHANA_M_H,PAT_01106
KAVITHA_K,PAT_01106
RAJATH_G_R,PAT_01106
DR_RAJESH_S_M,PAT_01107
MRS_REENA_Y_A,PAT_01107
DR_S_A_VASANTHA_KUMARA,PAT_01107
MR_VINAYAKUMAR_R,PAT_01107
MRS_RADHA_HALAGANI,PAT_01107
MR_G_K_VINAY_KUMAR,PAT_01107
MRSSUGANTHIN,PAT_01108
DR_SRINIVAS_BABU_P,PAT_01108
DRROSE_BINDU_JOSEPH_PDAYANANDA_SAGAR_COLLEGE_OF_ENGINEERING,PAT_01109
DRAGEORGE_MARIA_SELVAMSACRED_HEART_COLLEGEAUTONOMOUS,PAT_01109
DAYANANDA_SAGAR_COLLEGE_OF_ENGINEERING,PAT_01110
DR_PUSHA,PAT_01110
SATISH_BA,PAT_01110
DR_K_G_HEMALATHA,PAT_01110
DR_SUCHANA_MISHRA,PAT_01110
DR_SUGANTHI_NEELAGIRI,PAT_01110
DR_SHARATH_KUMAR_Y,PAT_01110
MS_DEEKSHITHA_A,PAT_01110
MS_RACHANA_M_H,PAT_01110
MR_GANESH_G_C,PAT_01110
VINAYAKA_H_L,PAT_01111
KARTHIK_M_A,PAT_01111
DR_NITHESH_BHASKAR_N,PAT_01111
DR_RAMASESHAN_S,PAT_01112
ANSHU_ABHINAV_NAYAK,PAT_01112
HARDEEP_SINGH,PAT_01112
OM_DIPAK_JAGTAP,PAT_01112
UMESH_MADALAGI,PAT_01112
DR_SUNDARAMAHALINGAM_A,PAT_01112
DR_RAMASESHAN_S,PAT_01113
DR_SUNDARAMAHALINGAM_A,PAT_01113
AGARWAL_HARSH,PAT_01113
S_SAMEED_PASHA,PAT_01113
SHREYANT_SWAMY,PAT_01113
ZAID_AHMED,PAT_01113
DR_SHOBHA_N,PAT_01114
DR_SUMA_V,PAT_01114
DR_SHASHIDHAR,PAT_01114
DR_PRIYA_A_HOSKERI,PAT_01114
DR_SHASHANK_A_TIDKE,PAT_01114
DR_DEEPA_H_A,PAT_01114
DR_MEENA_S,PAT_01114
DR_J_SATHEESH_KUMAR,PAT_01114
DR_SUMA_V,PAT_01115
DR_MEHARUNNISA_S_P,PAT_01115
DR_SHASHI_RAJ_K,PAT_01115
MRS_POORNIMA_D,PAT_01115
DR_BASAVARAJ_S_SANNAKASHAPPANAVAR,PAT_01115
DR_T_SUSHMA,PAT_01115
DR_MURUGENDRAYYA_M_HIREMATH,PAT_01115
DR_VINDYA_P_MALAGI,PAT_01115
DR_SRIVIDYA_B_V,PAT_01115
DR_SHASHIDHAR_HALAGAPPA_ESWARAPPA,PAT_01115
DR_KRANTIKUMAR_KSHAURAD,PAT_01116
DR_R_KESHAVAMURTHY,PAT_01116
DR_M_K_VENKATESH,PAT_01116
DR_RAMESHA_H,PAT_01116
DR_KAVITHA_K_S,PAT_01116
DR_VIVEK_BHANDARKAR_V_N,PAT_01116
DR_SUMA_V,PAT_01116
DR_MEHARUNNISA_S_P,PAT_01116
DR_NITHESH_BHASKAR,PAT_01116
DR_H_E_SHASHIDHAR,PAT_01116
DR_VINOD_B_DURDI,PAT_01117
DR_SIDDALINGAPPAGOUDA_BIRADAR,PAT_01117
DR_RAVIKANTI_SWETHA,PAT_01117
DR_PREETI_KHANWALKAR,PAT_01117
DR_SMITHA_SASI,PAT_01117
DR_SRIVIDYA_B_V,PAT_01117
NANDITHA_H_G,PAT_01118
PADMA_C_R,PAT_01118
KRISHANAN_BANDYOPADHYAY,PAT_01118
LIKHITH_L,PAT_01118
K_A_SHREE_VIGNESH,PAT_01118
NANDITHA_H_G,PAT_01119
PADMA_C_R,PAT_01119
NANDITHA_KRISHNA,PAT_01119
S_SANJANA,PAT_01119
KEERTHANA_BOOMPAG,PAT_01119
DR_A_R_ASWATHA,PAT_01120
DR_S_HEMA_PRIYADARSHINI,PAT_01120
PRAVEEN_B_S,PAT_01120
PROF_NAVEEN_T_S,PAT_01120
LAVANYA_B_M,PAT_01120
VRINDA_G_BHAT,PAT_01120
T_UTHAYAKUMAR,PAT_01121
DR_VIBHA_M_B,PAT_01122
DR_SAMITHA_KHAIYUM,PAT_01122
DR_CHANDRIKA_C_M,PAT_01122
DR_GEETHA_N_K,PAT_01123
DR_KIRTHIGA_M,PAT_01123
PROF_KUNAL_DEY,PAT_01124
DR_T_RATHA_JEYALAKSHMI,PAT_01124
DR_GOKUL_THANIGAIVASAN,PAT_01124
DRSAMITHA_KHAIYUM,PAT_01124
DR_P_THILLAI_ARASU,PAT_01124
DR_CHANDRIKA_M,PAT_01125
MR_PRAJWAL_SHELAR,PAT_01125
MS_RAKSHA_KODNAD_R,PAT_01125
MR_MAHENDRA_KUMAR_B,PAT_01125
DR_SAMITHA_KHAIYUM,PAT_01125
MR_KRUSHNA_CHANDRA_GOUDA,PAT_01125
DR_VIBHA_M_B,PAT_01125
MAHENDRA_KUMAR_B,PAT_01126
DR_R_JAYANTHI,PAT_01127
DR_V_SRINIVASAN,PAT_01127
DR_RAKSHITHA_KIRAN_P,PAT_01128
DR_SAMITHA_KHAIYUM,PAT_01128
DR_VIBHA_M_B,PAT_01128
DR_T_RATHA_JEYALAKSHMI,PAT_01129
PROF_ALAMMA_B_H,PAT_01129
PROF_SMITHA_G_V,PAT_01129
PAVANKUMAR_VISHNU_NAIK,PAT_01129
SHIVASAGAR,PAT_01129
DR_ARBIND_KUMAR_GUPTA,PAT_01130
MS_ANITHA_M,PAT_01130
DR_GEETHA_N_K,PAT_01131
DR_LATHA_A_P,PAT_01132
DR_CHANDRAKALA_B_M,PAT_01132
DR_RAJESHWARI_J,PAT_01132
DR_RESHMA_J,PAT_01132
RISHIKA_SONI,PAT_01132
HARSH_KUMAR,PAT_01132
SANTOSH_ANAND,PAT_01133
AKASH_SIL,PAT_01133
ANUJNA_G_K,PAT_01133
JANESH_WALIA,PAT_01133
AHMED_FADIL,PAT_01133
DR_VAIDEHI_M,PAT_01134
DR_ANNAPURNA_P_PATIL,PAT_01134
ANKITA_NIGAM,PAT_01134
AKANSHA_SHREE,PAT_01134
KRITIKA_AGRAWAL,PAT_01134
M_SHAKUNTHALA,PAT_01134
DR_CHANDRAKALA_B_M,PAT_01135
DR_ANNAPURNA_P_PATIL,PAT_01135
PREETHI_LOKESH,PAT_01135
ANANYA_SATISH,PAT_01135
DR_LATHA_A_P,PAT_01135
DR_VANI_K_A,PAT_01136
DRPRATHIMA_MABEL_J,PAT_01136
DRRAMA_MOHAN_BABU_K_N,PAT_01136
DR_RAKESH_M,PAT_01137
DR_RUDRESH_M,PAT_01137
DR_RAVIKANTI_SWETHA,PAT_01138
DR_PREETI_KHANWALKAR,PAT_01138
DR_ANITHA_SURESH,PAT_01138
AADYA_R_HERLE,PAT_01138
LAKKSHITA_K,PAT_01138
LAKSHMI_S_K,PAT_01138
LEESHITHA_H,PAT_01138
DR_SRIVIDYA_B_V,PAT_01139
MRS_NAGARATHNA,PAT_01139
DR_A_R_ASWATHA,PAT_01139
DR_VINOD_B_DURDI,PAT_01139
DEVARAJU_RAMAKRISHNA,PAT_01140
VINOD_KUMAR_AGRAWAL,PAT_01140
DR_ROOPA_M_R,PAT_01141
DR_YASHASWINI_GOWDA_N,PAT_01141
MS_AISHWARYA_N,PAT_01141
MS_SOWMYA_P,PAT_01141
DEVARAJU_RAMAKRISHNA,PAT_01142
VINOD_KUMAR_AGRAWAL,PAT_01142
DR_M_PREMKUMAR,PAT_01143
MS_SUSHMITHA_K,PAT_01143
MR_VALLABH_KARNAWADI,PAT_01143
MR_NIMITH_H_D,PAT_01143
MR_SRIVATHSA_B_R,PAT_01143
SRIVIDYA_L,PAT_01144
DR_SUMA_M_R,PAT_01144
MR_VINAYAK_CHANNAYYA_SHEELAVANTAMATH,PAT_01144
MR_SUDEEP_TUPPAD,PAT_01144
MR_VAMSHI_KRISHNA_A_V,PAT_01144
MR_VINAY_B_W,PAT_01144
SATISH_B_A,PAT_01145
DEEKSHITHA_ARSA,PAT_01145
GANESH_G_C,PAT_01145
SHARATH_KUMAR_Y_N,PAT_01145
KAVITHA_K,PAT_01145
VINIT_H,PAT_01145
SAI_PRAVEEN,PAT_01145
ASHMEET_SINGH,PAT_01146
AKASH_RADHA,PAT_01146
ADITYA_RAJ,PAT_01146
AADYA,PAT_01146
DR_BASAVARAJ_S,PAT_01146
DR_SHOBHA_K_R,PAT_01147
DR_SHASHI_RAJ_K,PAT_01148
DR_TRUPTI_S_TAGARE,PAT_01148
DR_DEEPA_N_P,PAT_01148
DR_SAPNA_P_J,PAT_01148
MR_SHIVAKUMAR_C,PAT_01148
KARTAVYA_RAUSHAN,PAT_01149
PRABHJOT_SINGH,PAT_01149
SAI_NIKHIL_KANDAGIRI,PAT_01149
DR_MANASA_R,PAT_01149
DR_MAHESH_KUMAR_N,PAT_01149
DR_RAMESHBABU_D_R,PAT_01150
PROF_ARUNA_S,PAT_01150
PROF_SUNANDA,PAT_01150
ANUSH_G_R,PAT_01150
VINAY_B,PAT_01150
DR_RAMYA_R_S,PAT_01151
MANISH_GOWDA_N_S,PAT_01151
HARPREET_KAUR_THIND,PAT_01151
KANCHANA_M_DIXIT,PAT_01152
SHREYAS_S,PAT_01152
V_VILAS,PAT_01152
YASHAS_J,PAT_01152
OMKAR_M,PAT_01152
AKCHARA_T_K_B,PAT_01153
DR_S_AMUTHA,PAT_01153
DR_C_VINOTHINI,PAT_01153
DR_S_KEERTHI,PAT_01153
RAJESHWARI_M_R,PAT_01154
DR_KAVITHA_K_S,PAT_01154
BHOOMIKA_K_S,PAT_01155
YASHWANT_K,PAT_01155
RICHARD_JOPHY,PAT_01155
DR_SUMA_V,PAT_01155
SHOBHA_N,PAT_01155
PROF_POORNIMA_D,PAT_01155
KANURI_BALASRI_SAISINDHU,PAT_01156
R_VARNIKA_REDDY,PAT_01156
DR_SUMA_V,PAT_01156
SHOBHA_N,PAT_01156
PROF_POORNIMA_D,PAT_01156
DR_DATTATREYA_P_MANKAME,PAT_01157
MRS_H_D_APARNA,PAT_01157
MRS_VEENA_DHAVALGI,PAT_01157
DR_BASAVARAJ_PATIL,PAT_01157
MRS_H_D_APARNA,PAT_01158
DR_BASAVARAJ_PATIL,PAT_01158
DR_DATTATREYA_P_MANKAME,PAT_01158
MRS_VEENA_DHAVALGI,PAT_01158
MRS_VEENA_DHAVALGI,PAT_01159
MRS_H_D_APARNA,PAT_01159
DR_DATTATREYA_P_MANKAME,PAT_01159
DR_BASAVARAJ_PATIL,PAT_01159
DR_PRATHIK_JAIN_S,PAT_01160
DR_RUDRESH_M,PAT_01160
DR_SUNDARAMAHALINGAM_A,PAT_01160
DR_SUDHAGARA_RAJAN_S,PAT_01160
VISHNU_M,PAT_01160
DR_JENSIN_JOSHUA_J,PAT_01161
DR_SUNDARAMAHALINGAM_A,PAT_01161
DR_PRATHIK_JAIN_S,PAT_01161
DR_HAREESHA_N_G,PAT_01161
DR_PARTH_THAKER,PAT_01161
DR_MAHESH_BELIJAGALI_RAMASWAMY,PAT_01162
DR_NANDAKUMAR_MANDYA_BASAVARAJU,PAT_01162
DR_NAVEENA_BETTAHALLI_ESWAREGOWDA,PAT_01162
DR_SOLOMON_JENORIS_MUTHIYA,PAT_01162
DR_DIVYA_GURKAR_SOMASHEKAR,PAT_01162
DR_SANTHOSH_K,PAT_01162
DR_NAVEENA_BETTAHALLI_ESWAREGOWDA,PAT_01163
DR_PRAVEEN_KUMAR_MELLAHALLI_VASANTHARAJU,PAT_01163
DR_SOLOMON_JENORIS_MUTHIYA,PAT_01163
DR_MAHESH_BELIJAGALI_RAMASWAMY,PAT_01163
KAVYA_JAMMANAHALLI_THIMMAPPA,PAT_01163
DR_NANDAKUMAR_MANDYA_BASAVARAJU,PAT_01163
DR_SANTHOSH_K,PAT_01163
PRATHAM_B_S,PAT_01163
PUNEET_N_P,PAT_01164
B_M_GANESHA,PAT_01164
ASMITH_B,PAT_01164
JEEVAN_RAJ_RAI,PAT_01164
RITHIK_K,PAT_01164
DR_NANDAKUMAR_M_B,PAT_01165
K_S_NIMITH,PAT_01165
NITIN_NARAYAN_SAKA,PAT_01165
PRANAV_ASHRITH_B,PAT_01165
CHAYANKVARKASALI,PAT_01165
DR_SHRIVATSA_T_V,PAT_01165
DR_SOLOMON_JENORIS_MUTHIYA,PAT_01166
DR_MOHANKUMAR_SUBRAMANIAN,PAT_01166
DR_NAVEENA_BETTAHALLI_ESWAREGOWDA,PAT_01166
DR_DIVYA_GURKAR_SOMASHEKAR,PAT_01166
DR_NANDAKUMAR_MANDYA_BASAVARAJU,PAT_01166
DR_MAHESH_BELIJAGALI_RAMASWAMY,PAT_01166
KAVYA_JAMMANAHALLI_THIMMAPPA,PAT_01166
DR_C_DINESHKUMAR,PAT_01166
VIJAY_TAMBRALLIMATH,PAT_01167
DIVYA_G_S,PAT_01167
SHRIVATHSA_T_V,PAT_01167
RAMYA_K,PAT_01168
ANUPAMA_V_P,PAT_01168
ARCHUDHA_A,PAT_01169
MADHAN_KUMAR_R,PAT_01169
DEVANSH_GOYAL,PAT_01169
RITVIK_K,PAT_01169
NENAD_MATADA,PAT_01169
PROF_ASHWINI_SATYANARAYANA,PAT_01170
DR_GEETHA_L,PAT_01170
PROF_RAGHAVENDRA_H_N,PAT_01170
DR_SOWMYA_HULIVAHANA_NAGARAJU,PAT_01171
DR_G_P_SHIVASHANKARA,PAT_01171
PROF_NAGAMANI_K_T,PAT_01171
DR_M_DINAMANI,PAT_01171
DR_RESHMA_E_K,PAT_01171
DR_H_K_RAMARAJU,PAT_01172
SRIDHAR_H_N,PAT_01172
DR_VENKATESHA_G,PAT_01172
DR_K_S_ANANTHARAJU,PAT_01173
DR_P_KARUPPASAMY,PAT_01173
DR_S_MEENA,PAT_01173
KARTHIK_K_V,PAT_01174
DR_RAVISHANKAR_R,PAT_01174
DR_DEEPA_H_A,PAT_01175
CHANDINI_N_V,PAT_01175
HIMANSHU_MISHRA,PAT_01175
PRIYANKA_SAHU,PAT_01175
R_NEELESH,PAT_01175
DRSURENDRA_B_S,PAT_01175
DR_RAVISHANKAR_R,PAT_01175
BHANU_REVATHI_K,PAT_01176
DR_SHINOMOL_GEORGE_K,PAT_01176
DR_SHASHANK_A_TIDKE,PAT_01177
DR_VIDYA_G,PAT_01177
DR_N_RAJESWARI,PAT_01177
DR_B_HEMAVATHI,PAT_01177
DR_S_HEMA_PRIYADARSHINI,PAT_01178
DR_ANAND_PREM_RAJAN,PAT_01178
DR_S_HEMA_PRIYADARSHINI,PAT_01179
MYTHRI_J,PAT_01179
PAVITHRA_M,PAT_01179
SHARAN_R,PAT_01179
SANGEETHA_H,PAT_01179
SILPA_AJITH_KUMAR,PAT_01179
TRUPTI_SHRIPAD_TAGARE,PAT_01179
DR_PRADEEP_H_N,PAT_01180
DR_JAYARAM_L_N,PAT_01180
B_PREETHI,PAT_01180
KEERTHANA_S,PAT_01180
LEKHANA_R,PAT_01180
M_SIRISHA,PAT_01180
DR_P_SIVAKAMI_SUNDARI,PAT_01180
DR_MANJULA_D,PAT_01180
PRIYA_S,PAT_01181
RAKESH_KUMAR,PAT_01181
POOJARANI_C_KALAMADI,PAT_01181
TEJAS_MADANE,PAT_01181
KRUTHIKA_M_K,PAT_01181
DR_RUDRESH_M,PAT_01182
DR_RAVIKUMAR_M,PAT_01182
AYUSH_SINGH,PAT_01182
DEVESH_CHANDRA,PAT_01182
OM_JAGTAP,PAT_01182
S_SAMEED_PASHA,PAT_01182
DR_V_R_SRINIVASAN,PAT_01183
DR_R_KESHAVAMURTHY,PAT_01183
MR_RAVI_KUMAR_S_R,PAT_01183
MR_GIRISHKUMAR_G_S,PAT_01183
DR_RAJESH_S_M,PAT_01184
DR_S_A_VASANTHA_KUMARA,PAT_01184
MR_VINAYAKUMAR_R,PAT_01184
MRS_RADHA_HALAGANI,PAT_01184
MR_G_K_VINAY_KUMAR,PAT_01184
MRS_REENA_Y_A,PAT_01184
DR_ANNAPURNA_PATIL,PAT_01185
YOGESH_B_S,PAT_01185
PRAVEEN_N,PAT_01185
DR_MOHAN_DAS_A_N,PAT_01186
ADIL_REHAN,PAT_01186
JOSHUA_SAM,PAT_01186
DR_HASEEBUDDIN_M_R,PAT_01186
DR_M_K_VENKATESH,PAT_01186
ABHISHEK_H_A,PAT_01186
GOVINDARAJU_H,PAT_01186
DHANUSH_ALIKE,PAT_01186
JATIN_A_ANUSH,PAT_01186
DR_RAJESHWARI_J,PAT_01187
VASANTHA_B_N,PAT_01187
UTKARSH,PAT_01187
VADIRAJ_B,PAT_01187
YATISH_KUMAR_R,PAT_01187
DR_LATHA_A_P,PAT_01188
DR_BHAVANI_K,PAT_01188
DR_MUZAMEEL_AHMED,PAT_01188
DR_VAIDEHI_M,PAT_01188
RUTVIK_AAKARSH,PAT_01188
RAHUL_RUDRA,PAT_01188
BHARATH_B_C,PAT_01189
DR_MADHURA_J,PAT_01189
DR_MARY_CHERIAN,PAT_01189
DR_CHANDRAKALA_B_M,PAT_01190
KRUPASHANKARI_SURESH_SANDYAL,PAT_01190
DR_RADHIKA_T_V,PAT_01190
PRAVEEN_N,PAT_01190
ATISH_POKALE,PAT_01190
MANOJ_M,PAT_01190
MANVITHA_P,PAT_01190
MUHAMMED_FAHAD,PAT_01190
NITHIN_KUMAR_N_R,PAT_01191
DR_DINESHA_P,PAT_01191
DR_MADHURA_J,PAT_01192
BHARATH_B_C,PAT_01192
ROHIT_GAJRE,PAT_01192
AKSHAY_N,PAT_01192
AMLENDU_KUMAR,PAT_01192
AMAN_SHETTY,PAT_01192
SURAJ_M_H,PAT_01193
DEEKSHITHA_ARASA,PAT_01193
PRATYUSH,PAT_01194
DR_MAHESH_KUMAR_N,PAT_01194
R_HARINANDAN,PAT_01194
PURAM_VAMSHI,PAT_01194
DR_MANASA_R,PAT_01194
DR_DEEPTHI_V_S,PAT_01195
DR_AMUTHA_S,PAT_01196
PROF_ARUNA_S,PAT_01196
PROF_SUNANDA,PAT_01196
ANISHA_RAVISHANKAR,PAT_01196
DR_RAMYA_R_S,PAT_01197
DR_DEEPAK_G,PAT_01197
AAYUSH_KUMAR,PAT_01197
ANISH_SRIVASTAVA,PAT_01197
ADITYA_KUMAR,PAT_01197
ANKITA_VERMA,PAT_01197
UJWAL_MS,PAT_01198
DR_SHIVAKUMAR_G,PAT_01198
RAGHAVENDRA_H_N,PAT_01199
SANJEEV_T_P,PAT_01199
RAGHAVENDRA_PRAJWAL_H_S,PAT_01199
DR_NEETHU_URS,PAT_01200
JEEVITHA_B,PAT_01200
MEGHASHREE_M,PAT_01200
TAHERA,PAT_01200
DR_R_SHANTHI_V,PAT_01200
SOUMYA_PATIL,PAT_01201
AKARSH_M,PAT_01201
DHANUNJAYA_REDDY_M_R,PAT_01201
PRAVEEN_B,PAT_01201
SANJANA_S_M,PAT_01201
HARPREET_KAUR_THIND,PAT_01202
KEERTHI_K_S,PAT_01202
KHUSHI_V,PAT_01202
LAVANYA_HU,PAT_01202
KAVANA_N_S,PAT_01202
DR_RAMYA_R_S,PAT_01203
DR_DEEPAK_G,PAT_01203
D_RAVIKUMARA,PAT_01203
LAKSHMI_D,PAT_01203
NUTHANA_S,PAT_01203
RAHUL_R,PAT_01203
DR_P_KARUPPASAMY,PAT_01204
DR_SURENDRA_B_S,PAT_01205
BHARATH_M_J,PAT_01205
PARAMESH_M_S,PAT_01205
PAVITRA_GOPALKRISHNA_PAI,PAT_01205
POOJITHA_C_G,PAT_01205
CHANDAN_K,PAT_01205
C_V_BALAJI,PAT_01206
APRAMEYA_BHARADWAJ,PAT_01206
ROHAN_G,PAT_01206
DR_VINOD_H_C,PAT_01206
DR_SUNDARAMAHALINGAM_A,PAT_01207
DR_PRATHIK_JAIN_S,PAT_01207
DR_HAREESHA_N_G,PAT_01207
DR_JENSIN_JOSHUA_J,PAT_01207
AMEER_KHUSHRU,PAT_01207
AKASH_V_KUMBAR,PAT_01207
VISHNU_M,PAT_01207
VAISHNAVI,PAT_01207
K_YASHWANT,PAT_01208
BHOOMIKA_K_S,PAT_01208
RICHARD_JOPHY,PAT_01208
DR_SUMA_V,PAT_01208
SHOBHA_N,PAT_01208
POORNIMA_D,PAT_01208
ENSTEIH_SILVIA,PAT_01209
DR_ARCHUDHA_A,PAT_01209
ANIRUDH_HEGDE,PAT_01209
E_HARSHITH,PAT_01209
S_K_SAI_TARUN,PAT_01209
SUPRITH_SHETTIGAR,PAT_01209
DRROSE_BINDU_JOSEPH_P_DAYANANDA_SAGAR_COLLEGE_OF_ENGINEERING,PAT_01210
MRSBEENA_SNEHAL_UPHALE_PRESIDENCY_COLLEGE,PAT_01210
DR_NAVEENA_B_E,PAT_01211
DR_DEEPA_H_A,PAT_01211
DR_MALINI_S,PAT_01211
MANOJ_KUMAR_P,PAT_01211
YOGESH_KUMAR_S,PAT_01211
YATHINDRA_M,PAT_01211
SHASHANK_M,PAT_01211
DR_RAVISHANKAR_R,PAT_01211
SATISH_B_A,PAT_01212
DEEKSHITHA_ARASA,PAT_01212
SHARATH_KUMAR_Y_N,PAT_01212
GANESH_G_C,PAT_01212
NANDAN_N,PAT_01212
KAVITHA,PAT_01212
B_S_HARSHAVARDHAN,PAT_01213
DASU_KRISHNA_SANKARSHAN,PAT_01213
DIVYA_G_S,PAT_01213
VIJAY_TAMBRALLIMATH,PAT_01213
MRS_SILPA_AJITH_KUMAR,PAT_01214
MS_AMBIKA_NAIK_Y,PAT_01214
DR_S_HEMA_PRIYADARSHINI,PAT_01214
DR_T_RATHA_JEYALAKSHMI,PAT_01215
DR_P_THILLAI_ARASU,PAT_01215
DR_ROSE_BINDU_JOSEPH_P,PAT_01216
DR_A_GEORGE_MARIA_SELVAM,PAT_01216
DR_MERAM_MUNIRATHNAM,PAT_01216
P_SUDHAKAR,PAT_01217
MANJUNATH_S_B,PAT_01217
GOURAV_KUMAR,PAT_01217
ARUNADEVI_M,PAT_01218
VIVEK_BHANDARKAR_V_N,PAT_01218
MAHESH_G_S,PAT_01218
VIJAYKUMAR_NAGANNA_PATIL,PAT_01218
VISHWANATH_P_MUDASALI,PAT_01218
YASH_BAHUBALI_JANAJ,PAT_01218
YADUNANDANA_R,PAT_01218
YASHRAJ_MAHESHWARI,PAT_01218
DR_M_R_KAMESH,PAT_01219
MR_GIRISHKUMAR_G_S,PAT_01219
MR_RAVIKUMAR_S_R,PAT_01219
DR_NINGE_GOWDA_B_M,PAT_01219
DR_NITISH_KUMAR,PAT_01219
MR_VINAYAKUMAR_R,PAT_01219
MR_GOVINDARAJUH,PAT_01219
MR_SAI_NISCHAL,PAT_01219
MRSOORAJ_ANOOP_MATHEWS,PAT_01219
MR_SUDHER_SRINIVAS,PAT_01219
MR_SAI_KESHAV,PAT_01219
MAYUR_KUMAR,PAT_01220
SHASHI_RAJ_K,PAT_01220
BASAVARAJ_S_SANNAKASHAPPANAVAR,PAT_01220
GURUPRASADA_S_HEGDE,PAT_01220
MEGHA_M,PAT_01220
SEETHARAMA_K_S,PAT_01221
P_SUDHAKAR,PAT_01221
VIJAYAKUMAR_N_PATIL,PAT_01221
DR_BT_MANJUNATH,PAT_01222
UMASHANKAR_A_N_REDDY,PAT_01222
CHANDRASHEKAR_R,PAT_01222
CHINMAY_T,PAT_01222
ROHITH_S,PAT_01222
DR_RAMESHA_H,PAT_01223
DR_SHANMUGANATAN_S_P,PAT_01223
PROF_RAJASHEKHAR_HOSALLI,PAT_01223
PROF_MANJUNATH_PATTAR,PAT_01223
PROF_RANJITHA_P,PAT_01223
KARTHIK_M_A,PAT_01224
YASHWANTH_KUMAR_R,PAT_01224
DRBT_MANJUNATH,PAT_01225
BHARATH_N_VISHWAMITRA,PAT_01225
SANKETH_GOMBI,PAT_01225
SHREYAS_G,PAT_01225
SUMUKHA_S_HEGDE,PAT_01225
DR_M_K_VENKATESH,PAT_01226
CHIRAAG_KARTHIC_S,PAT_01226
DEEKSHITH_D_S,PAT_01226
KOUSHAL_SWAMY_H,PAT_01226
ROSHAN,PAT_01226
DR_MOHAN_DAS_A_N,PAT_01226
DR_KPRABHAKAR,PAT_01226
DR_NANDAKUMAR_M_B,PAT_01226
DR_HARIDAS_NAYAK,PAT_01226
DR_NITHESH_BHASKAR_N,PAT_01226
MR_RAJESH_S_M,PAT_01227
DR_S_A_VASANTHA_KUMARA,PAT_01227
MR_VINAYAKUMAR_R,PAT_01227
MRS_RADHA_HALAGANI,PAT_01227
MR_G_K_VINAY_KUMAR,PAT_01227
MRS_REENA_Y_A,PAT_01227
DR_ROSE_BINDU_JOSEPH_P,PAT_01228
DR_A_GEORGE_MARIA_SELVAM,PAT_01228
DRMSATHISH_KUMAR,PAT_01228
DRV_R_SRINIVASAN,PAT_01229
DR_R_KESHAVAMURTHY,PAT_01229
RAVIKUMAR_S_R,PAT_01229
NAGESH_M,PAT_01229
DR_GEETHA_N_K,PAT_01230
DR_RAVINDRANATH_C,PAT_01230
MS_BABYSHALINI_M_T,PAT_01230
DR_B_VIVEKANANDAM,PAT_01230
MRSSUGANTHIN,PAT_01231
DRPUSHA,PAT_01231
DR_M_BALAMURUGAN,PAT_01232
DR_GB_ARJUN_KUMAR,PAT_01232
DR_N_RAGHU,PAT_01232
DR_VN_TRUPTI,PAT_01232
DR_RAVI_GATTI,PAT_01232
HASEEBUDDIN_M_R,PAT_01233
BHASKAR_PAL,PAT_01233
MOHAN_DAS_A_N,PAT_01233
ARJUN_SP,PAT_01233
ARMAN_ALI,PAT_01233
BIKASH_KUMAR_LALANI,PAT_01233
ROHITH_PIUS,PAT_01233
DR_PRIYA_A_HOSKERI,PAT_01234
MR_SHUBHAM_KUMAR,PAT_01234
DRDVIGNESH_CMR_UNIVERSITY_LAKE_SIDE_CAMPUS,PAT_01235
MRGGOVINDARAJ_CMR_UNIVERSITY_LAKE_SIDE_CAMPUS,PAT_01235
DRMANGELINE_KAVITHA_VOORHEES_COLLEGE,PAT_01235
DR_MERAM_MUNRATHNAM_RAJIV_GANDHI_UNIVERSITY_OF_KNOWLEDGE_TECHNOLOGIES,PAT_01235
DR_BTMANJUNATH,PAT_01236
S_KARTHIK,PAT_01236
VANDANA_N,PAT_01236
NARASIMHA_MURTHY_V,PAT_01236
SRIVATHSA_S_N,PAT_01236
UMASHANKAR_A_N_REDDY,PAT_01236
DR_RAJESHWARI_J,PAT_01237
MRS_SHALINI_K_B,PAT_01237
DR_SHANKER_J,PAT_01237
DEEPA_G,PAT_01237
REKHA_JAYARAM,PAT_01238
DR_R_KRISHNAN,PAT_01238
DR_SHARON_CHRISTA,PAT_01239
DR_SUMA_V,PAT_01239
DR_ASHA_S_MANEK,PAT_01239
VINEETA,PAT_01239
SARISHMA_DANGI,PAT_01239
DR_RASHMI_NAIR,PAT_01239
APRAMEYA_BHARADWAJ_K,PAT_01240
C_V_BALAJI,PAT_01240
ANIRUDH_G_GALAGALI,PAT_01240
ROHAN_G,PAT_01240
SWATHI_B_V,PAT_01240
DR_SHARON_CHRISTA,PAT_01240
DR_ARCHUDHA_A,PAT_01241
ANANYA_D_KULKARNI,PAT_01241
DR_RESHMA_S,PAT_01241
PROF_ENSTEIH_SILVIA,PAT_01241
PROF_DEEPAHREE_BUCHUDE,PAT_01241
DRMRKAMESH,PAT_01242
DRRKESHAVAMURTHY,PAT_01242
MRGIRISHKUMAR_GS,PAT_01242
MADHAVAMURTHY_M,PAT_01242
LIKITHS,PAT_01242
LIKITH_YADAV_S,PAT_01242
SUDEEPS,PAT_01242
KS_NANDA_KISHAN,PAT_01242
DRVR_SRINIVASAN,PAT_01243
DR_R_KESHAVAMURTHY,PAT_01243
DR_RASHMI_S,PAT_01244
PROF_NANDITHA_KRISHNA,PAT_01245
DR_PADMA_C_R,PAT_01245
PROF_NAVEEN_T_S,PAT_01245
SURABHI_A_S,PAT_01245
AISHWARYA_L_PRABHU,PAT_01245
SAHANA_P,PAT_01245
SARITHA_PAL,PAT_01245
DR_MURIGENDRAYYA_M_HIREMATH,PAT_01246
K_A_SHREEVAISHNAVI,PAT_01246
NIDHI_KAGWADE,PAT_01246
SAKSHI_R_KULKARNI,PAT_01246
S_SANJANA,PAT_01246
DR_RAMESHA_H,PAT_01247
DR_SHANMUGANATAN_S_P,PAT_01247
PROF_PADMAVATHI_G,PAT_01247
RAJESWARIP,PAT_01248
DRTHEODORE_CHANDRA_S,PAT_01248
DR_S_HEMA_PRIYADARSHINI,PAT_01249
DAVID_SIMON,PAT_01249
NAGASHREE_HANUMANTHAPPA,PAT_01249
HIMA_RAVINDRA,PAT_01249
CHESLA_ALDHU,PAT_01249
SARVASETTY_SAI_ASHISH,PAT_01249
SOWMYASHREE_H,PAT_01249
HASEEBUDDIN_M_R,PAT_01250
DR_VAIDEHI_M,PAT_01251
BHAWESH_AGARWAL,PAT_01251
LAKSHITHA_RAVICHANDRA,PAT_01251
MEHUL_KUMAR,PAT_01251
PRINCE_THAKKAR_DEVANG,PAT_01251
DR_RAJESHWARI_J,PAT_01252
MADHU_PRIYA_PULLETIKRUTHI,PAT_01252
DONTHIREDDY_BHARATHI,PAT_01252
B_LOHITHA,PAT_01252
BASAVAKEERTHI_B,PAT_01252
DR_SWAPNIL_S_NINAWE,PAT_01253
DR_PAVITHRA_G,PAT_01253
DR_PAVITHRA_G,PAT_01254
DR_SWAPNIL_S_NINAWE,PAT_01254
DR_M_PREMKUMAR,PAT_01255
MR_AMEETH_R,PAT_01255
MR_BAHUSHRUTH_SM,PAT_01255
MR_GANESH_PATIL,PAT_01255
MR_GAURAV_G,PAT_01255
DR_VIBHA_M_B,PAT_01256
DR_SAMITHA_KHAYIUM,PAT_01256
DR_RAKSHITHA_KIRAN,PAT_01256
MR_RAHUL_JOSHI,PAT_01256
DR_NANDAKUMAR_M_B,PAT_01257
DR_RUDRESH_M,PAT_01257
DR_MAHESH_B_R,PAT_01257
DR_S_JENORIS_M,PAT_01257
DR_NAVEENA_B_E,PAT_01257
DR_DIVYA_G_S,PAT_01257
KAVYA_J_T,PAT_01257
DR_SANTHOSH_K,PAT_01257
MADHAVA_MOORTHY,PAT_01258
VISHWANATH_B_S,PAT_01258
G_S_MANOJ_KUMAR,PAT_01258
L_DARSHAN,PAT_01258
CHAYAANK_B_R,PAT_01258
DR_VIVEK_BHANDARKAR_V_N,PAT_01258
DRPVIMALA,PAT_01259
SALMAN_SALEEM,PAT_01259
DRS_THENMOZHI,PAT_01259
DEEKSHITHA_ARASA,PAT_01260
NARANA_GOWDA_A,PAT_01260
KAVANA_P,PAT_01260
MEGHANA_N_RAO,PAT_01260
BASAVARAJ_S_SAJJAN,PAT_01260
DEVARAJU_RAMAKRISHNA,PAT_01261
VINOD_KUMAR_AGRAWAL,PAT_01261
SATISH_B_A,PAT_01262
DEEKSHITHA_ARSA,PAT_01262
GANESH_G_C,PAT_01262
SHARATH_KUMAR_Y_N,PAT_01262
NANDAN_N,PAT_01262
DR_SUMA_V,PAT_01263
ASHITHA,PAT_01263
SHREYA_SALONI,PAT_01263
ANANYA_HERLE,PAT_01263
DR_M_BALAMURUGAN,PAT_01264
DR_ARJUN_KUMAR_GB,PAT_01264
DR_SUJIT_KUMAR,PAT_01264
ANAND_BADIGER,PAT_01265
HRUSHIKESH_S_BHARADWAJ,PAT_01265
GAGAN_G_MURTHY,PAT_01265
ARVIND_VISWANATH,PAT_01265
AMIT_SIDDHALING_MUNOLI,PAT_01265
VIVEK_BHANDARKAR_V_N,PAT_01265
DR_ARCHUDHA_A,PAT_01266
KAVYA_D_N,PAT_01266
DR_PADMA_CR,PAT_01267
NANDITHA_KRISHNA,PAT_01267
PRATYAY_DAS,PAT_01267
TANAVI_KULKARNI,PAT_01267
SAHANA_S,PAT_01267
THRISHA_P,PAT_01267
NANDITHA_HG,PAT_01268
DRKRISHNAN_BANDYOPADHYAY,PAT_01268
LIKHITH_L,PAT_01268
SHREE_VIGNESH,PAT_01268
VENKATESH_PERUMAL,PAT_01268
P_SUDHAKAR,PAT_01269
SEETHARAM_K_S,PAT_01269
DR_MANJUNATH_B_T,PAT_01270
ABHINAV_G,PAT_01270
CHARAN_CHAVAN,PAT_01270
HEMCHANDAN,PAT_01270
DR_MOHAN_DAS_A_N,PAT_01271
SHREYAS_H_N,PAT_01271
SAMPATH_P,PAT_01271
RAVIKUMAR_H_N,PAT_01271
DARSHANGOWDA_B,PAT_01271
DR_HASEEBUDDIN_M_R,PAT_01271
VIVEK_BHANDARKAR_V_N,PAT_01272
FARDIN_MUSTAQUE_ALI,PAT_01272
SAKSHAM_NAGAR,PAT_01272
ACHUKATLA_WASIM_BARI,PAT_01272
HARSH_JAIN,PAT_01272
DRRAVIKANTI_SWETHA,PAT_01273
DRARUNAP,PAT_01273
DEVESH_CHANDRA,PAT_01273
S_SAMEED_PASHA,PAT_01273
C_VARUN,PAT_01273
MAHENDRA_KUMAR_B,PAT_01274
DR_RADHA_GUPTA,PAT_01275
DR_VISHAL_PATIL,PAT_01275
DR_RAVINDER_SINGH_KUNTAL,PAT_01275
DR_ANITA_CHATURVEDI,PAT_01275
DR_KOKILA_RAMESH,PAT_01275
DEVARAJU_RAMAKRISHNA,PAT_01276
VINOD_KUMAR_AGRAWAL,PAT_01276
DRVAIDEHI_M,PAT_01277
JAGRUTI_GAJANAN_BHAT,PAT_01277
D_KEERTHANA,PAT_01277
LAVANYA_M_CHINCHANI,PAT_01277
KONJETI_NIDHI,PAT_01277
DR_GEETHA_N_K,PAT_01278
DR_B_VIVEKANANDAM,PAT_01278
DR_SESHIBE_MAKGATO,PAT_01278
DR_P_BRIDJESH,PAT_01278
DR_GEETHA_N_K,PAT_01279
DR_B_VIVEKANANDAM,PAT_01279
DR_RADHA_GUPTA,PAT_01279
DR_KIRTHIGA_M,PAT_01279
BINDU_BHARGAVI_S_M,PAT_01280
DR_SUMA_V,PAT_01280
DR_SHARON_CHRISTA,PAT_01280
DR_RAVIKANTI_SWETHA,PAT_01281
DR_P_ARUNA,PAT_01281
DR_ANJU_KULKARNI,PAT_01281
DR_C_M_JOSEPH,PAT_01281
DR_VINOD_B_DURDI,PAT_01281
DR_PREETI_KHANWALKAR,PAT_01281
DR_V_S_KRUSHNASAMY,PAT_01282
AAKASH_BHATTACHARJEE,PAT_01282
ANUSHA_TA,PAT_01282
PRITHWISH_ROY,PAT_01282
SIRI_RANGANATH,PAT_01282
DR_M_PREMKUMAR,PAT_01283
MS_CHANDANA_S,PAT_01283
DHANYASHREE_C_J,PAT_01283
ASHWINI_K_L,PAT_01283
HARINI_R,PAT_01283
DR_ABHISHEK_MB,PAT_01284
SAMARTH_DS,PAT_01284
SAMARTH_KOLEKAR,PAT_01284
SHANTANU_RAO,PAT_01284
VINAYKUMAR_V_HIREMATH,PAT_01284
DR_SONI_M,PAT_01285
DR_ABRAHAM_GEORGE,PAT_01285
DR_ROOPA_M_S,PAT_01285
P_USHA,PAT_01286
SUGANTHI_N,PAT_01286
SANJAY_C_K,PAT_01286
YASHWANTH_REDDY_V,PAT_01286
UDAY_MALAGAR,PAT_01286
VISHNU_PRASAD,PAT_01286
NITHIN_KUMAR_NR,PAT_01287
DR_DINESHA_P,PAT_01287
MEGHASHREE_M,PAT_01288
DR_NEETHU_URS,PAT_01288
TAHERA,PAT_01288
TAHERA,PAT_01289
MEGHASHREE_M,PAT_01289
DR_NEETHU_URS,PAT_01289
DR_C_VINOTHINI,PAT_01290
DR_RAMYA_RS,PAT_01290
SKEERTHI,PAT_01290
DR_DEEPAK_G,PAT_01291
DR_RAMYA_R_S,PAT_01291
MOWNIKA_REDDY_K_A,PAT_01291
PRAJNA_HARISH,PAT_01291
SAMBHRAMA_K,PAT_01291
VINAYAK_BHAT,PAT_01291
DR_SUMA_V,PAT_01292
MANJU_M_S,PAT_01292
REVANTH_G,PAT_01292
M_RAKSHITH,PAT_01292
RAHUL,PAT_01292
DR_SURENDRA_B_S,PAT_01293
DR_RUDRESH_M,PAT_01293
DR_HC_ANANDA_MURTHY,PAT_01293
DR_TAN_KAR_BAN,PAT_01293
DR_KIRAN_T,PAT_01293
DR_SHAMANTHA_KUMAR,PAT_01293
CHETHANA_MV,PAT_01293
DR_S_GIRIDHAR_REDDY,PAT_01293
DR_N_BASAVARAJU,PAT_01293
DR_N_RAGHAVENDRA,PAT_01293
DR_SUMA_V,PAT_01294
KAUSTHUB_KANNAN,PAT_01294
ADITYA_AWATI,PAT_01294
DR_DEEPA_H_A,PAT_01295
CHANDINI_N_V,PAT_01295
HIMANSHU_MISHRA,PAT_01295
PRIYANKA_SAHU,PAT_01295
R_NEELESH,PAT_01295
DR_RAVISHANKAR_R,PAT_01295
DR_BLESSY_BABY_MATHEW,PAT_01296
M_MONISHA,PAT_01296
HANSKRITHA_SINGH_U,PAT_01296
POORVIKA_BP,PAT_01296
DR_ANANTHARAJU_KS,PAT_01296
DRHEMA_KUMAR_C,PAT_01297
SHIVANI_PAPANNA,PAT_01297
APEKSHA_GANAPATI_PATAGAR,PAT_01297
SUSHMITHA_S,PAT_01297
YOGITHA_P_N,PAT_01297
DR_BLESSY_BABY_MATHEW,PAT_01298
DR_ANANTHARAJU_KS,PAT_01298
SHREYA_KISPOTTA,PAT_01298
SRIJEA_ROY,PAT_01298
SAUMYA_JAISWAL,PAT_01298
DR_S_JENORIS_MUTHIYA,PAT_01299
P_MABUBASHA,PAT_01299
DHEERAJ_J,PAT_01299
CHAITANYA_M_PATIL,PAT_01299
AJITH_KUMAR_S_N,PAT_01299
DR_NAVEENA_BE,PAT_01299
DR_NANDAKUMAR_MB,PAT_01299
DR_MAHESH_BR,PAT_01299
NAVEENA_BETTAHALLI_ESWAREGOWDA,PAT_01300
KESHAVAMURTHY_RAMAIAH,PAT_01300
SOLOMON_JENORIS_MUTHIYA,PAT_01300
DR_KRISHNAN_RANGARAJAN,PAT_01301
DR_VINDHYA_P_MALAGI,PAT_01301
DR_RAMESH_BABU_D_R,PAT_01301
DR_VINDHYA_P_MALAGI,PAT_01302
DR_KRISHNAN_RANGARAJAN,PAT_01302
DR_RAMESH_BABU_D_R,PAT_01302
DR_ARCHUDHA_A,PAT_01303
KAVYA_D_N,PAT_01303
DR_SUNDARAMAHALINGAM_A,PAT_01304
DR_PRATHIK_JAIN_S,PAT_01304
DR_SUDHAGARA_RAJAN_S,PAT_01304
DR_RUDRESH_M,PAT_01304
DR_SRIKANTH_SALYAN,PAT_01304
DR_HAREESHA_N_G,PAT_01304
SUDHAGARA_RAJAN_S,PAT_01305
RUDRESH_M,PAT_01305
PRATHIK_JAIN_S,PAT_01305
SRIKANTH_SALYAN,PAT_01305
SUNDARAMAHALINGAM_A,PAT_01305
TANVEER_AZAM,PAT_01305
SHAIK_HYDER_PASHA,PAT_01305
AMIT_MUNNOLI,PAT_01305
SAGAR_S_CHOUGALA,PAT_01305
DRRESHMA_J,PAT_01306
YOGESH_B_S,PAT_01306
PRAVEEN_N,PAT_01306
BHARATH_B_C,PAT_01306
SANTOSH_ANAND,PAT_01306
DAYANANDA_SAGAR_COLLEGE_OF_ENGINEERING,PAT_01306
BINDHUSHREE_BS,PAT_01307
DR_KESHAVAMURTHY_R,PAT_01307
ANAND,PAT_01307
CHARAN_KUMAR_B,PAT_01307
MALLIKARJUN_M_K,PAT_01307
MANJUNATH_BHAJANTRI,PAT_01307
DR_BASAVARAJ_PATIL,PAT_01308
DR_DATTATREYA_P_MANKAME,PAT_01308
MRS_PUSHPA_G,PAT_01308
DR_PRATHIK_JAIN_S,PAT_01309
CHANDAN_A,PAT_01309
ABHILASH_V,PAT_01309
SHIVANI,PAT_01309
SHRI_HARI_RAO,PAT_01309
DR_PATTIPATI_ARUNA,PAT_01310
DR_CHENNEMKERIL_MATHEW_JOSEPH,PAT_01310
NIKKITA_SINGH,PAT_01310
MEGHANA_RAVIVARMA,PAT_01310
PAVAN_SRINATH_RAO,PAT_01310
DR_RAVISHANKAR_RAJANNA,PAT_01310
DR_GEJJAGARAGUPPE_KEMPAIAH_MAHADEVA_RAJU,PAT_01310
DR_M_BALAMURUGAN,PAT_01311
DR_SUJIT_KUMAR,PAT_01311
DR_ARJUN_KUMAR_G_B,PAT_01311
DR_N_RAGHU,PAT_01311
DR_RAVI_GATTI,PAT_01311
SBALAMURUGAN,PAT_01312
DHAVAL_ARVINDBHAI_JADAV_CHOTUBHAI_GOPALBHAI_PATEL_INSTITUTE_OF_TECHUTU_MALIBA_CAMPUSBARDOLIDISTSURAT394350_GUJARAT_INDIA,PAT_01312
DRPOOJA_TRIPATHI_INDERPRASTHA_ENGG_COLLEGE_GHAZIABAD_SURYA_NAGAR_FLYOVER_ROAD_INDUSTRIAL_AREA_SAHIBABAD_GHAZIABAD_UTTAR_PRADESH_201010_INDIA,PAT_01312
DRPRIYANKA_GAUTAM_ARNI_SCHOOL_OF_ENGG_TECHNOLOGY_ARNI_UNIVERSITY_KATHGARH_INDORA_HIMACHAL_PRADESH_176401_INDIA,PAT_01312
DRRKUMAR_ASSOCIATE_PROFESSOR_DEPARTMENT_OF_COMPUTER_SCIENCE_AND_ENGINEERING_SRI_RAMAKRISHNA_INSTITUTE_OF_TECHNOLLOGY_COIMBATORE_641032_TAMILNADU_INDIA,PAT_01312
YSHIREESHA_ASSISTANT_PROFESSOR_DEPT_OF_MECHANICAL_ENGINEERING_GMRIT_RAJAM_GMR_NAGAR_RAZAM_ANDHRA_PRADESH_532127_INDIA,PAT_01312
MRMOHAMMED_FIRDOS_ALAM_SHEIKH_ASSOCIATE_PROFESSOR_DEPT_OF_COMPUTER_SCIENCE_ENGINEERING_POORNIMA_UNIVERSITY_RAMCHANDRAPURA_PO_VIDHANI_VATIKA_ROAD_SITAPURA_RAJASTHAN_303905_INDIA,PAT_01312
SPOORTHI_SINGH_SENIOR_ASSISTANT_PROFESSOR_MECHATRONICS_DEPARTMENT_MIT_MAHE_MANIPAL_KARNATAKA_576104_INDIA,PAT_01312
C_R_SRINIVASAN_ASSISTANT_PROFESSORSENIOR_SCALE_INSTRUMENTATION_AND_CONTROL_ENGINEERING_MANIPAL_INSTITUTE_OF_TECHNOLOGY_MANIPAL_ACADEMY_OF_HIGHER_EDUCATION_MANIPAL_KARNATAKA_576104_INDIA,PAT_01312
DRSRIVIDYA_R_ASSOCIATE_PROFESSOR_ELECTRICAL_AND_ELECTRONICS_ENGINEERING_MANIPAL_INSTITUTE_OF_TECHNOLOGY_MANIPAL_ACADEMY_OF_HIGHER_EDUCATION_MANIPAL_KARNATAKA_576104_INDIA,PAT_01312
DRBHARATI_WUKKADADA_ASSOCIATE_PROFESSOR_AREA_DATA_SCIENCE_TECHNOLOGY_K_J_SOMAIYA_INSTITUTE_OF_MANAGEMENT_SOMAIYA_VIDYAVIHAR_UNIVERSITY_VIDYAVIHAR_MUMBAI400077_MAHARASHTRA_INDIA,PAT_01312
DRSVB_SUBRAHMANYESWARA_RAO_PROFESSOR_RAMACHANDRA_COLLEGE_OF_ENGINEERING_NH16_BYPASS_ROAD_VATLURU_ELURU_ANDHRA_PRADESH_534007_INDIA,PAT_01312
DRARCHANA_HR_ASSISTANT_PROFESSOR_DEPT_OF_ELECTRONICS_COMMUNICATION_ENGG_BMS_COLLEGE_OF_ENGINEERING_BULL_TEMPLE_ROAD_BANGALORE_560019_KARNATAKA_INDIA,PAT_01312
DRJYOTHI_AP_FACULTY_OF_ENGINEERING_AND_TECH_DEPT_OF_COMPUTER_SCIENCE_ENGG_RAMAIAH_UNIVERSITY_OF_APPLIED_SCIENCES_PEENYA_BENGALURU560058_KARNATAKA_INDIA,PAT_01312
DRSURENDRA_HH_ASSISTANT_PROFESSOR_DEPT_OF_ELECTRONICS_COMMUNICATION_ENGG_BMS_COLLEGE_OF_ENGINEERING_BULL_TEMPLE_ROAD_BANGALORE560019_KARNATAKA_INDIA,PAT_01312
DRCSNAGABHUSHANA_PROFESSOR_HOD_DEPT_OF_MATHEMATICS_HKBK_COLLEGE_OF_ENGINEERING_NAGAWARA_BANGALORE_KARNATAKA_560045_INDIA,PAT_01312
DRPAVITHRAG_ASSOCIATE_PROFESSOR_ELECTRONICS_COMMUNICATION_ENGG_DEPT_ECE_DAYANANDA_SAGAR_COLLEGE_OF_ENGG_DSCE_BLOCK_NO_17_ROOM_NO_17205_KUMARASWAMY_LAYOUT_SHAVIGEMALLESHWARA_HILLS_BANGALORE_560078_KARNATAKA_INDIA,PAT_01312
DRTCMANJUNATH_PROFESSOR_HEAD_OF_THE_DEPT_ELECTRONICS_COMMUNICATION_ENGG_DEPT_ECE_DAYANANDA_SAGAR_COLLEGE_OF_ENGG_DSCE_BLOCK_NO_17_ROOM_NO_208_KUMARASWAMY_LAYOUT_SHAVIGEMALLESHWARA_HILLS_BANGALORE560078_KARNATAKA_INDIA,PAT_01312
SBALAMURUGAN,PAT_01313
DR_GADDAM_VENU_GOPAL_VIGNANA_BHARATHI_INSTITUTE_OF_TECHNOLOGY_GHATKESAR_HYDERABAD_TELANGANA_501301_INDIA,PAT_01313
DR_VINOD_KUMAR_SCHOOL_OF_COMPUTING_SCIENCE_ENGINEERING_GALGOTIAS_UNIVERSITY_GREATER_NOIDA_UTTAR_PRADESH203201_INDIA,PAT_01313
DR_BALBIR_SINGH_SAULT_COLLEGE_TORONTO_ON_M6P_4A9_CANADA,PAT_01313
DRINDRAJIT_PAN_RCC_INSTITUTE_OF_INFORMATION_TECHNOLOGY_CANAL_S_RD_BELEGHATA_KOLKATA_WEST_BENGAL_700015_INDIA,PAT_01313
DR_SUBHAMITA_MUKHERJEE_TECHNO_MAIN_SALT_LAKE_EM41_SECTOR_V_SALT_LAKE_KOLKATA_PIN_700091_INDIA,PAT_01313
MR_RAVIN_KUMAR_GNIOT_GREATER_NOIDA_GAUTAM_BUDDHA_NAGAR_UTTAR_PRADESH201310_INDIA,PAT_01313
DR_MD_TABREZ_NAFIS_ASSISTANT_PROFESSOR_JAMIA_HAMDARD_DEEMED_UNIVERSITY_NEW_DELHI_110062_INDIA,PAT_01313
DR_PRAMOD_KUMAR_NAIK_DAYANANDA_SAGAR_UNIVERSITY_BENGALURU_KARNATAKA_560068_INDIA,PAT_01313
DR_MANJUNATHA_SC_ASSOCIATE_PROFESSOR_DEPARTMENT_OF_ELECTRICAL_AND_ELECTRONICS_ENGG_NH_4_BY_PASS_ROAD_SJMIT_SRI_JAGADGURU_MURUGARAJENDRA_INST_OF_TECH_CHITRADURGA577502_KARNATAKA_INDIA,PAT_01313
PROF_DR_SANDEEP_SAXENA_DEPARTMENT_OF_CSE_GREATER_NOIDA_INSTITUTE_OF_TECHNOLOGY_PLOT_NO_7_KNOWLEDGE_PARK_II_GREATER_NOIDA_UTTAR_PRADESH_201310_INDIA,PAT_01313
DRGGANESH_KUMAR_RATHINAM_TECHNICAL_CAMPUS_POLLACHI_MAIN_ROAD_EACHANARI_COIMBATORE641021_TAMILNADU_INDIA,PAT_01313
SUDHA_T_ASSISTANT_PROFESSOR_DEPARTMENT_OF_ELECTRICAL_AND_ELECTRONICS_ENGG_NH_4_BY_PASS_ROAD_SJMIT_SRI_JAGADGURU_MURUGARAJENDRA_INST_OF_TECH_CHITRADURGA577502_KARNATAKA_INDIA,PAT_01313
DRPAVITHRAG_ASSOCIATE_PROFESSOR_ELECTRONICS_COMMUNICATION_ENGG_DEPT_ECE_DAYANANDA_SAGAR_COLLEGE_OF_ENGG_DSCE_BLOCK_NO_17_ROOM_NO_17205_KUMARASWAMY_LAYOUT_SHAVIGEMALLESHWARA_HILLS_BANGALORE_560078_KARNATAKA_INDIA,PAT_01313
DRTCMANJUNATH_PROFESSOR_HEAD_OF_THE_DEPT_ELECTRONICS_COMMUNICATION_ENGG_DEPT_ECE_DAYANANDA_SAGAR_COLLEGE_OF_ENGG_DSCE_BLOCK_NO_17_ROOM_NO_208_KUMARASWAMY_LAYOUT_SHAVIGEMALLESHWARA_HILLS_BANGALORE560078_KARNATAKA_INDIA,PAT_01313
DR_G_MARIA_JONES_SATHYABAMA_INSTITUTE_OF_SCIENCE_AND_TECHNOLOGY,PAT_01314
DR_M_SATHISH_KUMAR_CMR_UNIVERSITY,PAT_01314
SBALAMURUGAN,PAT_01315
DR_GADDAM_VENU_GOPAL_DEPARTMENT_OF_PHYSICAL_SCIENCES_INFORMATION_TECHNOLOGY_AGRICULTURAL_ENGINEERING_COLLEGE_AND_RESEARCH_INSTITUTE_TAMIL_NADU_AGRICULTURAL_UNIVERSITY_COIMBATORE641003_TAMILNADU_INDIA,PAT_01315
DR_SHAILENDRA_KUMAR_PAREEK_CARDIAC_ANAESTHETISTS_NARAYANA_MULTISPECIALITY_HOSPITAL_KUMBHA_MARG_PRATAP_NAGAR_SANGANER_SITAPURA_INDUSTRIAL_AREA_SITAPURA_JAIPUR_RAJASTHAN_302033_INDIA,PAT_01315
DR_JAGANNATH_SAMANTA_ASSOCIATE_PROFESSOR_HALDIA_INSTITUTE_OF_TECHNOLOGY_PO_HIT_HALDIA_DIST_PURBA_MEDINIPUR_WEST_BENGAL_PIN721657_INDIA,PAT_01315
DR_TARUN_KUMAR_GHOSH_PROFESSOR_HEAD_DEPT_OF_CSEAIML_HALDIA_INSTITUTE_OF_TECHNOLOGY_PO_HIT_HALDIA_DIST_PURBA_MEDINIPUR_WEST_BENGAL_PIN721657_INDIA,PAT_01315
PANKAJ_JAIN_JECRC_UNIVERSITY_PLOT_NO_IS2036_IS2039_RAMCHANDRAPURA_INDUSTRIAL_AREA_JAIPUR_SITAPURA_VIDHANI_RAJASTHAN_303905_INDIA,PAT_01315
DRSHRIKRISHNA_DHAKAD_PROFESSOR_IN_DEPARTMENT_OF_MECHANICAL_ENGINEERING_UIT_RGPV_SHIVPRI_SATANWADA_DISTRICT_SHIVPURISTATE_MADHYA_PRADESH473551_INDIA,PAT_01315
DR_GEDELA_JAGGA_RAO_RISHI_MS_ENGINEERING_COLLEGE_NIZAMPET_CROSS_ROAD_NEAR_JNTUH_KUKATPALLY_HYDERABAD_TELANGANA_500090_INDIA,PAT_01315
DR_RAJESH_PUROHIT_PROFESSOR_DEPARTMENT_OF_MECHANICAL_ENGINEERING_MANIT_BHOPAL_MAULANA_AZAD_NATIONAL_INSTITUTE_OF_TECHNOLOGY_MANIT_BHOPAL_MADHYA_PRADESH_INDIA_PIN_462003,PAT_01315
DR_KAMLESH_LAKHWANI_JECRC_UNIVERSITY_PLOT_NO_IS2036_IS2039_RAMCHANDRAPURA_INDUSTRIAL_AREA_JAIPUR_SITAPURA_VIDHANI_RAJASTHAN_303905_INDIA,PAT_01315
DR_BHAVNA_SHARMA_ASSOCIATE_PROFESSOR_JECRC_UNIVERSITY_PLOT_NO_IS2036_IS2039_RAMCHANDRAPURA_INDUSTRIAL_AREA_JAIPUR_SITAPURA_VIDHANI_RAJASTHAN_303905_INDIA,PAT_01315
DRMRAMANAN_DEPARTMENT_OF_PHYSICAL_SCIENCES_INFORMATION_TECHNOLOGY_AGRICULTURAL_ENGINEERING_COLLEGE_AND_RESEARCH_INSTITUTE_TAMIL_NADU_AGRICULTURAL_UNIVERSITY_COIMBATORE641003,PAT_01315
C_R_SRINIVASAN_ASSISTANT_PROFESSORSENIOR_SCALE_INSTRUMENTATION_AND_CONTROL_ENGINEERING_MANIPAL_INSTITUTE_OF_TECHNOLOGY_MANIPAL_ACADEMY_OF_HIGHER_EDUCATION_MANIPAL_KARNATAKA_576104_INDIA,PAT_01315
DR_SRIVIDYA_R_ASSOCIATE_PROFESSOR_ELECTRICAL_AND_ELECTRONICS_ENGINEERING_MANIPAL_INSTITUTE_OF_TECHNOLOGY_MANIPAL_ACADEMY_OF_HIGHER_EDUCATION_MANIPAL_KARNATAKA_576104_INDIA,PAT_01315
DRSUHASINI_VK_PRINCIPAL_PROFESSOR_DEPT_OF_MASTER_OF_COMPUTER_APPLICATIONS_MCA_BHARATI_VIDYAPEETHS_INSTITUTE_OF_MANAGEMENT_INFORMATION_TECHNOLOGY_BVIMIT_SECTOR_8_CBD_BELAPUR_NAVIMUMBAI_400614_MAHARASHTRA_INDIA,PAT_01315
DR_KN_VIJAYKUMAR_PROFESSOR_HEAD_OF_THE_DEPT_MECHANICAL_ENGINEERING_NO_U_15_BHAKTIVEDANTA_SWAMI_RD_OPP_COOPER_HOSPITAL_NAVPADA_JVPD_SCHEME_DJ_SANGHVI_COLLEGE_OF_ENGG_VILE_PARLE_WEST_MUMBAI400056_MAHARASHTRA_INDIA,PAT_01315
MR_SANDEEP_KV_ASSISTANT_PROFESSOR_DEPT_OF_ELECTRONICS_TELECOMMUNICATION_ENGG_DAYANANDA_SAGAR_COLLEGE_OF_ENGG_DSCE_KUMARASWAMY_LAYOUT_SHAVIGEMALLESHWARA_HILLS_BANGALORE_560078_KARNATAKA,PAT_01315
MR_RAJASHEKHER_KOYYEDA_ASSISTANT_PROFESSOR_ELECTRICAL_ENGG_DEPT_TATYASAHEB_KORE_INSTITUTE_OF_ENGINEERING_TECHNOLOGY_WARANANAGAR_TAL_PANHALA_DIST_KOLHAPUR_MAHARASHTRA416113,PAT_01315
DRPAVITHRAG_ASSOCIATE_PROFESSOR_ELECTRONICS_COMMUNICATION_ENGG_DEPT_ECE_DAYANANDA_SAGAR_COLLEGE_OF_ENGG_DSCE_BLOCK_NO_17_ROOM_NO_17205_KUMARASWAMY_LAYOUT_SHAVIGEMALLESHWARA_HILLS_BANGALORE_560078_KARNATAKA_INDIA,PAT_01315
DRTCMANJUNATH_PROFESSOR_HEAD_OF_THE_DEPT_ELECTRONICS_COMMUNICATION_ENGG_DEPT_ECE_DAYANANDA_SAGAR_COLLEGE_OF_ENGG_DSCE_BLOCK_NO_17_ROOM_NO_208_KUMARASWAMY_LAYOUT_SHAVIGEMALLESHWARA_HILLS_BANGALORE560078_KARNATAKA_INDIA,PAT_01315
SBALAMURUGAN,PAT_01316
DRMRAMANAN_DEPARTMENT_OF_PHYSICAL_SCIENCES_INFORMATION_TECHNOLOGY_AGRICULTURAL_ENGINEERING_COLLEGE_AND_RESEARCH_INSTITUTE_TAMIL_NADU_AGRICULTURAL_UNIVERSITY_COIMBATORE641003_TAMILNADU_INDIA,PAT_01316
RAMASAMY_V_PHD_ASSOCIATE_PROFESSOR_DEPARTMENT_OF_CSE_VEL_TECH_RANGARAJAN_DRSAGUNTHALA_RD_INSTITUTE_OF_SCIENCE_AND_TECHNOLOGY_DEEMED_TO_BE_UNIVERSITY_AVADI_CHENNAIINDIA_600_062,PAT_01316
MRSGKAVIPRIYA_HINDUSTAN_INSTITUTE_OF_TECHNOLOGY_COIMBATORE641032_TAMILNADU_INDIA,PAT_01316
DRMRAJARAM_DEAN_EES_PARK_COLLEGE_OF_ENGINEERING_AND_TECHNOLOGY_COIMBATORE_641659_TAMILNADU_INDIA,PAT_01316
ANDREWJ_873_MUNIA_SAMY_KOIL_STREET_THOOTHUKUDI_628002_TAMILNADU_INDIA,PAT_01316
DRSHRIKRISHNA_DHAKAD_PROFESSOR_IN_DEPARTMENT_OF_MECHANICAL_ENGINEERING_UIT_RGPV_SHIVPRI_SATANWADA_DISTRICT_SHIVPURISTATE_MADHYA_PRADESH473551_INDIA,PAT_01316
DRVSHANTHI_PROFESSOR_HEAD_DEPT_OF_ECE_PARK_COLLEGE_OF_ENGINEERING_AND_TECHNOLOGY_COIMBATORE_641659_TAMILNADU_INDIA_AFFILIATED_TO_ANNA_UNIVERSITY_CHENNAI,PAT_01316
PROFCPREETHIBHA_DEPT_OF_ECE_PARK_COLLEGE_OF_ENGINEERING_TECHNOLOGYCOIMBATORE_641659_TAMILNADU_INDIA,PAT_01316
DR_ARUN_KUMAR_HIREMATH_ASSOCIATE_PROFESSOR_DEPARTMENT_OF_COMPUTER_SCIENCE_AND_ENGINEERING_BIET_DAVANAGERE_SHAMANUR_RD_BIET_DAVANAGERE_KARNATAKA_577004_INDIA,PAT_01316
NTHANIGAIVEL_ASSISTANT_PROFESSOR_IN_COMPUTER_SCIENCE_AND_ENGINEERING_KRISHNASAMY_COLLEGE_OF_ENGINEERING_AND_TECHNOLOGY_AFFILIATED_TO_ANNA_UNIVERSITY_CHENNAI_ANAND_NAGAR_S_KUMARAPURAM_NELLIKUPPAM_MAIN_ROAD_CUDDALORE_607109_TAMILNADU_INDIA,PAT_01316
M_AROCKIA_RANJITHKUMAR_M_KUMARASAMY_COLLEGE_OF_ENGINEERINGAUTONOMOUS_KARUR_THALAVAPALAYAM_TAMIL_NADU_639113_ANNA_UNIVERSITY,PAT_01316
ARJUN_H_ASSISTANT_PROFESSOR_DEPARTMENT_OF_COMPUTER_SCIENCE_AND_ENGINEERING_BIET_DAVANAGERE_SHAMANUR_RD_BIET_DAVANAGERE_KARNATAKA_577004,PAT_01316
DRPRAKASH_KURAVATTI_ASSOCIATE_PROFESSOR_DEPT_OF_ELECTRONICS_COMMUNICATION_ENGG_ATME_COLLEGE_OF_ENGG_MYSORE_KARNATAKA,PAT_01316
DRSUHASINI_VK_PRINCIPAL_PROFESSOR_DEPT_OF_MASTER_OF_COMPUTER_APPLICATIONS_MCA_BHARATI_VIDYAPEETHS_INSTITUTE_OF_MANAGEMENT_INFORMATION_TECHNOLOGY_BVIMIT_SECTOR_8_CBD_BELAPUR_NAVIMUMBAI_400614_MAHARASHTRA_INDIA,PAT_01316
DR_KN_VIJAYKUMAR_PROFESSOR_HEAD_OF_THE_DEPT_MECHANICAL_ENGINEERING_NO_U_15_BHAKTIVEDANTA_SWAMI_RD_OPP_COOPER_HOSPITAL_NAVPADA_JVPD_SCHEME_DJ_SANGHVI_COLLEGE_OF_ENGG_VILE_PARLE_WEST_MUMBAI400056_MAHARASHTRA_INDIA,PAT_01316
DRPAVITHRAG_ASSOCIATE_PROFESSOR_ELECTRONICS_COMMUNICATION_ENGG_DEPT_ECE_DAYANANDA_SAGAR_COLLEGE_OF_ENGG_DSCE_BLOCK_NO_17_ROOM_NO_17205_KUMARASWAMY_LAYOUT_SHAVIGEMALLESHWARA_HILLS_BANGALORE_560078_KARNATAKA_INDIA,PAT_01316
DRTCMANJUNATH_PROFESSOR_HEAD_OF_THE_DEPT_ELECTRONICS_COMMUNICATION_ENGG_DEPT_ECE_DAYANANDA_SAGAR_COLLEGE_OF_ENGG_DSCE_BLOCK_NO_17_ROOM_NO_208_KUMARASWAMY_LAYOUT_SHAVIGEMALLESHWARA_HILLS_BANGALORE560078_KARNATAKA_INDIA,PAT_01316
SBALAMURUGAN,PAT_01317
DR_V_GOPALA_KRISHNAN_DEPARTMENT_OF_PHYSICS_DR_N_G_P_ARTS_AND_SCIENCE_COLLEGE_COIMBATORE_641048_TAMILNADU_INDIA,PAT_01317
R_RAVIKUMAR_DEPARTMENT_OF_CHEMISTRY_DR_N_G_P_ARTS_AND_SCIENCE_COLLEGE_COIMBATORE_641048_TAMILNADU_INDIA,PAT_01317
MRSGDIVYA_HINDUSTAN_INSTITUTE_OF_TECHNOLOGY_COIMBATORE641032_TAMILNADU_INDIA,PAT_01317
DRTCMANJUNATH_PROFESSOR_HEAD_OF_THE_DEPT_ELECTRONICS_COMMUNICATION_ENGG_DEPT_ECE_DAYANANDA_SAGAR_COLLEGE_OF_ENGG_DSCE_BLOCK_NO_17_ROOM_NO_208_KUMARASWAMY_LAYOUT_SHAVIGEMALLESHWARA_HILLS_BANGALORE560078_KARNATAKA_INDIA,PAT_01317
DR_AMRESH_KUMAR_DEPARTMENT_OF_MATHEMATICS_BABU_BANARASI_DAS_NORTHERN_INDIA_INSTITUTE_OF_TECHNOLOGY_LUCKNOW_UTTAR_PRADESH_INDIA_226028,PAT_01317
RAMASAMY_V_PHD_ASSOCIATE_PROFESSOR_DEPARTMENT_OF_CSE_VEL_TECH_RANGARAJAN_DRSAGUNTHALA_RD_INSTITUTE_OF_SCIENCE_AND_TECHNOLOGY_DEEMED_TO_BE_UNIVERSITY_AVADI_CHENNAIINDIA_600_062,PAT_01317
YALLAPRAGADA_RAVI_RAJU_ASSISTANT_PROFESSOR_DEPARTMENT_OF_COMPUTER_SCIENCE_AND_TECHNOLOGY_MADANAPALLE_INSTITUTE_OF_TECHNOLOGY_AND_SCIENCE_KADIRI_ROAD_ANGALLU_VILLAGE_MADANAPALLE_ANDHRA_PRADESH_517325_INDIA,PAT_01317
DRGGANESH_KUMAR_RATHINAM_TECHNICAL_CAMPUS_POLLACHI_MAIN_ROAD_EACHANARI_COIMBATORE641021_TAMILNADU_INDIA,PAT_01317
MISSALAVANYA_RATHINAM_TECHNICAL_CAMPUS_POLLACHI_MAIN_ROAD_EACHANARI_COIMBATORE641021_TAMILNADU_INDIA,PAT_01317
MRTUDHAYAKUMAR_RATHINAM_TECHNICAL_CAMPUS_POLLACHI_MAIN_ROAD_EACHANARI_COIMBATORE641021_TAMILNADU_INDIA,PAT_01317
MRSPOORNA_PRAKASH_RATHINAM_TECHNICAL_CAMPUS_POLLACHI_MAIN_ROAD_EACHANARI_COIMBATORE641021_TAMILNADU_INDIA,PAT_01317
AVIJAY_MKUMARASAMY_COLLEGE_OF_ENGINEERING_KARUR_THALAVAPALAYAM_TAMIL_NADU_639113_INDIA,PAT_01317
DR_PIYUSH_KUMAR_TRIPATHI_AMITY_UNIVERSITY_UTTAR_PRADESH_LUCKNOW_MALHAUR_NEAR_RAILWAY_STATION_POST_OFFICE_CHINHUT_LUCKNOW_UTTAR_PRADESH_INDIA_226028,PAT_01317
DR_ALOK_AGRAWAL_AMITY_UNIVERSITY_UTTAR_PRADESH_LUCKNOW_MALHAUR_NEAR_RAILWAY_STATION_POST_OFFICE_CHINHUT_LUCKNOW_UTTAR_PRADESH_INDIA_226028,PAT_01317
DR_SUHASINI_VK_PRINCIPAL_PROFESSOR_DEPT_OF_MASTER_OF_COMPUTER_APPLICATIONS_MCA_BHARATI_VIDYAPEETHS_INSTITUTE_OF_MANAGEMENT_INFORMATION_TECHNOLOGY_BVIMIT_SECTOR_8_CBD_BELAPUR_NAVIMUMBAI_400614_MAHARASHTRA_INDIA,PAT_01317
DR_KN_VIJAYKUMAR_PROFESSOR_HEAD_OF_THE_DEPT_MECHANICAL_ENGINEERING_NO_U_15_BHAKTIVEDANTA_SWAMI_RD_OPP_COOPER_HOSPITAL_NAVPADA_JVPD_SCHEME_DJ_SANGHVI_COLLEGE_OF_ENGG_VILE_PARLE_WEST_MUMBAI400056_MAHARASHTRA_INDIA,PAT_01317
DR_MADHURI_PRAVIN_BORAWAKE_ASSISTANT_PROFESSOR_DEPT_OF_COMPUTER_SCIENCE_ENGG_PDEAS_COLLEGE_OF_ENGINEERING_MANJARI_HADAPSAR_PUNE411028_MAHARASHTRA_INDIA,PAT_01317
DR_SINDHU_SREE_M_ASSISTANT_PROFESSOR_ELECTRONICS_COMMUNICATION_ENGG_DEPT_ECE_DAYANANDA_SAGAR_COLLEGE_OF_ENGG_DSCE_BLOCK_NO_17_ROOM_NO_17205_KUMARASWAMY_LAYOUT_SHAVIGEMALLESHWARA_HILLS_BANGALORE_560078_KARNATAKA_INDIA,PAT_01317
DRPAVITHRAG_ASSOCIATE_PROFESSOR_ELECTRONICS_COMMUNICATION_ENGG_DEPT_ECE_DAYANANDA_SAGAR_COLLEGE_OF_ENGG_DSCE_BLOCK_NO_17_ROOM_NO_17205_KUMARASWAMY_LAYOUT_SHAVIGEMALLESHWARA_HILLS_BANGALORE_560078_KARNATAKA_INDIA,PAT_01317
SBALAMURUGAN,PAT_01318
DRBALBIR_SINGH_SAULT_COLLEGE_TORONTO_2340_DUNDAS_ST_W_SUITE_200_TORONTO_ON_M6P_4A9_CANADA_NORTH_AMERICA,PAT_01318
DRPURNENDU_SHEKHAR_PANDEY_KIET_GROUP_OF_INSTITUTIONS_ASSOCIATE_PROFESSOR_DEPARTMENT_OF_CSE_GHAZIABAD_UTTAR_PRADESH_INDIA_201206,PAT_01318
DRPOOJA_TRIPATHI_INDERPRASTHA_ENGG_COLLEGE_GHAZIABAD_UTTAR_PRADESH_201010_INDIA,PAT_01318
DRINDRAJIT_PAN_RCC_INSTITUTE_OF_INFORMATION_TECHNOLOGY_CANAL_S_RD_BELEGHATA_KOLKATA_WEST_BENGAL_700015_INDIA,PAT_01318
DR_SUBHAMITA_MUKHERJEE_TECHNO_MAIN_SALT_LAKE_EM41_SECTOR_V_SALT_LAKE_KOLKATA_PIN_700091,PAT_01318
DRSANDEEP_SAXENA_DEPARTMENT_OF_CSE_GREATER_NOIDA_INSTITUTE_OF_TECHNOLOGY_PLOT_NO_7_KNOWLEDGE_PARK_II_GREATER_NOIDA_UTTAR_PRADESH_201310,PAT_01318
AMAN_KUMAR_DEPARTMENT_OF_PHYSICS_SUSV_MEERUT_SUBHARTIPURAM_NH58_DELHIHARIDWAR_MEERUT_BYPASS_RD_MEERUT_UTTAR_PRADESH_250005,PAT_01318
DR_SHRIKRISHNA_DHAKAD_PROFESSOR_IN_THE_DEPARTMENT_OF_MECHANICAL_ENGINEERING_UITRGPV_DISTRICT_SHIVPURI_STATE_MADHYA_PRADESH_INDIA_PIN_CODE_473551,PAT_01318
RAMASAMY_V_PHD_ASSOCIATE_PROFESSOR_DEPARTMENT_OF_CSE_VEL_TECH_RANGARAJAN_DRSAGUNTHALA_RD_INSTITUTE_OF_SCIENCE_AND_TECHNOLOGY_DEEMED_TO_BE_UNIVERSITY_AVADI_CHENNAIINDIA_600_062,PAT_01318
DRCHANDAN_BANERJEE_NETAJI_SUBHASH_ENGINEERING_COLLEGE_TECHNO_CITY_GARIA_PANCHPOTA_KOLKATA_PIN700152_WEST_BENGAL_INDIA,PAT_01318
MSOWMIYA_ASSISTANT_PROFESSOR_DEPARTMENT_OF_INFORMATION_TECHNOLOGY_MKUMARASAMY_COLLEGE_OF_ENGINEERING_KARUR_THALAVAPALAYAM_TAMIL_NADU_639113_INDIA,PAT_01318
DRDPKOTHARI_EX_DIRECTOR_IIT_DELHI_EX_PRINCIPAL_VNIT_NAGPUR_CHAIRMAN_BOG_TIHRI_HYDRO_INSTITUTION_UTTRAKHAND_EX_VC_VIT_VELLORE_TIRUVALAM_RD_KATPADI_VELLORE_TAMIL_NADU_632014_INDIA,PAT_01318
DR_DHANANJAY_UPASANI_PROF_HEAD_ECE_DEPARTMENT_MIT_SCHOOL_OF_ENGG_SCIENCES_MIT_ART_DESIGN_AND_TECHNOLOGY_UNIVERSITY_RAJBAUGH_LONI_KALBHOR_SOLAPUR_HIGHWAY_NEAR_BHARAT_PETROL_PUMP_LONI_KALBHOR_RAILWAY_STATION_PUNE_412201_MAHARASHTRA_INDIA,PAT_01318
DR_SHUBHANGI_MILIND_JOSHI_ASSISTANT_PROFESSOR_ECE_DEPARTMENT_MIT_SCHOOL_OF_ENGG_SCIENCES_MIT_ART_DESIGN_AND_TECHNOLOGY_UNIVERSITY_RAJBAUGH_LONI_KALBHOR_SOLAPUR_HIGHWAY_NEAR_BHARAT_PETROL_PUMP_LONI_KALBHOR_RAILWAY_STATION_PUNE_412201_MAHARASHTRA_INDIA,PAT_01318
DR_SUHASINI_VK_PRINCIPAL_PROFESSOR_DEPT_OF_MASTER_OF_COMPUTER_APPLICATIONS_MCA_BHARATI_VIDYAPEETHS_INSTITUTE_OF_MANAGEMENT_INFORMATION_TECHNOLOGY_BVIMIT_SECTOR_8_CBD_BELAPUR_NAVIMUMBAI_400614_MAHARASHTRA_INDIA,PAT_01318
DR_KN_VIJAYKUMAR_PROFESSOR_HEAD_OF_THE_DEPT_MECHANICAL_ENGINEERING_NO_U_15_BHAKTIVEDANTA_SWAMI_RD_OPP_COOPER_HOSPITAL_NAVPADA_JVPD_SCHEME_DJ_SANGHVI_COLLEGE_OF_ENGG_VILE_PARLE_WEST_MUMBAI400056_MAHARASHTRA_INDIA,PAT_01318
DRPAVITHRAG_ASSOCIATE_PROFESSOR_ELECTRONICS_COMMUNICATION_ENGG_DEPT_ECE_DAYANANDA_SAGAR_COLLEGE_OF_ENGG_DSCE_BLOCK_NO_17_ROOM_NO_17205_KUMARASWAMY_LAYOUT_SHAVIGEMALLESHWARA_HILLS_BANGALORE_560078_KARNATAKA_INDIA,PAT_01318
DRTCMANJUNATH_PROFESSOR_HEAD_OF_THE_DEPT_ELECTRONICS_COMMUNICATION_ENGG_DEPT_ECE_DAYANANDA_SAGAR_COLLEGE_OF_ENGG_DSCE_BLOCK_NO_17_ROOM_NO_208_KUMARASWAMY_LAYOUT_SHAVIGEMALLESHWARA_HILLS_BANGALORE560078_KARNATAKA_INDIA,PAT_01318
DR_DEEPA_H_A,PAT_01319
DR_ARJUN_KUMAR_G_B,PAT_01320
DR_BALAMURUGAN_M,PAT_01320
DR_NAVEEN_S_M,PAT_01321
DR_ARUNA_P,PAT_01321
DR_C_M_JOSEPH,PAT_01321
MS_S_HEMA_PRIYADARSHINI,PAT_01322
MS_NISHITA_ANAND,PAT_01322
MS_REETH_NALAMITHA,PAT_01322
MS_PAYAL_PUROHIT,PAT_01322
MS_PRATHIBHA_P,PAT_01322
V_G_SANGAM,PAT_01322
DRS_PSHANMUGANATAN,PAT_01323
MR_BANAGAR_RAJENDRA,PAT_01323
MR_GAURAVSHENOY,PAT_01323
MR_KARTHIK_B_M,PAT_01323
DR_HASEEBUDDIN_M_R,PAT_01324
MR_VIVEK_JADHAV,PAT_01324
MR_ADITYA_PEDNEKAR,PAT_01324
MR_ADITYA_VANNE,PAT_01324
MR_DAWAL_MALIK,PAT_01324
DR_N_K_GEETHA,PAT_01325
DRVAIDEHI_M,PAT_01326
MS_AKHILA_H,PAT_01326
MS_AVANTHI_ANAND,PAT_01326
MR_VIJESH_SRIMAL,PAT_01326
MRKARTHIK_S,PAT_01326
MR_BHAT_SHREERAM,PAT_01326
MR_ARCHITH_K,PAT_01326
MS_VANI_S_BADIGER,PAT_01327
DR_GANASHREE_T_S,PAT_01327
MS_APARNA_M,PAT_01328
MR_SRIVATHSA_N_RAO,PAT_01328
MS_MANDHALAPU_DAKSHITHA,PAT_01328
MR_MAHEK_TAJAMMUL,PAT_01328
MR_KARTHIK_RAJU_R,PAT_01328
DR_SUMA_V,PAT_01329
MR_KAUSTHUB_K,PAT_01329
MR_JYOTISH_CHANDRA_K,PAT_01329
MR_ADITYA_CHATTA_SRINIVAS,PAT_01329
MR_SAAD_IBRAHIM_KHAN,PAT_01329
MR_SANJEEV_T_P,PAT_01330
DR_SONI_M,PAT_01331
DR_ABRAHAM_GEORGE,PAT_01331
DR_SUMA_V,PAT_01332
MR_OMKAR_RAJESH,PAT_01332
DR_RUDRESH_M,PAT_01333
MR_AYUSH_SHETTY,PAT_01333
MR_GAGANA_B,PAT_01333
MR_GNANA_SHIBI_M,PAT_01333
MRSUDEEP_S_BELLAVI,PAT_01333
MS_NAMITHA_K,PAT_01334
MS_CIA_SHETTY,PAT_01334
DR_VINDHYA_P_MALAGI,PAT_01334
DR_SJENORIS_MUTHIYA,PAT_01335
MR_GUTHA_MANIKANTA,PAT_01335
DR_NAVEENA_BE,PAT_01335
DR_BLESSY_BABY_MATHEW,PAT_01336
MS_AISIRI_S,PAT_01336
MS_RV_GAYATHRI,PAT_01336
MS_KAREENA_VALECHA,PAT_01336
MS_NAINIKA_SHARMA,PAT_01336
DR_L_RAMESH_TIPS_COLLEGE_OF_ARTS_AND_SCIENCE,PAT_01337
DRASSHANTHI_TAMILNADU_COLLEGE_OF_ENGINEERING,PAT_01337
DRDSATHYADAYANANDA_SAGAR_COLLEGE_OF_ENGINEERING,PAT_01337
DR_M_SURESH_QIS_COLLEGE_OF_ENGINEERING_AND_TECHNOLOGY,PAT_01337
DRNSARANYA_KPR_INSTITUTE_OF_ENGINEERING_AND_TECHNOLOGY,PAT_01337
MR_SARAVANA_PRABHU_SUBRAMANIAM_KLA_INDIA_SOFTWARE_PRIVATE_LIMITED,PAT_01337
DR_JEBAKUMAR_IMMANUEL_D_SNS_COLLEGE_OF_ENGINEERING,PAT_01337
LALIT_KUMAR_SAGAR_LKS_SRMIST,PAT_01338
DRLINGAM_SAMPATH_BALAJI_INSTITUTE_OF_MANAGEMENT_SCIENCES,PAT_01338
MSHEMA_NEELAM_BALAJI_INSTITUTE_OF_MANAGEMENT_SCIENCES,PAT_01338
PROF_ALOK_CHAUHAN_MEERUT_INSTITUTE_OF_TECHNOLOGY,PAT_01338
DR_RUCHI_PANDEY_GGITS_JABALPUR,PAT_01338
DR_K_DEVI_DAV_AUTONOMOUS_COLLEGE,PAT_01338
DRABDULSATTAR_ABDULLAH_HAMAD_MADURAI_KAMARAJ_UNIVERSITY,PAT_01338
DR_SOURABH_KUMAR_JAIN_RESEARCH_FOUNDATION_OF_INDIA,PAT_01338
DR_DEVADUTTA_INDORIA_VIKRAM_DEB_GOVERNMENT_AUTONOMOUS_COLLEGE,PAT_01338
DRUDAYAKUMAR_DURAIRAJ_LINTON_UNIVERSITY_COLLEGE,PAT_01338
DR_TCMANJUNATH_DAYANANDA_SAGAR_COLLEGE_OF_ENGG_DSCE,PAT_01338
DR_PAVITHRA_G_DAYANANDA_SAGAR_COLLEGE_OF_ENGG_DSCE,PAT_01338
MOQDAD_IBRAHIM_JASSEM_UNIVERSITI_PENDIDIKAN_SULTAN_IDRIS,PAT_01339
DRNARESH_GUDURU_BALAJI_INSTITUTE_OF_TECHNOLOGY_AND_SCIENCE,PAT_01339
DRSWAPNAT_CVR_COLLEGE_OF_ENGINEERING,PAT_01339
DR_ARSALAN_MUJAHID_GHOURI_UNIVERSITI_PENDIDIKAN_SULTAN_IDRIS,PAT_01339
DR_RUCHI_PANDEY_GGITS_JABALPUR,PAT_01339
DR_DEVADUTTA_INDORIA_VIKRAM_DEB_GOVERNMENT_AUTONOMOUS_COLLEGE,PAT_01339
ALNOMAN_MUNDHER_TAYYEH_MANGALORE_UNIVERSITY,PAT_01339
DRABDULSATTAR_ABDULLAH_HAMAD_MADURAI_KAMARAJ_UNIVERSITY,PAT_01339
DR_KDEVI_DAV_AUTONOMOUS_COLLEGE,PAT_01339
DR_MAKARAND_UPADHYAYA_UNIVERSITY_OF_BAHRAIN,PAT_01339
DR_TCMANJUNATH_DAYANANDA_SAGAR_COLLEGE_OF_ENGG_DSCE,PAT_01339
DR_PAVITHRA_G_DAYANANDA_SAGAR_COLLEGE_OF_ENGG_DSCE,PAT_01339
LINKAN_PRIYADARSINI_KALINGA_INSTITUTE_OF_INDUSTRIAL_TECHNOLOGY,PAT_01340
DR_SHUBHASRI_KUNDU_KALINGA_INSTITUTE_OF_INDUSTRIAL_TECHNOLOGY,PAT_01340
DR_MANOJ_KUMAR_MAHARANA_KALINGA_INSTITUTE_OF_INDUSTRIAL_TECHNOLOGY,PAT_01340
AR_ARAVIND_PRINCE_SHRI_VENKATESHWARA_PADMAVATHY_ENGINEERING_COLLEGE,PAT_01340
DRSRAVIKUMAR_BSAR_CRESCENT_INSTITUTE_OF_SCIENCE,PAT_01340
DR_D_GOPINATH_SRM_INSTITUTE_OF_SCIENCE_AND_TECHNOLOGY,PAT_01340
DR_ABDUL_RAHMAN_H_MAHATMA_GANDHI_UNIVERSITY,PAT_01340
DRNOOKALA_VENU_BALAJI_INSTITUTE_OF_TECHNOLOGY_SCIENCE,PAT_01340
DRSWAPNA_T_CVR_COLLEGE_OF_ENGINEERING,PAT_01340
MRKALLEPELLI_SRIKANTH_BALAJI_INSTITUTE_OF_TECHNOLOGY_SCIENCE,PAT_01340
DR_PAVITHRA_G_DAYANANDA_SAGAR_COLLEGE_OF_ENGG_DSCE,PAT_01340
DR_TCMANJUNATH_DAYANANDA_SAGAR_COLLEGE_OF_ENGG_DSCE,PAT_01340
DR_ABHISHEK_M_BDAYANANDA_SAGAR_COLLEGE_OF_ENGINEERING,PAT_01341
MANASA_RDAYANANDA_SAGAR_COLLEGE_OF_ENGINEERING,PAT_01341
VIBHA_T_GDAYANANDA_SAGAR_COLLEGE_OF_ENGINEERING,PAT_01341
DEEKSHA_MALVAS_INSTITUTE_OF_ENGINEERING_AND_TECHNOLOGY,PAT_01341
BINDU_H_MDAYANANDA_SAGAR_COLLEGE_OF_ENGINEERING,PAT_01341
DRNOOKALA_VENU_BALAJI_INSTITUTE_OF_TECHNOLOGY_SCIENCE,PAT_01342
PROFSPALANIKUMAR_AMET_DEEMED_TO_BE_UNIVERSITY,PAT_01342
DRSWAPNA_T_CVR_COLLEGE_OF_ENGINEERING,PAT_01342
MRKALLEPELLI_SRIKANTH_BALAJI_INSTITUTE_OF_TECHNOLOGY_SCIENCE,PAT_01342
DRSRAVIKUMAR_BSAR_CRESCENT_INSTITUTE_OF_SCIENCE,PAT_01342
DRSKALIAPPAN_KUMARAGURU_COLLEGE_OF_TECHNOLOGY,PAT_01342
MRSBALAMURUGAN_SRI_KRISHNA_COLLEGE_OF_ENGINEERING_AND_TECHNOLOGY,PAT_01342
DR_SUMANA_B_K_MAHARANIS_WOMENS_COMMERCE_AND_MANAGEMENT_COLLEGE,PAT_01342
SIDDAPPAJIMR_SIR_M_VISVESVARAYA_INSTITUTE_OF_TECHNOLOGY,PAT_01342
DR_PAVITHRA_G_DAYANANDA_SAGAR_COLLEGE_OF_ENGG_DSCE,PAT_01342
DR_TCMANJUNATH_DAYANANDA_SAGAR_COLLEGE_OF_ENGG_DSCE,PAT_01342
DRNOOKALA_VENU,PAT_01343
DRJOSHIVINAYAKBHALACHANDRA,PAT_01343
DR_ANAMIKA,PAT_01343
GIRAJA_SHANKAR_CHAURASIA,PAT_01343
C_JEEVA,PAT_01343
S_GANGADHARA_T_VENKADESH,PAT_01343
S_SENTHILMURUGAN,PAT_01343
RAJAT_SRIVASTAVA,PAT_01343
DRRAM_SUBBIAH,PAT_01343
DRMARKARAND_UPADHYAYA,PAT_01343
NEHA_SEHRAWAT,PAT_01343
DR_PAVITHRA_G,PAT_01343
DR_TCMANJUNATH,PAT_01343
UPPALA_SAIPRASANRAJ_JYOTHISHMATHI_INSTITUTE_OF_TECHNOLOGY_SCIENCE,PAT_01344
RAJAT_SRIVASTAVA_NATIONAL_UNIVERSITY_OF_SCIENCE_AND_TECHNOLOGY,PAT_01344
DR_RARUNBHARATHI_SRI_KRISHNA_COLLEGE_OF_ENGINEERING_AND_TECHNOLOGY,PAT_01344
MSIVARAMKRISHNAN_KARPAGAM_COLLEGE_OF_ENGINEERING,PAT_01344
DRMSIVA_RAMKUMAR_KARPAGAM_ACADEMY_OF_HIGHER_EDUCATION,PAT_01344
SAGAR_B_S_REVA_UNIVERSITY,PAT_01344
MARUTHI_GOWDA_T_REVA_UNIVERSITY,PAT_01344
JENO_PAULP_ADI_SHANKARA_INSTITUTE_OF_ENGINEERING_AND_TECHNILOGY,PAT_01344
DR_K_JEYALAKSHMI_PSNA_COLLEGE_OF_ENGINEERING_AND_TECHNOLOGY,PAT_01344
DR_SHIVAPPA_HA_DR_AMBEDKAR_INSTITUTE_OF_TECHNOLOGY,PAT_01344
DR_PAVITHRA_G_DAYANANDA_SAGAR_COLLEGE_OF_ENGG_DSCE,PAT_01344
DR_TCMANJUNATH_DAYANANDA_SAGAR_COLLEGE_OF_ENGG_DSCE,PAT_01344
FR_DRD_SUNDER_REDDYST_JOSEPHS_DEGREE_PG_COLLEGE,PAT_01345
DR_NAZIYA_HUSSAINIPS_ACADEMY,PAT_01345
DR_GOUTHAM_M_AADICHUNCHANAGIRI_INSTITUTE_OF_TECHNOLOGY,PAT_01345
DRRAVIPRAKASH_MTHE_OXFORD_COLLEGE_OF_ENGINEERING,PAT_01345
DR_CA_KISHORE_S_PESHORISMT_MITHIBAI_MOTIRAM_KUNDNANI_COLLEGE,PAT_01345
DR_RAJESH_KUMAR_PATJOSHINATIONAL_INSTITUTE_OF_SCIENCE_AND_TECHNOLOGY_AUTONOMOUS,PAT_01345
CHMH_SAIBABAKONERU_LAKSHMAIAH_EDUCATION_FOUNDATION,PAT_01345
SOUMYA_RANJAN_JENAVEL_TECH_RANGARAJAN_DRSAGUNTHALA_RD_INSTITUTE_OF_SCIENCE_TECHNOLOGY,PAT_01345
DRMPOMPAPATHIRVR_JC_COLLEGE_OF_ENGINEERING,PAT_01345
SAMPATH_KUMAR_BGM_INSTITUTE_OF_TECHNOLOGY,PAT_01345
VINIT_GUPTAMEDICAPS_UNIVERSITY_INDORE,PAT_01345
DR_PAVITHRA_GDAYANANDA_SAGAR_COLLEGE_OF_ENGG_DSCE,PAT_01345
DRJOSHIVINAYAKBHALACHANDRA,PAT_01346
MR_PAGALLA_BHAVANI_SHANKAR_UNIVERSITY_COLLEGE_OF_ENGINEERING_TECHNOLOGY_KRISHNA_UNIVERSITY,PAT_01346
DRSIDAGOUDA_PATIL_VSMS_BBA_BCA_AND_DEGREE_COLLEGE,PAT_01346
SUNEEL_C_SHINDE_KLE_SOCIETYS_KLE_COLLEGE_OF_ENGINEERING_AND_TECHNOLOGY,PAT_01346
CHIDAMBAR_JOSHI_VSMS_BBA_BCA_AND_DEGREE_COLLEGE,PAT_01346
NITIN_MUGADE_VSMS_BBA_BCA_AND_DEGREE_COLLEGE,PAT_01346
DR_MANJUNATH_M,PAT_01346
PRASANNA_M_KULKARNI,PAT_01346
PRIYANKA_D_SAVEETHA_SCHOOL_OF_ENGINEERING,PAT_01346
DRMARKARAND_UPADHYAYA_UNIVERSITY_OF_BAHRAIN,PAT_01346
DRMTHILLAINAYAKI_NEHRU_ARTS_AND_SCIENCE_COLLEGE,PAT_01346
SABARIMUTHU_M_KONGU_ENGINEERING_COLLEGE,PAT_01346
DR_PAVITHRA_G_DAYANANDA_SAGAR_COLLEGE_OF_ENGG_DSCE,PAT_01346
DR_TCMANJUNATH_DAYANANDA_SAGAR_COLLEGE_OF_ENGG_DSCE,PAT_01346
PROF_AJAY_KS_SINGHOLI_GBPANT_ENGINEERING_COLLEGE,PAT_01347
DR_RAJKUMAR_NATARAJAN_ECLERX,PAT_01347
DRG_KUMARAVEL_UNIVERSITY_OF_TECHNOLOGY_AND_APPLIED_SCIENCES_IBRI,PAT_01347
DRSKIRITHIGA,PAT_01347
ANITA_PRITAM_COLLEGE_OF_ENGINEERING_AND_TECHNOLOGY,PAT_01347
MAITRI_MALLICK_KMBB_COLLEGE_OF_ENGINEERING_AND_TECHNOLOGY,PAT_01347
DR_SHIVAPPA_HA_DR_AMBEDKAR_INSTITUTE_OF_TECHNOLOGY,PAT_01347
DR_MAKARAND_UPADHYAYA_UNIVERSITY_OF_BAHRAIN,PAT_01347
LAKSHMI_DEVADAS_ETAP_AUTOMATION_PVT_LTD,PAT_01347
JENOPAUL_P_ADI_SHANKARA_INSTITUTE_OF_ENGINEERING_AND_TECHNILOGY,PAT_01347
L_VADIVEL_KANNAN_PSNA_COLLEGE_OF_ENGINEERING_AND_TECHNOLOGY,PAT_01347
DR_PAVITHRA_G_DAYANANDA_SAGAR_COLLEGE_OF_ENGG,PAT_01347
DR_TCMANJUNATH_DAYANANDA_SAGAR_COLLEGE_OF_ENGG,PAT_01347
DR_K_ARUN_VASANTHA_GEETHAN_ST_JOSEPHS_INSTITUTE_OF_TECHNOLOGY,PAT_01348
DRDSENGENI_CK_COLLEGE_OF_ENGINEERING_AND_TECHNOLOGY,PAT_01348
DRSRIDEVI_ARUMUGAM_ADITHYA_INSTITUTE_OF_TECHNOLOGY,PAT_01348
DRLANITHAB_KARPAGAM_ACADEMY_OF_HIGHER_EDUCATION,PAT_01348
VENKATARAMANK_KGISL_INSTITUTE_OF_TECHNOLOGY,PAT_01348
RAJAT_SRIVASTAVA_UNIVERSITY_OF_PETROLEUM_AND_ENERGY_STUDIES,PAT_01348
DR_CHANDRASHEKAR_K_SJB_INSTITUTE_OF_TECH,PAT_01348
DR_SHIVAPPA_HA_DR_AMBEDKAR_INSTITUTE_OF_TECHNOLOGY,PAT_01348
DR_PAVITHRA_G_DAYANANDA_SAGAR_COLLEGE_OF_ENGG_DSCE,PAT_01348
DRIJERIN_LENO_DMI_ST_JOHN_THE_BAPTIST_UNIVERSITY,PAT_01348
DR_GLORINDAL_SELVAM_DMI_ST_JOHN_THE_BAPTIST_UNIVERSITY,PAT_01348
M_SATHISH_KUMAR_HINDUSTHAN_COLLEGE_OF_ENGINEERING_TECHNOLOGY,PAT_01348
PKAVIYA_PRIYA_HINDUSTHAN_COLLEGE_OF_ENGINEERING_AND_TECHNOLOGY,PAT_01348
TSAKTHI_SREE_HINDUSTHAN_COLLEGE_OF_ENGINEERING_AND_TECHNOLOGY,PAT_01348
SHAIK_RAHAMAT_BASHA_RAJEEV_GANDHI_MEMORIAL_COLLEGE_OF_ENGINEERING_AND_TECHNOLOGY,PAT_01349
MOQDAD_IBRAHIM_JASSEM_UNIVERSITY_PENDIDIKAN_SULTAN_IDRIS,PAT_01349
HAMEED_HASAN_KHALAF_TIKRIT_UNIVERSITY,PAT_01349
ABDULSATTAR_ABDULLAH_HAMAD_MADURAI_KAMARAJ_UNIVERSITY,PAT_01349
RAJAT_SRIVASTAVA_UNIVERSITY_OF_PETROLEUM_AND_ENERGY_STUDIES,PAT_01349
FAROOK_NEHAD_ABED_IMAM_ALADHAM_GOLLEGE,PAT_01349
DR_CHANDRASHEKAR_K_SJB_INSTITUTE_OF_TECH,PAT_01349
DR_SHIVAPPA_HA_DR_AMBEDKAR_INSTITUTE_OF_TECHNOLOGY,PAT_01349
DR_PAVITHRA_G_DAYANANDA_SAGAR_COLLEGE_OF_ENGG_DSCE,PAT_01349
DRIJERIN_LENO_DMI_ST_JOHN_THE_BAPTIST_UNIVERSITY,PAT_01349
DR_GLORINDAL_SELVAM_DMI_ST_JOHN_THE_BAPTIST_UNIVERSITY,PAT_01349
VENKATESH_R_PSNA_COLLEGE_OF_ENGINEERING_AND_TECHNOLOGY,PAT_01349
DRM_THANGAMANI_KONGU_ENGINEERING_COLLEGE,PAT_01349
DRVARULKUMAR_ASSISTANT_PROFESSOR_SRI_KRISHNA_COLLEGE_OF_ENGINEERING_AND_TECHNOLOGY,PAT_01350
DR_V_S_MANJULA_COLLEGE_OF_INFORMATICS_WOLLO_UNIVERSITY,PAT_01350
MR_A_RANJITH_ST_JOSEPH_UNIVERSITY_IN_TANZANIA,PAT_01350
MRSAROCKIA_JAYADHAS_JOSEPH_UNIVERSITY_IN_TANZANIA,PAT_01350
DR_SHASHI_RAJ_K_DAYANANDA_SAGAR_COLLEGE_OF_ENGINEERING,PAT_01350
DR_PRAKASH_KURAVATTI_ATME_COLLEGE_OF_ENGINEERING,PAT_01350
DR_N_P_G_BHAVANISAVEETHA_SCHOOL_OF_ENGINEERING,PAT_01351
MR_T_CH_ANIL_KUMARVFSTR_DEEMED_TO_BE_UNIVERSITY,PAT_01351
MR_HAQQANI_ARSHADYANBU_INDUSTRIAL_COLLEGE,PAT_01351
DR_PRATHIK_JAIN_SDAYANANDA_SAGAR_COLLEGE_OF_ENGINEERING,PAT_01351
PROF_PRERANA_CHAITHRAVISVESWARAYA_TECHNOLOGICAL_UNIVERSITY,PAT_01351
DR_SHANTHARAM_NAYAKVISVESWARAYA_TECHNOLOGICAL_UNIVERSITY,PAT_01351
DRAKSHAVENI_GBMSITM,PAT_01351
VASANTHAMMA_HPROUDHADEVARAYA_INSTITUTE_OF_TECHNOLOGY,PAT_01351
SHAHIDA_BEGUMPDIT,PAT_01351
MANJULA_S_DEVARGAONPROUDHADEVARAYA_INSTITUTE_OF_TECHNOLOGY,PAT_01351
DR_KIRANKUMAR_Y_BENDIGERIBASAVESHWAR_ENGINEERING_COLLEGE_AUTONOMOUS,PAT_01351
DR_SANTOSH_B_KUMBALAVATIBASAVESHWAR_ENGINEERING_COLLEGE_AUTONOMOUS,PAT_01351
VADDEMPUDI_KOTESWARA_RAOPRAKASAM_ENGINEERING_COLLEGE,PAT_01352
DR_PAVAN_TEJASVI_TDR_AMBEDKAR_INSTITUTE_OF_TECHNOLOGY,PAT_01352
DR_RANJITH_V_DR_AMBEDKAR_INSTITUTE_OF_TECHNOLOGY,PAT_01352
DRKARTHIK_RAJ_K_VSJB_INSTITUTE_OF_TECHNOLOGY,PAT_01352
DR_BHANUPRATAP_RDR_AMBEDKAR_INSTITUTE_OF_TECHNOLOGY,PAT_01352
DR_SIDRAMSRI_JAYACHAMARAJENDRA_COLLEGE_OF_ENGINEERING,PAT_01352
DR_BHARATH_V_GCMR_UNIVERSITY,PAT_01352
SURESH_PDAYANANDA_SAGAR_COLLEGE_OF_ENGINEERING,PAT_01352
ABHINANDAN_SARKARSHREE_RAMKRISHNA_INSTITUTE_OF_SCIENCE_AND_TECHNOLOGY,PAT_01352
DR_LALIT_S_THAKURPARUL_UNIVERSITY,PAT_01352
ABHINAV_SAMRITA_VISWA_VIDYAPEETM,PAT_01352
DRHASAN_KOTENISTANBUL_MEDENIYET_UNIVERSITY,PAT_01352
DR_SURESH_KUMAR_AGARWALINTERNATIONAL_INSTITUTE_OF_LIFESTYLE_MANAGEMENT,PAT_01353
S_HEMA_PRIYADARSHINI_DAYANANDA_SAGAR_COLLEGE_OF_ENGINEERING,PAT_01353
DR_NEELIMA_PRIYANKA_NUTULAPATISRK_INSTITUTE_OF_TECHNOLOGY,PAT_01353
DR_CATHERINE_T_JRMK_COLLEGE_OF_ENGINEERING_AND_TECHNOLOGY,PAT_01353
AKSHATHA_HARI_BHATVIDYALANKAR_INSTITUTE_OF_TECHNOLOGY,PAT_01353
MR_SP_COWSIGANKPR_INSTITUTE_OF_ENGINEERING_AND_TECHNOLOGY,PAT_01353
PRAFUL_NANDANKARGOVERNMENT_ENGINEERING_COLLEGE,PAT_01353
MR_T_CH_ANIL_KUMARVFSTR_DEEMED_TO_BE_UNIVERSITY,PAT_01353
MR_HAQQANI_ARSHADYANBU_INDUSTRIAL_COLLEGE,PAT_01353
DR_BHAGYASHREE_AMBORECAMBRIDGE_INSTITUTE_OF_TECHNOLOGY,PAT_01353
DR_HARSHITA_VACHHANIPRATIBHA_COLLEGE_OF_COMMERCE_AND_COMPUTER_STUDIES,PAT_01353
KHALLIKKUNAISAHKBK_COLLEGE_OF_ENGINEERING,PAT_01353
RAJESH_A_SMAHARAJA_INSTITUTE_OF_ENGINEERING,PAT_01353
DR_SUCHANA_MISHRA,PAT_01354
NAVAN_N_R,PAT_01354
NAMRATHA_REDDY_K,PAT_01354
PRAVEEN_KUMAR_S_P,PAT_01354
DR_DINESHA_P,PAT_01355
DR_SHASHIRAJ_R_K,PAT_01355
DR_MANASA_R_K,PAT_01355
DR_MADHURA_R,PAT_01355
DR_TRUPTI_S_TAGARE,PAT_01355
DR_VINAY_N_A,PAT_01355
BINDU_H_M,PAT_01355
ASHWINI_GOWDA_H_B,PAT_01355
DR_SUCHANA_MISHRA,PAT_01356
VAMSHI_D_N,PAT_01356
PRAJWAL_KUMAR,PAT_01356
SURJITH_RAJ,PAT_01356
VISHAL,PAT_01356
MRS_SHRUTI_R_GUNAGA,PAT_01357
DR_SUMANA_S,PAT_01357
DR_GOPISETTI_MANIKANTA,PAT_01357
MS_MEHAK_FIRDOSE,PAT_01357
MS_NAVYA_S,PAT_01357
MR_MOHAMMED_IDREES,PAT_01357
MR_THARUNI_B_NAVEENAKUMARA,PAT_01357
DR_SUMANA_S,PAT_01358
MRS_SHRUTI_R_GUNAGA,PAT_01358
DR_GOPISETTI_MANIKANTA,PAT_01358
MANJULA_S,PAT_01358
MARULA_SIDDESH_K_A,PAT_01358
DIVYA_RANI_M,PAT_01358
BHAVANA_T,PAT_01358
KAVITHA_K,PAT_01359
AATHIRA_ANIL,PAT_01359
NANDINI_B_J,PAT_01359
PAVAN_NAIK_C,PAT_01359
VINOD_N_K,PAT_01359
DR_GEETHA_N_K,PAT_01360
VIGNESH_T,PAT_01360
DR_VIMALA_DEVI_J,PAT_01361
DR_KAVITHA_K_S,PAT_01361
DR_SAPNA,PAT_01361
MS_V_SONIA_DEVI,PAT_01361
DR_VINOD_H_C,PAT_01361
MS_PAVITHA_U_S,PAT_01361
DR_SARALA_D_V,PAT_01361
DR_RAJESHWARI_M_R,PAT_01361
MR_SHIVARAJ_VEERAPPA_BANAKAR,PAT_01361
DRIFFATHFAWAD,PAT_01362
DR_SANDEEP_K_V,PAT_01362
MR_NADEEM_PASHA,PAT_01362
MR_RAJATH_G_R,PAT_01362
DR_DRUVA_KUMAR_S,PAT_01362
DR_SANTOSH_KUMAR_R,PAT_01362
MR_CHETAN_UMADI,PAT_01362
DR_M_DINAMANI,PAT_01363
DR_H_N_SOWMYA,PAT_01363
DR_NEETHU_URS,PAT_01363
DR_DEEPTHI_B_P,PAT_01363
DR_R_SHANTHI_VENGADESHWARI,PAT_01363
MS_MEGHASHREE_M,PAT_01363
DR_VINOD_H_C,PAT_01363
DR_M_SENNAPPAN,PAT_01363
DR_PRADEEP_I,PAT_01363
MS_VIDYASHREE_J_C,PAT_01363
DR_SANTHOSH_B,PAT_01364
PROF_CHETAN_UMADI,PAT_01364
PROF_CJAYANTH,PAT_01364
PURUSHOTHAM_CN,PAT_01364
PRASHANTH_RAGHU,PAT_01364
DHANUSH_D_B,PAT_01364
DR_SMITHA_SASI,PAT_01365
DR_RAJESWARI_P,PAT_01365
PRASHANTH_RAGHU,PAT_01365
DHANUSH_D_B,PAT_01365
PRASHANTH_RAGHU,PAT_01366
DHANUSH_D_B,PAT_01366
DR_SANTHOSH_B,PAT_01366
PRASHANTH_RAGHU,PAT_01367
DHANUSH_D_B,PAT_01367
DRSMITHA_SASI,PAT_01367
MR_SANDEEP_KUMAR,PAT_01368
DR_NIKITA_GUPTA,PAT_01368
MR_RAHUL_DOGRA,PAT_01368
DR_SUJIT_KUMAR,PAT_01368
DR_ANUBHAV_KUMAR_PANDEY,PAT_01368
DR_NANDINI_K_K,PAT_01368
DR_MANIKANTA_G,PAT_01368
DR_SUJIT_KUMAR,PAT_01369
DR_ANUBHAV_KUMAR_PANDEY,PAT_01369
DR_MANIKANTA_G,PAT_01369
DR_NANDINI_K_K,PAT_01369
DR_MURALI_MATCHA,PAT_01369
DR_APOORVA_SAHU,PAT_01369
MRS_KAVANA_SALIMATH,PAT_01370
REUBEN_SAMUEL_GEORGE,PAT_01370
ROBIN_KUMAR_KOHAR,PAT_01370
SUMIT_KUMAR_SHAH,PAT_01370
VINUTHA,PAT_01370
DR_SUJIT_KUMAR,PAT_01370
DAYANANDA_SAGAR_COLLEGE_OF_ENGINEERING,PAT_01371
MS_NAGARATHNAMMA_K_G,PAT_01371
DR_SOWMYA_K,PAT_01371
DR_RADHA_GUPTA,PAT_01371
MS_KOMALA_C_S,PAT_01371
MS_PADMAJA_C,PAT_01371
MS_SAVITHRI_H,PAT_01371
DR_D_R_SASIREKHA,PAT_01371
DR_CHITRA_RAMAPRAKASH,PAT_01371
MS_YAMUNA_B,PAT_01371
DR_AMRUTHA_LAKSHMI,PAT_01371
MS_SANDRA_JASTIN,PAT_01371
DR_UMA_B,PAT_01372
DR_ARPITA_PAUL_CHOWDHURY,PAT_01372
DR_G_VIDHYA,PAT_01372
DR_PRADEEP_I,PAT_01372
DR_SWARNALATA_SWAIN,PAT_01372
DR_RAVINDRANATH_C,PAT_01372
DR_VINUTA_VISHNU_KAMAT,PAT_01372
DR_ARAVIND_NESARAGI,PAT_01372
MS_HARSHITHA_M,PAT_01372
DR_MEENA_S,PAT_01372
MRS_SHRUTI_R_GUNAGA,PAT_01373
DR_SUMANA_S,PAT_01373
MRS_TANUJA_H,PAT_01373
MS_SUPRIYA_J,PAT_01373
DR_SILPA_AJITH_KUMAR,PAT_01373
MR_MUKUNDASWAMY_M_S,PAT_01373
DR_RADHA_GUPTA,PAT_01374
DR_PRAMOD_NAIK,PAT_01374
DR_RAVINDER_SINGH_KUNTAL,PAT_01374
DR_ANITA_CHATURVEDI,PAT_01374
DR_KOKILA_RAMESH,PAT_01374
DR_PRASANNA_KUMARA_B_C,PAT_01374
DR_D_R_SASIREKHA,PAT_01374
DR_SOWMYA_K,PAT_01374
DR_SHILPA_B,PAT_01374
MS_YAMUNA_B,PAT_01374
MS_NAGARATHNAMMA_K_G,PAT_01374
MS_PADMAJA_C,PAT_01374
MS_KOMALA_C_S,PAT_01374
DR_SUJIT_KUMAR,PAT_01375
DR_MANIKANTA_G,PAT_01375
DR_ANUBHAV_KUMAR_PANDEY,PAT_01375
DR_SUCHANA_MISHRA,PAT_01375
MRS_KAVANA_SALIMATH,PAT_01375
DR_ARPITA_PAUL_CHOWDHURY,PAT_01376
DR_K_KESHAVAMURTHY,PAT_01376
DR_DINAMANI_M,PAT_01376
DR_H_N_SOWMYA,PAT_01376
DR_VIDYA_G,PAT_01376
DR_NEETHU_URS,PAT_01376
DR_RESHMA_E_K,PAT_01376
MRS_MEGHASHREE_M,PAT_01376
RAHUL_SHARMA,PAT_01377
DR_K_N_PUSHPALATHA,PAT_01377
SHIVANSHU_SINGH,PAT_01377
DR_SAPNA_P_J,PAT_01377
DR_DEEPA_N_P,PAT_01377
DR_SHASHI_RAJ_K,PAT_01377
PRATIKSHA_SAHOO,PAT_01377
RISHAV_JAISWAL,PAT_01377
DR_CHANDRAKALA_B_M,PAT_01378
DR_LATHA_A_P,PAT_01378
DR_MARY_CHERIAN,PAT_01378
DR_SHOBHA_N,PAT_01378
DR_SUJIT_KUMAR,PAT_01379
MS_SUPRIYA_J,PAT_01379
MS_SHRUTI_R_GUNAGA,PAT_01379
DR_SUCHANA_MISHRA,PAT_01379
DR_MANIKANTA_G,PAT_01379
DR_MADHURA_J,PAT_01380
PROF_BHARATH_BC,PAT_01380
SHREYAS_MARSHAL_V,PAT_01380
TARANA_S_SHETTY,PAT_01380
SAHITHI_CHOWDARY_B,PAT_01380
SANJANA_UMESH_ROHRA,PAT_01380
DR_RAMESH_BABU_D_R,PAT_01381
DR_RAMYA_R_S,PAT_01381
DR_KRISHNAN_RANGARAJAN,PAT_01381
NIKHIL_Y_DIXIT,PAT_01381
HARPREET_KAUR_THIND,PAT_01381
DR_SUMANA_S,PAT_01382
MRS_TANUJA_H,PAT_01382
MS_SUPRIYA_J,PAT_01382
MRS_SHRUTI_R_GUNAGA,PAT_01382
P_USHA,PAT_01383
SUGANTHI_N,PAT_01383
ANAND_MOHAN_PANDEY,PAT_01383
RITESH_KUMAR,PAT_01383
RISHABH_DADHICH,PAT_01383
YAMAN_SINGH,PAT_01383
DR_HEMAVATHI_B,PAT_01384
DR_SHASHANK_TIDKE,PAT_01384
DR_VIDYA_G,PAT_01384
DR_DEEPA_H_A,PAT_01384
DR_GEETHA_N_K,PAT_01385
DR_B_S_SURENDRA,PAT_01386
DR_MAHADEVA_SWAMY_M,PAT_01386
DR_RUDRESH_M,PAT_01386
DR_BINCY_ROSE_VERGIS,PAT_01386
SHRUTHI_K_S,PAT_01386
DR_SWARNA_S,PAT_01386
DR_PRASHANTH_G_K,PAT_01386
ANASWARA_VENUNADH,PAT_01387
P_KAMALESWARI,PAT_01387
S_JANET_VIDYAA_NANCY,PAT_01387
SUDARSANAN_D,PAT_01387
M_AMSAVENI,PAT_01387
ELAKYA_KUMARAN,PAT_01387
PRATIMA_RANI_JENA,PAT_01388
DRKRAJALAKSHMI,PAT_01389
DRILANGO_VELCHAMY,PAT_01389
CMR_INSTITUTE_OF_TECHNOLOGY,PAT_01389
JASWANTH_SINGH,PAT_01389
DRVRUMA,PAT_01389
DRKRAJALAKSHMI,PAT_01390
DRILANGO_VELCHAMY,PAT_01390
CMR_INSTITUTE_OF_TECHNOLOGY,PAT_01390
JASWANTH_SINGH,PAT_01390
DRVRUMA,PAT_01390
RAMDAS_BALAN,PAT_01391
SUDARSHANA_RAMAN,PAT_01391
ANITHA_AZHAGAN_GANAPATHI,PAT_01391
CMR_INSTITUTE_OF_TECHNOLOGY_BENGALURU_560037,PAT_01391
RAMANARAO_VENKATA_JAKKA,PAT_01392
J_VAKULA_RANI,PAT_01392
AISHWARYA_JAKKA,PAT_01392
MOUMITA_ROY,PAT_01393
HARSHITHA_G,PAT_01393
POOJA_SHRIVASTAV,PAT_01394
CMR_INSTITUTE_OF_TECHNOLOGY,PAT_01394
VARSHA_PAWAR,PAT_01394
MAHIMA_RAMACHANDA_VAIDYA,PAT_01394
MOUMITA_ROY,PAT_01395
GOVIND_DADASAHEB_AGASAR,PAT_01395
DR_SENTHILKUMAR_K_T,PAT_01396
DR_J_GUL_SHAIRA_BANU,PAT_01396
LILLY_ROSELINE_MARY_J,PAT_01396
DR_R_ELAVARASI,PAT_01396
R_VASUGI,PAT_01396
P_KAMALESWARI,PAT_01396
NOVY_JACOB,PAT_01397
MR_RACHIT_JOSEPH,PAT_01397
MS_NAYANA_R,PAT_01397
M_ANINDITA,PAT_01398
MUDUNURI_SHRILEKHA,PAT_01398
MUSFIRA_RAIHAN,PAT_01398
SAKKARAVARTHI_S,PAT_01398
DR_JAYANTHI_N,PAT_01398
DR_RAJA_M,PAT_01398
DR_KESAVAMOORTHY_R,PAT_01398
SHIKSHA,PAT_01399
CMR_INSTITUTE_OF_TECHNOLOGY,PAT_01399
RAKSHITHA_J,PAT_01399
SUSHEELAMMA_K_H,PAT_01400
AARYA_B,PAT_01400
AASTHA_RAI,PAT_01400
AKSHATA_SHASTRI,PAT_01400
ANANYA_VERMA,PAT_01400
CMR_INSTITUTE_OF_TECHNOLOGY,PAT_01400
PROF_BRIJESH_SINGH,PAT_01401
DR_ANJU_SHUKLA,PAT_01401
DR_ABILASHA_N,PAT_01401
DR_SHRUTI_TRAYMBAK,PAT_01401
DR_M_SUREKHA,PAT_01401
MRS_P_R_MADHU_SHREE,PAT_01401
PROF_BRIJESH_SINGH,PAT_01402
MRS_P_R_MADHU_SHREE,PAT_01402
DR_RANI_ANTHONY_RAJ,PAT_01402
DR_SHRUTHI_K,PAT_01402
DR_RAGA_JYOTHI,PAT_01402
PROF_PARNAPALLI_PUSHPANJALI,PAT_01402
MRS_K_KRISHNA_VENI,PAT_01402
ROMA_KUDALE,PAT_01403
RENCITA_MARIA_COLACO,PAT_01404
NOVY_JACOB,PAT_01405
MOHAMED_AQEEB,PAT_01405
NIHA_MUSKAAN_SHARIEF,PAT_01405
RAMESH_V,PAT_01405
PAVAN_BHAT_G,PAT_01405
DR_BALAJI_C,PAT_01406
DR_D_PRATHAP,PAT_01406
MR_OBULASETTY_NAVANEETH,PAT_01406
CMR_INSTITUTE_OF_TECHNOLOGY,PAT_01406
SHIVAKUMAR_B_N,PAT_01407
KAVITA_PERMI,PAT_01407
PRASHANTH_B,PAT_01407
JYOTHI_A_M,PAT_01407
CMR_INSTITUTE_OF_TECHNOLOGY,PAT_01407
MAHANTESH_SUBHASH_HINGLAJE,PAT_01407
JAYANTHI_N,PAT_01408
KESAVAMOORTHY_R,PAT_01408
ABHINAV_GADDE,PAT_01408
ABHINAV_PV,PAT_01408
ABHISHEK_A,PAT_01408
AJITESH_KUMARA,PAT_01408
ASHUTOSH_SHUKLA,PAT_01408
NAVANEETHA_M,PAT_01409
SRIDEVI_S,PAT_01410
PAPPA_M,PAT_01410
DHANUSH_S_N,PAT_01410
SHARMILA_K_P,PAT_01410
MEENAKSHI_R_PATIL,PAT_01410
SACHIN_ARALIKATTI,PAT_01411
DR_SRIDEVI_S,PAT_01411
MEENAKSHI_PATIL,PAT_01411
AKARSH_P,PAT_01411
VARUN_N,PAT_01411
MAHESH_P,PAT_01411
MANOHAR_K_REDDY,PAT_01411
GANESH_S,PAT_01411
NANDAN_K,PAT_01411
SHREYAS_M,PAT_01411
DR_B_RAJENDRA_PRASAD_REDDY,PAT_01412
CMR_INSTITUTE_OF_TECHNOLOGY,PAT_01412
VENKATESH_NAIK,PAT_01412
MANJUNATHAB,PAT_01412
ASHITA_NARAYANA_MURTHY,PAT_01412
DONVI_DECHAMMA_M_B,PAT_01412
KAVERY_P_N,PAT_01412
SANKETH_H_V,PAT_01412
VARSHA_PAWAR,PAT_01413
MOUMITA_ROY,PAT_01414
PADMAVATHI_VADAKKATA,PAT_01415
SRIDEVI_S,PAT_01416
CHARAN_RAJ_JK,PAT_01416
ABHISHEK_P,PAT_01416
ADAM_NABEEL,PAT_01416
A_MOHAMMED_MUDDASIR,PAT_01416
ABDUL_BASID,PAT_01416
AKASH_R,PAT_01416
DARSHAN_M,PAT_01416
DRMEENAKSHI_R_PATIL,PAT_01416
DR_S_SEETHA,PAT_01417
SUJAY_HK,PAT_01417
SHOVAN_MONDAL,PAT_01417
VAKULA_RANI_J,PAT_01418
AISHWARYA_JAKKA,PAT_01418
VAKULA_RANI_J,PAT_01419
AISHWARYA_JAKKA,PAT_01419
VINUTHA_Y_N,PAT_01419
SUDEEP_S,PAT_01419
VARSHA_BRAHMKHATRI,PAT_01420
UMA_RAJU,PAT_01420
CMR_INSTITUTE_OF_TECHNOLOGY,PAT_01420
ASHUTOSH_SRIVASTAVA,PAT_01421
DR_VENKATESWARAN_K,PAT_01421
RDHIVYA,PAT_01422
DRROHINI_V,PAT_01422
MOUMITA_ROY,PAT_01423
CMR_INSTITUTE_OF_TECHNOLOGY,PAT_01423
ANASWARA_VENUNADH,PAT_01424
SAJAL_KUMAR,PAT_01424
UTKARSH_SHARMA,PAT_01424
VIJAY_SHANKAR,PAT_01424
SAMEER_KHAN,PAT_01424
SUSHANT_DHAKAL,PAT_01424
TANMAY_RAJ,PAT_01424
CMR_INSTITUTE_OF_TECHNOLOGY,PAT_01424
POOJA_SHRIVASTAV,PAT_01425
CMR_INSTITUTE_OF_TECHNOLOGY,PAT_01425
AASHITA_SRIVASTAVA,PAT_01425
JAYASHREE_M,PAT_01426
CMR_INSTITUTE_OF_TECHNOLOGY,PAT_01426
DRANITHA_N,PAT_01426
DR_SURUCHI_SABHERWAL,PAT_01427
DR_APOORVI_SOOD,PAT_01427
MEGHNA_SHARMA,PAT_01427
CMR_INSTITUTE_OF_TECHNOLOGY,PAT_01427
S_ABHINAV,PAT_01428
NOVY_JACOB,PAT_01428
RENCITA_MARIA_COLACO,PAT_01429
ANASWARA_VENUNADH,PAT_01430
CMR_INSTITUTE_OF_TECHNOLOGY,PAT_01430
NANDINI_RAO_G,PAT_01431
DR_NIRANJAN_L,PAT_01432
NOVY_JACOB,PAT_01432
NAVYA_VK,PAT_01432
MR_NAVEEN_KUMAR_V_G,PAT_01432
MS_R_SUJATHA,PAT_01432
MS_RENJU_PANICKER,PAT_01432
MS_EPAVITHRA,PAT_01432
MS_KSANGEETHA,PAT_01432
DR_NIRANJAN_L,PAT_01433
VIJAYALAKSHMI,PAT_01433
ASHUTOSH_SRIVASTAVA,PAT_01434
P_SUSHEELKUMAR_S,PAT_01434
MEENAKSHI_PATIL,PAT_01435
DR_RICHA_TENGSHE,PAT_01435
DR_SRIDEVI_S,PAT_01435
LAVADEEP_KUMAR_TIWARI,PAT_01435
RISHI_DHAR_MISHRA,PAT_01435
RDHIVYA,PAT_01436
CMR_INSTITUTE_OF_TECHNOLOGY,PAT_01436
SUSHEELAMMA_K_H,PAT_01437
CMR_INSTITUTE_OF_TECHNOLOGY,PAT_01437
DR_K_M_RAVIKUMAR,PAT_01437
SUSHEELAMMA_K_H,PAT_01438
CMR_INSTITUTE_OF_TECHNOLOGY,PAT_01438
DR_K_M_RAVIKUMAR,PAT_01438
MR_BALAKRISHNA_KANCHERLA,PAT_01439
MRS_JYOTHSNA_DEVI_KUCHIPUDI,PAT_01439
VIJAYASANTHI_M,PAT_01439
DR_PARTHIBAN_KG,PAT_01439
MR_LALIT_CHOWDHURY,PAT_01439
KRISHNA_PRIYA_M_S,PAT_01439
DR_H_NIROSHINI_INFANTIA,PAT_01439
VARSHA_BRAHMKHATRI,PAT_01440
PRANITA_RANANAWARE,PAT_01440
PARTHASARATHY_P,PAT_01441
VENKATESH_M,PAT_01441
PARTHASARATHY_P,PAT_01442
VARSHA_BRAHMKHATRI,PAT_01443
PRANITA_RANANAWARE,PAT_01443
DR_DEEPAK_SRIVASTAVA,PAT_01444
DR_KAVITA_SRIVASTAVA,PAT_01444
MR_K_ABHIJITH_SARALAYA,PAT_01444
DR_R_PUGALENTHI,PAT_01444
DR_ANIL_KUMAR,PAT_01444
CMR_INSTITUTE_OF_TECHNOLOGY_BANGALORE,PAT_01444
DR_AISHA_SIDDEKHA,PAT_01444
SHAILENDRA_BARANIYA,PAT_01445
CMR_INSTITUTE_OF_TECHNOLOGY,PAT_01445
RAJESH_GOPAL,PAT_01446
CMR_INSTITUTE_OF_TECHNOLOGY,PAT_01446
SHIVAKUMARA_M_J,PAT_01447
RAJESH_GOPAL,PAT_01448
CMR_INSTITUTE_OF_TECHNOLOGY,PAT_01448
SAMEER_SINGH,PAT_01449
ANIKET_RITAM,PAT_01449
DR_RAJA_M,PAT_01449
V_RAJESH_KUMAR,PAT_01449
DR_V_ANUSUYA,PAT_01449
SAKKARAVARTHI_S,PAT_01449
DR_KESAVAMOORTHY_R,PAT_01449
ILANGO_VELCHAMY,PAT_01450
RAJALAKSHMI_K,PAT_01450
CMR_INSTITUTE_OF_TECHNOLOGY,PAT_01450
KARTHICK_P,PAT_01450
MUTHAKSHI_S,PAT_01450
GEETHA_N,PAT_01450
PALANI_JAGADISHWARI,PAT_01451
ADITYA_UMESH_UPADHYAY,PAT_01452
HARSH_RAJ,PAT_01452
AFFAN,PAT_01452
V_RAJESH_KUMAR,PAT_01452
LYNSHA_HELENA_PRATHEEBA_HP,PAT_01452
DR_KESAVAMOORTHY_R,PAT_01452
DR_N_JAYANTHI,PAT_01453
SINCHANA_S_D,PAT_01453
SHRUTI_JAYASWAL,PAT_01453
SAMPADA_R_DESAI,PAT_01453
DR_KESAVAMOORTHY_R,PAT_01453
KESAVAMOORTHY_R,PAT_01454
DR_KAVITHA_P,PAT_01454
CMR_INSTITUTE_OF_TECHNOLOGY_BENGALURU,PAT_01454
KESAVAMOORTHY_R,PAT_01455
AKSHITA_R,PAT_01455
DEVESH_BARDIA,PAT_01455
AAROGYA_OJHA,PAT_01455
DR_SREEKANTH_M_PRABHU,PAT_01455
SRIDEVI_S,PAT_01456
PAPPA_M,PAT_01456
MEENAKSHI_R_PATIL,PAT_01456
CHARAN_B,PAT_01456
MAHADEVAN_M,PAT_01456
MONEESH_L,PAT_01456
PARVATH_J,PAT_01456
BHANUTEJ_B_R,PAT_01456
BASAVAKIRAN_ALOORE,PAT_01456
D_ADITYA,PAT_01456
ASHUTOSH_SRIVASTAVA,PAT_01457
DR_VENKATESWARAN_K,PAT_01457
SENTHIL_VELAN_SUGANANTHAM,PAT_01458
CMR_INSTITUTE_OF_TECHNOLOGY,PAT_01458
MS_VISALINI_S,PAT_01458
MS_VIDHYA_S,PAT_01458
MS_DIANA_A,PAT_01458
MS_SANDYARANI_VADLAMUDI,PAT_01458
SRIDEVI_S,PAT_01459
JAYAJEVAA_N,PAT_01459
DEEKSHA_SR,PAT_01459
NITIN_SRIRAM_M,PAT_01459
DANIEL_GEORGE_ASHOK,PAT_01459
MEENAKSHI_PATIL,PAT_01460
DR_ELUMALAI_R,PAT_01460
PRADEEP_KUMAR,PAT_01460
PRIYANKA_PRIYA,PAT_01460
POOJA_D,PAT_01460
NAVYA_VINOD,PAT_01460
CHANDANA_L,PAT_01460
CHETTUSHANMUKA_PRIYA,PAT_01460
NEERAJ_KUMAR,PAT_01460
KISHORE_K_V,PAT_01461
CMR_INSTITUTE_OF_TECHNOLOGY,PAT_01461
ILANGO_VELCHAMY,PAT_01462
RAMESH_P,PAT_01462
CMR_INSTITUTE_OF_TECHNOLOGY,PAT_01462
MANISH_M,PAT_01462
KAMAL_JR,PAT_01462
KAVITHA_M,PAT_01462
ROSHAN_RATHOD,PAT_01462
ATYAM_NAGESWARA_RAO,PAT_01463
DR_UMA_LAKSHMI,PAT_01463
DR_SELVAM_JESIAH,PAT_01463
N_KAVI_PRIYA,PAT_01463
SYED_FAIZAN,PAT_01464
SHEIKH_REYAN_AHMAD,PAT_01464
SHRADHA_AGARWAL,PAT_01464
BHUMIKA_ATAVALIGI,PAT_01464
SATHYA_T,PAT_01464
DR_RAJA_M,PAT_01464
SSOLAI_MANOHAR,PAT_01464
DR_KESAVAMOORTHY_R,PAT_01464
MEENAKSHI_PATIL,PAT_01465
DR_NAGESWARA_RAO_ATYAM,PAT_01465
ATYAM_NAGESWARA_RAO,PAT_01466
DR_VIJAYAPRIYA_P,PAT_01466
MR_THAMILMARAN_A,PAT_01466
DR_POOMPAVAI,PAT_01466
SHUBHA_RAO_ANAND,PAT_01467
S_ESHA,PAT_01467
SHRESTHA_RAJ,PAT_01467
SREEPRIYA_PASIKANTI,PAT_01467
DR_RAJA_M,PAT_01467
V_RAJESH_KUMAR,PAT_01467
DR_KESAVAMOORTHY_R,PAT_01467
RITESH_KUMAR_SINGH,PAT_01468
RISHABH_KUMAR_PATEL,PAT_01468
RITIK_RAJ,PAT_01468
DR_RAJA_M,PAT_01468
ANSHIKA_SHUKLA,PAT_01468
DR_KESAVAMOORTHY_R,PAT_01468
VARSHA_PAWAR,PAT_01469
CMR_INSTITUTE_OF_TECHNOLOGY,PAT_01469
ANSHIKA_SHUKLA,PAT_01470
SHREYAS_P,PAT_01470
LEKHA_REDDY_D,PAT_01470
V_RAJESH_KUMAR,PAT_01470
MADHUMITHA_G,PAT_01470
DR_KESAVAMOORTHY_R,PAT_01470
RICHA_TENGSHE,PAT_01471
DEEKSHITHA_S,PAT_01471
DEVYASHREE_MENON,PAT_01471
DR_MEENAKSHI_R_PATIL,PAT_01471
POOJA_SHRIVASTAV,PAT_01472
CMR_INSTITUTE_OF_TECHNOLOGY,PAT_01472
AASHITA_SRIVASTAVA,PAT_01472
ANANTH_KUMAR_MS,PAT_01473
SUSMITHA_ALAMURU,PAT_01473
PSOWGANDHIKA,PAT_01473
NELLUTLA_SASIKALA,PAT_01473
ANUSHA_M,PAT_01474
SAKKARAVARTHI_S,PAT_01474
DR_V_ANUSUYA,PAT_01474
DR_RAJA_M,PAT_01474
ADITI,PAT_01474
LAKSHMI_RAJEEV,PAT_01474
KAVYA_MANNE,PAT_01474
V_RAJESH_KUMAR,PAT_01474
DR_KESAVAMOORTHY_R,PAT_01474
SUGUNADEVI_C,PAT_01475
ARVIND_R,PAT_01475
CMR_INSTITUTE_OF_TECHNOLOGY,PAT_01475
MANJUNATH_V_GUDUR,PAT_01476
VISHAL_BHAKARE,PAT_01476
VIVEK_HUDDAR,PAT_01476
RANOJI_G_Y,PAT_01476
VISHAL,PAT_01476
ASHWINI_PARASHURAM_PATIL,PAT_01477
CMR_INSTITUTE_OF_TECHNOLOGY,PAT_01477
ANIKET_RITAM,PAT_01478
SAMEER_SINGH,PAT_01478
NAVANEETHA_M,PAT_01478
PARTHASARATHY_P,PAT_01479
DR_PRADEEP_KUMAR_MALLAIAH,PAT_01479
SAVITHA_N_J,PAT_01480
JYOTHI_N_M,PAT_01480
CMR_INSTITUTE_OF_TECHNOLOGY_BENGALURU,PAT_01480
SMITHA_N,PAT_01481
DR_TANUJA_R,PAT_01481
MEENAKSHI_PATIL,PAT_01482
PRATHAM_SINHA,PAT_01482
ANAGHA_SRINIVAS,PAT_01482
PRAJWAL_N_G,PAT_01482
RISHAB_PREEJESH,PAT_01482
R_RAMYA,PAT_01482
S_VAISHNAV,PAT_01482
SATHVIKA_H_U,PAT_01482
R_K_RAMYA,PAT_01482
HARSHA_DIWAKAR,PAT_01482
M_VIJAYASANTHI,PAT_01483
SURUCHI_SABHERWAL,PAT_01483
AKANKSHA_AKULWAR,PAT_01483
SHAIK_MOHAMMED_MUKASSIR,PAT_01483
DR_PRASANNA_KUMAR,PAT_01483
DR_SUNIL_GAEKWAD,PAT_01483
DR_VIKRAM_ATHREYA_V,PAT_01483
VAKULA_RANI_JAKKA,PAT_01484
KIRAN_N,PAT_01484
A_R_SAI_TEJAS,PAT_01484
JAYANTHI_M,PAT_01484
AISHWARYA_JAKKA,PAT_01484
SRIDEVI_S,PAT_01485
KAVITHA_D,PAT_01485
PARTHASARATHY_P,PAT_01486
VENKATESH_M,PAT_01486
PARTHASARATHY_P,PAT_01487
VENKATESH_M,PAT_01487
UPASANA_MAHAJAN,PAT_01488
SABA_TAHSEEN,PAT_01488
UPASANA_MAHAJAN,PAT_01489
SABA_TAHSEEN,PAT_01489
SAGARIKA_BEHERA,PAT_01490
S_VARSHINI,PAT_01490
SHREYA_REDDY_A,PAT_01490
SHRUTHIKA_RAMIDI,PAT_01490
CMR_INSTITUTE_OF_TECHNOLOGY_BANGALORE,PAT_01490
RAVEESHA_K_H,PAT_01491
MEENAKSHI_PATIL,PAT_01492
CMR_INSTITUTE_OF_TECHNOLOGY,PAT_01492
SACHIN_ARALIKATTI,PAT_01492
K_C_LIPIKA,PAT_01492
JAYASHREE_M,PAT_01492
ENDLA_DHEERAJ_REDDY,PAT_01492
MOHAMMED_HASEEB_ULLA,PAT_01492
ANASWARA_VENUNADH,PAT_01493
CMR_INSTITUTE_OF_TECHNOLOGY,PAT_01493
PROF_BRIJESH_SINGH,PAT_01494
CMR_INSTITUTE_OF_TECHNOLOGY,PAT_01494
MRS_P_R_MADHU_SHREE,PAT_01494
DR_ANJU_SHUKLA,PAT_01494
DR_MANJULA_NETI,PAT_01494
DR_SHRUTI_TRAYMBAK,PAT_01494
KESAVAMOORTHY_R,PAT_01495
MRS_DEVISIVASANKARI_P,PAT_01495
ABHISHEK_B_R,PAT_01495
ANKIT_SREENIVASA,PAT_01495
ABHISHEK_KUMAR,PAT_01495
DR_RAJA_M,PAT_01495
DR_D_LOGANATHAN,PAT_01495
DR_M_VILASINI,PAT_01495
V_RAJESH_KUMAR,PAT_01495
DR_GURUVAMMAL_S,PAT_01496
DR_KESAVAMOORTHY_R,PAT_01496
PADMAVATHI_V,PAT_01497
HARITHA_A,PAT_01497
CMR_INSTITUTE_OF_TECHNOLOGY,PAT_01497
MEENAKSHI_PATIL,PAT_01498
EISHA_AKANKSHA,PAT_01498
MADAKARI_NAYAKA_H_M,PAT_01499
REMA_GOPALAN,PAT_01499
TEJAS_S,PAT_01499
DR_RAJA_M,PAT_01499
VENKATESH_M_BHAT,PAT_01499
DR_D_LOGANATHAN,PAT_01499
THEJASVI_ES,PAT_01499
DR_M_VILASINI,PAT_01499
SAGAR_R,PAT_01499
V_RAJESH_KUMAR,PAT_01499
ATTAR_MAHAY_SHEETAL,PAT_01499
DR_KESAVAMOORTHY_R,PAT_01499
VAKULA_RANI_JAKKA,PAT_01500
A_R_SAI_TEJAS,PAT_01500
AISHWARYA_JAKKA,PAT_01500
KESAVAMOORTHY_R,PAT_01501
REMA_GOPALAN,PAT_01501
ADITI,PAT_01501
DR_RAJA_M,PAT_01501
DR_D_LOGANATHAN,PAT_01501
DR_M_VILASINI,PAT_01501
ANUSHA_M,PAT_01501
ANNAPURNA_MANJUNATHA_MORABAD,PAT_01501
V_RAJESH_KUMAR,PAT_01501
P_KEZIA_JOY_KUMARI,PAT_01501
AKILA_P,PAT_01501
POOJA_SHRIVASTAV,PAT_01502
CMR_INSTITUTE_OF_TECHNOLOGY,PAT_01502
AASHITA_SRIVASTAVA,PAT_01502
DRANJANEYULU_PASALA,PAT_01503
SUBHRO_MUKHERJEE,PAT_01503
ANAND_R,PAT_01503
SUMAN_A_PATIL,PAT_01504
VIJAYALAXMI_VTADKAL,PAT_01504
CMR_INSTITUTE_OF_TECHNOLOGY,PAT_01504
APARNA_N,PAT_01505
DR_V_N_MANJU,PAT_01505
DR_KUMARESAN_K,PAT_01505
DR_KESAVAMOORTHY_R,PAT_01505
POONAM_VIJAY_TIJARE,PAT_01506
REVA_VIJAY_TIJARE,PAT_01506
CMR_INSTITUTE_OF_TECHNOLOGY,PAT_01506
ANANYA_PAUL,PAT_01507
CMR_INSTITUTE_OF_TECHNOLOGY,PAT_01507
SUMAN_A_PATIL,PAT_01508
ANANYA_PAUL,PAT_01508
ANASWARA_VENUNADH,PAT_01508
SENTHIL_VELAN_SUGANANTHAM,PAT_01508
CMR_INSTITUTE_OF_TECHNOLOGY,PAT_01508
CMR_INSTITUTE_OF_TECHNOLOGY,PAT_01509
DR_KAVITHA_D,PAT_01509
MEENAKSHI_PATIL,PAT_01509
DR_LAKSHMI_CR,PAT_01509
P_KEZIA_JOY_KUMARI,PAT_01510
AKILA_P,PAT_01510
MANJULA_SUBRAMANIAM,PAT_01510
V_RAJESH_KUMAR,PAT_01510
DR_P_ARUNA_JEYANTHY,PAT_01510
DR_R_KESAVAMOORTHY,PAT_01510
PRATHAM_MAJUMDER,PAT_01511
J_SUNEETHA,PAT_01511
M_VAZRALU,PAT_01511
HUSNA_TABASSUM,PAT_01511
T_PUSHPA,PAT_01511
CMR_INSTITUTE_OF_TECHNOLOGY_BANGALORE,PAT_01511
T_GOMATHI,PAT_01512
PRASANNA_S,PAT_01512
CMR_INSTITUTE_OF_TECHNOLOGYBENGALURU,PAT_01512
KISHORE_K_V,PAT_01513
DR_BALAJI_C,PAT_01513
ANIL_D,PAT_01513
SWETHA_S,PAT_01513
J_JESY_JANET_KUMARI,PAT_01513
CHRISTINA_K,PAT_01514
DR_REMA_GOPALAN,PAT_01514
DR_RAJA_M,PAT_01514
DR_D_LOGANATHAN,PAT_01514
DR_M_VILASINI,PAT_01514
DR_KESAVAMOORTHY_R,PAT_01514
ANUSHA_M,PAT_01514
ANNAPURNA_MANJUNATHA_MORABAD,PAT_01514
ADITI,PAT_01514
BELLAMKONDA_MEGHANA,PAT_01515
SUPRITHA_S,PAT_01515
DR_REMA_GOPALAN,PAT_01515
DR_KESAVAMOORTHY_R,PAT_01515
ANNAPURNA_MANJUNATHA_MORABAD,PAT_01516
DR_KESAVAMOORTHY_R,PAT_01516
REMA_GOPALAN,PAT_01516
ANUSHA_M,PAT_01516
CHRISTINA,PAT_01516
ADITI,PAT_01516
ANUSHA_M,PAT_01517
DR_KESAVAMOORTHY_R,PAT_01517
DR_REMA_GOPALAN,PAT_01517
ANNAPURNA_MANJUNATHA_MORABAD,PAT_01517
CHRISTINA_K,PAT_01517
ADITI,PAT_01517
ANJU_DAS,PAT_01518
SUMIT_MOHANTY,PAT_01518
CMR_INSTITUTE_OF_TECHNOLOGY,PAT_01518
DR_NIRANJAN_L,PAT_01519
PARAMITA_MITRA,PAT_01519
DR_SUSHMA_T_V,PAT_01519
DR_DEEPA_R,PAT_01519
DR_PARTHASARATHY_P,PAT_01519
DR_VENKATESH_M,PAT_01519
ATYAM_NAGESWARA_RAO,PAT_01520
ATYAM_NAGESWARA_RAO,PAT_01521
ATYAM_NAGESWARA_RAO,PAT_01522
CMR_INSTITUTE_OF_TECHNOLOGY,PAT_01522
MEENAKSHI_PATIL,PAT_01523
SACHIN_ARALIKATTI,PAT_01523
MEENAKSHI_PATIL,PAT_01524
KRISHNA_TEJA_YADAV_CH_T,PAT_01524
KAVITHA_P,PAT_01525
JAYANTHIN,PAT_01525
JAGADISHWARIV,PAT_01525
SHYAM_P_JOY,PAT_01526
VINAY_POULOSE,PAT_01526
SHANTHI_M_B,PAT_01527
RIJUTH_MENON_R,PAT_01527
SHANTHI_M_B,PAT_01528
RIJUTH_MENON_R,PAT_01528
GOKUL_P_R,PAT_01528
SHREYA_REDDY,PAT_01528
SHANTHI_M_B,PAT_01529
RIJUTH_MENON_R,PAT_01529
SNEHAL_JAYACHANDER,PAT_01529
NAVYA_NARAYAN,PAT_01529
SHANTHI_M_B,PAT_01530
ARUN_FRANCIS_TELLIS,PAT_01530
KARTHEEK_G_C_R,PAT_01531
JAYANTHIN,PAT_01532
JAGADISHWARIV,PAT_01532
KAVITHA_P,PAT_01532
ANJU_DAS,PAT_01533
PARVATHY_THAMPI_MS,PAT_01533
DR_JOHNSON_Y,PAT_01533
CMR_INSTITUTE_OF_TECHNOLOGY,PAT_01533
AJAY_P,PAT_01533
DR_RAMESH_P,PAT_01534
CMR_INSTITUTE_OF_TECHNOLOGY,PAT_01534
PVELRAJKUMAR,PAT_01534
DR_SOLAI_MANOHAR,PAT_01534
DR_T_S_BALAJI_DAMODHAR,PAT_01534
MRMVENKATESH,PAT_01534
DRNRATHIKA,PAT_01534
KESAVAMOORTHY_R,PAT_01535
DR_RAJA_M,PAT_01535
DR_R_VENKATESH,PAT_01535
SAHANA_ARIKRISHNAN,PAT_01535
KEERTHI_A_REDDY,PAT_01535
CHIDIGAM_BHAGYA_SRI,PAT_01535
G_S_PRIYANKA,PAT_01535
V_RAJESH_KUMAR,PAT_01535
VENKATESWARAN_K,PAT_01536
SRIDHAR_N,PAT_01536
NIRANJAN_L,PAT_01536
NAVANEETHA_M,PAT_01537
DRSHANTHI_MB,PAT_01537
KESAVAMOORTHY_R,PAT_01538
RAKESH_S_B,PAT_01538
DR_RAJA_M,PAT_01538
DR_R_VENKATESH,PAT_01538
V_RAJESH_KUMAR,PAT_01538
KUMKUM_KUMARI,PAT_01538
ADARSH_VINOD,PAT_01538
HARSH_KUMAR,PAT_01538
PRATHAM_SINHA,PAT_01538
AAYUSH_KUMAR,PAT_01538
ROHENI_M,PAT_01538
AISHWARYA_PALANI,PAT_01538
KESAVAMOORTHY_R,PAT_01539
DR_RAJA_M,PAT_01539
V_RAJESH_KUMAR,PAT_01539
DR_D_LOGANATHAN,PAT_01539
DR_R_VENKATESH,PAT_01539
NANDHA_GOPAL_S_M,PAT_01539
DR_M_VILASINI,PAT_01539
CMR_INSTITUTE_OF_TECHNOLOGY_BENGALURU,PAT_01539
MEENAKSHI_PATIL,PAT_01540
PROF_MILIND_B_BHILAVADE,PAT_01540
DR_K_S_SHIVAPRAKASHA,PAT_01540
DR_LALITA_S_ADMUTHE,PAT_01540
DR_NAVEEN_KUMAR_G_N,PAT_01540
DR_HARSHA_B_K,PAT_01540
AMBIKA_R,PAT_01541
MEENAKSHI_PATIL,PAT_01541
VANDANA_K,PAT_01541
DEEKSHITHA_S_M,PAT_01541
SOPHIYA_SUSAN_S,PAT_01541
MANOJ_CHALLA,PAT_01542
ANAND_R,PAT_01542
DR_SWATHI_Y,PAT_01542
DRRDEEPA,PAT_01543
DRNIRANJAN_L,PAT_01543
DRSUSHMA_TV,PAT_01543
MRS_PARAMITA_MITRA,PAT_01543
DRPSUSHEEL_KUMAR_S,PAT_01543
CMR_INSTITUTE_OF_TECHNOLOGY,PAT_01543
DRSSOLAI_MANOHAR,PAT_01544
DRDARWIN,PAT_01544
PVELRAJKUMAR,PAT_01544
DRRAMESH_P,PAT_01544
SAVITHA_N_J,PAT_01545
JYOTHI_N_M,PAT_01545
CMR_INSTITUTE_OF_TECHNOLOGY_BENGALURU,PAT_01545
PVELRAJKUMAR,PAT_01546
CMR_INSTITUTE_OF_TECHNOLOGY,PAT_01546
DRRAMESH_P,PAT_01546
DRSSOLAI_MANOHAR,PAT_01546
SHASHANK,PAT_01546
NOOR_ULFATH,PAT_01546
SHIVA_TRIPATHI,PAT_01546
SHIVA_KUMAR_NIMGAL_Y,PAT_01546
ILANGO_VELCHAMY,PAT_01547
SAHANA_ARIKRISHNAN,PAT_01547
BANGARI_SHREYA,PAT_01547
SOUMYA_RAJ,PAT_01547
ILANGO_VELCHAMY,PAT_01548
V_R_UMA,PAT_01548
JASWANTH_SINGH_G,PAT_01548
IPAVAI,PAT_01548
GAUR_SHWETA,PAT_01549
CMR_INSTITUTE_OF_TECHNOLOGY_CMRIT,PAT_01549
RAVEESHAKH,PAT_01550
CMR_INSTITUTE_OF_TECHNOLOGY_CMRIT,PAT_01550
TAMAL_SARKAR,PAT_01551
CMR_INSTITUTE_OF_TECHNOLOGY,PAT_01551
SAGARIKA_BEHERA,PAT_01552
JHANSI_RANI_PRATHURI,PAT_01552
CMR_INSTITUTE_OF_TECHNOLOGY,PAT_01552
SANDHYA_MOORAKA,PAT_01553
CMR_INSTITUTE_OF_TECHNOLOGY,PAT_01553
RAHAMAN_FAZLUR,PAT_01554
GAUTAM_PRABHAT,PAT_01554
GUPTA_PRITI,PAT_01554
VARSHA_PAWAR,PAT_01555
CMR_INSTITUTE_OF_TECHNOLOGY,PAT_01555
VARSHA_PAWAR,PAT_01556
CMR_INSTITUTE_OF_TECHNOLOGY,PAT_01556
MS_RGEETHA,PAT_01556
ANAND_R,PAT_01557
MAHESH_KUMAR_JHA,PAT_01557
SWATHI_Y,PAT_01557
MONIKA_SINGH,PAT_01557
RAVEESH_HEGDE,PAT_01557
MOUMITA_ROY,PAT_01558
CMR_INSTITUTE_OF_TECHNOLOGY,PAT_01558
T_GOMATHI,PAT_01559
MOUMITA_ROY,PAT_01559
CMR_INSTITUTE_OF_TECHNOLOGY_BENGALURU,PAT_01559
POOJA_SHRIVASTAV,PAT_01560
AASHITA_SRIVASTAVA,PAT_01560
CMR_INSTITUTE_OF_TECHNOLOGY,PAT_01560
MR_ANIL_D,PAT_01561
DR_S_H_MANJULA,PAT_01561
ANJU_DAS,PAT_01562
FAYAZ_I_N,PAT_01562
GAGAN_V,PAT_01562
FAZAL_FATHIMA,PAT_01562
CMR_INSTITUTE_OF_TECHNOLOGY_BENGALURU,PAT_01562
KESAVAMOORTHY_R,PAT_01563
DR_RAJA_M,PAT_01563
V_RAJESH_KUMAR,PAT_01563
DR_D_LOGANATHAN,PAT_01563
NANDHA_GOPAL_S_M,PAT_01563
M_VILASINI,PAT_01563
DR_R_VENKATESH,PAT_01563
KESAVAMOORTHY_R,PAT_01564
DR_RAJA_M,PAT_01564
V_RAJESH_KUMAR,PAT_01564
DR_D_LOGANATHAN,PAT_01564
NANDHA_GOPAL_S_M,PAT_01564
M_VILASINI,PAT_01564
P_ALAGUVATHANA,PAT_01564
CMR_INSTITUTE_OF_TECHNOLOGY_BENGALURU,PAT_01564
APARNA_N,PAT_01565
MANJU_VN,PAT_01565
KESAVAMOORTHY_R,PAT_01565
PRIYANKA_PRIYADARSHINI_PADHI,PAT_01566
CMR_INSTITUTE_OF_TECHNOLOGY,PAT_01566
ANAND_R,PAT_01567
DR_SWATHI_Y,PAT_01567
DR_SUDHAKAR_K_N,PAT_01567
MANOJ_CHALLA,PAT_01567
ANAND_R,PAT_01568
SUDHAKAR_K_N,PAT_01568
SWATHI_Y,PAT_01568
MRSDEEPA_ANGADI,PAT_01569
MRVIJAYANAND,PAT_01569
SAMGILVINESCMRITACIN,PAT_01569
CMR_INSTITUTE_OF_TECHNOLOGY,PAT_01569
DEEPA_ANGADI,PAT_01570
AKSHATHA_P_S,PAT_01570
CMR_INSTITUTE_OF_TECHNOLOGY,PAT_01570
KESAVAMOORTHY_R,PAT_01571
SHREEKANTH_MOOROOR_PRABHU,PAT_01571
KESAVAMOORTHY_R,PAT_01572
RAKESH_S_B,PAT_01572
ROBERT_P,PAT_01572
NISHAD_A,PAT_01572
KUMKUM_KUMARI,PAT_01572
ADARSH_VINOD,PAT_01572
HARSH_KUMAR,PAT_01572
PRATHAM_SINHA,PAT_01572
AAYUSH_KUMAR,PAT_01572
ROHENI_M,PAT_01572
AISHWARYA_PALANI,PAT_01572
DR_MANOJ_PRIYATHAM_M,PAT_01573
NIRANJAN_L,PAT_01573
SUHAS_A_R,PAT_01573
T_GOMATHI,PAT_01574
DR_PRASANNA_S,PAT_01574
CMR_INSTITUTE_OF_TECHNOLOGY_BENGALURU,PAT_01574
J_SUNEETHA,PAT_01575
A_SWAMY_GOUD,PAT_01575
M_VAZRALU,PAT_01575
NIRANJAN_L,PAT_01575
HUSNA_TABASSUM,PAT_01575
AFROZ_PASHA,PAT_01575
GOUTHAM_GS_NAIR,PAT_01576
DR_R_KESAVAMOORTHY,PAT_01576
ASWATHI_S,PAT_01576
V_RAJESH_KUMAR,PAT_01576
POONAM_VIJAY_TIJARE,PAT_01577
SAGARIKA_BEHERA,PAT_01577
CMR_INSTITUTE_OF_TECHNOLOGY_BANGALORE,PAT_01577
ASHWINI_MADHAVA_GAIKWAD,PAT_01578
DR_SWATHI_Y,PAT_01578
SANJANA_RAJPUT,PAT_01578
SAPNA_NAIDU,PAT_01578
GREESHMA_B,PAT_01578
MANIKANDAN_H,PAT_01579
PRASHANT_S_HATTI,PAT_01579
CMR_INSTITUTE_OF_TECHNOLOGY,PAT_01579
SAMPATH_KUMAR_L,PAT_01579
MADHU_KUMRAR_K,PAT_01579
PROF_BRIJESH_SINGH,PAT_01580
DR_ANJU_SHUKLA,PAT_01580
PROF_SANTHOSH_B_S,PAT_01580
DR_SHRUTI_TRAYMBAK,PAT_01580
DIVYA_SINGH,PAT_01581
SHILPA_MANGESH_PANDE,PAT_01581
SHILPA_MANGESH_PANDE,PAT_01582
DIVYA_SINGH,PAT_01582
KESAVAMOORTHY_R,PAT_01583
ANJALI_GUPTA,PAT_01583
DR_KIRAN_BABU,PAT_01584
DR_DANTHULURI_SUDHA,PAT_01584
DR_PUSHPA_MOHAN,PAT_01584
MANIKANDAN_H,PAT_01585
CYRIL_S,PAT_01585
VYSHALI_RAO_K_P,PAT_01586
DR_SRIVIDYA_R,PAT_01586
CMR_INSTITUTE_OF_TECHNOLOGY,PAT_01586
SHILPA_MANGESH_PANDE,PAT_01587
DRMANOJ_CHALLA,PAT_01587
DR_SWATHI_Y,PAT_01587
DRSHANTHI_MB,PAT_01587
DR_DANTHULURI_SUDHA,PAT_01587
SHILPA_MANGESH_PANDE,PAT_01588
DR_MANOJ_CHALLA,PAT_01588
DR_SWATHI_Y,PAT_01588
DR_SHANTHI_M_B,PAT_01588
DR_DANTHULURI_SUDHA,PAT_01588
VYSHALI_RAO_K_P,PAT_01589
KAMALJEETH_ANAND,PAT_01589
DRMANOJ_CHALLA,PAT_01589
DR_DANTHULURI_SUDHA,PAT_01589
DRSHANTHI_M_B,PAT_01589
VYSHALI_RAO_K_P,PAT_01590
DRMANOJ_CHALLA,PAT_01590
DRSHANTHI_M_B,PAT_01590
DRSWATHI_Y,PAT_01590
DR_DANTHULURI_SUDHA,PAT_01590
SHYAMASREE_GHOSH,PAT_01591
DR_R_KESAVAMOORTHY,PAT_01591
MOHAN_N,PAT_01592
CMR_INSTITUTE_OF_TECHNOLOGY,PAT_01592
SANJEEV_KUMAR_THALARI,PAT_01592
SACHIN_ARALIKATTI,PAT_01592
DRRAMESHDP,PAT_01592
J_E_MOSHE_DAYAN,PAT_01593
DRELANGOVAN_GURUVA_REDDY,PAT_01593
MRVISWANATH_JAYARAM,PAT_01593
DRPRAKASH_SARAVANAN,PAT_01593
DRSUGANYA_SRINIVASAN,PAT_01593
MRSBDEEPTI,PAT_01593
MRSBDURGADEVI,PAT_01593
PARTHASARATHY_P,PAT_01594
CMR_INSTITUTE_OF_TECHNOLOGY,PAT_01594
DR_R_KESAVAMOORTHY,PAT_01595
DR_RAJA_M,PAT_01595
DR_S_P_ANANDARAJ,PAT_01595
DR_M_VILASINI,PAT_01595
DR_R_KESAVAMOORTHY,PAT_01596
DR_RAJA_M,PAT_01596
DR_S_P_ANANDARAJ,PAT_01596
DR_M_VILASINI,PAT_01596
DR_MOHAMMAD_IRFAN,PAT_01597
DR_R_KESAVAMOORTHY,PAT_01597
DR_R_KESAVAMOORTHY,PAT_01598
DR_RAJA_M,PAT_01598
DR_THANGA_MARIAPPAN_L,PAT_01598
DR_M_VILASINI,PAT_01598
HARISHA_P,PAT_01599
PUNEETH_KUMAR_N,PAT_01599
VENKATESH_NAIK,PAT_01599
NARENDRA_N,PAT_01599
DR_PRABHAKAR_KAMMAR,PAT_01599
SENTHIL_VELAN_SUGANANTHAM,PAT_01600
MR_HARISH_L,PAT_01600
USHA_A,PAT_01601
DR_KESAVAMOORTHY_R,PAT_01602
PUNEETH_M,PAT_01602
PAVAN_KUMAR_P,PAT_01602
RAJA_M,PAT_01602
SENTHIL_VELAN_SUGANANTHAM,PAT_01603
C_SUGUNADEVI,PAT_01603
SAM_GILVINE_SAMUVEL,PAT_01603
SOUNDARYA,PAT_01604
K_SHIJINA_PADMANABHAN,PAT_01604
K_SHEBINA_PADMANABHAN,PAT_01604
CMR_INSTITUTE_OF_TECHNOLOGY_BENGALURU,PAT_01604
DR_MEENAKSHI_R_PATIL,PAT_01605
DR_SOMASUNDARAM,PAT_01605
AJAY_KUMAR_A,PAT_01605
ABISHEK_T,PAT_01605
A_RAHUL_RAM,PAT_01605
DHARSHAN_G_S,PAT_01605
SOUNDARYA,PAT_01606
CHETHAN_KUMAR_G,PAT_01606
SAGAR_M_BALIGIDAD,PAT_01606
CMR_INSTITUTE_OF_TECHNOLOGY_BENGALURU,PAT_01606
SOPHIA_M,PAT_01607
SOUNDARYA,PAT_01607
ANUSUDHA_V,PAT_01607
CMR_INSTITUTE_OF_TECHNOLOGY_BENGALURU,PAT_01607
ANJU_DAS,PAT_01608
CMR_INSTITUTE_OF_TECHNOLOGY,PAT_01608
DR_P_VIJAYAPRIYA,PAT_01608
MR_THAMILMARAN,PAT_01608
SANTOSH_Y_N,PAT_01608
DR_NAGESWARA_RAO_ATYAM,PAT_01608
SHANTHI_M_B,PAT_01609
SHIVARAJ_V_B,PAT_01609
DANTHULURI_SUDHA,PAT_01609
KIRAN_BABU_T_S,PAT_01609
CHIDHANANDA_R_S,PAT_01610
SURESH_N,PAT_01610
SHARATH_KUMAR_DEVARAJU,PAT_01610
PHANI_KUMAR_PULLELA,PAT_01610
SRINIVAS_REDDY_MUNGARA,PAT_01610
SHANTHI_M_B,PAT_01611
SUDHAKAR_K_N,PAT_01611
DANTHULURI_SUDHA,PAT_01611
KESAVAMOORTHY_R,PAT_01612
DR_RAJA_M,PAT_01612
DR_M_VILASINI,PAT_01612
DR_THANGA_MARIAPPAN_L,PAT_01612
DR_D_LOGANATHAN,PAT_01612
DR_THANGA_MARIAPPAN_L,PAT_01613
DR_RAJA_M,PAT_01613
KESAVAMOORTHY_R,PAT_01613
DR_M_VILASINI,PAT_01613
DR_D_LOGANATHAN,PAT_01613
GAUTHAM_A_NAGENDRAN,PAT_01614
HARSHMEET_SINGH,PAT_01614
CMR_INSTITUTE_OF_TECHNOLOGY,PAT_01614
JOSHUA_SAMUEL_RAJ,PAT_01614
KARTHEEK_G_C_R,PAT_01615
DR_SHANTHI_M_B,PAT_01615
DR_RAJA_M,PAT_01616
DR_M_VILASINI,PAT_01616
DR_THANGA_MARIAPPAN_L,PAT_01616
V_RAJESH_KUMAR,PAT_01616
DR_R_KESAVAMOORTHY,PAT_01616
DR_RAJA_M,PAT_01617
DR_THANGA_MARIAPPAN_L,PAT_01617
DR_M_VILASINI,PAT_01617
V_RAJESH_KUMAR,PAT_01617
DR_R_KESAVAMOORTHY,PAT_01617
ASHA_M_NAIR,PAT_01618
CMR_INSTITUTE_OF_TECHNOLOGY,PAT_01618
ASHA_M_NAIR,PAT_01619
CMR_INSTITUTE_OF_TECHNOLOGY,PAT_01619
ASHA_M_NAIR,PAT_01620
CMR_INSTITUTE_OF_TECHNOLOGY,PAT_01620
MRS_DEVISIVASANKARI_P,PAT_01621
DR_RAJA_M,PAT_01621
MR_R_VIJAY_KUMAR,PAT_01621
DR_ALPHA_JOSEPH,PAT_01621
DR_THANGA_MARIAPPAN_L,PAT_01621
DR_R_KESAVAMOORTHY,PAT_01621
KESAVAMOORTHY_R,PAT_01622
DR_RAJA_M,PAT_01622
DR_THANGA_MARIAPPAN_L,PAT_01622
DR_M_VILASINI,PAT_01622
DR_D_LOGANATHAN,PAT_01622
KESAVAMOORTHY_R,PAT_01623
DR_RAJA_M,PAT_01623
DR_VIILASINI_M,PAT_01623
DR_THANGA_MARIAPPAN_L,PAT_01623
MR_V_RAJESH_KUMAR,PAT_01623
BINISH_FATIMAH,PAT_01624
PUSHPENDRA_SINGH,PAT_01624
AMIT_SINGHAL,PAT_01624
ANJU_DAS,PAT_01625
DRCHINMAYA_BEHERA,PAT_01625
SUMIT_MOHANTY,PAT_01625
CMR_INSTITUTE_OF_TECHNOLOGY,PAT_01625
DIPTOSHI_ROY,PAT_01625
DRNAGESWARA_RAO_A,PAT_01625
ABHISHEK_BANIK,PAT_01625
AMIT_KR_BAGHEL,PAT_01625
ARUP_KR_GOSWAMI,PAT_01625
VENKATESH_NAIK,PAT_01626
PUNEETH_KUMAR_N,PAT_01626
CMR_INSTITUTE_OF_TECHNOLOGY_BENGALURU,PAT_01626
DR_MANJUNATHA_B,PAT_01626
B_B_CHANDAN_URS,PAT_01626
JEEVITHA_C_SHEKAR,PAT_01626
THUSHARA_V,PAT_01626
SHANTHI_M_B,PAT_01627
DANTHULURI_SUDHA,PAT_01627
NITIK_TIWARI,PAT_01627
MANOJ_CHALLA,PAT_01627
ANJALI_GUPTA,PAT_01627
LEENA_N_FUKEY,PAT_01628
BINDUSHREE_R,PAT_01628
ILANGO_VELCHAMY,PAT_01628
V_R_UMA,PAT_01628
DR_ILANGO_VELCHAMY,PAT_01629
DR_V_R_UMA,PAT_01629
DR_ILANGO_VELCHAMY,PAT_01630
DR_V_R_UMA,PAT_01630
MRSMOUMITA_ROY,PAT_01630
MANISHA_KUMARI,PAT_01631
DANTHULURI_SUDHA,PAT_01631
SHANTHI_M_B,PAT_01631
DR_KESAVAMOORTHY,PAT_01631
DRRAJA,PAT_01631
VENKATESH_NAIK,PAT_01632
PUNEETH_KUMAR_N,PAT_01632
HARISHA_P,PAT_01632
NARENDRA_N,PAT_01632
GOPI_S,PAT_01632
SHANTHI_M_B,PAT_01633
MANOJ_CHALLA,PAT_01633
L_SRUSHTI_HUNALLI,PAT_01633
DANTHULURI_SUDHA,PAT_01633
JAGADISHWARI_V,PAT_01634
KAVITHA_P,PAT_01634
MR_ANIL_D,PAT_01635
MR_SURESHA_S,PAT_01635
VARSHA_PAWAR,PAT_01636
SHANTHI_M_B,PAT_01637
HARSHUL_WALIA,PAT_01637
AAKANKSHA_AGRAWAL,PAT_01637
AMAN_KUMAR,PAT_01637
AMIT_VIKRAM,PAT_01637
JIDGNESH_SATISHCHANDRA_WANI,PAT_01637
M_YOGISH,PAT_01637
SHANTHI_M_B,PAT_01638
MADAKARI_NAYAKA_H_M,PAT_01638
DANTHULURI_SUDHA,PAT_01638
SHANTHI_M_B,PAT_01639
DRSWATHI_Y,PAT_01639
DR_MANOJ_CHALLA,PAT_01639
DANTHULURI_SUDHA,PAT_01639
BHOOMIKA_P,PAT_01639
SOUNDARYA,PAT_01640
CMR_INSTITUTE_OF_TECHNOLOGY_BANGALORE,PAT_01640
SOUNDARYA,PAT_01641
RAVI_KANT_TALLURI,PAT_01641
CMR_INSTITUTE_OF_TECHNOLOGY,PAT_01641
SOUNDARYA,PAT_01642
DR_PRAVEEN_S,PAT_01642
CMR_INSTITUTE_OF_TECHNOLOGY,PAT_01642
ARUN_S,PAT_01643
SANJANA_PRASAD,PAT_01643
NIRANJAN_L,PAT_01643
SREEKANTHA_B,PAT_01643
SHANTHI_M_B,PAT_01644
DANTHULURI_SUDHA,PAT_01644
ARUN_FRANCIS_TELLIS,PAT_01644
SAGARIKA_BEHERA,PAT_01644
SHANTHI_M_B,PAT_01645
GAURAV_KHATER,PAT_01645
DR_MANOJ_CHALLA,PAT_01645
DR_DANTHULURI_SUDHA,PAT_01645
SHANTHI_M_B,PAT_01646
MANOJ_S,PAT_01646
DANTHULURI_SUDHA,PAT_01646
KAVITHA_P,PAT_01647
DR_R_KESAVAMOORTHY,PAT_01648
DR_PARAS_NATH_SINGH,PAT_01648
DR_SHANTHI_MB,PAT_01648
DIVYA_SINGH,PAT_01649
DR_MANOJ_CHALLA,PAT_01649
DR_GEETHA_S,PAT_01649
DR_DANTHULURI_SUDHA,PAT_01649
SHILPA_MANGESH_PANDE,PAT_01649
SAVITHA_N_J,PAT_01650
DR_LATA_B_T,PAT_01650
DR_VENUGOPAL_K_R,PAT_01650
DRSANCHARI_SAHA,PAT_01651
ANJU_DAS,PAT_01652
D_KODANDAPANI,PAT_01652
CMR_INSTITUTE_OF_TECHNOLOGY,PAT_01652
VINAY_G,PAT_01652
GIRINATHAM_NAGA_SAI_NITHIN,PAT_01652
LANKIPALLI_VENKATASAITEJA,PAT_01652
SHASHANK_S,PAT_01652
SHAMA_YADAV_M,PAT_01652
ANJU_DAS,PAT_01653
D_KODANDAPANI,PAT_01653
CMR_INSTITUTE_OF_TECHNOLOGY,PAT_01653
VINAY_G,PAT_01653
GIRINATHAM_NAGA_SAI_NITHIN,PAT_01653
LANKIPALLI_VENKATASAITEJA,PAT_01653
SHASHANK_S,PAT_01653
SHAMA_YADAV_M,PAT_01653
RDHIVYA,PAT_01654
CMR_INSTITUTE_OF_TECHNOLOGY_BENGALURU,PAT_01654
DRHELEN_JOSEPHINE,PAT_01654
SPRAKASH,PAT_01654
DR_KRAJALAKSHMI,PAT_01654
SMITHA_N,PAT_01655
PRATHAM_MAJUMDER,PAT_01656
TUHIN_MAJUMDER,PAT_01656
DEBAROTI_DAN,PAT_01656
GAUR_SHWETA,PAT_01657
CMR_INSTITUTE_OF_TECHNOLOGY,PAT_01657
T_GOMATHI,PAT_01658
DR_GNANESWARI_GNANAGURU,PAT_01659
CMR_INSTITUTE_OF_TECHNOLOGY,PAT_01659
MOHAMMED_AZAAHRUDDIN_S_A,PAT_01660
DR_VAKULA_RANI_J,PAT_01660
AISHWARYA_JAKKA,PAT_01660
ASHWINI_KUMAR,PAT_01660
LAVANYA_C,PAT_01660
SSRIDEVI,PAT_01661
DRNSRIDHAR,PAT_01661
CMR_INSTITUTE_OF_TECHNOLOGY,PAT_01661
DR_EISHA_AKANKSHA,PAT_01662
J_E_MOSHE_DAYAN,PAT_01663
DR_A_G_MOHAN_DAS_GANDHI,PAT_01663
DR_LIJO_JACOB_VARGHESE,PAT_01663
DR_SUMA_SIRA_JACOB,PAT_01663
DR_MPADMAJA,PAT_01663
DR_SUGANYA_SRINIVASAN,PAT_01663
ARCHANA_HOMBALIMATH,PAT_01664
J_SUNEETHA,PAT_01664
ASWATHIS,PAT_01664
SWAMY_GOUD,PAT_01664
HUSNA_TABASSUM,PAT_01664
CMR_INSTITUTE_OF_TECHNOLOGY,PAT_01664
NIRANJAN_L,PAT_01665
SHILPA_A_N,PAT_01665
SRIDHAR_N,PAT_01665
SREEKANTHA_B,PAT_01665
MANJULA_HT,PAT_01666
SHYAMASREE_GHOSH,PAT_01666
ARCHANA_HOMBALIMATH,PAT_01666
ARCHANA_HOMBALIMATH,PAT_01667
MANJULA_HT,PAT_01667
SHYAMASREE_GHOSH,PAT_01667
SUPRIYA_HARLAPUR,PAT_01667
DR_NEHA_MANGLA,PAT_01667
ARCHANA_HOMBALIMATH,PAT_01668
MANJULA_HT,PAT_01668
SHYAMASREE_GHOSH,PAT_01668
SUPRIYA_HARLAPUR,PAT_01668
DR_NEHA_MANGLA,PAT_01668
ARCHANA_HOMBALIMATH,PAT_01669
ASWATHI_S,PAT_01669
J_SUNEETHA,PAT_01669
NISHAD_A,PAT_01669
NIRANJAN_L,PAT_01670
SHILPA_A_N,PAT_01670
SRIDHAR_N,PAT_01670
SREEKANTHA_B,PAT_01670
ARCHANA_HOMBALIMATH,PAT_01671
SUNEETHA_J,PAT_01671
ASWATHI_S,PAT_01671
SUPRIYA_HARLAPUR,PAT_01671
DR_NEHA_MANGLA,PAT_01671
SAGARIKA_BEHERA,PAT_01672
JHANSI_RANI_PRATHURI,PAT_01672
CMR_INSTITUTE_OF_TECHNOLOGY,PAT_01672
RESHMA_P_ELDHO,PAT_01673
LOKASREE_B_S,PAT_01673
NITHARA_P_V,PAT_01673
PRIYANKA_PRIYADARSHINI_PADHI,PAT_01673
CMR_INSTITUTE_OF_TECHNOLOGY,PAT_01673
RESHMA_P_ELDHO,PAT_01674
NITHARA_P_V,PAT_01674
LOKASREE_B_S,PAT_01674
PRIYANKA_PRIYADARSHINI_PADHI,PAT_01674
CMR_INSTITUTE_OF_TECHNOLOGY,PAT_01674
DR_VAKULA_RANI_J,PAT_01675
BISHAL_KUMAR_CHAKRABORTY,PAT_01675
AISHWARYA_JAKKA,PAT_01675
HAMSINI_KANURU,PAT_01675
SUSHMA_B,PAT_01676
APARNA_P,PAT_01676
RAVEESHA_KH,PAT_01677
CMR_INSTITUTE_OF_TECHNOLOGY_BENGALURU,PAT_01677
PROFBINEET_KUMAR_JHA_CMR_INSTITUTE_OF_TECHNOLOGY,PAT_01678
DR_AKANA_CHANDRA_MOULI_VENKATA_SRINIVAS_AMC_ENGINEERING_COLLEGE,PAT_01678
PROF_DHEERAJ_D_GLOBAL_ACADEMY_OF_TECHNOLOGY,PAT_01678
CHIYYEDU_MANASA_GLOBAL_ACADEMY_OF_TECHNOLOGY,PAT_01678
DR_MSHAHINA_PARVEEN_CMR_INSTITUTE_OF_TECHNOLOGY,PAT_01678
DR_ASHA_JYOTHI_CH_JNTUHJAGITHYAL,PAT_01678
DRZEENATHUL_FARIDA_ABDUL_GANI_PROF_FRANCIS_XAVIER_ENGINEERING_COLLEGE,PAT_01679
MRARAMESH_UDHAYAKUMAR_ASSOCIATE_PROFESSOR_MISRIMAL_NAVAJEE_MUNOTH_JAIN_ENGINEERING_COLLEGE,PAT_01679
DRNSBALAJI_POST_DOCTORAL_FELLOW_NIT_TRICHY,PAT_01679
MR_CT_JUSTUS_PANICKER_RESEARCH_SCHOLAR_NITTRICHY,PAT_01679
MRRSHISHIR_RESEARCH_SCHOLAR_NIT_TRICHY,PAT_01679
DRPPRAKASH_AP_UNIVERSITY_COLLEGE_OF_ENGINEERING_VILLUPURAM,PAT_01679
DR_SUMATHI_D,PAT_01680
DR_REMA_GOPALAN,PAT_01681
DR_MITALI_PALIT,PAT_01681
MRS_P_R_MADHU_SHREE,PAT_01681
DR_RASHMI_SINGH_ROY,PAT_01681
DR_SWATHI_P_K,PAT_01681
ABINASH_PANDA,PAT_01682
MEENAKSHI_R_PATIL,PAT_01682
S_SEETHA,PAT_01682
ABHIJITH_VR,PAT_01682
SUMATHI_D,PAT_01683
MEENAKSHI_PATIL,PAT_01684
DR_SRIDEVI_S,PAT_01684
MITHIL_R_KOKANE,PAT_01684
MOKSHA_BH,PAT_01684
SANJANA_S_RAO,PAT_01684
SHWETA_UMESHCHANDRA_KARJINNI,PAT_01684
NIKITA_THAKUR,PAT_01684
TRISHA_D_RAI,PAT_01684
SRESTHA_SARKAR,PAT_01684
SRIJAN_SHIVAKUMAR_KAKHANDAKI,PAT_01684
SATYABRATA_DAS,PAT_01685
MEENAKSHI_PATIL,PAT_01686
ABHIJEET_KUMAR,PAT_01686
AYUSH_KUMAR,PAT_01686
CHIRANTH_V,PAT_01686
BHARATH_KUMAR_R,PAT_01686
CHETHAN_D_R,PAT_01686
JEEVAN_B_V,PAT_01686
YADHUNANDAN_K_S,PAT_01686
NOVY_JACOB,PAT_01687
SHRISHAILA_P,PAT_01687
VIJI_K,PAT_01688
K_CHITRA,PAT_01688
ANJU_DAS,PAT_01688
SUMIT_MOHANTY,PAT_01688
ATHAR_AHMED,PAT_01688
K_UMA_LAKSHMI,PAT_01689
NAVYA_V_K,PAT_01689
SELVAM_JESIAH,PAT_01689
N_KAVIPRIYA,PAT_01689
PROF_BRIJESH_SINGH,PAT_01690
CMR_INSTITUTE_OF_TECHNOLOGY_SRI_NIVASA_REDDY_LAYOUT_AECS_LAYOUT_MARATHAHALLI_BENGALURU_KARNATAKA_560037,PAT_01690
HARINI_L,PAT_01690
HARSHITHA_H_N,PAT_01690
G_S_NISHCHITHA,PAT_01690
DILIP_KUMAR_HM,PAT_01690
DIVYA_S,PAT_01690
GIREESH_C_NEELANNAVAR,PAT_01690
DHANUSH_SHANKAR_S,PAT_01690
GUNJAN_SINGH,PAT_01690
GAGAN_KUMAR_S,PAT_01690
GAYATHRI_K,PAT_01690
HRITHIK_V_G,PAT_01690
MS_SHEELAVATHI,PAT_01690
SATYABRATA_DAS,PAT_01691
SRIVIDYA_RAMISETTY,PAT_01692
MURALI_M_C,PAT_01692
DRGNANESWARI_GNANAGURU,PAT_01693
DR_SSILVIA_PRISCILA,PAT_01693
DRPRAVEEN_B_M,PAT_01693
CMR_INSTITUTE_OF_TECHNOLOGY,PAT_01693
CMR_INSTITUTE_OF_TECHNOLOGY,PAT_01694
RNS_INSTITUTE_OF_TECHNOLOGY,PAT_01694
GELUVARAJB,PAT_01694
PALAKITI_VENKATA_NAGENDRA_PRADEEP,PAT_01694
LAKSHMI_S_HANNE,PAT_01694
SHARATH_KUMAR_M,PAT_01694
MYTHRIS,PAT_01694
ROOPAT,PAT_01694
VIJAYALAKSHMI_H_R,PAT_01694
YASHASWI_R,PAT_01694
BATHINAPATLA_AYYAPPA,PAT_01695
ASEENA_AZEEZ,PAT_01695
BHUJANGAIAH_NS,PAT_01695
BATHINAPATLA_AYYAPPA,PAT_01696
ASEENA_AZEEZ,PAT_01696
BHUJANGAIAH_NS,PAT_01696
SATYABRATA_DAS,PAT_01697
RAHAMAN_FAZLUR,PAT_01698
GUPTA_PRITI,PAT_01698
GAUTAM_PRABHAT,PAT_01698
PARTHASARATHY_P,PAT_01699
VENKATESH_M,PAT_01699
MOUMITA_ROY,PAT_01700
CMR_INSTITUTE_OF_TECHNOLOGY,PAT_01700
SUHAS_A_N,PAT_01700
SHASHANK_C_G,PAT_01700
MAHESH_KUMAR_JHA,PAT_01701
DR_ILANGO_VELCHAMY,PAT_01702
IPAVAI,PAT_01702
DR_V_R_UMA,PAT_01702
DR_ILANGO_VELCHAMY,PAT_01703
JASWANTH_SINGH_G,PAT_01703
DR_V_R_UMA,PAT_01703
DR_K_MEENAKSHI,PAT_01704
DR_HANUMANTHA_RAVI_P_V_N,PAT_01704
AARYAN_UPADHYAY,PAT_01704
CMR_INSTITUTE_OF_TECHNOLOGY,PAT_01704
VARSHA_PAWAR,PAT_01705
ABHISHEK_JAVALI,PAT_01706
BASAVAKIRAN,PAT_01706
MAHADEVAN_M,PAT_01706
PARVATH_J,PAT_01706
PRAVEEN_SIDDAPPA,PAT_01706
DR_N_CHANDRIKA,PAT_01707
DR_M_RAJESH,PAT_01707
DR_N_RAMANJANEYULU,PAT_01707
AMRUTHA_M,PAT_01707
GS_NISHCHITHA,PAT_01707
NEHA_A,PAT_01707
DHANUSH_KUMAR_V,PAT_01707
PREETHI_MARUTHI_HADAGINAL,PAT_01707
BHOOMIKAS,PAT_01707
LIKITH_KUMAR_D_K,PAT_01707
SRIVIDYA_RAMISETTY,PAT_01708
SHILPA_MANGESH_PANDE,PAT_01709
MADIMI_JASWANTH_SAI,PAT_01709
KOTHA_MADESH,PAT_01709
MANDAM_GNAESHWAR,PAT_01709
KUMAR_ARYAN,PAT_01709
KUMAR_AYUSH,PAT_01709
ANSHIKA_SHUKLA,PAT_01710
PRIYANKA_S_TALEKAR,PAT_01710
BINDU_R,PAT_01710
ABHIJEET_KUMAR,PAT_01710
PREETHI_A,PAT_01711
ANSHIKA_SHUKLA,PAT_01712
PRIYANKA_S_TALEKAR,PAT_01712
BINDU_R,PAT_01712
SUGUNADEVI_C,PAT_01713
POORANI_M,PAT_01713
AMITHA_R,PAT_01713
CMR_INSTITUTE_OF_TECHNOLOGY,PAT_01713
SUGUNADEVI_C,PAT_01714
ARVIND_R,PAT_01714
MEGHANA_NANDIPATI,PAT_01714
KAVYA_MANNE,PAT_01714
KUMARI_SWADHA,PAT_01714
CMR_INSTITUTE_OF_TECHNOLOGY,PAT_01714
SUGUNADEVI_C,PAT_01715
ARVIND_R,PAT_01715
AMISHA_THAKUR,PAT_01715
CMR_INSTITUTE_OF_TECHNOLOGY,PAT_01715
ASUVITHA,PAT_01716
S_PALLAVI,PAT_01716
HARI_CHARAN_G,PAT_01716
ANSHIKA_SHUKLA,PAT_01717
PRIYANKA_S_TALEKAR,PAT_01717
NETHRA_NAIR,PAT_01717
RAJAT_GOSAL,PAT_01717
VARUN_MAHESH_MENON,PAT_01717
CMR_INSTITUTE_OF_TECHNOLOGY_BENGALURU,PAT_01717
VYSHALI_RAO_K_P,PAT_01718
CHETHAN_B,PAT_01718
NAVNEETHRAM_V_K,PAT_01718
DR_BALAJI_C,PAT_01719
DR_SUMITHRA_R,PAT_01719
DR_RUDRESHA_C,PAT_01719
DR_VIDYA_SHREE_V,PAT_01719
CMR_INSTITUTE_OF_TECHNOLOGY,PAT_01719
DR_V_SENTHILKUMAR,PAT_01720
MADHU_GC,PAT_01720
DR_YOGESH_KUMAR_RATHORE,PAT_01720
MR_CHTTIMOTHU_SURESH_BABU,PAT_01720
MR_LALIT_CHOWDHURY,PAT_01720
DR_ASHISH_KUMAR_SHARMA,PAT_01720
SANGEETA_BHANJA_CHAUDHURI,PAT_01721
K_SHIJINA_PADMANABHAN,PAT_01722
RAJESH_GOPAL,PAT_01723
CMR_INSTITUTE_OF_TECHNOLOGY,PAT_01723
B_NARASIMHA_RAO,PAT_01724
PADIDHAPU_RAJENDRA,PAT_01724
ATYAM_NAGESWARA_RAO,PAT_01725
SANTOSH_KATHARI,PAT_01725
DR_SANDEEP_KUMAR_M,PAT_01725
DR_JAHNAVI_M,PAT_01725
MR_N_NAGASUBBA_REDDY,PAT_01725
ANASWARA_VENUNADH,PAT_01726
DEEPA_H,PAT_01726
DR_CIYAMALA_KUSHBU_S,PAT_01726
CH_MANASA,PAT_01726
CMR_INSTITUTE_OF_TECHNOLOGY,PAT_01726
MANIKANDAN_H,PAT_01727
PRASHANT_S_HATTI,PAT_01727
DR_BOMMANNA_K,PAT_01727
ANUPAMA_B_SOMANAKATTI,PAT_01727
MANIKANDAN_H,PAT_01728
PRASHANT_S_HATTI,PAT_01728
DR_BOMMANNA_K,PAT_01728
ANUPAMA_B_SOMANAKATTI,PAT_01728
MANIKANDAN_H,PAT_01729
PRASHANT_S_HATTI,PAT_01729
DR_BOMMANNA_K,PAT_01729
ANUPAMA_B_SOMANAKATTI,PAT_01729
DR_DHANANJAY_DEY,PAT_01730
DR_BALAJI_C,PAT_01730
DR_DHANANJAY_DEY,PAT_01731
DR_BALAJI_C,PAT_01731
DR_I_PAKRUDHEEN,PAT_01732
DR_BALAJI_C,PAT_01732
ATYAM_NAGESWARA_RAO,PAT_01733
DR_T_POOMPAVAI,PAT_01733
RAJSREE_S,PAT_01733
SNEHA_SHARMA,PAT_01733
SUDIKSHA_BIRADAR,PAT_01733
SRIDEVI_S,PAT_01734
SHARMILA_K_P,PAT_01734
MALAVIKA_VINAY,PAT_01734
DEVADATHAN_MENON,PAT_01734
DEEKSHITHA_M,PAT_01734
SRIDEVI_S,PAT_01735
DR_PAPPA_M,PAT_01735
DR_MEENAKSHI_PATIL,PAT_01735
DR_SHARMILA_K_P,PAT_01735
CHINMAYI_M_KASHYAP,PAT_01735
BHOOMIKA_G,PAT_01735
ASHA_KIRANA_V,PAT_01735
AMULYA_S_RAO,PAT_01735
POOJASHREE_BASKAR,PAT_01735
MAHESH_KUMAR_JHA,PAT_01736
RANJITHA_R,PAT_01737
RANJITHA_R,PAT_01738
PREETHI_A,PAT_01739
S_R_SRIRAKSHA,PAT_01740
CMR_INSTITUTE_OF_TECHNOLOGY,PAT_01740
UMA_RAJU,PAT_01741
CMR_INSTITUTE_OF_TECHNOLOGY,PAT_01741
SUGUNADEVI_C,PAT_01742
ARVIND_R,PAT_01742
DR_B_UMA_MAHESWARI,PAT_01742
CMR_INSTITUTE_OF_TECHNOLOGY,PAT_01742
SHILPA_MANGESH_PANDE,PAT_01743
VYSHALI_RAO_K_P,PAT_01744
SRIVIDYA_R,PAT_01744
CMR_INSTITUTE_OF_TECHNOLOGY,PAT_01744
ANASWARA_VENUNADH,PAT_01745
APARNA_N,PAT_01745
CMR_INSTITUTE_OF_TECHNOLOGY,PAT_01745
RAVEESH_HEGDE,PAT_01746
NIDHIS_VAISHNAW,PAT_01747
MAHESH_KUMAR_JHA,PAT_01748
MONIKA_SINGH,PAT_01749
SINDHYA_RAGHUNATH,PAT_01750
DR_VIJI_K,PAT_01751
DRKCHITRA,PAT_01751
ATHAR_AHMED,PAT_01751
BATHINENI_KOWSHIK4,PAT_01751
GAJJALA_KOUSITHA,PAT_01751
NEHASHREE_VT,PAT_01751
ANJU_DAS,PAT_01751
GAUTAM_PRABHAT,PAT_01752
RAMDAS_BALAN,PAT_01752
CMR_INSTITUTE_OF_TECHNOLOGY_BENGALURU,PAT_01752
PADIDHAPU_RAJENDRA,PAT_01753
CMR_INSTITUTE_OF_TECHNOLOGY_BENGALURU,PAT_01753
SRIDEVI_S,PAT_01754
MEENAKSHI_R_PATIL,PAT_01754
SHARMILA_K_P,PAT_01754
SANJITHA,PAT_01754
RAGHU_B_S,PAT_01754
N_RAGHAVENDRA,PAT_01754
MOHAMMAD_FIROZ_K,PAT_01754
RAKSHITHA_M_R,PAT_01754
NIKHITHA_K_N,PAT_01754
ANKITA,PAT_01754
A_SUVITHA,PAT_01755
VARSHINI_N,PAT_01755
GAUTAM_PRABHAT,PAT_01756
GUPTA_PRITI,PAT_01756
RAHAMAN_FAZLUR,PAT_01756
CMR_INSTITUTE_OF_TECHNOLOGY,PAT_01756
K_KOMALA_DEVI,PAT_01757
CMR_INSTITUTE_OF_TECHNOLOGY,PAT_01757
DRJOSEPHINE_PREM_KUMAR,PAT_01757
SUDARSHANA_RAMAN,PAT_01758
CMR_INSTITUTE_OF_TECHNOLOGY_BENGALURU,PAT_01758
GUPTA_PRITI,PAT_01759
RAHAMAN_FAZLUR,PAT_01759
GAUTAM_PRABHAT,PAT_01759
GUPTA_PRITI,PAT_01760
GAUTAM_PRABHAT,PAT_01760
RAHAMAN_FAZLUR,PAT_01760
CMR_INSTITUTE_OF_TECHNOLOGY_BENGALURU,PAT_01760
SRIDHAR_N,PAT_01761
SOPHIYA_SUSAN_S,PAT_01761
NIYA_PRASAD,PAT_01761
PPRATHIKA,PAT_01761
SHIVANI_S_MURTHY,PAT_01761
SUTAPA_SARKAR,PAT_01762
DR_MFARIDA_BEGAM,PAT_01763
CMR_INSTITUTE_OF_TECHNOLOGY,PAT_01763
RDHIVYA,PAT_01764
CMR_INSTITUTE_OF_TECHNOLOGY,PAT_01764
DRHELEN_JOSEPHINE_VL,PAT_01764
AKILA_P,PAT_01765
V_RAJESH_KUMAR,PAT_01765
DR_PARTHASARATHY_V,PAT_01765
TAMIL_SELVI_N,PAT_01765
DR_S_RAVINDRAN,PAT_01765
P_KEZIA_JOY_KUMARI,PAT_01765
MANJULA_SUBRAMANIAM,PAT_01765
DR_KESAVAMOORTHY_R,PAT_01765
GNANESWARI_GNANAGURU,PAT_01766
CMR_INSTITUTE_OF_TECHNOLOGY_BENGALURU,PAT_01766
DR_MJ_CARMEL_MARY_BELINDA,PAT_01767
MRS_RBHUVANYA,PAT_01767
DR_NAVEEN_KUMAR_G_N,PAT_01767
MR_RAMBABU_NALAGANDLA,PAT_01767
DR_BALACHANDRA_PATTANAIK,PAT_01767
DR_SANCHARI_SAHA,PAT_01768
CMR_INSTITUTE_OF_TECHNOLOGY_BENGALURU,PAT_01768
KRISHNA_SOWJANYA_K,PAT_01769
DR_V_N_MANJU,PAT_01769
DR_BINDU_MADAVI,PAT_01769
NEHA_PATWARI,PAT_01769
DR_V_N_MANJU,PAT_01770
KRISHNA_SOWJANYA_K,PAT_01770
J_LENISHPRAMIEE,PAT_01770
APARNA_N,PAT_01770
ARVIND_D,PAT_01770
DRRSATHYA_BAMA_KRISHNA,PAT_01770
DR_SHREEKANTH_MOOROOR_PRABHU,PAT_01771
CMR_INSTITUTE_OF_TECHNOLOGY,PAT_01771
ABHISEK_MIDYA,PAT_01772
PARTHA_CHATTOPADHYAY,PAT_01772
PARTHASARATHY_P,PAT_01773
DRVIJI_K,PAT_01774
DRKCHITRA,PAT_01774
DRKCHITRA,PAT_01775
DRVSPRAKASH,PAT_01775
DRVIJI_K,PAT_01775
DR_PARAS_NATH_SINGH,PAT_01776
CMR_INSTITUTE_OF_TECHNOLOGY,PAT_01776
HARSHA_B_K,PAT_01777
MEENAKSHI_R_PATIL,PAT_01777
SHRUTHI_M_L_J,PAT_01777
SRIVIDYA_RAMISETTY,PAT_01778
VYSHALI_RAO_K_P,PAT_01778
CMR_INSTITUTE_OF_TECHNOLOGY,PAT_01778
SHYAMALI_DAS,PAT_01779
SHYAMALI_DAS,PAT_01780
TANUSHREE_MOHAPATRA,PAT_01780
PVELRAJKUMAR,PAT_01781
CMR_INSTITUTE_OF_TECHNOLOGY,PAT_01781
DRRAMESH_P,PAT_01781
DRSSOLAI_MANOHAR,PAT_01781
DRM_SATHYA_PRIYA,PAT_01781
PARTHASARATHY_P,PAT_01782
DR_VENKATESH_M,PAT_01782
DR_NIRANJAN_L,PAT_01782
DR_A_ANDREW_ROOBERT,PAT_01782
MS_UMME_SALMA,PAT_01783
MS_DEVADARSHINI_V,PAT_01783
MS_VANDANA_K_S,PAT_01783
DR_SENTHIL_VELAN_SUGANANTHAM,PAT_01783
MS_SWATHI_BANAKAR,PAT_01783
PAPPA_M,PAT_01784
SHARMILA_KP,PAT_01784
MEENAKSHI_R_PATIL,PAT_01784
ASWINI_N,PAT_01785
RAVEESH_HEGDE,PAT_01785
MONIKA_SINGH,PAT_01785
MAHESH_KUMAR_JHA,PAT_01785
SENTHIL_VELAN_SUGANANTHAM,PAT_01786
MS_VISALINI_S,PAT_01786
MS_VIDHYA_S,PAT_01786
MS_DIANA_A,PAT_01786
MS_BINDYASHREE_C_A,PAT_01786
DHRUV_SHARMA,PAT_01787
DR_NAVEEN_KUMAR_G_N,PAT_01787
DR_MEENAKSHI_R_PATIL,PAT_01787
DR_HARSHA_B_K,PAT_01787
MEENAKSHI_PATIL,PAT_01788
SUTAPA_SARKAR,PAT_01788
UMA_RAJU,PAT_01789
PRATAP_D,PAT_01789
K_MEENAKSHI,PAT_01789
PUSULURI_VENKATA_NAGA_HANUMANTHA_RAVI,PAT_01789
CMR_INSTITUTE_OF_TECHNOLOGY,PAT_01789
HEMA_HC,PAT_01790
VIBHA_N_DALAWAI,PAT_01790
CMR_INSTITUTE_OF_TECHNOLOGY_BENGALURU,PAT_01790
NAGENDRA_P,PAT_01790
PREETI_JACOB,PAT_01791
CMR_INSTITUTE_OF_TECHNOLOGY_BENGALURU,PAT_01791
K_SHIJINA_PADMANABHAN,PAT_01792
CMR_INSTITUTE_OF_TECHNOLOGY_BENGALURU,PAT_01792
DR_B_RAJENDRA_PRASAD_REDDY,PAT_01793
ASWINI_N,PAT_01794
R_ELUMALAI,PAT_01794
MANIKANDAN_H,PAT_01795
PRASHANT_S_HATTI,PAT_01795
ANISH_M,PAT_01796
JAYAPRABAKAR_J,PAT_01796
MANIKANDAN_H,PAT_01796
ARUNKUMAR_T,PAT_01796
MS_VISALINI_S,PAT_01797
DR_SENTHIL_VELAN_SUGANANTHAM,PAT_01797
MS_VIDHYA_S,PAT_01797
MS_BINDYASHREE_C_A,PAT_01797
MS_DIANA_A,PAT_01797
DR_EISHA_AKANKSHA,PAT_01798
DR_MEENAKSHI_R_PATIL,PAT_01798
UMA_RAJU,PAT_01799
CMR_INSTITUTE_OF_TECHNOLOGY,PAT_01799
PREETHI_A,PAT_01800
ASWINI_N,PAT_01800
DR_GOWRI_GANESH_N_S,PAT_01801
DR_SENTHIL_VELAN_SUGANANTHAM,PAT_01801
DR_BALASUBRAMANIAN_VISWANANTHAN,PAT_01801
DR_D_VENKATA_VARA_PRASAD,PAT_01801
SMITHA_N,PAT_01802
TANUJA_R,PAT_01802
CMR_INSTITUTE_OF_TECHNOLOGY,PAT_01803
RESHMA_P_ELDHO,PAT_01803
RANJITHAR,PAT_01804
GAUTAM_FRABHAT,PAT_01805
GUPTA_PRITI,PAT_01805
RAHAMAN_FAZLUR,PAT_01805
GUPTA_PRITI,PAT_01806
GAUTAM_PRABHAT,PAT_01806
RAHAMAN_FAZLUR,PAT_01806
GUPTA_PRITI,PAT_01807
GAUTAM_PRABHAT,PAT_01807
RAHAMAN_FAZLUR,PAT_01807
ANAND_R,PAT_01808
MAHESH_KUMAR_JHA,PAT_01808
RUBINI_P,PAT_01808
MONIKA_SINGH,PAT_01808
RAVEESH_HEGDE,PAT_01808
GNANESWARI_GNANAGURU,PAT_01809
CMR_INSTITUTE_OF_TECHNOLOGY,PAT_01809
K_KOMALA_DEVI,PAT_01810
CMR_INSTITUTE_OF_TECHNOLOGY,PAT_01810
DRJOSEPHINE_PREM_KUMAR,PAT_01810
SUDARSHANA_RAMAN,PAT_01811
CMR_INSTITUTE_OF_TECHNOLOGY,PAT_01811
MRTVINODHKANNAN_MOOKAMBIGAI_COLLEGE_OF_ENGINEERING,PAT_01812
DRASHISH_KUMAR_SRIVASTAVA_GALGOTIAS_UNIVERSITY,PAT_01812
MRSDIVYA_SINGH_CMRIT_CMR_INSTITUTE_OF_TECHNOLOGY,PAT_01812
DRSHADAB_IRFAN_UNITED_UNIVERSITY,PAT_01812
MRGAURAV_DWIVEDI_UNITED_UNIVERSITY,PAT_01812
DR_MFARIDA_BEGAM,PAT_01813
CMR_INSTITUTE_OF_TECHNOLOGY,PAT_01813
DR_RAMYA_C,PAT_01814
DR_MANNAR_MANNAN_J,PAT_01814
MRS_C_SHARON_ROJI_PRIYA,PAT_01814
DR_SAVITA_CHANNAGAUDAR,PAT_01814
SHREEKANTH_MOOROOR_PRABHU,PAT_01815
SUGATO_CHAKRABARTY,PAT_01815
CMR_INSTITUTE_OF_TECHNOLOGY,PAT_01816
KEKA_MUKHOPADHYAYA,PAT_01816
S_ASIF_CMR_INSTITUTE_OF_TECHNOLOGY,PAT_01817
DR_M_SRIRAMA_LAKSHMI_REDDY_CMR_INSTITUTE_OF_TECHNOLOGY,PAT_01817
GANAPAVARAPU_SUREKHA_CMR_INSTITUTE_OF_TECHNOLOGY,PAT_01817
TN_CHITTI_NEW_HORIZON_COLLEGE_OF_ENGINEERING,PAT_01817
JYOTSNA_TARIGOPPULA_CMR_INSTITUTE_OF_TECHNOLOGY,PAT_01817
DRKCHITRA,PAT_01818
DRVSPRAKASH,PAT_01818
DRVIJI_K,PAT_01818
DR_K_CHITRA,PAT_01819
DR_VIJI_K,PAT_01819
ATHAR_AHMED,PAT_01819
SIDDARTH_KRISHNA_HUDEDAMANI,PAT_01819
KOUSITHA_GAJJALA,PAT_01819
KEERTHI_ANNIGERI,PAT_01819
BATHINENI_KOWSHIK,PAT_01819
JIDGNESH_SATISHCHANDRA_WANI,PAT_01819
DR_SANCHARI_SAHA,PAT_01820
DR_PARTHASARATHY_P,PAT_01821
MRS_SUSMITHA_ALAMURU,PAT_01821
CMR_INSTITUTE_OF_TECHNOLOGY,PAT_01821
MS_ANKITHA_RAO,PAT_01822
DR_ADARSH_RAG_S,PAT_01822
DR_SOMASHEKARA_BHAT,PAT_01822
DR_SHOUNAK_DE,PAT_01822
MS_JAYALAKSHMI,PAT_01822
CMR_INSTITUTE_OF_TECHNOLOGY,PAT_01822
RESHMA_P_ELDHO,PAT_01823
NITHARA_P_V,PAT_01823
LOKASREE_B_S,PAT_01823
PRIYANKA_PRIYADARSHINI_PADHI,PAT_01823
CMR_INSTITUTE_OF_TECHNOLOGY,PAT_01823
SSHANKAR_NARAYAN,PAT_01824
NIDHI_S_VAISHNAW,PAT_01824
CMR_INSTITUTE_OF_TECHNOLOGY,PAT_01824
MADHI_S_VAISHNAW,PAT_01825
S_SHANKAR_NARAYAN,PAT_01825
CMR_INSTITUTE_OF_TECHNOLOGY,PAT_01825
DR_PARTHASARATHY_P,PAT_01826
MR_MANJUNATH_V_GUDUR,PAT_01826
DR_L_NAGARAJAN,PAT_01826
CMR_INSTITUTE_OF_TECHNOLOGY,PAT_01826
GIRIDHAR_S,PAT_01827
DR_VAKULA_RANI_J,PAT_01827
AISHWARYA_JAKKA,PAT_01827
HAMSINI_KANURU,PAT_01827
SRIVIDYA_RAMISETTY,PAT_01828
VYSHALI_RAO_K_P,PAT_01828
CMR_INSTITUTE_OF_TECHNOLOGY,PAT_01828
DR_ALAVUDEEN_BASHA_A,PAT_01829
DR_PARTHASARATHY_P,PAT_01829
CMR_INSTITUTE_OF_TECHNOLOGY,PAT_01829
PARTHASARATHY_P,PAT_01830
NAVASHREE_N,PAT_01830
CMR_INSTITUTE_OF_TECHNOLOGY,PAT_01830
CHAITANYA_LEKSHMI_INDIRA,PAT_01831
PREETHA_S,PAT_01831
RAHUL_PILLAI,PAT_01831
NANDAKUMAR_KALARIKKAL,PAT_01831
DR_MANISH_MITTAL,PAT_01832
DR_MULUGETA_TESEMA,PAT_01832
DR_SABBINENI_POOJITHA,PAT_01832
MS_HARSHVARDHAN_SANGRAM_PATIL,PAT_01832
DR_SANGRAM_PATIL,PAT_01832
DR_BHAGATSING_JITKAR,PAT_01832
DR_NAVEEN_KUMAR_G_N,PAT_01832
SUDARSHANA_RAMAN,PAT_01833
CMR_INSTITUTE_OF_TECHNOLOGY_BENGALURU,PAT_01833
JOSHUA_SAMUEL_RAJ,PAT_01834
MSCSHARON_ROJI_PRIYA,PAT_01834
DRSAM_GILVINE_SAMUVEL,PAT_01834
CMR_INSTITUTE_OF_TECHNOLOGY,PAT_01834
PAPPA_M,PAT_01835
SRIDEVI_S,PAT_01835
SHARMILA_KP,PAT_01835
PAPPA_M,PAT_01836
SHARMILA_KP,PAT_01836
SRIDEVI_S,PAT_01836
RAHAMAN_FAZLUR,PAT_01837
GUPTA_PRITI,PAT_01837
GAUTAM_PRABHAT,PAT_01837
CMR_INSTITUTE_OF_TECHNOLOGY,PAT_01837
SHARMILA_K_P,PAT_01838
PAPPA_M,PAT_01838
SRIDEVI_S,PAT_01838
MALAVIKA_VINAY,PAT_01838
DEVADATHAN_MENON,PAT_01838
SAGAR_M_BALIGIDAD,PAT_01839
VENKATESH_NAIK,PAT_01840
NARENDRA_N,PAT_01840
GOPI_S,PAT_01840
ANJU_DAS,PAT_01841
DR_NAGESWARA_RAO_ATYAM,PAT_01841
CMR_INSTITUTE_OF_TECHNOLOGY,PAT_01841
DR_P_VIJAYAPRIYA,PAT_01841
MR_THAMILMARAN,PAT_01841
SANTOSH_Y_N,PAT_01841
SENTHIL_VELAN_SUGANANTHAM,PAT_01842
CMR_INSTITUTE_OF_TECHNOLOGY,PAT_01842
PVELRAJKUMAR,PAT_01843
DR_P_RAMESH,PAT_01843
SUMIT_MOHANTY,PAT_01843
LOKASREE_B_S,PAT_01843
DR_S_SOLAI_MANOHAR,PAT_01843
DR_R_JOSHUA_SAMUEL_RAJ,PAT_01843
ASHWINI_PARASHURAM_PATIL,PAT_01844
IMTIYAZ_AHMED_B_K,PAT_01845
RAHUL_B,PAT_01845
RANJITH_KUMAR_N,PAT_01845
RANJITHA_R,PAT_01846
PREETHI_A,PAT_01847
SARKAR_SUTAPA,PAT_01847
SUGANYA_J,PAT_01848
ASWINI_N,PAT_01849
RAVEESH_HEGDE,PAT_01849
SUTAPA_SARKAR,PAT_01850
PREETHI_A,PAT_01850
UMA_RAJU,PAT_01851
CMR_INSTITUTE_OF_TECHNOLOGY,PAT_01851
ALAVUDEEN_BASHA_A,PAT_01852
PARTHASARATHY_P,PAT_01852
MANJUNATH_V_GUDUR,PAT_01852
CMR_INSTITUTE_OF_TECHNOLOGY,PAT_01852
PARTHASARATHY_P,PAT_01853
CMR_INSTITUTE_OF_TECHNOLOGY,PAT_01853
SRIDEVI_S,PAT_01854
PAPPA_M,PAT_01854
SHARMILA_KP,PAT_01854
RICHA_TENGSHE,PAT_01855
S_SOLAI_MANOHAR,PAT_01856
CMR_INSTITUTE_OF_TECHNOLOGY,PAT_01856
DARWIN_JOSE_RAJU_A,PAT_01856
GUPTA_PRITI,PAT_01857
GAUTAM_PRABHAT,PAT_01857
RAHAMAN_FAZLUR,PAT_01857
CMR_INSTITUTE_OF_TECHNOLOGY_BENGALURU,PAT_01857
GUPTA_PRITI,PAT_01858
GAUTAM_PRABHAT,PAT_01858
RAHAMAN_FAZLUR,PAT_01858
CMR_INSTITUTE_OF_TECHNOLOGY_BENGALURU,PAT_01858
GAUTAM_PRABHAT,PAT_01859
GUPTA_PRITI,PAT_01859
RAHAMAN_FAZLUR,PAT_01859
CMR_INSTITUTE_OF_TECHNOLOGY_BENGALURU,PAT_01859
ARIJIT_DATTA,PAT_01860
CMR_INSTITUTE_OF_TECHNOLOGY,PAT_01860
K_KOMALA_DEVI,PAT_01861
CMR_INSTITUTE_OF_TECHNOLOGY_BENGALURU,PAT_01861
SANDHYA_MOORAKA,PAT_01861
KCSHALINI,PAT_01861
KKAVITHA,PAT_01861
PANITHA,PAT_01861
DR_N_JAYANTHI,PAT_01862
CMR_INSTITUTE_OF_TECHNOLOGY,PAT_01862
SOPHIYA_SUSAN_S,PAT_01863
SHERLY,PAT_01864
NOEL_ANAND_RAJ,PAT_01864
MARY_SUBAJA_CHRISTO,PAT_01864
CHRISTO_GEORGE,PAT_01864
CMR_INSTITUTE_OF_TECHNOLOGY,PAT_01864
GUPTA_PRITI,PAT_01865
GAUTAM_PRABHAT,PAT_01865
RAHAMAN_FAZLUR,PAT_01865
NAGESH_C_V,PAT_01865
CMR_INSTITUTE_OF_TECHNOLOGY,PAT_01865
GAUTAM_PRABHAT,PAT_01866
GUPTA_PRITI,PAT_01866
RAHAMAN_FAZLUR,PAT_01866
CMR_INSTITUTE_OF_TECHNOLOGY,PAT_01866
ARUNKUMAR_T,PAT_01867
RUCHIR_AJ,PAT_01868
DR_T_LALITHAJAIN_DEEMEDTOBE_UNIVERSITY,PAT_01869
DR_SUSHMA_JAISWALGURU_GHASIDAS_VISHWAVIDYALAYA,PAT_01869
DR_GANESH_D_RCMR_INSTITUTE_OF_TECHNOLOGY,PAT_01869
DRSAPRAM_SRILALITHA_ACE_ENGINEERING_COLLEGE,PAT_01869
DR_KAVITHA_HSIDDAGANGA_INSTITUTE_OF_TECHNOLOGY,PAT_01869
DR_GURPREET_SINGHPUNJAB_INSTITUTE_OF_TECHNOLOGYRAJPURA,PAT_01869
DR_AMANPREET_KAURUNIVERSITY_INSTITUTE_OF_ENGINEERING,PAT_01869
DR_AMIT_KUMAR_MANOCHAPUNJAB_INSTITUTE_OF_TECHNOLOGYMOGA,PAT_01869
DR_AASHDEEP_SINGHPUNJAB_INSTITUTE_OF_TECHNOLOGYRAJPURA,PAT_01869
DR_NABEEL_AHMADIFTM_UNIVERSITY,PAT_01869
DR_ARVIND_KUMAR_SHUKLAIFTM_UNIVERSITY,PAT_01869
MAKHAN_KUMBHKARCHRISTIAN_EMINENT_COLLEGE,PAT_01869
DR_MANIKANDAN_J,PAT_01870
MS_PARTHAVI_N_R,PAT_01870
MR_REVANTH_A_H,PAT_01870
MR_DHEERAJ_G_C,PAT_01870
PRATHEEK_J_GOWDA,PAT_01871
VEDHASMRUTHA_SATHYAN,PAT_01871
DR_PREETHI_P,PAT_01871
DR_MAMATHA_H_R,PAT_01871
DR_ANANYA_B_C,PAT_01871
MR_PRANAV_VISWANATHA_SHASTRY,PAT_01872
MR_PRANAV_VIJAYA_KUMAR,PAT_01872
MS_POOJA_SRINATH,PAT_01872
MS_POORVI_KASHEERAM_PAWAR,PAT_01872
MS_SUSMITA_DEB,PAT_01872
DR_PRIYANKA_HANUMANTHAPPA,PAT_01873
DR_MAMATHA_HOSALLI_RAMAPPA,PAT_01873
MR_ARJUN_CHANDER,PAT_01873
DR_PRIYANKA_HANUMANTHAPPA,PAT_01874
DR_MAMATHA_HOSALLI_RAMAPPA,PAT_01874
MR_SAI_SOORAJ_RAMAGIRI,PAT_01874
MR_AKHIL_MANNE,PAT_01874
MR_JYOTHIRADITYA_JNANASHEKAR,PAT_01874
DR_MANTESH_BASAPPA_KHOT,PAT_01875
DR_KOMANDUR_SUDARSHAN_SRIDHAR,PAT_01875
DR_DORESWAMY_SETHURAM,PAT_01875
DR_MUKUNDA_DAS_PRASANNA_KUMAR,PAT_01875
DR_SURESH_KRISHNAMURTHY,PAT_01876
DR_SURYAPRASAD_J,PAT_01876
DR_MANIKANDAN_J,PAT_01876
DR_ARTI_ARYA,PAT_01877
DR_RICHA_SHARMA,PAT_01877
MR_UJWAL_CHANDRAPPA,PAT_01877
MS_HULAGARBYL_VENKATESHA_PRASANNA_SIRI,PAT_01877
MS_DHATRI_CHIPPALI,PAT_01877
AISHWARYA_RAJKUMAR,PAT_01877
DR_ARTI_ARYA,PAT_01878
DR_RICHA_SHARMA,PAT_01878
MR_MUHAMMAD_ASHAR_REZA,PAT_01878
MS_ALEKHYA_PONNEKANTI,PAT_01878
MR_AADITYA_BISARIA,PAT_01878
MS_ADVAITHA_S,PAT_01878
JENY_JIJO,PAT_01879
SARITHA,PAT_01879
DR_S_JAGANNATHA,PAT_01879
DR_ARTI_ARYA,PAT_01880
DR_RICHA_SHARMA,PAT_01880
MS_HARINI_ANAND,PAT_01880
MS_SHALINI_KAMMALAM_SRINIVASAN,PAT_01880
MS_HASIKA_VENKATA_BOGGARAPU,PAT_01880
DR_BANGALORE_SREEVATSAN_SUDHARSHAN,PAT_01881
DR_SREENIVASA_MURTHY_VARALAKSHMI_VENKATESH,PAT_01881
DR_J_SURYAPRASAD,PAT_01882
DR_J_MANIKANDAN,PAT_01882
MR_AKHILESSH_MAHESHWARAN,PAT_01883
MS_SHRAAVANI_PRAKASH,PAT_01883
MR_SAHIL_KHAN,PAT_01883
DR_SIDDA_REDDY_VEMAREDDY_SATISH,PAT_01883
DR_ARPITA_THAKRE,PAT_01884
DR_MANIKANDAN_J,PAT_01885
KUNAL_KISHORE,PAT_01885
PROF_SHRUTHI_LOKESH,PAT_01886
DR_SARASVATHI_VARADHARAJAN,PAT_01886
MS_LIKHITHA_MARIYAPPA_PRAKASH,PAT_01886
MS_SAYEDA_HUZEFA_BASHIBAN,PAT_01886
MS_SUHANA_KALLAHALLI_JAYARAMEGOWDA,PAT_01886
MR_SUNIL_KRISHNAMURTHY,PAT_01886
DR_J_SURYAPRASAD,PAT_01887
DR_J_MANIKANDAN,PAT_01887
SARASVATHI_V,PAT_01888
KESHAVARAM_J,PAT_01888
D_JAYA_KIRAN,PAT_01888
REVANTH_S_KALAGUDI,PAT_01888
G_BALA_RAHUL_SAI,PAT_01888
DR_SANDESH_BANANKI_JAYANTH,PAT_01889
MS_ADITI_SINGH,PAT_01889
MR_ATUL_KRISHNAN,PAT_01889
MR_KRISH_MUNGRA,PAT_01889
MR_NAMAN_CHOUDHARY,PAT_01889
DR_SURYAPRASAD_JAYADEVAPPA,PAT_01890
DR_SANDESH_BANANKI_JAYANTH,PAT_01890
DR_PRAJWALA_TALANKI_RANGANATH,PAT_01890
MR_VINITH_SHIVAKUMAR,PAT_01890
MR_ADITYA_LAWANKAR,PAT_01890
MS_SUNKURU_SANJIVANI_PATRA,PAT_01890
MR_RITHVIK_JAYARAM_KIKKERI,PAT_01890
DR_ARTI_ARYA,PAT_01891
MR_PRANEETH_KUMAR_LAKKIMSETTY,PAT_01891
MR_REHAN_GANAPATHY,PAT_01891
MS_SAMANVITHA_RAO_SHIVARPATNA_GOVIND,PAT_01891
MS_SANJANI_BALAM_RAO,PAT_01891
DR_SANDESH_BANANKI_JAYANTH,PAT_01892
MS_APOORVA_NARONIKAR,PAT_01892
MR_AYUSHMAAN_KAUSHIK,PAT_01892
MS_BHAVINI_MADHURANATH,PAT_01892
MR_DEV_M_KUMAR,PAT_01892
DR_ARTI_ARYA,PAT_01893
DR_PREMA_RAMASAMY,PAT_01893
MR_ANIRUDH_CHAKRAVARTY_KUMAR,PAT_01893
MS_VAISHALI_GANESHKUMAR,PAT_01893
MS_VAISNAVI,PAT_01893
DR_KOMANDUR_SUDARSHAN_SRIDHAR,PAT_01894
MR_ADISHESH_DHANANJAYA,PAT_01894
MR_BASAVARAJU_VAMSI_KRISHNA,PAT_01894
MR_DHANESH_KUMAR_SHIVA_KUMAR,PAT_01894
MR_SUHAS_BADIGER,PAT_01894
DR_MANIKANDAN_J,PAT_01895
HRISHIKESH_MILIND_GAWAS,PAT_01895
MR_MADDELA_VIVEKANANDA_REDDY,PAT_01896
MR_KARAN_DESHKULKARNI_SRINATH,PAT_01896
MR_NIKHIL_KUMAR_CHANDRASHEKARAIAH,PAT_01896
MR_RAVILLA_JASWANTH_PRASAD,PAT_01896
DR_RAMMOHAN_BHANUMURTHY,PAT_01896
DR_SURESH_NAGESH,PAT_01896
SHREEKANTH_MOOROOR_PRABHU,PAT_01897
SHREYA_PADUKASAHASRAM_KRISHNAN,PAT_01897
BRINDAVANA_SACHIDANAND,PAT_01897
SIDHU_REETINDER_PAL_SINGH,PAT_01898
B_V_VAIBHAV,PAT_01898
NAGAVANE_DATTATREYA_YASHAS,PAT_01898
AITHAL_KARKADA_RAMESH_RACHANA,PAT_01898
ANKUSH_S,PAT_01899
ANIRUDDH_SURESH_GUTTIKAR,PAT_01899
ADITYA_B,PAT_01899
ARUN_KUMAR_R,PAT_01899
CHITRA_G_M,PAT_01899
ANUSHREE_K_C,PAT_01900
PRIYANKA_H,PAT_01900
SUDHAMANI_M_J,PAT_01901
VIDHYA_K,PAT_01901
JAYASHREE_R,PAT_01901
SWATHI_CHANNA_GANGAVATHI,PAT_01902
SWETHA_RANGANATHAN,PAT_01902
SHANMITHA_KARTHIKEYAN,PAT_01902
CHETHAN_NARENDRA,PAT_01902
CHANDRASHEKHAR_POMU_CHAVAN,PAT_01902
RAJESH_BANGINWAR,PAT_01903
AKSHAY_AS,PAT_01903
SOHAN_SHANBHAG,PAT_01903
ANKIT_AVINASH,PAT_01903
ADVAITHA_BR,PAT_01903
PRASAD_HONNAVALLI,PAT_01903
JAHNAVI_DANDALA_SAI,PAT_01904
ARUN_KC,PAT_01904
KOUSHIK_P,PAT_01904
CHANDU_S,PAT_01904
DRVENUGOPAL_N,PAT_01904
SWETHA_P,PAT_01905
ADARSH_NEMA,PAT_01905
ANNAPURNA_KUSHAL,PAT_01905
OMKAR_MAHESH_HIREMATH,PAT_01905
SANNAREDDY_SUPRABATH_REDDY,PAT_01905
PRASAD_B_HONNAVALLI,PAT_01905
ANIRUDH_H_A,PAT_01906
LIKHITHA_K_C,PAT_01906
AJAY_RAO,PAT_01906
ADITHYA_ROHITH,PAT_01906
SOHAN_V,PAT_01907
RAJESH_BANGINWAR,PAT_01908
PRASAD_HONNAVALLI,PAT_01908
BHAVANA_C,PAT_01908
CHANDRA_VAMSHI_CC,PAT_01908
G_SANIKA,PAT_01908
NIKHIL_GURURAJ_SHIRAGUPPI,PAT_01909
NIKITHA_C_R,PAT_01909
NEHA_S_BABU,PAT_01909
TANVI_ARVIND_SATARADDI,PAT_01909
T_S_CHANDAR,PAT_01909
G_P_NAGABHUSHANA,PAT_01909
VARSHINI_S,PAT_01910
DR_VENUGOPAL_N,PAT_01910
MR_SHASHIDHARA_M,PAT_01910
SURESH_NARASIMHA,PAT_01911
GIRISH_G_N,PAT_01911
SHARVA_SURESH_NARASIMHA,PAT_01911
SURESH_NARASIMHA,PAT_01912
GIRISH_G_N,PAT_01912
SHARVA_SURESH_NARASIMHA,PAT_01912
SURESH_NARASIMHA,PAT_01913
GIRISH_G_N,PAT_01913
SHARVA_SURESH_NARASIMHA,PAT_01913
SURESH_NARASIMHA,PAT_01914
GIRISH_G_N,PAT_01914
SHARVA_SURESH_NARASIMHA,PAT_01914
SURESH_NARASIMHA,PAT_01915
GIRISH_G_N,PAT_01915
SURESH_NARASIMHA,PAT_01916
KIRITI_KAPAVARI,PAT_01916
DR_B_NIRANJANA_KRUPA,PAT_01917
BADVELI_GURU_YOGESWAR_REDDY,PAT_01917
DHATRI_SHANKARI_TALIPALPU_MAHESH,PAT_01917
DITI_BHAVESH_JAIN,PAT_01917
DIVYA_VENKATARAMAN,PAT_01917
SURESH_NARASIMHA,PAT_01918
AKSHAY_KOMARLA_BADARINATH,PAT_01918
RAKSHITH_B_S,PAT_01918
KIRITI_KAPAVARI,PAT_01918
DR_POOJA_AGARWAL,PAT_01919
GAGANA_K_G,PAT_01919
CHANDANA_PRIYA_PEDDIBHOTLA,PAT_01919
DR_POOJA_AGARWAL,PAT_01920
AMULYA_POTHUMARTHI,PAT_01920
ANANYA_NAGULAPATI,PAT_01920
SHRINIVAS_DULARI,PAT_01920
PREET_KANWAL,PAT_01921
PRASAD_B_HONNAVALLI,PAT_01921
SIDDHANT_PRASHANT_KALE,PAT_01921
SOWMESH_SHARMA_H_M,PAT_01921
SHIVGOUDA_H_PATIL,PAT_01921
SHUBH_KANODIA,PAT_01921
DR_RADHIKA_M_HIRANNAIAH,PAT_01922
PROF_PRASAD_B_HONNAVALLI,PAT_01922
ADITYA_ARAKERE,PAT_01922
ADITYA_D_VENKATESH_PRASANNA,PAT_01922
ARYAN_GUPTA,PAT_01922
JOEL_RENJITH,PAT_01922
ANIRUDH_H_A,PAT_01923
LIKHITHA_K_C,PAT_01923
AJAY_RAO,PAT_01923
ADITHYA_ROHITH,PAT_01923
MADHUSUDANA_A_V,PAT_01924
SURESH_NARASIMHA,PAT_01925
SURESH_NARASIMHA,PAT_01926
AKSHAY_K_B,PAT_01926
KIRITI_KAPAVARI,PAT_01926
RAKSHITH_B_S,PAT_01926
SURESH_NARASHIMHA,PAT_01927
RAKSHITH_B_S,PAT_01927
AKSHAY_K_B,PAT_01927
KIRITI_KAPAVARI,PAT_01927
PRATEEK_P_KULKARNI,PAT_01928
HARSHINI_S,PAT_01928
SHRUTI_JADON,PAT_01929
SHASHANK_R,PAT_01929
PRASAD_HONNAVALLI,PAT_01929
SHRUTI_JADON,PAT_01930
ANIMAN_KUMAR,PAT_01930
ANIRUDH_REVANUR,PAT_01930
SN_SATHVIK_SRIVATHSAV,PAT_01930
SARTHAK_K_BHAT,PAT_01930
PRASAD_HONNAVALLI,PAT_01930
DR_SAPNA_VM,PAT_01931
PRASAD_HONNAVALLI,PAT_01931
GAUTHAM_D,PAT_01931
PRANEETH_P_NAIRY,PAT_01931
GIRISH_G_GONDA,PAT_01931
VINAYA_KUMAR_U,PAT_01931
DR_ADITHYA_BALASUBRAMANYAM,PAT_01932
PRASAD_HONNAVALLI,PAT_01932
PREET_KANWAL,PAT_01933
PRASAD_HONNAVALLI,PAT_01933
ANANYA_M,PAT_01934
NIDHI_N_GAMBHIR,PAT_01934
ADITHI_G_R,PAT_01934
DR_PREETHI_P,PAT_01935
MS_DIYA_ANNE_THARAPPAN,PAT_01935
MS_JAYAHARINI_SRINIVASAN,PAT_01935
MS_GANDIKOTA_SAI_KRITHIKA,PAT_01935
MR_DHRUV_SHARMA,PAT_01935
VAISHNAVI_GURUPRASAD,PAT_01936
ANIL_JAYAPRAKASH,PAT_01937
NARASIMHA_SURESH,PAT_01937
SHRUTI_JADON,PAT_01938
PRASAD_HONNAVALLI,PAT_01938
INDU_RADHAKRISHNAN,PAT_01939
PRASAD_HONNAVALLI,PAT_01939
ASHOK_KUMAR_PATIL,PAT_01940
PRASAD_HONNAVALLI,PAT_01940
ABHILASH_MADABHUSHI,PAT_01941
DR_NAGASUNDARI_S,PAT_01942
PRASAD_HONNAVALLI,PAT_01942
DR_ADITHYA_BALASUBRAMANYAM,PAT_01943
PRASAD_HONNAVALLI,PAT_01943
VADIRAJA_A,PAT_01944
PRASAD_HONNAVALLI,PAT_01944
ANANYA_MUNGARA,PAT_01945
TARAKESH_MOGALLAPALLI,PAT_01945
MANJUNATH_G,PAT_01945
NAMRATHA_V_REDDY,PAT_01945
IMMANUEL_CALVIN_D,PAT_01945
SNEHA_RAGHUNATHAN_KOUSALYA,PAT_01946
RAMYAA_VENKATESH,PAT_01946
PRARTHANA_TEJASVI,PAT_01946
AKSHAY_S_P,PAT_01947
GURUKIRAN_S,PAT_01947
PROF_PREETHI_P,PAT_01948
DR_MAMATHA_HR,PAT_01948
PROF_V_R_BADRI_PRASAD,PAT_01949
DR_SHYLAJA_S_S,PAT_01949
DR_ADITHYA_BALASUBRAMANYAM,PAT_01950
PRASAD_HONNAVALLI,PAT_01950
DR_MAMATHA_HR,PAT_01951
DR_SHYLAJA_S_S,PAT_01951
DR_SHYLAJA_S_S,PAT_01952
DR_MAMATHA_HR,PAT_01952
DR_NAGASUNDARI_S,PAT_01953
PRASAD_HONNAVALLI,PAT_01953
TARAKESH_MOGALLAPALLI,PAT_01954
NAMRATHA_VENKATA_REDDY,PAT_01954
ANANYA_MUNGARA,PAT_01954
MANJUNATH_GANGADHAR,PAT_01954
AJAY_PREM,PAT_01955
ANIRUDH_JOSHI,PAT_01955
JAYWANTH_JEEVAN,PAT_01955
SUGANTHI_JAMBULINGAM,PAT_01956
MANISH_THAKRAL,PAT_01956
RAVINDRA_VENKATESH,PAT_01956
KAVITHA_TAMIZHSELVAN,PAT_01956
NARAYANA_SWAMY_RAMAIAH,PAT_01957
MS_ALEENA_B,PAT_01957
DR_NARAYANA_SWAMY_RAMAIAH,PAT_01958
GOWTHAM_SAI_J,PAT_01958
JYOTHILAKSHMI_RAMASWAMY,PAT_01959
UMANG_KUMAR_PRASAD,PAT_01959
KAMSAMURDHA_RAMESH_NANDISH,PAT_01959
PIYUSH_SINGH,PAT_01959
ABHISHEK_HAMPANNAVAR,PAT_01959
BEEKANAHALLI_VIJAYA_KUMAR_PARAMESHWARAPPA,PAT_01960
ARUNA_RAMESH,PAT_01960
VINAY_TALAGAVARA_RAJANNA,PAT_01960
VANEETA_MANIYAMBADI,PAT_01960
MAHESH_MAMATHA_GOWDARU,PAT_01961
DIXIT_PRADIPKUMAR,PAT_01961
RAJAN_HARI_KRISHNA,PAT_01961
HARICHANDRA_BOODHGIRI_PRAHLAD,PAT_01961
MAHESH_MAMATHA_GOWDARU,PAT_01962
DIXIT_PRADIPKUMAR,PAT_01962
RAJAN_HARI_KRISHNA,PAT_01962
MAHESH_MAMATHA_GOWDARU,PAT_01963
DIXIT_PRADIPKUMAR,PAT_01963
RAJAN_HARI_KRISHNA,PAT_01963
SRIDHAR_BANGARPET_SHANKAR,PAT_01964
SUNITH_BABU_LOGANATHAN,PAT_01964
JAYACHRISTIYAN_KUMARAVELU_GRACE_JESY_BAI,PAT_01964
SHASHIKALA_ARUDI_RANGANATH,PAT_01964
VISHWANATH_KOTI,PAT_01964
BIJAYALAKSHMI_DAS,PAT_01964
RAJESH_SRIKANTASWAMY,PAT_01964
HEMAVATHY_SATHYANARAYANASWAMY,PAT_01964
NANDISH_NYAMATI,PAT_01964
PRACHI_SURENDRA_PARMEKAR,PAT_01964
RAMASWAMY_JYOTHILAKSHMI,PAT_01965
RATHNAMMA_BHUVANESH_VENKATESHAPPA,PAT_01965
THIMMAREDDY_AJAYAKUMAR,PAT_01965
VANAJA_ASHWIN_CHOCKALINGAM,PAT_01965
TIMMANACHARLA_BOYA_DEEKSHITH_KUMAR,PAT_01965
RAVI_PRABHA,PAT_01966
PAI_SHRIVANSHI_GANESH,PAT_01966
JIJU_AASHNA,PAT_01966
MANOHAR_DEEPTHI,PAT_01966
MATHAD_SAMICHI_SANJEEV,PAT_01966
PALASSERY_RASMI,PAT_01966
HIREMATH_BASAVARAJ,PAT_01966
JYOTHILAKSHMI_RAMASWAMY,PAT_01967
KAMSAMURDHA_RAMESH_NANDISH,PAT_01967
UMANG_KUMAR_PRASAD,PAT_01967
ASHMIT_KUMAR_SAW,PAT_01967
NITHIN_VENKATESHA,PAT_01967
DAWNEE_SOMAN,PAT_01968
ATLA_RUSHITHA,PAT_01968
LAYA_RAJKIRAN,PAT_01968
MAYUR_MANJUNATH_VERNEKAR,PAT_01968
SANDEEP_KUMAR_YADAV,PAT_01968
RAVI_PRABHA,PAT_01969
NAIR_HARITHA_JAYACHANDRAN,PAT_01969
SHANDILYA_AKSHATHA_RAVIKIRAN,PAT_01969
RAKESH_RACHNA,PAT_01969
CHEMBRA_RIA_SAJIT,PAT_01969
SOMAN_DAWNEE,PAT_01969
KUMAR_ASHOK_PADMANABHAN,PAT_01969
SRAVANTHI_VELUTURLA,PAT_01970
ARCHNA_NARULA,PAT_01970
VIJAY_KUMAR_VENKATESH,PAT_01970
AKSHAY_GANGEGOWDA,PAT_01970
SWASTIK_SINGH,PAT_01970
MUZAMMIL_BAGEWADI,PAT_01971
NANDEESHA_HOSANAGARA_LOKESHA,PAT_01971
NIRANJANA_AJITH_NAIR,PAT_01971
PREETHM_PAUL_FINTY,PAT_01971
ASWIN_MUTHIRAMPARAMBATH_GOPAKUMAR,PAT_01971
MANJUNATH_MUNISWAMY,PAT_01972
AJITHA_SANTHAKUMARI,PAT_01972
DEVARAJ_EVANGELIN_GEETHA,PAT_01972
SHILPA_MANJUNATHA_RAJAMMA,PAT_01972
BHARATHI_SOMASHEKHAR,PAT_01972
VASANTHRAM_SRINIVAS,PAT_01972
AMAR_PREM_KARUNAKARAN,PAT_01972
JYOTHILAKSHMI_RAMASWAMY,PAT_01973
NANDEESHA_HOSANAGARA_LOKESHA,PAT_01973
HEMANTH_KUMAR_KRISHNARAJA_NAGARA_JAYARAMU,PAT_01973
RAAFAY_UMAR,PAT_01974
VISWANATH_TALASILA,PAT_01974
FATHIMA_IBRAHIM,PAT_01974
AMEEN_SHAMSHIR,PAT_01974
RASHMI_ALVA,PAT_01974
MUDIT_MOHAN,PAT_01974
SAMARTH_SHINDE,PAT_01974
SHUBEEKSH_KUMARAN,PAT_01975
ADITYA_RAJ_VEPAMANINTI,PAT_01975
MONISH_RAMAN_VISHAKRAMAN,PAT_01975
SANGEETHA_JAYAVELU,PAT_01975
JYOTHILAKSHMI_RAMASWAMY,PAT_01976
DEEPAK_SWAMY,PAT_01976
HEMANTH_KUMAR_KRISHNARAJA_NAGARA_JAYARAMU,PAT_01976
ABHINAV_SUDEEP,PAT_01977
SUPRITH_KOMMANAHALLI_GIRISH,PAT_01977
SHREYAS_SUDARSHAN,PAT_01977
VARUN_KARTHIK,PAT_01977
ANITHA_PALAKSHAPPA,PAT_01977
DAWNEE_SOMAN,PAT_01978
SOURAV_SHUKLA,PAT_01978
TANU_SRIVASTAVA,PAT_01978
YASH_JAIN,PAT_01978
ROHITH_SHAILESH,PAT_01978
MEERADEVI,PAT_01979
SOWMYA_B_J,PAT_01979
MONICA_R_MUNDADA,PAT_01979
NANDA_KUMAR_B_S,PAT_01979
THARUN_KUMAR_S,PAT_01979
VARUN_KUMAR_B_S,PAT_01979
JYOTHILAKSHMI_RAMASWAMY,PAT_01980
BHUVANESH_VENKATESHAPPA_RATHNAMMA,PAT_01980
AJAYAKUMAR_THIMMAREDDY,PAT_01980
ASHWIN_CHOCKALINGAM_VANAJA,PAT_01980
NAYAN_MALLAPPA_RAJANNAVAR,PAT_01980
DAWNEE_SOMAN,PAT_01981
SOURAV_SHUKLA,PAT_01981
TANU_SRIVASTAVA,PAT_01981
ROHITH_SHAILESH,PAT_01981
MAYUR_MANJUNATH_VERNEKAR,PAT_01981
YASH_JAIN,PAT_01981
ABHAY_BHANDARKAR,PAT_01982
NAGARAJU_KOTTAM,PAT_01982
GATTUMANE_MOTAPPA_MADHU,PAT_01982
SAMPATH_CHINNAM,PAT_01982
SHAILAJA_ANANDA_KUMAR,PAT_01982
LOKESH_KYATHSANDRA_NATARAJ,PAT_01983
ANUSHA_SANTHOSH_SHETTY,PAT_01983
DIVYASHREE_TEKKATTE_KRISHNAMURTHY,PAT_01983
KEERTHANA_DANDU_PRAVEEN,PAT_01983
LAVANYA_BHUSHAN,PAT_01983
UGRA_MOHAN_ROY,PAT_01984
DIVYA_KIRAN,PAT_01984
MALATHI_S,PAT_01984
SWETHA_K,PAT_01984
SNEHA_U_S,PAT_01984
AKSHAY_S,PAT_01984
UGRA_MOHAN_ROY,PAT_01985
DIVYA_KIRAN,PAT_01985
SHREENIDHI_SANGAPPA_PRABHAKAR,PAT_01985
AISHWARYA_K,PAT_01985
SHILPA_B,PAT_01985
DIVYA_STHAVARAMATH,PAT_01985
BHARATH_MEENAKUNTE_RAJANNA,PAT_01986
SRIDHAR_BANGARPET_SHANKAR,PAT_01986
SAM_JACOB,PAT_01986
SAMARTH_KISHORE,PAT_01986
SHREYAS_SUNIL_VARGHESE,PAT_01986
SNEHA_MAHESH,PAT_01986
SUNITH_BABU_LOGANATHAN,PAT_01986
SHASHIKALA_AARUDI_RANGANATH,PAT_01986
MEGHANA_ASWATHANARAYANA,PAT_01986
KAVASSERI_RATNAGIRI_VENKAT_SUBRAMANIAN,PAT_01987
NIRANJAN_MURTHY,PAT_01987
ANANYA_RAVIKIRAN,PAT_01987
UDAY_KALLANAVAR,PAT_01987
LAKSHMI_SHRINIVASAN,PAT_01988
JYOTHILAKSHMI_RAMASWAMY,PAT_01988
BIPIN_PATEL,PAT_01988
UJJAWAL_AGRAWAL,PAT_01988
MD_AREEB_AKHTAR_KHAN,PAT_01988
ANAGHA_RAVIKIRAN,PAT_01988
YASH_ASHWANI,PAT_01988
BANGARPET_SRIDHAR_SHANKAR,PAT_01989
LOGANATHAN_SUNITH_BABU,PAT_01989
GRACEJESYBAI_JAYA_CHRISTIYIAN_KUMARAVELU,PAT_01989
BASAVARAJ_NAGARAJ_PATTANA,PAT_01989
SHOBHA_RAMAMURTHY,PAT_01989
CHIKKARANGAIAH_SIDDARAJU,PAT_01989
KULKARNI_SUDHEER,PAT_01989
PRANAV_SUDHINDRA_SRIRAMPUR,PAT_01989
DODDABASAYYASSWAMY_HIREMATH,PAT_01989
SAGAR_KATTEPANAVARA,PAT_01989
ANURITHA_L,PAT_01990
RIDDHI_R_RAI,PAT_01990
SOWMYA_B_J,PAT_01990
PRADEEP_KUMAR_D,PAT_01990
ROSHAN_ZAMEER_AHMED,PAT_01990
ANITA_KANAVALLI,PAT_01990
ASHUTOSH_SHARMA,PAT_01991
VINIT_VITHALRAI_SHENVI,PAT_01991
RAJI_GEORGE,PAT_01991
SRIDHAR_BANGARPET_SHANKAR,PAT_01992
SHREYA_SUNIL,PAT_01992
MALLURI_INDRASENA_REDDY,PAT_01992
PRABHU_ASHISH_MANCHAL_SRINIVAS,PAT_01992
BHAVANI_YADAV_GOPI,PAT_01992
SUNITH_BABU_LOGANATHAN,PAT_01992
JAYACHRISTIYAN_KUMARAVELU_GRACE_JESY_BAI,PAT_01992
SHASHIKALA_AARUDI_RANGANATH,PAT_01992
MUNINARASE_GOWDA_RAJESH,PAT_01992
NARAYAN_MOHANDAS_KARKI,PAT_01992
PARIMALA_PRABHAKAR,PAT_01993
NIROSHA_ARALERI_VENKATESH,PAT_01993
MUNINARASEGOWDA_RAJESH,PAT_01994
KOMAL_KIRAN_KULKARNI,PAT_01994
SHREYA_SHASHIDHAR,PAT_01994
VIJAY_ADITHYA_GOPINATH,PAT_01994
VINDYA_RAJESH_KASHYAP,PAT_01994
GUVVALAPALLY_KARTHIK_REDDY,PAT_01994
SRIDHAR_BANGARPET_SHANKAR,PAT_01994
BASA_REDDY_SUJATHA,PAT_01995
SELVAN_SETHU_SELVI,PAT_01995
BASAVARAJ_KEERTHANA,PAT_01995
GEORGE_SARA_MOHAN,PAT_01995
ASHA_MANOMOHAN_NAIR,PAT_01996
LAVANYA_ADDAGADA,PAT_01996
MUNINARASE_GOWDA_RAJESH,PAT_01997
BHARATH_GOVARDHANGIRI,PAT_01997
PRATHIK_PRAHALAD,PAT_01997
RISHAV_JAIN,PAT_01997
SRIDHAR_NIJALINGAIAH,PAT_01997
NATARAJAN_SRIRAAM,PAT_01998
SUBRAMANIAN_KAVASSERI_RATNAGIRI_VENKAT,PAT_01998
AMOGHA_SRINIVAS_ROTTI_VENKATESH_MURTHY,PAT_01998
ABHINANDAN_VASANT_NAYAK,PAT_01998
SKANDA_CHANDRASHEKHAR_NADIG,PAT_01998
KUDLUR_SHIVAKUMAR_MALLIKARJUN,PAT_01998
KADAMBI_GOVIND_RANGASWAMY,PAT_01999
BALSUBRAMANIAN_RAMASWAMY_KARTHIKEYAN,PAT_01999
JEMBIGE_DAKSHATH_PRASAD,PAT_01999
YALIGAR_SUMANT_SANNAVEERAPPA,PAT_01999
MALLYA_PARIKSHITH_NARAYANA,PAT_01999
VENKATAREDDY_NARASIMHA_REDDY_KALLAHALLI,PAT_01999
NANJUNDA_SHASHIKUMAR,PAT_01999
HIREMATH_HARSHAVARDANA_BANNIKAL,PAT_01999
REDDY_PRAVEEN_LAKKUR_SRINIVASA,PAT_01999
MANI_HAMSAVENI,PAT_01999
SINGH_SAURAV_PRATAP,PAT_01999
KALATHE_MOHANAVELU,PAT_01999
TEGGINAMATH_KOTRESH,PAT_01999
SINGH_UPENDRA_KUMAR,PAT_01999
SRAVANTHI_VELUTURLA,PAT_02000
SHRIYA_ANAND_RAMBHIA,PAT_02000
SINDHU_PRANAVI,PAT_02000
RISHITHA_DUPATI,PAT_02000
ARCHANA_RAMU,PAT_02000
KADAMBI_GOVIND_RANGASWAMY,PAT_02001
BALSUBRAMANIAN_RAMASWAMY_KARTHIKEYAN,PAT_02001
JEMBIGE_DAKSHATH_PRASAD,PAT_02001
YALIGAR_SUMANT_SANNAVEERAPPA,PAT_02001
MALLYA_PARIKSHITH_NARAYANA,PAT_02001
VENKATAREDDY_NARASIMHA_REDDY_KALLAHALLI,PAT_02001
NANJUNDA_SHASHIKUMAR,PAT_02001
HIREMATH_HARSHAVARDANA_BANNIKAL,PAT_02001
REDDY_PRAVEEN_LAKKUR_SRINIVASA,PAT_02001
MANI_HAMSAVENI,PAT_02001
SINGH_SAURAV_PRATAP,PAT_02001
KALATHE_MOHANAVELU,PAT_02001
TEGGINAMATH_KOTRESH,PAT_02001
SINGH_UPENDRA_KUMAR,PAT_02001
NATARAJAN_SRIRAAM,PAT_02002
BANGALORE_RAMESH_PURNIMA,PAT_02002
JIGYANS_KRANTI_MOHAPATRA,PAT_02002
RAGHAVENDRA_BHAT,PAT_02002
JUDU_ILLAVARASU,PAT_02002
SRIDHAR_BANGARPET_SHANKAR,PAT_02003
SHOBHA_RAMESH,PAT_02003
VIVIAN_NICKSON_VEGAS,PAT_02003
SUNITH_BABU_LOGANATHAN,PAT_02003
JAYACHRISTIYAN_KUMARAVELU_GRACE_JESY_BAI,PAT_02003
SHASHIKALA_ARUDI_RANGANATH,PAT_02003
HEMAVATHY_SATHYANARAYANASWAMY,PAT_02003
NAGARAJ_PATTANA_BASAVARAJ,PAT_02003
BHARATH_MEENAKUNTE_RAJANNA,PAT_02003
DAWNEE_SOMAN,PAT_02004
ABHINAV_ROY,PAT_02004
ADITYA_SUNIL_PATIL,PAT_02004
ROHAN_CHARLES_PINTO,PAT_02004
DR_DOMINIC_AUGUSTINE,PAT_02005
DR_SOWMYA_SV,PAT_02005
DR_B_RAMASWAMY_KARTHIKEYAN,PAT_02005
MR_VISHNU_SWARUP_KADABA,PAT_02005
ANANTH_RAHUL_SOMAYAJI,PAT_02006
ASHWIN_ASHOK,PAT_02006
LAKSHAN_SUNIL_PATIL,PAT_02006
ADITI_HARISH,PAT_02006
CHRISTINA_GRACE_DANNY,PAT_02006
ROSHAN_ZAMEER_AHMED,PAT_02007
RAJENDRA_PRASAD_P,PAT_02007
SOWMYA_B_J,PAT_02007
MAYA_V_KARKI,PAT_02007
MOHAN_KUMAR_M,PAT_02007
NISCHITH_RAJ_K,PAT_02007
PRAJWAL_GAJANAN_HEGDE,PAT_02007
PAPARAJU_S_V_S_S_GANESH,PAT_02007
NIRANJAN_MURTHY,PAT_02008
SUBRAMANIAN_KAVASSERI_RATNAGIRI_VENKAT,PAT_02008
SUBRAMANIAN_KAVASSERI_RATNAGIRI_VENKAT,PAT_02009
SAGAR_JHA,PAT_02009
SUNIDHI_JAWALKAR,PAT_02009
APPARI_DANWANTARI_SREE_SATYA_SAI,PAT_02009
SOUMYA_BHANDARKAR,PAT_02009
SRIRAAM_NATARAJAN,PAT_02009
MUTHUKRISHNAN_SINTHUJA,PAT_02010
SANGEETHA_VELU,PAT_02010
ANBUSUBRAMANIAN_PARKAVI,PAT_02010
DEVAPRAGASAM_EVANGELINE,PAT_02010
ARJUNA_RAO_MAMATHA,PAT_02010
KOPPAD_DEEPALI_BASAVARAJ,PAT_02011
SRINIVASAN_RAGHURAM,PAT_02011
CHAUDHARI_SHILPA,PAT_02011
RAMANNA_SHOBHA_KANAKANAHALLI,PAT_02011
DINESH_POBBATHY_ASWATHANARAYANA_SHETTY,PAT_02011
BEEKANAHALLI_VIJAYA_KUMAR_PARAMESHWARAPPA,PAT_02012
KASETTY_KAVYA_SRINIVAS,PAT_02012
SUGUR_KUSUMA_MURUDAPPA,PAT_02012
MUNINARASEGOWDA_RAJESH,PAT_02013
BANGARPET_SRIDHAR_SHANKAR,PAT_02013
RAJATH_GANESH_KESHAVABABU,PAT_02013
SHARMA_RICHA,PAT_02013
SANJEEV_SETHURAM_NAVARATNA,PAT_02013
TOMAR_SHIVANGI,PAT_02013
GOPALKRISHNA_RAGHAVENDRA_CHANNAPATNA,PAT_02014
RAGHAVAN_DHARINI,PAT_02014
KALAGI_AJEY,PAT_02014
BAJANNAVAR_SUPREET,PAT_02014
SHANKAREGOWDA_BHAVANI_VADDAHALLI,PAT_02014
MEERADEVI,PAT_02015
MONICA_R_MUNDADA,PAT_02015
SANGEETHA_V,PAT_02015
ALEX_SINI_ANNA,PAT_02015
SOWMYA_B_J,PAT_02015
BAGHEL_RAHUL_KUMAR,PAT_02016
JAIN_VIKRAM_KUMAR_SURESH,PAT_02016
ANANDATIRTHACHAR_NIRANJAN_CHANNAGIRI,PAT_02016
AGARWAL_VAIBHAV,PAT_02017
MISHRA_VIBHUTI,PAT_02017
NAIR_MYDHILI_KRISHNAN,PAT_02017
MATHEWS_LINCY_MEERA,PAT_02017
DURGAM_JAGADEESH_SAI,PAT_02017
REDDY_GURIJALABHANUSEKHAR,PAT_02017
JAYAVELU_SANGEETHA,PAT_02018
POOJARI_NAVEENA_NARAYANA,PAT_02018
PRAJWAL,PAT_02018
GOVINDARAJU_SHREENIVASA,PAT_02018
ADIMURTHY_SANJAY_HAROGOLIGE,PAT_02019
JAISWAL_YASH,PAT_02019
SAINI_SHUBHAM,PAT_02019
SINGH_ALOK_KUMAR,PAT_02019
KUMAR_VIVEK,PAT_02019
RAI_POOJA,PAT_02019
SRIVASTAVA_SOMYA,PAT_02019
M_MALLEGOWDA,PAT_02020
RANE_SHRADDHA_SAHINATH,PAT_02020
ANBUSUBRAMANIAN_PARKAVI,PAT_02020
ALEX_SINI_ANNA,PAT_02020
KANAVALLI_ANITA,PAT_02020
VEERESH_KOGATNOOR,PAT_02021
MALLIKARJUNAPPA_SHILPA,PAT_02021
GOWDRA_SHANMUKHA_PRAKASH,PAT_02021
HAMRITHA_SHANKAR,PAT_02021
NARAYAN_MOHANDAS_KARKI,PAT_02022
SHANKAR_SRIDHAR_BANGARPET,PAT_02022
KUMAR_ADINERU_PAVAN,PAT_02022
MYSORE_JYOTHIRMAYI,PAT_02023
MIRANDA_JUSTIN_RITHESH,PAT_02023
RAJ_STITHA,PAT_02023
TAHASHILDAR_SAVITA_SOMANNA,PAT_02023
KANNAN_SHIV_NARAYAN,PAT_02024
PATTAYIL_KOLLERI_ASWATHY,PAT_02024
JAYAKUMAR_VENKATA_ALAMELU,PAT_02024
SOMAN_DAWNEE,PAT_02025
GOWDA_VARUN,PAT_02025
PALAN_MOHIT,PAT_02025
NAIK_DEEPAK_TIMMANNA,PAT_02025
BELKERI_VEERESH,PAT_02025
JAYAVELU_SANGEETHA,PAT_02026
PANDELU_SOWMYASHREE,PAT_02026
ASWATHANARAYANA_SETTY_DINESH_POBBATHY,PAT_02027
CHITIRALA_VENKATA_SRI_SAI_PAVAN_KRISHNA_CHAITANYA,PAT_02027
KALLURI_CHAATRU_SRIKAR,PAT_02027
CHITIRALA_SUBRAHMANYAM,PAT_02027
MYSORE_JYOTHIRMAYI,PAT_02027
VANISHREE_RAVINDRA_NAWATI,PAT_02028
GULUR_SADANANDA_KARTHIKEYA,PAT_02028
BAGEPALLY_KESHAVAPPA_SUJATHA,PAT_02028
DR_GALANKI_VASANTHA,PAT_02029
DR_R_E_UGANDAR,PAT_02029
DR_KESHAMMA_E,PAT_02029
MS_NEHA_SHARMA,PAT_02029
DR_KALPANA_PRAVIN_RAHATE,PAT_02029
MS_KAJAL_ARORA,PAT_02029
DR_RAMAIAH_MADDI,PAT_02029
MR_MANEESH_KUMAR_SINGH,PAT_02029
MR_KIRAN_CHANABASAPPA_NILUGAL,PAT_02029
DRCHTARAKARAMARAO,PAT_02029
MS_SANAVI_BYAHUT,PAT_02029
MR_VIKRAM_KUMAR,PAT_02029
SUBRAMANIAN_KAVASSERI_RATNAGIRI_VENKAT,PAT_02030
TEJAS_KIRDAT,PAT_02030
JAY_PORWAL,PAT_02030
YASH_SUDHIR_KUSANE,PAT_02030
MOHAMMED_ZAID_BANKAPUR,PAT_02030
RAJI_GEORGE,PAT_02030
SHANKAR_SRIDHAR_BANGARPET,PAT_02031
LOGANATHAN_SUNITH_BABU,PAT_02031
GRACEJESYBAI_JAYA_CHRISTIYIAN_KUMARAVELU,PAT_02031
BASAVARAJ_NAGARAJ_PATTANA,PAT_02031
RANGANATH_SHASHIKALA_AARUDI,PAT_02031
NARAYAN_MOHANDAS_KARKI,PAT_02031
LOKESHA_KRISHNAPPA,PAT_02031
KRISHNAPPA_ASHOK_KUMAR,PAT_02031
SURYANARAYANA_BALASUBRAMANYA_HUDUGUR,PAT_02031
TALUGERI_VINAYAK,PAT_02031
T_P_KRISHNA_MURTHY,PAT_02032
DR_CHANDRAPRABHA_M_N,PAT_02032
DR_HARI_KRISHNA_R,PAT_02032
DR_SAMRAT_K,PAT_02032
BLESSY_BABY_MATHEW,PAT_02032
DR_CHANDRAPRABHA_M_N,PAT_02033
DR_HARI_KRISHNA_R,PAT_02033
DR_SAMRAT_K,PAT_02033
DR_KRISHNAMURTHY_T_P,PAT_02033
DR_KUMARASWAMY_H_M,PAT_02033
DR_SAMRAT_K,PAT_02034
DR_CHANDRAPRABHA_M_N,PAT_02034
DR_HARI_KRISHNA_R,PAT_02034
DR_SHARATH_R,PAT_02034
DR_HARISH_B_G,PAT_02034
TRIPURANA_SARATCHANDRA_DAS,PAT_02035
SUBRAMANIAN_KAVASSERI_RATNAGIRI_VENKAT,PAT_02035
RAJI_GEORGE,PAT_02035
SUTEERTH_MOPURI,PAT_02035
TANGELLA_TARUN_TEJ,PAT_02035
GUDDETI_VENKATA_MAHESH_REDDY,PAT_02035
RAMASWAMY_JYOTHILAKSHMI,PAT_02036
SOGHAL_AARNAV_HARITH,PAT_02036
SOGHAL_RAMPRASAD,PAT_02036
SUBRAMANIAN_KAVASSERI_RATNAGIRI_VENKAT,PAT_02037
RAJI_GEORGE,PAT_02037
NIKITHA_RAMAMOHANA_REDDY,PAT_02037
SRIRAAM_NATARAJAN,PAT_02038
CHAKRAVARTY_PRIYANKA,PAT_02038
PRAKASH_VADAGENALLI_SATHYANARAYANA_RAO,PAT_02038
UMA_ARUN,PAT_02038
PRAKASH_VARSHA,PAT_02038
SUBRAMANIAN_KAVASSERI_RATNAGIRI_VENKAT,PAT_02038
NARAYAN_MOHANDAS_KARKI,PAT_02039
BANGARPET_SRIDHAR_SHANKAR,PAT_02039
ASHWATHNARAYANA_SETTY_DINESH_POBBATHY,PAT_02039
MADEGOWDA_RAMESHA_CHANNEDOWDANADODDY,PAT_02039
THYAGARAJU_ANIL_KUMAR,PAT_02039
ACHARYA_NISHANTH,PAT_02039
SHANKAR_SRIDHAR_BANGARPET,PAT_02040
PREMESH_NIKHIL_DOIJODE,PAT_02040
LOGANATHAN_SUNITH_BABU,PAT_02040
GRACEJESYBAI_JAYA_CHRISTIYIAN_KUMARAVELU,PAT_02040
SWEETI,PAT_02041
SRIRAAM_NATARAJAN,PAT_02041
JAVALI_MAHENDRA,PAT_02041
SRIRAAM_NATARAJAN,PAT_02042
BANGALORE_RAMESH_PURNIMA,PAT_02042
MOHAPATRA_JIGYANS_KRANTI,PAT_02042
GEJJEGENAHALLI_CHANNABASAPPA_MAALUSIDDAPPA_PRADEEP,PAT_02042
VENKATAPATHIAH_SUMA_KUNCHA,PAT_02043
RAGHAVENDRA_VARUN_CHANDRASHEKHAR,PAT_02043
GUNAGI_SUMANT_ANANTH,PAT_02043
ASHWATHNARAYANA_SETTY_DINESH_POBBATHY,PAT_02043
KARKI_MAYA_VINOD,PAT_02043
BANKAD_VINOD_KUMAR,PAT_02044
JAYAVELU_SANGEETHA,PAT_02044
MYSORE_JYOTHIRMAYI,PAT_02045
ASHWATHNARAYANA_SETTY_DINESH_POBBATHY,PAT_02045
HAROHALLY_NAGARAJ_KRISHNA,PAT_02045
ANBUSUBRAMANIAN_PARKAVI,PAT_02046
ALEX_SINI_ANNA,PAT_02046
NIDAGAL_PUSHPALATHA_MANJUNATH,PAT_02046
JAGDEESH_SOWMYA_BILIGERE,PAT_02046
MYSORE_JYOTHIRMAYI,PAT_02047
ASHWATHNARAYANA_SETTY_DINESH_POBBATHY,PAT_02047
HARI_CHANDRA_BOODHGIRI_PRAHLAD,PAT_02047
JYOTHILAKSHMI_RAMASWAMY,PAT_02048
KEERTHANA_THANDAYUTHAPANI,PAT_02048
HARSHAL_SANTOSH_DOSHI,PAT_02048
MOHAMMAD_IBRAHIM,PAT_02048
KSHITIJ_PANDEY,PAT_02048
JYOTHILAKSHMI_R,PAT_02049
HEMANTH_KUMAR_K_J,PAT_02049
SUMANGALA_PATIL,PAT_02049
STEVEN_MANI_BRILLS,PAT_02049
JYOTHILAKSHMI_R,PAT_02050
PRADEEP_KUMAR_K_V,PAT_02050
SUMANGALA_PATIL,PAT_02050
HEMANTH_KUMAR_K_J,PAT_02050
DR_M_SHOUKATH_ALIGEETHANJALI_COLLEGE_OF_ENGINEERING_AND_TECHNOLOGY,PAT_02051
POOJITHA_B_SRIDHARA_SETTYDAVANGERE_UNIVERSITY,PAT_02051
DR_SHOBHA_K_RRAMAIAH_INSTITUTE_OF_TECHNOLOGY,PAT_02051
DR_J_JAYAPRAKASHDRMGR_EDUCATIONAL_AND_RESEARCH_INSTITUTE_DEEMED_TO_BE_UNIVERSITY,PAT_02051
DRMANJUNATH_RRR_INSTITUTE_OF_TECHNOLOGY,PAT_02051
DRSUMANTH_VRR_INSTITUTE_OF_TECHNOLOGY,PAT_02051
DRNAVEEN_MRR_INSTITUTE_OF_TECHNOLOGY,PAT_02051
DR_VIJAYA_KUMAR_A_VPROUDHADEVARAYA_INSTITUTE_OF_TECHNOLOGY,PAT_02051
ASTHA_SINGH_KUSHWAHADRRAMMANOHAR_LOHIA_AVADH_UNIVERSITY,PAT_02051
RAMASHIS_BANERJEENATIONAL_INSTITUTE_OF_TECHNOLOGY_SILCHAR,PAT_02051
DR_A_KALAIVANINEHRU_ARTS_AND_SCIENCE_COLLEGEAUTONOMOUS,PAT_02051
REKHARSRI_RAMAKRISHNA_COLLEGE_OF_ARTS_AND_SCIENCE,PAT_02051
SUMA_K_V,PAT_02052
RAO_BHEEMSAIN,PAT_02052
MEDHA_RAO_Y,PAT_02052
DINESH_P_A,PAT_02052
K_R_V_SUBRAMANIAN,PAT_02053
CHITRA_SELVAM,PAT_02053
N_SRIRAAM,PAT_02053
MALA_DHARMALINGAM,PAT_02053
SWETHA_AMIT,PAT_02054
VISWANATH_TALASILA,PAT_02054
SURINDER_SINGH,PAT_02054
MANISH_HOODA,PAT_02054
GAURAV_JAYASWAL,PAT_02054
N_SRIRAAM,PAT_02055
PURNIMA_B_R,PAT_02055
JIGYANS_KRANTI_MOHAPATRA,PAT_02055
M_K_PUSHPA,PAT_02056
ELAVAAR_KUZHALI_S,PAT_02056
N_SRIRAAM,PAT_02057
SANJAY_H_S,PAT_02057
CHANDANA_S,PAT_02057
PURNIMA_B_R,PAT_02057
PRABHU_RAVIKALA_VITTAL,PAT_02057
RAJI_GEORGE,PAT_02058
K_R_V_SUBRAMANIAN,PAT_02058
FIZA_JAN,PAT_02058
ALLU_SIDHARDHA,PAT_02058
SWETHA_AMIT,PAT_02059
VISWANATH_TALASILA,PAT_02059
PREMNATH_P_M,PAT_02059
PRADIPKUMAR_DIXIT,PAT_02060
VISWANATH_TALASILA,PAT_02060
M_MRUNALINI,PAT_02060
MANISH_KUMAR,PAT_02060
JYOTHILAKSHMI_R,PAT_02061
STEVEN_MANI_BRILLS,PAT_02061
SANJIT_SHEKAR,PAT_02061
KUSHAL_HOLALY_NAGARAJ,PAT_02061
VIVEK_PREMKUMAR,PAT_02061
JV_ALAMELU,PAT_02062
KUSUMIKA_KRORI_DUTTA,PAT_02062
PREMILA_MANOHAR,PAT_02062
JYOTHIRMAYI,PAT_02062
DEEPALI_BASAVARAJ_KOPPAD,PAT_02063
MONALI_MAITY,PAT_02063
DR_NARAYANA_SWAMY_RAMAIAH,PAT_02064
DR_V_SANGEETHA,PAT_02064
DR_D_NESAKUMAR,PAT_02064
MR_T_SANTHOSH_KUMAR,PAT_02064
MS_M_SARITHA,PAT_02064
MR_V_ADITHYA_POTHAN_RAJ,PAT_02064
DR_G_PAVITHRA,PAT_02064
DR_T_C_MANJUNATH,PAT_02064
DR_V_KAMATCHI_KANNAN,PAT_02064
DR_P_PONMURUGAN,PAT_02064
SATISH_RAMAIAH,PAT_02065
SATISH_RAMAIAH,PAT_02066
GOVIND_R_KADAMBI,PAT_02067
DIPAYAN_MAZUMDAR,PAT_02067
KRISHNA_RAVISHANKAR,PAT_02068
UMMEHANI_SHAIEN,PAT_02068
SINGH_VARSHASHREE,PAT_02068
SINGH_AKRITI,PAT_02068
VINEETH_KUMAR_K,PAT_02069
NIVASKUMAR_G_A,PAT_02069
PRAVEEN_N,PAT_02069
RASHMI_ASHOK,PAT_02069
RITIKA_JEENOOR,PAT_02069
SAHANA_L,PAT_02069
KAVITHA_PRASAD,PAT_02069
RANGANATH_K,PAT_02069
SHWETHA_V,PAT_02069
BHARATH_S,PAT_02070
ANBU_J,PAT_02070
ANUP_SIDDESH_HALVAGAL,PAT_02070
VIJAYANAND_PUJARI,PAT_02070
NITHIN_VENKATARAM,PAT_02071
ABDUL_IMRAN_RASHEED,PAT_02071
MANJUNATH_B_S,PAT_02071
BHARGAV,PAT_02072
MANJUNATH_M_ULLEGADDI,PAT_02072
LINGARAJ_DODDABASAN_NANAVAR,PAT_02072
AKHILESH_JANIB,PAT_02072
ROHINI_B,PAT_02072
ABDUL_ALEEM_A_GADAGKAR,PAT_02072
VISWANATH_K_REDDY,PAT_02073
GUTTAPPA_SAJJAN,PAT_02073
N_RATH_VSM,PAT_02074
PRATYUSH_DUKLAN,PAT_02074
PARESHI_RAJVEER,PAT_02074
TANISHA_SINGH,PAT_02074
RACHITH_RAI,PAT_02074
RAGHAVENDRA_V_KULKARNI,PAT_02075
RAJAAYYANAR_A,PAT_02075
HARIHARAN_RAMASANGU,PAT_02075
DR_GNKODANDA_RAMAIAH,PAT_02076
DR_PRABHAKAR_V_HUNAGUND,PAT_02076
DR_SAK_JILANI,PAT_02076
SNANDA_KISHOR,PAT_02076
D_SIVA_KUMAR,PAT_02076
DR_KTDEEPAK,PAT_02076
BP_YOGESHWARI,PAT_02076
Y_MADAN_MOHAN_REDDY,PAT_02076
S_CHARAN,PAT_02076
E_PAVITHRA,PAT_02076
DR_THANGADURAI_N,PAT_02076
DR_M_SWAPNA,PAT_02077
DR_PRASAD_LINGANNA,PAT_02077
SHIVAKUMAR_R,PAT_02077
DR_S_MURALI,PAT_02077
DR_RAGHAVENDRA_P_K,PAT_02077
RASHMI_K_A,PAT_02077
LOKESH_Y_R,PAT_02077
DR_CHETHAN_KUMAR_K,PAT_02077
DR_SINDHU_N,PAT_02077
ABHISHEK_JAVALI,PAT_02078
DR_SHREYANKA_SUBBARAYAPPA,PAT_02078
DR_VARUN_D,PAT_02078
DR_JYOTSNA_KUMAR,PAT_02079
SRINIVASA_GEJJALAGERE_RAMAIAH,PAT_02079
SHREENIVASA_MALAKATE_THIMESH,PAT_02079
DEEPA_HONNENAHALLI_KRISHNE_GOWDA,PAT_02080
KALPANA_SHARMA,PAT_02080
ASWATHA_REDDY_JAGANNATHA_REDDY,PAT_02080
MANJUNATHA_DEVAGONDANAHALLI_HADAGALI,PAT_02080
CHIRTHAHALLI_RAMAKRISHNA_SANTHOSH,PAT_02080
BANAGERE_PRASANNAKUMAR_SRILAKSHMI,PAT_02081
AMBIKA_MADALAKOTE_RAJANNA,PAT_02081
ASWATHA_JAGANNATHA_REDDY,PAT_02081
SAMPATH_CHINNAM,PAT_02081
NAGAIAH_NINGAIAH,PAT_02081
SHERRY_SHAJAN_KUTTUKARAN,PAT_02081
YESHWANTH_HANUMANTH_REDDY,PAT_02081
ROOPA_SOMANNA,PAT_02081
ABHAY_BHANDARKAR,PAT_02082
SUSHMA_BYLAIAH,PAT_02082
GATTUMANE_MOTAPPA_MADHU,PAT_02082
SOUMYA,PAT_02083
VYSHNAVI_MADDALI,PAT_02083
NEHA_NOEL,PAT_02083
LOKESH_RAVI,PAT_02083
DHEEPA_SRINIVASAN,PAT_02084
SIVARANJANI_GALI,PAT_02084
RAMAIAH_RAJU,PAT_02085
CHANDRASHEKAR_RACHANA,PAT_02085
DHEEPA_SRINIVASAN,PAT_02086
GEETHA_MANIVASAGAM,PAT_02086
NISHANTH_L,PAT_02087
NAYANA_N_PATIL,PAT_02087
KRV_SUBRAMANIAN,PAT_02088
BHARATH_V,PAT_02088
VAISHNAVI_GS,PAT_02088
SOUMYAVRATA_CHAKRABORTY,PAT_02088
SHIVA_VELNATI,PAT_02088
PRITAM_SAHA,PAT_02088
MAHANTESHA_S,PAT_02089
KRANTI_K,PAT_02089
ASHWINI_S,PAT_02089
SHANKHADEEP_SAHA,PAT_02089
CRISTAL_RS,PAT_02089
DAKSHATH_P_JEMBIGE,PAT_02089
KAVITHA_PRASAD,PAT_02090
KORA_RAMYA_REDDY,PAT_02090
KEERTHAN_D_R,PAT_02090
SAIPRASAD_ALVA,PAT_02090
SANJANA_GUPTA,PAT_02090
BHABNA_DEKA,PAT_02090
D_N_ANJALI,PAT_02090
DAKSHATH_P_JEMBIGE,PAT_02090
DR_RIZWAN_SAYED_I_H_SAYED,PAT_02091
DR_ABHIJIT_PANDIT,PAT_02091
DR_MAMATHA_S,PAT_02091
LT_SACHIN_A_PALANDE,PAT_02091
DR_J_VIJAYALAKSHMI,PAT_02091
VENKATA_RAMAIAH_TURLAPATI,PAT_02091
MR_LAKSHMANACHARI_SIDDI,PAT_02091
MR_PANKAJ,PAT_02091
DR_J_SRINIVASAN,PAT_02091
DR_R_VIJAYALAKSHMI,PAT_02091
DR_A_MUTHULAKSHMI,PAT_02091
DR_HARIKUMAR_PALLATHADKA,PAT_02091
JYOTSNA_KUMAR,PAT_02092
GEETA_KRISHNAMURTHY,PAT_02092
LAIRIKYENGBAM_DEEPTI_ROY,PAT_02092
SOUMYA,PAT_02093
JYOTHIKRISHNA_B,PAT_02093
BHAVYA_K,PAT_02093
HANUMANTHARAJU_K_N,PAT_02093
LOKESH_A_C,PAT_02093
AISHWARYA_V_PATIL,PAT_02094
R_VINOSHINI,PAT_02094
AFEEFA_SAMREEN,PAT_02094
MODUPALLI_SAI_MANASA,PAT_02094
GOVARDHAN_K_R,PAT_02095
DAMODAR_NAYAK_A,PAT_02095
PARASURAMAN_P,PAT_02095
LALITHA_S_JAIRAM,PAT_02096
DAKSHATH_P_JEMBIGE,PAT_02096
DHANYA_SHRI_M,PAT_02096
YSHANNA_DE_SOUZA,PAT_02096
ARYA_M,PAT_02096
SHAHAZIYA_FARUK,PAT_02097
BHAVYA_B,PAT_02097
KRANTI_K,PAT_02097
DAKSHATH_P_JEMBIGE,PAT_02097
PARIKSHITH_NARAYANA_MALLYA,PAT_02097
RUTHVIK_KS,PAT_02097
CHANDANA_M,PAT_02098
DILEEP_K,PAT_02098
HARSHINI_K,PAT_02098
VARUN_D,PAT_02098
K_T_PRAJWAL,PAT_02099
K_MANICKAVASAGAM,PAT_02099
NAVEEN_KUMAR_THOTAKANAMA,PAT_02099
MALATHI_SATHISH,PAT_02099
SIVARANJANI_GALI,PAT_02100
T_NIRANJANA_PRABHU,PAT_02100
K_SHWETHA,PAT_02101
B_V_BASAVARAJ,PAT_02101
J_ANBU,PAT_02101
THIRTHA_KUMAR_K_N,PAT_02102
GURUKIRAN_S,PAT_02102
VIVEK_JADHAV,PAT_02102
KALYAN_M,PAT_02102
JAYAHAR_SIVASUBRAMANIAN,PAT_02102
B_K_SWATHI_PRASAD,PAT_02102
GREESHMA_C,PAT_02103
KARISHMA_JAGADEESH,PAT_02103
UGRA_MOHAN_ROY,PAT_02104
SUJITHKUMAR_REDDY_BOMMAREDDY,PAT_02104
SRINIVASA,PAT_02105
B_S_DAYANANDA,PAT_02105
LOKESH_A_C,PAT_02105
UGRA_MOHAN_ROY,PAT_02106
VAISHNAVI_PATAKI,PAT_02106
GOVIND_R_KADAMBI,PAT_02107
HARSHINI_K,PAT_02107
VARUN_D,PAT_02107
RITHANI_NALLAMUTHU,PAT_02108
RAIMA_CHOUDARY,PAT_02108
VIDYA_M,PAT_02108
LOKESH_A_C,PAT_02108
LOKESH_RAVI,PAT_02108
SURESH_G_J,PAT_02108
UGRA_MOHAN_ROY,PAT_02109
MALATHI_SATHISH,PAT_02109
DHRUV_SACHIN_KAMATH,PAT_02109
RIK_BHATTACHARJEE,PAT_02109
JIYA_THANKACHAN,PAT_02109
GAYATHRIDEVI_S_K,PAT_02110
RAVISHANKAR_K,PAT_02110
NIDHI_P_B,PAT_02110
NANDITHA_B_K_SHETTY,PAT_02110
JIYA_THANKACHAN,PAT_02110
RAAFIYA_JAMEEL,PAT_02110
HR_SAMEERA,PAT_02111
J_ANBU,PAT_02111
DAMODAR_NAYAK_A,PAT_02111
PARASURAMAN_P,PAT_02111
SHANNON_D_ALMEIDA,PAT_02111
UGRA_MOHAN_ROY,PAT_02112
DIVYA_KIRAN,PAT_02112
SHREYA_KAJAGAR,PAT_02113
MADHUSHREE,PAT_02113
SHARANYA_DAS,PAT_02113
PRANAV_GOWDA_N,PAT_02113
MAHESH_V_M,PAT_02113
PRANAV_M,PAT_02113
RAVI_SHANKAR_S,PAT_02113
LOKESH_RAVI,PAT_02113
NAYANA_N_PATIL,PAT_02114
NISHANTH_L,PAT_02114
PRANUPA_S,PAT_02115
SACHIN_S,PAT_02115
NAGARATHNA_AS,PAT_02115
PAVAN_KUMAR_H,PAT_02115
NAMRATHA_D,PAT_02115
SAHANA_S_VANDAL,PAT_02115
GP_DARSHAN,PAT_02116
AKSHAY_ARJUN,PAT_02116
H_B_PREMAKUMAR,PAT_02116
DR_PUSHPA_H,PAT_02117
DR_RAMESHA_A,PAT_02117
DIVYA_B_S,PAT_02118
ROOPA_S_RAO,PAT_02118
LICHINGNGAMBA_TENSUBAM,PAT_02118
TUSHAR_PATIL,PAT_02118
SANDHYA_K_V,PAT_02119
J_ANBU,PAT_02119
KHUSHBOO_KUMARI,PAT_02119
BASAPPA_VEERABHADRAIAH_BASAVARAJ,PAT_02120
VIDYA_K,PAT_02120
N_C_MAHENDRA_BABU,PAT_02121
MANJUNATH_M_ULLEGADDI,PAT_02121
GOUTHAM_T_S,PAT_02121
DILIPKUMAR_D_RATHOD,PAT_02121
GAUTHAM_KUMAR_RANA,PAT_02121
MAHESH_R,PAT_02121
SEJAL_KUMARPAL_MUNOYATH,PAT_02122
HARINI_PALANIVELU,PAT_02122
SINDHU_ABRAHAM,PAT_02122
R_DEVESWARAN,PAT_02123
J_ANBU,PAT_02123
C_PRIYANKA,PAT_02123
RAJANIKANTH_B_R,PAT_02124
R_DEVESWARAN,PAT_02124
VANITHA_N,PAT_02124
KARISHMA_JAGADEESH,PAT_02125
VAISHALI_K_SHETTIGAR,PAT_02125
DAKSHATH_PRASAD_JEMBIGE,PAT_02125
PARIKSHITH_MALLYA,PAT_02125
SOWMYA_S_V,PAT_02126
DOMINIC_AUGUSTINE,PAT_02126
VANISHRI_C_HARAGANNAVAR,PAT_02126
T_NIRANJANA_PRABHU,PAT_02126
AKSHATHA_CHANDRASHEKAR,PAT_02126
MADHUSHREE_HEGDE,PAT_02126
SYEDA_TANIYA_FIROZ,PAT_02126
UPASANA_DAS,PAT_02126
VIJAYALAKSHMI_B_V,PAT_02126
VYOM_SHUKLA,PAT_02126
ADITI_RAO,PAT_02127
ASHWINI_S,PAT_02127
R_DEVESWARAN,PAT_02127
BASAPPA_VEERABHADRAIAH_BASAVARAJ,PAT_02128
DARSHAN_GOWDA,PAT_02128
RAJEEV_JAYATEERTH_MUDAKAVI,PAT_02128
K_SHWETHA,PAT_02129
BASAPPA_VEERABHADRAIAH_BASAVARAJ,PAT_02129
SYLVIA_MATHEW,PAT_02130
SHRUTHI_NAGARAJA,PAT_02130
R_DEVESWARAN,PAT_02130
ANU_ELSA_SWAROOP,PAT_02130
HARSHINI_P,PAT_02130
SINDHU_ABRAHAM,PAT_02131
SANDHYASHREE_S_B,PAT_02131
J_ANBU,PAT_02131
GOWRI_R,PAT_02132
J_ANBU,PAT_02132
SINDHU_ABRAHAM,PAT_02132
KIRTHI_BHUSHAN_A,PAT_02133
DAMODAR_NAYAK_A,PAT_02133
LALITHA_S_JAIRAM,PAT_02134
R_DEVESWARAN,PAT_02134
DINESHKUMAR_S,PAT_02134
ESHWARI_D_NAIK,PAT_02134
FAIZAN_ALI_KHAN,PAT_02134
FATHIMA_TANZEEM,PAT_02134
HIBA_HALEEMA,PAT_02134
VIDYANAND_S_DESAI,PAT_02135
SUHAS_S,PAT_02135
K_SHWETHA,PAT_02136
R_DEVESWARAN,PAT_02136
S_BHARATH,PAT_02137
SHIVANI_SRINIVASAN_H,PAT_02137
J_ANBU,PAT_02137
SHRUTHI_NAGARAJA,PAT_02138
SYLVIA_MATHEW,PAT_02138
R_DEVESWARAN,PAT_02138
AYESHA_NAJAM,PAT_02138
SUSAN_EALIAS_ATTASSERIL,PAT_02139
J_ANBU,PAT_02139
TANMOY_GHOSH,PAT_02139
M_C_MURUGESH,PAT_02140
JAGATHLK,PAT_02140
MARSHALL_MATTHEWS,PAT_02140
ADITYA_K,PAT_02140
IYLI_MALLIKARJUNA,PAT_02140
T_CHRISTY_BOBBY,PAT_02141
VIJAYA_MADHAVI_C_M,PAT_02141
PRAJWAL_K_T,PAT_02142
K_MANICKAVASAGAM,PAT_02142
NIKITA_T,PAT_02142
SWATHY_NAIR,PAT_02142
R_SURESH,PAT_02143
ANANTH_S_IYENGAR,PAT_02143
M_S_RAMAIAH_INSTITUTE_OF_TECHNOLOGY,PAT_02144
DR_BASAPPA_C_YALLUR,PAT_02144
DR_SAMPATH_CHINNAM,PAT_02144
DR_MOAMEN_S_REFAT,PAT_02144
DR_AMNAH_MOHAMMED_ALSUHAIBANI,PAT_02144
DR_SAFYAH_B_BAKARE,PAT_02144
DR_VINAYAK_ADIMULE,PAT_02144
MS_MAYA_PAI_M,PAT_02144
DR_KESHAVAMURTHY_KEMPAIAH,PAT_02144
MS_VINUTA_KAMAT,PAT_02144
DR_NAGARAJU_KOTTAM,PAT_02145
DR_SAMPATH_CHINNAM,PAT_02145
SMRITHI_SAILAJA_PRASANNAKUMARAN_NAIR,PAT_02145
DR_AHMAD_SALAWI,PAT_02145
DR_SUVARDHAN_KANCHI,PAT_02145
DR_A_MUSHIRA_BANU,PAT_02145
DR_MUKTHA_H,PAT_02145
DR_R_SHARATH,PAT_02145
N_C_MAHENDRA_BABU,PAT_02146
MANJUNATH_M_ULLEGADDI,PAT_02146
BALAPPA_B_U,PAT_02146
NAGARJUN_M_A,PAT_02146
PRIYANKA_R_RAIKAR,PAT_02146
PRASHANTHA_G_S,PAT_02147
SINDHU_A_NAIK,PAT_02147
MOHIT_AWARADI,PAT_02147
MANOGHNA_SUBRAMANYA_H,PAT_02147
RAI_PRATIKSHA,PAT_02148
KESHA_MAHESHBHAI_DESAI,PAT_02148
TANMOY_GHOSH,PAT_02148
J_ANBU,PAT_02148
RAHUL_M_CADAMBI,PAT_02149
PRAMOD_M_KOTI,PAT_02149
HARSHITH_SHREESHAILA_M,PAT_02149
B_U_GAUTHAM,PAT_02149
CHETHAN_T_S,PAT_02149
VADIRAJ_JOSHI,PAT_02149
SUPRIYA_M_S,PAT_02150
ARUNA_KUMAR_S_V,PAT_02150
ASHUTOSH_DIXIT,PAT_02150
ADITYA_MADHAV,PAT_02150
AKANKSHA_DWIVEDI,PAT_02150
BHAVNA,PAT_02150
SAJJAN_KUMAR_SINGH,PAT_02150
ROSHAN_M_SAGARKAR,PAT_02151
R_DEVESWARAN,PAT_02151
ISHITA_SINGH,PAT_02151
KRUTI_RAVINDRA,PAT_02151
SONIA_S_PRABHU,PAT_02151
SAMA_FATHIMA_AMEEN,PAT_02151
RAHUL_M_CADAMBI,PAT_02152
PRAMOD_M_KOTI,PAT_02152
MANOGNYA_HARITASA_MS,PAT_02152
HALESH_K_S,PAT_02152
HARSHA_ANAND,PAT_02152
MUKESH_SHETTY,PAT_02152
HEMANTH_KUMAR_H,PAT_02152
PIYUSH_DEWANGAN,PAT_02152
SHWETHA_K,PAT_02153
THANUJA_B_K,PAT_02153
B_K_SWATHI_PRASAD,PAT_02154
ANUSH_B_N,PAT_02155
UGRA_MOHAN_ROY,PAT_02155
S_NAGARAJA_RAO,PAT_02155
ROOPA_S_RAO,PAT_02156
DIVYA_B_S,PAT_02156
KISHORE_S_M,PAT_02156
KIRTI_SHANKAR_M,PAT_02156
BANGARPET_SRIDHAR_SHANKAR,PAT_02157
LOGANATHAN_SUNITH_BABU,PAT_02157
CHRISTIYIAN_JAYA_KUMARAVELU_GRACEJESYBAI,PAT_02157
UPADHYAYA_SHRAVAN,PAT_02157
RAJEEV_J_MUDAKAVI,PAT_02158
KAREN_DSOUZA,PAT_02158
MD_AWAISE_IQBAL_BAIG,PAT_02158
KEITH_ROLAND_DSOUZA,PAT_02158
DAVID_FURTADO,PAT_02158
M_BALA_KRISHNA,PAT_02158
GOVIND_R_KADAMBI,PAT_02159
DIPAYAN_MAZUMDAR,PAT_02159
GOVIND_R_KADAMBI,PAT_02160
DIPAYAN_MAZUMDAR,PAT_02160
ABDUL_IMRAN_RASHEED,PAT_02160
MOHAMMED_SALMAN_BAIG,PAT_02160
UDAY_SHRIHARI_P,PAT_02161
N_S_CHANDANSHREE,PAT_02161
YATEEN_LOKESH,PAT_02161
PRAKASH_P,PAT_02161
SUBARNA_CHATTERJEE,PAT_02161
CHINDANUR_NARENDRA_BABU,PAT_02162
SOUMYA_JYOTI_RAYCHAUDHURI,PAT_02162
SOUMYA_MANJUNATH,PAT_02162
CHITHRA_PRIYA_SRINIVASAN,PAT_02162
SWATHIN,PAT_02162
S_SUSHMA,PAT_02162
NITIN_BHUSHAN_KN,PAT_02162
R_GOWRI,PAT_02163
R_DEVESWARAN,PAT_02163
HAJIRA_BANU_H,PAT_02164
DHRUBOJYOTI_MUKHERJEE,PAT_02164
ANBU_JAYARAMAN,PAT_02164
ASHOKA_BABU_VL,PAT_02165
SHARON_CAROLINE_FURTADO,PAT_02165
K_SUNDARA_SARAVANAN,PAT_02165
BHARATH_SRINIVASAN,PAT_02166
AISHWARYAR,PAT_02166
ANBU_JAYARAMAN,PAT_02166
ROSHAN_M_SAGARKAR,PAT_02167
R_PADMANATHAN,PAT_02167
PADMINI_VADDAVALLI,PAT_02167
SHAIKA_TABASSUM,PAT_02167
D_VARUN,PAT_02168
KADAMBI_R_GOVIND,PAT_02168
DC_SUNDARESH,PAT_02169
DRKLOHESWARAN,PAT_02170
DRDVIJAYAKUMAR,PAT_02170
DR_VOOTLA_SUBBA_RAMAIAH,PAT_02170
DRGSELVAVINAYAGAM,PAT_02170
DR_VENKATESHWARAN_LOGANATHAN,PAT_02170
DR_R_VARALAKSHMI,PAT_02170
DRLSRINIVASAN,PAT_02170
DR_K_SARAVANAN,PAT_02170
MRPRAJASEKARAN,PAT_02170
DR_LALIT_GARG,PAT_02170
EERESHA_RAMAIAH,PAT_02171
DR_SUPRIYA_J_EEEDSCEAP,PAT_02172
CHETHAN_S_EEEDSCESTUDENT,PAT_02172
K_R_SAI_AKSHAYA_EEEDSCESTUDENT,PAT_02172
SHAKTHIVEL_S_EEEDSCESTUDENT,PAT_02172
JANHAVI_G_V_EEEDSCESTUDENT,PAT_02172
