rank,venue,publications
1,Physical review. B./Physical review. B,268
2,Lecture notes in computer science,204
3,SSRN Electronic Journal,192
4,Journal of Alloys and Compounds,113
5,ePrints@IISc (Indian Institute of Science),84
6,The Journal of Physical Chemistry C,80
7,IEEE Transactions on Electron Devices,79
8,Journal of Applied Physics,75
9,International Journal for Research in Applied Science and Engineering Technology,73
10,Journal of Fluid Mechanics,69
11,Journal of Materials Science Materials in Electronics,67
12,IEEE Sensors Journal,61
13,The Journal of Chemical Physics,61
14,Communications in Computer and Information Science,58
15,Journal of Physics Condensed Matter,57
16,Nature Communications,54
17,Journal of Physics: Conference Series,53
18,Physical Review Letters,53
19,Physical review. E,51
20,IOP Conference Series Materials Science and Engineering,48
21,Applied Physics Letters,45
22,Materials Science and Engineering A,45
23,Journal of Materials Chemistry C,45
24,Dalton Transactions,44
25,Metallurgical and Materials Transactions A,44
26,IEEE Communications Letters,43
27,IEEE Transactions on Communications,42
28,Physical review. D/Physical review. D.,40
29,Journal of Materials Science,39
30,Springer transactions in civil and environmental engineering,39
31,Nano Letters,38
32,Journal of Materials Engineering and Performance,37
33,IEEE Transactions on Information Theory,36
34,Journal of Electronic Materials,36
35,SN Computer Science,36
36,Journal of the Indian Institute of Science,35
37,IEEE Transactions on Industrial Electronics,34
38,Journal of University of Shanghai for Science and Technology,34
39,Communications in computer and information science,34
40,International Journal of Engineering and Advanced Technology,32
41,Journal of Materials Chemistry A,32
42,IEEE Transactions on Industry Applications,31
43,INTERANTIONAL JOURNAL OF SCIENTIFIC RESEARCH IN ENGINEERING AND MANAGEMENT,31
44,Journal of Aerospace Sciences and Technologies,31
45,IEEE Transactions on Power Electronics,31
46,International Journal of Advanced Computer Science and Applications,30
47,The Philosophical Magazine A Journal of Theoretical Experimental and Applied Physics,30
48,IOP Conference Series: Materials Science and Engineering,28
49,Indian geotechnical journal,28
50,IEEE Transactions on Wireless Communications,28
51,IEEE Transactions on Signal Processing,28
52,International Journal of Electrical and Computer Engineering (IJECE),27
53,The Journal of Physical Chemistry B,27
54,IEEE Signal Processing Letters,27
55,The Astrophysical Journal,26
56,Journal of Mines Metals and Fuels,26
57,IEEE Transactions on Vehicular Technology,26
58,The Journal of Physical Chemistry Letters,25
59,Transactions of the Indian Institute of Metals,24
60,Journal of Physics Conference Series,24
61,Journal of Optics,24
62,Journal of Physics D Applied Physics,24
63,Materials Letters,24
64,Physical Review Fluids,24
65,International Journal of Innovative Technology and Exploring Engineering,23
66,Procedia Computer Science,23
67,Physical Review Research,23
68,Journal of Magnetism and Magnetic Materials,22
69,Journal of Guidance Control and Dynamics,22
70,International Research Journal of Modernization in Engineering Technology and Science,22
71,Encyclopedia of earth sciences series/Encyclopedia of earth sciences,22
72,"Physical review. A/Physical review, A",22
73,Materials Science and Engineering B,22
74,International Journal of Ambient Energy,21
75,Journal of The Institution of Engineers (India) Series D,21
76,Physical Review Materials,21
77,Physical Review Applied,21
78,ISSS Journal of Micro and Smart Systems,21
79,Chemical Engineering Journal,21
80,Journal of materials research/Pratt's guide to venture capital sources,20
81,International Journal of Recent Technology and Engineering,19
82,SN Applied Sciences,19
83,Applied Surface Science,19
84,Journal of the American Chemical Society,19
85,Transactions of Indian National Academy of Engineering,19
86,Chemistry - A European Journal,19
87,IEEE Transactions on Automatic Control,19
88,Chemistry - An Asian Journal,19
89,The European Physical Journal Plus,19
90,International Journal of Hydrogen Energy,18
91,ACS Energy Letters,18
92,Indian Journal of Pure and Applied Mathematics,18
93,Journal of the American Ceramic Society,17
94,The European Physical Journal Special Topics,17
95,Lecture Notes in Computer Science,17
96,Thermal Science and Engineering Progress,17
97,Journal of Energy Storage,17
98,The Journal of Physical Chemistry A,17
99,IEEE Control Systems Letters,16
100,Journal of Materials Chemistry B,16
101,Astrophysics and space science proceedings,16
102,International Journal of Geomechanics,16
103,IEEE Sensors Letters,16
104,Journal of Materials Research and Technology,16
105,Bulletin of Materials Science,16
106,Materials Science in Semiconductor Processing,16
107,Journal of Molecular Structure,16
108,Journal of Astrophysics and Astronomy,16
109,Journal of The Institution of Engineers (India): Series D,15
110,"Journal of Mines, Metals and Fuels",15
111,Corrosion Science,15
112,Journal of Molecular Liquids,15
113,International Journal of Intelligent Engineering and Systems,15
114,Journal of High Energy Physics,15
115,IEEE Transactions on Instrumentation and Measurement,15
116,Journal of Mathematical Analysis and Applications,15
117,Journal of Engineering for Gas Turbines and Power,14
118,New Journal of Chemistry,14
119,Mechanisms and machine science,14
120,AIAA Journal,14
121,IEEE photonics journal,14
122,International Journal on Interactive Design and Manufacturing (IJIDeM),14
123,Journal of Materials Science: Materials in Electronics,13
124,Journal of The Electrochemical Society,13
125,International Journal of Fracture,13
126,Science Advances,13
127,Nature Physics,13
128,International Journal of Geosynthetics and Ground Engineering,13
129,Europhysics Letters (EPL),13
130,International Journal on Recent and Innovation Trends in Computing and Communication,13
131,Bulletin des Sciences Mathématiques,13
132,Indonesian Journal of Electrical Engineering and Computer Science,13
133,Journal of Power Sources,13
134,Advances in Materials Science and Engineering,13
135,New Journal of Physics,13
136,IETE Journal of Research,13
137,IEEE Wireless Communications Letters,13
138,Optics Letters,13
139,International Journal of Electrical and Electronics Research,13
140,Journal of Cosmology and Astroparticle Physics,12
141,Journal of Materials in Civil Engineering,12
142,Journal of Manufacturing Processes,12
143,International Journal of Intelligent Systems and Applications in Engineering,12
144,ACS Biomaterials Science & Engineering,12
145,IEEE Journal on Flexible Electronics,12
146,European Journal of Inorganic Chemistry,12
147,ECS Transactions,12
148,Journal of Colloid and Interface Science,12
149,IEEE/ACM Transactions on Networking,12
150,The European Physical Journal C,12
151,International Journal of Engineering Applied Sciences and Technology,11
152,IEEE Transactions on Power Delivery,11
153,International Journal of Recent Technology and Engineering (IJRTE),11
154,The Journal of the Acoustical Society of America,11
155,Journal of Geometric Analysis,11
156,Current Science,11
157,Journal of Composite Materials,11
158,Journal of Physics and Chemistry of Solids,11
159,IOP Conference Series: Earth and Environmental Science,11
160,2024 International Conference on Advances in Modern Age Technologies for Health and Engineering Science (AMATHE),11
161,International Journal of Information Technology,11
162,Journal of Aerospace Information Systems,11
163,Journal of The Institution of Engineers (India): Series B,11
164,IEEE Internet of Things Journal,11
165,IEEE Robotics and Automation Letters,11
166,Journal of Advanced Research in Dynamical and Control Systems,11
167,International Research Journal on Advanced Engineering Hub (IRJAEH),10
168,Journal of the European Ceramic Society,10
169,IEEE Transactions on Plasma Science,10
170,International Journal of Fatigue,10
171,IEEE Photonics Technology Letters,10
172,Aerospace Science and Technology,10
173,Review of Scientific Instruments,10
174,IEEE Journal of Emerging and Selected Topics in Power Electronics,10
175,International Journal of Scientific and Technology Research,10
176,Journal of Computational and Theoretical Nanoscience,10
177,IEEE Journal of Emerging and Selected Topics in Industrial Electronics,10
178,Journal of Algebra,9
179,Physical Review X,9
180,International Journal of Air-Conditioning and Refrigeration,9
181,Journal of Non-Crystalline Solids,9
182,Proceedings of the Institution of Mechanical Engineers Part C Journal of Mechanical Engineering Science,9
183,IEEE Electron Device Letters,9
184,Journal of Intelligent &amp; Fuzzy Systems,9
185,International Journal of Mechanical Sciences,9
186,Asian Journal of Chemistry,9
187,Proceedings of the Institution of Mechanical Engineers Part G Journal of Aerospace Engineering,9
188,Journal of the Brazilian Society of Mechanical Sciences and Engineering,9
189,Transactions on Emerging Telecommunications Technologies,9
190,International Journal of Solids and Structures,9
191,Journal of Microelectromechanical Systems,9
192,Proceedings of the National Academy of Sciences,9
193,Journal of Chemical Sciences,9
194,International Journal of Heat and Mass Transfer,9
195,Materials Science Forum,9
196,DOAJ (DOAJ: Directory of Open Access Journals),9
197,International Journal of Mathematics,9
198,IEEE Open Journal of the Communications Society,9
199,international journal of engineering technology and management sciences,8
200,Advances in Sustainability Science and Technology,8
201,ECS Journal of Solid State Science and Technology,8
202,Semiconductor Science and Technology,8
203,IEEE Transactions on Network and Service Management,8
204,International Journal of Multiphase Flow,8
205,IEEE Transactions on Very Large Scale Integration (VLSI) Systems,8
206,Chemical Physics Letters,8
207,IEEE Transactions on Intelligent Transportation Systems,8
208,International Journal of Metalcasting,8
209,Chemical Science,8
210,International Journal of Thermal Sciences,8
211,The International Journal of Advanced Manufacturing Technology,8
212,International Journal of Communication Systems,8
213,Journal of Cryptology,8
214,IEEE Transactions on Magnetics,8
215,Infosys science foundation series,8
216,Journal of Spacecraft and Rockets,8
217,IEEE Journal on Selected Areas in Information Theory,8
218,Proceedings - Mathematical Sciences,8
219,Journal of Solid State Chemistry,8
220,Journal of Building Engineering,8
221,"Lecture Notes of the Institute for Computer Sciences, Social Informatics and Telecommunications Engineering",8
222,Journal of Computational Electronics,8
223,Indian Journal of Computer Science and Engineering,8
224,Indian Journal of Science and Technology,8
225,Journal of Advanced Research in Fluid Mechanics and Thermal Sciences,7
226,"Frontiers in Optics + Laser Science 2022 (FIO, LS)",7
227,IEEE Transactions on Dielectrics and Electrical Insulation,7
228,Journal of Inorganic and Organometallic Polymers and Materials,7
229,International Journal of Energy Research,7
230,Journal of Statistical Mechanics Theory and Experiment,7
231,Journal of Natural Fibers,7
232,Journal of Pure and Applied Algebra,7
233,Transactions of the American Mathematical Society,7
234,Journal of Thermoplastic Composite Materials,7
235,IAES International Journal of Artificial Intelligence (IJ-AI),7
236,IEEE Transactions on Visualization and Computer Graphics,7
237,Chemical Engineering Science,7
238,Journal of Computational Physics,7
239,International Journal of Science and Research (IJSR),7
240,Journal of Mechanisms and Robotics,7
241,Journal of Sound and Vibration,7
242,Nature,7
243,International Journal of Biological Macromolecules,7
244,Journal of The Institution of Engineers (India): Series C,7
245,Universitas Pasundan institutional repositories & scientific journals (Universitas Pasundan),7
246,Journal of Physics A Mathematical and Theoretical,7
247,International Journal of Modern Physics B,7
248,Composites Part A Applied Science and Manufacturing,7
249,Journal of Applied Mechanics,7
250,International Journal of Computer Applications,7
251,"International Conference on Smart Systems for Applications in Electrical Sciences, ICSSES 2023",7
252,MATERIALS TRANSACTIONS,7
253,NOT FOUND REPOSITORY (Indian Institute of Science Bangalore),7
254,IEEE/ACM Transactions on Audio Speech and Language Processing,7
255,Banach Journal of Mathematical Analysis,7
256,Computational Materials Science,7
257,IEEE Antennas and Wireless Propagation Letters,7
258,International Journal of Advanced Research in Science Communication and Technology,7
259,Journal of Optical Communications,7
260,Journal of the Indian Chemical Society,7
261,International Journal of Advanced Science and Technology,7
262,Journal of Low Temperature Physics,7
263,Journal of Superconductivity and Novel Magnetism,6
264,Surface Review and Letters,6
265,IEEE Transactions on Computer-Aided Design of Integrated Circuits and Systems,6
266,Physics Letters A,6
267,European Journal of Mechanics - A/Solids,6
268,Journal of the Mechanics and Physics of Solids,6
269,Journal of the Optical Society of America B,6
270,International Journal of Applied and Computational Mathematics,6
271,Polymer Engineering and Science,6
272,Microchemical Journal,6
273,IEEE Transactions on Image Processing,6
274,International Journal of Advances in Engineering Sciences and Applied Mathematics,6
275,Journal of The Institution of Engineers (India) Series A,6
276,International Journal of Pervasive Computing and Communications,6
277,Experimental Thermal and Fluid Science,6
278,International Journal of Power Electronics and Drive Systems (IJPEDS),6
279,Journal of Thermal Science and Engineering Applications,6
280,IEEE Transactions on Systems Man and Cybernetics Systems,6
281,International Journal of Progressive Research in Engineering Management and Science,6
282,Solid State Sciences,6
283,"Journal of Molecular Structure,",6
284,Defence Science Journal,6
285,Journal of Thermal Analysis and Calorimetry,6
286,Journal of Parallel and Distributed Computing,6
287,Journal of Ambient Intelligence and Humanized Computing,6
288,Biomaterials Science,6
289,Biophysical Journal,6
290,Journal of Earthquake Engineering,6
291,ACS Materials Letters,6
292,Journal of Applied Polymer Science,6
293,ZAMM ‐ Journal of Applied Mathematics and Mechanics / Zeitschrift für Angewandte Mathematik und Mechanik,6
294,Journal of Electromagnetic Waves and Applications,6
295,Journal of Building Pathology and Rehabilitation,6
296,International journal of intelligent engineering and systems,6
297,Journal of Chemical Theory and Computation,6
298,Applied Nanoscience,6
299,Book Publisher International (a part of SCIENCEDOMAIN International),6
300,Theoretical Computer Science,6
301,Journal of Electroanalytical Chemistry,6
302,"International journal of advance research, ideas and innovations in technology",6
303,The Electronic Journal of Combinatorics,6
304,Transportation Research Record Journal of the Transportation Research Board,6
305,International Research Journal on Advanced Science Hub,6
306,"2022 Fourth International Conference on Emerging Research in Electronics, Computer Science and Technology (ICERECT)",5
307,Journal of Heat Transfer,5
308,Journal of Theoretical and Applied Information Technology,5
309,Israel Journal of Mathematics,5
310,IEEE Transactions on Pattern Analysis and Machine Intelligence,5
311,Journal of Luminescence,5
312,2024 1st International Conference on Communications and Computer Science (InCCCS),5
313,2021 IEEE International Symposium on Antennas and Propagation and USNC-URSI Radio Science Meeting (APS/URSI),5
314,Journal of Testing and Evaluation,5
315,International Journal of Power Electronics and Drive Systems/International Journal of Electrical and Computer Engineering,5
316,International Journal of Systems Science,5
317,Proceedings of the Royal Society A Mathematical Physical and Engineering Sciences,5
318,"Engineering, Technology &amp; Applied Science Research",5
319,Indian Journal Of Science And Technology,5
320,i-manager’s Journal on Electronics Engineering,5
321,The Ramanujan Journal,5
322,IOP Conference Series Earth and Environmental Science,5
323,Renewable and Sustainable Energy Reviews,5
324,SAE International Journal of Materials and Manufacturing,5
325,Annual Review of Materials Research,5
326,IMA Journal of Numerical Analysis,5
327,The Journal of Supercomputing,5
328,Journal of Functional Analysis,5
329,IEEE Transactions on Ultrasonics Ferroelectrics and Frequency Control,5
330,Journal of Biomolecular Structure and Dynamics,5
331,Environmental Science and Pollution Research,5
332,International Journal of Electrical and Computer Engineering,5
333,Journal of Nanoscience and Nanotechnology,5
334,Australian Journal of Mechanical Engineering,5
335,Journal of the Geological Society of India,5
336,Progress in Computational Fluid Dynamics An International Journal,5
337,International Journal of Systems Assurance Engineering and Management,5
338,International Journal of Circuit Theory and Applications,5
339,Journal of Vision,5
340,IEEE Transactions on Artificial Intelligence,5
341,IEEE Transactions on Circuits & Systems II Express Briefs,5
342,Mathematical Methods in the Applied Sciences,5
343,IEEE Transactions on Geoscience and Remote Sensing,5
344,IEEE Transactions on Aerospace and Electronic Systems,5
345,IEEE Transactions on Components Packaging and Manufacturing Technology,5
346,Journal of Drug Delivery Science and Technology,5
347,Computer Systems Science and Engineering,5
348,Journal of Applied Fluid Mechanics,5
349,International Journal for Numerical Methods in Engineering,5
350,SpringerBriefs in Applied Sciences and Technology,5
351,International Journal of Emerging Electric Power Systems,5
352,SpringerBriefs in applied sciences and technology,5
353,SpringerBriefs in computer science,5
354,Metallurgical and Materials Transactions B,5
355,IEEE Transactions on Green Communications and Networking,5
356,IEEE Transactions on Circuits and Systems I Regular Papers,5
357,The Astrophysical Journal Letters,5
358,IEEE Journal of the Electron Devices Society,5
359,Journal of Tribology,5
360,Journal of Nanomaterials,5
361,Proceedings of the Indian National Science Academy,5
362,IEEE Transactions on Control of Network Systems,5
363,IEEE Journal on Selected Areas in Communications,5
364,ACM Transactions on Asian and Low-Resource Language Information Processing,5
365,IFAC Journal of Systems and Control,4
366,International Journal of Information Technology (Singapore),4
367,Frontiers in Astronomy and Space Sciences,4
368,The Canadian Journal of Chemical Engineering,4
369,International Journal of Intelligent Unmanned Systems,4
370,Journal of Reinforced Plastics and Composites,4
371,Journal of Biophotonics,4
372,ASCE-ASME Journal of Risk and Uncertainty in Engineering Systems Part A Civil Engineering,4
373,Frontiers in Computer Science,4
374,IEEE Transactions on Cognitive Communications and Networking,4
375,Journal of Geotechnical and Geoenvironmental Engineering,4
376,ARAI Journal of Mobility Technology,4
377,Applied Physics A: Materials Science and Processing,4
378,Frontiers in Neuroscience,4
379,IEEE Transactions on Computational Social Systems,4
380,IEEE Transactions on Computational Imaging,4
381,IEEE Journal of Selected Topics in Signal Processing,4
382,"2025 IEEE International Students' Conference on Electrical, Electronics and Computer Science (SCEECS)",4
383,ePrints-IISc. (Indian Institute of Science Bangalore),4
384,IEEE Transactions on Network Science and Engineering,4
385,Proceedings of the Institution of Mechanical Engineers Part L Journal of Materials Design and Applications,4
386,IEEE Transactions on Nanotechnology,4
387,IEEE Open Journal of Vehicular Technology,4
388,Proceedings of the Institution of Mechanical Engineers Part A Journal of Power and Energy,4
389,Journal of Astronomical Telescopes Instruments and Systems,4
390,IEEE Geoscience and Remote Sensing Letters,4
391,Advanced Science,4
392,Journal of Inorganic Biochemistry,4
393,Journal of Lightwave Technology,4
394,International Journal of Geotechnical Engineering,4
395,Journal of Bio- and Tribo-Corrosion,4
396,Urban Water Journal,4
397,"3rd International Conference on Data Science and Information System, ICDSIS 2025",4
398,International Journal of Engineering Research and,4
399,Journal of Algebraic Combinatorics,4
400,2025 World Skills Conference on Universal Data Analytics and Sciences (WorldSUAS),4
401,Progress in Materials Science,4
402,IEEE Transactions on Energy Conversion,4
403,IEEE Transactions on Neural Networks and Learning Systems,4
404,IEEE journal on multiscale and multiphysics computational techniques,4
405,Physics Letters B,4
406,Journal of Solid State Electrochemistry,4
407,Progress in Optical Science and Photonics,4
408,Applied Sciences,4
409,Asian Journal of Organic Chemistry,4
410,Nature Materials,4
411,International Journal of Wireless and Microwave Technologies,4
412,International Journal of Plasticity,4
413,Electronic Journal of Probability,4
414,"International Journal of Modeling, Simulation, and Scientific Computing",4
415,Chaos An Interdisciplinary Journal of Nonlinear Science,4
416,Journal of Materials Processing Technology,4
417,Journal of Computational Science,4
418,2022 IEEE International Symposium on Antennas and Propagation and USNC-URSI Radio Science Meeting (AP-S/URSI),4
419,Journal of Combinatorial Theory Series A,4
420,Journal of Communications,4
421,Asian Journal of Civil Engineering,4
422,Journal of Fourier Analysis and Applications,4
423,Journal on Multimodal User Interfaces,4
424,Engineering Technology & Applied Science Research,4
425,International Journal of Non-Linear Mechanics,4
426,International Journal of Reconfigurable and Embedded Systems (IJRES),4
427,International Journal of Applied Ceramic Technology,4
428,Journal of Manufacturing Science and Engineering,4
429,Journal of Molecular Modeling,4
430,BENTHAM SCIENCE PUBLISHERS eBooks,4
431,International Journal of Computer Networks and Applications,4
432,Pacific Journal of Mathematics,4
433,"Lecture notes of the Institute for Computer Sciences, Social Informatics and Telecommunications Engineering",4
434,Journal of Physics B Atomic Molecular and Optical Physics,4
435,Journal of Manufacturing and Materials Processing,4
436,Journal of Micro-Bio Robotics,4
437,Materials Science and Technology,4
438,Philosophical Magazine Letters,4
439,Arabian Journal for Science and Engineering,4
440,Journal of the Optical Society of America A,4
441,Materials Science for Energy Technologies,4
442,Cognitive Science and Technology,4
443,International Journal of Advanced Intelligence Paradigms,4
444,Journal of Micromechanics and Microengineering,4
445,International Journal for Numerical and Analytical Methods in Geomechanics,4
446,The International Journal of Acoustics and Vibration,4
447,Information Processing Letters,4
448,International Journal of Business Intelligence and Data Mining,4
449,International Journal of Materials Research (formerly Zeitschrift fuer Metallkunde),4
450,Journal of Photochemistry and Photobiology A: Chemistry,4
451,Laser & Photonics Review,4
452,BioNanoScience,4
453,Journal of Computational and Applied Mathematics,4
454,Monthly Notices of the Royal Astronomical Society Letters,4
455,The Journal of Organic Chemistry,4
456,Journal of Thermophysics and Heat Transfer,3
457,Journal of Transportation Engineering Part A Systems,3
458,Korean Journal of Materials Research,3
459,Journal of Asian Ceramic Societies,3
460,IEEE Transactions on Medical Imaging,3
461,International Journal of Electrochemical Science,3
462,IEEE Transactions on Microwave Theory and Techniques,3
463,IEEE Transactions on Mobile Computing,3
464,IEEE Transactions on Multimedia,3
465,Journal of Applied Remote Sensing,3
466,Microwave and Optical Technology Letters,3
467,Journal of Engineering Mechanics,3
468,Malaysian Journal of Computer Science,3
469,WSEAS TRANSACTIONS ON ELECTRONICS,3
470,IEEE Transactions on Electromagnetic Compatibility,3
471,Mathematical Research Letters,3
472,Measurement Science and Technology,3
473,Journal of Applied Crystallography,3
474,Manufacturing Letters,3
475,International Journal of Advanced Technology and Engineering Exploration,3
476,International Journal for Numerical Methods in Fluids,3
477,International Journal of Electronics and Communication Engineering,3
478,International Journal of Electronics and Telecommunications,3
479,Journal of Dynamic Systems Measurement and Control,3
480,Journal of Dynamic Behavior of Materials,3
481,Journal of Applied Electrochemistry,3
482,International Journal For Multidisciplinary Research,3
483,Light Science & Applications,3
484,Nagoya Mathematical Journal,3
485,2021 4th International Conference on Recent Trends in Computer Science and Technology (ICRTCST),3
486,International Journal of Electrical and Electronics Engineering,3
487,National Science Review,3
488,Journal of Biomaterials Applications,3
489,2025 International Conference on Advances in Modern Age Technologies for Health and Engineering Science (AMATHE),3
490,IEEE/ASME Transactions on Mechatronics,3
491,Journal of the European Mathematical Society,3
492,Journal of the Electrochemical Society,3
493,Journal of Group Theory,3
494,"2023 International Conference on Data Science, Agents &amp; Artificial Intelligence (ICDSAAI)",3
495,Journal of Green Engineering,3
496,Journal of Chemical Education,3
497,Journal of Chemical Information and Modeling,3
498,Journal of Vacuum Science & Technology B Nanotechnology and Microelectronics Materials Processing Measurement and Phenomena,3
499,Journal of environmental chemical engineering,3
500,Journal of Vibration Engineering & Technologies,3
501,Part E: Journal of Process Mechanical Engineering,3
502,2024 5th International Conference on Recent Trends in Computer Science and Technology (ICRTCST),3
503,Pattern Recognition Letters,3
504,Journal of Water Process Engineering,3
505,Physica Status Solidi (A) Applications and Materials Science,3
506,Philosophical Transactions of the Royal Society A Mathematical Physical and Engineering Sciences,3
507,2023 International Conference on Smart Systems for applications in Electrical Sciences (ICSSES),3
508,International Journal of Computer Applications in Technology,3
509,Illinois Journal of Mathematics,3
510,ACM Transactions on Architecture and Code Optimization,3
511,Journal of the Indian Academy of Wood Science,3
512,Journal of Computing and Information Science in Engineering,3
513,"Indiana Journal of Multidisciplinary Research, vol. 4, no. 3,",3
514,Journal of Computer Virology and Hacking Techniques,3
515,IEEE Transactions on Parallel and Distributed Systems,3
516,Nature Electronics,3
517,ACM Transactions on Algorithms,3
518,IEEE Transactions on Power Systems,3
519,IEEE Transactions on Quantum Engineering,3
520,Indian Journal of Physics,3
521,Journal of Turbomachinery,3
522,Journal of Fluids and Structures,3
523,Indian Journal of Cryogenics,3
524,International Journal of Communication Networks and Distributed Systems,3
525,IEEE Transactions on Smart Grid,3
526,Journal of the Institute of Mathematics of Jussieu,3
527,IEEE Transactions on Transportation Electrification,3
528,"2nd IEEE International Conference on Data Science and Network Security, ICDSNS 2024",3
529,International Journal of Computational Science and Engineering,3
530,Journal of Hazardous Toxic and Radioactive Waste,3
531,IEEE Transactions on Device and Materials Reliability,3
532,Communications in Nonlinear Science and Numerical Simulation,3
533,European Journal of Engineering and Technology Research,3
534,International Journal of Remote Sensing,3
535,Reviews of Modern Plasma Physics,3
536,Applied Physics Reviews,3
537,International Journal of Integrated Engineering,3
538,International Journal of Innovative Technology and Exploring Engineering (IJITEE),3
539,Frontiers in Optics / Laser Science,3
540,Recent Trends in Data Science and its Applications,3
541,Canadian Journal of Mathematics,3
542,Recent Advances in Computer Science and Communications,3
543,Journal of Sol-Gel Science and Technology,3
544,Journal of Magnesium and Alloys,3
545,Transactions on Electrical and Electronic Materials,3
546,Springer series in materials science,3
547,Transactions on computer systems and networks,3
548,International Journal of Science and Research Archive,3
549,International Journal of Heat and Technology,3
550,Journal of Machine and Computing,3
551,Transportation Letters,3
552,Journal of Statistical Physics,3
553,"Proceedings of the International Conference on Fluid Flow and Thermal Science, ICFFTS ...",3
554,International Journal of Research and Review,3
555,International Journal of Refractory Metals and Hard Materials,3
556,Internet Technology Letters,3
557,International Journal on Communications Antenna and Propagation (IRECAP),3
558,International Journal of Pavement Research and Technology,3
559,Electronic Materials Letters,3
560,International Journal of Numerical Methods for Heat &amp Fluid Flow,3
561,Journal of Nuclear Materials,3
562,International Journal of Vehicle Structures and Systems,3
563,The Journal of Open Source Software,3
564,Sensor Review,3
565,Australian Journal of Multi-Disciplinary Engineering,3
566,International Journal of Molecular Sciences,3
567,Engineered Science,3
568,International Journal of Modern Physics D,3
569,Materials Science and Engineering C,3
570,Australian Journal of Electrical and Electronics Engineering,3
571,International Journal of Modelling and Simulation,3
572,SIAM Journal on Imaging Sciences,3
573,Journal of Nanoparticle Research,3
574,Journal of Photochemistry and Photobiology A Chemistry,3
575,CSI Transactions on ICT,3
576,SAE International Journal of Aerospace,3
577,Tribology Letters,3
578,Journal of Mathematical Physics,3
579,AVS Quantum Science,3
580,IEEE Transactions on Biomedical Engineering,3
581,"Advances in Science, Technology &amp; Innovation",3
582,IEEE Open Journal of the Solid-State Circuits Society,3
583,Journal of King Saud University - Computer and Information Sciences,3
584,Proceedings of the Institution of Mechanical Engineers Part E Journal of Process Mechanical Engineering,3
585,Journal d Analyse Mathématique,3
586,The Applied Computational Electromagnetics Society Journal (ACES),3
587,Proceedings of the Institution of Mechanical Engineers Part J Journal of Engineering Tribology,3
588,Ain Shams Engineering Journal,3
589,The Astronomical Journal,3
590,International Journal of Scientific Research in Science and Technology,3
591,IEEE Journal on Emerging and Selected Topics in Circuits and Systems,3
592,IEEE Transactions on Antennas and Propagation,3
593,International Journal of Scientific Research in Computer Science Engineering and Information Technology,3
594,IEEE Transactions on Biomedical Circuits and Systems,3
595,Systems & Control Letters,3
596,Journal of Membrane Science,3
597,Composites science and technology,3
598,Journal of Intelligent Systems,3
599,Alexandria Engineering Journal,3
600,Coordination Chemistry Reviews,3
601,Iranian Journal of Science and Technology Transactions of Civil Engineering,3
602,Journal of Alloys and Metallurgical Systems,3
603,Vietnam Journal of Chemistry,3
604,The European Physical Journal B,3
605,Journal of Mathematical Cryptology,2
606,International Journal of Biology and Biomedical Engineering,2
607,International Journal of Structural Stability and Dynamics,2
608,Journal of vibration and acoustics,2
609,Journal of Mathematical Chemistry,2
610,Journal of Computer Science,2
611,International Journal of Radiation Oncology*Biology*Physics,2
612,"International Journal of Circuits, Systems and Signal Processing",2
613,Journal of Elasticity,2
614,Journal of Elastomers &amp; Plastics,2
615,Journal of Minerals and Materials Characterization and Engineering,2
616,"International Journal of Advanced Research in Electrical, Electronics and Instrumentation Engineering, ISSN (Print) :",2
617,International Journal of Productivity Management and Assessment Technologies,2
618,International Journal of Sustainable Engineering,2
619,Journal of Network Security Computer Networks,2
620,International Journal of Physiotherapy and Research,2
621,Journal of Electrical Engineering,2
622,Journal of Electrochemical Science and Engineering,2
623,International Journal of Scientific Research in Science Engineering and Technology,2
624,International Journal of Polymer Analysis and Characterization,2
625,Journal of Materials Science: Materials in Electronics 34 (,2
626,International Journal of Cast Metals Research,2
627,"Journal of Environmental Protection and Ecology, Scientific Bulgarian Communications, December",2
628,Journal of Field Robotics,2
629,International Journal of Self-Propagating High-Temperature Synthesis,2
630,Journal of Control and Decision,2
631,Journal of Computing in Civil Engineering,2
632,Journal of Engineering,2
633,Journal of Energy Resources Technology,2
634,International Journal of Cloud Computing,2
635,"International Journal of Sensors, Wireless Communications and Control",2
636,Journal of Modern Optics,2
637,Machine Learning Science and Technology,2
638,International Journal of Robust and Nonlinear Control,2
639,Macromolecular Bioscience,2
640,International Journal of Advanced Trends in Computer Science and Engineering,2
641,International Journal of Aeroacoustics,2
642,Journal of Medicinal Chemistry,2
643,"Journal of Mines, Metals and Fuels, 71(12):",2
644,Journal of Earth System Science,2
645,"Journal of Mines, Metals and Fuels, 71(11):",2
646,"International Journal of Advanced Trends in Computer Science and Engineering, Vol. 9, No. 3, pp",2
647,Journal of Electronic Materials 54 (,2
648,Living Reviews in Relativity,2
649,International Journal of Speech Technology,2
650,International Journal of Basic and Applied Sciences,2
651,Journal of Ecohumanism,2
652,International Journal of Autonomous and Adaptive Communications Systems,2
653,International Journal of Automotive Science And Technology,2
654,Materials Research Letters,2
655,Journal of Electronic Design Technology,2
656,Lecture Notes in Computer Science (including subseries Lecture Notes in Artificial Intelligence and Lecture Notes in Bioinformatics),2
657,"Journal of Control, Automation and Electrical Systems",2
658,Material Science Research India,2
659,Journal of Engineering Materials and Technology,2
660,Journal of Engineering Education Transformations,2
661,Journal of Crystal Growth,2
662,International Journal of Structural Engineering,2
663,Journal of Mathematical Imaging and Vision,2
664,Mapana Journal of Sciences,2
665,Letters in Applied NanoBioScience,2
666,International Journal of Applied Engineering Research,2
667,Journal of Flow Visualization and Image Processing,2
668,Journal of Industrial and Engineering Chemistry,2
669,Journal of Non-Equilibrium Thermodynamics,2
670,Japanese Journal of Applied Physics,2
671,Journal of High Energy Astrophysics,2
672,Journal of Astronomical Instrumentation,2
673,Journal of Interconnection Networks,2
674,Journal of Sustainable Cement-Based Materials,2
675,International Journal of Geotechnical Earthquake Engineering,2
676,Journal of Structural Chemistry,2
677,"International Journal of Human Computation & Intellegence, Vol 03, Issue 01, PP 299-308, Jan/Feb",2
678,Journal of Hazardous Materials Advances,2
679,Journal of Spectral Theory,2
680,Journal of Biomedical Optics,2
681,International Transactions on Electrical Energy Systems,2
682,"Journal of Harbin Engineering University, ISSN:",2
683,Journal of Simulation,2
684,International Journal of Industrial and Systems Engineering,2
685,Journal of Scientific Computing,2
686,International Journal of Innovation and Technology Management,2
687,International Journal of Electrical Power & Energy Systems,2
688,Journal of Sustainable Metallurgy,2
689,Journal of Intelligent Material Systems and Structures,2
690,Journal of Raman Spectroscopy,2
691,Journal Européen des Systèmes Automatisés,2
692,Journal of Industrial Textiles,2
693,Journal of The Royal Society Interface,2
694,"International Journal of Engineering Research & Technology (IJERT),ISSN:",2
695,Journal of Information and Optimization Sciences,2
696,Journal of Aerospace Engineering,2
697,Journal of Applied Mathematics Statistics and Informatics,2
698,Journal of Instrumentation,2
699,Journal of Applied Mathematics and Computing,2
700,Journal of Transport Geography,2
701,Journal of Hydrology,2
702,Journal of Advanced Manufacturing Systems,2
703,International Journal of Electronics,2
704,Journal of Integrated Science and Technology,2
705,Journal of Adhesion Science and Technology,2
706,International Journal of Engineering Trends and Technology,2
707,Journal für die reine und angewandte Mathematik (Crelles Journal),2
708,Journal of Intelligent & Robotic Systems,2
709,International Journal of Innovations & Advancement in Computer Science,2
710,Journal of Breath Research,2
711,Journal of Non-Newtonian Fluid Mechanics,2
712,International Journal of Computers and Applications,2
713,Journal of the Air Transport Research Society,2
714,Journal of Functional Biomaterials,2
715,International Journal of Mathematical Engineering and Management Sciences,2
716,International Journal of Wireless and Mobile Computing,2
717,International Journal of Mechanics and Materials in Design,2
718,International Journal of Engineering,2
719,Journal of the Franklin Institute,2
720,Journal of Peridynamics and Nonlocal Modeling,2
721,Journal of Composites Science,2
722,Journal of Computational Chemistry,2
723,Journal of Organometallic Chemistry,2
724,International Journal of Nanotechnology,2
725,Journal of Operator Theory,2
726,International Journal of Communication Networks and Information Security (IJCNIS),2
727,International Journal of Combinatorial Graph Theory and Applications,2
728,"International Journal of Numerical Modelling: Electronic Networks, Devices and Fields",2
729,Journal of Computational and Nonlinear Dynamics,2
730,Journal of the ACM,2
731,Journal of Cleaner Production,2
732,Journal of Quantitative Spectroscopy and Radiative Transfer,2
733,International Journal of Computing and Digital Systems,2
734,International Research Journal on Advanced Engineering and Management (IRJAEM),2
735,Journal of Graph Theory,2
736,Journal of Process Mechanical Engineering-Part E,2
737,Journal of Power Electronics and Devices,2
738,International Journal of Critical Infrastructures,2
739,Journal of Polymer Research,2
740,Journal of Vibration and Control,2
741,International Journal of Intelligent Enterprise,2
742,International Journal of Interactive Mobile Technologies (iJIM),2
743,Journal of Physics Materials,2
744,International Materials Reviews,2
745,International Journal on Smart Sensing and Intelligent Systems,2
746,International Journal on Semantic Web and Information Systems,2
747,Journal of Water Resources Planning and Management,2
748,"International Journal of Control, Automation and Systems",2
749,International Journal of Control and Automation,2
750,International Journal of Machine Tools and Manufacture,2
751,"International Journal of Scientific Research in Computer Science, Engineering and Information Technology",2
752,Journal of Electrical Systems,2
753,Materials Science and Engineering: B,2
754,2025 5th International Conference on Trends in Material Science and Inventive Materials (ICTMIM),2
755,IEEE Journal of Solid-State Circuits,2
756,IEEE Journal of Selected Topics in Quantum Electronics,2
757,Turkish World Mathematical Society Journal of Applied and Engineering Mathematics,2
758,Turkish Journal of Physiotherapy and Rehabilitation; 32(2):,2
759,Advanced International Journal for Research,2
760,Advanced sciences and technologies for security applications,2
761,IEEE Journal of Selected Topics in Applied Earth Observations and Remote Sensing,2
762,IEEE Journal of Quantum Electronics,2
763,"Advances in Geo-Science and Geo-Structures: Select Proceedings of GSGS 2020 …, 2021",2
764,Advances in Mathematics: Scientific Journal,2
765,"Advances in Science, Technology & Innovation/Advances in science, technology & innovation",2
766,Progress In Electromagnetics Research Letters,2
767,Progress in Engineering Science,2
768,IACR Transactions on Cryptographic Hardware and Embedded Systems,2
769,H2Open Journal,2
770,"Grenze International Journal of Engineering and Technology, June Issue",2
771,American Journal of Physics,2
772,Amrit Research Journal,2
773,Analytical Chemistry Letters,2
774,Transportation Research Part E Logistics and Transportation Review,2
775,Georgian Mathematical Journal,2
776,Transport and Telecommunication Journal,2
777,Transactions on Computer Systems and Networks,2
778,Frontiers in Quantum Science and Technology,2
779,Remote Sensing in Earth Systems Sciences,2
780,Design Science,2
781,Proceedings of the Institution of Mechanical Engineers Part I Journal of Systems and Control Engineering,2
782,IEEE Microwave and Wireless Components Letters,2
783,Wiley Interdisciplinary Reviews Energy and Environment,2
784,ZAMM - Journal of Applied Mathematics and Mechanics / Zeitschrift für Angewandte Mathematik und Mechanik,2
785,ACM Transactions on Accessible Computing,2
786,IGARSS 2022 - 2022 IEEE International Geoscience and Remote Sensing Symposium,2
787,Physics and Chemistry of Glasses European Journal of Glass Science and Technology Part B,2
788,IEEE Transactions on Semiconductor Manufacturing,2
789,IEEE Transactions on Robotics,2
790,Plasma Sources Science and Technology,2
791,Power Research - A Journal of CPRI,2
792,IEEE Transactions on Information Forensics and Security,2
793,IEEE Transactions on Industrial Informatics,2
794,IEEE Transactions on Evolutionary Computation,2
795,Wiley Interdisciplinary Reviews Data Mining and Knowledge Discovery,2
796,IEEE Open Journal of Power Electronics,2
797,ACS Macro Letters,2
798,IEEE Transactions on Cybernetics,2
799,IEEE Transactions on Consumer Electronics,2
800,IEEE Transactions on Cloud Computing,2
801,IEEE Transactions on Circuits and Systems for Video Technology,2
802,ASIAN JOURNAL OF CONVERGENCE IN TECHNOLOGY,2
803,Vadose Zone Journal,2
804,IEEE Transactions on Audio Speech and Language Processing,2
805,IEEE Systems Journal,2
806,IEEE Photonics Journal,2
807,Proceedings of the Institution of Mechanical Engineers Part B Journal of Engineering Manufacture,2
808,Frontiers in Optics + Laser Science APS/DLS,2
809,"Frontiers in Optics + Laser Science 2025 (FiO, LS)",2
810,"Frontiers in Optics + Laser Science 2024 (FiO, LS)",2
811,The European Physical Journal Applied Physics,2
812,CIRP journal of manufacturing science and technology,2
813,Canadian Geotechnical Journal,2
814,Emission Control Science and Technology,2
815,Science,2
816,Carbon letters,2
817,Catalysis Letters,2
818,Electrochemical Science Advances,2
819,International Journal of Advanced Research in Computer Science,2
820,Cell Reports Physical Science,2
821,Scientific Annals of Computer Science,2
822,EURASIP Journal on Audio Speech and Music Processing,2
823,Civil Engineering Journal,2
824,Bulletin of the Malaysian Mathematical Sciences Society,2
825,"ECTI Transactions on Electrical Engineering, Electronics, and Communications",2
826,Cloud Computing and Data Science,2
827,The Eurasia Proceedings of Science Technology Engineering and Mathematics,2
828,EAI Endorsed Transactions on Pervasive Health and Technology,2
829,Combustion Science and Technology,2
830,Composites Science and Technology,2
831,The Aeronautical Journal,2
832,Corrosion Reviews,2
833,Duke Mathematical Journal,2
834,Critical reviews in solid state and materials sciences/CRC critical reviews in solid state and materials sciences,2
835,Current Opinion in Solid State and Materials Science,2
836,SSRG International Journal of Electronics and Communication Engineering,2
837,Energy & Environmental Science,2
838,Frontiers in Optics + Laser Science 2021,2
839,SAE International Journal of Advances and Current Practices in Mobility,2
840,Annual Reviews in Control,2
841,Frontiers in Molecular Biosciences,2
842,Applied Surface Science Advances,2
843,The Science of The Total Environment,2
844,The Open Civil Engineering Journal,2
845,Fire Safety Journal,2
846,FME Transactions,2
847,Royal Society Open Science,2
848,Rupkatha Journal on Interdisciplinary Studies in Humanities,2
849,Asian Journal of Convergence in Technology,2
850,The Journal of Supercritical Fluids,2
851,SAE International Journal of Passenger Vehicle Systems,2
852,Brazilian Journal of Physics,2
853,European Journal of Medicinal Chemistry,2
854,European Journal of Mechanics - B/Fluids,2
855,SIAM Journal on Control and Optimization,2
856,SIAM Journal on Numerical Analysis,2
857,European Journal of Electrical Engineering and Computer Science,2
858,The Journal of Adhesion,2
859,Biotechnology Letters,2
860,European Journal of Control,2
861,European Journal of Combinatorics,2
862,European Journal of Applied Science Engineering and Technology,2
863,Brazilian Journal of Development,2
864,"5th International Conference on Recent Trends in Computer Science and Technology, ICRTCST 2024 - Proceedings",2
865,Design science and innovation,2
866,2025 3rd International Conference on Smart Systems for applications in Electrical Sciences (ICSSES),2
867,Nature Reviews Physics,2
868,"2022 Second International Conference on Computer Science, Engineering and Applications (ICCSEA)",2
869,iScience,2
870,Microgravity Science and Technology,2
871,Microelectronics Journal,2
872,i-manager’s Journal on Future Engineering and Technology,2
873,2023 International Conference on Computer Science and Emerging Technologies (CSET),2
874,"2023 International Conference on Data Science and Network Security, ICDSNS 2023",2
875,International Journal for Computational Methods in Engineering Science and Mechanics,2
876,Imaging Science Journal,2
877,2023 International Conference on Recent Advances in Science and Engineering Technology (ICRASET),2
878,ITU Journal on Future and Evolving Technologies,2
879,Optoelectronics Letters,2
880,"International Journal for Research Trends and Innovation, Paper ID: IJRTI",2
881,International Journal for Research in Applied Science & Engineering Technology (IJRASET) ISSN:,2
882,"2023 International Conference on Recent Advances in Science and Engineering Technology (ICRASET), B G NAGARA, India,",2
883,Indian Journal of Chemical Technology,2
884,2019 IEEE Bombay Section Signature Conference (IBSSC),2
885,2024 8th International Conference on Robotics and Automation Sciences (ICRAS),2
886,"2019 International Conference on Data Science and Communication, IconDSC 2019",2
887,2021 IEEE Bombay Section Signature Conference (IBSSC),2
888,2020 URSI Regional Conference on Radio Science ( URSI-RCRS),2
889,Information Sciences,2
890,Int. J. of Aquatic Science,2
891,2020 International Conference on Advanced Computer Science and Information Systems (ICACSIS),2
892,"2022 12th International Conference on Cloud Computing, Data Science &amp; Engineering (Confluence)",2
893,Nanoscience &amp; Nanotechnology-Asia,2
894,"Internal Journal of Novel, Research and Development (IJNRD), Volume 10, Issue 1 ISSN:",2
895,International Conference on Current Research Trends in Engineering Science and Management,2
896,"International Conference on Emerging Technologies in Computer Science, ICETCS-",2
897,2020 IEEE International Conference on Plasma Science (ICOPS),2
898,Modern Physics Letters B,2
899,Nature Nanotechnology,2
900,Indian Journal of Neurosurgery,2
901,Indian Journal of Engineering and Materials Sciences,2
902,2024 2nd International Conference on Emerging Trends in Engineering and Medical Sciences (ICETEMS),2
903,Indonesian Journal of Electrical Engineering and Informatics (IJEEI),2
904,International Journal of Advanced Manufacturing Technology,2
905,physica status solidi (RRL) - Rapid Research Letters,2
906,Metal Science and Heat Treatment,2
907,2024 Second International Conference on Data Science and Information System (ICDSIS),2
908,"2024 International Conference on Advances in Computing Research on Science Engineering and Technology, ACROSET 2024",2
909,International Journal of Ad Hoc and Ubiquitous Computing,2
910,"presented and published in proceedings of National Conference on Science, Engineering and Management-NCSEM 2k19, TOCE, May 8-9th,",2
911,"2024 International Conference on Emerging Technologies in Computer Science for Interdisciplinary Applications (ICETCS), Bengaluru, India,",2
912,Journal of Mining and Metallurgy Section B Metallurgy,1
913,The Journal of The Textile Institute,1
914,Journal of Engineering Mathematics,1
915,Journal of Modeling and Simulation of Materials,1
916,The Journal of Solid Waste Technology and Management,1
917,The Journal of the Astronautical Sciences,1
918,"Journal of Materials Chemistry B 10 (41), 8462-8477, 2022",1
919,"Springer Nature- Computer Science 1 , 159(2020), https://doi.org/10.1007/s42979-020-00161-8",1
920,"in International Research Journal Of Modernization In Engineering Technology And Science (IRJMETS), Volume 4, Issue 12, December",1
921,in the Journal of Engineering Education Transformations,1
922,"The international archives of the photogrammetry, remote sensing and spatial information sciences/International archives of the photogrammetry, remote sensing and spatial information sciences",1
923,Journal of Materials Research,1
924,"The Journal of the Indian Mathematical Society, Volume 88, Issue 1-2, 08-22, 2021",1
925,"The Journal of Engineering, IET, pp 1-7, July",1
926,The Journal of Chemical Thermodynamics,1
927,"in International Research Journal of Modernization in Engineering Technology and Science, Volume:05, Issue:07, July-",1
928,Journal of Materials Science Composites,1
929,"Journal of Mines, Metals and Fuels, Dec.",1
930,Stem Cells Translational Medicine,1
931,The Journal of Analysis,1
932,Journal of Materials Science Materials in Engineering,1
933,"The Journal of Engineering-IET, Wiley Publication",1
934,Journal of Molecular Graphics and Modelling,1
935,The Lancet,1
936,The Scientific World JOURNAL,1
937,"in International Journal of Innovative Research in Computer and Communication Engineering, Volume 8, Issue 7, July",1
938,Transactions of Kremenchuk Mykhailo Ostrohradskyi National University,1
939,"Journal of Engineering, Design and Technology",1
940,"in International Journal of Safety and Security Engineering,",1
941,"in International Journal of Vehicle Information and Communication Systems, Inderscience Publications, Vol. 6, No. 3-4pp 251-273.(Scopus Indexed Journal)",1
942,Space Science Reviews,1
943,Journal of Management in Engineering,1
944,Journal of Manufacturing Engineering,1
945,"Journal of Molecular Liquids (Elsevier), 353, 118731",1
946,"The journal of the Indian Mathematical Society, 2019 (Online available)",1
947,Springer Nature Journal,1
948,"Journal of Engineering Education Transformations, Volume 34, January",1
949,Journal of Engineering and Applied Sciences,1
950,Journal of Marine Engineering &amp; Technology,1
951,Journal of Marine Science and Engineering,1
952,"Journal of Material Science: Materials in Electronics, 36:1470",1
953,Journal of Engineering and Applied Science,1
954,The Review of Contemporary Scientific and Academic Studies,1
955,The Quarterly Journal of Mechanics and Applied Mathematics,1
956,"The Pharma Innovation Journal 11 (3), 85-90, 2022",1
957,"Journal of Engineering Science & Technology Review, Vol.14, Issue 1",1
958,The National Medical Journal of India,1
959,"in Journal of Environmental Protection and Ecology,",1
960,Journal of Electroceramics,1
961,"Journal of Engineering Education Transformations , Volume 34 , No. 2, October",1
962,Superconductor Science and Technology,1
963,The Indonesian Journal of Computer Science,1
964,is published in Journal of Machine and Computing Jan,1
965,Journal of Metals Materials and Minerals,1
966,"in a Journal named “International Journal of Computer Science and Engineering (IJCSE) Volume 7, Special Issue 16, May",1
967,"in “Engineering, Technology & Applied Science Research”, Vol. 15, No. 6,",1
968,"in the ""Journal of Communication Engineering and its Innovations"", Volume 6, Issue 3,PP 1-10, October",1
969,"The IUP Journal of Electrical and Electronics Engineering, April",1
970,"in the journal of Wireless Communications and Mobile Computing, vol.",1
971,Journal of Mathematical Sciences & Computational Mathematics,1
972,Journal of Mathematics and Music,1
973,"in the international journal of Special Topics & Reviews in Porous Media, Vol 9, issue 4, pp-143-154, January",1
974,in the 7th international conference on “Space Science & Communication (IconSpace,1
975,Journal of Mechanical Design,1
976,Journal of Mechanical Science and Technology,1
977,"Journal of Membrane Science 600, 117854, 2020",1
978,"in the Journal of Intelligent & Fuzzy Systems vol. 40, no. 4,",1
979,"in the International Journal of Management, Engineering, and Technology, Vol. - 1, No. 1,",1
980,Journal of Medical Imaging and Health Informatics,1
981,"The European Physical Journal Plus, 137/1, 13-Jan",1
982,Journal of Medical Physics,1
983,The European Physical Journal E,1
984,Journal of Electronics Electromedical Engineering and Medical Informatics,1
985,Journal of Micro/Nanolithography MEMS and MOEMS,1
986,"nternational Journal of Wavelets, Multiresolution and Information Processing",1
987,Surface Science,1
988,The European Physical Journal D,1
989,in SSRG International Journal of Electrical and Electronics Engineering Published 20 January,1
990,in SSRG International Journal of Electrical and Electronics Engineering Published 30 September,1
991,"The International journal of Analytical and Experimental Modal Analysis, Vol 11, Issue 8,",1
992,"Suraj Punj Journal For Multidisciplinary Research,Volume 9, Issue 4, March",1
993,Journal of Engineering (United Kingdom),1
994,in SSRG International Journal of Electrical and Electronics Engineering Published 31 December,1
995,"in WSEAS TRANSACTION on ELECTRONICS, VOL 13,",1
996,Journal of Materials Science: Materials in Engineering,1
997,"TRANSACTIONS OF THE INDIAN CERAMIC SOCIETY, 83, 215-220",1
998,"Journal of Microelectronics, Electronic Components and Materials, Informacije MIDEM Vol. 51, No. 2,",1
999,Journal of Microscopy,1
1000,Journal of Materials and Engineering,1
1001,"The International journal of Analytical and Experimental Modal Analysis, Vol 11, Issue 7,",1
1002,The International Journal of Robotics Research,1
1003,Journal of Electronics and Informatics,1
1004,"The Indonesian Journal of Electrical Engineering and Computer Science (a Scopus indexed journal) (IJEECS), ISSN: 2502-4760",1
1005,Journal of Environmental Management,1
1006,"The Indonesian Journal of Electrical Engineering and Computer Science (IJEECS), Vol.33, No.2, February2024, pp. 1205-1215",1
1007,The Astrophysical Journal Supplement Series,1
1008,"in WSEAS TRANSACTIONS on ELECTRONICS, Volume 15,",1
1009,"Journal of Luminescence, 286, 121368",1
1010,Transactions of Nonferrous Metals Society of China,1
1011,WSEAS TRANSACTIONS ON SYSTEMS AND CONTROL,1
1012,Wiley Interdisciplinary Reviews Nanomedicine and Nanobiotechnology,1
1013,i-manager’s Journal on Civil Engineering,1
1014,Journal of Hydrology Regional Studies,1
1015,Journal of Global Information Technology Management,1
1016,Journal of Geophysical Research Planets,1
1017,Journal of Geometry and Physics,1
1018,Journal of ICT Research and Applications,1
1019,Water science and technology library,1
1020,"Journal of ICT Research and Applications, December",1
1021,Water Conservation Science and Engineering,1
1022,i-manager’s Journal on Electrical Engineering,1
1023,"Journal of ICT Research and Applications, Vol. 17 No. 2, September",1
1024,Vikalpa The Journal for Decision Makers,1
1025,"i-manager's Journal on Software Engineering, 13(3), 39-45, March,",1
1026,Journal of Informatics and Mathematical Sciences,1
1027,Journal of Fusion Energy,1
1028,"Vidhyayana, An International Multidisciplinary Peer-Reviewed E-Journal, Volume 10, Special Issue 3, February",1
1029,Journal of Information &amp; Knowledge Management,1
1030,Journal of Information Policy,1
1031,"VTU Journal of Engineering Sciences and Management, Vol: 1, No: 4, 24-30, 2019",1
1032,Journal of Information Security and Applications,1
1033,"Utilizing ict for didactics of social and experimental sciences, 187-216, 2025",1
1034,"Journal of Information Systems Engineering and Management, Vol. 10 No. 47s (",1
1035,Journal of Information Technology Teaching Cases,1
1036,Journal of Information Technology and Digital World,1
1037,Ukrainian Journal of Physics,1
1038,"Journal of Huazhong University of Science and Technology,Vo.50, Issue 5,",1
1039,i-manager's Journal on Power Systems Engineering,1
1040,iScience Notes,1
1041,"has been published in International Journal of Information Technology, Springer Nature",1
1042,Journal of Hand and Microsurgery,1
1043,e-Journal of Surface Science and Nanotechnology,1
1044,at the 10th IEEE Asia-Pacific Conference on Computer Science and Data Engineering(IEEE-CSDE,1
1045,"at MDPI Applied Sciences, Web of Science Indexed (Q2), 12th December,",1
1046,at International Conference on Mathematical Methods and Models in Biosciences and Young Scientists School-BIOMATH19 held during 16th -22nd June,1
1047,"Zeichen Journal, ISSN:",1
1048,has been published in International Journal of Engineering Trends and Technology (IJETT- Scopus Indexed) – Special Issues - ICT,1
1049,"ZAMM‐Journal of Applied Mathematics and Mechanics (Wiley), e2021005 26",1
1050,"Journal of Heat Transfer, 142(2), 22701-9, 2020",1
1051,"Journal of Heat Transfer, Volume 143, 041802-1, 2021",1
1052,"ZAMM‐Journal of Applied Mathematics and Mechanics (Wiley), 102(11)",1
1053,World Scientific Annual Review of Artificial Intelligence,1
1054,"World Review of Science, Technology and Sustainable Development",1
1055,Wind energy science,1
1056,World Journal of Engineering and Technology,1
1057,Journal of High Speed Networks,1
1058,Journal of High-Frequency Communication Technologies,1
1059,"Journal of Huazhong University of Science and Technology 1671, 4512, 2022",1
1060,"Journal of Huazhong University of Science and Technology, Vol 50, issue 4, pp 1-8, , April",1
1061,"Journal of Huazhong University of Science and Technology, Volume 50, Issue 9 , July –",1
1062,"Journal of Huazhong University of Science and Technology, Volume 50, Issuse 10, PID:HST-",1
1063,World Journal of Engineering,1
1064,"has been published in International Journal of Security and Its Applications (IJSIA), ISSN:",1
1065,World Journal of Advanced Engineering Technology and Sciences,1
1066,World Conference on Information Systems for Business Management (pp. 277-286). Singapore: Springer Nature Singapore,1
1067,"Journal of Huazhong University of Science and Technology, Volume 50,Issue 04, April-",1
1068,Journal of Function Spaces,1
1069,Journal of Food Composition and Analysis,1
1070,Transactions of the Association for Computational Linguistics,1
1071,Tsinghua Science and Technology,1
1072,"in International Journal for Research in Applied Science and Engineering Technology, Jan",1
1073,Journal of International Crisis and Risk Communication Research,1
1074,Journal of Internet Services and Information Security,1
1075,Journal of Ionic Liquids,1
1076,"in International Journal of Advanced computer science and applications, Vol.14, No.9, Sep 30,",1
1077,"Journal of King Saud University - Computer and Information Sciences, Volume34(Issue6)Pages, p.3713To – 3721 DOI https://doi.org/10.1016/j.jksuci.2020.08.014",1
1078,Journal of Librarianship and Information Science,1
1079,Journal of Library Development,1
1080,"Turkish Journal of Computer and Mathematics Education 12 (12), 1903-1908, 2021",1
1081,"Turkish Journal of Computer and Mathematics Education 12 (10), 2758-2762, 2021",1
1082,"Journal of Lightwave Technology 42 (23), 8076-8085, 2024",1
1083,Journal of Liposome Research,1
1084,Journal of Logic and Computation,1
1085,"Turkish Journal of Computer and Mathematics Education 12 (12), 3149-3156, 2021",1
1086,"Journal of Low Frequency Noise, Vibration and Active Control",1
1087,Tribologia - Finnish Journal of Tribology,1
1088,Trends in Pharmacological Sciences,1
1089,"in International Journal of Electronics , publisher Taylor and Francis, https://doi.org/10.",1
1090,"has been published in Degres Journal, ISSN:",1
1091,Journal of Eye Movement Research,1
1092,Journal of Equine Veterinary Science,1
1093,Transactions on computational science and computational intelligence,1
1094,"Journal of Macromolecular Science, Part B",1
1095,Journal of Magnetic Resonance Open,1
1096,Transactions of the London Mathematical Society,1
1097,Journal of Magnetism and Magnetic Materials 562 (,1
1098,Journal of Fluids Engineering,1
1099,"in International Journal for Research Trends and Innovation, IJRTI, Volume:09,Issue:05,May",1
1100,"in CFD Letters 15, Issue 11(",1
1101,"Turkish Journal of Computer and Mathematics Education 12 (7), 1659-1668, 2021",1
1102,"in EMITTER International Journal of Engineering Technology, ISSN:",1
1103,Journal of Innovation & Knowledge,1
1104,Journal of Innovative Image Processing,1
1105,Journal of Fluorescence,1
1106,"in IEEE Sensors Journal, vol. 20, no. 15,",1
1107,Journal of Inorganic and Organometallic Polymers and Materials (,1
1108,"Turkish Journal of Computer and Mathematics Education Vol 12 (11), 4604-4609, 2021",1
1109,"Turkish Journal of Computer and Mathematics Education 12 (9), 2747-2751, 2021",1
1110,"in IEEE Systems Journal, vol. 14, no. 1,",1
1111,"in INTERNATIONAL JOURNAL FOR RESEARCH TRENDS AND INNOVATION, IJRTI, Volume:09,Issue:05,May",1
1112,"Turkish Journal of Computer and Mathematics Education 12 (9), 195-202, 2021",1
1113,"Turkish Journal of Computer and Mathematics Education 12 (8), 2053-2071, 2021",1
1114,"Journal of Integrated Science and Technology, ScienceIn Publishing",1
1115,"Journal of Intelligent and Fuzzy Systems, IOS Press",1
1116,Journal of Intelligent & Fuzzy Systems,1
1117,"Turkish Journal of Computer and Mathematics Education 12 (7), 1651-1658, 2021",1
1118,"Turkish Journal of Computer and Mathematics Education 12 (5), 1406-1413, 2021",1
1119,"in INTERNATIONAL JOURNAL OF PROGRESSIVE RESEARCH IN ENGINEERING MANAGEMENT AND SCIENCE (IJPREMS), Vol 03, Issue 07, July",1
1120,"Turkish Journal of Computer and Mathematics Education 12 (3), 3437-3443, 2021",1
1121,Journal of Intelligent Manufacturing,1
1122,"in INTERNATIONAL JOURNAL OF PROGRESSIVE RESEARCH IN ENGINEERING MANAGEMENT AND SCIENCE (IJPREMS), Vol. 03, Issue 07, July",1
1123,"Turkish Journal of Computer and Mathematics Education 12 (2), 2397-2403, 2021",1
1124,"in International Journal Computer Network and Information Security Published Online on December 8,",1
1125,"Turkish Journal of Computer and Mathematics Education 12 (2), 1140-1146, 2021",1
1126,"Turkish Journal of Computer and Mathematics Education 12 (1S), 663-670, 2021",1
1127,Journal of Intelligent and Fuzzy Systems,1
1128,U.Porto Journal of Engineering,1
1129,Science and Culture,1
1130,Journal of Molecular Structure 1262 (2022) 132971,1
1131,"Journal of Molecular Structure 1264, 133224, 2022",1
1132,"Part E: Journal of Process Mechanical Engineering, 237(4)",1
1133,"Journal of Xidian University, vol. 18, no. 1, Page No: 64 – 73 Jan.",1
1134,"Journal of Xidian University, ISSN No:",1
1135,"Journal of Xidian University, 14 (5), 5449-5460, 2020",1
1136,"Journal of Xidian University, 14 (5), 4620-4627, 2020",1
1137,"Journal of Xidian University, 14 (5), 3311-3322, 2020",1
1138,"Journal of Wireless Mobile Networks, Ubiquitous Computing, and Dependable Applications",1
1139,Pedagogical Review,1
1140,PeerJ Computer Science,1
1141,Pertanika Journal of Science and Technology,1
1142,Pertanika journal of science & technology,1
1143,Journal of Water Management Modeling.,1
1144,Journal of Visualized Experiments,1
1145,Philosophical Transactions of the Royal Society B Biological Sciences,1
1146,"Physica Scripta (IOP Science), 97(8), 85220",1
1147,Parichart Journal Thaksin University,1
1148,Palestine Journal of Mathematics (Accepted),1
1149,"Palarch’s Journal of Archaeology of Egypt/Egyptology 18, 1-14, 2021",1
1150,Journal of the Association for Information Systems,1
1151,Journal of the Energy Institute,1
1152,Oxford Open Materials Science,1
1153,PFG – Journal of Photogrammetry Remote Sensing and Geoinformation Science,1
1154,"PURUSHARTHA-A journal of Management, Ethics and Spirituality 13 (2), 52-62, 2020",1
1155,Journal of the Bombay Natural History Society (JBNHS),1
1156,Journal of the Australian Ceramic Society,1
1157,Journal of the American Statistical Association,1
1158,"Journal of mines metals and fuels, 71/1, 113-120",1
1159,"PalArch's Journal of Archaeology of Egypt/Egyptology 17 (7), 9926-9941, 2020",1
1160,"Journal of the American Ceramic Society 102 (7), 4082-4091, 2019",1
1161,"PalArch's Journal of Archaeology of Egypt/Egyptology 18 (4), 3291-3296, 2021",1
1162,"PalArch's Journal of Archaeology of Egypt/Egyptology 18 (4), 5854-5859, 2021",1
1163,"PalArch’s Journal of Archaeology of Egypt/Egyptology 17 (9), 4393-4410, 2020",1
1164,Journal of physical education and public health.,1
1165,"Physical Review B 103,",1
1166,Journal of Vibration Engineering &amp; Technologies,1
1167,"Physical Review B 108,",1
1168,Journal of Theoretical Probability,1
1169,Journal of Thermal Engineering,1
1170,"Journal of Thermal Analysis and Calorimetry, 147, 14939-14951",1
1171,"Journal of Thermal Analysis and Calorimetry 143 (4), 3039-3046, 2021",1
1172,Journal of Theoretical and Computational Acoustics,1
1173,"Journal of Theoretical and Applied Information Technology, 100(23)",1
1174,Proceedings of the 2025 18th International Conference on Computer Science and Information Technology,1
1175,Proceedings of the 26th ACM Conference on Innovation and Technology in Computer Science Education V. 1,1
1176,"Proceedings of International Conference on Communication, Computer Sciences and Engineering, IC3SE 2024",1
1177,Proceedings of the 3rd ACM India Joint International Conference on Data Science &amp; Management of Data (8th ACM IKDD CODS &amp; 26th COMAD),1
1178,Proceedings of the 7th Joint International Conference on Data Science &amp; Management of Data (11th ACM IKDD CODS and 29th COMAD),1
1179,"Journal of The Institution of Engineers (India): Series B, Vol. 102, Issue 3, pp-447-454",1
1180,Journal of The Institution of Engineers (India): Series A,1
1181,Journal of The Institution of Engineers (India) Series E,1
1182,Journal of The Institution of Engineers (India) Series C,1
1183,"Proceedings of National conference on exploring the nexus:science and medical advancements,9th December",1
1184,"Proceedings of 7th International Conference on Inventive Material Science and Applications, ICIMA 2025",1
1185,Physical Review D,1
1186,Journal of Turbulence,1
1187,Journal of Vacuum Science & Technology A Vacuum Surfaces and Films,1
1188,"Journal of VLSI Design and Signal Processing,e-ISSN:",1
1189,"Journal of University of Shanghai for Science and Technology Volume 25, Issue 02, February -",1
1190,"Physics Letters, Section A: General, Atomic and Solid State Physics",1
1191,Planetary and Space Science,1
1192,Journal of Ubiquitous Computing and Communication Technologies,1
1193,Poincare Journal of Analysis and Applications,1
1194,Journal of Tissue Engineering and Regenerative Medicine,1
1195,"Polymer Science, Series B",1
1196,"Pramana - Journal of Physics, 94, (0153), 2020",1
1197,Journal of Traffic and Transportation Engineering (English Edition),1
1198,Journal of Topology and Analysis,1
1199,Journal of Topology,1
1200,"Proceedings of 5th International Conference on Trends in Material Science and Inventive Materials, ICTMIM 2025",1
1201,Oriental Journal Of Chemistry,1
1202,Organic Letters,1
1203,Open Journal of Composite Materials,1
1204,Letters in Mathematical Physics,1
1205,Mining Technology: Transactions of the Institutions of Mining and Metallurgy,1
1206,Linguistics and Culture Review,1
1207,"Journal of Electrical Systems,20-11s(",1
1208,Modelling—International Open Access Journal of Modelling in Engineering Science,1
1209,Modern Physics Letters A,1
1210,Letters on Materials,1
1211,Legume Science,1
1212,Mineral Processing and Extractive Metallurgy Transactions of the Institutions of Mining and Metallurgy,1
1213,Montenegrin Journal of Economics,1
1214,"NATO science for peace and security series. C, Environmental security",1
1215,Lecture notes in nanoscale science and technology,1
1216,Lecture notes in computational science and engineering,1
1217,"NOVYI MIR Journal, Volume 8, Issue 10, October",1
1218,Latest Advances and New Visions of Ontology in Information Science,1
1219,Mini-Reviews in Organic Chemistry,1
1220,Machine Learning and Applications: An International Journal,1
1221,Nanotechnology in the life sciences,1
1222,Mechanical sciences,1
1223,Mathematical Biosciences,1
1224,"Mathematical Sciences and Computational Intelligence"" (21st -22nd DECEMBER,",1
1225,"Materials Science & Engineering B, 321, 118555",1
1226,"Materials Science & Engineering B, 318, 118262",1
1227,Mathematical Social Sciences,1
1228,Measurement: Journal of the International Measurement Confederation,1
1229,Materials Horizons: From Nature to Nanomaterials,1
1230,Maejo International Journal of Energy and Environmental Communication,1
1231,Mechanisms and Machine Science,1
1232,Mediterranean Journal of Mathematics,1
1233,"Metallurgical and Materials Engineering, web of science Journal SCI (Q3), I.F=0.9,Vol.31, No.5,",1
1234,Malaysian Journal of Science,1
1235,Metamaterials science and technology,1
1236,Micro & Nano Letters,1
1237,Nanostructure science and technology,1
1238,Kuwait Journal of Science,1
1239,On the Horizon The International Journal of Learning Futures,1
1240,Journal of the Iranian Chemical Society,1
1241,Nature Photonics,1
1242,Journal of the London Mathematical Society,1
1243,Journal of the Knowledge Economy,1
1244,Nature Reviews Materials,1
1245,Neural Processing Letters,1
1246,"Journal of the Iranian Chemical Society, 18(2), 479-493,",1
1247,"Neural Processing Letters, vol. 54, no. 5,",1
1248,Nature Methods,1
1249,"Journal of the Indian Society of Soil Science 67 (2), 174-182, 2019",1
1250,Journal of the Indian Society of Remote Sensing,1
1251,"Neuro–Open Journal, 21-24, 2019",1
1252,"New Journal of Chemistry,",1
1253,"Journal of the Indian Chemical Society, 100.2,",1
1254,OICC Press Journals,1
1255,Journal of the Physical Society of Japan,1
1256,Journal of the Ramanujan Mathematical Society,1
1257,Kristu Jayanti Journal of Computational Sciences (KJCS),1
1258,Natural Hazards Review,1
1259,Kodai Mathematical Journal,1
1260,National Academy Science Letters,1
1261,KSII Transactions on Internet and Information Systems,1
1262,"National Geographical Journal of India 65 (4), 389-402, 2022",1
1263,"Jundishapur Journal of Microbiology Volume-15, No.1 (",1
1264,Journal on Vehicle Routing Algorithms,1
1265,Natural Language Processing Journal,1
1266,Nature Energy,1
1267,Journal of the mechanical behavior of biomedical materials/Journal of mechanical behavior of biomedical materials,1
1268,"Journal of the Taiwan Institute of Chemical Engineers 122, 98-105, 2021",1
1269,Journal of the Taiwan Institute of Chemical Engineers,1
1270,Natural hazards and earth system sciences,1
1271,Journal of the Southern African Institute of Mining and Metallurgy,1
1272,Journal of the Society of Architectural Historians,1
1273,Journal of The Institution of Engineers (India) Series B,1
1274,"Journal of The Indian Academy of Echocardiography & Cardiovascular Imaging 5 …, 2021",1
1275,Journal of Telecommunications and the Digital Economy,1
1276,"SSRG International Journal of Mechanical Engineering Volume 12 Issue 3, 28-35, March",1
1277,"SN Applied Sciences, 2, 147, 2020",1
1278,"SN Computer Science SN COMPUT. SCI. 4, 692 (2023). https://doi.org/10.1007/s42979-023-02137-w",1
1279,"SSRG International Journal of Communication and Media Science (SSRG-IJCMS) ,",1
1280,Journal of Optoelectronic and Biomedical Materials,1
1281,Journal of Optimization Theory and Applications,1
1282,SSRG International Journal of Electrical and Electronics Engineering,1
1283,Journal of Optical Microsystems,1
1284,SIAM Journal on Scientific Computing,1
1285,Sadhana - Academy Proceedings in Engineering Sciences,1
1286,Journal of Number Theory,1
1287,Journal of Novel Engineering Science and Technology,1
1288,Science China Physics Mechanics and Astronomy,1
1289,Science Robotics,1
1290,Journal of Nondestructive Evaluation Diagnostics and Prognostics of Engineering Systems,1
1291,"SN Applied Sciences 1 (2), 165, 2019",1
1292,"Journal of Pharmaceutical Negative Results,",1
1293,"Journal of Non-Crystalline Solids, 577 (",1
1294,Journal of Physical Studies,1
1295,Review of Progress in Quantitative Nondestructive Evaluation,1
1296,Journal of Physics Energy,1
1297,Russian Journal of Organic Chemistry,1
1298,Journal of Physics Communications,1
1299,Russian Physics Journal,1
1300,SADHANA-Indian Academy of science (Accepted),1
1301,SAE International Journal of Commercial Vehicles,1
1302,"Journal of Pharmaceutical Negative Results, 14, 1151-1158",1
1303,Journal of Physical Organic Chemistry,1
1304,Journal of Photonics for Energy,1
1305,SAE International journal of commercial vehicles,1
1306,"Journal of Photochemistry & Photobiology, A: Chemistry 437 (2023) 114434",1
1307,Journal of Phase Equilibria and Diffusion,1
1308,"Journal of Pharmacognosy and Phytochemistry 8 (6), 1890-1893, 2019",1
1309,Journal of Noncommutative Geometry,1
1310,Science and Technology of Welding & Joining,1
1311,"Journal of Physics: Condensed Matter 34,",1
1312,"Journal of Molecular Structure, 1329, 141366",1
1313,"Journal of Nanofluids, 616-627",1
1314,Journal of Nanofluids,1
1315,Journal of Namibian Studies : History Politics Culture,1
1316,Solar Energy and Sustainable Development Journal,1
1317,Solar-Driven Water Treatment: Re-engineering and Accelerating Nature’s Water Cycle,1
1318,Journal of Molecular and Engineering Materials,1
1319,"Songklankarin Journal of Science and Technology, 42(2), 415-423, 2020",1
1320,Solar Energy Materials and Solar Cells,1
1321,Journal of Molecular Structure 1347 (2025) 143310,1
1322,South Asia Journal of South Asian Studies,1
1323,"South East Asian J. of Mathematics and Mathematical Sciences., Vol. 21, No. 1 (",1
1324,Journal of Molecular Structure 1285 (2023) 135468,1
1325,South East Asian Journal of Mathematics and Mathematical Sciences,1
1326,"Journal of Molecular Structure 1274, 134548, 2023",1
1327,"Journal of Nanofluids, Vol. 8, no.7, 2019",1
1328,Soil Science Society of America Journal,1
1329,"Journal of Non-Crystalline Solids, 544 (",1
1330,Separation and Purification Reviews,1
1331,"Scientific Reports (Nature), 12(1), 13275",1
1332,Journal of New Materials for Electrochemical Systems,1
1333,Journal of Neuroscience,1
1334,Journal of Network and Systems Management,1
1335,Scientific and technical journal of information technologies mechanics and optics,1
1336,SeMA Journal,1
1337,Journal of Nepal Chemical Society,1
1338,Social Sciences & Humanities Open,1
1339,ShodhKosh: Journal of Visual and Performing Arts,1
1340,Journal of Navigation,1
1341,Journal of Nanotechnology,1
1342,Journal of Nanoscience and Technology,1
1343,Small Science,1
1344,Smart Science,1
1345,"Journal of Physics: Condensed Matter 33,",1
1346,"Journal of Physics: Conference Series 1767 (1), 012052, 2021",1
1347,"Journal of Telecommunication, Electronic and Computer Engineering (JTEC)",1
1348,"Psychology and Education Journal 57 (9), 6640-6651, 2020",1
1349,Progress in Agricultural Engineering Sciences,1
1350,Journal of Sports and Physical Education Studies,1
1351,Progress in Polymer Science,1
1352,Progress in molecular biology and translational science,1
1353,Progress in optical science and photonics,1
1354,Journal of Space Safety Engineering,1
1355,Journal of Solar Energy Engineering,1
1356,"Proceedings on Engineering Sciences, Volume 5, Year 2023, Pages 539-544",1
1357,"Psychology and Education Journal 57 (9), 6783-6787, 2020",1
1358,"Journal of Soil Science and Plant Nutrition 22 (3), 3958-3967, 2022",1
1359,Journal of Software Engineering and Applications,1
1360,Punjab University Journal of Mathematics,1
1361,Journal of Signal Processing Systems,1
1362,Quantitative Science Studies,1
1363,Progress in Aerospace Sciences,1
1364,Journal of Sulfur Chemistry,1
1365,Quantum Science and Technology,1
1366,Journal of Synchrotron Radiation,1
1367,"Journal of Telecommunication and Information Technology., 42-49 (",1
1368,Journal of Telecommunication Electronic and Computer Engineering (JTEC),1
1369,"Journal of Technological Advancements (JTA) 2 (1), 1-20, 2022",1
1370,"Journal of Systems Engineering and Electronics, Volume 34 Issue 07 ISSN:",1
1371,Journal of Systems Architecture,1
1372,Journal of System and Management Sciences,1
1373,Journal of Symplectic Geometry,1
1374,"Proceedings of the National Academy of Sciences, India Section B: Biological Sciences",1
1375,Proceedings of the Institution of Mechanical Engineers Part N Journal of Nanomaterials Nanoengineering and Nanosystems,1
1376,"Proceedings of the Institution of Mechanical Engineers, Part B: Journal of Engineering Manufacture",1
1377,"Proceedings of the Institution of Mechanical Engineers, Part D: Journal of Automobile Engineering",1
1378,"Proceedings of the Institution of Mechanical Engineers, Part E: Journal of Process Mechanical Engineering",1
1379,"Proceedings of the Institution of Mechanical Engineers, Part J: Journal of Engineering Tribology",1
1380,"Proceedings of the Institution of Mechanical Engineers, Part N: Journal of Nanomaterials, Nanoengineering and Nanosystems",1
1381,Journal of Sensors,1
1382,Journal of Science Advanced Materials and Devices,1
1383,"Journal of Physics: Conference Series, Volume",1
1384,Research &amp; Development in Material Science,1
1385,Journal of Process Control,1
1386,Journal of Power Electronics,1
1387,Journal of Porous Materials,1
1388,Journal of Polymers and the Environment,1
1389,Journal of Polymer Science,1
1390,"Journal of Polymer Research, 29, 2022",1
1391,Research Highlights in Science and Technology Vol. 9,1
1392,Recent Trends In Engineering and Science for Resource Optimization and Sustainable Development,1
1393,"Journal of Polymer Materials 37, 2020",1
1394,Journal of Plasma Physics,1
1395,Research Journal of Chemistry and Environment,1
1396,"Journal of Plant Nutrition and Soil Science 185 (2), 308-316, 2022",1
1397,"Research Journal of Chemistry and …, 2021",1
1398,Research in the Mathematical Sciences,1
1399,"Recent Trends in Computational Sciences - Proceedings of the 4th Annual International Conference on Data Science, Machine Learning and Blockchain Technology, AICDMB 2023",1
1400,Journal of Quantum Science and Technology.,1
1401,"Journal of Scholastic Engineering Science and Management, Volume 2, Pages 60-68",1
1402,Journal of Rheology,1
1403,Journal of Saudi Chemical Society,1
1404,RASAYAN Journal of Chemistry,1
1405,Journal of Sandwich Structures & Materials,1
1406,REVIEWS ON ADVANCED MATERIALS SCIENCE,1
1407,"Journal of SEYBOLD Report, Volume 15, Issue 7, Sl. No. 120,",1
1408,Journal of Rock Mechanics and Geotechnical Engineering,1
1409,"Journal of Research on the Lepidoptera, Volume 51, Issue 2, DOI: 10.36872/LEPI/V51I2/301127",1
1410,Journal of Radioanalytical and Nuclear Chemistry,1
1411,Journal of Research in Engineering and Applied Sciences,1
1412,RILEM Technical Letters,1
1413,Journal of Renewable and Sustainable Energy,1
1414,Radio Science,1
1415,Rasayan Journal of Chemistry,1
1416,"Journal of Radioanalytical and Nuclear Chemistry, 334:303–314",1
1417,Modeling and optimization in science and technologies,1
1418,"""Journal of Data Acquisition and Processing SCIENCE PRESS, BEIJING, CHINA""",1
1419,Journal of Electrical Systems . Dec,1
1420,IEEE International Conference on Automation Science and Engineering,1
1421,IEEE Open Journal of the Computer Society,1
1422,IEEE Open Journal of Ultrasonics Ferroelectrics and Frequency Control,1
1423,IEEE Open Journal of Signal Processing,1
1424,IEEE Open Journal of Control Systems,1
1425,IEEE Open Journal of Circuits and Systems,1
1426,IEEE Magnetics Letters,1
1427,IEEE Letters on Electromagnetic Compatibility Practice and Applications,1
1428,IEEE Journal of Radio Frequency Identification,1
1429,IEEE Journal of Oceanic Engineering,1
1430,IEEE Journal of Biomedical and Health Informatics,1
1431,"IEEE International Conference on Data Science and Information System, ICDSIS 2022",1
1432,IEEE Embedded Systems Letters,1
1433,"Hindawi Computational Intelligence and Neuroscience, Volume",1
1434,ICTACT Journal on Image and Video Processing,1
1435,ICST Transactions on e-Education and e-Learning,1
1436,ICST Transactions on Mobile Communications and Applications,1
1437,"ICCISc 2021 - 2021 International Conference on Communication, Control and Information Sciences, Proceedings",1
1438,ICCDS 2024 - International Conference on Computing and Data Science,1
1439,IBRO Neuroscience Reports,1
1440,IAES International Journal of Artificial Intelligence (IJ-AI). 12. 1270. 10.11591/ijai.v12.i3.pp1270-1280.,1
1441,"IAES International Journal of Artificial Intelligence (IJ-AI), Vol 11, No 3 http://doi.org/10.11591/ijai.v11.i3.pp1019-1025",1
1442,IAES International Journal of Artificial Intelligence,1
1443,"IAENG International Journal of Computer Science, ISSN: 1819-9224",1
1444,IACR Transactions on Symmetric Cryptology,1
1445,IEEE Open Journal of the Industrial Electronics Society,1
1446,IEEE Reviews in Biomedical Engineering,1
1447,IEEE Transactions on Automation Science and Engineering,1
1448,IEEE Transactions on Circuits and Systems I: Regular Papers,1
1449,INTERNATIONAL JOURNAL OF ADVANCES IN SIGNAL AND IMAGE SCIENCES,1
1450,"INDISCON 2024 - 5th IEEE India Council International Subsections Conference: Science, Technology and Society",1
1451,INAE Letters,1
1452,"IJSDR (International Journal of Scientific Development and Research (IJSDR)),",1
1453,IETE Technical Review,1
1454,IETE Journal of Education,1
1455,IEEE/ACM Transactions on Computational Biology and Bioinformatics,1
1456,IEEE transactions on circuits and systems for artificial intelligence.,1
1457,IEEE Transactions on Technology and Society,1
1458,IEEE Transactions on Signal and Information Processing over Networks,1
1459,IEEE Transactions on Radar Systems,1
1460,IEEE Transactions on Networking,1
1461,IEEE Transactions on Molecular Biological and Multi-Scale Communications,1
1462,IEEE Transactions on Medical Robotics and Bionics,1
1463,IEEE Transactions on Machine Learning in Communications and Networking,1
1464,IEEE Transactions on Knowledge and Data Engineering,1
1465,IEEE Transactions on Fuzzy Systems,1
1466,IEEE Transactions on Emerging Topics in Computing,1
1467,IEEE Transactions on Emerging Topics in Computational Intelligence,1
1468,"IEEE Transactions on Electron Devices, 68 (",1
1469,IEEE Transactions on Dependable and Secure Computing,1
1470,IEEE Transactions on Control Systems Technology,1
1471,"IEEE Transactions on Circuits and Systems II: Express Briefs, vol. 67, no. 10,",1
1472,"Hindawi, Computational Intelligence and Neuroscience Volume",1
1473,"Heliyon, open access journal, Elsevier Publication, vol.8, no.1, Jan",1
1474,INTERNATIONAL JOURNAL OF ELECTRICAL ENGINEERING AND TECHNOLOGY,1
1475,European Journal of Environmental and Civil engineering,1
1476,European Polymer Journal,1
1477,"European Physical Journal Plus (Springer), 138(5)",1
1478,European Journal of Theoretical and Applied Sciences,1
1479,European Journal of Physics,1
1480,European Journal of Organic Chemistry,1
1481,"European Journal of Nutrition and Food Safety 14 (12), 50-61, 2022",1
1482,European Journal of Neuroscience,1
1483,"European Journal of Molecular and Clinical Medicine 8 (1), 1769-1777, 2021",1
1484,"European Journal of Molecular & Clinical Medicine , pp",1
1485,European Journal of Mathematics,1
1486,"European Journal of Geography 13 (5), 27-44, 2022",1
1487,Environmental Science: Advances,1
1488,Health Science Reports,1
1489,Environmental Science Nano,1
1490,Environmental Research Letters,1
1491,Enhanced heat transfer/Journal of enhanced heat transfer,1
1492,"Engineering Science and Technology, an International Journal",1
1493,Encyclopedia of Polymer Science and Technology,1
1494,"Encyclopedia of Information Science and Technology, Fifth Edition, 939-949, 2021",1
1495,"Encyclopedia of Information Science and Technology, Fifth Edition, 913-923, 2021",1
1496,Encyclopedia of Earth Sciences Series,1
1497,Encyclopedia of Computational Neuroscience,1
1498,Encyclopedia of Complexity and Systems Science,1
1499,"Emperor International Journal of Finance and Management Research. Volume-05, Issue-01, January-",1
1500,"European physical journal: Special Topics, 230, 1273-1281",1
1501,Experimental Cell Research,1
1502,Extreme Mechanics Letters,1
1503,FEBS Journal,1
1504,Health Information Science,1
1505,Géotechnique Letters,1
1506,Goya Journal -ISSSN:,1
1507,Global Research and Development Journals,1
1508,Global Nest Journal,1
1509,"Global Journal of Researches in Engineering: C Chemical Engineering, Vol. 19, Issue 1, Version 1.0, 2019",1
1510,Global Journal of Earth Science and Engineering,1
1511,Geotechnical Testing Journal,1
1512,Geological Journal,1
1513,"Geetishree Mishra, Feroz Morab, Rajeshwari Hegde, Journal of Xidian University, ISSN No:",1
1514,"Geetishree Mishra, B P Swathi, Divya Shree K V , Aaditya Balakrishna, Harshitha Jampala, International journal of Intelligent Systems and Applications in Engineering, ISSN:",1
1515,Gas Science and Engineering,1
1516,"GIS Science Journal, Volume 8, Issue 8, ISSN NO:",1
1517,Future Business Journal,1
1518,"Frontiers in Plant Science 13, 920682, 2022",1
1519,"Frontiers in Plant Science 11, 564183, 2020",1
1520,"Frontiers in Optics + Laser Science 2023 (FiO, LS)",1
1521,Frontiers in Membrane Science and Technology,1
1522,Frontiers in Environmental Science,1
1523,Frontiers in Earth Science,1
1524,Frontiers in Cellular and Infection Microbiology,1
1525,Fluctuation and Noise Letters,1
1526,FME Transaction,1
1527,INTERNATIONAL JOURNAL OF ELECTRICAL ENGINEERING &amp; TECHNOLOGY,1
1528,INTERNATIONAL JOURNAL OF ENGINEERING DEVELOPMENT AND RESEARCH,1
1529,"Elsevier Journal of King Saud University - Computer and Information Sciences, 8th April",1
1530,"International Conference on Recent Advances in Science and Engineering Technology, ICRASET 2023",1
1531,International Journal for Modern Trends in Science and Technology,1
1532,"International Journal for Legal Research and Analysis. Volume: II Issue: 7, 11 July -",1
1533,"International Journal YMER (Scopus), vol 21, Issue 6, pp 132-147, June",1
1534,"International Journal Of Research In Electronics And Computer Engineering (IJRECE), Vol 8, Issue 2, June",1
1535,"International Journal Of Electrical Engineering and Technology"", Volume 12, Issue 6, June",1
1536,International Journal Of Advanced Research in Basic Engineering Sciences and Technology (IJARBEST),1
1537,International Conference on women Empowerment in Science & Technology (ICWEST 2021),1
1538,"International Conference on Smart Systems for Applications in Electrical Sciences, ICSSES 2025",1
1539,International Conference on Recent Trends in Science and Technology ICRTST-,1
1540,"International Conference on Recent Trends in Electrical, Electronics and Computer Science Engineering (ICEECS",1
1541,International Conference on Recent Advances in Science and EngineeringICRASET 2023,1
1542,International Conference on Recent Advances in Science and Engineering Technology (ICRASET) (pp. 1-5). IEEE,1
1543,Indonesian Journal of Combinatorics,1
1544,International Conference on Intelligent Systems and Sustainable Computing (pp. 125-134). Singapore: Springer Nature Singapore.,1
1545,International Conference on Human-Centric Smart Computing (pp. 333-343). Singapore: Springer Nature Singapore,1
1546,International Conference on Computational Intelligence in Machine Learning (pp. 119-131). Singapore: Springer Nature Singapore.,1
1547,International Conference on Advances in Photonics Science (ICAPS 2024),1
1548,"International Conference on Advances in Computing, Communication, Automation and Biomedical Technology (ICACCABT 2022), IOP Journal of Physics Conference Series",1
1549,"Internal Journal of Modern Physics, 2450071",1
1550,Intelligent Data Analysis: An International Journal,1
1551,"Int. Journal of Heat & Technology, Vol.41, No.2, 293-303",1
1552,Innovations in Science and Technology Vol. 7,1
1553,Informacije MIDEM - Journal of Microelectronics Electronic Components and Materials,1
1554,Indonesian Journal of Pharmaceutical and Clinical Research,1
1555,"International Journal for Research in Applied Science & Engineering Technology (IJRASET Vol 8 No.9, ISSN",1
1556,"International Journal for Research in Applied Science & Engineering Technology (IJRASET),April",1
1557,"International Journal for Research in Applied Science and Engineering Technology"" (IJRASET) Publications Volume 10 Issue VI June",1
1558,"International Journal for Research in Engineering Application & Management, vol 6, issue 8, November",1
1559,"International Journal of Advanced Science and Technology 29 (5), 7489-7500, 2020",1
1560,International Journal of Advanced Science and Engineering,1
1561,International Journal of Advanced Science Computing and Engineering,1
1562,"International Journal of Advanced Research in Science, Communication and Technology",1
1563,"International Journal of Advanced Research in Engineering and Technology (IJARET), Volume 11, Issue 12, December",1
1564,"International Journal of Advanced Research in Electrical, Electronics and Instrumentation Engineering (IJAREEIE), Volume 9, Issue 5, May",1
1565,"International Journal of Advanced Research in Computer and Communication Engineering (IJARCCE),Vol. 13, Issue 7, July",1
1566,International Journal of Advanced Research in Computer and Communication Engineering (IJARCCE),1
1567,International Journal of Advanced Operations Management,1
1568,"International Journal of Advanced Intelligence Paradigms, INDERSCIENCE, Volume 22, No 3/4, pp:416–435, July",1
1569,"International Journal of Advanced Computer Science and Applications, Vol-13, Issue-6, DOI: 10.14569/IJACSA.2022.0130636",1
1570,"International Journal of Advanced Computer Science and Applications(IJACSA), 14(10), Nov 2023",1
1571,"International Journal of Advanced Computer Science and Applications(IJACSA), 12(9),",1
1572,International Journal of Advanced Computer Science and Applications (IJACSA),1
1573,"International Journal of Advanced Computer Science and Application, Volume 13 Issue 9 DOI:10.14569/IJACSA.2022.01309111",1
1574,"International Journal of Advanced Computer Research, Vol 10(48)(SJR)",1
1575,International Journal of Advanced Chemistry,1
1576,"International Journal of Advance and Innovative Research. Volume-06, Issue 4 (I): October-December,",1
1577,International Journal of Adhesion and Adhesives,1
1578,International Journal of Adaptive Control and Signal Processing,1
1579,"International Journal of Accounting & Finance Review 13 (1), 20-34, 2022",1
1580,International Journal of AI BigData Computational and Management Studies,1
1581,"International Journal for Scientific Research & Development, Vol. 8, Issue 4, June",1
1582,"Indonesian Journal of Electrical Engineering and Computer Science, http://doi.org/10.11591/ijeecs.v26.i3.pp1502-1511",1
1583,Indiana University Mathematics Journal,1
1584,INTERNATIONAL JOURNAL OF MATHEMATICS AND COMPUTER RESEARCH,1
1585,"IOP Conference Series: Materials Science and Engineering 1091 (1), 012038, 2021",1
1586,"IOP Conference Series: Materials Science and Engineering 1168 (1), 012009, 2021",1
1587,"IOP Conference Series: Materials Science and Engineering 1168 (1), 012008, 2021",1
1588,"IOP Conference Series: Materials Science and Engineering 1166 (1), 012053, 2021",1
1589,"IOP Conference Series: Materials Science and Engineering 1166 (1), 012042, 2021",1
1590,"IOP Conference Series: Materials Science and Engineering 1166 (1), 012034, 2021",1
1591,"IOP Conference Series: Materials Science and Engineering 1136 (1), 012050, 2021",1
1592,"IOP Conference Series: Materials Science and Engineering 1131 (1), 012007, 2021",1
1593,"IOP Conference Series: Materials Science and Engineering 1131 (1), 012003, 2021",1
1594,"IOP Conference Series: Materials Science and Engineering 1131 (1), 012002, 2021",1
1595,"IOP Conference Series: Materials Science and Engineering 1091 (1), 012074, 2021",1
1596,"IOP Conference Series: Materials Science and Engineering 1091 (1), 012042, 2021",1
1597,"IOP Conference Series: Materials Science and Engineering 1091 (1), 012036, 2021",1
1598,Indian Science Cruiser,1
1599,"IOP Conference Series: Materials Science and Engineering 1091 (1), 012017, 2021",1
1600,"IOP Conference Series: Materials Science and Engineering 1070 (1), 012098, 2021",1
1601,"IOP Conference Series: Materials Science and Engineering 1070 (1), 012091, 2021",1
1602,"IOP Conference Series: Materials Science and Engineering 1012 (1), 012055, 2021",1
1603,"IOP Conference Series: Earth and Environmental Science 573 (1), 012039, 2020",1
1604,IOP Conf. Series: Materials Science and Engineering 925 (2020) 012054,1
1605,"INTL. JOURNAL OF ELECTRONICS AND TELECOMMUNICATIONS,",1
1606,"INTERNATIONAL JOURNAL OF SCIENTIFIC RESEARCH IN ENGINEERING AND MANAGEMENT, Vol 09,Issue 02,ISSN:",1
1607,INTERNATIONAL JOURNAL OF SCIENTIFIC RESEARCH IN ENGINEERING AND MANAGEMENT,1
1608,INTERNATIONAL JOURNAL OF RESEARCH IN ENGINEERING & SCIENCE,1
1609,"INTERNATIONAL JOURNAL OF RESEARCH AND ANALYTICAL REVIEWS, Volume 9, Issue 3,E-ISSN 2348-1269, P- ISSN 2349-5138",1
1610,"IOP Conference Series: Materials Science and Engineering 1168 (1), 012024, 2021",1
1611,"IOP Conference Series: Materials Science and Engineering 1197 (1), 012032, 2021",1
1612,"IOP Conference series: materials science and engineering 1131 (1), 012017, 2021",1
1613,ISA Transactions,1
1614,"Indian Journal of Technical Education, Vol. 46, No. 4, pp 202 – 215, ISSN",1
1615,"Indian Journal of Science and Technology 12, 2, 2019",1
1616,"Indian Journal of Research in Capital Markets, 29-39, 2019",1
1617,"Indian Journal of Research in Capital Markets, 20-35, 2019",1
1618,Indian Journal of Pure and Applied Physics,1
1619,"Indian Journal of Physics, 1-10, 2021",1
1620,Indian Journal of Pharmaceutical Education and Research,1
1621,"Indian Journal of Law and Legal Research. Volume IV Issue IV, 23rd August, Page:",1
1622,"Indian Journal of Genetics and Plant Breeding 79 (Sup-01), 292-299, 2019",1
1623,Indian Journal of Community Medicine,1
1624,Indian Journal of Chemistry,1
1625,Indian Journal of Biochemistry and Biophysics,1
1626,"Indian Journal of Agricultural Sciences 92 (8), 996-1000, 2022",1
1627,"Indian Journal of Agricultural Sciences 89 (1), 46-55, 2019",1
1628,"Indian Journal Of Science and Technology, Vol.13, Issue No. 48, pp:",1
1629,Indian Geotechnical Journal,1
1630,"In 2022 IEEE International Conference on Data Science and Information System (ICDSIS), pp. 1-5. IEEE, 2022.",1
1631,Imperial Journal of Interdisciplinary Research,1
1632,"IUP journal of electrical and electronics engineering, Vol. 14, Iss. 4, October",1
1633,"IUP journal of electrical and electronics engineering, Jul",1
1634,"ITU Journal on Future and Evolving Technologies, Volume 3, Issue 2, September",1
1635,ISH Journal of Hydraulic Engineering,1
1636,"ISBR MANAGEMENT JOURNAL ISSN (Online)-2456-9062 5 (1), 2020",1
1637,"Elsevier, Procedia Computer Science, 167, pp",1
1638,Electronics Letters,1
1639,"International Journal of Advanced Science and Technology, Vol 29, No. 5, 2020, ISSN: 2005-4238, pp: 12332-12344",1
1640,ACM Transactions on Programming Languages and Systems,1
1641,ASME Journal of Fluids Engineering. https://doi.org/10.,1
1642,"ASME Journal of Fluids Engineering 146, no. 2:",1
1643,ASCE-ASME Journal of Risk and Uncertainty in Engineering Systems Part B Mechanical Engineering,1
1644,AIChE Journal,1
1645,AEU - International Journal of Electronics and Communications,1
1646,ACS Nanoscience Au,1
1647,ACS Measurement Science Au,1
1648,ACS Journal for Science and Engineering,1
1649,ACS Chemical Neuroscience,1
1650,ACS Agricultural Science & Technology,1
1651,ACM Transactions on Sensor Networks,1
1652,ACM Transactions on Parallel Computing,1
1653,"2025 International Conference on Data Science and Business Systems, ICDSBS 2025",1
1654,ACM Transactions on Internet Technology,1
1655,ACM Transactions on Cyber-Physical Systems,1
1656,ACM Transactions on Computation Theory,1
1657,"ACM Transactions on Asian and Low-Resource Language Information Processing, Volume 24, Issue 8, Article 77, Aug",1
1658,ACM SIGMETRICS Performance Evaluation Review,1
1659,ACM Journal on Computing and Sustainable Societies,1
1660,ACM Journal on Autonomous Transportation Systems,1
1661,": utility of deep learning for diagnosis of common lung pathologies from chest x-rays” Bulletin of Environment, Pharmacology and life sciences,International Journal of Early Childhood Special Education, ISSN:",1
1662,8th European Congress on Computational Methods in Applied Sciences and Engineering,1
1663,"21st International Conference on Miniaturized Systems for Chemistry and Life Sciences, MicroTAS 2017",1
1664,2025 Third International Conference on Emerging Applications of Material Science and Technology (ICEAMST),1
1665,ASME Journal of Heat and Mass Transfer. https://doi.org/10.,1
1666,"ASME-Journal of heat and mass transfer , 145, 83301",1
1667,"Accounting and Business Corporate (February 2, 2022). Management Journal for …, 2022",1
1668,Acta Crystallographica Section B Structural Science Crystal Engineering and Materials,1
1669,"Annals of the Romanian Society for Cell Biology 25 (5), 166-175, 2021",1
1670,"Annals of the Romanian Society for Cell Biology 25 (4), 2611-2622, 2021",1
1671,"Annals of the Romanian Society for Cell Biology 25 (3), 2254-2263, 2021",1
1672,"Annals of the Romanian Society for Cell Biology 25 (2), 923-930, 2021",1
1673,Annals of Mathematics and Computer Science,1
1674,Annales de Chimie Science des Matériaux,1
1675,Ancient Science of Life,1
1676,American Journal of Mechanical and Materials Engineering,1
1677,American Journal of Mathematics,1
1678,"American Journal of Agricultural Science 6 (3), 33-39, 2019",1
1679,"Ain Shams Engineering Journal, 12, 1025-1032",1
1680,"Ain Shams Engineering Journal, 11(4), 1255-1263, 2020",1
1681,"Ain Shams Engineering Journal (Elsevier), 14, 101811",1
1682,African journal of Biological sciences 6(10)(,1
1683,Advances in polymer science,1
1684,"Advances in Science, Technology and Innovation",1
1685,"Advances in Science, Technology and Engineering Systems Journal",1
1686,Advances in Dynamical Systems and Applications (ADSA) (Scopus indexed Journal) ISSN,1
1687,Advances in Bamboo Science,1
1688,"Advanced Engineering Science, Volume - 57, Issue – 08,",1
1689,"Advanced Applications of Fractional Differential Operators to Science and …, 2020",1
1690,Additive Manufacturing Letters,1
1691,Acta Scientific Pharmaceutical Sciences,1
1692,2025 International Conference on Recent Innovation in Science Engineering and Technology (ICRISET),1
1693,2025 International Conference on Advances in Next-Gen Computer Science (ICANCS),1
1694,"Annals of the Romanian Society for Cell Biology 25 (6), 1156-1171, 2021",1
1695,".International Journal of Scientific Engineering and Research (IJSER), ISSN (Online):",1
1696,"2021 11th International Conference on Cloud Computing, Data Science &amp; Engineering (Confluence)",1
1697,2020 IEEE-EMBS Conference on Biomedical Engineering and Sciences (IECBES),1
1698,"2020 IEEE International Students' Conference on Electrical,Electronics and Computer Science (SCEECS)",1
1699,2020 Fourth International Conference On Intelligent Computing in Data Sciences (ICDS),1
1700,2020 Advances in Science and Engineering Technology International Conferences (ASET),1
1701,2020 15th International Conference for Internet Technology and Secured Transactions (ICITST),1
1702,"2019 International Conference on Data Science and Communication (IconDSC), Christ University. March",1
1703,2019 International Conference on Data Science and Communication (IconDSC),1
1704,2019 Advances in Science and Engineering Technology International Conferences (ASET),1
1705,"2019 9th International Conference on Cloud Computing, Data Science &amp; Engineering (Confluence)",1
1706,13th National Women’s Science Congress,1
1707,. Advanced Engineering Science 55. (,1
1708,2025 International Conference on Advanced Machine Learning and Data Science (AMLDS),1
1709,"-Journal of Emerging Technologies and Innovative Research,Volume 11",1
1710,"-International Journal of Innovative Research in Electrical, Electronics, Instrumentation and Control Engineering, Vol 12, Issue 7, July",1
1711,"- International Journal of Polymer Analysis and Characterization (Volume 25,",1
1712,"- International Journal of Innovative Research in Electrical, Electronics, Instrumentation and Control Engineering, Vol. 12, Issue 5, May",1
1713,"- -International Journal of Innovative Research in Electrical, Electronics, Instrumentation and Control Engineering, Vol 12, Issue 7, July",1
1714,", published by Taylor & Francis in the Fullerenes, Nanotubes and Carbon Nanostructures Journal (Web-of-Science) on 6th March",1
1715,", Journal of Emerging Technologies and Innovative Research (JETIR) , www.jetir.org , ©",1
1716,", International conference on Neuroscience to be held on Nov 17-20",1
1717,", International Journal of Creative Research Thoughts (IJCRT) www.ijcrt.org, ©",1
1718,", Gradiva Review Journal, Volume 9, Issue 10, October",1
1719,"(IJACSA) International Journal of Advanced Computer Science and Applications,Vol. 13, No. 3,",1
1720,2021 Fifth International Conference On Intelligent Computing in Data Sciences (ICDS),1
1721,2021 IEEE Asia-Pacific Conference on Computer Science and Data Engineering (CSDE),1
1722,2021 IEEE International India Geoscience and Remote Sensing Symposium (InGARSS),1
1723,"2022 11th International Conference on Control, Automation and Information Sciences (ICCAIS)",1
1724,2025 8th International Conference on Data Science and Information Technology (DSIT),1
1725,2025 66th International Scientific Conference on Information Technology and Management Science of Riga Technical University (ITMS),1
1726,"2025 11th International Conference on Engineering, Applied Sciences, and Technology (ICEAST)",1
1727,2024 International Conference on Smart Systems for applications in Electrical Sciences (ICSSES),1
1728,2024 International Conference on Science Technology Engineering and Management (ICSTEM),1
1729,2024 International Conference on Emerging Technologies in Computer Science for Interdisciplinary Applications (ICETCS),1
1730,"2024 IEEE International Students' Conference on Electrical, Electronics and Computer Science (SCEECS)",1
1731,"2024 IEEE 2nd International Conference on Emerging Trends in Engineering and Medical Sciences, ICETEMS 2024",1
1732,2023 International Conference on Recent Advances in Science and Engineering Technology (ICRASET) 23-24 November,1
1733,"2023 International Conference on Computer Science and Emerging Technologies, CSET 2023",1
1734,"2023 IEEE/ACIS 8th International Conference on Big Data, Cloud Computing, and Data Science (BCD)",1
1735,"2023 IEEE Asia-Pacific Conference on Geoscience, Electronics and Remote Sensing Technology (AGERS)",1
1736,"2022/2/24 Journal Fundamentals and Methods of Machine and Deep Learning: Algorithms, Tools and Applications, 101-119, John Wiley & Sons, Inc.",1
1737,"2022 International Interdisciplinary Conference on Mathematics, Engineering and Science (MESIICON)",1
1738,2022 International Conference on Innovations in Science and Technology for Sustainable Development (ICISTSD),1
1739,"2022 International Conference on Data Science, Agents &amp; Artificial Intelligence (ICDSAAI)",1
1740,2022 International Conference of Science and Information Technology in Smart Administration (ICSINTESA),1
1741,2022 IEEE International Conference on Data Science and Information System (ICDSIS),1
1742,2022 IEEE 13th International Conference on Software Engineering and Service Science (ICSESS),1
1743,2022 Fifth International Conference of Women in Data Science at Prince Sultan University (WiDS PSU),1
1744,2022 Advances in Science and Engineering Technology International Conferences (ASET),1
1745,2022 3rd URSI Atlantic and Asia Pacific Radio Science Meeting (AT-AP-RASC),1
1746,"2022 2nd International Conference on Computer Science, Engineering and Applications, ICCSEA 2022",1
1747,"Annals of the Romanian Society for Cell Biology 25 (5), 5769-5778, 2021",1
1748,"Annals of the Romanian Society for Cell Biology 25 (6), 1192-1205, 2021",1
1749,Electronic Journal of Structural Engineering,1
1750,Computer Science &amp; Technology Trends,1
1751,"Critical Reviews™ in Biomedical Engineering 49 (3), 2021",1
1752,"Critical ReviewsTM in Biomedical Engineering, 48(1), 17 – 28, 2020",1
1753,"Critical Reviews in Biomedical Engineering, ;51(3):1-19",1
1754,Critical Reviews in Biomedical Engineering,1
1755,Critical Reviews in Analytical Chemistry,1
1756,Contributions to environmental sciences & innovative business technology,1
1757,Contributions to Management Science,1
1758,Computers and Electrical Engineering Journal,1
1759,Computers & Geosciences,1
1760,Computer Science and Information Technologies,1
1761,"Computer Science 24(4), AGH University",1
1762,Computer Journal,1
1763,Cellulose,1
1764,Computational and Structural Biotechnology Journal,1
1765,Computational Science and Its Applications,1
1766,"Computational Intelligence and Neuroscience , Volume Sep",1
1767,Composites Mechanics Computations Applications An International Journal,1
1768,Colloid & Polymer Science,1
1769,Cognitive science and technology,1
1770,"Chinese Journal of Physics, Vol.81",1
1771,"Chinese Journal of Medical Genetics, Vol. 31 No. 3 (",1
1772,"Chemical Physics Letters, Volume 779,",1
1773,"Chemical Physics Letters, 784, 139096",1
1774,Chemical Engineering Journal Advances,1
1775,"Current Chemistry Letters, 11,",1
1776,Current Nanoscience,1
1777,Current Opinion in Insect Science,1
1778,Data Engineering and Data Science,1
1779,"Educational research and reviews, Academic Journals, Kenya",1
1780,Economics Letters,1
1781,Earth and Planetary Science Letters,1
1782,EURASIP Journal on Wireless Communications and Networking,1
1783,EURASIP Journal on Advances in Signal Processing,1
1784,ETRI Journal WILEY,1
1785,EMITTER International Journal of Engineering Technology,1
1786,ELCVIA Electronic Letters on Computer Vision and Image Analysis,1
1787,EJPPS EUROPEAN JOURNAL OF PARENTERAL AND PHARMACEUTICAL SCIENCES,1
1788,"ECS Transactions, 107 (1) 10623- 10630, 2022",1
1789,"EAI Endorsed Transactions on Internet of Things 7 (27), 1, 2022",1
1790,"EAI Endorsed Transactions on Internet of Things 10, 2024",1
1791,EAI Endorsed Transactions on Creative Technologies,1
1792,EAI Endorsed Transactions on Context-aware Systems and Applications,1
1793,EAI Endorsed Transactions on Cloud Systems,1
1794,EAI Endorsed Transactions on AI and Robotics,1
1795,"Distributed Generation & Alternative Energy Journal, Vol. 37_3, 793–818,",1
1796,"Distributed Generation & Alternative Energy Journal, Vol 39, Iss 1, pp 1-26, doi: 10.",1
1797,Discover Applied Sciences,1
1798,Digest Journal of Nanomaterials and Biostructures,1
1799,"Digest Journal of Nanomaterials & Biostructures (DJNB) 16 (1), 2021",1
1800,Diabetes and Metabolic Syndrome: Clinical Research and Reviews,1
1801,"Data Science for COVID-19, 433-448, 2022",1
1802,Central University of Kashmir Law Review,1
1803,Cell Systems,1
1804,"Annals of the Romanian Society for Cell Biology 25 (6), 1206-1216, 2021",1
1805,Applied Nanoscience (Switzerland),1
1806,Asia-Pacific Journal of Molecular Biology and Biotechnology,1
1807,Asia-Pacific Journal of Chemical Engineering,1
1808,Archives of Materials Science and Engineering,1
1809,"Arabian Journal of Geosciences 15 (10), 936, 2022",1
1810,Arabian Journal of Geosciences,1
1811,Arabian Journal for Science and Engineering (Springer),1
1812,Arab Journal of Basic and Applied Sciences,1
1813,Applied Water Science,1
1814,"Applied Surface Science Advances 2023, 13, 100375.",1
1815,"Applied Sciences, 24/11, 11609",1
1816,"Applied Nanoscience, DOI: 10.1007/s13204-021-02217-4",1
1817,Applied Mechanics Reviews,1
1818,Catalysis Science & Technology,1
1819,"Antrocom: Online Journal of Anthropology 17 (2), 2021",1
1820,Annual Review of Fluid Mechanics,1
1821,"Annals of the Romanian society for cell biology 25 (2), 904-912, 2021",1
1822,"Annals of the Romanian Society for Cell Biology 25 (6), 7422-7430, 2021",1
1823,"Annals of the Romanian Society for Cell Biology 25 (6), 693-703, 2021",1
1824,"Annals of the Romanian Society for Cell Biology 25 (6), 682-692, 2021",1
1825,"Annals of the Romanian Society for Cell Biology 25 (6), 6443-6450, 2021",1
1826,"Annals of the Romanian Society for Cell Biology 25 (6), 591-600, 2021",1
1827,"Annals of the Romanian Society for Cell Biology 25 (6), 1249-1262, 2021",1
1828,"Annals of the Romanian Society for Cell Biology 25 (6), 1229-1242, 2021",1
1829,"Annals of the Romanian Society for Cell Biology 25 (6), 1217-1228, 2021",1
1830,Asian Academy of Management Journal,1
1831,"Asian Journal of Advanced Research and Reports, pp 22-33, August",1
1832,Asian Journal of Atmospheric Environment,1
1833,Asian Journal of Control,1
1834,Canadian Journal of Civil Engineering,1
1835,CFD Letters,1
1836,CEAS Aeronautical Journal,1
1837,C – Journal of Carbon Research,1
1838,Bulletin of the Transilvania University of Brasov. Series III: Mathematics and Computer Science,1
1839,"Bulletin For Technology And History Journal, Volume 24, Issue 1, 2024 Issn No : 0391-6715 Page No:408-421",1
1840,"Bulletin For Technology And History Journal,",1
1841,Brazilian Journal of Chemical Engineering,1
1842,Biophysical Reviews,1
1843,Biogeosciences,1
1844,Bilad Alrafidain Journal of Humanities and Social Science,1
1845,Beilstein Journal of Organic Chemistry,1
1846,"Bangladesh Journal of Agricultural Research 45 (1), 93-97, 2020",1
1847,"Bangladesh Agronomy Journal 25 (1), 37-45, 2022",1
1848,"Bangladesh Agronomy Journal 24 (2), 115-125, 2021",1
1849,BOHR International Journal of Engineering,1
1850,BOHR International Journal of Civil Engineering and Environmental Science,1
1851,Available at International Journal of Scientific Research in Engineering and Management (IJSREM) ISSN:,1
1852,"Australian Journal of Wireless Technologies, Mobility and Security",1
1853,Asian-European Journal of Mathematics,1
1854,"Asian Research Journal of Agriculture 15 (4), 190-202, 2022",1
1855,Asian Journal of Engineering and Applied Technology,1
1856,Asian Journal of Electrical Sciences,1
1857,"International Journal of Advanced Science and Technology Vol. 29, No. 08, (",1
1858,"International Journal of Advanced Science and Technology, Vol 29, No. 6s, 2020, ISSN: 2005-4238, pp: 4046-4072,",1
1859,Journal of Electrical Engineering and Technology,1
1860,International Journal of Software Engineering and Knowledge Engineering,1
1861,International Journal of Turbo and Jet Engines,1
1862,International Journal of Trend in Scientific Research and Development,1
1863,International Journal of Thermofluids,1
1864,International Journal of System of Systems Engineering,1
1865,"International Journal of System Dynamics Applications (IJSDA), 10(4),",1
1866,International Journal of System Assurance Engineering and Management,1
1867,"International Journal of Sustainable Engineering 14 (5), 1033-1042, 2021",1
1868,International Journal of Sustainable Energy,1
1869,International Journal of Surface Engineering and Interdisciplinary Materials Science,1
1870,International Journal of Spray and Combustion Dynamics,1
1871,International Journal of Software Science and Computational Intelligence,1
1872,International Journal of Soft Computing and Engineering,1
1873,"(IJACSA) International Journal of Advanced Computer Science and Applications, Vol. 12, No. 10,",1
1874,International Journal of Social Relevance & Concern,1
1875,International Journal of Social Ecology and Sustainable Development (IJSESD),1
1876,International Journal of Social Computing and Cyber-Physical Systems,1
1877,"International Journal of Smart Vehicles and Smart Transportation (IJSVST) 3 …, 2020",1
1878,International Journal of Sensors Wireless Communications and Control,1
1879,International Journal of Semantic Computing,1
1880,"International Journal of Scientific and Research Publications, Volume 9, Issue 9, September",1
1881,"International Journal of Scientific Research in Science, Engineering and Technology",1
1882,"International Journal of Scientific Research in Engineering and Management (IJSREM),Volume: 07 Issue: 07 ,July -",1
1883,"International Journal of Scientific Research in Engineering and Management (IJSREM),ISSN:",1
1884,"International Journal of Scientific Research in Engineering and Management (IJSREM), Volume: 07 Issue: 07",1
1885,"International Journal of Uncertainty, Fuzziness and Knowldege-Based Systems",1
1886,International Journal of Vehicle Performance,1
1887,"International Journal of Virtual and Augmented Reality (IJVAR) 6 (1), 1-14, 2022",1
1888,International Journal of Wavelets Multiresolution and Information Processing,1
1889,"International journal of Advanced research, 8(6), 308-321",1
1890,"International conference on Paradigms of communication, computing and data sciences (PCCDS",1
1891,International Transactions on Electrical Engineering and Computer Science,1
1892,International Reviews in Physical Chemistry,1
1893,International Review of Mechanical Engineering (IREME),1
1894,International Review of Electrical Engineering,1
1895,International Review of Automatic Control,1
1896,"International Research journal of Engineering and Technology ( IRJET) , Volume: 09 Issue :09, Sep",1
1897,"International Research Journal of engineering and Technology, Vol. 7, Issue 5, May",1
1898,International Research Journal of Multidisciplinary Technovation,1
1899,"International Research Journal of Modernization in Engineering Technology and Science,Impact Factor- 5.354 ,e-ISSN:",1
1900,International Research Journal of Modernization in Engineering Technology &amp; Science,1
1901,"International Research Journal of Engineering and Technology, vol. 7, Issue 5, May",1
1902,"International Research Journal of Engineering and Technology (IRJET),",1
1903,International Research Journal of Engineering and Technology (IRJET) e-ISSN:,1
1904,International Research Journal of Engineering and Technology,1
1905,"International Journal on Recent and Innovation Trends in Computing and Communication, 11(6), 379-390.",1
1906,"International Journal on Interactive Design and Manufacturing, 18-Jan",1
1907,"International Journal of thermofluid Science and Technology, 3-Oct,",1
1908,"International Journal of new innovations in engineering and technology, Volume 12, Issue 3, Pages 54-60, December",1
1909,"International Journal of Zeichen,Vol.7, Issue 8, ISSN No.",1
1910,International Journal of Web-Based Learning and Teaching Technologies,1
1911,International Journal of Web Portals,1
1912,International Journal of Scientific Research in Engineering and Management (IJSREM) Volume: 07 Issue: 07,1
1913,"International Journal of Scientific Research & Engineering Trends Volume 10, Issue 4, July-Aug-",1
1914,"International journal of ambient energy, 43(1), 7229-7236",1
1915,International Journal of PharmTech Research,1
1916,International Journal of Prognostics and Health Management,1
1917,International Journal of Production Research,1
1918,International Journal of Product Lifecycle Management,1
1919,International Journal of Pressure Vessels and Piping,1
1920,International Journal of Precision Engineering and Manufacturing,1
1921,International Journal of Powertrains,1
1922,International Journal of Polymer Science,1
1923,"International Journal of Polymer Analysis and Characterization, 29 (3), 157-171, 2024",1
1924,International Journal of Photoenergy,1
1925,International Journal of Pharmaceutics,1
1926,International Journal of Pharmaceutical Sciences and Nanotechnology(IJPSN),1
1927,International Journal of Performability Engineering,1
1928,"International Journal of Scientific Engineering and Applied Science, Volume-8, Issue-9,",1
1929,International Journal of Pavement Engineering,1
1930,International Journal of Pattern Recognition and Artificial Intelligence,1
1931,International Journal of Parallel Programming,1
1932,International Journal of Organizational and Collective Intelligence,1
1933,International Journal of Operational Research,1
1934,"International Journal of Numerical Methods for Heat & Fluid Flow (Emerald), 32(5), 1643-1663",1
1935,"International Journal of Numerical Methods for Heat & Fluid Flow (Emerald), 32(10), 3388-3410",1
1936,International Journal of Novel Research and Development (IJNRD) Volume 8 issue 1 ISSN-,1
1937,International Journal of Non-Linear Mechanics 171:,1
1938,International Journal of Non-Linear Mechanics 167:,1
1939,International Journal of Non-Linear Mechanics 165:,1
1940,International Journal of Project Management and Productivity Assessment,1
1941,"International Journal of Psychosocial Rehabilitation 23 (1), 2019",1
1942,International Journal of Quantum Chemistry,1
1943,"International Journal of RF and Microwave Computer Aided Engineering, vol. 30, no. 5, p.",1
1944,"International Journal of Scientific & Technology Research 8 (9), 1789, 2019",1
1945,"International Journal of Scientific & Engineering Research, Volume 12, Issue 6, June-",1
1946,"International Journal of Scientific & Engineering Research Volume 12, Issue 6, June-",1
1947,"International Journal of Science, Engineering and Technology ,",1
1948,"International Journal of Science and Research (IJSR), Volume 10 Issue 7, July",1
1949,"International Journal of Science and Research (IJSR), , Volume 11 Issue 7, July",1
1950,"International Journal of Safety and Security Engineering, Vol. 15, No. 8, August,",1
1951,International Journal of Safety and Security Engineering,1
1952,International Journal of Research in Science and Technology,1
1953,International Journal of Research in Library Science,1
1954,"International Journal of Research in Business and Social Science 10 (8), 228-235, 2021",1
1955,International Journal of Research in Advent Technology,1
1956,"International Journal of Research and Scientific Innovation (IJRSI), Vol.6, Issue 7,11-15, ISSN",1
1957,International Journal of Research and Scientific Innovation,1
1958,"International Journal of Research Publication and Reviews, Vol 5, no 1, pp",1
1959,International Journal of Research Publication and Reviews,1
1960,International Journal of Renewable Energy Research,1
1961,International Journal of Refrigeration,1
1962,International Journal of Reconfigurable and Embedded Systems,1
1963,International Journal of Recent Technology and Engineering(IJRTE),1
1964,"International Journal of Recent Technology and Engineering (IJRTE), Volume-8 Issue-6,",1
1965,"International Journal of Recent Technology and Engineering (IJRTE) 8 (2), 53-57, 2019",1
1966,"International Journal of RF and Microwave Computer-Aided Engineering: vol. 32, no. 11 (",1
1967,International journal of Intelligent systems and applications in engineering,1
1968,"International journal of engineering and advanced technology 9 (2), 4429-4438, 2019",1
1969,International Journal of Nanoscience,1
1970,Journal of Cluster Science,1
1971,Journal of Computer Science and Technology Studies,1
1972,Journal of Computer Languages,1
1973,"Journal of Computational and Theoretical Nanoscience, February",1
1974,"Journal of Computational and Theoretical Nanoscience, 17, 4354–4359, 2020",1
1975,"Journal of Computational and Theoretical Nanoscience, 17, 1–4, 2020",1
1976,Journal of Computational Design and Engineering,1
1977,Journal of Complexity,1
1978,Journal of Complex Networks,1
1979,Journal of Communications and Information Networks,1
1980,Journal of Combinatorial Optimization,1
1981,Journal of Coatings Technology and Research,1
1982,Journal of Cloud Computing,1
1983,Journal of Basic Microbiology,1
1984,Journal of Civil and Construction Engineering,1
1985,Journal of Choice Modelling,1
1986,"Journal of Chengdu University of Technology (Science and Technology Edition), Volume 26, Issue 09, September",1
1987,"Journal of Chemical Sciences, 133 (4), 1-8,",1
1988,Journal of Cellular Plastics,1
1989,"Journal of Carcinogenesis,Vol.24,No.4,ISSN:",1
1990,Journal of Biotechnology,1
1991,Journal of Biosciences,1
1992,Journal of Biomedical and Pharmaceutical Research,1
1993,Journal of Biomedical Photonics and Engineering,1
1994,Journal of Biomedical Materials Research Part B Applied Biomaterials,1
1995,"Journal of Computer Science, 18(12), pp. 1144–1158 https://doi.org/10.3844/jcssp.2022.1144.1158",1
1996,"Journal of Computer Science, Volume 21 No. 6,",1
1997,"Journal of Computer Science, vol. 21, no. 8,",1
1998,Journal of Computer Security,1
1999,Journal of Electrical Engineering and Automation,1
2000,Journal of Electrical Engineering &amp; Technology,1
2001,Journal of Economic and Administrative Sciences,1
2002,Journal of Economic Cooperation and Development,1
2003,Journal of Earthquake and Tsunami,1
2004,"Journal of Dynamic Systems, Measurement, and Control",1
2005,Journal of Drug Delivery and Therapeutics,1
2006,Journal of Discrete Mathematical Sciences and Cryptography,1
2007,Journal of Differential Geometry,1
2008,Journal of Differential Equations,1
2009,Journal of Diabetes Science and Technology,1
2010,Journal of Cultural Economy,1
2011,"Journal of Critical Reviews 7 (5), 1389-1394, 2020",1
2012,"Journal of Critical Reviews 7 (5), 1361-1367, 2020",1
2013,"Journal of Critical Reviews 7 (19), 4748-4757, 2020",1
2014,"Journal of Coordination Chemistry, 1-13,",1
2015,"Journal of Control Engineering and Applied Informatics 23 (1), 50-59, 2021",1
2016,Journal of Control Automation and Electrical Systems,1
2017,"Journal of Contemporary Issues in Business and Government Vol 27 (3), 2021",1
2018,"Journal of Contemporary Issues in Business & Government 27 (3), 2021",1
2019,Journal of Construction Research,1
2020,Journal of Computing and Information Technology,1
2021,Journal of Computing Science and Engineering,1
2022,Journal of Bio-X Research,1
2023,Journal of Basic & Applied Sciences,1
2024,International journal of mechanical and production engineering research and development,1
2025,"JOURNAL OF FUNCTIONAL AND ENVIRONMENTAL BOTANY Учредители: Diva Enterprises …, 2020",1
2026,Journal of Advances in Modeling Earth Systems,1
2027,"Journal of Advances in Information Technology, 14, 1103-1116.",1
2028,Journal of Advanced Scientific Research,1
2029,"Journal of Advanced Research in Dynamical and Control Systems (JARDCS), ISSN: 1943-023X, Vol 12, 07-Special Issue, 2020,",1
2030,Journal of Advanced Dielectrics,1
2031,"Journal Of Mechanics Of Continua And Mathematical Sciences (JMCMS) 14 (4 …, 2019",1
2032,Journal Of Advanced Zoology,1
2033,"Journal International Journal of Science and Innovative Engineering & Technology (IJSIET), Volume 7 May issue",1
2034,Journal Electrical and Computer Experiences,1
2035,Journal Club for Condensed Matter Physics,1
2036,"Jilin Daxue Xuebao (Gongxueban)/Journal of Jilin University (Engineering and Technology Edition), ISSN:",1
2037,JOURNAL OF CHEMICAL ENGINEERING OF JAPAN,1
2038,Journal of Automated Reasoning,1
2039,JNNCE Journal of Engineering and Management,1
2040,Iranian Polymer Journal,1
2041,"Iranian Journal of Science and Technology, Transaction A: Science",1
2042,Iranian Journal of Science and Technology Transactions of Electrical Engineering,1
2043,Iranian Journal of Science and Technology Transactions A Science,1
2044,Iranian Journal of Science and Technology - Transactions of Civil Engineering,1
2045,Iranian Journal of Science,1
2046,Iranian Journal of Chemistry and Chemical Engineering,1
2047,Involve a Journal of Mathematics,1
2048,International series in management science/operations research/International series in operations research & management science,1
2049,"International journal of phytoremediation 25 (2), 187-206, 2023",1
2050,Journal of Advances in Nanotechnology,1
2051,Journal of Aerosol Science,1
2052,"Journal of AgriSearch 6 (2), 83-86, 2019",1
2053,"Journal of Agronomy and Crop Science 208 (5), 645-661, 2022",1
2054,Journal of Astronomical History and Heritage,1
2055,Journal of Asian Architecture and Building Engineering,1
2056,Journal of Approximation Theory,1
2057,"Journal of Applied and Computational Mechanics, Volume 1, 1-14, 2021",1
2058,"Journal of Applied and Computational Mechanics, 876-890",1
2059,Journal of Applied and Computational Mechanics (Accepted),1
2060,Journal of Applied Security Research,1
2061,Journal of Applied Science and Engineering,1
2062,Journal of Applied Membrane Science & Technology,1
2063,"Journal of Applied Mathematics and mechanics, ZAMM, 15214001,0,",1
2064,"Journal of Applied Mathematics and Mechanics, 102",1
2065,Journal of Applied Mathematics and Mechanics (Accepted),1
2066,Journal of Applied Geophysics,1
2067,Journal of Applied Engineering and Technological Science (JAETS),1
2068,"Journal of Annals of Forest Research, Volume no. 65, issue- 1,",1
2069,Journal of Analytical and Applied Pyrolysis,1
2070,Journal of Analytical Chemistry,1
2071,Journal of Analytical Atomic Spectrometry,1
2072,"Journal of Alloys and Compounds. 938, 68600, 2023.",1
2073,Journal of Algebraic Geometry,1
2074,Journal of Algebra and Its Applications,1
2075,Journal of Aircraft,1
2076,Journal of Air Transport Management,1
2077,International Journal of Networking and Virtual Organizations,1
2078,International Journal of Nanomedicine,1
2079,"International Journal of Advanced Science and Technology, Vol. 29, No. 05, Apr. 2020, 655 - 670.",1
2080,International Journal of Computer Theory and Engineering,1
2081,International Journal of Control,1
2082,International Journal of Construction Management,1
2083,"International Journal of Computing, VOLUME 21(3) DOI:10.47839/ijc.21.3.2689",1
2084,International Journal of Computing and Network Technology,1
2085,"International Journal of Computing and Digital Systems,",1
2086,"International Journal of Computers, Communications and Control",1
2087,"International Journal of Computers and Applications, https://doi.org/10.1080/1206212X.2019.1693000",1
2088,"International Journal of Computers Communications & Control, Online ISSN",1
2089,International Journal of Computer and Communication Technology,1
2090,International Journal of Computer Vision and Image Processing,1
2091,International Journal of Computer Vision,1
2092,"International Journal of Computer Sciences and Engineering, Vol.-7, Issue-9, Sept",1
2093,"International Journal of Computer 281 Sciences and Engineering 7 (5), 1672-1676, 2019",1
2094,International Journal of Computer Sciences and Engineering Open Access,1
2095,International Journal of Computer Sciences and Engineering,1
2096,International Journal of Computer Science and Information Technology,1
2097,"International Journal of Computer Science and Information Security (IJCSIS …, 2019",1
2098,International Journal of Computer Science and Engineering,1
2099,International Journal of Computer Network and Information Security (IJCNIS),1
2100,International Journal of Computer Network and Information Security,1
2101,International Journal of Computer Mathematics,1
2102,International Journal of Computer Integrated Manufacturing,1
2103,International Journal of Computer Communication and Informatics,1
2104,"International Journal of Computer Applications, Vol. 176, Issue No. 38,",1
2105,International Journal of Control Automation and Systems,1
2106,International Journal of Crashworthiness,1
2107,"International Journal of Creative Research Thoughts (IJCRT), ISSN:",1
2108,"International Journal of Creative Research Thoughts (IJCRT), Volume 13, Issue 3 March",1
2109,International Journal of Emerging Trends in Engineering Research,1
2110,International Journal of Emerging Trends in Computer Science and Information Technology,1
2111,"International Journal of Emerging Technologies in Learning, Vol. 17 Issue 18",1
2112,International Journal of Emerging Engineering and Technology,1
2113,"International Journal of Electronics, vol. 106, no. 2,",1
2114,"International Journal of Electronics, Communications, and Measurement …, 2021",1
2115,"International Journal of Electronics, Communications, and Measurement Engineering",1
2116,International Journal of Electronics Letters,1
2117,International Journal of Electronic Finance,1
2118,"International Journal of Electrical, Electronics and Data Communication, ISSN(p):",1
2119,International Journal of Electrical and Computer Engineering Systems,1
2120,"International Journal of Electrical and Computer Engineering (IJECE), vol. 15, no. 3,",1
2121,"International Journal of Electrical and Computer Engineering (IJECE), [S.l.], v. 13, n. 1, p. 987-996, feb.",1
2122,"International Journal of Electrical and Computer Engineering (IJECE) 10 (5 …, 2020",1
2123,International Journal of Economics and Management,1
2124,"International Journal of Economics & Management 15 (2), 2021",1
2125,International Journal of Distributed Systems and Technologies,1
2126,International Journal of Digital Crime and Forensics,1
2127,"International Journal of Design Engineering Issue 08, pp:",1
2128,International Journal of Current Research and Review,1
2129,"International Journal of Creative Research Thoughts, vol 9, issue 5, pp f634-f645,",1
2130,"International Journal of Creative Research Thoughts, Volume 13 Issue 6 June",1
2131,"International Journal of Creative Research Thoughts, Volume 10,Issue 6 June",1
2132,International Journal of Computer Aided Engineering and Technology,1
2133,International Journal of Computational and Experimental Science and Engineering,1
2134,"International Journal of Engg and Management- Multidiciplinary journal of VTU, Jan",1
2135,International Journal of Applied Mathematics and Theoretical Physics,1
2136,International Journal of Bifurcation and Chaos,1
2137,International Journal of Automotive and Mechanical Engineering,1
2138,International Journal of Automation and Smart Technology,1
2139,International Journal of Automation and Computing,1
2140,International Journal of Astrobiology,1
2141,"International Journal of Applied and Computational Mathematics, Volume 7, Issue 148, 1-15, 2021",1
2142,"International Journal of Applied and Computational Mathematics, Volume 7, 1-22, 2021",1
2143,"International Journal of Applied and Computational Mathematics, 6(27), 1-14, 2020",1
2144,International Journal of Applied Power Engineering (IJAPE),1
2145,International Journal of Applied Metaheuristic Computing,1
2146,International Journal of Applied Mechanics,1
2147,"International Journal of Applied Engineering Research,Vol. 14, Number 9, pp. 2126-2133, 2019.",1
2148,International Journal of Computational Vision and Robotics,1
2149,International Journal of Applied Cryptography,1
2150,International Journal of Antennas and Propagation,1
2151,"International Journal of Ambient Energy, 43/1, 7101-7114",1
2152,"International Journal of Ambient Energy, 1814-1828",1
2153,"International Journal of Ambient Computing and Intelligence, Vol.13, DOI: 10.4018/ijaci.293148",1
2154,"International Journal of Agriculture Innovation, Technology and Globalisation, InderScience Publisher, Vol. 3, No. 2, Published Online:November 28,",1
2155,"International Journal of Agricultural Sciences and Veterinary Medicine 8 (2 …, 2020",1
2156,International Journal of Aeronautical and Space Sciences,1
2157,"International Journal of Advanced Trends in Computer Science and Engineering, Volume 10, No.2, March - April",1
2158,"International Journal of Advanced Trends in Computer Science and Engineering …, 2020",1
2159,"International Journal of Advanced Science and Technology, Vol. 29, No. 5, May",1
2160,International Journal of Big Data Intelligence,1
2161,"International Journal of Bio-resource and Stress Management 11 (1), 095-102, 2020",1
2162,International Journal of Bioinformatics Research and Applications,1
2163,"International Journal of Bioinformatics Research and Applications, Vol. 18, No. 1-2 https://doi.org/10.1504/IJBRA.2022.121756",1
2164,International Journal of Computational Methods,1
2165,International Journal of Computational Materials Science and Surface Engineering,1
2166,International Journal of Computational Intelligence and Applications,1
2167,International Journal of Computational Intelligence Systems,1
2168,International Journal of Community Medicine and Public Health,1
2169,"International Journal of Communication and Media Science,",1
2170,International Journal of Cognitive Informatics and Natural Intelligence (IJCINI),1
2171,International Journal of Cognitive Computing in Engineering,1
2172,"International Journal of Coal Preparation and Utilization 42 (10), 3173-3184, 2022",1
2173,International Journal of Coal Preparation and Utilization,1
2174,International Journal of Cloud Applications and Computing (IJCAC),1
2175,International Journal of Civil Engineering,1
2176,International Journal of Circuits Systems and Signal Processing,1
2177,International Journal of Chemical Kinetics,1
2178,International Journal of ChemTech Research,1
2179,International Journal of Business and Systems Research,1
2180,"International Journal of Business Intelligence and Data Mining, https://doi.org/10.1504/ijbidm.2023.127314",1
2181,"International Journal of Business Intelligence and Data Mining, Volume 22, Issue 1-2, Pages 170-222",1
2182,International Journal of Business Information Systems,1
2183,International Journal of Business Analytics,1
2184,International Journal of Biomechatronics and Biomedical Robotics,1
2185,"International Journal of Biology, Pharmacy and Allied Sciences",1
2186,International Journal of Biology Pharmacy and Allied Sciences,1
2187,International Journal of Energy for a Clean Environment,1
2188,"International Journal of Engineering Applied Sciences and Technology, (IJEAST",1
2189,International Journal of Multidisciplinary Engineering in Current Research,1
2190,"International Journal of Innovative Research in Electrical, Electronics, Instrumentation and Control Engineering( IJIREEICE) Volume 12, Issue 5, May",1
2191,International Journal of Intelligent Systems and Applications,1
2192,International Journal of Intelligent Information and Database Systems,1
2193,"International Journal of Intelligent Engineering and Systems, Vol.18, No.1,",1
2194,"International Journal of Intelligent Engineering & Systems, 17(1).",1
2195,"International Journal of Intelligent Engineering & Systems 14 (5), 2021",1
2196,"International Journal of Intelligent Computing and Cybernetics, ISSN: 1756-378X",1
2197,International Journal of Intelligent Computing Research,1
2198,International Journal of Integrated Research and Practice,1
2199,"International Journal of Innovative Technology and Exploring Engineering …, 2019",1
2200,"International Journal of Innovative Technology and Exploring Engineering 9 …, 2019",1
2201,"International Journal of Innovative Technology and Exploring Engineering (IJITEE), ISSN:",1
2202,"International Journal of Innovative Research in Computer and Communication Engineering, ISSN:",1
2203,"International Journal of Information Technology (IJIT), Springer,2021",1
2204,"International Journal of Innovative Research in Computer and Communication Engineering,",1
2205,"International Journal of Innovative Research in Computer and Communication Engineering (IJIRCCE),",1
2206,"International Journal of Innovative Research in Applied Sciences and Engineering[IJIRASE], Volume 4, Issue 10, April",1
2207,International Journal of Innovative Research in Applied Sciences and Engineering,1
2208,International Journal of Innovative Research and Scientific Studies,1
2209,"International Journal of Innovations in Engineering and Technology (IJIET),Volume 16 Issue 2 May",1
2210,International Journal of Innovations in Engineering Research and Technology,1
2211,International Journal of Information and Coding Theory,1
2212,"International Journal of Information Technology, Springer",1
2213,"International Journal of Information Technology, 15(7), 3463-3472.",1
2214,International Journal of Information Technology and Management,1
2215,"International Journal of Intelligent Systems and Applications in Engineering, Volume 11, Year 2023, Pages 975-987",1
2216,"International Journal of Interactive Mobile Technologies, 18(1).",1
2217,International Journal of Interactive Multimedia and Artificial Intelligence,1
2218,International Journal of Internet Protocol Technology,1
2219,International Journal of Modern Physics C,1
2220,"International Journal of Modern Physics B, 2450070,",1
2221,International Journal of Modelling Identification and Control,1
2222,International Journal of Microwave and Wireless Technologies,1
2223,International Journal of Microwave Engineering,1
2224,International Journal of Mechanical Engineering and Research,1
2225,International Journal of Mechanical Engineering and Applications,1
2226,International Journal of Mathematical Sciences and Computing,1
2227,International Journal of Mathematical Education in Science and Technology,1
2228,International Journal of Materials and Structural Integrity,1
2229,International Journal of Materials and Product Technology,1
2230,International Journal of Materials Engineering Innovation,1
2231,International Journal of Masonry Research and Innovation,1
2232,"International Journal of Management, Technology, and Social Sciences",1
2233,International Journal of Machine Learning and Cybernetics,1
2234,International Journal of Machine Learning and Computing,1
2235,International Journal of Lightweight Materials and Manufacture,1
2236,International Journal of Learning and Change,1
2237,International Journal of Knowledge-based and Intelligent Engineering Systems,1
2238,International Journal of Knowledge-Based and Intelligent Engineering Systems,1
2239,International Journal of Knowledge-Based Development,1
2240,International Journal of Knowledge and Systems Science,1
2241,International Journal of Inventive Engineering and Sciences,1
2242,International Journal of Information Technology and Decision Making,1
2243,International Journal of Information Security and Privacy,1
2244,"International Journal of Engineering Applied Sciences and Technology, November",1
2245,International Journal of Engineering Systems Modelling and Simulation,1
2246,International Journal of Environmental Science and Technology,1
2247,International Journal of Environmental Research,1
2248,"International Journal of English Learning & Teaching Skills 1 (3), 211-214, 2019",1
2249,"International Journal of Engineering, Transactions A: Basics",1
2250,"International Journal of Engineering and Manufacturing (IJEM), Vol.15, No.4,",1
2251,International Journal of Engineering and Management Research,1
2252,International Journal of Engineering and Computer Science,1
2253,International Journal of Engineering and Applied Sciences (IJEAS),1
2254,"International Journal of Engineering and Advanced Technology (IJEAT), ISSN:",1
2255,International Journal of Engineering Trends and Technology (IJETT) - Volume 67 Issue 2 - Feb,1
2256,International Journal of Engineering Technology and Management Sciences,1
2257,International Journal of Engineering Sciences,1
2258,International Journal of Information Security,1
2259,International Journal of Engineering Science,1
2260,International Journal of Engineering Research in Mechanical and Civil Engineering (IJERMCE),1
2261,"International Journal of Engineering Research in Electrical and Electronic Engineering (IJEREEE) ,Volume 10 Issue 10 October",1
2262,International Journal of Engineering Research in Computer Science and Engineering,1
2263,"International Journal of Engineering Research in Africa, (Accepted)",1
2264,"International Journal of Engineering Research and Applications,",1
2265,"International Journal of Engineering Research & Technology (IJERT), Volume 9 , July",1
2266,"International Journal of Engineering Research & Technology (IJERT), Vol. 9 Issue 07, July-",1
2267,"International Journal of Engineering Research & Technology (IJERT), Vol. 9 Issue 06, June-",1
2268,International Journal of Engineering Research & Technology (IJERT),1
2269,International Journal of Engineering Materials and Manufacture,1
2270,"International Journal of Environmental Sciences,",1
2271,"International Journal of Environmental Sciences, ISSN:",1
2272,International Journal of Experimental Research and Review,1
2273,"International Journal of Future Generation Communication and Networking, Vol 13, No. 2, Apr 2020, Page: 972-979.",1
2274,International Journal of Information Retrieval Research,1
2275,International Journal of Information Engineering and Electronic Business,1
2276,International Journal of Information Dissemination and Technology,1
2277,International Journal of Industrial Ergonomics,1
2278,"International Journal of Industrial Electronics and Electrical Engineering (IJIEEE) , Volume-11,Issue-9 ( Sep,",1
2279,International Journal of Industrial Chemistry,1
2280,International Journal of Impact Engineering,1
2281,"International Journal of Image, Graphics and Signal Processing (IJIGSP), PP.50-63, Pub. Date:",1
2282,"International Journal of Image, Graphics and Signal Processing",1
2283,International Journal of Image and Graphics,1
2284,International Journal of Image and Data Fusion,1
2285,International Journal of Image Graphics and Signal Processing,1
2286,"International Journal of INTELLIGENT SYSTEMS AND APPLICATIONS IN ENGINEERING,IJISAE, 12(13s), 417–431,",1
2287,"International Journal of Hyperconnectivity and the Internet of Things …, 2024",1
2288,"International Journal of Hydrogen Energy, Vol. 47 (46), 20254-20264",1
2289,"International Journal of Heat and Technology, Vol. 38, No. 4, 817-826, 2020",1
2290,International Journal of Heat and Fluid Flow,1
2291,International Journal of Health Technology and Innovation,1
2292,International Journal of Grid and Utility Computing,1
2293,"International Journal of Geotechnical Engineering 17 (2), 151-161, 2023",1
2294,"International Journal of Geotechnical Engineering 16 (2), 256-262, 2022",1
2295,"International Journal of Geometric Methods in Modern Physics, Volume 18, Issue 02, 2150021, 2021",1
2296,International Journal of Fuzzy Computation and Modelling,1
2297,"‘International Journal of Engineering and Advanced Technology (IJEAT)’, ISSN:",1
