institution,topic_id,publications,patents,grants,theses,total
B.M.S. College of Engineering,-1,837.0,19.0,2.0,5.0,863.0
B.M.S. College of Engineering,52,62.0,0.0,0.0,0.0,62.0
B.M.S. College of Engineering,9,57.0,1.0,0.0,2.0,60.0
B.M.S. College of Engineering,0,1.0,3.0,45.0,8.0,57.0
B.M.S. College of Engineering,17,42.0,2.0,0.0,0.0,44.0
B.M.S. College of Engineering,53,38.0,0.0,0.0,0.0,38.0
B.M.S. College of Engineering,83,31.0,0.0,0.0,0.0,31.0
B.M.S. College of Engineering,1,27.0,1.0,1.0,1.0,30.0
B.M.S. College of Engineering,10,28.0,1.0,0.0,1.0,30.0
B.M.S. College of Engineering,16,29.0,0.0,0.0,1.0,30.0
B.M.S. College of Engineering,25,28.0,0.0,0.0,0.0,28.0
B.M.S. College of Engineering,7,24.0,0.0,0.0,2.0,26.0
B.M.S. College of Engineering,82,23.0,0.0,0.0,0.0,23.0
B.M.S. College of Engineering,55,22.0,0.0,0.0,0.0,22.0
B.M.S. College of Engineering,120,22.0,0.0,0.0,0.0,22.0
B.M.S. College of Engineering,103,21.0,0.0,0.0,0.0,21.0
B.M.S. College of Engineering,21,20.0,0.0,0.0,0.0,20.0
B.M.S. College of Engineering,26,20.0,0.0,0.0,0.0,20.0
B.M.S. College of Engineering,32,19.0,0.0,0.0,0.0,19.0
B.M.S. College of Engineering,72,18.0,0.0,0.0,0.0,18.0
B.M.S. College of Engineering,118,18.0,0.0,0.0,0.0,18.0
B.M.S. College of Engineering,3,14.0,2.0,0.0,1.0,17.0
B.M.S. College of Engineering,36,17.0,0.0,0.0,0.0,17.0
B.M.S. College of Engineering,223,17.0,0.0,0.0,0.0,17.0
B.M.S. College of Engineering,8,12.0,0.0,0.0,4.0,16.0
B.M.S. College of Engineering,176,16.0,0.0,0.0,0.0,16.0
B.M.S. College of Engineering,281,16.0,0.0,0.0,0.0,16.0
B.M.S. College of Engineering,13,7.0,7.0,0.0,1.0,15.0
B.M.S. College of Engineering,46,15.0,0.0,0.0,0.0,15.0
B.M.S. College of Engineering,127,15.0,0.0,0.0,0.0,15.0
B.M.S. College of Engineering,23,14.0,0.0,0.0,0.0,14.0
B.M.S. College of Engineering,37,11.0,3.0,0.0,0.0,14.0
B.M.S. College of Engineering,49,14.0,0.0,0.0,0.0,14.0
B.M.S. College of Engineering,71,14.0,0.0,0.0,0.0,14.0
B.M.S. College of Engineering,148,14.0,0.0,0.0,0.0,14.0
B.M.S. College of Engineering,171,14.0,0.0,0.0,0.0,14.0
B.M.S. College of Engineering,54,13.0,0.0,0.0,0.0,13.0
B.M.S. College of Engineering,66,13.0,0.0,0.0,0.0,13.0
B.M.S. College of Engineering,80,13.0,0.0,0.0,0.0,13.0
B.M.S. College of Engineering,212,13.0,0.0,0.0,0.0,13.0
B.M.S. College of Engineering,287,13.0,0.0,0.0,0.0,13.0
B.M.S. College of Engineering,19,12.0,0.0,0.0,0.0,12.0
B.M.S. College of Engineering,27,12.0,0.0,0.0,0.0,12.0
B.M.S. College of Engineering,51,12.0,0.0,0.0,0.0,12.0
B.M.S. College of Engineering,57,12.0,0.0,0.0,0.0,12.0
B.M.S. College of Engineering,60,12.0,0.0,0.0,0.0,12.0
B.M.S. College of Engineering,178,12.0,0.0,0.0,0.0,12.0
B.M.S. College of Engineering,243,12.0,0.0,0.0,0.0,12.0
B.M.S. College of Engineering,346,12.0,0.0,0.0,0.0,12.0
B.M.S. College of Engineering,357,12.0,0.0,0.0,0.0,12.0
B.M.S. College of Engineering,44,11.0,0.0,0.0,0.0,11.0
B.M.S. College of Engineering,76,11.0,0.0,0.0,0.0,11.0
B.M.S. College of Engineering,106,11.0,0.0,0.0,0.0,11.0
B.M.S. College of Engineering,112,11.0,0.0,0.0,0.0,11.0
B.M.S. College of Engineering,158,11.0,0.0,0.0,0.0,11.0
B.M.S. College of Engineering,2,4.0,2.0,0.0,4.0,10.0
B.M.S. College of Engineering,11,8.0,2.0,0.0,0.0,10.0
B.M.S. College of Engineering,14,9.0,1.0,0.0,0.0,10.0
B.M.S. College of Engineering,20,9.0,1.0,0.0,0.0,10.0
B.M.S. College of Engineering,38,10.0,0.0,0.0,0.0,10.0
B.M.S. College of Engineering,47,10.0,0.0,0.0,0.0,10.0
B.M.S. College of Engineering,70,10.0,0.0,0.0,0.0,10.0
B.M.S. College of Engineering,107,10.0,0.0,0.0,0.0,10.0
B.M.S. College of Engineering,159,10.0,0.0,0.0,0.0,10.0
B.M.S. College of Engineering,211,10.0,0.0,0.0,0.0,10.0
B.M.S. College of Engineering,226,10.0,0.0,0.0,0.0,10.0
B.M.S. College of Engineering,77,9.0,0.0,0.0,0.0,9.0
B.M.S. College of Engineering,143,9.0,0.0,0.0,0.0,9.0
B.M.S. College of Engineering,217,9.0,0.0,0.0,0.0,9.0
B.M.S. College of Engineering,279,9.0,0.0,0.0,0.0,9.0
B.M.S. College of Engineering,42,8.0,0.0,0.0,0.0,8.0
B.M.S. College of Engineering,59,8.0,0.0,0.0,0.0,8.0
B.M.S. College of Engineering,64,8.0,0.0,0.0,0.0,8.0
B.M.S. College of Engineering,90,8.0,0.0,0.0,0.0,8.0
B.M.S. College of Engineering,95,8.0,0.0,0.0,0.0,8.0
B.M.S. College of Engineering,110,8.0,0.0,0.0,0.0,8.0
B.M.S. College of Engineering,202,8.0,0.0,0.0,0.0,8.0
B.M.S. College of Engineering,266,8.0,0.0,0.0,0.0,8.0
B.M.S. College of Engineering,278,8.0,0.0,0.0,0.0,8.0
B.M.S. College of Engineering,365,8.0,0.0,0.0,0.0,8.0
B.M.S. College of Engineering,366,8.0,0.0,0.0,0.0,8.0
B.M.S. College of Engineering,97,7.0,0.0,0.0,0.0,7.0
B.M.S. College of Engineering,115,7.0,0.0,0.0,0.0,7.0
B.M.S. College of Engineering,117,7.0,0.0,0.0,0.0,7.0
B.M.S. College of Engineering,351,7.0,0.0,0.0,0.0,7.0
B.M.S. College of Engineering,45,6.0,0.0,0.0,0.0,6.0
B.M.S. College of Engineering,67,6.0,0.0,0.0,0.0,6.0
B.M.S. College of Engineering,109,6.0,0.0,0.0,0.0,6.0
B.M.S. College of Engineering,164,6.0,0.0,0.0,0.0,6.0
B.M.S. College of Engineering,175,6.0,0.0,0.0,0.0,6.0
B.M.S. College of Engineering,194,6.0,0.0,0.0,0.0,6.0
B.M.S. College of Engineering,277,6.0,0.0,0.0,0.0,6.0
B.M.S. College of Engineering,295,6.0,0.0,0.0,0.0,6.0
B.M.S. College of Engineering,301,6.0,0.0,0.0,0.0,6.0
B.M.S. College of Engineering,316,6.0,0.0,0.0,0.0,6.0
B.M.S. College of Engineering,331,6.0,0.0,0.0,0.0,6.0
B.M.S. College of Engineering,360,6.0,0.0,0.0,0.0,6.0
B.M.S. College of Engineering,361,6.0,0.0,0.0,0.0,6.0
B.M.S. College of Engineering,6,2.0,2.0,0.0,1.0,5.0
B.M.S. College of Engineering,43,5.0,0.0,0.0,0.0,5.0
B.M.S. College of Engineering,101,5.0,0.0,0.0,0.0,5.0
B.M.S. College of Engineering,137,5.0,0.0,0.0,0.0,5.0
B.M.S. College of Engineering,140,5.0,0.0,0.0,0.0,5.0
B.M.S. College of Engineering,142,5.0,0.0,0.0,0.0,5.0
B.M.S. College of Engineering,149,5.0,0.0,0.0,0.0,5.0
B.M.S. College of Engineering,161,5.0,0.0,0.0,0.0,5.0
B.M.S. College of Engineering,163,5.0,0.0,0.0,0.0,5.0
B.M.S. College of Engineering,229,5.0,0.0,0.0,0.0,5.0
B.M.S. College of Engineering,269,5.0,0.0,0.0,0.0,5.0
B.M.S. College of Engineering,310,5.0,0.0,0.0,0.0,5.0
B.M.S. College of Engineering,319,5.0,0.0,0.0,0.0,5.0
B.M.S. College of Engineering,321,5.0,0.0,0.0,0.0,5.0
B.M.S. College of Engineering,342,5.0,0.0,0.0,0.0,5.0
B.M.S. College of Engineering,368,5.0,0.0,0.0,0.0,5.0
B.M.S. College of Engineering,377,5.0,0.0,0.0,0.0,5.0
B.M.S. College of Engineering,419,5.0,0.0,0.0,0.0,5.0
B.M.S. College of Engineering,5,2.0,2.0,0.0,0.0,4.0
B.M.S. College of Engineering,34,4.0,0.0,0.0,0.0,4.0
B.M.S. College of Engineering,62,4.0,0.0,0.0,0.0,4.0
B.M.S. College of Engineering,69,4.0,0.0,0.0,0.0,4.0
B.M.S. College of Engineering,78,4.0,0.0,0.0,0.0,4.0
B.M.S. College of Engineering,91,4.0,0.0,0.0,0.0,4.0
B.M.S. College of Engineering,99,4.0,0.0,0.0,0.0,4.0
B.M.S. College of Engineering,129,4.0,0.0,0.0,0.0,4.0
B.M.S. College of Engineering,145,4.0,0.0,0.0,0.0,4.0
B.M.S. College of Engineering,191,4.0,0.0,0.0,0.0,4.0
B.M.S. College of Engineering,228,4.0,0.0,0.0,0.0,4.0
B.M.S. College of Engineering,231,4.0,0.0,0.0,0.0,4.0
B.M.S. College of Engineering,232,4.0,0.0,0.0,0.0,4.0
B.M.S. College of Engineering,237,4.0,0.0,0.0,0.0,4.0
B.M.S. College of Engineering,249,4.0,0.0,0.0,0.0,4.0
B.M.S. College of Engineering,258,4.0,0.0,0.0,0.0,4.0
B.M.S. College of Engineering,270,4.0,0.0,0.0,0.0,4.0
B.M.S. College of Engineering,291,4.0,0.0,0.0,0.0,4.0
B.M.S. College of Engineering,303,4.0,0.0,0.0,0.0,4.0
B.M.S. College of Engineering,332,4.0,0.0,0.0,0.0,4.0
B.M.S. College of Engineering,334,4.0,0.0,0.0,0.0,4.0
B.M.S. College of Engineering,362,4.0,0.0,0.0,0.0,4.0
B.M.S. College of Engineering,406,4.0,0.0,0.0,0.0,4.0
B.M.S. College of Engineering,422,4.0,0.0,0.0,0.0,4.0
B.M.S. College of Engineering,423,4.0,0.0,0.0,0.0,4.0
B.M.S. College of Engineering,15,2.0,1.0,0.0,0.0,3.0
B.M.S. College of Engineering,39,3.0,0.0,0.0,0.0,3.0
B.M.S. College of Engineering,96,3.0,0.0,0.0,0.0,3.0
B.M.S. College of Engineering,125,3.0,0.0,0.0,0.0,3.0
B.M.S. College of Engineering,153,3.0,0.0,0.0,0.0,3.0
B.M.S. College of Engineering,157,3.0,0.0,0.0,0.0,3.0
B.M.S. College of Engineering,165,3.0,0.0,0.0,0.0,3.0
B.M.S. College of Engineering,205,3.0,0.0,0.0,0.0,3.0
B.M.S. College of Engineering,215,3.0,0.0,0.0,0.0,3.0
B.M.S. College of Engineering,233,3.0,0.0,0.0,0.0,3.0
B.M.S. College of Engineering,241,3.0,0.0,0.0,0.0,3.0
B.M.S. College of Engineering,268,3.0,0.0,0.0,0.0,3.0
B.M.S. College of Engineering,286,3.0,0.0,0.0,0.0,3.0
B.M.S. College of Engineering,290,3.0,0.0,0.0,0.0,3.0
B.M.S. College of Engineering,312,3.0,0.0,0.0,0.0,3.0
B.M.S. College of Engineering,318,3.0,0.0,0.0,0.0,3.0
B.M.S. College of Engineering,347,3.0,0.0,0.0,0.0,3.0
B.M.S. College of Engineering,359,3.0,0.0,0.0,0.0,3.0
B.M.S. College of Engineering,384,3.0,0.0,0.0,0.0,3.0
B.M.S. College of Engineering,410,3.0,0.0,0.0,0.0,3.0
B.M.S. College of Engineering,411,3.0,0.0,0.0,0.0,3.0
B.M.S. College of Engineering,413,3.0,0.0,0.0,0.0,3.0
B.M.S. College of Engineering,430,3.0,0.0,0.0,0.0,3.0
B.M.S. College of Engineering,33,2.0,0.0,0.0,0.0,2.0
B.M.S. College of Engineering,65,2.0,0.0,0.0,0.0,2.0
B.M.S. College of Engineering,68,2.0,0.0,0.0,0.0,2.0
B.M.S. College of Engineering,114,2.0,0.0,0.0,0.0,2.0
B.M.S. College of Engineering,136,2.0,0.0,0.0,0.0,2.0
B.M.S. College of Engineering,146,2.0,0.0,0.0,0.0,2.0
B.M.S. College of Engineering,147,2.0,0.0,0.0,0.0,2.0
B.M.S. College of Engineering,172,2.0,0.0,0.0,0.0,2.0
B.M.S. College of Engineering,210,2.0,0.0,0.0,0.0,2.0
B.M.S. College of Engineering,216,2.0,0.0,0.0,0.0,2.0
B.M.S. College of Engineering,220,2.0,0.0,0.0,0.0,2.0
B.M.S. College of Engineering,230,2.0,0.0,0.0,0.0,2.0
B.M.S. College of Engineering,239,2.0,0.0,0.0,0.0,2.0
B.M.S. College of Engineering,253,2.0,0.0,0.0,0.0,2.0
B.M.S. College of Engineering,284,2.0,0.0,0.0,0.0,2.0
B.M.S. College of Engineering,289,2.0,0.0,0.0,0.0,2.0
B.M.S. College of Engineering,293,2.0,0.0,0.0,0.0,2.0
B.M.S. College of Engineering,298,2.0,0.0,0.0,0.0,2.0
B.M.S. College of Engineering,320,2.0,0.0,0.0,0.0,2.0
B.M.S. College of Engineering,328,2.0,0.0,0.0,0.0,2.0
B.M.S. College of Engineering,333,2.0,0.0,0.0,0.0,2.0
B.M.S. College of Engineering,335,2.0,0.0,0.0,0.0,2.0
B.M.S. College of Engineering,339,2.0,0.0,0.0,0.0,2.0
B.M.S. College of Engineering,341,2.0,0.0,0.0,0.0,2.0
B.M.S. College of Engineering,343,2.0,0.0,0.0,0.0,2.0
B.M.S. College of Engineering,344,2.0,0.0,0.0,0.0,2.0
B.M.S. College of Engineering,375,2.0,0.0,0.0,0.0,2.0
B.M.S. College of Engineering,385,2.0,0.0,0.0,0.0,2.0
B.M.S. College of Engineering,389,2.0,0.0,0.0,0.0,2.0
B.M.S. College of Engineering,393,2.0,0.0,0.0,0.0,2.0
B.M.S. College of Engineering,394,2.0,0.0,0.0,0.0,2.0
B.M.S. College of Engineering,398,2.0,0.0,0.0,0.0,2.0
B.M.S. College of Engineering,405,2.0,0.0,0.0,0.0,2.0
B.M.S. College of Engineering,416,2.0,0.0,0.0,0.0,2.0
B.M.S. College of Engineering,424,2.0,0.0,0.0,0.0,2.0
B.M.S. College of Engineering,428,2.0,0.0,0.0,0.0,2.0
B.M.S. College of Engineering,429,2.0,0.0,0.0,0.0,2.0
B.M.S. College of Engineering,4,0.0,1.0,0.0,0.0,1.0
B.M.S. College of Engineering,18,1.0,0.0,0.0,0.0,1.0
B.M.S. College of Engineering,22,1.0,0.0,0.0,0.0,1.0
B.M.S. College of Engineering,24,1.0,0.0,0.0,0.0,1.0
B.M.S. College of Engineering,28,1.0,0.0,0.0,0.0,1.0
B.M.S. College of Engineering,31,1.0,0.0,0.0,0.0,1.0
B.M.S. College of Engineering,40,1.0,0.0,0.0,0.0,1.0
B.M.S. College of Engineering,50,1.0,0.0,0.0,0.0,1.0
B.M.S. College of Engineering,61,1.0,0.0,0.0,0.0,1.0
B.M.S. College of Engineering,73,1.0,0.0,0.0,0.0,1.0
B.M.S. College of Engineering,74,1.0,0.0,0.0,0.0,1.0
B.M.S. College of Engineering,81,1.0,0.0,0.0,0.0,1.0
B.M.S. College of Engineering,85,1.0,0.0,0.0,0.0,1.0
B.M.S. College of Engineering,86,1.0,0.0,0.0,0.0,1.0
B.M.S. College of Engineering,94,1.0,0.0,0.0,0.0,1.0
B.M.S. College of Engineering,111,1.0,0.0,0.0,0.0,1.0
B.M.S. College of Engineering,134,1.0,0.0,0.0,0.0,1.0
B.M.S. College of Engineering,135,1.0,0.0,0.0,0.0,1.0
B.M.S. College of Engineering,138,1.0,0.0,0.0,0.0,1.0
B.M.S. College of Engineering,141,1.0,0.0,0.0,0.0,1.0
B.M.S. College of Engineering,144,1.0,0.0,0.0,0.0,1.0
B.M.S. College of Engineering,152,1.0,0.0,0.0,0.0,1.0
B.M.S. College of Engineering,177,1.0,0.0,0.0,0.0,1.0
B.M.S. College of Engineering,181,1.0,0.0,0.0,0.0,1.0
B.M.S. College of Engineering,183,1.0,0.0,0.0,0.0,1.0
B.M.S. College of Engineering,186,1.0,0.0,0.0,0.0,1.0
B.M.S. College of Engineering,187,1.0,0.0,0.0,0.0,1.0
B.M.S. College of Engineering,188,1.0,0.0,0.0,0.0,1.0
B.M.S. College of Engineering,196,1.0,0.0,0.0,0.0,1.0
B.M.S. College of Engineering,199,1.0,0.0,0.0,0.0,1.0
B.M.S. College of Engineering,204,1.0,0.0,0.0,0.0,1.0
B.M.S. College of Engineering,234,1.0,0.0,0.0,0.0,1.0
B.M.S. College of Engineering,238,1.0,0.0,0.0,0.0,1.0
B.M.S. College of Engineering,240,1.0,0.0,0.0,0.0,1.0
B.M.S. College of Engineering,254,1.0,0.0,0.0,0.0,1.0
B.M.S. College of Engineering,259,1.0,0.0,0.0,0.0,1.0
B.M.S. College of Engineering,271,1.0,0.0,0.0,0.0,1.0
B.M.S. College of Engineering,297,1.0,0.0,0.0,0.0,1.0
B.M.S. College of Engineering,304,1.0,0.0,0.0,0.0,1.0
B.M.S. College of Engineering,305,1.0,0.0,0.0,0.0,1.0
B.M.S. College of Engineering,308,1.0,0.0,0.0,0.0,1.0
B.M.S. College of Engineering,324,1.0,0.0,0.0,0.0,1.0
B.M.S. College of Engineering,353,1.0,0.0,0.0,0.0,1.0
B.M.S. College of Engineering,367,1.0,0.0,0.0,0.0,1.0
B.M.S. College of Engineering,371,1.0,0.0,0.0,0.0,1.0
B.M.S. College of Engineering,392,1.0,0.0,0.0,0.0,1.0
B.M.S. College of Engineering,397,1.0,0.0,0.0,0.0,1.0
B.M.S. College of Engineering,401,1.0,0.0,0.0,0.0,1.0
B.M.S. College of Engineering,402,1.0,0.0,0.0,0.0,1.0
B.M.S. College of Engineering,415,1.0,0.0,0.0,0.0,1.0
B.M.S. College of Engineering,431,1.0,0.0,0.0,0.0,1.0
CMR Institute of Technology,-1,935.0,179.0,3.0,15.0,1132.0
CMR Institute of Technology,0,18.0,35.0,57.0,3.0,113.0
CMR Institute of Technology,86,56.0,0.0,0.0,0.0,56.0
CMR Institute of Technology,5,33.0,20.0,0.0,1.0,54.0
CMR Institute of Technology,34,44.0,7.0,0.0,0.0,51.0
CMR Institute of Technology,7,27.0,18.0,0.0,4.0,49.0
CMR Institute of Technology,19,27.0,12.0,0.0,0.0,39.0
CMR Institute of Technology,66,39.0,0.0,0.0,0.0,39.0
CMR Institute of Technology,9,14.0,18.0,0.0,6.0,38.0
CMR Institute of Technology,11,14.0,22.0,0.0,1.0,37.0
CMR Institute of Technology,1,3.0,29.0,0.0,1.0,33.0
CMR Institute of Technology,20,30.0,1.0,0.0,0.0,31.0
CMR Institute of Technology,25,28.0,1.0,0.0,0.0,29.0
CMR Institute of Technology,4,19.0,4.0,0.0,5.0,28.0
CMR Institute of Technology,31,27.0,1.0,0.0,0.0,28.0
CMR Institute of Technology,2,0.0,27.0,0.0,0.0,27.0
CMR Institute of Technology,8,11.0,10.0,0.0,4.0,25.0
CMR Institute of Technology,32,20.0,5.0,0.0,0.0,25.0
CMR Institute of Technology,21,19.0,5.0,0.0,0.0,24.0
CMR Institute of Technology,38,24.0,0.0,0.0,0.0,24.0
CMR Institute of Technology,106,23.0,0.0,0.0,0.0,23.0
CMR Institute of Technology,23,6.0,15.0,0.0,1.0,22.0
CMR Institute of Technology,82,22.0,0.0,0.0,0.0,22.0
CMR Institute of Technology,10,18.0,1.0,0.0,2.0,21.0
CMR Institute of Technology,17,14.0,7.0,0.0,0.0,21.0
CMR Institute of Technology,55,20.0,0.0,0.0,0.0,20.0
CMR Institute of Technology,69,19.0,0.0,0.0,0.0,19.0
CMR Institute of Technology,37,17.0,1.0,0.0,0.0,18.0
CMR Institute of Technology,195,18.0,0.0,0.0,0.0,18.0
CMR Institute of Technology,12,0.0,16.0,0.0,0.0,16.0
CMR Institute of Technology,36,9.0,7.0,0.0,0.0,16.0
CMR Institute of Technology,70,16.0,0.0,0.0,0.0,16.0
CMR Institute of Technology,153,16.0,0.0,0.0,0.0,16.0
CMR Institute of Technology,33,6.0,9.0,0.0,0.0,15.0
CMR Institute of Technology,171,15.0,0.0,0.0,0.0,15.0
CMR Institute of Technology,46,14.0,0.0,0.0,0.0,14.0
CMR Institute of Technology,63,14.0,0.0,0.0,0.0,14.0
CMR Institute of Technology,54,13.0,0.0,0.0,0.0,13.0
CMR Institute of Technology,83,13.0,0.0,0.0,0.0,13.0
CMR Institute of Technology,143,13.0,0.0,0.0,0.0,13.0
CMR Institute of Technology,258,13.0,0.0,0.0,0.0,13.0
CMR Institute of Technology,6,10.0,1.0,0.0,1.0,12.0
CMR Institute of Technology,76,12.0,0.0,0.0,0.0,12.0
CMR Institute of Technology,14,1.0,10.0,0.0,0.0,11.0
CMR Institute of Technology,24,8.0,2.0,0.0,1.0,11.0
CMR Institute of Technology,26,6.0,5.0,0.0,0.0,11.0
CMR Institute of Technology,30,11.0,0.0,0.0,0.0,11.0
CMR Institute of Technology,39,11.0,0.0,0.0,0.0,11.0
CMR Institute of Technology,158,11.0,0.0,0.0,0.0,11.0
CMR Institute of Technology,323,11.0,0.0,0.0,0.0,11.0
CMR Institute of Technology,29,10.0,0.0,0.0,0.0,10.0
CMR Institute of Technology,107,10.0,0.0,0.0,0.0,10.0
CMR Institute of Technology,115,10.0,0.0,0.0,0.0,10.0
CMR Institute of Technology,135,10.0,0.0,0.0,0.0,10.0
CMR Institute of Technology,149,10.0,0.0,0.0,0.0,10.0
CMR Institute of Technology,278,10.0,0.0,0.0,0.0,10.0
CMR Institute of Technology,42,8.0,1.0,0.0,0.0,9.0
CMR Institute of Technology,43,0.0,9.0,0.0,0.0,9.0
CMR Institute of Technology,64,9.0,0.0,0.0,0.0,9.0
CMR Institute of Technology,80,9.0,0.0,0.0,0.0,9.0
CMR Institute of Technology,90,9.0,0.0,0.0,0.0,9.0
CMR Institute of Technology,97,9.0,0.0,0.0,0.0,9.0
CMR Institute of Technology,103,9.0,0.0,0.0,0.0,9.0
CMR Institute of Technology,118,9.0,0.0,0.0,0.0,9.0
CMR Institute of Technology,389,9.0,0.0,0.0,0.0,9.0
CMR Institute of Technology,392,9.0,0.0,0.0,0.0,9.0
CMR Institute of Technology,396,9.0,0.0,0.0,0.0,9.0
CMR Institute of Technology,13,6.0,1.0,0.0,1.0,8.0
CMR Institute of Technology,53,8.0,0.0,0.0,0.0,8.0
CMR Institute of Technology,67,8.0,0.0,0.0,0.0,8.0
CMR Institute of Technology,71,8.0,0.0,0.0,0.0,8.0
CMR Institute of Technology,120,8.0,0.0,0.0,0.0,8.0
CMR Institute of Technology,121,8.0,0.0,0.0,0.0,8.0
CMR Institute of Technology,129,8.0,0.0,0.0,0.0,8.0
CMR Institute of Technology,240,8.0,0.0,0.0,0.0,8.0
CMR Institute of Technology,279,8.0,0.0,0.0,0.0,8.0
CMR Institute of Technology,301,8.0,0.0,0.0,0.0,8.0
CMR Institute of Technology,47,7.0,0.0,0.0,0.0,7.0
CMR Institute of Technology,49,7.0,0.0,0.0,0.0,7.0
CMR Institute of Technology,91,7.0,0.0,0.0,0.0,7.0
CMR Institute of Technology,191,7.0,0.0,0.0,0.0,7.0
CMR Institute of Technology,211,7.0,0.0,0.0,0.0,7.0
CMR Institute of Technology,220,7.0,0.0,0.0,0.0,7.0
CMR Institute of Technology,410,7.0,0.0,0.0,0.0,7.0
CMR Institute of Technology,28,6.0,0.0,0.0,0.0,6.0
CMR Institute of Technology,48,6.0,0.0,0.0,0.0,6.0
CMR Institute of Technology,95,6.0,0.0,0.0,0.0,6.0
CMR Institute of Technology,142,6.0,0.0,0.0,0.0,6.0
CMR Institute of Technology,157,6.0,0.0,0.0,0.0,6.0
CMR Institute of Technology,163,6.0,0.0,0.0,0.0,6.0
CMR Institute of Technology,188,6.0,0.0,0.0,0.0,6.0
CMR Institute of Technology,194,6.0,0.0,0.0,0.0,6.0
CMR Institute of Technology,224,6.0,0.0,0.0,0.0,6.0
CMR Institute of Technology,233,6.0,0.0,0.0,0.0,6.0
CMR Institute of Technology,293,6.0,0.0,0.0,0.0,6.0
CMR Institute of Technology,388,6.0,0.0,0.0,0.0,6.0
CMR Institute of Technology,3,0.0,5.0,0.0,0.0,5.0
CMR Institute of Technology,77,5.0,0.0,0.0,0.0,5.0
CMR Institute of Technology,96,5.0,0.0,0.0,0.0,5.0
CMR Institute of Technology,122,5.0,0.0,0.0,0.0,5.0
CMR Institute of Technology,127,5.0,0.0,0.0,0.0,5.0
CMR Institute of Technology,136,5.0,0.0,0.0,0.0,5.0
CMR Institute of Technology,216,5.0,0.0,0.0,0.0,5.0
CMR Institute of Technology,228,5.0,0.0,0.0,0.0,5.0
CMR Institute of Technology,229,5.0,0.0,0.0,0.0,5.0
CMR Institute of Technology,286,5.0,0.0,0.0,0.0,5.0
CMR Institute of Technology,291,5.0,0.0,0.0,0.0,5.0
CMR Institute of Technology,298,5.0,0.0,0.0,0.0,5.0
CMR Institute of Technology,361,5.0,0.0,0.0,0.0,5.0
CMR Institute of Technology,401,5.0,0.0,0.0,0.0,5.0
CMR Institute of Technology,27,2.0,2.0,0.0,0.0,4.0
CMR Institute of Technology,45,4.0,0.0,0.0,0.0,4.0
CMR Institute of Technology,51,4.0,0.0,0.0,0.0,4.0
CMR Institute of Technology,61,4.0,0.0,0.0,0.0,4.0
CMR Institute of Technology,125,4.0,0.0,0.0,0.0,4.0
CMR Institute of Technology,134,4.0,0.0,0.0,0.0,4.0
CMR Institute of Technology,141,4.0,0.0,0.0,0.0,4.0
CMR Institute of Technology,146,4.0,0.0,0.0,0.0,4.0
CMR Institute of Technology,161,4.0,0.0,0.0,0.0,4.0
CMR Institute of Technology,186,4.0,0.0,0.0,0.0,4.0
CMR Institute of Technology,226,4.0,0.0,0.0,0.0,4.0
CMR Institute of Technology,241,4.0,0.0,0.0,0.0,4.0
CMR Institute of Technology,260,4.0,0.0,0.0,0.0,4.0
CMR Institute of Technology,289,4.0,0.0,0.0,0.0,4.0
CMR Institute of Technology,305,4.0,0.0,0.0,0.0,4.0
CMR Institute of Technology,316,4.0,0.0,0.0,0.0,4.0
CMR Institute of Technology,329,4.0,0.0,0.0,0.0,4.0
CMR Institute of Technology,347,4.0,0.0,0.0,0.0,4.0
CMR Institute of Technology,359,4.0,0.0,0.0,0.0,4.0
CMR Institute of Technology,15,2.0,0.0,0.0,1.0,3.0
CMR Institute of Technology,16,1.0,0.0,0.0,2.0,3.0
CMR Institute of Technology,58,3.0,0.0,0.0,0.0,3.0
CMR Institute of Technology,68,3.0,0.0,0.0,0.0,3.0
CMR Institute of Technology,74,3.0,0.0,0.0,0.0,3.0
CMR Institute of Technology,93,3.0,0.0,0.0,0.0,3.0
CMR Institute of Technology,109,3.0,0.0,0.0,0.0,3.0
CMR Institute of Technology,110,3.0,0.0,0.0,0.0,3.0
CMR Institute of Technology,126,3.0,0.0,0.0,0.0,3.0
CMR Institute of Technology,138,3.0,0.0,0.0,0.0,3.0
CMR Institute of Technology,140,3.0,0.0,0.0,0.0,3.0
CMR Institute of Technology,147,3.0,0.0,0.0,0.0,3.0
CMR Institute of Technology,159,3.0,0.0,0.0,0.0,3.0
CMR Institute of Technology,165,3.0,0.0,0.0,0.0,3.0
CMR Institute of Technology,172,3.0,0.0,0.0,0.0,3.0
CMR Institute of Technology,187,3.0,0.0,0.0,0.0,3.0
CMR Institute of Technology,239,3.0,0.0,0.0,0.0,3.0
CMR Institute of Technology,268,3.0,0.0,0.0,0.0,3.0
CMR Institute of Technology,287,3.0,0.0,0.0,0.0,3.0
CMR Institute of Technology,314,3.0,0.0,0.0,0.0,3.0
CMR Institute of Technology,315,3.0,0.0,0.0,0.0,3.0
CMR Institute of Technology,324,3.0,0.0,0.0,0.0,3.0
CMR Institute of Technology,335,3.0,0.0,0.0,0.0,3.0
CMR Institute of Technology,391,3.0,0.0,0.0,0.0,3.0
CMR Institute of Technology,399,3.0,0.0,0.0,0.0,3.0
CMR Institute of Technology,417,3.0,0.0,0.0,0.0,3.0
CMR Institute of Technology,422,3.0,0.0,0.0,0.0,3.0
CMR Institute of Technology,425,3.0,0.0,0.0,0.0,3.0
CMR Institute of Technology,431,3.0,0.0,0.0,0.0,3.0
CMR Institute of Technology,22,1.0,1.0,0.0,0.0,2.0
CMR Institute of Technology,44,2.0,0.0,0.0,0.0,2.0
CMR Institute of Technology,65,2.0,0.0,0.0,0.0,2.0
CMR Institute of Technology,78,2.0,0.0,0.0,0.0,2.0
CMR Institute of Technology,101,2.0,0.0,0.0,0.0,2.0
CMR Institute of Technology,102,2.0,0.0,0.0,0.0,2.0
CMR Institute of Technology,114,2.0,0.0,0.0,0.0,2.0
CMR Institute of Technology,117,2.0,0.0,0.0,0.0,2.0
CMR Institute of Technology,130,2.0,0.0,0.0,0.0,2.0
CMR Institute of Technology,144,2.0,0.0,0.0,0.0,2.0
CMR Institute of Technology,154,2.0,0.0,0.0,0.0,2.0
CMR Institute of Technology,175,2.0,0.0,0.0,0.0,2.0
CMR Institute of Technology,179,2.0,0.0,0.0,0.0,2.0
CMR Institute of Technology,200,2.0,0.0,0.0,0.0,2.0
CMR Institute of Technology,201,2.0,0.0,0.0,0.0,2.0
CMR Institute of Technology,221,2.0,0.0,0.0,0.0,2.0
CMR Institute of Technology,227,2.0,0.0,0.0,0.0,2.0
CMR Institute of Technology,230,2.0,0.0,0.0,0.0,2.0
CMR Institute of Technology,238,2.0,0.0,0.0,0.0,2.0
CMR Institute of Technology,250,2.0,0.0,0.0,0.0,2.0
CMR Institute of Technology,270,2.0,0.0,0.0,0.0,2.0
CMR Institute of Technology,299,2.0,0.0,0.0,0.0,2.0
CMR Institute of Technology,321,2.0,0.0,0.0,0.0,2.0
CMR Institute of Technology,332,2.0,0.0,0.0,0.0,2.0
CMR Institute of Technology,333,2.0,0.0,0.0,0.0,2.0
CMR Institute of Technology,339,2.0,0.0,0.0,0.0,2.0
CMR Institute of Technology,342,2.0,0.0,0.0,0.0,2.0
CMR Institute of Technology,402,2.0,0.0,0.0,0.0,2.0
CMR Institute of Technology,405,2.0,0.0,0.0,0.0,2.0
CMR Institute of Technology,413,2.0,0.0,0.0,0.0,2.0
CMR Institute of Technology,426,2.0,0.0,0.0,0.0,2.0
CMR Institute of Technology,429,2.0,0.0,0.0,0.0,2.0
CMR Institute of Technology,18,1.0,0.0,0.0,0.0,1.0
CMR Institute of Technology,35,1.0,0.0,0.0,0.0,1.0
CMR Institute of Technology,52,1.0,0.0,0.0,0.0,1.0
CMR Institute of Technology,59,1.0,0.0,0.0,0.0,1.0
CMR Institute of Technology,60,1.0,0.0,0.0,0.0,1.0
CMR Institute of Technology,62,1.0,0.0,0.0,0.0,1.0
CMR Institute of Technology,72,1.0,0.0,0.0,0.0,1.0
CMR Institute of Technology,79,1.0,0.0,0.0,0.0,1.0
CMR Institute of Technology,85,1.0,0.0,0.0,0.0,1.0
CMR Institute of Technology,99,1.0,0.0,0.0,0.0,1.0
CMR Institute of Technology,111,1.0,0.0,0.0,0.0,1.0
CMR Institute of Technology,133,1.0,0.0,0.0,0.0,1.0
CMR Institute of Technology,148,1.0,0.0,0.0,0.0,1.0
CMR Institute of Technology,162,1.0,0.0,0.0,0.0,1.0
CMR Institute of Technology,169,1.0,0.0,0.0,0.0,1.0
CMR Institute of Technology,177,1.0,0.0,0.0,0.0,1.0
CMR Institute of Technology,181,1.0,0.0,0.0,0.0,1.0
CMR Institute of Technology,183,1.0,0.0,0.0,0.0,1.0
CMR Institute of Technology,189,1.0,0.0,0.0,0.0,1.0
CMR Institute of Technology,196,1.0,0.0,0.0,0.0,1.0
CMR Institute of Technology,199,1.0,0.0,0.0,0.0,1.0
CMR Institute of Technology,202,1.0,0.0,0.0,0.0,1.0
CMR Institute of Technology,203,1.0,0.0,0.0,0.0,1.0
CMR Institute of Technology,205,1.0,0.0,0.0,0.0,1.0
CMR Institute of Technology,210,1.0,0.0,0.0,0.0,1.0
CMR Institute of Technology,212,1.0,0.0,0.0,0.0,1.0
CMR Institute of Technology,215,1.0,0.0,0.0,0.0,1.0
CMR Institute of Technology,218,1.0,0.0,0.0,0.0,1.0
CMR Institute of Technology,219,1.0,0.0,0.0,0.0,1.0
CMR Institute of Technology,223,1.0,0.0,0.0,0.0,1.0
CMR Institute of Technology,234,1.0,0.0,0.0,0.0,1.0
CMR Institute of Technology,242,1.0,0.0,0.0,0.0,1.0
CMR Institute of Technology,259,1.0,0.0,0.0,0.0,1.0
CMR Institute of Technology,271,1.0,0.0,0.0,0.0,1.0
CMR Institute of Technology,272,1.0,0.0,0.0,0.0,1.0
CMR Institute of Technology,275,1.0,0.0,0.0,0.0,1.0
CMR Institute of Technology,294,1.0,0.0,0.0,0.0,1.0
CMR Institute of Technology,310,1.0,0.0,0.0,0.0,1.0
CMR Institute of Technology,312,1.0,0.0,0.0,0.0,1.0
CMR Institute of Technology,317,1.0,0.0,0.0,0.0,1.0
CMR Institute of Technology,318,1.0,0.0,0.0,0.0,1.0
CMR Institute of Technology,320,1.0,0.0,0.0,0.0,1.0
CMR Institute of Technology,327,1.0,0.0,0.0,0.0,1.0
CMR Institute of Technology,328,1.0,0.0,0.0,0.0,1.0
CMR Institute of Technology,341,1.0,0.0,0.0,0.0,1.0
CMR Institute of Technology,343,1.0,0.0,0.0,0.0,1.0
CMR Institute of Technology,348,1.0,0.0,0.0,0.0,1.0
CMR Institute of Technology,350,1.0,0.0,0.0,0.0,1.0
CMR Institute of Technology,351,1.0,0.0,0.0,0.0,1.0
CMR Institute of Technology,355,1.0,0.0,0.0,0.0,1.0
CMR Institute of Technology,356,1.0,0.0,0.0,0.0,1.0
CMR Institute of Technology,360,1.0,0.0,0.0,0.0,1.0
CMR Institute of Technology,364,1.0,0.0,0.0,0.0,1.0
CMR Institute of Technology,365,1.0,0.0,0.0,0.0,1.0
CMR Institute of Technology,366,1.0,0.0,0.0,0.0,1.0
CMR Institute of Technology,367,1.0,0.0,0.0,0.0,1.0
CMR Institute of Technology,368,1.0,0.0,0.0,0.0,1.0
CMR Institute of Technology,372,1.0,0.0,0.0,0.0,1.0
CMR Institute of Technology,375,1.0,0.0,0.0,0.0,1.0
CMR Institute of Technology,376,1.0,0.0,0.0,0.0,1.0
CMR Institute of Technology,393,1.0,0.0,0.0,0.0,1.0
CMR Institute of Technology,397,1.0,0.0,0.0,0.0,1.0
CMR Institute of Technology,411,1.0,0.0,0.0,0.0,1.0
CMR Institute of Technology,415,1.0,0.0,0.0,0.0,1.0
CMR Institute of Technology,416,1.0,0.0,0.0,0.0,1.0
CMR Institute of Technology,420,1.0,0.0,0.0,0.0,1.0
CMR Institute of Technology,427,1.0,0.0,0.0,0.0,1.0
Dayananda Sagar College of Engineering,-1,283.0,169.0,0.0,11.0,463.0
Dayananda Sagar College of Engineering,0,14.0,46.0,4.0,5.0,69.0
Dayananda Sagar College of Engineering,1,1.0,44.0,1.0,2.0,48.0
Dayananda Sagar College of Engineering,10,14.0,24.0,0.0,1.0,39.0
Dayananda Sagar College of Engineering,2,14.0,20.0,0.0,1.0,35.0
Dayananda Sagar College of Engineering,7,11.0,15.0,0.0,2.0,28.0
Dayananda Sagar College of Engineering,21,9.0,16.0,0.0,1.0,26.0
Dayananda Sagar College of Engineering,5,8.0,15.0,0.0,1.0,24.0
Dayananda Sagar College of Engineering,8,1.0,22.0,0.0,0.0,23.0
Dayananda Sagar College of Engineering,32,20.0,3.0,0.0,0.0,23.0
Dayananda Sagar College of Engineering,213,23.0,0.0,0.0,0.0,23.0
Dayananda Sagar College of Engineering,4,12.0,4.0,0.0,5.0,21.0
Dayananda Sagar College of Engineering,6,8.0,11.0,0.0,0.0,19.0
Dayananda Sagar College of Engineering,12,1.0,15.0,0.0,2.0,18.0
Dayananda Sagar College of Engineering,14,1.0,16.0,0.0,0.0,17.0
Dayananda Sagar College of Engineering,11,5.0,9.0,0.0,2.0,16.0
Dayananda Sagar College of Engineering,17,0.0,16.0,0.0,0.0,16.0
Dayananda Sagar College of Engineering,9,4.0,9.0,0.0,2.0,15.0
Dayananda Sagar College of Engineering,39,15.0,0.0,0.0,0.0,15.0
Dayananda Sagar College of Engineering,23,5.0,8.0,0.0,1.0,14.0
Dayananda Sagar College of Engineering,26,4.0,10.0,0.0,0.0,14.0
Dayananda Sagar College of Engineering,42,13.0,1.0,0.0,0.0,14.0
Dayananda Sagar College of Engineering,54,13.0,0.0,0.0,0.0,13.0
Dayananda Sagar College of Engineering,19,1.0,11.0,0.0,0.0,12.0
Dayananda Sagar College of Engineering,78,12.0,0.0,0.0,0.0,12.0
Dayananda Sagar College of Engineering,38,9.0,2.0,0.0,0.0,11.0
Dayananda Sagar College of Engineering,25,5.0,5.0,0.0,0.0,10.0
Dayananda Sagar College of Engineering,34,6.0,4.0,0.0,0.0,10.0
Dayananda Sagar College of Engineering,31,1.0,8.0,0.0,0.0,9.0
Dayananda Sagar College of Engineering,33,3.0,5.0,0.0,0.0,8.0
Dayananda Sagar College of Engineering,37,6.0,2.0,0.0,0.0,8.0
Dayananda Sagar College of Engineering,3,1.0,5.0,0.0,1.0,7.0
Dayananda Sagar College of Engineering,15,3.0,4.0,0.0,0.0,7.0
Dayananda Sagar College of Engineering,13,2.0,4.0,0.0,0.0,6.0
Dayananda Sagar College of Engineering,49,6.0,0.0,0.0,0.0,6.0
Dayananda Sagar College of Engineering,61,6.0,0.0,0.0,0.0,6.0
Dayananda Sagar College of Engineering,215,6.0,0.0,0.0,0.0,6.0
Dayananda Sagar College of Engineering,36,2.0,3.0,0.0,0.0,5.0
Dayananda Sagar College of Engineering,58,5.0,0.0,0.0,0.0,5.0
Dayananda Sagar College of Engineering,67,5.0,0.0,0.0,0.0,5.0
Dayananda Sagar College of Engineering,134,5.0,0.0,0.0,0.0,5.0
Dayananda Sagar College of Engineering,22,2.0,2.0,0.0,0.0,4.0
Dayananda Sagar College of Engineering,24,0.0,4.0,0.0,0.0,4.0
Dayananda Sagar College of Engineering,76,4.0,0.0,0.0,0.0,4.0
Dayananda Sagar College of Engineering,111,4.0,0.0,0.0,0.0,4.0
Dayananda Sagar College of Engineering,137,4.0,0.0,0.0,0.0,4.0
Dayananda Sagar College of Engineering,179,4.0,0.0,0.0,0.0,4.0
Dayananda Sagar College of Engineering,190,4.0,0.0,0.0,0.0,4.0
Dayananda Sagar College of Engineering,205,4.0,0.0,0.0,0.0,4.0
Dayananda Sagar College of Engineering,249,4.0,0.0,0.0,0.0,4.0
Dayananda Sagar College of Engineering,326,4.0,0.0,0.0,0.0,4.0
Dayananda Sagar College of Engineering,29,3.0,0.0,0.0,0.0,3.0
Dayananda Sagar College of Engineering,44,3.0,0.0,0.0,0.0,3.0
Dayananda Sagar College of Engineering,65,3.0,0.0,0.0,0.0,3.0
Dayananda Sagar College of Engineering,70,3.0,0.0,0.0,0.0,3.0
Dayananda Sagar College of Engineering,74,3.0,0.0,0.0,0.0,3.0
Dayananda Sagar College of Engineering,77,3.0,0.0,0.0,0.0,3.0
Dayananda Sagar College of Engineering,90,3.0,0.0,0.0,0.0,3.0
Dayananda Sagar College of Engineering,109,3.0,0.0,0.0,0.0,3.0
Dayananda Sagar College of Engineering,114,3.0,0.0,0.0,0.0,3.0
Dayananda Sagar College of Engineering,122,3.0,0.0,0.0,0.0,3.0
Dayananda Sagar College of Engineering,144,3.0,0.0,0.0,0.0,3.0
Dayananda Sagar College of Engineering,149,3.0,0.0,0.0,0.0,3.0
Dayananda Sagar College of Engineering,159,3.0,0.0,0.0,0.0,3.0
Dayananda Sagar College of Engineering,228,3.0,0.0,0.0,0.0,3.0
Dayananda Sagar College of Engineering,232,3.0,0.0,0.0,0.0,3.0
Dayananda Sagar College of Engineering,234,3.0,0.0,0.0,0.0,3.0
Dayananda Sagar College of Engineering,241,3.0,0.0,0.0,0.0,3.0
Dayananda Sagar College of Engineering,390,3.0,0.0,0.0,0.0,3.0
Dayananda Sagar College of Engineering,423,3.0,0.0,0.0,0.0,3.0
Dayananda Sagar College of Engineering,430,3.0,0.0,0.0,0.0,3.0
Dayananda Sagar College of Engineering,27,2.0,0.0,0.0,0.0,2.0
Dayananda Sagar College of Engineering,28,2.0,0.0,0.0,0.0,2.0
Dayananda Sagar College of Engineering,83,2.0,0.0,0.0,0.0,2.0
Dayananda Sagar College of Engineering,91,2.0,0.0,0.0,0.0,2.0
Dayananda Sagar College of Engineering,97,2.0,0.0,0.0,0.0,2.0
Dayananda Sagar College of Engineering,103,2.0,0.0,0.0,0.0,2.0
Dayananda Sagar College of Engineering,107,2.0,0.0,0.0,0.0,2.0
Dayananda Sagar College of Engineering,112,2.0,0.0,0.0,0.0,2.0
Dayananda Sagar College of Engineering,115,2.0,0.0,0.0,0.0,2.0
Dayananda Sagar College of Engineering,125,2.0,0.0,0.0,0.0,2.0
Dayananda Sagar College of Engineering,132,2.0,0.0,0.0,0.0,2.0
Dayananda Sagar College of Engineering,140,2.0,0.0,0.0,0.0,2.0
Dayananda Sagar College of Engineering,141,2.0,0.0,0.0,0.0,2.0
Dayananda Sagar College of Engineering,148,2.0,0.0,0.0,0.0,2.0
Dayananda Sagar College of Engineering,153,2.0,0.0,0.0,0.0,2.0
Dayananda Sagar College of Engineering,157,2.0,0.0,0.0,0.0,2.0
Dayananda Sagar College of Engineering,165,2.0,0.0,0.0,0.0,2.0
Dayananda Sagar College of Engineering,185,2.0,0.0,0.0,0.0,2.0
Dayananda Sagar College of Engineering,191,2.0,0.0,0.0,0.0,2.0
Dayananda Sagar College of Engineering,200,2.0,0.0,0.0,0.0,2.0
Dayananda Sagar College of Engineering,227,2.0,0.0,0.0,0.0,2.0
Dayananda Sagar College of Engineering,240,2.0,0.0,0.0,0.0,2.0
Dayananda Sagar College of Engineering,244,2.0,0.0,0.0,0.0,2.0
Dayananda Sagar College of Engineering,273,2.0,0.0,0.0,0.0,2.0
Dayananda Sagar College of Engineering,286,2.0,0.0,0.0,0.0,2.0
Dayananda Sagar College of Engineering,289,2.0,0.0,0.0,0.0,2.0
Dayananda Sagar College of Engineering,293,2.0,0.0,0.0,0.0,2.0
Dayananda Sagar College of Engineering,298,2.0,0.0,0.0,0.0,2.0
Dayananda Sagar College of Engineering,314,2.0,0.0,0.0,0.0,2.0
Dayananda Sagar College of Engineering,320,2.0,0.0,0.0,0.0,2.0
Dayananda Sagar College of Engineering,358,2.0,0.0,0.0,0.0,2.0
Dayananda Sagar College of Engineering,397,2.0,0.0,0.0,0.0,2.0
Dayananda Sagar College of Engineering,415,2.0,0.0,0.0,0.0,2.0
Dayananda Sagar College of Engineering,16,0.0,1.0,0.0,0.0,1.0
Dayananda Sagar College of Engineering,18,0.0,1.0,0.0,0.0,1.0
Dayananda Sagar College of Engineering,40,1.0,0.0,0.0,0.0,1.0
Dayananda Sagar College of Engineering,43,0.0,1.0,0.0,0.0,1.0
Dayananda Sagar College of Engineering,46,1.0,0.0,0.0,0.0,1.0
Dayananda Sagar College of Engineering,47,1.0,0.0,0.0,0.0,1.0
Dayananda Sagar College of Engineering,53,1.0,0.0,0.0,0.0,1.0
Dayananda Sagar College of Engineering,56,1.0,0.0,0.0,0.0,1.0
Dayananda Sagar College of Engineering,59,1.0,0.0,0.0,0.0,1.0
Dayananda Sagar College of Engineering,60,1.0,0.0,0.0,0.0,1.0
Dayananda Sagar College of Engineering,64,1.0,0.0,0.0,0.0,1.0
Dayananda Sagar College of Engineering,66,1.0,0.0,0.0,0.0,1.0
Dayananda Sagar College of Engineering,69,1.0,0.0,0.0,0.0,1.0
Dayananda Sagar College of Engineering,88,1.0,0.0,0.0,0.0,1.0
Dayananda Sagar College of Engineering,99,1.0,0.0,0.0,0.0,1.0
Dayananda Sagar College of Engineering,101,1.0,0.0,0.0,0.0,1.0
Dayananda Sagar College of Engineering,106,1.0,0.0,0.0,0.0,1.0
Dayananda Sagar College of Engineering,110,1.0,0.0,0.0,0.0,1.0
Dayananda Sagar College of Engineering,117,1.0,0.0,0.0,0.0,1.0
Dayananda Sagar College of Engineering,118,1.0,0.0,0.0,0.0,1.0
Dayananda Sagar College of Engineering,127,1.0,0.0,0.0,0.0,1.0
Dayananda Sagar College of Engineering,129,1.0,0.0,0.0,0.0,1.0
Dayananda Sagar College of Engineering,133,1.0,0.0,0.0,0.0,1.0
Dayananda Sagar College of Engineering,161,1.0,0.0,0.0,0.0,1.0
Dayananda Sagar College of Engineering,168,1.0,0.0,0.0,0.0,1.0
Dayananda Sagar College of Engineering,169,1.0,0.0,0.0,0.0,1.0
Dayananda Sagar College of Engineering,174,1.0,0.0,0.0,0.0,1.0
Dayananda Sagar College of Engineering,175,1.0,0.0,0.0,0.0,1.0
Dayananda Sagar College of Engineering,187,1.0,0.0,0.0,0.0,1.0
Dayananda Sagar College of Engineering,188,1.0,0.0,0.0,0.0,1.0
Dayananda Sagar College of Engineering,194,1.0,0.0,0.0,0.0,1.0
Dayananda Sagar College of Engineering,202,1.0,0.0,0.0,0.0,1.0
Dayananda Sagar College of Engineering,203,1.0,0.0,0.0,0.0,1.0
Dayananda Sagar College of Engineering,206,1.0,0.0,0.0,0.0,1.0
Dayananda Sagar College of Engineering,211,1.0,0.0,0.0,0.0,1.0
Dayananda Sagar College of Engineering,229,1.0,0.0,0.0,0.0,1.0
Dayananda Sagar College of Engineering,236,1.0,0.0,0.0,0.0,1.0
Dayananda Sagar College of Engineering,239,1.0,0.0,0.0,0.0,1.0
Dayananda Sagar College of Engineering,247,1.0,0.0,0.0,0.0,1.0
Dayananda Sagar College of Engineering,251,1.0,0.0,0.0,0.0,1.0
Dayananda Sagar College of Engineering,257,1.0,0.0,0.0,0.0,1.0
Dayananda Sagar College of Engineering,262,1.0,0.0,0.0,0.0,1.0
Dayananda Sagar College of Engineering,269,1.0,0.0,0.0,0.0,1.0
Dayananda Sagar College of Engineering,270,1.0,0.0,0.0,0.0,1.0
Dayananda Sagar College of Engineering,275,1.0,0.0,0.0,0.0,1.0
Dayananda Sagar College of Engineering,277,1.0,0.0,0.0,0.0,1.0
Dayananda Sagar College of Engineering,281,1.0,0.0,0.0,0.0,1.0
Dayananda Sagar College of Engineering,284,1.0,0.0,0.0,0.0,1.0
Dayananda Sagar College of Engineering,291,1.0,0.0,0.0,0.0,1.0
Dayananda Sagar College of Engineering,297,1.0,0.0,0.0,0.0,1.0
Dayananda Sagar College of Engineering,312,1.0,0.0,0.0,0.0,1.0
Dayananda Sagar College of Engineering,318,1.0,0.0,0.0,0.0,1.0
Dayananda Sagar College of Engineering,321,1.0,0.0,0.0,0.0,1.0
Dayananda Sagar College of Engineering,324,1.0,0.0,0.0,0.0,1.0
Dayananda Sagar College of Engineering,332,1.0,0.0,0.0,0.0,1.0
Dayananda Sagar College of Engineering,335,1.0,0.0,0.0,0.0,1.0
Dayananda Sagar College of Engineering,343,1.0,0.0,0.0,0.0,1.0
Dayananda Sagar College of Engineering,346,1.0,0.0,0.0,0.0,1.0
Dayananda Sagar College of Engineering,347,1.0,0.0,0.0,0.0,1.0
Dayananda Sagar College of Engineering,360,1.0,0.0,0.0,0.0,1.0
Dayananda Sagar College of Engineering,388,1.0,0.0,0.0,0.0,1.0
Dayananda Sagar College of Engineering,401,1.0,0.0,0.0,0.0,1.0
Dayananda Sagar College of Engineering,405,1.0,0.0,0.0,0.0,1.0
Dayananda Sagar College of Engineering,414,1.0,0.0,0.0,0.0,1.0
Dayananda Sagar College of Engineering,424,1.0,0.0,0.0,0.0,1.0
Indian Institute of Science Bangalore,-1,5898.0,270.0,6.0,221.0,6395.0
Indian Institute of Science Bangalore,0,128.0,5.0,185.0,74.0,392.0
Indian Institute of Science Bangalore,1,202.0,2.0,30.0,85.0,319.0
Indian Institute of Science Bangalore,2,198.0,7.0,0.0,71.0,276.0
Indian Institute of Science Bangalore,3,159.0,6.0,0.0,69.0,234.0
Indian Institute of Science Bangalore,6,133.0,18.0,0.0,47.0,198.0
Indian Institute of Science Bangalore,15,122.0,29.0,0.0,18.0,169.0
Indian Institute of Science Bangalore,12,131.0,2.0,0.0,17.0,150.0
Indian Institute of Science Bangalore,18,122.0,9.0,0.0,16.0,147.0
Indian Institute of Science Bangalore,16,96.0,30.0,0.0,12.0,138.0
Indian Institute of Science Bangalore,22,113.0,21.0,0.0,4.0,138.0
Indian Institute of Science Bangalore,5,82.0,9.0,0.0,41.0,132.0
Indian Institute of Science Bangalore,14,108.0,3.0,0.0,20.0,131.0
Indian Institute of Science Bangalore,24,103.0,11.0,0.0,10.0,124.0
Indian Institute of Science Bangalore,4,53.0,40.0,0.0,28.0,121.0
Indian Institute of Science Bangalore,8,92.0,7.0,0.0,18.0,117.0
Indian Institute of Science Bangalore,11,101.0,1.0,0.0,14.0,116.0
Indian Institute of Science Bangalore,35,91.0,13.0,0.0,0.0,104.0
Indian Institute of Science Bangalore,20,62.0,23.0,0.0,14.0,99.0
Indian Institute of Science Bangalore,13,76.0,9.0,0.0,11.0,96.0
Indian Institute of Science Bangalore,40,86.0,10.0,0.0,0.0,96.0
Indian Institute of Science Bangalore,27,77.0,17.0,0.0,0.0,94.0
Indian Institute of Science Bangalore,30,82.0,12.0,0.0,0.0,94.0
Indian Institute of Science Bangalore,41,82.0,9.0,0.0,0.0,91.0
Indian Institute of Science Bangalore,50,77.0,0.0,0.0,0.0,77.0
Indian Institute of Science Bangalore,45,74.0,0.0,0.0,0.0,74.0
Indian Institute of Science Bangalore,48,73.0,0.0,0.0,0.0,73.0
Indian Institute of Science Bangalore,56,69.0,0.0,0.0,0.0,69.0
Indian Institute of Science Bangalore,33,65.0,0.0,0.0,0.0,65.0
Indian Institute of Science Bangalore,62,65.0,0.0,0.0,0.0,65.0
Indian Institute of Science Bangalore,39,52.0,12.0,0.0,0.0,64.0
Indian Institute of Science Bangalore,44,62.0,0.0,0.0,0.0,62.0
Indian Institute of Science Bangalore,68,62.0,0.0,0.0,0.0,62.0
Indian Institute of Science Bangalore,73,62.0,0.0,0.0,0.0,62.0
Indian Institute of Science Bangalore,75,61.0,0.0,0.0,0.0,61.0
Indian Institute of Science Bangalore,65,60.0,0.0,0.0,0.0,60.0
Indian Institute of Science Bangalore,84,59.0,0.0,0.0,0.0,59.0
Indian Institute of Science Bangalore,43,58.0,0.0,0.0,0.0,58.0
Indian Institute of Science Bangalore,81,58.0,0.0,0.0,0.0,58.0
Indian Institute of Science Bangalore,79,57.0,0.0,0.0,0.0,57.0
Indian Institute of Science Bangalore,29,37.0,19.0,0.0,0.0,56.0
Indian Institute of Science Bangalore,74,55.0,0.0,0.0,0.0,55.0
Indian Institute of Science Bangalore,87,55.0,0.0,0.0,0.0,55.0
Indian Institute of Science Bangalore,63,54.0,0.0,0.0,0.0,54.0
Indian Institute of Science Bangalore,85,54.0,0.0,0.0,0.0,54.0
Indian Institute of Science Bangalore,19,37.0,0.0,0.0,16.0,53.0
Indian Institute of Science Bangalore,92,53.0,0.0,0.0,0.0,53.0
Indian Institute of Science Bangalore,98,53.0,0.0,0.0,0.0,53.0
Indian Institute of Science Bangalore,28,33.0,19.0,0.0,0.0,52.0
Indian Institute of Science Bangalore,93,52.0,0.0,0.0,0.0,52.0
Indian Institute of Science Bangalore,100,52.0,0.0,0.0,0.0,52.0
Indian Institute of Science Bangalore,104,50.0,0.0,0.0,0.0,50.0
Indian Institute of Science Bangalore,105,50.0,0.0,0.0,0.0,50.0
Indian Institute of Science Bangalore,108,50.0,0.0,0.0,0.0,50.0
Indian Institute of Science Bangalore,7,32.0,4.0,0.0,13.0,49.0
Indian Institute of Science Bangalore,102,49.0,0.0,0.0,0.0,49.0
Indian Institute of Science Bangalore,113,49.0,0.0,0.0,0.0,49.0
Indian Institute of Science Bangalore,57,48.0,0.0,0.0,0.0,48.0
Indian Institute of Science Bangalore,59,48.0,0.0,0.0,0.0,48.0
Indian Institute of Science Bangalore,88,48.0,0.0,0.0,0.0,48.0
Indian Institute of Science Bangalore,116,48.0,0.0,0.0,0.0,48.0
Indian Institute of Science Bangalore,124,45.0,0.0,0.0,0.0,45.0
Indian Institute of Science Bangalore,9,35.0,2.0,0.0,7.0,44.0
Indian Institute of Science Bangalore,58,44.0,0.0,0.0,0.0,44.0
Indian Institute of Science Bangalore,128,44.0,0.0,0.0,0.0,44.0
Indian Institute of Science Bangalore,119,43.0,0.0,0.0,0.0,43.0
Indian Institute of Science Bangalore,131,42.0,0.0,0.0,0.0,42.0
Indian Institute of Science Bangalore,89,40.0,0.0,0.0,0.0,40.0
Indian Institute of Science Bangalore,132,40.0,0.0,0.0,0.0,40.0
Indian Institute of Science Bangalore,10,15.0,6.0,0.0,18.0,39.0
Indian Institute of Science Bangalore,78,39.0,0.0,0.0,0.0,39.0
Indian Institute of Science Bangalore,139,39.0,0.0,0.0,0.0,39.0
Indian Institute of Science Bangalore,123,38.0,0.0,0.0,0.0,38.0
Indian Institute of Science Bangalore,150,38.0,0.0,0.0,0.0,38.0
Indian Institute of Science Bangalore,101,37.0,0.0,0.0,0.0,37.0
Indian Institute of Science Bangalore,126,37.0,0.0,0.0,0.0,37.0
Indian Institute of Science Bangalore,151,37.0,0.0,0.0,0.0,37.0
Indian Institute of Science Bangalore,156,37.0,0.0,0.0,0.0,37.0
Indian Institute of Science Bangalore,21,27.0,3.0,0.0,6.0,36.0
Indian Institute of Science Bangalore,121,36.0,0.0,0.0,0.0,36.0
Indian Institute of Science Bangalore,152,36.0,0.0,0.0,0.0,36.0
Indian Institute of Science Bangalore,31,31.0,4.0,0.0,0.0,35.0
Indian Institute of Science Bangalore,154,35.0,0.0,0.0,0.0,35.0
Indian Institute of Science Bangalore,160,35.0,0.0,0.0,0.0,35.0
Indian Institute of Science Bangalore,138,34.0,0.0,0.0,0.0,34.0
Indian Institute of Science Bangalore,155,34.0,0.0,0.0,0.0,34.0
Indian Institute of Science Bangalore,166,34.0,0.0,0.0,0.0,34.0
Indian Institute of Science Bangalore,167,34.0,0.0,0.0,0.0,34.0
Indian Institute of Science Bangalore,69,33.0,0.0,0.0,0.0,33.0
Indian Institute of Science Bangalore,71,33.0,0.0,0.0,0.0,33.0
Indian Institute of Science Bangalore,130,33.0,0.0,0.0,0.0,33.0
Indian Institute of Science Bangalore,145,33.0,0.0,0.0,0.0,33.0
Indian Institute of Science Bangalore,170,32.0,0.0,0.0,0.0,32.0
Indian Institute of Science Bangalore,173,32.0,0.0,0.0,0.0,32.0
Indian Institute of Science Bangalore,180,32.0,0.0,0.0,0.0,32.0
Indian Institute of Science Bangalore,133,31.0,0.0,0.0,0.0,31.0
Indian Institute of Science Bangalore,147,31.0,0.0,0.0,0.0,31.0
Indian Institute of Science Bangalore,162,31.0,0.0,0.0,0.0,31.0
Indian Institute of Science Bangalore,182,31.0,0.0,0.0,0.0,31.0
Indian Institute of Science Bangalore,184,31.0,0.0,0.0,0.0,31.0
Indian Institute of Science Bangalore,193,31.0,0.0,0.0,0.0,31.0
Indian Institute of Science Bangalore,134,30.0,0.0,0.0,0.0,30.0
Indian Institute of Science Bangalore,144,30.0,0.0,0.0,0.0,30.0
Indian Institute of Science Bangalore,174,30.0,0.0,0.0,0.0,30.0
Indian Institute of Science Bangalore,189,30.0,0.0,0.0,0.0,30.0
Indian Institute of Science Bangalore,192,30.0,0.0,0.0,0.0,30.0
Indian Institute of Science Bangalore,197,29.0,0.0,0.0,0.0,29.0
Indian Institute of Science Bangalore,198,29.0,0.0,0.0,0.0,29.0
Indian Institute of Science Bangalore,135,28.0,0.0,0.0,0.0,28.0
Indian Institute of Science Bangalore,208,28.0,0.0,0.0,0.0,28.0
Indian Institute of Science Bangalore,17,8.0,6.0,0.0,13.0,27.0
Indian Institute of Science Bangalore,51,27.0,0.0,0.0,0.0,27.0
Indian Institute of Science Bangalore,96,27.0,0.0,0.0,0.0,27.0
Indian Institute of Science Bangalore,181,27.0,0.0,0.0,0.0,27.0
Indian Institute of Science Bangalore,207,27.0,0.0,0.0,0.0,27.0
Indian Institute of Science Bangalore,214,27.0,0.0,0.0,0.0,27.0
Indian Institute of Science Bangalore,146,26.0,0.0,0.0,0.0,26.0
Indian Institute of Science Bangalore,183,26.0,0.0,0.0,0.0,26.0
Indian Institute of Science Bangalore,222,26.0,0.0,0.0,0.0,26.0
Indian Institute of Science Bangalore,25,12.0,13.0,0.0,0.0,25.0
Indian Institute of Science Bangalore,42,20.0,5.0,0.0,0.0,25.0
Indian Institute of Science Bangalore,49,25.0,0.0,0.0,0.0,25.0
Indian Institute of Science Bangalore,169,25.0,0.0,0.0,0.0,25.0
Indian Institute of Science Bangalore,203,25.0,0.0,0.0,0.0,25.0
Indian Institute of Science Bangalore,219,25.0,0.0,0.0,0.0,25.0
Indian Institute of Science Bangalore,225,25.0,0.0,0.0,0.0,25.0
Indian Institute of Science Bangalore,186,24.0,0.0,0.0,0.0,24.0
Indian Institute of Science Bangalore,190,24.0,0.0,0.0,0.0,24.0
Indian Institute of Science Bangalore,221,24.0,0.0,0.0,0.0,24.0
Indian Institute of Science Bangalore,140,23.0,0.0,0.0,0.0,23.0
Indian Institute of Science Bangalore,168,23.0,0.0,0.0,0.0,23.0
Indian Institute of Science Bangalore,188,23.0,0.0,0.0,0.0,23.0
Indian Institute of Science Bangalore,204,23.0,0.0,0.0,0.0,23.0
Indian Institute of Science Bangalore,209,23.0,0.0,0.0,0.0,23.0
Indian Institute of Science Bangalore,235,23.0,0.0,0.0,0.0,23.0
Indian Institute of Science Bangalore,245,23.0,0.0,0.0,0.0,23.0
Indian Institute of Science Bangalore,256,23.0,0.0,0.0,0.0,23.0
Indian Institute of Science Bangalore,61,22.0,0.0,0.0,0.0,22.0
Indian Institute of Science Bangalore,122,22.0,0.0,0.0,0.0,22.0
Indian Institute of Science Bangalore,196,22.0,0.0,0.0,0.0,22.0
Indian Institute of Science Bangalore,218,22.0,0.0,0.0,0.0,22.0
Indian Institute of Science Bangalore,252,22.0,0.0,0.0,0.0,22.0
Indian Institute of Science Bangalore,254,22.0,0.0,0.0,0.0,22.0
Indian Institute of Science Bangalore,80,21.0,0.0,0.0,0.0,21.0
Indian Institute of Science Bangalore,94,21.0,0.0,0.0,0.0,21.0
Indian Institute of Science Bangalore,112,21.0,0.0,0.0,0.0,21.0
Indian Institute of Science Bangalore,175,21.0,0.0,0.0,0.0,21.0
Indian Institute of Science Bangalore,242,21.0,0.0,0.0,0.0,21.0
Indian Institute of Science Bangalore,244,21.0,0.0,0.0,0.0,21.0
Indian Institute of Science Bangalore,253,21.0,0.0,0.0,0.0,21.0
Indian Institute of Science Bangalore,262,21.0,0.0,0.0,0.0,21.0
Indian Institute of Science Bangalore,264,21.0,0.0,0.0,0.0,21.0
Indian Institute of Science Bangalore,265,21.0,0.0,0.0,0.0,21.0
Indian Institute of Science Bangalore,95,20.0,0.0,0.0,0.0,20.0
Indian Institute of Science Bangalore,164,20.0,0.0,0.0,0.0,20.0
Indian Institute of Science Bangalore,172,20.0,0.0,0.0,0.0,20.0
Indian Institute of Science Bangalore,206,20.0,0.0,0.0,0.0,20.0
Indian Institute of Science Bangalore,246,20.0,0.0,0.0,0.0,20.0
Indian Institute of Science Bangalore,199,19.0,0.0,0.0,0.0,19.0
Indian Institute of Science Bangalore,231,19.0,0.0,0.0,0.0,19.0
Indian Institute of Science Bangalore,255,19.0,0.0,0.0,0.0,19.0
Indian Institute of Science Bangalore,272,19.0,0.0,0.0,0.0,19.0
Indian Institute of Science Bangalore,285,19.0,0.0,0.0,0.0,19.0
Indian Institute of Science Bangalore,288,19.0,0.0,0.0,0.0,19.0
Indian Institute of Science Bangalore,129,18.0,0.0,0.0,0.0,18.0
Indian Institute of Science Bangalore,177,18.0,0.0,0.0,0.0,18.0
Indian Institute of Science Bangalore,178,18.0,0.0,0.0,0.0,18.0
Indian Institute of Science Bangalore,200,18.0,0.0,0.0,0.0,18.0
Indian Institute of Science Bangalore,230,18.0,0.0,0.0,0.0,18.0
Indian Institute of Science Bangalore,234,18.0,0.0,0.0,0.0,18.0
Indian Institute of Science Bangalore,237,18.0,0.0,0.0,0.0,18.0
Indian Institute of Science Bangalore,271,18.0,0.0,0.0,0.0,18.0
Indian Institute of Science Bangalore,276,18.0,0.0,0.0,0.0,18.0
Indian Institute of Science Bangalore,282,18.0,0.0,0.0,0.0,18.0
Indian Institute of Science Bangalore,294,18.0,0.0,0.0,0.0,18.0
Indian Institute of Science Bangalore,302,18.0,0.0,0.0,0.0,18.0
Indian Institute of Science Bangalore,307,18.0,0.0,0.0,0.0,18.0
Indian Institute of Science Bangalore,309,18.0,0.0,0.0,0.0,18.0
Indian Institute of Science Bangalore,311,18.0,0.0,0.0,0.0,18.0
Indian Institute of Science Bangalore,247,17.0,0.0,0.0,0.0,17.0
Indian Institute of Science Bangalore,263,17.0,0.0,0.0,0.0,17.0
Indian Institute of Science Bangalore,275,17.0,0.0,0.0,0.0,17.0
Indian Institute of Science Bangalore,292,17.0,0.0,0.0,0.0,17.0
Indian Institute of Science Bangalore,308,17.0,0.0,0.0,0.0,17.0
Indian Institute of Science Bangalore,322,17.0,0.0,0.0,0.0,17.0
Indian Institute of Science Bangalore,325,17.0,0.0,0.0,0.0,17.0
Indian Institute of Science Bangalore,26,15.0,1.0,0.0,0.0,16.0
Indian Institute of Science Bangalore,99,16.0,0.0,0.0,0.0,16.0
Indian Institute of Science Bangalore,141,16.0,0.0,0.0,0.0,16.0
Indian Institute of Science Bangalore,165,16.0,0.0,0.0,0.0,16.0
Indian Institute of Science Bangalore,210,16.0,0.0,0.0,0.0,16.0
Indian Institute of Science Bangalore,248,16.0,0.0,0.0,0.0,16.0
Indian Institute of Science Bangalore,280,16.0,0.0,0.0,0.0,16.0
Indian Institute of Science Bangalore,296,16.0,0.0,0.0,0.0,16.0
Indian Institute of Science Bangalore,300,16.0,0.0,0.0,0.0,16.0
Indian Institute of Science Bangalore,336,16.0,0.0,0.0,0.0,16.0
Indian Institute of Science Bangalore,337,16.0,0.0,0.0,0.0,16.0
Indian Institute of Science Bangalore,110,15.0,0.0,0.0,0.0,15.0
Indian Institute of Science Bangalore,179,15.0,0.0,0.0,0.0,15.0
Indian Institute of Science Bangalore,227,15.0,0.0,0.0,0.0,15.0
Indian Institute of Science Bangalore,236,15.0,0.0,0.0,0.0,15.0
Indian Institute of Science Bangalore,261,15.0,0.0,0.0,0.0,15.0
Indian Institute of Science Bangalore,274,15.0,0.0,0.0,0.0,15.0
Indian Institute of Science Bangalore,283,15.0,0.0,0.0,0.0,15.0
Indian Institute of Science Bangalore,306,15.0,0.0,0.0,0.0,15.0
Indian Institute of Science Bangalore,313,15.0,0.0,0.0,0.0,15.0
Indian Institute of Science Bangalore,330,15.0,0.0,0.0,0.0,15.0
Indian Institute of Science Bangalore,340,15.0,0.0,0.0,0.0,15.0
Indian Institute of Science Bangalore,345,15.0,0.0,0.0,0.0,15.0
Indian Institute of Science Bangalore,349,15.0,0.0,0.0,0.0,15.0
Indian Institute of Science Bangalore,352,15.0,0.0,0.0,0.0,15.0
Indian Institute of Science Bangalore,299,14.0,0.0,0.0,0.0,14.0
Indian Institute of Science Bangalore,303,14.0,0.0,0.0,0.0,14.0
Indian Institute of Science Bangalore,327,14.0,0.0,0.0,0.0,14.0
Indian Institute of Science Bangalore,338,14.0,0.0,0.0,0.0,14.0
Indian Institute of Science Bangalore,348,14.0,0.0,0.0,0.0,14.0
Indian Institute of Science Bangalore,370,14.0,0.0,0.0,0.0,14.0
Indian Institute of Science Bangalore,52,13.0,0.0,0.0,0.0,13.0
Indian Institute of Science Bangalore,125,13.0,0.0,0.0,0.0,13.0
Indian Institute of Science Bangalore,136,13.0,0.0,0.0,0.0,13.0
Indian Institute of Science Bangalore,315,13.0,0.0,0.0,0.0,13.0
Indian Institute of Science Bangalore,364,13.0,0.0,0.0,0.0,13.0
Indian Institute of Science Bangalore,371,13.0,0.0,0.0,0.0,13.0
Indian Institute of Science Bangalore,373,13.0,0.0,0.0,0.0,13.0
Indian Institute of Science Bangalore,379,13.0,0.0,0.0,0.0,13.0
Indian Institute of Science Bangalore,380,13.0,0.0,0.0,0.0,13.0
Indian Institute of Science Bangalore,383,13.0,0.0,0.0,0.0,13.0
Indian Institute of Science Bangalore,163,12.0,0.0,0.0,0.0,12.0
Indian Institute of Science Bangalore,257,12.0,0.0,0.0,0.0,12.0
Indian Institute of Science Bangalore,269,12.0,0.0,0.0,0.0,12.0
Indian Institute of Science Bangalore,273,12.0,0.0,0.0,0.0,12.0
Indian Institute of Science Bangalore,317,12.0,0.0,0.0,0.0,12.0
Indian Institute of Science Bangalore,344,12.0,0.0,0.0,0.0,12.0
Indian Institute of Science Bangalore,356,12.0,0.0,0.0,0.0,12.0
Indian Institute of Science Bangalore,372,12.0,0.0,0.0,0.0,12.0
Indian Institute of Science Bangalore,381,12.0,0.0,0.0,0.0,12.0
Indian Institute of Science Bangalore,386,12.0,0.0,0.0,0.0,12.0
Indian Institute of Science Bangalore,387,12.0,0.0,0.0,0.0,12.0
Indian Institute of Science Bangalore,395,12.0,0.0,0.0,0.0,12.0
Indian Institute of Science Bangalore,38,5.0,6.0,0.0,0.0,11.0
Indian Institute of Science Bangalore,47,11.0,0.0,0.0,0.0,11.0
Indian Institute of Science Bangalore,120,11.0,0.0,0.0,0.0,11.0
Indian Institute of Science Bangalore,201,11.0,0.0,0.0,0.0,11.0
Indian Institute of Science Bangalore,224,11.0,0.0,0.0,0.0,11.0
Indian Institute of Science Bangalore,260,11.0,0.0,0.0,0.0,11.0
Indian Institute of Science Bangalore,304,11.0,0.0,0.0,0.0,11.0
Indian Institute of Science Bangalore,328,11.0,0.0,0.0,0.0,11.0
Indian Institute of Science Bangalore,378,11.0,0.0,0.0,0.0,11.0
Indian Institute of Science Bangalore,400,11.0,0.0,0.0,0.0,11.0
Indian Institute of Science Bangalore,403,11.0,0.0,0.0,0.0,11.0
Indian Institute of Science Bangalore,404,11.0,0.0,0.0,0.0,11.0
Indian Institute of Science Bangalore,407,11.0,0.0,0.0,0.0,11.0
Indian Institute of Science Bangalore,409,11.0,0.0,0.0,0.0,11.0
Indian Institute of Science Bangalore,418,11.0,0.0,0.0,0.0,11.0
Indian Institute of Science Bangalore,36,10.0,0.0,0.0,0.0,10.0
Indian Institute of Science Bangalore,46,10.0,0.0,0.0,0.0,10.0
Indian Institute of Science Bangalore,55,10.0,0.0,0.0,0.0,10.0
Indian Institute of Science Bangalore,114,10.0,0.0,0.0,0.0,10.0
Indian Institute of Science Bangalore,137,10.0,0.0,0.0,0.0,10.0
Indian Institute of Science Bangalore,185,10.0,0.0,0.0,0.0,10.0
Indian Institute of Science Bangalore,251,10.0,0.0,0.0,0.0,10.0
Indian Institute of Science Bangalore,266,10.0,0.0,0.0,0.0,10.0
Indian Institute of Science Bangalore,267,10.0,0.0,0.0,0.0,10.0
Indian Institute of Science Bangalore,363,10.0,0.0,0.0,0.0,10.0
Indian Institute of Science Bangalore,374,10.0,0.0,0.0,0.0,10.0
Indian Institute of Science Bangalore,385,10.0,0.0,0.0,0.0,10.0
Indian Institute of Science Bangalore,398,10.0,0.0,0.0,0.0,10.0
Indian Institute of Science Bangalore,412,10.0,0.0,0.0,0.0,10.0
Indian Institute of Science Bangalore,432,10.0,0.0,0.0,0.0,10.0
Indian Institute of Science Bangalore,77,9.0,0.0,0.0,0.0,9.0
Indian Institute of Science Bangalore,157,9.0,0.0,0.0,0.0,9.0
Indian Institute of Science Bangalore,220,9.0,0.0,0.0,0.0,9.0
Indian Institute of Science Bangalore,250,9.0,0.0,0.0,0.0,9.0
Indian Institute of Science Bangalore,277,9.0,0.0,0.0,0.0,9.0
Indian Institute of Science Bangalore,319,9.0,0.0,0.0,0.0,9.0
Indian Institute of Science Bangalore,350,9.0,0.0,0.0,0.0,9.0
Indian Institute of Science Bangalore,358,9.0,0.0,0.0,0.0,9.0
Indian Institute of Science Bangalore,391,9.0,0.0,0.0,0.0,9.0
Indian Institute of Science Bangalore,23,8.0,0.0,0.0,0.0,8.0
Indian Institute of Science Bangalore,142,8.0,0.0,0.0,0.0,8.0
Indian Institute of Science Bangalore,161,8.0,0.0,0.0,0.0,8.0
Indian Institute of Science Bangalore,284,8.0,0.0,0.0,0.0,8.0
Indian Institute of Science Bangalore,290,8.0,0.0,0.0,0.0,8.0
Indian Institute of Science Bangalore,354,8.0,0.0,0.0,0.0,8.0
Indian Institute of Science Bangalore,399,8.0,0.0,0.0,0.0,8.0
Indian Institute of Science Bangalore,417,8.0,0.0,0.0,0.0,8.0
Indian Institute of Science Bangalore,421,8.0,0.0,0.0,0.0,8.0
Indian Institute of Science Bangalore,426,8.0,0.0,0.0,0.0,8.0
Indian Institute of Science Bangalore,433,8.0,0.0,0.0,0.0,8.0
Indian Institute of Science Bangalore,117,7.0,0.0,0.0,0.0,7.0
Indian Institute of Science Bangalore,149,7.0,0.0,0.0,0.0,7.0
Indian Institute of Science Bangalore,191,7.0,0.0,0.0,0.0,7.0
Indian Institute of Science Bangalore,194,7.0,0.0,0.0,0.0,7.0
Indian Institute of Science Bangalore,195,7.0,0.0,0.0,0.0,7.0
Indian Institute of Science Bangalore,233,7.0,0.0,0.0,0.0,7.0
Indian Institute of Science Bangalore,243,7.0,0.0,0.0,0.0,7.0
Indian Institute of Science Bangalore,310,7.0,0.0,0.0,0.0,7.0
Indian Institute of Science Bangalore,326,7.0,0.0,0.0,0.0,7.0
Indian Institute of Science Bangalore,37,6.0,0.0,0.0,0.0,6.0
Indian Institute of Science Bangalore,83,6.0,0.0,0.0,0.0,6.0
Indian Institute of Science Bangalore,103,6.0,0.0,0.0,0.0,6.0
Indian Institute of Science Bangalore,127,6.0,0.0,0.0,0.0,6.0
Indian Institute of Science Bangalore,148,6.0,0.0,0.0,0.0,6.0
Indian Institute of Science Bangalore,176,6.0,0.0,0.0,0.0,6.0
Indian Institute of Science Bangalore,238,6.0,0.0,0.0,0.0,6.0
Indian Institute of Science Bangalore,298,6.0,0.0,0.0,0.0,6.0
Indian Institute of Science Bangalore,351,6.0,0.0,0.0,0.0,6.0
Indian Institute of Science Bangalore,368,6.0,0.0,0.0,0.0,6.0
Indian Institute of Science Bangalore,90,5.0,0.0,0.0,0.0,5.0
Indian Institute of Science Bangalore,115,5.0,0.0,0.0,0.0,5.0
Indian Institute of Science Bangalore,118,5.0,0.0,0.0,0.0,5.0
Indian Institute of Science Bangalore,143,5.0,0.0,0.0,0.0,5.0
Indian Institute of Science Bangalore,268,5.0,0.0,0.0,0.0,5.0
Indian Institute of Science Bangalore,320,5.0,0.0,0.0,0.0,5.0
Indian Institute of Science Bangalore,331,5.0,0.0,0.0,0.0,5.0
Indian Institute of Science Bangalore,333,5.0,0.0,0.0,0.0,5.0
Indian Institute of Science Bangalore,334,5.0,0.0,0.0,0.0,5.0
Indian Institute of Science Bangalore,343,5.0,0.0,0.0,0.0,5.0
Indian Institute of Science Bangalore,366,5.0,0.0,0.0,0.0,5.0
Indian Institute of Science Bangalore,376,5.0,0.0,0.0,0.0,5.0
Indian Institute of Science Bangalore,384,5.0,0.0,0.0,0.0,5.0
Indian Institute of Science Bangalore,390,5.0,0.0,0.0,0.0,5.0
Indian Institute of Science Bangalore,67,4.0,0.0,0.0,0.0,4.0
Indian Institute of Science Bangalore,70,4.0,0.0,0.0,0.0,4.0
Indian Institute of Science Bangalore,91,4.0,0.0,0.0,0.0,4.0
Indian Institute of Science Bangalore,187,4.0,0.0,0.0,0.0,4.0
Indian Institute of Science Bangalore,205,4.0,0.0,0.0,0.0,4.0
Indian Institute of Science Bangalore,212,4.0,0.0,0.0,0.0,4.0
Indian Institute of Science Bangalore,216,4.0,0.0,0.0,0.0,4.0
Indian Institute of Science Bangalore,217,4.0,0.0,0.0,0.0,4.0
Indian Institute of Science Bangalore,223,4.0,0.0,0.0,0.0,4.0
Indian Institute of Science Bangalore,289,4.0,0.0,0.0,0.0,4.0
Indian Institute of Science Bangalore,314,4.0,0.0,0.0,0.0,4.0
Indian Institute of Science Bangalore,365,4.0,0.0,0.0,0.0,4.0
Indian Institute of Science Bangalore,369,4.0,0.0,0.0,0.0,4.0
Indian Institute of Science Bangalore,388,4.0,0.0,0.0,0.0,4.0
Indian Institute of Science Bangalore,406,4.0,0.0,0.0,0.0,4.0
Indian Institute of Science Bangalore,415,4.0,0.0,0.0,0.0,4.0
Indian Institute of Science Bangalore,425,4.0,0.0,0.0,0.0,4.0
Indian Institute of Science Bangalore,34,3.0,0.0,0.0,0.0,3.0
Indian Institute of Science Bangalore,53,3.0,0.0,0.0,0.0,3.0
Indian Institute of Science Bangalore,54,3.0,0.0,0.0,0.0,3.0
Indian Institute of Science Bangalore,60,3.0,0.0,0.0,0.0,3.0
Indian Institute of Science Bangalore,64,3.0,0.0,0.0,0.0,3.0
Indian Institute of Science Bangalore,72,3.0,0.0,0.0,0.0,3.0
Indian Institute of Science Bangalore,111,3.0,0.0,0.0,0.0,3.0
Indian Institute of Science Bangalore,211,3.0,0.0,0.0,0.0,3.0
Indian Institute of Science Bangalore,228,3.0,0.0,0.0,0.0,3.0
Indian Institute of Science Bangalore,239,3.0,0.0,0.0,0.0,3.0
Indian Institute of Science Bangalore,279,3.0,0.0,0.0,0.0,3.0
Indian Institute of Science Bangalore,297,3.0,0.0,0.0,0.0,3.0
Indian Institute of Science Bangalore,312,3.0,0.0,0.0,0.0,3.0
Indian Institute of Science Bangalore,323,3.0,0.0,0.0,0.0,3.0
Indian Institute of Science Bangalore,339,3.0,0.0,0.0,0.0,3.0
Indian Institute of Science Bangalore,342,3.0,0.0,0.0,0.0,3.0
Indian Institute of Science Bangalore,367,3.0,0.0,0.0,0.0,3.0
Indian Institute of Science Bangalore,414,3.0,0.0,0.0,0.0,3.0
Indian Institute of Science Bangalore,424,3.0,0.0,0.0,0.0,3.0
Indian Institute of Science Bangalore,431,3.0,0.0,0.0,0.0,3.0
Indian Institute of Science Bangalore,66,2.0,0.0,0.0,0.0,2.0
Indian Institute of Science Bangalore,76,2.0,0.0,0.0,0.0,2.0
Indian Institute of Science Bangalore,215,2.0,0.0,0.0,0.0,2.0
Indian Institute of Science Bangalore,229,2.0,0.0,0.0,0.0,2.0
Indian Institute of Science Bangalore,259,2.0,0.0,0.0,0.0,2.0
Indian Institute of Science Bangalore,291,2.0,0.0,0.0,0.0,2.0
Indian Institute of Science Bangalore,329,2.0,0.0,0.0,0.0,2.0
Indian Institute of Science Bangalore,355,2.0,0.0,0.0,0.0,2.0
Indian Institute of Science Bangalore,357,2.0,0.0,0.0,0.0,2.0
Indian Institute of Science Bangalore,375,2.0,0.0,0.0,0.0,2.0
Indian Institute of Science Bangalore,382,2.0,0.0,0.0,0.0,2.0
Indian Institute of Science Bangalore,396,2.0,0.0,0.0,0.0,2.0
Indian Institute of Science Bangalore,402,2.0,0.0,0.0,0.0,2.0
Indian Institute of Science Bangalore,408,2.0,0.0,0.0,0.0,2.0
Indian Institute of Science Bangalore,411,2.0,0.0,0.0,0.0,2.0
Indian Institute of Science Bangalore,420,2.0,0.0,0.0,0.0,2.0
Indian Institute of Science Bangalore,423,2.0,0.0,0.0,0.0,2.0
Indian Institute of Science Bangalore,427,2.0,0.0,0.0,0.0,2.0
Indian Institute of Science Bangalore,428,2.0,0.0,0.0,0.0,2.0
Indian Institute of Science Bangalore,430,2.0,0.0,0.0,0.0,2.0
Indian Institute of Science Bangalore,32,0.0,1.0,0.0,0.0,1.0
Indian Institute of Science Bangalore,86,1.0,0.0,0.0,0.0,1.0
Indian Institute of Science Bangalore,97,1.0,0.0,0.0,0.0,1.0
Indian Institute of Science Bangalore,107,1.0,0.0,0.0,0.0,1.0
Indian Institute of Science Bangalore,153,1.0,0.0,0.0,0.0,1.0
Indian Institute of Science Bangalore,158,1.0,0.0,0.0,0.0,1.0
Indian Institute of Science Bangalore,171,1.0,0.0,0.0,0.0,1.0
Indian Institute of Science Bangalore,202,1.0,0.0,0.0,0.0,1.0
Indian Institute of Science Bangalore,213,1.0,0.0,0.0,0.0,1.0
Indian Institute of Science Bangalore,226,1.0,0.0,0.0,0.0,1.0
Indian Institute of Science Bangalore,232,1.0,0.0,0.0,0.0,1.0
Indian Institute of Science Bangalore,240,1.0,0.0,0.0,0.0,1.0
Indian Institute of Science Bangalore,241,1.0,0.0,0.0,0.0,1.0
Indian Institute of Science Bangalore,249,1.0,0.0,0.0,0.0,1.0
Indian Institute of Science Bangalore,278,1.0,0.0,0.0,0.0,1.0
Indian Institute of Science Bangalore,281,1.0,0.0,0.0,0.0,1.0
Indian Institute of Science Bangalore,286,1.0,0.0,0.0,0.0,1.0
Indian Institute of Science Bangalore,287,1.0,0.0,0.0,0.0,1.0
Indian Institute of Science Bangalore,305,1.0,0.0,0.0,0.0,1.0
Indian Institute of Science Bangalore,316,1.0,0.0,0.0,0.0,1.0
Indian Institute of Science Bangalore,321,1.0,0.0,0.0,0.0,1.0
Indian Institute of Science Bangalore,341,1.0,0.0,0.0,0.0,1.0
Indian Institute of Science Bangalore,346,1.0,0.0,0.0,0.0,1.0
Indian Institute of Science Bangalore,361,1.0,0.0,0.0,0.0,1.0
Indian Institute of Science Bangalore,362,1.0,0.0,0.0,0.0,1.0
Indian Institute of Science Bangalore,377,1.0,0.0,0.0,0.0,1.0
Indian Institute of Science Bangalore,389,1.0,0.0,0.0,0.0,1.0
Indian Institute of Science Bangalore,392,1.0,0.0,0.0,0.0,1.0
Indian Institute of Science Bangalore,393,1.0,0.0,0.0,0.0,1.0
Indian Institute of Science Bangalore,394,1.0,0.0,0.0,0.0,1.0
Indian Institute of Science Bangalore,413,1.0,0.0,0.0,0.0,1.0
Indian Institute of Science Bangalore,416,1.0,0.0,0.0,0.0,1.0
Indian Institute of Science Bangalore,419,1.0,0.0,0.0,0.0,1.0
Indian Institute of Science Bangalore,422,1.0,0.0,0.0,0.0,1.0
International Institute of Information Technology Bangalore,-1,1012.0,6.0,0.0,31.0,1049.0
International Institute of Information Technology Bangalore,0,43.0,0.0,10.0,1.0,54.0
International Institute of Information Technology Bangalore,4,49.0,0.0,0.0,5.0,54.0
International Institute of Information Technology Bangalore,23,42.0,0.0,0.0,1.0,43.0
International Institute of Information Technology Bangalore,10,29.0,0.0,0.0,1.0,30.0
International Institute of Information Technology Bangalore,19,26.0,0.0,0.0,0.0,26.0
International Institute of Information Technology Bangalore,26,25.0,0.0,0.0,0.0,25.0
International Institute of Information Technology Bangalore,25,24.0,0.0,0.0,0.0,24.0
International Institute of Information Technology Bangalore,33,22.0,0.0,0.0,0.0,22.0
International Institute of Information Technology Bangalore,7,15.0,3.0,0.0,3.0,21.0
International Institute of Information Technology Bangalore,13,9.0,8.0,0.0,4.0,21.0
International Institute of Information Technology Bangalore,36,18.0,1.0,0.0,0.0,19.0
International Institute of Information Technology Bangalore,21,14.0,0.0,0.0,4.0,18.0
International Institute of Information Technology Bangalore,32,18.0,0.0,0.0,0.0,18.0
International Institute of Information Technology Bangalore,70,18.0,0.0,0.0,0.0,18.0
International Institute of Information Technology Bangalore,99,18.0,0.0,0.0,0.0,18.0
International Institute of Information Technology Bangalore,17,14.0,0.0,0.0,3.0,17.0
International Institute of Information Technology Bangalore,28,17.0,0.0,0.0,0.0,17.0
International Institute of Information Technology Bangalore,64,17.0,0.0,0.0,0.0,17.0
International Institute of Information Technology Bangalore,76,16.0,0.0,0.0,0.0,16.0
International Institute of Information Technology Bangalore,91,16.0,0.0,0.0,0.0,16.0
International Institute of Information Technology Bangalore,34,15.0,0.0,0.0,0.0,15.0
International Institute of Information Technology Bangalore,5,13.0,0.0,0.0,1.0,14.0
International Institute of Information Technology Bangalore,8,14.0,0.0,0.0,0.0,14.0
International Institute of Information Technology Bangalore,29,14.0,0.0,0.0,0.0,14.0
International Institute of Information Technology Bangalore,37,14.0,0.0,0.0,0.0,14.0
International Institute of Information Technology Bangalore,38,14.0,0.0,0.0,0.0,14.0
International Institute of Information Technology Bangalore,9,12.0,0.0,0.0,1.0,13.0
International Institute of Information Technology Bangalore,31,13.0,0.0,0.0,0.0,13.0
International Institute of Information Technology Bangalore,107,13.0,0.0,0.0,0.0,13.0
International Institute of Information Technology Bangalore,47,12.0,0.0,0.0,0.0,12.0
International Institute of Information Technology Bangalore,54,12.0,0.0,0.0,0.0,12.0
International Institute of Information Technology Bangalore,97,12.0,0.0,0.0,0.0,12.0
International Institute of Information Technology Bangalore,353,12.0,0.0,0.0,0.0,12.0
International Institute of Information Technology Bangalore,6,2.0,9.0,0.0,0.0,11.0
International Institute of Information Technology Bangalore,46,11.0,0.0,0.0,0.0,11.0
International Institute of Information Technology Bangalore,49,11.0,0.0,0.0,0.0,11.0
International Institute of Information Technology Bangalore,67,11.0,0.0,0.0,0.0,11.0
International Institute of Information Technology Bangalore,42,10.0,0.0,0.0,0.0,10.0
International Institute of Information Technology Bangalore,53,10.0,0.0,0.0,0.0,10.0
International Institute of Information Technology Bangalore,59,10.0,0.0,0.0,0.0,10.0
International Institute of Information Technology Bangalore,60,10.0,0.0,0.0,0.0,10.0
International Institute of Information Technology Bangalore,90,10.0,0.0,0.0,0.0,10.0
International Institute of Information Technology Bangalore,161,10.0,0.0,0.0,0.0,10.0
International Institute of Information Technology Bangalore,205,10.0,0.0,0.0,0.0,10.0
International Institute of Information Technology Bangalore,239,10.0,0.0,0.0,0.0,10.0
International Institute of Information Technology Bangalore,20,9.0,0.0,0.0,0.0,9.0
International Institute of Information Technology Bangalore,51,9.0,0.0,0.0,0.0,9.0
International Institute of Information Technology Bangalore,61,9.0,0.0,0.0,0.0,9.0
International Institute of Information Technology Bangalore,111,9.0,0.0,0.0,0.0,9.0
International Institute of Information Technology Bangalore,267,9.0,0.0,0.0,0.0,9.0
International Institute of Information Technology Bangalore,57,8.0,0.0,0.0,0.0,8.0
International Institute of Information Technology Bangalore,148,8.0,0.0,0.0,0.0,8.0
International Institute of Information Technology Bangalore,185,8.0,0.0,0.0,0.0,8.0
International Institute of Information Technology Bangalore,187,8.0,0.0,0.0,0.0,8.0
International Institute of Information Technology Bangalore,362,8.0,0.0,0.0,0.0,8.0
International Institute of Information Technology Bangalore,22,0.0,0.0,0.0,7.0,7.0
International Institute of Information Technology Bangalore,77,7.0,0.0,0.0,0.0,7.0
International Institute of Information Technology Bangalore,96,7.0,0.0,0.0,0.0,7.0
International Institute of Information Technology Bangalore,109,7.0,0.0,0.0,0.0,7.0
International Institute of Information Technology Bangalore,115,7.0,0.0,0.0,0.0,7.0
International Institute of Information Technology Bangalore,123,7.0,0.0,0.0,0.0,7.0
International Institute of Information Technology Bangalore,125,7.0,0.0,0.0,0.0,7.0
International Institute of Information Technology Bangalore,136,7.0,0.0,0.0,0.0,7.0
International Institute of Information Technology Bangalore,142,7.0,0.0,0.0,0.0,7.0
International Institute of Information Technology Bangalore,210,7.0,0.0,0.0,0.0,7.0
International Institute of Information Technology Bangalore,238,7.0,0.0,0.0,0.0,7.0
International Institute of Information Technology Bangalore,248,7.0,0.0,0.0,0.0,7.0
International Institute of Information Technology Bangalore,341,7.0,0.0,0.0,0.0,7.0
International Institute of Information Technology Bangalore,393,7.0,0.0,0.0,0.0,7.0
International Institute of Information Technology Bangalore,414,7.0,0.0,0.0,0.0,7.0
International Institute of Information Technology Bangalore,2,4.0,2.0,0.0,0.0,6.0
International Institute of Information Technology Bangalore,72,6.0,0.0,0.0,0.0,6.0
International Institute of Information Technology Bangalore,118,6.0,0.0,0.0,0.0,6.0
International Institute of Information Technology Bangalore,122,6.0,0.0,0.0,0.0,6.0
International Institute of Information Technology Bangalore,129,6.0,0.0,0.0,0.0,6.0
International Institute of Information Technology Bangalore,143,6.0,0.0,0.0,0.0,6.0
International Institute of Information Technology Bangalore,159,6.0,0.0,0.0,0.0,6.0
International Institute of Information Technology Bangalore,168,6.0,0.0,0.0,0.0,6.0
International Institute of Information Technology Bangalore,191,6.0,0.0,0.0,0.0,6.0
International Institute of Information Technology Bangalore,226,6.0,0.0,0.0,0.0,6.0
International Institute of Information Technology Bangalore,369,6.0,0.0,0.0,0.0,6.0
International Institute of Information Technology Bangalore,11,5.0,0.0,0.0,0.0,5.0
International Institute of Information Technology Bangalore,30,5.0,0.0,0.0,0.0,5.0
International Institute of Information Technology Bangalore,44,5.0,0.0,0.0,0.0,5.0
International Institute of Information Technology Bangalore,55,5.0,0.0,0.0,0.0,5.0
International Institute of Information Technology Bangalore,58,5.0,0.0,0.0,0.0,5.0
International Institute of Information Technology Bangalore,110,5.0,0.0,0.0,0.0,5.0
International Institute of Information Technology Bangalore,112,5.0,0.0,0.0,0.0,5.0
International Institute of Information Technology Bangalore,137,5.0,0.0,0.0,0.0,5.0
International Institute of Information Technology Bangalore,140,5.0,0.0,0.0,0.0,5.0
International Institute of Information Technology Bangalore,157,5.0,0.0,0.0,0.0,5.0
International Institute of Information Technology Bangalore,165,5.0,0.0,0.0,0.0,5.0
International Institute of Information Technology Bangalore,179,5.0,0.0,0.0,0.0,5.0
International Institute of Information Technology Bangalore,196,5.0,0.0,0.0,0.0,5.0
International Institute of Information Technology Bangalore,201,5.0,0.0,0.0,0.0,5.0
International Institute of Information Technology Bangalore,206,5.0,0.0,0.0,0.0,5.0
International Institute of Information Technology Bangalore,216,5.0,0.0,0.0,0.0,5.0
International Institute of Information Technology Bangalore,224,5.0,0.0,0.0,0.0,5.0
International Institute of Information Technology Bangalore,228,5.0,0.0,0.0,0.0,5.0
International Institute of Information Technology Bangalore,229,5.0,0.0,0.0,0.0,5.0
International Institute of Information Technology Bangalore,232,5.0,0.0,0.0,0.0,5.0
International Institute of Information Technology Bangalore,233,5.0,0.0,0.0,0.0,5.0
International Institute of Information Technology Bangalore,236,5.0,0.0,0.0,0.0,5.0
International Institute of Information Technology Bangalore,257,5.0,0.0,0.0,0.0,5.0
International Institute of Information Technology Bangalore,261,5.0,0.0,0.0,0.0,5.0
International Institute of Information Technology Bangalore,274,5.0,0.0,0.0,0.0,5.0
International Institute of Information Technology Bangalore,318,5.0,0.0,0.0,0.0,5.0
International Institute of Information Technology Bangalore,1,1.0,2.0,0.0,1.0,4.0
International Institute of Information Technology Bangalore,43,4.0,0.0,0.0,0.0,4.0
International Institute of Information Technology Bangalore,82,4.0,0.0,0.0,0.0,4.0
International Institute of Information Technology Bangalore,94,4.0,0.0,0.0,0.0,4.0
International Institute of Information Technology Bangalore,127,4.0,0.0,0.0,0.0,4.0
International Institute of Information Technology Bangalore,130,4.0,0.0,0.0,0.0,4.0
International Institute of Information Technology Bangalore,153,4.0,0.0,0.0,0.0,4.0
International Institute of Information Technology Bangalore,172,4.0,0.0,0.0,0.0,4.0
International Institute of Information Technology Bangalore,176,4.0,0.0,0.0,0.0,4.0
International Institute of Information Technology Bangalore,177,4.0,0.0,0.0,0.0,4.0
International Institute of Information Technology Bangalore,202,4.0,0.0,0.0,0.0,4.0
International Institute of Information Technology Bangalore,212,4.0,0.0,0.0,0.0,4.0
International Institute of Information Technology Bangalore,220,4.0,0.0,0.0,0.0,4.0
International Institute of Information Technology Bangalore,241,4.0,0.0,0.0,0.0,4.0
International Institute of Information Technology Bangalore,250,4.0,0.0,0.0,0.0,4.0
International Institute of Information Technology Bangalore,259,4.0,0.0,0.0,0.0,4.0
International Institute of Information Technology Bangalore,286,4.0,0.0,0.0,0.0,4.0
International Institute of Information Technology Bangalore,305,4.0,0.0,0.0,0.0,4.0
International Institute of Information Technology Bangalore,329,4.0,0.0,0.0,0.0,4.0
International Institute of Information Technology Bangalore,355,4.0,0.0,0.0,0.0,4.0
International Institute of Information Technology Bangalore,375,4.0,0.0,0.0,0.0,4.0
International Institute of Information Technology Bangalore,390,4.0,0.0,0.0,0.0,4.0
International Institute of Information Technology Bangalore,416,4.0,0.0,0.0,0.0,4.0
International Institute of Information Technology Bangalore,3,3.0,0.0,0.0,0.0,3.0
International Institute of Information Technology Bangalore,14,2.0,0.0,0.0,1.0,3.0
International Institute of Information Technology Bangalore,39,3.0,0.0,0.0,0.0,3.0
International Institute of Information Technology Bangalore,66,3.0,0.0,0.0,0.0,3.0
International Institute of Information Technology Bangalore,69,3.0,0.0,0.0,0.0,3.0
International Institute of Information Technology Bangalore,103,3.0,0.0,0.0,0.0,3.0
International Institute of Information Technology Bangalore,106,3.0,0.0,0.0,0.0,3.0
International Institute of Information Technology Bangalore,114,3.0,0.0,0.0,0.0,3.0
International Institute of Information Technology Bangalore,117,3.0,0.0,0.0,0.0,3.0
International Institute of Information Technology Bangalore,186,3.0,0.0,0.0,0.0,3.0
International Institute of Information Technology Bangalore,194,3.0,0.0,0.0,0.0,3.0
International Institute of Information Technology Bangalore,215,3.0,0.0,0.0,0.0,3.0
International Institute of Information Technology Bangalore,218,3.0,0.0,0.0,0.0,3.0
International Institute of Information Technology Bangalore,268,3.0,0.0,0.0,0.0,3.0
International Institute of Information Technology Bangalore,269,3.0,0.0,0.0,0.0,3.0
International Institute of Information Technology Bangalore,270,3.0,0.0,0.0,0.0,3.0
International Institute of Information Technology Bangalore,289,3.0,0.0,0.0,0.0,3.0
International Institute of Information Technology Bangalore,291,3.0,0.0,0.0,0.0,3.0
International Institute of Information Technology Bangalore,295,3.0,0.0,0.0,0.0,3.0
International Institute of Information Technology Bangalore,304,3.0,0.0,0.0,0.0,3.0
International Institute of Information Technology Bangalore,306,3.0,0.0,0.0,0.0,3.0
International Institute of Information Technology Bangalore,321,3.0,0.0,0.0,0.0,3.0
International Institute of Information Technology Bangalore,326,3.0,0.0,0.0,0.0,3.0
International Institute of Information Technology Bangalore,332,3.0,0.0,0.0,0.0,3.0
International Institute of Information Technology Bangalore,334,3.0,0.0,0.0,0.0,3.0
International Institute of Information Technology Bangalore,339,3.0,0.0,0.0,0.0,3.0
International Institute of Information Technology Bangalore,359,3.0,0.0,0.0,0.0,3.0
International Institute of Information Technology Bangalore,376,3.0,0.0,0.0,0.0,3.0
International Institute of Information Technology Bangalore,394,3.0,0.0,0.0,0.0,3.0
International Institute of Information Technology Bangalore,402,3.0,0.0,0.0,0.0,3.0
International Institute of Information Technology Bangalore,12,0.0,1.0,0.0,1.0,2.0
International Institute of Information Technology Bangalore,15,0.0,0.0,0.0,2.0,2.0
International Institute of Information Technology Bangalore,48,2.0,0.0,0.0,0.0,2.0
International Institute of Information Technology Bangalore,71,2.0,0.0,0.0,0.0,2.0
International Institute of Information Technology Bangalore,78,2.0,0.0,0.0,0.0,2.0
International Institute of Information Technology Bangalore,80,2.0,0.0,0.0,0.0,2.0
International Institute of Information Technology Bangalore,101,2.0,0.0,0.0,0.0,2.0
International Institute of Information Technology Bangalore,119,2.0,0.0,0.0,0.0,2.0
International Institute of Information Technology Bangalore,133,2.0,0.0,0.0,0.0,2.0
International Institute of Information Technology Bangalore,141,2.0,0.0,0.0,0.0,2.0
International Institute of Information Technology Bangalore,149,2.0,0.0,0.0,0.0,2.0
International Institute of Information Technology Bangalore,158,2.0,0.0,0.0,0.0,2.0
International Institute of Information Technology Bangalore,163,2.0,0.0,0.0,0.0,2.0
International Institute of Information Technology Bangalore,169,2.0,0.0,0.0,0.0,2.0
International Institute of Information Technology Bangalore,204,2.0,0.0,0.0,0.0,2.0
International Institute of Information Technology Bangalore,209,2.0,0.0,0.0,0.0,2.0
International Institute of Information Technology Bangalore,230,2.0,0.0,0.0,0.0,2.0
International Institute of Information Technology Bangalore,246,2.0,0.0,0.0,0.0,2.0
International Institute of Information Technology Bangalore,251,2.0,0.0,0.0,0.0,2.0
International Institute of Information Technology Bangalore,258,2.0,0.0,0.0,0.0,2.0
International Institute of Information Technology Bangalore,260,2.0,0.0,0.0,0.0,2.0
International Institute of Information Technology Bangalore,292,2.0,0.0,0.0,0.0,2.0
International Institute of Information Technology Bangalore,293,2.0,0.0,0.0,0.0,2.0
International Institute of Information Technology Bangalore,298,2.0,0.0,0.0,0.0,2.0
International Institute of Information Technology Bangalore,300,2.0,0.0,0.0,0.0,2.0
International Institute of Information Technology Bangalore,314,2.0,0.0,0.0,0.0,2.0
International Institute of Information Technology Bangalore,323,2.0,0.0,0.0,0.0,2.0
International Institute of Information Technology Bangalore,324,2.0,0.0,0.0,0.0,2.0
International Institute of Information Technology Bangalore,328,2.0,0.0,0.0,0.0,2.0
International Institute of Information Technology Bangalore,343,2.0,0.0,0.0,0.0,2.0
International Institute of Information Technology Bangalore,347,2.0,0.0,0.0,0.0,2.0
International Institute of Information Technology Bangalore,378,2.0,0.0,0.0,0.0,2.0
International Institute of Information Technology Bangalore,382,2.0,0.0,0.0,0.0,2.0
International Institute of Information Technology Bangalore,397,2.0,0.0,0.0,0.0,2.0
International Institute of Information Technology Bangalore,405,2.0,0.0,0.0,0.0,2.0
International Institute of Information Technology Bangalore,420,2.0,0.0,0.0,0.0,2.0
International Institute of Information Technology Bangalore,421,2.0,0.0,0.0,0.0,2.0
International Institute of Information Technology Bangalore,424,2.0,0.0,0.0,0.0,2.0
International Institute of Information Technology Bangalore,425,2.0,0.0,0.0,0.0,2.0
International Institute of Information Technology Bangalore,427,2.0,0.0,0.0,0.0,2.0
International Institute of Information Technology Bangalore,429,2.0,0.0,0.0,0.0,2.0
International Institute of Information Technology Bangalore,16,1.0,0.0,0.0,0.0,1.0
International Institute of Information Technology Bangalore,18,1.0,0.0,0.0,0.0,1.0
International Institute of Information Technology Bangalore,27,1.0,0.0,0.0,0.0,1.0
International Institute of Information Technology Bangalore,56,1.0,0.0,0.0,0.0,1.0
International Institute of Information Technology Bangalore,62,1.0,0.0,0.0,0.0,1.0
International Institute of Information Technology Bangalore,63,1.0,0.0,0.0,0.0,1.0
International Institute of Information Technology Bangalore,73,1.0,0.0,0.0,0.0,1.0
International Institute of Information Technology Bangalore,74,1.0,0.0,0.0,0.0,1.0
International Institute of Information Technology Bangalore,75,1.0,0.0,0.0,0.0,1.0
International Institute of Information Technology Bangalore,79,1.0,0.0,0.0,0.0,1.0
International Institute of Information Technology Bangalore,83,1.0,0.0,0.0,0.0,1.0
International Institute of Information Technology Bangalore,88,1.0,0.0,0.0,0.0,1.0
International Institute of Information Technology Bangalore,89,1.0,0.0,0.0,0.0,1.0
International Institute of Information Technology Bangalore,95,1.0,0.0,0.0,0.0,1.0
International Institute of Information Technology Bangalore,102,1.0,0.0,0.0,0.0,1.0
International Institute of Information Technology Bangalore,105,1.0,0.0,0.0,0.0,1.0
International Institute of Information Technology Bangalore,120,1.0,0.0,0.0,0.0,1.0
International Institute of Information Technology Bangalore,126,1.0,0.0,0.0,0.0,1.0
International Institute of Information Technology Bangalore,131,1.0,0.0,0.0,0.0,1.0
International Institute of Information Technology Bangalore,135,1.0,0.0,0.0,0.0,1.0
International Institute of Information Technology Bangalore,139,1.0,0.0,0.0,0.0,1.0
International Institute of Information Technology Bangalore,144,1.0,0.0,0.0,0.0,1.0
International Institute of Information Technology Bangalore,146,1.0,0.0,0.0,0.0,1.0
International Institute of Information Technology Bangalore,147,1.0,0.0,0.0,0.0,1.0
International Institute of Information Technology Bangalore,155,1.0,0.0,0.0,0.0,1.0
International Institute of Information Technology Bangalore,162,1.0,0.0,0.0,0.0,1.0
International Institute of Information Technology Bangalore,175,1.0,0.0,0.0,0.0,1.0
International Institute of Information Technology Bangalore,178,1.0,0.0,0.0,0.0,1.0
International Institute of Information Technology Bangalore,182,1.0,0.0,0.0,0.0,1.0
International Institute of Information Technology Bangalore,195,1.0,0.0,0.0,0.0,1.0
International Institute of Information Technology Bangalore,199,1.0,0.0,0.0,0.0,1.0
International Institute of Information Technology Bangalore,217,1.0,0.0,0.0,0.0,1.0
International Institute of Information Technology Bangalore,223,1.0,0.0,0.0,0.0,1.0
International Institute of Information Technology Bangalore,227,1.0,0.0,0.0,0.0,1.0
International Institute of Information Technology Bangalore,231,1.0,0.0,0.0,0.0,1.0
International Institute of Information Technology Bangalore,234,1.0,0.0,0.0,0.0,1.0
International Institute of Information Technology Bangalore,237,1.0,0.0,0.0,0.0,1.0
International Institute of Information Technology Bangalore,240,1.0,0.0,0.0,0.0,1.0
International Institute of Information Technology Bangalore,243,1.0,0.0,0.0,0.0,1.0
International Institute of Information Technology Bangalore,249,1.0,0.0,0.0,0.0,1.0
International Institute of Information Technology Bangalore,252,1.0,0.0,0.0,0.0,1.0
International Institute of Information Technology Bangalore,263,1.0,0.0,0.0,0.0,1.0
International Institute of Information Technology Bangalore,275,1.0,0.0,0.0,0.0,1.0
International Institute of Information Technology Bangalore,276,1.0,0.0,0.0,0.0,1.0
International Institute of Information Technology Bangalore,282,1.0,0.0,0.0,0.0,1.0
International Institute of Information Technology Bangalore,284,1.0,0.0,0.0,0.0,1.0
International Institute of Information Technology Bangalore,290,1.0,0.0,0.0,0.0,1.0
International Institute of Information Technology Bangalore,297,1.0,0.0,0.0,0.0,1.0
International Institute of Information Technology Bangalore,299,1.0,0.0,0.0,0.0,1.0
International Institute of Information Technology Bangalore,312,1.0,0.0,0.0,0.0,1.0
International Institute of Information Technology Bangalore,317,1.0,0.0,0.0,0.0,1.0
International Institute of Information Technology Bangalore,319,1.0,0.0,0.0,0.0,1.0
International Institute of Information Technology Bangalore,320,1.0,0.0,0.0,0.0,1.0
International Institute of Information Technology Bangalore,327,1.0,0.0,0.0,0.0,1.0
International Institute of Information Technology Bangalore,333,1.0,0.0,0.0,0.0,1.0
International Institute of Information Technology Bangalore,335,1.0,0.0,0.0,0.0,1.0
International Institute of Information Technology Bangalore,346,1.0,0.0,0.0,0.0,1.0
International Institute of Information Technology Bangalore,351,1.0,0.0,0.0,0.0,1.0
International Institute of Information Technology Bangalore,354,1.0,0.0,0.0,0.0,1.0
International Institute of Information Technology Bangalore,358,1.0,0.0,0.0,0.0,1.0
International Institute of Information Technology Bangalore,361,1.0,0.0,0.0,0.0,1.0
International Institute of Information Technology Bangalore,363,1.0,0.0,0.0,0.0,1.0
International Institute of Information Technology Bangalore,367,1.0,0.0,0.0,0.0,1.0
International Institute of Information Technology Bangalore,368,1.0,0.0,0.0,0.0,1.0
International Institute of Information Technology Bangalore,374,1.0,0.0,0.0,0.0,1.0
International Institute of Information Technology Bangalore,386,1.0,0.0,0.0,0.0,1.0
International Institute of Information Technology Bangalore,387,1.0,0.0,0.0,0.0,1.0
International Institute of Information Technology Bangalore,388,1.0,0.0,0.0,0.0,1.0
International Institute of Information Technology Bangalore,400,1.0,0.0,0.0,0.0,1.0
International Institute of Information Technology Bangalore,401,1.0,0.0,0.0,0.0,1.0
International Institute of Information Technology Bangalore,406,1.0,0.0,0.0,0.0,1.0
International Institute of Information Technology Bangalore,411,1.0,0.0,0.0,0.0,1.0
International Institute of Information Technology Bangalore,413,1.0,0.0,0.0,0.0,1.0
International Institute of Information Technology Bangalore,415,1.0,0.0,0.0,0.0,1.0
International Institute of Information Technology Bangalore,419,1.0,0.0,0.0,0.0,1.0
International Institute of Information Technology Bangalore,423,1.0,0.0,0.0,0.0,1.0
International Institute of Information Technology Bangalore,431,1.0,0.0,0.0,0.0,1.0
M S Ramaiah Institute of Technology,-1,0.0,46.0,0.0,0.0,46.0
M S Ramaiah Institute of Technology,18,0.0,12.0,0.0,0.0,12.0
M S Ramaiah Institute of Technology,0,0.0,7.0,0.0,0.0,7.0
M S Ramaiah Institute of Technology,1,0.0,7.0,0.0,0.0,7.0
M S Ramaiah Institute of Technology,5,0.0,4.0,0.0,0.0,4.0
M S Ramaiah Institute of Technology,6,0.0,4.0,0.0,0.0,4.0
M S Ramaiah Institute of Technology,2,0.0,3.0,0.0,0.0,3.0
M S Ramaiah Institute of Technology,3,0.0,3.0,0.0,0.0,3.0
M S Ramaiah Institute of Technology,4,0.0,3.0,0.0,0.0,3.0
M S Ramaiah Institute of Technology,7,0.0,3.0,0.0,0.0,3.0
M S Ramaiah Institute of Technology,25,0.0,3.0,0.0,0.0,3.0
M S Ramaiah Institute of Technology,9,0.0,2.0,0.0,0.0,2.0
M S Ramaiah Institute of Technology,10,0.0,2.0,0.0,0.0,2.0
M S Ramaiah Institute of Technology,14,0.0,2.0,0.0,0.0,2.0
M S Ramaiah Institute of Technology,20,0.0,2.0,0.0,0.0,2.0
M S Ramaiah Institute of Technology,32,0.0,2.0,0.0,0.0,2.0
M S Ramaiah Institute of Technology,8,0.0,1.0,0.0,0.0,1.0
M S Ramaiah Institute of Technology,11,0.0,1.0,0.0,0.0,1.0
M S Ramaiah Institute of Technology,13,0.0,1.0,0.0,0.0,1.0
M S Ramaiah Institute of Technology,16,0.0,1.0,0.0,0.0,1.0
M S Ramaiah Institute of Technology,19,0.0,1.0,0.0,0.0,1.0
M S Ramaiah Institute of Technology,23,0.0,1.0,0.0,0.0,1.0
M S Ramaiah Institute of Technology,30,0.0,1.0,0.0,0.0,1.0
M S Ramaiah Institute of Technology,31,0.0,1.0,0.0,0.0,1.0
M S Ramaiah Institute of Technology,34,0.0,1.0,0.0,0.0,1.0
M S Ramaiah Institute of Technology,35,0.0,1.0,0.0,0.0,1.0
M S Ramaiah Institute of Technology,40,0.0,1.0,0.0,0.0,1.0
M S Ramaiah Institute of Technology,41,0.0,1.0,0.0,0.0,1.0
M S Ramaiah Institute of Technology,42,0.0,1.0,0.0,0.0,1.0
M S Ramaiah University of Applied Sciences,-1,0.0,43.0,0.0,0.0,43.0
M S Ramaiah University of Applied Sciences,3,0.0,39.0,0.0,0.0,39.0
M S Ramaiah University of Applied Sciences,6,0.0,7.0,0.0,0.0,7.0
M S Ramaiah University of Applied Sciences,1,0.0,5.0,0.0,0.0,5.0
M S Ramaiah University of Applied Sciences,7,0.0,5.0,0.0,0.0,5.0
M S Ramaiah University of Applied Sciences,24,0.0,5.0,0.0,0.0,5.0
M S Ramaiah University of Applied Sciences,38,0.0,5.0,0.0,0.0,5.0
M S Ramaiah University of Applied Sciences,4,0.0,4.0,0.0,0.0,4.0
M S Ramaiah University of Applied Sciences,18,0.0,3.0,0.0,0.0,3.0
M S Ramaiah University of Applied Sciences,26,0.0,3.0,0.0,0.0,3.0
M S Ramaiah University of Applied Sciences,0,0.0,2.0,0.0,0.0,2.0
M S Ramaiah University of Applied Sciences,5,0.0,2.0,0.0,0.0,2.0
M S Ramaiah University of Applied Sciences,10,0.0,2.0,0.0,0.0,2.0
M S Ramaiah University of Applied Sciences,14,0.0,2.0,0.0,0.0,2.0
M S Ramaiah University of Applied Sciences,8,0.0,1.0,0.0,0.0,1.0
M S Ramaiah University of Applied Sciences,30,0.0,1.0,0.0,0.0,1.0
M S Ramaiah University of Applied Sciences,32,0.0,1.0,0.0,0.0,1.0
M.S. Ramaiah Institute of Technology,-1,159.0,0.0,3.0,13.0,175.0
M.S. Ramaiah Institute of Technology,0,1.0,0.0,51.0,1.0,53.0
M.S. Ramaiah Institute of Technology,17,32.0,0.0,0.0,0.0,32.0
M.S. Ramaiah Institute of Technology,60,30.0,0.0,0.0,0.0,30.0
M.S. Ramaiah Institute of Technology,82,8.0,0.0,0.0,0.0,8.0
M.S. Ramaiah Institute of Technology,94,8.0,0.0,0.0,0.0,8.0
M.S. Ramaiah Institute of Technology,158,8.0,0.0,0.0,0.0,8.0
M.S. Ramaiah Institute of Technology,19,7.0,0.0,0.0,0.0,7.0
M.S. Ramaiah Institute of Technology,164,7.0,0.0,0.0,0.0,7.0
M.S. Ramaiah Institute of Technology,41,6.0,0.0,0.0,0.0,6.0
M.S. Ramaiah Institute of Technology,7,3.0,0.0,0.0,2.0,5.0
M.S. Ramaiah Institute of Technology,38,5.0,0.0,0.0,0.0,5.0
M.S. Ramaiah Institute of Technology,77,5.0,0.0,0.0,0.0,5.0
M.S. Ramaiah Institute of Technology,91,5.0,0.0,0.0,0.0,5.0
M.S. Ramaiah Institute of Technology,106,5.0,0.0,0.0,0.0,5.0
M.S. Ramaiah Institute of Technology,333,5.0,0.0,0.0,0.0,5.0
M.S. Ramaiah Institute of Technology,43,4.0,0.0,0.0,0.0,4.0
M.S. Ramaiah Institute of Technology,57,4.0,0.0,0.0,0.0,4.0
M.S. Ramaiah Institute of Technology,66,4.0,0.0,0.0,0.0,4.0
M.S. Ramaiah Institute of Technology,72,4.0,0.0,0.0,0.0,4.0
M.S. Ramaiah Institute of Technology,96,4.0,0.0,0.0,0.0,4.0
M.S. Ramaiah Institute of Technology,114,4.0,0.0,0.0,0.0,4.0
M.S. Ramaiah Institute of Technology,148,4.0,0.0,0.0,0.0,4.0
M.S. Ramaiah Institute of Technology,195,4.0,0.0,0.0,0.0,4.0
M.S. Ramaiah Institute of Technology,377,4.0,0.0,0.0,0.0,4.0
M.S. Ramaiah Institute of Technology,109,3.0,0.0,0.0,0.0,3.0
M.S. Ramaiah Institute of Technology,120,3.0,0.0,0.0,0.0,3.0
M.S. Ramaiah Institute of Technology,153,3.0,0.0,0.0,0.0,3.0
M.S. Ramaiah Institute of Technology,159,3.0,0.0,0.0,0.0,3.0
M.S. Ramaiah Institute of Technology,215,3.0,0.0,0.0,0.0,3.0
M.S. Ramaiah Institute of Technology,217,3.0,0.0,0.0,0.0,3.0
M.S. Ramaiah Institute of Technology,238,3.0,0.0,0.0,0.0,3.0
M.S. Ramaiah Institute of Technology,249,3.0,0.0,0.0,0.0,3.0
M.S. Ramaiah Institute of Technology,331,3.0,0.0,0.0,0.0,3.0
M.S. Ramaiah Institute of Technology,342,3.0,0.0,0.0,0.0,3.0
M.S. Ramaiah Institute of Technology,367,3.0,0.0,0.0,0.0,3.0
M.S. Ramaiah Institute of Technology,397,3.0,0.0,0.0,0.0,3.0
M.S. Ramaiah Institute of Technology,1,0.0,0.0,2.0,0.0,2.0
M.S. Ramaiah Institute of Technology,9,1.0,0.0,0.0,1.0,2.0
M.S. Ramaiah Institute of Technology,10,2.0,0.0,0.0,0.0,2.0
M.S. Ramaiah Institute of Technology,25,2.0,0.0,0.0,0.0,2.0
M.S. Ramaiah Institute of Technology,26,2.0,0.0,0.0,0.0,2.0
M.S. Ramaiah Institute of Technology,37,2.0,0.0,0.0,0.0,2.0
M.S. Ramaiah Institute of Technology,55,2.0,0.0,0.0,0.0,2.0
M.S. Ramaiah Institute of Technology,64,2.0,0.0,0.0,0.0,2.0
M.S. Ramaiah Institute of Technology,83,2.0,0.0,0.0,0.0,2.0
M.S. Ramaiah Institute of Technology,97,2.0,0.0,0.0,0.0,2.0
M.S. Ramaiah Institute of Technology,107,2.0,0.0,0.0,0.0,2.0
M.S. Ramaiah Institute of Technology,127,2.0,0.0,0.0,0.0,2.0
M.S. Ramaiah Institute of Technology,143,2.0,0.0,0.0,0.0,2.0
M.S. Ramaiah Institute of Technology,149,2.0,0.0,0.0,0.0,2.0
M.S. Ramaiah Institute of Technology,194,2.0,0.0,0.0,0.0,2.0
M.S. Ramaiah Institute of Technology,301,2.0,0.0,0.0,0.0,2.0
M.S. Ramaiah Institute of Technology,319,2.0,0.0,0.0,0.0,2.0
M.S. Ramaiah Institute of Technology,2,0.0,0.0,0.0,1.0,1.0
M.S. Ramaiah Institute of Technology,5,1.0,0.0,0.0,0.0,1.0
M.S. Ramaiah Institute of Technology,6,1.0,0.0,0.0,0.0,1.0
M.S. Ramaiah Institute of Technology,12,0.0,0.0,0.0,1.0,1.0
M.S. Ramaiah Institute of Technology,13,0.0,0.0,0.0,1.0,1.0
M.S. Ramaiah Institute of Technology,20,1.0,0.0,0.0,0.0,1.0
M.S. Ramaiah Institute of Technology,21,1.0,0.0,0.0,0.0,1.0
M.S. Ramaiah Institute of Technology,27,1.0,0.0,0.0,0.0,1.0
M.S. Ramaiah Institute of Technology,32,1.0,0.0,0.0,0.0,1.0
M.S. Ramaiah Institute of Technology,34,1.0,0.0,0.0,0.0,1.0
M.S. Ramaiah Institute of Technology,42,1.0,0.0,0.0,0.0,1.0
M.S. Ramaiah Institute of Technology,51,1.0,0.0,0.0,0.0,1.0
M.S. Ramaiah Institute of Technology,53,1.0,0.0,0.0,0.0,1.0
M.S. Ramaiah Institute of Technology,54,1.0,0.0,0.0,0.0,1.0
M.S. Ramaiah Institute of Technology,59,1.0,0.0,0.0,0.0,1.0
M.S. Ramaiah Institute of Technology,67,1.0,0.0,0.0,0.0,1.0
M.S. Ramaiah Institute of Technology,70,1.0,0.0,0.0,0.0,1.0
M.S. Ramaiah Institute of Technology,90,1.0,0.0,0.0,0.0,1.0
M.S. Ramaiah Institute of Technology,104,1.0,0.0,0.0,0.0,1.0
M.S. Ramaiah Institute of Technology,110,1.0,0.0,0.0,0.0,1.0
M.S. Ramaiah Institute of Technology,117,1.0,0.0,0.0,0.0,1.0
M.S. Ramaiah Institute of Technology,138,1.0,0.0,0.0,0.0,1.0
M.S. Ramaiah Institute of Technology,161,1.0,0.0,0.0,0.0,1.0
M.S. Ramaiah Institute of Technology,172,1.0,0.0,0.0,0.0,1.0
M.S. Ramaiah Institute of Technology,187,1.0,0.0,0.0,0.0,1.0
M.S. Ramaiah Institute of Technology,231,1.0,0.0,0.0,0.0,1.0
M.S. Ramaiah Institute of Technology,286,1.0,0.0,0.0,0.0,1.0
M.S. Ramaiah Institute of Technology,287,1.0,0.0,0.0,0.0,1.0
M.S. Ramaiah Institute of Technology,293,1.0,0.0,0.0,0.0,1.0
M.S. Ramaiah Institute of Technology,295,1.0,0.0,0.0,0.0,1.0
M.S. Ramaiah Institute of Technology,318,1.0,0.0,0.0,0.0,1.0
M.S. Ramaiah Institute of Technology,332,1.0,0.0,0.0,0.0,1.0
M.S. Ramaiah Institute of Technology,334,1.0,0.0,0.0,0.0,1.0
M.S. Ramaiah Institute of Technology,384,1.0,0.0,0.0,0.0,1.0
M.S. Ramaiah Institute of Technology,396,1.0,0.0,0.0,0.0,1.0
M.S. Ramaiah Institute of Technology,405,1.0,0.0,0.0,0.0,1.0
M.S. Ramaiah Institute of Technology,416,1.0,0.0,0.0,0.0,1.0
PES University,-1,1226.0,39.0,0.0,3.0,1268.0
PES University,0,61.0,11.0,0.0,0.0,72.0
PES University,47,37.0,0.0,0.0,0.0,37.0
PES University,37,29.0,7.0,0.0,0.0,36.0
PES University,13,29.0,4.0,0.0,1.0,34.0
PES University,4,32.0,1.0,0.0,0.0,33.0
PES University,72,32.0,0.0,0.0,0.0,32.0
PES University,36,30.0,1.0,0.0,0.0,31.0
PES University,26,28.0,1.0,0.0,0.0,29.0
PES University,46,29.0,0.0,0.0,0.0,29.0
PES University,7,25.0,2.0,0.0,1.0,28.0
PES University,67,28.0,0.0,0.0,0.0,28.0
PES University,111,28.0,0.0,0.0,0.0,28.0
PES University,23,27.0,0.0,0.0,0.0,27.0
PES University,28,27.0,0.0,0.0,0.0,27.0
PES University,64,27.0,0.0,0.0,0.0,27.0
PES University,109,27.0,0.0,0.0,0.0,27.0
PES University,29,25.0,0.0,0.0,0.0,25.0
PES University,61,25.0,0.0,0.0,0.0,25.0
PES University,10,21.0,1.0,0.0,2.0,24.0
PES University,114,23.0,0.0,0.0,0.0,23.0
PES University,8,21.0,0.0,0.0,1.0,22.0
PES University,117,22.0,0.0,0.0,0.0,22.0
PES University,34,19.0,2.0,0.0,0.0,21.0
PES University,38,21.0,0.0,0.0,0.0,21.0
PES University,42,18.0,2.0,0.0,0.0,20.0
PES University,51,20.0,0.0,0.0,0.0,20.0
PES University,94,20.0,0.0,0.0,0.0,20.0
PES University,9,10.0,8.0,0.0,0.0,18.0
PES University,77,18.0,0.0,0.0,0.0,18.0
PES University,95,18.0,0.0,0.0,0.0,18.0
PES University,54,17.0,0.0,0.0,0.0,17.0
PES University,2,2.0,12.0,0.0,2.0,16.0
PES University,21,16.0,0.0,0.0,0.0,16.0
PES University,43,16.0,0.0,0.0,0.0,16.0
PES University,32,13.0,2.0,0.0,0.0,15.0
PES University,58,15.0,0.0,0.0,0.0,15.0
PES University,60,15.0,0.0,0.0,0.0,15.0
PES University,91,15.0,0.0,0.0,0.0,15.0
PES University,137,15.0,0.0,0.0,0.0,15.0
PES University,17,14.0,0.0,0.0,0.0,14.0
PES University,76,14.0,0.0,0.0,0.0,14.0
PES University,80,14.0,0.0,0.0,0.0,14.0
PES University,97,14.0,0.0,0.0,0.0,14.0
PES University,115,14.0,0.0,0.0,0.0,14.0
PES University,136,14.0,0.0,0.0,0.0,14.0
PES University,5,13.0,0.0,0.0,0.0,13.0
PES University,49,13.0,0.0,0.0,0.0,13.0
PES University,53,13.0,0.0,0.0,0.0,13.0
PES University,90,13.0,0.0,0.0,0.0,13.0
PES University,31,11.0,1.0,0.0,0.0,12.0
PES University,89,12.0,0.0,0.0,0.0,12.0
PES University,259,12.0,0.0,0.0,0.0,12.0
PES University,297,12.0,0.0,0.0,0.0,12.0
PES University,99,11.0,0.0,0.0,0.0,11.0
PES University,110,11.0,0.0,0.0,0.0,11.0
PES University,127,11.0,0.0,0.0,0.0,11.0
PES University,142,11.0,0.0,0.0,0.0,11.0
PES University,157,11.0,0.0,0.0,0.0,11.0
PES University,217,10.0,0.0,0.0,0.0,10.0
PES University,201,9.0,0.0,0.0,0.0,9.0
PES University,240,9.0,0.0,0.0,0.0,9.0
PES University,335,9.0,0.0,0.0,0.0,9.0
PES University,408,9.0,0.0,0.0,0.0,9.0
PES University,19,6.0,2.0,0.0,0.0,8.0
PES University,27,8.0,0.0,0.0,0.0,8.0
PES University,70,8.0,0.0,0.0,0.0,8.0
PES University,141,8.0,0.0,0.0,0.0,8.0
PES University,149,8.0,0.0,0.0,0.0,8.0
PES University,215,8.0,0.0,0.0,0.0,8.0
PES University,270,8.0,0.0,0.0,0.0,8.0
PES University,3,1.0,0.0,0.0,6.0,7.0
PES University,14,7.0,0.0,0.0,0.0,7.0
PES University,107,7.0,0.0,0.0,0.0,7.0
PES University,112,7.0,0.0,0.0,0.0,7.0
PES University,216,7.0,0.0,0.0,0.0,7.0
PES University,232,7.0,0.0,0.0,0.0,7.0
PES University,249,7.0,0.0,0.0,0.0,7.0
PES University,295,7.0,0.0,0.0,0.0,7.0
PES University,324,7.0,0.0,0.0,0.0,7.0
PES University,382,7.0,0.0,0.0,0.0,7.0
PES University,55,6.0,0.0,0.0,0.0,6.0
PES University,71,6.0,0.0,0.0,0.0,6.0
PES University,96,6.0,0.0,0.0,0.0,6.0
PES University,125,6.0,0.0,0.0,0.0,6.0
PES University,159,6.0,0.0,0.0,0.0,6.0
PES University,176,6.0,0.0,0.0,0.0,6.0
PES University,177,6.0,0.0,0.0,0.0,6.0
PES University,199,6.0,0.0,0.0,0.0,6.0
PES University,200,6.0,0.0,0.0,0.0,6.0
PES University,205,6.0,0.0,0.0,0.0,6.0
PES University,241,6.0,0.0,0.0,0.0,6.0
PES University,251,6.0,0.0,0.0,0.0,6.0
PES University,290,6.0,0.0,0.0,0.0,6.0
PES University,305,6.0,0.0,0.0,0.0,6.0
PES University,320,6.0,0.0,0.0,0.0,6.0
PES University,1,0.0,5.0,0.0,0.0,5.0
PES University,106,5.0,0.0,0.0,0.0,5.0
PES University,161,5.0,0.0,0.0,0.0,5.0
PES University,163,5.0,0.0,0.0,0.0,5.0
PES University,165,5.0,0.0,0.0,0.0,5.0
PES University,179,5.0,0.0,0.0,0.0,5.0
PES University,185,5.0,0.0,0.0,0.0,5.0
PES University,187,5.0,0.0,0.0,0.0,5.0
PES University,202,5.0,0.0,0.0,0.0,5.0
PES University,212,5.0,0.0,0.0,0.0,5.0
PES University,239,5.0,0.0,0.0,0.0,5.0
PES University,247,5.0,0.0,0.0,0.0,5.0
PES University,268,5.0,0.0,0.0,0.0,5.0
PES University,284,5.0,0.0,0.0,0.0,5.0
PES University,354,5.0,0.0,0.0,0.0,5.0
PES University,394,5.0,0.0,0.0,0.0,5.0
PES University,420,5.0,0.0,0.0,0.0,5.0
PES University,428,5.0,0.0,0.0,0.0,5.0
PES University,12,3.0,1.0,0.0,0.0,4.0
PES University,18,1.0,3.0,0.0,0.0,4.0
PES University,20,4.0,0.0,0.0,0.0,4.0
PES University,30,3.0,1.0,0.0,0.0,4.0
PES University,59,4.0,0.0,0.0,0.0,4.0
PES University,69,4.0,0.0,0.0,0.0,4.0
PES University,78,4.0,0.0,0.0,0.0,4.0
PES University,88,4.0,0.0,0.0,0.0,4.0
PES University,101,4.0,0.0,0.0,0.0,4.0
PES University,103,4.0,0.0,0.0,0.0,4.0
PES University,118,4.0,0.0,0.0,0.0,4.0
PES University,133,4.0,0.0,0.0,0.0,4.0
PES University,169,4.0,0.0,0.0,0.0,4.0
PES University,229,4.0,0.0,0.0,0.0,4.0
PES University,250,4.0,0.0,0.0,0.0,4.0
PES University,260,4.0,0.0,0.0,0.0,4.0
PES University,277,4.0,0.0,0.0,0.0,4.0
PES University,289,4.0,0.0,0.0,0.0,4.0
PES University,291,4.0,0.0,0.0,0.0,4.0
PES University,321,4.0,0.0,0.0,0.0,4.0
PES University,329,4.0,0.0,0.0,0.0,4.0
PES University,339,4.0,0.0,0.0,0.0,4.0
PES University,355,4.0,0.0,0.0,0.0,4.0
PES University,359,4.0,0.0,0.0,0.0,4.0
PES University,367,4.0,0.0,0.0,0.0,4.0
PES University,369,4.0,0.0,0.0,0.0,4.0
PES University,384,4.0,0.0,0.0,0.0,4.0
PES University,401,4.0,0.0,0.0,0.0,4.0
PES University,411,4.0,0.0,0.0,0.0,4.0
PES University,419,4.0,0.0,0.0,0.0,4.0
PES University,6,1.0,2.0,0.0,0.0,3.0
PES University,11,2.0,0.0,0.0,1.0,3.0
PES University,25,3.0,0.0,0.0,0.0,3.0
PES University,33,3.0,0.0,0.0,0.0,3.0
PES University,56,3.0,0.0,0.0,0.0,3.0
PES University,66,3.0,0.0,0.0,0.0,3.0
PES University,87,3.0,0.0,0.0,0.0,3.0
PES University,126,3.0,0.0,0.0,0.0,3.0
PES University,129,3.0,0.0,0.0,0.0,3.0
PES University,130,3.0,0.0,0.0,0.0,3.0
PES University,146,3.0,0.0,0.0,0.0,3.0
PES University,148,3.0,0.0,0.0,0.0,3.0
PES University,153,3.0,0.0,0.0,0.0,3.0
PES University,172,3.0,0.0,0.0,0.0,3.0
PES University,190,3.0,0.0,0.0,0.0,3.0
PES University,209,3.0,0.0,0.0,0.0,3.0
PES University,220,3.0,0.0,0.0,0.0,3.0
PES University,223,3.0,0.0,0.0,0.0,3.0
PES University,227,3.0,0.0,0.0,0.0,3.0
PES University,236,3.0,0.0,0.0,0.0,3.0
PES University,238,3.0,0.0,0.0,0.0,3.0
PES University,263,3.0,0.0,0.0,0.0,3.0
PES University,266,3.0,0.0,0.0,0.0,3.0
PES University,293,3.0,0.0,0.0,0.0,3.0
PES University,296,3.0,0.0,0.0,0.0,3.0
PES University,304,3.0,0.0,0.0,0.0,3.0
PES University,317,3.0,0.0,0.0,0.0,3.0
PES University,318,3.0,0.0,0.0,0.0,3.0
PES University,332,3.0,0.0,0.0,0.0,3.0
PES University,334,3.0,0.0,0.0,0.0,3.0
PES University,341,3.0,0.0,0.0,0.0,3.0
PES University,347,3.0,0.0,0.0,0.0,3.0
PES University,363,3.0,0.0,0.0,0.0,3.0
PES University,402,3.0,0.0,0.0,0.0,3.0
PES University,422,3.0,0.0,0.0,0.0,3.0
PES University,16,1.0,0.0,0.0,1.0,2.0
PES University,57,2.0,0.0,0.0,0.0,2.0
PES University,65,2.0,0.0,0.0,0.0,2.0
PES University,75,2.0,0.0,0.0,0.0,2.0
PES University,79,2.0,0.0,0.0,0.0,2.0
PES University,92,2.0,0.0,0.0,0.0,2.0
PES University,140,2.0,0.0,0.0,0.0,2.0
PES University,145,2.0,0.0,0.0,0.0,2.0
PES University,168,2.0,0.0,0.0,0.0,2.0
PES University,183,2.0,0.0,0.0,0.0,2.0
PES University,203,2.0,0.0,0.0,0.0,2.0
PES University,213,2.0,0.0,0.0,0.0,2.0
PES University,224,2.0,0.0,0.0,0.0,2.0
PES University,226,2.0,0.0,0.0,0.0,2.0
PES University,228,2.0,0.0,0.0,0.0,2.0
PES University,233,2.0,0.0,0.0,0.0,2.0
PES University,242,2.0,0.0,0.0,0.0,2.0
PES University,243,2.0,0.0,0.0,0.0,2.0
PES University,258,2.0,0.0,0.0,0.0,2.0
PES University,261,2.0,0.0,0.0,0.0,2.0
PES University,283,2.0,0.0,0.0,0.0,2.0
PES University,286,2.0,0.0,0.0,0.0,2.0
PES University,310,2.0,0.0,0.0,0.0,2.0
PES University,312,2.0,0.0,0.0,0.0,2.0
PES University,314,2.0,0.0,0.0,0.0,2.0
PES University,316,2.0,0.0,0.0,0.0,2.0
PES University,326,2.0,0.0,0.0,0.0,2.0
PES University,343,2.0,0.0,0.0,0.0,2.0
PES University,358,2.0,0.0,0.0,0.0,2.0
PES University,360,2.0,0.0,0.0,0.0,2.0
PES University,375,2.0,0.0,0.0,0.0,2.0
PES University,376,2.0,0.0,0.0,0.0,2.0
PES University,413,2.0,0.0,0.0,0.0,2.0
PES University,424,2.0,0.0,0.0,0.0,2.0
PES University,430,2.0,0.0,0.0,0.0,2.0
PES University,431,2.0,0.0,0.0,0.0,2.0
PES University,24,1.0,0.0,0.0,0.0,1.0
PES University,35,1.0,0.0,0.0,0.0,1.0
PES University,39,1.0,0.0,0.0,0.0,1.0
PES University,40,1.0,0.0,0.0,0.0,1.0
PES University,44,1.0,0.0,0.0,0.0,1.0
PES University,45,1.0,0.0,0.0,0.0,1.0
PES University,48,1.0,0.0,0.0,0.0,1.0
PES University,50,1.0,0.0,0.0,0.0,1.0
PES University,68,1.0,0.0,0.0,0.0,1.0
PES University,73,1.0,0.0,0.0,0.0,1.0
PES University,121,1.0,0.0,0.0,0.0,1.0
PES University,122,1.0,0.0,0.0,0.0,1.0
PES University,134,1.0,0.0,0.0,0.0,1.0
PES University,144,1.0,0.0,0.0,0.0,1.0
PES University,147,1.0,0.0,0.0,0.0,1.0
PES University,158,1.0,0.0,0.0,0.0,1.0
PES University,164,1.0,0.0,0.0,0.0,1.0
PES University,171,1.0,0.0,0.0,0.0,1.0
PES University,174,1.0,0.0,0.0,0.0,1.0
PES University,178,1.0,0.0,0.0,0.0,1.0
PES University,181,1.0,0.0,0.0,0.0,1.0
PES University,184,1.0,0.0,0.0,0.0,1.0
PES University,192,1.0,0.0,0.0,0.0,1.0
PES University,194,1.0,0.0,0.0,0.0,1.0
PES University,204,1.0,0.0,0.0,0.0,1.0
PES University,206,1.0,0.0,0.0,0.0,1.0
PES University,207,1.0,0.0,0.0,0.0,1.0
PES University,210,1.0,0.0,0.0,0.0,1.0
PES University,211,1.0,0.0,0.0,0.0,1.0
PES University,230,1.0,0.0,0.0,0.0,1.0
PES University,235,1.0,0.0,0.0,0.0,1.0
PES University,237,1.0,0.0,0.0,0.0,1.0
PES University,246,1.0,0.0,0.0,0.0,1.0
PES University,255,1.0,0.0,0.0,0.0,1.0
PES University,257,1.0,0.0,0.0,0.0,1.0
PES University,267,1.0,0.0,0.0,0.0,1.0
PES University,271,1.0,0.0,0.0,0.0,1.0
PES University,276,1.0,0.0,0.0,0.0,1.0
PES University,287,1.0,0.0,0.0,0.0,1.0
PES University,298,1.0,0.0,0.0,0.0,1.0
PES University,313,1.0,0.0,0.0,0.0,1.0
PES University,315,1.0,0.0,0.0,0.0,1.0
PES University,323,1.0,0.0,0.0,0.0,1.0
PES University,327,1.0,0.0,0.0,0.0,1.0
PES University,331,1.0,0.0,0.0,0.0,1.0
PES University,333,1.0,0.0,0.0,0.0,1.0
PES University,338,1.0,0.0,0.0,0.0,1.0
PES University,342,1.0,0.0,0.0,0.0,1.0
PES University,344,1.0,0.0,0.0,0.0,1.0
PES University,353,1.0,0.0,0.0,0.0,1.0
PES University,356,1.0,0.0,0.0,0.0,1.0
PES University,362,1.0,0.0,0.0,0.0,1.0
PES University,365,1.0,0.0,0.0,0.0,1.0
PES University,377,1.0,0.0,0.0,0.0,1.0
PES University,381,1.0,0.0,0.0,0.0,1.0
PES University,392,1.0,0.0,0.0,0.0,1.0
PES University,393,1.0,0.0,0.0,0.0,1.0
PES University,399,1.0,0.0,0.0,0.0,1.0
PES University,406,1.0,0.0,0.0,0.0,1.0
PES University,415,1.0,0.0,0.0,0.0,1.0
PES University,421,1.0,0.0,0.0,0.0,1.0
PES University,423,1.0,0.0,0.0,0.0,1.0
PES University,425,1.0,0.0,0.0,0.0,1.0
PES University,429,1.0,0.0,0.0,0.0,1.0
PES University,433,1.0,0.0,0.0,0.0,1.0
R V College of Engineering,-1,578.0,16.0,3.0,49.0,646.0
R V College of Engineering,0,12.0,6.0,39.0,7.0,64.0
R V College of Engineering,4,12.0,0.0,0.0,19.0,31.0
R V College of Engineering,7,17.0,3.0,0.0,11.0,31.0
R V College of Engineering,5,11.0,3.0,0.0,12.0,26.0
R V College of Engineering,23,15.0,0.0,0.0,8.0,23.0
R V College of Engineering,28,23.0,0.0,0.0,0.0,23.0
R V College of Engineering,31,18.0,0.0,0.0,0.0,18.0
R V College of Engineering,9,7.0,1.0,0.0,9.0,17.0
R V College of Engineering,10,13.0,0.0,0.0,2.0,15.0
R V College of Engineering,29,15.0,0.0,0.0,0.0,15.0
R V College of Engineering,11,2.0,2.0,0.0,9.0,13.0
R V College of Engineering,26,12.0,0.0,0.0,0.0,12.0
R V College of Engineering,2,1.0,3.0,0.0,7.0,11.0
R V College of Engineering,21,11.0,0.0,0.0,0.0,11.0
R V College of Engineering,32,11.0,0.0,0.0,0.0,11.0
R V College of Engineering,3,0.0,1.0,0.0,9.0,10.0
R V College of Engineering,25,10.0,0.0,0.0,0.0,10.0
R V College of Engineering,13,5.0,1.0,0.0,3.0,9.0
R V College of Engineering,34,9.0,0.0,0.0,0.0,9.0
R V College of Engineering,42,9.0,0.0,0.0,0.0,9.0
R V College of Engineering,55,9.0,0.0,0.0,0.0,9.0
R V College of Engineering,122,9.0,0.0,0.0,0.0,9.0
R V College of Engineering,125,9.0,0.0,0.0,0.0,9.0
R V College of Engineering,202,9.0,0.0,0.0,0.0,9.0
R V College of Engineering,27,8.0,0.0,0.0,0.0,8.0
R V College of Engineering,36,7.0,1.0,0.0,0.0,8.0
R V College of Engineering,70,8.0,0.0,0.0,0.0,8.0
R V College of Engineering,77,8.0,0.0,0.0,0.0,8.0
R V College of Engineering,187,8.0,0.0,0.0,0.0,8.0
R V College of Engineering,1,1.0,3.0,0.0,3.0,7.0
R V College of Engineering,37,7.0,0.0,0.0,0.0,7.0
R V College of Engineering,90,7.0,0.0,0.0,0.0,7.0
R V College of Engineering,103,7.0,0.0,0.0,0.0,7.0
R V College of Engineering,141,7.0,0.0,0.0,0.0,7.0
R V College of Engineering,185,7.0,0.0,0.0,0.0,7.0
R V College of Engineering,8,2.0,1.0,0.0,3.0,6.0
R V College of Engineering,97,6.0,0.0,0.0,0.0,6.0
R V College of Engineering,110,6.0,0.0,0.0,0.0,6.0
R V College of Engineering,211,6.0,0.0,0.0,0.0,6.0
R V College of Engineering,273,6.0,0.0,0.0,0.0,6.0
R V College of Engineering,312,6.0,0.0,0.0,0.0,6.0
R V College of Engineering,39,5.0,0.0,0.0,0.0,5.0
R V College of Engineering,47,5.0,0.0,0.0,0.0,5.0
R V College of Engineering,49,5.0,0.0,0.0,0.0,5.0
R V College of Engineering,67,5.0,0.0,0.0,0.0,5.0
R V College of Engineering,71,5.0,0.0,0.0,0.0,5.0
R V College of Engineering,76,5.0,0.0,0.0,0.0,5.0
R V College of Engineering,107,5.0,0.0,0.0,0.0,5.0
R V College of Engineering,153,5.0,0.0,0.0,0.0,5.0
R V College of Engineering,159,5.0,0.0,0.0,0.0,5.0
R V College of Engineering,163,5.0,0.0,0.0,0.0,5.0
R V College of Engineering,191,5.0,0.0,0.0,0.0,5.0
R V College of Engineering,350,5.0,0.0,0.0,0.0,5.0
R V College of Engineering,427,5.0,0.0,0.0,0.0,5.0
R V College of Engineering,16,0.0,0.0,0.0,4.0,4.0
R V College of Engineering,19,3.0,1.0,0.0,0.0,4.0
R V College of Engineering,38,4.0,0.0,0.0,0.0,4.0
R V College of Engineering,46,4.0,0.0,0.0,0.0,4.0
R V College of Engineering,51,4.0,0.0,0.0,0.0,4.0
R V College of Engineering,61,4.0,0.0,0.0,0.0,4.0
R V College of Engineering,66,4.0,0.0,0.0,0.0,4.0
R V College of Engineering,69,4.0,0.0,0.0,0.0,4.0
R V College of Engineering,83,4.0,0.0,0.0,0.0,4.0
R V College of Engineering,88,4.0,0.0,0.0,0.0,4.0
R V College of Engineering,89,4.0,0.0,0.0,0.0,4.0
R V College of Engineering,117,4.0,0.0,0.0,0.0,4.0
R V College of Engineering,118,4.0,0.0,0.0,0.0,4.0
R V College of Engineering,129,4.0,0.0,0.0,0.0,4.0
R V College of Engineering,143,4.0,0.0,0.0,0.0,4.0
R V College of Engineering,194,4.0,0.0,0.0,0.0,4.0
R V College of Engineering,216,4.0,0.0,0.0,0.0,4.0
R V College of Engineering,232,4.0,0.0,0.0,0.0,4.0
R V College of Engineering,250,4.0,0.0,0.0,0.0,4.0
R V College of Engineering,251,4.0,0.0,0.0,0.0,4.0
R V College of Engineering,314,4.0,0.0,0.0,0.0,4.0
R V College of Engineering,316,4.0,0.0,0.0,0.0,4.0
R V College of Engineering,360,4.0,0.0,0.0,0.0,4.0
R V College of Engineering,6,0.0,1.0,0.0,2.0,3.0
R V College of Engineering,12,0.0,0.0,0.0,3.0,3.0
R V College of Engineering,17,2.0,1.0,0.0,0.0,3.0
R V College of Engineering,20,3.0,0.0,0.0,0.0,3.0
R V College of Engineering,44,3.0,0.0,0.0,0.0,3.0
R V College of Engineering,64,3.0,0.0,0.0,0.0,3.0
R V College of Engineering,72,3.0,0.0,0.0,0.0,3.0
R V College of Engineering,91,3.0,0.0,0.0,0.0,3.0
R V College of Engineering,106,3.0,0.0,0.0,0.0,3.0
R V College of Engineering,111,3.0,0.0,0.0,0.0,3.0
R V College of Engineering,112,3.0,0.0,0.0,0.0,3.0
R V College of Engineering,115,3.0,0.0,0.0,0.0,3.0
R V College of Engineering,133,3.0,0.0,0.0,0.0,3.0
R V College of Engineering,228,3.0,0.0,0.0,0.0,3.0
R V College of Engineering,229,3.0,0.0,0.0,0.0,3.0
R V College of Engineering,241,3.0,0.0,0.0,0.0,3.0
R V College of Engineering,249,3.0,0.0,0.0,0.0,3.0
R V College of Engineering,255,3.0,0.0,0.0,0.0,3.0
R V College of Engineering,257,3.0,0.0,0.0,0.0,3.0
R V College of Engineering,270,3.0,0.0,0.0,0.0,3.0
R V College of Engineering,280,3.0,0.0,0.0,0.0,3.0
R V College of Engineering,293,3.0,0.0,0.0,0.0,3.0
R V College of Engineering,310,3.0,0.0,0.0,0.0,3.0
R V College of Engineering,318,3.0,0.0,0.0,0.0,3.0
R V College of Engineering,324,3.0,0.0,0.0,0.0,3.0
R V College of Engineering,355,3.0,0.0,0.0,0.0,3.0
R V College of Engineering,397,3.0,0.0,0.0,0.0,3.0
R V College of Engineering,405,3.0,0.0,0.0,0.0,3.0
R V College of Engineering,429,3.0,0.0,0.0,0.0,3.0
R V College of Engineering,14,1.0,1.0,0.0,0.0,2.0
R V College of Engineering,18,0.0,2.0,0.0,0.0,2.0
R V College of Engineering,45,2.0,0.0,0.0,0.0,2.0
R V College of Engineering,54,2.0,0.0,0.0,0.0,2.0
R V College of Engineering,74,2.0,0.0,0.0,0.0,2.0
R V College of Engineering,80,2.0,0.0,0.0,0.0,2.0
R V College of Engineering,82,2.0,0.0,0.0,0.0,2.0
R V College of Engineering,85,2.0,0.0,0.0,0.0,2.0
R V College of Engineering,96,2.0,0.0,0.0,0.0,2.0
R V College of Engineering,99,2.0,0.0,0.0,0.0,2.0
R V College of Engineering,114,2.0,0.0,0.0,0.0,2.0
R V College of Engineering,135,2.0,0.0,0.0,0.0,2.0
R V College of Engineering,137,2.0,0.0,0.0,0.0,2.0
R V College of Engineering,142,2.0,0.0,0.0,0.0,2.0
R V College of Engineering,146,2.0,0.0,0.0,0.0,2.0
R V College of Engineering,155,2.0,0.0,0.0,0.0,2.0
R V College of Engineering,158,2.0,0.0,0.0,0.0,2.0
R V College of Engineering,162,2.0,0.0,0.0,0.0,2.0
R V College of Engineering,168,2.0,0.0,0.0,0.0,2.0
R V College of Engineering,171,2.0,0.0,0.0,0.0,2.0
R V College of Engineering,177,2.0,0.0,0.0,0.0,2.0
R V College of Engineering,181,2.0,0.0,0.0,0.0,2.0
R V College of Engineering,183,2.0,0.0,0.0,0.0,2.0
R V College of Engineering,201,2.0,0.0,0.0,0.0,2.0
R V College of Engineering,204,2.0,0.0,0.0,0.0,2.0
R V College of Engineering,213,2.0,0.0,0.0,0.0,2.0
R V College of Engineering,224,2.0,0.0,0.0,0.0,2.0
R V College of Engineering,226,2.0,0.0,0.0,0.0,2.0
R V College of Engineering,227,2.0,0.0,0.0,0.0,2.0
R V College of Engineering,238,2.0,0.0,0.0,0.0,2.0
R V College of Engineering,240,2.0,0.0,0.0,0.0,2.0
R V College of Engineering,259,2.0,0.0,0.0,0.0,2.0
R V College of Engineering,268,2.0,0.0,0.0,0.0,2.0
R V College of Engineering,283,2.0,0.0,0.0,0.0,2.0
R V College of Engineering,284,2.0,0.0,0.0,0.0,2.0
R V College of Engineering,295,2.0,0.0,0.0,0.0,2.0
R V College of Engineering,301,2.0,0.0,0.0,0.0,2.0
R V College of Engineering,305,2.0,0.0,0.0,0.0,2.0
R V College of Engineering,329,2.0,0.0,0.0,0.0,2.0
R V College of Engineering,332,2.0,0.0,0.0,0.0,2.0
R V College of Engineering,343,2.0,0.0,0.0,0.0,2.0
R V College of Engineering,347,2.0,0.0,0.0,0.0,2.0
R V College of Engineering,374,2.0,0.0,0.0,0.0,2.0
R V College of Engineering,375,2.0,0.0,0.0,0.0,2.0
R V College of Engineering,376,2.0,0.0,0.0,0.0,2.0
R V College of Engineering,377,2.0,0.0,0.0,0.0,2.0
R V College of Engineering,382,2.0,0.0,0.0,0.0,2.0
R V College of Engineering,413,2.0,0.0,0.0,0.0,2.0
R V College of Engineering,416,2.0,0.0,0.0,0.0,2.0
R V College of Engineering,24,1.0,0.0,0.0,0.0,1.0
R V College of Engineering,30,1.0,0.0,0.0,0.0,1.0
R V College of Engineering,40,1.0,0.0,0.0,0.0,1.0
R V College of Engineering,41,1.0,0.0,0.0,0.0,1.0
R V College of Engineering,53,1.0,0.0,0.0,0.0,1.0
R V College of Engineering,58,1.0,0.0,0.0,0.0,1.0
R V College of Engineering,60,1.0,0.0,0.0,0.0,1.0
R V College of Engineering,63,1.0,0.0,0.0,0.0,1.0
R V College of Engineering,78,1.0,0.0,0.0,0.0,1.0
R V College of Engineering,79,1.0,0.0,0.0,0.0,1.0
R V College of Engineering,94,1.0,0.0,0.0,0.0,1.0
R V College of Engineering,95,1.0,0.0,0.0,0.0,1.0
R V College of Engineering,101,1.0,0.0,0.0,0.0,1.0
R V College of Engineering,109,1.0,0.0,0.0,0.0,1.0
R V College of Engineering,119,1.0,0.0,0.0,0.0,1.0
R V College of Engineering,120,1.0,0.0,0.0,0.0,1.0
R V College of Engineering,121,1.0,0.0,0.0,0.0,1.0
R V College of Engineering,130,1.0,0.0,0.0,0.0,1.0
R V College of Engineering,134,1.0,0.0,0.0,0.0,1.0
R V College of Engineering,138,1.0,0.0,0.0,0.0,1.0
R V College of Engineering,144,1.0,0.0,0.0,0.0,1.0
R V College of Engineering,149,1.0,0.0,0.0,0.0,1.0
R V College of Engineering,160,1.0,0.0,0.0,0.0,1.0
R V College of Engineering,161,1.0,0.0,0.0,0.0,1.0
R V College of Engineering,170,1.0,0.0,0.0,0.0,1.0
R V College of Engineering,173,1.0,0.0,0.0,0.0,1.0
R V College of Engineering,175,1.0,0.0,0.0,0.0,1.0
R V College of Engineering,179,1.0,0.0,0.0,0.0,1.0
R V College of Engineering,196,1.0,0.0,0.0,0.0,1.0
R V College of Engineering,199,1.0,0.0,0.0,0.0,1.0
R V College of Engineering,200,1.0,0.0,0.0,0.0,1.0
R V College of Engineering,205,1.0,0.0,0.0,0.0,1.0
R V College of Engineering,206,1.0,0.0,0.0,0.0,1.0
R V College of Engineering,210,1.0,0.0,0.0,0.0,1.0
R V College of Engineering,212,1.0,0.0,0.0,0.0,1.0
R V College of Engineering,215,1.0,0.0,0.0,0.0,1.0
R V College of Engineering,220,1.0,0.0,0.0,0.0,1.0
R V College of Engineering,233,1.0,0.0,0.0,0.0,1.0
R V College of Engineering,243,1.0,0.0,0.0,0.0,1.0
R V College of Engineering,258,1.0,0.0,0.0,0.0,1.0
R V College of Engineering,260,1.0,0.0,0.0,0.0,1.0
R V College of Engineering,267,1.0,0.0,0.0,0.0,1.0
R V College of Engineering,278,1.0,0.0,0.0,0.0,1.0
R V College of Engineering,281,1.0,0.0,0.0,0.0,1.0
R V College of Engineering,286,1.0,0.0,0.0,0.0,1.0
R V College of Engineering,290,1.0,0.0,0.0,0.0,1.0
R V College of Engineering,299,1.0,0.0,0.0,0.0,1.0
R V College of Engineering,313,1.0,0.0,0.0,0.0,1.0
R V College of Engineering,321,1.0,0.0,0.0,0.0,1.0
R V College of Engineering,326,1.0,0.0,0.0,0.0,1.0
R V College of Engineering,330,1.0,0.0,0.0,0.0,1.0
R V College of Engineering,331,1.0,0.0,0.0,0.0,1.0
R V College of Engineering,338,1.0,0.0,0.0,0.0,1.0
R V College of Engineering,339,1.0,0.0,0.0,0.0,1.0
R V College of Engineering,341,1.0,0.0,0.0,0.0,1.0
R V College of Engineering,342,1.0,0.0,0.0,0.0,1.0
R V College of Engineering,361,1.0,0.0,0.0,0.0,1.0
R V College of Engineering,367,1.0,0.0,0.0,0.0,1.0
R V College of Engineering,368,1.0,0.0,0.0,0.0,1.0
R V College of Engineering,385,1.0,0.0,0.0,0.0,1.0
R V College of Engineering,388,1.0,0.0,0.0,0.0,1.0
R V College of Engineering,389,1.0,0.0,0.0,0.0,1.0
R V College of Engineering,394,1.0,0.0,0.0,0.0,1.0
R V College of Engineering,406,1.0,0.0,0.0,0.0,1.0
R V College of Engineering,410,1.0,0.0,0.0,0.0,1.0
R V College of Engineering,412,1.0,0.0,0.0,0.0,1.0
R V College of Engineering,415,1.0,0.0,0.0,0.0,1.0
R V College of Engineering,420,1.0,0.0,0.0,0.0,1.0
R V College of Engineering,428,1.0,0.0,0.0,0.0,1.0
R V College of Engineering,433,1.0,0.0,0.0,0.0,1.0
