rank,venue,publications
1,Materials Today: Proceedings,222
2,AIP Conference Proceedings,101
3,Materials Today Proceedings,101
4,AIP conference proceedings,84
5,2023 7th International Conference on Computation System and Information Technology for Sustainable Solutions (CSITSS),45
6,2025 9th International Conference on Computational System and Information Technology for Sustainable Solutions (CSITSS),38
7,ECS Meeting Abstracts,35
8,Proceedings of the AAAI Conference on Artificial Intelligence,35
9,"2021 IEEE International Conference on Electronics, Computing and Communication Technologies (CONECCT)",31
10,"2022 IEEE International Conference on Electronics, Computing and Communication Technologies (CONECCT)",29
11,Springer proceedings in physics,28
12,Springer Proceedings in Materials,26
13,2024 8th International Conference on Computational System and Information Technology for Sustainable Solutions (CSITSS),23
14,"Proceedings of the 2022 3rd International Conference on Communication, Computing and Industry 4.0, C2I4 2022",20
15,"Proceeding of Proceedings of the 26thNational and 4th International ISHMT-ASTFE Heat and Mass Transfer Conference December 17-20, 2021, IIT Madras, Chennai-600036, Tamil Nadu, India",20
16,2021 IEEE Mysore Sub Section International Conference (MysuruCon),19
17,2020 IEEE International Conference for Innovation in Technology (INOCON),19
18,"1st International Conference on Electronics, Computing, Communication and Control Technology, ICECCC 2024",19
19,"2024 15th International Conference on Computing Communication and Networking Technologies, ICCCNT 2024",19
20,"2nd International Conference on Electronics, Computing, Communication and Control Technology, ICECCC 2025",18
21,2024 IEEE 9th International Conference for Convergence in Technology (I2CT),17
22,"2020 IEEE International Conference on Electronics, Computing and Communication Technologies (CONECCT)",17
23,EPJ Web of Conferences,17
24,"Proceedings of the 2nd International Conference on Inventive Research in Computing Applications, ICIRCA 2020",17
25,2022 IEEE Energy Conversion Congress and Exposition (ECCE),16
26,"2023 14th International Conference on Computing Communication and Networking Technologies, ICCCNT 2023",16
27,2022 IEEE 7th International conference for Convergence in Technology (I2CT),15
28,2023 IEEE 8th International Conference for Convergence in Technology (I2CT),14
29,"Proceedings - 5th International Conference on Computing Methodologies and Communication, ICCMC 2021",14
30,E3S Web of Conferences,14
31,2022 IEEE International Conference on Signal Processing and Communications (SPCOM),13
32,"2019 4th International Conference on Recent Trends on Electronics, Information, Communication &amp; Technology (RTEICT)",13
33,2021 IEEE International Conference on Computation System and Information Technology for Sustainable Solutions (CSITSS),13
34,2022 3rd International Conference for Emerging Technology (INCET),13
35,Proceedings of the Design Society,13
36,"2025 IEEE International Conference on Electronics, Computing and Communication Technologies (CONECCT)",13
37,"Proceedings of the 3rd International Conference on Intelligent Communication Technologies and Virtual Mobile Networks, ICICV 2021",13
38,2024 15th International Conference on Computing Communication and Networking Technologies (ICCCNT),12
39,"Proceedings of the 2nd International Conference on Electronics and Sustainable Communication Systems, ICESC 2021",11
40,"2020 11th International Conference on Computing, Communication and Networking Technologies (ICCCNT)",11
41,2025 IEEE 17th International Conference on Computational Intelligence and Communication Networks (CICN),11
42,Proceedings of the American Mathematical Society,11
43,2021 Asian Conference on Innovation in Technology (ASIANCON),11
44,2019 Workshop on Recent Advances in Photonics (WRAP),10
45,"2020 IEEE International Conference on Power Electronics, Smart Grid and Renewable Energy (PESGRE2020)",10
46,"ICASSP 2022 - 2022 IEEE International Conference on Acoustics, Speech and Signal Processing (ICASSP)",10
47,"2024 IEEE International Conference on Electronics, Computing and Communication Technologies (CONECCT)",10
48,2021 International Conference on Intelligent Technologies (CONIT),10
49,2022 6th International Conference on Computation System and Information Technology for Sustainable Solutions (CSITSS),10
50,Proceedings of SPIE - The International Society for Optical Engineering,10
51,2023 4th International Conference for Emerging Technology (INCET),9
52,"Proceedings of the 5th International Conference on Inventive Research in Computing Applications, ICIRCA 2023",9
53,"2023 IEEE International Conference on Electronics, Computing and Communication Technologies (CONECCT)",9
54,Proceeding of Proceedings of the 25th National and 3rd International ISHMT-ASTFE Heat and Mass Transfer Conference (IHMTC-2019),9
55,"2025 IEEE International Conference for Women in Innovation, Technology &amp;amp; Entrepreneurship (ICWITE)",9
56,"2020 4th International Conference on Electronics, Communication and Aerospace Technology (ICECA)",8
57,2021 12th International Conference on Computing Communication and Networking Technologies (ICCCNT),8
58,"2019 1st International Conference on Advanced Technologies in Intelligent Control, Environment, Computing &amp; Communication Engineering (ICATIECE)",8
59,"2024 Third International Conference on Electrical, Electronics, Information and Communication Technologies (ICEEICT)",8
60,2025 IEEE 6th India Council International Subsections Conference (INDISCON),8
61,2022 IEEE 2nd Mysore Sub Section International Conference (MysuruCon),8
62,2021 International Conference on Disruptive Technologies for Multi-Disciplinary Research and Applications (CENTCON),8
63,2022 International Conference for Advancement in Technology (ICONAT),8
64,"2024 IEEE Space, Aerospace and Defence Conference (SPACE)",8
65,2021 2nd Global Conference for Advancement in Technology (GCAT),8
66,"2021 International Conference on Recent Trends on Electronics, Information, Communication &amp; Technology (RTEICT)",8
67,"Proceedings - IEEE 5th International Conference on Communication, Computing and Industry 6.0 2024, C2I6 2024",8
68,2019 4th International Conference on Computational Systems and Information Technology for Sustainable Solution (CSITSS),8
69,"2023 2nd International Conference on Trends in Electrical, Electronics and Computer Engineering, TEECCON 2023",8
70,IECON 2022 – 48th Annual Conference of the IEEE Industrial Electronics Society,8
71,"4th International Conference on Communication, Computing and Industry 6.0, C216 2023",8
72,2022 IEEE International Symposium on Information Theory (ISIT),8
73,"2023 International Conference on Advances in Electronics, Communication, Computing and Intelligent Information Systems (ICAECIS)",8
74,"2023 2nd International Conference on Smart Technologies for Smart Nation, SmartTechCon 2023",8
75,"Proceedings of the 3rd International Conference on Inventive Research in Computing Applications, ICIRCA 2021",7
76,TENCON 2019 - 2019 IEEE Region 10 Conference (TENCON),7
77,Proceedings of the International Astronomical Union,7
78,Conference on Lasers and Electro-Optics,7
79,2024 Asia Pacific Conference on Innovation in Technology (APCIT),7
80,"2019 10th International Conference on Computing, Communication and Networking Technologies (ICCCNT)",7
81,"Proceedings of the 6th International Conference on Inventive Computation Technologies, ICICT 2021",7
82,"Proceedings - 2nd International Conference on Smart Electronics and Communication, ICOSEC 2021",7
83,2022 IEEE 3rd Global Conference for Advancement in Technology (GCAT),7
84,2022 IEEE International Conference on Cloud Computing in Emerging Markets (CCEM),7
85,IET conference proceedings.,7
86,"2019 3rd International conference on Electronics, Communication and Aerospace Technology (ICECA)",7
87,"Proceedings of the 5th International Conference on Trends in Electronics and Informatics, ICOEI 2021",7
88,"2022 IEEE 3rd Global Conference for Advancement in Technology, GCAT 2022",7
89,"2021 International Conference on Computer Communication and Informatics, ICCCI 2021",7
90,2021 2nd International Conference for Emerging Technology (INCET),7
91,The Sixteenth Marcel Grossmann Meeting,7
92,2023 4th International Conference on Intelligent Technologies (CONIT),7
93,2022 IEEE 19th India Council International Conference (INDICON),7
94,"2022 International Conference on Automation, Computing and Renewable Systems (ICACRS)",7
95,Proceedings of the VLDB Endowment,6
96,ICRTEC 2023 - Proceedings: IEEE International Conference on Recent Trends in Electronics and Communication: Upcoming Technologies for Smart Systems,6
97,"Proceedings of the 5th International Conference on I-SMAC (IoT in Social, Mobile, Analytics and Cloud), I-SMAC 2021",6
98,"2023 IEEE 5th International Conference on Cybernetics, Cognition and Machine Learning Applications (ICCCMLA)",6
99,2020 IEEE 17th India Council International Conference (INDICON),6
100,"Proceedings of the 6th International Conference on Communication and Electronics Systems, ICCES 2021",6
101,2024 3rd International Conference for Innovation in Technology (INOCON),6
102,ITM Web of Conferences,6
103,"Proceedings - 2021 International Conference on Design Innovations for 3Cs Compute Communicate Control, ICDI3C 2021",6
104,2019 International Conference on Wireless Communications Signal Processing and Networking (WiSPNET),6
105,"2021 International Conference on Smart Generation Computing, Communication and Networking (SMART GENCON)",6
106,2022 IEEE 95th Vehicular Technology Conference: (VTC2022-Spring),6
107,2021 International Conference on Computer Communication and Informatics (ICCCI),6
108,2025 International Conference on Emerging Technologies in Computing and Communication (ETCC),6
109,"15th International Conference on Advances in Computing, Control, and Telecommunication Technologies, ACT 2024",6
110,"3rd International Conference on Electronics and Sustainable Communication Systems, ICESC 2022 - Proceedings",6
111,2022 2nd International Conference on Intelligent Technologies (CONIT),6
112,2021 IEEE International Conference on Mobile Networks and Wireless Communications (ICMNWC),6
113,"4th International Conference on Inventive Research in Computing Applications, ICIRCA 2022 - Proceedings",6
114,"2025 Third International Conference on Networks, Multimedia and Information Technology (NMITCON)",6
115,"2022 IEEE International Conference on Power Electronics, Smart Grid, and Renewable Energy (PESGRE)",6
116,2021 IEEE Indian Conference on Antennas and Propagation (InCAP),6
117,"Proceedings - 5th International Conference on Smart Systems and Inventive Technology, ICSSIT 2023",6
118,"Proceedings of the 2020 IEEE International Conference on Communication, Computing and Industry 4.0, C2I4 2020",6
119,2019 IEEE Tenth International Conference on Technology for Education (T4E),6
120,"10th International Conference on Advanced Computing and Communication Systems, ICACCS 2024",6
121,2021 60th IEEE Conference on Decision and Control (CDC),6
122,"Proceedings of the 3rd International Conference on Smart Systems and Inventive Technology, ICSSIT 2020",6
123,"Proceedings of the 2023 2nd International Conference on Augmented Intelligence and Sustainable Systems, ICAISS 2023",6
124,2023 IEEE/CVF Winter Conference on Applications of Computer Vision (WACV),5
125,2020 IEEE REGION 10 CONFERENCE (TENCON),5
126,2020 International Conference on Emerging Trends in Information Technology and Engineering (ic-ETITE),5
127,"2022 2nd Asian Conference on Innovation in Technology, ASIANCON 2022",5
128,"2022 4th International Conference on Circuits, Control, Communication and Computing (I4C)",5
129,"Proceedings of CONECCT 2020 - 6th IEEE International Conference on Electronics, Computing and Communication Technologies",5
130,"Proceedings of the 9th International Conference on Inventive Systems and Control, ICISC 2025",5
131,2021 IEEE/CVF International Conference on Computer Vision (ICCV),5
132,2023 IEEE 20th India Council International Conference (INDICON),5
133,"Proceedings of 2025 International Conference on Emerging Technologies in Computing and Communication, ETCC 2025",5
134,2023 4th IEEE Global Conference for Advancement in Technology (GCAT),5
135,2022 IEEE Information Theory Workshop (ITW),5
136,MATEC Web of Conferences,5
137,Materials Research Proceedings,5
138,2022 IEEE International Conference on Distributed Computing and Electrical Circuits and Electronics (ICDCECE),5
139,"2021 IEEE International Conference on Distributed Computing, VLSI, Electrical Circuits and Robotics (DISCOVER)",5
140,"Proceedings - International Conference on Artificial Intelligence and Smart Systems, ICAIS 2021",5
141,2021 IEEE 18th India Council International Conference (INDICON),5
142,2022 International Conference on Augmented Intelligence and Sustainable Systems (ICAISS),5
143,"Proceedings - 3rd International Conference on Self Sustainable Artificial Intelligence Systems, ICSSAS 2025",5
144,2022 International Conference on Edge Computing and Applications (ICECAA),5
145,2023 International Conference on Inventive Computation Technologies (ICICT),5
146,Proceedings of the 17th International Conference on Agents and Artificial Intelligence,5
147,"2023 International Conference on Network, Multimedia and Information Technology (NMITCON)",5
148,"2023 International Conference on the Confluence of Advancements in Robotics, Vision and Interdisciplinary Technology Management (IC-RVITM)",5
149,Springer proceedings in energy,5
150,2024 5th International Conference on Electronics and Sustainable Communication Systems (ICESC),5
151,2024 IEEE 4th International Conference on ICT in Business Industry &amp;amp; Government (ICTBIG),5
152,2024 IEEE International Conference on Contemporary Computing and Communications (InC4),5
153,2024 IEEE International Conference on Interdisciplinary Approaches in Technology and Management for Social Innovation (IATMSI),5
154,2024 5th International Conference for Emerging Technology (INCET),5
155,"7th International Conference on I-SMAC (IoT in Social, Mobile, Analytics and Cloud), I-SMAC 2023 - Proceedings",5
156,2019 International Conference on Smart Systems and Inventive Technology (ICSSIT),5
157,2024 International Conference on IoT Based Control Networks and Intelligent Systems (ICICNIS),5
158,2019 IEEE 16th India Council International Conference (INDICON),5
159,Proceedings on Privacy Enhancing Technologies,5
160,2024 Second International Conference on Advances in Information Technology (ICAIT),5
161,"2025 International Conference on Intelligent and Innovative Technologies in Computing, Electrical and Electronics (IITCEE)",5
162,2024 International Conference on Inventive Computation Technologies (ICICT),5
163,"14th International Conference on Advances in Computing, Control, and Telecommunication Technologies, ACT 2023",5
164,2025 International Conference on Artificial Intelligence and Data Engineering (AIDE),5
165,2025 IEEE 14th International Conference on Communication Systems and Network Technologies (CSNT),5
166,2025 International Conference On Emerging Computation and Information Technologies (ICECIT),5
167,Proceedings of the 2022 ACM SIGSAC Conference on Computer and Communications Security,4
168,2022 International Conference on Artificial Intelligence and Data Engineering (AIDE),4
169,2019 IEEE International Conference on Cloud Computing in Emerging Markets (CCEM),4
170,2022 IEEE Wireless Antenna and Microwave Symposium (WAMS),4
171,"2021 International Conference on Innovative Computing, Intelligent Communication and Smart Electrical Systems (ICSES)",4
172,2022 IEEE Wireless Communications and Networking Conference (WCNC),4
173,"2024 IEEE International Conference on Information Technology, Electronics and Intelligent Communication Systems (ICITEICS)",4
174,"2021 Fifth International Conference on I-SMAC (IoT in Social, Mobile, Analytics and Cloud) (I-SMAC)",4
175,2019 IEEE International WIE Conference on Electrical and Computer Engineering (WIECON-ECE),4
176,The Fifteenth Marcel Grossmann Meeting,4
177,2022 IEEE North Karnataka Subsection Flagship International Conference (NKCon),4
178,"2024 IEEE 4th International Conference on VLSI Systems, Architecture, Technology and Applications (VLSI SATA)",4
179,"2025 IEEE International Conference on Distributed Computing, VLSI, Electrical Circuits and Robotics (DISCOVER)",4
180,"2024 IEEE 3rd International Conference on Data, Decision and Systems (ICDDS)",4
181,"2022 International Conference on Electrical, Computer and Energy Technologies (ICECET)",4
182,"2025 IEEE Space, Aerospace and Defence Conference (SPACE)",4
183,"2021 7th International Conference on Advanced Computing and Communication Systems, ICACCS 2021",4
184,2022 International Conference on Futuristic Technologies (INCOFT),4
185,2022 2nd Asian Conference on Innovation in Technology (ASIANCON),4
186,"2021 6th International Conference on Recent Trends on Electronics, Information, Communication and Technology, RTEICT 2021",4
187,2021 6th International Conference for Convergence in Technology (I2CT),4
188,"2022 Second International Conference on Advanced Technologies in Intelligent Control, Environment, Computing &amp; Communication Engineering (ICATIECE)",4
189,"Proceedings - 5th International Conference on Intelligent Computing and Control Systems, ICICCS 2021",4
190,"2022 IEEE Microwaves, Antennas, and Propagation Conference (MAPCON)",4
191,"2021 International Conference on Advancements in Electrical, Electronics, Communication, Computing and Automation, ICAECA 2021",4
192,AIJR Proceedings,4
193,Proceedings of B-HTC 2020 - 1st IEEE Bangalore Humanitarian Technology Conference,4
194,2025 9th International Conference on Inventive Systems and Control (ICISC),4
195,"Proceedings of 5th International Conference on Soft Computing for Security Applications, ICSCSA 2025",4
196,2025 6th International Conference for Emerging Technology (INCET),4
197,2022 IEEE 35th International Conference on Micro Electro Mechanical Systems Conference (MEMS),4
198,"2nd International Conference on Intelligent Data Communication Technologies and Internet of Things, IDCIoT 2024",4
199,"2025 2nd International Conference on Software, Systems and Information Technology (SSITCON)",4
200,2021 IEEE MTT-S International Microwave and RF Conference (IMARC),4
201,2022 IEEE Aerospace Conference (AERO),4
202,2022 IEEE Applied Power Electronics Conference and Exposition (APEC),4
203,2019 1st International Conference on Advances in Information Technology (ICAIT),4
204,2024 International Conference on Recent Innovation in Smart and Sustainable Technology (ICRISST),4
205,"2025 International Conference on Intelligent Computing, Information and Control Systems (ICOIICS)",4
206,2022 IEEE International Conference on Flexible and Printable Sensors and Systems (FLEPS),4
207,2025 Control Instrumentation System Conference (CISCON),4
208,"2022 4th International Conference on Advances in Computing, Communication Control and Networking (ICAC3N)",4
209,2024 International Conference on Integrated Circuits and Communication Systems (ICICACS),4
210,2022 IEEE International Symposium on Circuits and Systems (ISCAS),4
211,"2024 International Conference on Circuit, Systems and Communication (ICCSC)",4
212,2021 IEEE Global Communications Conference (GLOBECOM),4
213,"Proceedings - 6th International Conference on Computing Methodologies and Communication, ICCMC 2022",4
214,"Proceedings - 2022 6th International Conference on Intelligent Computing and Control Systems, ICICCS 2022",4
215,2021 ASEE Virtual Annual Conference Content Access Proceedings,4
216,2024 5th IEEE Global Conference for Advancement in Technology (GCAT),4
217,2020 5th IEEE International Conference on Recent Advances and Innovations in Engineering (ICRAIE),4
218,2021 29th European Signal Processing Conference (EUSIPCO),4
219,"International Conference on Automation, Computing and Renewable Systems, ICACRS 2022 - Proceedings",4
220,"Proceedings of the 5th International Conference on Communication and Electronics Systems, ICCES 2020",4
221,2023 3rd International Conference on Pervasive Computing and Social Networking (ICPCSN),4
222,"2023 IEEE Microwaves, Antennas, and Propagation Conference (MAPCON)",4
223,"2024 5th International Conference on Circuits, Control, Communication and Computing (I4C)",4
224,"2023 First International Conference on Advances in Electrical, Electronics and Computational Intelligence (ICAEECI)",4
225,2020 3rd International Conference on Intelligent Sustainable Systems (ICISS),4
226,"IDCIoT 2023 - International Conference on Intelligent Data Communication Technologies and Internet of Things, Proceedings",4
227,2023 3rd International Conference on Innovative Mechanisms for Industry Applications (ICIMIA),4
228,"2023 5th International Conference on Electrical, Computer and Communication Technologies, ICECCT 2023",4
229,"2020 Fourth International Conference on I-SMAC (IoT in Social, Mobile, Analytics and Cloud) (I-SMAC)",4
230,"Proceedings of the 7th International Conference on Electrical Energy Systems, ICEES 2021",4
231,"2023 International Conference on New Frontiers in Communication, Automation, Management and Security, ICCAMS 2023",4
232,2023 International Conference on Recent Trends in Electronics and Communication (ICRTEC),4
233,NOISE-CON proceedings,4
234,2020 Second International Conference on Inventive Research in Computing Applications (ICIRCA),4
235,2024 3rd International Conference on Artificial Intelligence For Internet of Things (AIIoT),4
236,2020 2nd International Conference on Innovative Mechanisms for Industry Applications (ICIMIA),4
237,2023 IEEE North Karnataka Subsection Flagship International Conference (NKCon),4
238,Springer Proceedings in Mathematics &amp; Statistics,4
239,2023 14th International Conference on Computing Communication and Networking Technologies (ICCCNT),4
240,"2021 2nd International Conference for Emerging Technology, INCET 2021",4
241,"2023 3rd International Conference on Advances in Electrical, Computing, Communication and Sustainable Technologies, ICAECT 2023",4
242,2023 3rd Asian Conference on Innovation in Technology (ASIANCON),4
243,Springer proceedings in mathematics & statistics,4
244,2023 2nd International Conference on Vision Towards Emerging Trends in Communication and Networking Technologies (ViTECoN),4
245,2020 International Conference on Smart Electronics and Communication (ICOSEC),4
246,"2020 11th International Conference on Computing, Communication and Networking Technologies, ICCCNT 2020",4
247,"Proceedings of the 4th International Conference on Computing Methodologies and Communication, ICCMC 2020",4
248,"2024 10th International Conference on Control, Automation and Robotics (ICCAR)",4
249,"2022 IEEE 33rd Annual International Symposium on Personal, Indoor and Mobile Radio Communications (PIMRC)",3
250,"2nd International Conference on Innovative Mechanisms for Industry Applications, ICIMIA 2020 - Conference Proceedings",3
251,2025 3rd International Conference on Intelligent Data Communication Technologies and Internet of Things (IDCIoT),3
252,2025 3rd International Conference on Inventive Computing and Informatics (ICICI),3
253,2023 Third International Conference on Artificial Intelligence and Smart Energy (ICAIS),3
254,2024 10th International Conference on Applied System Innovation (ICASI),3
255,2022 6th International Conference on Computing Methodologies and Communication (ICCMC),3
256,International Conference on Machine Learning,3
257,2025 6th International Conference on Smart Electronics and Communication (ICOSEC),3
258,2023 IEEE International Conference on Cloud Computing in Emerging Markets (CCEM),3
259,2022 8th International Conference on Advanced Computing and Communication Systems (ICACCS),3
260,"2023 IEEE Fifth International Conference on Advances in Electronics, Computers and Communications (ICAECC)",3
261,2021 Third International Conference on Inventive Research in Computing Applications (ICIRCA),3
262,2023 Second International Conference On Smart Technologies For Smart Nation (SmartTechCon),3
263,2023 11th International Symposium on Electronic Systems Devices and Computing (ESDC),3
264,2022 4th International Conference on Smart Systems and Inventive Technology (ICSSIT),3
265,"2023 International Conference on Network, Multimedia and Information Technology, NMITCON 2023",3
266,2022 25th Euromicro Conference on Digital System Design (DSD),3
267,"2023 International Conference on Evolutionary Algorithms and Soft Computing Techniques, EASCT 2023",3
268,2023 International Conference on Evolutionary Algorithms and Soft Computing Techniques (EASCT),3
269,2022 2nd International Conference on Advance Computing and Innovative Technologies in Engineering (ICACITE),3
270,2025 IEEE International Symposium on Smart Electronic Systems (iSES),3
271,"2022 2nd International Conference on Advances in Electrical, Computing, Communication and Sustainable Technologies, ICAECT 2022",3
272,2022 2nd International Conference on Artificial Intelligence and Signal Processing (AISP),3
273,2025 IEEE International Conference on Recent Advances in Computing and Systems (REACS),3
274,"2025 IEEE International Conference on Emerging Technologies and Applications, MPSec ICETA 2025",3
275,"2023 International Conference on Disruptive Technologies, ICDT 2023",3
276,2025 9th International Symposium on Innovative Approaches in Smart Technologies (ISAS),3
277,2022 30th European Signal Processing Conference (EUSIPCO),3
278,"2023 International Conference on Digital Applications, Transformation &amp; Economy (ICDATE)",3
279,"2025 International Conference in Advances in Power, Signal, and Information Technology, APSIT 2025",3
280,2022 3rd International Conference on Electronics and Sustainable Communication Systems (ICESC),3
281,"2023 International Conference on Computer, Electronics &amp; Electrical Engineering &amp; their Applications (IC2E3)",3
282,"Proceedings of 3rd International Conference on Sustainable Computing and Data Communication Systems, ICSCDS 2025",3
283,Proceedings of IEEE InC4 2023 - 2023 IEEE International Conference on Contemporary Computing and Communications,3
284,2022 44th Annual International Conference of the IEEE Engineering in Medicine &amp; Biology Society (EMBC),3
285,"2023 IEEE/ACM 23rd International Symposium on Cluster, Cloud and Internet Computing Workshops (CCGridW)",3
286,2022 IEEE 61st Conference on Decision and Control (CDC),3
287,2025 10th International Conference on Big Data Analytics (ICBDA),3
288,2024 11th International Conference on Computing for Sustainable Global Development (INDIACom),3
289,ASPS Conference Proceedings,3
290,2022 IEEE International Symposium on Smart Electronic Systems (iSES),3
291,Optica Advanced Photonics Congress 2022,3
292,Global Transitions Proceedings,3
293,"2024 IEEE International Conference on Intelligent Techniques in Control, Optimization and Signal Processing, INCOS 2024 - Proceedings",3
294,2022 IEEE/CVF Conference on Computer Vision and Pattern Recognition (CVPR),3
295,2022 IEEE/CVF Conference on Computer Vision and Pattern Recognition Workshops (CVPRW),3
296,2022 IEEE/CVF Winter Conference on Applications of Computer Vision (WACV),3
297,"International Conference on Edge Computing and Applications, ICECAA 2022 - Proceedings",3
298,2022 International Conference on Electronics and Renewable Systems (ICEARS),3
299,IEEE Bangalore Humanitarian Technology Conference,3
300,"2024 IEEE 31st International Conference on High Performance Computing, Data and Analytics Workshop (HiPCW)",3
301,"2023 2nd International Conference on Automation, Computing and Renewable Systems (ICACRS)",3
302,2023 2nd International Conference for Innovation in Technology (INOCON),3
303,"Proceedings - 2023 3rd International Conference on Pervasive Computing and Social Networking, ICPCSN 2023",3
304,"Proceedings - 2022 IEEE World Conference on Applied Intelligence and Computing, AIC 2022",3
305,"2024 Fourth International Conference on Multimedia Processing, Communication &amp;amp; Information Technology (MPCIT)",3
306,2024 9th International Conference on Communication and Electronics Systems (ICCES),3
307,"COMSYS2023-Conference Proceedings to be published in Springer book series ""Lecture Notes in Networks and Systems"" Electronic ISSN: 2367-3389 Print ISSN: 2367-3370",3
308,IECON 2020 The 46th Annual Conference of the IEEE Industrial Electronics Society,3
309,ACS Symposium Series,3
310,2022 IEEE 7th International Conference on Recent Advances and Innovations in Engineering (ICRAIE),3
311,2025 11th International Conference on Communication and Signal Processing (ICCSP),3
312,IET Conference Proceedings,3
313,"2025 17th International Conference on Electronics, Computers and Artificial Intelligence (ECAI)",3
314,2023 IEEE 13th Annual Computing and Communication Workshop and Conference (CCWC),3
315,2023 IEEE 11th Region 10 Humanitarian Technology Conference (R10-HTC),3
316,2025 15th International Conference on Electrical Engineering (ICEENG),3
317,"Proceedings of 2025 International Conference on Computing for Sustainability and Intelligent Future, COMP-SIF 2025",3
318,2022 IEEE Delhi Section Conference (DELCON),3
319,2025 13th International Symposium on Digital Forensics and Security (ISDFS),3
320,2025 10th International Conference on Machine Learning Technologies (ICMLT),3
321,"Proceedings - ICNEWS 2024: 2nd International Conference on Networking, Embedded and Wireless Systems: Wireless Technology - Building a Digital World",3
322,2022 Workshop on Recent Advances in Photonics (WRAP),3
323,"IEEE International Conference on Signal Processing and Advance Research in Computing, SPARC 2024",3
324,"2024 2nd International Conference on Advances in Computation, Communication and Information Technology, ICAICCIT 2024",3
325,"2024 2nd International Conference on Networking, Embedded and Wireless Systems (ICNEWS)",3
326,"Proceedings - International Conference on Computing, Power, and Communication Technologies, IC2PCT 2024",3
327,"5th International Conference on Electronics and Sustainable Communication Systems, ICESC 2024 - Proceedings",3
328,"2024 2nd World Conference on Communication and Computing, WCONF 2024",3
329,"2024 International Conference on Communication, Control, and Intelligent Systems (CCIS)",3
330,"International Interdisciplinary Humanitarian Conference for Sustainability, IIHC 2022 - Proceedings",3
331,2025 IEEE North Karnataka Subsection Flagship International Conference (NKCon),3
332,"2019 2nd International Conference on Intelligent Computing, Instrumentation and Control Technologies (ICICICT)",3
333,Proceedings of the Combustion Institute,3
334,Proceedings of the Great Lakes Symposium on VLSI 2022,3
335,"Proceedings of the 2025 12th International Conference on Computing for Sustainable Global Development, INDIACom 2025",3
336,"Proceedings of the 2025 11th International Conference on Communication and Signal Processing, ICCSP 2025",3
337,"2020 International Conference on Advances in Computing, Communication &amp; Materials (ICACCM)",3
338,"2019 International Conference on Wireless Communications, Signal Processing and Networking, WiSPNET 2019",3
339,"2020 5th International Conference on Computing, Communication and Security (ICCCS)",3
340,Proceedings of the Institution of Civil Engineers - Construction Materials,3
341,"Proceedings of the 2024 10th International Conference on Communication and Signal Processing, ICCSP 2024",3
342,Proceedings of the Institution of Civil Engineers - Ground Improvement,3
343,2021 IEEE/RSJ International Conference on Intelligent Robots and Systems (IROS),3
344,2019 9th International Conference on Advances in Computing and Communication (ICACC),3
345,"2020 6th International Conference on Control, Automation and Robotics (ICCAR)",3
346,"Proceedings of the International Conference on Electronics and Renewable Systems, ICEARS 2022",3
347,"2021 International Conference on Advances in Electrical, Computing, Communication and Sustainable Technologies (ICAECT)",3
348,2019 Global Conference for Advancement in Technology (GCAT),3
349,"2021 IEEE International Conference on Mobile Networks and Wireless Communications, ICMNWC 2021",3
350,"2021 IEEE International Conference on Emerging Trends in Industry 4.0, ETI 4.0 2021",3
351,2020 IEEE International Conference on Cloud Computing in Emerging Markets (CCEM),3
352,"2020 International Conference on Recent Trends on Electronics, Information, Communication &amp; Technology (RTEICT)",3
353,"2021 55th Asilomar Conference on Signals, Systems, and Computers",3
354,"Proceedings of the 4th International Conference on Communication and Electronics Systems, ICCES 2019",3
355,2021 6th International Conference on Communication and Electronics Systems (ICCES),3
356,"2019 IEEE International Conference on Distributed Computing, VLSI, Electrical Circuits and Robotics (DISCOVER)",3
357,"2021 12th International Conference on Computing Communication and Networking Technologies, ICCCNT 2021",3
358,"Proceedings of the 5th International Conference on Inventive Computation Technologies, ICICT 2020",3
359,"2021 10th International Conference on Internet of Everything, Microwave Engineering, Communication and Networks (IEMECON)",3
360,"2021 7th International Conference on Control, Automation and Robotics (ICCAR)",3
361,2020 4th International Conference on Trends in Electronics and Informatics (ICOEI)(48184),3
362,2019 3rd International Conference on Computing Methodologies and Communication (ICCMC),3
363,"2021 Fourth International Conference on Electrical, Computer and Communication Technologies (ICECCT)",3
364,Springer Proceedings in Physics,3
365,"Proceedings of the 2nd International Conference on Intelligent and Innovative Technologies in Computing, Electrical and Electronics, ICIITCEE 2024",3
366,"Proceedings of the 2nd International Conference on Edge Computing and Applications, ICECAA 2023",3
367,2019 IEEE Region 10 Symposium (TENSYMP),3
368,"2020 IEEE International Conference on Computing, Power and Communication Technologies (GUCON)",3
369,"Proceedings of the 4th International Conference on Electronics, Communication and Aerospace Technology, ICECA 2020",3
370,"Proceedings of the World Conference on Smart Trends in Systems, Security and Sustainability, WS4 2020",3
371,"2021 International Conference on Smart Generation Computing, Communication and Networking, SMART GENCON 2021",3
372,"2021 International Conference on Emerging Smart Computing and Informatics, ESCI 2021",3
373,"2020 IEEE International Conference for Innovation in Technology, INOCON 2020",3
374,TENCON 2024 - 2024 IEEE Region 10 Conference (TENCON),3
375,2019 IEEE 5th International Conference for Convergence in Technology (I2CT),3
376,"Proceedings of the 2021 2nd International Conference on Communication, Computing and Industry 4.0, C2I4 2021",3
377,2019 International Conference on Advances in Computing and Communication Engineering (ICACCE),3
378,"2021 International Conference on Smart Applications, Communications and Networking (SmartNets)",3
379,"Proceedings of the 2021 1st International Conference on Advances in Electrical, Computing, Communications and Sustainable Technologies, ICAECT 2021",3
380,"13th International Conference on Advances in Computing, Control, and Telecommunication Technologies, ACT 2022",3
381,"2023 Fourth International Conference on Smart Technologies in Computing, Electrical and Electronics (ICSTCEE)",2
382,"2024 IEEE Silchar Subsection Conference, SILCON 2024",2
383,"2023 7th International Conference on I-SMAC (IoT in Social, Mobile, Analytics and Cloud) (I-SMAC)",2
384,2023 7th International Conference on Intelligent Computing and Control Systems (ICICCS),2
385,Advances in Robotics - 5th International Conference of The Robotics Society,2
386,2025 3rd International Conference on Sustainable Computing and Data Communication Systems (ICSCDS),2
387,2025 3rd International Conference on Self Sustainable Artificial Intelligence Systems (ICSSAS),2
388,Proceedings of the ACM on Measurement and Analysis of Computing Systems,2
389,"2024 5th IEEE Global Conference for Advancement in Technology, GCAT 2024",2
390,2019 2nd International Conference on Power and Embedded Drive Control (ICPEDC),2
391,2024 12th International Symposium on Digital Forensics and Security (ISDFS),2
392,"2nd International Conference on Automation, Computing and Renewable Systems, ICACRS 2023 - Proceedings",2
393,"Proceedings of the 6th International Conference on Electronics and Sustainable Communication Systems, ICESC 2025",2
394,2023 9th International Conference on Signal Processing and Communication (ICSC),2
395,IFMBE Proceedings,2
396,Proceedings of the ACM on Management of Data,2
397,2024 4th International Conference on Ubiquitous Computing and Intelligent Information Systems (ICUIS),2
398,2019 IEEE Indian Conference on Antennas and Propogation (InCAP),2
399,2023 Global Conference on Information Technologies and Communications (GCITC),2
400,"Proceedings of the 7th International Conference on Intelligent Computing and Control Systems, ICICCS 2023",2
401,"Proceedings of the 8th International Conference on Communication and Electronics Systems, ICCES 2023",2
402,"2024 International Conference on Intelligent Systems and Advanced Applications, ICISAA 2024",2
403,"at the First International Conference On Advanced Technologies In Intelligent Control, Environment, Computing And Communication Engineering (ICATIECE-",2
404,"2023 Fifth International Conference on Electrical, Computer and Communication Technologies (ICECCT)",2
405,2024 11th International Conference on Signal Processing and Integrated Networks (SPIN),2
406,"Proceedings of the conference on indigenous nuclear fuel program in India …, 2019",2
407,2020 International SoC Design Conference (ISOCC),2
408,MysuruCon 2022 - 2022 IEEE 2nd Mysore Sub Section International Conference,2
409,2023 International Conference on Self Sustainable Artificial Intelligence Systems (ICSSAS),2
410,"2024 International Conference on Intelligent and Innovative Technologies in Computing, Electrical and Electronics (IITCEE)",2
411,"2020 Third International Conference on Advances in Electronics, Computers and Communications (ICAECC)",2
412,"5th International Conference on Circuits, Control, Communication and Computing, I4C 2024",2
413,"2023 3rd Asian Conference on Innovation in Technology, ASIANCON 2023",2
414,"at the mini symposium on Effective Practices in Teaching-Learning organized By Indo Universal Collaboration for Engineering Education (IUCEE), 23rd April",2
415,"Proceedings of the 4th International Conference on Smart Electronics and Communication, ICOSEC 2023",2
416,"Proceedings of the 4th International Conference on IoT in Social, Mobile, Analytics and Cloud, ISMAC 2020",2
417,2021 2nd International Conference on Range Technology (ICORT),2
418,2024 IEEE North Karnataka Subsection Flagship International Conference (NKCon),2
419,"2023 2nd International Conference on Futuristic Technologies, INCOFT 2023",2
420,Proceeding of 4th Thermal and Fluids Engineering Conference,2
421,2025 Second International Conference on Cognitive Robotics and Intelligent Systems (ICC - ROBINS),2
422,"2021 3rd International Conference on Advances in Computing, Communication Control and Networking (ICAC3N)",2
423,"2024 1st International Conference on Data, Computation and Communication, ICDCC 2024",2
424,"2024 1st International Conference on Innovations in Communications, Electrical and Computer Engineering, ICICEC 2024",2
425,2023 2nd International Conference on Applied Artificial Intelligence and Computing (ICAAIC),2
426,"Proceedings of the 4th International Conference on Innovative Mechanisms for Industry Applications, ICIMIA 2025",2
427,"2024 5th International Conference on Communication, Computing &amp;amp; Industry 6.0 (C2I6)",2
428,Proceedings of the 59th ACM/IEEE Design Automation Conference,2
429,"2021 2nd Global Conference for Advancement in Technology, GCAT 2021",2
430,2020 Zooming Innovation in Consumer Technologies Conference (ZINC),2
431,Proceedings of the 60th Annual Meeting of the Association for Computational Linguistics (Volume 1: Long Papers),2
432,National Conference on Innovations in Electrical Power and Energy Systems (NCIEPES) on 8th March,2
433,"National Conference on Networking, Embedded and Wireless Systems , News-",2
434,2025 4th International Conference on Innovative Mechanisms for Industry Applications (ICIMIA),2
435,2023 5th International Conference on Inventive Research in Computing Applications (ICIRCA),2
436,2025 4th International Conference on Sentiment Analysis and Deep Learning (ICSADL),2
437,"Proceedings of the World Congress on Civil, Structural, and Environmental Engineering",2
438,2021 20th International Conference on Advanced Robotics (ICAR),2
439,"2025 4th OPJU International Technology Conference on Smart Computing for Innovation and Advancement in Industry 5.0, OTCON 2025",2
440,"2023 4th International Conference on Communication, Computing and Industry 6.0 (C216)",2
441,2024 16th International Conference on COMmunication Systems &amp; NETworkS (COMSNETS),2
442,2024 International Conference on Integrated Intelligence and Communication Systems (ICIICS),2
443,2025 5th Asian Conference on Innovation in Technology (ASIANCON),2
444,"Optical Sensors and Sensing Congress 2022 (AIS, LACSEA, Sensors, ES)",2
445,2023 IEEE 15th International Conference on Computational Intelligence and Communication Networks (CICN),2
446,ICC 2022 - IEEE International Conference on Communications,2
447,"2019 4th International Conference on Electrical, Electronics, Communication, Computer Technologies and Optimization Techniques (ICEECCOT)",2
448,"Proceedings of the International Conference on Smart Technologies in Computing, Electrical and Electronics, ICSTCEE 2020",2
449,"2023 International Conference on Computing, Communication, and Intelligent Systems (ICCCIS)",2
450,"8th International Conference on Smart Structures and Systems, ICSSS 2022",2
451,2024 Zooming Innovation in Consumer Technologies Conference (ZINC),2
452,2025 10th International Conference on Cloud Computing and Big Data Analytics (ICCCBDA),2
453,"2023 International Conference on Communication, Security and Artificial Intelligence (ICCSAI)",2
454,2019 9th International Conference on Power and Energy Systems (ICPES),2
455,2023 International Conference on Artificial Intelligence and Applications (ICAIA) Alliance Technology Conference (ATCON-1),2
456,"IEEE 3rd International Conference on Inventive Systems and control, Coimbotore, 13-14th January",2
457,"International Conference on Innovative Data Communication Technologies and Application, ICIDCA 2023 - Proceedings",2
458,"3rd International Conference on Electronics and Renewable Systems, ICEARS 2025 - Proceedings",2
459,"2024 International Conference on Power, Energy, Control and Transmission Systems (ICPECTS)",2
460,"International Conference on Advanced Computing Technologies, ICoACT 2025",2
461,"2024 International Conference on Artificial Intelligence and Quantum Computation-Based Sensor Applications, ICAIQSA 2024 - Proceedings",2
462,2023 International Conference on Advancement in Computation &amp; Computer Technologies (InCACCT),2
463,"2024 Second International Conference on Networks, Multimedia and Information Technology (NMITCON)",2
464,2019 IEEE Automatic Speech Recognition and Understanding Workshop (ASRU),2
465,2023 National Conference on Communications (NCC),2
466,Proceedings of the International Conference on Hybrid and Organic Photovoltaics,2
467,"Proceedings of the International Conference on Intelligent Computing and Control Systems, ICICCS 2020",2
468,"3rd International Conference on Smart Electronics and Communication, ICOSEC 2022 - Proceedings",2
469,2020 7th International Conference on Signal Processing and Integrated Networks (SPIN),2
470,"2023 International Conference on Intelligent and Innovative Technologies in Computing, Electrical and Electronics (IITCEE)",2
471,2020 IEEE International Conference on Big Data (Big Data),2
472,"2024 2nd International Conference on Networking, Embedded and Wireless Systems (ICNEWS), Bangalore, India,",2
473,"2023 International Conference on Network, Multimedia and Information Technology (NMITCON), Bengaluru, India, October",2
474,"7th International Conference on Electronics, Communication and Aerospace Technology, ICECA 2023 - Proceedings",2
475,"7th International Conference on Computational Systems and Information Technology for Sustainable Solutions, Organized by RV College of Engineering 2023",2
476,2024 International Conference on Trends in Quantum Computing and Emerging Business Technologies,2
477,"2024 International Conference on Signal Processing, Computation, Electronics, Power and Telecommunication, IConSCEPT 2024 - Proceedings",2
478,"2023 International Conference on Signal Processing, Computation, Electronics, Power and Telecommunication (IConSCEPT)",2
479,"2024 International Conference on Recent Innovation in Smart and Sustainable Technology, ICRISST 2024",2
480,"2023 International Conference for Advancement in Technology, ICONAT 2023",2
481,"3rd IEEE International Conference on Mobile Networks and Wireless Communications, ICMNWC 2023",2
482,"2023 IEEE 2nd International Conference on Data, Decision and Systems (ICDDS)",2
483,2025 2nd Asia Pacific Conference on Innovation in Technology (APCIT),2
484,2025 1st International Conference on AIML-Applications for Engineering &amp;amp; Technology (ICAET),2
485,"2023 World Conference on Communication and Computing, WCONF 2023",2
486,ACM International Conference Proceeding Series,2
487,"2nd Odisha International Conference on Electrical Power Engineering, Communication and Computing Technology, ODICON 2022",2
488,"International Conference on Self Sustainable Artificial Intelligence Systems, ICSSAS 2023 - Proceedings",2
489,"International Conference on Sustainable Communication Networks and Application, ICSCNA 2023 - Proceedings",2
490,"International Conference on Sustainable Computing and Smart Systems, ICSCSS 2023 - Proceedings",2
491,"4th International Conference on Sustainable Expert Systems, ICSES 2024 - Proceedings",2
492,2024 Intelligent Systems and Machine Learning Conference (ISML),2
493,2020 International Conference on Intelligent Engineering and Management (ICIEM),2
494,ACS symposium series,2
495,2025 2nd International Conference on Intelligent Algorithms for Computational Intelligence Systems (IACIS),2
496,"2023 International Conference on Quantum Technologies, Communications, Computing, Hardware and Embedded Systems Security (iQ-CCHESS)",2
497,2023 IEEE 3rd Mysore Sub Section International Conference (MysuruCon),2
498,"2023 IEEE International Conference on Distributed Computing, VLSI, Electrical Circuits and Robotics (DISCOVER)",2
499,2025 17th International Conference on Knowledge and Smart Technology (KST),2
500,"International Conference on Power, Control and Sustainable Energy Systems (28th– 30th JULY",2
501,"2021 4th International Conference on Recent Developments in Control, Automation &amp; Power Engineering (RDCAPE)",2
502,"2023 IEEE International Conference on Research Methodologies in Knowledge Management, Artificial Intelligence and Telecommunication Engineering, RMKMATE 2023",2
503,2023 IEEE International Symposium on Smart Electronic Systems (iSES),2
504,2019 4th International Conference on Information Systems and Computer Networks (ISCON),2
505,"2019 5th IEEE International WIE Conference on Electrical and Computer Engineering, WIECON-ECE 2019 - Proceedings",2
506,"6th International Conference on Inventive Computation Technologies, ICICT 2023 - Proceedings",2
507,"2024 International Conference on IoT, Communication and Automation Technology (ICICAT)",2
508,2024 International Conference on Knowledge Engineering and Communication Systems (ICKECS),2
509,2020 5th International Conference on Communication and Electronics Systems (ICCES),2
510,2023 IEEE Technology &amp;amp; Engineering Management Conference - Asia Pacific (TEMSCON-ASPAC),2
511,"at the 39th National Convention of Electrical Engineers and National Conference on “Green Hydrogen, Electric Vehicles, and Energy Storage Systems,” held on the 25th & 26th of October",2
512,"3rd IEEE International Conference on ICT in Business Industry and Government, ICTBIG 2023",2
513,2025 11th International Conference on Smart Computing and Communications (ICSCC),2
514,"2020 6th International Conference on Advanced Computing and Communication Systems, ICACCS 2020",2
515,"2023 IEEE International Conference on Integrated Circuits and Communication Systems, ICICACS 2023",2
516,"2024 IEEE 3rd World Conference on Applied Intelligence and Computing, AIC 2024",2
517,2025 International Conference on Wireless Communications Signal Processing and Networking (WiSPNET),2
518,"2025 International Conference on Computing Technologies, ICOCT 2025",2
519,"Proceedings of the 2023 International Conference on Innovative Computing, Intelligent Communication and Smart Electrical Systems, ICSES 2023",2
520,Proceedings of the 2023 Fifteenth International Conference on Contemporary Computing,2
521,2024 IEEE International Conference on Artificial Intelligence in Engineering and Technology (IICAIET),2
522,"Proceedings of 4th International Conference on Cybernetics, Cognition and Machine Learning Applications, ICCCMLA 2022",2
523,"Proceedings of 5th International Conference on IoT Based Control Networks and Intelligent Systems, ICICNIS 2024",2
524,2022 IEEE 23rd International Workshop on Signal Processing Advances in Wireless Communication (SPAWC),2
525,2025 International Conference on Computing for Sustainability and Intelligent Future (COMP-SIF),2
526,"Proceedings of the 2022 International Conference on Innovative Computing, Intelligent Communication and Smart Electrical Systems, ICSES 2022",2
527,2022 IEEE 40th International Conference on Computer Design (ICCD),2
528,"Proceedings of 6th International Conference on Intelligent Communication Technologies and Virtual Mobile Networks, ICICV 2025",2
529,2022 IEEE 12th Annual Computing and Communication Workshop and Conference (CCWC),2
530,2022 Fourth International Conference on Cognitive Computing and Information Processing (CCIP),2
531,"2022 First International Conference on Electrical, Electronics, Information and Communication Technologies (ICEEICT)",2
532,"Proceedings of 8th International Conference on Computing Methodologies and Communication, ICCMC 2025",2
533,Companion of the 2022 ACM/SPEC International Conference on Performance Engineering,2
534,2022 9th International Conference on Computing for Sustainable Global Development (INDIACom),2
535,2025 IEEE 4th Conference on Applied Signal Processing (ASPCON),2
536,2022 IEEE 49th Photovoltaics Specialists Conference (PVSC),2
537,2025 International Conference on Computer Technology Applications (ICCTA),2
538,2025 IEEE 22nd India Council International Conference (INDICON),2
539,2025 IEEE 15th International Conference on System Engineering and Technology (ICSET),2
540,2024 9th International Conference on Big Data Analytics (ICBDA),2
541,2022 IEEE International Conference on Aerospace Electronics and Remote Sensing Technology (ICARES),2
542,Student Research Workshop .../Proceedings of the Student Research Workshop ...,2
543,2022 IEEE IAS Global Conference on Emerging Technologies (GlobConET),2
544,"2022 IEEE Global Conference on Computing, Power and Communication Technologies (GlobConPT)",2
545,Proceedings of the 2025 14th International Conference on Software and Computer Applications,2
546,2022 IEEE Conference on Control Technology and Applications (CCTA),2
547,"2022 IEEE 4th International Conference on Cybernetics, Cognition and Machine Learning Applications (ICCCMLA)",2
548,2021 IEEE International Power and Renewable Energy Conference (IPRECON),2
549,"2025 International Conference on Electronics, Information, and Communication (ICEIC)",2
550,2022 IEEE 96th Vehicular Technology Conference (VTC2022-Fall),2
551,"2024 IEEE International Conference on Communication, Computing and Signal Processing, IICCCS 2024",2
552,Proceedings of the 2024 10th International Conference on Computing and Artificial Intelligence,2
553,2021 IEEE Mysore Sub Section International Conference (Mysuru Con),2
554,"2025 IEEE 32nd International Conference on High Performance Computing, Data and Analytics Workshop (HiPCW)",2
555,"2021 International Conference on Advancements in Electrical, Electronics, Communication, Computing and Automation (ICAECA)",2
556,"2022 7th International Conference on Robotics and Automation Engineering, ICRAE 2022",2
557,2019 National Conference on Communications (NCC),2
558,Asian Conference on Machine Learning,2
559,2024 IEEE 16th International Conference on Computational Intelligence and Communication Networks (CICN),2
560,"2021 International Conference on Forensics, Analytics, Big Data, Security, FABS 2021",2
561,in the IEEE North-East India International Energy Conversion Conference and Exhibition (NE-IECCE,2
562,2024 IEEE 21st India Council International Conference (INDICON),2
563,2025 IEEE International Conference on Advanced Networks and Telecommunications Systems (ANTS),2
564,2025 IEEE Wireless Antenna and Microwave Symposium (WAMS),2
565,"2022 29th IEEE International Conference on Electronics, Circuits and Systems (ICECS)",2
566,Advanced Materials Proceedings,2
567,2021 International Conference on Emerging Smart Computing and Informatics (ESCI),2
568,Proceedings of the 14th International Conference on Agents and Artificial Intelligence,2
569,"12th IEEE International Conference on Advanced Computing, ICoAC 2023",2
570,2022 16th European Conference on Antennas and Propagation (EuCAP),2
571,Tenth International Conference on Multimedia and Image Processing (ICMIP 2025),2
572,10th International Conference on Recent Engineering and Technology [ICRET –,2
573,2021 Seventh Indian Control Conference (ICC),2
574,"Proceedings of the 18th INDIAcom; 2024 11th International Conference on Computing for Sustainable Global Development, INDIACom 2024",2
575,2022 36th International Conference on Lightning Protection (ICLP),2
576,"Proceedings of International Conference on Contemporary Computing and Informatics, IC3I 2024",2
577,2022 7th International Conference on Machine Learning Technologies (ICMLT),2
578,2024 IEEE International Conference on Advanced Systems and Emergent Technologies (IC_ASET),2
579,2022 7th International Conference on Communication and Electronics Systems (ICCES),2
580,2022 6th International Conference on Trends in Electronics and Informatics (ICOEI),2
581,2022 6th International Conference on Intelligent Computing and Control Systems (ICICCS),2
582,"2022 6th International Conference on Electronics, Communication and Aerospace Technology",2
583,"2024 Eighth International Conference on Parallel, Distributed and Grid Computing (PDGC)",2
584,"2021 International Conference on Circuits, Controls and Communications (CCUBE)",2
585,"Proceedings of the 2022 3rd International Conference on Intelligent Computing, Instrumentation and Control Technologies: Computational Intelligence for Smart Systems, ICICICT 2022",2
586,2022 5th International Conference on Information and Communications Technology (ICOIACT),2
587,"2024 IEEE International Conference for Women in Innovation, Technology &amp;amp; Entrepreneurship (ICWITE)",2
588,2024 IEEE International Conference of Electron Devices Society Kolkata Chapter (EDKCON),2
589,2021 International Conference on Computational Performance Evaluation (ComPE),2
590,"2024 Fourth International Conference on Advances in Electrical, Computing, Communication and Sustainable Technologies (ICAECT)",2
591,"Proceedings of ICWITE 2024: IEEE International Conference for Women in Innovation, Technology and Entrepreneurship",2
592,"2021 International Conference on Computer Communication and Informatics …, 2021",2
593,"2021 International Conference on Computing, Communication, and Intelligent Systems (ICCCIS)",2
594,"2025 International Conference on Biomedical Engineering and Sustainable Healthcare, ICBMESH 2025 - Proceedings",2
595,2025 IEEE 15th International Conference on Electronics Information and Emergency Communication (ICEIEC),2
596,2025 IEEE 1st International Conference on Smart and Sustainable Developments in Electrical Engineering (SSDEE),2
597,in International Conference on Advances in Engineering TECHNOLOGY ( ICAET,2
598,2025 International Conference on Next Generation Communication &amp;amp; Information Processing (INCIP),2
599,2025 International Conference on NexGen Networks and Cybernetics (IC2NC),2
600,2022 International Conference on Numerical Simulation of Optoelectronic Devices (NUSOD),2
601,2022 International Conference on Knowledge Engineering and Communication Systems (ICKES),2
602,2025 International Conference on Multi-Agent Systems for Collaborative Intelligence (ICMSCI),2
603,2025 International Conference on Machine Learning and Autonomous Systems (ICMLAS),2
604,2025 7th International Conference on Intelligent Sustainable Systems (ICISS),2
605,"2021 7th International Conference on Advanced Computing and Communication Systems (ICACCS),",2
606,2024 6th International Communication Engineering and Cloud Computing Conference (CECCC),2
607,2022 IEEE International Conference on Image Processing (ICIP),2
608,The Seventh International Conference on Transformations in Engineering Education (ICTIEE’,2
609,"Proceedings - 2025 IEEE International Conference on Compute, Control, Network and Photonics, ICCCNP 2025",2
610,"Proceedings of the 3rd International Conference on Artificial Intelligence and Smart Energy, ICAIS 2023",2
611,2025 8th International Conference on Computing Methodologies and Communication (ICCMC),2
612,"2022 International Conference on Computer Communication and Informatics, ICCCI 2022",2
613,2024 6th International Conference on Image Video and Signal Processing,2
614,2025 6th International Conference on Mobile Computing and Sustainable Informatics (ICMCSI),2
615,2025 6th International Conference on Inventive Research in Computing Applications (ICIRCA),2
616,Proceedings of the 31st ACM International Conference on Information &amp; Knowledge Management,2
617,"2022 International Conference on Smart Generation Computing, Communication and Networking (SMART GENCON)",2
618,2023 15th International Conference on Computer and Automation Engineering (ICCAE),2
619,"2025 6th International Conference for Emerging Technology, INCET 2025",2
620,2023 10th International Conference on Soft Computing &amp;amp; Machine Intelligence (ISCMI),2
621,2025 International Conference on Smart &amp;amp; Sustainable Technology (INCSST),2
622,2025 IEEE Pune Section International Conference (PuneCon),2
623,"2022 Sixth International Conference on I-SMAC (IoT in Social, Mobile, Analytics and Cloud) (I-SMAC)",2
624,2022 Second International Conference on Artificial Intelligence and Smart Energy (ICAIS),2
625,"Proceedings of the 3rd International Conference on Intelligent and Innovative Technologies in Computing, Electrical and Electronics, IITCEE 2025",2
626,2021 5th International Conference on Trends in Electronics and Informatics (ICOEI),2
627,"Proceedings - 2022 International Conference on Computational Modelling, Simulation and Optimization, ICCMSO 2022",2
628,"Proceedings - 2022 International Conference on Smart and Sustainable Technologies in Energy and Power Sectors, SSTEPS 2022",2
629,2022 International Interdisciplinary Humanitarian Conference for Sustainability (IIHC),2
630,"Proceedings of the 3rd International Conference on Intelligent Sustainable Systems, ICISS 2020",2
631,2022 International Conference on Smart Technologies and Systems for Next Generation Computing (ICSTSN),2
632,"2022 International Conference on Smart Generation Computing, Communication and Networking, SMART GENCON 2022",2
633,2025 8th International Conference on Trends in Electronics and Informatics (ICOEI),2
634,"Proceedings of the 3rd International Conference on Electronics and Communication and Aerospace Technology, ICECA 2019",2
635,Proceedings of the 30th ACM International Conference on Multimedia,2
636,2022 IEEE Region 10 Symposium (TENSYMP),2
637,"2021 IEEE 8th Uttar Pradesh Section International Conference on Electrical, Electronics and Computer Engineering (UPCON)",2
638,"Proceedings of the 2nd International Conference on Artificial Intelligence and Smart Energy, ICAIS 2022",2
639,2021 IEEE Aerospace Conference (50100),2
640,2021 IEEE Automatic Speech Recognition and Understanding Workshop (ASRU),2
641,"Proceedings of the 2nd IEEE International Conference on Networking and Communications 2024, ICNWC 2024",2
642,"Proceedings of the 2nd IEEE International Conference on Advances in Computing, Communication and Applied Informatics, ACCAI 2023",2
643,2021 IEEE International Conference on Aerospace Electronics and Remote Sensing Technology (ICARES),2
644,2019 IEEE Students Conference on Engineering and Systems (SCES),2
645,2025 First International Conference on Intelligent Computing and Communication Systems (CICCS),2
646,"2024 8th International Conference on I-SMAC (IoT in Social, Mobile, Analytics and Cloud) (I-SMAC)",2
647,2021 IEEE International Conference on Cloud Computing in Emerging Markets (CCEM),2
648,2019 IEEE Transportation Electrification Conference (ITEC-India),2
649,2025 Global Conference on Information Technology and Communication Networks (GITCON),2
650,StatPhys 27 Main Conference,2
651,"Proceedings - International Conference on Smart Electronics and Communication, ICOSEC 2020",2
652,"2022 IEEE North Karnataka Subsection Flagship International Conference, NKCon 2022",2
653,2020 IEEE 20th International Symposium on Computational Intelligence and Informatics (CINTI),2
654,2022 IEEE World Conference on Applied Intelligence and Computing (AIC),2
655,2022 IEEE Symposium Series on Computational Intelligence (SSCI),2
656,2022 IEEE Vehicle Power and Propulsion Conference (VPPC),2
657,"Proceedings of the 2nd International Conference on Smart Systems and Inventive Technology, ICSSIT 2019",2
658,2021 European Control Conference (ECC),2
659,"2021 8th International Conference on Smart Computing and Communications: Artificial Intelligence, AI Driven Applications for a Smart World, ICSCC 2021",2
660,2022 International Conference on Advanced Computing Technologies and Applications (ICACTA),2
661,"AIP Conference Proceedings 2358 (1), 050029, 2021",1
662,"ASME 2024 Aerospace Structures, Structural Dynamics, and Materials Conference",1
663,"AIP Conference Proceedings 2311 (1), 080016, 2020",1
664,"ASA, CSSA, SSSA International Annual Meeting, 2021",1
665,The Ninth International Conference on Transformations in Engineering Education (ICTIEE,1
666,AICTE Sponsored 1st International E-Conference on “Recent Trends & Development in Information and Communication Engineering” (ICRTDIC-,1
667,Third International Conference on Electronics Technology and Artificial Intelligence (ETAI 2024),1
668,"Advances in Environment Engineering and Management: Proceedings of the 1st …, 2021",1
669,"AIP Conference Proceedings 2341 (1), 020031, 2021",1
670,"64th Congress of Indian Society of Theoretical and Applied Mechanics, 1-7, 2019",1
671,Thirteenth International Conference on Signal Processing Systems (ICSPS 2021),1
672,"5th International Conference on Inventive Computation Technologies, ICICT 2022 - Proceedings",1
673,The 2nd International Conference on Innovative Research in Renewable Energy Technologies (IRRET 2022),1
674,ACM Symposium on Eye Tracking Research and Applications,1
675,"6th International Conference on Electronics, Computing and Communication Technologies"", IEEE CONECCT",1
676,"6th International Conference on Recent Trends on Electronics, Information, Communication & Technology(RTEICT)",1
677,"AIP Conference Proceedings 2375 (1), 020029, 2021",1
678,"AIP Conference Proceedings 2358 (1), 080005, 2021",1
679,"AIP Conference Proceedings 2358 (1), 080004, 2021",1
680,"8th International Conference on ‘Computing, Communication and Sensor Networks (CCSN",1
681,The Third International Conference on Artificial Intelligence and Machine Learning Systems,1
682,"Transportation, Water and Environmental Geotechnics: Proceedings of Indian …, 2021",1
683,"7th IEEE International Conference on Recent Advances and Innovations in Engineering, ICRAIE 2022 - Proceedings",1
684,"AGU Fall Meeting Abstracts 2019, PP21D-1634, 2019",1
685,"8th International Conference on I-SMAC (IoT in Social, Mobile, Analytics and Cloud), I-SMAC 2024 - Proceedings",1
686,"AIP Conference Proceedings 2375 (1), 050003, 2021",1
687,"8th International Conference on Advances in Civil, Structural and Environmental Engineering - ACSEE",1
688,"8th International Conference on Electronics, Communication and Aerospace Technology, ICECA 2024 - Proceedings",1
689,The International FLAIRS Conference Proceedings,1
690,"6th International Conference on ‘Microelectronics, Circuits and Systems’, Micro",1
691,The 7th Annual International Conference on Arab Women in Computing in Conjunction with the 2nd Forum of Women in Research,1
692,"AIP Conference Proceedings , 2649(1), 21-Jun",1
693,75th Annual Meeting of the APS Division of Fluid Dynamics - Gallery of Fluid Motion,1
694,"Proceedings of the 1st International Conference on Artificial Intelligence, Communication, IoT, Data Engineering and Security, IACIDS 2023, 23-25 November 2023, Lavasa, Pune, India",1
695,"5th International Conference on Energy, Power, and Environment: Towards Flexible Green Energy Technologies, ICEPE 2023",1
696,2025 Seventeenth International Conference on Contemporary Computing (IC3),1
697,"2025 International Conference on Engineering Innovations and Technologies, ICoEIT 2025",1
698,"2025 International Conference on Information, Implementation, and Innovation in Technology (I2ITCON)",1
699,"2025 International Conference on Information, Implementation, and Innovation in Technology, I2ITCON 2025",1
700,"2025 International Conference on Innovation and Intelligence for Informatics, Computing, and Technologies (3ICT)",1
701,2025 International Conference on Innovation in Computing and Engineering (ICE),1
702,2025 International Conference on Intelligent Communication Networks and Computational Techniques (ICICNCT),1
703,"in IEEE MTT-S International Microwave and RF Conference (IMARC),",1
704,"in AIP Conference Proceedings,",1
705,in 4th IEEE Global conference for advancement in Technology on 6-8 Oct.,1
706,"iQ-CCHESS 2023 - 2023 IEEE International Conference on Quantum Technologies, Communications, Computing, Hardware and Embedded Systems Security",1
707,2025 International Conference on Intelligent Systems: Theories and Applications (SITA),1
708,held in International Conference on Evolutionary Algorithms and Soft Computing Techniques (EASCT-,1
709,"has been presented and published in Proceedings of 4th International Conference on Circuits, Control, Communication and Computing (I4C-",1
710,"2025 International Conference on Intelligent and Innovative Technologies in Computing, Electrical and Electronics (IITCEE), Bangalore, India,",1
711,2025 International Conference on Intelligent and Secure Engineering Solutions (CISES),1
712,2025 International Conference on Knowledge Engineering and Communication Systems (ICKECS),1
713,at the “5th International Conference on Computing Methodologies and Communication Computing Methodologies,1
714,"2025 International Conference on Smart Applications, Communications and Networking (SmartNets)",1
715,2025 International Conference on Sustainable Communication Networks and Application (ICSCN),1
716,in Proceedings,1
717,2025 International Conference on Emerging Technologies in Electronics and Green Energy (ICETEG),1
718,in Proceedings of,1
719,"2025 International Conference on Advancements in Smart, Secure and Intelligent Computing (ASSIC)",1
720,was presented in National Conference on 17th – 18th june,1
721,"was Presented in a paper “6th International Mediterranean Congress” held on August 13-15,",1
722,presented a paper at the International Conference on Sustainability & Management Strategy (ICSMS-,1
723,"in the third IEEE International Conference on Electrical, Computer & Communications Technologies”, 20-22 Feburary",1
724,"2025 IEEE Space, Aerospace and Defence Conference, SPACE 2025",1
725,2025 IEEE Symposium on Industrial Electronics &amp;amp; Applications (ISIEA),1
726,in the International Conference on Small Satellites (ICSS -,1
727,2025 International Conference on Advanced Computing Technologies (ICoACT),1
728,"2025 International Conference on Applications of Machine Intelligence and Data Analytics, ICAMIDA 2025",1
729,2025 International Conference on Emerging Engineering Technologies and Applications (IC-EETA),1
730,in the Fifteenth International Conference on Recent Trends in Communication and Computer Networks - ComNet,1
731,"2025 International Conference on Circuit, Systems and Communication (ICCSC)",1
732,"2025 International Conference on Circuits, Controls and Communications (CCUBE)",1
733,in Proceedings of 8th International Conference on Computational Systems and Information Technology for Sustainable Solutions (CSITSS-,1
734,"2025 International Conference on Communication, Computer, and Information Technology (IC3IT), Mandya, India,",1
735,"2025 International Conference on Computing Technologies and Data Communication, ICCTDC 2025",1
736,"2025 International Conference on Computing, Intelligence, and Application (CIACON)",1
737,2025 International Conference on Cybersecurity and AI-Based Systems (Cyber-AI),1
738,2025 International Conference on Vehicular Technology and Transportation Systems (ICVTTS),1
739,"2025 Third International Conference on Networks, Multimedia and Information Technology (NMITCON), BENGALURU, India,",1
740,Twelfth International Conference on Signal Processing Systems,1
741,23rd IAA Symposium on Space Debris,1
742,at International Conference on Computing for Sustainability and Intelligent Future (Comp-SIF,1
743,"3rd International Conference on Innovative Mechanisms for Industry Applications, ICIMIA 2023 - Proceedings",1
744,3rd International Conference on Intelligent Communication Technologies and Virtual Mobile Networks (ICICV2021),1
745,"3rd International Conference on Intelligent Data Communication Technologies and Internet of Things, IDCIoT 2025",1
746,"3rd International conference for Advancement in Technology (ICONAT), 13th -15th sep",1
747,at International Conference on Computing Systems and its Applications(ICCSA-,1
748,"4th International Conference on Circuits, Control, Communication and Computing, I4C 2022",1
749,"4th International Conference on Computer, Communication and Signal Processing, ICCCSP 2020",1
750,"4th International Conference on Electrical, Electronics, Communication, Computer Technologies and Optimization Techniques, ICEECCOT 2019",1
751,"4th International Conference on Energy, Power, and Environment, ICEPE 2022",1
752,"at IEEE 4th Global Power, Energy and Communication Conference (IEEE GPECOM",1
753,"4th International Conference on Information and Communication Technology for Intelligent Systems, 15th-16th May",1
754,at AICTE Sponsored 1st International E-Conference on 23 Oct,1
755,"4th International Conference on Sentiment Analysis and Deep Learning, ICSADL 2025 - Proceedings",1
756,ZEMCH International Conference,1
757,World Congress on Recent Advances in Nanotechnology,1
758,5th IEEE Global Conference for Advancement in Technology (GCAT) –,1
759,"5th IEEE International Conference on advanced computing and communication systems, Sri Eshwar College of Engineering, Coimbatore, Tamil Nadu, during March 15th to 16th",1
760,"5th IEEE international conference on Advanced computing and Communication systems, Sri Eshwar College of Engineering, Coimbatore, Tamil Nadu, during March 15th to 16th",1
761,at The 64th Congress of Indian Society of Theoretical and Applied Mechanics (ISTAM-,1
762,"3rd IEEE International Virtual Conference on Innovations in Power and Advanced Computing Technologies, i-PACT 2021",1
763,at the 2nd International Conference on Inventive Research in Computing Applications (ICIRCA-,1
764,at the 5th International Conference On Communication And Electronics Systems (ICCES,1
765,"25th National Conference on Communications, NCC 2019",1
766,28th AIAA/CEAS Aeroacoustics 2022 Conference,1
767,"2nd IEEE International Conference on Advances in Information Technology, ICAIT 2024 - Proceedings",1
768,"2nd IEEE International Conference on Distributed Computing and Electrical Circuits and Electronics, ICDCECE 2023",1
769,"2nd International Conference for Innovation in (INOCON) Technology, 3rd-5th March",1
770,"at the International Conference on Advances in Computing, Communication and Material (ICACCM) jointly organized by Uttarakhand Technical University, Dehradun & Tula's Institute, Dehradun under the aegis of TEQIP-III, Uttarakhand Technical University held during 21st and 22nd August",1
771,"2nd International Conference on Emerging Trends in Information Technology and Engineering, ic-ETITE 2024",1
772,"2nd International Conference on Intelligent Cyber Physical Systems and Internet of Things, ICoICI 2024 - Proceedings",1
773,"2nd International Conference on Machine Learning and Autonomous Systems, ICMLAS 2025 - Proceedings",1
774,"3rd IEEE International Conference on Technology, Engineering, Management for Societal Impact using Marketing, Entrepreneurship and Talent, TEMSMET 2023",1
775,"2nd International Conference on Networking, Embedded and Wireless Systems – ICNEWS-",1
776,"2nd International Conference on Research Trends in Engineering and Management, IFERP, RRIT, Bangalore, ISBN : 978-93-",1
777,"2nd International Conference on Self Sustainable Artificial Intelligence Systems, ICSSAS 2024 - Proceedings",1
778,"2nd International Conference on Sustainable Computing and Smart Systems, ICSCSS 2024 - Proceedings",1
779,3 rd International Conference on Trends in Electronics and Informatics (ICOEI,1
780,"3rd IEEE International Conference on Distributed Computing and Electrical Circuits and Electronics, ICDCECE 2024",1
781,"3rd IEEE International Conference on Emerging Smart Computing and Informatics (ESCI), ISBN: 978-1-",1
782,"3rd IEEE International Conference on Industrial Electronics: Developments and Applications, ICIDeA 2025",1
783,"2nd IEEE International Conference on Innovations in High-Speed Communication and Signal Processing, IHCSP 2024",1
784,"In2021 IEEE Mysore Sub Section International Conference (MysuruCon), pages 766_772. IEEE, 2021",1
785,The 23rd International Conference on Information Integration and Web Intelligence,1
786,"International Conference on Power, Control and Sustainable Energy Systems, ISBN: ,",1
787,PAKDD (Workshops) 2021: 143-152,1
788,"PESGRE 2022 - IEEE International Conference on ""Power Electronics, Smart Grid, and Renewable Energy""",1
789,Presented a paper “International Conference on Hazardous Materials Management and Environmental Practices” on 12 and 13th February,1
790,"Proceedings of the 4th International Conference on Trends in Electronics and Informatics, ICOEI 2020",1
791,"Proc. of International Conference on Advanced Communication, Computing, and …, 2022",1
792,Proceeding of 5th Thermal and Fluids Engineering Conference (TFEC),1
793,"Proceedings - 1st International Conference on Electronics, Communication and Signal Processing, ICECSP 2024",1
794,"Proceedings - 1st International Conference on Smart Technologies Communication and Robotics, STCR 2021",1
795,"Proceedings - 2019 5th International Conference on Computing, Communication Control and Automation, ICCUBEA 2019",1
796,Proceedings of the 44th International Conference on Software Engineering,1
797,"Proceedings - 2020 IEEE International Conference on Cloud Computing in Emerging Markets, CCEM 2020",1
798,"Proceedings - 2021 IEEE 10th International Conference on Communication Systems and Network Technologies, CSNT 2021",1
799,Proceedings of the 3rd International Conference on Software Engineering and Information Management,1
800,"Proceedings - 2023 IEEE 20th International Conference on Mobile Ad Hoc and Smart Systems, MASS 2023",1
801,"Proceedings - 2023 International Conference on Computational Intelligence for Information, Security and Communication Applications, CIISCA 2023",1
802,"Proceedings - 2024 13th IEEE International Conference on Communication Systems and Network Technologies, CSNT 2024",1
803,"Proceedings - 2024 3rd International Conference on Sentiment Analysis and Deep Learning, ICSADL 2024",1
804,"Proceedings - 2024 4th International Conference on Pervasive Computing and Social Networking, ICPCSN 2024",1
805,"Proceedings - 2024 5th International Conference on Intelligent Communication Technologies and Virtual Mobile Networks, ICICV 2024",1
806,"Proceedings - 2024 5th International Conference on Mobile Computing and Sustainable Informatics, ICMCSI 2024",1
807,"Proceedings - 2024 IEEE International Conference on Machine Learning and Applied Network Technologies, ICMLANT 2024",1
808,"Proceedings - 2024 International Conference on Computational Intelligence for Security, Communication and Sustainable Development, CISCSD 2024",1
809,Proceedings of the 3rd International Conference on Futuristic Technology,1
810,"Proceedings - 2024 International Conference on Expert Clouds and Applications, ICOECA 2024",1
811,"Proceedings - 2nd International Conference on Smart Technologies, Communication and Robotics 2022, STCR 2022",1
812,"Proceedings of the 5th International Conference on Electronics, Communication and Aerospace Technology, ICECA 2021",1
813,"OSA Optical Sensors and Sensing Congress 2021 (AIS, FTS, HISE, SENSORS, ES)",1
814,"OSA Imaging and Applied Optics Congress 2021 (3D, COSI, DH, ISA, pcAOP)",1
815,"MPCIT 2020 - Proceedings: IEEE 3rd International Conference on ""Multimedia Processing, Communication and Information Technology""",1
816,Proceedings of the Genetic and Evolutionary Computation Conference Companion,1
817,"International Conference on Sustainable Computing and Data Communication Systems, ICSCDS 2022 - Proceedings",1
818,Proceedings of the Edinburgh Mathematical Society,1
819,"International Proceedings on Advances in Soft Computing, Intelligent Systems and Applications",1
820,Proceedings of the ACM on software engineering.,1
821,"International Symposium on Advanced Networks and Telecommunication Systems, ANTS",1
822,"International Symposium on Wireless Personal Multimedia Communications, WPMC",1
823,"International Workshop and International Workshop on Approximation, Randomization, and Combinatorial Optimization. Algorithms and Techniques",1
824,"International conference on Computational methods and data engineering (ICCMD 2021), DOI: 10.1109/ipact52855.2021.9696487",1
825,"International conference on Integrated Intelligence and Communication Systems, ICIICS-",1
826,"Proceedings of the 9th International Conference on Communication and Electronics Systems, ICCES 2024",1
827,"Materials Today Proceedings, 89, (1), 138-143",1
828,OSA Advanced Photonics Congress 2021,1
829,"Materials Today Proceedings, 89, (1), 30-40.",1
830,"Materials Today: Proceedings 11, 761-766, 2019",1
831,"Materials Today: Proceedings 22, 2839-2848, 2020",1
832,"Materials Today: Proceedings 29, 492-500, 2020",1
833,"Materials Today: Proceedings 46, 11239-11242, 2021",1
834,"Materials Today: Proceedings 46, 5187-5193, 2021",1
835,"Materials Today: Proceedings, 56 (",1
836,"Materials Today: Proceedings, May",1
837,"Materials Today:Proceedings, 62 (",1
838,New Trends in Computational Vision and Bio-Inspired Computing - Selected Works Presented at the ICCVBIC 2018,1
839,OITS International Conference on Information Technology-,1
840,"Proceedings - 3rd International Conference on Advances in Computing, Communication and Applied Informatics, ACCAI 2024",1
841,Proceedings of the 37th ACM/SIGAPP Symposium on Applied Computing,1
842,"Proceedings - 4th International Conference on Smart Technologies, Communication and Robotics 2025, STCR 2025",1
843,Proceedings of the ... ISARC,1
844,Proceedings of ADCOM,1
845,Proceedings of the 2022 Conference of the North American Chapter of the Association for Computational Linguistics: Human Language Technologies,1
846,"Proceedings of CONECCT 2023 - 9th International Conference on Electronics, Computing and Communication Technologies",1
847,"Proceedings of CONECCT 2024 - 10th IEEE International Conference on Electronics, Computing and Communication Technologies",1
848,Proceedings of Engineering and Technology Innovation,1
849,"Proceedings of ICOECA, Expert Clouds and Applications, DOI: 10.1007/978-981-16-2126-0_52",1
850,Proceedings of the 2021 International Symposium on Molecular Spectroscopy,1
851,"Proceedings of the 2021 4th International Conference on Computing and Communications Technologies, ICCCT 2021",1
852,Proceedings of IMEC,1
853,Proceedings of NKCon 2023 - 2nd IEEE North Karnataka Subsection Flagship International Conference,1
854,Proceedings of WCSE 2022 Spring Event: 2022 9th International Conference on Industrial Engineering and Applications,1
855,Proceedings of the ... International Conference on Engineering Design,1
856,"Proceedings of 5th International Conference on Pervasive Computing and Social Networking, ICPCSN 2025",1
857,"Proceedings of the 2020 IEEE International Conference on Communication and Signal Processing, ICCSP 2020",1
858,"Proceedings of the 2020 4th International Conference on Vision, Image and Signal Processing",1
859,Proceedings of the 2020 4th International Conference on Virtual and Augmented Reality Simulations,1
860,"Proceedings of the 2019 IEEE International Conference on Communication and Signal Processing, ICCSP 2019",1
861,"Proceedings of the ... International Conference on Fluid Flow, Heat and Mass Transfer",1
862,Proceedings of the 12th Innovations in Software Engineering Conference (formerly known as India Software Engineering Conference),1
863,Proceedings of the 15th Annual ACM India Compute Conference,1
864,"Proceedings of the 16th International Conference on Computer Graphics, Visualization, Computer Vision and Image Processing (CGVCVIP 2022), the 8th International Conference on Connected Smart Cities (CSC 2022), 7th International Conference on Big Data Analytics, Data Mining and Computational Intelligence (BigDaCI’22) and 11th International Conference on Theory and Practice in Modern Computing (TPMC 2022)",1
865,Proceedings of the 17th ACM Conference on International Computing Education Research,1
866,"Proceedings of the 17th INDIACom; 2023 10th International Conference on Computing for Sustainable Global Development, INDIACom 2023",1
867,"Proceedings of the 17th International Conference on Availability, Reliability and Security",1
868,"Proceedings of the 2023 2nd International Conference on Electronics and Renewable Systems, ICEARS 2023",1
869,Proceedings of the 2023 8th International Conference on Multimedia and Image Processing,1
870,"Proceedings - 5th IEEE International Conference on Recent Trends in Electronics, Information and Communication Technology, RTEICT 2020",1
871,Proceedings of the 20th International Conference on Distributed Computing and Networking,1
872,"Proceedings of the 2nd International Conference on Recent Trends in Machine Learning, IoT, Smart Cities and Applications, DOI:10.1007/978-981-16-6407-6_6",1
873,"Proceedings of the 2nd International Conference on Recent Trends in Machine Learning, IoT, Smart Cities and Applications, DOI: 10.1007/978-981-16-6407-6_58",1
874,"Proceedings of the 2nd International Conference on Recent Trends in Machine Learning, IoT, Smart Cities and Applications, DOI: 10.1007/978-981-16-6407-6_49, pp 557-567",1
875,"Proceedings of the 2nd International Conference on Applied Artificial Intelligence and Computing, ICAAIC 2023",1
876,Proceedings - ICOECS 2020: 2020 International Conference on Electrotechnical Complexes and Systems,1
877,Proceedings of the 2nd Conference of the Asia-Pacific Chapter of the Association for Computational Linguistics and the 12th International Joint Conference on Natural Language Processing: Student Research Workshop,1
878,"Proceedings - IEEE International Conference on Advances in Computing, Communication and Applied Informatics, ACCAI 2022",1
879,Proceedings of the 2nd ACM SIGCAS Conference on Computing and Sustainable Societies,1
880,"Proceedings - International Conference on Next Generation Communication and Information Processing, INCIP 2025",1
881,"Proceedings of the 20th International Joint Conference on Computer Vision, Imaging and Computer Graphics Theory and Applications",1
882,"Proceedings in Adaptation, Learning and Optimization",1
883,Proceedings of the 2025 7th Asia Pacific Information Technology Conference,1
884,"Proceedings of the 2023 International Conference on Intelligent Systems for Communication, IoT and Security, ICISCoIS 2023",1
885,"Proceedings of 2019 3rd IEEE International Conference on Electrical, Computer and Communication Technologies, ICECCT 2019",1
886,Proceedings of the 2025 6th International Conference on Computer Vision and Computational Intelligence,1
887,"Proceedings of 2020 3rd International Conference on Advances in Electronics, Computers and Communications, ICAECC 2020",1
888,"Proceedings of the 2025 3rd International Conference on Inventive Computing and Informatics, ICICI 2025",1
889,"Proceedings of 2021 IEEE International Women in Engineering (WIE) Conference on Electrical and Computer Engineering, WIECON-ECE 2021",1
890,"Proceedings of 2022 International Conference on Intelligent Innovations in Engineering and Technology, ICIIET 2022",1
891,Proceedings of the 2024 8th International Conference on Natural Language Processing and Information Retrieval,1
892,"Proceedings of 3rd IEEE International Conference on Knowledge Engineering and Communication Systems, ICKECS 2025",1
893,"Proceedings of the 2024 7th International Conference on Sensors, Signal and Image Processing",1
894,Proceedings of the 2024 10th International Conference on Robotics and Artificial Intelligence,1
895,Proceedings of the 2024 10th International Conference on Computer Technology Applications,1
896,International Conference on Remote Engineering and Virtual Instrumentation REV,1
897,"International Conference on Power, Control and Sustainable Energy Systems (ICPCSES-",1
898,"Annual IEEE Communications Society Conference on Sensor, Mesh and Ad Hoc Communications and Networks workshops",1
899,International Conference on Networks,1
900,Springer 3rd International Conference on Computational Vision and Bio Inspired Computing ICCVBIC,1
901,"Smart Intelligent Computing and Applications: Proceedings of the Third …, 2019",1
902,"ICASSP 2025 - 2025 IEEE International Conference on Acoustics, Speech and Signal Processing (ICASSP)",1
903,"ICASSP, IEEE International Conference on Acoustics, Speech and Signal Processing - Proceedings",1
904,"ICCCMLA 2024 - 6th International Conference on Cybernetics, Cognition and Machine Learning Applications",1
905,ICITEE 2022 - Proceedings of the 14th International Conference on Information Technology and Electrical Engineering,1
906,"ICKECS 2024, 2nd IEEE International Conference on Knowledge Engineering and Communication Systems April 18 - 19, 2024 Organised By SJC INSTITUTUTE OF TECHNOLOGY",1
907,"ICRITO 2020 - IEEE 8th International Conference on Reliability, Infocom Technologies and Optimization (Trends and Future Directions)",1
908,"Seventh International Conference on Smart Trends for Computing and Communication, Jaipur, India on 24th and 25th January",1
909,"IEEE 1st International Conference on Ambient Intelligence, Knowledge Informatics and Industrial Electronics, AIKIIE 2023",1
910,"IEEE 3rd International Conference on Inventive Systems and control, Coimbotore, January",1
911,IEEE Conference on Engineering Informatics (ICEI,1
912,Seventh International Conference on Information Technology and Computer Communications (ITCC 2025),1
913,IEEE Flagship Conference NKCon-,1
914,"IEEE International Conference for Women in Innovation, Technology & Entrepreneurship (ICWITE",1
915,IEEE International Conference on Advanced Networks and Telecommunications Systems (ANTS) ANTS,1
916,SPCOM 2022 - IEEE International Conference on Signal Processing and Communications,1
917,"IEEE International Conference on Advances in Electrical, Computing, Communications and Sustainable Technologies (ICAECT), ISBN: 978-1-",1
918,"IEEE International Conference on Advances in Electronics, Communication, Computing and Intelligent Information Systems, ICAECIS 2023 - Proceedings",1
919,"IEEE International Conference on Data Engineering and Communication Systems, ICDECS 2024",1
920,"IEEE International Conference on Distributed Computing and Electrical Circuits and Electronics, ICDCECE 2022",1
921,Proceedings/Proceedings of the ... International Conference on Software Engineering and Knowledge Engineering,1
922,"IEEE International Conference on Electronics, Computing and Communication Technologies(CONECCT)",1
923,"IEEE International Conference on Intelligent Techniques in Control, Optimization and Signal Processing, INCOS 2019",1
924,IEEE International Conference on Intelligent Technologies (CONIT –,1
925,Springer Proceedings in Complexity,1
926,IAF Space Propulsion Symposium,1
927,"Hinweis Second International Conference on Advances in Software Engineering and Information Technology (ASIT) Mumbai, June 16-17,",1
928,"Springer, Proceedings of AISC",1
929,"Applications of Artificial Intelligence in Engineering: Proceedings of First …, 2021",1
930,Asia Conference on Electronic Technology (ACET 2024),1
931,TENCON 2025 - 2025 IEEE Region 10 Conference (TENCON),1
932,BIO Web of Conferences,1
933,"CCRIS 2021: 2nd International Conference on Control, Robotics and Intelligent System, Qingdao, China",1
934,TENCON 2022 - 2022 IEEE Region 10 Conference (TENCON),1
935,"CSITSS 2019 - 2019 4th International Conference on Computational Systems and Information Technology for Sustainable Solution, Proceedings",1
936,Symposium on Energy Geotechnics 2023,1
937,Conference on Learning Theory,1
938,Conference proceedings of the Society for Experimental Mechanics,1
939,Construction Research Congress 2022,1
940,Engineering Proceedings,1
941,Global conference for advancement in Technology .,1
942,"Fifth International Conference on Advances in Electrical and Computer Technologies 2023 (ICAECT 2023), September 28-29, 2023",1
943,Findings of the Association for Computational Linguistics: ACL 2022,1
944,Findings of the Association for Computational Linguistics: NAACL 2022,1
945,"First IEEE International Conference on Advances in Electrical, Computing, Communications and Sustainable Technologies (ICAECT), ISBN: 978-1-",1
946,"First IEEE International Conference on Advances in Information Technology, July 24 –27,ICAIT-",1
947,"First International Conference on Advances in Electrical and Computer …, 2019",1
948,First International Orbital Debris Conference,1
949,GLOBECOM 2022 - 2022 IEEE Global Communications Conference,1
950,Global Conference for Advancement in Technology 2021,1
951,Springer Proceedings in Mathematics and Statistics,1
952,Springer Proceedings in Energy,1
953,"IEEE International Conference on Microelectronics, Signals and Systems",1
954,"IEEE International Conference on Mobile Networks and Wireless Communication"", https://doi.org/10.",1
955,"IEEE International Conference on Software, Systems and Information Technology (SSITCON-",1
956,"International Conference on Innovations in Intelligent Systems: Advancements in Computing, Communication, and Cybersecurity, ISAC3 2025",1
957,International Conference on Computing for Sustainable Global Development,1
958,"International Conference on Distributed Computing and Optimization Techniques, ICDCOT 2024",1
959,"International Conference on Electrical, Communication, Electronics, Instrumentation and Computing, organized by Sai Chandrasekharendra Saraswathi Viswa mahavidyalaya, Tamilnadu, January",1
960,"International Conference on Elevating Consciousness through Meditation for Global Harmony”, IIM Bangalore, August",1
961,Proceedings of the International AAAI Conference on Web and Social Media,1
962,Proceedings of the Institution of Civil Engineers: Ground Improvement,1
963,Proceedings of the Institution of Civil Engineers - Smart Infrastructure and Construction,1
964,"International Conference on Emerging Research in Computing information, communication and Applications",1
965,"International Conference on Emerging Trends in Information Technology and Engineering, ic-ETITE 2020",1
966,International Conference on Futuristic Technologies (INCOFT) (pp. 1-6). IEEE,1
967,"International Conference on Geotechnical Challenges in Mining, Tunneling and …, 2021",1
968,"International Conference on Innovative Data Communication Technologies and Application,17-10-",1
969,International Conference on Computer Vision,1
970,International Conference on Integrated Intelligence and Communication Systems (ICIICS) (pp. 1-6). IEEE.,1
971,International Conference on Integrated Intelligence and Communication Systems 2023,1
972,"International Conference on Integrated Intelligence and Communication Systems, ICIICS 2023",1
973,International Conference on Inventive Systems and Control (ICISC,1
974,Proceedings of the Institution of Civil Engineers - Geotechnical Engineering,1
975,International Conference on Liquid Atomization and Spray Systems (ICLASS),1
976,"Proceedings of the Indian Geotechnical Conference 2019: IGC-2019 Volume II …, 2021",1
977,"International Conference on Microelectronics Computing and Communication Systems, Lecture Notes in Electrical Engineering, Springer",1
978,International Conference on Multidisciplinary and Innovative Practices,1
979,"International Conference on Neoteric Advances in Commerce, Management and …, 2021",1
980,Proceedings of the IEEE International Conference Image Information Processing,1
981,Proceedings of the International Conference on Metallurgical Engineering and Centenary Celebration,1
982,"Proceedings of the International Conference on Numerical Simulation of Optoelectronic Devices, NUSOD",1
983,"IEEE International Conference on Wireless Communications Signal Processing and Networking, March",1
984,Proceedings of the International Conferences on WWW/Internet 2021 and Applied Computing 2021,1
985,"IEEE International Flagship Conference on Distributed Computing, VLSI, Electrical Circuits and Robotics (DISCOVER",1
986,"IEEE International conference of recent Engineering and technology, 21st June",1
987,IEEE sponsored 7th International conference CERA-,1
988,Proceedings of the World Congress on Recent Advances in Nanotechnology,1
989,"Proceedings of the World Congress on Momentum, Heat and Mass Transfer",1
990,Proceedings of the London Mathematical Society,1
991,Proceedings of the International Symposium on Memory Systems,1
992,INCOSE International Symposium,1
993,Proceedings of the International Congress of Mathematicians (ICM 2018),1
994,INTERNATIONAL CONFERENCE ON MULTIMODAL INTERACTION,1
995,IPSN 2019 - Proceedings of the 2019 Information Processing in Sensor Networks,1
996,"Proceedings of the 2019 9th International Conference on Advances in Computing and Communication, ICACC 2019",1
997,Proceedings of the International Conference on Parallel Architectures and Compilation Techniques,1
998,"Indian Geotechnical Conference, 327-335, 2021",1
999,International Conference Recent Advances in Natural Language Processing,1
1000,"International Conference on Advanced Computing and Communication, 06/05/",1
1001,"International Conference on Advances and Innovations in Recycling …, 2021",1
1002,International Conference on Artificial Intelligence and Machine Learning (ICAIML,1
1003,"International Conference on Artificial Intelligence and Signal Processing (AISP),",1
1004,International Conference on Artificial Intelligence and Statistics,1
1005,"International Conference on Automation, Computing and Renewable Systems, 13th – 15th December",1
1006,"Proceedings of the International Conference on Smart Data Intelligence …, 2021",1
1007,"International Conference on Automation, Signal Processing, Instrumentation & Control (ICASIC) held at Vellore Institute of Technology, Vellore, Feb 27-28",1
1008,International Conference on Communications and Cyber-Physical Engineering,1
1009,", IEEE 3rd International Conference on Inventive Systems and control, Coimbotore, January",1
1010,"2024 IEEE 9th International Conference for Convergence in Technology, I2CT 2024",1
1011,2025 IEEE MIT Undergraduate Research Technology Conference (URTC),1
1012,"2021 International Conference on Wireless Communications, Signal Processing and Networking, WiSPNET 2021",1
1013,2021 Third International Conference on Intelligent Communication Technologies and Virtual Mobile Networks (ICICV),1
1014,"2021 Sixth International Conference on Wireless Communications, Signal Processing and Networking (WiSPNET)",1
1015,2021 Second International Conference on Electronics and Sustainable Communication Systems (ICESC),1
1016,"2021 National Power Electronics Conference (NPEC),",1
1017,2021 International Symposium on Intelligent Signal Processing and Communication Systems (ISPACS),1
1018,2021 International Joint Conference on Neural Networks (IJCNN),1
1019,"2021 International Conference on System, Computation, Automation and Networking, ICSCAN 2021",1
1020,2021 Zooming Innovation in Consumer Technologies Conference (ZINC),1
1021,"2021 International Conference on Emerging Smart Computing and Informatics …, 2021",1
1022,2021 International Conference on Design Innovations for 3Cs Compute Communicate Control (ICDI3C),1
1023,2021 International Conference on Data Mining Workshops (ICDMW),1
1024,2021 International Conference on Computational Intelligence and Computing Applications (ICCICA),1
1025,"2021 International Conference on Circuits, Controls and Communications, CCUBE 2021",1
1026,"2021 International Conference on Advances in Electrical, Computing …, 2021",1
1027,"2021 Third International Conference on Inventive Research in Computing …, 2021",1
1028,"2021 third international conference on intelligent communication …, 2021",1
1029,"2021 International Conference on Advance Computing and Innovative …, 2021",1
1030,2022 2nd International Conference on Power Electronics &amp; IoT Applications in Renewable Energy and its Control (PARC),1
1031,2022 3rd International Conference on Smart Electronics and Communication (ICOSEC),1
1032,2022 3rd International Conference on Issues and Challenges in Intelligent Computing Techniques (ICICT),1
1033,2022 3rd International Conference on Intelligent Engineering and Management (ICIEM),1
1034,"2022 3rd International Conference on Computation, Automation and Knowledge Management (ICCAKM)",1
1035,"2022 3rd International Conference on Communication, Computing and Industry 4.0 (C2I4)",1
1036,2022 35th International Conference on VLSI Design and 2022 21st International Conference on Embedded Systems (VLSID),1
1037,2022 2nd International Conference on Innovative Practices in Technology and Management (ICIPTM),1
1038,2021/3/19 Conference,1
1039,2022 23rd International Symposium on Quality Electronic Design (ISQED),1
1040,"2022 22nd IEEE International Symposium on Cluster, Cloud and Internet Computing (CCGrid)",1
1041,2022 21st IEEE International Conference on Machine Learning and Applications (ICMLA),1
1042,"2022 1st International Conference on Electrical, Electronics, Information and Communication Technologies, ICEEICT 2022",1
1043,"2022 17th International Conference on Control, Automation, Robotics and Vision (ICARCV)",1
1044,2022 14th International Conference on Computer and Automation Engineering (ICCAE),1
1045,2021 International Conference on Advances in Computing and Communications (ICACC),1
1046,2021 International Conference on 3D Vision (3DV),1
1047,"2025 IEEE International Conference on Contemporary Computing and Communications (InC4), Bangalore, India,",1
1048,"2021 IEEE 6th International Conference on Computing, Communication and Automation (ICCCA)",1
1049,2021 IEEE International Conference on Data Mining (ICDM),1
1050,2021 IEEE International Conference on Artificial Intelligence and Virtual Reality (AIVR),1
1051,2021 IEEE International Conference on Advanced Networks and Telecommunications Systems (ANTS),1
1052,2021 IEEE Globecom Workshops (GC Wkshps),1
1053,"2021 IEEE 9th Region 10 Humanitarian Technology Conference (R10-HTC), October",1
1054,2021 IEEE 94th Vehicular Technology Conference (VTC2021-Fall),1
1055,2021 IEEE 4th International Conference on Electronics and Communication Engineering (ICECE),1
1056,2021 IEEE International Conference on Flexible and Printable Sensors and Systems (FLEPS),1
1057,"2021 IEEE 4th International Conference on Computing, Power and Communication Technologies (GUCON)",1
1058,2021 IEEE 31st International Workshop on Machine Learning for Signal Processing (MLSP),1
1059,"2021 IEEE 2nd International Conference on Technology, Engineering, Management for Societal impact using Marketing, Entrepreneurship and Talent (TEMSMET)",1
1060,2021 IEEE 11th Annual Computing and Communication Workshop and Conference (CCWC),1
1061,"2021 Asian Conference on Innovation in Technology, ASIANCON 2021",1
1062,2021 9th IEEE International Conference on Power Systems (ICPS),1
1063,"2021 IEEE International Conference on Engineering, Technology &amp; Education (TALE)",1
1064,2021 IEEE International Conference on Mobile Networks and Wireless Communications (ICMNWC,1
1065,2021 International Carnahan Conference on Security Technology (ICCST),1
1066,2021 IEEE Madras Section Conference (MASCON),1
1067,2021 IEEE/SICE International Symposium on System Integration (SII),1
1068,2021 IEEE/CVF International Conference on Computer Vision Workshops (ICCVW),1
1069,"2021 IEEE Second International Conference on Control, Measurement and Instrumentation (CMI)",1
1070,2021 IEEE Region 10 Symposium (TENSYMP),1
1071,"2021 IEEE Mysore Sub Section International Conference, MysuruCon 2021",1
1072,"2021 IEEE Mysore Sub Section International Conference (MysuruCon), October",1
1073,2021 IEEE International Symposium on Smart Electronic Systems (iSES),1
1074,"2021 IEEE International Conference on Power, Electrical, Electronic and Industrial Applications (PEEIACON)",1
1075,2021 IEEE International Symposium on Performance Analysis of Systems and Software (ISPASS),1
1076,2021 IEEE International Joint EMC/SI/PI and EMC Europe Symposium,1
1077,"2021 IEEE International IOT, Electronics and Mechatronics Conference (IEMTRONICS)",1
1078,"2021 IEEE International Conference on Systems, Man, and Cybernetics (SMC)",1
1079,2021 IEEE International Conference on Software Maintenance and Evolution (ICSME),1
1080,2021 IEEE International Conference on Quantum Computing and Engineering (QCE),1
1081,"2022 4th International Conference on Cognitive Computing and Information Processing, CCIP 2022",1
1082,2022 4th International Conference on Inventive Research in Computing Applications (ICIRCA),1
1083,2022 5th International Conference on Contemporary Computing and Informatics (IC3I),1
1084,2022 International Conference on Intelligent Controller and Computing for Smart Power (ICICCSP),1
1085,2022 International Conference on Wireless Communications Signal Processing and Networking (WiSPNET),1
1086,2022 International Conference on Smart Energy Systems and Technologies (SEST),1
1087,"2022 International Conference on Signal and Information Processing, IConSIP 2022",1
1088,2022 International Conference on Robotics and Automation (ICRA),1
1089,"2022 International Conference on Recent Trends in Microelectronics, Automation, Computing and Communications Systems (ICMACC)",1
1090,2022 International Conference on IoT and Blockchain Technology (ICIBT),1
1091,"2022 International Conference on Innovative Computing, Intelligent Communication and Smart Electrical Systems (ICSES)",1
1092,2022 International Power Electronics Conference (IPEC-Himeji 2022- ECCE Asia),1
1093,"2022 International Conference on Innovation and Intelligence for Informatics, Computing, and Technologies (3ICT)",1
1094,2022 International Conference on Engineering and Emerging Technologies (ICEET),1
1095,"2022 International Conference on Distributed Computing, VLSI, Electrical Circuits and Robotics ( DISCOVER)",1
1096,2022 International Conference on Disruptive Technologies for Multi-Disciplinary Research and Applications (CENTCON),1
1097,2022 International Conference on Data Analytics for Business and Industry (ICDABI),1
1098,"2022 International Conference on Computing, Electronics &amp; Communications Engineering (iCCECE)",1
1099,2022 International Joint Conference on Neural Networks (IJCNN),1
1100,"2022 International Virtual Conference on Power Engineering Computing and Control: Developments in Electric Vehicles and Energy Sector for Sustainable Future, PECCON 2022",1
1101,"2022 6th International Conference On Computing, Communication, Control And Automation (ICCUBEA",1
1102,"2023 2nd International Conference for Innovation in Technology, INOCON 2023",1
1103,"2023 3rd International Conference on Intelligent Technologies, CONIT 2023",1
1104,2023 3rd International Conference on Intelligent Technologies (CONIT),1
1105,"2023 3rd International Conference on Advance Computing and Innovative Technologies in Engineering, ICACITE 2023",1
1106,2023 2nd International Conference on Smart Technologies and Systems for Next Generation Computing (ICSTSN),1
1107,2023 2nd International Conference on Futuristic Technologies (INCOFT),1
1108,2023 2nd International Conference on Edge Computing and Applications (ICECAA),1
1109,2023 20th Learning and Technology Conference (L&amp;T),1
1110,"2022 Second International Conference on Advances in Electrical, Computing, Communication and Sustainable Technologies (ICAECT)",1
1111,"2023 1st International Conference on Circuits, Power, and Intelligent Systems, CCPIS 2023",1
1112,2023 16th International Conference on Sensing Technology (ICST),1
1113,2023 15th International Conference on COMmunication Systems &amp; NETworkS (COMSNETS),1
1114,2023 10th International Conference on Signal Processing and Integrated Networks (SPIN),1
1115,"2023 10th IEEE Uttar Pradesh Section International Conference on Electrical, Electronics and Computer Engineering, UPCON 2023",1
1116,"2022 Trends in Electrical, Electronics, Computer Engineering Conference (TEECCON)",1
1117,2022 International Conference on Computer Communication and Informatics (ICCCI),1
1118,"2022 International Conference on Communication, Computing and Internet of Things (IC3IoT)",1
1119,"2022 International Conference on Advanced Computing Technologies and Applications, ICACTA 2022",1
1120,2022 IEEE 22nd International Conference on Nanotechnology (NANO),1
1121,2022 IEEE Custom Integrated Circuits Conference (CICC),1
1122,2022 IEEE Congress on Evolutionary Computation (CEC),1
1123,2022 IEEE Conference on Interdisciplinary Approaches in Technology and Management for Social Innovation (IATMSI),1
1124,2022 IEEE 72nd Electronic Components and Technology Conference (ECTC),1
1125,"2022 IEEE 2nd International Conference on Mobile Networks and Wireless Communications, ICMNWC 2022",1
1126,2022 IEEE 2nd International Conference on Mobile Networks and Wireless Communications (ICMNWC),1
1127,"2022 IEEE 1st International Conference on Data, Decision and Systems (ICDDS)",1
1128,2022 IEEE/RSJ International Conference on Intelligent Robots and Systems (IROS),1
1129,2022 IEEE 12th International Conference Nanomaterials: Applications &amp; Properties (NAP),1
1130,2022 Fifth International Conference on Computational Intelligence and Communication Technologies (CCICT),1
1131,2022 American Control Conference (ACC),1
1132,"2022 8th International Conference on Control, Automation and Robotics (ICCAR)",1
1133,"2022 6th International Conference on Trends in Electronics and Informatics, ICOEI 2022 - Proceedings",1
1134,"2022 6th International Conference on Devices, Circuits and Systems (ICDCS)",1
1135,"2022 IEEE Fourth International Conference on Advances in Electronics, Computers and Communications (ICAECC)",1
1136,2022 IEEE Global Engineering Education Conference (EDUCON),1
1137,2022 IEEE International Conference of Electron Devices Society Kolkata Chapter (EDKCON),1
1138,2022 IEEE International Conference on Consumer Electronics (ICCE),1
1139,2022 IEEE International Conference on High Voltage Engineering and Applications (ICHVE),1
1140,"2022 IEEE International Conference on Power Electronics, Drives and Energy Systems (PEDES)",1
1141,2022 IEEE International Conference on Quantum Computing and Engineering (QCE),1
1142,"2022 IEEE International Conference on Systems, Man, and Cybernetics (SMC)",1
1143,2022 IEEE International Parallel and Distributed Processing Symposium Workshops (IPDPSW),1
1144,2022 IEEE International RF and Microwave Conference (RFM),1
1145,2022 IEEE International Reliability Physics Symposium (IRPS),1
1146,2022 IEEE International Solid- State Circuits Conference (ISSCC),1
1147,2022 IEEE International Symposium on Electromagnetic Compatibility &amp; Signal/Power Integrity (EMCSI),1
1148,2022 IEEE International Symposium on Phased Array Systems &amp; Technology (PAST),1
1149,2022 IEEE International Systems Conference (SysCon),1
1150,2022 IEEE Spoken Language Technology Workshop (SLT),1
1151,2022 IEEE/ACM 44th International Conference on Software Engineering: Companion Proceedings (ICSE-Companion),1
1152,"2021 8th International Conference on Smart Computing and Communications …, 2021",1
1153,"2021 7th international conference on Advanced Computing and communication systems (ACACCS),",1
1154,"2021 7th International Conference on Electrical Energy Systems (ICEES), 590-592, 2021",1
1155,"2019 International Conference on Clean Energy and Energy Efficient Electronics Circuit for Sustainable Development, INCCES 2019",1
1156,2019 International Conference on Nascent Technologies in Engineering (ICNTE),1
1157,2019 International Conference on Intelligent Sustainable Systems (ICISS),1
1158,"2019 International Conference on Intelligent Computing and Control Systems, ICCS 2019",1
1159,2019 International Conference on Communication and Signal Processing (ICCSP),1
1160,"2019 International Conference on Communication and Electronics Systems …, 2019",1
1161,2019 International Conference on Communication and Electronics Systems (ICCES),1
1162,2019 International Conference on Advanced Communication Technologies and Networking (CommNet),1
1163,2019 International Conference on contemporary Computing and Informatics (IC3I),1
1164,2019 International Carnahan Conference on Security Technology (ICCST),1
1165,2019 IEEE International Conference on Signal and Image Processing Applications (ICSIPA),1
1166,"2019 IEEE International Conference on Electronics, Computing and Communication Technologies (CONECCT)",1
1167,"2019 IEEE International Conference on Electrical, Computer and Communication Technologies (ICECCT)",1
1168,"2019 IEEE International Conference on Distributed Computing, VLSI, Electrical Circuits and Robotics, DISCOVER 2019 - Proceedings",1
1169,2019 IEEE International Conference on Advanced Networks and Telecommunications Systems (ANTS),1
1170,2019 International Conference on Recent Advances in Energy-efficient Computing and Communication (ICRAECC),1
1171,2019 Second International Conference on Advanced Computational and Communication Paradigms (ICACCP),1
1172,"2020 Global Conference on Wireless and optical technologies (GCWOT), 1-5, 2020",1
1173,2020 32nd International Conference on Microelectronics (ICM),1
1174,2020 Fifth International Conference on Research in Computational Intelligence and Communication Networks (ICRCICN),1
1175,2020 7th International Conference on Computing for Sustainable Global Development (INDIACom),1
1176,"2020 5th IEEE International Conference on Recent Advances and Innovations in Engineering, ICRAIE 2020 - Proceeding",1
1177,"2020 4th International Conference on Intelligent Computing and Control Systems (ICICCS), Madurai, India,",1
1178,2020 4th International Conference on Intelligent Computing and Control Systems (ICICCS),1
1179,2020 3rd International Conference on Computer and Informatics Engineering (IC2IE),1
1180,2020 30th International Telecommunication Networks and Applications Conference (ITNAC),1
1181,2019 Sixth Indian Control Conference (ICC),1
1182,2020 19th IEEE International Conference on Machine Learning and Applications (ICMLA),1
1183,2020 14th International Conference on Innovations in Information Technology (IIT),1
1184,"2020 12th International Symposium on Communication Systems, Networks and Digital Signal Processing (CSNDSP)",1
1185,"2019 Third International conference on I-SMAC (IoT in Social, Mobile, Analytics and Cloud) (I-SMAC)",1
1186,2019 Third International Conference on Inventive Systems and Control (ICISC),1
1187,2019 Third IEEE International Conference on Robotic Computing (IRC),1
1188,2019 IEEE Conference on Sustainable Utilization and Development in Engineering and Technologies (CSUDET),1
1189,2019 IEEE Conference on Control Technology and Applications (CCTA),1
1190,2019 IEEE Asia Pacific Conference on Postgraduate Research in Microelectronics and Electronics (PrimeAsia),1
1191,"1st International Conference on Advanced Technologies in Intelligent Control, Environment, Computing and Communication Engineering, ICATIECE 2019",1
1192,2019 11th International Conference on Knowledge and Smart Technology (KST),1
1193,"2019 11th International Conference on Communication Systems and Networks, COMSNETS 2019",1
1194,2019 11th International Conference on Communication Systems &amp; Networks (COMSNETS),1
1195,2019 11th International Conference on Advanced Computing (ICoAC),1
1196,2009 Annual Conference &amp; Exposition Proceedings,1
1197,"1st Odisha International Conference on Electrical Power Engineering, Communication and Computing Technology, ODICON 2021",1
1198,"1st IEEE International Conference on Smart Technologies and Systems for Next Generation Computing, ICSTSN 2022",1
1199,2019 IEEE Aerospace Conference,1
1200,"16th International Conference on Remote Engineering and Virtual Instrumentation held at B.M.S College of Engineering, Bengaluru, 03 - 06 Feb.",1
1201,"15th IEEE International Conference on Industrial and Information Systems, ICIIS",1
1202,"12th International Conference on Advances in Computing, Control, and Telecommunication Technologies, ACT 2021",1
1203,"11th INTERNATIONAL CONFERENCE ON COMPUTING, COMMUNICATION AND NETWORKING TECHNOLOGIES (ICCCNT) , IIT Kharagpur, West Bengal, 2ND July",1
1204,"10th International Conference on Wireless Communications, Signal Processing and Networking, WiSPNET 2025",1
1205,"025 IEEE 5th International Conference on Sustainable Energy and Future Electric Transportation (SEFET), 979-8-",1
1206,"2019 1st International Conference on Advances in Information Technology (ICAIT), Chikmagalur, India,",1
1207,"2019 26th International Conference on High Performance Computing, Data and Analytics Workshop (HiPCW)",1
1208,"2019 28th Wireless and Optical Communications Conference, WOCC 2019 - Proceedings",1
1209,2019 2nd International Conference on Intelligent Autonomous Systems (ICoIAS),1
1210,"2019 2nd International Conference on Intelligent Computing, Instrumentation …, 2019",1
1211,"2019 3rd International Conference on Communications, Signal Processing, and their Applications, ICCSPA 2019",1
1212,2019 3rd International Conference on Computing and Communications Technologies (ICCCT),1
1213,"2019 3rd International Conference on Recent Developments in Control, Automation &amp; Power Engineering (RDCAPE)",1
1214,2019 5th International Conference on Advanced Computing &amp; Communication Systems (ICACCS),1
1215,2019 8th International Conference on Power Systems (ICPS),1
1216,2019 China Semiconductor Technology International Conference (CSTIC),1
1217,2019 Electron Devices Technology and Manufacturing Conference (EDTM),1
1218,2019 Fifth International Conference on Image Information Processing (ICIIP),1
1219,"2019 Global Conference for Advancement in Technology, GCAT 2019",1
1220,2019 IEEE 15th International Conference on Control and Automation (ICCA),1
1221,2019 IEEE 19th International Conference on Communication Technology (ICCT),1
1222,2019 IEEE 37th VLSI Test Symposium (VTS),1
1223,"2020 Fourth World Conference on Smart Trends in Systems, Security and Sustainability (WorldS4)",1
1224,"2020 IEEE 17th India Council International Conference (INDICON), 1-4, 2020",1
1225,"2021 7th International Conference on Electrical Energy Systems (ICEES), 390-396, 2021",1
1226,2020 Third International Conference on Smart Systems and Inventive Technology (ICSSIT),1
1227,2021 18th International SoC Design Conference (ISOCC),1
1228,2021 12th International Symposium on Image and Signal Processing and Analysis (ISPA),1
1229,2021 11th IEEE International Conference on Intelligent Data Acquisition and Advanced Computing Systems: Technology and Applications (IDAACS),1
1230,"2021 10th International Conference on Internet of Everything, Microwave …, 2021",1
1231,"2020 third international conference on smart systems and inventive …, 2020",1
1232,"2020 Third International Conference on Smart Systems and Inventive …, 2020",1
1233,"2020 The 9th International Conference on Networks, Communication and Computing",1
1234,"2021 2nd International Conference on Communication, Computing and Industry 4.0 (C2I4)",1
1235,"2020 Sixth International Conference on Bio Signals, Images, and Instrumentation (ICBSII)",1
1236,2020 National Conference on Communications (NCC),1
1237,"2020 International conference on smart electronics and communication (ICOSEC …, 2020",1
1238,2020 International Workshop on Big Data and Information Security (IWBIS),1
1239,2020 International Joint Conference on Neural Networks (IJCNN),1
1240,"2020 International Conference on Wireless Communications, Signal Processing and Networking, WiSPNET 2020",1
1241,2021 28th International Conference on Telecommunications (ICT),1
1242,"2021 2nd International Conference on Communication, Computing and Industry 4.0 (C2I4),",1
1243,"2020 IEEE 31st Annual International Symposium on Personal, Indoor and Mobile Radio Communications",1
1244,"2021 5th International Conference on Electrical, Electronics, Communication, Computer Technologies and Optimization Techniques (ICEECCOT)",1
1245,"2021 7th International Conference on Electrical Energy Systems (ICEES),",1
1246,2021 7th International Conference on Computer and Communications (ICCC),1
1247,"2021 7th International Conference on Advanced Computing and Communication Systems (ICACCS), Coimbatore, India,",1
1248,"2021 6th International Conference on Computing, Communication and Security (ICCCS)",1
1249,2021 5th International Conference on Information Systems and Computer Networks (ISCON),1
1250,"2021 5th International Conference on Electronics, Communication and Aerospace Technology (ICECA)",1
1251,"2021 5th International Conference on Computing Methodologies and …, 2021",1
1252,"2021 2nd International Conference on Control, Robotics and Intelligent System",1
1253,2021 5th International Conference on Computing Methodologies and Communication (ICCMC),1
1254,"2021 5th International Conference on Computer, Communication, and Signal Processing, ICCCSP 2021",1
1255,"2021 4th International Conference on Electrical, Computer and Communication Technologies, ICECCT 2021",1
1256,2021 4th Artificial Intelligence and Cloud Computing Conference,1
1257,"2021 3rd International Conference on Image, Video and Signal Processing",1
1258,"2021 2nd International Conference on Electronics, Communications and Information Technology (CECIT)",1
1259,"2020 International Conference on System, Computation, Automation and Networking, ICSCAN 2020",1
1260,"2020 International Conference on Smart Technologies in Computing, Electrical and Electronics (ICSTCEE), ISBN:978-1-",1
1261,"2020 International Conference on Smart Technologies in Computing, Electrical and Electronics (ICSTCEE)",1
1262,2020 IEEE International Conference on Advanced Networks and Telecommunications Systems (ANTS),1
1263,"2020 IEEE International IOT, Electronics and Mechatronics Conference (IEMTRONICS)",1
1264,2020 IEEE International Conference on Power Systems Technology (POWERCON),1
1265,2020 IEEE International Conference on Machine Learning and Applied Network Technologies (ICMLANT),1
1266,2020 IEEE International Conference on Internet of Things and Intelligence System (IoTaIS),1
1267,"2020 IEEE International Conference on Distributed Computing, VLSI, Electrical Circuits and Robotics, DISCOVER 2020 - Proceedings",1
1268,2020 IEEE International Conference on Advances and Developments in Electrical and Electronics Engineering (ICADEE),1
1269,"2020 IEEE International Conference for Innovation in Technology (INOCON), Bangluru, India,",1
1270,2020 International Conference on Inventive Computation Technologies (ICICT),1
1271,2020 IEEE Bangalore Humanitarian Technology Conference (B-HTC),1
1272,2020 IEEE Aerospace Conference,1
1273,2020 IEEE 9th International Conference on Communication Systems and Network Technologies (CSNT),1
1274,"2020 IEEE 7th Uttar Pradesh Section International Conference on Electrical, Electronics and Computer Engineering (UPCON)",1
1275,"2020 IEEE 3rd 5G World Forum, 5GWF 2020 - Conference Proceedings",1
1276,2020 IEEE 32nd International Conference on Tools with Artificial Intelligence (ICTAI),1
1277,2020 IEEE International RF and Microwave Conference (RFM),1
1278,2020 IEEE International Smart Cities Conference (ISC2),1
1279,2020 IEEE International Symposium on Workload Characterization (IISWC),1
1280,2020 IEEE International Women in Engineering (WIE) Conference on Electrical and Computer Engineering (WIECON-ECE),1
1281,2020 IEEE Symposium Series on Computational Intelligence (SSCI),1
1282,2020 IEEE Workshop on Signal Processing Systems (SiPS),1
1283,2020 IEEE/SICE International Symposium on System Integration (SII),1
1284,"2020 Indo – Taiwan 2nd International Conference on Computing, Analytics and Networks (Indo-Taiwan ICAN)",1
1285,"2020 International Conference for Emerging Technology (INCET), 1-8, 2020",1
1286,"2020 International Conference for Emerging Technology, INCET 2020",1
1287,2020 International Conference on Artificial Intelligence and Signal Processing (AISP),1
1288,2020 International Conference on COMmunication Systems &amp; NETworkS (COMSNETS),1
1289,"2020 International Conference on COMmunication Systems and NETworkS, COMSNETS 2020",1
1290,"2020 International Conference on Computation, Automation and Knowledge Management (ICCAKM)",1
1291,2020 International Conference on Electrical and Electronics Engineering (ICE3),1
1292,2020 International Conference on Electronics and Sustainable Communication Systems (ICESC),1
1293,"2020 International Conference on Innovation and Intelligence for Informatics, Computing and Technologies (3ICT)",1
1294,"2023 3rd International Conference on Robotics, Automation and Artificial Intelligence (RAAI)",1
1295,"2023 4th IEEE Global Conference for Advancement in Technology, GCAT 2023",1
1296,"2023 4th International Conference on Electronics and Sustainable Communication Systems, ICESC 2023 - Proceedings",1
1297,2024 International Conference on Expert Clouds and Applications (ICOECA),1
1298,"2024 International Conference on Knowledge Engineering and Communication Systems, ICKECS 2024",1
1299,"2024 International Conference on Intelligent and Innovative Technologies in Computing, Electrical and Electronics (IITCEE), Bangalore, India, 2024",1
1300,2024 International Conference on Intelligent Systems and Advanced Applications (ICISAA),1
1301,"2024 International Conference on Integrated Circuits, Communication, and Computing Systems (ICIC3S)",1
1302,2024 International Conference on Innovation and Novelty in Engineering and Technology (INNOVA),1
1303,"2024 International Conference on Innovation and Intelligence for Informatics, Computing, and Technologies (3ICT)",1
1304,"2024 International Conference on Emerging Trends in Networks and Computer Communications, ETNCC 2024 - Proceedings",1
1305,"2024 International Conference on Radar, Antenna, Microwave, Electronics, and Telecommunications (ICRAMET)",1
1306,2024 International Conference on Emerging Techniques in Computational Intelligence (ICETCI),1
1307,"2024 International Conference on Emerging Smart Computing and Informatics (ESCI), Pune, India,",1
1308,2024 International Conference on Emerging Innovations and Advanced Computing (INNOCOMP),1
1309,"2024 International Conference on Electronics, Computing, Communication and Control Technology (ICECCC)",1
1310,"2024 International Conference on Electrical, Electronics and Computing Technologies, ICEECT 2024",1
1311,"2024 International Conference on Electrical, Computer and Energy Technologies (ICECET",1
1312,"2024 International Conference on Modeling, Simulation &amp;amp; Intelligent Computing (MoSICom)",1
1313,"2024 International Conference on Recent Advances in Electrical, Electronics, Ubiquitous Communication, and Computational Intelligence (RAEEUCCI)",1
1314,2025 12th International Conference on Emerging Trends in Engineering &amp;amp; Technology - Signal and Information Processing (ICETET - SIP),1
1315,"2024 Third International Conference on Artificial Intelligence, Computational Electronics and Communication System (AICECS)",1
1316,"2025 11th International Conference on Control, Automation and Robotics (ICCAR)",1
1317,2025 11th International Conference on Computing and Artificial Intelligence (ICCAI),1
1318,2025 10th International Conference on Smart and Sustainable Technologies (SpliTech),1
1319,2025 10th International Conference on Signal and Image Processing (ICSIP),1
1320,2025 10th International Conference on Communication and Electronics Systems (ICCES),1
1321,2024 Third International Conference on Distributed Computing and Electrical Circuits and Electronics (ICDCECE),1
1322,2024 Second International Conference on Inventive Computing and Informatics (ICICI),1
1323,2024 International Conference on Vehicular Technology and Transportation Systems (ICVTTS),1
1324,2024 Second International Conference on Intelligent Cyber Physical Systems and Internet of Things (ICoICI),1
1325,2024 Second International Conference on Emerging Trends in Information Technology and Engineering (ICETITE),1
1326,2024 Second International Conference on Advanced Computing &amp;amp; Communication Technologies (ICACCTech),1
1327,2024 Parul International Conference on Engineering and Technology (PICET),1
1328,2024 OITS International Conference on Information Technology (OCIT),1
1329,2024 International Conference on Wireless Communications Signal Processing and Networking (WiSPNET),1
1330,2024 International Conference on Electrical Electronics and Computing Technologies (ICEECT),1
1331,"2024 International Conference on E-mobility, Power Control and Smart Systems (ICEMPS)",1
1332,2024 International Conference on Current Trends in Advanced Computing (ICCTAC),1
1333,"2024 IEEE International Conference on Communication, Computing and Signal …, 2024",1
1334,"2024 IEEE International Conference on Teaching, Assessment and Learning for Engineering (TALE)",1
1335,"2024 IEEE International Conference on Smart Power Control and Renewable Energy, ICSPCRE 2024",1
1336,2024 IEEE International Conference on Intelligent Signal Processing and Effective Communication Technologies (INSPECT),1
1337,"2024 IEEE International Conference on Information Technology, Electronics and Intelligent Communication Systems, ICITEICS 2024",1
1338,"2024 IEEE International Conference on Electronics, Computing and Communication Technologies (CONECCT), Bangalore, India,",1
1339,"2024 IEEE International Conference on Computing, Power and Communication Technologies (IC2PCT)",1
1340,. International conference on smart systems and Inventive Technology (ICSSIT-,1
1341,"2024 International Conference on Computer, Electronics, Electrical Engineering &amp;amp; their Applications (IC2E3)",1
1342,2024 IEEE 7th International Conference on Big Data and Artificial Intelligence (BDAI),1
1343,2024 IEEE 5th Women in Technology Conference (WINTECHCON),1
1344,2024 IEEE 4th International Conference on Software Engineering and Artificial Intelligence (SEAI),1
1345,"2024 IEEE 3rd International Conference on Data, Decision and Systems, ICDDS 2024",1
1346,2024 IEEE 3rd International Conference on Computing and Machine Intelligence (ICMI),1
1347,2024 IEEE 33rd Asian Test Symposium (ATS),1
1348,2024 IEEE International Workshop on Antenna Technology (iWAT),1
1349,"2024 IEEE Microwaves, Antennas, and Propagation Conference (MAPCON)",1
1350,"2024 IEEE Microwaves, Antennas, and Propagation Conference, MAPCON 2024",1
1351,2024 IEEE Pune Section International Conference (PuneCon),1
1352,2024 IEEE Radar Conference (RadarConf24),1
1353,2024 IEEE Region 10 Symposium (TENSYMP),1
1354,2024 IEEE Silchar Subsection Conference (SILCON 2024),1
1355,2024 IEEE Sustainable Power and Energy Conference (iSPEC),1
1356,2024 IEEE Symposium on Industrial Electronics &amp;amp; Applications (ISIEA),1
1357,"2024 IEEE Wireless Antenna and Microwave Symposium (WAMS),",1
1358,2024 International BIT Conference (BITCON),1
1359,"2024 International Conference on Advances in Computing, Communication and Applied Informatics (ACCAI)",1
1360,2024 International Conference on Advances in Data Engineering and Intelligent Computing Systems (ADICS),1
1361,2024 International Conference on Automation and Computation (AUTOCOM),1
1362,"2024 International Conference on Brain Computer Interface & Healthcare Technologies (iCon-BCIHT), Thiruvananthapuram, India,",1
1363,"2024 International Conference on Computational Intelligence for Green and Sustainable Technologies, ICCIGST 2024 - Proceedings",1
1364,"2024 International Conference on Computational Intelligence for Security, Communication and Sustainable Development (CISCSD)",1
1365,2025 11th International Conference on Electrical Energy Systems (ICEES),1
1366,2025 14th International Conference on Information Technology in Asia (CITA),1
1367,2024 IEEE 14th Annual Computing and Communication Workshop and Conference (CCWC),1
1368,2025 IEEE 13th International Conference on Healthcare Informatics (ICHI),1
1369,2025 IEEE 2nd International Conference for Women in Computing (InCoWoCo),1
1370,2025 IEEE 25th International Symposium on Computational Intelligence and Informatics (CINTI),1
1371,2025 IEEE 20th Conference on Industrial Electronics and Applications (ICIEA),1
1372,2025 IEEE 17th International Conference on Computer Research and Development (ICCRD),1
1373,2025 IEEE 15th Symposium on Computer Applications &amp;amp; Industrial Electronics (ISCAIE),1
1374,"2025 IEEE 14th International Conference on Communications, Circuits and Systems (ICCCAS)",1
1375,"2025 Global Conference in Emerging Technology, GINOTECH 2025",1
1376,2025 IEEE 4th International Conference for Advancement in Technology (ICONAT),1
1377,"2025 Fourth International Conference on Power, Control and Computing Technologies (ICPC2T)",1
1378,2025 Eighth International Conference on Image Information Processing (ICIIP),1
1379,2025 9th International Conference on Man-Machine Systems (ICoMMS),1
1380,"2025 9th International Conference on Computing, Communication, Control and Automation (ICCCBEA)",1
1381,2025 8th International Conference on Signal Processing and Information Security (ICSPIS),1
1382,2025 8th International Conference on Communication Engineering and Technology (ICCET),1
1383,"2025 IEEE 2nd International Conference on Information Technology, Electronics and Intelligent Communication Systems (ICITEICS)",1
1384,"2025 IEEE 4th International Conference on Data, Decision and Systems (ICDDS)",1
1385,2025 14th Mediterranean Conference on Embedded Computing (MECO),1
1386,2025 IEEE Design Methodologies Conference (DMC),1
1387,2025 IEEE International Conference on Contemporary Computing and Communications (InC4),1
1388,"2025 IEEE International Conference on Compute, Control, Network & Photonics (ICCCNP)",1
1389,2025 IEEE International Conference on Artificial Intelligence in Engineering and Technology (IICAIET),1
1390,"2025 IEEE International Conference for Women in Innovation, Technology & Entrepreneurship (ICWITE), Date of Conference: 26-27 September",1
1391,2025 IEEE Energy Conversion Congress &amp;amp; Exposition Asia (ECCE-Asia),1
1392,"2025 IEEE Energy Conversion Congress & Exposition Asia (ECCE-Asia), Bengaluru, India,",1
1393,2025 IEEE Asia Pacific Conference on Circuits and Systems (APCCAS),1
1394,"2025 IEEE 4th International Conference on Technology, Engineering, Management for Societal impact using Marketing, Entrepreneurship and Talent (TEMSMET)",1
1395,2025 IEEE 9th International Test Conference India (ITC India),1
1396,"2025 IEEE 7th International Conference on Computing, Communication and Automation (ICCCA)",1
1397,2025 IEEE 6th International Women in Technology Conference (WINTECHCON),1
1398,2025 IEEE 6th Global Conference for Advancement in Technology (GCAT),1
1399,"2025 IEEE 5th International Conference on VLSI Systems, Architecture, Technology and Applications (VLSI SATA)",1
1400,2025 IEEE 5th International Conference on Sustainable Energy and Future Electric Transportation (SEFET),1
1401,"2025 7th International Conference on Signal Processing, Computing and Control (ISPCC)",1
1402,2025 7th International Conference on Natural Language Processing (ICNLP),1
1403,2025 7th International Conference on Innovative Data Communication Technologies and Application (ICIDCA),1
1404,2025 38th International Conference on VLSI Design and 2024 23rd International Conference on Embedded Systems (VLSID),1
1405,2025 3rd International Conference on Recent Advances in Information Technology for Sustainable Development (ICRAIS),1
1406,2025 3rd International Conference on Intelligent Cyber Physical Systems and Internet of Things (ICoICI),1
1407,2025 3rd International Conference on Integrated Circuits and Communication Systems (ICICACS),1
1408,"2025 3rd International Conference on Device Intelligence, Computing and Communication Technologies (DICCT)",1
1409,"2025 3rd International Conference on Advancements in Electrical, Electronics, Communication, Computing and Automation (ICAECA)",1
1410,"2025 3rd DMIHER International Conference on Artificial Intelligence in Healthcare, Education and Industry (IDICAIHEI)",1
1411,"2025 2nd International Conference on Research Methodologies in Knowledge Management, Artificial Intelligence and Telecommunication Engineering (RMKMATE)",1
1412,"2025 7th International Conference on Control and Robotics (ICCR), Kyoto, Japan,",1
1413,2025 2nd International Conference on Electronic and Computer Engineering (ECE),1
1414,2025 2nd International Conference on Electronic Circuits and Signaling Technologies (ICECST),1
1415,"2025 2nd International Conference on Circuits, Power and Intelligent Systems (CCPIS)",1
1416,2025 27th International Conference on Advanced Communications Technology (ICACT),1
1417,2025 1st International Conference on Emerging Trends in Information Systems and Informatics (ICETISI),1
1418,2025 1st International Conference on Advancement in Futuristic Technologies (ICAFT),1
1419,2025 40th International Conference on Image and Vision Computing New Zealand (IVCNZ),1
1420,"2025 4th International Conference on Advances in Computing, Communication, Embedded and Secure Systems (ACCESS)",1
1421,2025 4th International Conference on Applied Artificial Intelligence and Computing (ICAAIC),1
1422,2025 4th OPJU International Technology Conference (OTCON) on Smart Computing for Innovation and Advancement in Industry 5.0,1
1423,2025 5th International Conference on AI-ML-Systems (AIMLSystems),1
1424,"2025 5th International Conference on Advances in Electrical, Computing, Communication and Sustainable Technologies, ICAECT 2025",1
1425,2025 5th International Conference on Artificial Intelligence and Signal Processing (AISP),1
1426,"2025 5th International Conference on Computer, Control and Robotics (ICCCR)",1
1427,2025 5th International Conference on Intelligent Technologies (CONIT),1
1428,2025 5th International Conference on Pervasive Computing and Social Networking (ICPCSN),1
1429,2025 5th International Conference on Soft Computing for Security Applications (ICSCSA),1
1430,2025 5th International Conference on Ubiquitous Computing and Intelligent Information Systems (ICUIS),1
1431,2025 6th International Conference on Data Intelligence and Cognitive Informatics (ICDICI),1
1432,"2025 6th International Conference on Data Intelligence and Cognitive Informatics, ICDICI 2025",1
1433,2025 6th International Conference on Electronics and Sustainable Communication Systems (ICESC),1
1434,"2025 6th International Conference on Inventive Research in Computing …, 2025",1
1435,2025 6th International Conference on Recent Advances in Information Technology (RAIT),1
1436,2024 IEEE 2nd International Conference on Innovations in High Speed Communication and Signal Processing (IHCSP),1
1437,2024 Global Conference on Communications and Information Technologies (GCCIT),1
1438,2023 4th International Conference on Innovative Trends in Information Technology (ICITIIT),1
1439,2023 IEEE World AI IoT Congress (AIIoT),1
1440,2023 International Conference on Applied Intelligence and Sustainable Computing (ICAISC),1
1441,"2023 International Conference on Advances in Electronics, Communication, Computing and Intelligent Information Systems (ICAECIS), Bangalore, India,",1
1442,"2023 International Conference on Advancement in Computation and Computer Technologies, InCACCT 2023",1
1443,2023 International Conference for Advancement in Technology (ICONAT),1
1444,2023 IFIP/IEEE 31st International Conference on Very Large Scale Integration (VLSI-SoC),1
1445,2023 IEEE/CVF Winter Conference on Applications of Computer Vision Workshops (WACVW),1
1446,2023 IEEE Workshop on Recent Advances in Photonics (WRAP),1
1447,"2023 International Conference on Artificial Intelligence and Smart Communication, AISC 2023",1
1448,2023 IEEE Wireless Antenna and Microwave Symposium (WAMS),1
1449,2023 IEEE Symposium on Electromagnetic Compatibility &amp; Signal/Power Integrity (EMC+SIPI),1
1450,2023 IEEE Pune Section International Conference (PuneCon),1
1451,2023 IEEE MIT Undergraduate Research Technology Conference (URTC),1
1452,2023 IEEE International Conference on Industrial Technology (ICIT),1
1453,2023 IEEE International Conference on ICT in Business Industry &amp; Government (ICTBIG),1
1454,2023 International Conference on Artificial Intelligence and Smart Communication (AISC),1
1455,2023 International Conference on Computational Intelligence and Knowledge Economy (ICCIKE),1
1456,2023 Second International Conference on Advances in Computational Intelligence and Communication (ICACIC),1
1457,"2023 International Conference on Network, Multimedia and Information Technology, NMITCON 2023, Year 2023",1
1458,"2023 International Conference on Sustainable Emerging Innovations in Engineering and Technology, ICSEIET 2023",1
1459,2023 International Conference on Sustainable Communication Networks and Application (ICSCNA),1
1460,2023 International Conference on Next Generation Electronics (NEleX),1
1461,"2023 International Conference on New Frontiers in Communication, Automation, Management and Security (ICCAMS)",1
1462,2023 International Conference on Networking and Communications (ICNWC),1
1463,"2023 International Conference on Network, Multimedia and Information Technology, NMITCON 2023, Year 2023 DOI:10.1109/NMITCON58196.2023.10276100",1
1464,"2023 International Conference on Modeling, Simulation &amp;amp; Intelligent Computing (MoSICom)",1
1465,2023 International Conference on Computational Intelligence and Sustainable Engineering Solutions (CISES),1
1466,2023 International Conference on Intelligent Data Communication Technologies and Internet of Things (IDCIoT),1
1467,2023 International Conference on Integration of Computational Intelligent System (ICICIS),1
1468,2023 International Conference on Integrated Intelligence and Communication Systems (ICIICS),1
1469,"2023 International Conference on Energy, Materials and Communication Engineering (ICEMCE)",1
1470,"2023 International Conference on Emerging Trends in Networks and Computer Communications, ETNCC 2023 - Proceedings",1
1471,"2023 International Conference on Computer Communication and Informatics, ICCCI 2023",1
1472,2023 IEEE International Conference on Contemporary Computing and Communications (InC4),1
1473,2023 IEEE International Conference on Consumer Electronics (ICCE),1
1474,2023 IEEE International Conference on Automatic Control and Intelligent Systems (I2CACIS),1
1475,2023 7th International Conference on Computing Methodologies and Communication (ICCMC),1
1476,"2023 9th International Conference on Advanced Computing and Communication Systems, ICACCS 2023",1
1477,2023 9th International Conference on Advanced Computing and Communication Systems (ICACCS),1
1478,"2023 8th International Conference on Image, Vision and Computing (ICIVC)",1
1479,2023 8th International Conference on Communication and Electronics Systems (ICCES),1
1480,2023 8th International Conference on Cloud Computing and Big Data Analytics (ICCCBDA),1
1481,2023 8th Asia-Pacific Conference on Intelligent Robot Systems (ACIRS),1
1482,2023 7th International Conference on Computer Applications in Electrical Engineering-Recent Advances (CERA),1
1483,2023 IEEE International Conference on Advanced Networks and Telecommunications Systems (ANTS),1
1484,"2023 7th International Conference on Computation System and Information Technology for Sustainable Solutions (CSITSS), Bangalore, India,",1
1485,"2023 7th International Conference on Automation, Control and Robots (ICACR)",1
1486,"2023 7th International Conference On Computing, Communication, Control And Automation, ICCUBEA 2023",1
1487,2023 6th International Conference on Information Systems and Computer Networks (ISCON),1
1488,2023 5th International Conference on Smart Systems and Inventive Technology (ICSSIT),1
1489,"2023 5th International Conference on Energy, Power and Environment: Towards Flexible Green Energy Technologies (ICEPE)",1
1490,"2023 9th International Conference on Control, Automation and Robotics (ICCAR)",1
1491,2023 9th International Conference on Electrical Energy Systems (ICEES),1
1492,2023 9th International Conference on Smart Computing and Communications (ICSCC),1
1493,2023 9th International Conference on Virtual Reality (ICVR),1
1494,"2023 Annual International Conference on Emerging Research Areas: International Conference on Intelligent Systems, AICERA/ICIS 2023",1
1495,2023 Asia-Pacific Microwave Conference (APMC),1
1496,2023 Fifth International Conference on Blockchain Computing and Applications (BCCA),1
1497,"2023 Global Conference on Information Technologies and Communications, GCITC 2023",1
1498,"2023 IEEE 14th Annual Ubiquitous Computing, Electronics &amp; Mobile Communication Conference (UEMCON)",1
1499,"2023 IEEE 20th India Council International Conference, INDICON 2023",1
1500,2023 IEEE 3rd Mysore Sub Section International Conference (MysuruCon).,1
1501,"2023 IEEE 3rd Mysore Sub Section International Conference, MysuruCon 2023",1
1502,2023 IEEE 4th Annual Flagship India Council International Subsections Conference (INDISCON),1
1503,"2023 IEEE 8th International Conference for Convergence in Technology, I2CT 2023",1
1504,2023 IEEE 8th International Conference on Recent Advances and Innovations in Engineering (ICRAIE),1
1505,2023 IEEE Applied Sensing Conference (APSCON),1
1506,2023 IEEE International Carnahan Conference on Security Technology (ICCST),1
1507,"2023 International Conference on the Confluence of Advancements in Robotics, Vision and Interdisciplinary Technology Management, IC-RVITM 2023",1
1508,2023 Second International Conference on Electronics and Renewable Systems (ICEARS),1
1509,"2024 First International Conference on Software, Systems and Information Technology (SSITCON)",1
1510,2024 4th International Conference on Sustainable Expert Systems (ICSES),1
1511,"2024 5th International Conference on Innovative Trends in Information Technology (ICITIIT), Kottayam, India,",1
1512,2024 5th International Conference on Data Intelligence and Cognitive Informatics (ICDICI),1
1513,2024 5th International Conference on Computers and Artificial Intelligence Technology (CAIT),1
1514,"2024 5th International Conference on Communication, Computing & Industry, published in IEEE Xplore",1
1515,"2024 5th International Conference on Communication, Computing & Industry,",1
1516,"2024 5th International Conference for Emerging Technology, INCET 2024",1
1517,2024 4th International Conference on Pervasive Computing and Social Networking (ICPCSN),1
1518,2024 5th International Conference on Mobile Computing and Sustainable Informatics (ICMCSI),1
1519,2024 4th International Conference on Mobile Networks and Wireless Communications (ICMNWC),1
1520,"2024 4th International Conference on Intelligent Technologies, CONIT 2024",1
1521,"2024 4th International Conference on Computer, Control and Robotics (ICCCR)",1
1522,2024 4th International Conference on Applied Artificial Intelligence (ICAPAI),1
1523,"2024 4th International Conference on Advances in Electrical, Computing, Communication and Sustainable Technologies, ICAECT 2024",1
1524,2024 4th International Conference on Advancement in Electronics &amp;amp; Communication Engineering (AECE),1
1525,2024 5th International Conference on Intelligent Communication Technologies and Virtual Mobile Networks (ICICV),1
1526,"2024 6th International Conference on Electrical, Control and Instrumentation Engineering (ICECIE)",1
1527,2023 Seventh International Conference on Image Information Processing (ICIIP),1
1528,2024 8th International Symposium on Innovative Approaches in Smart Technologies (ISAS),1
1529,2024 First International Conference for Women in Computing (InCoWoCo),1
1530,2024 Control Instrumentation System Conference (CISCON),1
1531,2024 Asian Conference on Communication and Networks (ASIANComNet),1
1532,"2024 Asia Pacific Conference on Innovation in Technology, APCIT 2024",1
1533,2024 9th International Conference on Control and Robotics Engineering (ICCRE),1
1534,2024 9th International Conference on Computer and Communication Systems (ICCCS),1
1535,2024 8th International Conference on Smart Grid and Smart Cities (ICSGSC),1
1536,"2024 6th International Symposium on Advanced Electrical and Communication Technologies (ISAECT), Alkhobar, Saudi Arabia,",1
1537,2024 8th International Conference on Intelligent Systems Metaheuristics &amp; Swarm Intelligence (ISMSI),1
1538,"2024 8th International Conference on Cryptography, Security and Privacy (CSP)",1
1539,"2024 8th International Conference on Computational System and Information Technology for Sustainable Solutions (CSITSS), Bengaluru, India,",1
1540,2024 7th International Conference on Signal Processing and Information Security (ICSPIS),1
1541,"2024 7th International Conference on Mechatronics, Robotics and Automation (ICMRA)",1
1542,2024 7th International Conference on Contemporary Computing and Informatics (IC3I),1
1543,2024 4th International Conference on Advanced Enterprise Information System (AEIS),1
1544,2024 4th International Conference on Advance Computing and Innovative Technologies in Engineering (ICACITE),1
1545,2024 4th European Conference on Communication Systems (ECCS),1
1546,2024 16th International Conference on Information Technology and Electrical Engineering (ICITEE),1
1547,2024 28th International Symposium on VLSI Design and Test (VDAT),1
1548,2024 1st International Conference on Trends in Engineering Systems and Technologies (ICTEST),1
1549,"2024 1st International Conference on Software, Systems and Information Technology, SSITCON 2024",1
1550,"2024 1st International Conference on Cognitive, Green and Ubiquitous Computing, IC-CGU 2024",1
1551,"2024 1st International Conference for Women in Computing, InCoWoCo 2024 - Proceedings",1
1552,2024 19th International Joint Symposium on Artificial Intelligence and Natural Language Processing (iSAI-NLP),1
1553,2024 11th International Conference on Soft Computing &amp;amp; Machine Intelligence (ISCMI),1
1554,2024 4th Asian Conference on Innovation in Technology (ASIANCON),1
1555,2024 10th International Conference on Communication and Signal Processing (ICCSP),1
1556,2023 Third International Conference on Ubiquitous Computing and Intelligent Information Systems (ICUIS),1
1557,2023 Third International Conference on Secure Cyber Computing and Communication (ICSCCC),1
1558,"2023 Third International Conference on Advances in Electrical, Computing, Communication and Sustainable Technologies (ICAECT)",1
1559,2023 The 8th International Conference on Information and Education Innovations,1
1560,2023 The 15th International Conference on Computer Modeling and Simulation,1
1561,2024 2nd International Conference on Advancement in Computation &amp;amp; Computer Technologies (InCACCT),1
1562,"2024 2nd International Conference on Advancements and Key Challenges in Green Energy and Computing, AKGEC 2024",1
1563,"2024 2nd International Conference on Computer, Communication and Control (IC4)",1
1564,"2024 2nd International Conference on Cyber Physical Systems, Power Electronics and Electric Vehicles (ICPEEV)",1
1565,2024 2nd International Conference on Disruptive Technologies (ICDT),1
1566,2024 2nd International Conference on Intelligent Data Communication Technologies and Internet of Things (IDCIoT),1
1567,"2024 2nd International Conference on Recent Trends in Microelectronics, Automation, Computing and Communications Systems (ICMACC)",1
1568,"2024 2nd International Conference on Recent Trends in Microelectronics, Automation, Computing and Communications Systems (ICMACC), Hyderabad, India,",1
1569,2024 2nd International Conference on Sustainable Computing and Smart Systems (ICSCSS),1
1570,2024 2nd International Symposium on Information Technology and Digital Innovation (ISITDI),1
1571,"2024 3rd International Conference for Advancement in Technology, ICONAT 2024",1
1572,"2024 3rd International Conference for Innovation in Technology (INOCON), Bangalore, India,",1
1573,2024 3rd International Conference on Applied Artificial Intelligence and Computing (ICAAIC),1
1574,"2024 3rd International Conference on Automation, Computing and Renewable Systems (ICACRS)",1
1575,"2024 3rd International Conference on Electrical, Electronics, Information and Communication Technologies, ICEEICT 2024",1
1576,"2024 3rd Odisha International Conference on Electrical Power Engineering …, 2024",1
1577,"2024 3rd Odisha International Conference on Electrical Power Engineering, Communication and Computing Technology (ODICON)",1
1578,was published in national conference in 8th july,1
