record_id,source_table,keyword,score,rank
4,theses,laminate cutout,0.571,1
4,theses,metal laminate,0.4719,2
4,theses,stiffen interlaminar,0.4642,3
4,theses,laminate,0.4316,4
4,theses,flutter stability,0.3952,5
4,theses,hybrid fiber,0.3832,6
4,theses,interlaminar hybrid,0.3505,7
4,theses,fiber metal,0.3428,8
5,theses,diabetic phytochemical,0.5773,1
5,theses,phytochemical diabetic,0.574,2
5,theses,medicinal plant,0.4743,3
5,theses,anti diabetic,0.4495,4
5,theses,treatment diabete,0.4492,5
5,theses,treatment diabetes,0.4456,6
5,theses,phytochemical,0.438,7
5,theses,diabetic pathway,0.4304,8
6,theses,monolingual search,0.598,1
6,theses,query kannada,0.5964,2
6,theses,retrieval kannada,0.5912,3
6,theses,monolingual query,0.5496,4
6,theses,language retrieve,0.5232,5
6,theses,retrieval code,0.5083,6
6,theses,kannada english,0.4957,7
6,theses,indian language,0.4847,8
7,theses,si20te74sn6 glass,0.4694,1
7,theses,switch amorphous,0.4371,2
7,theses,chalcogenide glass,0.4011,3
7,theses,switch raman,0.374,4
7,theses,electrical switching,0.3577,5
7,theses,switching thermal,0.3506,6
7,theses,dopant switch,0.3462,7
7,theses,sn glass,0.344,8
1176,theses,viscoelastic ferromagnetic,0.641,1
1176,theses,convective instability,0.5841,2
1176,theses,thermal convective,0.5622,3
1176,theses,ferromagnetic fluid,0.5205,4
1176,theses,problem viscoelastic,0.517,5
1176,theses,viscoelastic,0.4676,6
1176,theses,instability problem,0.46,7
1176,theses,convective,0.4335,8
15,theses,cement industry,0.5973,1
15,theses,conventional cement,0.5322,2
15,theses,cement lpc,0.5124,3
15,theses,portland cement,0.4959,4
15,theses,cement lime,0.4839,5
15,theses,cement opc,0.4772,6
15,theses,cement,0.4766,7
15,theses,decline cement,0.4759,8
16,theses,strength masonry,0.6326,1
16,theses,structural masonry,0.5758,2
16,theses,reinforce masonry,0.5709,3
16,theses,brick masonry,0.5697,4
16,theses,masonry stress,0.553,5
16,theses,design masonry,0.5492,6
16,theses,masonry predict,0.5469,7
16,theses,masonry structure,0.5454,8
17,theses,kannada sentence,0.6308,1
17,theses,analysis kannada,0.6071,2
17,theses,sense disambiguation,0.5834,3
17,theses,syntactic semantic,0.5818,4
17,theses,sentence insight,0.5169,5
17,theses,semantic analysis,0.5156,6
17,theses,kannada,0.4973,7
17,theses,syntactic,0.4929,8
18,theses,security cloud,0.5854,1
18,theses,cloud compute,0.5422,2
18,theses,compute cloud,0.5298,3
18,theses,cloud security,0.522,4
18,theses,machine cloud,0.5007,5
18,theses,cloud computing,0.492,6
18,theses,cloud service,0.4781,7
18,theses,trust cloud,0.4749,8
14,theses,ferromagnetic fluid,0.6708,1
14,theses,transport ferromagnetic,0.6553,2
14,theses,oscillatory convection,0.6503,3
14,theses,convection heat,0.5672,4
14,theses,convection,0.5474,5
14,theses,heat transport,0.5316,6
14,theses,ferromagnetic,0.4598,7
14,theses,oscillatory,0.3242,8
19,theses,security cloud,0.5854,1
19,theses,cloud compute,0.5422,2
19,theses,compute cloud,0.5298,3
19,theses,cloud security,0.522,4
19,theses,machine cloud,0.5007,5
19,theses,cloud computing,0.492,6
19,theses,cloud service,0.4781,7
19,theses,trust cloud,0.4749,8
20,theses,beamforming method,0.4819,1
20,theses,similarly beamforming,0.4756,2
20,theses,beam mobile,0.4553,3
20,theses,space beamforming,0.4486,4
20,theses,antenna smart,0.4477,5
20,theses,beamforming,0.4404,6
20,theses,sdma technique,0.4384,7
20,theses,technique sdma,0.4355,8
21,theses,development anode,0.412,1
21,theses,good electrochemical,0.3931,2
21,theses,material lithium,0.3818,3
21,theses,battery thesis,0.3802,4
21,theses,li battery,0.3799,5
21,theses,electrochemical performance,0.3799,6
21,theses,battery lib,0.3767,7
21,theses,nanoporous anode,0.3713,8
22,theses,uranium deposit,0.6473,1
22,theses,radium activity,0.6148,2
22,theses,radon radium,0.6017,3
22,theses,activity groundwater,0.5606,4
22,theses,study radon,0.5508,5
22,theses,groundwater,0.5421,6
22,theses,relation uranium,0.5292,7
22,theses,radium,0.5124,8
23,theses,structural design,0.4457,1
23,theses,behaviour laminate,0.4235,2
23,theses,laminate composite,0.4114,3
23,theses,composite laminate,0.4072,4
23,theses,trapezoidal laminate,0.393,5
23,theses,vibration stability,0.381,6
23,theses,laminate widely,0.3667,7
23,theses,vibration buckle,0.358,8
24,theses,machining characteristic,0.6063,1
24,theses,machining hard,0.5479,2
24,theses,characteristic machining,0.545,3
24,theses,machining performance,0.5405,4
24,theses,process machining,0.5383,5
24,theses,machining process,0.5356,6
24,theses,tool machining,0.5354,7
24,theses,machining cut,0.5289,8
25,theses,development anode,0.412,1
25,theses,good electrochemical,0.3931,2
25,theses,material lithium,0.3818,3
25,theses,battery thesis,0.3802,4
25,theses,li battery,0.3799,5
25,theses,electrochemical performance,0.3799,6
25,theses,battery lib,0.3767,7
25,theses,nanoporous anode,0.3713,8
26,theses,correlation meteorological,0.5024,1
26,theses,monsoon concentration,0.4899,2
26,theses,bc meteorological,0.4816,3
26,theses,high monsoon,0.4716,4
26,theses,atmospheric particulate,0.4627,5
26,theses,atmospheric pollutant,0.4602,6
26,theses,winter monsoon,0.4507,7
26,theses,post monsoon,0.4482,8
27,theses,magnesium alloy,0.6077,1
27,theses,wear corrosion,0.6039,2
27,theses,alloy az91d,0.5652,3
27,theses,corrosion property,0.5041,4
27,theses,mechanical wear,0.4719,5
27,theses,corrosion,0.4664,6
27,theses,alloy,0.4264,7
27,theses,az91d hybrid,0.4159,8
28,theses,pavement india,0.6078,1
28,theses,asphalt pavement,0.597,2
28,theses,increase pavement,0.5759,3
28,theses,pavement selection,0.5737,4
28,theses,pavement life,0.5533,5
28,theses,exist pavement,0.5533,6
28,theses,flexible pavement,0.5391,7
28,theses,road construction,0.5371,8
29,theses,seal rotor,0.4687,1
29,theses,rotor introduction,0.4196,2
29,theses,turbine application,0.3981,3
29,theses,rotor pressure,0.3775,4
29,theses,maintain rotor,0.377,5
29,theses,gas turbine,0.3756,6
29,theses,rotor operating,0.3741,7
29,theses,seal configuration,0.3414,8
30,theses,flow porous,0.538,1
30,theses,convective flow,0.4809,2
30,theses,stability convective,0.4601,3
30,theses,fluid flow,0.4582,4
30,theses,fluid model,0.4332,5
30,theses,stability analyze,0.4242,6
30,theses,numerical analysis,0.4173,7
30,theses,analyze stability,0.4143,8
31,theses,iot software,0.4939,1
31,theses,sensor network,0.483,2
31,theses,iot,0.4159,3
31,theses,protocol sensor,0.4107,4
31,theses,throughput software,0.3938,5
31,theses,thing iot,0.3926,6
31,theses,network control,0.3899,7
31,theses,allocation sdn,0.3752,8
32,theses,organize wireless,0.6009,1
32,theses,sensor network,0.5971,2
32,theses,load balance,0.4938,3
32,theses,wireless sensor,0.4895,4
32,theses,self organize,0.4215,5
32,theses,sensor,0.3203,6
32,theses,balance self,0.3203,7
32,theses,network,0.3129,8
33,theses,qos mobile,0.5922,1
33,theses,packet scheduling,0.5452,2
33,theses,queue management,0.533,3
33,theses,qos,0.5313,4
33,theses,aware queue,0.5027,5
33,theses,scheme qos,0.4881,6
33,theses,bandwidth aware,0.4699,7
33,theses,queue,0.4587,8
37,theses,classification gynecological,0.4574,1
37,theses,classify cancer,0.4191,2
37,theses,optimize classification,0.4162,3
37,theses,cancer gynecological,0.4153,4
37,theses,gynecological cancer,0.3991,5
37,theses,cancer cervical,0.3978,6
37,theses,cervical cancer,0.3895,7
37,theses,classification method,0.3881,8
39,theses,internet lte,0.5192,1
39,theses,demand lte,0.5024,2
39,theses,lte cqi,0.4868,3
39,theses,network lte,0.4827,4
39,theses,lte primarily,0.4733,5
39,theses,lte effective,0.4643,6
39,theses,prevalent lte,0.4624,7
39,theses,lte,0.46,8
40,theses,dynamic trust,0.6394,1
40,theses,trust management,0.5586,2
40,theses,adversary detection,0.5449,3
40,theses,tolerant network,0.5193,4
40,theses,management adversary,0.5112,5
40,theses,delay tolerant,0.4999,6
40,theses,adversary,0.4846,7
40,theses,trust,0.4772,8
41,theses,biomedical image,0.577,1
41,theses,cancer classification,0.575,2
41,theses,heterogeneous computing,0.5073,3
41,theses,classification heterogeneous,0.5007,4
41,theses,biomedical,0.4643,5
41,theses,analysis cancer,0.4456,6
41,theses,computing environment,0.3771,7
41,theses,classification,0.3564,8
42,theses,game theory,0.6066,1
42,theses,strategy wireless,0.606,2
42,theses,security strategy,0.5909,3
42,theses,approach security,0.4951,4
42,theses,sensor network,0.4706,5
42,theses,wireless sensor,0.4291,6
42,theses,strategy,0.4278,7
42,theses,security,0.3925,8
43,theses,sentiment classification,0.4283,1
43,theses,ml architecture,0.4274,2
43,theses,perform sentiment,0.4246,3
43,theses,automate ml,0.4195,4
43,theses,sentiment analysis,0.4125,5
43,theses,learning ml,0.3956,6
43,theses,dataset optimize,0.3916,7
43,theses,machine learn,0.38,8
44,theses,opinion classify,0.4683,1
44,theses,opinion classification,0.458,2
44,theses,classifier opinion,0.4151,3
44,theses,opinion patient,0.3941,4
44,theses,opinion mining,0.3752,5
44,theses,analyze opinion,0.3678,6
44,theses,care opinion,0.3641,7
44,theses,care analyze,0.3617,8
45,theses,sensor network,0.4431,1
45,theses,cluster,0.4387,2
45,theses,efficient cluster,0.4275,3
45,theses,cluster rout,0.4241,4
45,theses,microprocessor network,0.4074,5
45,theses,smart building,0.4065,6
45,theses,clustering route,0.4051,7
45,theses,utilization electricity,0.3974,8
46,theses,skin detection,0.7029,1
46,theses,classification algorithm,0.5101,2
46,theses,supervise classification,0.502,3
46,theses,parametric skin,0.4949,4
46,theses,classification,0.4642,5
46,theses,detection,0.4141,6
46,theses,performance analysis,0.4077,7
46,theses,skin,0.4031,8
47,theses,thing data,0.4859,1
47,theses,intelligent transport,0.4777,2
47,theses,context aware,0.4774,3
47,theses,aware machine,0.4108,4
47,theses,transport,0.3567,5
47,theses,machine learn,0.35,6
47,theses,internet thing,0.3186,7
47,theses,learn base,0.3178,8
48,theses,load balancing,0.5312,1
48,theses,tolerance cloud,0.4982,2
48,theses,balancing fault,0.4451,3
48,theses,cloud,0.4105,4
48,theses,fault tolerance,0.3945,5
48,theses,efficiency load,0.3476,6
48,theses,balancing,0.3308,7
48,theses,energy efficiency,0.2799,8
49,theses,wireless adhoc,0.6108,1
49,theses,attack wireless,0.6044,2
49,theses,adhoc network,0.5911,3
49,theses,security packet,0.5123,4
49,theses,dropping attack,0.474,5
49,theses,packet dropping,0.4679,6
49,theses,adhoc,0.382,7
49,theses,ensure security,0.3509,8
51,theses,indexing fast,0.735,1
51,theses,fast search,0.6802,2
51,theses,new indexing,0.6261,3
51,theses,indexing,0.6114,4
51,theses,search algorithm,0.589,5
51,theses,algorithm big,0.5151,6
51,theses,search,0.4758,7
51,theses,big datum,0.4204,8
52,theses,oxide nanocomposite,0.6379,1
52,theses,pollutant removal,0.6131,2
52,theses,efficient pollutant,0.5852,3
52,theses,nanocomposite design,0.515,4
52,theses,metal oxide,0.4513,5
52,theses,pollutant,0.4457,6
52,theses,nanocomposite,0.4382,7
52,theses,oxide,0.3807,8
53,theses,electrochemical catechol,0.6213,1
53,theses,catechol sensing,0.5938,2
53,theses,composite electrochemical,0.5156,3
53,theses,nickel oxide,0.5091,4
53,theses,oxide nanocrystal,0.4487,5
53,theses,electrochemical,0.4255,6
53,theses,nanocrystal base,0.4211,7
53,theses,nickel,0.3874,8
54,theses,noc label,0.5861,1
54,theses,3d noc,0.5518,2
54,theses,label switching,0.529,3
54,theses,noc,0.4352,4
54,theses,switching stream,0.4163,5
54,theses,stream platform,0.3987,6
54,theses,label,0.3462,7
54,theses,stream,0.3022,8
55,theses,analog wireless,0.6228,1
55,theses,cod technique,0.5297,2
55,theses,wireless communication,0.4971,3
55,theses,communication feedback,0.4913,4
55,theses,thesis cod,0.4866,5
55,theses,analog,0.4837,6
55,theses,cod,0.4192,7
55,theses,technique analog,0.4003,8
56,theses,meteorological datum,0.721,1
56,theses,datum karnataka,0.6972,2
56,theses,analytic meteorological,0.6471,3
56,theses,karnataka region,0.6102,4
56,theses,meteorological,0.584,5
56,theses,karnataka,0.5702,6
56,theses,data analytic,0.4299,7
56,theses,datum,0.3435,8
57,theses,mimo ofdm,0.7313,1
57,theses,channel estimation,0.6401,2
57,theses,technique mimo,0.5567,3
57,theses,ofdm,0.5141,4
57,theses,mimo,0.5096,5
57,theses,estimation technique,0.4045,6
57,theses,analysis channel,0.3737,7
57,theses,channel,0.3456,8
58,theses,soil stabilize,0.7318,1
58,theses,property soil,0.6657,2
58,theses,stabilize biological,0.5503,3
58,theses,soil,0.5112,4
58,theses,biological method,0.4411,5
58,theses,engineering property,0.413,6
58,theses,stabilize,0.3572,7
58,theses,biological,0.3331,8
59,theses,epoxy matrix,0.4665,1
59,theses,seed powder,0.4659,2
59,theses,reinforce epoxy,0.4608,3
59,theses,mango seed,0.4178,4
59,theses,epoxy,0.4098,5
59,theses,seed shell,0.3905,6
59,theses,tamarind seed,0.3736,7
59,theses,matrix composite,0.3597,8
60,theses,epoxy matrix,0.4475,1
60,theses,seed cover,0.4244,2
60,theses,screw pine,0.4083,3
60,theses,composite material,0.406,4
60,theses,reinforce epoxy,0.4053,5
60,theses,mango seed,0.3697,6
60,theses,epoxy,0.3513,7
60,theses,matrix composite,0.3248,8
68,theses,optimize qos,0.6864,1
68,theses,qos base,0.6723,2
68,theses,qos,0.5372,3
68,theses,rout protocol,0.488,4
68,theses,protocol internet,0.442,5
68,theses,design optimize,0.4042,6
68,theses,base rout,0.3335,7
68,theses,protocol,0.3149,8
69,theses,compress sense,0.6109,1
69,theses,optimal compress,0.6108,2
69,theses,compress,0.4384,3
69,theses,design optimal,0.4237,4
69,theses,technique biomedical,0.4232,5
69,theses,biomedical application,0.4229,6
69,theses,sense technique,0.3775,7
69,theses,biomedical,0.3622,8
1006,theses,indias livelihood,0.5773,1
1006,theses,livelihood program,0.5536,2
1006,theses,livelihood,0.4571,3
1006,theses,case indias,0.3952,4
1006,theses,transparency case,0.377,5
1006,theses,transparency,0.3352,6
1006,theses,information multiple,0.326,7
1006,theses,information,0.3202,8
75,theses,smart agriculture,0.6293,1
75,theses,agriculture,0.4491,2
75,theses,sensor networks,0.4431,3
75,theses,reliability evaluation,0.3942,4
75,theses,analytics wireless,0.3919,5
75,theses,wireless sensor,0.3779,6
75,theses,reliability,0.3642,7
75,theses,sensor,0.3318,8
2,theses,catalyzed oxidation,0.5682,1
2,theses,kinetic oxidation,0.5328,2
2,theses,oxidation kinetics,0.5304,3
2,theses,oxidation kinetic,0.5163,4
2,theses,oxidation diphenhydramine,0.508,5
2,theses,study oxidation,0.4762,6
2,theses,catalyze reaction,0.4583,7
2,theses,oxidation taurine,0.4474,8
76,theses,cognitive radio,0.7025,1
76,theses,spectrum sensing,0.6969,2
76,theses,adaptive spectrum,0.631,3
76,theses,radio communication,0.5573,4
76,theses,sensing cognitive,0.529,5
76,theses,spectrum,0.4727,6
76,theses,radio,0.4048,7
76,theses,sensing,0.3459,8
82,theses,image steganography,0.6324,1
82,theses,steganography image,0.6316,2
82,theses,base steganography,0.6301,3
82,theses,steganography scheme,0.6255,4
82,theses,steganography process,0.6226,5
82,theses,steganography specialized,0.6183,6
82,theses,steganography,0.6012,7
82,theses,steganography precisely,0.5861,8
83,theses,detection breast,0.4493,1
83,theses,mammography affordable,0.4231,2
83,theses,analyze mammography,0.4209,3
83,theses,breast cancer,0.4208,4
83,theses,mammography image,0.4061,5
83,theses,digital mammography,0.4025,6
83,theses,mammography,0.3894,7
83,theses,cancer signature,0.3892,8
1030,theses,topological data,0.723,1
1030,theses,field topological,0.6534,2
1030,theses,topological,0.5708,3
1030,theses,multi field,0.4505,4
1030,theses,tool multi,0.4069,5
1030,theses,data analysis,0.3816,6
1030,theses,field,0.342,7
1030,theses,data,0.2976,8
1048,theses,big datum,0.545,1
1048,theses,heterogeneous big,0.4597,2
1048,theses,datum,0.4271,3
1048,theses,hybrid computational,0.4157,4
1048,theses,handling heterogeneous,0.3744,5
1048,theses,development analysis,0.3555,6
1048,theses,efficient handling,0.3462,7
1048,theses,techniques efficient,0.3271,8
3,theses,convection,0.5643,1
3,theses,natural convection,0.5304,2
3,theses,convection occur,0.5231,3
3,theses,convection oseen,0.5001,4
3,theses,convective flows,0.495,5
3,theses,diffusive convection,0.4731,6
3,theses,constrain convection,0.4724,7
3,theses,study convective,0.4641,8
84,theses,image compression,0.5619,1
84,theses,compression algorithm,0.4871,2
84,theses,medical image,0.4776,3
84,theses,compression approach,0.4599,4
84,theses,image diagnosis,0.4466,5
84,theses,compression framework,0.4448,6
84,theses,comprehensive compression,0.436,7
84,theses,compression perform,0.4346,8
961,theses,wildfire management,0.6526,1
961,theses,uav swarm,0.6434,2
961,theses,approaches wildfire,0.5918,3
961,theses,wildfire,0.4913,4
961,theses,scalable uav,0.4791,5
961,theses,swarm base,0.4496,6
961,theses,cooperative search,0.4424,7
961,theses,swarm,0.4316,8
1042,theses,ictd programme,0.6449,1
1042,theses,mandate ictd,0.6294,2
1042,theses,ictd,0.6091,3
1042,theses,karnatakas agriculture,0.5824,4
1042,theses,case karnatakas,0.5302,5
1042,theses,agriculture electronic,0.4801,6
1042,theses,karnatakas,0.4731,7
1042,theses,electronic market,0.3642,8
85,theses,incident management,0.5461,1
85,theses,management software,0.4451,2
85,theses,service management,0.4444,3
85,theses,management identify,0.4166,4
85,theses,resolve incident,0.4089,5
85,theses,maintenance machine,0.4084,6
85,theses,software maintenance,0.4071,7
85,theses,approach ort,0.4019,8
95,theses,service qos,0.5493,1
95,theses,manet ieee,0.5431,2
95,theses,qos provision,0.5277,3
95,theses,qos,0.5143,4
95,theses,qos aware,0.5139,5
95,theses,qos demand,0.5049,6
95,theses,robust qos,0.4966,7
95,theses,qos reliability,0.4779,8
96,theses,spectrum industry,0.5718,1
96,theses,utilize spectrum,0.5674,2
96,theses,technology spectrum,0.5534,3
96,theses,spectrum utilization,0.5508,4
96,theses,licensed spectrum,0.5198,5
96,theses,cognitive radio,0.5086,6
96,theses,share spectrum,0.4802,7
96,theses,spectrum slack,0.475,8
97,theses,lte technology,0.5377,1
97,theses,power lte,0.5153,2
97,theses,communication lte,0.5079,3
97,theses,cellular network,0.5029,4
97,theses,lte advanced,0.4906,5
97,theses,d2d cellular,0.4878,6
97,theses,improvement lte,0.4843,7
97,theses,control lte,0.4612,8
98,theses,machining mmc,0.5491,1
98,theses,analysis machining,0.51,2
98,theses,machining parameters,0.5087,3
98,theses,application machining,0.4828,4
98,theses,machining,0.4795,5
98,theses,machining parameter,0.4428,6
98,theses,chatter machining,0.4199,7
98,theses,optimization machining,0.4196,8
100,theses,tool study,0.4038,1
100,theses,select alloy,0.3971,2
100,theses,yield tensile,0.3803,3
100,theses,stir material,0.3673,4
100,theses,alloy friction,0.3635,5
100,theses,tensile strength,0.359,6
100,theses,friction stir,0.3566,7
100,theses,incremental forming,0.3516,8
964,theses,variability travel,0.6509,1
964,theses,sources variability,0.6094,2
964,theses,choice model,0.4431,3
964,theses,variability,0.438,4
964,theses,travel choice,0.4371,5
964,theses,disentangle different,0.3555,6
964,theses,travel,0.3503,7
964,theses,disentangle,0.303,8
101,theses,gate tfets,0.5176,1
101,theses,type mosfet,0.4792,2
101,theses,mosfet,0.4436,3
101,theses,mosfet device,0.4344,4
101,theses,compare mosfet,0.4329,5
101,theses,semiconductor cmos,0.429,6
101,theses,mosfet mosfet,0.4259,7
101,theses,circuit mosfet,0.4259,8
50,theses,pollutant tio2,0.6832,1
50,theses,nio nanocomposite,0.577,2
50,theses,tio2 nio,0.5345,3
50,theses,light degradation,0.4895,4
50,theses,tio2,0.4525,5
50,theses,organic pollutant,0.4371,6
50,theses,pollutant,0.408,7
50,theses,nanocomposite,0.3972,8
102,theses,composite aluminium,0.516,1
102,theses,quality aluminium,0.4711,2
102,theses,property ceramic,0.4645,3
102,theses,manufacturing composite,0.4591,4
102,theses,properties aluminium,0.4341,5
102,theses,synthesis composite,0.4337,6
102,theses,exist ceramic,0.4263,7
102,theses,ceramic reinforce,0.4047,8
105,theses,waste management,0.4574,1
105,theses,relate waste,0.4552,2
105,theses,waste type,0.4548,3
105,theses,wastes fuel,0.4297,4
105,theses,process waste,0.429,5
105,theses,polypropylene wastes,0.4198,6
105,theses,reactor waste,0.4177,7
105,theses,segregate waste,0.4141,8
106,theses,cuo base,0.6879,1
106,theses,cuo cuo,0.4977,2
106,theses,materials synthesis,0.4518,3
106,theses,base materials,0.4236,4
106,theses,cuo,0.4029,5
106,theses,synthesis characterization,0.3576,6
106,theses,synthesis,0.2995,7
106,theses,materials,0.2735,8
107,theses,visual cryptography,0.6084,1
107,theses,visual cryptographic,0.608,2
107,theses,cryptography vc,0.5501,3
107,theses,cryptography prototype,0.5014,4
107,theses,cryptography,0.485,5
107,theses,cryptographic technique,0.4813,6
107,theses,cryptographic,0.4802,7
107,theses,secret image,0.4737,8
965,theses,ultrasonic guided,0.6342,1
965,theses,inspection additively,0.5928,2
965,theses,base inspection,0.5342,3
965,theses,ultrasonic,0.5151,4
965,theses,guided wave,0.468,5
965,theses,inspection,0.4499,6
965,theses,additively manufactured,0.4262,7
965,theses,manufactured components,0.3946,8
71,theses,agriculture optimization,0.7561,1
71,theses,productivity crops,0.717,2
71,theses,crops agriculture,0.6675,3
71,theses,agriculture,0.5427,4
71,theses,crops,0.5404,5
71,theses,increase productivity,0.4303,6
71,theses,productivity,0.3696,7
71,theses,develop model,0.3633,8
72,theses,diabetic retinopathy,0.6797,1
72,theses,retinopathy,0.5482,2
72,theses,diagnosis diabetic,0.5335,3
72,theses,rapid screening,0.5232,4
72,theses,screening early,0.4904,5
72,theses,screening,0.4376,6
72,theses,diabetic,0.389,7
72,theses,early diagnosis,0.384,8
111,theses,oscillatory quadrature,0.5354,1
111,theses,quadrature method,0.5014,2
111,theses,numericall analysis,0.4991,3
111,theses,quadrature thesis,0.438,4
111,theses,numerical integration,0.4139,5
111,theses,frequency approach,0.4133,6
111,theses,integral quadrature,0.4044,7
111,theses,quadrature particularly,0.4023,8
113,theses,power grid,0.5128,1
113,theses,power generation,0.4566,2
113,theses,renewable energy,0.4537,3
113,theses,control grid,0.447,4
113,theses,energy generation,0.4384,5
113,theses,variable renewable,0.4325,6
113,theses,grid reliability,0.4153,7
113,theses,balance electricity,0.4151,8
115,theses,mri establish,0.3785,1
115,theses,imaging dce,0.3654,2
115,theses,imaging mri,0.3605,3
115,theses,enhancement mri,0.3495,4
115,theses,dce mri,0.3435,5
115,theses,mri recognize,0.3394,6
115,theses,mri devise,0.3282,7
115,theses,mri magnetic,0.3259,8
118,theses,titanium alloy,0.6227,1
118,theses,ta alloy,0.5414,2
118,theses,titanium,0.5293,3
118,theses,alloy study,0.5009,4
118,theses,ti 34nb,0.4649,5
118,theses,alloy strengthen,0.4623,6
118,theses,activity alloy,0.4574,7
118,theses,alloy anneal,0.4534,8
119,theses,acoustic perforate,0.6285,1
119,theses,perforate baffle,0.5574,2
119,theses,panel perforation,0.5552,3
119,theses,baffle perforate,0.534,4
119,theses,model perforation,0.5295,5
119,theses,perforate panel,0.5276,6
119,theses,flexible perforate,0.5127,7
119,theses,perforation ratio,0.4863,8
120,theses,recognition devanagari,0.5155,1
120,theses,character classifier,0.5009,2
120,theses,character recognition,0.4914,3
120,theses,model handwritten,0.4577,4
120,theses,unit handwritten,0.4289,5
120,theses,handwritten character,0.4287,6
120,theses,online handwritten,0.4108,7
120,theses,character analyze,0.4098,8
566,theses,turbulent channel,0.7794,1
566,theses,transitional turbulent,0.7173,2
566,theses,turbulent,0.6443,3
566,theses,channel flow,0.5965,4
566,theses,flow,0.4178,5
566,theses,flow available,0.394,6
566,theses,channel,0.3113,7
566,theses,transitional,0.2514,8
567,theses,hydro meteorological,0.657,1
567,theses,meteorological process,0.5862,2
567,theses,process extreme,0.5108,3
567,theses,analysis hydro,0.5088,4
567,theses,meteorological,0.4527,5
567,theses,regional analysis,0.4057,6
567,theses,hydro,0.4036,7
567,theses,extreme available,0.375,8
121,theses,creativity design,0.571,1
121,theses,design process,0.5461,2
121,theses,creativity assessment,0.5114,3
121,theses,assess creativity,0.5059,4
121,theses,design complex,0.5004,5
121,theses,construct designing,0.4964,6
121,theses,assessment creativity,0.4916,7
121,theses,process creative,0.4911,8
122,theses,slope seismic,0.4695,1
122,theses,slope soil,0.444,2
122,theses,soil slope,0.4407,3
122,theses,seismic response,0.4404,4
122,theses,soil slopes,0.438,5
122,theses,reinforce soil,0.4364,6
122,theses,seismic design,0.4241,7
122,theses,reinforced soil,0.4147,8
123,theses,recall spatial,0.503,1
123,theses,learning technique,0.4997,2
123,theses,learn cluster,0.4853,3
123,theses,learning paradigm,0.4851,4
123,theses,clustering recall,0.4592,5
123,theses,memories theory,0.441,6
123,theses,practice learning,0.4302,7
123,theses,recall temporal,0.4281,8
124,theses,turbine swirl,0.5958,1
124,theses,turbine combustor,0.5788,2
124,theses,swirler fuel,0.5102,3
124,theses,swirl flow,0.5082,4
124,theses,gas turbine,0.5016,5
124,theses,swirl number,0.4936,6
124,theses,vortex breakdown,0.492,7
124,theses,dynamic vortex,0.4681,8
125,theses,spray morphology,0.5217,1
125,theses,analysis spray,0.5087,2
125,theses,spray test,0.4941,3
125,theses,spraytec measure,0.4894,4
125,theses,characteristic spray,0.4819,5
125,theses,spray atomizer,0.4721,6
125,theses,spray formation,0.466,7
125,theses,atomization spray,0.4506,8
127,theses,dual adhesive,0.5136,1
127,theses,adhesive bonding,0.5023,2
127,theses,adhesive bonded,0.4946,3
127,theses,different adhesive,0.4916,4
127,theses,strengthen adhesive,0.4763,5
127,theses,single adhesive,0.4683,6
127,theses,adhesive bond,0.464,7
127,theses,adhesive concept,0.4416,8
1097,theses,channel estimation,0.6774,1
1097,theses,algorithm mimo,0.6397,2
1097,theses,mimo spectrum,0.6261,3
1097,theses,mimo,0.5562,4
1097,theses,spectrum management,0.4755,5
1097,theses,estimation algorithm,0.4339,6
1097,theses,novel channel,0.3895,7
1097,theses,channel,0.3774,8
109,theses,circuits soc,0.612,1
109,theses,design cntfet,0.5778,2
109,theses,cntfet base,0.5669,3
109,theses,device modeling,0.5291,4
109,theses,soc design,0.5129,5
109,theses,logic circuits,0.4419,6
109,theses,cntfet,0.3829,7
109,theses,circuits,0.3706,8
110,theses,consumer adoption,0.6397,1
110,theses,mobile payment,0.5877,2
110,theses,adoption mobile,0.5546,3
110,theses,payment service,0.4957,4
110,theses,service bangalore,0.4425,5
110,theses,consumer,0.4208,6
110,theses,study consumer,0.4199,7
110,theses,bangalore urban,0.4115,8
128,theses,environment achieve,0.5367,1
128,theses,turn environmental,0.5046,2
128,theses,design decision,0.4872,3
128,theses,design activity,0.4837,4
128,theses,environmental impact,0.478,5
128,theses,reduce environmental,0.4763,6
128,theses,design conceptual,0.4718,7
128,theses,support environmentally,0.4703,8
129,theses,network coding,0.6966,1
129,theses,network codes,0.6013,2
129,theses,coding paradigm,0.5206,3
129,theses,information network,0.4921,4
129,theses,decodable network,0.4774,5
129,theses,index coding,0.4767,6
129,theses,network cod,0.4607,7
129,theses,bit network,0.4585,8
131,theses,superalloys alloying,0.4862,1
131,theses,base superalloys,0.4456,2
131,theses,alloy oxide,0.4421,3
131,theses,cr alloy,0.4399,4
131,theses,base alloy,0.4267,5
131,theses,temperature oxidation,0.4039,6
131,theses,base superalloy,0.4018,7
131,theses,alloy study,0.3983,8
977,theses,view graph,0.6079,1
977,theses,multi view,0.5543,2
977,theses,graph data,0.5502,3
977,theses,learn multi,0.4841,4
977,theses,domain multi,0.4764,5
977,theses,multi domain,0.4339,6
977,theses,graph,0.4094,7
977,theses,view,0.3552,8
132,theses,nitride semiconductors,0.6239,1
132,theses,nitride semiconductor,0.6066,2
132,theses,mos2 gan,0.4949,3
132,theses,2d semiconductor,0.4877,4
132,theses,semiconductors dual,0.4852,5
132,theses,semiconductors,0.4802,6
132,theses,semiconductor,0.4654,7
132,theses,band photodetection,0.4271,8
133,theses,face recognition,0.5063,1
133,theses,recognition performance,0.4974,2
133,theses,face capture,0.4679,3
133,theses,face image,0.4601,4
133,theses,training image,0.4565,5
133,theses,recognition approach,0.4447,6
133,theses,transform facial,0.4391,7
133,theses,vision algorithm,0.4342,8
134,theses,thesis hydrologic,0.5853,1
134,theses,catchment environment,0.5793,2
134,theses,complex hydrologic,0.5779,3
134,theses,hydrologic inference,0.5757,4
134,theses,variable catchment,0.5366,5
134,theses,perform catchment,0.5354,6
134,theses,interaction hydrologic,0.5292,7
134,theses,hydrologic component,0.5245,8
978,theses,equatorial convection,0.629,1
978,theses,convection moisture,0.6092,2
978,theses,summer intraseasonal,0.581,3
978,theses,intraseasonal oscillation,0.5239,4
978,theses,moisture structure,0.4871,5
978,theses,convection,0.4197,6
978,theses,summer,0.4091,7
978,theses,boreal summer,0.3993,8
979,theses,layer monsoon,0.6844,1
979,theses,monsoon,0.5659,2
979,theses,intraseasonal convection,0.5461,3
979,theses,convection abrupt,0.4931,4
979,theses,seasonal transition,0.4201,5
979,theses,convection,0.4071,6
979,theses,boundary layer,0.3856,7
979,theses,abrupt seasonal,0.3759,8
103,theses,weight concrete,0.6418,1
103,theses,weight aggregate,0.5336,2
103,theses,concrete,0.4893,3
103,theses,concrete high,0.4706,4
103,theses,strength blend,0.4483,5
103,theses,density structural,0.4118,6
103,theses,aggregate,0.367,7
103,theses,structural light,0.3439,8
135,theses,droplet microfluidic,0.5677,1
135,theses,droplet microfluidics,0.5676,2
135,theses,microfluidic droplet,0.5599,3
135,theses,platform microfluidic,0.5184,4
135,theses,microfluidic provide,0.5121,5
135,theses,microfluidics,0.4935,6
135,theses,microfluidic,0.4858,7
135,theses,microfluidic device,0.482,8
644,theses,hydrologic assessment,0.6817,1
644,theses,improved hydrologic,0.6357,2
644,theses,hydrologic,0.6289,3
644,theses,explore hydrological,0.6139,4
644,theses,hydrological,0.6106,5
644,theses,hydrological processe,0.5866,6
644,theses,decision deep,0.4412,7
644,theses,deep learning,0.4402,8
980,theses,ultrasonic guided,0.6342,1
980,theses,inspection additively,0.5928,2
980,theses,base inspection,0.5342,3
980,theses,ultrasonic,0.5151,4
980,theses,guided wave,0.468,5
980,theses,inspection,0.4499,6
980,theses,additively manufactured,0.4262,7
980,theses,manufactured components,0.3946,8
136,theses,airfoil laminar,0.5606,1
136,theses,characteristic airfoil,0.5155,2
136,theses,airfoils detailed,0.5122,3
136,theses,airfoil particular,0.5005,4
136,theses,different airfoil,0.4948,5
136,theses,study aerodynamic,0.4728,6
136,theses,number airfoils,0.4626,7
136,theses,airfoil result,0.4614,8
137,theses,develop catalyst,0.5417,1
137,theses,engineered catalytic,0.5366,2
137,theses,catalytic nano,0.5237,3
137,theses,catalyst oxidation,0.5209,4
137,theses,catalytic oxidation,0.5046,5
137,theses,viable catalyst,0.502,6
137,theses,heterogeneous catalyst,0.4919,7
137,theses,nature catalytic,0.4732,8
114,theses,chip communication,0.7088,1
114,theses,channel modelling,0.5735,2
114,theses,wireless channel,0.5548,3
114,theses,inter chip,0.4894,4
114,theses,modelling intra,0.401,5
114,theses,channel,0.376,6
114,theses,wireless,0.3718,7
114,theses,chip,0.3541,8
138,theses,coating thermal,0.4033,1
138,theses,ysz coating,0.3929,2
138,theses,turbine engine,0.3862,3
138,theses,gas turbine,0.3835,4
138,theses,7ysz coating,0.3785,5
138,theses,modulus coating,0.3765,6
138,theses,barrier coating,0.369,7
138,theses,coating ysz,0.3687,8
139,theses,codes projective,0.5818,1
139,theses,_q projective,0.5798,2
139,theses,_q grassmannian,0.5656,3
139,theses,code projective,0.5607,4
139,theses,projective spaces,0.5367,5
139,theses,spaces projective,0.5257,6
139,theses,projective space,0.5107,7
139,theses,grassmannian mathcal,0.5055,8
142,theses,iterative photoacoustic,0.5473,1
142,theses,data photoacoustic,0.5394,2
142,theses,images photoacoustic,0.5342,3
142,theses,photoacoustic image,0.5166,4
142,theses,photoacoustic tomographic,0.5099,5
142,theses,photoacoustic imaging,0.4852,6
142,theses,improve photoacoustic,0.4823,7
142,theses,photoacoustic,0.4753,8
1079,theses,tax planning,0.6014,1
1079,theses,compliance msme,0.5909,2
1079,theses,msme growth,0.5806,3
1079,theses,direct tax,0.4804,4
1079,theses,tax,0.4595,5
1079,theses,msme,0.4101,6
1079,theses,growth performance,0.4043,7
1079,theses,planning compliance,0.366,8
145,theses,concrete model,0.4761,1
145,theses,material concrete,0.4669,2
145,theses,modeling fracture,0.4661,3
145,theses,structure concrete,0.441,4
145,theses,micromechanical modeling,0.4406,5
145,theses,damage concrete,0.4292,6
145,theses,concrete consist,0.4176,7
145,theses,behavior cementitious,0.4155,8
146,theses,reluctance machines,0.4445,1
146,theses,reluctance machine,0.436,2
146,theses,current rotor,0.4165,3
146,theses,rotor construction,0.408,4
146,theses,rotor consider,0.4079,5
146,theses,special rotor,0.4075,6
146,theses,pole rotor,0.3987,7
146,theses,turbine generator,0.3983,8
147,theses,photovoltaic pv,0.5801,1
147,theses,control photovoltaic,0.5538,2
147,theses,solar photovoltaic,0.5529,3
147,theses,pv modelling,0.5473,4
147,theses,input photovoltaic,0.5452,5
147,theses,modelling pv,0.5441,6
147,theses,photovoltaic energy,0.5395,7
147,theses,photovoltaic converter,0.5316,8
573,theses,phenotyping breast,0.4842,1
573,theses,mechanical etm,0.4842,2
573,theses,etm phenotyping,0.4549,3
573,theses,breast tissue,0.4345,4
573,theses,thermo mechanical,0.4163,5
573,theses,automate electro,0.4008,6
573,theses,electro thermo,0.3882,7
573,theses,ex vivo,0.3279,8
574,theses,topological structure,0.7529,1
574,theses,analysis topological,0.7021,2
574,theses,topological,0.6626,3
574,theses,comparative analysis,0.5685,4
574,theses,structure available,0.4936,5
574,theses,structure,0.4374,6
574,theses,comparative,0.4367,7
574,theses,analysis,0.2998,8
148,theses,iodide perovskite,0.4408,1
148,theses,perovskite film,0.4082,2
148,theses,perovskite halide,0.3909,3
148,theses,halide perovskites,0.3905,4
148,theses,perovskites property,0.381,5
148,theses,complex perovskite,0.3735,6
148,theses,grow perovskite,0.3653,7
148,theses,ch3nh3pbi3 film,0.3604,8
150,theses,cnn transfer,0.5665,1
150,theses,transfer cnn,0.5571,2
150,theses,pretraine subnetwork,0.5255,3
150,theses,transfer deep,0.5054,4
150,theses,cnn training,0.4985,5
150,theses,cnn subnetwork,0.4956,6
150,theses,multisource transfer,0.4692,7
150,theses,pretraine network,0.4639,8
152,theses,alloys smas,0.4944,1
152,theses,memory alloy,0.4615,2
152,theses,memory alloys,0.4604,3
152,theses,thermal mechanical,0.4416,4
152,theses,thermomechanical loading,0.4243,5
152,theses,alloys,0.4107,6
152,theses,martensitic phase,0.4034,7
152,theses,alloy experiment,0.3981,8
983,theses,music computational,0.6981,1
983,theses,indian classical,0.6075,2
983,theses,classical music,0.5645,3
983,theses,computational techniques,0.46,4
983,theses,music,0.419,5
983,theses,computational,0.3608,6
983,theses,understand indian,0.3553,7
983,theses,novel contributions,0.3496,8
130,theses,guidance spacecrafts,0.6707,1
130,theses,spacecrafts soft,0.538,2
130,theses,landing atmosphere,0.5374,3
130,theses,soft landing,0.5324,4
130,theses,optimal guidance,0.4713,5
130,theses,atmosphere celestial,0.4623,6
130,theses,spacecrafts,0.4146,7
130,theses,landing,0.3707,8
153,theses,landslide risk,0.5914,1
153,theses,risk landslide,0.5856,2
153,theses,landslide development,0.5765,3
153,theses,assessment landslides,0.5691,4
153,theses,analysis landslide,0.569,5
153,theses,evaluate landslide,0.5666,6
153,theses,landslide occurrence,0.5464,7
153,theses,mitigate landslide,0.5377,8
154,theses,nems graphene,0.5223,1
154,theses,electromechanical nems,0.5134,2
154,theses,nano electromechanical,0.4987,3
154,theses,electromechanical mems,0.4895,4
154,theses,mems nano,0.4746,5
154,theses,nems resonator,0.4739,6
154,theses,micro electromechanical,0.4653,7
154,theses,nems device,0.4575,8
155,theses,management radioactive,0.4266,1
155,theses,radioactive waste,0.3891,2
155,theses,disposal biosphere,0.3698,3
155,theses,geological environment,0.3521,4
155,theses,biosphere model,0.3456,5
155,theses,waste geological,0.3418,6
155,theses,disposal systems,0.3389,7
155,theses,safety disposal,0.3386,8
985,theses,verifiable multiagent,0.7035,1
985,theses,multiagent framework,0.6153,2
985,theses,adaptable avionic,0.5997,3
985,theses,multiagent,0.5321,4
985,theses,dependable adaptable,0.5171,5
985,theses,vermillion verifiable,0.4713,6
985,theses,framework dependable,0.4259,7
985,theses,avionic,0.4188,8
156,theses,generation titanium,0.5499,1
156,theses,titanium aluminide,0.4893,2
156,theses,titanium aluminides,0.4776,3
156,theses,alloy alloy,0.4568,4
156,theses,titanium,0.4347,5
156,theses,mechanical processing,0.4297,6
156,theses,investigate alloy,0.4277,7
156,theses,alloy investigate,0.4054,8
157,theses,vehicle traffic,0.5642,1
157,theses,traffic literature,0.5597,2
157,theses,traffic flow,0.5544,3
157,theses,car traffic,0.5331,4
157,theses,traffic develop,0.5294,5
157,theses,traffic characterise,0.523,6
157,theses,road traffic,0.5194,7
157,theses,traffic traffic,0.5189,8
158,theses,sparse recovery,0.5692,1
158,theses,recovery sparse,0.5318,2
158,theses,sparse signal,0.5164,3
158,theses,signal recovery,0.4982,4
158,theses,state sparse,0.4763,5
158,theses,algorithm sparse,0.456,6
158,theses,reconstruct sparse,0.4552,7
158,theses,recovery algorithm,0.455,8
159,theses,kernel filtering,0.6395,1
159,theses,image filtering,0.5913,2
159,theses,image processing,0.567,3
159,theses,bilateral filtering,0.553,4
159,theses,bilateral filter,0.5335,5
159,theses,filtering enhancement,0.5328,6
159,theses,feature kernel,0.5199,7
159,theses,base filtering,0.4824,8
160,theses,development seismic,0.5511,1
160,theses,develop seismic,0.5437,2
160,theses,seismic design,0.495,3
160,theses,earthquake predict,0.4868,4
160,theses,different seismic,0.4843,5
160,theses,seismic hazard,0.4822,6
160,theses,site seismicity,0.4773,7
160,theses,earthquake increasingly,0.4707,8
161,theses,hypersonic shock,0.5018,1
161,theses,hypersonic flow,0.4737,2
161,theses,drag hypersonic,0.4732,3
161,theses,spike experimental,0.4305,4
161,theses,spike configuration,0.425,5
161,theses,spike comparison,0.4162,6
161,theses,body hypersonic,0.4152,7
161,theses,aerodynamic drag,0.4083,8
162,theses,multilevel inverter,0.5507,1
162,theses,inverter need,0.5211,2
162,theses,level inverter,0.5204,3
162,theses,quality inverter,0.5049,4
162,theses,inverter widely,0.4875,5
162,theses,multilevel voltage,0.4244,6
162,theses,inverter class,0.42,7
162,theses,inverter,0.4105,8
163,theses,code transmission,0.5377,1
163,theses,optimal code,0.5214,2
163,theses,optimal codelength,0.502,3
163,theses,coding rank,0.5006,4
163,theses,coding problems,0.4827,5
163,theses,index coding,0.4624,6
163,theses,coding problem,0.4621,7
163,theses,communication multi,0.457,8
164,theses,index coding,0.4977,1
164,theses,index cod,0.4469,2
164,theses,cache coding,0.4339,3
164,theses,index code,0.408,4
164,theses,coded cache,0.397,5
164,theses,information index,0.3813,6
164,theses,coding problem,0.3806,7
164,theses,coding gic,0.3785,8
165,theses,microcantilever waveguide,0.5617,1
165,theses,soi waveguide,0.5551,2
165,theses,silicon photonic,0.5503,3
165,theses,optical waveguide,0.5334,4
165,theses,photonic device,0.5079,5
165,theses,silicon microcantilever,0.5,6
165,theses,devices silicon,0.495,7
165,theses,device optical,0.4892,8
1157,theses,congenital heart,0.5853,1
1157,theses,fetal heart,0.5484,2
1157,theses,heart defect,0.4877,3
1157,theses,diagnosis prenatal,0.4655,4
1157,theses,intelligence diagnosis,0.4615,5
1157,theses,prenatal congenital,0.4447,6
1157,theses,prenatal chd,0.4378,7
1157,theses,image prenatal,0.4332,8
166,theses,image compute,0.5383,1
166,theses,image reconstruction,0.5125,2
166,theses,reconstruction minimize,0.468,3
166,theses,robust biomedical,0.4507,4
166,theses,reconstruct image,0.4466,5
166,theses,biomedical image,0.4328,6
166,theses,computational method,0.409,7
166,theses,reconstruction nonuniform,0.4014,8
167,theses,aerodynamic heating,0.4243,1
167,theses,heating vehicle,0.4102,2
167,theses,heating shock,0.3966,3
167,theses,shock layer,0.3544,4
167,theses,aerodynamic,0.3537,5
167,theses,hypersonic flow,0.3466,6
167,theses,case aerodynamic,0.3344,7
167,theses,shock interaction,0.3313,8
1167,theses,roughness fdm,0.6291,1
1167,theses,surface roughness,0.5501,2
1167,theses,fdm component,0.4549,3
1167,theses,effect nanofiller,0.4354,4
1167,theses,nanofiller addition,0.4223,5
1167,theses,fdm,0.3734,6
1167,theses,nanofiller,0.3726,7
1167,theses,roughness,0.368,8
168,theses,water purification,0.6379,1
168,theses,purification membrane,0.6093,2
168,theses,nanofiltration,0.5839,3
168,theses,microfiltration,0.5768,4
168,theses,like microfiltration,0.5528,5
168,theses,uf nanofiltration,0.5489,6
168,theses,membranes engineered,0.5444,7
168,theses,ultrafiltration,0.5356,8
171,theses,shielding nanocomposite,0.5937,1
171,theses,nanocomposites electromagnetic,0.4978,2
171,theses,nanocomposite electromagnetic,0.4901,3
171,theses,shield nanotechnology,0.4898,4
171,theses,shielding material,0.482,5
171,theses,polyurethane emi,0.4684,6
171,theses,heal nanocomposite,0.4491,7
171,theses,heal nanocomposites,0.4474,8
172,theses,modeling groundwater,0.5979,1
172,theses,groundwater model,0.5538,2
172,theses,groundwater flow,0.5466,3
172,theses,groundwater aquifer,0.5298,4
172,theses,subsurface groundwater,0.5254,5
172,theses,determine groundwater,0.5237,6
172,theses,groundwater extraction,0.4846,7
172,theses,groundwater,0.4811,8
991,theses,nanomagnetic logic,0.7209,1
991,theses,gates subsystem,0.637,2
991,theses,design nanomagnetic,0.6325,3
991,theses,logic gates,0.5724,4
991,theses,nanomagnetic,0.502,5
991,theses,gates,0.3614,6
991,theses,subsystem,0.3486,7
991,theses,logic,0.1773,8
173,theses,propellant hydrazine,0.5254,1
173,theses,hydrazine propellant,0.5097,2
173,theses,technology hydrazine,0.5045,3
173,theses,hydrazine decomposition,0.4822,4
173,theses,formulation hydrazine,0.4768,5
173,theses,hydrazine include,0.4662,6
173,theses,base hydrazine,0.4546,7
173,theses,associate hydrazine,0.4518,8
174,theses,videos depth,0.6053,1
174,theses,3d video,0.5571,2
174,theses,perception depth,0.5514,3
174,theses,3d content,0.5502,4
174,theses,depth information,0.5282,5
174,theses,depth map,0.5175,6
174,theses,video systems,0.5162,7
174,theses,3d information,0.5095,8
175,theses,epoxy composite,0.6166,1
175,theses,composite epoxy,0.5801,2
175,theses,nanoparticle epoxy,0.5439,3
175,theses,application epoxy,0.4795,4
175,theses,functionalize carbonaceous,0.4581,5
175,theses,carbonaceous nanoparticle,0.4578,6
175,theses,nanoparticle composite,0.448,7
175,theses,carbon fiber,0.4442,8
176,theses,carbonaceous nanostructure,0.5529,1
176,theses,carbon nanostructure,0.5491,2
176,theses,nanostructure carbon,0.5385,3
176,theses,synthesized carbonaceous,0.5243,4
176,theses,multifunctional carbonaceous,0.504,5
176,theses,metallurgy carbon,0.4602,6
176,theses,nanostructure synthesize,0.4542,7
176,theses,carbonaceous material,0.4523,8
177,theses,corporate sustainability,0.5228,1
177,theses,corporate climate,0.5208,2
177,theses,sustainability india,0.4658,3
177,theses,impact corporate,0.447,4
177,theses,sustainability performance,0.4429,5
177,theses,sustainability strategy,0.4316,6
177,theses,stakeholder group,0.4303,7
177,theses,sustainability study,0.4301,8
178,theses,superalloy development,0.5917,1
178,theses,base superalloy,0.5886,2
178,theses,superalloy develop,0.5694,3
178,theses,superalloy ni,0.5054,4
178,theses,superalloy work,0.4736,5
178,theses,introduce superalloy,0.4653,6
178,theses,alloying addition,0.4637,7
178,theses,superalloy good,0.45,8
179,theses,nonlinear control,0.5061,1
179,theses,control nonlinear,0.5043,2
179,theses,adaptive controller,0.4769,3
179,theses,control design,0.4645,4
179,theses,adaptive control,0.4636,5
179,theses,control synthesis,0.4429,6
179,theses,hypersonic vehicles,0.4302,7
179,theses,constraint control,0.428,8
180,theses,flames turbulence,0.5487,1
180,theses,flame structure,0.5325,2
180,theses,characterize flame,0.4844,3
180,theses,evolve turbulent,0.4822,4
180,theses,turbulent,0.4815,5
180,theses,topology flame,0.4812,6
180,theses,turbulent premixed,0.478,7
180,theses,interact flame,0.4684,8
181,theses,electrocatalysts solar,0.6116,1
181,theses,electrocatalysts,0.5558,2
181,theses,electrocatalyst support,0.5477,3
181,theses,splitting electrocatalysts,0.5396,4
181,theses,electrocatalyst,0.5368,5
181,theses,abundant electrocatalyst,0.5225,6
181,theses,require electrocatalyst,0.5049,7
181,theses,produce hydrogen,0.4345,8
182,theses,seawater composition,0.4758,1
182,theses,marine carbonate,0.4228,2
182,theses,paleo seawater,0.4177,3
182,theses,abundance inorganic,0.4013,4
182,theses,inorganic carbonate,0.3928,5
182,theses,composition carbonate,0.389,6
182,theses,seawater temperature,0.3881,7
182,theses,geochemical isotopic,0.3846,8
170,theses,rendezvous docking,0.6739,1
170,theses,spacecraft guidance,0.6252,2
170,theses,phase rendezvous,0.6077,3
170,theses,optimal spacecraft,0.5765,4
170,theses,rendezvous,0.4886,5
170,theses,docking,0.4812,6
170,theses,guidance terminal,0.4653,7
170,theses,spacecraft,0.3724,8
183,theses,design valve,0.4553,1
183,theses,propulsion valve,0.4352,2
183,theses,piezoelectric valve,0.4272,3
183,theses,propulsion systems,0.4064,4
183,theses,satellite propulsion,0.3899,5
183,theses,valve unit,0.3827,6
183,theses,technology valve,0.3762,7
183,theses,piezoelectric technology,0.3698,8
184,theses,microgrid thesis,0.5201,1
184,theses,concept microgrid,0.5089,2
184,theses,power grid,0.5043,3
184,theses,microgrid propose,0.4929,4
184,theses,grid power,0.4699,5
184,theses,microgrid,0.4577,6
184,theses,microgrid common,0.4524,7
184,theses,microgrid installation,0.4406,8
185,theses,gan device,0.5475,1
185,theses,reliability gan,0.5448,2
185,theses,reliability algan,0.5376,3
185,theses,gan hemt,0.5209,4
185,theses,concern gan,0.4788,5
185,theses,gan base,0.4506,6
185,theses,nitride gan,0.4429,7
185,theses,gan,0.4358,8
186,theses,joule heating,0.5195,1
186,theses,heating electrothermal,0.5166,2
186,theses,electrothermal,0.4638,3
186,theses,dielectric liquid,0.463,4
186,theses,conventional microheater,0.4445,5
186,theses,electrothermal flow,0.4376,6
186,theses,heating technique,0.4272,7
186,theses,liquid dielectrophoresis,0.423,8
187,theses,electronics elastomers,0.5573,1
187,theses,wearable electronic,0.5266,2
187,theses,circuit wearable,0.5101,3
187,theses,electronic application,0.4991,4
187,theses,wireless elastomer,0.4701,5
187,theses,flexible electronics,0.4549,6
187,theses,wearable bio,0.4421,7
187,theses,wearable elastomeric,0.4382,8
188,theses,protocol quantum,0.6147,1
188,theses,qubit graph,0.5505,2
188,theses,entangle qubit,0.5458,3
188,theses,node quantum,0.5422,4
188,theses,qubit entangle,0.542,5
188,theses,state qubit,0.5299,6
188,theses,state entanglement,0.523,7
188,theses,quantum entanglement,0.5177,8
194,theses,energy market,0.4888,1
194,theses,renewable energy,0.4781,2
194,theses,energy internet,0.4418,3
194,theses,power generation,0.4229,4
194,theses,manage electricity,0.42,5
194,theses,electricity globally,0.4169,6
194,theses,distribute renewable,0.3959,7
194,theses,energy trade,0.3829,8
1012,theses,uninterruptible childcare,0.641,1
1012,theses,childcare interruptible,0.5166,2
1012,theses,childcare,0.4949,3
1012,theses,sector india,0.488,4
1012,theses,service sector,0.4433,5
1012,theses,interruptible career,0.4416,6
1012,theses,career progression,0.4165,7
1012,theses,india covid19,0.404,8
195,theses,waveguide thesis,0.4991,1
195,theses,nonlinear wave,0.4709,2
195,theses,acoustic waveguide,0.469,3
195,theses,harmonic nonlinear,0.4563,4
195,theses,beat nonlinear,0.4423,5
195,theses,study waveguide,0.4371,6
195,theses,oscillation nonlinear,0.4252,7
195,theses,waveguide consider,0.4201,8
196,theses,soil moisture,0.57,1
196,theses,soil physicochemical,0.5453,2
196,theses,soil study,0.5075,3
196,theses,moisture content,0.4901,4
196,theses,soil response,0.4862,5
196,theses,moisture desorption,0.4776,6
196,theses,soil water,0.4697,7
196,theses,thermodynamic moisture,0.452,8
1017,theses,narrative arc,0.6549,1
1017,theses,engaging learning,0.5479,2
1017,theses,arc generation,0.5029,3
1017,theses,arc,0.4679,4
1017,theses,learning experience,0.4639,5
1017,theses,coherent engaging,0.4625,6
1017,theses,engaging,0.4573,7
1017,theses,base narrative,0.4418,8
1018,theses,environments openstack,0.6413,1
1018,theses,openstack,0.5463,2
1018,theses,containerized environments,0.5232,3
1018,theses,reliability service,0.5179,4
1018,theses,chain containerized,0.4193,5
1018,theses,performance reliability,0.4131,6
1018,theses,reliability,0.3657,7
1018,theses,containerized,0.3545,8
612,theses,antennas metasurface,0.8078,1
612,theses,metasurface wideband,0.7283,2
612,theses,compact antennas,0.6625,3
612,theses,metasurface,0.5803,4
612,theses,antennas,0.5198,5
612,theses,wideband wireless,0.4682,6
612,theses,wideband,0.3489,7
612,theses,design compact,0.3446,8
1019,theses,posture monitoring,0.6099,1
1019,theses,detection surgical,0.468,2
1019,theses,presence detection,0.4644,3
1019,theses,human posture,0.4506,4
1019,theses,posture,0.4331,5
1019,theses,surgical ppe,0.421,6
1019,theses,smart health,0.4156,7
1019,theses,surgical assistance,0.4122,8
1021,theses,retrieval heterogeneous,0.5523,1
1021,theses,document retrieval,0.5317,2
1021,theses,heterogeneous datalake,0.5302,3
1021,theses,keywords infuse,0.4719,4
1021,theses,domain knowledge,0.4297,5
1021,theses,datalake,0.4177,6
1021,theses,retrieval,0.4093,7
1021,theses,keywords,0.4091,8
201,theses,planning saccade,0.5789,1
201,theses,saccade generation,0.5772,2
201,theses,movement saccades,0.5629,3
201,theses,saccade behavioral,0.5571,4
201,theses,saccades study,0.5517,5
201,theses,stochastic saccade,0.5444,6
201,theses,eye movements,0.5417,7
201,theses,eye movement,0.5122,8
204,theses,numerical simulation,0.4392,1
204,theses,modelling numerical,0.4355,2
204,theses,central solver,0.3957,3
204,theses,simulation traditional,0.3902,4
204,theses,central solvers,0.366,5
204,theses,method generalized,0.3631,6
204,theses,fluid flow,0.3518,7
204,theses,modelling,0.3473,8
205,theses,optical sensor,0.476,1
205,theses,sensing application,0.4565,2
205,theses,fiber bragg,0.4548,3
205,theses,mechanical optical,0.4533,4
205,theses,application sensor,0.4475,5
205,theses,device biomedical,0.4356,6
205,theses,sensor fbg,0.43,7
205,theses,sensor study,0.4274,8
206,theses,biodiesel supercritical,0.6766,1
206,theses,fuel biodiesel,0.6155,2
206,theses,biodiesel alternative,0.6105,3
206,theses,synthesis biodiesel,0.6103,4
206,theses,biodiesel,0.6021,5
206,theses,conventionally biodiesel,0.594,6
206,theses,biodiesel obtain,0.5789,7
206,theses,biodiesel mixture,0.5753,8
1219,theses,dynamic brain,0.5338,1
1219,theses,neuronal simulation,0.5063,2
1219,theses,brain complex,0.4992,3
1219,theses,coupled neurons,0.4923,4
1219,theses,recognise neuronal,0.4785,5
1219,theses,interactive neuron,0.4782,6
1219,theses,neuron connect,0.4723,7
1219,theses,ensemble neuron,0.4721,8
208,theses,bioremediation mechanically,0.7022,1
208,theses,bioremediation,0.622,2
208,theses,treated waste,0.5697,3
208,theses,waste bangalore,0.5028,4
208,theses,mechanically biologically,0.404,5
208,theses,waste,0.3913,6
208,theses,biologically treated,0.3856,7
208,theses,biologically,0.2576,8
213,theses,alloy composition,0.5284,1
213,theses,alloy study,0.4941,2
213,theses,produce alloy,0.4779,3
213,theses,alloy variety,0.4776,4
213,theses,binary alloy,0.4703,5
213,theses,study microstructure,0.4665,6
213,theses,separation alloy,0.4654,7
213,theses,alloy produce,0.4603,8
617,theses,vacancy grain,0.7208,1
617,theses,grain boundary,0.6514,2
617,theses,kinetic vacancy,0.647,3
617,theses,grain,0.406,4
617,theses,thermodynamic kinetic,0.398,5
617,theses,boundary interaction,0.3417,6
617,theses,study thermodynamic,0.3403,7
617,theses,kinetic,0.2956,8
618,theses,smart textiles,0.7491,1
618,theses,textiles tuneable,0.7213,2
618,theses,textiles,0.5602,3
618,theses,tuneable architectures,0.4715,4
618,theses,tuneable,0.3541,5
618,theses,architectures multifunctional,0.336,6
618,theses,multifunctional applications,0.295,7
618,theses,architectures,0.2307,8
214,theses,power converter,0.5008,1
214,theses,converter battery,0.4915,2
214,theses,electronic converter,0.4711,3
214,theses,electronic converters,0.4581,4
214,theses,main converter,0.4211,5
214,theses,converter approach,0.4211,6
214,theses,converter charge,0.4158,7
214,theses,buck converter,0.4115,8
1037,theses,algorithms uav,0.7215,1
1037,theses,uav assisted,0.6765,2
1037,theses,uav,0.6219,3
1037,theses,routing algorithms,0.5987,4
1037,theses,routing,0.4963,5
1037,theses,assisted communication,0.465,6
1037,theses,communication,0.3094,7
1037,theses,algorithms,0.2921,8
73,theses,spectrum factorization,0.6369,1
73,theses,theory semigraphs,0.6341,2
73,theses,factorization labeling,0.5606,3
73,theses,semigraphs,0.5527,4
73,theses,spectrum,0.4594,5
73,theses,labeling number,0.4309,6
73,theses,factorization,0.4182,7
73,theses,study spectrum,0.4128,8
218,theses,satellite rainfall,0.6248,1
218,theses,rainfall hydrological,0.6098,2
218,theses,measure rainfall,0.5683,3
218,theses,measurement precipitation,0.5424,4
218,theses,record precipitation,0.5423,5
218,theses,hydrological meteorological,0.5382,6
218,theses,modelling precipitation,0.528,7
218,theses,variability rainfall,0.5263,8
221,theses,extract mineral,0.4627,1
221,theses,mineral beneficiation,0.4541,2
221,theses,choose mineral,0.4462,3
221,theses,mineral chalcopyrite,0.4453,4
221,theses,mineral solution,0.438,5
221,theses,mineral deposit,0.4351,6
221,theses,ore elucidation,0.4059,7
221,theses,ore consideration,0.4055,8
1228,theses,spot welding,0.5705,1
1228,theses,spot weld,0.5247,2
1228,theses,weld sheet,0.4433,3
1228,theses,resistance spot,0.4378,4
1228,theses,welding method,0.4332,5
1228,theses,welding,0.424,6
1228,theses,weld,0.3928,7
1228,theses,vibration characteristics,0.3888,8
78,theses,cryptographic algorithms,0.6163,1
78,theses,security cryptographic,0.5865,2
78,theses,cryptographic,0.5369,3
78,theses,data security,0.5184,4
78,theses,algorithms cloud,0.518,5
78,theses,cloud computing,0.4868,6
78,theses,security,0.3781,7
78,theses,ensuring data,0.3716,8
202,theses,battery grid,0.556,1
202,theses,voltaic inverter,0.5337,2
202,theses,reconfigurable battery,0.4699,3
202,theses,inverter,0.4015,4
202,theses,control reconfigurable,0.397,5
202,theses,inverter abstract,0.3544,6
202,theses,photo voltaic,0.34,7
202,theses,tie solar,0.3222,8
217,theses,3zn alloy,0.659,1
217,theses,mg 7sn,0.6186,2
217,theses,alloy improved,0.5201,3
217,theses,7sn 3zn,0.5176,4
217,theses,strength ductility,0.5089,5
217,theses,wrought mg,0.4986,6
217,theses,alloy,0.4923,7
217,theses,ductility available,0.4358,8
222,theses,guidance control,0.5636,1
222,theses,guidance dual,0.4976,2
222,theses,derive guidance,0.4748,3
222,theses,constrain guidance,0.4745,4
222,theses,angle interceptor,0.4634,5
222,theses,guidance problem,0.4566,6
222,theses,advanced guidance,0.4546,7
222,theses,guidance laws,0.4121,8
224,theses,photovoltaics,0.5649,1
224,theses,based photovoltaics,0.5638,2
224,theses,pv technology,0.5636,3
224,theses,photovoltaics organic,0.5523,4
224,theses,photovoltaic pv,0.5521,5
224,theses,photovoltaic,0.5177,6
224,theses,field photovoltaic,0.504,7
224,theses,commercialization pv,0.4834,8
81,theses,medicinal plant,0.4735,1
81,theses,demand herbal,0.4712,2
81,theses,herbal drug,0.4426,3
81,theses,herbal,0.4099,4
81,theses,herbal formulation,0.4059,5
81,theses,activity medicinal,0.3989,6
81,theses,usage medicinal,0.3966,7
81,theses,phytoconstituent herb,0.3932,8
207,theses,streaming codes,0.7566,1
207,theses,codes locality,0.7486,2
207,theses,regenerating codes,0.6607,3
207,theses,codes regenerating,0.6589,4
207,theses,aided decoding,0.5803,5
207,theses,decoding available,0.5731,6
207,theses,decoding,0.5535,7
207,theses,locality aided,0.4564,8
1044,theses,millimeter wave,0.6388,1
1044,theses,efficiency millimeter,0.5357,2
1044,theses,spectral efficiency,0.4763,3
1044,theses,beam pattern,0.4739,4
1044,theses,pattern multiplication,0.4501,5
1044,theses,enhance spectral,0.3707,6
1044,theses,multiplication approach,0.3525,7
1044,theses,millimeter,0.3284,8
1045,theses,comprehensive security,0.6184,1
1045,theses,security enhancements,0.6017,2
1045,theses,modern wireless,0.542,3
1045,theses,wireless networks,0.4731,4
1045,theses,enhancements modern,0.3667,5
1045,theses,security,0.3665,6
1045,theses,wireless,0.3483,7
1045,theses,enhancements,0.2615,8
627,theses,estimation wireless,0.5612,1
627,theses,channel estimation,0.5569,2
627,theses,base channel,0.5552,3
627,theses,wireless communications,0.5491,4
627,theses,deep learning,0.4543,5
627,theses,wireless,0.4145,6
627,theses,channel,0.4002,7
627,theses,communications,0.3814,8
1,theses,solution quarrying,0.5087,1
1,theses,waste management,0.4748,2
1,theses,aggregate industrial,0.4641,3
1,theses,quarrying study,0.4616,4
1,theses,disposal industrial,0.4568,5
1,theses,industrial waste,0.4475,6
1,theses,use coal,0.4333,7
1,theses,quarry activity,0.4271,8
628,theses,constrained channels,0.6811,1
628,theses,computation coding,0.6688,2
628,theses,capacity computation,0.576,3
628,theses,coding input,0.547,4
628,theses,coding,0.5352,5
628,theses,input constrained,0.4986,6
628,theses,channels,0.4949,7
628,theses,capacity,0.3819,8
99,theses,flexible manipulator,0.4992,1
99,theses,robotic manipulators,0.4403,2
99,theses,robot manipulator,0.4347,3
99,theses,flexible robotic,0.4346,4
99,theses,manipulator nowadays,0.4306,5
99,theses,robotic manipulator,0.4303,6
99,theses,flexibility robotic,0.4281,7
99,theses,manipulator easy,0.4238,8
630,theses,nanocomposite length,0.7674,1
630,theses,polymer nanocomposite,0.6946,2
630,theses,analysis polymer,0.5873,3
630,theses,nanocomposite,0.5393,4
630,theses,polymer,0.4975,5
630,theses,length scale,0.4631,6
630,theses,length,0.3125,7
630,theses,scale,0.3058,8
631,theses,ni alloy,0.5732,1
631,theses,mechanism hall,0.4928,2
631,theses,petch breakdown,0.4777,3
631,theses,hall petch,0.4566,4
631,theses,alloy,0.4344,5
631,theses,breakdown regime,0.4321,6
631,theses,deformation mechanism,0.3976,7
631,theses,hall,0.376,8
112,theses,mesh generation,0.6367,1
112,theses,dimensional finte,0.5922,2
112,theses,element mesh,0.5543,3
112,theses,finte element,0.5436,4
112,theses,mesh,0.4506,5
112,theses,finte,0.4017,6
112,theses,generation applications,0.3059,7
112,theses,dimensional,0.2483,8
1179,theses,univalent multivalent,0.8771,1
1179,theses,multivalent functions,0.8242,2
1179,theses,studies univalent,0.6695,3
1179,theses,univalent,0.6376,4
1179,theses,multivalent,0.6189,5
1179,theses,functions,0.41,6
1179,theses,studies,0.0156,7
632,theses,antibacterial surface,0.622,1
632,theses,bacteria nature,0.4815,2
632,theses,battle bacteria,0.474,3
632,theses,ratio nanostructure,0.4593,4
632,theses,bioinspiration,0.4358,5
632,theses,nanostructure,0.43,6
632,theses,bioinspiration battle,0.4288,7
632,theses,nanostructure new,0.4255,8
634,theses,paced breathing,0.632,1
634,theses,eeg correlate,0.6204,2
634,theses,consciousness slow,0.6034,3
634,theses,study eeg,0.5907,4
634,theses,state consciousness,0.5096,5
634,theses,eeg,0.4947,6
634,theses,consciousness,0.4872,7
634,theses,breathing,0.4297,8
635,theses,magnesium alloy,0.6472,1
635,theses,texture magnesium,0.6191,2
635,theses,fracture texture,0.5775,3
635,theses,mode fracture,0.4527,4
635,theses,magnesium,0.4363,5
635,theses,alloy,0.3882,6
635,theses,fracture,0.3401,7
635,theses,mechanic mechanism,0.2763,8
70,theses,event detection,0.713,1
70,theses,generated videos,0.6503,2
70,theses,videos,0.5474,3
70,theses,event,0.4537,4
70,theses,detection user,0.4422,5
70,theses,detection,0.4364,6
70,theses,user generated,0.3138,7
70,theses,generated,0.235,8
1180,theses,viscoelastic liquids,0.709,1
1180,theses,problems viscoelastic,0.6479,2
1180,theses,viscoelastic,0.5937,3
1180,theses,benard convective,0.5788,4
1180,theses,convective problems,0.5742,5
1180,theses,taylor benard,0.4715,6
1180,theses,convective,0.4589,7
1180,theses,benard,0.3957,8
87,theses,urban aquifer,0.6,1
87,theses,aquifer,0.5131,2
87,theses,pollution mechanism,0.5074,3
87,theses,aquifer bruhat,0.4663,4
87,theses,study pollution,0.4647,5
87,theses,pollution,0.4303,6
87,theses,sensing gis,0.4261,7
87,theses,remote sensing,0.4214,8
88,theses,self drive,0.6228,1
88,theses,software model,0.5687,2
88,theses,drive vehicle,0.556,3
88,theses,model compute,0.4689,4
88,theses,vehicle,0.4681,5
88,theses,software,0.433,6
88,theses,drive,0.3714,7
88,theses,compute technique,0.368,8
104,theses,agility manufacturing,0.7316,1
104,theses,efficient agility,0.6031,2
104,theses,agility,0.5302,3
104,theses,development predictive,0.4415,4
104,theses,predictive model,0.4039,5
104,theses,model efficient,0.3955,6
104,theses,manufacturing,0.3432,7
104,theses,development,0.3169,8
506,theses,nanocomposite emi,0.7042,1
506,theses,emi shielding,0.6533,2
506,theses,shielding application,0.5243,3
506,theses,shielding,0.4906,4
506,theses,base nanocomposite,0.4702,5
506,theses,pdms base,0.4434,6
506,theses,nanocomposite,0.4166,7
506,theses,pdms,0.4045,8
108,theses,corneal oxygen,0.6666,1
108,theses,corneal o2,0.6361,2
108,theses,o2 cornea,0.5598,3
108,theses,endothelial corneal,0.5542,4
108,theses,measure corneal,0.5304,5
108,theses,oxygenation eye,0.5126,6
108,theses,measurement corneal,0.5124,7
108,theses,eye corneal,0.4862,8
141,theses,inspired speakers,0.7124,1
141,theses,speakers abstract,0.6819,2
141,theses,cricket inspired,0.6248,3
141,theses,cricket,0.5163,4
141,theses,speakers,0.5094,5
141,theses,abstract available,0.3115,6
141,theses,abstract,0.2553,7
141,theses,inspired,0.2341,8
144,theses,kannada ocr,0.6562,1
144,theses,ocr kannada,0.651,2
144,theses,develop ocr,0.5752,3
144,theses,kannada dataset,0.5699,4
144,theses,ocr perform,0.5608,5
144,theses,write kannada,0.5587,6
144,theses,create kannada,0.5559,7
144,theses,ocr workflow,0.5519,8
226,theses,membrane lipid,0.4586,1
226,theses,peptide lipid,0.4373,2
226,theses,cell membrane,0.4302,3
226,theses,membrane target,0.4291,4
226,theses,membrane bind,0.4148,5
226,theses,lipid protein,0.4136,6
226,theses,response membrane,0.4119,7
226,theses,membrane important,0.3921,8
507,theses,elastic adhesive,0.5729,1
507,theses,adhesive contact,0.5597,2
507,theses,deformation elastic,0.4406,3
507,theses,contact volumetric,0.4258,4
507,theses,interaction scheme,0.4124,5
507,theses,adhesive,0.408,6
507,theses,volumetric interaction,0.3796,7
507,theses,elastic,0.3738,8
508,theses,soil surrogate,0.5804,1
508,theses,cohesionless soil,0.5507,2
508,theses,foundation cohesionless,0.519,3
508,theses,optimization foundation,0.4617,4
508,theses,probabilistic design,0.4384,5
508,theses,surrogate model,0.4362,6
508,theses,design optimization,0.4161,7
508,theses,cohesionless,0.3164,8
1085,theses,aluminium graphene,0.5653,1
1085,theses,graphene composite,0.5448,2
1085,theses,reinforce graphene,0.4615,3
1085,theses,graphene reinforce,0.4589,4
1085,theses,alloy composite,0.4561,5
1085,theses,graphene,0.4511,6
1085,theses,thermal mechanical,0.4503,7
1085,theses,graphene wt,0.4397,8
227,theses,interdiffusion coefficient,0.3486,1
227,theses,diffusion coefficient,0.336,2
227,theses,diffusion analysis,0.3257,3
227,theses,apply alloy,0.3256,4
227,theses,thickness interdiffusion,0.3225,5
227,theses,estimate interdiffusion,0.3222,6
227,theses,interdiffusion ni,0.319,7
227,theses,diffusion couple,0.3175,8
509,theses,multilevel inverter,0.6365,1
509,theses,hybrid multilevel,0.4499,2
509,theses,inverter feed,0.4459,3
509,theses,modulation range,0.3695,4
509,theses,linear modulation,0.3668,5
509,theses,multilevel,0.3553,6
509,theses,inverter,0.3537,7
509,theses,induction machine,0.3494,8
266,theses,dimensional geomechanics,0.4865,1
266,theses,development numerical,0.4802,2
266,theses,geomechanics problem,0.4612,3
266,theses,geomechanics stability,0.4572,4
266,theses,geomechanics,0.4396,5
266,theses,mathematical programming,0.4394,6
266,theses,developed numerical,0.439,7
266,theses,numerical procedures,0.4188,8
512,theses,ceramic matrixcomposite,0.8097,1
512,theses,behaviour ceramic,0.6864,2
512,theses,ceramic,0.5308,3
512,theses,matrixcomposite,0.4943,4
512,theses,matrixcomposite consider,0.4698,5
512,theses,microscale mechanical,0.4318,6
512,theses,mechanical behaviour,0.3084,7
512,theses,mechanical,0.2468,8
646,theses,simulated refuse,0.5019,1
646,theses,fuels different,0.4803,2
646,theses,derived fuels,0.4639,3
646,theses,plastic content,0.4444,4
646,theses,thermo chemical,0.4342,5
646,theses,different plastic,0.4118,6
646,theses,chemical conversion,0.3941,7
646,theses,refuse derived,0.3935,8
275,theses,mems switches,0.7879,1
275,theses,development mems,0.7471,2
275,theses,switches abstract,0.6093,3
275,theses,mems,0.5885,4
275,theses,switches,0.5051,5
275,theses,abstract available,0.3434,6
275,theses,development,0.2678,7
275,theses,abstract,0.2616,8
513,theses,choice model,0.503,1
513,theses,application travel,0.4823,2
513,theses,distribution application,0.4317,3
513,theses,travel behavior,0.4307,4
513,theses,continuous choice,0.4286,5
513,theses,constraint utility,0.4123,6
513,theses,utility form,0.3763,7
513,theses,multiple discrete,0.3606,8
151,theses,shielding microwave,0.5933,1
151,theses,material microwave,0.5233,2
151,theses,shielding study,0.4987,3
151,theses,magnetic composites,0.486,4
151,theses,emi shielding,0.4845,5
151,theses,shielding,0.4739,6
151,theses,metallic shield,0.4591,7
151,theses,shielding useful,0.4573,8
514,theses,modelling spatial,0.6456,1
514,theses,spatial conflict,0.6404,2
514,theses,multiple design,0.5546,3
514,theses,design domain,0.5515,4
514,theses,spatial,0.4628,5
514,theses,spatial non,0.4612,6
514,theses,non spatial,0.4517,7
514,theses,modelling,0.422,8
515,theses,round jet,0.5962,1
515,theses,jet available,0.5839,2
515,theses,transition round,0.5328,3
515,theses,stage transition,0.5155,4
515,theses,jet,0.4949,5
515,theses,late stage,0.4693,6
515,theses,stage,0.3821,7
515,theses,transition,0.3759,8
523,theses,analysis landslide,0.6387,1
523,theses,rainfall earthquake,0.6,2
523,theses,landslide induce,0.5983,3
523,theses,landslide,0.5068,4
523,theses,local scale,0.4745,5
523,theses,earthquake available,0.4603,6
523,theses,scale analysis,0.4104,7
523,theses,earthquake,0.4045,8
228,theses,web applications,0.4984,1
228,theses,available java,0.4933,2
228,theses,java,0.4886,3
228,theses,java pathfinder,0.4858,4
228,theses,thesis java,0.4793,5
228,theses,java base,0.4766,6
228,theses,language framework,0.4749,7
228,theses,systems web,0.4746,8
524,theses,resistivity geotechnical,0.757,1
524,theses,geoelectrical characterization,0.6807,2
524,theses,geoelectrical,0.6262,3
524,theses,geotechnical property,0.6038,4
524,theses,geotechnical,0.5761,5
524,theses,property soil,0.5562,6
524,theses,electrical resistivity,0.5419,7
524,theses,soil,0.4867,8
1124,theses,sensor network,0.5416,1
1124,theses,datum cloud,0.5149,2
1124,theses,architecture sensor,0.5004,3
1124,theses,network datum,0.4854,4
1124,theses,cloud computing,0.4465,5
1124,theses,sensor,0.4165,6
1124,theses,datum,0.3964,7
1124,theses,cloud,0.3847,8
8,theses,substituted nitroethylenes,0.5194,1
8,theses,nitroethylene reaction,0.4997,2
8,theses,oxindole nitroethylene,0.4968,3
8,theses,nitroethylenes biological,0.4745,4
8,theses,cycloaddition reaction,0.4687,5
8,theses,nitroethylenes,0.467,6
8,theses,disubstitute nitroethylene,0.4658,7
8,theses,cycloadduct molecular,0.4646,8
525,theses,transistor hemt,0.6304,1
525,theses,hemt technology,0.62,2
525,theses,mobility transistor,0.4804,3
525,theses,hemt,0.4351,4
525,theses,algan gin,0.3441,5
525,theses,transistor,0.3436,6
525,theses,mode algan,0.3373,7
525,theses,electron mobility,0.3294,8
528,theses,allocation underlay,0.5846,1
528,theses,device communication,0.5724,2
528,theses,underlay device,0.5597,3
528,theses,limited channel,0.4688,4
528,theses,resource allocation,0.4548,5
528,theses,communication network,0.4484,6
528,theses,device device,0.4297,7
528,theses,channel state,0.4292,8
9,theses,stiffened interlaminar,0.5826,1
9,theses,characteristics stiffened,0.5437,2
9,theses,laminates cutout,0.5269,3
9,theses,metal laminates,0.5229,4
9,theses,laminates,0.4949,5
9,theses,stiffened,0.4721,6
9,theses,flutter stability,0.4629,7
9,theses,stability characteristics,0.3766,8
307,theses,marine sandwich,0.6397,1
307,theses,blast mitigation,0.6017,2
307,theses,sandwich structures,0.548,3
307,theses,strategies marine,0.4905,4
307,theses,sandwich,0.4319,5
307,theses,blast,0.3891,6
307,theses,marine,0.3611,7
307,theses,mitigation strategies,0.3084,8
192,theses,chalcogenide glass,0.5905,1
192,theses,glass composition,0.5341,2
192,theses,glass application,0.5189,3
192,theses,chalcogenide glasse,0.5008,4
192,theses,glass device,0.466,5
192,theses,glass binary,0.4611,6
192,theses,ge15te68in5ag12 glass,0.448,7
192,theses,glass form,0.4182,8
532,theses,hadoop mapreduce,0.7004,1
532,theses,mapreduce framework,0.6251,2
532,theses,mapreduce,0.6199,3
532,theses,hadoop,0.557,4
532,theses,datum hadoop,0.5256,5
532,theses,resource mapping,0.4402,6
532,theses,natural resource,0.3899,7
532,theses,mapping remote,0.38,8
533,theses,hairpin bacteria,0.695,1
533,theses,transcription terminator,0.5539,2
533,theses,terminator hairpin,0.5306,3
533,theses,intrinsic transcription,0.522,4
533,theses,interpin identify,0.451,5
533,theses,transcription,0.4434,6
533,theses,bacteria available,0.3887,7
533,theses,bacteria,0.3876,8
1148,theses,traffic surveillance,0.5658,1
1148,theses,surveillance intelligent,0.5419,2
1148,theses,surveillance applications,0.5327,3
1148,theses,video surveillance,0.5094,4
1148,theses,surveillance smart,0.5089,5
1148,theses,surveillance important,0.457,6
1148,theses,camera intelligent,0.4494,7
1148,theses,autonomous vehicle,0.4467,8
199,theses,compressor aeroelastic,0.6801,1
199,theses,axial compressor,0.6526,2
199,theses,compressor,0.5356,3
199,theses,recirculating casing,0.49,4
199,theses,aeroelastic behavior,0.4029,5
199,theses,self recirculating,0.3912,6
199,theses,aeroelastic,0.377,7
199,theses,treatment axial,0.3536,8
200,theses,quadrature method,0.6193,1
200,theses,erential quadrature,0.5865,2
200,theses,beam plate,0.4757,3
200,theses,plate theory,0.4572,4
200,theses,classical beam,0.4455,5
200,theses,numerical solution,0.3992,6
200,theses,quadrature,0.3353,7
200,theses,numerical,0.2884,8
536,theses,fidelity hyperspectral,0.7056,1
536,theses,hyperspectral image,0.645,2
536,theses,image fusion,0.6228,3
536,theses,hyperspectral,0.5554,4
536,theses,fusion available,0.4483,5
536,theses,fusion,0.4437,6
536,theses,high fidelity,0.3269,7
536,theses,convergent algorithm,0.3261,8
231,theses,multilevel inverter,0.5631,1
231,theses,level inverter,0.5577,2
231,theses,inverter main,0.5072,3
231,theses,inverter basic,0.4923,4
231,theses,basic inverter,0.4755,5
231,theses,inverter mli,0.4725,6
231,theses,drives multilevel,0.4609,7
231,theses,fc inverter,0.4409,8
537,theses,gradient reconstruction,0.6306,1
537,theses,unstructured mesh,0.6115,2
537,theses,reconstruction unstructured,0.5991,3
537,theses,implicit gradient,0.5036,4
537,theses,mesh,0.4574,5
537,theses,mesh finite,0.447,6
537,theses,volume method,0.4151,7
537,theses,finite volume,0.4135,8
538,theses,database regeneration,0.6809,1
538,theses,hydra dynamic,0.6608,2
538,theses,hydra,0.5284,3
538,theses,database,0.4084,4
538,theses,approach database,0.3792,5
538,theses,dynamic approach,0.3724,6
538,theses,dynamic,0.363,7
538,theses,regeneration available,0.3572,8
233,theses,concrete acoustic,0.5571,1
233,theses,concrete research,0.4815,2
233,theses,study concrete,0.4703,3
233,theses,concrete fracture,0.4541,4
233,theses,concrete build,0.451,5
233,theses,phenomenon concrete,0.4309,6
233,theses,concrete damage,0.4262,7
233,theses,zone concrete,0.401,8
540,theses,transformer wind,0.6365,1
540,theses,estimate transformer,0.6104,2
540,theses,wind parameter,0.492,3
540,theses,transformer,0.4408,4
540,theses,layer coil,0.4149,5
540,theses,stand wave,0.3923,6
540,theses,coil,0.3475,7
540,theses,coil elegant,0.3454,8
541,theses,linear disassembly,0.7156,1
541,theses,disassembly path,0.6523,2
541,theses,disassembly,0.5388,3
541,theses,path determination,0.4725,4
541,theses,determination geometric,0.4581,5
541,theses,geometric approach,0.4239,6
541,theses,geometric,0.32,7
541,theses,path,0.2967,8
1100,theses,hybrid fiber,0.6207,1
1100,theses,reinforced concrete,0.6084,2
1100,theses,fiber reinforced,0.5936,3
1100,theses,polymer modified,0.5347,4
1100,theses,concrete,0.4655,5
1100,theses,modified hybrid,0.4585,6
1100,theses,investigation polymer,0.4561,7
1100,theses,polymer,0.4092,8
1101,theses,cement composite,0.5513,1
1101,theses,characteristics cement,0.5466,2
1101,theses,strength durability,0.5394,3
1101,theses,pond ash,0.5033,4
1101,theses,ash sand,0.492,5
1101,theses,durability characteristics,0.4517,6
1101,theses,composite pond,0.4212,7
1101,theses,cement,0.4188,8
542,theses,constructions streaming,0.7824,1
542,theses,streaming codes,0.7679,2
542,theses,efficient constructions,0.6115,3
542,theses,constructions,0.5263,4
542,theses,streaming,0.4662,5
542,theses,codes,0.4261,6
542,theses,efficient,0.3233,7
543,theses,topic safety,0.6608,1
543,theses,security power,0.6237,2
543,theses,safety security,0.6032,3
543,theses,security,0.4967,4
543,theses,safety,0.4493,5
543,theses,power available,0.3714,6
543,theses,power,0.3515,7
543,theses,topic,0.3146,8
229,theses,operate inverter,0.4415,1
229,theses,inverter operate,0.4123,2
229,theses,level inverter,0.4087,3
229,theses,primary inverter,0.3925,4
229,theses,inverter supply,0.3917,5
229,theses,inverter harmonic,0.3697,6
229,theses,link inverter,0.363,7
229,theses,inverter produce,0.3398,8
234,theses,base superalloy,0.5357,1
234,theses,base turbine,0.4705,2
234,theses,superalloy synthesize,0.4549,3
234,theses,superalloy development,0.4442,4
234,theses,superalloy utilize,0.4199,5
234,theses,superalloy ni,0.4168,6
234,theses,base super,0.4166,7
234,theses,strengthened base,0.4153,8
235,theses,carlo sampling,0.5186,1
235,theses,mcmc method,0.4596,2
235,theses,sampling method,0.4468,3
235,theses,sampling estimation,0.4427,4
235,theses,monte carlo,0.3995,5
235,theses,spaces sampling,0.3887,6
235,theses,sampling,0.3804,7
235,theses,deterministic sampling,0.3593,8
236,theses,learning reinforcement,0.5025,1
236,theses,rl autonomous,0.5021,2
236,theses,autonomous agent,0.497,3
236,theses,learn algorithm,0.4959,4
236,theses,reinforcement learning,0.4908,5
236,theses,learning rl,0.4712,6
236,theses,develop algorithmic,0.4644,7
236,theses,learn optimal,0.4461,8
245,theses,learn codebase,0.4961,1
245,theses,program deep,0.4939,2
245,theses,technique deepfix,0.439,3
245,theses,programming recognize,0.4308,4
245,theses,codebase improve,0.4304,5
245,theses,programming,0.4089,6
245,theses,technique program,0.39,7
245,theses,course programming,0.3884,8
352,theses,alloy zr,0.5819,1
352,theses,strengthen aluminium,0.5298,2
352,theses,aluminium alloy,0.5132,3
352,theses,resistant microstructure,0.4928,4
352,theses,microstructure precipitation,0.4866,5
352,theses,coarsen resistant,0.4711,6
352,theses,aluminium,0.464,7
352,theses,alloy,0.4218,8
545,theses,posture autonomous,0.8402,1
545,theses,posture,0.6543,2
545,theses,human model,0.6309,3
545,theses,digital human,0.545,4
545,theses,autonomous digital,0.4561,5
545,theses,model available,0.4158,6
545,theses,model,0.3853,7
545,theses,human,0.3765,8
1240,theses,spam filtering,0.5299,1
1240,theses,nlp machine,0.4798,2
1240,theses,data nlp,0.4621,3
1240,theses,filtering big,0.4618,4
1240,theses,identification spam,0.4599,5
1240,theses,polarity identification,0.4575,6
1240,theses,nlp,0.4111,7
1240,theses,polarity,0.3958,8
209,theses,recommendation complex,0.7071,1
209,theses,complex networks,0.6105,2
209,theses,networks unifying,0.5336,3
209,theses,networks,0.4954,4
209,theses,structure random,0.4421,5
209,theses,random walk,0.4302,6
209,theses,recommendation,0.4266,7
209,theses,walk abstract,0.4231,8
212,theses,vortex breakdown,0.5375,1
212,theses,delta wing,0.532,2
212,theses,control shock,0.4979,3
212,theses,induce vortex,0.4624,4
212,theses,shock induce,0.4222,5
212,theses,wing body,0.4143,6
212,theses,slender delta,0.4132,7
212,theses,breakdown transonic,0.4016,8
10,theses,groundwater vulnerability,0.6164,1
10,theses,assessment groundwater,0.5972,2
10,theses,groundwater,0.5575,3
10,theses,water environment,0.498,4
10,theses,wastewater aquifer,0.4895,5
10,theses,runoff contaminant,0.462,6
10,theses,infiltration runoff,0.4614,7
10,theses,runoff infiltration,0.4592,8
11,theses,ids iot,0.5286,1
11,theses,intrusion wireless,0.5038,2
11,theses,iot network,0.5011,3
11,theses,iot base,0.4959,4
11,theses,iot wsns,0.4876,5
11,theses,design iot,0.4498,6
11,theses,iot,0.448,7
11,theses,thing iot,0.416,8
553,theses,microneedle transdermal,0.8206,1
553,theses,development microneedle,0.7006,2
553,theses,microneedle,0.6456,3
553,theses,intradermal drug,0.5605,4
553,theses,drug delivery,0.5063,5
553,theses,transdermal intradermal,0.4958,6
553,theses,intradermal,0.3968,7
553,theses,transdermal,0.3523,8
340,theses,efficient transceiver,0.703,1
340,theses,transceiver techniques,0.6873,2
340,theses,base modulation,0.6729,3
340,theses,modulation systems,0.6155,4
340,theses,transceiver,0.5768,5
340,theses,modulation,0.5349,6
340,theses,media base,0.4609,7
340,theses,base,0.3035,8
12,theses,spline method,0.4335,1
12,theses,develop solve,0.3988,2
12,theses,method ncs,0.3957,3
12,theses,numerical technique,0.3912,4
12,theses,ncs method,0.3891,5
12,theses,numerical approach,0.3832,6
12,theses,spline approximation,0.3639,7
12,theses,develop ncs,0.3599,8
246,theses,model speech,0.5812,1
246,theses,speech application,0.505,2
246,theses,generate speech,0.4899,3
246,theses,speech production,0.4752,4
246,theses,speech scenario,0.4728,5
246,theses,parameter speech,0.4662,6
246,theses,automatic speech,0.461,7
246,theses,human speech,0.4585,8
555,theses,consciousness eeg,0.6917,1
555,theses,decode imagine,0.6282,2
555,theses,imagine word,0.5682,3
555,theses,eeg,0.5631,4
555,theses,eeg available,0.5475,5
555,theses,state consciousness,0.5136,6
555,theses,learning decode,0.4774,7
555,theses,consciousness,0.4643,8
556,theses,monitoring hydrometeorological,0.6682,1
556,theses,hydrometeorological variable,0.6519,2
556,theses,hydrometeorological,0.5337,3
556,theses,future climate,0.5127,4
556,theses,climate change,0.4574,5
556,theses,climate,0.4479,6
556,theses,variable extreme,0.3886,7
556,theses,extreme condition,0.3877,8
230,theses,constraint fairness,0.5414,1
230,theses,fair allocation,0.5322,2
230,theses,fairness constraint,0.5315,3
230,theses,algorithms fair,0.5235,4
230,theses,constraint matroid,0.5079,5
230,theses,allocation indivisible,0.4999,6
230,theses,allocation additionally,0.4925,7
230,theses,unconstrained fair,0.4898,8
247,theses,classification landsat,0.6537,1
247,theses,crop classification,0.6317,2
247,theses,remote sensing,0.5772,3
247,theses,land imager,0.5303,4
247,theses,sensing land,0.5238,5
247,theses,svm crop,0.5144,6
247,theses,crop identification,0.5063,7
247,theses,imagery crop,0.5012,8
248,theses,graph hypergraph,0.6503,1
248,theses,hypergraph network,0.6494,2
248,theses,hypergraph graph,0.638,3
248,theses,hypergraph introduce,0.6199,4
248,theses,hypergraph structure,0.6197,5
248,theses,involve hypergraph,0.6134,6
248,theses,hypergraph,0.5871,7
248,theses,hypergraph similarity,0.5764,8
558,theses,droplet isothermal,0.6456,1
558,theses,amplification nucleic,0.6173,2
558,theses,isothermal amplification,0.4952,3
558,theses,nucleic acid,0.4859,4
558,theses,nucleic,0.4439,5
558,theses,droplet,0.3926,6
558,theses,isothermal,0.3808,7
558,theses,acid quantification,0.3219,8
559,theses,mechanobiology cell,0.7908,1
559,theses,cell substrate,0.6008,2
559,theses,mechanobiology,0.58,3
559,theses,substrate interaction,0.4812,4
559,theses,substrate,0.4078,5
559,theses,cell,0.4005,6
559,theses,interaction available,0.2622,7
559,theses,interaction,0.2366,8
86,theses,cloud computing,0.5095,1
86,theses,cloud network,0.5066,2
86,theses,cloud traffic,0.495,3
86,theses,algorithms cloud,0.4798,4
86,theses,cloud resource,0.4754,5
86,theses,load balancing,0.4722,6
86,theses,provisioning cloud,0.4406,7
86,theses,systems cloud,0.4299,8
1122,theses,progression scoliosis,0.5648,1
1122,theses,scoliosis disease,0.5527,2
1122,theses,scoliosis parameter,0.5483,3
1122,theses,scoliosis,0.5169,4
1122,theses,work scoliosis,0.516,5
1122,theses,technique scoliosis,0.5135,6
1122,theses,software module,0.4765,7
1122,theses,automate software,0.4642,8
237,theses,computing crowdsourcing,0.5235,1
237,theses,crowdsourcing predictive,0.5102,2
237,theses,uncertainty reinforcement,0.5086,3
237,theses,crowdsourcing,0.4613,4
237,theses,reinforcement learning,0.4454,5
237,theses,predictive analytics,0.4241,6
237,theses,cloud computing,0.4068,7
237,theses,making uncertainty,0.395,8
189,theses,pronunciation assessment,0.6423,1
189,theses,prediction spoken,0.5329,2
189,theses,english tutoring,0.5304,3
189,theses,supervised feedback,0.5027,4
189,theses,feedback prediction,0.4919,5
189,theses,tutoring,0.4734,6
189,theses,assessment semi,0.4654,7
189,theses,semi supervised,0.4616,8
198,theses,resin flow,0.6783,1
198,theses,flow porous,0.5906,2
198,theses,porous preform,0.5878,3
198,theses,resin,0.4917,4
198,theses,preform vartm,0.4235,5
198,theses,porous,0.3765,6
198,theses,vartm theoretical,0.3513,7
198,theses,vartm,0.3271,8
563,theses,synchronous generator,0.6391,1
563,theses,testbe synchronous,0.558,2
563,theses,generator parameter,0.5375,3
563,theses,algorithms testbe,0.4975,4
563,theses,parameter estimation,0.4291,5
563,theses,generator,0.4064,6
563,theses,synchronous,0.3418,7
563,theses,testbe,0.3278,8
238,theses,additive manufacturing,0.6969,1
238,theses,manufacturing inconel,0.6484,2
238,theses,inconel 718,0.488,3
238,theses,cellular structures,0.4628,4
238,theses,manufacturing,0.4301,5
238,theses,additive,0.4108,6
238,theses,718 cellular,0.3919,7
238,theses,inconel,0.3701,8
203,theses,ingan quantum,0.5465,1
203,theses,mobility transistor,0.5335,2
203,theses,base ingan,0.4853,3
203,theses,quantum channel,0.4678,4
203,theses,electron mobility,0.4341,5
203,theses,transistor base,0.4319,6
203,theses,transistor,0.4071,7
203,theses,ingan,0.3579,8
13,theses,spline method,0.4436,1
13,theses,method ncs,0.3938,2
13,theses,ncs method,0.3881,3
13,theses,spline approximation,0.3838,4
13,theses,numerical technique,0.3688,5
13,theses,numerical approach,0.3679,6
13,theses,develop solve,0.3529,7
13,theses,cubic spline,0.3396,8
211,theses,axially load,0.5159,1
211,theses,beam galerkin,0.4888,2
211,theses,galerkin fourier,0.4696,3
211,theses,bernoulli beam,0.4254,4
211,theses,analysis axially,0.3994,5
211,theses,lie symmetry,0.3717,6
211,theses,galerkin,0.3605,7
211,theses,transform lie,0.349,8
501,theses,elastic ribbon,0.763,1
501,theses,slender elastic,0.6767,2
501,theses,mechanic slender,0.5723,3
501,theses,elastic,0.5566,4
501,theses,ribbon abstract,0.5366,5
501,theses,ribbon,0.4766,6
501,theses,slender,0.443,7
501,theses,model mechanic,0.4189,8
215,theses,remediation ammonium,0.7261,1
215,theses,ammonium pit,0.628,2
215,theses,fate remediation,0.561,3
215,theses,toilet blackwater,0.5604,4
215,theses,remediation,0.5315,5
215,theses,ammonium,0.5126,6
215,theses,blackwater abstract,0.4924,7
215,theses,pit toilet,0.4923,8
216,theses,organic semiconductors,0.6646,1
216,theses,semiconductors photovoltaics,0.5771,2
216,theses,photovoltaics available,0.5071,3
216,theses,photovoltaics,0.4969,4
216,theses,gap ambient,0.4716,5
216,theses,semiconductors,0.4021,6
216,theses,band gap,0.3857,7
216,theses,stable organic,0.3239,8
219,theses,reliability metal,0.4185,1
219,theses,pv micro,0.3846,2
219,theses,chip photovoltaic,0.3842,3
219,theses,si systems,0.3739,4
219,theses,mechanical reliability,0.3625,5
219,theses,structural reliability,0.3393,6
219,theses,metal si,0.3344,7
219,theses,fabrication annealing,0.3211,8
225,theses,lanthanide photoluminescence,0.6128,1
225,theses,photoluminescence pl,0.5492,2
225,theses,photoluminescence,0.4855,3
225,theses,lanthanide ion,0.4702,4
225,theses,photoluminescence tool,0.4512,5
225,theses,forbid photoluminescence,0.4037,6
225,theses,spectroscopic,0.39,7
225,theses,emission spectrum,0.3885,8
249,theses,guidance autopilot,0.6046,1
249,theses,optimal guidance,0.515,2
249,theses,guidance algorithm,0.5128,3
249,theses,guidance design,0.509,4
249,theses,guidance formulate,0.506,5
249,theses,guidance framework,0.4927,6
249,theses,guidance command,0.4919,7
249,theses,guidance method,0.4646,8
89,theses,prototyping mri,0.5886,1
89,theses,design pulse,0.4512,2
89,theses,prototyping pulse,0.4471,3
89,theses,mri establish,0.4121,4
89,theses,establish imaging,0.4091,5
89,theses,imaging mri,0.4082,6
89,theses,achieve pulseq,0.3997,7
89,theses,use pulseq,0.3942,8
91,theses,flow reactor,0.7024,1
91,theses,process intensification,0.6913,2
91,theses,intensification flow,0.6815,3
91,theses,reactor process,0.6545,4
91,theses,process design,0.573,5
91,theses,reactor,0.5147,6
91,theses,intensification,0.4448,7
91,theses,process,0.4196,8
257,theses,sensor photodetector,0.5457,1
257,theses,gas sensor,0.5201,2
257,theses,gas sensing,0.5099,3
257,theses,v2o5 vo2,0.495,4
257,theses,commercial photodetector,0.48,5
257,theses,photodetector production,0.4769,6
257,theses,quality v2o5,0.4727,7
257,theses,photodetector,0.4697,8
92,theses,image compression,0.5898,1
92,theses,image compress,0.4868,2
92,theses,multimedia processing,0.4868,3
92,theses,compress image,0.4821,4
92,theses,compression technique,0.4808,5
92,theses,compression transform,0.4742,6
92,theses,compare compression,0.4669,7
92,theses,multimedia data,0.4358,8
239,theses,recognition performance,0.4913,1
239,theses,reconstruction recognition,0.4576,2
239,theses,deep model,0.4515,3
239,theses,training deep,0.4502,4
239,theses,deep architecture,0.448,5
239,theses,ocr improve,0.4421,6
239,theses,performance deep,0.4406,7
239,theses,image improve,0.4401,8
502,theses,smart grids,0.5774,1
502,theses,agent learning,0.513,2
502,theses,reinforcement learning,0.4895,3
502,theses,policy multi,0.4389,4
502,theses,multi agent,0.4385,5
502,theses,learning applications,0.3685,6
502,theses,algorithms policy,0.3674,7
502,theses,learning algorithms,0.3567,8
240,theses,micro mixing,0.5169,1
240,theses,mixing device,0.4692,2
240,theses,microfluidic,0.4644,3
240,theses,disc flow,0.4633,4
240,theses,correspond microfluidic,0.4277,5
240,theses,drop liquid,0.4178,6
240,theses,spinning disc,0.4083,7
240,theses,microfluidic operation,0.4049,8
503,theses,regulator microprocessor,0.6201,1
503,theses,voltage regulator,0.4812,2
503,theses,modelling simulation,0.4532,3
503,theses,simulation fully,0.3862,4
503,theses,regulator,0.378,5
503,theses,microprocessor,0.3366,6
503,theses,simulation,0.3333,7
503,theses,microprocessor available,0.3266,8
329,theses,graphene oxide,0.6088,1
329,theses,surface nanopore,0.5757,2
329,theses,separation graphene,0.5731,3
329,theses,nanopore abstract,0.5284,4
329,theses,nanopore,0.5068,5
329,theses,graphene,0.4854,6
329,theses,gas separation,0.4608,7
329,theses,oxide surface,0.4298,8
337,theses,gas sensors,0.5739,1
337,theses,chemiresistive gas,0.4837,2
337,theses,nanomaterials chemiresistive,0.4724,3
337,theses,dimensional nanomaterials,0.4273,4
337,theses,breath base,0.4257,5
337,theses,development breath,0.4154,6
337,theses,breath,0.4088,7
337,theses,nanomaterials,0.346,8
250,theses,algorithms stochastic,0.561,1
250,theses,stochastic optimization,0.5406,2
250,theses,optimization statistical,0.4816,3
250,theses,algorithms,0.4476,4
250,theses,random algorithm,0.4119,5
250,theses,estimation reinforcement,0.4104,6
250,theses,stochastic approximation,0.4086,7
250,theses,algorithm encourage,0.4083,8
361,theses,beam formulation,0.457,1
361,theses,method tsfem,0.3387,2
361,theses,beam derive,0.3245,3
361,theses,tsfem reconstruct,0.3232,4
361,theses,wave reflection,0.3226,5
361,theses,develop waveguide,0.315,6
361,theses,method inverse,0.3118,7
361,theses,develop tsfem,0.3087,8
535,theses,device identification,0.6738,1
535,theses,hardware base,0.6256,2
535,theses,shelf component,0.5759,3
535,theses,commercially shelf,0.5256,4
535,theses,identification commercially,0.5035,5
535,theses,hardware,0.4725,6
535,theses,base device,0.4695,7
535,theses,shelf,0.4245,8
568,theses,control tribosystem,0.7129,1
568,theses,tribosystem available,0.5473,2
568,theses,lateral force,0.5103,3
568,theses,tribosystem,0.4858,4
568,theses,force control,0.4464,5
568,theses,lateral,0.3288,6
568,theses,design development,0.282,7
568,theses,development lateral,0.2702,8
570,theses,nanocomposite bone,0.6286,1
570,theses,cerium oxide,0.579,2
570,theses,degradable polymer,0.494,3
570,theses,polymer nanocomposite,0.4728,4
570,theses,tissue engineering,0.4715,5
570,theses,cerium,0.4507,6
570,theses,bone tissue,0.4311,7
570,theses,nanocomposite,0.3797,8
93,theses,recognition text,0.5068,1
93,theses,text detection,0.4709,2
93,theses,feature extraction,0.4558,3
93,theses,character recognition,0.4558,4
93,theses,video text,0.4522,5
93,theses,text video,0.4431,6
93,theses,text camera,0.4417,7
93,theses,dataset icdar,0.4379,8
335,theses,ontologies product,0.6831,1
335,theses,populating ontologies,0.6548,2
335,theses,ontologies,0.5629,3
335,theses,information extraction,0.4988,4
335,theses,extraction mapping,0.4563,5
335,theses,product lifecycle,0.4358,6
335,theses,lifecycle management,0.4103,7
335,theses,mapping populating,0.3918,8
336,theses,interference constraint,0.5025,1
336,theses,antenna selection,0.4994,2
336,theses,adaptation interference,0.4862,3
336,theses,spectrum sharing,0.4689,4
336,theses,constraint channel,0.4468,5
336,theses,transmit antenna,0.4289,6
336,theses,power adaptation,0.3755,7
336,theses,transmit,0.373,8
375,theses,solid mechanics,0.7017,1
375,theses,perspectives solid,0.5648,2
375,theses,classical perspectives,0.5286,3
375,theses,mechanics,0.4395,4
375,theses,non classical,0.4264,5
375,theses,classical,0.367,6
375,theses,perspectives,0.3219,7
375,theses,solid,0.3209,8
251,theses,nanostructure heterostructure,0.5016,1
251,theses,inorganic nanocrystal,0.4884,2
251,theses,nanocrystal development,0.4857,3
251,theses,engineer nanocrystal,0.4772,4
251,theses,nanoscale heterostructure,0.4637,5
251,theses,property semiconductor,0.4585,6
251,theses,different nanocrystal,0.4565,7
251,theses,field semiconductor,0.4465,8
34,theses,audio enhancement,0.6921,1
34,theses,enhancement algorithms,0.5542,2
34,theses,speech audio,0.5208,3
34,theses,discriminative random,0.4615,4
34,theses,enhancement,0.4347,5
34,theses,audio,0.4091,6
34,theses,random fields,0.3815,7
34,theses,algorithms discriminative,0.3727,8
413,theses,roughness lubrication,0.7218,1
413,theses,lubrication friction,0.6323,2
413,theses,topography roughness,0.5669,3
413,theses,hardness steel,0.563,4
413,theses,friction scuffing,0.5507,5
413,theses,lubrication,0.508,6
413,theses,roughness,0.4765,7
413,theses,friction,0.4199,8
727,theses,bayesian implicit,0.4975,1
727,theses,stiff structural,0.4726,2
727,theses,implicit filter,0.4549,3
727,theses,structural dynamic,0.4467,4
727,theses,numerically stiff,0.4304,5
727,theses,filter analysis,0.3871,6
727,theses,state space,0.3761,7
727,theses,dynamic state,0.3732,8
427,theses,sn corrosion,0.6139,1
427,theses,enhance corrosion,0.5601,2
427,theses,corrosion protection,0.5561,3
427,theses,sn coating,0.5456,4
427,theses,improve corrosion,0.544,5
427,theses,coating corrosion,0.5411,6
427,theses,sn electrodeposit,0.5149,7
427,theses,corrosion resistance,0.5128,8
804,theses,cmsx superalloy,0.6057,1
804,theses,superalloy different,0.5284,2
804,theses,superalloy,0.4499,3
804,theses,atmosphere 900oc,0.445,4
804,theses,evolution oxide,0.4343,5
804,theses,oxide layer,0.4245,6
804,theses,deform cmsx,0.3804,7
804,theses,layer heat,0.3635,8
35,theses,localization pso,0.6714,1
35,theses,secure localization,0.6337,2
35,theses,methods uwsn,0.5133,3
35,theses,uwsn,0.4191,4
35,theses,localization,0.4082,5
35,theses,pso gd,0.3849,6
35,theses,gd methods,0.3568,7
35,theses,secure,0.2381,8
435,theses,hdr image,0.5911,1
435,theses,range hdr,0.5553,2
435,theses,range imaging,0.5421,3
435,theses,hdr deghosting,0.5291,4
435,theses,efficient hdr,0.4977,5
435,theses,image fusion,0.4839,6
435,theses,hdr deghoste,0.471,7
435,theses,sequence camera,0.4704,8
1153,theses,masonry vaults,0.7004,1
1153,theses,vaults dome,0.6324,2
1153,theses,orthotropic masonry,0.6069,3
1153,theses,dome structures,0.521,4
1153,theses,vaults,0.5019,5
1153,theses,stress analysis,0.485,6
1153,theses,masonry,0.4761,7
1153,theses,dome,0.3664,8
872,theses,cnc machining,0.6085,1
872,theses,machining process,0.5067,2
872,theses,machining,0.483,3
872,theses,modelling key,0.4047,4
872,theses,twin cnc,0.3827,5
872,theses,drive digital,0.3798,6
872,theses,predictive modelling,0.3711,7
872,theses,digital twin,0.3464,8
36,theses,reduction emi,0.5305,1
36,theses,emi power,0.509,2
36,theses,power converters,0.4892,3
36,theses,power factor,0.401,4
36,theses,factor correction,0.395,5
36,theses,converters,0.3648,6
36,theses,digital control,0.3426,7
36,theses,emi,0.3408,8
94,theses,atmospheric aerosol,0.5367,1
94,theses,meteorology atmospheric,0.5244,2
94,theses,aerosol emission,0.5241,3
94,theses,air quality,0.5106,4
94,theses,aerosol require,0.5086,5
94,theses,aerosol influence,0.5,6
94,theses,aerosol include,0.4942,7
94,theses,aerosol aerosol,0.494,8
1005,theses,health information,0.6327,1
1005,theses,secure exchange,0.6059,2
1005,theses,exchange sensitive,0.5934,3
1005,theses,sensitive health,0.5358,4
1005,theses,exchange,0.4378,5
1005,theses,health,0.4222,6
1005,theses,secure,0.4212,7
1005,theses,information,0.3418,8
421,theses,meshless method,0.6173,1
421,theses,electromagnetic analyses,0.5917,2
421,theses,improvement meshless,0.5698,3
421,theses,meshless,0.4799,4
421,theses,domain electromagnetic,0.4683,5
421,theses,electromagnetic,0.3781,6
421,theses,method practical,0.2063,7
421,theses,performance improvement,0.1896,8
877,theses,reliability estimation,0.6466,1
877,theses,structural reliability,0.5683,2
877,theses,reliability,0.4571,3
877,theses,carlo simulation,0.4127,4
877,theses,monte carlo,0.3977,5
877,theses,sampling variance,0.3874,6
877,theses,variance reduction,0.3672,7
877,theses,novel sampling,0.3346,8
878,theses,nucleation growth,0.6101,1
878,theses,cool liquid,0.5532,2
878,theses,growth crystal,0.5363,3
878,theses,study nucleation,0.4721,4
878,theses,nucleation,0.4574,5
878,theses,crystal super,0.4197,6
878,theses,crystal,0.3564,7
878,theses,liquid,0.3402,8
61,theses,epicyclic gear,0.7141,1
61,theses,gear transmission,0.6703,2
61,theses,synthesis epicyclic,0.6324,3
61,theses,gear,0.4714,4
61,theses,transmission systems,0.471,5
61,theses,transmission,0.4622,6
61,theses,epicyclic,0.4253,7
61,theses,synthesis,0.3336,8
1007,theses,multimodal lecture,0.7475,1
1007,theses,lecture audience,0.6889,2
1007,theses,classroom online,0.6306,3
1007,theses,audience analytic,0.5669,4
1007,theses,analytic classroom,0.5408,5
1007,theses,lecture,0.5359,6
1007,theses,online educational,0.5355,7
1007,theses,audience,0.5181,8
62,theses,magnetic nanoparticles,0.6268,1
62,theses,synthesis heterocyclic,0.5041,2
62,theses,nanoparticles assisted,0.4955,3
62,theses,nanoparticles,0.4536,4
62,theses,heterocyclic compounds,0.4141,5
62,theses,coated magnetic,0.3986,6
62,theses,silica coated,0.3525,7
62,theses,magnetic,0.3515,8
425,theses,behaviour metastability,0.5949,1
425,theses,metastability mean,0.5692,2
425,theses,particle systems,0.5332,3
425,theses,field interacting,0.5239,4
425,theses,metastability,0.5022,5
425,theses,interacting particle,0.4967,6
425,theses,mean field,0.3894,7
425,theses,particle,0.3597,8
63,theses,photocatalytic biological,0.8229,1
63,theses,material photocatalytic,0.765,2
63,theses,photocatalytic,0.7328,3
63,theses,synthesis nano,0.6199,4
63,theses,nano material,0.4231,5
63,theses,nano,0.3635,6
63,theses,synthesis,0.3412,7
63,theses,biological applications,0.2941,8
242,theses,energy storage,0.5129,1
242,theses,thermal storage,0.5029,2
242,theses,solar thermal,0.4393,3
242,theses,efficiency thermal,0.4114,4
242,theses,promising renewable,0.4068,5
242,theses,sustainable thermocline,0.3908,6
242,theses,renewable energy,0.3902,7
242,theses,stratified storage,0.39,8
889,theses,energy neutrality,0.6268,1
889,theses,sensor building,0.5189,2
889,theses,energy save,0.4918,3
889,theses,integration energy,0.4848,4
889,theses,save sensor,0.4237,5
889,theses,neutrality framework,0.416,6
889,theses,sensor,0.3691,7
889,theses,energy,0.356,8
890,theses,hybrid waveguide,0.7159,1
890,theses,integrated photonics,0.6937,2
890,theses,waveguide platform,0.6751,3
890,theses,photonics applications,0.5556,4
890,theses,waveguide,0.5462,5
890,theses,photonics,0.4619,6
890,theses,sandwiched hybrid,0.3545,7
890,theses,platform integrated,0.3507,8
1020,theses,learning edge,0.6642,1
1020,theses,edge devices,0.6546,2
1020,theses,devices fpga,0.5938,3
1020,theses,fpga,0.5618,4
1020,theses,edge,0.5325,5
1020,theses,architecte hardware,0.4789,6
1020,theses,machine learning,0.3826,7
1020,theses,hardware,0.3821,8
465,theses,oxide electronics,0.5673,1
465,theses,mechanical reliability,0.4784,2
465,theses,processed oxide,0.43,3
465,theses,reliability,0.4002,4
465,theses,temperature processed,0.3735,5
465,theses,reliability abstract,0.3631,6
465,theses,printed low,0.3591,7
465,theses,printed,0.3427,8
470,theses,entropy alloys,0.6505,1
470,theses,microstructure electrochemical,0.6242,2
470,theses,properties electrodeposited,0.5611,3
470,theses,alloys coatings,0.5576,4
470,theses,electrochemical properties,0.5397,5
470,theses,electrochemical,0.4907,6
470,theses,electrodeposited high,0.477,7
470,theses,electrodeposited,0.4454,8
1183,theses,welding thermoplastics,0.7124,1
1183,theses,laser welding,0.6373,2
1183,theses,thermoplastics fibre,0.5975,3
1183,theses,fibre reinforced,0.5297,4
1183,theses,reinforced composites,0.5213,5
1183,theses,thermoplastics,0.4691,6
1183,theses,welding,0.4445,7
1183,theses,composites,0.4034,8
481,theses,algorithms eigenvalue,0.7403,1
481,theses,periodic matrix,0.6324,2
481,theses,eigenvalue problem,0.586,3
481,theses,eigenvalue,0.5312,4
481,theses,matrix entry,0.475,5
481,theses,problem periodic,0.4305,6
481,theses,algorithms,0.4237,7
481,theses,matrix,0.3656,8
482,theses,soil electrical,0.5894,1
482,theses,lightning stroke,0.4928,2
482,theses,influence soil,0.4435,3
482,theses,electrical parameters,0.437,4
482,theses,lightning,0.436,5
482,theses,stroke current,0.432,6
482,theses,current evolution,0.4276,7
482,theses,parameters lightning,0.3913,8
919,theses,tool workpiece,0.6423,1
919,theses,workpiece contact,0.5865,2
919,theses,deformation tool,0.5785,3
919,theses,strain deformation,0.5566,4
919,theses,workpiece,0.4484,5
919,theses,deformation,0.3855,6
919,theses,tool,0.3522,7
919,theses,situ analysis,0.3348,8
936,theses,diesel exhaust,0.5026,1
936,theses,exhaust treatment,0.4983,2
936,theses,waste diesel,0.4958,3
936,theses,plasma activate,0.4903,4
936,theses,composite waste,0.4829,5
936,theses,plasma,0.4239,6
936,theses,solid waste,0.3658,7
936,theses,exhaust,0.3445,8
937,theses,galerkin method,0.5975,1
937,theses,discontinuous galerkin,0.5656,2
937,theses,galerkin,0.55,3
937,theses,flow simulation,0.5105,4
937,theses,parallel flow,0.494,5
937,theses,asynchronous discontinuous,0.4022,6
937,theses,scalable asynchronous,0.3831,7
937,theses,massively parallel,0.3655,8
64,theses,nanostructures photocatalytic,0.7855,1
64,theses,photocatalytic investigations,0.6889,2
64,theses,photocatalytic,0.6324,3
64,theses,oxide nanostructures,0.6079,4
64,theses,metal oxide,0.4742,5
64,theses,direct sunlight,0.4533,6
64,theses,sunlight,0.4433,7
64,theses,oxide,0.401,8
77,theses,trend topic,0.5612,1
77,theses,impact society,0.5489,2
77,theses,detect trend,0.5159,3
77,theses,topic social,0.4878,4
77,theses,sentiment analysis,0.4776,5
77,theses,trend,0.4674,6
77,theses,identify impact,0.4605,7
77,theses,social medium,0.3945,8
500,theses,underwater acoustic,0.5885,1
500,theses,acoustic communication,0.533,2
500,theses,wideband channel,0.4821,3
500,theses,spread wideband,0.4502,4
500,theses,delay scale,0.4,5
500,theses,underwater,0.3931,6
500,theses,communication algorithm,0.3606,7
500,theses,acoustic,0.3509,8
504,theses,liposomal nanocarrier,0.6126,1
504,theses,treatment osteoarthritis,0.5818,2
504,theses,osteoarthritis available,0.5779,3
504,theses,osteoarthritis,0.5353,4
504,theses,nanocarrier treatment,0.5227,5
504,theses,load liposomal,0.4854,6
504,theses,liposomal,0.435,7
504,theses,nanocarrier,0.4206,8
565,theses,air intake,0.682,1
565,theses,supersonic air,0.6374,2
565,theses,investigation supersonic,0.6075,3
565,theses,supersonic,0.5326,4
565,theses,intake,0.4759,5
565,theses,intake available,0.4179,6
565,theses,design performance,0.3717,7
565,theses,air,0.3262,8
588,theses,oxide nanosheet,0.544,1
588,theses,oxide sno,0.5182,2
588,theses,layered oxide,0.4807,3
588,theses,oxide material,0.4712,4
588,theses,material sno,0.4288,5
588,theses,structure growth,0.4229,6
588,theses,growth structure,0.419,7
588,theses,crystal growth,0.4135,8
1072,theses,convection viscoelastic,0.7411,1
1072,theses,electrothermal convection,0.6084,2
1072,theses,viscoelastic fluid,0.5344,3
1072,theses,convection,0.5026,4
1072,theses,viscoelastic,0.479,5
1072,theses,temperature gradient,0.4498,6
1072,theses,study electrothermal,0.3419,7
1072,theses,fluid layer,0.3269,8
986,theses,analog yield,0.5998,1
986,theses,yield optimization,0.5698,2
986,theses,parameter importance,0.47,3
986,theses,variation aware,0.4634,4
986,theses,method variation,0.4359,5
986,theses,aware analog,0.386,6
986,theses,optimization,0.3387,7
986,theses,yield,0.3316,8
65,theses,efficient fraud,0.5573,1
65,theses,fraud detection,0.5034,2
65,theses,big data,0.4875,3
65,theses,fraud,0.4205,4
65,theses,self learn,0.3493,5
65,theses,health insurance,0.3491,6
65,theses,data analytic,0.3432,7
65,theses,insurance,0.3239,8
243,theses,complexity mpc,0.5098,1
243,theses,mpc protocol,0.4845,2
243,theses,secure computation,0.4723,3
243,theses,complexity 3pc,0.4547,4
243,theses,computation secure,0.453,5
243,theses,protocol small,0.4368,6
243,theses,efficient mpc,0.4358,7
243,theses,party computation,0.4303,8
987,theses,preserve intrusion,0.7081,1
987,theses,intrusion detection,0.6241,2
987,theses,privacy preserve,0.6127,3
987,theses,intrusion,0.5085,4
987,theses,privacy,0.4778,5
987,theses,detection,0.3461,6
987,theses,preserve,0.337,7
66,theses,lstm multivariate,0.6423,1
66,theses,multistep prediction,0.6159,2
66,theses,prediction lstm,0.5708,3
66,theses,optimal portfolio,0.5179,4
66,theses,multivariate financial,0.5053,5
66,theses,lstm,0.4778,6
66,theses,portfolio construction,0.4743,7
66,theses,portfolio,0.4216,8
67,theses,soil pile,0.6425,1
67,theses,pile interaction,0.6398,2
67,theses,image analysis,0.5267,3
67,theses,soil,0.4808,4
67,theses,pile,0.423,5
67,theses,studies image,0.4224,6
67,theses,interaction studies,0.374,7
67,theses,image,0.3258,8
244,theses,metal dichalcogenides,0.6971,1
244,theses,dichalcogenides principles,0.6862,2
244,theses,dichalcogenides,0.5839,3
244,theses,doping 2d,0.5478,4
244,theses,engineering doping,0.4943,5
244,theses,transition metal,0.3528,6
244,theses,defect engineering,0.334,7
244,theses,doping,0.2934,8
252,theses,enhancement corrosion,0.5935,1
252,theses,decide corrosion,0.5737,2
252,theses,enhance corrosion,0.5677,3
252,theses,content corrosion,0.5603,4
252,theses,corrosion property,0.5502,5
252,theses,corrosion resistance,0.5411,6
252,theses,corrosion,0.5337,7
252,theses,coating electrodeposite,0.5216,8
1004,theses,smart building,0.5424,1
1004,theses,indoor comfort,0.513,2
1004,theses,comfort management,0.4846,3
1004,theses,management iot,0.4552,4
1004,theses,cost indoor,0.4506,5
1004,theses,energy cost,0.4213,6
1004,theses,iot,0.4009,7
1004,theses,iot enable,0.3943,8
253,theses,retrieval hash,0.5515,1
253,theses,learn hash,0.5126,2
253,theses,modal hash,0.5025,3
253,theses,hash code,0.4797,4
253,theses,unified hash,0.4736,5
253,theses,hash objective,0.4682,6
253,theses,hash representation,0.4653,7
253,theses,hash algorithm,0.4526,8
1001,theses,biomedical datum,0.5415,1
1001,theses,consensus node,0.4911,2
1001,theses,community biomedical,0.4857,3
1001,theses,correlation network,0.4467,4
1001,theses,datum analysis,0.4309,5
1001,theses,network consensus,0.4189,6
1001,theses,node community,0.3813,7
1001,theses,datum,0.349,8
254,theses,cytometry electromechanical,0.4719,1
254,theses,flow cytometer,0.4476,2
254,theses,advance microfluidic,0.4466,3
254,theses,impedance cytometer,0.4245,4
254,theses,cytometer generally,0.4227,5
254,theses,microfluidic,0.4162,6
254,theses,cytometer analyse,0.4052,7
254,theses,impedance cytometry,0.4009,8
255,theses,multi antenna,0.522,1
255,theses,modulate antenna,0.4759,2
255,theses,antenna transmitter,0.4725,3
255,theses,antenna load,0.4712,4
255,theses,antenna array,0.47,5
255,theses,modulation antenna,0.4631,6
255,theses,antenna wireless,0.4434,7
255,theses,antenna transmission,0.4407,8
256,theses,sensor photodetector,0.5396,1
256,theses,gas sensors,0.4975,2
256,theses,gas sensor,0.4828,3
256,theses,photodetector,0.4806,4
256,theses,light sensor,0.4707,5
256,theses,response photodetector,0.4704,6
256,theses,thermal photodetector,0.4679,7
256,theses,photodetection zno,0.4645,8
258,theses,generator wind,0.5426,1
258,theses,wind turbine,0.5233,2
258,theses,emulation wind,0.4891,3
258,theses,turbine generator,0.485,4
258,theses,generator dfig,0.4645,5
258,theses,turbine sensorless,0.4504,6
258,theses,induction generator,0.4401,7
258,theses,application wind,0.4147,8
259,theses,optimization fiber,0.4889,1
259,theses,topological sensitivity,0.4803,2
259,theses,topological derivativem,0.4754,3
259,theses,continuous fiber,0.4552,4
259,theses,topology optimization,0.4544,5
259,theses,structures compliant,0.4508,6
259,theses,structure compliant,0.4409,7
259,theses,structural design,0.4358,8
260,theses,modulation wireless,0.5731,1
260,theses,wireless communications,0.5235,2
260,theses,wireless channel,0.5157,3
260,theses,multicarri modulation,0.4789,4
260,theses,otfs modulation,0.4781,5
260,theses,wireless communication,0.4778,6
260,theses,modulation information,0.47,7
260,theses,ghz channel,0.4614,8
261,theses,creep testing,0.5175,1
261,theses,creep resistance,0.4425,2
261,theses,creep mechanism,0.4415,3
261,theses,creep bending,0.4363,4
261,theses,creep study,0.4194,5
261,theses,resistance creep,0.4143,6
261,theses,reliability component,0.4086,7
261,theses,engineering component,0.3839,8
262,theses,coating mg,0.5373,1
262,theses,additive corrosion,0.4996,2
262,theses,peo coating,0.4907,3
262,theses,corrosion behavior,0.4838,4
262,theses,improve corrosion,0.4797,5
262,theses,corrosion resistance,0.4765,6
262,theses,corrosion behaviour,0.4765,7
262,theses,evolution electrochemical,0.4746,8
263,theses,code nmc,0.5706,1
263,theses,codes nmc,0.5482,2
263,theses,malleable codes,0.5421,3
263,theses,malleable code,0.498,4
263,theses,tamper codeword,0.4634,5
263,theses,protocol entropy,0.4596,6
263,theses,codes applications,0.4542,7
263,theses,decoding tamper,0.4415,8
264,theses,turbulent flow,0.5113,1
264,theses,profile turbulent,0.482,2
264,theses,navier stokes,0.4771,3
264,theses,cylinder model,0.4646,4
264,theses,scale reynolds,0.4602,5
264,theses,couette flow,0.4521,6
264,theses,planar flow,0.4427,7
264,theses,large reynolds,0.4348,8
265,theses,heat evaporator,0.4494,1
265,theses,evaporator setup,0.4395,2
265,theses,heat pipe,0.4139,3
265,theses,accessible evaporator,0.4019,4
265,theses,wick evaporator,0.3983,5
265,theses,flow evaporator,0.3973,6
265,theses,condenser evaporator,0.3915,7
265,theses,lhp evaporator,0.3878,8
267,theses,electronic optoelectronic,0.579,1
267,theses,heterojunctions electronic,0.5075,2
267,theses,waal heterostructure,0.5003,3
267,theses,waals heterojunctions,0.4954,4
267,theses,waals heterojunction,0.4874,5
267,theses,optoelectronic,0.4719,6
267,theses,optoelectronic device,0.4696,7
267,theses,conductor semiconductor,0.4627,8
116,theses,virtualized cloud,0.6277,1
116,theses,allocation virtualized,0.6004,2
116,theses,cloud computing,0.5137,3
116,theses,scheduling resource,0.503,4
116,theses,resource allocation,0.4926,5
116,theses,virtualized,0.4847,6
116,theses,task scheduling,0.4747,7
116,theses,scheduling,0.4071,8
117,theses,authentication schemes,0.5035,1
117,theses,schemes privacy,0.4978,2
117,theses,iot infrastructure,0.4799,3
117,theses,approaches authentication,0.4741,4
117,theses,objects iot,0.4506,5
117,theses,iot,0.4387,6
117,theses,authentication,0.4269,7
117,theses,privacy policies,0.413,8
269,theses,btex contamination,0.6106,1
269,theses,contamination groundwater,0.5998,2
269,theses,contaminated water,0.5075,3
269,theses,contaminant pesticide,0.495,4
269,theses,groundwater quality,0.495,5
269,theses,remediation contaminated,0.4902,6
269,theses,btex benzene,0.4878,7
269,theses,pollutant respectively,0.4798,8
270,theses,sustainable urban,0.5253,1
270,theses,evaluating climate,0.4761,2
270,theses,emission urban,0.4739,3
270,theses,climate transform,0.47,4
270,theses,climate change,0.4642,5
270,theses,city sustainability,0.4491,6
270,theses,driver climate,0.443,7
270,theses,measure climate,0.4346,8
271,theses,play electrochemical,0.4478,1
271,theses,electrochemical,0.4463,2
271,theses,flow batteries,0.4197,3
271,theses,electrochemical present,0.4124,4
271,theses,electrode model,0.4082,5
271,theses,electrolyte study,0.3715,6
271,theses,electrode standard,0.37,7
271,theses,energy storage,0.3653,8
272,theses,organic photovoltaics,0.5013,1
272,theses,photovoltaics,0.5001,2
272,theses,photovoltaics organic,0.4927,3
272,theses,photovoltaics opvs,0.4446,4
272,theses,semiconductor thesis,0.404,5
272,theses,organic semiconductor,0.3716,6
272,theses,solar technology,0.3632,7
272,theses,generation solar,0.3271,8
273,theses,power software,0.5253,1
273,theses,power planning,0.505,2
273,theses,parallel computing,0.4481,3
273,theses,power flow,0.424,4
273,theses,parallel algorithm,0.4212,5
273,theses,parallelization identify,0.3915,6
273,theses,load generation,0.3888,7
273,theses,parallelization,0.3821,8
274,theses,soil compose,0.468,1
274,theses,ensure cementation,0.4512,2
274,theses,bond soil,0.4449,3
274,theses,soil form,0.4286,4
274,theses,cementing product,0.4284,5
274,theses,biocementation technique,0.4277,6
274,theses,soft soil,0.4268,7
274,theses,sustainability biocementation,0.4163,8
276,theses,networks centrality,0.6677,1
276,theses,outliers graph,0.6324,2
276,theses,centrality node,0.6164,3
276,theses,represent networks,0.6096,4
276,theses,community outliers,0.6036,5
276,theses,graph representation,0.5541,6
276,theses,centrality,0.523,7
276,theses,embeddings community,0.4809,8
277,theses,viral therapeutic,0.5316,1
277,theses,carrier viral,0.412,2
277,theses,hepatitis virus,0.404,3
277,theses,therapeutic agent,0.401,4
277,theses,infection therapeutic,0.3926,5
277,theses,synthesized delivery,0.3767,6
277,theses,combat hepatitis,0.3762,7
277,theses,nanoparticle msn,0.3758,8
38,theses,image compression,0.6161,1
38,theses,compression application,0.5589,2
38,theses,vlsi technique,0.5579,3
38,theses,power vlsi,0.5134,4
38,theses,vlsi,0.4905,5
38,theses,compression,0.4442,6
38,theses,performance analysis,0.2988,7
38,theses,performance,0.2822,8
268,theses,amplifier microwave,0.4437,1
268,theses,cavity parameter,0.4315,2
268,theses,calculation cavity,0.4249,3
268,theses,practical cavity,0.4121,4
268,theses,klystron amplifier,0.4091,5
268,theses,cavities klystron,0.4014,6
268,theses,variation cavity,0.3942,7
268,theses,microwave frequency,0.3898,8
278,theses,expander turbine,0.447,1
278,theses,conventional turbine,0.4463,2
278,theses,rankine cycle,0.44,3
278,theses,energy renewable,0.432,4
278,theses,electricity grid,0.4095,5
278,theses,organic rankine,0.4089,6
278,theses,turbine,0.4021,7
278,theses,power generation,0.3921,8
279,theses,service ubiquitous,0.5957,1
279,theses,ubiquitous visitor,0.5862,2
279,theses,ubiquitous visitors,0.5738,3
279,theses,handling ubiquitous,0.5639,4
279,theses,requirement ubiquitous,0.5594,5
279,theses,ubiquitous computing,0.5561,6
279,theses,museum ubiquitous,0.5454,7
279,theses,ubiquitous,0.5248,8
74,theses,hfdft spectral,0.6254,1
74,theses,computational hfdft,0.5696,2
74,theses,hfdft,0.4475,3
74,theses,quantum computational,0.4318,4
74,theses,spectral investigation,0.3618,5
74,theses,spectral,0.3432,6
74,theses,treating chronic,0.3312,7
74,theses,quantum,0.3219,8
79,theses,merger performance,0.7116,1
79,theses,post merger,0.5888,2
79,theses,merger,0.5729,3
79,theses,banks india,0.5387,4
79,theses,sector banks,0.4782,5
79,theses,private sector,0.3747,6
79,theses,banks,0.3747,7
79,theses,comparative analysis,0.3593,8
80,theses,centralized reliability,0.6028,1
80,theses,reliability security,0.5904,2
80,theses,applications cloud,0.5397,3
80,theses,cloud environment,0.5178,4
80,theses,reliability,0.4678,5
80,theses,cloud,0.4516,6
80,theses,evaluation internet,0.3573,7
80,theses,security issues,0.354,8
589,theses,parallelization cg,0.5679,1
589,theses,parallelization,0.4968,2
589,theses,research parallelization,0.4631,3
589,theses,scalability cg,0.431,4
589,theses,pipecg allreduce,0.4308,5
589,theses,performance computing,0.4216,6
589,theses,pipelined cg,0.4128,7
589,theses,develop pipecg,0.4076,8
126,theses,design arch,0.4785,1
126,theses,arch deformation,0.4425,2
126,theses,optimize arch,0.4417,3
126,theses,bistable arch,0.4403,4
126,theses,bistable arches,0.4356,5
126,theses,analyze arch,0.426,6
126,theses,arches bistable,0.3934,7
126,theses,arch use,0.391,8
280,theses,development semiconductor,0.5104,1
280,theses,semiconductor technology,0.51,2
280,theses,2d transistors,0.4736,3
280,theses,circuit modeling,0.4715,4
280,theses,semiconductor doping,0.4502,5
280,theses,graphene sublattice,0.4408,6
280,theses,graphene device,0.439,7
280,theses,semiconductor,0.4339,8
281,theses,uav formation,0.5747,1
281,theses,requirement uav,0.5683,2
281,theses,constraint uav,0.5627,3
281,theses,uav perform,0.5533,4
281,theses,wing uav,0.5422,5
281,theses,uav operational,0.5366,6
281,theses,individual uav,0.5316,7
281,theses,uav fly,0.5241,8
282,theses,algorithms social,0.4759,1
282,theses,maximization honest,0.4677,2
282,theses,bandit formulation,0.4528,3
282,theses,participation fairness,0.4332,4
282,theses,fairness allocation,0.4276,5
282,theses,achieve optimal,0.4105,6
282,theses,bandit problem,0.4104,7
282,theses,user fairness,0.3949,8
283,theses,bio sensor,0.5354,1
283,theses,biosensor,0.5146,2
283,theses,drive biosensor,0.5083,3
283,theses,domain biosensor,0.5042,4
283,theses,fabrication isfet,0.4707,5
283,theses,application bio,0.4661,6
283,theses,biosensor market,0.4658,7
283,theses,isfet technology,0.4637,8
1022,theses,engineering statechart,0.775,1
1022,theses,statechart,0.6606,2
1022,theses,software engineering,0.4533,3
1022,theses,look software,0.425,4
1022,theses,fresh look,0.3836,5
1022,theses,software,0.3533,6
1022,theses,engineering,0.3095,7
1022,theses,fresh,0.2329,8
90,theses,image deformation,0.6437,1
90,theses,detection forge,0.6122,2
90,theses,fictitious image,0.5256,3
90,theses,deformation applications,0.5102,4
90,theses,automatic detection,0.4602,5
90,theses,area fictitious,0.4347,6
90,theses,deformation,0.4346,7
90,theses,forge,0.3961,8
284,theses,flow study,0.4767,1
284,theses,gas flow,0.4334,2
284,theses,dynamic powder,0.4221,3
284,theses,flow fluid,0.3955,4
284,theses,gas powder,0.3946,5
284,theses,flow multiphase,0.3893,6
284,theses,liquid flow,0.3834,7
284,theses,multiphase gas,0.3825,8
285,theses,gas hydrates,0.5798,1
285,theses,hydrate gas,0.5737,2
285,theses,gas hydrate,0.5537,3
285,theses,hydrate consist,0.5011,4
285,theses,hydrates molecular,0.4921,5
285,theses,hydrate phase,0.4715,6
285,theses,hydrate consider,0.4596,7
285,theses,hydrate form,0.4516,8
286,theses,raman laser,0.6378,1
286,theses,combining raman,0.5808,2
286,theses,power laser,0.5776,3
286,theses,power raman,0.563,4
286,theses,fiber lasers,0.5437,5
286,theses,raman fiber,0.5364,6
286,theses,wavelength raman,0.5188,7
286,theses,fiber laser,0.5171,8
671,theses,speaker diarization,0.7045,1
671,theses,diarization conversational,0.6333,2
671,theses,graph clustering,0.6108,3
671,theses,conversational speech,0.5261,4
671,theses,approaches speaker,0.4964,5
671,theses,clustering approaches,0.4721,6
671,theses,clustering,0.4612,7
671,theses,speaker,0.4457,8
287,theses,blend polymer,0.4214,1
287,theses,polymer blend,0.4132,2
287,theses,develop polymer,0.3981,3
287,theses,thesis graphene,0.3976,4
287,theses,blend preparation,0.3894,5
287,theses,graft graphene,0.3888,6
287,theses,method polymer,0.3873,7
287,theses,blend composite,0.3784,8
288,theses,make vo2,0.432,1
288,theses,efficiency vanadium,0.4297,2
288,theses,vo2 unsuitable,0.4109,3
288,theses,vo2 use,0.4098,4
288,theses,vanadium dioxide,0.3984,5
288,theses,vo2 transition,0.3876,6
288,theses,pure vo2,0.3752,7
288,theses,vo2 tsmt,0.3742,8
289,theses,kernel specialized,0.4607,1
289,theses,kernel thesis,0.4525,2
289,theses,kernel generator,0.441,3
289,theses,kernel essentially,0.4337,4
289,theses,kernel generate,0.4294,5
289,theses,kernel separation,0.4175,6
289,theses,kernel like,0.4171,7
289,theses,kernel typically,0.4143,8
290,theses,doping cytocompatibility,0.4868,1
290,theses,bone regeneration,0.4361,2
290,theses,examine cytocompatibility,0.4201,3
290,theses,cytocompatibility calcium,0.4189,4
290,theses,biomedical application,0.418,5
290,theses,osteoblast viability,0.4168,6
290,theses,assess cytocompatibility,0.4124,7
290,theses,tailor osteoblast,0.4091,8
140,theses,public transportation,0.5248,1
140,theses,vehicle traffic,0.4929,2
140,theses,transportation metropolitan,0.4874,3
140,theses,traffic pollution,0.4798,4
140,theses,transport management,0.4745,5
140,theses,road traffic,0.4702,6
140,theses,commuter vehicle,0.4668,7
140,theses,transport metropolitan,0.4654,8
291,theses,ofdm systems,0.5028,1
291,theses,mimo bandwidth,0.4872,2
291,theses,output mimo,0.4688,3
291,theses,adaptive modulation,0.4387,4
291,theses,antenna mode,0.4284,5
291,theses,modulation coding,0.4038,6
291,theses,wideband channel,0.4037,7
291,theses,schemes ofdm,0.39,8
292,theses,algorithm lmf,0.4051,1
292,theses,matrix factorization,0.4035,2
292,theses,algorithm abp,0.394,3
292,theses,polynomial time,0.3856,4
292,theses,matrix multiplication,0.3678,5
292,theses,computing,0.3619,6
292,theses,lmf matrix,0.3612,7
292,theses,matrix size,0.3604,8
143,theses,grid converter,0.4432,1
143,theses,photovoltaic pv,0.3935,2
143,theses,ac grid,0.3773,3
143,theses,ac conversion,0.3731,4
143,theses,switch transformer,0.3711,5
143,theses,converter design,0.3552,6
143,theses,phase inverter,0.353,7
143,theses,photovoltaic,0.3448,8
293,theses,electromagnetic solver,0.4108,1
293,theses,electromagnetic solvers,0.4021,2
293,theses,electromagnetic compatibility,0.3959,3
293,theses,hybrid electromagnetic,0.3915,4
293,theses,industry electromagnetic,0.3906,5
293,theses,method emc,0.3757,6
293,theses,compatibility emc,0.3736,7
293,theses,emc test,0.3478,8
294,theses,creatinine biosensor,0.6309,1
294,theses,biosensor creatinine,0.6105,2
294,theses,testing creatinine,0.5647,3
294,theses,creatinine serum,0.5373,4
294,theses,estimation creatinine,0.5308,5
294,theses,serum creatinine,0.5281,6
294,theses,affinity creatinine,0.5104,7
294,theses,concentration creatinine,0.4849,8
295,theses,driver distraction,0.6187,1
295,theses,distraction driver,0.5878,2
295,theses,drive distraction,0.5686,3
295,theses,distract driver,0.5446,4
295,theses,driving environment,0.5137,5
295,theses,driver interaction,0.5074,6
295,theses,distraction operate,0.4991,7
295,theses,technology driver,0.4744,8
296,theses,smart mobility,0.4357,1
296,theses,mobility smart,0.4331,2
296,theses,smart cities,0.4285,3
296,theses,social network,0.4203,4
296,theses,influence smart,0.4146,5
296,theses,smart city,0.4053,6
296,theses,usage technology,0.3838,7
296,theses,demand smart,0.3773,8
297,theses,plasmonic nanoparticle,0.4438,1
297,theses,metal nanoparticle,0.4395,2
297,theses,emit molecule,0.4388,3
297,theses,emitter metal,0.438,4
297,theses,emitter plasmonic,0.4375,5
297,theses,nanoparticle study,0.4369,6
297,theses,absorbing nanostructure,0.4232,7
297,theses,nanostructure highlight,0.4138,8
298,theses,vibration launch,0.5243,1
298,theses,vibration mitigation,0.5049,2
298,theses,effective vibration,0.5017,3
298,theses,vibration isolation,0.4882,4
298,theses,reduce vibration,0.4852,5
298,theses,vibration use,0.4712,6
298,theses,vibration isolator,0.4654,7
298,theses,vibration work,0.45,8
299,theses,piezoelectric material,0.5447,1
299,theses,dielectric piezoelectric,0.5159,2
299,theses,enhance piezoelectric,0.5146,3
299,theses,piezoelectric,0.5146,4
299,theses,device piezoelectric,0.5031,5
299,theses,piezoelectric polar,0.4995,6
299,theses,piezoelectric dielectric,0.4984,7
299,theses,area piezoelectric,0.4878,8
300,theses,relay ieee,0.5057,1
300,theses,protection relay,0.5043,2
300,theses,protective relay,0.4523,3
300,theses,relay operation,0.4439,4
300,theses,failure relay,0.4305,5
300,theses,grid confi,0.4233,6
300,theses,relay,0.4186,7
300,theses,relays,0.4162,8
301,theses,models cardiac,0.5691,1
301,theses,cardiac skeletal,0.4837,2
301,theses,life cardiac,0.4782,3
301,theses,cardiac,0.465,4
301,theses,engineering disease,0.4614,5
301,theses,cardiovascular,0.4606,6
301,theses,heart disease,0.4539,7
301,theses,cardiac ailment,0.4474,8
302,theses,strong ceramic,0.4929,1
302,theses,ceramics,0.4816,2
302,theses,sized ceramic,0.4752,3
302,theses,derived ceramics,0.4605,4
302,theses,shortcoming ceramic,0.4581,5
302,theses,ceramic reinforce,0.452,6
302,theses,ceramics pdcs,0.4517,7
302,theses,ceramic,0.4495,8
303,theses,hybrid renewable,0.6396,1
303,theses,renewable energy,0.5369,2
303,theses,generation renewable,0.5206,3
303,theses,energy storage,0.4999,4
303,theses,power plant,0.4942,5
303,theses,power generation,0.4536,6
303,theses,source renewable,0.4358,7
303,theses,power resource,0.4321,8
304,theses,memory alloy,0.5601,1
304,theses,alloy shape,0.54,2
304,theses,alloy,0.5159,3
304,theses,class alloy,0.506,4
304,theses,alloy hf,0.5001,5
304,theses,temperature alloy,0.4934,6
304,theses,alloy attribute,0.4926,7
304,theses,niti alloy,0.4919,8
305,theses,produce biomass,0.5643,1
305,theses,biomass cultivation,0.5572,2
305,theses,cultivation biorefinery,0.5484,3
305,theses,resource biofuel,0.5421,4
305,theses,biomass plant,0.5371,5
305,theses,macroalgal biomass,0.5356,6
305,theses,biomass particularly,0.5293,7
305,theses,sustainable biofuel,0.5243,8
306,theses,nickel microwire,0.686,1
306,theses,microwire,0.5641,2
306,theses,wire drawing,0.5362,3
306,theses,evolution wire,0.5273,4
306,theses,microstructure texture,0.4776,5
306,theses,tension torsion,0.4307,6
306,theses,wire,0.4199,7
306,theses,microstructure,0.3794,8
308,theses,automation cfd,0.5504,1
308,theses,meshless cfd,0.5111,2
308,theses,aerospace cfd,0.4767,3
308,theses,cfd process,0.4655,4
308,theses,grid generation,0.4581,5
308,theses,grid methodology,0.4561,6
308,theses,automated meshless,0.445,7
308,theses,meshless solver,0.4255,8
309,theses,speech corpus,0.5439,1
309,theses,speech recognition,0.5324,2
309,theses,speech text,0.5187,3
309,theses,utterance develop,0.4654,4
309,theses,tamil speech,0.4196,5
309,theses,speak utterance,0.3988,6
309,theses,speech signal,0.3956,7
309,theses,corpus,0.3953,8
310,theses,microemulsion diesel,0.6175,1
310,theses,methanol emulsion,0.604,2
310,theses,diesel emulsion,0.5977,3
310,theses,diesel methanol,0.5921,4
310,theses,emulsion diesel,0.5853,5
310,theses,methanol diesel,0.5832,6
310,theses,engine methanol,0.5501,7
310,theses,methanol sprays,0.5388,8
311,theses,perovskite silicon,0.5564,1
311,theses,perovskite solar,0.5501,2
311,theses,hybrid perovskite,0.5168,3
311,theses,solar cell,0.4919,4
311,theses,perovskite layer,0.4729,5
311,theses,silicon solar,0.4429,6
311,theses,stable perovskite,0.4411,7
311,theses,active perovskite,0.4284,8
312,theses,systems biological,0.5081,1
312,theses,inference biological,0.453,2
312,theses,diagnostic systems,0.4507,3
312,theses,performance artificially,0.4119,4
312,theses,systems,0.407,5
312,theses,performance artificial,0.4014,6
312,theses,artificially engineer,0.3892,7
312,theses,artificial perform,0.3643,8
313,theses,device piezomems,0.6303,1
313,theses,device piezoelectric,0.5953,2
313,theses,bulk piezoelectric,0.5796,3
313,theses,pzt mems,0.5783,4
313,theses,piezoelectric material,0.571,5
313,theses,high piezoelectric,0.5678,6
313,theses,pzt technology,0.5635,7
313,theses,piezoelectric,0.5498,8
314,theses,aptamer biosensor,0.6319,1
314,theses,fluorescent aptasensor,0.4832,2
314,theses,dna aptamer,0.4797,3
314,theses,biosensor provide,0.4774,4
314,theses,reporter biosensing,0.4761,5
314,theses,biosensor,0.4614,6
314,theses,dna nanotechnology,0.4351,7
314,theses,aptamer dye,0.4332,8
315,theses,battle bandits,0.6026,1
315,theses,bandits online,0.6013,2
315,theses,bandits,0.5219,3
315,theses,subsetwise preferences,0.4808,4
315,theses,learning subsetwise,0.4648,5
315,theses,preferences structured,0.441,6
315,theses,online learning,0.4047,7
315,theses,structured feedback,0.3829,8
316,theses,mineralisation tectonic,0.6285,1
316,theses,ore geology,0.5359,2
316,theses,studies tectonic,0.5358,3
316,theses,major mineralisation,0.5236,4
316,theses,tectonic setting,0.4834,5
316,theses,geology,0.4802,6
316,theses,petrology geochemistry,0.4766,7
316,theses,tectonic context,0.4708,8
317,theses,requirement heater,0.5028,1
317,theses,satellite thermal,0.4883,2
317,theses,thermal management,0.4593,3
317,theses,heat radiator,0.4312,4
317,theses,heat pcm,0.4269,5
317,theses,thermal radiator,0.4224,6
317,theses,management heat,0.4137,7
317,theses,radiator design,0.4112,8
318,theses,biological nanopore,0.6191,1
318,theses,hybrid nanopore,0.5894,2
318,theses,nanopore help,0.5674,3
318,theses,nanopore,0.5447,4
318,theses,nanopore single,0.542,5
318,theses,nanopore base,0.5362,6
318,theses,nanopore typically,0.525,7
318,theses,bilayer nanopore,0.5225,8
319,theses,antenna design,0.516,1
319,theses,patch antennas,0.4902,2
319,theses,patch antenna,0.4712,3
319,theses,antennas,0.4488,4
319,theses,antenna characteristic,0.4444,5
319,theses,antenna study,0.4442,6
319,theses,wideband antenna,0.4204,7
319,theses,antennas modifications,0.4193,8
320,theses,signal sampling,0.6362,1
320,theses,sampling signal,0.6275,2
320,theses,sampling reconstruction,0.5826,3
320,theses,sampling scheme,0.5029,4
320,theses,reconstruction signal,0.5024,5
320,theses,shannon sampling,0.4987,6
320,theses,sampling structured,0.4862,7
320,theses,sampling framework,0.483,8
321,theses,cement granular,0.5737,1
321,theses,study cement,0.5719,2
321,theses,cemented granular,0.53,3
321,theses,weakly cement,0.5201,4
321,theses,scale cement,0.5006,5
321,theses,structure cemented,0.4709,6
321,theses,granular material,0.4429,7
321,theses,cement,0.4364,8
322,theses,turbine combustors,0.6063,1
322,theses,turbine combustor,0.5976,2
322,theses,combustor design,0.5948,3
322,theses,combustor operate,0.5756,4
322,theses,combustors lean,0.5726,5
322,theses,swirling flame,0.5585,6
322,theses,flame flow,0.5191,7
322,theses,combustor mitigation,0.5117,8
323,theses,microstructure strength,0.4287,1
323,theses,nanocrystalline nc,0.425,2
323,theses,bulk nanocrystalline,0.4219,3
323,theses,strength grain,0.4094,4
323,theses,material alloy,0.4014,5
323,theses,nanocrystalline material,0.3926,6
323,theses,strain hardenability,0.3857,7
323,theses,hardenability material,0.3778,8
324,theses,base signatures,0.6675,1
324,theses,realization pairing,0.5704,2
324,theses,pairing base,0.5619,3
324,theses,signatures static,0.5504,4
324,theses,signatures,0.4927,5
324,theses,efficient realization,0.4219,6
324,theses,secure efficient,0.4217,7
324,theses,pairing,0.3873,8
325,theses,failure structure,0.4241,1
325,theses,fracture fatigue,0.4096,2
325,theses,steel fatigue,0.4036,3
325,theses,fracture mechanic,0.3859,4
325,theses,failure crack,0.3848,5
325,theses,abstract fatigue,0.3747,6
325,theses,methodology fatigue,0.37,7
325,theses,crack propagation,0.3691,8
326,theses,river sharing,0.5232,1
326,theses,allocation water,0.4901,2
326,theses,water allocation,0.4793,3
326,theses,river thesis,0.4747,4
326,theses,externality river,0.4694,5
326,theses,water trade,0.4562,6
326,theses,river transboundary,0.4228,7
326,theses,problem river,0.4209,8
327,theses,elegan bacteria,0.5653,1
327,theses,mechanism elegan,0.512,2
327,theses,caenorhabditis elegan,0.4915,3
327,theses,regulation pathogen,0.4826,4
327,theses,neuron pathogen,0.4811,5
327,theses,pathogen specific,0.4572,6
327,theses,induce pathogen,0.4423,7
327,theses,innate immune,0.4374,8
328,theses,speed control,0.4198,1
328,theses,voltage control,0.4143,2
328,theses,control stator,0.3863,3
328,theses,vector control,0.3779,4
328,theses,control vector,0.374,5
328,theses,control speed,0.3735,6
328,theses,electric vehicle,0.3665,7
328,theses,induction motor,0.3652,8
330,theses,aerospace optimal,0.5804,1
330,theses,trajectory optimization,0.5611,2
330,theses,aerospace trajectory,0.5327,3
330,theses,methodology aerospace,0.5323,4
330,theses,aerospace vehicle,0.4775,5
330,theses,optimal control,0.4677,6
330,theses,aerospace problem,0.4657,7
330,theses,optimization routine,0.4472,8
331,theses,manufacturing aircraft,0.4455,1
331,theses,fibre reinforcement,0.407,2
331,theses,yarn tufting,0.403,3
331,theses,laminate characterize,0.3978,4
331,theses,aircraft structural,0.3929,5
331,theses,carbon fibre,0.3862,6
331,theses,composite laminate,0.3765,7
331,theses,plane mechanical,0.3761,8
332,theses,seismicity analysis,0.5781,1
332,theses,attenuation characteristics,0.5414,2
332,theses,characteristics seismicity,0.516,3
332,theses,analysis himalayan,0.4551,4
332,theses,frequency analysis,0.4284,5
332,theses,seismicity,0.4206,6
332,theses,attenuation,0.4157,7
332,theses,himalayan region,0.3559,8
338,theses,base piezoceramic,0.5727,1
338,theses,5tio3 base,0.5655,2
338,theses,piezoceramic abstract,0.4747,3
338,theses,5bi0 5tio3,0.4589,4
338,theses,5tio3,0.426,5
338,theses,na0 5bi0,0.4179,6
338,theses,piezoceramic,0.4104,7
338,theses,octahedral tilt,0.3913,8
339,theses,restricted boltzmann,0.7668,1
339,theses,boltzmann machines,0.7214,2
339,theses,boltzmann,0.5442,3
339,theses,algorithms learn,0.5187,4
339,theses,efficient algorithms,0.4446,5
339,theses,learn restricted,0.444,6
339,theses,algorithms,0.4075,7
339,theses,machines available,0.3193,8
149,theses,mos transistors,0.5556,1
149,theses,quantum transport,0.4895,2
149,theses,transport 2d,0.4279,3
149,theses,modeling quantum,0.4243,4
149,theses,transistors,0.4025,5
149,theses,multiscale modeling,0.4,6
149,theses,base mos,0.3492,7
149,theses,2d material,0.3293,8
949,theses,nano resonating,0.7134,1
949,theses,resonating devices,0.6465,2
949,theses,micro nano,0.5761,3
949,theses,resonating,0.4754,4
949,theses,factor micro,0.4599,5
949,theses,micro,0.4348,6
949,theses,nano,0.4104,7
949,theses,quality factor,0.4001,8
341,theses,dislocation alloy,0.4964,1
341,theses,interact dislocation,0.4259,2
341,theses,shape precipitate,0.401,3
341,theses,harden alloy,0.3835,4
341,theses,precipitation harden,0.3705,5
341,theses,stress precipitation,0.3697,6
341,theses,dislocation provide,0.3569,7
341,theses,coherency strain,0.3519,8
342,theses,titanium alloy,0.4519,1
342,theses,fatigue study,0.4444,2
342,theses,ti alloy,0.4435,3
342,theses,behaviour titanium,0.4397,4
342,theses,fatigue behaviour,0.4333,5
342,theses,fatigue behavior,0.4323,6
342,theses,fatigue sensitivity,0.4189,7
342,theses,fatigue loading,0.4122,8
343,theses,speech audio,0.5712,1
343,theses,speech processing,0.5526,2
343,theses,learning speech,0.5412,3
343,theses,application speech,0.48,4
343,theses,audio waveform,0.451,5
343,theses,method speech,0.436,6
343,theses,audio,0.4082,7
343,theses,audio signals,0.3931,8
344,theses,reverberant speech,0.7357,1
344,theses,reconstruction reverberant,0.656,2
344,theses,reverberant,0.5278,3
344,theses,analysis reconstruction,0.472,4
344,theses,speech,0.379,5
344,theses,spatial analysis,0.3614,6
344,theses,reconstruction,0.3381,7
344,theses,spatial,0.2553,8
345,theses,photodetector algan,0.6079,1
345,theses,power photodetector,0.5714,2
345,theses,photodetector junction,0.5293,3
345,theses,photodetector present,0.5078,4
345,theses,photodetector operate,0.5042,5
345,theses,photodetector require,0.5032,6
345,theses,photodetector great,0.495,7
345,theses,photodetection application,0.4914,8
346,theses,design turbine,0.6593,1
346,theses,turbomachinery design,0.6162,2
346,theses,development turbomachinery,0.6146,3
346,theses,gas turbine,0.6141,4
346,theses,turbine thermodynamic,0.5771,5
346,theses,thermal turbomachinery,0.5764,6
346,theses,turbine compressor,0.5545,7
346,theses,cycle turbomachinery,0.5536,8
348,theses,phagocytic immune,0.5768,1
348,theses,enhancement phagocytic,0.5046,2
348,theses,phagocytic cell,0.4942,3
348,theses,capture phagocytic,0.4915,4
348,theses,cell phagocytic,0.4844,5
348,theses,immune cells,0.4839,6
348,theses,phagocytic ability,0.4826,7
348,theses,interaction phagocytic,0.4819,8
349,theses,oxide photovoltaic,0.5443,1
349,theses,photovoltaic oxide,0.5383,2
349,theses,absorber photovoltaic,0.5373,3
349,theses,absorber mn2v2o7,0.4753,4
349,theses,transition oxide,0.4491,5
349,theses,oxide absorber,0.44,6
349,theses,absorber oxide,0.4396,7
349,theses,solar absorber,0.4379,8
350,theses,sparse recovery,0.5714,1
350,theses,imaging sparse,0.5666,2
350,theses,sparse regularization,0.5545,3
350,theses,nonconvex sparse,0.5489,4
350,theses,nonconvex regularization,0.5256,5
350,theses,analysis sparse,0.4949,6
350,theses,solving sparse,0.4897,7
350,theses,sparse linear,0.4702,8
351,theses,service ubiquitous,0.5322,1
351,theses,ubiquitous service,0.5282,2
351,theses,ubiquitous services,0.5279,3
351,theses,services ubiquitous,0.5161,4
351,theses,authentication avail,0.4958,5
351,theses,propose authentication,0.4921,6
351,theses,implement ubiquitous,0.4915,7
351,theses,ubiquitous user,0.4765,8
353,theses,hardware architectures,0.5013,1
353,theses,hardware architecture,0.4938,2
353,theses,decode hardware,0.4607,3
353,theses,efficient hardware,0.4573,4
353,theses,hardware,0.4557,5
353,theses,fpga kit,0.4508,6
353,theses,code ecc,0.4466,7
353,theses,fpga,0.4217,8
354,theses,ferroelectric piezoelectric,0.651,1
354,theses,piezoelectric polycrystalline,0.6292,2
354,theses,base piezoelectric,0.6106,3
354,theses,piezoelectric ceramic,0.6035,4
354,theses,piezoelectric,0.5904,5
354,theses,exploration ferroelectric,0.5676,6
354,theses,enhance piezoelectric,0.5638,7
354,theses,ferroelectric structural,0.5594,8
355,theses,ultrasound transducers,0.6659,1
355,theses,ultrasound transducer,0.6462,2
355,theses,piezoelectric ultrasound,0.6393,3
355,theses,development piezoelectric,0.5927,4
355,theses,transducers,0.5785,5
355,theses,transducers novel,0.5621,6
355,theses,transducer,0.5589,7
355,theses,transducer novel,0.5491,8
356,theses,nanocomposite acetabular,0.5272,1
356,theses,orthopedic implant,0.5265,2
356,theses,orthopedic application,0.4934,3
356,theses,biocompatibility new,0.4837,4
356,theses,acetabular assembly,0.4614,5
356,theses,acetabular shell,0.4305,6
356,theses,stryker orthopedic,0.4296,7
356,theses,joint replacement,0.4206,8
358,theses,use gesture,0.5713,1
358,theses,gesture base,0.5508,2
358,theses,device gesture,0.5373,3
358,theses,interaction device,0.4871,4
358,theses,gesture depth,0.4813,5
358,theses,exist gesture,0.4778,6
358,theses,point gesture,0.4604,7
358,theses,pointing interface,0.4599,8
359,theses,tcps design,0.5466,1
359,theses,systems tcps,0.5361,2
359,theses,develop tcpsbe,0.5355,3
359,theses,tcps application,0.5327,4
359,theses,tcps requirement,0.5257,5
359,theses,tcps require,0.5219,6
359,theses,characterize tcps,0.5016,7
359,theses,transportation tcps,0.4987,8
360,theses,luminescent multilayer,0.4566,1
360,theses,photonic optoelectronic,0.4563,2
360,theses,optical electrical,0.4401,3
360,theses,tunability optical,0.4275,4
360,theses,tailor optical,0.4202,5
360,theses,waals heterostructure,0.4052,6
360,theses,photoluminescence pl,0.4014,7
360,theses,light absorption,0.3947,8
363,theses,fabricate radar,0.507,1
363,theses,radar absorbing,0.5025,2
363,theses,microwave absorber,0.4669,3
363,theses,radar signal,0.443,4
363,theses,microwave absorption,0.4229,5
363,theses,transparent microwave,0.4144,6
363,theses,radar,0.4061,7
363,theses,base radar,0.3965,8
364,theses,workability mortar,0.5194,1
364,theses,mortar concrete,0.5053,2
364,theses,aggregate mortars,0.4872,3
364,theses,durability concrete,0.4838,4
364,theses,characteristic mortar,0.4809,5
364,theses,mortars concrete,0.4785,6
364,theses,concrete characteristic,0.477,7
364,theses,characteristic concrete,0.4639,8
365,theses,nanoparticle synthesis,0.4762,1
365,theses,synthesis metallic,0.4718,2
365,theses,metallic nanoparticle,0.4716,3
365,theses,nanostructure project,0.4695,4
365,theses,alloy nanoparticle,0.4672,5
365,theses,metal nanoparticle,0.4666,6
365,theses,synthesis nanoparticle,0.4561,7
365,theses,processing metal,0.4553,8
169,theses,modulation wireless,0.8265,1
169,theses,based modulation,0.7146,2
169,theses,wireless communications,0.6822,3
169,theses,modulation,0.6378,4
169,theses,wireless,0.5233,5
169,theses,communications,0.4893,6
169,theses,media based,0.4721,7
169,theses,media,0.3999,8
357,theses,robot training,0.5679,1
357,theses,scene robot,0.558,2
357,theses,task robot,0.55,3
357,theses,object robot,0.5063,4
357,theses,imitation learning,0.4823,5
357,theses,manipulation robots,0.4658,6
357,theses,robot understand,0.4658,7
357,theses,robot,0.4624,8
366,theses,conventional semiconductor,0.5158,1
366,theses,semiconductor,0.4832,2
366,theses,exciton complex,0.4175,3
366,theses,neutral exciton,0.3856,4
366,theses,excitonic complex,0.3788,5
366,theses,tailor excitonic,0.375,6
366,theses,exciton depend,0.3634,7
366,theses,exciton state,0.3559,8
367,theses,speech articulator,0.5331,1
367,theses,articulatory speech,0.5205,2
367,theses,speech acoustic,0.4769,3
367,theses,mapping articulatory,0.4426,4
367,theses,acoustic articulatory,0.4422,5
367,theses,speech synthesis,0.432,6
367,theses,human speech,0.4317,7
367,theses,estimate speech,0.4227,8
362,theses,converters microgrid,0.5649,1
362,theses,microgrid,0.5365,2
362,theses,inverters development,0.4824,3
362,theses,source inverters,0.46,4
362,theses,machines voltage,0.4464,5
362,theses,inverters,0.4073,6
362,theses,parallel operation,0.3969,7
362,theses,capacitor converters,0.3707,8
370,theses,retrieval propose,0.6197,1
370,theses,domain retrieval,0.6039,2
370,theses,perform retrieval,0.5902,3
370,theses,retrieval specifically,0.5863,4
370,theses,retrieval traditionally,0.5805,5
370,theses,retrieval model,0.5763,6
370,theses,retrieval algorithms,0.5642,7
370,theses,data retrieval,0.5594,8
371,theses,sample measurement,0.4669,1
371,theses,measurement sample,0.4484,2
371,theses,sample setting,0.4373,3
371,theses,data sample,0.4058,4
371,theses,measurement matrix,0.3994,5
371,theses,recovery measurement,0.3983,6
371,theses,measurement primary,0.3795,7
371,theses,optimal sample,0.3735,8
372,theses,computational electromagnetic,0.5081,1
372,theses,modeling permittivity,0.4635,2
372,theses,electromagnetic study,0.4423,3
372,theses,device rf,0.4389,4
372,theses,electromagnetic,0.4094,5
372,theses,receive electromagnetic,0.4073,6
372,theses,electromagnetic em,0.3993,7
372,theses,uq electromagnetic,0.3837,8
220,theses,fluoride pvdf,0.4908,1
220,theses,shell nanomaterials,0.4847,2
220,theses,nanomaterials electromagnetic,0.4773,3
220,theses,base nanocomposites,0.4602,4
220,theses,polyvinylidene fluoride,0.4476,5
220,theses,nanocomposites multi,0.4343,6
220,theses,nanomaterials,0.4254,7
220,theses,nanocomposites,0.4252,8
373,theses,glass bmg,0.4382,1
373,theses,metallic glasses,0.4144,2
373,theses,metallic glass,0.4139,3
373,theses,glasses composites,0.4113,4
373,theses,fracture behavior,0.3877,5
373,theses,studies plastic,0.3856,6
373,theses,plastic deformation,0.3829,7
373,theses,simulate fracture,0.3806,8
374,theses,reconstruction methods,0.5094,1
374,theses,reconstruction model,0.4908,2
374,theses,reconstruction method,0.4859,3
374,theses,image reconstruction,0.4744,4
374,theses,regularized reconstruction,0.4516,5
374,theses,imaging modality,0.4396,6
374,theses,acoustic tomography,0.4381,7
374,theses,photoacoustic tomography,0.4356,8
376,theses,carbon nanotubes,0.5584,1
376,theses,nanotubes polymer,0.5104,2
376,theses,alignment carbon,0.4667,3
376,theses,nanotubes,0.4206,4
376,theses,polymer matrix,0.3759,5
376,theses,matrix composites,0.3549,6
376,theses,composites structural,0.3487,7
376,theses,electric field,0.3047,8
377,theses,biomolecular assembly,0.4629,1
377,theses,biological membrane,0.4412,2
377,theses,investigate membrane,0.4332,3
377,theses,membrane binding,0.4161,4
377,theses,mobility biomolecular,0.415,5
377,theses,lipid component,0.4098,6
377,theses,biomolecular,0.4097,7
377,theses,membrane bind,0.4029,8
378,theses,crystal nucleation,0.6105,1
378,theses,polymorphism crystal,0.6026,2
378,theses,solvent induce,0.541,3
378,theses,nucleation solution,0.5258,4
378,theses,solvent,0.5197,5
378,theses,study solvent,0.511,6
378,theses,nucleation,0.4291,7
378,theses,induce polymorphism,0.4164,8
223,theses,optical modulator,0.5988,1
223,theses,silicon optical,0.5738,2
223,theses,modulator silicon,0.5328,3
223,theses,carrier optical,0.5074,4
223,theses,optical interconnect,0.4984,5
223,theses,functionality optical,0.4971,6
223,theses,optical carrier,0.4881,7
223,theses,platform optical,0.486,8
369,theses,ion capacitors,0.5804,1
369,theses,ion batteries,0.5726,2
369,theses,rechargeable alkali,0.562,3
369,theses,anodes rechargeable,0.5539,4
369,theses,batteries hybrid,0.5038,5
369,theses,hybrid ion,0.4841,6
369,theses,capacitors abstract,0.4576,7
369,theses,base anodes,0.4572,8
381,theses,liquid metal,0.5057,1
381,theses,micro nano,0.4925,2
381,theses,microscale nanoscale,0.49,3
381,theses,metal liquid,0.486,4
381,theses,metal flow,0.4533,5
381,theses,nanoscale,0.4357,6
381,theses,surface metal,0.4296,7
381,theses,nano scale,0.4169,8
382,theses,irdx quantify,0.3916,1
382,theses,biopsy core,0.3807,2
382,theses,ultrasound optical,0.3791,3
382,theses,biopsy tissue,0.3611,4
382,theses,diagnose cancer,0.3596,5
382,theses,breast biopsy,0.3472,6
382,theses,irdx tool,0.345,7
382,theses,thermal acoustic,0.3441,8
190,theses,explosives abstract,0.6294,1
190,theses,blast loading,0.5816,2
190,theses,perforated tubes,0.5788,3
190,theses,high explosives,0.5779,4
190,theses,explosives,0.5263,5
190,theses,blast,0.4665,6
190,theses,tubes,0.4339,7
190,theses,tubes high,0.4147,8
191,theses,syngas fuel,0.5877,1
191,theses,fuel cell,0.5478,2
191,theses,oxide fuel,0.5143,3
191,theses,sofc experiments,0.4821,4
191,theses,gas characterization,0.4764,5
191,theses,cell sofc,0.4589,6
191,theses,analysis gas,0.441,7
191,theses,fuel solid,0.4171,8
193,theses,vortex breakdown,0.7256,1
193,theses,swirl jet,0.6789,2
193,theses,breakdown swirl,0.6714,3
193,theses,form vortex,0.6509,4
193,theses,bubble conical,0.6502,5
193,theses,vortex,0.5849,6
193,theses,conical form,0.4794,7
193,theses,swirl,0.4736,8
383,theses,cellular network,0.5553,1
383,theses,downlink cellular,0.5468,2
383,theses,technology duplex,0.5216,3
383,theses,duplex systems,0.5072,4
383,theses,duplex fd,0.4972,5
383,theses,wlan fd,0.4766,6
383,theses,wireless communication,0.474,7
383,theses,duplex,0.4664,8
384,theses,routing protocols,0.5363,1
384,theses,routing protocol,0.5167,2
384,theses,ubiquitous network,0.5125,3
384,theses,packet mobile,0.4938,4
384,theses,network ubiquitous,0.493,5
384,theses,proactive routing,0.4829,6
384,theses,subnetwork mobile,0.4795,7
384,theses,protocol ubiquitous,0.4752,8
385,theses,vertex hypergraphs,0.6417,1
385,theses,hypergraphs graphs,0.6313,2
385,theses,hypergraph vertex,0.6311,3
385,theses,learning hypergraphs,0.6234,4
385,theses,hypergraphs provide,0.6213,5
385,theses,learning hypergraph,0.6196,6
385,theses,structure hypergraph,0.5987,7
385,theses,graph neural,0.5967,8
197,theses,memory alloys,0.6185,1
197,theses,simulations indentation,0.5637,2
197,theses,shape memory,0.5608,3
197,theses,indentation behaviour,0.5153,4
197,theses,indentation,0.4333,5
197,theses,alloys abstract,0.415,6
197,theses,alloys,0.3952,7
197,theses,behaviour shape,0.3317,8
386,theses,storage computing,0.6262,1
386,theses,storage cluster,0.6067,2
386,theses,storage compute,0.5908,3
386,theses,storage computation,0.5417,4
386,theses,centralized storage,0.5266,5
386,theses,redundancy storage,0.4972,6
386,theses,scalability availability,0.4859,7
386,theses,cluster similarly,0.456,8
389,theses,develop sensor,0.513,1
389,theses,sensor environmental,0.5086,2
389,theses,environmental monitoring,0.4906,3
389,theses,monitoring pollution,0.465,4
389,theses,generate sensor,0.4512,5
389,theses,detection pollutant,0.434,6
389,theses,sensor cr,0.4225,7
389,theses,biosystem,0.4053,8
390,theses,damage model,0.4722,1
390,theses,model plasticity,0.4407,2
390,theses,modelling,0.4346,3
390,theses,plasticity damage,0.3868,4
390,theses,damage nonlocality,0.3606,5
390,theses,modelling setup,0.3569,6
390,theses,damage nonlocal,0.356,7
390,theses,brittle damage,0.3521,8
232,theses,chip optical,0.6057,1
232,theses,optical sensing,0.5536,2
232,theses,chip photonic,0.5242,3
232,theses,lithography,0.5001,4
232,theses,photonic sensor,0.4895,5
232,theses,application chip,0.4804,6
232,theses,chemical sensing,0.4717,7
232,theses,beam lithography,0.4519,8
379,theses,theories polymers,0.7431,1
379,theses,constitutive theories,0.6282,2
379,theses,continuum mechanics,0.6111,3
379,theses,classical continuum,0.5358,4
379,theses,polymers non,0.5328,5
379,theses,polymers,0.5147,6
379,theses,continuum,0.448,7
379,theses,constitutive,0.3702,8
391,theses,tissue mechanosensing,0.4691,1
391,theses,biomimetic material,0.4634,2
391,theses,cell biomimetic,0.4518,3
391,theses,mechanobiology cells,0.4504,4
391,theses,tissue architecture,0.4458,5
391,theses,extensible fiber,0.4418,6
391,theses,fiber reinforcement,0.4372,7
391,theses,fiber cytoskeleton,0.4349,8
210,theses,dense granular,0.7704,1
210,theses,granular material,0.7663,2
210,theses,granular,0.6384,3
210,theses,flow structure,0.5401,4
210,theses,structure dense,0.4288,5
210,theses,material abstract,0.4154,6
210,theses,flow,0.4024,7
210,theses,abstract available,0.3197,8
392,theses,usage diesel,0.4799,1
392,theses,diesel exhaust,0.4784,2
392,theses,exhaust industrial,0.4782,3
392,theses,fuel diesel,0.4771,4
392,theses,present diesel,0.4666,5
392,theses,catalysis diesel,0.4658,6
392,theses,diesel primary,0.4633,7
392,theses,diesel engine,0.4624,8
393,theses,advancement transistor,0.5677,1
393,theses,transistor technology,0.5477,2
393,theses,future transistor,0.5387,3
393,theses,today transistor,0.5146,4
393,theses,available transistor,0.5047,5
393,theses,silicon transistor,0.4939,6
393,theses,transistor design,0.4906,7
393,theses,word transistor,0.4866,8
394,theses,mpc platform,0.5093,1
394,theses,mpc framework,0.5074,2
394,theses,efficient mpc,0.4865,3
394,theses,technique mpc,0.4711,4
394,theses,correctness mpc,0.4619,5
394,theses,mpc,0.4567,6
394,theses,robust mpc,0.4514,7
394,theses,computation mpc,0.4508,8
241,theses,brick geopolymer,0.5604,1
241,theses,brick strength,0.5594,2
241,theses,brick structural,0.5506,3
241,theses,stabilise brick,0.5058,4
241,theses,earth brick,0.4981,5
241,theses,structural masonry,0.498,6
241,theses,brick specimen,0.4866,7
241,theses,masonry earth,0.4811,8
388,theses,gap semiconductor,0.5884,1
388,theses,semiconductor heterostructures,0.5586,2
388,theses,uv opto,0.5275,3
388,theses,opto electronic,0.4914,4
388,theses,heterostructures deep,0.4578,5
388,theses,heterostructures,0.4455,6
388,theses,deep uv,0.4445,7
388,theses,band gap,0.4341,8
395,theses,speech spectrogram,0.632,1
395,theses,processing speech,0.5672,2
395,theses,speech analysis,0.5582,3
395,theses,application speech,0.553,4
395,theses,model speech,0.5473,5
395,theses,transform speech,0.5457,6
395,theses,analyze speech,0.5433,7
395,theses,speech signal,0.5255,8
396,theses,service scheduling,0.5409,1
396,theses,scheduling service,0.5249,2
396,theses,job scheduling,0.4874,3
396,theses,task scheduling,0.4681,4
396,theses,scheduling problem,0.465,5
396,theses,optimal scheduling,0.461,6
396,theses,scheduling plant,0.4575,7
396,theses,linear waiting,0.4538,8
397,theses,force sensors,0.6567,1
397,theses,sensors haptic,0.6483,2
397,theses,haptic feedback,0.5619,3
397,theses,microengineered force,0.5371,4
397,theses,feedback catheter,0.5265,5
397,theses,catheter contact,0.4952,6
397,theses,contact force,0.466,7
397,theses,haptic,0.4553,8
398,theses,excavation solve,0.4281,1
398,theses,soil mechanic,0.412,2
398,theses,geomechanic analysis,0.401,3
398,theses,cylindrical excavation,0.4001,4
398,theses,optimization technique,0.3647,5
398,theses,optimization procedure,0.3615,6
398,theses,analysis geomechanic,0.3485,7
398,theses,stability analysis,0.3356,8
399,theses,cutting granular,0.5446,1
399,theses,kinematic granular,0.4849,2
399,theses,cut granular,0.4833,3
399,theses,granular material,0.4434,4
399,theses,granular ensemble,0.429,5
399,theses,surface granular,0.4209,6
399,theses,medium cutting,0.42,7
399,theses,orthogonal cutting,0.419,8
401,theses,bacteria nanostructure,0.5219,1
401,theses,bacterial death,0.4949,2
401,theses,antibacterial surfaces,0.4875,3
401,theses,bacterial survival,0.4819,4
401,theses,bacterial cell,0.466,5
401,theses,participate bacterial,0.4582,6
401,theses,control bacterial,0.4556,7
401,theses,protective biofilm,0.4515,8
402,theses,recommendation systems,0.5111,1
402,theses,recommendation set,0.4605,2
402,theses,personalized recommendation,0.4498,3
402,theses,recommendation setting,0.4459,4
402,theses,personalize recommendation,0.4429,5
402,theses,recommendation use,0.4223,6
402,theses,social network,0.4154,7
402,theses,recommendation problem,0.4142,8
403,theses,perform graphene,0.6303,1
403,theses,graphene propose,0.6184,2
403,theses,study graphene,0.6032,3
403,theses,use graphene,0.6017,4
403,theses,device graphene,0.5972,5
403,theses,graphene commonly,0.5804,6
403,theses,commonly graphene,0.5768,7
403,theses,realize graphene,0.5704,8
405,theses,machine svm,0.4802,1
405,theses,base svm,0.4536,2
405,theses,design machine,0.4506,3
405,theses,hardware resource,0.4472,4
405,theses,svm memory,0.4454,5
405,theses,like microcontroller,0.4436,6
405,theses,svm kernel,0.4408,7
405,theses,edge computing,0.4396,8
406,theses,crowd risk,0.6022,1
406,theses,concern crowd,0.5193,2
406,theses,crowd safety,0.5187,3
406,theses,crowd management,0.4883,4
406,theses,planning crowd,0.4865,5
406,theses,crowd behaviour,0.4639,6
406,theses,incident crowd,0.4597,7
406,theses,suggest crowd,0.4545,8
407,theses,tb detection,0.4075,1
407,theses,diagnosis infrastructure,0.3925,2
407,theses,pcr testing,0.3828,3
407,theses,demonstrate tuberculosis,0.3781,4
407,theses,perform pcr,0.3763,5
407,theses,tb diagnosis,0.3758,6
407,theses,molecular diagnostic,0.3659,7
407,theses,naat tb,0.3655,8
408,theses,supersonic intake,0.6622,1
408,theses,intake hypersonic,0.625,2
408,theses,hypersonic intake,0.6231,3
408,theses,intake model,0.5782,4
408,theses,intake design,0.5699,5
408,theses,dynamic intake,0.4976,6
408,theses,dynamic supersonic,0.4951,7
408,theses,air intake,0.4818,8
409,theses,epoxy composite,0.4235,1
409,theses,epoxy hardener,0.409,2
409,theses,epoxy resin,0.3949,3
409,theses,filler material,0.3938,4
409,theses,nano filler,0.3746,5
409,theses,functional epoxy,0.3626,6
409,theses,property epoxy,0.3469,7
409,theses,cure mechanical,0.3383,8
410,theses,runoff control,0.4859,1
410,theses,catchment basin,0.4685,2
410,theses,basin modeling,0.4663,3
410,theses,streamflow variability,0.4662,4
410,theses,river hydrology,0.465,5
410,theses,groundwater flow,0.4474,6
410,theses,annual flow,0.4459,7
410,theses,surface runoff,0.4457,8
404,theses,soil experimental,0.4213,1
404,theses,sandy soil,0.4084,2
404,theses,liquefaction resistance,0.4062,3
404,theses,soil matrix,0.4022,4
404,theses,soil mix,0.3755,5
404,theses,situ soil,0.3755,6
404,theses,liquefaction cyclic,0.3745,7
404,theses,soil reduce,0.3726,8
411,theses,biogas production,0.5959,1
411,theses,predict biogas,0.5788,2
411,theses,composition biomass,0.5754,3
411,theses,biogas yield,0.5622,4
411,theses,biogas yields,0.5525,5
411,theses,biomass feedstocks,0.5432,6
411,theses,biomass feedstock,0.5405,7
411,theses,pattern biogas,0.51,8
412,theses,arm markov,0.6118,1
412,theses,sequential arm,0.5049,2
412,theses,arm ergodic,0.4881,3
412,theses,arm sequentially,0.477,4
412,theses,markov process,0.4768,5
412,theses,tpm markov,0.4724,6
412,theses,arm selection,0.4564,7
412,theses,observation markov,0.4498,8
414,theses,avoidance unmanned,0.6045,1
414,theses,uav avoidance,0.5947,2
414,theses,uav challenging,0.5621,3
414,theses,vehicles uavs,0.561,4
414,theses,feature uav,0.5519,5
414,theses,uav model,0.5447,6
414,theses,wing uav,0.5421,7
414,theses,uav uav,0.5343,8
415,theses,model inlet,0.412,1
415,theses,heat exchanger,0.4114,2
415,theses,heat exchangers,0.4058,3
415,theses,heat transfer,0.371,4
415,theses,cfd model,0.3703,5
415,theses,incorporate thermal,0.3617,6
415,theses,thermo hydraulic,0.3489,7
415,theses,channel heat,0.3486,8
416,theses,jet flow,0.5304,1
416,theses,multiple jet,0.522,2
416,theses,jet configuration,0.5163,3
416,theses,jet comparison,0.5028,4
416,theses,single jet,0.4835,5
416,theses,turbulent study,0.4827,6
416,theses,subsonic turbulent,0.4787,7
416,theses,jet model,0.4659,8
417,theses,mri image,0.527,1
417,theses,sensing mri,0.507,2
417,theses,imaging mri,0.5029,3
417,theses,reconstruct mri,0.4877,4
417,theses,imaging systems,0.4834,5
417,theses,mri generally,0.4814,6
417,theses,mri variable,0.457,7
417,theses,mri,0.4517,8
418,theses,communication sample,0.5035,1
418,theses,testing communication,0.4992,2
418,theses,communication constraints,0.4867,3
418,theses,communication scheme,0.4799,4
418,theses,bit communication,0.4635,5
418,theses,testing communicate,0.4427,6
418,theses,distribute bit,0.4235,7
418,theses,constrain statistical,0.4032,8
419,theses,nanomotor biological,0.6391,1
419,theses,magnetic nanomotor,0.6238,2
419,theses,magnetic nanomotors,0.5989,3
419,theses,nanomotor use,0.5957,4
419,theses,nanomotor cell,0.578,5
419,theses,manufacture nanomotor,0.5705,6
419,theses,influence nanomotor,0.5658,7
419,theses,inject nanomotor,0.5634,8
420,theses,visual cortex,0.5667,1
420,theses,task visual,0.5051,2
420,theses,representation brain,0.5046,3
420,theses,visual task,0.491,4
420,theses,cortex understand,0.4669,5
420,theses,shape categorization,0.4663,6
420,theses,cortex decision,0.4549,7
420,theses,human perceive,0.4533,8
422,theses,wastewater photocatalytic,0.6314,1
422,theses,photocatalytic water,0.5894,2
422,theses,photocatalytic develop,0.5796,3
422,theses,photocatalytic activity,0.578,4
422,theses,different photocatalytic,0.5739,5
422,theses,photoelectrocatalytic biomass,0.5738,6
422,theses,photoelectrocatalytic systems,0.5593,7
422,theses,photocatalytic,0.5567,8
423,theses,wastewater management,0.6613,1
423,theses,integrated wastewater,0.6129,2
423,theses,wastewater include,0.5663,3
423,theses,wastewater flow,0.5456,4
423,theses,urban wastewater,0.5445,5
423,theses,wastewater,0.5276,6
423,theses,novel wastewater,0.5037,7
423,theses,treat sewage,0.4939,8
424,theses,iterative optimization,0.4436,1
424,theses,multilevel voxel,0.4314,2
424,theses,reconstruct physical,0.4102,3
424,theses,voxel hierarchically,0.4034,4
424,theses,optimization process,0.3989,5
424,theses,grid optimization,0.3974,6
424,theses,discretization voxel,0.3878,7
424,theses,electromagnetics inverse,0.3823,8
426,theses,cytoplasmic dynein,0.5592,1
426,theses,dynein molecule,0.5515,2
426,theses,dynein complex,0.551,3
426,theses,molecule dynein,0.5491,4
426,theses,dynein vivo,0.5421,5
426,theses,dynactin dynein,0.5235,6
426,theses,dynein regulator,0.5099,7
426,theses,processive dynein,0.509,8
429,theses,ethanol droplet,0.5983,1
429,theses,droplet ethanol,0.5952,2
429,theses,evaporation droplet,0.5485,3
429,theses,water droplet,0.4846,4
429,theses,flow evaporate,0.4593,5
429,theses,dispensing ethanol,0.4564,6
429,theses,ethanol water,0.4377,7
429,theses,droplet mix,0.4355,8
430,theses,visualization allow,0.5157,1
430,theses,visualization design,0.5064,2
430,theses,visualization establish,0.5063,3
430,theses,reinforce visualization,0.4952,4
430,theses,visualization tool,0.4796,5
430,theses,advance visualization,0.4789,6
430,theses,design graphical,0.4733,7
430,theses,study graphical,0.4728,8
431,theses,granular flow,0.6293,1
431,theses,rigid granular,0.5448,2
431,theses,steady granular,0.5205,3
431,theses,granular material,0.5037,4
431,theses,flow material,0.5033,5
431,theses,dense granular,0.4926,6
431,theses,granular particle,0.4881,7
431,theses,material granular,0.4865,8
432,theses,structures rock,0.456,1
432,theses,structure rock,0.4515,2
432,theses,tunnel rock,0.451,3
432,theses,description rock,0.4355,4
432,theses,characterization rock,0.4066,5
432,theses,ranking rock,0.3786,6
432,theses,reliability analysis,0.3768,7
432,theses,jointed rock,0.3742,8
433,theses,renewable photovoltaic,0.5568,1
433,theses,pv generator,0.553,2
433,theses,photovoltaic pv,0.501,3
433,theses,photovoltaic power,0.4807,4
433,theses,pv control,0.48,5
433,theses,pv generation,0.4776,6
433,theses,pv power,0.4746,7
433,theses,generate pv,0.4434,8
428,theses,multimedia network,0.7787,1
428,theses,interactive multimedia,0.6161,2
428,theses,multimedia,0.5964,3
428,theses,resource allocation,0.583,4
428,theses,allocation schemes,0.4872,5
428,theses,base interactive,0.4301,6
428,theses,allocation,0.4121,7
428,theses,interactive,0.3645,8
434,theses,development electrocatalyst,0.6235,1
434,theses,nanomaterial electrocatalysis,0.586,2
434,theses,nanostructure electrocatalytic,0.5713,3
434,theses,electrocatalyst essential,0.553,4
434,theses,electrocatalyst,0.537,5
434,theses,electrocatalysis,0.5341,6
434,theses,electrocatalytic,0.531,7
434,theses,benchmark electrocatalyst,0.5198,8
436,theses,node wireless,0.4984,1
436,theses,networked embedded,0.4857,2
436,theses,network sensor,0.4774,3
436,theses,network resource,0.4553,4
436,theses,node network,0.436,5
436,theses,transmit node,0.4271,6
436,theses,embedded systems,0.4244,7
436,theses,network challenge,0.4182,8
437,theses,levitate magnetic,0.5828,1
437,theses,diamagnetically levitated,0.5211,2
437,theses,trap magnetic,0.4664,3
437,theses,levitated nano,0.4617,4
437,theses,levitation height,0.4386,5
437,theses,nano positioner,0.4334,6
437,theses,dof actuator,0.4274,7
437,theses,magnetic stage,0.424,8
438,theses,thermodynamic metal,0.5262,1
438,theses,deformation metal,0.5155,2
438,theses,engineer metal,0.4755,3
438,theses,thermo mechanical,0.4676,4
438,theses,plastic deformation,0.4435,5
438,theses,metallic alloy,0.4357,6
438,theses,temperature strain,0.4346,7
438,theses,viscoplaticity metal,0.4174,8
440,theses,turbine duct,0.5478,1
440,theses,duct framework,0.5091,2
440,theses,duct performance,0.492,3
440,theses,parameter duct,0.4713,4
440,theses,pressure turbine,0.4673,5
440,theses,framework duct,0.4633,6
440,theses,ratio duct,0.4512,7
440,theses,flow regime,0.4368,8
442,theses,graphite synergistically,0.4728,1
442,theses,graphite guide,0.4532,2
442,theses,graphene oxide,0.4266,3
442,theses,purity graphite,0.4263,4
442,theses,engineering graphene,0.4037,5
442,theses,graphite,0.3935,6
442,theses,graphite different,0.3865,7
442,theses,graphite lattice,0.3817,8
444,theses,fabrication wearable,0.5449,1
444,theses,sensor inkjet,0.4979,2
444,theses,wearable strain,0.4687,3
444,theses,fabrication strain,0.4679,4
444,theses,strain sensors,0.4559,5
444,theses,device fabrication,0.4423,6
444,theses,inkjet,0.4393,7
444,theses,scalable fabrication,0.4313,8
445,theses,performance thermoelectric,0.5827,1
445,theses,design thermoelectric,0.5801,2
445,theses,designing thermoelectric,0.5689,3
445,theses,thermoelectric materials,0.5541,4
445,theses,thermoelectric material,0.5231,5
445,theses,thermoelectric,0.5121,6
445,theses,electronic thermal,0.4875,7
445,theses,base thermoelectric,0.4565,8
446,theses,alloy alloying,0.4816,1
446,theses,recrystallization ni,0.4804,2
446,theses,result alloy,0.4774,3
446,theses,addition alloying,0.4693,4
446,theses,alloying,0.4691,5
446,theses,type alloy,0.4682,6
446,theses,ni alloy,0.4667,7
446,theses,alloying addition,0.459,8
447,theses,sensor network,0.4322,1
447,theses,sensor networks,0.426,2
447,theses,conventional wsn,0.4139,3
447,theses,wireless sensor,0.4094,4
447,theses,performance wsn,0.3981,5
447,theses,wsns study,0.3976,6
447,theses,techniques wireless,0.3934,7
447,theses,wsn energy,0.3857,8
448,theses,temperature creep,0.4233,1
448,theses,crystal polycrystalline,0.3898,2
448,theses,polycrystalline material,0.3848,3
448,theses,creep stress,0.3847,4
448,theses,density stress,0.3707,5
448,theses,creep test,0.3612,6
448,theses,mechanism creep,0.3438,7
448,theses,creep insights,0.3331,8
449,theses,dynamic rheology,0.5439,1
449,theses,particle elastic,0.4663,2
449,theses,viscoelastic particle,0.4619,3
449,theses,dynamic elastic,0.4564,4
449,theses,deformable particles,0.4397,5
449,theses,viscoelastic,0.439,6
449,theses,dynamic rigid,0.4296,7
449,theses,elastic viscoelastic,0.4187,8
450,theses,microstructure solidification,0.6392,1
450,theses,eutectic solidification,0.6276,2
450,theses,solidification eutectic,0.6077,3
450,theses,eutectic microstructure,0.5184,4
450,theses,solidification directional,0.5146,5
450,theses,directional solidification,0.5058,6
450,theses,solidification configuration,0.5037,7
450,theses,exotic solidification,0.4982,8
451,theses,eutectic alloy,0.4726,1
451,theses,alloy grow,0.4435,2
451,theses,alloy emerge,0.4265,3
451,theses,alloy solder,0.4208,4
451,theses,alloy,0.4172,5
451,theses,solder alloy,0.4161,6
451,theses,cast alloy,0.4122,7
451,theses,explore microstructure,0.4002,8
453,theses,sns2 semiconductor,0.5266,1
453,theses,metal dichalcogenides,0.5021,2
453,theses,wse2 mos2,0.4929,3
453,theses,3d semiconductor,0.4831,4
453,theses,metal dichalcogenide,0.4828,5
453,theses,lmdcs mos2,0.4806,6
453,theses,mos2 sns2,0.4786,7
453,theses,dichalcogenide lmdcs,0.4714,8
454,theses,multimode waveguide,0.5394,1
454,theses,integrated optic,0.5094,2
454,theses,waveguide modulator,0.508,3
454,theses,waveguide design,0.4636,4
454,theses,waveguide propose,0.4487,5
454,theses,mode optical,0.4452,6
454,theses,optical communication,0.4394,7
454,theses,dualmode waveguide,0.4384,8
459,theses,solar thermal,0.4972,1
459,theses,thermal analysis,0.4008,2
459,theses,pressurized solar,0.3846,3
459,theses,heating sun,0.3788,4
459,theses,thermal receiver,0.3614,5
459,theses,include thermal,0.3594,6
459,theses,sun experimental,0.3567,7
459,theses,receiver thermal,0.354,8
460,theses,satellite attitude,0.5822,1
460,theses,landmarks attitude,0.504,2
460,theses,camera landmark,0.4922,3
460,theses,landmark view,0.4639,4
460,theses,planetary landmarks,0.4601,5
460,theses,attitude determination,0.4584,6
460,theses,landmark angle,0.4516,7
460,theses,determination satellite,0.4473,8
461,theses,exciton monolayer,0.5912,1
461,theses,dichalcogenide excitons,0.5617,2
461,theses,excitons quasiparticle,0.4824,3
461,theses,metal dichalcogenides,0.4337,4
461,theses,confine exciton,0.4315,5
461,theses,bright exciton,0.4219,6
461,theses,exciton host,0.4154,7
461,theses,excitons,0.4067,8
462,theses,base elisa,0.5174,1
462,theses,elisa platform,0.5133,2
462,theses,immunoassay device,0.4965,3
462,theses,assay elisa,0.4938,4
462,theses,elisa assay,0.4422,5
462,theses,elisa consequently,0.4375,6
462,theses,immunosorbent assay,0.4364,7
462,theses,port elisa,0.4154,8
471,theses,shape constrain,0.6489,1
471,theses,segmentation applications,0.6435,2
471,theses,image segmentation,0.6013,3
471,theses,segmentation,0.5913,4
471,theses,biomedical image,0.5443,5
471,theses,constrain biomedical,0.5262,6
471,theses,shape,0.4044,7
471,theses,constrain,0.3682,8
476,theses,na2mn3o7 consist,0.5107,1
476,theses,ev na2mn3o7,0.4886,2
476,theses,na2mn3o7 versatile,0.4842,3
476,theses,na2mn3o7 easily,0.47,4
476,theses,battery cathodes,0.4692,5
476,theses,layered na2mn3o7,0.4643,6
476,theses,na2mn3o7,0.461,7
476,theses,mn3o7,0.4602,8
478,theses,scale fabrics,0.6769,1
478,theses,fabrics implementation,0.6313,2
478,theses,implementation fabrics,0.5956,3
478,theses,permeability modeling,0.5664,4
478,theses,fabrics undergoing,0.4868,5
478,theses,fabrics,0.4818,6
478,theses,permeability,0.4517,7
478,theses,shear abstract,0.3607,8
479,theses,conductivity dna,0.6325,1
479,theses,dna phonon,0.614,2
479,theses,phonon dispersion,0.5169,3
479,theses,thermal conductivity,0.51,4
479,theses,molecular simulation,0.4315,5
479,theses,phonon,0.4074,6
479,theses,simulation thermal,0.3968,7
479,theses,conductivity,0.3594,8
480,theses,mg alloy,0.4918,1
480,theses,magnesium alloys,0.4571,2
480,theses,alloys magnesium,0.4506,3
480,theses,magnesium alloy,0.4444,4
480,theses,alloy notch,0.4327,5
480,theses,alloy fracture,0.3723,6
480,theses,alloy perform,0.3695,7
480,theses,fracture experiment,0.3622,8
483,theses,thermal efefcts,0.5703,1
483,theses,drilling damage,0.5148,2
483,theses,efefcts experimental,0.4751,3
483,theses,damage laminated,0.4465,4
483,theses,efefcts,0.4153,5
483,theses,laminated polymer,0.3419,6
483,theses,drilling,0.3284,7
483,theses,polymer matrix,0.2972,8
485,theses,entropy alloy,0.6649,1
485,theses,alloy improved,0.556,2
485,theses,fe contain,0.5258,3
485,theses,development fe,0.5186,4
485,theses,alloy,0.5002,5
485,theses,fe,0.4519,6
485,theses,high entropy,0.4228,7
485,theses,entropy,0.3583,8
486,theses,shallow bedrock,0.6348,1
486,theses,bedrock sites,0.5982,2
486,theses,subsurface profiling,0.5652,3
486,theses,2d site,0.4394,4
486,theses,bedrock,0.4265,5
486,theses,sites integrated,0.4252,6
486,theses,profiling shallow,0.4095,7
486,theses,site response,0.3677,8
487,theses,gaze controlled,0.6801,1
487,theses,intelligent gaze,0.5635,2
487,theses,gaze,0.5028,3
487,theses,controlled interface,0.4755,4
487,theses,mobility environment,0.4447,5
487,theses,limited mobility,0.438,6
487,theses,interface limited,0.4336,7
487,theses,mobility,0.3988,8
488,theses,adaptive reduce,0.4675,1
488,theses,posteriori error,0.4356,2
488,theses,error estimator,0.4207,3
488,theses,application uncertainty,0.4093,4
488,theses,order modeling,0.402,5
488,theses,uncertainty quantification,0.3831,6
488,theses,uncertainty,0.3721,7
488,theses,adaptive,0.3586,8
467,theses,esd reliability,0.7349,1
467,theses,cmos devices,0.5235,2
467,theses,esd,0.5229,3
467,theses,cmo cmos,0.5052,4
467,theses,cmos,0.4849,5
467,theses,voltage cmo,0.4393,6
467,theses,reliability physics,0.4113,7
467,theses,reliability aware,0.4063,8
468,theses,barrier antimicrobial,0.7503,1
468,theses,antimicrobial,0.5469,2
468,theses,bacterial cell,0.5173,3
468,theses,antimicrobial available,0.4778,4
468,theses,differential barrier,0.4416,5
468,theses,bacterial,0.4312,6
468,theses,investigation bacterial,0.4156,7
468,theses,cell envelope,0.3622,8
469,theses,nonlocal continuum,0.6618,1
469,theses,theories elasticity,0.6394,2
469,theses,continuum theories,0.6302,3
469,theses,elasticity available,0.5602,4
469,theses,elasticity,0.5359,5
469,theses,motion nonlocal,0.4714,6
469,theses,wave motion,0.4606,7
469,theses,analysis wave,0.4523,8
489,theses,coded packets,0.7017,1
489,theses,forwarding coded,0.673,2
489,theses,packets broadcasting,0.6646,3
489,theses,probabilistic forwarding,0.638,4
489,theses,broadcasting networks,0.5733,5
489,theses,packets,0.4904,6
489,theses,forwarding,0.4805,7
489,theses,broadcasting,0.4409,8
490,theses,solar selective,0.5838,1
490,theses,selective coatings,0.5613,2
490,theses,multilayer solar,0.5515,3
490,theses,concentrated solar,0.4261,4
490,theses,metal boride,0.3934,5
490,theses,coatings concentrated,0.3933,6
490,theses,boride base,0.3732,7
490,theses,coatings,0.3677,8
491,theses,accelerometer cavity,0.5262,1
491,theses,accelerometer utilise,0.4959,2
491,theses,accelerometers,0.4649,3
491,theses,entrant microwave,0.4591,4
491,theses,accelerometer accelerometers,0.4558,5
491,theses,accelerometer,0.4536,6
491,theses,propose accelerometer,0.4482,7
491,theses,mass accelerometer,0.4453,8
492,theses,electrolyte alkali,0.6695,1
492,theses,liquid electrolyte,0.5862,2
492,theses,electrolyte,0.5453,3
492,theses,rechargeable battery,0.5062,4
492,theses,base rechargeable,0.5003,5
492,theses,alkali metal,0.4848,6
492,theses,alkali,0.4457,7
492,theses,soft matter,0.4411,8
493,theses,plastic viscoplastic,0.657,1
493,theses,uniaxial plastic,0.5481,2
493,theses,viscoplastic,0.5231,3
493,theses,viscoplastic behavior,0.5212,4
493,theses,bend mechanistic,0.4914,5
493,theses,extraction,0.4575,6
493,theses,extraction equivalent,0.3951,7
493,theses,behavior bend,0.3861,8
495,theses,catalyst electrochemical,0.6197,1
495,theses,atom catalyst,0.6016,2
495,theses,electrochemical energy,0.5297,3
495,theses,electrochemical,0.4574,4
495,theses,energy conversion,0.4306,5
495,theses,double atom,0.4042,6
495,theses,conversion storage,0.3993,7
495,theses,catalyst,0.3829,8
496,theses,scheduling algorithm,0.578,1
496,theses,network cloud,0.5349,2
496,theses,cloud computing,0.5287,3
496,theses,algorithm wireless,0.516,4
496,theses,scheduling,0.4354,5
496,theses,wireless network,0.3988,6
496,theses,computing platform,0.3958,7
496,theses,cloud,0.3713,8
497,theses,vnfs edge,0.6218,1
497,theses,placement traffic,0.5326,2
497,theses,steering vnfs,0.5284,3
497,theses,vnfs,0.4825,4
497,theses,center network,0.4693,5
497,theses,optimal placement,0.4472,6
497,theses,datum center,0.4284,7
497,theses,edge server,0.3888,8
499,theses,algorithm mmwave,0.6068,1
499,theses,mimo ofdm,0.5558,2
499,theses,mmwave massive,0.5338,3
499,theses,massive mimo,0.5038,4
499,theses,mmwave,0.4918,5
499,theses,mimo,0.4183,6
499,theses,ofdm low,0.3875,7
499,theses,ofdm,0.3588,8
519,theses,catchment scale,0.7101,1
519,theses,hydrological modelling,0.6829,2
519,theses,understand catchment,0.6752,3
519,theses,process hydrological,0.6428,4
519,theses,hydrological,0.5499,5
519,theses,catchment,0.5486,6
519,theses,scale process,0.4908,7
519,theses,modelling informationtheoretic,0.4288,8
539,theses,cu joint,0.565,1
539,theses,temperature mechanical,0.5132,2
539,theses,sn cu,0.4493,3
539,theses,mechanic material,0.372,4
539,theses,joint mechanic,0.357,5
539,theses,sn,0.3135,6
539,theses,mechanical behavior,0.3122,7
539,theses,mechanical,0.2961,8
546,theses,fade channel,0.5604,1
546,theses,static fade,0.5546,2
546,theses,file transmission,0.5063,3
546,theses,transmission power,0.4516,4
546,theses,transmission,0.4472,5
546,theses,delay file,0.4338,6
546,theses,low delay,0.4026,7
546,theses,fade,0.3971,8
547,theses,polyurethane shelf,0.5789,1
547,theses,urological reconstruction,0.5734,2
547,theses,base polyurethane,0.553,3
547,theses,polyurethane,0.5279,4
547,theses,platform urological,0.5194,5
547,theses,multifunctional polydimethylsiloxane,0.4768,6
547,theses,polydimethylsiloxane base,0.4666,7
547,theses,shelf alloplastic,0.4662,8
548,theses,infrared wavelength,0.6005,1
548,theses,wavelength regime,0.4769,2
548,theses,structure photonic,0.4616,3
548,theses,photonic application,0.4546,4
548,theses,wavelength,0.444,5
548,theses,mode resonant,0.4392,6
548,theses,infrared,0.4283,7
548,theses,near infrared,0.4231,8
549,theses,fast mri,0.5377,1
549,theses,mri anatomical,0.5072,2
549,theses,mri,0.467,3
549,theses,deep learning,0.45,4
549,theses,quantitative imaging,0.4471,5
549,theses,image reconstruction,0.4039,6
549,theses,imaging available,0.4013,7
549,theses,imaging,0.3982,8
550,theses,circuit reliability,0.583,1
550,theses,reliability design,0.5213,2
550,theses,power device,0.492,3
550,theses,reliability,0.4532,4
550,theses,device circuit,0.4468,5
550,theses,high voltage,0.435,6
550,theses,voltage power,0.3344,7
550,theses,circuit,0.303,8
551,theses,metal foam,0.6016,1
551,theses,foam diverse,0.5804,2
551,theses,pore metal,0.5646,3
551,theses,open pore,0.5456,4
551,theses,foam,0.5413,5
551,theses,pore,0.3864,6
551,theses,metal,0.2385,7
551,theses,study open,0.1974,8
552,theses,base nanoelectronic,0.6138,1
552,theses,nanoelectronic device,0.5964,2
552,theses,nanoelectronic,0.5628,3
552,theses,atomic level,0.4808,4
552,theses,atomic,0.353,5
552,theses,2d material,0.3524,6
552,theses,roadblock reliability,0.347,7
552,theses,material base,0.3382,8
554,theses,discrete particulate,0.5873,1
554,theses,particulate description,0.544,2
554,theses,deformation dynamic,0.5387,3
554,theses,nonlinear deformation,0.5152,4
554,theses,dynamic particle,0.4911,5
554,theses,elastic structure,0.4853,6
554,theses,deformation,0.4426,7
554,theses,description elastic,0.4238,8
557,theses,relate representation,0.6789,1
557,theses,representation deep,0.6429,2
557,theses,learning brain,0.5248,3
557,theses,representation,0.51,4
557,theses,deep learning,0.5091,5
557,theses,brain available,0.4864,6
557,theses,brain,0.4234,7
557,theses,relate,0.3826,8
564,theses,additive manufacturing,0.6848,1
564,theses,metal polymer,0.5616,2
564,theses,polymer additive,0.5431,3
564,theses,hybrid metal,0.4758,4
564,theses,manufacturing available,0.4263,5
564,theses,polymer,0.419,6
564,theses,manufacturing,0.3906,7
564,theses,development hybrid,0.3699,8
534,theses,electrochemical behavior,0.5508,1
534,theses,electrochemical,0.5399,2
534,theses,oxide cathode,0.5087,3
534,theses,ion battery,0.5028,4
534,theses,anionic redox,0.4397,5
534,theses,redox reaction,0.4337,6
534,theses,battery study,0.4233,7
534,theses,alkali ion,0.4017,8
569,theses,sound asthmatic,0.7225,1
569,theses,analysis vocal,0.6369,2
569,theses,asthmatic patient,0.6286,3
569,theses,asthmatic,0.5439,4
569,theses,vocal sound,0.5338,5
569,theses,vocal,0.4563,6
569,theses,sound,0.2481,7
569,theses,analysis,0.2152,8
571,theses,hydrocarbon conversion,0.5075,1
571,theses,arc reactor,0.498,2
571,theses,glide arc,0.4891,3
571,theses,rotate glide,0.4865,4
571,theses,dilute hydrocarbon,0.4536,5
571,theses,reactor dilute,0.385,6
571,theses,reactor,0.3278,7
571,theses,glide,0.3276,8
572,theses,layer heterostructure,0.6039,1
572,theses,heterostructure available,0.519,2
572,theses,heterostructure,0.5153,3
572,theses,drive carrier,0.5095,4
572,theses,carrier transport,0.4409,5
572,theses,transport layer,0.4307,6
572,theses,wave drive,0.4145,7
572,theses,density wave,0.3655,8
579,theses,population vascular,0.5073,1
579,theses,vascular environment,0.4784,2
579,theses,rare cell,0.42,3
579,theses,vascular,0.4152,4
579,theses,isolation rare,0.4142,5
579,theses,deploy orthogonal,0.4039,6
579,theses,turn isolation,0.3857,7
579,theses,cell population,0.3071,8
580,theses,timbre spatialisation,0.726,1
580,theses,auditory timbre,0.6956,2
580,theses,auditory,0.5708,3
580,theses,spatialisation signal,0.5689,4
580,theses,spatialisation,0.4462,5
580,theses,perception source,0.4366,6
580,theses,analysis perception,0.4361,7
580,theses,timbre,0.3979,8
581,theses,photonics protocol,0.7069,1
581,theses,technology photonics,0.6082,2
581,theses,photonics,0.5134,3
581,theses,quantum information,0.4441,4
581,theses,dimensional quantum,0.4057,5
581,theses,quantum,0.391,6
581,theses,protocol development,0.367,7
581,theses,protocol,0.3041,8
582,theses,polymeric insulator,0.8132,1
582,theses,voltage polymeric,0.6721,2
582,theses,insulator,0.615,3
582,theses,insulator available,0.5936,4
582,theses,high voltage,0.4785,5
582,theses,polymeric,0.3643,6
582,theses,voltage,0.3354,7
582,theses,high,0.0751,8
584,theses,flame inhibitor,0.8066,1
584,theses,active flame,0.5634,2
584,theses,flame,0.4785,3
584,theses,inhibitor,0.3897,4
584,theses,inhibitor abstract,0.3821,5
584,theses,experimental numerical,0.361,6
584,theses,studies chemically,0.3523,7
584,theses,chemically active,0.3374,8
585,theses,machine emulation,0.759,1
585,theses,emulation platform,0.6819,2
585,theses,reconfigurable synchronous,0.6392,3
585,theses,emulation,0.6219,4
585,theses,synchronous machine,0.5987,5
585,theses,development reconfigurable,0.5674,6
585,theses,reconfigurable,0.4668,7
585,theses,platform abstract,0.3897,8
586,theses,modelling stabilization,0.4973,1
586,theses,power amplification,0.4889,2
586,theses,loop simulation,0.4803,3
586,theses,hardware loop,0.4643,4
586,theses,amplification power,0.4335,5
586,theses,stabilization methods,0.4282,6
586,theses,power hardware,0.4191,7
586,theses,stabilization,0.386,8
587,theses,search catalysts,0.5613,1
587,theses,catalytic performance,0.5569,2
587,theses,efficient catalyst,0.5472,3
587,theses,alloy catalyst,0.5435,4
587,theses,propose catalyst,0.5434,5
587,theses,new catalyst,0.5423,6
587,theses,catalysts,0.5316,7
587,theses,catalyst,0.5141,8
592,theses,enhancement corrosion,0.5697,1
592,theses,promising corrosion,0.5473,2
592,theses,hea corrosion,0.5441,3
592,theses,corrosion resistance,0.5378,4
592,theses,corrosion work,0.5112,5
592,theses,high corrosion,0.507,6
592,theses,corrosion,0.4982,7
592,theses,accelerated corrosion,0.4948,8
593,theses,self supervised,0.5313,1
593,theses,annotate training,0.5229,2
593,theses,vision tasks,0.4934,3
593,theses,supervised,0.4896,4
593,theses,vision task,0.4689,5
593,theses,human annotation,0.4659,6
593,theses,training example,0.4553,7
593,theses,supervised domain,0.4547,8
595,theses,embeddings knowledge,0.4923,1
595,theses,knowledge graph,0.4774,2
595,theses,knowledge graphs,0.4548,3
595,theses,query embedkgqa,0.4371,4
595,theses,embedkgqa particularly,0.423,5
595,theses,question answering,0.4222,6
595,theses,propose embedkgqa,0.4203,7
595,theses,kg embeddings,0.3962,8
590,theses,semiconductor,0.4906,1
590,theses,dichalcogenide semiconductor,0.4739,2
590,theses,layered semiconductor,0.472,3
590,theses,tunable optoelectronic,0.4614,4
590,theses,optoelectronic,0.45,5
590,theses,semiconductor base,0.4499,6
590,theses,electrical optoelectrical,0.4393,7
590,theses,optoelectrical,0.4386,8
1236,theses,hybrid noc,0.7248,1
1236,theses,noc core,0.7207,2
1236,theses,core processor,0.6095,3
1236,theses,processor architecture,0.596,4
1236,theses,processor,0.4985,5
1236,theses,intelligent hybrid,0.476,6
1236,theses,noc,0.4603,7
1236,theses,core,0.4125,8
452,theses,piezoelectric ceramic,0.6345,1
452,theses,base piezoelectric,0.6218,2
452,theses,piezoelectric study,0.5903,3
452,theses,piezoceramic ferroelectric,0.5732,4
452,theses,ferroelectric piezoelectric,0.5717,5
452,theses,piezoelectric,0.5716,6
452,theses,piezoelectric material,0.5713,7
452,theses,dielectric piezoelectric,0.5509,8
575,theses,microstructure corrosion,0.6668,1
575,theses,electrodeposite nickel,0.6208,2
575,theses,corrosion property,0.5996,3
575,theses,corrosion,0.5653,4
575,theses,nickel zinc,0.5452,5
575,theses,property electrodeposite,0.5059,6
575,theses,base coating,0.493,7
575,theses,zinc base,0.46,8
576,theses,sic mosfet,0.6312,1
576,theses,dynamic sic,0.5156,2
576,theses,modelling switch,0.4734,3
576,theses,switch dynamic,0.4402,4
576,theses,mosfet available,0.4187,5
576,theses,mosfet,0.4051,6
576,theses,characterization modelling,0.3655,7
576,theses,sic,0.3403,8
455,theses,broadband photodetector,0.6195,1
455,theses,photodetector application,0.5345,2
455,theses,oxide semiconductor,0.5186,3
455,theses,photodetector,0.4747,4
455,theses,semiconductor base,0.4346,5
455,theses,semiconductor,0.4082,6
455,theses,integrate oxide,0.3412,7
455,theses,hybrid device,0.3207,8
577,theses,compression distribute,0.7563,1
577,theses,compression,0.6254,2
577,theses,distribute optimization,0.5994,3
577,theses,optimization timely,0.5707,4
577,theses,timely update,0.4955,5
577,theses,optimization,0.4014,6
577,theses,distribute,0.3931,7
577,theses,update available,0.3399,8
578,theses,axial loading,0.5571,1
578,theses,dynamic torsional,0.5266,2
578,theses,soil sequential,0.5122,3
578,theses,cyclic axial,0.4861,4
578,theses,characteristic soil,0.473,5
578,theses,torsional cyclic,0.4502,6
578,theses,deformation characteristic,0.4261,7
578,theses,deformation,0.4141,8
602,theses,transmitter energy,0.4897,1
602,theses,wireless information,0.4848,2
602,theses,communication energy,0.4818,3
602,theses,wireless channels,0.4769,4
602,theses,channel energy,0.4763,5
602,theses,wireless channel,0.464,6
602,theses,simultaneous wireless,0.4557,7
602,theses,channels energy,0.4466,8
604,theses,heat storage,0.4574,1
604,theses,energy storage,0.4469,2
604,theses,use thermal,0.3818,3
604,theses,heat capacity,0.359,4
604,theses,energy deployment,0.3574,5
604,theses,storage tank,0.3519,6
604,theses,specific heat,0.3439,7
604,theses,application thermo,0.3399,8
606,theses,spectral mixture,0.5848,1
606,theses,hyperspectral,0.5322,2
606,theses,sensing soil,0.5298,3
606,theses,remote sensing,0.5212,4
606,theses,hyperspectral remote,0.4756,5
606,theses,context spectral,0.4497,6
606,theses,soil property,0.4143,7
606,theses,mixture abstract,0.4044,8
607,theses,disasters game,0.7104,1
607,theses,natural disasters,0.6263,2
607,theses,disasters,0.5444,3
607,theses,allocation natural,0.4601,4
607,theses,game theoretic,0.4403,5
607,theses,resource allocation,0.4259,6
607,theses,allocation,0.3977,7
607,theses,theoretic framework,0.2809,8
608,theses,communication radar,0.5865,1
608,theses,millimeter wave,0.5851,2
608,theses,radar based,0.5482,3
608,theses,broadband millimeter,0.5313,4
608,theses,radar,0.5069,5
608,theses,cmo transceiver,0.4684,6
608,theses,wave cmo,0.4167,7
608,theses,based sensing,0.3481,8
609,theses,bioreactor hydrodynamic,0.6681,1
609,theses,optimization wastewater,0.6596,2
609,theses,process bioreactor,0.6131,3
609,theses,hydrodynamic biokinetic,0.597,4
609,theses,wastewater treatment,0.5653,5
609,theses,biokinetic modeling,0.5536,6
609,theses,wastewater,0.4887,7
609,theses,bioreactor,0.4631,8
619,theses,efficient deep,0.6256,1
619,theses,datum efficient,0.5585,2
619,theses,deep learning,0.542,3
619,theses,computer vision,0.4779,4
619,theses,vision applications,0.4312,5
619,theses,datum,0.427,6
619,theses,vision,0.3609,7
619,theses,algorithms computer,0.3412,8
621,theses,adsorption cooling,0.7481,1
621,theses,cooled silica,0.5981,2
621,theses,water adsorption,0.5824,3
621,theses,adsorption,0.5033,4
621,theses,silica gel,0.4758,5
621,theses,air cooled,0.4709,6
621,theses,gel water,0.4505,7
621,theses,cooling,0.3957,8
622,theses,surface roughness,0.6618,1
622,theses,boundary layer,0.5359,2
622,theses,layer transition,0.5049,3
622,theses,control boundary,0.4445,4
622,theses,distributed surface,0.4372,5
622,theses,roughness,0.413,6
622,theses,surface,0.3763,7
622,theses,boundary,0.3638,8
623,theses,granular material,0.7505,1
623,theses,dense granular,0.7213,2
623,theses,micromechanical understanding,0.6169,3
623,theses,granular,0.5972,4
623,theses,micromechanical,0.5866,5
623,theses,understanding macroscopic,0.4246,6
623,theses,macroscopic feature,0.4211,7
623,theses,macroscopic,0.3791,8
624,theses,networked control,0.695,1
624,theses,trigger networked,0.662,2
624,theses,state trigger,0.6093,3
624,theses,aware state,0.5419,4
624,theses,resource aware,0.4603,5
624,theses,networked,0.3838,6
624,theses,trigger,0.3673,7
624,theses,control,0.362,8
625,theses,plasticity gene,0.5782,1
625,theses,gene regulatory,0.5103,2
625,theses,regulatory networks,0.4955,3
625,theses,robustness plasticity,0.4889,4
625,theses,phenotypic robustness,0.4781,5
625,theses,cancer metastasis,0.3926,6
625,theses,gene,0.39,7
625,theses,plasticity,0.3425,8
626,theses,compiler hardware,0.6825,1
626,theses,synthesis compiler,0.6766,2
626,theses,mlir base,0.5453,3
626,theses,hardware accelerator,0.5381,4
626,theses,compiler,0.5203,5
626,theses,accelerator design,0.5154,6
626,theses,level synthesis,0.5023,7
626,theses,synthesis,0.4758,8
629,theses,pd alloys,0.6161,1
629,theses,orientation temperature,0.476,2
629,theses,nial pt,0.4686,3
629,theses,alloys effect,0.4536,4
629,theses,alloys,0.4453,5
629,theses,pt pd,0.4079,6
629,theses,mechanical behavior,0.2974,7
629,theses,pt,0.2857,8
633,theses,participatory budgeting,0.7812,1
633,theses,fairness participatory,0.7415,2
633,theses,budgeting,0.6171,3
633,theses,maximization fairness,0.6103,4
633,theses,welfare maximization,0.551,5
633,theses,participatory,0.4987,6
633,theses,welfare,0.4782,7
633,theses,explore welfare,0.4661,8
636,theses,nanomaterials electrocatalytic,0.7956,1
636,theses,electrocatalytic applications,0.7125,2
636,theses,electrocatalytic,0.6674,3
636,theses,electron microscopy,0.4955,4
636,theses,modulate nanomaterials,0.4904,5
636,theses,nanomaterials,0.4846,6
636,theses,microscopy investigations,0.3739,7
636,theses,electron,0.3692,8
637,theses,change protein,0.5924,1
637,theses,membrane drive,0.5748,2
637,theses,membrane,0.5022,3
637,theses,study membrane,0.4922,4
637,theses,structural change,0.4862,5
637,theses,protein,0.39,6
637,theses,secondary structural,0.3587,7
637,theses,structural,0.2879,8
640,theses,bacteriophage delivery,0.6821,1
640,theses,tb prevention,0.5796,2
640,theses,infection tb,0.578,3
640,theses,mediate bacteriophage,0.5767,4
640,theses,mycobacterium tuberculosis,0.5687,5
640,theses,tuberculosis infection,0.5554,6
640,theses,tuberculosis,0.4982,7
640,theses,bacteriophage,0.4913,8
642,theses,end resiliency,0.587,1
642,theses,cloud storage,0.5858,2
642,theses,storage services,0.5629,3
642,theses,resiliency analysis,0.5547,4
642,theses,framework cloud,0.4992,5
642,theses,resiliency,0.4732,6
642,theses,cloud,0.4204,7
642,theses,storage,0.4089,8
645,theses,semiconducte monolayer,0.6527,1
645,theses,complex semiconducte,0.5945,2
645,theses,twisted heterojunction,0.5754,3
645,theses,monolayer twisted,0.5547,4
645,theses,excitonic complex,0.5292,5
645,theses,semiconducte,0.464,6
645,theses,heterojunction,0.4322,7
645,theses,monolayer,0.3849,8
647,theses,hardware algorithmic,0.5627,1
647,theses,efficient hardware,0.5058,2
647,theses,low power,0.4594,3
647,theses,power intelligent,0.4495,4
647,theses,energy efficient,0.4197,5
647,theses,intelligent systems,0.4134,6
647,theses,design low,0.4063,7
647,theses,algorithmic techniques,0.3932,8
648,theses,alloy binary,0.5594,1
648,theses,solution alloy,0.5087,2
648,theses,creep behavior,0.448,3
648,theses,alloy,0.4261,4
648,theses,ni base,0.4243,5
648,theses,binary quaternary,0.4144,6
648,theses,base solid,0.3711,7
648,theses,creep,0.365,8
649,theses,tunnel analytical,0.6134,1
649,theses,twin tunnel,0.6106,2
649,theses,ground displacement,0.5381,3
649,theses,displacement stress,0.5211,4
649,theses,tunnel,0.5017,5
649,theses,displacement,0.3558,6
649,theses,numerical approach,0.3473,7
649,theses,analytical numerical,0.3066,8
650,theses,machine fault,0.5596,1
650,theses,early detection,0.4874,2
650,theses,generalized likelihood,0.4616,3
650,theses,detection machine,0.4513,4
650,theses,likelihood ratio,0.4257,5
650,theses,likelihood,0.3819,6
650,theses,detection,0.3545,7
650,theses,fault,0.3493,8
651,theses,forecasting event,0.6529,1
651,theses,processes forecasting,0.6035,2
651,theses,temporal point,0.5127,3
651,theses,forecasting,0.5049,4
651,theses,point processes,0.4959,5
651,theses,order network,0.431,6
651,theses,temporal,0.4274,7
651,theses,event higher,0.3996,8
652,theses,property fibre,0.5669,1
652,theses,fibre reinforce,0.5526,2
652,theses,reinforce composite,0.5082,3
652,theses,composite deep,0.5015,4
652,theses,fibre,0.4499,5
652,theses,deep learning,0.4237,6
652,theses,physical property,0.4135,7
652,theses,composite,0.3742,8
654,theses,diagnosis sleep,0.7428,1
654,theses,sleep staging,0.7369,2
654,theses,multimodal sleep,0.7339,3
654,theses,sleep disorders,0.7213,4
654,theses,staging diagnosis,0.4681,5
654,theses,sleep,0.446,6
654,theses,multimodal,0.3669,7
654,theses,staging,0.3447,8
655,theses,thermal battery,0.6423,1
655,theses,hydride base,0.4453,2
655,theses,metal hydride,0.4077,3
655,theses,couple thermal,0.3805,4
655,theses,hydride,0.3415,5
655,theses,battery,0.2772,6
655,theses,multifunctional couple,0.2681,7
655,theses,thermal,0.2469,8
656,theses,electrodeposited sn,0.5816,1
656,theses,microstructure corrosion,0.5609,2
656,theses,corrosion property,0.5179,3
656,theses,coating systems,0.5049,4
656,theses,corrosion,0.4941,5
656,theses,sn cu,0.465,6
656,theses,based coating,0.4649,7
656,theses,cu based,0.417,8
657,theses,electromagnetic computation,0.7081,1
657,theses,stochastic method,0.5927,2
657,theses,domain electromagnetic,0.5517,3
657,theses,electromagnetic,0.4152,4
657,theses,stochastic,0.4133,5
657,theses,method time,0.3453,6
657,theses,time domain,0.3114,7
657,theses,computation,0.2448,8
658,theses,evaporation atomization,0.7054,1
658,theses,polymer droplet,0.6623,2
658,theses,atomization precipitate,0.5843,3
658,theses,insight evaporation,0.5528,4
658,theses,evaporation,0.5362,5
658,theses,formation polymer,0.5284,6
658,theses,droplet,0.4594,7
658,theses,precipitate formation,0.4551,8
659,theses,3d bioprinting,0.618,1
659,theses,bioprinting complex,0.6053,2
659,theses,multifunctional gelatin,0.563,3
659,theses,biomimetic tissue,0.5588,4
659,theses,bioprinting,0.5432,5
659,theses,methacrylol bioink,0.5098,6
659,theses,gelatin methacrylol,0.505,7
659,theses,bioink 3d,0.4877,8
662,theses,inducible gene,0.5217,1
662,theses,bacterial cellular,0.513,2
662,theses,drug susceptibility,0.4903,3
662,theses,gene expression,0.4892,4
662,theses,expression drug,0.4064,5
662,theses,bacterial,0.4005,6
662,theses,gene,0.3638,7
662,theses,heterogeneity inducible,0.3212,8
663,theses,speaker diarization,0.7045,1
663,theses,diarization conversational,0.6333,2
663,theses,graph clustering,0.6108,3
663,theses,conversational speech,0.5261,4
663,theses,approaches speaker,0.4964,5
663,theses,clustering approaches,0.4721,6
663,theses,clustering,0.4612,7
663,theses,speaker,0.4457,8
665,theses,regularizations imaging,0.7514,1
665,theses,imaging inverse,0.6769,2
665,theses,base regularizations,0.545,3
665,theses,regularizations,0.536,4
665,theses,inverse problem,0.4496,5
665,theses,derivative base,0.4334,6
665,theses,imaging,0.4185,7
665,theses,inverse,0.4049,8
666,theses,level inverter,0.4987,1
666,theses,inverter fed,0.482,2
666,theses,inverter,0.4487,3
666,theses,overmodulation regions,0.4398,4
666,theses,linear overmodulation,0.436,5
666,theses,overmodulation,0.4012,6
666,theses,width modulation,0.3956,7
666,theses,modulation techniques,0.3584,8
347,theses,crowd analysis,0.6112,1
347,theses,methods crowd,0.5848,2
347,theses,architectures training,0.4799,3
347,theses,deep learning,0.4681,4
347,theses,training methods,0.3935,5
347,theses,learning approaches,0.392,6
347,theses,crowd,0.3875,7
347,theses,study deep,0.3815,8
667,theses,creep behavior,0.5337,1
667,theses,bend tests,0.4895,2
667,theses,structural microstructural,0.4781,3
667,theses,microstructural inhomogeneities,0.4425,4
667,theses,throughput bend,0.4078,5
667,theses,investigate creep,0.4009,6
667,theses,microstructural,0.3987,7
667,theses,creep,0.3917,8
668,theses,integrated photonics,0.6502,1
668,theses,adaptive wideband,0.51,2
668,theses,wideband microwave,0.4813,3
668,theses,photonics,0.4734,4
668,theses,reconfigurable integrated,0.4616,5
668,theses,microwave signal,0.4105,6
668,theses,processing reconfigurable,0.3914,7
668,theses,microwave,0.3295,8
669,theses,terminate electrodeposition,0.621,1
669,theses,platinum overlayer,0.5897,2
669,theses,electrodeposition,0.5236,3
669,theses,characterization fabrication,0.4546,4
669,theses,overlayer characterization,0.4175,5
669,theses,platinum,0.3649,6
669,theses,fabrication self,0.3533,7
669,theses,overlayer,0.3407,8
670,theses,molecular architectonics,0.6416,1
670,theses,synthesis fabrication,0.6037,2
670,theses,sensor base,0.5136,3
670,theses,architectonics synthesis,0.4307,4
670,theses,new molecular,0.4284,5
670,theses,sensor,0.4089,6
670,theses,fabrication application,0.3973,7
670,theses,synthesis,0.3941,8
672,theses,hydrological assessment,0.7146,1
672,theses,variate hydrological,0.6229,2
672,theses,hydrological,0.5738,3
672,theses,multi variate,0.3885,4
672,theses,site multi,0.3861,5
672,theses,assessment,0.3841,6
672,theses,multi site,0.3838,7
672,theses,informed multi,0.3833,8
676,theses,phase converters,0.4954,1
676,theses,converters topologies,0.4582,2
676,theses,capacitor base,0.4436,3
676,theses,control stability,0.413,4
676,theses,electrolytic capacitor,0.4006,5
676,theses,capacitor,0.3232,6
676,theses,converters,0.3098,7
676,theses,reduced electrolytic,0.3042,8
681,theses,cellular senescence,0.7093,1
681,theses,senescence unraveling,0.681,2
681,theses,dimension senescence,0.653,3
681,theses,senescence dimensional,0.6501,4
681,theses,senescence,0.5717,5
681,theses,dimensional scaffolds,0.5273,6
681,theses,scaffolds,0.4742,7
681,theses,unraveling cellular,0.4116,8
682,theses,pilot cognitive,0.6246,1
682,theses,ocular eeg,0.5854,2
682,theses,cognitive load,0.5781,3
682,theses,flight simulator,0.5289,4
682,theses,eeg parameter,0.5091,5
682,theses,cognitive,0.4325,6
682,theses,estimation flight,0.4199,7
682,theses,eeg,0.4035,8
683,theses,vitrimer chemistry,0.6849,1
683,theses,thermoplastic epoxy,0.646,2
683,theses,design vitrimer,0.6359,3
683,theses,epoxy design,0.5581,4
683,theses,vitrimer,0.5414,5
683,theses,epoxy,0.472,6
683,theses,thermoplastic,0.4615,7
683,theses,chemistry,0.1472,8
686,theses,grating sensor,0.5675,1
686,theses,fiber bragg,0.5646,2
686,theses,bragg grating,0.4987,3
686,theses,aerospace applications,0.4585,4
686,theses,devices aerospace,0.4228,5
686,theses,sensor devices,0.3588,6
686,theses,bragg,0.3587,7
686,theses,development fiber,0.3543,8
688,theses,piezotronic performance,0.8758,1
688,theses,2d piezotronic,0.8152,2
688,theses,piezotronic,0.6197,3
688,theses,performance functionality,0.428,4
688,theses,2d,0.3477,5
688,theses,performance,0.3393,6
688,theses,functionality,0.2101,7
689,theses,droplet microfluidics,0.6978,1
689,theses,pdms microspheres,0.6409,2
689,theses,microfluidics,0.638,3
689,theses,microfluidics study,0.6265,4
689,theses,microspheres tunable,0.5113,5
689,theses,microspheres,0.4924,6
689,theses,monodispersed pdms,0.4327,7
689,theses,rheology dense,0.4131,8
610,theses,gaze estimation,0.7408,1
610,theses,gaze,0.6323,2
610,theses,datasets usability,0.4414,3
610,theses,wild models,0.4286,4
610,theses,usability,0.4208,5
610,theses,estimation wild,0.4185,6
610,theses,wild,0.3147,7
610,theses,models datasets,0.3023,8
691,theses,ieee iec,0.4363,1
691,theses,iec,0.3938,2
691,theses,winding assess,0.3759,3
691,theses,frequencies transformers,0.3631,4
691,theses,transformer winding,0.3591,5
691,theses,parameter winding,0.3514,6
691,theses,transformer,0.3482,7
691,theses,frequency electr,0.343,8
697,theses,coal furnace,0.5038,1
697,theses,application ironmaking,0.4778,2
697,theses,furnace coal,0.4688,3
697,theses,coal primary,0.4639,4
697,theses,component coal,0.4634,5
697,theses,coal injection,0.463,6
697,theses,use coal,0.4278,7
697,theses,blast furnace,0.4261,8
698,theses,predict concrete,0.561,1
698,theses,concrete mechanical,0.5122,2
698,theses,concrete heterogeneous,0.5121,3
698,theses,heterogeneity concrete,0.4982,4
698,theses,aggregate concrete,0.4906,5
698,theses,framework concrete,0.4693,6
698,theses,concrete structural,0.4661,7
698,theses,mortar concrete,0.4418,8
699,theses,paraphrase generation,0.6448,1
699,theses,controlled paraphraser,0.5849,2
699,theses,generation paraphrase,0.5572,3
699,theses,paraphrase detection,0.5545,4
699,theses,paraphrase recognition,0.5536,5
699,theses,approach paraphrase,0.4956,6
699,theses,paraphraser sgcp,0.4881,7
699,theses,generation text,0.4746,8
664,theses,kinetic modeling,0.664,1
664,theses,modeling molecular,0.6091,2
664,theses,molecular dynamic,0.5694,3
664,theses,phenomenon kinetic,0.5649,4
664,theses,dynamic simulation,0.5272,5
664,theses,kinetic,0.493,6
664,theses,multiscale biological,0.4897,7
664,theses,simulation,0.4004,8
705,theses,nonlinear nanophotonic,0.7955,1
705,theses,nanophotonic,0.645,2
705,theses,material nonlinear,0.6148,3
705,theses,waal material,0.4135,4
705,theses,nonlinear,0.3716,5
705,theses,der waal,0.2985,6
705,theses,tailoring van,0.2767,7
705,theses,waal,0.2657,8
333,theses,frequency combs,0.6005,1
333,theses,silicon modulator,0.5637,2
333,theses,optical frequency,0.5492,3
333,theses,rate optical,0.4313,4
333,theses,modulator,0.4204,5
333,theses,modulator base,0.4008,6
333,theses,generation bandwidth,0.3799,7
333,theses,combs,0.3663,8
334,theses,storage private,0.5426,1
334,theses,streaming abstract,0.511,2
334,theses,private information,0.4862,3
334,theses,code distribute,0.4743,4
334,theses,distribute storage,0.4688,5
334,theses,latency streaming,0.4596,6
334,theses,streaming,0.4215,7
334,theses,private,0.3983,8
591,theses,cobalt titanium,0.4749,1
591,theses,ti alloy,0.4579,2
591,theses,base alloy,0.4574,3
591,theses,base superalloy,0.4464,4
591,theses,compare titanium,0.441,5
591,theses,conventional cobalt,0.4117,6
591,theses,alloy develop,0.4116,7
591,theses,gas turbine,0.4033,8
706,theses,alloy design,0.5105,1
706,theses,approach alloy,0.5067,2
706,theses,superalloy coarsen,0.4903,3
706,theses,diffusion couple,0.4249,4
706,theses,cr superalloy,0.416,5
706,theses,alloy,0.4089,6
706,theses,coarsen kinetic,0.3757,7
706,theses,throughput diffusion,0.3625,8
707,theses,multi uav,0.6395,1
707,theses,uav systems,0.5996,2
707,theses,uav,0.5323,3
707,theses,target tracking,0.4897,4
707,theses,safety multi,0.4663,5
707,theses,control safety,0.464,6
707,theses,collaborative payload,0.4346,7
707,theses,systems collaborative,0.3702,8
710,theses,transit ridership,0.6086,1
710,theses,aggregate disaggregate,0.5799,2
710,theses,public transit,0.5267,3
710,theses,transit,0.4646,4
710,theses,disaggregate level,0.463,5
710,theses,ridership bengaluru,0.4606,6
710,theses,ridership,0.4585,7
710,theses,aggregate,0.4039,8
713,theses,photonic devices,0.5945,1
713,theses,ir agricultural,0.5748,2
713,theses,integrated photonic,0.5579,3
713,theses,photonic,0.4317,4
713,theses,agricultural environmental,0.4177,5
713,theses,environmental sensing,0.4039,6
713,theses,sensing applications,0.4006,7
713,theses,near ir,0.3703,8
714,theses,diabetes monitor,0.603,1
714,theses,glucose detection,0.5693,2
714,theses,detection diabetes,0.5572,3
714,theses,care diagnostic,0.4326,4
714,theses,based glucose,0.4185,5
714,theses,extraction saliva,0.4106,6
714,theses,diabetes,0.3953,7
714,theses,glucose,0.3922,8
715,theses,mixture separation,0.5911,1
715,theses,gas mixture,0.5858,2
715,theses,component gas,0.5606,3
715,theses,separation fundamental,0.4231,4
715,theses,pilot scale,0.3883,5
715,theses,mixture,0.3727,6
715,theses,multi component,0.3601,7
715,theses,separation,0.3002,8
716,theses,photonic processors,0.6509,1
716,theses,microwave photonic,0.6058,2
716,theses,optically tunable,0.4298,3
716,theses,photonic,0.4268,4
716,theses,processors platforms,0.3807,5
716,theses,electro optically,0.3647,6
716,theses,device analysis,0.3522,7
716,theses,processors,0.3478,8
717,theses,fingerprinting biomaterialomics,0.5654,1
717,theses,biomaterialomics,0.525,2
717,theses,biomaterialomics approach,0.4961,3
717,theses,microstructure fingerprinting,0.4287,4
717,theses,additive manufacturing,0.4081,5
717,theses,deep learning,0.386,6
717,theses,manufacturing microstructure,0.3674,7
717,theses,biomechanic additive,0.345,8
722,theses,conductors crack,0.7245,1
722,theses,crack propagation,0.6244,2
722,theses,crack metallic,0.5831,3
722,theses,healing cracks,0.56,4
722,theses,cracks,0.5147,5
722,theses,pre crack,0.4706,6
722,theses,current pulses,0.4693,7
722,theses,crack,0.4427,8
723,theses,sustainability assessment,0.636,1
723,theses,sustainability,0.5736,2
723,theses,base sustainability,0.5476,3
723,theses,assessment manufacturing,0.5171,4
723,theses,product life,0.4532,5
723,theses,framework effectiveness,0.4288,6
723,theses,manufacturing product,0.4032,7
723,theses,life cycle,0.3786,8
724,theses,doppler channels,0.7395,1
724,theses,high doppler,0.5299,2
724,theses,doppler,0.4857,3
724,theses,space modulation,0.4607,4
724,theses,modulation high,0.4515,5
724,theses,frequency space,0.3981,6
724,theses,orthogonal time,0.3965,7
724,theses,modulation,0.3953,8
725,theses,multilevel inverter,0.6548,1
725,theses,range multilevel,0.4705,2
725,theses,inverter fed,0.4637,3
725,theses,modulation range,0.4505,4
725,theses,linear modulation,0.4504,5
725,theses,induction motor,0.4348,6
725,theses,multilevel,0.3839,7
725,theses,modulation,0.3699,8
726,theses,capacitors level,0.4856,1
726,theses,level inverter,0.4535,2
726,theses,inverter induction,0.4354,3
726,theses,series capacitors,0.4144,4
726,theses,induction motor,0.3968,5
726,theses,voltage control,0.362,6
726,theses,stacked dc,0.3474,7
726,theses,capacitors,0.3426,8
729,theses,beamforming target,0.6421,1
729,theses,rf phase,0.5431,2
729,theses,target tracking,0.5127,3
729,theses,active rf,0.4984,4
729,theses,phase array,0.4728,5
729,theses,beamforming,0.4669,6
729,theses,array seeker,0.4353,7
729,theses,tracking methods,0.3673,8
730,theses,constrained stochastic,0.7518,1
730,theses,stochastic differential,0.6355,2
730,theses,smooth manifolds,0.5048,3
730,theses,stochastic,0.489,4
730,theses,manifolds,0.4341,5
730,theses,equations smooth,0.3956,6
730,theses,constrained,0.3652,7
730,theses,differential equations,0.2849,8
731,theses,class engineering,0.4545,1
731,theses,engineering nature,0.435,2
731,theses,engineering problem,0.4343,3
731,theses,fluid mechanic,0.4336,4
731,theses,widespread engineering,0.4235,5
731,theses,monolithic finite,0.4183,6
731,theses,fluid structure,0.4167,7
731,theses,engineering,0.3995,8
732,theses,waveguide bragg,0.6049,1
732,theses,gratings silicon,0.574,2
732,theses,silicon insulator,0.5582,3
732,theses,optic waveguide,0.5253,4
732,theses,integrated optic,0.5229,5
732,theses,bragg gratings,0.4448,6
732,theses,insulator applications,0.4235,7
732,theses,waveguide,0.4038,8
733,theses,ultrawideband wide,0.5974,1
733,theses,phased array,0.5703,2
733,theses,ultrawideband,0.5546,3
733,theses,scan antenna,0.5343,4
733,theses,active phased,0.5124,5
733,theses,angle scan,0.4268,6
733,theses,phased,0.39,7
733,theses,wide angle,0.3684,8
734,theses,phase ga2o3,0.6721,1
734,theses,ga2o3,0.5612,2
734,theses,structural optical,0.5216,3
734,theses,optical property,0.4519,4
734,theses,growth structural,0.4085,5
734,theses,optical,0.3499,6
734,theses,structural,0.2449,7
734,theses,different phase,0.2242,8
735,theses,liquid interfacial,0.6641,1
735,theses,scale liquid,0.5732,2
735,theses,interfacial systems,0.4863,3
735,theses,liquid,0.4603,4
735,theses,experimental theoretical,0.3982,5
735,theses,phenomena small,0.383,6
735,theses,theoretical insights,0.324,7
735,theses,small scale,0.3225,8
736,theses,physics data,0.5132,1
736,theses,hybrid physics,0.4921,2
736,theses,solution mechanics,0.4783,3
736,theses,models solution,0.4485,4
736,theses,based inverse,0.4423,5
736,theses,driven models,0.4376,6
736,theses,inverse problems,0.4335,7
736,theses,mechanics based,0.4121,8
737,theses,entropy alloy,0.531,1
737,theses,alloy alcocrfeni2,0.5247,2
737,theses,temperature materials,0.4079,3
737,theses,superalloy in718,0.4034,4
737,theses,alloy,0.4025,5
737,theses,based superalloy,0.3982,6
737,theses,insights nickel,0.3845,7
737,theses,nickel base,0.384,8
738,theses,stabilization schemes,0.6631,1
738,theses,driven stabilization,0.5958,2
738,theses,singularly perturbed,0.5772,3
738,theses,stabilization,0.521,4
738,theses,perturbed differential,0.4839,5
738,theses,schemes singularly,0.4225,6
738,theses,perturbed,0.4173,7
738,theses,data driven,0.3182,8
739,theses,fairness efficiency,0.7867,1
739,theses,achieve fairness,0.7025,2
739,theses,efficiency matching,0.6551,3
739,theses,matching problems,0.5585,4
739,theses,fairness,0.5559,5
739,theses,matching,0.5248,6
739,theses,algorithms achieve,0.4669,7
739,theses,algorithms,0.4539,8
740,theses,shear flow,0.6503,1
740,theses,compressible shear,0.611,2
740,theses,stability wall,0.6058,3
740,theses,bounded compressible,0.4981,4
740,theses,wall bounded,0.4731,5
740,theses,shear,0.4089,6
740,theses,stability,0.3864,7
740,theses,flow,0.3652,8
741,theses,refrigerants r134a,0.7079,1
741,theses,conditioning refrigerants,0.6548,2
741,theses,air conditioning,0.6006,3
741,theses,refrigerants,0.5989,4
741,theses,r134a r1234yf,0.4552,5
741,theses,r134a,0.4023,6
741,theses,automobile air,0.3891,7
741,theses,r1234yf r1234ze,0.3576,8
742,theses,strontium isotopic,0.6754,1
742,theses,stable strontium,0.609,2
742,theses,strontium,0.5583,3
742,theses,groundwater bengal,0.5502,4
742,theses,bengal basin,0.5116,5
742,theses,isotopic 948,0.4672,6
742,theses,coastal groundwater,0.4192,7
742,theses,groundwater,0.4191,8
743,theses,uncertainties electromagnetics,0.6554,1
743,theses,element modeling,0.5261,2
743,theses,geometric uncertainties,0.4789,3
743,theses,stochastic finite,0.4258,4
743,theses,modeling material,0.4213,5
743,theses,electromagnetics,0.3675,6
743,theses,material geometric,0.3463,7
743,theses,stochastic,0.3462,8
744,theses,neutrophil response,0.757,1
744,theses,dynamic neutrophil,0.695,2
744,theses,inflammatory stimulus,0.6414,3
744,theses,neutrophil,0.6208,4
744,theses,multiple inflammatory,0.6121,5
744,theses,inflammatory,0.5319,6
744,theses,delineate dynamic,0.3226,7
744,theses,response multiple,0.2928,8
368,theses,supercritical co2,0.611,1
368,theses,cycles turbomachinery,0.5096,2
368,theses,turbomachinery development,0.4606,3
368,theses,co2 power,0.423,4
368,theses,turbomachinery,0.4216,5
368,theses,energy waste,0.418,6
368,theses,co2,0.3856,7
368,theses,renewable energy,0.3736,8
677,theses,circuits soc,0.6155,1
677,theses,edge ai,0.5887,2
677,theses,analog compute,0.5323,3
677,theses,compute edge,0.5094,4
677,theses,ai devices,0.5019,5
677,theses,devices circuits,0.4649,6
677,theses,edge,0.4333,7
677,theses,circuits,0.3949,8
678,theses,sand liquefaction,0.8583,1
678,theses,liquefaction mitigation,0.7043,2
678,theses,sand,0.5451,3
678,theses,perspectives sand,0.5316,4
678,theses,liquefaction,0.5315,5
678,theses,mitigation,0.3469,6
678,theses,morphological,0.2462,7
678,theses,morphological perspectives,0.2202,8
679,theses,secure computation,0.6938,1
679,theses,computation protocol,0.6207,2
679,theses,suite privacy,0.5599,3
679,theses,protocol suite,0.5311,4
679,theses,privacy conscious,0.4722,5
679,theses,privacy,0.417,6
679,theses,protocol,0.397,7
679,theses,secure,0.3631,8
680,theses,properties nickel,0.4661,1
680,theses,oxidation properties,0.4185,2
680,theses,base superalloys,0.4175,3
680,theses,mechanical oxidation,0.3952,4
680,theses,nickel base,0.3914,5
680,theses,superalloys,0.3661,6
680,theses,learning density,0.3564,7
680,theses,density functional,0.3535,8
745,theses,quantify strike,0.5978,1
745,theses,strike rate,0.5923,2
745,theses,modeling lightning,0.5002,3
745,theses,attachment aircraft,0.4927,4
745,theses,lightning attachment,0.4537,5
745,theses,strike,0.4431,6
745,theses,aircraft novel,0.431,7
745,theses,aircraft,0.413,8
746,theses,drainage pavement,0.6014,1
746,theses,drainage structural,0.5778,2
746,theses,filtration drainage,0.5734,3
746,theses,subsurface drainage,0.5659,4
746,theses,composites subsurface,0.4717,5
746,theses,drainage,0.4319,6
746,theses,geo composites,0.4282,7
746,theses,method filtration,0.389,8
747,theses,speech autoregressive,0.7064,1
747,theses,dereverberation speech,0.5516,2
747,theses,autoregressive models,0.4453,3
747,theses,band envelope,0.4278,4
747,theses,autoregressive,0.3704,5
747,theses,speech,0.3433,6
747,theses,dereverberation,0.3284,7
747,theses,sub band,0.3031,8
748,theses,speaker recognition,0.7434,1
748,theses,language speaker,0.668,2
748,theses,supervised learning,0.5516,3
748,theses,speaker,0.5332,4
748,theses,supervised,0.4532,5
748,theses,learning approaches,0.4082,6
748,theses,learning,0.3837,7
748,theses,approaches language,0.3749,8
749,theses,flame oscillator,0.6443,1
749,theses,oscillator synchronization,0.6008,2
749,theses,mitigation flame,0.5568,3
749,theses,instability mitigation,0.5268,4
749,theses,investigate instability,0.4763,5
749,theses,instability,0.4225,6
749,theses,synchronization,0.3885,7
749,theses,flame,0.3848,8
750,theses,mucus cartilage,0.589,1
750,theses,cartilage repair,0.5876,2
750,theses,snail mucus,0.5282,3
750,theses,3d scaffold,0.511,4
750,theses,fabrication porous,0.4992,5
750,theses,cartilage,0.478,6
750,theses,porous 3d,0.4345,7
750,theses,scaffold,0.408,8
751,theses,anaerobic digestion,0.5669,1
751,theses,lignocellulosic feedstock,0.5111,2
751,theses,fermentation,0.5107,3
751,theses,mode fermentation,0.4812,4
751,theses,digestion characteristic,0.4199,5
751,theses,anaerobic,0.401,6
751,theses,digestion,0.3524,7
751,theses,feedstock solid,0.3401,8
753,theses,pitting corrosion,0.6747,1
753,theses,corrosion studies,0.535,2
753,theses,corrosion,0.4871,3
753,theses,metallic structures,0.4004,4
753,theses,pitting,0.3263,5
753,theses,structures advanced,0.3135,6
753,theses,studies metallic,0.302,7
753,theses,assisted pitting,0.2828,8
754,theses,atomization droplet,0.8331,1
754,theses,secondary atomization,0.7072,2
754,theses,atomization,0.6378,3
754,theses,droplet diverse,0.6023,4
754,theses,droplet,0.4927,5
754,theses,diverse interaction,0.4225,6
754,theses,interaction setting,0.375,7
754,theses,interaction,0.3423,8
756,theses,agricultural planning,0.6489,1
756,theses,intelligence game,0.5376,2
756,theses,improving agricultural,0.5077,3
756,theses,game theory,0.4886,4
756,theses,agricultural,0.4536,5
756,theses,planning operations,0.4273,6
756,theses,artificial intelligence,0.4019,7
756,theses,algorithms improving,0.3856,8
757,theses,acoustic emission,0.4886,1
757,theses,distances acoustic,0.394,2
757,theses,concrete beams,0.3926,3
757,theses,fracture fatigue,0.3842,4
757,theses,acoustic,0.3712,5
757,theses,fracture,0.2883,6
757,theses,concrete,0.2853,7
757,theses,behaviour notched,0.2818,8
758,theses,edge cloud,0.602,1
758,theses,applications edge,0.5279,2
758,theses,abstraction optimizations,0.4624,3
758,theses,drive applications,0.4553,4
758,theses,edge,0.392,5
758,theses,cloud,0.3894,6
758,theses,data drive,0.3701,7
758,theses,optimizations data,0.305,8
759,theses,cod noisy,0.6711,1
759,theses,index cod,0.6176,2
759,theses,noisy channel,0.5525,3
759,theses,channel application,0.4359,4
759,theses,cod,0.423,5
759,theses,channel,0.3485,6
759,theses,index,0.3442,7
759,theses,noisy,0.321,8
760,theses,mesenchymal spectrum,0.6139,1
760,theses,epithelial hybrid,0.5841,2
760,theses,hybrid mesenchymal,0.5474,3
760,theses,mediator epithelial,0.4685,4
760,theses,dynamical biology,0.4628,5
760,theses,epithelial,0.4473,6
760,theses,mesenchymal,0.3849,7
760,theses,biology,0.2839,8
761,theses,manufacture stainless,0.51,1
761,theses,texture mechanical,0.4994,2
761,theses,steel 316l,0.4875,3
761,theses,stainless steel,0.4649,4
761,theses,microstructure texture,0.452,5
761,theses,additively manufacture,0.4462,6
761,theses,316l cu,0.4362,7
761,theses,stainless,0.4335,8
762,theses,collective fairness,0.8108,1
762,theses,fairness measures,0.7953,2
762,theses,fairness,0.5749,3
762,theses,algorithms individual,0.5229,4
762,theses,algorithms,0.4143,5
762,theses,individual collective,0.4076,6
762,theses,collective,0.3485,7
762,theses,measures,0.3022,8
763,theses,pressure torsion,0.568,1
763,theses,processing precipitate,0.5077,2
763,theses,alloy,0.4476,3
763,theses,contain alloy,0.4357,4
763,theses,torsion processing,0.4334,5
763,theses,precipitate contain,0.4223,6
763,theses,precipitate,0.4088,7
763,theses,high pressure,0.4069,8
764,theses,flow random,0.483,1
764,theses,liquid gas,0.472,2
764,theses,discrete liquid,0.4663,3
764,theses,bed application,0.4172,4
764,theses,pack bed,0.4004,5
764,theses,random pack,0.3858,6
764,theses,gas fine,0.3383,7
764,theses,fine flow,0.3057,8
765,theses,task assignment,0.5326,1
765,theses,assignment approaches,0.5315,2
765,theses,multi task,0.5139,3
765,theses,perimeter defense,0.5048,4
765,theses,defense problem,0.5032,5
765,theses,approaches perimeter,0.4243,6
765,theses,spatiotemporal multi,0.3837,7
765,theses,development spatiotemporal,0.3672,8
766,theses,resonant metasurfaces,0.8211,1
766,theses,metasurfaces mid,0.6525,2
766,theses,metasurfaces,0.6504,3
766,theses,infrared photonics,0.6305,4
766,theses,mid infrared,0.4773,5
766,theses,photonics,0.472,6
766,theses,infrared,0.409,7
766,theses,resonant,0.3791,8
767,theses,multicomponent diffusion,0.626,1
767,theses,diffusion couple,0.5945,2
767,theses,constrained diffusion,0.5794,3
767,theses,couple method,0.4378,4
767,theses,diffusion concept,0.4205,5
767,theses,diffusion,0.4155,6
767,theses,unsolved multicomponent,0.411,7
767,theses,solve unsolved,0.3736,8
768,theses,metal additive,0.7611,1
768,theses,additive manufacturing,0.688,2
768,theses,alternate powder,0.5975,3
768,theses,manufacturing alternate,0.5482,4
768,theses,additive,0.518,5
768,theses,powder,0.4807,6
768,theses,manufacturing,0.4517,7
768,theses,metal,0.4017,8
380,theses,reinforce cement,0.5832,1
380,theses,earth cement,0.5292,2
380,theses,cement,0.5208,3
380,theses,cement form,0.5121,4
380,theses,cement stabilise,0.5006,5
380,theses,aggregate cement,0.4711,6
380,theses,fibre reinforce,0.4461,7
380,theses,fibre brittle,0.4391,8
700,theses,micromechanics wedge,0.6331,1
700,theses,indentation metallic,0.5904,2
700,theses,cone indentation,0.5679,3
700,theses,subsurface voids,0.5285,4
700,theses,wedge cone,0.5274,5
700,theses,specimens subsurface,0.395,6
700,theses,indentation,0.3948,7
700,theses,micromechanics,0.3884,8
701,theses,religious gatherings,0.6333,1
701,theses,pedestrian behavioral,0.5627,2
701,theses,mass religious,0.5075,3
701,theses,gatherings,0.5057,4
701,theses,behavioral dynamics,0.4946,5
701,theses,modelling microscopic,0.3906,6
701,theses,microscopic pedestrian,0.3854,7
701,theses,behavioral,0.3852,8
702,theses,microfluidic tools,0.6057,1
702,theses,microfluidic,0.5689,2
702,theses,novel microfluidic,0.5556,3
702,theses,detection analytes,0.4997,4
702,theses,detection infectious,0.4963,5
702,theses,colorimetric detection,0.4823,6
702,theses,multiplex colorimetric,0.4757,7
702,theses,infectious pathogens,0.4642,8
703,theses,design thinking,0.7478,1
703,theses,exploration design,0.5903,2
703,theses,thinking school,0.5523,3
703,theses,school education,0.472,4
703,theses,design,0.4632,5
703,theses,exploration,0.3997,6
703,theses,education,0.3809,7
703,theses,thinking,0.3658,8
709,theses,heterogeneity earth,0.6303,1
709,theses,mantle induce,0.5968,2
709,theses,field mantle,0.5839,3
709,theses,axial dipole,0.5474,4
709,theses,dipole field,0.4813,5
709,theses,mantle,0.4676,6
709,theses,dipole,0.3782,7
709,theses,induce heterogeneity,0.348,8
711,theses,graph coloring,0.6997,1
711,theses,vertex deletion,0.668,2
711,theses,deletion graph,0.6185,3
711,theses,coloring,0.5254,4
711,theses,problems vertex,0.4902,5
711,theses,algorithmic problems,0.4697,6
711,theses,vertex,0.4121,7
711,theses,graph,0.4012,8
712,theses,photonic devices,0.5945,1
712,theses,ir agricultural,0.5748,2
712,theses,integrated photonic,0.5579,3
712,theses,photonic,0.4317,4
712,theses,agricultural environmental,0.4177,5
712,theses,environmental sensing,0.4039,6
712,theses,sensing applications,0.4006,7
712,theses,near ir,0.3703,8
769,theses,geomechanic stability,0.5228,1
769,theses,solve geomechanic,0.4289,2
769,theses,stability problem,0.4285,3
769,theses,coulomb yield,0.4205,4
769,theses,mohr coulomb,0.3852,5
769,theses,yield criterion,0.3235,6
769,theses,stability,0.3072,7
769,theses,geomechanic,0.2964,8
770,theses,inkjet print,0.6994,1
770,theses,inkjet,0.614,2
770,theses,sensor interface,0.4471,3
770,theses,oxide electronic,0.4211,4
770,theses,print,0.413,5
770,theses,performance oxide,0.4016,6
770,theses,print high,0.3965,7
770,theses,application sensor,0.3761,8
771,theses,optic modulator,0.5792,1
771,theses,fabrication photonic,0.5335,2
771,theses,photonic device,0.4947,3
771,theses,electro optic,0.4839,4
771,theses,modulator material,0.4293,5
771,theses,pzt base,0.3829,6
771,theses,photonic,0.3333,7
771,theses,optic,0.3181,8
776,theses,deep learning,0.5233,1
776,theses,generalizability medical,0.4834,2
776,theses,medical image,0.4824,3
776,theses,improved generalizability,0.4142,4
776,theses,generalizability,0.394,5
776,theses,learning models,0.3642,6
776,theses,image analysis,0.3482,7
776,theses,novel deep,0.3332,8
777,theses,surface float,0.4825,1
777,theses,dynamic simulation,0.4672,2
777,theses,fluid method,0.461,3
777,theses,float body,0.4562,4
777,theses,free surface,0.4486,5
777,theses,eulerian volume,0.4387,6
777,theses,lagrangian eulerian,0.4106,7
777,theses,arbitrary lagrangian,0.3725,8
778,theses,circulation tropics,0.9338,1
778,theses,general circulation,0.747,2
778,theses,tropics,0.6583,3
778,theses,circulation,0.5627,4
778,theses,revisit general,0.2602,5
778,theses,general,0.2312,6
778,theses,revisit,0.1314,7
779,theses,heusler thermoelectric,0.7404,1
779,theses,thermoelectric material,0.6932,2
779,theses,thermoelectric,0.6554,3
779,theses,space zr2fenisb2,0.5097,4
779,theses,zr2fenisb2,0.4728,5
779,theses,zr2fenisb2 double,0.4702,6
779,theses,half heusler,0.3179,7
779,theses,heusler,0.2571,8
780,theses,liquid jet,0.5454,1
780,theses,atomization liquid,0.5341,2
780,theses,oscillation atomization,0.4845,3
780,theses,circular orifice,0.4618,4
780,theses,interfacial oscillation,0.418,5
780,theses,oscillation,0.3589,6
780,theses,orifice,0.3382,7
780,theses,liquid,0.3368,8
781,theses,superresolution microscopy,0.7449,1
781,theses,base superresolution,0.5938,2
781,theses,microscopy disease,0.5922,3
781,theses,superresolution,0.538,4
781,theses,microscopy,0.5369,5
781,theses,single molecule,0.5325,6
781,theses,molecule base,0.4667,7
781,theses,molecule,0.4611,8
782,theses,fragmentation wooden,0.6948,1
782,theses,wooden panels,0.5898,2
782,theses,impact mechanics,0.5711,3
782,theses,indian woods,0.5071,4
782,theses,mechanics fragmentation,0.4845,5
782,theses,speed impact,0.4598,6
782,theses,woods,0.4344,7
782,theses,fragmentation,0.3909,8
728,theses,polymeric droplet,0.8696,1
728,theses,coalescence polymeric,0.7623,2
728,theses,droplet,0.6074,3
728,theses,polymeric,0.4815,4
728,theses,coalescence,0.4669,5
783,theses,adhesion cytoskeletal,0.7265,1
783,theses,focal adhesion,0.6674,2
783,theses,cytoskeletal remodeling,0.6095,3
783,theses,fluid shear,0.5505,4
783,theses,adhesion,0.5384,5
783,theses,cytoskeletal,0.4709,6
783,theses,biophysic focal,0.4542,7
783,theses,remodeling fluid,0.4208,8
784,theses,microscopy visualize,0.6031,1
784,theses,molecule dynamics,0.5898,2
784,theses,single molecule,0.57,3
784,theses,dynamics cellular,0.5458,4
784,theses,resolution microscopy,0.4958,5
784,theses,microscopy,0.494,6
784,theses,molecule,0.4668,7
784,theses,visualize single,0.4528,8
785,theses,fairness causality,0.8298,1
785,theses,explore fairness,0.7807,2
785,theses,causality online,0.6121,3
785,theses,fairness,0.5799,4
785,theses,online decision,0.5371,5
785,theses,causality,0.4527,6
785,theses,decision make,0.385,7
785,theses,decision,0.2945,8
786,theses,breaker dc,0.6292,1
786,theses,circuit breaker,0.5888,2
786,theses,breaker,0.5306,3
786,theses,dual converters,0.5141,4
786,theses,converters dc,0.5017,5
786,theses,distribution systems,0.424,6
786,theses,dc circuit,0.4123,7
786,theses,dc distribution,0.403,8
787,theses,insight structure,0.7069,1
787,theses,property relationships,0.522,2
787,theses,structure property,0.4676,3
787,theses,relationships principles,0.435,4
787,theses,principles machine,0.4257,5
787,theses,insight,0.4251,6
787,theses,structure,0.4053,7
787,theses,learning approach,0.402,8
788,theses,variable inductors,0.5368,1
788,theses,inductors,0.4195,2
788,theses,isolated inverter,0.4123,3
788,theses,integrated magnetic,0.4085,4
788,theses,inverter topologies,0.3714,5
788,theses,control harmonic,0.3212,6
788,theses,harmonic filtering,0.3182,7
788,theses,inverter,0.2908,8
789,theses,flow assays,0.6629,1
789,theses,advancement nucleic,0.6229,2
789,theses,nucleic acid,0.5754,3
789,theses,nucleic,0.5195,4
789,theses,lateral flow,0.5004,5
789,theses,assays,0.4205,6
789,theses,acid lateral,0.41,7
789,theses,flow,0.3188,8
790,theses,polyanionic positive,0.5207,1
790,theses,phosphate base,0.4727,2
790,theses,energy storage,0.4669,3
790,theses,insertion materials,0.4338,4
790,theses,phosphate,0.4028,5
790,theses,positive insertion,0.3948,6
790,theses,mixed polyanionic,0.3914,7
790,theses,materials energy,0.3644,8
791,theses,hydroxyapatite magnetic,0.6795,1
791,theses,biosensing musculoskeletal,0.6752,2
791,theses,polyacrylamide hydroxyapatite,0.5884,3
791,theses,magnetic biosensing,0.5718,4
791,theses,hydroxyapatite,0.5246,5
791,theses,multifunctional biomaterials,0.5064,6
791,theses,biomaterials,0.4882,7
791,theses,biomaterials base,0.475,8
793,theses,utilization multiprocessor,0.6034,1
793,theses,architectures transient,0.5878,2
793,theses,multiprocessor architectures,0.5644,3
793,theses,transient stability,0.5305,4
793,theses,multiprocessor,0.5156,5
793,theses,parallel algorithms,0.5116,6
793,theses,efficient utilization,0.4736,7
793,theses,algorithms efficient,0.3706,8
794,theses,perovskite silicon,0.5906,1
794,theses,recombination thermalization,0.5042,2
794,theses,efficiency perovskite,0.5005,3
794,theses,surface recombination,0.4936,4
794,theses,silicon solar,0.4784,5
794,theses,solar cells,0.4763,6
794,theses,recombination bulk,0.3982,7
794,theses,bulk recombination,0.3933,8
795,theses,materials heterojunctions,0.621,1
795,theses,waals materials,0.5356,2
795,theses,der waals,0.4401,3
795,theses,heterojunctions,0.4382,4
795,theses,electronic devices,0.4143,5
795,theses,dimensional van,0.3982,6
795,theses,waals,0.3882,7
795,theses,van der,0.3039,8
796,theses,materials heterojunctions,0.621,1
796,theses,waals materials,0.5356,2
796,theses,der waals,0.4401,3
796,theses,heterojunctions,0.4382,4
796,theses,electronic devices,0.4143,5
796,theses,dimensional van,0.3982,6
796,theses,waals,0.3882,7
796,theses,van der,0.3039,8
797,theses,microsystem platforms,0.6235,1
797,theses,cancer diagnostics,0.5716,2
797,theses,development microsystem,0.5702,3
797,theses,platforms cancer,0.5511,4
797,theses,microsystem,0.5332,5
797,theses,diagnostics therapeutic,0.3956,6
797,theses,cancer,0.3624,7
797,theses,platforms,0.3308,8
798,theses,cascade raman,0.5951,1
798,theses,raman fiber,0.5502,2
798,theses,fiber laser,0.5052,3
798,theses,raman,0.4256,4
798,theses,laser application,0.3975,5
798,theses,linewidth reduction,0.389,6
798,theses,architecture linewidth,0.3614,7
798,theses,laser,0.3575,8
799,theses,turbine combustor,0.7006,1
799,theses,annular combustor,0.6354,2
799,theses,combustor high,0.5668,3
799,theses,combustor,0.5349,4
799,theses,gas turbine,0.498,5
799,theses,shear injector,0.4569,6
799,theses,injector scale,0.415,7
799,theses,turbine,0.3711,8
800,theses,religious gatherings,0.6956,1
800,theses,unstructured crowds,0.6281,2
800,theses,crowds mass,0.6241,3
800,theses,crowds,0.5993,4
800,theses,gatherings,0.5827,5
800,theses,mass religious,0.4869,6
800,theses,sense analysing,0.4099,7
800,theses,simulating heterogeneous,0.3534,8
801,theses,thermo mechanical,0.6468,1
801,theses,manufactured hastelloy,0.6386,2
801,theses,thermal thermo,0.543,3
801,theses,additively manufactured,0.5016,4
801,theses,hastelloy,0.4897,5
801,theses,thermo,0.4268,6
801,theses,thermal,0.4033,7
801,theses,mechanical behaviour,0.3772,8
802,theses,precipitation stationary,0.7212,1
802,theses,stationary climate,0.6782,2
802,theses,maximum precipitation,0.6563,3
802,theses,precipitation,0.5354,4
802,theses,climate,0.411,5
802,theses,stationary non,0.4099,6
802,theses,non stationary,0.3918,7
802,theses,stationary,0.3816,8
803,theses,temperature deformation,0.513,1
803,theses,based superalloy,0.5082,2
803,theses,superalloy,0.4792,3
803,theses,deformation damage,0.4623,4
803,theses,model ni,0.3254,5
803,theses,high temperature,0.3047,6
803,theses,damage behavior,0.296,7
803,theses,deformation,0.2938,8
807,theses,motion planning,0.64,1
807,theses,predictive motion,0.6038,2
807,theses,planning safe,0.5718,3
807,theses,autonomous driving,0.5555,4
807,theses,efficient autonomous,0.5408,5
807,theses,planning,0.4725,6
807,theses,autonomous,0.4302,7
807,theses,predictive,0.4186,8
809,theses,design testability,0.5775,1
809,theses,analog mixed,0.5602,2
809,theses,testability analog,0.5397,3
809,theses,signal ic,0.4895,4
809,theses,testability,0.4528,5
809,theses,analog,0.4245,6
809,theses,mixed signal,0.3941,7
809,theses,ic,0.2663,8
810,theses,phagosome maturation,0.6598,1
810,theses,tuneable particulate,0.6411,2
810,theses,phagosome,0.5496,3
810,theses,particulate,0.5318,4
810,theses,cue phagosome,0.5212,5
810,theses,maturation decipher,0.2368,6
810,theses,maturation,0.201,7
810,theses,tuneable,0.1485,8
811,theses,photocrosslinkable bioink,0.6627,1
811,theses,bioprinting tissue,0.6362,2
811,theses,3d bioprinting,0.6089,3
811,theses,bioink 3d,0.555,4
811,theses,tissue engineering,0.5395,5
811,theses,bioprinting,0.5231,6
811,theses,base photocrosslinkable,0.4772,7
811,theses,bioink,0.4149,8
812,theses,convex regularizers,0.6067,1
812,theses,regularizers quantized,0.6012,2
812,theses,quantized neural,0.5891,3
812,theses,regularizers,0.4294,4
812,theses,networks solving,0.4263,5
812,theses,quantized,0.3859,6
812,theses,tight frames,0.3851,7
812,theses,neural networks,0.38,8
813,theses,convex regularizers,0.6067,1
813,theses,regularizers quantized,0.6012,2
813,theses,quantized neural,0.5891,3
813,theses,regularizers,0.4294,4
813,theses,networks solving,0.4263,5
813,theses,quantized,0.3859,6
813,theses,tight frames,0.3851,7
813,theses,neural networks,0.38,8
814,theses,massive mimo,0.6363,1
814,theses,channel estimation,0.6144,2
814,theses,mimo wireless,0.6043,3
814,theses,mimo,0.5449,4
814,theses,estimation precoding,0.5127,5
814,theses,wireless communication,0.4748,6
814,theses,precoding techniques,0.4103,7
814,theses,based channel,0.3972,8
816,theses,glucose monitoring,0.7452,1
816,theses,management diabetes,0.6421,2
816,theses,continuous glucose,0.6403,3
816,theses,electrochemical continuous,0.5366,4
816,theses,diabetes,0.536,5
816,theses,glucose,0.5335,6
816,theses,electrochemical,0.4536,7
816,theses,monitoring sensor,0.4134,8
817,theses,pmut array,0.5117,1
817,theses,microfabrication characterization,0.4924,2
817,theses,simulation microfabrication,0.474,3
817,theses,microfabrication,0.3858,4
817,theses,16 mhz,0.3458,5
817,theses,1d pmut,0.3225,6
817,theses,mhz 1d,0.3174,7
817,theses,mhz,0.235,8
818,theses,pmut array,0.5117,1
818,theses,microfabrication characterization,0.4924,2
818,theses,simulation microfabrication,0.474,3
818,theses,microfabrication,0.3858,4
818,theses,16 mhz,0.3458,5
818,theses,1d pmut,0.3225,6
818,theses,mhz 1d,0.3174,7
818,theses,mhz,0.235,8
400,theses,clustering prediction,0.5342,1
400,theses,base clustering,0.511,2
400,theses,prediction detection,0.4719,3
400,theses,clustering,0.4391,4
400,theses,priority base,0.3754,5
400,theses,mappings data,0.3739,6
400,theses,prediction,0.3505,7
400,theses,applications priority,0.325,8
598,theses,catheter integrated,0.4859,1
598,theses,microelectromechanical mems,0.4684,2
598,theses,mems sensor,0.468,3
598,theses,sensor medical,0.4645,4
598,theses,tool mems,0.4626,5
598,theses,catheter guidewire,0.4604,6
598,theses,healthcare monitoring,0.4149,7
598,theses,intubation catheter,0.4131,8
1231,theses,agriculture wireless,0.6884,1
1231,theses,precision agriculture,0.6632,2
1231,theses,sensor network,0.515,3
1231,theses,wireless sensor,0.4802,4
1231,theses,agriculture,0.4242,5
1231,theses,data transmission,0.4169,6
1231,theses,transmission scheme,0.382,7
1231,theses,sensor,0.3614,8
755,theses,shear behaviour,0.6079,1
755,theses,gcl sand,0.5727,2
755,theses,behaviour gcl,0.4948,3
755,theses,sand interface,0.4942,4
755,theses,shear,0.4332,5
755,theses,gcl,0.3682,6
755,theses,static dynamic,0.3621,7
755,theses,interface static,0.3377,8
387,theses,thermoelectric material,0.4624,1
387,theses,investigation thermoelectric,0.4574,2
387,theses,thermoelectricity conversion,0.4447,3
387,theses,te thermoelectric,0.4428,4
387,theses,improve thermoelectric,0.4397,5
387,theses,satellite thermoelectric,0.4362,6
387,theses,investigate thermoelectric,0.4332,7
387,theses,concept thermoelectricity,0.4289,8
583,theses,regularization image,0.6213,1
583,theses,image restoration,0.5916,2
583,theses,restoration image,0.5664,3
583,theses,regularization method,0.554,4
583,theses,adaptive regularization,0.5459,5
583,theses,train regularization,0.536,6
583,theses,regularization framework,0.5277,7
583,theses,regularization,0.5093,8
819,theses,pmut array,0.5117,1
819,theses,microfabrication characterization,0.4924,2
819,theses,simulation microfabrication,0.474,3
819,theses,microfabrication,0.3858,4
819,theses,16 mhz,0.3458,5
819,theses,1d pmut,0.3225,6
819,theses,mhz 1d,0.3174,7
819,theses,mhz,0.235,8
820,theses,power grids,0.5106,1
820,theses,fault creation,0.4848,2
820,theses,classification systems,0.424,3
820,theses,detection classification,0.4232,4
820,theses,creation detection,0.3893,5
820,theses,classification,0.3729,6
820,theses,fault,0.2936,7
820,theses,grids,0.2806,8
824,theses,continuum robots,0.7266,1
824,theses,modelling cable,0.6045,2
824,theses,drive continuum,0.5887,3
824,theses,cable drive,0.4486,4
824,theses,robots application,0.4254,5
824,theses,continuum,0.3504,6
824,theses,robots,0.3004,7
824,theses,cable,0.2983,8
825,theses,nanopore,0.6996,1
825,theses,state nanopore,0.6906,2
825,theses,robust fabrication,0.544,3
825,theses,fabrication methods,0.5436,4
825,theses,fabrication,0.4017,5
825,theses,solid state,0.2565,6
825,theses,methods solid,0.2309,7
825,theses,robust,0.156,8
828,theses,modulate immune,0.6033,1
828,theses,immune cell,0.5782,2
828,theses,bioengineere strategy,0.5655,3
828,theses,immune,0.4551,4
828,theses,bioengineere,0.4084,5
828,theses,strategy model,0.3826,6
828,theses,cell,0.349,7
828,theses,model modulate,0.2893,8
829,theses,shock wave,0.5309,1
829,theses,transonic shock,0.498,2
829,theses,payload region,0.409,3
829,theses,boundary layer,0.3702,4
829,theses,wave boundary,0.3536,5
829,theses,flow phenomena,0.349,6
829,theses,payload,0.3449,7
829,theses,shock,0.3436,8
830,theses,soil moisture,0.5732,1
830,theses,soil temperature,0.5694,2
830,theses,temperature soil,0.564,3
830,theses,surface soil,0.4645,4
830,theses,soil,0.386,5
830,theses,moisture unsaturated,0.3688,6
830,theses,unsaturated flow,0.3321,7
830,theses,flow model,0.3126,8
831,theses,cfrp joints,0.6487,1
831,theses,bonded cfrp,0.6077,2
831,theses,strength adhesively,0.4778,3
831,theses,joints experimental,0.4711,4
831,theses,roughness mechanical,0.4683,5
831,theses,adhesively bonded,0.4551,6
831,theses,interface roughness,0.4405,7
831,theses,mechanical strength,0.4021,8
832,theses,design porous,0.5209,1
832,theses,porous structure,0.5032,2
832,theses,structure deep,0.4579,3
832,theses,inverse design,0.4256,4
832,theses,deep learning,0.3555,5
832,theses,physical property,0.2894,6
832,theses,deep,0.288,7
832,theses,porous,0.2764,8
833,theses,object localization,0.6169,1
833,theses,localization model,0.4743,2
833,theses,information deep,0.4595,3
833,theses,localization,0.4424,4
833,theses,image representations,0.4412,5
833,theses,deep image,0.4406,6
833,theses,representations object,0.3953,7
833,theses,efficient training,0.3509,8
834,theses,nanoporous graphene,0.7136,1
834,theses,graphene,0.5508,2
834,theses,graphene enhanced,0.5408,3
834,theses,evaporation base,0.4717,4
834,theses,enhanced evaporation,0.4584,5
834,theses,evaluate nanoporous,0.4561,6
834,theses,evaporation,0.4017,7
834,theses,separations molecular,0.3722,8
835,theses,print transistor,0.7176,1
835,theses,inkjet print,0.6744,2
835,theses,inkjet,0.5952,3
835,theses,dimensional semiconductor,0.5754,4
835,theses,circuit dimensional,0.4483,5
835,theses,transistor,0.4434,6
835,theses,semiconductor,0.4417,7
835,theses,transistor circuit,0.4373,8
836,theses,automated agriculture,0.7504,1
836,theses,agent collaborative,0.6636,2
836,theses,multi agent,0.5965,3
836,theses,agriculture,0.5173,4
836,theses,collaborative framework,0.449,5
836,theses,agent,0.4452,6
836,theses,automated,0.3761,7
836,theses,framework automated,0.3757,8
837,theses,sand reinforce,0.4829,1
837,theses,response sand,0.465,2
837,theses,print geocell,0.4594,3
837,theses,3d print,0.4551,4
837,theses,reinforce 3d,0.4333,5
837,theses,liquefaction response,0.4316,6
837,theses,geocell,0.4087,7
837,theses,liquefaction,0.3943,8
838,theses,motion estimation,0.7569,1
838,theses,camera motion,0.7124,2
838,theses,methods camera,0.6489,3
838,theses,global methods,0.5203,4
838,theses,camera,0.4968,5
838,theses,motion,0.4521,6
838,theses,estimation,0.3775,7
838,theses,global,0.3587,8
839,theses,quantum transport,0.5418,1
839,theses,transport solver,0.4721,2
839,theses,accelerated quantum,0.432,3
839,theses,space transistor,0.3961,4
839,theses,gpu accelerated,0.362,5
839,theses,quantum,0.3561,6
839,theses,solver explore,0.339,7
839,theses,explore 2d,0.3344,8
840,theses,nitrate transit,0.631,1
840,theses,time groundwater,0.6067,2
840,theses,groundwater,0.5443,3
840,theses,evaluation nitrate,0.5382,4
840,theses,nitrate,0.4578,5
840,theses,transit time,0.3717,6
840,theses,modelling evaluation,0.3164,7
840,theses,modelling,0.2824,8
841,theses,efficiency microbot,0.8353,1
841,theses,microbot,0.7005,2
841,theses,model capture,0.5213,3
841,theses,capture efficiency,0.49,4
841,theses,capture,0.399,5
841,theses,efficiency,0.2832,6
841,theses,model,0.2591,7
842,theses,waveguides impact,0.7093,1
842,theses,inhomogeneous waveguides,0.5973,2
842,theses,waveguides,0.545,3
842,theses,propagation bio,0.5162,4
842,theses,wave propagation,0.445,5
842,theses,bio inspire,0.3743,6
842,theses,impact mitigation,0.3449,7
842,theses,inspire inhomogeneous,0.332,8
772,theses,deform capsule,0.6364,1
772,theses,cell flow,0.5986,2
772,theses,capsule cell,0.5613,3
772,theses,simulation deform,0.4732,4
772,theses,capsule,0.4175,5
772,theses,numerical simulation,0.3617,6
772,theses,simulation,0.3311,7
772,theses,cell,0.2927,8
843,theses,tungsten disulphide,0.6626,1
843,theses,deposition tungsten,0.5251,2
843,theses,vapour deposition,0.4621,3
843,theses,disulphide aided,0.4596,4
843,theses,chemical vapour,0.4596,5
843,theses,tungsten,0.4379,6
843,theses,thermodynamic density,0.427,7
843,theses,disulphide,0.3761,8
844,theses,spectrum sharing,0.6197,1
844,theses,base wireless,0.5056,2
844,theses,wireless systems,0.4866,3
844,theses,trade spectrum,0.4804,4
844,theses,efficiency trade,0.4759,5
844,theses,spectral efficiency,0.4685,6
844,theses,sharing ris,0.4198,7
844,theses,wireless,0.3983,8
845,theses,operationalise sustainability,0.5909,1
845,theses,sustainability smart,0.5812,2
845,theses,smart manufacturing,0.5371,3
845,theses,manufacturing systems,0.4618,4
845,theses,sustainability,0.4572,5
845,theses,model based,0.3786,6
845,theses,systems model,0.3645,7
845,theses,manufacturing,0.29,8
847,theses,cascaded raman,0.6886,1
847,theses,fiber lasers,0.6074,2
847,theses,raman fiber,0.5915,3
847,theses,raman,0.455,4
847,theses,lasers,0.4399,5
847,theses,cascaded,0.2698,6
847,theses,architectures cascaded,0.2485,7
847,theses,fiber,0.1913,8
848,theses,epidemic behavior,0.7004,1
848,theses,optimal epidemic,0.6053,2
848,theses,epidemic,0.5557,3
848,theses,induce socially,0.5191,4
848,theses,behavior rational,0.4992,5
848,theses,socially optimal,0.4782,6
848,theses,rational individuals,0.4577,7
848,theses,mean field,0.4139,8
849,theses,mechanical assemblies,0.5464,1
849,theses,planning electro,0.5463,2
849,theses,topological approaches,0.5328,3
849,theses,electro mechanical,0.4747,4
849,theses,topological,0.3895,5
849,theses,approaches planning,0.3729,6
849,theses,electro,0.3447,7
849,theses,assemblies,0.2994,8
850,theses,intraoperative probe,0.4854,1
850,theses,soft robotics,0.4652,2
850,theses,multimodal tissue,0.4461,3
850,theses,probe brain,0.4459,4
850,theses,tumour delineation,0.4158,5
850,theses,tissue characterization,0.388,6
850,theses,brain tumour,0.38,7
850,theses,development intraoperative,0.3622,8
851,theses,adsorption optoelectronic,0.712,1
851,theses,polymorphic borophene,0.5953,2
851,theses,optoelectronic properties,0.4741,3
851,theses,borophene,0.4536,4
851,theses,adsorption,0.4403,5
851,theses,investigation adsorption,0.4314,6
851,theses,optoelectronic,0.3931,7
851,theses,principle base,0.2482,8
852,theses,integration silicon,0.5065,1
852,theses,gallium oxide,0.4547,2
852,theses,epitaxial integration,0.4496,3
852,theses,hetero epitaxial,0.4225,4
852,theses,power devices,0.368,5
852,theses,gallium,0.3553,6
852,theses,oxide vertical,0.3504,7
852,theses,silicon,0.3435,8
853,theses,estimation duplexing,0.6286,1
853,theses,duplexing scheme,0.6061,2
853,theses,duplexing,0.5342,3
853,theses,channel estimation,0.4801,4
853,theses,systems channel,0.4768,5
853,theses,scheme synchronization,0.4384,6
853,theses,synchronization,0.3815,7
853,theses,free systems,0.3214,8
854,theses,reinforced anchors,0.6032,1
854,theses,anchors transmission,0.597,2
854,theses,tower foundations,0.5546,3
854,theses,anchors,0.452,4
854,theses,transmission tower,0.4429,5
854,theses,numerical probabilistic,0.3722,6
854,theses,tower,0.3534,7
854,theses,foundations,0.3295,8
855,theses,probe breast,0.5037,1
855,theses,development optical,0.5016,2
855,theses,optical modality,0.4798,3
855,theses,base probe,0.4498,4
855,theses,optical,0.4451,5
855,theses,breast cancer,0.3378,6
855,theses,cancer diagnosis,0.328,7
855,theses,probe,0.295,8
856,theses,microcantilever sensor,0.7505,1
856,theses,gas sensing,0.7087,2
856,theses,advancement microcantilever,0.6246,3
856,theses,microcantilever,0.5598,4
856,theses,sensor technology,0.4801,5
856,theses,technology gas,0.4417,6
856,theses,sensing application,0.4253,7
856,theses,sensor,0.4161,8
857,theses,turbine supercritical,0.6929,1
857,theses,supercritical co2,0.6542,2
857,theses,inflow turbine,0.5555,3
857,theses,radial inflow,0.4945,4
857,theses,co2 power,0.4647,5
857,theses,turbine,0.4315,6
857,theses,supercritical,0.4116,7
857,theses,co2,0.3914,8
858,theses,quadrotor guidance,0.7127,1
858,theses,bearing quadrotor,0.6848,2
858,theses,quadrotor,0.5415,3
858,theses,guidance gap,0.4524,4
858,theses,gap traversal,0.4035,5
858,theses,bearing,0.3851,6
858,theses,traversal scenarios,0.3501,7
858,theses,traversal,0.2794,8
860,theses,biomimetic catalysis,0.6681,1
860,theses,metallo supramolecular,0.6293,2
860,theses,catalysis environmental,0.5982,3
860,theses,supramolecular assemblies,0.5842,4
860,theses,assemblies biomimetic,0.5306,5
860,theses,catalysis,0.5005,6
860,theses,supramolecular,0.4232,7
860,theses,designing metallo,0.4045,8
861,theses,ankora notions,0.5945,1
861,theses,zero knowledge,0.5825,2
861,theses,ankora,0.5103,3
861,theses,party computation,0.4069,4
861,theses,computation zero,0.4025,5
861,theses,knowledge conventional,0.3836,6
861,theses,notions multi,0.3715,7
861,theses,multi party,0.3483,8
863,theses,hydrogel injectable,0.6725,1
863,theses,multifunctional hydrogel,0.6515,2
863,theses,hydrogel,0.5971,3
863,theses,healing shape,0.5677,4
863,theses,self healing,0.4602,5
863,theses,shape morph,0.4119,6
863,theses,morph capability,0.3858,7
863,theses,injectable self,0.361,8
864,theses,bond coat,0.5459,1
864,theses,extraction bond,0.5252,2
864,theses,coat mechanical,0.4912,3
864,theses,image correlation,0.467,4
864,theses,digital image,0.4353,5
864,theses,temperature digital,0.4202,6
864,theses,bond,0.3447,7
864,theses,extraction,0.3245,8
865,theses,nanocomposite water,0.6137,1
865,theses,boron nitride,0.5267,2
865,theses,polymer nanocomposite,0.4909,3
865,theses,water remediation,0.4901,4
865,theses,hexagonal boron,0.47,5
865,theses,nanocomposite,0.4538,6
865,theses,boron,0.3933,7
865,theses,polymer,0.3516,8
866,theses,autonomous marine,0.6387,1
866,theses,marine agents,0.5881,2
866,theses,routing autonomous,0.5587,3
866,theses,intelligent routing,0.5483,4
866,theses,scalable algorithms,0.5049,5
866,theses,marine,0.453,6
866,theses,routing,0.4385,7
866,theses,algorithms intelligent,0.4107,8
867,theses,hydrogel soft,0.5327,1
867,theses,hydrogel,0.5191,2
867,theses,tissue regeneration,0.4985,3
867,theses,reinforce hydrogel,0.4872,4
867,theses,regeneration bone,0.4784,5
867,theses,printing biomedical,0.4554,6
867,theses,hybrid nanoparticle,0.4146,7
867,theses,cranial reconstruction,0.4047,8
868,theses,efficient thermoelectric,0.7814,1
868,theses,thermoelectric heat,0.7331,2
868,theses,thermoelectric,0.7092,3
868,theses,heat transport,0.5873,4
868,theses,transport material,0.4054,5
868,theses,engineering chemical,0.3674,6
868,theses,material principle,0.3074,7
868,theses,transport,0.2626,8
869,theses,rt qpcr,0.5695,1
869,theses,qpcr,0.5361,2
869,theses,group test,0.4659,3
869,theses,pooled rt,0.4557,4
869,theses,recovery algorithm,0.4398,5
869,theses,analysis recovery,0.4393,6
869,theses,algorithm pooled,0.3695,7
869,theses,pooled,0.3057,8
870,theses,design communication,0.6976,1
870,theses,collaborative design,0.6579,2
870,theses,understand design,0.5382,3
870,theses,design early,0.5195,4
870,theses,synchronous collaborative,0.5154,5
870,theses,design,0.5007,6
870,theses,collaborative,0.4253,7
870,theses,remote synchronous,0.422,8
875,theses,iron particle,0.5621,1
875,theses,contaminated site,0.5406,2
875,theses,valent iron,0.4621,3
875,theses,contaminated,0.4243,4
875,theses,remediation,0.4209,5
875,theses,investigation remediation,0.417,6
875,theses,remediation modify,0.3883,7
875,theses,iron,0.3793,8
876,theses,vibration isolation,0.6703,1
876,theses,isolation spacecraft,0.5726,2
876,theses,micro vibration,0.5218,3
876,theses,vibration,0.4184,4
876,theses,isotropic gough,0.3662,5
876,theses,stewart platform,0.3264,6
876,theses,spacecraft,0.3239,7
876,theses,platform micro,0.3083,8
879,theses,aerobreakup polymeric,0.8271,1
879,theses,polymeric droplet,0.7837,2
879,theses,aerobreakup,0.5972,3
879,theses,droplet,0.558,4
879,theses,polymeric,0.3837,5
880,theses,video quality,0.6874,1
880,theses,quality assessment,0.581,2
880,theses,label efficient,0.4442,3
880,theses,quality,0.4361,4
880,theses,reference video,0.3619,5
880,theses,generalizable reference,0.3329,6
880,theses,label,0.3121,7
880,theses,video,0.3066,8
881,theses,photoacoustic imaging,0.5209,1
881,theses,therapy photoacoustic,0.5185,2
881,theses,thermoresponsive cus,0.4776,3
881,theses,photoacoustic,0.4701,4
881,theses,base nanocomposite,0.3921,5
881,theses,cus base,0.388,6
881,theses,nanocomposite,0.3646,7
881,theses,nanocomposite mimic,0.3465,8
882,theses,smart grid,0.5406,1
882,theses,multi agent,0.494,2
882,theses,reinforcement learning,0.4223,3
882,theses,agent finite,0.4184,4
882,theses,horizon reinforcement,0.3972,5
882,theses,finite horizon,0.3851,6
882,theses,single multi,0.3421,7
882,theses,learning algorithm,0.3316,8
808,theses,imperfect data,0.7627,1
808,theses,limited imperfect,0.5255,2
808,theses,data,0.5182,3
808,theses,imperfect,0.4521,4
808,theses,learn limited,0.441,5
808,theses,learn,0.3989,6
808,theses,limited,0.1353,7
883,theses,crystallization boil,0.6856,1
883,theses,boil droplet,0.6194,2
883,theses,phenomenon crystallization,0.5793,3
883,theses,phase change,0.5749,4
883,theses,crystallization,0.5199,5
883,theses,interfacial phase,0.4983,6
883,theses,phase,0.4404,7
883,theses,droplet,0.3686,8
884,theses,swimmer fluorescent,0.6642,1
884,theses,fluorescent color,0.5682,2
884,theses,magnetic swimmer,0.5225,3
884,theses,fluorescent,0.5198,4
884,theses,integrate magnetic,0.5171,5
884,theses,color center,0.4469,6
884,theses,magnetic,0.3662,7
884,theses,swimmer,0.3063,8
885,theses,oxide silicon,0.6279,1
885,theses,functional oxide,0.589,2
885,theses,heterogeneous integration,0.4952,3
885,theses,silicon,0.4479,4
885,theses,integration functional,0.436,5
885,theses,heterogeneous,0.3857,6
885,theses,oxide,0.3459,7
885,theses,functional,0.2999,8
886,theses,span wing,0.6249,1
886,theses,transonic buffet,0.5641,2
886,theses,wing,0.5227,3
886,theses,buffet finite,0.5095,4
886,theses,finite span,0.4862,5
886,theses,span,0.3791,6
886,theses,buffet,0.3548,7
886,theses,nature transonic,0.3291,8
887,theses,locomotive traction,0.5341,1
887,theses,igbt,0.5237,2
887,theses,grade igbt,0.4778,3
887,theses,igbt wide,0.4691,4
887,theses,traction grade,0.4179,5
887,theses,switch behavior,0.4124,6
887,theses,traction,0.363,7
887,theses,locomotive,0.3502,8
888,theses,propagation aerodynamic,0.6556,1
888,theses,aerodynamic instabilities,0.615,2
888,theses,centrifugal compressors,0.5999,3
888,theses,compressors vaned,0.5836,4
888,theses,aerodynamic,0.5786,5
888,theses,vaned diffusers,0.5412,6
888,theses,instabilities centrifugal,0.4688,7
888,theses,compressors,0.4544,8
891,theses,ev adoption,0.6465,1
891,theses,vehicle ev,0.591,2
891,theses,charging infrastructure,0.5373,3
891,theses,ev,0.4996,4
891,theses,electric vehicle,0.4916,5
891,theses,adoption charging,0.4596,6
891,theses,infrastructure planning,0.3928,7
891,theses,develop decision,0.3787,8
892,theses,edge caching,0.6764,1
892,theses,content edge,0.5613,2
892,theses,caching,0.5087,3
892,theses,delivery strategy,0.4569,4
892,theses,dynamic content,0.4194,5
892,theses,edge,0.3306,6
892,theses,delivery,0.3235,7
892,theses,content,0.2964,8
893,theses,hydrogen production,0.6557,1
893,theses,generate hydrogen,0.6161,2
893,theses,gas hydrogen,0.5508,3
893,theses,synthesis gas,0.5471,4
893,theses,lignocellulosic biomass,0.5429,5
893,theses,thermochemical conversion,0.5223,6
893,theses,biomass generate,0.494,7
893,theses,steam gasification,0.4731,8
894,theses,aeroacoustic source,0.7269,1
894,theses,twin turbulent,0.6765,2
894,theses,turbulent jet,0.6696,3
894,theses,aeroacoustic,0.6417,4
894,theses,turbulent,0.5297,5
894,theses,jet,0.375,6
894,theses,source twin,0.3691,7
894,theses,twin,0.2423,8
896,theses,thermus thermophilus,0.7005,1
896,theses,ttha1873 thermus,0.6702,2
896,theses,thermophilus,0.6662,3
896,theses,protein ttha1873,0.6386,4
896,theses,thermus,0.4683,5
896,theses,hypothetical protein,0.4263,6
896,theses,protein,0.3907,7
896,theses,ttha1873,0.369,8
897,theses,turbine combustor,0.5727,1
897,theses,combustor operation,0.5068,2
897,theses,gas turbine,0.4982,3
897,theses,green fuel,0.4791,4
897,theses,fuel experimental,0.4619,5
897,theses,fossilized hydrocarbon,0.4341,6
897,theses,combustor,0.4334,7
897,theses,hydrocarbon gas,0.4221,8
898,theses,plasmonic nanostructure,0.6987,1
898,theses,resonant plasmonic,0.6637,2
898,theses,nanostructure 2d,0.5292,3
898,theses,integration resonant,0.5192,4
898,theses,plasmonic,0.4634,5
898,theses,nanostructure,0.3902,6
898,theses,2d material,0.3572,7
898,theses,resonant,0.2961,8
902,theses,artificial pancrea,0.5576,1
902,theses,pancrea type,0.4675,2
902,theses,adaptive optimal,0.4504,3
902,theses,optimal control,0.4503,4
902,theses,diabetes mellitus,0.44,5
902,theses,diabetes,0.435,6
902,theses,type diabetes,0.4325,7
902,theses,pancrea,0.425,8
826,theses,algorithms fairness,0.8602,1
826,theses,fairness guarantees,0.782,2
826,theses,mitigating bias,0.712,3
826,theses,bias algorithms,0.6774,4
826,theses,fairness,0.6029,5
826,theses,bias,0.5518,6
826,theses,mitigating,0.3595,7
826,theses,guarantees,0.3169,8
903,theses,cod cache,0.6003,1
903,theses,cod scheme,0.5423,2
903,theses,antenna cod,0.5367,3
903,theses,secure multi,0.4839,4
903,theses,multi access,0.4298,5
903,theses,bound secure,0.4221,6
903,theses,cod,0.3946,7
903,theses,cache,0.3579,8
904,theses,ipn membrane,0.6186,1
904,theses,polymeric network,0.5408,2
904,theses,interpenetrate polymeric,0.5237,3
904,theses,water remediation,0.4935,4
904,theses,membrane effective,0.4339,5
904,theses,effective water,0.3954,6
904,theses,ipn,0.3732,7
904,theses,network ipn,0.3694,8
905,theses,secure multiparty,0.6308,1
905,theses,multiparty computation,0.5791,2
905,theses,communication complexity,0.5528,3
905,theses,complexity landscape,0.4735,4
905,theses,complexity,0.4246,5
905,theses,computation,0.4179,6
905,theses,advance communication,0.4136,7
905,theses,perfectly secure,0.4114,8
906,theses,cementitious composite,0.5663,1
906,theses,fracture analysis,0.5556,2
906,theses,adhesively cementitious,0.5211,3
906,theses,model fracture,0.4975,4
906,theses,fracture,0.3919,5
906,theses,application adhesively,0.3729,6
906,theses,cementitious,0.3671,7
906,theses,computational model,0.3497,8
907,theses,cod cache,0.5269,1
907,theses,cache multi,0.5174,2
907,theses,shared cache,0.4839,3
907,theses,antenna cod,0.4736,4
907,theses,cache problem,0.461,5
907,theses,multi antenna,0.3975,6
907,theses,cache,0.394,7
907,theses,placement delivery,0.3939,8
908,theses,deployable implant,0.6286,1
908,theses,printing polymer,0.4877,2
908,theses,implant,0.4861,3
908,theses,4d printing,0.4579,4
908,theses,composite eengineer,0.4474,5
908,theses,polymer composite,0.3519,6
908,theses,eengineer resorbable,0.3486,7
908,theses,polymer,0.3305,8
910,theses,sustainable transportation,0.7143,1
910,theses,transportation measure,0.5874,2
910,theses,evaluate sustainable,0.535,3
910,theses,quality life,0.4761,4
910,theses,sustainable,0.4586,5
910,theses,term quality,0.4424,6
910,theses,transportation,0.4375,7
910,theses,quality,0.2764,8
913,theses,foaming surface,0.5243,1
913,theses,foaming,0.5028,2
913,theses,seasonality mitigation,0.5007,3
913,theses,surface waterbodie,0.4961,4
913,theses,persistence seasonality,0.4735,5
913,theses,waterbodie comprehensive,0.3989,6
913,theses,seasonality,0.3887,7
913,theses,waterbodie,0.3473,8
914,theses,nanotube cnt,0.5998,1
914,theses,carbon nanotube,0.5183,2
914,theses,strain gradient,0.4953,3
914,theses,cnt reinforce,0.4824,4
914,theses,structure strain,0.4227,5
914,theses,cnt cnt,0.4201,6
914,theses,nanotube,0.4003,7
914,theses,cnt,0.3871,8
915,theses,pv generation,0.4983,1
915,theses,block protection,0.4688,2
915,theses,swing block,0.4395,3
915,theses,follow pv,0.412,4
915,theses,power swing,0.4093,5
915,theses,pv,0.3981,6
915,theses,grid follow,0.3571,7
915,theses,protection presence,0.3455,8
916,theses,diode design,0.5141,1
916,theses,gallium oxide,0.51,2
916,theses,voltage diode,0.4258,3
916,theses,gallium,0.4087,4
916,theses,diode,0.3824,5
916,theses,oxide base,0.3249,6
916,theses,high voltage,0.3081,7
916,theses,fabrication characterization,0.2849,8
917,theses,concept representation,0.5227,1
917,theses,state mechanical,0.4789,2
917,theses,support concept,0.4758,3
917,theses,mechanical device,0.4671,4
917,theses,representation synthesis,0.375,5
917,theses,mechanical,0.3669,6
917,theses,concept,0.3279,7
917,theses,synthesis analysis,0.3064,8
918,theses,stochastic dimension,0.5043,1
918,theses,modeling dynamical,0.456,2
918,theses,intrusive reduce,0.447,3
918,theses,order modeling,0.4407,4
918,theses,reduce order,0.43,5
918,theses,large stochastic,0.4275,6
918,theses,dynamical large,0.4064,7
918,theses,stochastic,0.3961,8
920,theses,leidenfrost droplet,0.7362,1
920,theses,microtexture substrate,0.6423,2
920,theses,droplet microtexture,0.6317,3
920,theses,dynamic leidenfrost,0.5873,4
920,theses,leidenfrost,0.542,5
920,theses,droplet,0.4179,6
920,theses,microtexture,0.379,7
920,theses,substrate,0.3746,8
921,theses,robustness deep,0.7375,1
921,theses,improve robustness,0.6466,2
921,theses,effective algorithms,0.5873,3
921,theses,robustness,0.5609,4
921,theses,algorithms improve,0.5009,5
921,theses,efficient effective,0.4883,6
921,theses,deep neural,0.4453,7
921,theses,effective,0.3643,8
922,theses,energy harvesting,0.5893,1
922,theses,harvesting power,0.572,2
922,theses,load adaptation,0.4722,3
922,theses,dynamic load,0.4208,4
922,theses,source energy,0.3665,5
922,theses,power supply,0.3588,6
922,theses,harvesting,0.3417,7
922,theses,supply dynamic,0.3237,8
923,theses,islanding detection,0.4742,1
923,theses,inverters modeling,0.472,2
923,theses,tie inverters,0.4555,3
923,theses,modeling islanding,0.4159,4
923,theses,islanding,0.3842,5
923,theses,transfer control,0.3774,6
923,theses,inverters,0.3749,7
923,theses,mode operation,0.3493,8
924,theses,sustainable nox,0.4989,1
924,theses,nox reduction,0.4592,2
924,theses,dust thermal,0.447,3
924,theses,catalyst sustainable,0.4337,4
924,theses,scr plate,0.3995,5
924,theses,plate catalyst,0.3987,6
924,theses,develop scr,0.3899,7
924,theses,scr,0.3453,8
925,theses,hearing screening,0.7162,1
925,theses,neonatal hearing,0.6893,2
925,theses,hearing,0.5697,3
925,theses,approaches neonatal,0.4206,4
925,theses,screening,0.3817,5
925,theses,event relate,0.369,6
925,theses,neonatal,0.3667,7
925,theses,interpretation approaches,0.3313,8
926,theses,episode mining,0.6965,1
926,theses,discovery algorithms,0.5583,2
926,theses,efficient discovery,0.5569,3
926,theses,frequent episode,0.5494,4
926,theses,mining efficient,0.4566,5
926,theses,significance analysis,0.4487,6
926,theses,algorithms significance,0.4398,7
926,theses,discovery,0.4325,8
927,theses,physiological transport,0.7283,1
927,theses,transport scale,0.648,2
927,theses,model physiological,0.6058,3
927,theses,cell organ,0.4628,4
927,theses,transport,0.4427,5
927,theses,physiological,0.4368,6
927,theses,connect cell,0.4208,7
927,theses,scale connect,0.3809,8
935,theses,cylinder wake,0.7265,1
935,theses,wake flow,0.6052,2
935,theses,sustain oscillation,0.5297,3
935,theses,speed cylinder,0.4322,4
935,theses,wake,0.4174,5
935,theses,self sustain,0.384,6
935,theses,oscillation high,0.3788,7
935,theses,cylinder,0.3606,8
938,theses,multiscale kinetic,0.5908,1
938,theses,kinetic equation,0.5404,2
938,theses,scheme hyperbolic,0.5367,3
938,theses,numerical scheme,0.4831,4
938,theses,equation multiscale,0.4809,5
938,theses,hyperbolic partial,0.4713,6
938,theses,preserve numerical,0.4017,7
938,theses,kinetic,0.3916,8
939,theses,gate aircraft,0.6024,1
939,theses,aircraft operation,0.5457,2
939,theses,optimization gate,0.5397,3
939,theses,gate gate,0.4959,4
939,theses,air traffic,0.4438,5
939,theses,gate,0.4135,6
939,theses,modelling optimization,0.4085,7
939,theses,aircraft,0.3938,8
940,theses,manufacturing titanium,0.6369,1
940,theses,additive manufacturing,0.6075,2
940,theses,titanium alloy,0.5516,3
940,theses,process microstructure,0.5133,4
940,theses,alloy orthopaedic,0.4483,5
940,theses,titanium,0.437,6
940,theses,alloy,0.406,7
940,theses,manufacturing,0.3925,8
941,theses,level inverter,0.6499,1
941,theses,hybrid level,0.4766,2
941,theses,modulation range,0.4546,3
941,theses,inverter variable,0.4258,4
941,theses,linear modulation,0.3914,5
941,theses,inverter,0.3797,6
941,theses,level level,0.3619,7
941,theses,speed drive,0.3448,8
944,theses,waste management,0.6289,1
944,theses,metal remediation,0.5745,2
944,theses,strategy waste,0.5153,3
944,theses,remediation technique,0.5044,4
944,theses,waste,0.4886,5
944,theses,sustainable strategy,0.4756,6
944,theses,remediation,0.4537,7
944,theses,substrate heavy,0.4292,8
945,theses,fracture magnesium,0.7083,1
945,theses,magnesium alloy,0.6735,2
945,theses,magnesium,0.4691,3
945,theses,alloy,0.4046,4
945,theses,mechanism mechanic,0.365,5
945,theses,ii fracture,0.3602,6
945,theses,mechanic mixed,0.3242,7
945,theses,fracture,0.3211,8
946,theses,response hiv,0.6052,1
946,theses,engineering antibody,0.6024,2
946,theses,antibody response,0.5321,3
946,theses,hiv,0.5236,4
946,theses,antibody,0.4732,5
946,theses,computational approach,0.4445,6
946,theses,computational,0.3404,7
946,theses,approach engineering,0.3012,8
947,theses,suspend microchannel,0.7888,1
947,theses,microchannel resonator,0.7871,2
947,theses,microchannel,0.6151,3
947,theses,dynamic suspend,0.5063,4
947,theses,resonator,0.4992,5
947,theses,suspend,0.3593,6
947,theses,dynamic,0.1525,7
948,theses,xr ai,0.6625,1
948,theses,human loop,0.5592,2
948,theses,ai base,0.5051,3
948,theses,xr,0.4524,4
948,theses,ai,0.4488,5
948,theses,loop assistance,0.3892,6
948,theses,loop,0.3487,7
948,theses,assistance industry,0.323,8
950,theses,electron bubbles,0.7591,1
950,theses,liquid helium,0.5999,2
950,theses,bubbles liquid,0.5408,3
950,theses,helium,0.5082,4
950,theses,dynamics electron,0.4996,5
950,theses,bubbles,0.4704,6
950,theses,electron,0.4292,7
950,theses,liquid,0.287,8
954,theses,oscillate airfoils,0.8392,1
954,theses,airfoils,0.6432,2
954,theses,propulsion oscillate,0.6343,3
954,theses,self propulsion,0.6146,4
954,theses,propulsion,0.4801,5
954,theses,oscillate,0.3605,6
954,theses,self,0.2539,7
956,theses,core architectures,0.6067,1
956,theses,multi core,0.5834,2
956,theses,loop transformations,0.5537,3
956,theses,architectures machine,0.5255,4
956,theses,core,0.4508,5
956,theses,architectures,0.4263,6
956,theses,machine learning,0.3948,7
956,theses,transformations multi,0.391,8
957,theses,oxyfuel fluidize,0.5694,1
957,theses,bed combustion,0.5093,2
957,theses,indian coal,0.4909,3
957,theses,investigation oxyfuel,0.4845,4
957,theses,fluidize bed,0.4812,5
957,theses,combustion characteristic,0.4414,6
957,theses,coal,0.3974,7
957,theses,combustion,0.3919,8
958,theses,capacitor converter,0.6882,1
958,theses,switched capacitor,0.555,2
958,theses,converter topologies,0.5434,3
958,theses,capacitor,0.4032,4
958,theses,power conversion,0.4021,5
958,theses,converter,0.3854,6
958,theses,dc ac,0.3711,7
958,theses,dc power,0.3552,8
959,theses,criterion reinforcement,0.7215,1
959,theses,algorithms cost,0.6361,2
959,theses,reinforcement learning,0.6213,3
959,theses,cost criterion,0.6143,4
959,theses,algorithms,0.4682,5
959,theses,reinforcement,0.4677,6
959,theses,cost,0.4061,7
959,theses,learning,0.3944,8
963,theses,flow flame,0.5697,1
963,theses,excitation swirl,0.5194,2
963,theses,acoustic excitation,0.5194,3
963,theses,swirl flow,0.4985,4
963,theses,transverse acoustic,0.4925,5
963,theses,acoustic,0.4219,6
963,theses,swirl,0.3983,7
963,theses,flame,0.3776,8
966,theses,uantification irrigation,0.7853,1
966,theses,irrigation crop,0.7243,2
966,theses,irrigation,0.6474,3
966,theses,crop water,0.6427,4
966,theses,soil moisture,0.5944,5
966,theses,water productivity,0.5157,6
966,theses,productivity soil,0.5035,7
966,theses,moisture dynamic,0.4841,8
967,theses,human model,0.661,1
967,theses,digital human,0.6067,2
967,theses,human performance,0.5988,3
967,theses,simulate natural,0.5151,4
967,theses,simulate,0.4864,5
967,theses,natural human,0.4536,6
967,theses,performance digital,0.4524,7
967,theses,human,0.4482,8
968,theses,flow curved,0.5238,1
968,theses,line instabilities,0.5079,2
968,theses,curved surfaces,0.4924,3
968,theses,film flow,0.4559,4
968,theses,contact line,0.4204,5
968,theses,instabilities film,0.4108,6
968,theses,surfaces,0.364,7
968,theses,curved,0.342,8
969,theses,aerial corridors,0.6562,1
969,theses,planning multilane,0.6555,2
969,theses,corridors uav,0.6417,3
969,theses,intersection planning,0.6278,4
969,theses,multilane aerial,0.6172,5
969,theses,multilane,0.4803,6
969,theses,corridors,0.4282,7
969,theses,uav,0.4227,8
970,theses,epithelial mesenchymal,0.6688,1
970,theses,heterogeneity cancer,0.6091,2
970,theses,driver epithelial,0.5011,3
970,theses,mesenchymal heterogeneity,0.4739,4
970,theses,inter cellular,0.4303,5
970,theses,cancer,0.41,6
970,theses,epithelial,0.3838,7
970,theses,mesenchymal,0.3477,8
971,theses,generation biofuel,0.5958,1
971,theses,biofuel supply,0.5873,2
971,theses,circular economy,0.5688,3
971,theses,sustainability assessment,0.5474,4
971,theses,biofuel,0.5452,5
971,theses,sustainability,0.4756,6
971,theses,supply chain,0.4493,7
971,theses,economy framework,0.4118,8
972,theses,photocrosslinkable bioink,0.6627,1
972,theses,bioprinting tissue,0.6362,2
972,theses,3d bioprinting,0.6089,3
972,theses,bioink 3d,0.555,4
972,theses,tissue engineering,0.5395,5
972,theses,bioprinting,0.5231,6
972,theses,base photocrosslinkable,0.4772,7
972,theses,bioink,0.4149,8
974,theses,flow fan,0.6877,1
974,theses,axial flow,0.5973,2
974,theses,buffet axial,0.4441,3
974,theses,transonic shock,0.4398,4
974,theses,shock buffet,0.3481,5
974,theses,fan,0.3431,6
974,theses,axial,0.3382,7
974,theses,flow,0.3236,8
975,theses,martian regolith,0.5468,1
975,theses,structure lunar,0.5416,2
975,theses,lunar martian,0.4907,3
975,theses,regolith simulants,0.3836,4
975,theses,lunar,0.379,5
975,theses,bear structure,0.3367,6
975,theses,martian,0.3295,7
975,theses,investigation consolidation,0.298,8
976,theses,tracking visual,0.6174,1
976,theses,feature tracking,0.6044,2
976,theses,fields ocean,0.5184,3
976,theses,visual analysis,0.4672,4
976,theses,tracking,0.4546,5
976,theses,visual,0.4065,6
976,theses,ocean,0.3999,7
976,theses,temporal scalar,0.3484,8
981,theses,communication skill,0.6321,1
981,theses,job interview,0.5865,2
981,theses,interview scenario,0.5787,3
981,theses,analysis communication,0.5616,4
981,theses,interview,0.5568,5
981,theses,skill job,0.4907,6
981,theses,communication,0.472,7
981,theses,computational analysis,0.435,8
982,theses,decision complex,0.5327,1
982,theses,complex systems,0.4934,2
982,theses,decision learning,0.488,3
982,theses,learning framework,0.4575,4
982,theses,architecture design,0.4573,5
982,theses,systems,0.4506,6
982,theses,architecture,0.4379,7
982,theses,design decision,0.4275,8
984,theses,uncertainty quantification,0.6018,1
984,theses,uncertainty set,0.5965,2
984,theses,uncertainty uncertainty,0.5758,3
984,theses,make uncertainty,0.5425,4
984,theses,uncertainty,0.5321,5
984,theses,convex uncertainty,0.5135,6
984,theses,quantification relational,0.4862,7
984,theses,algebra polytope,0.403,8
988,theses,architecture airline,0.6038,1
988,theses,passenger satisfaction,0.5805,2
988,theses,airline,0.5085,3
988,theses,airline passenger,0.4739,4
988,theses,big data,0.4712,5
988,theses,data paradigm,0.3964,6
988,theses,satisfaction change,0.3853,7
988,theses,reference architecture,0.3631,8
989,theses,large storage,0.6911,1
989,theses,storage systems,0.6642,2
989,theses,storage,0.6373,3
989,theses,learning models,0.5473,4
989,theses,models large,0.5288,5
989,theses,models,0.4614,6
989,theses,learning,0.4069,7
989,theses,systems,0.3111,8
990,theses,eeg time,0.6644,1
990,theses,analysis classification,0.5486,2
990,theses,eeg,0.5466,3
990,theses,time series,0.4745,4
990,theses,classification,0.4417,5
990,theses,series analysis,0.3654,6
990,theses,analysis,0.2863,7
990,theses,series,0.2298,8
992,theses,safety assurance,0.6975,1
992,theses,assurance validation,0.607,2
992,theses,validation framework,0.5684,3
992,theses,architecture model,0.5586,4
992,theses,based safety,0.5513,5
992,theses,safety,0.5032,6
992,theses,validation,0.4712,7
992,theses,architecture,0.4299,8
993,theses,multilingual phone,0.7382,1
993,theses,indian languages,0.6692,2
993,theses,phone recognition,0.6372,3
993,theses,study multilingual,0.6145,4
993,theses,multilingual,0.5817,5
993,theses,recognition indian,0.4786,6
993,theses,languages,0.4214,7
993,theses,indian,0.3524,8
995,theses,automatic handwritten,0.6705,1
995,theses,handwritten essay,0.628,2
995,theses,essay scoring,0.6192,3
995,theses,handwritten,0.5848,4
995,theses,scoring unconstrained,0.5311,5
995,theses,unconstrained dataset,0.505,6
995,theses,dataset,0.3934,7
995,theses,unconstrained,0.3789,8
996,theses,social discourse,0.733,1
996,theses,discourse,0.6094,2
996,theses,online social,0.5676,3
996,theses,social,0.4988,4
996,theses,computational,0.4886,5
996,theses,computational model,0.439,6
996,theses,model online,0.3475,7
996,theses,online,0.2879,8
997,theses,signature neurodegeneration,0.6356,1
997,theses,neuro oncology,0.6079,2
997,theses,quantitative mri,0.6073,3
997,theses,mri image,0.6016,4
997,theses,mri,0.5342,5
997,theses,neurodegeneration neuro,0.4907,6
997,theses,neurodegeneration,0.4905,7
997,theses,image signature,0.4212,8
999,theses,ibfd network,0.5946,1
999,theses,hybrid ibfd,0.4949,2
999,theses,allocation algorithm,0.3907,3
999,theses,ibfd,0.3832,4
999,theses,spectral efficiency,0.3801,5
999,theses,resource allocation,0.357,6
999,theses,efficiency hybrid,0.3273,7
999,theses,sum spectral,0.3263,8
1000,theses,zero trust,0.6715,1
1000,theses,iot security,0.6273,2
1000,theses,security zero,0.6247,3
1000,theses,trust approach,0.5105,4
1000,theses,iot,0.4792,5
1000,theses,trust,0.377,6
1000,theses,security,0.3415,7
1000,theses,zero,0.2651,8
1013,theses,task automation,0.6086,1
1013,theses,automation effect,0.5757,2
1013,theses,labour market,0.5481,3
1013,theses,automation,0.5168,4
1013,theses,effect labour,0.507,5
1013,theses,labour,0.424,6
1013,theses,dynamics task,0.4174,7
1013,theses,task,0.3908,8
1025,theses,multi agent,0.5792,1
1025,theses,agent systems,0.5623,2
1025,theses,responsible agency,0.5145,3
1025,theses,transcendence model,0.5116,4
1025,theses,agent,0.4934,5
1025,theses,emergent responsible,0.4922,6
1025,theses,computational transcendence,0.4872,7
1025,theses,agency multi,0.4716,8
1026,theses,snn neuromorphic,0.6475,1
1026,theses,neuromorphic systems,0.545,2
1026,theses,models snn,0.5329,3
1026,theses,neuron models,0.4874,4
1026,theses,neuromorphic,0.4805,5
1026,theses,stress detection,0.4788,6
1026,theses,neuron,0.4746,7
1026,theses,advanced neuron,0.4593,8
443,theses,stem cell,0.4442,1
443,theses,biomaterial multifunctional,0.4237,2
443,theses,treat neurodegenerative,0.4167,3
443,theses,biomaterial develop,0.4151,4
443,theses,multifunctional biomaterial,0.4075,5
443,theses,biomaterial provide,0.4007,6
443,theses,biomaterial platform,0.3921,7
443,theses,cell functional,0.388,8
899,theses,climatic response,0.6372,1
899,theses,climatic zone,0.5863,2
899,theses,climate change,0.5254,3
899,theses,dwelling climate,0.5201,4
899,theses,examine climatic,0.51,5
899,theses,climate,0.5092,6
899,theses,adaptation rural,0.5014,7
899,theses,climatic,0.5,8
901,theses,electrochemical degradation,0.7031,1
901,theses,electrodeposite tin,0.652,2
901,theses,evolution electrochemical,0.6036,3
901,theses,electrochemical,0.558,4
901,theses,behaviour electrodeposite,0.4857,5
901,theses,electrodeposite,0.4755,6
901,theses,base coating,0.4079,7
901,theses,tin base,0.3996,8
909,theses,quadcopter reliable,0.7337,1
909,theses,novel quadcopter,0.6547,2
909,theses,quadcopter,0.6275,3
909,theses,cluttered environment,0.4428,4
909,theses,operation cluttered,0.3648,5
909,theses,cluttered,0.3126,6
909,theses,reliable operation,0.3029,7
909,theses,design development,0.2472,8
1027,theses,malnutrition management,0.6391,1
1027,theses,complexity malnutrition,0.608,2
1027,theses,malnutrition,0.5193,3
1027,theses,health information,0.4404,4
1027,theses,information application,0.412,5
1027,theses,esigne complexity,0.4068,6
1027,theses,management approach,0.3481,7
1027,theses,esigne,0.318,8
1031,theses,cnn accelerator,0.576,1
1031,theses,approximate multipliers,0.5729,2
1031,theses,hardware cnn,0.5373,3
1031,theses,variant approximate,0.493,4
1031,theses,multipliers,0.3759,5
1031,theses,accelerator designs,0.3704,6
1031,theses,approximate,0.3527,7
1031,theses,accelerator,0.3465,8
1033,theses,sd wan,0.7229,1
1033,theses,traffic management,0.619,2
1033,theses,network congestion,0.577,3
1033,theses,mainstream traffic,0.4955,4
1033,theses,congestion,0.4791,5
1033,theses,traffic,0.4695,6
1033,theses,sd,0.4447,7
1033,theses,wan mainstream,0.4442,8
1034,theses,multiplier architectures,0.614,1
1034,theses,hardware security,0.542,2
1034,theses,field hardware,0.5227,3
1034,theses,polynomial multiplier,0.5056,4
1034,theses,design polynomial,0.4997,5
1034,theses,finite field,0.4413,6
1034,theses,multiplier,0.4228,7
1034,theses,hardware,0.3932,8
1035,theses,multi agent,0.6523,1
1035,theses,agent task,0.6479,2
1035,theses,distribute cooperative,0.5809,3
1035,theses,cooperative multi,0.5686,4
1035,theses,cooperative,0.4884,5
1035,theses,task execution,0.4716,6
1035,theses,agent,0.4395,7
1035,theses,distribute,0.3877,8
1036,theses,testing program,0.6176,1
1036,theses,verification programs,0.573,2
1036,theses,industrial robots,0.5692,3
1036,theses,program analysis,0.5086,4
1036,theses,programs industrial,0.4786,5
1036,theses,robots,0.4522,6
1036,theses,testing,0.433,7
1036,theses,base verification,0.4273,8
1038,theses,memory formulation,0.6063,1
1038,theses,associative memory,0.6044,2
1038,theses,retrieval sequence,0.546,3
1038,theses,auto associative,0.517,4
1038,theses,sequence decode,0.4955,5
1038,theses,storage retrieval,0.4898,6
1038,theses,retrieval,0.4826,7
1038,theses,information storage,0.478,8
1039,theses,privacy aware,0.6041,1
1039,theses,healthcare ecosystems,0.5939,2
1039,theses,aware access,0.5405,3
1039,theses,control healthcare,0.4614,4
1039,theses,privacy,0.4606,5
1039,theses,access control,0.4488,6
1039,theses,healthcare,0.3904,7
1039,theses,access,0.3378,8
1040,theses,privacy aware,0.6041,1
1040,theses,healthcare ecosystems,0.5939,2
1040,theses,aware access,0.5405,3
1040,theses,control healthcare,0.4614,4
1040,theses,privacy,0.4606,5
1040,theses,access control,0.4488,6
1040,theses,healthcare,0.3904,7
1040,theses,access,0.3378,8
1041,theses,ictd programme,0.6449,1
1041,theses,mandate ictd,0.6294,2
1041,theses,ictd,0.6091,3
1041,theses,karnatakas agriculture,0.5824,4
1041,theses,case karnatakas,0.5302,5
1041,theses,agriculture electronic,0.4801,6
1041,theses,karnatakas,0.4731,7
1041,theses,electronic market,0.3642,8
1046,theses,spatial statistical,0.49,1
1046,theses,cross survey,0.4596,2
1046,theses,health grouping,0.4589,3
1046,theses,population health,0.4339,4
1046,theses,survey response,0.4135,5
1046,theses,analysis population,0.3785,6
1046,theses,grouping cross,0.3487,7
1046,theses,statistical,0.3162,8
1049,theses,attack vanet,0.6481,1
1049,theses,effectiveness vanet,0.6295,2
1049,theses,vanet intelligence,0.6043,3
1049,theses,vanet communication,0.5888,4
1049,theses,safety vanet,0.584,5
1049,theses,networks vanet,0.5792,6
1049,theses,vanet provide,0.555,7
1049,theses,vanet information,0.5488,8
439,theses,tmd transistor,0.4628,1
439,theses,sio2 etch,0.4531,2
439,theses,transistor technology,0.4372,3
439,theses,transistor fabrication,0.4352,4
439,theses,plasma etch,0.433,5
439,theses,sf6 plasma,0.3936,6
439,theses,mos2 material,0.3864,7
439,theses,quality mos2,0.3776,8
930,theses,cell decision,0.5793,1
930,theses,multistability cellular,0.5759,2
930,theses,cellular differentiation,0.571,3
930,theses,regulatory network,0.5491,4
930,theses,cellular,0.4952,5
930,theses,cd cell,0.4893,6
930,theses,repressive regulatory,0.4155,7
930,theses,node mutually,0.3617,8
931,theses,mechanics discretization,0.6227,1
931,theses,variational approaches,0.6084,2
931,theses,exterior calculus,0.5805,3
931,theses,mixed variational,0.4945,4
931,theses,discretization,0.4693,5
931,theses,discretization finite,0.4654,6
931,theses,continuum mechanics,0.4572,7
931,theses,nonlinear continuum,0.4408,8
933,theses,3d representations,0.6325,1
933,theses,view synthesis,0.5866,2
933,theses,reliable priors,0.5283,3
933,theses,synthesis 3d,0.4934,4
933,theses,sparse input,0.4727,5
933,theses,3d,0.4403,6
933,theses,representations reliable,0.4398,7
933,theses,input view,0.4166,8
1050,theses,enzymatic valorization,0.4621,1
1050,theses,enzymatic approach,0.4583,2
1050,theses,glycerol conversion,0.4535,3
1050,theses,enzyme catalyst,0.4396,4
1050,theses,valorization glycerol,0.4367,5
1050,theses,lipase germinate,0.4355,6
1050,theses,lipase enzyme,0.4329,7
1050,theses,propose enzymatic,0.4263,8
441,theses,cod cache,0.6025,1
441,theses,index coding,0.5787,2
441,theses,cache gradient,0.557,3
441,theses,coding cod,0.5512,4
441,theses,gradient coding,0.5504,5
441,theses,cache,0.446,6
441,theses,coding,0.4331,7
441,theses,contribution index,0.3592,8
942,theses,mile connectivity,0.6267,1
942,theses,hailing transit,0.6059,2
942,theses,transit service,0.5621,3
942,theses,facilitate mile,0.4978,4
942,theses,transit,0.476,5
942,theses,collaboration model,0.471,6
942,theses,ride hailing,0.4516,7
942,theses,model ride,0.4334,8
1053,theses,hadoop management,0.5277,1
1053,theses,security cloud,0.4798,2
1053,theses,mapreduce,0.453,3
1053,theses,comprehensive datum,0.4427,4
1053,theses,big data,0.4422,5
1053,theses,security framework,0.4392,6
1053,theses,cloud datum,0.4318,7
1053,theses,datum privacy,0.4288,8
1054,theses,treat wastewater,0.5069,1
1054,theses,adsorb hazardous,0.4511,2
1054,theses,hazardous pollutant,0.4455,3
1054,theses,adsorption experiment,0.4454,4
1054,theses,removal toxic,0.44,5
1054,theses,wastewater especially,0.4371,6
1054,theses,toxic pollutants,0.4328,7
1054,theses,pollutant batch,0.4317,8
1055,theses,anthrax livestock,0.5361,1
1055,theses,animal healthcare,0.4808,2
1055,theses,study anthrax,0.4736,3
1055,theses,healthcare animal,0.4387,4
1055,theses,anthrax zoonotic,0.4226,5
1055,theses,model anthrax,0.4205,6
1055,theses,illness outbreak,0.4156,7
1055,theses,livestock approach,0.4108,8
1056,theses,text classification,0.6192,1
1056,theses,classification study,0.4633,2
1056,theses,classification primary,0.4492,3
1056,theses,classification model,0.4486,4
1056,theses,natural language,0.4369,5
1056,theses,textual data,0.4323,6
1056,theses,classification algorithm,0.4315,7
1056,theses,classification,0.4245,8
457,theses,community structure,0.6285,1
457,theses,structure fairness,0.5668,2
457,theses,fairness constraints,0.5473,3
457,theses,network analysis,0.5291,4
457,theses,statistical network,0.4415,5
457,theses,community,0.3884,6
457,theses,analysis community,0.3822,7
457,theses,constraints emergent,0.3647,8
973,theses,microwave absorption,0.6864,1
973,theses,composite microwave,0.6107,2
973,theses,absorption application,0.4749,3
973,theses,microwave,0.4228,4
973,theses,multiscale modelling,0.4196,5
973,theses,multifunctional composite,0.4139,6
973,theses,absorption,0.3501,7
973,theses,modelling design,0.3217,8
1057,theses,mining wasteland,0.6165,1
1057,theses,mining wastelands,0.5906,2
1057,theses,mining india,0.5713,3
1057,theses,india mining,0.5373,4
1057,theses,urban mining,0.5178,5
1057,theses,development mining,0.5091,6
1057,theses,mining relate,0.4968,7
1057,theses,mining activity,0.4954,8
1058,theses,detect electroencephalogram,0.595,1
1058,theses,seizure detection,0.5613,2
1058,theses,electroencephalogram eeg,0.5595,3
1058,theses,eeg signal,0.5439,4
1058,theses,electroencephalogram,0.5313,5
1058,theses,know epilepsy,0.4873,6
1058,theses,live epilepsy,0.4837,7
1058,theses,seizure brain,0.483,8
1059,theses,investor behaviour,0.6535,1
1059,theses,mutual fund,0.596,2
1059,theses,study investor,0.577,3
1059,theses,investor,0.5523,4
1059,theses,preferences mutual,0.4498,5
1059,theses,reference bangalore,0.4145,6
1059,theses,fund,0.3921,7
1059,theses,bangalore city,0.3907,8
1061,theses,event recommender,0.6664,1
1061,theses,event recommendation,0.6429,2
1061,theses,recommend event,0.6353,3
1061,theses,event recommend,0.5992,4
1061,theses,event base,0.509,5
1061,theses,recommender machine,0.4761,6
1061,theses,event attendance,0.4741,7
1061,theses,recommendation utilize,0.474,8
1113,theses,function application,0.6205,1
1113,theses,aspect special,0.5735,2
1113,theses,special function,0.512,3
1113,theses,certain aspect,0.4618,4
1113,theses,aspect,0.4334,5
1113,theses,application,0.408,6
1113,theses,function,0.4019,7
1113,theses,study certain,0.3526,8
1014,theses,evaluation programming,0.8125,1
1014,theses,automated evaluation,0.7386,2
1014,theses,programming assignments,0.7164,3
1014,theses,evaluation,0.5335,4
1014,theses,assignments,0.5303,5
1014,theses,programming,0.5277,6
1014,theses,automated,0.4894,7
1063,theses,cloud federation,0.6658,1
1063,theses,cloud federated,0.6631,2
1063,theses,federated cloud,0.6585,3
1063,theses,cloud compute,0.5955,4
1063,theses,cloud environment,0.5629,5
1063,theses,federate cloud,0.5518,6
1063,theses,strategies federated,0.4459,7
1063,theses,cloud,0.4414,8
1065,theses,oxide nanoparticles,0.5066,1
1065,theses,tio2 nanoparticle,0.4925,2
1065,theses,nanoparticles quenchers,0.4681,3
1065,theses,fluorescence spectroscopy,0.4408,4
1065,theses,oxide zro2,0.4356,5
1065,theses,zro2 tio2,0.4212,6
1065,theses,nanoparticle fluorophore,0.4094,7
1065,theses,compounds metal,0.3894,8
1066,theses,convection nanofluids,0.6595,1
1066,theses,convection nanofluid,0.6456,2
1066,theses,nanofluid study,0.6357,3
1066,theses,nanofluid application,0.6306,4
1066,theses,nanofluid nanofluids,0.5881,5
1066,theses,nanofluids goal,0.5783,6
1066,theses,fluid nanofluid,0.5778,7
1066,theses,nanofluids,0.5741,8
1067,theses,behaviour stakeholder,0.5794,1
1067,theses,stakeholder strategies,0.54,2
1067,theses,stakeholder strategy,0.5312,3
1067,theses,stakeholder,0.4931,4
1067,theses,sustainable building,0.4806,5
1067,theses,construction sector,0.4091,6
1067,theses,green sustainable,0.4033,7
1067,theses,consumer behaviour,0.3943,8
1068,theses,scheduling cloud,0.5618,1
1068,theses,workload heterogeneous,0.5449,2
1068,theses,workload scheduling,0.5404,3
1068,theses,efficient workload,0.5166,4
1068,theses,aware workload,0.5105,5
1068,theses,parallel workload,0.5022,6
1068,theses,schedule workload,0.4928,7
1068,theses,workflow computing,0.483,8
1069,theses,cooperative relaying,0.5395,1
1069,theses,noma cooperative,0.5344,2
1069,theses,communication plc,0.5006,3
1069,theses,cooperative communication,0.4766,4
1069,theses,plc channel,0.46,5
1069,theses,communication power,0.4134,6
1069,theses,interference multipath,0.4071,7
1069,theses,power line,0.4054,8
1074,theses,equol pharmacokinetic,0.6024,1
1074,theses,equol dietary,0.567,2
1074,theses,estrogen equol,0.474,3
1074,theses,equol induce,0.4561,4
1074,theses,assessment equol,0.431,5
1074,theses,rat equol,0.4114,6
1074,theses,dose toxicity,0.4066,7
1074,theses,toxicity study,0.3974,8
1077,theses,strategies mimo,0.5286,1
1077,theses,communication mimo,0.517,2
1077,theses,detection mimo,0.506,3
1077,theses,evaluation mimo,0.5052,4
1077,theses,modulation gsm,0.4973,5
1077,theses,mimo backscatter,0.4657,6
1077,theses,gssk detector,0.4588,7
1077,theses,advancement wireless,0.4541,8
1078,theses,textile waste,0.5401,1
1078,theses,recycle textile,0.5309,2
1078,theses,waste reinforced,0.5033,3
1078,theses,properties textile,0.4906,4
1078,theses,building material,0.489,5
1078,theses,disposal textile,0.4873,6
1078,theses,resource textile,0.4806,7
1078,theses,use textile,0.4786,8
1060,theses,big data,0.5791,1
1060,theses,feature selection,0.5146,2
1060,theses,base feature,0.4366,3
1060,theses,data analytics,0.4143,4
1060,theses,artificial intelligence,0.4021,5
1060,theses,feature,0.3954,6
1060,theses,selection techniques,0.3877,7
1060,theses,intelligence base,0.3757,8
1080,theses,nanocomposites photocatalytic,0.6011,1
1080,theses,photocatalytic electrocatalytic,0.5527,2
1080,theses,electrocatalytic applications,0.5327,3
1080,theses,electrocatalytic applicationsquot,0.5251,4
1080,theses,improvement photocatalytic,0.5225,5
1080,theses,synthesis chalcogenide,0.514,6
1080,theses,photocatalytic activity,0.5086,7
1080,theses,electrocatalytic water,0.4999,8
1081,theses,graph thesis,0.5325,1
1081,theses,prime graph,0.5061,2
1081,theses,network spectral,0.4989,3
1081,theses,graph prime,0.4899,4
1081,theses,type graph,0.4706,5
1081,theses,connectivity fibonacci,0.4613,6
1081,theses,network thesis,0.4585,7
1081,theses,complex network,0.4517,8
1083,theses,drug metabolism,0.3506,1
1083,theses,labetalol metoprolol,0.3368,2
1083,theses,drug cv,0.3281,3
1083,theses,dialysis method,0.3262,4
1083,theses,cardiovascular drug,0.3203,5
1083,theses,equilibrium dialysis,0.3176,6
1083,theses,cv drug,0.3138,7
1083,theses,metoprolol nifedipine,0.3097,8
463,theses,properties liquefaction,0.5403,1
463,theses,liquefaction potential,0.4956,2
463,theses,bender elements,0.4668,3
463,theses,liquefaction,0.4604,4
463,theses,column bender,0.4538,5
463,theses,resonant column,0.4226,6
463,theses,elements tests,0.3756,7
463,theses,potential sand,0.3645,8
464,theses,entanglement assist,0.67,1
464,theses,qudit stabilizer,0.6553,2
464,theses,stabilizer codes,0.6064,3
464,theses,additive qudit,0.5209,4
464,theses,entanglement,0.5193,5
464,theses,qudit,0.3926,6
464,theses,stabilizer,0.3799,7
464,theses,assist additive,0.3373,8
498,theses,virtual memory,0.8014,1
498,theses,efficient virtual,0.6313,2
498,theses,memory available,0.5529,3
498,theses,memory,0.4757,4
498,theses,virtual,0.4416,5
498,theses,support efficient,0.4258,6
498,theses,operate support,0.3539,7
498,theses,efficient,0.303,8
510,theses,resonant metasurface,0.6202,1
510,theses,optical enhancement,0.5042,2
510,theses,metasurface,0.4985,3
510,theses,metasurface available,0.4956,4
510,theses,nonlinear optical,0.493,5
510,theses,base resonant,0.3895,6
510,theses,silicon base,0.3762,7
510,theses,optical,0.3609,8
520,theses,linear denoiser,0.6697,1
520,theses,play regularization,0.6322,2
520,theses,denoiser available,0.6305,3
520,theses,regularization linear,0.5652,4
520,theses,denoiser,0.5501,5
520,theses,regularization,0.5199,6
520,theses,plug play,0.4315,7
520,theses,plug,0.2245,8
521,theses,intermittent water,0.5547,1
521,theses,monitoring control,0.5451,2
521,theses,control intermittent,0.5085,3
521,theses,distribution network,0.4996,4
521,theses,water distribution,0.4825,5
521,theses,monitoring,0.418,6
521,theses,intermittent,0.3493,7
521,theses,network available,0.3183,8
522,theses,outdoor iot,0.6541,1
522,theses,iot network,0.4973,2
522,theses,deployment outdoor,0.4844,3
522,theses,nature inspire,0.4668,4
522,theses,iot,0.4518,5
522,theses,inspire algorithm,0.4314,6
522,theses,nature,0.3685,7
522,theses,automated deployment,0.3575,8
526,theses,behavioural modelling,0.6809,1
526,theses,inspire behavioural,0.5939,2
526,theses,particle people,0.5767,3
526,theses,behavioural,0.4992,4
526,theses,modelling,0.4795,5
526,theses,modelling framework,0.4562,6
526,theses,particle,0.3961,7
526,theses,people vicsek,0.321,8
477,theses,knowledge graph,0.6709,1
477,theses,graph embeddings,0.5841,2
477,theses,embeddings abstract,0.5,3
477,theses,embeddings,0.4658,4
477,theses,methods knowledge,0.4527,5
477,theses,analysis methods,0.3912,6
477,theses,knowledge,0.3727,7
477,theses,graph,0.3371,8
544,theses,observational manifold,0.6522,1
544,theses,dynamic observational,0.6341,2
544,theses,prediction dynamical,0.6108,3
544,theses,dynamical constrain,0.538,4
544,theses,manifold available,0.5164,5
544,theses,constrain dynamic,0.5024,6
544,theses,manifold,0.4572,7
544,theses,dynamical,0.4299,8
1062,theses,cloud federation,0.6658,1
1062,theses,cloud federated,0.6631,2
1062,theses,federated cloud,0.6585,3
1062,theses,cloud compute,0.5955,4
1062,theses,cloud environment,0.5629,5
1062,theses,federate cloud,0.5518,6
1062,theses,strategies federated,0.4459,7
1062,theses,cloud,0.4414,8
1084,theses,phytochemical analysis,0.5621,1
1084,theses,flavonoid triterpenoid,0.5191,2
1084,theses,cytotoxic antitumor,0.5169,3
1084,theses,antitumor activity,0.5163,4
1084,theses,characterization flavonoid,0.51,5
1084,theses,quantitative phytochemical,0.5038,6
1084,theses,compound flavonoid,0.5004,7
1084,theses,phytochemical,0.4895,8
560,theses,algorithm denoiser,0.7027,1
560,theses,image regularization,0.6428,2
560,theses,denoiser drive,0.6004,3
560,theses,regularization available,0.538,4
560,theses,regularization,0.5353,5
560,theses,denoiser,0.527,6
560,theses,convergent algorithm,0.4092,7
560,theses,drive image,0.3658,8
561,theses,verification program,0.6574,1
561,theses,invariant verification,0.6375,2
561,theses,learn invariant,0.6215,3
561,theses,program control,0.5832,4
561,theses,program,0.4516,5
561,theses,invariant,0.424,6
561,theses,verification,0.3807,7
561,theses,control available,0.2864,8
1064,theses,modelling nanofluid,0.7568,1
1064,theses,modelling nanofluids,0.7539,2
1064,theses,nanofluids thesis,0.7154,3
1064,theses,fluid nanofluid,0.6855,4
1064,theses,nanofluids,0.6501,5
1064,theses,nanofluid involve,0.645,6
1064,theses,nanofluid,0.6412,7
1064,theses,nanofluid crucial,0.6328,8
1086,theses,activity video,0.5217,1
1086,theses,processing video,0.5215,2
1086,theses,video analysis,0.5128,3
1086,theses,video fundamentally,0.5111,4
1086,theses,video analyze,0.5079,5
1086,theses,video sequences,0.5049,6
1086,theses,video primary,0.5014,7
1086,theses,video primarily,0.4974,8
1089,theses,microelectronic material,0.4933,1
1089,theses,flexible microelectronics,0.4337,2
1089,theses,nanocluster carbon,0.4068,3
1089,theses,grow nanocluster,0.4027,4
1089,theses,grow nano,0.4,5
1089,theses,feasibility fabrication,0.3976,6
1089,theses,material device,0.3925,7
1089,theses,macroelectronics emerge,0.3828,8
456,theses,supersonic ejectors,0.6081,1
456,theses,supersonic ejector,0.5999,2
456,theses,flow ejector,0.4941,3
456,theses,performance ejector,0.4719,4
456,theses,supersonic nozzle,0.4699,5
456,theses,ejector study,0.4503,6
456,theses,ejector compress,0.433,7
456,theses,ejector perform,0.4324,8
1073,theses,anti neuroinflammatory,0.4715,1
1073,theses,cell microglia,0.4529,2
1073,theses,microglia,0.4455,3
1073,theses,microglia astrocyte,0.4412,4
1073,theses,anti inflammatory,0.4138,5
1073,theses,neuroinflammation neurodegeneration,0.4074,6
1073,theses,contribute neuroinflammation,0.4045,7
1073,theses,inflammatory agent,0.3932,8
1075,theses,video summarization,0.5896,1
1075,theses,surveillance video,0.52,2
1075,theses,level surveillance,0.515,3
1075,theses,action activity,0.5063,4
1075,theses,activity level,0.469,5
1075,theses,activity,0.4564,6
1075,theses,surveillance,0.4368,7
1075,theses,base action,0.4,8
1076,theses,rsma recognize,0.4726,1
1076,theses,study rsma,0.4551,2
1076,theses,rsma,0.4293,3
1076,theses,signal interference,0.4163,4
1076,theses,multiple access,0.3743,5
1076,theses,interference plus,0.3706,6
1076,theses,interference,0.3615,7
1076,theses,communication systems,0.3189,8
1091,theses,mining technique,0.4224,1
1091,theses,prediction forest,0.4168,2
1091,theses,data mining,0.4064,3
1091,theses,mining task,0.4025,4
1091,theses,decision tree,0.3846,5
1091,theses,decision trees,0.3812,6
1091,theses,forest occurrence,0.3741,7
1091,theses,pattern predict,0.37,8
1095,theses,underground sensor,0.5293,1
1095,theses,wireless underground,0.4946,2
1095,theses,underground channel,0.4178,3
1095,theses,underground underground,0.3859,4
1095,theses,underground ug,0.3858,5
1095,theses,model underground,0.3807,6
1095,theses,modeling channel,0.3752,7
1095,theses,signal channel,0.3665,8
458,theses,gan base,0.4403,1
458,theses,development gallium,0.4354,2
458,theses,optimize gan,0.4092,3
458,theses,device design,0.4084,4
458,theses,power rf,0.4066,5
458,theses,mobility transistors,0.3955,6
458,theses,transistors hemt,0.3745,7
458,theses,mosfet preferred,0.3716,8
562,theses,quadcopter manipulator,0.6718,1
562,theses,controller quadcopter,0.6076,2
562,theses,quadcopter,0.5469,3
562,theses,linearization controller,0.4538,4
562,theses,adaptive feedback,0.416,5
562,theses,feedback linearization,0.4088,6
562,theses,robust adaptive,0.3872,7
562,theses,design control,0.3672,8
1098,theses,hybrid renewable,0.5292,1
1098,theses,power renewable,0.4771,2
1098,theses,renewable energy,0.4607,3
1098,theses,hybrid power,0.4416,4
1098,theses,power generation,0.438,5
1098,theses,diverse renewable,0.4306,6
1098,theses,generation electricity,0.3954,7
1098,theses,renewable resource,0.3712,8
1099,theses,analysis land,0.5046,1
1099,theses,gis techniques,0.4927,2
1099,theses,remote sensing,0.4653,3
1099,theses,requirement soil,0.4457,4
1099,theses,land use,0.4397,5
1099,theses,crop water,0.4374,6
1099,theses,sensing gis,0.4349,7
1099,theses,water resourcesat,0.4227,8
599,theses,implantable electrode,0.6339,1
599,theses,electrode arrays,0.6337,2
599,theses,electrode,0.5135,3
599,theses,development implantable,0.4958,4
599,theses,arrays recording,0.448,5
599,theses,rat brain,0.4234,6
599,theses,signals rat,0.419,7
599,theses,recording signals,0.3896,8
1082,theses,flow heat,0.4789,1
1082,theses,heat generation,0.4145,2
1082,theses,heat transfer,0.4081,3
1082,theses,investigation heat,0.3448,4
1082,theses,mixed convection,0.3446,5
1082,theses,fluid thermal,0.3421,6
1082,theses,convection,0.3353,7
1082,theses,heat exchanger,0.3345,8
1102,theses,video surveillance,0.5311,1
1102,theses,vision application,0.5209,2
1102,theses,video grouping,0.497,3
1102,theses,extraction video,0.4957,4
1102,theses,video sequence,0.4892,5
1102,theses,surveillance video,0.4842,6
1102,theses,video arrangement,0.4684,7
1102,theses,surveillance automatic,0.4656,8
1002,theses,image processing,0.5964,1
1002,theses,medical image,0.5588,2
1002,theses,image analysis,0.5437,3
1002,theses,image document,0.5263,4
1002,theses,document image,0.5066,5
1002,theses,image real,0.455,6
1002,theses,traditional image,0.4538,7
1002,theses,world image,0.4006,8
1087,theses,micellar extraction,0.718,1
1087,theses,synthesis reserpine,0.5661,2
1087,theses,reverse micellar,0.5544,3
1087,theses,reserpine rauwolfia,0.4723,4
1087,theses,micellar,0.4612,5
1087,theses,extraction,0.4585,6
1087,theses,reserpine,0.4256,7
1087,theses,rauwolfia vomitoria,0.3578,8
1103,theses,renewable energy,0.5243,1
1103,theses,hybrid renewable,0.5046,2
1103,theses,power generation,0.4979,3
1103,theses,reliable renewable,0.4773,4
1103,theses,renewable,0.4319,5
1103,theses,generation sustainable,0.4125,6
1103,theses,alternative electricity,0.3899,7
1103,theses,source power,0.3825,8
1104,theses,power grid,0.5267,1
1104,theses,smart grid,0.4852,2
1104,theses,photovoltaic pv,0.4603,3
1104,theses,pv power,0.4479,4
1104,theses,renewable energy,0.4391,5
1104,theses,pv solar,0.4195,6
1104,theses,efficiency pv,0.4146,7
1104,theses,inverter strategy,0.4122,8
1105,theses,lean procurement,0.5619,1
1105,theses,procurement lean,0.5456,2
1105,theses,supply chain,0.5091,3
1105,theses,lean manufacturing,0.5048,4
1105,theses,manufacturing lean,0.5042,5
1105,theses,integration lean,0.4793,6
1105,theses,lean supply,0.479,7
1105,theses,model lean,0.4619,8
597,theses,level inverter,0.5172,1
597,theses,inverter need,0.4587,2
597,theses,multilevel 24,0.4265,3
597,theses,generation multilevel,0.4231,4
597,theses,inverter widely,0.4219,5
597,theses,inverter low,0.4094,6
597,theses,voltage motor,0.4003,7
597,theses,inverter produce,0.3889,8
1092,theses,satellite imagery,0.6184,1
1092,theses,algorithm satellite,0.5622,2
1092,theses,imaging satellite,0.5591,3
1092,theses,satellite sensor,0.501,4
1092,theses,commercial satellite,0.4898,5
1092,theses,satellite collect,0.4878,6
1092,theses,imagery detection,0.4779,7
1092,theses,satellite,0.4723,8
1108,theses,human cadmium,0.5593,1
1108,theses,arsenic cadmium,0.5287,2
1108,theses,water quality,0.5021,3
1108,theses,cadmium categorize,0.4976,4
1108,theses,cadmium,0.496,5
1108,theses,cadmium ground,0.4898,6
1108,theses,biomass water,0.4824,7
1108,theses,contamination arsenic,0.4798,8
1096,theses,equalization broadband,0.6642,1
1096,theses,implementation equalizer,0.5321,2
1096,theses,modem technology,0.4973,3
1096,theses,broadband dynamic,0.4898,4
1096,theses,broadband,0.4754,5
1096,theses,equalizer pre,0.4722,6
1096,theses,modem,0.4651,7
1096,theses,old modem,0.4557,8
1110,theses,cloud environment,0.5626,1
1110,theses,cloud computing,0.5603,2
1110,theses,cloud service,0.5438,3
1110,theses,computing infrastructure,0.4789,4
1110,theses,algorithm cloud,0.4771,5
1110,theses,world cloud,0.4642,6
1110,theses,machine vm,0.4543,7
1110,theses,function cloud,0.4389,8
1111,theses,fault cloud,0.6016,1
1111,theses,cloud computing,0.522,2
1111,theses,cloud datacentre,0.5179,3
1111,theses,forcloud computing,0.4819,4
1111,theses,cloud model,0.475,5
1111,theses,maintenance infrastructure,0.4628,6
1111,theses,cloud provider,0.4565,7
1111,theses,fault tolerance,0.4415,8
1109,theses,tracking device,0.5289,1
1109,theses,person tracking,0.5021,2
1109,theses,tracking,0.4811,3
1109,theses,human tracking,0.4801,4
1109,theses,tracking sensor,0.4637,5
1109,theses,track person,0.4216,6
1109,theses,societal problem,0.3908,7
1109,theses,base india,0.3813,8
1114,theses,nanocomposites electrospinning,0.6095,1
1114,theses,study electrospinning,0.6086,2
1114,theses,fibre electrospinne,0.6031,3
1114,theses,electrospinning polymer,0.5681,4
1114,theses,characteristic electrospinne,0.5497,5
1114,theses,electrospinning,0.5492,6
1114,theses,electrospinning effective,0.548,7
1114,theses,electrospinne process,0.5413,8
1117,theses,sensor classification,0.4919,1
1117,theses,classification vehicle,0.4801,2
1117,theses,sensor fusion,0.456,3
1117,theses,vehicle classification,0.4503,4
1117,theses,multimodel sensor,0.4121,5
1117,theses,sensor feature,0.4114,6
1117,theses,fusion algorithm,0.4084,7
1117,theses,evaluation fusion,0.4005,8
1119,theses,iot wearable,0.4941,1
1119,theses,wearable electronics,0.4926,2
1119,theses,sensors wearable,0.4856,3
1119,theses,material device,0.4842,4
1119,theses,engineer material,0.4641,5
1119,theses,thing iot,0.4582,6
1119,theses,sensor develop,0.4562,7
1119,theses,sensors,0.4461,8
1115,theses,secured routing,0.7061,1
1115,theses,routing wireless,0.6292,2
1115,theses,hoc network,0.6268,3
1115,theses,ad hoc,0.503,4
1115,theses,wireless ad,0.464,5
1115,theses,hoc,0.4416,6
1115,theses,routing,0.4219,7
1115,theses,wireless,0.3862,8
1125,theses,image processing,0.5326,1
1125,theses,image forensic,0.5318,2
1125,theses,forensic image,0.5205,3
1125,theses,image requirement,0.5194,4
1125,theses,digital image,0.4705,5
1125,theses,quality image,0.4293,6
1125,theses,image quality,0.4106,7
1125,theses,technique image,0.4018,8
1126,theses,channel underwater,0.5353,1
1126,theses,modeling underwater,0.5269,2
1126,theses,underwater acoustic,0.5044,3
1126,theses,acoustic channel,0.4658,4
1126,theses,channel modeling,0.4538,5
1126,theses,acoustic communication,0.449,6
1126,theses,channel research,0.4274,7
1126,theses,channel model,0.4248,8
1127,theses,multimedia transmission,0.6146,1
1127,theses,transmit image,0.5763,2
1127,theses,multimedia communication,0.5571,3
1127,theses,image transmission,0.5442,4
1127,theses,image bitstream,0.5379,5
1127,theses,image multimedia,0.5354,6
1127,theses,wireless multimedia,0.5242,7
1127,theses,image wireless,0.5166,8
1128,theses,breast cancer,0.4766,1
1128,theses,detection brest,0.476,2
1128,theses,cancer mammogram,0.4746,3
1128,theses,learn algorithm,0.4706,4
1128,theses,cancer india,0.4706,5
1128,theses,machine learn,0.4542,6
1128,theses,mammogram,0.4324,7
1128,theses,brest cancer,0.4164,8
687,theses,brownian suspension,0.7614,1
687,theses,rheology dense,0.7379,2
687,theses,rheology,0.5519,3
687,theses,non brownian,0.5052,4
687,theses,brownian,0.4614,5
687,theses,suspension,0.4177,6
687,theses,dense non,0.3817,7
687,theses,dense,0.3416,8
1121,theses,health monitoring,0.6016,1
1121,theses,record ecg,0.5535,2
1121,theses,ecg signal,0.5464,3
1121,theses,hrv analysis,0.5326,4
1121,theses,ecg,0.5106,5
1121,theses,electrode develop,0.4817,6
1121,theses,dry electrode,0.4759,7
1121,theses,monitoring device,0.4558,8
1129,theses,classification thyroid,0.5003,1
1129,theses,segmentation classification,0.4618,2
1129,theses,thyroid carcinoma,0.4382,3
1129,theses,ultrasound image,0.434,4
1129,theses,image segmentation,0.4224,5
1129,theses,thyroid nodule,0.4179,6
1129,theses,segmentation model,0.4102,7
1129,theses,algorithms detection,0.4081,8
1130,theses,learn algorithm,0.5006,1
1130,theses,cancer mammogram,0.4939,2
1130,theses,machine learn,0.4856,3
1130,theses,detection brest,0.4824,4
1130,theses,breast cancer,0.4651,5
1130,theses,mammogram,0.4558,6
1130,theses,mammogram begin,0.4198,7
1130,theses,brest cancer,0.4172,8
1131,theses,mri machine,0.4254,1
1131,theses,brain mri,0.4152,2
1131,theses,tumour classification,0.3976,3
1131,theses,mri subject,0.3876,4
1131,theses,diagnosis brain,0.3832,5
1131,theses,imaging mri,0.3753,6
1131,theses,medical imaging,0.3744,7
1131,theses,classification procedure,0.3729,8
1132,theses,circuit hybrid,0.4827,1
1132,theses,circuit classify,0.4708,2
1132,theses,hybrid circuit,0.4403,3
1132,theses,circuit testing,0.434,4
1132,theses,fault diagnosis,0.4054,5
1132,theses,circuit test,0.3776,6
1132,theses,circuit statistical,0.3728,7
1132,theses,functionality circuit,0.3714,8
1133,theses,secure cluster,0.5183,1
1133,theses,cluster secure,0.4924,2
1133,theses,cluster cluster,0.4552,3
1133,theses,cluster,0.4302,4
1133,theses,sensor network,0.4215,5
1133,theses,wsns cluster,0.4191,6
1133,theses,sensor networks,0.4179,7
1133,theses,cluster head,0.4179,8
1134,theses,crop research,0.5177,1
1134,theses,grow plant,0.4652,2
1134,theses,vitro micropropagation,0.4456,3
1134,theses,vitro regenerated,0.4382,4
1134,theses,department biotechnology,0.4354,5
1134,theses,biotechnology,0.4269,6
1134,theses,biotechnology rv,0.4019,7
1134,theses,variety esculenta,0.3712,8
1135,theses,target tuberculosis,0.6089,1
1135,theses,tuberculosis mtb,0.5853,2
1135,theses,tuberculosis associate,0.5676,3
1135,theses,tuberculosis infection,0.5411,4
1135,theses,tuberculosis major,0.5204,5
1135,theses,manage tuberculosis,0.5146,6
1135,theses,organism tuberculosis,0.5132,7
1135,theses,tuberculosis,0.4989,8
1137,theses,detect congestion,0.5311,1
1137,theses,congestion wsn,0.5157,2
1137,theses,congestion detection,0.5139,3
1137,theses,congestion wireless,0.4992,4
1137,theses,sensor networks,0.4799,5
1137,theses,network congestion,0.4503,6
1137,theses,network traffic,0.4429,7
1137,theses,congestion traffic,0.4421,8
1138,theses,analytics india,0.4211,1
1138,theses,big data,0.4169,2
1138,theses,framework investigate,0.3984,3
1138,theses,data analytics,0.395,4
1138,theses,framework,0.3935,5
1138,theses,development provide,0.3836,6
1138,theses,health technological,0.3796,7
1138,theses,healthcare industry,0.3756,8
1139,theses,data encryption,0.4526,1
1139,theses,technique data,0.429,2
1139,theses,encryption information,0.4197,3
1139,theses,data form,0.3939,4
1139,theses,information security,0.3866,5
1139,theses,knowledge pattern,0.3788,6
1139,theses,sensitive information,0.3721,7
1139,theses,algorithm safeguard,0.3701,8
1140,theses,data encryption,0.4529,1
1140,theses,techniques data,0.4432,2
1140,theses,encryption information,0.4231,3
1140,theses,data form,0.3987,4
1140,theses,information security,0.3935,5
1140,theses,knowledge pattern,0.3818,6
1140,theses,sensitive information,0.3733,7
1140,theses,security privacy,0.3728,8
708,theses,biomaterials wound,0.6666,1
708,theses,tissue regeneration,0.6226,2
708,theses,silk base,0.5506,3
708,theses,silk,0.5275,4
708,theses,wound care,0.474,5
708,theses,care tissue,0.4668,6
708,theses,base biomaterials,0.4456,7
708,theses,biomaterials,0.4321,8
1141,theses,word processing,0.4791,1
1141,theses,clinical database,0.4532,2
1141,theses,entity recognition,0.4417,3
1141,theses,approach processing,0.4398,4
1141,theses,sentence machine,0.4248,5
1141,theses,ner clinical,0.4004,6
1141,theses,corpus,0.3956,7
1141,theses,term memory,0.3944,8
1142,theses,develop translation,0.5389,1
1142,theses,translation application,0.5383,2
1142,theses,translation machine,0.5176,3
1142,theses,translation develop,0.5074,4
1142,theses,translation process,0.4991,5
1142,theses,translation language,0.4874,6
1142,theses,translation kannada,0.4844,7
1142,theses,telugu language,0.4623,8
1143,theses,link mining,0.5737,1
1143,theses,extractfrequentlyoccurringknowledgepatternsfrominputdatasamplewhichis usually,0.524,2
1143,theses,technique extractfrequentlyoccurringknowledgepatternsfrominputdatasamplewhichis,0.5164,3
1143,theses,extractfrequentlyoccurringknowledgepatternsfrominputdatasamplewhichis,0.5127,4
1143,theses,dataexpansionhasemphasizedondevelopingadvancedcomputingtechniquesfor extractingmeaningfulinsight,0.475,5
1143,theses,networkscomprisesofasingleinstanceofnodeandsingleinstanceoflink,0.4599,6
1143,theses,unstructured dataneedstobeprocessedtoextractrelevantcontent,0.4437,7
1143,theses,networksincludemultipleinstancesofnodesandlink hencetheyarericher,0.4357,8
1144,theses,kannada paraphrasing,0.5995,1
1144,theses,processing nlp,0.516,2
1144,theses,language processing,0.4876,3
1144,theses,language kannada,0.4775,4
1144,theses,sentence language,0.4705,5
1144,theses,kannada language,0.4634,6
1144,theses,nlp field,0.4362,7
1144,theses,semantic transformation,0.4361,8
1145,theses,choice supercapacitor,0.5204,1
1145,theses,supercapacitors scs,0.5182,2
1145,theses,supercapacitors,0.5115,3
1145,theses,supercapacitors supercapacitors,0.5089,4
1145,theses,supercapacitor electrode,0.5082,5
1145,theses,electrode supercapacitor,0.5065,6
1145,theses,supercapacitor specifically,0.5018,7
1145,theses,constituent supercapacitor,0.4948,8
1147,theses,management cluster,0.5254,1
1147,theses,node cluster,0.4882,2
1147,theses,cluster communication,0.4853,3
1147,theses,cluster base,0.4845,4
1147,theses,cluster,0.4845,5
1147,theses,balanced cluster,0.469,6
1147,theses,clustering cluster,0.4551,7
1147,theses,balanced clustering,0.4342,8
1149,theses,network resource,0.495,1
1149,theses,architecture internet,0.4877,2
1149,theses,network standard,0.4829,3
1149,theses,scheduling wireless,0.4803,4
1149,theses,network utilization,0.4711,5
1149,theses,network accommodate,0.4675,6
1149,theses,network modular,0.4675,7
1149,theses,resource allocation,0.4595,8
1150,theses,design opamp,0.5455,1
1150,theses,opamp design,0.5147,2
1150,theses,opamp operate,0.4595,3
1150,theses,design adc,0.4554,4
1150,theses,adc design,0.4524,5
1150,theses,opamp opamp,0.4468,6
1150,theses,base opamp,0.4462,7
1150,theses,circuit adc,0.4392,8
1151,theses,delta modulator,0.5281,1
1151,theses,performance analog,0.5157,2
1151,theses,improvement modulator,0.5046,3
1151,theses,implement analog,0.4844,4
1151,theses,analog digital,0.4662,5
1151,theses,processing analog,0.4652,6
1151,theses,analog circuit,0.4617,7
1151,theses,analog performance,0.4515,8
1154,theses,fault management,0.4733,1
1154,theses,network application,0.4669,2
1154,theses,networks fault,0.4536,3
1154,theses,workload network,0.4466,4
1154,theses,network need,0.4336,5
1154,theses,network fault,0.426,6
1154,theses,congestion network,0.4172,7
1154,theses,load balancing,0.4079,8
1159,theses,mri brain,0.5372,1
1159,theses,mri image,0.5313,2
1159,theses,detection brain,0.528,3
1159,theses,technique glioblastoma,0.4962,4
1159,theses,neuroimage technique,0.4958,5
1159,theses,imaging mri,0.4934,6
1159,theses,image fusion,0.4876,7
1159,theses,multiresolution brain,0.4795,8
1160,theses,landslide monitoring,0.5425,1
1160,theses,sensor network,0.4882,2
1160,theses,sensor,0.431,3
1160,theses,alternative electricity,0.4126,4
1160,theses,wireless sensor,0.4091,5
1160,theses,source power,0.3914,6
1160,theses,monitoring rely,0.3876,7
1160,theses,reliable renewable,0.3845,8
752,theses,speech recognition,0.645,1
752,theses,automatic speech,0.6183,2
752,theses,indian language,0.59,3
752,theses,resource indian,0.4805,4
752,theses,recognition low,0.3913,5
752,theses,speech,0.365,6
752,theses,indian,0.3648,7
752,theses,language,0.3073,8
1161,theses,perform segmentation,0.4746,1
1161,theses,tumor segmentation,0.4665,2
1161,theses,develop segmentation,0.4523,3
1161,theses,segmentation algorithm,0.4489,4
1161,theses,life segmentation,0.439,5
1161,theses,segmentation brain,0.4272,6
1161,theses,segment image,0.4268,7
1161,theses,image segment,0.4182,8
1162,theses,sma actuator,0.5212,1
1162,theses,rotary actuator,0.5091,2
1162,theses,directional actuator,0.5007,3
1162,theses,base actuator,0.4917,4
1162,theses,phase motor,0.4805,5
1162,theses,actuator design,0.4791,6
1162,theses,type actuator,0.4595,7
1162,theses,base rotary,0.4246,8
1164,theses,parallel processing,0.5976,1
1164,theses,automate parallel,0.5684,2
1164,theses,parallelization,0.5617,3
1164,theses,parallelization framework,0.5535,4
1164,theses,parallel achieve,0.5329,5
1164,theses,achieve parallel,0.529,6
1164,theses,specialized parallel,0.517,7
1164,theses,processing program,0.5169,8
1165,theses,supply chain,0.4683,1
1165,theses,listing supplier,0.4016,2
1165,theses,b2b commerce,0.3771,3
1165,theses,retailer module,0.3716,4
1165,theses,supplier retailer,0.3675,5
1165,theses,net supply,0.3666,6
1165,theses,supply sub,0.366,7
1165,theses,markets computational,0.3656,8
1155,theses,kidney ultrasound,0.6306,1
1155,theses,detection kidney,0.6011,2
1155,theses,stone ultrasound,0.542,3
1155,theses,ultrasound,0.5302,4
1155,theses,ultrasound imaging,0.5271,5
1155,theses,abstract ultrasound,0.5193,6
1155,theses,kidney abnormalities,0.4928,7
1155,theses,determine kidney,0.4894,8
1166,theses,polymer thermal,0.5579,1
1166,theses,ppe nylon,0.493,2
1166,theses,resin polyphenylene,0.4812,3
1166,theses,nylon blend,0.4715,4
1166,theses,ppe polystyrene,0.4615,5
1166,theses,blend polyphenylene,0.4601,6
1166,theses,nylon select,0.4475,7
1166,theses,polymer,0.4423,8
1168,theses,prediction ivf,0.4978,1
1168,theses,ivf success,0.4972,2
1168,theses,fertilization data,0.487,3
1168,theses,fertilization ivf,0.4666,4
1168,theses,ivf method,0.436,5
1168,theses,suggest ivf,0.434,6
1168,theses,ivf widely,0.4324,7
1168,theses,ivf procedure,0.423,8
1170,theses,hybrid noc,0.4858,1
1170,theses,analysis fpga,0.4273,2
1170,theses,fpga base,0.4257,3
1170,theses,datum communication,0.4123,4
1170,theses,fpga,0.4011,5
1170,theses,throughput hybrid,0.3964,6
1170,theses,noc day,0.3873,7
1170,theses,high throughput,0.3829,8
1171,theses,pathogen detection,0.6239,1
1171,theses,identify pathogen,0.6046,2
1171,theses,pathogen,0.576,3
1171,theses,microorganism pathogen,0.5659,4
1171,theses,clinical microbiology,0.5605,5
1171,theses,microbiology,0.5575,6
1171,theses,pathogen bacteria,0.5537,7
1171,theses,pathogen target,0.5382,8
1174,theses,geotechnical engineering,0.6537,1
1174,theses,identification geotechnical,0.6325,2
1174,theses,geotechnical,0.619,3
1174,theses,soil classification,0.6184,4
1174,theses,expert soil,0.5817,5
1174,theses,fuzzy expert,0.5422,6
1174,theses,development fuzzy,0.4689,7
1174,theses,soil,0.4115,8
1175,theses,viscoelastic liquid,0.6946,1
1175,theses,problem viscoelastic,0.6494,2
1175,theses,viscoelastic,0.5978,3
1175,theses,benard convective,0.5923,4
1175,theses,convective problem,0.549,5
1175,theses,taylor benard,0.4988,6
1175,theses,convective,0.4476,7
1175,theses,benard,0.4336,8
1178,theses,cancer genome,0.5456,1
1178,theses,exome dataset,0.5339,2
1178,theses,cancer exome,0.5335,3
1178,theses,cancer gene,0.5016,4
1178,theses,analyze cancer,0.471,5
1178,theses,cancer type,0.4522,6
1178,theses,dataset design,0.4272,7
1178,theses,different cancer,0.4252,8
1181,theses,classes univalent,0.7938,1
1181,theses,univalent functions,0.7905,2
1181,theses,univalent,0.5933,3
1181,theses,functions,0.3664,4
1181,theses,new classes,0.3468,5
1181,theses,property new,0.3378,6
1181,theses,property,0.2899,7
1181,theses,classes,0.2809,8
1182,theses,hydraulic application,0.4576,1
1182,theses,efficiency hydraulic,0.4513,2
1182,theses,durability hydraulic,0.4501,3
1182,theses,hydraulic pump,0.4242,4
1182,theses,vane hydraulic,0.4221,5
1182,theses,property hydraulic,0.4194,6
1182,theses,hydraulic drive,0.4111,7
1182,theses,hydraulic vane,0.4092,8
601,theses,achieve parallelization,0.4706,1
601,theses,parallel method,0.4552,2
601,theses,parallelization,0.4228,3
601,theses,parallel computer,0.4101,4
601,theses,parallelization linear,0.3988,5
601,theses,parallelizability dd,0.3933,6
601,theses,scalable parallel,0.3733,7
601,theses,spde numerical,0.3711,8
1184,theses,requirements prioritization,0.5917,1
1184,theses,requirement prioritize,0.5389,2
1184,theses,requirement selection,0.5209,3
1184,theses,prioritize requirement,0.52,4
1184,theses,adaptive requirements,0.4843,5
1184,theses,software requirements,0.467,6
1184,theses,software requirement,0.4615,7
1184,theses,implement requirement,0.4401,8
1185,theses,welding thermoplastics,0.7124,1
1185,theses,laser welding,0.6373,2
1185,theses,thermoplastics fibre,0.5975,3
1185,theses,fibre reinforced,0.5297,4
1185,theses,reinforced composites,0.5213,5
1185,theses,thermoplastics,0.4691,6
1185,theses,welding,0.4445,7
1185,theses,composites,0.4034,8
1187,theses,traffic network,0.5955,1
1187,theses,routing software,0.5724,2
1187,theses,optimization traffic,0.5663,3
1187,theses,traffic routing,0.5615,4
1187,theses,intelligent routing,0.5561,5
1187,theses,traffic engineering,0.5438,6
1187,theses,network management,0.503,7
1187,theses,routing model,0.4934,8
815,theses,induction motor,0.4725,1
815,theses,motor drives,0.4491,2
815,theses,split phase,0.4437,3
815,theses,phase induction,0.4305,4
815,theses,width modulation,0.4164,5
815,theses,modulation techniques,0.399,6
815,theses,pulse width,0.3814,7
815,theses,modulation,0.3203,8
1173,theses,cancer detection,0.518,1
1173,theses,detection classification,0.4915,2
1173,theses,automated brest,0.4879,3
1173,theses,breast cancer,0.4745,4
1173,theses,brest cancer,0.4565,5
1173,theses,classification problem,0.4397,6
1173,theses,classification,0.43,7
1173,theses,detection,0.4034,8
1189,theses,manets clustering,0.7202,1
1189,theses,load manets,0.5898,2
1189,theses,delegation load,0.5207,3
1189,theses,manets,0.4816,4
1189,theses,approach delegation,0.4765,5
1189,theses,delegation,0.415,6
1189,theses,clustering technique,0.4037,7
1189,theses,clustering,0.3645,8
1191,theses,mining association,0.4506,1
1191,theses,rule mining,0.4234,2
1191,theses,mining information,0.4214,3
1191,theses,association rule,0.3793,4
1191,theses,effectiveness datum,0.3783,5
1191,theses,data mining,0.3744,6
1191,theses,information mining,0.3735,7
1191,theses,rule hiding,0.3661,8
1192,theses,kannada handwritten,0.5514,1
1192,theses,character recognition,0.5341,2
1192,theses,handwritten machine,0.5319,3
1192,theses,recognition handwritten,0.5215,4
1192,theses,handwriting recognition,0.5093,5
1192,theses,handwritten input,0.5038,6
1192,theses,handwritten text,0.4953,7
1192,theses,research handwritten,0.4924,8
1177,theses,detect pathogen,0.6287,1
1177,theses,pathogen detection,0.5913,2
1177,theses,identify pathogen,0.5803,3
1177,theses,microbiology ngs,0.5536,4
1177,theses,microorganism pathogen,0.5403,5
1177,theses,pathogen,0.539,6
1177,theses,pathogen bacteria,0.528,7
1177,theses,clinical microbiology,0.5236,8
1193,theses,iot expedient,0.4572,1
1193,theses,sensor network,0.4439,2
1193,theses,iot grow,0.4339,3
1193,theses,idea iot,0.4296,4
1193,theses,service qos,0.4295,5
1193,theses,agent wireless,0.4287,6
1193,theses,iot,0.4217,7
1193,theses,drive iot,0.4151,8
1194,theses,management cloud,0.5471,1
1194,theses,cloud computing,0.5209,2
1194,theses,balancing traffic,0.5167,3
1194,theses,traffic management,0.5157,4
1194,theses,load balancing,0.5115,5
1194,theses,internet cloud,0.5007,6
1194,theses,cloud ecosystem,0.4735,7
1194,theses,server effectively,0.4635,8
1197,theses,wrist signals,0.5024,1
1197,theses,body signal,0.4259,2
1197,theses,signals detect,0.4196,3
1197,theses,noninvasive methodology,0.4143,4
1197,theses,characterization wrist,0.3903,5
1197,theses,identify health,0.3829,6
1197,theses,person health,0.3802,7
1197,theses,research noninvasive,0.3756,8
1198,theses,microbiology ngs,0.544,1
1198,theses,detect pathogen,0.542,2
1198,theses,identify pathogen,0.5196,3
1198,theses,pathogen identification,0.5145,4
1198,theses,microorganism pathogen,0.5135,5
1198,theses,pathogen detection,0.5131,6
1198,theses,clinical microbiology,0.5107,7
1198,theses,pathogen bacteria,0.4826,8
1199,theses,renewable energy,0.5574,1
1199,theses,gridconnecte renewable,0.5501,2
1199,theses,alternative renewable,0.4965,3
1199,theses,energy management,0.4947,4
1199,theses,use renewable,0.4893,5
1199,theses,hybrid microgrid,0.4879,6
1199,theses,microgrid,0.461,7
1199,theses,optimization renewable,0.4575,8
1200,theses,neuronal simulation,0.5696,1
1200,theses,human brain,0.5672,2
1200,theses,brain complex,0.5668,3
1200,theses,coupled neurons,0.5555,4
1200,theses,recognise neuronal,0.5349,5
1200,theses,scale brain,0.5328,6
1200,theses,brain brain,0.5282,7
1200,theses,neuronal,0.5246,8
1202,theses,diagnose cancer,0.4388,1
1202,theses,cancer progression,0.4131,2
1202,theses,understanding cancer,0.3895,3
1202,theses,cancer proteogenomic,0.3867,4
1202,theses,esophageal cancer,0.3842,5
1202,theses,cancer cell,0.3723,6
1202,theses,express cancer,0.3698,7
1202,theses,complex cancer,0.3455,8
1205,theses,fault diagnosis,0.5083,1
1205,theses,fault circuit,0.5014,2
1205,theses,fault prediction,0.4915,3
1205,theses,fault detection,0.4756,4
1205,theses,detect fault,0.4526,5
1205,theses,fault dictionary,0.4397,6
1205,theses,circuit fault,0.4287,7
1205,theses,fault base,0.4179,8
1208,theses,object tracking,0.5218,1
1208,theses,detection tracking,0.4934,2
1208,theses,motion tracking,0.4899,3
1208,theses,track object,0.4516,4
1208,theses,object detection,0.4463,5
1208,theses,object machine,0.4374,6
1208,theses,visual information,0.4369,7
1208,theses,object capture,0.4363,8
1209,theses,turbine applications,0.4946,1
1209,theses,failure turbine,0.4803,2
1209,theses,gas turbine,0.478,3
1209,theses,turbine type,0.4744,4
1209,theses,turbine application,0.4733,5
1209,theses,turbine engine,0.4571,6
1209,theses,turbine commonly,0.4445,7
1209,theses,resistance turbine,0.4408,8
1211,theses,hybrid supercapacitor,0.5383,1
1211,theses,storage supercapacitor,0.5163,2
1211,theses,supercapacitor research,0.4926,3
1211,theses,material supercapacitor,0.4919,4
1211,theses,supercapacitor,0.4638,5
1211,theses,electrochemical performance,0.4629,6
1211,theses,mof nanocomposite,0.4609,7
1211,theses,energy storage,0.4608,8
1214,theses,graph application,0.4581,1
1214,theses,utilization algorithm,0.4379,2
1214,theses,graph labelling,0.4366,3
1214,theses,load balancing,0.4221,4
1214,theses,graph partition,0.4111,5
1214,theses,management graph,0.4079,6
1214,theses,distribute graph,0.405,7
1214,theses,balance cloud,0.4003,8
1216,theses,introduce encryption,0.515,1
1216,theses,encryption method,0.5028,2
1216,theses,encryption technique,0.4865,3
1216,theses,encryption,0.4809,4
1216,theses,cryptographic,0.479,5
1216,theses,service encryption,0.4577,6
1216,theses,security cipher,0.4562,7
1216,theses,security image,0.4524,8
1218,theses,relay concept,0.5126,1
1218,theses,channel cooperative,0.5112,2
1218,theses,network relay,0.509,3
1218,theses,relay channel,0.5088,4
1218,theses,relay selection,0.5022,5
1218,theses,cooperative communication,0.4923,6
1218,theses,incorporate relay,0.4908,7
1218,theses,source relay,0.4892,8
1221,theses,renewable energy,0.5623,1
1221,theses,gridconnecte renewable,0.5462,2
1221,theses,energy management,0.5035,3
1221,theses,optimization renewable,0.4948,4
1221,theses,alternative renewable,0.4936,5
1221,theses,use renewable,0.4926,6
1221,theses,hybrid microgrid,0.4799,7
1221,theses,power management,0.471,8
895,theses,lightning strike,0.6232,1
895,theses,direct lightning,0.5902,2
895,theses,transmission line,0.5804,3
895,theses,lightning,0.5312,4
895,theses,high voltage,0.5262,5
895,theses,voltage transmission,0.519,6
895,theses,strike high,0.4351,7
895,theses,voltage,0.3917,8
1204,theses,woman industry,0.5091,1
1204,theses,woman survey,0.4805,2
1204,theses,work woman,0.4746,3
1204,theses,woman work,0.4393,4
1204,theses,industry employ,0.4097,5
1204,theses,india study,0.4088,6
1204,theses,women information,0.3999,7
1204,theses,indian industry,0.3994,8
1225,theses,polyaniline coat,0.6228,1
1225,theses,development polyaniline,0.5818,2
1225,theses,polyaniline,0.5538,3
1225,theses,thermal electrical,0.4909,4
1225,theses,fiber composite,0.4808,5
1225,theses,enhanced thermal,0.4105,6
1225,theses,natural fiber,0.3923,7
1225,theses,coat synthetic,0.3607,8
1227,theses,technology healthcare,0.4937,1
1227,theses,machine medical,0.4635,2
1227,theses,present healthcare,0.442,3
1227,theses,medical records,0.4106,4
1227,theses,health records,0.4103,5
1227,theses,healthcare,0.4013,6
1227,theses,accessing health,0.3976,7
1227,theses,personalization medical,0.3901,8
1229,theses,agriculture wireless,0.6884,1
1229,theses,precision agriculture,0.6632,2
1229,theses,sensor network,0.515,3
1229,theses,wireless sensor,0.4802,4
1229,theses,agriculture,0.4242,5
1229,theses,data transmission,0.4169,6
1229,theses,transmission scheme,0.382,7
1229,theses,sensor,0.3614,8
911,theses,serverless platform,0.6823,1
911,theses,aware serverless,0.678,2
911,theses,serverless,0.6306,3
911,theses,quality service,0.5275,4
911,theses,service aware,0.5052,5
911,theses,design quality,0.4079,6
911,theses,service,0.3648,7
911,theses,quality,0.3158,8
1213,theses,brain mriimage,0.5067,1
1213,theses,detectionandclassificationofbraintumorinmriimage brain,0.4988,2
1213,theses,brain tumor,0.4828,3
1213,theses,mri image,0.482,4
1213,theses,tumor brain,0.4727,5
1213,theses,brain mri,0.4648,6
1213,theses,mriimage order,0.4522,7
1213,theses,mriimage,0.4502,8
1230,theses,supercapacitor electrochemical,0.6129,1
1230,theses,electrode supercapacitor,0.5497,2
1230,theses,electrochemical,0.494,3
1230,theses,superior electrochemical,0.4849,4
1230,theses,electrochemical activity,0.4717,5
1230,theses,desire electrochemical,0.4712,6
1230,theses,electrochemical energy,0.4585,7
1230,theses,advancement supercapacitor,0.4578,8
1232,theses,technology healthcare,0.52,1
1232,theses,machine medical,0.4773,2
1232,theses,present healthcare,0.4508,3
1232,theses,medical records,0.4281,4
1232,theses,health records,0.4215,5
1232,theses,accessing health,0.4137,6
1232,theses,personalization medical,0.4119,7
1232,theses,healthcare,0.4091,8
929,theses,alluaudite battery,0.7776,1
929,theses,battery chemistry,0.715,2
929,theses,battery,0.4704,3
929,theses,chemistry design,0.3992,4
929,theses,alluaudite,0.3604,5
929,theses,design exploration,0.2881,6
929,theses,chemistry,0.245,7
929,theses,design,0.1403,8
960,theses,hypersonic flow,0.828,1
960,theses,interactions hypersonic,0.7168,2
960,theses,fluid structure,0.5899,3
960,theses,hypersonic,0.5759,4
960,theses,structure interactions,0.3894,5
960,theses,study fluid,0.3776,6
960,theses,flow,0.3634,7
960,theses,fluid,0.2983,8
1233,theses,datum anonymization,0.5445,1
1233,theses,data anonymization,0.5298,2
1233,theses,datum privacy,0.5272,3
1233,theses,privacy preserving,0.5031,4
1233,theses,effective anonymization,0.482,5
1233,theses,technique privacy,0.4608,6
1233,theses,privacy preserve,0.4599,7
1233,theses,anonymization method,0.4596,8
1234,theses,violence monitor,0.5072,1
1234,theses,detection anger,0.4874,2
1234,theses,victim survey,0.4304,3
1234,theses,violence social,0.4257,4
1234,theses,abuse violence,0.4229,5
1234,theses,physically abuse,0.4218,6
1234,theses,physical abuse,0.4185,7
1234,theses,surveillance framework,0.3923,8
1235,theses,perform network,0.5399,1
1235,theses,network optimize,0.5188,2
1235,theses,networking paradigm,0.5096,3
1235,theses,network fast,0.5088,4
1235,theses,network quickly,0.5024,5
1235,theses,performance network,0.5014,6
1235,theses,increase network,0.4991,7
1235,theses,new networking,0.4901,8
943,theses,integrated nanophotonic,0.6845,1
943,theses,nanophotonic device,0.6412,2
943,theses,nanophotonic,0.5692,3
943,theses,quantum photonic,0.5183,4
943,theses,nonlinear quantum,0.4576,5
943,theses,photonic,0.4086,6
943,theses,waals material,0.3464,7
943,theses,der waals,0.3166,8
1220,theses,electronic automation,0.5854,1
1220,theses,automation,0.5239,2
1220,theses,industrial drive,0.504,3
1220,theses,power industrial,0.4833,4
1220,theses,failure control,0.472,5
1220,theses,ai techniques,0.4638,6
1220,theses,condition monitoring,0.4594,7
1220,theses,drives prognostic,0.4519,8
1239,theses,halobacterium biomass,0.6993,1
1239,theses,phototrophic organism,0.6125,2
1239,theses,cultivation phototrophic,0.6112,3
1239,theses,evaluation halobacterium,0.5831,4
1239,theses,halobacterium,0.528,5
1239,theses,photo bioreactor,0.4944,6
1239,theses,phototrophic,0.4859,7
1239,theses,biomass production,0.3999,8
1242,theses,glaucoma classification,0.5697,1
1242,theses,glaucoma detection,0.5117,2
1242,theses,retinal image,0.4632,3
1242,theses,image retina,0.4609,4
1242,theses,model retinal,0.4528,5
1242,theses,delineation retinal,0.4457,6
1242,theses,enhance glaucoma,0.4377,7
1242,theses,divide retinal,0.4325,8
962,theses,oscillation swirl,0.6581,1
962,theses,precess vortex,0.6312,2
962,theses,swirl flow,0.6015,3
962,theses,vortex core,0.5483,4
962,theses,vortex,0.5189,5
962,theses,core oscillation,0.4811,6
962,theses,swirl,0.4539,7
962,theses,dynamic precess,0.3754,8
1222,theses,engineering rvce,0.4282,1
1222,theses,electrical,0.3971,2
1222,theses,rvce bangalore,0.3893,3
1222,theses,switch topology,0.387,4
1222,theses,electronics engineering,0.3826,5
1222,theses,bangalore encouragement,0.3756,6
1222,theses,development rvce,0.3731,7
1222,theses,bangalore exemplary,0.3557,8
1224,theses,discharge machining,0.6115,1
1224,theses,machining borosilicate,0.6104,2
1224,theses,machining strategy,0.5268,3
1224,theses,machining,0.4985,4
1224,theses,borosilicate glass,0.4817,5
1224,theses,electrochemical discharge,0.3946,6
1224,theses,parameter electrochemical,0.362,7
1224,theses,glass,0.3537,8
1243,theses,glaucoma classification,0.5697,1
1243,theses,glaucoma detection,0.5117,2
1243,theses,retinal image,0.4632,3
1243,theses,image retina,0.4609,4
1243,theses,model retinal,0.4528,5
1243,theses,delineation retinal,0.4457,6
1243,theses,enhance glaucoma,0.4377,7
1243,theses,divide retinal,0.4325,8
605,theses,epoxy laminates,0.594,1
605,theses,laminates mechanical,0.5379,2
605,theses,reinforced epoxy,0.5183,3
605,theses,fiber reinforced,0.4894,4
605,theses,carbon fiber,0.4463,5
605,theses,laminates,0.4327,6
605,theses,self healing,0.4036,7
605,theses,epoxy,0.3424,8
466,theses,wave propagation,0.4755,1
466,theses,propagation adhesively,0.4627,2
466,theses,joints solution,0.4197,3
466,theses,forward inverse,0.4026,4
466,theses,adhesively bonded,0.3878,5
466,theses,inverse problems,0.3581,6
466,theses,lap joints,0.3295,7
466,theses,solution forward,0.3259,8
1195,theses,software aging,0.7203,1
1195,theses,prediction rejuvenation,0.5448,2
1195,theses,rejuvenation model,0.5081,3
1195,theses,aging prediction,0.4752,4
1195,theses,rejuvenation,0.4066,5
1195,theses,model cloud,0.3806,6
1195,theses,aging,0.3613,7
1195,theses,cloud platform,0.3443,8
614,theses,syngas combustion,0.7459,1
614,theses,stage combustor,0.6865,2
614,theses,combustor,0.5642,3
614,theses,combustion novel,0.5184,4
614,theses,combustion,0.4915,5
614,theses,investigation syngas,0.4622,6
614,theses,syngas,0.4219,7
614,theses,novel stage,0.2213,8
1003,theses,kernel time,0.5341,1
1003,theses,operating kernel,0.4912,2
1003,theses,partition architecture,0.4828,3
1003,theses,base verification,0.4054,4
1003,theses,time operating,0.3853,5
1003,theses,kernel,0.3649,6
1003,theses,formal method,0.3638,7
1003,theses,space partition,0.3017,8
472,theses,structured environments,0.6257,1
472,theses,reinforcement learning,0.6163,2
472,theses,large structured,0.5924,3
472,theses,learning large,0.518,4
472,theses,reinforcement,0.5024,5
472,theses,structured,0.4618,6
472,theses,environments,0.4339,7
472,theses,environments available,0.4212,8
473,theses,inkjet printed,0.5775,1
473,theses,mesoporous oxides,0.574,2
473,theses,inkjet,0.5329,3
473,theses,continuous mesoporous,0.4583,4
473,theses,oxides surface,0.4218,5
473,theses,mesoporous,0.353,6
473,theses,printed continuous,0.3512,7
473,theses,oxides,0.2991,8
474,theses,transcritical co2,0.6659,1
474,theses,co2 propane,0.6113,2
474,theses,tropical cooling,0.5734,3
474,theses,propane mixtures,0.5446,4
474,theses,mixtures tropical,0.4847,5
474,theses,co2 co2,0.4824,6
474,theses,cooling applications,0.4546,7
474,theses,co2,0.4481,8
611,theses,wear debris,0.6828,1
611,theses,topography wear,0.6144,2
611,theses,debris morphology,0.5982,3
611,theses,morphology polymer,0.4884,4
611,theses,debris,0.468,5
611,theses,surface topography,0.4239,6
611,theses,polymer,0.3889,7
611,theses,surface,0.3751,8
613,theses,gaze controlled,0.6252,1
613,theses,inclusive eye,0.5621,2
613,theses,eye gaze,0.5293,3
613,theses,gaze,0.4864,4
613,theses,robot interaction,0.4428,5
613,theses,motor impairment,0.4402,6
613,theses,human robot,0.4373,7
613,theses,eye,0.4282,8
615,theses,characterization interconnections,0.7625,1
615,theses,interconnections smart,0.7332,2
615,theses,interconnections,0.5756,3
615,theses,smart applications,0.452,4
615,theses,characterization,0.2191,5
615,theses,applications,0.1979,6
615,theses,smart,0.1336,7
616,theses,flow granular,0.6793,1
616,theses,gravity flow,0.6164,2
616,theses,granular material,0.566,3
616,theses,vertical channel,0.5442,4
616,theses,material vertical,0.4659,5
616,theses,granular,0.4614,6
616,theses,gravity,0.3888,7
616,theses,flow,0.3493,8
998,theses,convex model,0.6666,1
998,theses,model extension,0.634,2
998,theses,extension database,0.5032,3
998,theses,model,0.4861,4
998,theses,convex,0.4366,5
998,theses,database,0.3974,6
998,theses,extension,0.3873,7
1008,theses,algorithmic adcs,0.6814,1
1008,theses,digital calibration,0.6599,2
1008,theses,adcs,0.5405,3
1008,theses,calibration technique,0.5367,4
1008,theses,calibration,0.5042,5
1008,theses,pipelined algorithmic,0.423,6
1008,theses,technique pipelined,0.3349,7
1008,theses,digital,0.3205,8
620,theses,additive manufacturing,0.6778,1
620,theses,metal polymer,0.558,2
620,theses,polymer additive,0.5371,3
620,theses,hybrid metal,0.4706,4
620,theses,polymer,0.4124,5
620,theses,manufacturing,0.3933,6
620,theses,development hybrid,0.3679,7
620,theses,design development,0.3338,8
475,theses,deccan basalt,0.7048,1
475,theses,geochemical sr,0.6503,2
475,theses,drain deccan,0.6128,3
475,theses,geochemical,0.5174,4
475,theses,deccan,0.4901,5
475,theses,basalt abstract,0.4677,6
475,theses,sr mg,0.4228,7
475,theses,li isotopic,0.3996,8
1023,theses,assurance embedded,0.6007,1
1023,theses,quality assurance,0.5937,2
1023,theses,methods quality,0.5851,3
1023,theses,embedded software,0.5633,4
1023,theses,formal methods,0.5548,5
1023,theses,software,0.3549,6
1023,theses,assurance,0.353,7
1023,theses,quality,0.3309,8
643,theses,bubble hypersonic,0.7089,1
643,theses,hypersonic flow,0.6766,2
643,theses,separation bubble,0.6717,3
643,theses,hypersonic,0.5277,4
643,theses,bubble,0.454,5
643,theses,large separation,0.361,6
643,theses,separation,0.2766,7
643,theses,experimental investigations,0.2631,8
484,theses,codes constraint,0.667,1
484,theses,algorithmic hardness,0.5551,2
484,theses,correcting codes,0.5329,3
484,theses,constraint satisfaction,0.5152,4
484,theses,hardness result,0.4821,5
484,theses,constraint,0.4354,6
484,theses,new algorithmic,0.3902,7
484,theses,learning error,0.3857,8
1032,theses,altitude aerial,0.5135,1
1032,theses,aerial vehicle,0.4693,2
1032,theses,wireless network,0.4244,3
1032,theses,advanced wireless,0.4243,4
1032,theses,aerial,0.3926,5
1032,theses,low altitude,0.3898,6
1032,theses,deep learning,0.3689,7
1032,theses,altitude,0.3527,8
1043,theses,metropolitan bangalore,0.5622,1
1043,theses,urban expansion,0.534,2
1043,theses,bangalore city,0.5111,3
1043,theses,expansion road,0.4783,4
1043,theses,bangalore,0.4681,5
1043,theses,geospatial data,0.4252,6
1043,theses,temporal urban,0.4167,7
1043,theses,road network,0.4051,8
518,theses,vehicle anticipation,0.6577,1
518,theses,disorderly traffic,0.5909,2
518,theses,traffic condition,0.5674,3
518,theses,traffic,0.5016,4
518,theses,driver behaviour,0.4589,5
518,theses,anticipation base,0.4548,6
518,theses,multi vehicle,0.4221,7
518,theses,behaviour heterogeneous,0.4104,8
1245,theses,cntfet mosfet,0.5216,1
1245,theses,circuit carbon,0.4512,2
1245,theses,traditional mosfet,0.4467,3
1245,theses,alternative cmosfet,0.412,4
1245,theses,performance cntfet,0.4111,5
1245,theses,circuit design,0.4099,6
1245,theses,carbon nanotube,0.4097,7
1245,theses,future semiconductor,0.4085,8
494,theses,generation dna,0.5162,1
494,theses,datum storage,0.5096,2
494,theses,dna base,0.4961,3
494,theses,dna,0.466,4
494,theses,key generation,0.4456,5
494,theses,limit information,0.3813,6
494,theses,base datum,0.3692,7
494,theses,storage,0.3651,8
505,theses,graphene,0.5147,1
505,theses,water remediation,0.4933,2
505,theses,porous polyvinylidene,0.4896,3
505,theses,graphene derivative,0.4873,4
505,theses,composite membrane,0.4618,5
505,theses,polyvinylidene fluoride,0.4545,6
505,theses,membrane effective,0.4172,7
505,theses,effective water,0.3889,8
511,theses,treatment osteoarthritis,0.7008,1
511,theses,osteoarthritis available,0.6746,2
511,theses,osteoarthritis,0.6079,3
511,theses,plga base,0.4892,4
511,theses,plga,0.4067,5
511,theses,base drug,0.3975,6
511,theses,carrier treatment,0.3586,7
511,theses,drug carrier,0.3478,8
516,theses,symmetry equivalence,0.5272,1
516,theses,equivalence test,0.5,2
516,theses,circuit class,0.4765,3
516,theses,family circuit,0.4645,4
516,theses,polynomial family,0.4632,5
516,theses,symmetry,0.4561,6
516,theses,test polynomial,0.4112,7
516,theses,equivalence,0.3171,8
517,theses,suppression switch,0.4165,1
517,theses,filter modulation,0.3863,2
517,theses,harmonic suppression,0.3849,3
517,theses,polygonal voltage,0.3771,4
517,theses,capacitive filter,0.3701,5
517,theses,range drive,0.3439,6
517,theses,voltage space,0.3125,7
517,theses,switch capacitive,0.3079,8
527,theses,technique discovery,0.6035,1
527,theses,throughput computational,0.5105,2
527,theses,discovery application,0.494,3
527,theses,computational technique,0.4719,4
527,theses,dimensional material,0.4432,5
527,theses,discovery,0.4249,6
527,theses,computational,0.4099,7
527,theses,high throughput,0.356,8
1052,theses,throttle controller,0.6849,1
1052,theses,controller compressor,0.6638,2
1052,theses,base throttle,0.6586,3
1052,theses,throttle,0.5917,4
1052,theses,compressor,0.525,5
1052,theses,neural network,0.3086,6
1052,theses,controller,0.2872,7
1052,theses,neural,0.24,8
529,theses,induction motor,0.4252,1
529,theses,motor drive,0.4001,2
529,theses,reduction pwm,0.3969,3
529,theses,pwm strategy,0.3551,4
529,theses,capacitor size,0.3458,5
529,theses,multilevel polygonal,0.3331,6
529,theses,pwm,0.3313,7
529,theses,multilevel,0.2918,8
530,theses,diabetic wound,0.6752,1
530,theses,improve heal,0.5663,2
530,theses,wound understanding,0.5465,3
530,theses,immune response,0.4981,4
530,theses,heal outcome,0.4974,5
530,theses,outcome diabetic,0.4898,6
530,theses,modulate immune,0.4712,7
530,theses,heal,0.4506,8
531,theses,airblast atomizer,0.6992,1
531,theses,aviation biofuel,0.6014,2
531,theses,biofuel jet,0.6004,3
531,theses,atomizer available,0.5633,4
531,theses,hybrid airblast,0.5607,5
531,theses,atomizer,0.5544,6
531,theses,water hybrid,0.4952,7
531,theses,atomization,0.4542,8
660,theses,speech perception,0.76,1
660,theses,neural mechanisms,0.6236,2
660,theses,learning speech,0.6135,3
660,theses,investigate neural,0.5788,4
660,theses,neural,0.5234,5
660,theses,word learning,0.5112,6
660,theses,perception,0.4719,7
660,theses,speech,0.4595,8
661,theses,sand geosynthetic,0.7446,1
661,theses,intergranular sand,0.6834,2
661,theses,characteristics sand,0.6066,3
661,theses,sand multi,0.541,4
661,theses,sand,0.4679,5
661,theses,3d morphological,0.4078,6
661,theses,geosynthetic interaction,0.4024,7
661,theses,geosynthetic,0.3668,8
1051,theses,tremor signal,0.56,1
1051,theses,tremor analysis,0.5557,2
1051,theses,implement tremor,0.526,3
1051,theses,analysis tremors,0.5139,4
1051,theses,person tremor,0.491,5
1051,theses,disorder tremor,0.4781,6
1051,theses,tremor symptom,0.4718,7
1051,theses,tremors globally,0.4486,8
690,theses,coal gasification,0.6689,1
690,theses,stage gasifier,0.6352,2
690,theses,gasification stage,0.6058,3
690,theses,gasifier,0.5881,4
690,theses,gasification,0.5402,5
690,theses,indian coal,0.5069,6
690,theses,coal,0.3769,7
690,theses,ash indian,0.3396,8
692,theses,aluminide ptal,0.6156,1
692,theses,platinum aluminide,0.5497,2
692,theses,ptal bond,0.5286,3
692,theses,fatigue behavior,0.4429,4
692,theses,uniaxial fatigue,0.4316,5
692,theses,bond coat,0.4099,6
692,theses,fatigue,0.4098,7
692,theses,ptal,0.3954,8
693,theses,nl supervision,0.5145,1
693,theses,training corpora,0.5127,2
693,theses,supervision nls,0.507,3
693,theses,description training,0.5046,4
693,theses,processing nlp,0.4913,5
693,theses,language supervision,0.4781,6
693,theses,nlp typically,0.4564,7
693,theses,task nli,0.4526,8
704,theses,sense rna,0.636,1
704,theses,rna virus,0.6022,2
704,theses,virus lifecycle,0.5764,3
704,theses,rna,0.4805,4
704,theses,virus,0.3873,5
704,theses,computational tools,0.3099,6
704,theses,tools models,0.297,7
704,theses,positive sense,0.2855,8
718,theses,optoelectronic catalytic,0.6928,1
718,theses,electronic doping,0.611,2
718,theses,catalytic quantum,0.5984,3
718,theses,advanced optoelectronic,0.4995,4
718,theses,chemical electronic,0.4657,5
718,theses,optoelectronic,0.4636,6
718,theses,quantum applications,0.3742,7
718,theses,doping advanced,0.3342,8
719,theses,induction coilgun,0.7182,1
719,theses,electromagnetic launcher,0.6915,2
719,theses,coilgun base,0.6721,3
719,theses,coilgun,0.6037,4
719,theses,base electromagnetic,0.4891,5
719,theses,launcher,0.4144,6
719,theses,multistage induction,0.4011,7
719,theses,electromagnetic,0.3885,8
720,theses,nanostructure imaging,0.6515,1
720,theses,optical microscopy,0.6088,2
720,theses,microscopy applications,0.5945,3
720,theses,microscopy,0.5539,4
720,theses,nonlinear optical,0.5277,5
720,theses,imaging cancer,0.4902,6
720,theses,quantitative nonlinear,0.4499,7
720,theses,applications nanostructure,0.4429,8
721,theses,data visualization,0.6376,1
721,theses,topological structures,0.6164,2
721,theses,visualization,0.5518,3
721,theses,topological,0.5211,4
721,theses,operators bivariate,0.4725,5
721,theses,bivariate data,0.4544,6
721,theses,structures operators,0.451,7
721,theses,structures,0.3966,8
773,theses,longitudinal acceleration,0.6374,1
773,theses,bioinspired guidance,0.6111,2
773,theses,speed bioinspired,0.5261,3
773,theses,acceleration base,0.4936,4
773,theses,guidance law,0.4847,5
773,theses,acceleration,0.4772,6
773,theses,variable speed,0.4362,7
773,theses,longitudinal,0.3672,8
774,theses,summer monsoon,0.6814,1
774,theses,seasonal rainfall,0.6151,2
774,theses,monsoon,0.5958,3
774,theses,rainfall deficit,0.5793,4
774,theses,indian summer,0.5727,5
774,theses,rainfall,0.5168,6
774,theses,extratropical influence,0.4825,7
774,theses,summer,0.4103,8
775,theses,reaction diffusion,0.5842,1
775,theses,complex networks,0.5681,2
775,theses,diffusion dynamical,0.5318,3
775,theses,diffusion,0.483,4
775,theses,dynamical systems,0.4663,5
775,theses,sparsification reaction,0.4606,6
775,theses,systems complex,0.4405,7
775,theses,networks,0.4121,8
805,theses,foundations excavation,0.6421,1
805,theses,excavation,0.5513,2
805,theses,involve foundations,0.4131,3
805,theses,element limit,0.391,4
805,theses,foundations,0.3737,5
805,theses,application finite,0.3092,6
805,theses,finite element,0.2987,7
805,theses,deal problems,0.2801,8
806,theses,drive modelling,0.566,1
806,theses,modelling viral,0.5019,2
806,theses,mathematical datum,0.5009,3
806,theses,datum drive,0.492,4
806,theses,applications hiv,0.4452,5
806,theses,aids covid,0.4242,6
806,theses,hiv aids,0.4012,7
806,theses,hiv,0.3692,8
822,theses,geochemical sr,0.5771,1
822,theses,ganga estuary,0.5696,2
822,theses,groundwater sea,0.4967,3
822,theses,geochemical,0.4886,4
822,theses,water groundwater,0.461,5
822,theses,groundwater,0.4426,6
822,theses,estuary,0.4,7
822,theses,hooghly ganga,0.3879,8
823,theses,modulating waveform,0.4355,1
823,theses,waveform generation,0.4337,2
823,theses,motor drives,0.4323,3
823,theses,induction motor,0.391,4
823,theses,reluctance motor,0.389,5
823,theses,switched reluctance,0.3747,6
823,theses,drives discrete,0.3543,7
823,theses,generation split,0.3399,8
862,theses,vector fields,0.6971,1
862,theses,fields path,0.6912,2
862,theses,class vector,0.5995,3
862,theses,path follow,0.4989,4
862,theses,fields,0.4601,5
862,theses,path,0.4439,6
862,theses,vector,0.3935,7
862,theses,class,0.3638,8
1146,theses,assurance datamining,0.8329,1
1146,theses,datamining,0.6323,2
1146,theses,service assurance,0.6223,3
1146,theses,cloud service,0.5604,4
1146,theses,assurance,0.499,5
1146,theses,cloud,0.4418,6
1146,theses,service,0.301,7
871,theses,biomimetic sensor,0.6457,1
871,theses,technology identification,0.5587,2
871,theses,sensor technology,0.5119,3
871,theses,development biomimetic,0.5095,4
871,theses,sensor,0.4915,5
871,theses,emerge contaminant,0.4804,6
871,theses,biomimetic,0.4255,7
871,theses,contaminant,0.4254,8
873,theses,optical wireless,0.6485,1
873,theses,throughput laser,0.6231,2
873,theses,indoor optical,0.616,3
873,theses,laser base,0.5578,4
873,theses,wireless communication,0.433,5
873,theses,base indoor,0.4277,6
873,theses,laser,0.4078,7
873,theses,optical,0.4005,8
874,theses,tooling coil,0.6721,1
874,theses,electromagnetic manufacturing,0.6268,2
874,theses,coil electromagnetic,0.5878,3
874,theses,coil,0.4873,4
874,theses,power tooling,0.4837,5
874,theses,manufacturing application,0.3767,6
874,theses,pulse power,0.3258,7
874,theses,development pulse,0.3202,8
912,theses,hot electron,0.5504,1
912,theses,electron reliability,0.5132,2
912,theses,gin hemt,0.4146,3
912,theses,reliability algan,0.4133,4
912,theses,high electric,0.3891,5
912,theses,electron,0.3549,6
912,theses,field hot,0.3546,7
912,theses,electric field,0.346,8
932,theses,moisture vernacular,0.6334,1
932,theses,role moisture,0.5418,2
932,theses,comfort health,0.5344,3
932,theses,conventional building,0.4984,4
932,theses,occupant comfort,0.4878,5
932,theses,moisture,0.4853,6
932,theses,comfort,0.3961,7
932,theses,building,0.3718,8
934,theses,reinforcement hydrogel,0.7311,1
934,theses,hydrogel mechanics,0.7294,2
934,theses,hydrogel,0.6069,3
934,theses,crosslinks fiber,0.563,4
934,theses,fiber reinforcement,0.5536,5
934,theses,role crosslinks,0.3918,6
934,theses,fiber,0.3839,7
934,theses,crosslinks,0.3731,8
994,theses,layer protocol,0.5578,1
994,theses,protocol emerge,0.5455,2
994,theses,protocol,0.5385,3
994,theses,threat countermeasure,0.4811,4
994,theses,feedback manipulation,0.4737,5
994,theses,manipulation generation,0.4713,6
994,theses,transport layer,0.415,7
994,theses,emerge threat,0.3874,8
1009,theses,graph colouring,0.6497,1
1009,theses,covering graph,0.6486,2
1009,theses,geometric covering,0.603,3
1009,theses,colouring,0.4824,4
1009,theses,geometric separability,0.4613,5
1009,theses,separability geometric,0.4564,6
1009,theses,covering,0.4495,7
1009,theses,algorithmic study,0.4236,8
1010,theses,homomorphic encryption,0.7683,1
1010,theses,cryptanalysis privacy,0.672,2
1010,theses,homomorphic,0.636,3
1010,theses,employ homomorphic,0.6054,4
1010,theses,cryptanalysis,0.5967,5
1010,theses,privacy preserving,0.5505,6
1010,theses,preserving protocols,0.5026,7
1010,theses,encryption,0.4886,8
1011,theses,regulatory requirement,0.655,1
1011,theses,assess regulatory,0.6308,2
1011,theses,regulatory,0.5081,3
1011,theses,requirement build,0.4815,4
1011,theses,framework incorporate,0.4808,5
1011,theses,build software,0.4265,6
1011,theses,incorporate assess,0.3875,7
1011,theses,framework,0.3854,8
1015,theses,application profiler,0.7196,1
1015,theses,profiler,0.6154,2
1015,theses,feature rich,0.4227,3
1015,theses,rich hardware,0.3882,4
1015,theses,intrusive feature,0.3714,5
1015,theses,base application,0.3617,6
1015,theses,hardware base,0.3518,7
1015,theses,feature,0.3144,8
1016,theses,automation language,0.7159,1
1016,theses,formal verification,0.6395,2
1016,theses,industrial automation,0.6312,3
1016,theses,automation,0.5934,4
1016,theses,verification domain,0.5403,5
1016,theses,formal,0.3976,6
1016,theses,specific industrial,0.3884,7
1016,theses,industrial,0.3701,8
1024,theses,diagnosis healthcare,0.6372,1
1024,theses,image analyses,0.5819,2
1024,theses,stylized image,0.5194,3
1024,theses,computeraided diagnosis,0.5128,4
1024,theses,diagnosis,0.4722,5
1024,theses,stylized,0.4429,6
1024,theses,healthcare,0.409,7
1024,theses,analyses computeraided,0.383,8
1028,theses,ellipsoidal partitioning,0.6442,1
1028,theses,classification trust,0.6311,2
1028,theses,classification,0.5927,3
1028,theses,sequential ellipsoidal,0.4229,4
1028,theses,partitioning,0.4163,5
1028,theses,trust supervise,0.3752,6
1028,theses,supervise approach,0.3027,7
1028,theses,ellipsoidal,0.3005,8
1029,theses,charging infrastructure,0.7474,1
1029,theses,vehicle charging,0.6717,2
1029,theses,electric vehicle,0.5614,3
1029,theses,charging,0.4721,4
1029,theses,planning operation,0.468,5
1029,theses,operation electric,0.4189,6
1029,theses,planning,0.4082,7
1029,theses,infrastructure,0.3609,8
1047,theses,cerebral anomalies,0.4971,1
1047,theses,endoscopic surgery,0.4886,2
1047,theses,enhancements endoscopic,0.455,3
1047,theses,detection cerebral,0.4448,4
1047,theses,endoscopic,0.4352,5
1047,theses,deep learning,0.414,6
1047,theses,anomalies enhancements,0.3884,7
1047,theses,surgery,0.3646,8
594,theses,linear bandit,0.5274,1
594,theses,bandit problem,0.5093,2
594,theses,reward matrix,0.4794,3
594,theses,online algorithm,0.473,4
594,theses,maximize reward,0.4258,5
594,theses,gain learning,0.4223,6
594,theses,algorithms online,0.4196,7
594,theses,regret algorithm,0.4174,8
596,theses,augment hyperspectral,0.5774,1
596,theses,hyperspectral image,0.569,2
596,theses,spectral variability,0.5565,3
596,theses,variability sparsity,0.5469,4
596,theses,hyperspectral,0.4933,5
596,theses,image unmixing,0.4851,6
596,theses,correlation spectral,0.48,7
596,theses,spatial correlation,0.4034,8
1071,theses,colonic enzyme,0.4848,1
1071,theses,colonic delivery,0.4335,2
1071,theses,produce colonic,0.433,3
1071,theses,synthesize chitosan,0.4046,4
1071,theses,ileo colon,0.3838,5
1071,theses,drug delivery,0.3836,6
1071,theses,chitosan dissolve,0.3806,7
1071,theses,ileo colonic,0.3779,8
1217,theses,satellite image,0.6569,1
1217,theses,image classification,0.5785,2
1217,theses,classification implementation,0.5742,3
1217,theses,satellite,0.5022,4
1217,theses,neural network,0.4768,5
1217,theses,implementation neural,0.4297,6
1217,theses,classification,0.4225,7
1217,theses,implementation,0.289,8
600,theses,queueing caching,0.5406,1
600,theses,interplay queueing,0.5094,2
600,theses,consider queue,0.492,3
600,theses,queueing,0.4792,4
600,theses,ccn queueing,0.4762,5
600,theses,designs queueing,0.4438,6
600,theses,cache server,0.4437,7
600,theses,cache scheme,0.4434,8
1088,theses,sensor network,0.4849,1
1088,theses,sensor networks,0.4732,2
1088,theses,node cluster,0.4666,3
1088,theses,routing protocols,0.4507,4
1088,theses,design cluster,0.4409,5
1088,theses,cluster cluster,0.4402,6
1088,theses,cluster node,0.4397,7
1088,theses,routing design,0.438,8
1223,theses,oxide nanostructured,0.6092,1
1223,theses,toxic gases,0.5271,2
1223,theses,metal oxide,0.5115,3
1223,theses,materials sensing,0.4978,4
1223,theses,nanostructured materials,0.4723,5
1223,theses,sensing toxic,0.4546,6
1223,theses,nanostructured,0.4287,7
1223,theses,gases,0.3968,8
603,theses,magneto mechanical,0.4933,1
603,theses,especially micromechanical,0.4058,2
603,theses,electro magneto,0.3995,3
603,theses,mechanical coupling,0.3875,4
603,theses,continuum modelling,0.3807,5
603,theses,model electro,0.3747,6
603,theses,continuum modeling,0.3539,7
603,theses,electric magnetic,0.3466,8
1070,theses,chronotherapeutic drug,0.4794,1
1070,theses,asthma chronotherapy,0.4554,2
1070,theses,chronotherapeutic formulated,0.4243,3
1070,theses,customize drug,0.41,4
1070,theses,evaluation chronotherapeutic,0.3731,5
1070,theses,receptor antagonist,0.3724,6
1070,theses,fraction drug,0.3641,7
1070,theses,inhibit bronchoconstriction,0.3632,8
638,theses,virus evolution,0.6998,1
638,theses,interplay immune,0.6433,2
638,theses,immune response,0.5979,3
638,theses,response virus,0.5389,4
638,theses,immune,0.5062,5
638,theses,virus,0.439,6
638,theses,evolution,0.4078,7
638,theses,understand interplay,0.3992,8
639,theses,specification synthesis,0.7079,1
639,theses,constrained horn,0.6695,2
639,theses,horn clause,0.6293,3
639,theses,synthesis constrained,0.6145,4
639,theses,specification,0.5655,5
639,theses,constrained,0.4221,6
639,theses,clause,0.4197,7
639,theses,horn,0.4142,8
641,theses,mesoscale modelling,0.6852,1
641,theses,lamellar mesophase,0.5621,2
641,theses,mesoscale,0.5067,3
641,theses,modelling sheared,0.5022,4
641,theses,mesophase,0.4967,5
641,theses,sheared lamellar,0.4767,6
641,theses,sheared,0.3175,7
641,theses,modelling,0.2166,8
1094,theses,layer qos,0.5712,1
1094,theses,qos parameters,0.5655,2
1094,theses,manet design,0.5094,3
1094,theses,qos,0.4107,4
1094,theses,network layer,0.3799,5
1094,theses,parameters performance,0.344,6
1094,theses,manet,0.3266,7
1094,theses,issues manet,0.3263,8
1090,theses,supply chain,0.5596,1
1090,theses,analysis lean,0.5458,2
1090,theses,lean supply,0.5293,3
1090,theses,modelling performance,0.4893,4
1090,theses,chain network,0.4705,5
1090,theses,performance analysis,0.4697,6
1090,theses,lean,0.3797,7
1090,theses,modelling,0.3527,8
1093,theses,pvdf nanofiller,0.7059,1
1093,theses,films sensor,0.6175,2
1093,theses,nanofiller films,0.514,3
1093,theses,development pvdf,0.5093,4
1093,theses,pvdf,0.4425,5
1093,theses,sensor,0.3785,6
1093,theses,nanofiller,0.3498,7
1093,theses,films,0.1132,8
653,theses,robust station,0.5339,1
653,theses,halo orbit,0.5017,2
653,theses,control spacecraft,0.4819,3
653,theses,precision attitude,0.4485,4
653,theses,attitude control,0.4337,5
653,theses,spacecraft sun,0.4091,6
653,theses,orbit,0.3912,7
653,theses,l1 halo,0.3565,8
1106,theses,function application,0.6205,1
1106,theses,aspect special,0.5735,2
1106,theses,special function,0.512,3
1106,theses,certain aspect,0.4618,4
1106,theses,aspect,0.4334,5
1106,theses,application,0.408,6
1106,theses,function,0.4019,7
1106,theses,study certain,0.3526,8
673,theses,optical wireless,0.6435,1
673,theses,indoor optical,0.6245,2
673,theses,intelligent indoor,0.462,3
673,theses,wireless communication,0.4483,4
673,theses,throughput intelligent,0.4414,5
673,theses,optical,0.4342,6
673,theses,high throughput,0.4011,7
673,theses,wireless,0.3676,8
1118,theses,nose technology,0.4848,1
1118,theses,nose framework,0.4297,2
1118,theses,application nose,0.4169,3
1118,theses,electronic nose,0.4097,4
1118,theses,sensor technology,0.3983,5
1118,theses,uav industrial,0.3981,6
1118,theses,test sensor,0.3823,7
1118,theses,sensor design,0.3754,8
674,theses,speech recognition,0.6669,1
674,theses,automatic speech,0.596,2
674,theses,resource constrained,0.4562,3
674,theses,constrained devices,0.4051,4
674,theses,recognition solutions,0.3983,5
674,theses,speech,0.3594,6
674,theses,devices,0.3355,7
674,theses,solutions resource,0.3256,8
675,theses,cytometry vfc,0.6501,1
675,theses,ilife spectroscopy,0.5989,2
675,theses,flow cytometry,0.5986,3
675,theses,cell biophysics,0.5164,4
675,theses,cytometry,0.4665,5
675,theses,spectroscopy cell,0.4553,6
675,theses,vfc ilife,0.4395,7
675,theses,biophysics clinical,0.4201,8
1116,theses,healthcare monitoring,0.6661,1
1116,theses,monitor healthcare,0.6103,2
1116,theses,vital technology,0.5631,3
1116,theses,patient monitor,0.5525,4
1116,theses,monitoring,0.4497,5
1116,theses,wireless intelligent,0.4208,6
1116,theses,monitoring emerge,0.4179,7
1116,theses,healthcare,0.3873,8
684,theses,embankments footing,0.7713,1
684,theses,application embankments,0.6592,2
684,theses,footing,0.5779,3
684,theses,soils application,0.5763,4
684,theses,embankments,0.5547,5
684,theses,unsaturated soils,0.5208,6
684,theses,soils,0.4805,7
684,theses,experimental numerical,0.3957,8
1120,theses,water management,0.535,1
1120,theses,management water,0.5051,2
1120,theses,management iwrm,0.4755,3
1120,theses,water resource,0.4596,4
1120,theses,water resources,0.4464,5
1120,theses,integrated water,0.4451,6
1120,theses,management tool,0.4401,7
1120,theses,management complex,0.4314,8
685,theses,distribute computing,0.577,1
685,theses,privacy,0.552,2
685,theses,privacy information,0.5468,3
685,theses,distribute,0.4925,4
685,theses,delivery distribute,0.4747,5
685,theses,retrieval delivery,0.4187,6
685,theses,information retrieval,0.3834,7
685,theses,computing,0.3329,8
694,theses,communication sample,0.4287,1
694,theses,latency utmost,0.4141,2
694,theses,latency need,0.4082,3
694,theses,latency datum,0.3874,4
694,theses,performance require,0.3835,5
694,theses,minimize latency,0.3759,6
694,theses,coordination server,0.3573,7
694,theses,receiver seek,0.3572,8
695,theses,titanium alloy,0.6395,1
695,theses,thermo mechanical,0.5604,2
695,theses,microstructure mechanical,0.5349,3
695,theses,titanium,0.5188,4
695,theses,rich titanium,0.4791,5
695,theses,alloy,0.4449,6
695,theses,evolution microstructure,0.434,7
695,theses,microstructure,0.3744,8
696,theses,jet heating,0.6559,1
696,theses,vorticity scalar,0.6527,2
696,theses,turbulent round,0.6139,3
696,theses,round jet,0.5806,4
696,theses,turbulent,0.539,5
696,theses,transport turbulent,0.5384,6
696,theses,vorticity,0.4948,7
696,theses,jet,0.482,8
1123,theses,load balancing,0.5342,1
1123,theses,migration mechanism,0.4872,2
1123,theses,utilization strategy,0.4846,3
1123,theses,process migrate,0.481,4
1123,theses,process migration,0.4789,5
1123,theses,migration optimize,0.4783,6
1123,theses,migrate process,0.4395,7
1123,theses,load balance,0.4386,8
1136,theses,biodiesel microalgae,0.6459,1
1136,theses,biofuel microalgae,0.6436,2
1136,theses,diatom sustainable,0.5979,3
1136,theses,algal biofuel,0.5965,4
1136,theses,microalgae diatom,0.5891,5
1136,theses,biofuel generation,0.5613,6
1136,theses,generation biofuel,0.5512,7
1136,theses,biodiesel,0.5504,8
1152,theses,breast cancer,0.5078,1
1152,theses,development noval,0.4956,2
1152,theses,noval approach,0.4446,3
1152,theses,digital mammograms,0.4432,4
1152,theses,cancer demonstrate,0.4248,5
1152,theses,mammograms,0.4109,6
1152,theses,cancer,0.4011,7
1152,theses,cancer type,0.394,8
1156,theses,watershed analysis,0.6094,1
1156,theses,crop water,0.5993,2
1156,theses,remote sensing,0.5159,3
1156,theses,watershed,0.4878,4
1156,theses,analysis crop,0.4651,5
1156,theses,geographic information,0.4264,6
1156,theses,sensing geographic,0.4105,7
1156,theses,water requirement,0.3943,8
792,theses,infimal convolution,0.7226,1
792,theses,image recovery,0.6723,2
792,theses,convolution approach,0.5917,3
792,theses,convolution,0.5222,4
792,theses,infimal,0.4577,5
792,theses,approach image,0.4237,6
792,theses,recovery,0.3297,7
792,theses,image,0.309,8
1158,theses,2d image,0.4874,1
1158,theses,image sensor,0.4816,2
1158,theses,filter aperture,0.4521,3
1158,theses,pass lens,0.4504,4
1158,theses,3d scene,0.4278,5
1158,theses,optical irradiant,0.4225,6
1158,theses,3d space,0.4121,7
1158,theses,color filter,0.4116,8
821,theses,safety camera,0.6293,1
821,theses,reason safety,0.5282,2
821,theses,camera based,0.4711,3
821,theses,based neural,0.4429,4
821,theses,controlled systems,0.4218,5
821,theses,neural network,0.4065,6
821,theses,camera,0.3938,7
821,theses,safety,0.3878,8
1169,theses,requirements documentation,0.6025,1
1169,theses,requirements specification,0.5958,2
1169,theses,requirements specifications,0.5793,3
1169,theses,documentation requirements,0.5582,4
1169,theses,requirement reader,0.54,5
1169,theses,software requirements,0.5254,6
1169,theses,requirements requirements,0.4941,7
1169,theses,language requirements,0.4878,8
827,theses,thermoplastic laminates,0.7429,1
827,theses,laminates tailored,0.6594,2
827,theses,advanced thermoplastic,0.5945,3
827,theses,interface aerostructures,0.5716,4
827,theses,laminates,0.5637,5
827,theses,thermoplastic,0.4976,6
827,theses,aerostructures,0.4592,7
827,theses,tailored interface,0.3491,8
1172,theses,pathogen detection,0.6239,1
1172,theses,identify pathogen,0.6046,2
1172,theses,pathogen,0.576,3
1172,theses,microorganism pathogen,0.5659,4
1172,theses,clinical microbiology,0.5605,5
1172,theses,microbiology,0.5575,6
1172,theses,pathogen bacteria,0.5537,7
1172,theses,pathogen target,0.5382,8
846,theses,estimate wcet,0.6711,1
846,theses,wcet real,0.4983,2
846,theses,wcet,0.4912,3
846,theses,data driven,0.4167,4
846,theses,driven approach,0.3872,5
846,theses,real time,0.374,6
846,theses,time systems,0.3316,7
846,theses,approach estimate,0.3036,8
1186,theses,altitude airborne,0.5371,1
1186,theses,airborne wind,0.5251,2
1186,theses,wind power,0.4772,3
1186,theses,high altitude,0.4762,4
1186,theses,altitude,0.438,5
1186,theses,airborne,0.3717,6
1186,theses,power generation,0.3603,7
1186,theses,optimisation design,0.3512,8
859,theses,oxide cathode,0.592,1
859,theses,exploration oxide,0.5882,2
859,theses,ion battery,0.5595,3
859,theses,potassium ion,0.5147,4
859,theses,materials potassium,0.5144,5
859,theses,cathode materials,0.4798,6
859,theses,potassium,0.4098,7
859,theses,battery,0.3986,8
1212,theses,covid19 chest,0.6498,1
1212,theses,diagnosis covid19,0.5926,2
1212,theses,chest image,0.5087,3
1212,theses,covid19,0.439,4
1212,theses,chest,0.4354,5
1212,theses,computational intelligence,0.4335,6
1212,theses,intelligence model,0.3557,7
1212,theses,support diagnosis,0.3487,8
1190,theses,ergonomic workstation,0.6994,1
1190,theses,ergonomics approach,0.6124,2
1190,theses,ergonomics,0.5981,3
1190,theses,approach ergonomic,0.5832,4
1190,theses,workstation injury,0.5605,5
1190,theses,ergonomic,0.5481,6
1190,theses,workstation essential,0.5451,7
1190,theses,sector ergonomics,0.5385,8
900,theses,tropical intraseasonal,0.6452,1
900,theses,indian ocean,0.5901,2
900,theses,oscillation indian,0.5597,3
900,theses,intraseasonal oscillation,0.5392,4
900,theses,propagate tropical,0.5229,5
900,theses,oscillation,0.3694,6
900,theses,tropical,0.3674,7
900,theses,poleward propagate,0.3564,8
1196,theses,antenna design,0.593,1
1196,theses,antenna reconfiguration,0.566,2
1196,theses,reconfigurable antenna,0.5604,3
1196,theses,achieve antenna,0.5267,4
1196,theses,antenna rf,0.5239,5
1196,theses,rf application,0.5024,6
1196,theses,antenna multiple,0.4819,7
1196,theses,antenna advancement,0.4781,8
928,theses,biocompatibility dental,0.7634,1
928,theses,implants biomechanical,0.731,2
928,theses,dental implants,0.6658,3
928,theses,science biocompatibility,0.5869,4
928,theses,biocompatibility,0.5398,5
928,theses,implants,0.5126,6
928,theses,biomechanical pre,0.487,7
928,theses,biomechanical,0.4579,8
1203,theses,electronic automation,0.567,1
1203,theses,automation,0.5007,2
1203,theses,industrial drive,0.4714,3
1203,theses,failure control,0.4644,4
1203,theses,electric drive,0.4562,5
1203,theses,power industrial,0.4549,6
1203,theses,fault prevention,0.4546,7
1203,theses,downtime motor,0.4418,8
1206,theses,parameter sensor,0.6546,1
1206,theses,sensor aero,0.6295,2
1206,theses,aero engine,0.4964,3
1206,theses,multi parameter,0.4643,4
1206,theses,sensor,0.3831,5
1206,theses,parameter,0.369,6
1206,theses,aero,0.3665,7
1206,theses,characterisation multi,0.347,8
1207,theses,multimedia datum,0.5999,1
1207,theses,datum noc,0.5919,2
1207,theses,noc base,0.5179,3
1207,theses,processing multimedia,0.5106,4
1207,theses,core architecture,0.4895,5
1207,theses,noc,0.4148,6
1207,theses,datum,0.3994,7
1207,theses,base core,0.3872,8
1210,theses,yield prediction,0.6434,1
1210,theses,crop yield,0.6215,2
1210,theses,model agricultural,0.6076,3
1210,theses,agricultural crop,0.5611,4
1210,theses,machine learning,0.4958,5
1210,theses,agricultural,0.4544,6
1210,theses,crop,0.4264,7
1210,theses,learning model,0.4209,8
1215,theses,image graph,0.5023,1
1215,theses,mri image,0.4994,2
1215,theses,segmentation brain,0.4924,3
1215,theses,image segmentation,0.491,4
1215,theses,perform segmentation,0.49,5
1215,theses,develop segmentation,0.4774,6
1215,theses,image cluster,0.4639,7
1215,theses,technique segmentation,0.4532,8
951,theses,datum constrain,0.5469,1
951,theses,digital twin,0.509,2
951,theses,data drive,0.4884,3
951,theses,drive digital,0.4854,4
951,theses,twin design,0.4444,5
951,theses,datum,0.4079,6
951,theses,design manufacturing,0.3816,7
951,theses,digital,0.3232,8
952,theses,centrifugal compressors,0.6209,1
952,theses,compressors brayton,0.5886,2
952,theses,dioxide centrifugal,0.493,3
952,theses,modeling supercritical,0.4777,4
952,theses,supercritical carbon,0.4658,5
952,theses,compressors,0.4263,6
952,theses,brayton power,0.3679,7
952,theses,carbon dioxide,0.3562,8
953,theses,resilience cloud,0.781,1
953,theses,service resilience,0.7454,2
953,theses,resilience,0.5782,3
953,theses,cloud end,0.5234,4
953,theses,cloud,0.4817,5
953,theses,application service,0.4605,6
953,theses,service,0.3427,7
953,theses,application,0.2627,8
955,theses,respiratory droplets,0.7561,1
955,theses,precipitation pathogen,0.6502,2
955,theses,droplets inanimate,0.5963,3
955,theses,droplets,0.5686,4
955,theses,evaporation precipitation,0.5667,5
955,theses,evaporation,0.5212,6
955,theses,insight evaporation,0.5129,7
955,theses,precipitation,0.4663,8
1237,theses,detection breast,0.5218,1
1237,theses,breast cancer,0.4816,2
1237,theses,cancer histopathological,0.4798,3
1237,theses,image dataset,0.4642,4
1237,theses,histopathological image,0.4406,5
1237,theses,machine learning,0.4236,6
1237,theses,automated detection,0.4171,7
1237,theses,dataset machine,0.4081,8
1238,theses,diagnosis brain,0.6067,1
1238,theses,registration fusion,0.605,2
1238,theses,image registration,0.5467,3
1238,theses,multimodal image,0.5396,4
1238,theses,images diagnosis,0.5197,5
1238,theses,brain disease,0.5032,6
1238,theses,multimodal,0.4581,7
1238,theses,fusion medical,0.4542,8
1244,theses,artificial cochlea,0.5863,1
1244,theses,cochlear implant,0.5739,2
1244,theses,functionality cochlea,0.5502,3
1244,theses,conventional cochlear,0.5287,4
1244,theses,cochlea workflow,0.5076,5
1244,theses,ear cochlea,0.507,6
1244,theses,functional cochlea,0.4944,7
1244,theses,ear auditory,0.4894,8
1107,theses,function application,0.6205,1
1107,theses,aspect special,0.5735,2
1107,theses,special function,0.512,3
1107,theses,certain aspect,0.4618,4
1107,theses,aspect,0.4334,5
1107,theses,application,0.408,6
1107,theses,function,0.4019,7
1107,theses,study certain,0.3526,8
1112,theses,univalent functions,0.6639,1
1112,theses,spaces univalent,0.6535,2
1112,theses,integral operator,0.5984,3
1112,theses,differential integral,0.4491,4
1112,theses,univalent,0.4405,5
1112,theses,operator spaces,0.4139,6
1112,theses,differential,0.3614,7
1112,theses,operator,0.3526,8
1163,theses,virtualized cloud,0.6197,1
1163,theses,load balancing,0.6046,2
1163,theses,auto scaling,0.5947,3
1163,theses,scaling load,0.5901,4
1163,theses,approach virtualized,0.5408,5
1163,theses,scaling,0.4781,6
1163,theses,virtualized,0.4621,7
1163,theses,cloud environment,0.4583,8
1188,theses,membrane desalination,0.5887,1
1188,theses,composite membrane,0.567,2
1188,theses,use membrane,0.5551,3
1188,theses,blend membrane,0.5211,4
1188,theses,solution membrane,0.5198,5
1188,theses,polysulfone membrane,0.5179,6
1188,theses,additive membrane,0.5152,7
1188,theses,polymer membrane,0.5096,8
1201,theses,converters wind,0.5066,1
1201,theses,switch topology,0.5034,2
1201,theses,approach converters,0.4409,3
1201,theses,converters,0.4125,4
1201,theses,control switch,0.4104,5
1201,theses,energy conversion,0.3959,6
1201,theses,switch,0.3934,7
1201,theses,wind energy,0.3918,8
1226,theses,manufacturing scheduling,0.5911,1
1226,theses,scheduling neural,0.581,2
1226,theses,simulation modelling,0.4814,3
1226,theses,flexible manufacturing,0.4664,4
1226,theses,scheduling,0.4224,5
1226,theses,network simulation,0.422,6
1226,theses,neural network,0.3981,7
1226,theses,simulation,0.3675,8
1241,theses,insulation transformer,0.5789,1
1241,theses,transformer technology,0.4687,2
1241,theses,oil insulation,0.4673,3
1241,theses,insulation research,0.4633,4
1241,theses,design insulation,0.4601,5
1241,theses,insulation assess,0.4538,6
1241,theses,transformer design,0.453,7
1241,theses,aging insulation,0.4428,8
