record_id,source_table,entity_text,entity_label,canonical_name,entity_id,start_char,end_char
4,theses,B.M.S. College of Engineering,ORG,B.M.S. College of Engineering,BMS_COLLEGE_OF_ENGINEERING,,
4,theses,Bengaluru,GPE,Bengaluru,BENGALURU,,
5,theses,B.M.S. College of Engineering,ORG,B.M.S. College of Engineering,BMS_COLLEGE_OF_ENGINEERING,,
5,theses,Bengaluru,GPE,Bengaluru,BENGALURU,,
6,theses,B.M.S. College of Engineering,ORG,B.M.S. College of Engineering,BMS_COLLEGE_OF_ENGINEERING,,
6,theses,Bengaluru,GPE,Bengaluru,BENGALURU,,
7,theses,B.M.S. College of Engineering,ORG,B.M.S. College of Engineering,BMS_COLLEGE_OF_ENGINEERING,,
7,theses,Bengaluru,GPE,Bengaluru,BENGALURU,,
1176,theses,R V College of Engineering,ORG,R V College of Engineering,R_V_COLLEGE_OF_ENGINEERING,,
1176,theses,Bengaluru,GPE,Bengaluru,BENGALURU,,
15,theses,B.M.S. College of Engineering,ORG,B.M.S. College of Engineering,BMS_COLLEGE_OF_ENGINEERING,,
15,theses,Bengaluru,GPE,Bengaluru,BENGALURU,,
16,theses,2016,DATE,2016,,147,151
16,theses,1987,DATE,1987,,373,377
16,theses,B.M.S. College of Engineering,ORG,B.M.S. College of Engineering,BMS_COLLEGE_OF_ENGINEERING,,
16,theses,Bengaluru,GPE,Bengaluru,BENGALURU,,
17,theses,B.M.S. College of Engineering,ORG,B.M.S. College of Engineering,BMS_COLLEGE_OF_ENGINEERING,,
17,theses,Bengaluru,GPE,Bengaluru,BENGALURU,,
18,theses,B.M.S. College of Engineering,ORG,B.M.S. College of Engineering,BMS_COLLEGE_OF_ENGINEERING,,
18,theses,Bengaluru,GPE,Bengaluru,BENGALURU,,
14,theses,B.M.S. College of Engineering,ORG,B.M.S. College of Engineering,BMS_COLLEGE_OF_ENGINEERING,,
14,theses,Bengaluru,GPE,Bengaluru,BENGALURU,,
19,theses,B.M.S. College of Engineering,ORG,B.M.S. College of Engineering,BMS_COLLEGE_OF_ENGINEERING,,
19,theses,Bengaluru,GPE,Bengaluru,BENGALURU,,
20,theses,B.M.S. College of Engineering,ORG,B.M.S. College of Engineering,BMS_COLLEGE_OF_ENGINEERING,,
20,theses,Bengaluru,GPE,Bengaluru,BENGALURU,,
21,theses,B.M.S. College of Engineering,ORG,B.M.S. College of Engineering,BMS_COLLEGE_OF_ENGINEERING,,
21,theses,Bengaluru,GPE,Bengaluru,BENGALURU,,
22,theses,B.M.S. College of Engineering,ORG,B.M.S. College of Engineering,BMS_COLLEGE_OF_ENGINEERING,,
22,theses,Bengaluru,GPE,Bengaluru,BENGALURU,,
23,theses,mechanical engineering,DEPARTMENT,Mechanical Engineering,MECHANICAL_ENGINEERING,277,299
23,theses,civil engineering,DEPARTMENT,Civil Engineering,CIVIL_ENGINEERING,305,322
23,theses,civil engineering,DEPARTMENT,Civil Engineering,CIVIL_ENGINEERING,543,560
23,theses,B.M.S. College of Engineering,ORG,B.M.S. College of Engineering,BMS_COLLEGE_OF_ENGINEERING,,
23,theses,Bengaluru,GPE,Bengaluru,BENGALURU,,
24,theses,B.M.S. College of Engineering,ORG,B.M.S. College of Engineering,BMS_COLLEGE_OF_ENGINEERING,,
24,theses,Bengaluru,GPE,Bengaluru,BENGALURU,,
25,theses,B.M.S. College of Engineering,ORG,B.M.S. College of Engineering,BMS_COLLEGE_OF_ENGINEERING,,
25,theses,Bengaluru,GPE,Bengaluru,BENGALURU,,
26,theses,Bengaluru,GPE,Bengaluru,BENGALURU,86,95
26,theses,Bengaluru,GPE,Bengaluru,BENGALURU,584,593
26,theses,Karnataka,GPE,Karnataka,KARNATAKA,595,604
26,theses,India,GPE,India,INDIA,606,611
26,theses,India,GPE,India,INDIA,795,800
26,theses,BMSCE,ORG,B.M.S. College of Engineering,BMS_COLLEGE_OF_ENGINEERING,948,953
26,theses,2015,DATE,2015,,985,989
26,theses,2019,DATE,2019,,994,998
27,theses,B.M.S. College of Engineering,ORG,B.M.S. College of Engineering,BMS_COLLEGE_OF_ENGINEERING,,
27,theses,Bengaluru,GPE,Bengaluru,BENGALURU,,
28,theses,India,GPE,India,INDIA,86,91
28,theses,India,GPE,India,INDIA,218,223
28,theses,India,GPE,India,INDIA,555,560
28,theses,2021,DATE,2021,,282,286
28,theses,B.M.S. College of Engineering,ORG,B.M.S. College of Engineering,BMS_COLLEGE_OF_ENGINEERING,,
28,theses,Bengaluru,GPE,Bengaluru,BENGALURU,,
29,theses,B.M.S. College of Engineering,ORG,B.M.S. College of Engineering,BMS_COLLEGE_OF_ENGINEERING,,
29,theses,Bengaluru,GPE,Bengaluru,BENGALURU,,
30,theses,B.M.S. College of Engineering,ORG,B.M.S. College of Engineering,BMS_COLLEGE_OF_ENGINEERING,,
30,theses,Bengaluru,GPE,Bengaluru,BENGALURU,,
31,theses,B.M.S. College of Engineering,ORG,B.M.S. College of Engineering,BMS_COLLEGE_OF_ENGINEERING,,
31,theses,Bengaluru,GPE,Bengaluru,BENGALURU,,
32,theses,CMR Institute of Technology,ORG,CMR Institute of Technology,CMR_INSTITUTE_OF_TECHNOLOGY,,
32,theses,Bengaluru,GPE,Bengaluru,BENGALURU,,
33,theses,CMR Institute of Technology,ORG,CMR Institute of Technology,CMR_INSTITUTE_OF_TECHNOLOGY,,
33,theses,Bengaluru,GPE,Bengaluru,BENGALURU,,
37,theses,India,GPE,India,INDIA,314,319
37,theses,CMR Institute of Technology,ORG,CMR Institute of Technology,CMR_INSTITUTE_OF_TECHNOLOGY,,
37,theses,Bengaluru,GPE,Bengaluru,BENGALURU,,
39,theses,CMR Institute of Technology,ORG,CMR Institute of Technology,CMR_INSTITUTE_OF_TECHNOLOGY,,
39,theses,Bengaluru,GPE,Bengaluru,BENGALURU,,
40,theses,CMR Institute of Technology,ORG,CMR Institute of Technology,CMR_INSTITUTE_OF_TECHNOLOGY,,
40,theses,Bengaluru,GPE,Bengaluru,BENGALURU,,
41,theses,CMR Institute of Technology,ORG,CMR Institute of Technology,CMR_INSTITUTE_OF_TECHNOLOGY,,
41,theses,Bengaluru,GPE,Bengaluru,BENGALURU,,
42,theses,CMR Institute of Technology,ORG,CMR Institute of Technology,CMR_INSTITUTE_OF_TECHNOLOGY,,
42,theses,Bengaluru,GPE,Bengaluru,BENGALURU,,
43,theses,CMR Institute of Technology,ORG,CMR Institute of Technology,CMR_INSTITUTE_OF_TECHNOLOGY,,
43,theses,Bengaluru,GPE,Bengaluru,BENGALURU,,
44,theses,CMR Institute of Technology,ORG,CMR Institute of Technology,CMR_INSTITUTE_OF_TECHNOLOGY,,
44,theses,Bengaluru,GPE,Bengaluru,BENGALURU,,
45,theses,India,GPE,India,INDIA,1809,1814
45,theses,CMR Institute of Technology,ORG,CMR Institute of Technology,CMR_INSTITUTE_OF_TECHNOLOGY,,
45,theses,Bengaluru,GPE,Bengaluru,BENGALURU,,
46,theses,CMR Institute of Technology,ORG,CMR Institute of Technology,CMR_INSTITUTE_OF_TECHNOLOGY,,
46,theses,Bengaluru,GPE,Bengaluru,BENGALURU,,
47,theses,CMR Institute of Technology,ORG,CMR Institute of Technology,CMR_INSTITUTE_OF_TECHNOLOGY,,
47,theses,Bengaluru,GPE,Bengaluru,BENGALURU,,
48,theses,CMR Institute of Technology,ORG,CMR Institute of Technology,CMR_INSTITUTE_OF_TECHNOLOGY,,
48,theses,Bengaluru,GPE,Bengaluru,BENGALURU,,
49,theses,CMR Institute of Technology,ORG,CMR Institute of Technology,CMR_INSTITUTE_OF_TECHNOLOGY,,
49,theses,Bengaluru,GPE,Bengaluru,BENGALURU,,
50,theses,CMR Institute of Technology,ORG,CMR Institute of Technology,CMR_INSTITUTE_OF_TECHNOLOGY,,
50,theses,Bengaluru,GPE,Bengaluru,BENGALURU,,
51,theses,CMR Institute of Technology,ORG,CMR Institute of Technology,CMR_INSTITUTE_OF_TECHNOLOGY,,
51,theses,Bengaluru,GPE,Bengaluru,BENGALURU,,
52,theses,CMR Institute of Technology,ORG,CMR Institute of Technology,CMR_INSTITUTE_OF_TECHNOLOGY,,
52,theses,Bengaluru,GPE,Bengaluru,BENGALURU,,
53,theses,CMR Institute of Technology,ORG,CMR Institute of Technology,CMR_INSTITUTE_OF_TECHNOLOGY,,
53,theses,Bengaluru,GPE,Bengaluru,BENGALURU,,
54,theses,CMR Institute of Technology,ORG,CMR Institute of Technology,CMR_INSTITUTE_OF_TECHNOLOGY,,
54,theses,Bengaluru,GPE,Bengaluru,BENGALURU,,
55,theses,CMR Institute of Technology,ORG,CMR Institute of Technology,CMR_INSTITUTE_OF_TECHNOLOGY,,
55,theses,Bengaluru,GPE,Bengaluru,BENGALURU,,
56,theses,Karnataka,GPE,Karnataka,KARNATAKA,42,51
56,theses,CMR Institute of Technology,ORG,CMR Institute of Technology,CMR_INSTITUTE_OF_TECHNOLOGY,,
56,theses,Bengaluru,GPE,Bengaluru,BENGALURU,,
57,theses,CMR Institute of Technology,ORG,CMR Institute of Technology,CMR_INSTITUTE_OF_TECHNOLOGY,,
57,theses,Bengaluru,GPE,Bengaluru,BENGALURU,,
58,theses,CMR Institute of Technology,ORG,CMR Institute of Technology,CMR_INSTITUTE_OF_TECHNOLOGY,,
58,theses,Bengaluru,GPE,Bengaluru,BENGALURU,,
59,theses,CMR Institute of Technology,ORG,CMR Institute of Technology,CMR_INSTITUTE_OF_TECHNOLOGY,,
59,theses,Bengaluru,GPE,Bengaluru,BENGALURU,,
60,theses,CMR Institute of Technology,ORG,CMR Institute of Technology,CMR_INSTITUTE_OF_TECHNOLOGY,,
60,theses,Bengaluru,GPE,Bengaluru,BENGALURU,,
68,theses,CMR Institute of Technology,ORG,CMR Institute of Technology,CMR_INSTITUTE_OF_TECHNOLOGY,,
68,theses,Bengaluru,GPE,Bengaluru,BENGALURU,,
69,theses,CMR Institute of Technology,ORG,CMR Institute of Technology,CMR_INSTITUTE_OF_TECHNOLOGY,,
69,theses,Bengaluru,GPE,Bengaluru,BENGALURU,,
70,theses,CMR Institute of Technology,ORG,CMR Institute of Technology,CMR_INSTITUTE_OF_TECHNOLOGY,,
70,theses,Bengaluru,GPE,Bengaluru,BENGALURU,,
71,theses,CMR Institute of Technology,ORG,CMR Institute of Technology,CMR_INSTITUTE_OF_TECHNOLOGY,,
71,theses,Bengaluru,GPE,Bengaluru,BENGALURU,,
72,theses,CMR Institute of Technology,ORG,CMR Institute of Technology,CMR_INSTITUTE_OF_TECHNOLOGY,,
72,theses,Bengaluru,GPE,Bengaluru,BENGALURU,,
73,theses,CMR Institute of Technology,ORG,CMR Institute of Technology,CMR_INSTITUTE_OF_TECHNOLOGY,,
73,theses,Bengaluru,GPE,Bengaluru,BENGALURU,,
78,theses,CMR Institute of Technology,ORG,CMR Institute of Technology,CMR_INSTITUTE_OF_TECHNOLOGY,,
78,theses,Bengaluru,GPE,Bengaluru,BENGALURU,,
81,theses,India,GPE,India,INDIA,549,554
81,theses,Karnataka,GPE,Karnataka,KARNATAKA,745,754
81,theses,Dayananda Sagar College of Engineering,ORG,Dayananda Sagar College of Engineering,DAYANANDA_SAGAR_COLLEGE_OF_ENGINEERING,,
81,theses,Bengaluru,GPE,Bengaluru,BENGALURU,,
82,theses,Dayananda Sagar College of Engineering,ORG,Dayananda Sagar College of Engineering,DAYANANDA_SAGAR_COLLEGE_OF_ENGINEERING,,
82,theses,Bengaluru,GPE,Bengaluru,BENGALURU,,
83,theses,India,GPE,India,INDIA,651,656
83,theses,Dayananda Sagar College of Engineering,ORG,Dayananda Sagar College of Engineering,DAYANANDA_SAGAR_COLLEGE_OF_ENGINEERING,,
83,theses,Bengaluru,GPE,Bengaluru,BENGALURU,,
84,theses,Dayananda Sagar College of Engineering,ORG,Dayananda Sagar College of Engineering,DAYANANDA_SAGAR_COLLEGE_OF_ENGINEERING,,
84,theses,Bengaluru,GPE,Bengaluru,BENGALURU,,
85,theses,Dayananda Sagar College of Engineering,ORG,Dayananda Sagar College of Engineering,DAYANANDA_SAGAR_COLLEGE_OF_ENGINEERING,,
85,theses,Bengaluru,GPE,Bengaluru,BENGALURU,,
75,theses,CMR Institute of Technology,ORG,CMR Institute of Technology,CMR_INSTITUTE_OF_TECHNOLOGY,,
75,theses,Bengaluru,GPE,Bengaluru,BENGALURU,,
76,theses,CMR Institute of Technology,ORG,CMR Institute of Technology,CMR_INSTITUTE_OF_TECHNOLOGY,,
76,theses,Bengaluru,GPE,Bengaluru,BENGALURU,,
566,theses,Aerospace Engineering,DEPARTMENT,Aerospace Engineering,AEROSPACE_ENGINEERING,,
566,theses,Indian Institute of Science Bangalore,ORG,Indian Institute of Science Bangalore,INDIAN_INSTITUTE_OF_SCIENCE_BANGALORE,,
566,theses,Bengaluru,GPE,Bengaluru,BENGALURU,,
567,theses,Civil Engineering,DEPARTMENT,Civil Engineering,CIVIL_ENGINEERING,,
567,theses,Indian Institute of Science Bangalore,ORG,Indian Institute of Science Bangalore,INDIAN_INSTITUTE_OF_SCIENCE_BANGALORE,,
567,theses,Bengaluru,GPE,Bengaluru,BENGALURU,,
1177,theses,R V College of Engineering,ORG,R V College of Engineering,R_V_COLLEGE_OF_ENGINEERING,,
1177,theses,Bengaluru,GPE,Bengaluru,BENGALURU,,
86,theses,Dayananda Sagar College of Engineering,ORG,Dayananda Sagar College of Engineering,DAYANANDA_SAGAR_COLLEGE_OF_ENGINEERING,,
86,theses,Bengaluru,GPE,Bengaluru,BENGALURU,,
87,theses,Bengaluru,GPE,Bengaluru,BENGALURU,72,81
87,theses,Dayananda Sagar College of Engineering,ORG,Dayananda Sagar College of Engineering,DAYANANDA_SAGAR_COLLEGE_OF_ENGINEERING,,
89,theses,Dayananda Sagar College of Engineering,ORG,Dayananda Sagar College of Engineering,DAYANANDA_SAGAR_COLLEGE_OF_ENGINEERING,,
89,theses,Bengaluru,GPE,Bengaluru,BENGALURU,,
92,theses,Dayananda Sagar College of Engineering,ORG,Dayananda Sagar College of Engineering,DAYANANDA_SAGAR_COLLEGE_OF_ENGINEERING,,
92,theses,Bengaluru,GPE,Bengaluru,BENGALURU,,
1183,theses,R V College of Engineering,ORG,R V College of Engineering,R_V_COLLEGE_OF_ENGINEERING,,
1183,theses,Bengaluru,GPE,Bengaluru,BENGALURU,,
1,theses,B.M.S. College of Engineering,ORG,B.M.S. College of Engineering,BMS_COLLEGE_OF_ENGINEERING,,
1,theses,Bengaluru,GPE,Bengaluru,BENGALURU,,
88,theses,Dayananda Sagar College of Engineering,ORG,Dayananda Sagar College of Engineering,DAYANANDA_SAGAR_COLLEGE_OF_ENGINEERING,,
88,theses,Bengaluru,GPE,Bengaluru,BENGALURU,,
93,theses,2003,DATE,2003,,1376,1380
93,theses,2005,DATE,2005,,1388,1392
93,theses,2013,DATE,2013,,1400,1404
93,theses,2015,DATE,2015,,1412,1416
93,theses,Dayananda Sagar College of Engineering,ORG,Dayananda Sagar College of Engineering,DAYANANDA_SAGAR_COLLEGE_OF_ENGINEERING,,
93,theses,Bengaluru,GPE,Bengaluru,BENGALURU,,
569,theses,Centre for BioSystems Science and Engineering,DEPARTMENT,Centre for BioSystems Science and Engineering,CENTRE_FOR_BIOSYSTEMS_SCIENCE_AND_ENGINEERING,,
569,theses,Indian Institute of Science Bangalore,ORG,Indian Institute of Science Bangalore,INDIAN_INSTITUTE_OF_SCIENCE_BANGALORE,,
569,theses,Bengaluru,GPE,Bengaluru,BENGALURU,,
94,theses,bengaluru,GPE,Bengaluru,BENGALURU,124,133
94,theses,Bengaluru Urban,GPE,Bengaluru,BENGALURU,828,843
94,theses,Bengaluru urban,GPE,Bengaluru,BENGALURU,1177,1192
94,theses,Bengaluru,GPE,Bengaluru,BENGALURU,1381,1390
94,theses,Dayananda Sagar College of Engineering,ORG,Dayananda Sagar College of Engineering,DAYANANDA_SAGAR_COLLEGE_OF_ENGINEERING,,
95,theses,Dayananda Sagar College of Engineering,ORG,Dayananda Sagar College of Engineering,DAYANANDA_SAGAR_COLLEGE_OF_ENGINEERING,,
95,theses,Bengaluru,GPE,Bengaluru,BENGALURU,,
96,theses,Dayananda Sagar College of Engineering,ORG,Dayananda Sagar College of Engineering,DAYANANDA_SAGAR_COLLEGE_OF_ENGINEERING,,
96,theses,Bengaluru,GPE,Bengaluru,BENGALURU,,
97,theses,Dayananda Sagar College of Engineering,ORG,Dayananda Sagar College of Engineering,DAYANANDA_SAGAR_COLLEGE_OF_ENGINEERING,,
97,theses,Bengaluru,GPE,Bengaluru,BENGALURU,,
98,theses,Dayananda Sagar College of Engineering,ORG,Dayananda Sagar College of Engineering,DAYANANDA_SAGAR_COLLEGE_OF_ENGINEERING,,
98,theses,Bengaluru,GPE,Bengaluru,BENGALURU,,
1107,theses,R V College of Engineering,ORG,R V College of Engineering,R_V_COLLEGE_OF_ENGINEERING,,
1107,theses,Bengaluru,GPE,Bengaluru,BENGALURU,,
99,theses,Dayananda Sagar College of Engineering,ORG,Dayananda Sagar College of Engineering,DAYANANDA_SAGAR_COLLEGE_OF_ENGINEERING,,
99,theses,Bengaluru,GPE,Bengaluru,BENGALURU,,
100,theses,2014,DATE,2014,,1018,1022
100,theses,Dayananda Sagar College of Engineering,ORG,Dayananda Sagar College of Engineering,DAYANANDA_SAGAR_COLLEGE_OF_ENGINEERING,,
100,theses,Bengaluru,GPE,Bengaluru,BENGALURU,,
101,theses,physics,DEPARTMENT,Physics,PHYSICS,905,912
101,theses,Dayananda Sagar College of Engineering,ORG,Dayananda Sagar College of Engineering,DAYANANDA_SAGAR_COLLEGE_OF_ENGINEERING,,
101,theses,Bengaluru,GPE,Bengaluru,BENGALURU,,
102,theses,Dayananda Sagar College of Engineering,ORG,Dayananda Sagar College of Engineering,DAYANANDA_SAGAR_COLLEGE_OF_ENGINEERING,,
102,theses,Bengaluru,GPE,Bengaluru,BENGALURU,,
104,theses,Dayananda Sagar College of Engineering,ORG,Dayananda Sagar College of Engineering,DAYANANDA_SAGAR_COLLEGE_OF_ENGINEERING,,
104,theses,Bengaluru,GPE,Bengaluru,BENGALURU,,
103,theses,Dayananda Sagar College of Engineering,ORG,Dayananda Sagar College of Engineering,DAYANANDA_SAGAR_COLLEGE_OF_ENGINEERING,,
103,theses,Bengaluru,GPE,Bengaluru,BENGALURU,,
105,theses,Dayananda Sagar College of Engineering,ORG,Dayananda Sagar College of Engineering,DAYANANDA_SAGAR_COLLEGE_OF_ENGINEERING,,
105,theses,Bengaluru,GPE,Bengaluru,BENGALURU,,
106,theses,Dayananda Sagar College of Engineering,ORG,Dayananda Sagar College of Engineering,DAYANANDA_SAGAR_COLLEGE_OF_ENGINEERING,,
106,theses,Bengaluru,GPE,Bengaluru,BENGALURU,,
107,theses,Dayananda Sagar College of Engineering,ORG,Dayananda Sagar College of Engineering,DAYANANDA_SAGAR_COLLEGE_OF_ENGINEERING,,
107,theses,Bengaluru,GPE,Bengaluru,BENGALURU,,
108,theses,Dayananda Sagar College of Engineering,ORG,Dayananda Sagar College of Engineering,DAYANANDA_SAGAR_COLLEGE_OF_ENGINEERING,,
108,theses,Bengaluru,GPE,Bengaluru,BENGALURU,,
109,theses,Dayananda Sagar College of Engineering,ORG,Dayananda Sagar College of Engineering,DAYANANDA_SAGAR_COLLEGE_OF_ENGINEERING,,
109,theses,Bengaluru,GPE,Bengaluru,BENGALURU,,
644,theses,Civil Engineering,DEPARTMENT,Civil Engineering,CIVIL_ENGINEERING,,
644,theses,Indian Institute of Science Bangalore,ORG,Indian Institute of Science Bangalore,INDIAN_INSTITUTE_OF_SCIENCE_BANGALORE,,
644,theses,Bengaluru,GPE,Bengaluru,BENGALURU,,
110,theses,Bangalore urban,GPE,Bengaluru,BENGALURU,70,85
110,theses,Dayananda Sagar College of Engineering,ORG,Dayananda Sagar College of Engineering,DAYANANDA_SAGAR_COLLEGE_OF_ENGINEERING,,
111,theses,physics,DEPARTMENT,Physics,PHYSICS,387,394
111,theses,Dayananda Sagar College of Engineering,ORG,Dayananda Sagar College of Engineering,DAYANANDA_SAGAR_COLLEGE_OF_ENGINEERING,,
111,theses,Bengaluru,GPE,Bengaluru,BENGALURU,,
112,theses,Dayananda Sagar College of Engineering,ORG,Dayananda Sagar College of Engineering,DAYANANDA_SAGAR_COLLEGE_OF_ENGINEERING,,
112,theses,Bengaluru,GPE,Bengaluru,BENGALURU,,
113,theses,Dayananda Sagar College of Engineering,ORG,Dayananda Sagar College of Engineering,DAYANANDA_SAGAR_COLLEGE_OF_ENGINEERING,,
113,theses,Bengaluru,GPE,Bengaluru,BENGALURU,,
115,theses,Dayananda Sagar College of Engineering,ORG,Dayananda Sagar College of Engineering,DAYANANDA_SAGAR_COLLEGE_OF_ENGINEERING,,
115,theses,Bengaluru,GPE,Bengaluru,BENGALURU,,
114,theses,Dayananda Sagar College of Engineering,ORG,Dayananda Sagar College of Engineering,DAYANANDA_SAGAR_COLLEGE_OF_ENGINEERING,,
114,theses,Bengaluru,GPE,Bengaluru,BENGALURU,,
116,theses,Dayananda Sagar College of Engineering,ORG,Dayananda Sagar College of Engineering,DAYANANDA_SAGAR_COLLEGE_OF_ENGINEERING,,
116,theses,Bengaluru,GPE,Bengaluru,BENGALURU,,
117,theses,Dayananda Sagar College of Engineering,ORG,Dayananda Sagar College of Engineering,DAYANANDA_SAGAR_COLLEGE_OF_ENGINEERING,,
117,theses,Bengaluru,GPE,Bengaluru,BENGALURU,,
118,theses,Materials Engineering,DEPARTMENT,Materials Engineering,MATERIALS_ENGINEERING,,
118,theses,Indian Institute of Science Bangalore,ORG,Indian Institute of Science Bangalore,INDIAN_INSTITUTE_OF_SCIENCE_BANGALORE,,
118,theses,Bengaluru,GPE,Bengaluru,BENGALURU,,
119,theses,Mechanical Engineering,DEPARTMENT,Mechanical Engineering,MECHANICAL_ENGINEERING,,
119,theses,Indian Institute of Science Bangalore,ORG,Indian Institute of Science Bangalore,INDIAN_INSTITUTE_OF_SCIENCE_BANGALORE,,
119,theses,Bengaluru,GPE,Bengaluru,BENGALURU,,
1079,theses,Faculty of Management Studies,DEPARTMENT,Faculty of Management Studies,FACULTY_OF_MANAGEMENT_STUDIES,,
1079,theses,PES University,ORG,PES University,PES_UNIVERSITY,,
1079,theses,Bengaluru,GPE,Bengaluru,BENGALURU,,
120,theses,Electrical Engineering,DEPARTMENT,Electrical Engineering,ELECTRICAL_ENGINEERING,,
120,theses,Indian Institute of Science Bangalore,ORG,Indian Institute of Science Bangalore,INDIAN_INSTITUTE_OF_SCIENCE_BANGALORE,,
120,theses,Bengaluru,GPE,Bengaluru,BENGALURU,,
121,theses,Centre for Product Design and Manufacturing,DEPARTMENT,Centre for Product Design and Manufacturing,CENTRE_FOR_PRODUCT_DESIGN_AND_MANUFACTURING,,
121,theses,Indian Institute of Science Bangalore,ORG,Indian Institute of Science Bangalore,INDIAN_INSTITUTE_OF_SCIENCE_BANGALORE,,
121,theses,Bengaluru,GPE,Bengaluru,BENGALURU,,
122,theses,Civil Engineering,DEPARTMENT,Civil Engineering,CIVIL_ENGINEERING,,
122,theses,Indian Institute of Science Bangalore,ORG,Indian Institute of Science Bangalore,INDIAN_INSTITUTE_OF_SCIENCE_BANGALORE,,
122,theses,Bengaluru,GPE,Bengaluru,BENGALURU,,
123,theses,Electronic Systems Engineering,DEPARTMENT,Electronic Systems Engineering,ELECTRONIC_SYSTEMS_ENGINEERING,,
123,theses,Indian Institute of Science Bangalore,ORG,Indian Institute of Science Bangalore,INDIAN_INSTITUTE_OF_SCIENCE_BANGALORE,,
123,theses,Bengaluru,GPE,Bengaluru,BENGALURU,,
573,theses,Centre for BioSystems Science and Engineering,DEPARTMENT,Centre for BioSystems Science and Engineering,CENTRE_FOR_BIOSYSTEMS_SCIENCE_AND_ENGINEERING,,
573,theses,Indian Institute of Science Bangalore,ORG,Indian Institute of Science Bangalore,INDIAN_INSTITUTE_OF_SCIENCE_BANGALORE,,
573,theses,Bengaluru,GPE,Bengaluru,BENGALURU,,
574,theses,Computer Science and Automation,DEPARTMENT,Computer Science and Automation,COMPUTER_SCIENCE_AND_AUTOMATION,,
574,theses,Indian Institute of Science Bangalore,ORG,Indian Institute of Science Bangalore,INDIAN_INSTITUTE_OF_SCIENCE_BANGALORE,,
574,theses,Bengaluru,GPE,Bengaluru,BENGALURU,,
124,theses,Mechanical Engineering,DEPARTMENT,Mechanical Engineering,MECHANICAL_ENGINEERING,,
124,theses,Indian Institute of Science Bangalore,ORG,Indian Institute of Science Bangalore,INDIAN_INSTITUTE_OF_SCIENCE_BANGALORE,,
124,theses,Bengaluru,GPE,Bengaluru,BENGALURU,,
125,theses,Aerospace Engineering,DEPARTMENT,Aerospace Engineering,AEROSPACE_ENGINEERING,,
125,theses,Indian Institute of Science Bangalore,ORG,Indian Institute of Science Bangalore,INDIAN_INSTITUTE_OF_SCIENCE_BANGALORE,,
125,theses,Bengaluru,GPE,Bengaluru,BENGALURU,,
126,theses,Mechanical Engineering,DEPARTMENT,Mechanical Engineering,MECHANICAL_ENGINEERING,,
126,theses,Indian Institute of Science Bangalore,ORG,Indian Institute of Science Bangalore,INDIAN_INSTITUTE_OF_SCIENCE_BANGALORE,,
126,theses,Bengaluru,GPE,Bengaluru,BENGALURU,,
127,theses,2015,DATE,2015,,1423,1427
127,theses,2015,DATE,2015,,1651,1655
127,theses,Aerospace Engineering,DEPARTMENT,Aerospace Engineering,AEROSPACE_ENGINEERING,,
127,theses,Indian Institute of Science Bangalore,ORG,Indian Institute of Science Bangalore,INDIAN_INSTITUTE_OF_SCIENCE_BANGALORE,,
127,theses,Bengaluru,GPE,Bengaluru,BENGALURU,,
128,theses,Centre for Product Design and Manufacturing,DEPARTMENT,Centre for Product Design and Manufacturing,CENTRE_FOR_PRODUCT_DESIGN_AND_MANUFACTURING,,
128,theses,Indian Institute of Science Bangalore,ORG,Indian Institute of Science Bangalore,INDIAN_INSTITUTE_OF_SCIENCE_BANGALORE,,
128,theses,Bengaluru,GPE,Bengaluru,BENGALURU,,
129,theses,Electrical Communication Engineering,DEPARTMENT,Electrical Communication Engineering,ELECTRICAL_COMMUNICATION_ENGINEERING,,
129,theses,Indian Institute of Science Bangalore,ORG,Indian Institute of Science Bangalore,INDIAN_INSTITUTE_OF_SCIENCE_BANGALORE,,
129,theses,Bengaluru,GPE,Bengaluru,BENGALURU,,
130,theses,Aerospace Engineering,DEPARTMENT,Aerospace Engineering,AEROSPACE_ENGINEERING,,
130,theses,Indian Institute of Science Bangalore,ORG,Indian Institute of Science Bangalore,INDIAN_INSTITUTE_OF_SCIENCE_BANGALORE,,
130,theses,Bengaluru,GPE,Bengaluru,BENGALURU,,
131,theses,Materials Engineering,DEPARTMENT,Materials Engineering,MATERIALS_ENGINEERING,,
131,theses,Indian Institute of Science Bangalore,ORG,Indian Institute of Science Bangalore,INDIAN_INSTITUTE_OF_SCIENCE_BANGALORE,,
131,theses,Bengaluru,GPE,Bengaluru,BENGALURU,,
132,theses,Centre for Nano Science and Engineering,DEPARTMENT,Centre for Nano Science and Engineering,CENTRE_FOR_NANO_SCIENCE_AND_ENGINEERING,,
132,theses,Indian Institute of Science Bangalore,ORG,Indian Institute of Science Bangalore,INDIAN_INSTITUTE_OF_SCIENCE_BANGALORE,,
132,theses,Bengaluru,GPE,Bengaluru,BENGALURU,,
133,theses,Electrical Engineering,DEPARTMENT,Electrical Engineering,ELECTRICAL_ENGINEERING,,
133,theses,Indian Institute of Science Bangalore,ORG,Indian Institute of Science Bangalore,INDIAN_INSTITUTE_OF_SCIENCE_BANGALORE,,
133,theses,Bengaluru,GPE,Bengaluru,BENGALURU,,
134,theses,India,GPE,India,INDIA,1464,1469
134,theses,Civil Engineering,DEPARTMENT,Civil Engineering,CIVIL_ENGINEERING,,
134,theses,Indian Institute of Science Bangalore,ORG,Indian Institute of Science Bangalore,INDIAN_INSTITUTE_OF_SCIENCE_BANGALORE,,
134,theses,Bengaluru,GPE,Bengaluru,BENGALURU,,
575,theses,Materials Engineering,DEPARTMENT,Materials Engineering,MATERIALS_ENGINEERING,,
575,theses,Indian Institute of Science Bangalore,ORG,Indian Institute of Science Bangalore,INDIAN_INSTITUTE_OF_SCIENCE_BANGALORE,,
575,theses,Bengaluru,GPE,Bengaluru,BENGALURU,,
576,theses,Electrical Engineering,DEPARTMENT,Electrical Engineering,ELECTRICAL_ENGINEERING,,
576,theses,Indian Institute of Science Bangalore,ORG,Indian Institute of Science Bangalore,INDIAN_INSTITUTE_OF_SCIENCE_BANGALORE,,
576,theses,Bengaluru,GPE,Bengaluru,BENGALURU,,
135,theses,Chemical Engineering,DEPARTMENT,Chemical Engineering,CHEMICAL_ENGINEERING,,
135,theses,Indian Institute of Science Bangalore,ORG,Indian Institute of Science Bangalore,INDIAN_INSTITUTE_OF_SCIENCE_BANGALORE,,
135,theses,Bengaluru,GPE,Bengaluru,BENGALURU,,
136,theses,2006,DATE,2006,,1397,1401
136,theses,Aerospace Engineering,DEPARTMENT,Aerospace Engineering,AEROSPACE_ENGINEERING,,
136,theses,Indian Institute of Science Bangalore,ORG,Indian Institute of Science Bangalore,INDIAN_INSTITUTE_OF_SCIENCE_BANGALORE,,
136,theses,Bengaluru,GPE,Bengaluru,BENGALURU,,
137,theses,Materials Research Centre,DEPARTMENT,Materials Research Centre,MATERIALS_RESEARCH_CENTRE,,
137,theses,Indian Institute of Science Bangalore,ORG,Indian Institute of Science Bangalore,INDIAN_INSTITUTE_OF_SCIENCE_BANGALORE,,
137,theses,Bengaluru,GPE,Bengaluru,BENGALURU,,
138,theses,Materials Engineering,DEPARTMENT,Materials Engineering,MATERIALS_ENGINEERING,,
138,theses,Indian Institute of Science Bangalore,ORG,Indian Institute of Science Bangalore,INDIAN_INSTITUTE_OF_SCIENCE_BANGALORE,,
138,theses,Bengaluru,GPE,Bengaluru,BENGALURU,,
139,theses,Electrical Communication Engineering,DEPARTMENT,Electrical Communication Engineering,ELECTRICAL_COMMUNICATION_ENGINEERING,,
139,theses,Indian Institute of Science Bangalore,ORG,Indian Institute of Science Bangalore,INDIAN_INSTITUTE_OF_SCIENCE_BANGALORE,,
139,theses,Bengaluru,GPE,Bengaluru,BENGALURU,,
140,theses,Electrical Communication Engineering,DEPARTMENT,Electrical Communication Engineering,ELECTRICAL_COMMUNICATION_ENGINEERING,,
140,theses,Indian Institute of Science Bangalore,ORG,Indian Institute of Science Bangalore,INDIAN_INSTITUTE_OF_SCIENCE_BANGALORE,,
140,theses,Bengaluru,GPE,Bengaluru,BENGALURU,,
141,theses,Centre for Nano Science and Engineering,DEPARTMENT,Centre for Nano Science and Engineering,CENTRE_FOR_NANO_SCIENCE_AND_ENGINEERING,,
141,theses,Indian Institute of Science Bangalore,ORG,Indian Institute of Science Bangalore,INDIAN_INSTITUTE_OF_SCIENCE_BANGALORE,,
141,theses,Bengaluru,GPE,Bengaluru,BENGALURU,,
142,theses,Computational and Data Sciences,DEPARTMENT,Computational and Data Sciences,COMPUTATIONAL_AND_DATA_SCIENCES,,
142,theses,Indian Institute of Science Bangalore,ORG,Indian Institute of Science Bangalore,INDIAN_INSTITUTE_OF_SCIENCE_BANGALORE,,
142,theses,Bengaluru,GPE,Bengaluru,BENGALURU,,
143,theses,Electrical Engineering,DEPARTMENT,Electrical Engineering,ELECTRICAL_ENGINEERING,,
143,theses,Indian Institute of Science Bangalore,ORG,Indian Institute of Science Bangalore,INDIAN_INSTITUTE_OF_SCIENCE_BANGALORE,,
143,theses,Bengaluru,GPE,Bengaluru,BENGALURU,,
144,theses,1970,DATE,1970,,350,354
144,theses,2002,DATE,2002,,358,362
144,theses,Electrical Engineering,DEPARTMENT,Electrical Engineering,ELECTRICAL_ENGINEERING,,
144,theses,Indian Institute of Science Bangalore,ORG,Indian Institute of Science Bangalore,INDIAN_INSTITUTE_OF_SCIENCE_BANGALORE,,
144,theses,Bengaluru,GPE,Bengaluru,BENGALURU,,
145,theses,civil engineering,DEPARTMENT,Civil Engineering,CIVIL_ENGINEERING,151,168
145,theses,Indian Institute of Science Bangalore,ORG,Indian Institute of Science Bangalore,INDIAN_INSTITUTE_OF_SCIENCE_BANGALORE,,
145,theses,Bengaluru,GPE,Bengaluru,BENGALURU,,
146,theses,Electrical Engineering,DEPARTMENT,Electrical Engineering,ELECTRICAL_ENGINEERING,,
146,theses,Indian Institute of Science Bangalore,ORG,Indian Institute of Science Bangalore,INDIAN_INSTITUTE_OF_SCIENCE_BANGALORE,,
146,theses,Bengaluru,GPE,Bengaluru,BENGALURU,,
579,theses,Centre for Nano Science and Engineering,DEPARTMENT,Centre for Nano Science and Engineering,CENTRE_FOR_NANO_SCIENCE_AND_ENGINEERING,,
579,theses,Indian Institute of Science Bangalore,ORG,Indian Institute of Science Bangalore,INDIAN_INSTITUTE_OF_SCIENCE_BANGALORE,,
579,theses,Bengaluru,GPE,Bengaluru,BENGALURU,,
580,theses,Electrical Communication Engineering,DEPARTMENT,Electrical Communication Engineering,ELECTRICAL_COMMUNICATION_ENGINEERING,,
580,theses,Indian Institute of Science Bangalore,ORG,Indian Institute of Science Bangalore,INDIAN_INSTITUTE_OF_SCIENCE_BANGALORE,,
580,theses,Bengaluru,GPE,Bengaluru,BENGALURU,,
147,theses,Electrical Engineering,DEPARTMENT,Electrical Engineering,ELECTRICAL_ENGINEERING,,
147,theses,Indian Institute of Science Bangalore,ORG,Indian Institute of Science Bangalore,INDIAN_INSTITUTE_OF_SCIENCE_BANGALORE,,
147,theses,Bengaluru,GPE,Bengaluru,BENGALURU,,
148,theses,Materials Research Centre,DEPARTMENT,Materials Research Centre,MATERIALS_RESEARCH_CENTRE,,
148,theses,Indian Institute of Science Bangalore,ORG,Indian Institute of Science Bangalore,INDIAN_INSTITUTE_OF_SCIENCE_BANGALORE,,
148,theses,Bengaluru,GPE,Bengaluru,BENGALURU,,
150,theses,Electrical Engineering,DEPARTMENT,Electrical Engineering,ELECTRICAL_ENGINEERING,,
150,theses,Indian Institute of Science Bangalore,ORG,Indian Institute of Science Bangalore,INDIAN_INSTITUTE_OF_SCIENCE_BANGALORE,,
150,theses,Bengaluru,GPE,Bengaluru,BENGALURU,,
151,theses,Materials Research Centre,DEPARTMENT,Materials Research Centre,MATERIALS_RESEARCH_CENTRE,,
151,theses,Indian Institute of Science Bangalore,ORG,Indian Institute of Science Bangalore,INDIAN_INSTITUTE_OF_SCIENCE_BANGALORE,,
151,theses,Bengaluru,GPE,Bengaluru,BENGALURU,,
152,theses,Aerospace Engineering,DEPARTMENT,Aerospace Engineering,AEROSPACE_ENGINEERING,,
152,theses,Indian Institute of Science Bangalore,ORG,Indian Institute of Science Bangalore,INDIAN_INSTITUTE_OF_SCIENCE_BANGALORE,,
152,theses,Bengaluru,GPE,Bengaluru,BENGALURU,,
153,theses,Civil Engineering,DEPARTMENT,Civil Engineering,CIVIL_ENGINEERING,,
153,theses,Indian Institute of Science Bangalore,ORG,Indian Institute of Science Bangalore,INDIAN_INSTITUTE_OF_SCIENCE_BANGALORE,,
153,theses,Bengaluru,GPE,Bengaluru,BENGALURU,,
154,theses,Centre for Nano Science and Engineering,DEPARTMENT,Centre for Nano Science and Engineering,CENTRE_FOR_NANO_SCIENCE_AND_ENGINEERING,,
154,theses,Indian Institute of Science Bangalore,ORG,Indian Institute of Science Bangalore,INDIAN_INSTITUTE_OF_SCIENCE_BANGALORE,,
154,theses,Bengaluru,GPE,Bengaluru,BENGALURU,,
155,theses,Civil Engineering,DEPARTMENT,Civil Engineering,CIVIL_ENGINEERING,,
155,theses,Indian Institute of Science Bangalore,ORG,Indian Institute of Science Bangalore,INDIAN_INSTITUTE_OF_SCIENCE_BANGALORE,,
155,theses,Bengaluru,GPE,Bengaluru,BENGALURU,,
156,theses,Materials Engineering,DEPARTMENT,Materials Engineering,MATERIALS_ENGINEERING,,
156,theses,Indian Institute of Science Bangalore,ORG,Indian Institute of Science Bangalore,INDIAN_INSTITUTE_OF_SCIENCE_BANGALORE,,
156,theses,Bengaluru,GPE,Bengaluru,BENGALURU,,
157,theses,Civil Engineering,DEPARTMENT,Civil Engineering,CIVIL_ENGINEERING,,
157,theses,Indian Institute of Science Bangalore,ORG,Indian Institute of Science Bangalore,INDIAN_INSTITUTE_OF_SCIENCE_BANGALORE,,
157,theses,Bengaluru,GPE,Bengaluru,BENGALURU,,
158,theses,Electrical Communication Engineering,DEPARTMENT,Electrical Communication Engineering,ELECTRICAL_COMMUNICATION_ENGINEERING,,
158,theses,Indian Institute of Science Bangalore,ORG,Indian Institute of Science Bangalore,INDIAN_INSTITUTE_OF_SCIENCE_BANGALORE,,
158,theses,Bengaluru,GPE,Bengaluru,BENGALURU,,
159,theses,Electrical Engineering,DEPARTMENT,Electrical Engineering,ELECTRICAL_ENGINEERING,,
159,theses,Indian Institute of Science Bangalore,ORG,Indian Institute of Science Bangalore,INDIAN_INSTITUTE_OF_SCIENCE_BANGALORE,,
159,theses,Bengaluru,GPE,Bengaluru,BENGALURU,,
160,theses,physics,DEPARTMENT,Physics,PHYSICS,455,462
160,theses,India,GPE,India,INDIA,657,662
160,theses,India,GPE,India,INDIA,779,784
160,theses,India,GPE,India,INDIA,789,794
160,theses,India,GPE,India,INDIA,2020,2025
160,theses,Civil Engineering,DEPARTMENT,Civil Engineering,CIVIL_ENGINEERING,,
160,theses,Indian Institute of Science Bangalore,ORG,Indian Institute of Science Bangalore,INDIAN_INSTITUTE_OF_SCIENCE_BANGALORE,,
160,theses,Bengaluru,GPE,Bengaluru,BENGALURU,,
161,theses,Aerospace Engineering,DEPARTMENT,Aerospace Engineering,AEROSPACE_ENGINEERING,,
161,theses,Indian Institute of Science Bangalore,ORG,Indian Institute of Science Bangalore,INDIAN_INSTITUTE_OF_SCIENCE_BANGALORE,,
161,theses,Bengaluru,GPE,Bengaluru,BENGALURU,,
162,theses,Electronic Systems Engineering,DEPARTMENT,Electronic Systems Engineering,ELECTRONIC_SYSTEMS_ENGINEERING,,
162,theses,Indian Institute of Science Bangalore,ORG,Indian Institute of Science Bangalore,INDIAN_INSTITUTE_OF_SCIENCE_BANGALORE,,
162,theses,Bengaluru,GPE,Bengaluru,BENGALURU,,
2,theses,B.M.S. College of Engineering,ORG,B.M.S. College of Engineering,BMS_COLLEGE_OF_ENGINEERING,,
2,theses,Bengaluru,GPE,Bengaluru,BENGALURU,,
163,theses,2017,DATE,2017,,1286,1290
163,theses,2019,DATE,2019,,1674,1678
163,theses,Electrical Communication Engineering,DEPARTMENT,Electrical Communication Engineering,ELECTRICAL_COMMUNICATION_ENGINEERING,,
163,theses,Indian Institute of Science Bangalore,ORG,Indian Institute of Science Bangalore,INDIAN_INSTITUTE_OF_SCIENCE_BANGALORE,,
163,theses,Bengaluru,GPE,Bengaluru,BENGALURU,,
164,theses,Electrical Communication Engineering,DEPARTMENT,Electrical Communication Engineering,ELECTRICAL_COMMUNICATION_ENGINEERING,,
164,theses,Indian Institute of Science Bangalore,ORG,Indian Institute of Science Bangalore,INDIAN_INSTITUTE_OF_SCIENCE_BANGALORE,,
164,theses,Bengaluru,GPE,Bengaluru,BENGALURU,,
582,theses,Electrical Engineering,DEPARTMENT,Electrical Engineering,ELECTRICAL_ENGINEERING,,
582,theses,Indian Institute of Science Bangalore,ORG,Indian Institute of Science Bangalore,INDIAN_INSTITUTE_OF_SCIENCE_BANGALORE,,
582,theses,Bengaluru,GPE,Bengaluru,BENGALURU,,
645,theses,Electrical Communication Engineering,DEPARTMENT,Electrical Communication Engineering,ELECTRICAL_COMMUNICATION_ENGINEERING,,
645,theses,Indian Institute of Science Bangalore,ORG,Indian Institute of Science Bangalore,INDIAN_INSTITUTE_OF_SCIENCE_BANGALORE,,
645,theses,Bengaluru,GPE,Bengaluru,BENGALURU,,
165,theses,Mechanical Engineering,DEPARTMENT,Mechanical Engineering,MECHANICAL_ENGINEERING,,
165,theses,Indian Institute of Science Bangalore,ORG,Indian Institute of Science Bangalore,INDIAN_INSTITUTE_OF_SCIENCE_BANGALORE,,
165,theses,Bengaluru,GPE,Bengaluru,BENGALURU,,
166,theses,Electrical Engineering,DEPARTMENT,Electrical Engineering,ELECTRICAL_ENGINEERING,,
166,theses,Indian Institute of Science Bangalore,ORG,Indian Institute of Science Bangalore,INDIAN_INSTITUTE_OF_SCIENCE_BANGALORE,,
166,theses,Bengaluru,GPE,Bengaluru,BENGALURU,,
167,theses,IISc,ORG,Indian Institute of Science Bangalore,INDIAN_INSTITUTE_OF_SCIENCE_BANGALORE,47,51
167,theses,Aerospace Engineering,DEPARTMENT,Aerospace Engineering,AEROSPACE_ENGINEERING,,
167,theses,Bengaluru,GPE,Bengaluru,BENGALURU,,
168,theses,Centre for BioSystems Science and Engineering,DEPARTMENT,Centre for BioSystems Science and Engineering,CENTRE_FOR_BIOSYSTEMS_SCIENCE_AND_ENGINEERING,,
168,theses,Indian Institute of Science Bangalore,ORG,Indian Institute of Science Bangalore,INDIAN_INSTITUTE_OF_SCIENCE_BANGALORE,,
168,theses,Bengaluru,GPE,Bengaluru,BENGALURU,,
170,theses,Aerospace Engineering,DEPARTMENT,Aerospace Engineering,AEROSPACE_ENGINEERING,,
170,theses,Indian Institute of Science Bangalore,ORG,Indian Institute of Science Bangalore,INDIAN_INSTITUTE_OF_SCIENCE_BANGALORE,,
170,theses,Bengaluru,GPE,Bengaluru,BENGALURU,,
3,theses,B.M.S. College of Engineering,ORG,B.M.S. College of Engineering,BMS_COLLEGE_OF_ENGINEERING,,
3,theses,Bengaluru,GPE,Bengaluru,BENGALURU,,
171,theses,Centre for Nano Science and Engineering,DEPARTMENT,Centre for Nano Science and Engineering,CENTRE_FOR_NANO_SCIENCE_AND_ENGINEERING,,
171,theses,Indian Institute of Science Bangalore,ORG,Indian Institute of Science Bangalore,INDIAN_INSTITUTE_OF_SCIENCE_BANGALORE,,
171,theses,Bengaluru,GPE,Bengaluru,BENGALURU,,
172,theses,Karnataka,GPE,Karnataka,KARNATAKA,102,111
172,theses,India,GPE,India,INDIA,112,117
172,theses,Karnataka,GPE,Karnataka,KARNATAKA,1639,1648
172,theses,India,GPE,India,INDIA,1652,1657
172,theses,Karnataka,GPE,Karnataka,KARNATAKA,1727,1736
172,theses,Civil Engineering,DEPARTMENT,Civil Engineering,CIVIL_ENGINEERING,,
172,theses,Indian Institute of Science Bangalore,ORG,Indian Institute of Science Bangalore,INDIAN_INSTITUTE_OF_SCIENCE_BANGALORE,,
172,theses,Bengaluru,GPE,Bengaluru,BENGALURU,,
610,theses,Centre for Product Design and Manufacturing,DEPARTMENT,Centre for Product Design and Manufacturing,CENTRE_FOR_PRODUCT_DESIGN_AND_MANUFACTURING,,
610,theses,Indian Institute of Science Bangalore,ORG,Indian Institute of Science Bangalore,INDIAN_INSTITUTE_OF_SCIENCE_BANGALORE,,
610,theses,Bengaluru,GPE,Bengaluru,BENGALURU,,
173,theses,Aerospace Engineering,DEPARTMENT,Aerospace Engineering,AEROSPACE_ENGINEERING,,
173,theses,Indian Institute of Science Bangalore,ORG,Indian Institute of Science Bangalore,INDIAN_INSTITUTE_OF_SCIENCE_BANGALORE,,
173,theses,Bengaluru,GPE,Bengaluru,BENGALURU,,
174,theses,Electrical Engineering,DEPARTMENT,Electrical Engineering,ELECTRICAL_ENGINEERING,,
174,theses,Indian Institute of Science Bangalore,ORG,Indian Institute of Science Bangalore,INDIAN_INSTITUTE_OF_SCIENCE_BANGALORE,,
174,theses,Bengaluru,GPE,Bengaluru,BENGALURU,,
175,theses,Materials Engineering,DEPARTMENT,Materials Engineering,MATERIALS_ENGINEERING,,
175,theses,Indian Institute of Science Bangalore,ORG,Indian Institute of Science Bangalore,INDIAN_INSTITUTE_OF_SCIENCE_BANGALORE,,
175,theses,Bengaluru,GPE,Bengaluru,BENGALURU,,
176,theses,Materials Research Centre,DEPARTMENT,Materials Research Centre,MATERIALS_RESEARCH_CENTRE,,
176,theses,Indian Institute of Science Bangalore,ORG,Indian Institute of Science Bangalore,INDIAN_INSTITUTE_OF_SCIENCE_BANGALORE,,
176,theses,Bengaluru,GPE,Bengaluru,BENGALURU,,
177,theses,India,GPE,India,INDIA,28,33
177,theses,India,GPE,India,INDIA,1101,1106
177,theses,India,GPE,India,INDIA,1926,1931
177,theses,1996,DATE,1996,,1365,1369
177,theses,2016,DATE,2016,,1373,1377
177,theses,2011,DATE,2011,,2008,2012
177,theses,2016,DATE,2016,,2016,2020
177,theses,Management Studies,DEPARTMENT,Management Studies,MANAGEMENT_STUDIES,,
177,theses,Indian Institute of Science Bangalore,ORG,Indian Institute of Science Bangalore,INDIAN_INSTITUTE_OF_SCIENCE_BANGALORE,,
177,theses,Bengaluru,GPE,Bengaluru,BENGALURU,,
178,theses,Materials Engineering,DEPARTMENT,Materials Engineering,MATERIALS_ENGINEERING,,
178,theses,Indian Institute of Science Bangalore,ORG,Indian Institute of Science Bangalore,INDIAN_INSTITUTE_OF_SCIENCE_BANGALORE,,
178,theses,Bengaluru,GPE,Bengaluru,BENGALURU,,
179,theses,Aerospace Engineering,DEPARTMENT,Aerospace Engineering,AEROSPACE_ENGINEERING,,
179,theses,Indian Institute of Science Bangalore,ORG,Indian Institute of Science Bangalore,INDIAN_INSTITUTE_OF_SCIENCE_BANGALORE,,
179,theses,Bengaluru,GPE,Bengaluru,BENGALURU,,
180,theses,Aerospace Engineering,DEPARTMENT,Aerospace Engineering,AEROSPACE_ENGINEERING,,
180,theses,Indian Institute of Science Bangalore,ORG,Indian Institute of Science Bangalore,INDIAN_INSTITUTE_OF_SCIENCE_BANGALORE,,
180,theses,Bengaluru,GPE,Bengaluru,BENGALURU,,
612,theses,Electrical Communication Engineering,DEPARTMENT,Electrical Communication Engineering,ELECTRICAL_COMMUNICATION_ENGINEERING,,
612,theses,Indian Institute of Science Bangalore,ORG,Indian Institute of Science Bangalore,INDIAN_INSTITUTE_OF_SCIENCE_BANGALORE,,
612,theses,Bengaluru,GPE,Bengaluru,BENGALURU,,
613,theses,Centre for Product Design and Manufacturing,DEPARTMENT,Centre for Product Design and Manufacturing,CENTRE_FOR_PRODUCT_DESIGN_AND_MANUFACTURING,,
613,theses,Indian Institute of Science Bangalore,ORG,Indian Institute of Science Bangalore,INDIAN_INSTITUTE_OF_SCIENCE_BANGALORE,,
613,theses,Bengaluru,GPE,Bengaluru,BENGALURU,,
1115,theses,R V College of Engineering,ORG,R V College of Engineering,R_V_COLLEGE_OF_ENGINEERING,,
1115,theses,Bengaluru,GPE,Bengaluru,BENGALURU,,
181,theses,Materials Research Centre,DEPARTMENT,Materials Research Centre,MATERIALS_RESEARCH_CENTRE,,
181,theses,Indian Institute of Science Bangalore,ORG,Indian Institute of Science Bangalore,INDIAN_INSTITUTE_OF_SCIENCE_BANGALORE,,
181,theses,Bengaluru,GPE,Bengaluru,BENGALURU,,
182,theses,Centre for Earth Sciences,DEPARTMENT,Centre for Earth Sciences,CENTRE_FOR_EARTH_SCIENCES,,
182,theses,Indian Institute of Science Bangalore,ORG,Indian Institute of Science Bangalore,INDIAN_INSTITUTE_OF_SCIENCE_BANGALORE,,
182,theses,Bengaluru,GPE,Bengaluru,BENGALURU,,
183,theses,Instrumentaion and Applied Physics,DEPARTMENT,Instrumentaion and Applied Physics,INSTRUMENTAION_AND_APPLIED_PHYSICS,,
183,theses,Indian Institute of Science Bangalore,ORG,Indian Institute of Science Bangalore,INDIAN_INSTITUTE_OF_SCIENCE_BANGALORE,,
183,theses,Bengaluru,GPE,Bengaluru,BENGALURU,,
614,theses,Mechanical Engineering,DEPARTMENT,Mechanical Engineering,MECHANICAL_ENGINEERING,,
614,theses,Indian Institute of Science Bangalore,ORG,Indian Institute of Science Bangalore,INDIAN_INSTITUTE_OF_SCIENCE_BANGALORE,,
614,theses,Bengaluru,GPE,Bengaluru,BENGALURU,,
615,theses,Electronic Systems Engineering,DEPARTMENT,Electronic Systems Engineering,ELECTRONIC_SYSTEMS_ENGINEERING,,
615,theses,Indian Institute of Science Bangalore,ORG,Indian Institute of Science Bangalore,INDIAN_INSTITUTE_OF_SCIENCE_BANGALORE,,
615,theses,Bengaluru,GPE,Bengaluru,BENGALURU,,
616,theses,Chemical Engineering,DEPARTMENT,Chemical Engineering,CHEMICAL_ENGINEERING,,
616,theses,Indian Institute of Science Bangalore,ORG,Indian Institute of Science Bangalore,INDIAN_INSTITUTE_OF_SCIENCE_BANGALORE,,
616,theses,Bengaluru,GPE,Bengaluru,BENGALURU,,
184,theses,Electronic Systems Engineering,DEPARTMENT,Electronic Systems Engineering,ELECTRONIC_SYSTEMS_ENGINEERING,,
184,theses,Indian Institute of Science Bangalore,ORG,Indian Institute of Science Bangalore,INDIAN_INSTITUTE_OF_SCIENCE_BANGALORE,,
184,theses,Bengaluru,GPE,Bengaluru,BENGALURU,,
185,theses,Electronic Systems Engineering,DEPARTMENT,Electronic Systems Engineering,ELECTRONIC_SYSTEMS_ENGINEERING,,
185,theses,Indian Institute of Science Bangalore,ORG,Indian Institute of Science Bangalore,INDIAN_INSTITUTE_OF_SCIENCE_BANGALORE,,
185,theses,Bengaluru,GPE,Bengaluru,BENGALURU,,
187,theses,Centre for Nano Science and Engineering,DEPARTMENT,Centre for Nano Science and Engineering,CENTRE_FOR_NANO_SCIENCE_AND_ENGINEERING,,
187,theses,Indian Institute of Science Bangalore,ORG,Indian Institute of Science Bangalore,INDIAN_INSTITUTE_OF_SCIENCE_BANGALORE,,
187,theses,Bengaluru,GPE,Bengaluru,BENGALURU,,
617,theses,Materials Engineering,DEPARTMENT,Materials Engineering,MATERIALS_ENGINEERING,,
617,theses,Indian Institute of Science Bangalore,ORG,Indian Institute of Science Bangalore,INDIAN_INSTITUTE_OF_SCIENCE_BANGALORE,,
617,theses,Bengaluru,GPE,Bengaluru,BENGALURU,,
618,theses,Materials Engineering,DEPARTMENT,Materials Engineering,MATERIALS_ENGINEERING,,
618,theses,Indian Institute of Science Bangalore,ORG,Indian Institute of Science Bangalore,INDIAN_INSTITUTE_OF_SCIENCE_BANGALORE,,
618,theses,Bengaluru,GPE,Bengaluru,BENGALURU,,
619,theses,Computational and Data Sciences,DEPARTMENT,Computational and Data Sciences,COMPUTATIONAL_AND_DATA_SCIENCES,,
619,theses,Indian Institute of Science Bangalore,ORG,Indian Institute of Science Bangalore,INDIAN_INSTITUTE_OF_SCIENCE_BANGALORE,,
619,theses,Bengaluru,GPE,Bengaluru,BENGALURU,,
186,theses,Centre for Nano Science and Engineering,DEPARTMENT,Centre for Nano Science and Engineering,CENTRE_FOR_NANO_SCIENCE_AND_ENGINEERING,,
186,theses,Indian Institute of Science Bangalore,ORG,Indian Institute of Science Bangalore,INDIAN_INSTITUTE_OF_SCIENCE_BANGALORE,,
186,theses,Bengaluru,GPE,Bengaluru,BENGALURU,,
188,theses,Electronic Systems Engineering,DEPARTMENT,Electronic Systems Engineering,ELECTRONIC_SYSTEMS_ENGINEERING,,
188,theses,Indian Institute of Science Bangalore,ORG,Indian Institute of Science Bangalore,INDIAN_INSTITUTE_OF_SCIENCE_BANGALORE,,
188,theses,Bengaluru,GPE,Bengaluru,BENGALURU,,
189,theses,Electrical Engineering,DEPARTMENT,Electrical Engineering,ELECTRICAL_ENGINEERING,,
189,theses,Indian Institute of Science Bangalore,ORG,Indian Institute of Science Bangalore,INDIAN_INSTITUTE_OF_SCIENCE_BANGALORE,,
189,theses,Bengaluru,GPE,Bengaluru,BENGALURU,,
192,theses,Materials Engineering,DEPARTMENT,Materials Engineering,MATERIALS_ENGINEERING,,
192,theses,Indian Institute of Science Bangalore,ORG,Indian Institute of Science Bangalore,INDIAN_INSTITUTE_OF_SCIENCE_BANGALORE,,
192,theses,Bengaluru,GPE,Bengaluru,BENGALURU,,
620,theses,Centre for Product Design and Manufacturing,DEPARTMENT,Centre for Product Design and Manufacturing,CENTRE_FOR_PRODUCT_DESIGN_AND_MANUFACTURING,,
620,theses,Indian Institute of Science Bangalore,ORG,Indian Institute of Science Bangalore,INDIAN_INSTITUTE_OF_SCIENCE_BANGALORE,,
620,theses,Bengaluru,GPE,Bengaluru,BENGALURU,,
194,theses,Management Studies,DEPARTMENT,Management Studies,MANAGEMENT_STUDIES,,
194,theses,Indian Institute of Science Bangalore,ORG,Indian Institute of Science Bangalore,INDIAN_INSTITUTE_OF_SCIENCE_BANGALORE,,
194,theses,Bengaluru,GPE,Bengaluru,BENGALURU,,
195,theses,Mechanical Engineering,DEPARTMENT,Mechanical Engineering,MECHANICAL_ENGINEERING,,
195,theses,Indian Institute of Science Bangalore,ORG,Indian Institute of Science Bangalore,INDIAN_INSTITUTE_OF_SCIENCE_BANGALORE,,
195,theses,Bengaluru,GPE,Bengaluru,BENGALURU,,
196,theses,Indian Institute of Science,ORG,Indian Institute of Science Bangalore,INDIAN_INSTITUTE_OF_SCIENCE_BANGALORE,1054,1081
196,theses,Bengaluru,GPE,Bengaluru,BENGALURU,1090,1099
196,theses,Civil Engineering,DEPARTMENT,Civil Engineering,CIVIL_ENGINEERING,,
198,theses,Aerospace Engineering,DEPARTMENT,Aerospace Engineering,AEROSPACE_ENGINEERING,,
198,theses,Indian Institute of Science Bangalore,ORG,Indian Institute of Science Bangalore,INDIAN_INSTITUTE_OF_SCIENCE_BANGALORE,,
198,theses,Bengaluru,GPE,Bengaluru,BENGALURU,,
199,theses,Aerospace Engineering,DEPARTMENT,Aerospace Engineering,AEROSPACE_ENGINEERING,,
199,theses,Indian Institute of Science Bangalore,ORG,Indian Institute of Science Bangalore,INDIAN_INSTITUTE_OF_SCIENCE_BANGALORE,,
199,theses,Bengaluru,GPE,Bengaluru,BENGALURU,,
200,theses,Aerospace Engineering,DEPARTMENT,Aerospace Engineering,AEROSPACE_ENGINEERING,,
200,theses,Indian Institute of Science Bangalore,ORG,Indian Institute of Science Bangalore,INDIAN_INSTITUTE_OF_SCIENCE_BANGALORE,,
200,theses,Bengaluru,GPE,Bengaluru,BENGALURU,,
201,theses,Centre for BioSystems Science and Engineering,DEPARTMENT,Centre for BioSystems Science and Engineering,CENTRE_FOR_BIOSYSTEMS_SCIENCE_AND_ENGINEERING,,
201,theses,Indian Institute of Science Bangalore,ORG,Indian Institute of Science Bangalore,INDIAN_INSTITUTE_OF_SCIENCE_BANGALORE,,
201,theses,Bengaluru,GPE,Bengaluru,BENGALURU,,
202,theses,Electrical Engineering,DEPARTMENT,Electrical Engineering,ELECTRICAL_ENGINEERING,,
202,theses,Indian Institute of Science Bangalore,ORG,Indian Institute of Science Bangalore,INDIAN_INSTITUTE_OF_SCIENCE_BANGALORE,,
202,theses,Bengaluru,GPE,Bengaluru,BENGALURU,,
203,theses,Centre for Nano Science and Engineering,DEPARTMENT,Centre for Nano Science and Engineering,CENTRE_FOR_NANO_SCIENCE_AND_ENGINEERING,,
203,theses,Indian Institute of Science Bangalore,ORG,Indian Institute of Science Bangalore,INDIAN_INSTITUTE_OF_SCIENCE_BANGALORE,,
203,theses,Bengaluru,GPE,Bengaluru,BENGALURU,,
204,theses,Aerospace Engineering,DEPARTMENT,Aerospace Engineering,AEROSPACE_ENGINEERING,,
204,theses,Indian Institute of Science Bangalore,ORG,Indian Institute of Science Bangalore,INDIAN_INSTITUTE_OF_SCIENCE_BANGALORE,,
204,theses,Bengaluru,GPE,Bengaluru,BENGALURU,,
205,theses,civil engineering,DEPARTMENT,Civil Engineering,CIVIL_ENGINEERING,1395,1412
205,theses,Instrumentaion and Applied Physics,DEPARTMENT,Instrumentaion and Applied Physics,INSTRUMENTAION_AND_APPLIED_PHYSICS,,
205,theses,Indian Institute of Science Bangalore,ORG,Indian Institute of Science Bangalore,INDIAN_INSTITUTE_OF_SCIENCE_BANGALORE,,
205,theses,Bengaluru,GPE,Bengaluru,BENGALURU,,
206,theses,Chemical Engineering,DEPARTMENT,Chemical Engineering,CHEMICAL_ENGINEERING,,
206,theses,Indian Institute of Science Bangalore,ORG,Indian Institute of Science Bangalore,INDIAN_INSTITUTE_OF_SCIENCE_BANGALORE,,
206,theses,Bengaluru,GPE,Bengaluru,BENGALURU,,
207,theses,Electrical Communication Engineering,DEPARTMENT,Electrical Communication Engineering,ELECTRICAL_COMMUNICATION_ENGINEERING,,
207,theses,Indian Institute of Science Bangalore,ORG,Indian Institute of Science Bangalore,INDIAN_INSTITUTE_OF_SCIENCE_BANGALORE,,
207,theses,Bengaluru,GPE,Bengaluru,BENGALURU,,
208,theses,Bangalore,GPE,Bengaluru,BENGALURU,65,74
208,theses,Centre for Sustainable Technology,DEPARTMENT,Centre for Sustainable Technology,CENTRE_FOR_SUSTAINABLE_TECHNOLOGY,,
208,theses,Indian Institute of Science Bangalore,ORG,Indian Institute of Science Bangalore,INDIAN_INSTITUTE_OF_SCIENCE_BANGALORE,,
209,theses,Computer Science and Automation,DEPARTMENT,Computer Science and Automation,COMPUTER_SCIENCE_AND_AUTOMATION,,
209,theses,Indian Institute of Science Bangalore,ORG,Indian Institute of Science Bangalore,INDIAN_INSTITUTE_OF_SCIENCE_BANGALORE,,
209,theses,Bengaluru,GPE,Bengaluru,BENGALURU,,
211,theses,Aerospace Engineering,DEPARTMENT,Aerospace Engineering,AEROSPACE_ENGINEERING,,
211,theses,Indian Institute of Science Bangalore,ORG,Indian Institute of Science Bangalore,INDIAN_INSTITUTE_OF_SCIENCE_BANGALORE,,
211,theses,Bengaluru,GPE,Bengaluru,BENGALURU,,
212,theses,Aerospace Engineering,DEPARTMENT,Aerospace Engineering,AEROSPACE_ENGINEERING,,
212,theses,Indian Institute of Science Bangalore,ORG,Indian Institute of Science Bangalore,INDIAN_INSTITUTE_OF_SCIENCE_BANGALORE,,
212,theses,Bengaluru,GPE,Bengaluru,BENGALURU,,
213,theses,Materials Engineering,DEPARTMENT,Materials Engineering,MATERIALS_ENGINEERING,,
213,theses,Indian Institute of Science Bangalore,ORG,Indian Institute of Science Bangalore,INDIAN_INSTITUTE_OF_SCIENCE_BANGALORE,,
213,theses,Bengaluru,GPE,Bengaluru,BENGALURU,,
214,theses,Electrical Engineering,DEPARTMENT,Electrical Engineering,ELECTRICAL_ENGINEERING,,
214,theses,Indian Institute of Science Bangalore,ORG,Indian Institute of Science Bangalore,INDIAN_INSTITUTE_OF_SCIENCE_BANGALORE,,
214,theses,Bengaluru,GPE,Bengaluru,BENGALURU,,
215,theses,Centre for Sustainable Technology,DEPARTMENT,Centre for Sustainable Technology,CENTRE_FOR_SUSTAINABLE_TECHNOLOGY,,
215,theses,Indian Institute of Science Bangalore,ORG,Indian Institute of Science Bangalore,INDIAN_INSTITUTE_OF_SCIENCE_BANGALORE,,
215,theses,Bengaluru,GPE,Bengaluru,BENGALURU,,
628,theses,Electrical Communication Engineering,DEPARTMENT,Electrical Communication Engineering,ELECTRICAL_COMMUNICATION_ENGINEERING,,
628,theses,Indian Institute of Science Bangalore,ORG,Indian Institute of Science Bangalore,INDIAN_INSTITUTE_OF_SCIENCE_BANGALORE,,
628,theses,Bengaluru,GPE,Bengaluru,BENGALURU,,
216,theses,Interdisciplinary Centre for Energy Research,DEPARTMENT,Interdisciplinary Centre for Energy Research,INTERDISCIPLINARY_CENTRE_FOR_ENERGY_RESEARCH,,
216,theses,Indian Institute of Science Bangalore,ORG,Indian Institute of Science Bangalore,INDIAN_INSTITUTE_OF_SCIENCE_BANGALORE,,
216,theses,Bengaluru,GPE,Bengaluru,BENGALURU,,
217,theses,Materials Engineering,DEPARTMENT,Materials Engineering,MATERIALS_ENGINEERING,,
217,theses,Indian Institute of Science Bangalore,ORG,Indian Institute of Science Bangalore,INDIAN_INSTITUTE_OF_SCIENCE_BANGALORE,,
217,theses,Bengaluru,GPE,Bengaluru,BENGALURU,,
218,theses,Civil Engineering,DEPARTMENT,Civil Engineering,CIVIL_ENGINEERING,,
218,theses,Indian Institute of Science Bangalore,ORG,Indian Institute of Science Bangalore,INDIAN_INSTITUTE_OF_SCIENCE_BANGALORE,,
218,theses,Bengaluru,GPE,Bengaluru,BENGALURU,,
627,theses,Electrical Communication Engineering,DEPARTMENT,Electrical Communication Engineering,ELECTRICAL_COMMUNICATION_ENGINEERING,,
627,theses,Indian Institute of Science Bangalore,ORG,Indian Institute of Science Bangalore,INDIAN_INSTITUTE_OF_SCIENCE_BANGALORE,,
627,theses,Bengaluru,GPE,Bengaluru,BENGALURU,,
219,theses,Materials Engineering,DEPARTMENT,Materials Engineering,MATERIALS_ENGINEERING,,
219,theses,Indian Institute of Science Bangalore,ORG,Indian Institute of Science Bangalore,INDIAN_INSTITUTE_OF_SCIENCE_BANGALORE,,
219,theses,Bengaluru,GPE,Bengaluru,BENGALURU,,
220,theses,Materials Engineering,DEPARTMENT,Materials Engineering,MATERIALS_ENGINEERING,,
220,theses,Indian Institute of Science Bangalore,ORG,Indian Institute of Science Bangalore,INDIAN_INSTITUTE_OF_SCIENCE_BANGALORE,,
220,theses,Bengaluru,GPE,Bengaluru,BENGALURU,,
221,theses,Materials Engineering,DEPARTMENT,Materials Engineering,MATERIALS_ENGINEERING,,
221,theses,Indian Institute of Science Bangalore,ORG,Indian Institute of Science Bangalore,INDIAN_INSTITUTE_OF_SCIENCE_BANGALORE,,
221,theses,Bengaluru,GPE,Bengaluru,BENGALURU,,
222,theses,Aerospace Engineering,DEPARTMENT,Aerospace Engineering,AEROSPACE_ENGINEERING,,
222,theses,Indian Institute of Science Bangalore,ORG,Indian Institute of Science Bangalore,INDIAN_INSTITUTE_OF_SCIENCE_BANGALORE,,
222,theses,Bengaluru,GPE,Bengaluru,BENGALURU,,
223,theses,Centre for Nano Science and Engineering,DEPARTMENT,Centre for Nano Science and Engineering,CENTRE_FOR_NANO_SCIENCE_AND_ENGINEERING,,
223,theses,Indian Institute of Science Bangalore,ORG,Indian Institute of Science Bangalore,INDIAN_INSTITUTE_OF_SCIENCE_BANGALORE,,
223,theses,Bengaluru,GPE,Bengaluru,BENGALURU,,
224,theses,2009,DATE,2009,,266,270
224,theses,2020,DATE,2020,,348,352
224,theses,Centre for Nano Science and Engineering,DEPARTMENT,Centre for Nano Science and Engineering,CENTRE_FOR_NANO_SCIENCE_AND_ENGINEERING,,
224,theses,Indian Institute of Science Bangalore,ORG,Indian Institute of Science Bangalore,INDIAN_INSTITUTE_OF_SCIENCE_BANGALORE,,
224,theses,Bengaluru,GPE,Bengaluru,BENGALURU,,
225,theses,Materials Engineering,DEPARTMENT,Materials Engineering,MATERIALS_ENGINEERING,,
225,theses,Indian Institute of Science Bangalore,ORG,Indian Institute of Science Bangalore,INDIAN_INSTITUTE_OF_SCIENCE_BANGALORE,,
225,theses,Bengaluru,GPE,Bengaluru,BENGALURU,,
226,theses,Centre for BioSystems Science and Engineering,DEPARTMENT,Centre for BioSystems Science and Engineering,CENTRE_FOR_BIOSYSTEMS_SCIENCE_AND_ENGINEERING,,
226,theses,Indian Institute of Science Bangalore,ORG,Indian Institute of Science Bangalore,INDIAN_INSTITUTE_OF_SCIENCE_BANGALORE,,
226,theses,Bengaluru,GPE,Bengaluru,BENGALURU,,
630,theses,Civil Engineering,DEPARTMENT,Civil Engineering,CIVIL_ENGINEERING,,
630,theses,Indian Institute of Science Bangalore,ORG,Indian Institute of Science Bangalore,INDIAN_INSTITUTE_OF_SCIENCE_BANGALORE,,
630,theses,Bengaluru,GPE,Bengaluru,BENGALURU,,
631,theses,Materials Engineering,DEPARTMENT,Materials Engineering,MATERIALS_ENGINEERING,,
631,theses,Indian Institute of Science Bangalore,ORG,Indian Institute of Science Bangalore,INDIAN_INSTITUTE_OF_SCIENCE_BANGALORE,,
631,theses,Bengaluru,GPE,Bengaluru,BENGALURU,,
227,theses,Materials Engineering,DEPARTMENT,Materials Engineering,MATERIALS_ENGINEERING,,
227,theses,Indian Institute of Science Bangalore,ORG,Indian Institute of Science Bangalore,INDIAN_INSTITUTE_OF_SCIENCE_BANGALORE,,
227,theses,Bengaluru,GPE,Bengaluru,BENGALURU,,
228,theses,Computer Science and Automation,DEPARTMENT,Computer Science and Automation,COMPUTER_SCIENCE_AND_AUTOMATION,,
228,theses,Indian Institute of Science Bangalore,ORG,Indian Institute of Science Bangalore,INDIAN_INSTITUTE_OF_SCIENCE_BANGALORE,,
228,theses,Bengaluru,GPE,Bengaluru,BENGALURU,,
229,theses,Electronic Systems Engineering,DEPARTMENT,Electronic Systems Engineering,ELECTRONIC_SYSTEMS_ENGINEERING,,
229,theses,Indian Institute of Science Bangalore,ORG,Indian Institute of Science Bangalore,INDIAN_INSTITUTE_OF_SCIENCE_BANGALORE,,
229,theses,Bengaluru,GPE,Bengaluru,BENGALURU,,
230,theses,Computer Science and Automation,DEPARTMENT,Computer Science and Automation,COMPUTER_SCIENCE_AND_AUTOMATION,,
230,theses,Indian Institute of Science Bangalore,ORG,Indian Institute of Science Bangalore,INDIAN_INSTITUTE_OF_SCIENCE_BANGALORE,,
230,theses,Bengaluru,GPE,Bengaluru,BENGALURU,,
231,theses,Electronic Systems Engineering,DEPARTMENT,Electronic Systems Engineering,ELECTRONIC_SYSTEMS_ENGINEERING,,
231,theses,Indian Institute of Science Bangalore,ORG,Indian Institute of Science Bangalore,INDIAN_INSTITUTE_OF_SCIENCE_BANGALORE,,
231,theses,Bengaluru,GPE,Bengaluru,BENGALURU,,
232,theses,Centre for Nano Science and Engineering,DEPARTMENT,Centre for Nano Science and Engineering,CENTRE_FOR_NANO_SCIENCE_AND_ENGINEERING,,
232,theses,Indian Institute of Science Bangalore,ORG,Indian Institute of Science Bangalore,INDIAN_INSTITUTE_OF_SCIENCE_BANGALORE,,
232,theses,Bengaluru,GPE,Bengaluru,BENGALURU,,
233,theses,Civil Engineering,DEPARTMENT,Civil Engineering,CIVIL_ENGINEERING,,
233,theses,Indian Institute of Science Bangalore,ORG,Indian Institute of Science Bangalore,INDIAN_INSTITUTE_OF_SCIENCE_BANGALORE,,
233,theses,Bengaluru,GPE,Bengaluru,BENGALURU,,
234,theses,Interdisciplinary Centre for Energy Research,DEPARTMENT,Interdisciplinary Centre for Energy Research,INTERDISCIPLINARY_CENTRE_FOR_ENERGY_RESEARCH,,
234,theses,Indian Institute of Science Bangalore,ORG,Indian Institute of Science Bangalore,INDIAN_INSTITUTE_OF_SCIENCE_BANGALORE,,
234,theses,Bengaluru,GPE,Bengaluru,BENGALURU,,
1179,theses,R V College of Engineering,ORG,R V College of Engineering,R_V_COLLEGE_OF_ENGINEERING,,
1179,theses,Bengaluru,GPE,Bengaluru,BENGALURU,,
235,theses,Computational and Data Sciences,DEPARTMENT,Computational and Data Sciences,COMPUTATIONAL_AND_DATA_SCIENCES,,
235,theses,Indian Institute of Science Bangalore,ORG,Indian Institute of Science Bangalore,INDIAN_INSTITUTE_OF_SCIENCE_BANGALORE,,
235,theses,Bengaluru,GPE,Bengaluru,BENGALURU,,
236,theses,Computer Science and Automation,DEPARTMENT,Computer Science and Automation,COMPUTER_SCIENCE_AND_AUTOMATION,,
236,theses,Indian Institute of Science Bangalore,ORG,Indian Institute of Science Bangalore,INDIAN_INSTITUTE_OF_SCIENCE_BANGALORE,,
236,theses,Bengaluru,GPE,Bengaluru,BENGALURU,,
237,theses,Computer Science and Automation,DEPARTMENT,Computer Science and Automation,COMPUTER_SCIENCE_AND_AUTOMATION,,
237,theses,Indian Institute of Science Bangalore,ORG,Indian Institute of Science Bangalore,INDIAN_INSTITUTE_OF_SCIENCE_BANGALORE,,
237,theses,Bengaluru,GPE,Bengaluru,BENGALURU,,
632,theses,Materials Engineering,DEPARTMENT,Materials Engineering,MATERIALS_ENGINEERING,,
632,theses,Indian Institute of Science Bangalore,ORG,Indian Institute of Science Bangalore,INDIAN_INSTITUTE_OF_SCIENCE_BANGALORE,,
632,theses,Bengaluru,GPE,Bengaluru,BENGALURU,,
238,theses,Aerospace Engineering,DEPARTMENT,Aerospace Engineering,AEROSPACE_ENGINEERING,,
238,theses,Indian Institute of Science Bangalore,ORG,Indian Institute of Science Bangalore,INDIAN_INSTITUTE_OF_SCIENCE_BANGALORE,,
238,theses,Bengaluru,GPE,Bengaluru,BENGALURU,,
239,theses,Electrical Engineering,DEPARTMENT,Electrical Engineering,ELECTRICAL_ENGINEERING,,
239,theses,Indian Institute of Science Bangalore,ORG,Indian Institute of Science Bangalore,INDIAN_INSTITUTE_OF_SCIENCE_BANGALORE,,
239,theses,Bengaluru,GPE,Bengaluru,BENGALURU,,
240,theses,Chemical Engineering,DEPARTMENT,Chemical Engineering,CHEMICAL_ENGINEERING,,
240,theses,Indian Institute of Science Bangalore,ORG,Indian Institute of Science Bangalore,INDIAN_INSTITUTE_OF_SCIENCE_BANGALORE,,
240,theses,Bengaluru,GPE,Bengaluru,BENGALURU,,
241,theses,Civil Engineering,DEPARTMENT,Civil Engineering,CIVIL_ENGINEERING,,
241,theses,Indian Institute of Science Bangalore,ORG,Indian Institute of Science Bangalore,INDIAN_INSTITUTE_OF_SCIENCE_BANGALORE,,
241,theses,Bengaluru,GPE,Bengaluru,BENGALURU,,
242,theses,Interdisciplinary Centre for Energy Research,DEPARTMENT,Interdisciplinary Centre for Energy Research,INTERDISCIPLINARY_CENTRE_FOR_ENERGY_RESEARCH,,
242,theses,Indian Institute of Science Bangalore,ORG,Indian Institute of Science Bangalore,INDIAN_INSTITUTE_OF_SCIENCE_BANGALORE,,
242,theses,Bengaluru,GPE,Bengaluru,BENGALURU,,
634,theses,Electrical Engineering,DEPARTMENT,Electrical Engineering,ELECTRICAL_ENGINEERING,,
634,theses,Indian Institute of Science Bangalore,ORG,Indian Institute of Science Bangalore,INDIAN_INSTITUTE_OF_SCIENCE_BANGALORE,,
634,theses,Bengaluru,GPE,Bengaluru,BENGALURU,,
244,theses,Materials Research Centre,DEPARTMENT,Materials Research Centre,MATERIALS_RESEARCH_CENTRE,,
244,theses,Indian Institute of Science Bangalore,ORG,Indian Institute of Science Bangalore,INDIAN_INSTITUTE_OF_SCIENCE_BANGALORE,,
244,theses,Bengaluru,GPE,Bengaluru,BENGALURU,,
635,theses,Mechanical Engineering,DEPARTMENT,Mechanical Engineering,MECHANICAL_ENGINEERING,,
635,theses,Indian Institute of Science Bangalore,ORG,Indian Institute of Science Bangalore,INDIAN_INSTITUTE_OF_SCIENCE_BANGALORE,,
635,theses,Bengaluru,GPE,Bengaluru,BENGALURU,,
243,theses,Computer Science and Automation,DEPARTMENT,Computer Science and Automation,COMPUTER_SCIENCE_AND_AUTOMATION,,
243,theses,Indian Institute of Science Bangalore,ORG,Indian Institute of Science Bangalore,INDIAN_INSTITUTE_OF_SCIENCE_BANGALORE,,
243,theses,Bengaluru,GPE,Bengaluru,BENGALURU,,
245,theses,Computer Science and Automation,DEPARTMENT,Computer Science and Automation,COMPUTER_SCIENCE_AND_AUTOMATION,,
245,theses,Indian Institute of Science Bangalore,ORG,Indian Institute of Science Bangalore,INDIAN_INSTITUTE_OF_SCIENCE_BANGALORE,,
245,theses,Bengaluru,GPE,Bengaluru,BENGALURU,,
246,theses,Electrical Engineering,DEPARTMENT,Electrical Engineering,ELECTRICAL_ENGINEERING,,
246,theses,Indian Institute of Science Bangalore,ORG,Indian Institute of Science Bangalore,INDIAN_INSTITUTE_OF_SCIENCE_BANGALORE,,
246,theses,Bengaluru,GPE,Bengaluru,BENGALURU,,
247,theses,Civil Engineering,DEPARTMENT,Civil Engineering,CIVIL_ENGINEERING,,
247,theses,Indian Institute of Science Bangalore,ORG,Indian Institute of Science Bangalore,INDIAN_INSTITUTE_OF_SCIENCE_BANGALORE,,
247,theses,Bengaluru,GPE,Bengaluru,BENGALURU,,
1180,theses,R V College of Engineering,ORG,R V College of Engineering,R_V_COLLEGE_OF_ENGINEERING,,
1180,theses,Bengaluru,GPE,Bengaluru,BENGALURU,,
248,theses,Computer Science and Automation,DEPARTMENT,Computer Science and Automation,COMPUTER_SCIENCE_AND_AUTOMATION,,
248,theses,Indian Institute of Science Bangalore,ORG,Indian Institute of Science Bangalore,INDIAN_INSTITUTE_OF_SCIENCE_BANGALORE,,
248,theses,Bengaluru,GPE,Bengaluru,BENGALURU,,
249,theses,Aerospace Engineering,DEPARTMENT,Aerospace Engineering,AEROSPACE_ENGINEERING,,
249,theses,Indian Institute of Science Bangalore,ORG,Indian Institute of Science Bangalore,INDIAN_INSTITUTE_OF_SCIENCE_BANGALORE,,
249,theses,Bengaluru,GPE,Bengaluru,BENGALURU,,
250,theses,Computer Science and Automation,DEPARTMENT,Computer Science and Automation,COMPUTER_SCIENCE_AND_AUTOMATION,,
250,theses,Indian Institute of Science Bangalore,ORG,Indian Institute of Science Bangalore,INDIAN_INSTITUTE_OF_SCIENCE_BANGALORE,,
250,theses,Bengaluru,GPE,Bengaluru,BENGALURU,,
251,theses,Materials Research Centre,DEPARTMENT,Materials Research Centre,MATERIALS_RESEARCH_CENTRE,,
251,theses,Indian Institute of Science Bangalore,ORG,Indian Institute of Science Bangalore,INDIAN_INSTITUTE_OF_SCIENCE_BANGALORE,,
251,theses,Bengaluru,GPE,Bengaluru,BENGALURU,,
252,theses,Materials Engineering,DEPARTMENT,Materials Engineering,MATERIALS_ENGINEERING,,
252,theses,Indian Institute of Science Bangalore,ORG,Indian Institute of Science Bangalore,INDIAN_INSTITUTE_OF_SCIENCE_BANGALORE,,
252,theses,Bengaluru,GPE,Bengaluru,BENGALURU,,
253,theses,Electrical Engineering,DEPARTMENT,Electrical Engineering,ELECTRICAL_ENGINEERING,,
253,theses,Indian Institute of Science Bangalore,ORG,Indian Institute of Science Bangalore,INDIAN_INSTITUTE_OF_SCIENCE_BANGALORE,,
253,theses,Bengaluru,GPE,Bengaluru,BENGALURU,,
254,theses,Centre for Nano Science and Engineering,DEPARTMENT,Centre for Nano Science and Engineering,CENTRE_FOR_NANO_SCIENCE_AND_ENGINEERING,,
254,theses,Indian Institute of Science Bangalore,ORG,Indian Institute of Science Bangalore,INDIAN_INSTITUTE_OF_SCIENCE_BANGALORE,,
254,theses,Bengaluru,GPE,Bengaluru,BENGALURU,,
255,theses,Electrical Communication Engineering,DEPARTMENT,Electrical Communication Engineering,ELECTRICAL_COMMUNICATION_ENGINEERING,,
255,theses,Indian Institute of Science Bangalore,ORG,Indian Institute of Science Bangalore,INDIAN_INSTITUTE_OF_SCIENCE_BANGALORE,,
255,theses,Bengaluru,GPE,Bengaluru,BENGALURU,,
256,theses,Materials Research Centre,DEPARTMENT,Materials Research Centre,MATERIALS_RESEARCH_CENTRE,,
256,theses,Indian Institute of Science Bangalore,ORG,Indian Institute of Science Bangalore,INDIAN_INSTITUTE_OF_SCIENCE_BANGALORE,,
256,theses,Bengaluru,GPE,Bengaluru,BENGALURU,,
257,theses,Materials Research Centre,DEPARTMENT,Materials Research Centre,MATERIALS_RESEARCH_CENTRE,,
257,theses,Indian Institute of Science Bangalore,ORG,Indian Institute of Science Bangalore,INDIAN_INSTITUTE_OF_SCIENCE_BANGALORE,,
257,theses,Bengaluru,GPE,Bengaluru,BENGALURU,,
258,theses,Electrical Engineering,DEPARTMENT,Electrical Engineering,ELECTRICAL_ENGINEERING,,
258,theses,Indian Institute of Science Bangalore,ORG,Indian Institute of Science Bangalore,INDIAN_INSTITUTE_OF_SCIENCE_BANGALORE,,
258,theses,Bengaluru,GPE,Bengaluru,BENGALURU,,
259,theses,Mechanical Engineering,DEPARTMENT,Mechanical Engineering,MECHANICAL_ENGINEERING,,
259,theses,Indian Institute of Science Bangalore,ORG,Indian Institute of Science Bangalore,INDIAN_INSTITUTE_OF_SCIENCE_BANGALORE,,
259,theses,Bengaluru,GPE,Bengaluru,BENGALURU,,
260,theses,Electrical Communication Engineering,DEPARTMENT,Electrical Communication Engineering,ELECTRICAL_COMMUNICATION_ENGINEERING,,
260,theses,Indian Institute of Science Bangalore,ORG,Indian Institute of Science Bangalore,INDIAN_INSTITUTE_OF_SCIENCE_BANGALORE,,
260,theses,Bengaluru,GPE,Bengaluru,BENGALURU,,
261,theses,Materials Engineering,DEPARTMENT,Materials Engineering,MATERIALS_ENGINEERING,,
261,theses,Indian Institute of Science Bangalore,ORG,Indian Institute of Science Bangalore,INDIAN_INSTITUTE_OF_SCIENCE_BANGALORE,,
261,theses,Bengaluru,GPE,Bengaluru,BENGALURU,,
262,theses,Materials Engineering,DEPARTMENT,Materials Engineering,MATERIALS_ENGINEERING,,
262,theses,Indian Institute of Science Bangalore,ORG,Indian Institute of Science Bangalore,INDIAN_INSTITUTE_OF_SCIENCE_BANGALORE,,
262,theses,Bengaluru,GPE,Bengaluru,BENGALURU,,
263,theses,2010,DATE,2010,,145,149
263,theses,1988,DATE,1988,,1026,1030
263,theses,2017,DATE,2017,,1654,1658
263,theses,Computer Science and Automation,DEPARTMENT,Computer Science and Automation,COMPUTER_SCIENCE_AND_AUTOMATION,,
263,theses,Indian Institute of Science Bangalore,ORG,Indian Institute of Science Bangalore,INDIAN_INSTITUTE_OF_SCIENCE_BANGALORE,,
263,theses,Bengaluru,GPE,Bengaluru,BENGALURU,,
506,theses,Materials Engineering,DEPARTMENT,Materials Engineering,MATERIALS_ENGINEERING,,
506,theses,Indian Institute of Science Bangalore,ORG,Indian Institute of Science Bangalore,INDIAN_INSTITUTE_OF_SCIENCE_BANGALORE,,
506,theses,Bengaluru,GPE,Bengaluru,BENGALURU,,
264,theses,physics,DEPARTMENT,Physics,PHYSICS,578,585
264,theses,Mechanical Engineering,DEPARTMENT,Mechanical Engineering,MECHANICAL_ENGINEERING,,
264,theses,Indian Institute of Science Bangalore,ORG,Indian Institute of Science Bangalore,INDIAN_INSTITUTE_OF_SCIENCE_BANGALORE,,
264,theses,Bengaluru,GPE,Bengaluru,BENGALURU,,
507,theses,Civil Engineering,DEPARTMENT,Civil Engineering,CIVIL_ENGINEERING,,
507,theses,Indian Institute of Science Bangalore,ORG,Indian Institute of Science Bangalore,INDIAN_INSTITUTE_OF_SCIENCE_BANGALORE,,
507,theses,Bengaluru,GPE,Bengaluru,BENGALURU,,
508,theses,Civil Engineering,DEPARTMENT,Civil Engineering,CIVIL_ENGINEERING,,
508,theses,Indian Institute of Science Bangalore,ORG,Indian Institute of Science Bangalore,INDIAN_INSTITUTE_OF_SCIENCE_BANGALORE,,
508,theses,Bengaluru,GPE,Bengaluru,BENGALURU,,
1201,theses,RVCE Bangalore,ORG,R V College of Engineering,R_V_COLLEGE_OF_ENGINEERING,273,287
1201,theses,Bengaluru,GPE,Bengaluru,BENGALURU,,
509,theses,Electronic Systems Engineering,DEPARTMENT,Electronic Systems Engineering,ELECTRONIC_SYSTEMS_ENGINEERING,,
509,theses,Indian Institute of Science Bangalore,ORG,Indian Institute of Science Bangalore,INDIAN_INSTITUTE_OF_SCIENCE_BANGALORE,,
509,theses,Bengaluru,GPE,Bengaluru,BENGALURU,,
510,theses,Electrical Communication Engineering,DEPARTMENT,Electrical Communication Engineering,ELECTRICAL_COMMUNICATION_ENGINEERING,,
510,theses,Indian Institute of Science Bangalore,ORG,Indian Institute of Science Bangalore,INDIAN_INSTITUTE_OF_SCIENCE_BANGALORE,,
510,theses,Bengaluru,GPE,Bengaluru,BENGALURU,,
1086,theses,R V College of Engineering,ORG,R V College of Engineering,R_V_COLLEGE_OF_ENGINEERING,,
1086,theses,Bengaluru,GPE,Bengaluru,BENGALURU,,
265,theses,Mechanical Engineering,DEPARTMENT,Mechanical Engineering,MECHANICAL_ENGINEERING,,
265,theses,Indian Institute of Science Bangalore,ORG,Indian Institute of Science Bangalore,INDIAN_INSTITUTE_OF_SCIENCE_BANGALORE,,
265,theses,Bengaluru,GPE,Bengaluru,BENGALURU,,
266,theses,Civil Engineering,DEPARTMENT,Civil Engineering,CIVIL_ENGINEERING,,
266,theses,Indian Institute of Science Bangalore,ORG,Indian Institute of Science Bangalore,INDIAN_INSTITUTE_OF_SCIENCE_BANGALORE,,
266,theses,Bengaluru,GPE,Bengaluru,BENGALURU,,
267,theses,Electrical Communication Engineering,DEPARTMENT,Electrical Communication Engineering,ELECTRICAL_COMMUNICATION_ENGINEERING,,
267,theses,Indian Institute of Science Bangalore,ORG,Indian Institute of Science Bangalore,INDIAN_INSTITUTE_OF_SCIENCE_BANGALORE,,
267,theses,Bengaluru,GPE,Bengaluru,BENGALURU,,
512,theses,Aerospace Engineering,DEPARTMENT,Aerospace Engineering,AEROSPACE_ENGINEERING,,
512,theses,Indian Institute of Science Bangalore,ORG,Indian Institute of Science Bangalore,INDIAN_INSTITUTE_OF_SCIENCE_BANGALORE,,
512,theses,Bengaluru,GPE,Bengaluru,BENGALURU,,
646,theses,Centre for Sustainable Technology,DEPARTMENT,Centre for Sustainable Technology,CENTRE_FOR_SUSTAINABLE_TECHNOLOGY,,
646,theses,Indian Institute of Science Bangalore,ORG,Indian Institute of Science Bangalore,INDIAN_INSTITUTE_OF_SCIENCE_BANGALORE,,
646,theses,Bengaluru,GPE,Bengaluru,BENGALURU,,
268,theses,Electrical Communication Engineering,DEPARTMENT,Electrical Communication Engineering,ELECTRICAL_COMMUNICATION_ENGINEERING,,
268,theses,Indian Institute of Science Bangalore,ORG,Indian Institute of Science Bangalore,INDIAN_INSTITUTE_OF_SCIENCE_BANGALORE,,
268,theses,Bengaluru,GPE,Bengaluru,BENGALURU,,
269,theses,Bengaluru,GPE,Bengaluru,BENGALURU,36,45
269,theses,India,GPE,India,INDIA,599,604
269,theses,Bengaluru,GPE,Bengaluru,BENGALURU,810,819
269,theses,Centre for Sustainable Technology,DEPARTMENT,Centre for Sustainable Technology,CENTRE_FOR_SUSTAINABLE_TECHNOLOGY,,
269,theses,Indian Institute of Science Bangalore,ORG,Indian Institute of Science Bangalore,INDIAN_INSTITUTE_OF_SCIENCE_BANGALORE,,
270,theses,India,GPE,India,INDIA,101,106
270,theses,India,GPE,India,INDIA,632,637
270,theses,2015,DATE,2015,,610,614
270,theses,2030,DATE,2030,,822,826
270,theses,2005,DATE,2005,,836,840
270,theses,Civil Engineering,DEPARTMENT,Civil Engineering,CIVIL_ENGINEERING,,
270,theses,Indian Institute of Science Bangalore,ORG,Indian Institute of Science Bangalore,INDIAN_INSTITUTE_OF_SCIENCE_BANGALORE,,
270,theses,Bengaluru,GPE,Bengaluru,BENGALURU,,
513,theses,Civil Engineering,DEPARTMENT,Civil Engineering,CIVIL_ENGINEERING,,
513,theses,Indian Institute of Science Bangalore,ORG,Indian Institute of Science Bangalore,INDIAN_INSTITUTE_OF_SCIENCE_BANGALORE,,
513,theses,Bengaluru,GPE,Bengaluru,BENGALURU,,
275,theses,Centre for Nano Science and Engineering,DEPARTMENT,Centre for Nano Science and Engineering,CENTRE_FOR_NANO_SCIENCE_AND_ENGINEERING,,
275,theses,Indian Institute of Science Bangalore,ORG,Indian Institute of Science Bangalore,INDIAN_INSTITUTE_OF_SCIENCE_BANGALORE,,
275,theses,Bengaluru,GPE,Bengaluru,BENGALURU,,
276,theses,Computer Science and Automation,DEPARTMENT,Computer Science and Automation,COMPUTER_SCIENCE_AND_AUTOMATION,,
276,theses,Indian Institute of Science Bangalore,ORG,Indian Institute of Science Bangalore,INDIAN_INSTITUTE_OF_SCIENCE_BANGALORE,,
276,theses,Bengaluru,GPE,Bengaluru,BENGALURU,,
271,theses,physics,DEPARTMENT,Physics,PHYSICS,1471,1478
271,theses,Chemical Engineering,DEPARTMENT,Chemical Engineering,CHEMICAL_ENGINEERING,,
271,theses,Indian Institute of Science Bangalore,ORG,Indian Institute of Science Bangalore,INDIAN_INSTITUTE_OF_SCIENCE_BANGALORE,,
271,theses,Bengaluru,GPE,Bengaluru,BENGALURU,,
272,theses,Materials Engineering,DEPARTMENT,Materials Engineering,MATERIALS_ENGINEERING,,
272,theses,Indian Institute of Science Bangalore,ORG,Indian Institute of Science Bangalore,INDIAN_INSTITUTE_OF_SCIENCE_BANGALORE,,
272,theses,Bengaluru,GPE,Bengaluru,BENGALURU,,
273,theses,Electrical Engineering,DEPARTMENT,Electrical Engineering,ELECTRICAL_ENGINEERING,,
273,theses,Indian Institute of Science Bangalore,ORG,Indian Institute of Science Bangalore,INDIAN_INSTITUTE_OF_SCIENCE_BANGALORE,,
273,theses,Bengaluru,GPE,Bengaluru,BENGALURU,,
514,theses,Centre for Product Design and Manufacturing,DEPARTMENT,Centre for Product Design and Manufacturing,CENTRE_FOR_PRODUCT_DESIGN_AND_MANUFACTURING,,
514,theses,Indian Institute of Science Bangalore,ORG,Indian Institute of Science Bangalore,INDIAN_INSTITUTE_OF_SCIENCE_BANGALORE,,
514,theses,Bengaluru,GPE,Bengaluru,BENGALURU,,
515,theses,Aerospace Engineering,DEPARTMENT,Aerospace Engineering,AEROSPACE_ENGINEERING,,
515,theses,Indian Institute of Science Bangalore,ORG,Indian Institute of Science Bangalore,INDIAN_INSTITUTE_OF_SCIENCE_BANGALORE,,
515,theses,Bengaluru,GPE,Bengaluru,BENGALURU,,
274,theses,Civil Engineering,DEPARTMENT,Civil Engineering,CIVIL_ENGINEERING,,
274,theses,Indian Institute of Science Bangalore,ORG,Indian Institute of Science Bangalore,INDIAN_INSTITUTE_OF_SCIENCE_BANGALORE,,
274,theses,Bengaluru,GPE,Bengaluru,BENGALURU,,
277,theses,Materials Engineering,DEPARTMENT,Materials Engineering,MATERIALS_ENGINEERING,,
277,theses,Indian Institute of Science Bangalore,ORG,Indian Institute of Science Bangalore,INDIAN_INSTITUTE_OF_SCIENCE_BANGALORE,,
277,theses,Bengaluru,GPE,Bengaluru,BENGALURU,,
278,theses,India,GPE,India,INDIA,393,398
278,theses,Mechanical Engineering,DEPARTMENT,Mechanical Engineering,MECHANICAL_ENGINEERING,,
278,theses,Indian Institute of Science Bangalore,ORG,Indian Institute of Science Bangalore,INDIAN_INSTITUTE_OF_SCIENCE_BANGALORE,,
278,theses,Bengaluru,GPE,Bengaluru,BENGALURU,,
279,theses,Electrical Communication Engineering,DEPARTMENT,Electrical Communication Engineering,ELECTRICAL_COMMUNICATION_ENGINEERING,,
279,theses,Indian Institute of Science Bangalore,ORG,Indian Institute of Science Bangalore,INDIAN_INSTITUTE_OF_SCIENCE_BANGALORE,,
279,theses,Bengaluru,GPE,Bengaluru,BENGALURU,,
280,theses,physics,DEPARTMENT,Physics,PHYSICS,1263,1270
280,theses,Electronic Systems Engineering,DEPARTMENT,Electronic Systems Engineering,ELECTRONIC_SYSTEMS_ENGINEERING,,
280,theses,Indian Institute of Science Bangalore,ORG,Indian Institute of Science Bangalore,INDIAN_INSTITUTE_OF_SCIENCE_BANGALORE,,
280,theses,Bengaluru,GPE,Bengaluru,BENGALURU,,
281,theses,Aerospace Engineering,DEPARTMENT,Aerospace Engineering,AEROSPACE_ENGINEERING,,
281,theses,Indian Institute of Science Bangalore,ORG,Indian Institute of Science Bangalore,INDIAN_INSTITUTE_OF_SCIENCE_BANGALORE,,
281,theses,Bengaluru,GPE,Bengaluru,BENGALURU,,
282,theses,Computer Science and Automation,DEPARTMENT,Computer Science and Automation,COMPUTER_SCIENCE_AND_AUTOMATION,,
282,theses,Indian Institute of Science Bangalore,ORG,Indian Institute of Science Bangalore,INDIAN_INSTITUTE_OF_SCIENCE_BANGALORE,,
282,theses,Bengaluru,GPE,Bengaluru,BENGALURU,,
283,theses,Centre for Nano Science and Engineering,DEPARTMENT,Centre for Nano Science and Engineering,CENTRE_FOR_NANO_SCIENCE_AND_ENGINEERING,,
283,theses,Indian Institute of Science Bangalore,ORG,Indian Institute of Science Bangalore,INDIAN_INSTITUTE_OF_SCIENCE_BANGALORE,,
283,theses,Bengaluru,GPE,Bengaluru,BENGALURU,,
284,theses,Materials Engineering,DEPARTMENT,Materials Engineering,MATERIALS_ENGINEERING,,
284,theses,Indian Institute of Science Bangalore,ORG,Indian Institute of Science Bangalore,INDIAN_INSTITUTE_OF_SCIENCE_BANGALORE,,
284,theses,Bengaluru,GPE,Bengaluru,BENGALURU,,
285,theses,Chemical Engineering,DEPARTMENT,Chemical Engineering,CHEMICAL_ENGINEERING,,
285,theses,Indian Institute of Science Bangalore,ORG,Indian Institute of Science Bangalore,INDIAN_INSTITUTE_OF_SCIENCE_BANGALORE,,
285,theses,Bengaluru,GPE,Bengaluru,BENGALURU,,
286,theses,Centre for Nano Science and Engineering,DEPARTMENT,Centre for Nano Science and Engineering,CENTRE_FOR_NANO_SCIENCE_AND_ENGINEERING,,
286,theses,Indian Institute of Science Bangalore,ORG,Indian Institute of Science Bangalore,INDIAN_INSTITUTE_OF_SCIENCE_BANGALORE,,
286,theses,Bengaluru,GPE,Bengaluru,BENGALURU,,
287,theses,Materials Engineering,DEPARTMENT,Materials Engineering,MATERIALS_ENGINEERING,,
287,theses,Indian Institute of Science Bangalore,ORG,Indian Institute of Science Bangalore,INDIAN_INSTITUTE_OF_SCIENCE_BANGALORE,,
287,theses,Bengaluru,GPE,Bengaluru,BENGALURU,,
288,theses,Materials Research Centre,DEPARTMENT,Materials Research Centre,MATERIALS_RESEARCH_CENTRE,,
288,theses,Indian Institute of Science Bangalore,ORG,Indian Institute of Science Bangalore,INDIAN_INSTITUTE_OF_SCIENCE_BANGALORE,,
288,theses,Bengaluru,GPE,Bengaluru,BENGALURU,,
289,theses,Computer Science and Automation,DEPARTMENT,Computer Science and Automation,COMPUTER_SCIENCE_AND_AUTOMATION,,
289,theses,Indian Institute of Science Bangalore,ORG,Indian Institute of Science Bangalore,INDIAN_INSTITUTE_OF_SCIENCE_BANGALORE,,
289,theses,Bengaluru,GPE,Bengaluru,BENGALURU,,
290,theses,Materials Research Centre,DEPARTMENT,Materials Research Centre,MATERIALS_RESEARCH_CENTRE,,
290,theses,Indian Institute of Science Bangalore,ORG,Indian Institute of Science Bangalore,INDIAN_INSTITUTE_OF_SCIENCE_BANGALORE,,
290,theses,Bengaluru,GPE,Bengaluru,BENGALURU,,
291,theses,Electrical Communication Engineering,DEPARTMENT,Electrical Communication Engineering,ELECTRICAL_COMMUNICATION_ENGINEERING,,
291,theses,Indian Institute of Science Bangalore,ORG,Indian Institute of Science Bangalore,INDIAN_INSTITUTE_OF_SCIENCE_BANGALORE,,
291,theses,Bengaluru,GPE,Bengaluru,BENGALURU,,
292,theses,Computer Science and Automation,DEPARTMENT,Computer Science and Automation,COMPUTER_SCIENCE_AND_AUTOMATION,,
292,theses,Indian Institute of Science Bangalore,ORG,Indian Institute of Science Bangalore,INDIAN_INSTITUTE_OF_SCIENCE_BANGALORE,,
292,theses,Bengaluru,GPE,Bengaluru,BENGALURU,,
293,theses,Electrical Communication Engineering,DEPARTMENT,Electrical Communication Engineering,ELECTRICAL_COMMUNICATION_ENGINEERING,,
293,theses,Indian Institute of Science Bangalore,ORG,Indian Institute of Science Bangalore,INDIAN_INSTITUTE_OF_SCIENCE_BANGALORE,,
293,theses,Bengaluru,GPE,Bengaluru,BENGALURU,,
294,theses,Centre for Nano Science and Engineering,DEPARTMENT,Centre for Nano Science and Engineering,CENTRE_FOR_NANO_SCIENCE_AND_ENGINEERING,,
294,theses,Indian Institute of Science Bangalore,ORG,Indian Institute of Science Bangalore,INDIAN_INSTITUTE_OF_SCIENCE_BANGALORE,,
294,theses,Bengaluru,GPE,Bengaluru,BENGALURU,,
295,theses,Centre for Product Design and Manufacturing,DEPARTMENT,Centre for Product Design and Manufacturing,CENTRE_FOR_PRODUCT_DESIGN_AND_MANUFACTURING,,
295,theses,Indian Institute of Science Bangalore,ORG,Indian Institute of Science Bangalore,INDIAN_INSTITUTE_OF_SCIENCE_BANGALORE,,
295,theses,Bengaluru,GPE,Bengaluru,BENGALURU,,
296,theses,Supercomputer Education and Research Centre,DEPARTMENT,Supercomputer Education and Research Centre,SUPERCOMPUTER_EDUCATION_AND_RESEARCH_CENTRE,,
296,theses,Indian Institute of Science Bangalore,ORG,Indian Institute of Science Bangalore,INDIAN_INSTITUTE_OF_SCIENCE_BANGALORE,,
296,theses,Bengaluru,GPE,Bengaluru,BENGALURU,,
297,theses,Computational and Data Sciences,DEPARTMENT,Computational and Data Sciences,COMPUTATIONAL_AND_DATA_SCIENCES,,
297,theses,Indian Institute of Science Bangalore,ORG,Indian Institute of Science Bangalore,INDIAN_INSTITUTE_OF_SCIENCE_BANGALORE,,
297,theses,Bengaluru,GPE,Bengaluru,BENGALURU,,
298,theses,Aerospace Engineering,DEPARTMENT,Aerospace Engineering,AEROSPACE_ENGINEERING,,
298,theses,Indian Institute of Science Bangalore,ORG,Indian Institute of Science Bangalore,INDIAN_INSTITUTE_OF_SCIENCE_BANGALORE,,
298,theses,Bengaluru,GPE,Bengaluru,BENGALURU,,
299,theses,Chemical Engineering,DEPARTMENT,Chemical Engineering,CHEMICAL_ENGINEERING,,
299,theses,Indian Institute of Science Bangalore,ORG,Indian Institute of Science Bangalore,INDIAN_INSTITUTE_OF_SCIENCE_BANGALORE,,
299,theses,Bengaluru,GPE,Bengaluru,BENGALURU,,
306,theses,Materials Engineering,DEPARTMENT,Materials Engineering,MATERIALS_ENGINEERING,,
306,theses,Indian Institute of Science Bangalore,ORG,Indian Institute of Science Bangalore,INDIAN_INSTITUTE_OF_SCIENCE_BANGALORE,,
306,theses,Bengaluru,GPE,Bengaluru,BENGALURU,,
301,theses,India,GPE,India,INDIA,926,931
301,theses,2016,DATE,2016,,799,803
301,theses,Centre for BioSystems Science and Engineering,DEPARTMENT,Centre for BioSystems Science and Engineering,CENTRE_FOR_BIOSYSTEMS_SCIENCE_AND_ENGINEERING,,
301,theses,Indian Institute of Science Bangalore,ORG,Indian Institute of Science Bangalore,INDIAN_INSTITUTE_OF_SCIENCE_BANGALORE,,
301,theses,Bengaluru,GPE,Bengaluru,BENGALURU,,
523,theses,Civil Engineering,DEPARTMENT,Civil Engineering,CIVIL_ENGINEERING,,
523,theses,Indian Institute of Science Bangalore,ORG,Indian Institute of Science Bangalore,INDIAN_INSTITUTE_OF_SCIENCE_BANGALORE,,
523,theses,Bengaluru,GPE,Bengaluru,BENGALURU,,
524,theses,Civil Engineering,DEPARTMENT,Civil Engineering,CIVIL_ENGINEERING,,
524,theses,Indian Institute of Science Bangalore,ORG,Indian Institute of Science Bangalore,INDIAN_INSTITUTE_OF_SCIENCE_BANGALORE,,
524,theses,Bengaluru,GPE,Bengaluru,BENGALURU,,
1124,theses,R V College of Engineering,ORG,R V College of Engineering,R_V_COLLEGE_OF_ENGINEERING,,
1124,theses,Bengaluru,GPE,Bengaluru,BENGALURU,,
1125,theses,R V College of Engineering,ORG,R V College of Engineering,R_V_COLLEGE_OF_ENGINEERING,,
1125,theses,Bengaluru,GPE,Bengaluru,BENGALURU,,
8,theses,B.M.S. College of Engineering,ORG,B.M.S. College of Engineering,BMS_COLLEGE_OF_ENGINEERING,,
8,theses,Bengaluru,GPE,Bengaluru,BENGALURU,,
302,theses,Mechanical Engineering,DEPARTMENT,Mechanical Engineering,MECHANICAL_ENGINEERING,,
302,theses,Indian Institute of Science Bangalore,ORG,Indian Institute of Science Bangalore,INDIAN_INSTITUTE_OF_SCIENCE_BANGALORE,,
302,theses,Bengaluru,GPE,Bengaluru,BENGALURU,,
303,theses,Centre for Sustainable Technology,DEPARTMENT,Centre for Sustainable Technology,CENTRE_FOR_SUSTAINABLE_TECHNOLOGY,,
303,theses,Indian Institute of Science Bangalore,ORG,Indian Institute of Science Bangalore,INDIAN_INSTITUTE_OF_SCIENCE_BANGALORE,,
303,theses,Bengaluru,GPE,Bengaluru,BENGALURU,,
525,theses,Physics,DEPARTMENT,Physics,PHYSICS,0,7
525,theses,Electronic Systems Engineering,DEPARTMENT,Electronic Systems Engineering,ELECTRONIC_SYSTEMS_ENGINEERING,,
525,theses,Indian Institute of Science Bangalore,ORG,Indian Institute of Science Bangalore,INDIAN_INSTITUTE_OF_SCIENCE_BANGALORE,,
525,theses,Bengaluru,GPE,Bengaluru,BENGALURU,,
9,theses,B.M.S. College of Engineering,ORG,B.M.S. College of Engineering,BMS_COLLEGE_OF_ENGINEERING,,
9,theses,Bengaluru,GPE,Bengaluru,BENGALURU,,
304,theses,Materials Engineering,DEPARTMENT,Materials Engineering,MATERIALS_ENGINEERING,,
304,theses,Indian Institute of Science Bangalore,ORG,Indian Institute of Science Bangalore,INDIAN_INSTITUTE_OF_SCIENCE_BANGALORE,,
304,theses,Bengaluru,GPE,Bengaluru,BENGALURU,,
305,theses,1970,DATE,1970,,522,526
305,theses,Centre for Sustainable Technology,DEPARTMENT,Centre for Sustainable Technology,CENTRE_FOR_SUSTAINABLE_TECHNOLOGY,,
305,theses,Indian Institute of Science Bangalore,ORG,Indian Institute of Science Bangalore,INDIAN_INSTITUTE_OF_SCIENCE_BANGALORE,,
305,theses,Bengaluru,GPE,Bengaluru,BENGALURU,,
307,theses,Aerospace Engineering,DEPARTMENT,Aerospace Engineering,AEROSPACE_ENGINEERING,,
307,theses,Indian Institute of Science Bangalore,ORG,Indian Institute of Science Bangalore,INDIAN_INSTITUTE_OF_SCIENCE_BANGALORE,,
307,theses,Bengaluru,GPE,Bengaluru,BENGALURU,,
528,theses,Electrical Communication Engineering,DEPARTMENT,Electrical Communication Engineering,ELECTRICAL_COMMUNICATION_ENGINEERING,,
528,theses,Indian Institute of Science Bangalore,ORG,Indian Institute of Science Bangalore,INDIAN_INSTITUTE_OF_SCIENCE_BANGALORE,,
528,theses,Bengaluru,GPE,Bengaluru,BENGALURU,,
308,theses,Aerospace Engineering,DEPARTMENT,Aerospace Engineering,AEROSPACE_ENGINEERING,,
308,theses,Indian Institute of Science Bangalore,ORG,Indian Institute of Science Bangalore,INDIAN_INSTITUTE_OF_SCIENCE_BANGALORE,,
308,theses,Bengaluru,GPE,Bengaluru,BENGALURU,,
309,theses,Electrical Engineering,DEPARTMENT,Electrical Engineering,ELECTRICAL_ENGINEERING,,
309,theses,Indian Institute of Science Bangalore,ORG,Indian Institute of Science Bangalore,INDIAN_INSTITUTE_OF_SCIENCE_BANGALORE,,
309,theses,Bengaluru,GPE,Bengaluru,BENGALURU,,
310,theses,Mechanical Engineering,DEPARTMENT,Mechanical Engineering,MECHANICAL_ENGINEERING,,
310,theses,Indian Institute of Science Bangalore,ORG,Indian Institute of Science Bangalore,INDIAN_INSTITUTE_OF_SCIENCE_BANGALORE,,
310,theses,Bengaluru,GPE,Bengaluru,BENGALURU,,
311,theses,Centre for Nano Science and Engineering,DEPARTMENT,Centre for Nano Science and Engineering,CENTRE_FOR_NANO_SCIENCE_AND_ENGINEERING,,
311,theses,Indian Institute of Science Bangalore,ORG,Indian Institute of Science Bangalore,INDIAN_INSTITUTE_OF_SCIENCE_BANGALORE,,
311,theses,Bengaluru,GPE,Bengaluru,BENGALURU,,
312,theses,Centre for Nano Science and Engineering,DEPARTMENT,Centre for Nano Science and Engineering,CENTRE_FOR_NANO_SCIENCE_AND_ENGINEERING,,
312,theses,Indian Institute of Science Bangalore,ORG,Indian Institute of Science Bangalore,INDIAN_INSTITUTE_OF_SCIENCE_BANGALORE,,
312,theses,Bengaluru,GPE,Bengaluru,BENGALURU,,
313,theses,2013,DATE,2013,,1047,1051
313,theses,Centre for Nano Science and Engineering,DEPARTMENT,Centre for Nano Science and Engineering,CENTRE_FOR_NANO_SCIENCE_AND_ENGINEERING,,
313,theses,Indian Institute of Science Bangalore,ORG,Indian Institute of Science Bangalore,INDIAN_INSTITUTE_OF_SCIENCE_BANGALORE,,
313,theses,Bengaluru,GPE,Bengaluru,BENGALURU,,
314,theses,Chemical Engineering,DEPARTMENT,Chemical Engineering,CHEMICAL_ENGINEERING,,
314,theses,Indian Institute of Science Bangalore,ORG,Indian Institute of Science Bangalore,INDIAN_INSTITUTE_OF_SCIENCE_BANGALORE,,
314,theses,Bengaluru,GPE,Bengaluru,BENGALURU,,
315,theses,Computer Science and Automation,DEPARTMENT,Computer Science and Automation,COMPUTER_SCIENCE_AND_AUTOMATION,,
315,theses,Indian Institute of Science Bangalore,ORG,Indian Institute of Science Bangalore,INDIAN_INSTITUTE_OF_SCIENCE_BANGALORE,,
315,theses,Bengaluru,GPE,Bengaluru,BENGALURU,,
316,theses,Centre for Earth Sciences,DEPARTMENT,Centre for Earth Sciences,CENTRE_FOR_EARTH_SCIENCES,,
316,theses,Indian Institute of Science Bangalore,ORG,Indian Institute of Science Bangalore,INDIAN_INSTITUTE_OF_SCIENCE_BANGALORE,,
316,theses,Bengaluru,GPE,Bengaluru,BENGALURU,,
532,theses,Aerospace Engineering,DEPARTMENT,Aerospace Engineering,AEROSPACE_ENGINEERING,,
532,theses,Indian Institute of Science Bangalore,ORG,Indian Institute of Science Bangalore,INDIAN_INSTITUTE_OF_SCIENCE_BANGALORE,,
532,theses,Bengaluru,GPE,Bengaluru,BENGALURU,,
324,theses,Computer Science and Automation,DEPARTMENT,Computer Science and Automation,COMPUTER_SCIENCE_AND_AUTOMATION,,
324,theses,Indian Institute of Science Bangalore,ORG,Indian Institute of Science Bangalore,INDIAN_INSTITUTE_OF_SCIENCE_BANGALORE,,
324,theses,Bengaluru,GPE,Bengaluru,BENGALURU,,
533,theses,Computational and Data Sciences,DEPARTMENT,Computational and Data Sciences,COMPUTATIONAL_AND_DATA_SCIENCES,,
533,theses,Indian Institute of Science Bangalore,ORG,Indian Institute of Science Bangalore,INDIAN_INSTITUTE_OF_SCIENCE_BANGALORE,,
533,theses,Bengaluru,GPE,Bengaluru,BENGALURU,,
1202,theses,R V College of Engineering,ORG,R V College of Engineering,R_V_COLLEGE_OF_ENGINEERING,,
1202,theses,Bengaluru,GPE,Bengaluru,BENGALURU,,
317,theses,Mechanical Engineering,DEPARTMENT,Mechanical Engineering,MECHANICAL_ENGINEERING,,
317,theses,Indian Institute of Science Bangalore,ORG,Indian Institute of Science Bangalore,INDIAN_INSTITUTE_OF_SCIENCE_BANGALORE,,
317,theses,Bengaluru,GPE,Bengaluru,BENGALURU,,
318,theses,Centre for Nano Science and Engineering,DEPARTMENT,Centre for Nano Science and Engineering,CENTRE_FOR_NANO_SCIENCE_AND_ENGINEERING,,
318,theses,Indian Institute of Science Bangalore,ORG,Indian Institute of Science Bangalore,INDIAN_INSTITUTE_OF_SCIENCE_BANGALORE,,
318,theses,Bengaluru,GPE,Bengaluru,BENGALURU,,
319,theses,Electrical Communication Engineering,DEPARTMENT,Electrical Communication Engineering,ELECTRICAL_COMMUNICATION_ENGINEERING,,
319,theses,Indian Institute of Science Bangalore,ORG,Indian Institute of Science Bangalore,INDIAN_INSTITUTE_OF_SCIENCE_BANGALORE,,
319,theses,Bengaluru,GPE,Bengaluru,BENGALURU,,
536,theses,Electrical Engineering,DEPARTMENT,Electrical Engineering,ELECTRICAL_ENGINEERING,,
536,theses,Indian Institute of Science Bangalore,ORG,Indian Institute of Science Bangalore,INDIAN_INSTITUTE_OF_SCIENCE_BANGALORE,,
536,theses,Bengaluru,GPE,Bengaluru,BENGALURU,,
320,theses,Physics,DEPARTMENT,Physics,PHYSICS,,
320,theses,Indian Institute of Science Bangalore,ORG,Indian Institute of Science Bangalore,INDIAN_INSTITUTE_OF_SCIENCE_BANGALORE,,
320,theses,Bengaluru,GPE,Bengaluru,BENGALURU,,
321,theses,Civil Engineering,DEPARTMENT,Civil Engineering,CIVIL_ENGINEERING,,
321,theses,Indian Institute of Science Bangalore,ORG,Indian Institute of Science Bangalore,INDIAN_INSTITUTE_OF_SCIENCE_BANGALORE,,
321,theses,Bengaluru,GPE,Bengaluru,BENGALURU,,
537,theses,Aerospace Engineering,DEPARTMENT,Aerospace Engineering,AEROSPACE_ENGINEERING,,
537,theses,Indian Institute of Science Bangalore,ORG,Indian Institute of Science Bangalore,INDIAN_INSTITUTE_OF_SCIENCE_BANGALORE,,
537,theses,Bengaluru,GPE,Bengaluru,BENGALURU,,
538,theses,Computer Science and Automation,DEPARTMENT,Computer Science and Automation,COMPUTER_SCIENCE_AND_AUTOMATION,,
538,theses,Indian Institute of Science Bangalore,ORG,Indian Institute of Science Bangalore,INDIAN_INSTITUTE_OF_SCIENCE_BANGALORE,,
538,theses,Bengaluru,GPE,Bengaluru,BENGALURU,,
322,theses,Aerospace Engineering,DEPARTMENT,Aerospace Engineering,AEROSPACE_ENGINEERING,,
322,theses,Indian Institute of Science Bangalore,ORG,Indian Institute of Science Bangalore,INDIAN_INSTITUTE_OF_SCIENCE_BANGALORE,,
322,theses,Bengaluru,GPE,Bengaluru,BENGALURU,,
540,theses,Electrical Engineering,DEPARTMENT,Electrical Engineering,ELECTRICAL_ENGINEERING,,
540,theses,Indian Institute of Science Bangalore,ORG,Indian Institute of Science Bangalore,INDIAN_INSTITUTE_OF_SCIENCE_BANGALORE,,
540,theses,Bengaluru,GPE,Bengaluru,BENGALURU,,
541,theses,Mechanical Engineering,DEPARTMENT,Mechanical Engineering,MECHANICAL_ENGINEERING,,
541,theses,Indian Institute of Science Bangalore,ORG,Indian Institute of Science Bangalore,INDIAN_INSTITUTE_OF_SCIENCE_BANGALORE,,
541,theses,Bengaluru,GPE,Bengaluru,BENGALURU,,
1100,theses,R V College of Engineering,ORG,R V College of Engineering,R_V_COLLEGE_OF_ENGINEERING,,
1100,theses,Bengaluru,GPE,Bengaluru,BENGALURU,,
1101,theses,R V College of Engineering,ORG,R V College of Engineering,R_V_COLLEGE_OF_ENGINEERING,,
1101,theses,Bengaluru,GPE,Bengaluru,BENGALURU,,
542,theses,Electrical Communication Engineering,DEPARTMENT,Electrical Communication Engineering,ELECTRICAL_COMMUNICATION_ENGINEERING,,
542,theses,Indian Institute of Science Bangalore,ORG,Indian Institute of Science Bangalore,INDIAN_INSTITUTE_OF_SCIENCE_BANGALORE,,
542,theses,Bengaluru,GPE,Bengaluru,BENGALURU,,
543,theses,Electrical Communication Engineering,DEPARTMENT,Electrical Communication Engineering,ELECTRICAL_COMMUNICATION_ENGINEERING,,
543,theses,Indian Institute of Science Bangalore,ORG,Indian Institute of Science Bangalore,INDIAN_INSTITUTE_OF_SCIENCE_BANGALORE,,
543,theses,Bengaluru,GPE,Bengaluru,BENGALURU,,
352,theses,Materials Engineering,DEPARTMENT,Materials Engineering,MATERIALS_ENGINEERING,,
352,theses,Indian Institute of Science Bangalore,ORG,Indian Institute of Science Bangalore,INDIAN_INSTITUTE_OF_SCIENCE_BANGALORE,,
352,theses,Bengaluru,GPE,Bengaluru,BENGALURU,,
545,theses,Centre for Product Design and Manufacturing,DEPARTMENT,Centre for Product Design and Manufacturing,CENTRE_FOR_PRODUCT_DESIGN_AND_MANUFACTURING,,
545,theses,Indian Institute of Science Bangalore,ORG,Indian Institute of Science Bangalore,INDIAN_INSTITUTE_OF_SCIENCE_BANGALORE,,
545,theses,Bengaluru,GPE,Bengaluru,BENGALURU,,
1240,theses,R V College of Engineering,ORG,R V College of Engineering,R_V_COLLEGE_OF_ENGINEERING,,
1240,theses,Bengaluru,GPE,Bengaluru,BENGALURU,,
323,theses,Materials Engineering,DEPARTMENT,Materials Engineering,MATERIALS_ENGINEERING,,
323,theses,Indian Institute of Science Bangalore,ORG,Indian Institute of Science Bangalore,INDIAN_INSTITUTE_OF_SCIENCE_BANGALORE,,
323,theses,Bengaluru,GPE,Bengaluru,BENGALURU,,
325,theses,Civil Engineering,DEPARTMENT,Civil Engineering,CIVIL_ENGINEERING,,
325,theses,Indian Institute of Science Bangalore,ORG,Indian Institute of Science Bangalore,INDIAN_INSTITUTE_OF_SCIENCE_BANGALORE,,
325,theses,Bengaluru,GPE,Bengaluru,BENGALURU,,
326,theses,Management Studies,DEPARTMENT,Management Studies,MANAGEMENT_STUDIES,,
326,theses,Indian Institute of Science Bangalore,ORG,Indian Institute of Science Bangalore,INDIAN_INSTITUTE_OF_SCIENCE_BANGALORE,,
326,theses,Bengaluru,GPE,Bengaluru,BENGALURU,,
327,theses,Centre for BioSystems Science and Engineering,DEPARTMENT,Centre for BioSystems Science and Engineering,CENTRE_FOR_BIOSYSTEMS_SCIENCE_AND_ENGINEERING,,
327,theses,Indian Institute of Science Bangalore,ORG,Indian Institute of Science Bangalore,INDIAN_INSTITUTE_OF_SCIENCE_BANGALORE,,
327,theses,Bengaluru,GPE,Bengaluru,BENGALURU,,
10,theses,Karnataka,GPE,Karnataka,KARNATAKA,101,110
10,theses,India,GPE,India,INDIA,117,122
10,theses,Karnataka,GPE,Karnataka,KARNATAKA,715,724
10,theses,2017,DATE,2017,,2072,2076
10,theses,B.M.S. College of Engineering,ORG,B.M.S. College of Engineering,BMS_COLLEGE_OF_ENGINEERING,,
10,theses,Bengaluru,GPE,Bengaluru,BENGALURU,,
328,theses,Electronic Systems Engineering,DEPARTMENT,Electronic Systems Engineering,ELECTRONIC_SYSTEMS_ENGINEERING,,
328,theses,Indian Institute of Science Bangalore,ORG,Indian Institute of Science Bangalore,INDIAN_INSTITUTE_OF_SCIENCE_BANGALORE,,
328,theses,Bengaluru,GPE,Bengaluru,BENGALURU,,
329,theses,Chemical Engineering,DEPARTMENT,Chemical Engineering,CHEMICAL_ENGINEERING,,
329,theses,Indian Institute of Science Bangalore,ORG,Indian Institute of Science Bangalore,INDIAN_INSTITUTE_OF_SCIENCE_BANGALORE,,
329,theses,Bengaluru,GPE,Bengaluru,BENGALURU,,
330,theses,Aerospace Engineering,DEPARTMENT,Aerospace Engineering,AEROSPACE_ENGINEERING,,
330,theses,Indian Institute of Science Bangalore,ORG,Indian Institute of Science Bangalore,INDIAN_INSTITUTE_OF_SCIENCE_BANGALORE,,
330,theses,Bengaluru,GPE,Bengaluru,BENGALURU,,
11,theses,B.M.S. College of Engineering,ORG,B.M.S. College of Engineering,BMS_COLLEGE_OF_ENGINEERING,,
11,theses,Bengaluru,GPE,Bengaluru,BENGALURU,,
331,theses,Materials Engineering,DEPARTMENT,Materials Engineering,MATERIALS_ENGINEERING,,
331,theses,Indian Institute of Science Bangalore,ORG,Indian Institute of Science Bangalore,INDIAN_INSTITUTE_OF_SCIENCE_BANGALORE,,
331,theses,Bengaluru,GPE,Bengaluru,BENGALURU,,
332,theses,Civil Engineering,DEPARTMENT,Civil Engineering,CIVIL_ENGINEERING,,
332,theses,Indian Institute of Science Bangalore,ORG,Indian Institute of Science Bangalore,INDIAN_INSTITUTE_OF_SCIENCE_BANGALORE,,
332,theses,Bengaluru,GPE,Bengaluru,BENGALURU,,
335,theses,Centre for Product Design and Manufacturing,DEPARTMENT,Centre for Product Design and Manufacturing,CENTRE_FOR_PRODUCT_DESIGN_AND_MANUFACTURING,,
335,theses,Indian Institute of Science Bangalore,ORG,Indian Institute of Science Bangalore,INDIAN_INSTITUTE_OF_SCIENCE_BANGALORE,,
335,theses,Bengaluru,GPE,Bengaluru,BENGALURU,,
336,theses,Electrical Communication Engineering,DEPARTMENT,Electrical Communication Engineering,ELECTRICAL_COMMUNICATION_ENGINEERING,,
336,theses,Indian Institute of Science Bangalore,ORG,Indian Institute of Science Bangalore,INDIAN_INSTITUTE_OF_SCIENCE_BANGALORE,,
336,theses,Bengaluru,GPE,Bengaluru,BENGALURU,,
337,theses,Centre for Nano Science and Engineering,DEPARTMENT,Centre for Nano Science and Engineering,CENTRE_FOR_NANO_SCIENCE_AND_ENGINEERING,,
337,theses,Indian Institute of Science Bangalore,ORG,Indian Institute of Science Bangalore,INDIAN_INSTITUTE_OF_SCIENCE_BANGALORE,,
337,theses,Bengaluru,GPE,Bengaluru,BENGALURU,,
338,theses,Materials Engineering,DEPARTMENT,Materials Engineering,MATERIALS_ENGINEERING,,
338,theses,Indian Institute of Science Bangalore,ORG,Indian Institute of Science Bangalore,INDIAN_INSTITUTE_OF_SCIENCE_BANGALORE,,
338,theses,Bengaluru,GPE,Bengaluru,BENGALURU,,
339,theses,Electrical Engineering,DEPARTMENT,Electrical Engineering,ELECTRICAL_ENGINEERING,,
339,theses,Indian Institute of Science Bangalore,ORG,Indian Institute of Science Bangalore,INDIAN_INSTITUTE_OF_SCIENCE_BANGALORE,,
339,theses,Bengaluru,GPE,Bengaluru,BENGALURU,,
340,theses,Electrical Communication Engineering,DEPARTMENT,Electrical Communication Engineering,ELECTRICAL_COMMUNICATION_ENGINEERING,,
340,theses,Indian Institute of Science Bangalore,ORG,Indian Institute of Science Bangalore,INDIAN_INSTITUTE_OF_SCIENCE_BANGALORE,,
340,theses,Bengaluru,GPE,Bengaluru,BENGALURU,,
341,theses,Materials Engineering,DEPARTMENT,Materials Engineering,MATERIALS_ENGINEERING,,
341,theses,Indian Institute of Science Bangalore,ORG,Indian Institute of Science Bangalore,INDIAN_INSTITUTE_OF_SCIENCE_BANGALORE,,
341,theses,Bengaluru,GPE,Bengaluru,BENGALURU,,
342,theses,1972,DATE,1972,,220,224
342,theses,Materials Engineering,DEPARTMENT,Materials Engineering,MATERIALS_ENGINEERING,,
342,theses,Indian Institute of Science Bangalore,ORG,Indian Institute of Science Bangalore,INDIAN_INSTITUTE_OF_SCIENCE_BANGALORE,,
342,theses,Bengaluru,GPE,Bengaluru,BENGALURU,,
553,theses,Electronic Systems Engineering,DEPARTMENT,Electronic Systems Engineering,ELECTRONIC_SYSTEMS_ENGINEERING,,
553,theses,Indian Institute of Science Bangalore,ORG,Indian Institute of Science Bangalore,INDIAN_INSTITUTE_OF_SCIENCE_BANGALORE,,
553,theses,Bengaluru,GPE,Bengaluru,BENGALURU,,
343,theses,Electrical Engineering,DEPARTMENT,Electrical Engineering,ELECTRICAL_ENGINEERING,,
343,theses,Indian Institute of Science Bangalore,ORG,Indian Institute of Science Bangalore,INDIAN_INSTITUTE_OF_SCIENCE_BANGALORE,,
343,theses,Bengaluru,GPE,Bengaluru,BENGALURU,,
344,theses,Electrical Communication Engineering,DEPARTMENT,Electrical Communication Engineering,ELECTRICAL_COMMUNICATION_ENGINEERING,,
344,theses,Indian Institute of Science Bangalore,ORG,Indian Institute of Science Bangalore,INDIAN_INSTITUTE_OF_SCIENCE_BANGALORE,,
344,theses,Bengaluru,GPE,Bengaluru,BENGALURU,,
12,theses,B.M.S. College of Engineering,ORG,B.M.S. College of Engineering,BMS_COLLEGE_OF_ENGINEERING,,
12,theses,Bengaluru,GPE,Bengaluru,BENGALURU,,
345,theses,Materials Research Centre,DEPARTMENT,Materials Research Centre,MATERIALS_RESEARCH_CENTRE,,
345,theses,Indian Institute of Science Bangalore,ORG,Indian Institute of Science Bangalore,INDIAN_INSTITUTE_OF_SCIENCE_BANGALORE,,
345,theses,Bengaluru,GPE,Bengaluru,BENGALURU,,
346,theses,Mechanical Engineering,DEPARTMENT,Mechanical Engineering,MECHANICAL_ENGINEERING,,
346,theses,Indian Institute of Science Bangalore,ORG,Indian Institute of Science Bangalore,INDIAN_INSTITUTE_OF_SCIENCE_BANGALORE,,
346,theses,Bengaluru,GPE,Bengaluru,BENGALURU,,
347,theses,Computational and Data Sciences,DEPARTMENT,Computational and Data Sciences,COMPUTATIONAL_AND_DATA_SCIENCES,,
347,theses,Indian Institute of Science Bangalore,ORG,Indian Institute of Science Bangalore,INDIAN_INSTITUTE_OF_SCIENCE_BANGALORE,,
347,theses,Bengaluru,GPE,Bengaluru,BENGALURU,,
555,theses,Electrical Engineering,DEPARTMENT,Electrical Engineering,ELECTRICAL_ENGINEERING,,
555,theses,Indian Institute of Science Bangalore,ORG,Indian Institute of Science Bangalore,INDIAN_INSTITUTE_OF_SCIENCE_BANGALORE,,
555,theses,Bengaluru,GPE,Bengaluru,BENGALURU,,
556,theses,Civil Engineering,DEPARTMENT,Civil Engineering,CIVIL_ENGINEERING,,
556,theses,Indian Institute of Science Bangalore,ORG,Indian Institute of Science Bangalore,INDIAN_INSTITUTE_OF_SCIENCE_BANGALORE,,
556,theses,Bengaluru,GPE,Bengaluru,BENGALURU,,
375,theses,Civil Engineering,DEPARTMENT,Civil Engineering,CIVIL_ENGINEERING,,
375,theses,Indian Institute of Science Bangalore,ORG,Indian Institute of Science Bangalore,INDIAN_INSTITUTE_OF_SCIENCE_BANGALORE,,
375,theses,Bengaluru,GPE,Bengaluru,BENGALURU,,
376,theses,Aerospace Engineering,DEPARTMENT,Aerospace Engineering,AEROSPACE_ENGINEERING,,
376,theses,Indian Institute of Science Bangalore,ORG,Indian Institute of Science Bangalore,INDIAN_INSTITUTE_OF_SCIENCE_BANGALORE,,
376,theses,Bengaluru,GPE,Bengaluru,BENGALURU,,
558,theses,Chemical Engineering,DEPARTMENT,Chemical Engineering,CHEMICAL_ENGINEERING,,
558,theses,Indian Institute of Science Bangalore,ORG,Indian Institute of Science Bangalore,INDIAN_INSTITUTE_OF_SCIENCE_BANGALORE,,
558,theses,Bengaluru,GPE,Bengaluru,BENGALURU,,
559,theses,Mechanical Engineering,DEPARTMENT,Mechanical Engineering,MECHANICAL_ENGINEERING,,
559,theses,Indian Institute of Science Bangalore,ORG,Indian Institute of Science Bangalore,INDIAN_INSTITUTE_OF_SCIENCE_BANGALORE,,
559,theses,Bengaluru,GPE,Bengaluru,BENGALURU,,
1121,theses,R V College of Engineering,ORG,R V College of Engineering,R_V_COLLEGE_OF_ENGINEERING,,
1121,theses,Bengaluru,GPE,Bengaluru,BENGALURU,,
348,theses,Centre for BioSystems Science and Engineering,DEPARTMENT,Centre for BioSystems Science and Engineering,CENTRE_FOR_BIOSYSTEMS_SCIENCE_AND_ENGINEERING,,
348,theses,Indian Institute of Science Bangalore,ORG,Indian Institute of Science Bangalore,INDIAN_INSTITUTE_OF_SCIENCE_BANGALORE,,
348,theses,Bengaluru,GPE,Bengaluru,BENGALURU,,
349,theses,Centre for Nano Science and Engineering,DEPARTMENT,Centre for Nano Science and Engineering,CENTRE_FOR_NANO_SCIENCE_AND_ENGINEERING,,
349,theses,Indian Institute of Science Bangalore,ORG,Indian Institute of Science Bangalore,INDIAN_INSTITUTE_OF_SCIENCE_BANGALORE,,
349,theses,Bengaluru,GPE,Bengaluru,BENGALURU,,
350,theses,Electrical Engineering,DEPARTMENT,Electrical Engineering,ELECTRICAL_ENGINEERING,,
350,theses,Indian Institute of Science Bangalore,ORG,Indian Institute of Science Bangalore,INDIAN_INSTITUTE_OF_SCIENCE_BANGALORE,,
350,theses,Bengaluru,GPE,Bengaluru,BENGALURU,,
1122,theses,R V College of Engineering,ORG,R V College of Engineering,R_V_COLLEGE_OF_ENGINEERING,,
1122,theses,Bengaluru,GPE,Bengaluru,BENGALURU,,
351,theses,Electrical Communication Engineering,DEPARTMENT,Electrical Communication Engineering,ELECTRICAL_COMMUNICATION_ENGINEERING,,
351,theses,Indian Institute of Science Bangalore,ORG,Indian Institute of Science Bangalore,INDIAN_INSTITUTE_OF_SCIENCE_BANGALORE,,
351,theses,Bengaluru,GPE,Bengaluru,BENGALURU,,
353,theses,Electronic Systems Engineering,DEPARTMENT,Electronic Systems Engineering,ELECTRONIC_SYSTEMS_ENGINEERING,,
353,theses,Indian Institute of Science Bangalore,ORG,Indian Institute of Science Bangalore,INDIAN_INSTITUTE_OF_SCIENCE_BANGALORE,,
353,theses,Bengaluru,GPE,Bengaluru,BENGALURU,,
354,theses,1950,DATE,1950,,1289,1293
354,theses,Materials Engineering,DEPARTMENT,Materials Engineering,MATERIALS_ENGINEERING,,
354,theses,Indian Institute of Science Bangalore,ORG,Indian Institute of Science Bangalore,INDIAN_INSTITUTE_OF_SCIENCE_BANGALORE,,
354,theses,Bengaluru,GPE,Bengaluru,BENGALURU,,
355,theses,Centre for Nano Science and Engineering,DEPARTMENT,Centre for Nano Science and Engineering,CENTRE_FOR_NANO_SCIENCE_AND_ENGINEERING,,
355,theses,Indian Institute of Science Bangalore,ORG,Indian Institute of Science Bangalore,INDIAN_INSTITUTE_OF_SCIENCE_BANGALORE,,
355,theses,Bengaluru,GPE,Bengaluru,BENGALURU,,
356,theses,2030,DATE,2030,,231,235
356,theses,Materials Research Centre,DEPARTMENT,Materials Research Centre,MATERIALS_RESEARCH_CENTRE,,
356,theses,Indian Institute of Science Bangalore,ORG,Indian Institute of Science Bangalore,INDIAN_INSTITUTE_OF_SCIENCE_BANGALORE,,
356,theses,Bengaluru,GPE,Bengaluru,BENGALURU,,
357,theses,Electrical Communication Engineering,DEPARTMENT,Electrical Communication Engineering,ELECTRICAL_COMMUNICATION_ENGINEERING,,
357,theses,Indian Institute of Science Bangalore,ORG,Indian Institute of Science Bangalore,INDIAN_INSTITUTE_OF_SCIENCE_BANGALORE,,
357,theses,Bengaluru,GPE,Bengaluru,BENGALURU,,
358,theses,Electrical Engineering,DEPARTMENT,Electrical Engineering,ELECTRICAL_ENGINEERING,,
358,theses,Indian Institute of Science Bangalore,ORG,Indian Institute of Science Bangalore,INDIAN_INSTITUTE_OF_SCIENCE_BANGALORE,,
358,theses,Bengaluru,GPE,Bengaluru,BENGALURU,,
388,theses,Centre for Nano Science and Engineering,DEPARTMENT,Centre for Nano Science and Engineering,CENTRE_FOR_NANO_SCIENCE_AND_ENGINEERING,,
388,theses,Indian Institute of Science Bangalore,ORG,Indian Institute of Science Bangalore,INDIAN_INSTITUTE_OF_SCIENCE_BANGALORE,,
388,theses,Bengaluru,GPE,Bengaluru,BENGALURU,,
563,theses,Electrical Engineering,DEPARTMENT,Electrical Engineering,ELECTRICAL_ENGINEERING,,
563,theses,Indian Institute of Science Bangalore,ORG,Indian Institute of Science Bangalore,INDIAN_INSTITUTE_OF_SCIENCE_BANGALORE,,
563,theses,Bengaluru,GPE,Bengaluru,BENGALURU,,
359,theses,Electronic Systems Engineering,DEPARTMENT,Electronic Systems Engineering,ELECTRONIC_SYSTEMS_ENGINEERING,,
359,theses,Indian Institute of Science Bangalore,ORG,Indian Institute of Science Bangalore,INDIAN_INSTITUTE_OF_SCIENCE_BANGALORE,,
359,theses,Bengaluru,GPE,Bengaluru,BENGALURU,,
360,theses,Electrical Communication Engineering,DEPARTMENT,Electrical Communication Engineering,ELECTRICAL_COMMUNICATION_ENGINEERING,,
360,theses,Indian Institute of Science Bangalore,ORG,Indian Institute of Science Bangalore,INDIAN_INSTITUTE_OF_SCIENCE_BANGALORE,,
360,theses,Bengaluru,GPE,Bengaluru,BENGALURU,,
361,theses,Aerospace Engineering,DEPARTMENT,Aerospace Engineering,AEROSPACE_ENGINEERING,,
361,theses,Indian Institute of Science Bangalore,ORG,Indian Institute of Science Bangalore,INDIAN_INSTITUTE_OF_SCIENCE_BANGALORE,,
361,theses,Bengaluru,GPE,Bengaluru,BENGALURU,,
362,theses,Electronic Systems Engineering,DEPARTMENT,Electronic Systems Engineering,ELECTRONIC_SYSTEMS_ENGINEERING,,
362,theses,Indian Institute of Science Bangalore,ORG,Indian Institute of Science Bangalore,INDIAN_INSTITUTE_OF_SCIENCE_BANGALORE,,
362,theses,Bengaluru,GPE,Bengaluru,BENGALURU,,
13,theses,B.M.S. College of Engineering,ORG,B.M.S. College of Engineering,BMS_COLLEGE_OF_ENGINEERING,,
13,theses,Bengaluru,GPE,Bengaluru,BENGALURU,,
363,theses,Materials Engineering,DEPARTMENT,Materials Engineering,MATERIALS_ENGINEERING,,
363,theses,Indian Institute of Science Bangalore,ORG,Indian Institute of Science Bangalore,INDIAN_INSTITUTE_OF_SCIENCE_BANGALORE,,
363,theses,Bengaluru,GPE,Bengaluru,BENGALURU,,
397,theses,Electronic Systems Engineering,DEPARTMENT,Electronic Systems Engineering,ELECTRONIC_SYSTEMS_ENGINEERING,,
397,theses,Indian Institute of Science Bangalore,ORG,Indian Institute of Science Bangalore,INDIAN_INSTITUTE_OF_SCIENCE_BANGALORE,,
397,theses,Bengaluru,GPE,Bengaluru,BENGALURU,,
501,theses,Mechanical Engineering,DEPARTMENT,Mechanical Engineering,MECHANICAL_ENGINEERING,,
501,theses,Indian Institute of Science Bangalore,ORG,Indian Institute of Science Bangalore,INDIAN_INSTITUTE_OF_SCIENCE_BANGALORE,,
501,theses,Bengaluru,GPE,Bengaluru,BENGALURU,,
364,theses,India,GPE,India,INDIA,367,372
364,theses,Centre for Sustainable Technology,DEPARTMENT,Centre for Sustainable Technology,CENTRE_FOR_SUSTAINABLE_TECHNOLOGY,,
364,theses,Indian Institute of Science Bangalore,ORG,Indian Institute of Science Bangalore,INDIAN_INSTITUTE_OF_SCIENCE_BANGALORE,,
364,theses,Bengaluru,GPE,Bengaluru,BENGALURU,,
365,theses,Chemical Engineering,DEPARTMENT,Chemical Engineering,CHEMICAL_ENGINEERING,,
365,theses,Indian Institute of Science Bangalore,ORG,Indian Institute of Science Bangalore,INDIAN_INSTITUTE_OF_SCIENCE_BANGALORE,,
365,theses,Bengaluru,GPE,Bengaluru,BENGALURU,,
366,theses,Electrical Communication Engineering,DEPARTMENT,Electrical Communication Engineering,ELECTRICAL_COMMUNICATION_ENGINEERING,,
366,theses,Indian Institute of Science Bangalore,ORG,Indian Institute of Science Bangalore,INDIAN_INSTITUTE_OF_SCIENCE_BANGALORE,,
366,theses,Bengaluru,GPE,Bengaluru,BENGALURU,,
367,theses,Electrical Engineering,DEPARTMENT,Electrical Engineering,ELECTRICAL_ENGINEERING,,
367,theses,Indian Institute of Science Bangalore,ORG,Indian Institute of Science Bangalore,INDIAN_INSTITUTE_OF_SCIENCE_BANGALORE,,
367,theses,Bengaluru,GPE,Bengaluru,BENGALURU,,
368,theses,Mechanical Engineering,DEPARTMENT,Mechanical Engineering,MECHANICAL_ENGINEERING,,
368,theses,Indian Institute of Science Bangalore,ORG,Indian Institute of Science Bangalore,INDIAN_INSTITUTE_OF_SCIENCE_BANGALORE,,
368,theses,Bengaluru,GPE,Bengaluru,BENGALURU,,
369,theses,Materials Research Centre,DEPARTMENT,Materials Research Centre,MATERIALS_RESEARCH_CENTRE,,
369,theses,Indian Institute of Science Bangalore,ORG,Indian Institute of Science Bangalore,INDIAN_INSTITUTE_OF_SCIENCE_BANGALORE,,
369,theses,Bengaluru,GPE,Bengaluru,BENGALURU,,
370,theses,Electrical Engineering,DEPARTMENT,Electrical Engineering,ELECTRICAL_ENGINEERING,,
370,theses,Indian Institute of Science Bangalore,ORG,Indian Institute of Science Bangalore,INDIAN_INSTITUTE_OF_SCIENCE_BANGALORE,,
370,theses,Bengaluru,GPE,Bengaluru,BENGALURU,,
371,theses,Electrical Communication Engineering,DEPARTMENT,Electrical Communication Engineering,ELECTRICAL_COMMUNICATION_ENGINEERING,,
371,theses,Indian Institute of Science Bangalore,ORG,Indian Institute of Science Bangalore,INDIAN_INSTITUTE_OF_SCIENCE_BANGALORE,,
371,theses,Bengaluru,GPE,Bengaluru,BENGALURU,,
372,theses,Electrical Engineering,DEPARTMENT,Electrical Engineering,ELECTRICAL_ENGINEERING,,
372,theses,Indian Institute of Science Bangalore,ORG,Indian Institute of Science Bangalore,INDIAN_INSTITUTE_OF_SCIENCE_BANGALORE,,
372,theses,Bengaluru,GPE,Bengaluru,BENGALURU,,
373,theses,Mechanical Engineering,DEPARTMENT,Mechanical Engineering,MECHANICAL_ENGINEERING,,
373,theses,Indian Institute of Science Bangalore,ORG,Indian Institute of Science Bangalore,INDIAN_INSTITUTE_OF_SCIENCE_BANGALORE,,
373,theses,Bengaluru,GPE,Bengaluru,BENGALURU,,
374,theses,Electrical Engineering,DEPARTMENT,Electrical Engineering,ELECTRICAL_ENGINEERING,,
374,theses,Indian Institute of Science Bangalore,ORG,Indian Institute of Science Bangalore,INDIAN_INSTITUTE_OF_SCIENCE_BANGALORE,,
374,theses,Bengaluru,GPE,Bengaluru,BENGALURU,,
377,theses,Chemical Engineering,DEPARTMENT,Chemical Engineering,CHEMICAL_ENGINEERING,,
377,theses,Indian Institute of Science Bangalore,ORG,Indian Institute of Science Bangalore,INDIAN_INSTITUTE_OF_SCIENCE_BANGALORE,,
377,theses,Bengaluru,GPE,Bengaluru,BENGALURU,,
378,theses,Chemical Engineering,DEPARTMENT,Chemical Engineering,CHEMICAL_ENGINEERING,,
378,theses,Indian Institute of Science Bangalore,ORG,Indian Institute of Science Bangalore,INDIAN_INSTITUTE_OF_SCIENCE_BANGALORE,,
378,theses,Bengaluru,GPE,Bengaluru,BENGALURU,,
379,theses,Civil Engineering,DEPARTMENT,Civil Engineering,CIVIL_ENGINEERING,,
379,theses,Indian Institute of Science Bangalore,ORG,Indian Institute of Science Bangalore,INDIAN_INSTITUTE_OF_SCIENCE_BANGALORE,,
379,theses,Bengaluru,GPE,Bengaluru,BENGALURU,,
380,theses,Civil Engineering,DEPARTMENT,Civil Engineering,CIVIL_ENGINEERING,,
380,theses,Indian Institute of Science Bangalore,ORG,Indian Institute of Science Bangalore,INDIAN_INSTITUTE_OF_SCIENCE_BANGALORE,,
380,theses,Bengaluru,GPE,Bengaluru,BENGALURU,,
381,theses,Centre for Nano Science and Engineering,DEPARTMENT,Centre for Nano Science and Engineering,CENTRE_FOR_NANO_SCIENCE_AND_ENGINEERING,,
381,theses,Indian Institute of Science Bangalore,ORG,Indian Institute of Science Bangalore,INDIAN_INSTITUTE_OF_SCIENCE_BANGALORE,,
381,theses,Bengaluru,GPE,Bengaluru,BENGALURU,,
382,theses,2020,DATE,2020,,277,281
382,theses,2020,DATE,2020,,299,303
382,theses,Electronic Systems Engineering,DEPARTMENT,Electronic Systems Engineering,ELECTRONIC_SYSTEMS_ENGINEERING,,
382,theses,Indian Institute of Science Bangalore,ORG,Indian Institute of Science Bangalore,INDIAN_INSTITUTE_OF_SCIENCE_BANGALORE,,
382,theses,Bengaluru,GPE,Bengaluru,BENGALURU,,
383,theses,Electrical Communication Engineering,DEPARTMENT,Electrical Communication Engineering,ELECTRICAL_COMMUNICATION_ENGINEERING,,
383,theses,Indian Institute of Science Bangalore,ORG,Indian Institute of Science Bangalore,INDIAN_INSTITUTE_OF_SCIENCE_BANGALORE,,
383,theses,Bengaluru,GPE,Bengaluru,BENGALURU,,
384,theses,Electrical Communication Engineering,DEPARTMENT,Electrical Communication Engineering,ELECTRICAL_COMMUNICATION_ENGINEERING,,
384,theses,Indian Institute of Science Bangalore,ORG,Indian Institute of Science Bangalore,INDIAN_INSTITUTE_OF_SCIENCE_BANGALORE,,
384,theses,Bengaluru,GPE,Bengaluru,BENGALURU,,
413,theses,Mechanical Engineering,DEPARTMENT,Mechanical Engineering,MECHANICAL_ENGINEERING,,
413,theses,Indian Institute of Science Bangalore,ORG,Indian Institute of Science Bangalore,INDIAN_INSTITUTE_OF_SCIENCE_BANGALORE,,
413,theses,Bengaluru,GPE,Bengaluru,BENGALURU,,
385,theses,Computer Science and Automation,DEPARTMENT,Computer Science and Automation,COMPUTER_SCIENCE_AND_AUTOMATION,,
385,theses,Indian Institute of Science Bangalore,ORG,Indian Institute of Science Bangalore,INDIAN_INSTITUTE_OF_SCIENCE_BANGALORE,,
385,theses,Bengaluru,GPE,Bengaluru,BENGALURU,,
386,theses,Electrical Communication Engineering,DEPARTMENT,Electrical Communication Engineering,ELECTRICAL_COMMUNICATION_ENGINEERING,,
386,theses,Indian Institute of Science Bangalore,ORG,Indian Institute of Science Bangalore,INDIAN_INSTITUTE_OF_SCIENCE_BANGALORE,,
386,theses,Bengaluru,GPE,Bengaluru,BENGALURU,,
389,theses,Materials Engineering,DEPARTMENT,Materials Engineering,MATERIALS_ENGINEERING,,
389,theses,Indian Institute of Science Bangalore,ORG,Indian Institute of Science Bangalore,INDIAN_INSTITUTE_OF_SCIENCE_BANGALORE,,
389,theses,Bengaluru,GPE,Bengaluru,BENGALURU,,
390,theses,Civil Engineering,DEPARTMENT,Civil Engineering,CIVIL_ENGINEERING,,
390,theses,Indian Institute of Science Bangalore,ORG,Indian Institute of Science Bangalore,INDIAN_INSTITUTE_OF_SCIENCE_BANGALORE,,
390,theses,Bengaluru,GPE,Bengaluru,BENGALURU,,
391,theses,Centre for BioSystems Science and Engineering,DEPARTMENT,Centre for BioSystems Science and Engineering,CENTRE_FOR_BIOSYSTEMS_SCIENCE_AND_ENGINEERING,,
391,theses,Indian Institute of Science Bangalore,ORG,Indian Institute of Science Bangalore,INDIAN_INSTITUTE_OF_SCIENCE_BANGALORE,,
391,theses,Bengaluru,GPE,Bengaluru,BENGALURU,,
392,theses,India,GPE,India,INDIA,531,536
392,theses,Electrical Engineering,DEPARTMENT,Electrical Engineering,ELECTRICAL_ENGINEERING,,
392,theses,Indian Institute of Science Bangalore,ORG,Indian Institute of Science Bangalore,INDIAN_INSTITUTE_OF_SCIENCE_BANGALORE,,
392,theses,Bengaluru,GPE,Bengaluru,BENGALURU,,
393,theses,2020,DATE,2020,,128,132
393,theses,1971,DATE,1971,,267,271
393,theses,2000,DATE,2000,,957,961
393,theses,Electronic Systems Engineering,DEPARTMENT,Electronic Systems Engineering,ELECTRONIC_SYSTEMS_ENGINEERING,,
393,theses,Indian Institute of Science Bangalore,ORG,Indian Institute of Science Bangalore,INDIAN_INSTITUTE_OF_SCIENCE_BANGALORE,,
393,theses,Bengaluru,GPE,Bengaluru,BENGALURU,,
394,theses,Computer Science and Automation,DEPARTMENT,Computer Science and Automation,COMPUTER_SCIENCE_AND_AUTOMATION,,
394,theses,Indian Institute of Science Bangalore,ORG,Indian Institute of Science Bangalore,INDIAN_INSTITUTE_OF_SCIENCE_BANGALORE,,
394,theses,Bengaluru,GPE,Bengaluru,BENGALURU,,
395,theses,Electrical Engineering,DEPARTMENT,Electrical Engineering,ELECTRICAL_ENGINEERING,,
395,theses,Indian Institute of Science Bangalore,ORG,Indian Institute of Science Bangalore,INDIAN_INSTITUTE_OF_SCIENCE_BANGALORE,,
395,theses,Bengaluru,GPE,Bengaluru,BENGALURU,,
396,theses,Electronic Systems Engineering,DEPARTMENT,Electronic Systems Engineering,ELECTRONIC_SYSTEMS_ENGINEERING,,
396,theses,Indian Institute of Science Bangalore,ORG,Indian Institute of Science Bangalore,INDIAN_INSTITUTE_OF_SCIENCE_BANGALORE,,
396,theses,Bengaluru,GPE,Bengaluru,BENGALURU,,
398,theses,Civil Engineering,DEPARTMENT,Civil Engineering,CIVIL_ENGINEERING,,
398,theses,Indian Institute of Science Bangalore,ORG,Indian Institute of Science Bangalore,INDIAN_INSTITUTE_OF_SCIENCE_BANGALORE,,
398,theses,Bengaluru,GPE,Bengaluru,BENGALURU,,
399,theses,Civil Engineering,DEPARTMENT,Civil Engineering,CIVIL_ENGINEERING,,
399,theses,Indian Institute of Science Bangalore,ORG,Indian Institute of Science Bangalore,INDIAN_INSTITUTE_OF_SCIENCE_BANGALORE,,
399,theses,Bengaluru,GPE,Bengaluru,BENGALURU,,
400,theses,Electronic Systems Engineering,DEPARTMENT,Electronic Systems Engineering,ELECTRONIC_SYSTEMS_ENGINEERING,,
400,theses,Indian Institute of Science Bangalore,ORG,Indian Institute of Science Bangalore,INDIAN_INSTITUTE_OF_SCIENCE_BANGALORE,,
400,theses,Bengaluru,GPE,Bengaluru,BENGALURU,,
401,theses,Centre for Neuroscience,DEPARTMENT,Centre for Neuroscience,CENTRE_FOR_NEUROSCIENCE,,
401,theses,Indian Institute of Science Bangalore,ORG,Indian Institute of Science Bangalore,INDIAN_INSTITUTE_OF_SCIENCE_BANGALORE,,
401,theses,Bengaluru,GPE,Bengaluru,BENGALURU,,
402,theses,Computer Science and Automation,DEPARTMENT,Computer Science and Automation,COMPUTER_SCIENCE_AND_AUTOMATION,,
402,theses,Indian Institute of Science Bangalore,ORG,Indian Institute of Science Bangalore,INDIAN_INSTITUTE_OF_SCIENCE_BANGALORE,,
402,theses,Bengaluru,GPE,Bengaluru,BENGALURU,,
403,theses,Centre for Nano Science and Engineering,DEPARTMENT,Centre for Nano Science and Engineering,CENTRE_FOR_NANO_SCIENCE_AND_ENGINEERING,,
403,theses,Indian Institute of Science Bangalore,ORG,Indian Institute of Science Bangalore,INDIAN_INSTITUTE_OF_SCIENCE_BANGALORE,,
403,theses,Bengaluru,GPE,Bengaluru,BENGALURU,,
404,theses,Civil Engineering,DEPARTMENT,Civil Engineering,CIVIL_ENGINEERING,,
404,theses,Indian Institute of Science Bangalore,ORG,Indian Institute of Science Bangalore,INDIAN_INSTITUTE_OF_SCIENCE_BANGALORE,,
404,theses,Bengaluru,GPE,Bengaluru,BENGALURU,,
405,theses,Electronic Systems Engineering,DEPARTMENT,Electronic Systems Engineering,ELECTRONIC_SYSTEMS_ENGINEERING,,
405,theses,Indian Institute of Science Bangalore,ORG,Indian Institute of Science Bangalore,INDIAN_INSTITUTE_OF_SCIENCE_BANGALORE,,
405,theses,Bengaluru,GPE,Bengaluru,BENGALURU,,
406,theses,India,GPE,India,INDIA,264,269
406,theses,Civil Engineering,DEPARTMENT,Civil Engineering,CIVIL_ENGINEERING,,
406,theses,Indian Institute of Science Bangalore,ORG,Indian Institute of Science Bangalore,INDIAN_INSTITUTE_OF_SCIENCE_BANGALORE,,
406,theses,Bengaluru,GPE,Bengaluru,BENGALURU,,
407,theses,Chemical Engineering,DEPARTMENT,Chemical Engineering,CHEMICAL_ENGINEERING,,
407,theses,Indian Institute of Science Bangalore,ORG,Indian Institute of Science Bangalore,INDIAN_INSTITUTE_OF_SCIENCE_BANGALORE,,
407,theses,Bengaluru,GPE,Bengaluru,BENGALURU,,
408,theses,physics,DEPARTMENT,Physics,PHYSICS,1633,1640
408,theses,Aerospace Engineering,DEPARTMENT,Aerospace Engineering,AEROSPACE_ENGINEERING,,
408,theses,Indian Institute of Science Bangalore,ORG,Indian Institute of Science Bangalore,INDIAN_INSTITUTE_OF_SCIENCE_BANGALORE,,
408,theses,Bengaluru,GPE,Bengaluru,BENGALURU,,
409,theses,Materials Engineering,DEPARTMENT,Materials Engineering,MATERIALS_ENGINEERING,,
409,theses,Indian Institute of Science Bangalore,ORG,Indian Institute of Science Bangalore,INDIAN_INSTITUTE_OF_SCIENCE_BANGALORE,,
409,theses,Bengaluru,GPE,Bengaluru,BENGALURU,,
410,theses,Civil Engineering,DEPARTMENT,Civil Engineering,CIVIL_ENGINEERING,,
410,theses,Indian Institute of Science Bangalore,ORG,Indian Institute of Science Bangalore,INDIAN_INSTITUTE_OF_SCIENCE_BANGALORE,,
410,theses,Bengaluru,GPE,Bengaluru,BENGALURU,,
411,theses,Centre for Sustainable Technology,DEPARTMENT,Centre for Sustainable Technology,CENTRE_FOR_SUSTAINABLE_TECHNOLOGY,,
411,theses,Indian Institute of Science Bangalore,ORG,Indian Institute of Science Bangalore,INDIAN_INSTITUTE_OF_SCIENCE_BANGALORE,,
411,theses,Bengaluru,GPE,Bengaluru,BENGALURU,,
412,theses,Electrical Communication Engineering,DEPARTMENT,Electrical Communication Engineering,ELECTRICAL_COMMUNICATION_ENGINEERING,,
412,theses,Indian Institute of Science Bangalore,ORG,Indian Institute of Science Bangalore,INDIAN_INSTITUTE_OF_SCIENCE_BANGALORE,,
412,theses,Bengaluru,GPE,Bengaluru,BENGALURU,,
414,theses,Aerospace Engineering,DEPARTMENT,Aerospace Engineering,AEROSPACE_ENGINEERING,,
414,theses,Indian Institute of Science Bangalore,ORG,Indian Institute of Science Bangalore,INDIAN_INSTITUTE_OF_SCIENCE_BANGALORE,,
414,theses,Bengaluru,GPE,Bengaluru,BENGALURU,,
415,theses,Mechanical Engineering,DEPARTMENT,Mechanical Engineering,MECHANICAL_ENGINEERING,,
415,theses,Indian Institute of Science Bangalore,ORG,Indian Institute of Science Bangalore,INDIAN_INSTITUTE_OF_SCIENCE_BANGALORE,,
415,theses,Bengaluru,GPE,Bengaluru,BENGALURU,,
416,theses,Aerospace Engineering,DEPARTMENT,Aerospace Engineering,AEROSPACE_ENGINEERING,,
416,theses,Indian Institute of Science Bangalore,ORG,Indian Institute of Science Bangalore,INDIAN_INSTITUTE_OF_SCIENCE_BANGALORE,,
416,theses,Bengaluru,GPE,Bengaluru,BENGALURU,,
417,theses,Electrical Communication Engineering,DEPARTMENT,Electrical Communication Engineering,ELECTRICAL_COMMUNICATION_ENGINEERING,,
417,theses,Indian Institute of Science Bangalore,ORG,Indian Institute of Science Bangalore,INDIAN_INSTITUTE_OF_SCIENCE_BANGALORE,,
417,theses,Bengaluru,GPE,Bengaluru,BENGALURU,,
418,theses,Electrical Communication Engineering,DEPARTMENT,Electrical Communication Engineering,ELECTRICAL_COMMUNICATION_ENGINEERING,,
418,theses,Indian Institute of Science Bangalore,ORG,Indian Institute of Science Bangalore,INDIAN_INSTITUTE_OF_SCIENCE_BANGALORE,,
418,theses,Bengaluru,GPE,Bengaluru,BENGALURU,,
419,theses,Centre for BioSystems Science and Engineering,DEPARTMENT,Centre for BioSystems Science and Engineering,CENTRE_FOR_BIOSYSTEMS_SCIENCE_AND_ENGINEERING,,
419,theses,Indian Institute of Science Bangalore,ORG,Indian Institute of Science Bangalore,INDIAN_INSTITUTE_OF_SCIENCE_BANGALORE,,
419,theses,Bengaluru,GPE,Bengaluru,BENGALURU,,
420,theses,Electrical Communication Engineering,DEPARTMENT,Electrical Communication Engineering,ELECTRICAL_COMMUNICATION_ENGINEERING,,
420,theses,Indian Institute of Science Bangalore,ORG,Indian Institute of Science Bangalore,INDIAN_INSTITUTE_OF_SCIENCE_BANGALORE,,
420,theses,Bengaluru,GPE,Bengaluru,BENGALURU,,
421,theses,Electrical Communication Engineering,DEPARTMENT,Electrical Communication Engineering,ELECTRICAL_COMMUNICATION_ENGINEERING,,
421,theses,Indian Institute of Science Bangalore,ORG,Indian Institute of Science Bangalore,INDIAN_INSTITUTE_OF_SCIENCE_BANGALORE,,
421,theses,Bengaluru,GPE,Bengaluru,BENGALURU,,
422,theses,Chemical Engineering,DEPARTMENT,Chemical Engineering,CHEMICAL_ENGINEERING,,
422,theses,Indian Institute of Science Bangalore,ORG,Indian Institute of Science Bangalore,INDIAN_INSTITUTE_OF_SCIENCE_BANGALORE,,
422,theses,Bengaluru,GPE,Bengaluru,BENGALURU,,
423,theses,India,GPE,India,INDIA,495,500
423,theses,India,GPE,India,INDIA,870,875
423,theses,Centre for Sustainable Technology,DEPARTMENT,Centre for Sustainable Technology,CENTRE_FOR_SUSTAINABLE_TECHNOLOGY,,
423,theses,Indian Institute of Science Bangalore,ORG,Indian Institute of Science Bangalore,INDIAN_INSTITUTE_OF_SCIENCE_BANGALORE,,
423,theses,Bengaluru,GPE,Bengaluru,BENGALURU,,
424,theses,Electrical Communication Engineering,DEPARTMENT,Electrical Communication Engineering,ELECTRICAL_COMMUNICATION_ENGINEERING,,
424,theses,Indian Institute of Science Bangalore,ORG,Indian Institute of Science Bangalore,INDIAN_INSTITUTE_OF_SCIENCE_BANGALORE,,
424,theses,Bengaluru,GPE,Bengaluru,BENGALURU,,
425,theses,Electrical Communication Engineering,DEPARTMENT,Electrical Communication Engineering,ELECTRICAL_COMMUNICATION_ENGINEERING,,
425,theses,Indian Institute of Science Bangalore,ORG,Indian Institute of Science Bangalore,INDIAN_INSTITUTE_OF_SCIENCE_BANGALORE,,
425,theses,Bengaluru,GPE,Bengaluru,BENGALURU,,
426,theses,Centre for BioSystems Science and Engineering,DEPARTMENT,Centre for BioSystems Science and Engineering,CENTRE_FOR_BIOSYSTEMS_SCIENCE_AND_ENGINEERING,,
426,theses,Indian Institute of Science Bangalore,ORG,Indian Institute of Science Bangalore,INDIAN_INSTITUTE_OF_SCIENCE_BANGALORE,,
426,theses,Bengaluru,GPE,Bengaluru,BENGALURU,,
427,theses,Materials Engineering,DEPARTMENT,Materials Engineering,MATERIALS_ENGINEERING,,
427,theses,Indian Institute of Science Bangalore,ORG,Indian Institute of Science Bangalore,INDIAN_INSTITUTE_OF_SCIENCE_BANGALORE,,
427,theses,Bengaluru,GPE,Bengaluru,BENGALURU,,
428,theses,Electrical Communication Engineering,DEPARTMENT,Electrical Communication Engineering,ELECTRICAL_COMMUNICATION_ENGINEERING,,
428,theses,Indian Institute of Science Bangalore,ORG,Indian Institute of Science Bangalore,INDIAN_INSTITUTE_OF_SCIENCE_BANGALORE,,
428,theses,Bengaluru,GPE,Bengaluru,BENGALURU,,
429,theses,Mechanical Engineering,DEPARTMENT,Mechanical Engineering,MECHANICAL_ENGINEERING,,
429,theses,Indian Institute of Science Bangalore,ORG,Indian Institute of Science Bangalore,INDIAN_INSTITUTE_OF_SCIENCE_BANGALORE,,
429,theses,Bengaluru,GPE,Bengaluru,BENGALURU,,
430,theses,Centre for Product Design and Manufacturing,DEPARTMENT,Centre for Product Design and Manufacturing,CENTRE_FOR_PRODUCT_DESIGN_AND_MANUFACTURING,,
430,theses,Indian Institute of Science Bangalore,ORG,Indian Institute of Science Bangalore,INDIAN_INSTITUTE_OF_SCIENCE_BANGALORE,,
430,theses,Bengaluru,GPE,Bengaluru,BENGALURU,,
431,theses,Chemical Engineering,DEPARTMENT,Chemical Engineering,CHEMICAL_ENGINEERING,,
431,theses,Indian Institute of Science Bangalore,ORG,Indian Institute of Science Bangalore,INDIAN_INSTITUTE_OF_SCIENCE_BANGALORE,,
431,theses,Bengaluru,GPE,Bengaluru,BENGALURU,,
432,theses,Civil Engineering,DEPARTMENT,Civil Engineering,CIVIL_ENGINEERING,,
432,theses,Indian Institute of Science Bangalore,ORG,Indian Institute of Science Bangalore,INDIAN_INSTITUTE_OF_SCIENCE_BANGALORE,,
432,theses,Bengaluru,GPE,Bengaluru,BENGALURU,,
433,theses,Electrical Engineering,DEPARTMENT,Electrical Engineering,ELECTRICAL_ENGINEERING,,
433,theses,Indian Institute of Science Bangalore,ORG,Indian Institute of Science Bangalore,INDIAN_INSTITUTE_OF_SCIENCE_BANGALORE,,
433,theses,Bengaluru,GPE,Bengaluru,BENGALURU,,
434,theses,Materials Research Centre,DEPARTMENT,Materials Research Centre,MATERIALS_RESEARCH_CENTRE,,
434,theses,Indian Institute of Science Bangalore,ORG,Indian Institute of Science Bangalore,INDIAN_INSTITUTE_OF_SCIENCE_BANGALORE,,
434,theses,Bengaluru,GPE,Bengaluru,BENGALURU,,
435,theses,Computational and Data Sciences,DEPARTMENT,Computational and Data Sciences,COMPUTATIONAL_AND_DATA_SCIENCES,,
435,theses,Indian Institute of Science Bangalore,ORG,Indian Institute of Science Bangalore,INDIAN_INSTITUTE_OF_SCIENCE_BANGALORE,,
435,theses,Bengaluru,GPE,Bengaluru,BENGALURU,,
436,theses,Electronic Systems Engineering,DEPARTMENT,Electronic Systems Engineering,ELECTRONIC_SYSTEMS_ENGINEERING,,
436,theses,Indian Institute of Science Bangalore,ORG,Indian Institute of Science Bangalore,INDIAN_INSTITUTE_OF_SCIENCE_BANGALORE,,
436,theses,Bengaluru,GPE,Bengaluru,BENGALURU,,
437,theses,Instrumentaion and Applied Physics,DEPARTMENT,Instrumentaion and Applied Physics,INSTRUMENTAION_AND_APPLIED_PHYSICS,,
437,theses,Indian Institute of Science Bangalore,ORG,Indian Institute of Science Bangalore,INDIAN_INSTITUTE_OF_SCIENCE_BANGALORE,,
437,theses,Bengaluru,GPE,Bengaluru,BENGALURU,,
438,theses,physics,DEPARTMENT,Physics,PHYSICS,879,886
438,theses,Civil Engineering,DEPARTMENT,Civil Engineering,CIVIL_ENGINEERING,,
438,theses,Indian Institute of Science Bangalore,ORG,Indian Institute of Science Bangalore,INDIAN_INSTITUTE_OF_SCIENCE_BANGALORE,,
438,theses,Bengaluru,GPE,Bengaluru,BENGALURU,,
440,theses,Aerospace Engineering,DEPARTMENT,Aerospace Engineering,AEROSPACE_ENGINEERING,,
440,theses,Indian Institute of Science Bangalore,ORG,Indian Institute of Science Bangalore,INDIAN_INSTITUTE_OF_SCIENCE_BANGALORE,,
440,theses,Bengaluru,GPE,Bengaluru,BENGALURU,,
442,theses,Centre for BioSystems Science and Engineering,DEPARTMENT,Centre for BioSystems Science and Engineering,CENTRE_FOR_BIOSYSTEMS_SCIENCE_AND_ENGINEERING,,
442,theses,Indian Institute of Science Bangalore,ORG,Indian Institute of Science Bangalore,INDIAN_INSTITUTE_OF_SCIENCE_BANGALORE,,
442,theses,Bengaluru,GPE,Bengaluru,BENGALURU,,
443,theses,Materials Research Centre,DEPARTMENT,Materials Research Centre,MATERIALS_RESEARCH_CENTRE,,
443,theses,Indian Institute of Science Bangalore,ORG,Indian Institute of Science Bangalore,INDIAN_INSTITUTE_OF_SCIENCE_BANGALORE,,
443,theses,Bengaluru,GPE,Bengaluru,BENGALURU,,
444,theses,Chemical Engineering,DEPARTMENT,Chemical Engineering,CHEMICAL_ENGINEERING,,
444,theses,Indian Institute of Science Bangalore,ORG,Indian Institute of Science Bangalore,INDIAN_INSTITUTE_OF_SCIENCE_BANGALORE,,
444,theses,Bengaluru,GPE,Bengaluru,BENGALURU,,
445,theses,Materials Research Centre,DEPARTMENT,Materials Research Centre,MATERIALS_RESEARCH_CENTRE,,
445,theses,Indian Institute of Science Bangalore,ORG,Indian Institute of Science Bangalore,INDIAN_INSTITUTE_OF_SCIENCE_BANGALORE,,
445,theses,Bengaluru,GPE,Bengaluru,BENGALURU,,
446,theses,Materials Engineering,DEPARTMENT,Materials Engineering,MATERIALS_ENGINEERING,,
446,theses,Indian Institute of Science Bangalore,ORG,Indian Institute of Science Bangalore,INDIAN_INSTITUTE_OF_SCIENCE_BANGALORE,,
446,theses,Bengaluru,GPE,Bengaluru,BENGALURU,,
447,theses,Electrical Communication Engineering,DEPARTMENT,Electrical Communication Engineering,ELECTRICAL_COMMUNICATION_ENGINEERING,,
447,theses,Indian Institute of Science Bangalore,ORG,Indian Institute of Science Bangalore,INDIAN_INSTITUTE_OF_SCIENCE_BANGALORE,,
447,theses,Bengaluru,GPE,Bengaluru,BENGALURU,,
502,theses,Computer Science and Automation,DEPARTMENT,Computer Science and Automation,COMPUTER_SCIENCE_AND_AUTOMATION,,
502,theses,Indian Institute of Science Bangalore,ORG,Indian Institute of Science Bangalore,INDIAN_INSTITUTE_OF_SCIENCE_BANGALORE,,
502,theses,Bengaluru,GPE,Bengaluru,BENGALURU,,
503,theses,Electrical Communication Engineering,DEPARTMENT,Electrical Communication Engineering,ELECTRICAL_COMMUNICATION_ENGINEERING,,
503,theses,Indian Institute of Science Bangalore,ORG,Indian Institute of Science Bangalore,INDIAN_INSTITUTE_OF_SCIENCE_BANGALORE,,
503,theses,Bengaluru,GPE,Bengaluru,BENGALURU,,
448,theses,1957,DATE,1957,,280,284
448,theses,Materials Engineering,DEPARTMENT,Materials Engineering,MATERIALS_ENGINEERING,,
448,theses,Indian Institute of Science Bangalore,ORG,Indian Institute of Science Bangalore,INDIAN_INSTITUTE_OF_SCIENCE_BANGALORE,,
448,theses,Bengaluru,GPE,Bengaluru,BENGALURU,,
449,theses,Chemical Engineering,DEPARTMENT,Chemical Engineering,CHEMICAL_ENGINEERING,,
449,theses,Indian Institute of Science Bangalore,ORG,Indian Institute of Science Bangalore,INDIAN_INSTITUTE_OF_SCIENCE_BANGALORE,,
449,theses,Bengaluru,GPE,Bengaluru,BENGALURU,,
450,theses,Materials Engineering,DEPARTMENT,Materials Engineering,MATERIALS_ENGINEERING,,
450,theses,Indian Institute of Science Bangalore,ORG,Indian Institute of Science Bangalore,INDIAN_INSTITUTE_OF_SCIENCE_BANGALORE,,
450,theses,Bengaluru,GPE,Bengaluru,BENGALURU,,
451,theses,Electronic Systems Engineering,DEPARTMENT,Electronic Systems Engineering,ELECTRONIC_SYSTEMS_ENGINEERING,,
451,theses,Indian Institute of Science Bangalore,ORG,Indian Institute of Science Bangalore,INDIAN_INSTITUTE_OF_SCIENCE_BANGALORE,,
451,theses,Bengaluru,GPE,Bengaluru,BENGALURU,,
452,theses,Materials Engineering,DEPARTMENT,Materials Engineering,MATERIALS_ENGINEERING,,
452,theses,Indian Institute of Science Bangalore,ORG,Indian Institute of Science Bangalore,INDIAN_INSTITUTE_OF_SCIENCE_BANGALORE,,
452,theses,Bengaluru,GPE,Bengaluru,BENGALURU,,
453,theses,Materials Research Centre,DEPARTMENT,Materials Research Centre,MATERIALS_RESEARCH_CENTRE,,
453,theses,Indian Institute of Science Bangalore,ORG,Indian Institute of Science Bangalore,INDIAN_INSTITUTE_OF_SCIENCE_BANGALORE,,
453,theses,Bengaluru,GPE,Bengaluru,BENGALURU,,
454,theses,Electrical Communication Engineering,DEPARTMENT,Electrical Communication Engineering,ELECTRICAL_COMMUNICATION_ENGINEERING,,
454,theses,Indian Institute of Science Bangalore,ORG,Indian Institute of Science Bangalore,INDIAN_INSTITUTE_OF_SCIENCE_BANGALORE,,
454,theses,Bengaluru,GPE,Bengaluru,BENGALURU,,
455,theses,Materials Research Centre,DEPARTMENT,Materials Research Centre,MATERIALS_RESEARCH_CENTRE,,
455,theses,Indian Institute of Science Bangalore,ORG,Indian Institute of Science Bangalore,INDIAN_INSTITUTE_OF_SCIENCE_BANGALORE,,
455,theses,Bengaluru,GPE,Bengaluru,BENGALURU,,
456,theses,Indian Institute of Science,ORG,Indian Institute of Science Bangalore,INDIAN_INSTITUTE_OF_SCIENCE_BANGALORE,1644,1671
456,theses,Bengaluru,GPE,Bengaluru,BENGALURU,1673,1682
456,theses,Interdisciplinary Centre for Energy Research,DEPARTMENT,Interdisciplinary Centre for Energy Research,INTERDISCIPLINARY_CENTRE_FOR_ENERGY_RESEARCH,,
457,theses,Computer Science and Automation,DEPARTMENT,Computer Science and Automation,COMPUTER_SCIENCE_AND_AUTOMATION,,
457,theses,Indian Institute of Science Bangalore,ORG,Indian Institute of Science Bangalore,INDIAN_INSTITUTE_OF_SCIENCE_BANGALORE,,
457,theses,Bengaluru,GPE,Bengaluru,BENGALURU,,
458,theses,Physics,DEPARTMENT,Physics,PHYSICS,0,7
458,theses,physics,DEPARTMENT,Physics,PHYSICS,582,589
458,theses,physics,DEPARTMENT,Physics,PHYSICS,1621,1628
458,theses,Electronic Systems Engineering,DEPARTMENT,Electronic Systems Engineering,ELECTRONIC_SYSTEMS_ENGINEERING,,
458,theses,Indian Institute of Science Bangalore,ORG,Indian Institute of Science Bangalore,INDIAN_INSTITUTE_OF_SCIENCE_BANGALORE,,
458,theses,Bengaluru,GPE,Bengaluru,BENGALURU,,
459,theses,Interdisciplinary Centre for Energy Research,DEPARTMENT,Interdisciplinary Centre for Energy Research,INTERDISCIPLINARY_CENTRE_FOR_ENERGY_RESEARCH,,
459,theses,Indian Institute of Science Bangalore,ORG,Indian Institute of Science Bangalore,INDIAN_INSTITUTE_OF_SCIENCE_BANGALORE,,
459,theses,Bengaluru,GPE,Bengaluru,BENGALURU,,
460,theses,Aerospace Engineering,DEPARTMENT,Aerospace Engineering,AEROSPACE_ENGINEERING,,
460,theses,Indian Institute of Science Bangalore,ORG,Indian Institute of Science Bangalore,INDIAN_INSTITUTE_OF_SCIENCE_BANGALORE,,
460,theses,Bengaluru,GPE,Bengaluru,BENGALURU,,
461,theses,Electrical Communication Engineering,DEPARTMENT,Electrical Communication Engineering,ELECTRICAL_COMMUNICATION_ENGINEERING,,
461,theses,Indian Institute of Science Bangalore,ORG,Indian Institute of Science Bangalore,INDIAN_INSTITUTE_OF_SCIENCE_BANGALORE,,
461,theses,Bengaluru,GPE,Bengaluru,BENGALURU,,
462,theses,Chemical Engineering,DEPARTMENT,Chemical Engineering,CHEMICAL_ENGINEERING,,
462,theses,Indian Institute of Science Bangalore,ORG,Indian Institute of Science Bangalore,INDIAN_INSTITUTE_OF_SCIENCE_BANGALORE,,
462,theses,Bengaluru,GPE,Bengaluru,BENGALURU,,
465,theses,Materials Engineering,DEPARTMENT,Materials Engineering,MATERIALS_ENGINEERING,,
465,theses,Indian Institute of Science Bangalore,ORG,Indian Institute of Science Bangalore,INDIAN_INSTITUTE_OF_SCIENCE_BANGALORE,,
465,theses,Bengaluru,GPE,Bengaluru,BENGALURU,,
466,theses,Aerospace Engineering,DEPARTMENT,Aerospace Engineering,AEROSPACE_ENGINEERING,,
466,theses,Indian Institute of Science Bangalore,ORG,Indian Institute of Science Bangalore,INDIAN_INSTITUTE_OF_SCIENCE_BANGALORE,,
466,theses,Bengaluru,GPE,Bengaluru,BENGALURU,,
467,theses,Physics,DEPARTMENT,Physics,PHYSICS,16,23
467,theses,Electronic Systems Engineering,DEPARTMENT,Electronic Systems Engineering,ELECTRONIC_SYSTEMS_ENGINEERING,,
467,theses,Indian Institute of Science Bangalore,ORG,Indian Institute of Science Bangalore,INDIAN_INSTITUTE_OF_SCIENCE_BANGALORE,,
467,theses,Bengaluru,GPE,Bengaluru,BENGALURU,,
468,theses,Chemical Engineering,DEPARTMENT,Chemical Engineering,CHEMICAL_ENGINEERING,,
468,theses,Indian Institute of Science Bangalore,ORG,Indian Institute of Science Bangalore,INDIAN_INSTITUTE_OF_SCIENCE_BANGALORE,,
468,theses,Bengaluru,GPE,Bengaluru,BENGALURU,,
469,theses,Aerospace Engineering,DEPARTMENT,Aerospace Engineering,AEROSPACE_ENGINEERING,,
469,theses,Indian Institute of Science Bangalore,ORG,Indian Institute of Science Bangalore,INDIAN_INSTITUTE_OF_SCIENCE_BANGALORE,,
469,theses,Bengaluru,GPE,Bengaluru,BENGALURU,,
470,theses,Materials Engineering,DEPARTMENT,Materials Engineering,MATERIALS_ENGINEERING,,
470,theses,Indian Institute of Science Bangalore,ORG,Indian Institute of Science Bangalore,INDIAN_INSTITUTE_OF_SCIENCE_BANGALORE,,
470,theses,Bengaluru,GPE,Bengaluru,BENGALURU,,
471,theses,Electrical Engineering,DEPARTMENT,Electrical Engineering,ELECTRICAL_ENGINEERING,,
471,theses,Indian Institute of Science Bangalore,ORG,Indian Institute of Science Bangalore,INDIAN_INSTITUTE_OF_SCIENCE_BANGALORE,,
471,theses,Bengaluru,GPE,Bengaluru,BENGALURU,,
472,theses,Electrical Communication Engineering,DEPARTMENT,Electrical Communication Engineering,ELECTRICAL_COMMUNICATION_ENGINEERING,,
472,theses,Indian Institute of Science Bangalore,ORG,Indian Institute of Science Bangalore,INDIAN_INSTITUTE_OF_SCIENCE_BANGALORE,,
472,theses,Bengaluru,GPE,Bengaluru,BENGALURU,,
473,theses,Materials Engineering,DEPARTMENT,Materials Engineering,MATERIALS_ENGINEERING,,
473,theses,Indian Institute of Science Bangalore,ORG,Indian Institute of Science Bangalore,INDIAN_INSTITUTE_OF_SCIENCE_BANGALORE,,
473,theses,Bengaluru,GPE,Bengaluru,BENGALURU,,
474,theses,Mechanical Engineering,DEPARTMENT,Mechanical Engineering,MECHANICAL_ENGINEERING,,
474,theses,Indian Institute of Science Bangalore,ORG,Indian Institute of Science Bangalore,INDIAN_INSTITUTE_OF_SCIENCE_BANGALORE,,
474,theses,Bengaluru,GPE,Bengaluru,BENGALURU,,
475,theses,Centre for Earth Sciences,DEPARTMENT,Centre for Earth Sciences,CENTRE_FOR_EARTH_SCIENCES,,
475,theses,Indian Institute of Science Bangalore,ORG,Indian Institute of Science Bangalore,INDIAN_INSTITUTE_OF_SCIENCE_BANGALORE,,
475,theses,Bengaluru,GPE,Bengaluru,BENGALURU,,
476,theses,Materials Research Centre,DEPARTMENT,Materials Research Centre,MATERIALS_RESEARCH_CENTRE,,
476,theses,Indian Institute of Science Bangalore,ORG,Indian Institute of Science Bangalore,INDIAN_INSTITUTE_OF_SCIENCE_BANGALORE,,
476,theses,Bengaluru,GPE,Bengaluru,BENGALURU,,
478,theses,Aerospace Engineering,DEPARTMENT,Aerospace Engineering,AEROSPACE_ENGINEERING,,
478,theses,Indian Institute of Science Bangalore,ORG,Indian Institute of Science Bangalore,INDIAN_INSTITUTE_OF_SCIENCE_BANGALORE,,
478,theses,Bengaluru,GPE,Bengaluru,BENGALURU,,
479,theses,Aerospace Engineering,DEPARTMENT,Aerospace Engineering,AEROSPACE_ENGINEERING,,
479,theses,Indian Institute of Science Bangalore,ORG,Indian Institute of Science Bangalore,INDIAN_INSTITUTE_OF_SCIENCE_BANGALORE,,
479,theses,Bengaluru,GPE,Bengaluru,BENGALURU,,
480,theses,Mechanical Engineering,DEPARTMENT,Mechanical Engineering,MECHANICAL_ENGINEERING,,
480,theses,Indian Institute of Science Bangalore,ORG,Indian Institute of Science Bangalore,INDIAN_INSTITUTE_OF_SCIENCE_BANGALORE,,
480,theses,Bengaluru,GPE,Bengaluru,BENGALURU,,
481,theses,Computational and Data Sciences,DEPARTMENT,Computational and Data Sciences,COMPUTATIONAL_AND_DATA_SCIENCES,,
481,theses,Indian Institute of Science Bangalore,ORG,Indian Institute of Science Bangalore,INDIAN_INSTITUTE_OF_SCIENCE_BANGALORE,,
481,theses,Bengaluru,GPE,Bengaluru,BENGALURU,,
482,theses,Electrical Engineering,DEPARTMENT,Electrical Engineering,ELECTRICAL_ENGINEERING,,
482,theses,Indian Institute of Science Bangalore,ORG,Indian Institute of Science Bangalore,INDIAN_INSTITUTE_OF_SCIENCE_BANGALORE,,
482,theses,Bengaluru,GPE,Bengaluru,BENGALURU,,
483,theses,Aerospace Engineering,DEPARTMENT,Aerospace Engineering,AEROSPACE_ENGINEERING,,
483,theses,Indian Institute of Science Bangalore,ORG,Indian Institute of Science Bangalore,INDIAN_INSTITUTE_OF_SCIENCE_BANGALORE,,
483,theses,Bengaluru,GPE,Bengaluru,BENGALURU,,
484,theses,Computer Science and Automation,DEPARTMENT,Computer Science and Automation,COMPUTER_SCIENCE_AND_AUTOMATION,,
484,theses,Indian Institute of Science Bangalore,ORG,Indian Institute of Science Bangalore,INDIAN_INSTITUTE_OF_SCIENCE_BANGALORE,,
484,theses,Bengaluru,GPE,Bengaluru,BENGALURU,,
485,theses,Materials Engineering,DEPARTMENT,Materials Engineering,MATERIALS_ENGINEERING,,
485,theses,Indian Institute of Science Bangalore,ORG,Indian Institute of Science Bangalore,INDIAN_INSTITUTE_OF_SCIENCE_BANGALORE,,
485,theses,Bengaluru,GPE,Bengaluru,BENGALURU,,
486,theses,Civil Engineering,DEPARTMENT,Civil Engineering,CIVIL_ENGINEERING,,
486,theses,Indian Institute of Science Bangalore,ORG,Indian Institute of Science Bangalore,INDIAN_INSTITUTE_OF_SCIENCE_BANGALORE,,
486,theses,Bengaluru,GPE,Bengaluru,BENGALURU,,
487,theses,Centre for Product Design and Manufacturing,DEPARTMENT,Centre for Product Design and Manufacturing,CENTRE_FOR_PRODUCT_DESIGN_AND_MANUFACTURING,,
487,theses,Indian Institute of Science Bangalore,ORG,Indian Institute of Science Bangalore,INDIAN_INSTITUTE_OF_SCIENCE_BANGALORE,,
487,theses,Bengaluru,GPE,Bengaluru,BENGALURU,,
488,theses,Civil Engineering,DEPARTMENT,Civil Engineering,CIVIL_ENGINEERING,,
488,theses,Indian Institute of Science Bangalore,ORG,Indian Institute of Science Bangalore,INDIAN_INSTITUTE_OF_SCIENCE_BANGALORE,,
488,theses,Bengaluru,GPE,Bengaluru,BENGALURU,,
489,theses,Electrical Communication Engineering,DEPARTMENT,Electrical Communication Engineering,ELECTRICAL_COMMUNICATION_ENGINEERING,,
489,theses,Indian Institute of Science Bangalore,ORG,Indian Institute of Science Bangalore,INDIAN_INSTITUTE_OF_SCIENCE_BANGALORE,,
489,theses,Bengaluru,GPE,Bengaluru,BENGALURU,,
490,theses,Materials Research Centre,DEPARTMENT,Materials Research Centre,MATERIALS_RESEARCH_CENTRE,,
490,theses,Indian Institute of Science Bangalore,ORG,Indian Institute of Science Bangalore,INDIAN_INSTITUTE_OF_SCIENCE_BANGALORE,,
490,theses,Bengaluru,GPE,Bengaluru,BENGALURU,,
491,theses,Electrical Communication Engineering,DEPARTMENT,Electrical Communication Engineering,ELECTRICAL_COMMUNICATION_ENGINEERING,,
491,theses,Indian Institute of Science Bangalore,ORG,Indian Institute of Science Bangalore,INDIAN_INSTITUTE_OF_SCIENCE_BANGALORE,,
491,theses,Bengaluru,GPE,Bengaluru,BENGALURU,,
492,theses,Interdisciplinary Centre for Energy Research,DEPARTMENT,Interdisciplinary Centre for Energy Research,INTERDISCIPLINARY_CENTRE_FOR_ENERGY_RESEARCH,,
492,theses,Indian Institute of Science Bangalore,ORG,Indian Institute of Science Bangalore,INDIAN_INSTITUTE_OF_SCIENCE_BANGALORE,,
492,theses,Bengaluru,GPE,Bengaluru,BENGALURU,,
493,theses,Materials Engineering,DEPARTMENT,Materials Engineering,MATERIALS_ENGINEERING,,
493,theses,Indian Institute of Science Bangalore,ORG,Indian Institute of Science Bangalore,INDIAN_INSTITUTE_OF_SCIENCE_BANGALORE,,
493,theses,Bengaluru,GPE,Bengaluru,BENGALURU,,
494,theses,Electrical Communication Engineering,DEPARTMENT,Electrical Communication Engineering,ELECTRICAL_COMMUNICATION_ENGINEERING,,
494,theses,Indian Institute of Science Bangalore,ORG,Indian Institute of Science Bangalore,INDIAN_INSTITUTE_OF_SCIENCE_BANGALORE,,
494,theses,Bengaluru,GPE,Bengaluru,BENGALURU,,
495,theses,Materials Research Centre,DEPARTMENT,Materials Research Centre,MATERIALS_RESEARCH_CENTRE,,
495,theses,Indian Institute of Science Bangalore,ORG,Indian Institute of Science Bangalore,INDIAN_INSTITUTE_OF_SCIENCE_BANGALORE,,
495,theses,Bengaluru,GPE,Bengaluru,BENGALURU,,
496,theses,Electronic Systems Engineering,DEPARTMENT,Electronic Systems Engineering,ELECTRONIC_SYSTEMS_ENGINEERING,,
496,theses,Indian Institute of Science Bangalore,ORG,Indian Institute of Science Bangalore,INDIAN_INSTITUTE_OF_SCIENCE_BANGALORE,,
496,theses,Bengaluru,GPE,Bengaluru,BENGALURU,,
497,theses,Electronic Systems Engineering,DEPARTMENT,Electronic Systems Engineering,ELECTRONIC_SYSTEMS_ENGINEERING,,
497,theses,Indian Institute of Science Bangalore,ORG,Indian Institute of Science Bangalore,INDIAN_INSTITUTE_OF_SCIENCE_BANGALORE,,
497,theses,Bengaluru,GPE,Bengaluru,BENGALURU,,
498,theses,Computer Science and Automation,DEPARTMENT,Computer Science and Automation,COMPUTER_SCIENCE_AND_AUTOMATION,,
498,theses,Indian Institute of Science Bangalore,ORG,Indian Institute of Science Bangalore,INDIAN_INSTITUTE_OF_SCIENCE_BANGALORE,,
498,theses,Bengaluru,GPE,Bengaluru,BENGALURU,,
499,theses,Electrical Communication Engineering,DEPARTMENT,Electrical Communication Engineering,ELECTRICAL_COMMUNICATION_ENGINEERING,,
499,theses,Indian Institute of Science Bangalore,ORG,Indian Institute of Science Bangalore,INDIAN_INSTITUTE_OF_SCIENCE_BANGALORE,,
499,theses,Bengaluru,GPE,Bengaluru,BENGALURU,,
500,theses,Electrical Communication Engineering,DEPARTMENT,Electrical Communication Engineering,ELECTRICAL_COMMUNICATION_ENGINEERING,,
500,theses,Indian Institute of Science Bangalore,ORG,Indian Institute of Science Bangalore,INDIAN_INSTITUTE_OF_SCIENCE_BANGALORE,,
500,theses,Bengaluru,GPE,Bengaluru,BENGALURU,,
504,theses,Centre for BioSystems Science and Engineering,DEPARTMENT,Centre for BioSystems Science and Engineering,CENTRE_FOR_BIOSYSTEMS_SCIENCE_AND_ENGINEERING,,
504,theses,Indian Institute of Science Bangalore,ORG,Indian Institute of Science Bangalore,INDIAN_INSTITUTE_OF_SCIENCE_BANGALORE,,
504,theses,Bengaluru,GPE,Bengaluru,BENGALURU,,
518,theses,Civil Engineering,DEPARTMENT,Civil Engineering,CIVIL_ENGINEERING,,
518,theses,Indian Institute of Science Bangalore,ORG,Indian Institute of Science Bangalore,INDIAN_INSTITUTE_OF_SCIENCE_BANGALORE,,
518,theses,Bengaluru,GPE,Bengaluru,BENGALURU,,
519,theses,Civil Engineering,DEPARTMENT,Civil Engineering,CIVIL_ENGINEERING,,
519,theses,Indian Institute of Science Bangalore,ORG,Indian Institute of Science Bangalore,INDIAN_INSTITUTE_OF_SCIENCE_BANGALORE,,
519,theses,Bengaluru,GPE,Bengaluru,BENGALURU,,
520,theses,Electrical Engineering,DEPARTMENT,Electrical Engineering,ELECTRICAL_ENGINEERING,,
520,theses,Indian Institute of Science Bangalore,ORG,Indian Institute of Science Bangalore,INDIAN_INSTITUTE_OF_SCIENCE_BANGALORE,,
520,theses,Bengaluru,GPE,Bengaluru,BENGALURU,,
521,theses,Civil Engineering,DEPARTMENT,Civil Engineering,CIVIL_ENGINEERING,,
521,theses,Indian Institute of Science Bangalore,ORG,Indian Institute of Science Bangalore,INDIAN_INSTITUTE_OF_SCIENCE_BANGALORE,,
521,theses,Bengaluru,GPE,Bengaluru,BENGALURU,,
522,theses,Electrical Communication Engineering,DEPARTMENT,Electrical Communication Engineering,ELECTRICAL_COMMUNICATION_ENGINEERING,,
522,theses,Indian Institute of Science Bangalore,ORG,Indian Institute of Science Bangalore,INDIAN_INSTITUTE_OF_SCIENCE_BANGALORE,,
522,theses,Bengaluru,GPE,Bengaluru,BENGALURU,,
526,theses,Aerospace Engineering,DEPARTMENT,Aerospace Engineering,AEROSPACE_ENGINEERING,,
526,theses,Indian Institute of Science Bangalore,ORG,Indian Institute of Science Bangalore,INDIAN_INSTITUTE_OF_SCIENCE_BANGALORE,,
526,theses,Bengaluru,GPE,Bengaluru,BENGALURU,,
527,theses,Electronic Systems Engineering,DEPARTMENT,Electronic Systems Engineering,ELECTRONIC_SYSTEMS_ENGINEERING,,
527,theses,Indian Institute of Science Bangalore,ORG,Indian Institute of Science Bangalore,INDIAN_INSTITUTE_OF_SCIENCE_BANGALORE,,
527,theses,Bengaluru,GPE,Bengaluru,BENGALURU,,
529,theses,Electronic Systems Engineering,DEPARTMENT,Electronic Systems Engineering,ELECTRONIC_SYSTEMS_ENGINEERING,,
529,theses,Indian Institute of Science Bangalore,ORG,Indian Institute of Science Bangalore,INDIAN_INSTITUTE_OF_SCIENCE_BANGALORE,,
529,theses,Bengaluru,GPE,Bengaluru,BENGALURU,,
530,theses,Centre for BioSystems Science and Engineering,DEPARTMENT,Centre for BioSystems Science and Engineering,CENTRE_FOR_BIOSYSTEMS_SCIENCE_AND_ENGINEERING,,
530,theses,Indian Institute of Science Bangalore,ORG,Indian Institute of Science Bangalore,INDIAN_INSTITUTE_OF_SCIENCE_BANGALORE,,
530,theses,Bengaluru,GPE,Bengaluru,BENGALURU,,
531,theses,Aerospace Engineering,DEPARTMENT,Aerospace Engineering,AEROSPACE_ENGINEERING,,
531,theses,Indian Institute of Science Bangalore,ORG,Indian Institute of Science Bangalore,INDIAN_INSTITUTE_OF_SCIENCE_BANGALORE,,
531,theses,Bengaluru,GPE,Bengaluru,BENGALURU,,
534,theses,Materials Research Centre,DEPARTMENT,Materials Research Centre,MATERIALS_RESEARCH_CENTRE,,
534,theses,Indian Institute of Science Bangalore,ORG,Indian Institute of Science Bangalore,INDIAN_INSTITUTE_OF_SCIENCE_BANGALORE,,
534,theses,Bengaluru,GPE,Bengaluru,BENGALURU,,
535,theses,Electronic Systems Engineering,DEPARTMENT,Electronic Systems Engineering,ELECTRONIC_SYSTEMS_ENGINEERING,,
535,theses,Indian Institute of Science Bangalore,ORG,Indian Institute of Science Bangalore,INDIAN_INSTITUTE_OF_SCIENCE_BANGALORE,,
535,theses,Bengaluru,GPE,Bengaluru,BENGALURU,,
539,theses,Materials Engineering,DEPARTMENT,Materials Engineering,MATERIALS_ENGINEERING,,
539,theses,Indian Institute of Science Bangalore,ORG,Indian Institute of Science Bangalore,INDIAN_INSTITUTE_OF_SCIENCE_BANGALORE,,
539,theses,Bengaluru,GPE,Bengaluru,BENGALURU,,
544,theses,Computational and Data Sciences,DEPARTMENT,Computational and Data Sciences,COMPUTATIONAL_AND_DATA_SCIENCES,,
544,theses,Indian Institute of Science Bangalore,ORG,Indian Institute of Science Bangalore,INDIAN_INSTITUTE_OF_SCIENCE_BANGALORE,,
544,theses,Bengaluru,GPE,Bengaluru,BENGALURU,,
546,theses,Electrical Communication Engineering,DEPARTMENT,Electrical Communication Engineering,ELECTRICAL_COMMUNICATION_ENGINEERING,,
546,theses,Indian Institute of Science Bangalore,ORG,Indian Institute of Science Bangalore,INDIAN_INSTITUTE_OF_SCIENCE_BANGALORE,,
546,theses,Bengaluru,GPE,Bengaluru,BENGALURU,,
547,theses,Materials Research Centre,DEPARTMENT,Materials Research Centre,MATERIALS_RESEARCH_CENTRE,,
547,theses,Indian Institute of Science Bangalore,ORG,Indian Institute of Science Bangalore,INDIAN_INSTITUTE_OF_SCIENCE_BANGALORE,,
547,theses,Bengaluru,GPE,Bengaluru,BENGALURU,,
548,theses,Electrical Communication Engineering,DEPARTMENT,Electrical Communication Engineering,ELECTRICAL_COMMUNICATION_ENGINEERING,,
548,theses,Indian Institute of Science Bangalore,ORG,Indian Institute of Science Bangalore,INDIAN_INSTITUTE_OF_SCIENCE_BANGALORE,,
548,theses,Bengaluru,GPE,Bengaluru,BENGALURU,,
549,theses,Computational and Data Sciences,DEPARTMENT,Computational and Data Sciences,COMPUTATIONAL_AND_DATA_SCIENCES,,
549,theses,Indian Institute of Science Bangalore,ORG,Indian Institute of Science Bangalore,INDIAN_INSTITUTE_OF_SCIENCE_BANGALORE,,
549,theses,Bengaluru,GPE,Bengaluru,BENGALURU,,
550,theses,Electronic Systems Engineering,DEPARTMENT,Electronic Systems Engineering,ELECTRONIC_SYSTEMS_ENGINEERING,,
550,theses,Indian Institute of Science Bangalore,ORG,Indian Institute of Science Bangalore,INDIAN_INSTITUTE_OF_SCIENCE_BANGALORE,,
550,theses,Bengaluru,GPE,Bengaluru,BENGALURU,,
551,theses,Centre for Product Design and Manufacturing,DEPARTMENT,Centre for Product Design and Manufacturing,CENTRE_FOR_PRODUCT_DESIGN_AND_MANUFACTURING,,
551,theses,Indian Institute of Science Bangalore,ORG,Indian Institute of Science Bangalore,INDIAN_INSTITUTE_OF_SCIENCE_BANGALORE,,
551,theses,Bengaluru,GPE,Bengaluru,BENGALURU,,
552,theses,Electronic Systems Engineering,DEPARTMENT,Electronic Systems Engineering,ELECTRONIC_SYSTEMS_ENGINEERING,,
552,theses,Indian Institute of Science Bangalore,ORG,Indian Institute of Science Bangalore,INDIAN_INSTITUTE_OF_SCIENCE_BANGALORE,,
552,theses,Bengaluru,GPE,Bengaluru,BENGALURU,,
554,theses,Mechanical Engineering,DEPARTMENT,Mechanical Engineering,MECHANICAL_ENGINEERING,,
554,theses,Indian Institute of Science Bangalore,ORG,Indian Institute of Science Bangalore,INDIAN_INSTITUTE_OF_SCIENCE_BANGALORE,,
554,theses,Bengaluru,GPE,Bengaluru,BENGALURU,,
557,theses,Computational and Data Sciences,DEPARTMENT,Computational and Data Sciences,COMPUTATIONAL_AND_DATA_SCIENCES,,
557,theses,Indian Institute of Science Bangalore,ORG,Indian Institute of Science Bangalore,INDIAN_INSTITUTE_OF_SCIENCE_BANGALORE,,
557,theses,Bengaluru,GPE,Bengaluru,BENGALURU,,
560,theses,Electrical Engineering,DEPARTMENT,Electrical Engineering,ELECTRICAL_ENGINEERING,,
560,theses,Indian Institute of Science Bangalore,ORG,Indian Institute of Science Bangalore,INDIAN_INSTITUTE_OF_SCIENCE_BANGALORE,,
560,theses,Bengaluru,GPE,Bengaluru,BENGALURU,,
561,theses,Computer Science and Automation,DEPARTMENT,Computer Science and Automation,COMPUTER_SCIENCE_AND_AUTOMATION,,
561,theses,Indian Institute of Science Bangalore,ORG,Indian Institute of Science Bangalore,INDIAN_INSTITUTE_OF_SCIENCE_BANGALORE,,
561,theses,Bengaluru,GPE,Bengaluru,BENGALURU,,
568,theses,Materials Engineering,DEPARTMENT,Materials Engineering,MATERIALS_ENGINEERING,,
568,theses,Indian Institute of Science Bangalore,ORG,Indian Institute of Science Bangalore,INDIAN_INSTITUTE_OF_SCIENCE_BANGALORE,,
568,theses,Bengaluru,GPE,Bengaluru,BENGALURU,,
570,theses,Materials Engineering,DEPARTMENT,Materials Engineering,MATERIALS_ENGINEERING,,
570,theses,Indian Institute of Science Bangalore,ORG,Indian Institute of Science Bangalore,INDIAN_INSTITUTE_OF_SCIENCE_BANGALORE,,
570,theses,Bengaluru,GPE,Bengaluru,BENGALURU,,
571,theses,Centre for Sustainable Technology,DEPARTMENT,Centre for Sustainable Technology,CENTRE_FOR_SUSTAINABLE_TECHNOLOGY,,
571,theses,Indian Institute of Science Bangalore,ORG,Indian Institute of Science Bangalore,INDIAN_INSTITUTE_OF_SCIENCE_BANGALORE,,
571,theses,Bengaluru,GPE,Bengaluru,BENGALURU,,
572,theses,Electrical Communication Engineering,DEPARTMENT,Electrical Communication Engineering,ELECTRICAL_COMMUNICATION_ENGINEERING,,
572,theses,Indian Institute of Science Bangalore,ORG,Indian Institute of Science Bangalore,INDIAN_INSTITUTE_OF_SCIENCE_BANGALORE,,
572,theses,Bengaluru,GPE,Bengaluru,BENGALURU,,
577,theses,Electrical Communication Engineering,DEPARTMENT,Electrical Communication Engineering,ELECTRICAL_COMMUNICATION_ENGINEERING,,
577,theses,Indian Institute of Science Bangalore,ORG,Indian Institute of Science Bangalore,INDIAN_INSTITUTE_OF_SCIENCE_BANGALORE,,
577,theses,Bengaluru,GPE,Bengaluru,BENGALURU,,
578,theses,Civil Engineering,DEPARTMENT,Civil Engineering,CIVIL_ENGINEERING,,
578,theses,Indian Institute of Science Bangalore,ORG,Indian Institute of Science Bangalore,INDIAN_INSTITUTE_OF_SCIENCE_BANGALORE,,
578,theses,Bengaluru,GPE,Bengaluru,BENGALURU,,
581,theses,Electrical Communication Engineering,DEPARTMENT,Electrical Communication Engineering,ELECTRICAL_COMMUNICATION_ENGINEERING,,
581,theses,Indian Institute of Science Bangalore,ORG,Indian Institute of Science Bangalore,INDIAN_INSTITUTE_OF_SCIENCE_BANGALORE,,
581,theses,Bengaluru,GPE,Bengaluru,BENGALURU,,
584,theses,Mechanical Engineering,DEPARTMENT,Mechanical Engineering,MECHANICAL_ENGINEERING,,
584,theses,Indian Institute of Science Bangalore,ORG,Indian Institute of Science Bangalore,INDIAN_INSTITUTE_OF_SCIENCE_BANGALORE,,
584,theses,Bengaluru,GPE,Bengaluru,BENGALURU,,
585,theses,Electrical Engineering,DEPARTMENT,Electrical Engineering,ELECTRICAL_ENGINEERING,,
585,theses,Indian Institute of Science Bangalore,ORG,Indian Institute of Science Bangalore,INDIAN_INSTITUTE_OF_SCIENCE_BANGALORE,,
585,theses,Bengaluru,GPE,Bengaluru,BENGALURU,,
586,theses,Electrical Engineering,DEPARTMENT,Electrical Engineering,ELECTRICAL_ENGINEERING,,
586,theses,Indian Institute of Science Bangalore,ORG,Indian Institute of Science Bangalore,INDIAN_INSTITUTE_OF_SCIENCE_BANGALORE,,
586,theses,Bengaluru,GPE,Bengaluru,BENGALURU,,
587,theses,Materials Research Centre,DEPARTMENT,Materials Research Centre,MATERIALS_RESEARCH_CENTRE,,
587,theses,Indian Institute of Science Bangalore,ORG,Indian Institute of Science Bangalore,INDIAN_INSTITUTE_OF_SCIENCE_BANGALORE,,
587,theses,Bengaluru,GPE,Bengaluru,BENGALURU,,
588,theses,Materials Research Centre,DEPARTMENT,Materials Research Centre,MATERIALS_RESEARCH_CENTRE,,
588,theses,Indian Institute of Science Bangalore,ORG,Indian Institute of Science Bangalore,INDIAN_INSTITUTE_OF_SCIENCE_BANGALORE,,
588,theses,Bengaluru,GPE,Bengaluru,BENGALURU,,
589,theses,Computational and Data Sciences,DEPARTMENT,Computational and Data Sciences,COMPUTATIONAL_AND_DATA_SCIENCES,,
589,theses,Indian Institute of Science Bangalore,ORG,Indian Institute of Science Bangalore,INDIAN_INSTITUTE_OF_SCIENCE_BANGALORE,,
589,theses,Bengaluru,GPE,Bengaluru,BENGALURU,,
590,theses,physics,DEPARTMENT,Physics,PHYSICS,131,138
590,theses,physics,DEPARTMENT,Physics,PHYSICS,623,630
590,theses,physics,DEPARTMENT,Physics,PHYSICS,990,997
590,theses,physics,DEPARTMENT,Physics,PHYSICS,1880,1887
590,theses,Electrical Communication Engineering,DEPARTMENT,Electrical Communication Engineering,ELECTRICAL_COMMUNICATION_ENGINEERING,,
590,theses,Indian Institute of Science Bangalore,ORG,Indian Institute of Science Bangalore,INDIAN_INSTITUTE_OF_SCIENCE_BANGALORE,,
590,theses,Bengaluru,GPE,Bengaluru,BENGALURU,,
693,theses,Computational and Data Sciences,DEPARTMENT,Computational and Data Sciences,COMPUTATIONAL_AND_DATA_SCIENCES,,
693,theses,Indian Institute of Science Bangalore,ORG,Indian Institute of Science Bangalore,INDIAN_INSTITUTE_OF_SCIENCE_BANGALORE,,
693,theses,Bengaluru,GPE,Bengaluru,BENGALURU,,
591,theses,Materials Engineering,DEPARTMENT,Materials Engineering,MATERIALS_ENGINEERING,,
591,theses,Indian Institute of Science Bangalore,ORG,Indian Institute of Science Bangalore,INDIAN_INSTITUTE_OF_SCIENCE_BANGALORE,,
591,theses,Bengaluru,GPE,Bengaluru,BENGALURU,,
592,theses,Materials Engineering,DEPARTMENT,Materials Engineering,MATERIALS_ENGINEERING,,
592,theses,Indian Institute of Science Bangalore,ORG,Indian Institute of Science Bangalore,INDIAN_INSTITUTE_OF_SCIENCE_BANGALORE,,
592,theses,Bengaluru,GPE,Bengaluru,BENGALURU,,
593,theses,Computational and Data Sciences,DEPARTMENT,Computational and Data Sciences,COMPUTATIONAL_AND_DATA_SCIENCES,,
593,theses,Indian Institute of Science Bangalore,ORG,Indian Institute of Science Bangalore,INDIAN_INSTITUTE_OF_SCIENCE_BANGALORE,,
593,theses,Bengaluru,GPE,Bengaluru,BENGALURU,,
594,theses,Electrical Communication Engineering,DEPARTMENT,Electrical Communication Engineering,ELECTRICAL_COMMUNICATION_ENGINEERING,,
594,theses,Indian Institute of Science Bangalore,ORG,Indian Institute of Science Bangalore,INDIAN_INSTITUTE_OF_SCIENCE_BANGALORE,,
594,theses,Bengaluru,GPE,Bengaluru,BENGALURU,,
595,theses,Computational and Data Sciences,DEPARTMENT,Computational and Data Sciences,COMPUTATIONAL_AND_DATA_SCIENCES,,
595,theses,Indian Institute of Science Bangalore,ORG,Indian Institute of Science Bangalore,INDIAN_INSTITUTE_OF_SCIENCE_BANGALORE,,
595,theses,Bengaluru,GPE,Bengaluru,BENGALURU,,
596,theses,Computational and Data Sciences,DEPARTMENT,Computational and Data Sciences,COMPUTATIONAL_AND_DATA_SCIENCES,,
596,theses,Indian Institute of Science Bangalore,ORG,Indian Institute of Science Bangalore,INDIAN_INSTITUTE_OF_SCIENCE_BANGALORE,,
596,theses,Bengaluru,GPE,Bengaluru,BENGALURU,,
598,theses,Electronic Systems Engineering,DEPARTMENT,Electronic Systems Engineering,ELECTRONIC_SYSTEMS_ENGINEERING,,
598,theses,Indian Institute of Science Bangalore,ORG,Indian Institute of Science Bangalore,INDIAN_INSTITUTE_OF_SCIENCE_BANGALORE,,
598,theses,Bengaluru,GPE,Bengaluru,BENGALURU,,
599,theses,Electronic Systems Engineering,DEPARTMENT,Electronic Systems Engineering,ELECTRONIC_SYSTEMS_ENGINEERING,,
599,theses,Indian Institute of Science Bangalore,ORG,Indian Institute of Science Bangalore,INDIAN_INSTITUTE_OF_SCIENCE_BANGALORE,,
599,theses,Bengaluru,GPE,Bengaluru,BENGALURU,,
600,theses,Electrical Communication Engineering,DEPARTMENT,Electrical Communication Engineering,ELECTRICAL_COMMUNICATION_ENGINEERING,,
600,theses,Indian Institute of Science Bangalore,ORG,Indian Institute of Science Bangalore,INDIAN_INSTITUTE_OF_SCIENCE_BANGALORE,,
600,theses,Bengaluru,GPE,Bengaluru,BENGALURU,,
601,theses,Civil Engineering,DEPARTMENT,Civil Engineering,CIVIL_ENGINEERING,,
601,theses,Indian Institute of Science Bangalore,ORG,Indian Institute of Science Bangalore,INDIAN_INSTITUTE_OF_SCIENCE_BANGALORE,,
601,theses,Bengaluru,GPE,Bengaluru,BENGALURU,,
602,theses,Electrical Communication Engineering,DEPARTMENT,Electrical Communication Engineering,ELECTRICAL_COMMUNICATION_ENGINEERING,,
602,theses,Indian Institute of Science Bangalore,ORG,Indian Institute of Science Bangalore,INDIAN_INSTITUTE_OF_SCIENCE_BANGALORE,,
602,theses,Bengaluru,GPE,Bengaluru,BENGALURU,,
603,theses,physics,DEPARTMENT,Physics,PHYSICS,465,472
603,theses,physics,DEPARTMENT,Physics,PHYSICS,1781,1788
603,theses,Civil Engineering,DEPARTMENT,Civil Engineering,CIVIL_ENGINEERING,,
603,theses,Indian Institute of Science Bangalore,ORG,Indian Institute of Science Bangalore,INDIAN_INSTITUTE_OF_SCIENCE_BANGALORE,,
603,theses,Bengaluru,GPE,Bengaluru,BENGALURU,,
604,theses,Mechanical Engineering,DEPARTMENT,Mechanical Engineering,MECHANICAL_ENGINEERING,,
604,theses,Indian Institute of Science Bangalore,ORG,Indian Institute of Science Bangalore,INDIAN_INSTITUTE_OF_SCIENCE_BANGALORE,,
604,theses,Bengaluru,GPE,Bengaluru,BENGALURU,,
605,theses,Materials Engineering,DEPARTMENT,Materials Engineering,MATERIALS_ENGINEERING,,
605,theses,Indian Institute of Science Bangalore,ORG,Indian Institute of Science Bangalore,INDIAN_INSTITUTE_OF_SCIENCE_BANGALORE,,
605,theses,Bengaluru,GPE,Bengaluru,BENGALURU,,
606,theses,Civil Engineering,DEPARTMENT,Civil Engineering,CIVIL_ENGINEERING,,
606,theses,Indian Institute of Science Bangalore,ORG,Indian Institute of Science Bangalore,INDIAN_INSTITUTE_OF_SCIENCE_BANGALORE,,
606,theses,Bengaluru,GPE,Bengaluru,BENGALURU,,
607,theses,Aerospace Engineering,DEPARTMENT,Aerospace Engineering,AEROSPACE_ENGINEERING,,
607,theses,Indian Institute of Science Bangalore,ORG,Indian Institute of Science Bangalore,INDIAN_INSTITUTE_OF_SCIENCE_BANGALORE,,
607,theses,Bengaluru,GPE,Bengaluru,BENGALURU,,
608,theses,Electrical Communication Engineering,DEPARTMENT,Electrical Communication Engineering,ELECTRICAL_COMMUNICATION_ENGINEERING,,
608,theses,Indian Institute of Science Bangalore,ORG,Indian Institute of Science Bangalore,INDIAN_INSTITUTE_OF_SCIENCE_BANGALORE,,
608,theses,Bengaluru,GPE,Bengaluru,BENGALURU,,
609,theses,Interdisciplinary Centre for Water Research,DEPARTMENT,Interdisciplinary Centre for Water Research,INTERDISCIPLINARY_CENTRE_FOR_WATER_RESEARCH,,
609,theses,Indian Institute of Science Bangalore,ORG,Indian Institute of Science Bangalore,INDIAN_INSTITUTE_OF_SCIENCE_BANGALORE,,
609,theses,Bengaluru,GPE,Bengaluru,BENGALURU,,
611,theses,Mechanical Engineering,DEPARTMENT,Mechanical Engineering,MECHANICAL_ENGINEERING,,
611,theses,Indian Institute of Science Bangalore,ORG,Indian Institute of Science Bangalore,INDIAN_INSTITUTE_OF_SCIENCE_BANGALORE,,
611,theses,Bengaluru,GPE,Bengaluru,BENGALURU,,
621,theses,Mechanical Engineering,DEPARTMENT,Mechanical Engineering,MECHANICAL_ENGINEERING,,
621,theses,Indian Institute of Science Bangalore,ORG,Indian Institute of Science Bangalore,INDIAN_INSTITUTE_OF_SCIENCE_BANGALORE,,
621,theses,Bengaluru,GPE,Bengaluru,BENGALURU,,
622,theses,Aerospace Engineering,DEPARTMENT,Aerospace Engineering,AEROSPACE_ENGINEERING,,
622,theses,Indian Institute of Science Bangalore,ORG,Indian Institute of Science Bangalore,INDIAN_INSTITUTE_OF_SCIENCE_BANGALORE,,
622,theses,Bengaluru,GPE,Bengaluru,BENGALURU,,
623,theses,Chemical Engineering,DEPARTMENT,Chemical Engineering,CHEMICAL_ENGINEERING,,
623,theses,Indian Institute of Science Bangalore,ORG,Indian Institute of Science Bangalore,INDIAN_INSTITUTE_OF_SCIENCE_BANGALORE,,
623,theses,Bengaluru,GPE,Bengaluru,BENGALURU,,
624,theses,Electrical Engineering,DEPARTMENT,Electrical Engineering,ELECTRICAL_ENGINEERING,,
624,theses,Indian Institute of Science Bangalore,ORG,Indian Institute of Science Bangalore,INDIAN_INSTITUTE_OF_SCIENCE_BANGALORE,,
624,theses,Bengaluru,GPE,Bengaluru,BENGALURU,,
625,theses,Centre for BioSystems Science and Engineering,DEPARTMENT,Centre for BioSystems Science and Engineering,CENTRE_FOR_BIOSYSTEMS_SCIENCE_AND_ENGINEERING,,
625,theses,Indian Institute of Science Bangalore,ORG,Indian Institute of Science Bangalore,INDIAN_INSTITUTE_OF_SCIENCE_BANGALORE,,
625,theses,Bengaluru,GPE,Bengaluru,BENGALURU,,
626,theses,Computer Science and Automation,DEPARTMENT,Computer Science and Automation,COMPUTER_SCIENCE_AND_AUTOMATION,,
626,theses,Indian Institute of Science Bangalore,ORG,Indian Institute of Science Bangalore,INDIAN_INSTITUTE_OF_SCIENCE_BANGALORE,,
626,theses,Bengaluru,GPE,Bengaluru,BENGALURU,,
629,theses,Materials Engineering,DEPARTMENT,Materials Engineering,MATERIALS_ENGINEERING,,
629,theses,Indian Institute of Science Bangalore,ORG,Indian Institute of Science Bangalore,INDIAN_INSTITUTE_OF_SCIENCE_BANGALORE,,
629,theses,Bengaluru,GPE,Bengaluru,BENGALURU,,
633,theses,Computer Science and Automation,DEPARTMENT,Computer Science and Automation,COMPUTER_SCIENCE_AND_AUTOMATION,,
633,theses,Indian Institute of Science Bangalore,ORG,Indian Institute of Science Bangalore,INDIAN_INSTITUTE_OF_SCIENCE_BANGALORE,,
633,theses,Bengaluru,GPE,Bengaluru,BENGALURU,,
636,theses,Materials Research Centre,DEPARTMENT,Materials Research Centre,MATERIALS_RESEARCH_CENTRE,,
636,theses,Indian Institute of Science Bangalore,ORG,Indian Institute of Science Bangalore,INDIAN_INSTITUTE_OF_SCIENCE_BANGALORE,,
636,theses,Bengaluru,GPE,Bengaluru,BENGALURU,,
637,theses,Chemical Engineering,DEPARTMENT,Chemical Engineering,CHEMICAL_ENGINEERING,,
637,theses,Indian Institute of Science Bangalore,ORG,Indian Institute of Science Bangalore,INDIAN_INSTITUTE_OF_SCIENCE_BANGALORE,,
637,theses,Bengaluru,GPE,Bengaluru,BENGALURU,,
638,theses,Chemical Engineering,DEPARTMENT,Chemical Engineering,CHEMICAL_ENGINEERING,,
638,theses,Indian Institute of Science Bangalore,ORG,Indian Institute of Science Bangalore,INDIAN_INSTITUTE_OF_SCIENCE_BANGALORE,,
638,theses,Bengaluru,GPE,Bengaluru,BENGALURU,,
639,theses,Computer Science and Automation,DEPARTMENT,Computer Science and Automation,COMPUTER_SCIENCE_AND_AUTOMATION,,
639,theses,Indian Institute of Science Bangalore,ORG,Indian Institute of Science Bangalore,INDIAN_INSTITUTE_OF_SCIENCE_BANGALORE,,
639,theses,Bengaluru,GPE,Bengaluru,BENGALURU,,
640,theses,Centre for BioSystems Science and Engineering,DEPARTMENT,Centre for BioSystems Science and Engineering,CENTRE_FOR_BIOSYSTEMS_SCIENCE_AND_ENGINEERING,,
640,theses,Indian Institute of Science Bangalore,ORG,Indian Institute of Science Bangalore,INDIAN_INSTITUTE_OF_SCIENCE_BANGALORE,,
640,theses,Bengaluru,GPE,Bengaluru,BENGALURU,,
641,theses,Chemical Engineering,DEPARTMENT,Chemical Engineering,CHEMICAL_ENGINEERING,,
641,theses,Indian Institute of Science Bangalore,ORG,Indian Institute of Science Bangalore,INDIAN_INSTITUTE_OF_SCIENCE_BANGALORE,,
641,theses,Bengaluru,GPE,Bengaluru,BENGALURU,,
642,theses,Computational and Data Sciences,DEPARTMENT,Computational and Data Sciences,COMPUTATIONAL_AND_DATA_SCIENCES,,
642,theses,Indian Institute of Science Bangalore,ORG,Indian Institute of Science Bangalore,INDIAN_INSTITUTE_OF_SCIENCE_BANGALORE,,
642,theses,Bengaluru,GPE,Bengaluru,BENGALURU,,
643,theses,Aerospace Engineering,DEPARTMENT,Aerospace Engineering,AEROSPACE_ENGINEERING,,
643,theses,Indian Institute of Science Bangalore,ORG,Indian Institute of Science Bangalore,INDIAN_INSTITUTE_OF_SCIENCE_BANGALORE,,
643,theses,Bengaluru,GPE,Bengaluru,BENGALURU,,
647,theses,Electronic Systems Engineering,DEPARTMENT,Electronic Systems Engineering,ELECTRONIC_SYSTEMS_ENGINEERING,,
647,theses,Indian Institute of Science Bangalore,ORG,Indian Institute of Science Bangalore,INDIAN_INSTITUTE_OF_SCIENCE_BANGALORE,,
647,theses,Bengaluru,GPE,Bengaluru,BENGALURU,,
648,theses,Materials Engineering,DEPARTMENT,Materials Engineering,MATERIALS_ENGINEERING,,
648,theses,Indian Institute of Science Bangalore,ORG,Indian Institute of Science Bangalore,INDIAN_INSTITUTE_OF_SCIENCE_BANGALORE,,
648,theses,Bengaluru,GPE,Bengaluru,BENGALURU,,
649,theses,Civil Engineering,DEPARTMENT,Civil Engineering,CIVIL_ENGINEERING,,
649,theses,Indian Institute of Science Bangalore,ORG,Indian Institute of Science Bangalore,INDIAN_INSTITUTE_OF_SCIENCE_BANGALORE,,
649,theses,Bengaluru,GPE,Bengaluru,BENGALURU,,
650,theses,Electrical Communication Engineering,DEPARTMENT,Electrical Communication Engineering,ELECTRICAL_COMMUNICATION_ENGINEERING,,
650,theses,Indian Institute of Science Bangalore,ORG,Indian Institute of Science Bangalore,INDIAN_INSTITUTE_OF_SCIENCE_BANGALORE,,
650,theses,Bengaluru,GPE,Bengaluru,BENGALURU,,
651,theses,Computer Science and Automation,DEPARTMENT,Computer Science and Automation,COMPUTER_SCIENCE_AND_AUTOMATION,,
651,theses,Indian Institute of Science Bangalore,ORG,Indian Institute of Science Bangalore,INDIAN_INSTITUTE_OF_SCIENCE_BANGALORE,,
651,theses,Bengaluru,GPE,Bengaluru,BENGALURU,,
652,theses,Aerospace Engineering,DEPARTMENT,Aerospace Engineering,AEROSPACE_ENGINEERING,,
652,theses,Indian Institute of Science Bangalore,ORG,Indian Institute of Science Bangalore,INDIAN_INSTITUTE_OF_SCIENCE_BANGALORE,,
652,theses,Bengaluru,GPE,Bengaluru,BENGALURU,,
658,theses,Mechanical Engineering,DEPARTMENT,Mechanical Engineering,MECHANICAL_ENGINEERING,,
658,theses,Indian Institute of Science Bangalore,ORG,Indian Institute of Science Bangalore,INDIAN_INSTITUTE_OF_SCIENCE_BANGALORE,,
658,theses,Bengaluru,GPE,Bengaluru,BENGALURU,,
661,theses,Civil Engineering,DEPARTMENT,Civil Engineering,CIVIL_ENGINEERING,,
661,theses,Indian Institute of Science Bangalore,ORG,Indian Institute of Science Bangalore,INDIAN_INSTITUTE_OF_SCIENCE_BANGALORE,,
661,theses,Bengaluru,GPE,Bengaluru,BENGALURU,,
662,theses,Centre for BioSystems Science and Engineering,DEPARTMENT,Centre for BioSystems Science and Engineering,CENTRE_FOR_BIOSYSTEMS_SCIENCE_AND_ENGINEERING,,
662,theses,Indian Institute of Science Bangalore,ORG,Indian Institute of Science Bangalore,INDIAN_INSTITUTE_OF_SCIENCE_BANGALORE,,
662,theses,Bengaluru,GPE,Bengaluru,BENGALURU,,
663,theses,Electrical Engineering,DEPARTMENT,Electrical Engineering,ELECTRICAL_ENGINEERING,,
663,theses,Indian Institute of Science Bangalore,ORG,Indian Institute of Science Bangalore,INDIAN_INSTITUTE_OF_SCIENCE_BANGALORE,,
663,theses,Bengaluru,GPE,Bengaluru,BENGALURU,,
665,theses,Electrical Engineering,DEPARTMENT,Electrical Engineering,ELECTRICAL_ENGINEERING,,
665,theses,Indian Institute of Science Bangalore,ORG,Indian Institute of Science Bangalore,INDIAN_INSTITUTE_OF_SCIENCE_BANGALORE,,
665,theses,Bengaluru,GPE,Bengaluru,BENGALURU,,
667,theses,Materials Engineering,DEPARTMENT,Materials Engineering,MATERIALS_ENGINEERING,,
667,theses,Indian Institute of Science Bangalore,ORG,Indian Institute of Science Bangalore,INDIAN_INSTITUTE_OF_SCIENCE_BANGALORE,,
667,theses,Bengaluru,GPE,Bengaluru,BENGALURU,,
668,theses,Electrical Communication Engineering,DEPARTMENT,Electrical Communication Engineering,ELECTRICAL_COMMUNICATION_ENGINEERING,,
668,theses,Indian Institute of Science Bangalore,ORG,Indian Institute of Science Bangalore,INDIAN_INSTITUTE_OF_SCIENCE_BANGALORE,,
668,theses,Bengaluru,GPE,Bengaluru,BENGALURU,,
669,theses,Chemical Engineering,DEPARTMENT,Chemical Engineering,CHEMICAL_ENGINEERING,,
669,theses,Indian Institute of Science Bangalore,ORG,Indian Institute of Science Bangalore,INDIAN_INSTITUTE_OF_SCIENCE_BANGALORE,,
669,theses,Bengaluru,GPE,Bengaluru,BENGALURU,,
670,theses,Materials Engineering,DEPARTMENT,Materials Engineering,MATERIALS_ENGINEERING,,
670,theses,Indian Institute of Science Bangalore,ORG,Indian Institute of Science Bangalore,INDIAN_INSTITUTE_OF_SCIENCE_BANGALORE,,
670,theses,Bengaluru,GPE,Bengaluru,BENGALURU,,
672,theses,Civil Engineering,DEPARTMENT,Civil Engineering,CIVIL_ENGINEERING,,
672,theses,Indian Institute of Science Bangalore,ORG,Indian Institute of Science Bangalore,INDIAN_INSTITUTE_OF_SCIENCE_BANGALORE,,
672,theses,Bengaluru,GPE,Bengaluru,BENGALURU,,
673,theses,Electrical Communication Engineering,DEPARTMENT,Electrical Communication Engineering,ELECTRICAL_COMMUNICATION_ENGINEERING,,
673,theses,Indian Institute of Science Bangalore,ORG,Indian Institute of Science Bangalore,INDIAN_INSTITUTE_OF_SCIENCE_BANGALORE,,
673,theses,Bengaluru,GPE,Bengaluru,BENGALURU,,
675,theses,Instrumentaion and Applied Physics,DEPARTMENT,Instrumentaion and Applied Physics,INSTRUMENTAION_AND_APPLIED_PHYSICS,,
675,theses,Indian Institute of Science Bangalore,ORG,Indian Institute of Science Bangalore,INDIAN_INSTITUTE_OF_SCIENCE_BANGALORE,,
675,theses,Bengaluru,GPE,Bengaluru,BENGALURU,,
676,theses,Electrical Engineering,DEPARTMENT,Electrical Engineering,ELECTRICAL_ENGINEERING,,
676,theses,Indian Institute of Science Bangalore,ORG,Indian Institute of Science Bangalore,INDIAN_INSTITUTE_OF_SCIENCE_BANGALORE,,
676,theses,Bengaluru,GPE,Bengaluru,BENGALURU,,
677,theses,Centre for Nano Science and Engineering,DEPARTMENT,Centre for Nano Science and Engineering,CENTRE_FOR_NANO_SCIENCE_AND_ENGINEERING,,
677,theses,Indian Institute of Science Bangalore,ORG,Indian Institute of Science Bangalore,INDIAN_INSTITUTE_OF_SCIENCE_BANGALORE,,
677,theses,Bengaluru,GPE,Bengaluru,BENGALURU,,
678,theses,Civil Engineering,DEPARTMENT,Civil Engineering,CIVIL_ENGINEERING,,
678,theses,Indian Institute of Science Bangalore,ORG,Indian Institute of Science Bangalore,INDIAN_INSTITUTE_OF_SCIENCE_BANGALORE,,
678,theses,Bengaluru,GPE,Bengaluru,BENGALURU,,
679,theses,Computer Science and Automation,DEPARTMENT,Computer Science and Automation,COMPUTER_SCIENCE_AND_AUTOMATION,,
679,theses,Indian Institute of Science Bangalore,ORG,Indian Institute of Science Bangalore,INDIAN_INSTITUTE_OF_SCIENCE_BANGALORE,,
679,theses,Bengaluru,GPE,Bengaluru,BENGALURU,,
680,theses,Materials Research Centre,DEPARTMENT,Materials Research Centre,MATERIALS_RESEARCH_CENTRE,,
680,theses,Indian Institute of Science Bangalore,ORG,Indian Institute of Science Bangalore,INDIAN_INSTITUTE_OF_SCIENCE_BANGALORE,,
680,theses,Bengaluru,GPE,Bengaluru,BENGALURU,,
681,theses,Centre for BioSystems Science and Engineering,DEPARTMENT,Centre for BioSystems Science and Engineering,CENTRE_FOR_BIOSYSTEMS_SCIENCE_AND_ENGINEERING,,
681,theses,Indian Institute of Science Bangalore,ORG,Indian Institute of Science Bangalore,INDIAN_INSTITUTE_OF_SCIENCE_BANGALORE,,
681,theses,Bengaluru,GPE,Bengaluru,BENGALURU,,
682,theses,Centre for Product Design and Manufacturing,DEPARTMENT,Centre for Product Design and Manufacturing,CENTRE_FOR_PRODUCT_DESIGN_AND_MANUFACTURING,,
682,theses,Indian Institute of Science Bangalore,ORG,Indian Institute of Science Bangalore,INDIAN_INSTITUTE_OF_SCIENCE_BANGALORE,,
682,theses,Bengaluru,GPE,Bengaluru,BENGALURU,,
683,theses,Materials Engineering,DEPARTMENT,Materials Engineering,MATERIALS_ENGINEERING,,
683,theses,Indian Institute of Science Bangalore,ORG,Indian Institute of Science Bangalore,INDIAN_INSTITUTE_OF_SCIENCE_BANGALORE,,
683,theses,Bengaluru,GPE,Bengaluru,BENGALURU,,
684,theses,Civil Engineering,DEPARTMENT,Civil Engineering,CIVIL_ENGINEERING,,
684,theses,Indian Institute of Science Bangalore,ORG,Indian Institute of Science Bangalore,INDIAN_INSTITUTE_OF_SCIENCE_BANGALORE,,
684,theses,Bengaluru,GPE,Bengaluru,BENGALURU,,
685,theses,Electrical Communication Engineering,DEPARTMENT,Electrical Communication Engineering,ELECTRICAL_COMMUNICATION_ENGINEERING,,
685,theses,Indian Institute of Science Bangalore,ORG,Indian Institute of Science Bangalore,INDIAN_INSTITUTE_OF_SCIENCE_BANGALORE,,
685,theses,Bengaluru,GPE,Bengaluru,BENGALURU,,
686,theses,Instrumentaion and Applied Physics,DEPARTMENT,Instrumentaion and Applied Physics,INSTRUMENTAION_AND_APPLIED_PHYSICS,,
686,theses,Indian Institute of Science Bangalore,ORG,Indian Institute of Science Bangalore,INDIAN_INSTITUTE_OF_SCIENCE_BANGALORE,,
686,theses,Bengaluru,GPE,Bengaluru,BENGALURU,,
687,theses,Chemical Engineering,DEPARTMENT,Chemical Engineering,CHEMICAL_ENGINEERING,,
687,theses,Indian Institute of Science Bangalore,ORG,Indian Institute of Science Bangalore,INDIAN_INSTITUTE_OF_SCIENCE_BANGALORE,,
687,theses,Bengaluru,GPE,Bengaluru,BENGALURU,,
688,theses,Centre for Nano Science and Engineering,DEPARTMENT,Centre for Nano Science and Engineering,CENTRE_FOR_NANO_SCIENCE_AND_ENGINEERING,,
688,theses,Indian Institute of Science Bangalore,ORG,Indian Institute of Science Bangalore,INDIAN_INSTITUTE_OF_SCIENCE_BANGALORE,,
688,theses,Bengaluru,GPE,Bengaluru,BENGALURU,,
689,theses,Chemical Engineering,DEPARTMENT,Chemical Engineering,CHEMICAL_ENGINEERING,,
689,theses,Indian Institute of Science Bangalore,ORG,Indian Institute of Science Bangalore,INDIAN_INSTITUTE_OF_SCIENCE_BANGALORE,,
689,theses,Bengaluru,GPE,Bengaluru,BENGALURU,,
690,theses,Interdisciplinary Centre for Energy Research,DEPARTMENT,Interdisciplinary Centre for Energy Research,INTERDISCIPLINARY_CENTRE_FOR_ENERGY_RESEARCH,,
690,theses,Indian Institute of Science Bangalore,ORG,Indian Institute of Science Bangalore,INDIAN_INSTITUTE_OF_SCIENCE_BANGALORE,,
690,theses,Bengaluru,GPE,Bengaluru,BENGALURU,,
691,theses,Electrical Engineering,DEPARTMENT,Electrical Engineering,ELECTRICAL_ENGINEERING,,
691,theses,Indian Institute of Science Bangalore,ORG,Indian Institute of Science Bangalore,INDIAN_INSTITUTE_OF_SCIENCE_BANGALORE,,
691,theses,Bengaluru,GPE,Bengaluru,BENGALURU,,
692,theses,Materials Engineering,DEPARTMENT,Materials Engineering,MATERIALS_ENGINEERING,,
692,theses,Indian Institute of Science Bangalore,ORG,Indian Institute of Science Bangalore,INDIAN_INSTITUTE_OF_SCIENCE_BANGALORE,,
692,theses,Bengaluru,GPE,Bengaluru,BENGALURU,,
694,theses,Robert Bosch Centre for Cyber Physical Systems,DEPARTMENT,Robert Bosch Centre for Cyber Physical Systems,ROBERT_BOSCH_CENTRE_FOR_CYBER_PHYSICAL_SYSTEMS,,
694,theses,Indian Institute of Science Bangalore,ORG,Indian Institute of Science Bangalore,INDIAN_INSTITUTE_OF_SCIENCE_BANGALORE,,
694,theses,Bengaluru,GPE,Bengaluru,BENGALURU,,
695,theses,Materials Engineering,DEPARTMENT,Materials Engineering,MATERIALS_ENGINEERING,,
695,theses,Indian Institute of Science Bangalore,ORG,Indian Institute of Science Bangalore,INDIAN_INSTITUTE_OF_SCIENCE_BANGALORE,,
695,theses,Bengaluru,GPE,Bengaluru,BENGALURU,,
696,theses,Aerospace Engineering,DEPARTMENT,Aerospace Engineering,AEROSPACE_ENGINEERING,,
696,theses,Indian Institute of Science Bangalore,ORG,Indian Institute of Science Bangalore,INDIAN_INSTITUTE_OF_SCIENCE_BANGALORE,,
696,theses,Bengaluru,GPE,Bengaluru,BENGALURU,,
697,theses,physics,DEPARTMENT,Physics,PHYSICS,980,987
697,theses,Materials Engineering,DEPARTMENT,Materials Engineering,MATERIALS_ENGINEERING,,
697,theses,Indian Institute of Science Bangalore,ORG,Indian Institute of Science Bangalore,INDIAN_INSTITUTE_OF_SCIENCE_BANGALORE,,
697,theses,Bengaluru,GPE,Bengaluru,BENGALURU,,
698,theses,physics,DEPARTMENT,Physics,PHYSICS,8,15
698,theses,Civil Engineering,DEPARTMENT,Civil Engineering,CIVIL_ENGINEERING,,
698,theses,Indian Institute of Science Bangalore,ORG,Indian Institute of Science Bangalore,INDIAN_INSTITUTE_OF_SCIENCE_BANGALORE,,
698,theses,Bengaluru,GPE,Bengaluru,BENGALURU,,
699,theses,Computer Science and Automation,DEPARTMENT,Computer Science and Automation,COMPUTER_SCIENCE_AND_AUTOMATION,,
699,theses,Indian Institute of Science Bangalore,ORG,Indian Institute of Science Bangalore,INDIAN_INSTITUTE_OF_SCIENCE_BANGALORE,,
699,theses,Bengaluru,GPE,Bengaluru,BENGALURU,,
700,theses,Civil Engineering,DEPARTMENT,Civil Engineering,CIVIL_ENGINEERING,,
700,theses,Indian Institute of Science Bangalore,ORG,Indian Institute of Science Bangalore,INDIAN_INSTITUTE_OF_SCIENCE_BANGALORE,,
700,theses,Bengaluru,GPE,Bengaluru,BENGALURU,,
701,theses,Civil Engineering,DEPARTMENT,Civil Engineering,CIVIL_ENGINEERING,,
701,theses,Indian Institute of Science Bangalore,ORG,Indian Institute of Science Bangalore,INDIAN_INSTITUTE_OF_SCIENCE_BANGALORE,,
701,theses,Bengaluru,GPE,Bengaluru,BENGALURU,,
702,theses,Chemical Engineering,DEPARTMENT,Chemical Engineering,CHEMICAL_ENGINEERING,,
702,theses,Indian Institute of Science Bangalore,ORG,Indian Institute of Science Bangalore,INDIAN_INSTITUTE_OF_SCIENCE_BANGALORE,,
702,theses,Bengaluru,GPE,Bengaluru,BENGALURU,,
703,theses,Centre for Product Design and Manufacturing,DEPARTMENT,Centre for Product Design and Manufacturing,CENTRE_FOR_PRODUCT_DESIGN_AND_MANUFACTURING,,
703,theses,Indian Institute of Science Bangalore,ORG,Indian Institute of Science Bangalore,INDIAN_INSTITUTE_OF_SCIENCE_BANGALORE,,
703,theses,Bengaluru,GPE,Bengaluru,BENGALURU,,
704,theses,Centre for BioSystems Science and Engineering,DEPARTMENT,Centre for BioSystems Science and Engineering,CENTRE_FOR_BIOSYSTEMS_SCIENCE_AND_ENGINEERING,,
704,theses,Indian Institute of Science Bangalore,ORG,Indian Institute of Science Bangalore,INDIAN_INSTITUTE_OF_SCIENCE_BANGALORE,,
704,theses,Bengaluru,GPE,Bengaluru,BENGALURU,,
705,theses,Electrical Communication Engineering,DEPARTMENT,Electrical Communication Engineering,ELECTRICAL_COMMUNICATION_ENGINEERING,,
705,theses,Indian Institute of Science Bangalore,ORG,Indian Institute of Science Bangalore,INDIAN_INSTITUTE_OF_SCIENCE_BANGALORE,,
705,theses,Bengaluru,GPE,Bengaluru,BENGALURU,,
706,theses,Materials Engineering,DEPARTMENT,Materials Engineering,MATERIALS_ENGINEERING,,
706,theses,Indian Institute of Science Bangalore,ORG,Indian Institute of Science Bangalore,INDIAN_INSTITUTE_OF_SCIENCE_BANGALORE,,
706,theses,Bengaluru,GPE,Bengaluru,BENGALURU,,
707,theses,Aerospace Engineering,DEPARTMENT,Aerospace Engineering,AEROSPACE_ENGINEERING,,
707,theses,Indian Institute of Science Bangalore,ORG,Indian Institute of Science Bangalore,INDIAN_INSTITUTE_OF_SCIENCE_BANGALORE,,
707,theses,Bengaluru,GPE,Bengaluru,BENGALURU,,
709,theses,Centre for Earth Sciences,DEPARTMENT,Centre for Earth Sciences,CENTRE_FOR_EARTH_SCIENCES,,
709,theses,Indian Institute of Science Bangalore,ORG,Indian Institute of Science Bangalore,INDIAN_INSTITUTE_OF_SCIENCE_BANGALORE,,
709,theses,Bengaluru,GPE,Bengaluru,BENGALURU,,
710,theses,Bengaluru,GPE,Bengaluru,BENGALURU,71,80
710,theses,India,GPE,India,INDIA,81,86
710,theses,Civil Engineering,DEPARTMENT,Civil Engineering,CIVIL_ENGINEERING,,
710,theses,Indian Institute of Science Bangalore,ORG,Indian Institute of Science Bangalore,INDIAN_INSTITUTE_OF_SCIENCE_BANGALORE,,
711,theses,Computer Science and Automation,DEPARTMENT,Computer Science and Automation,COMPUTER_SCIENCE_AND_AUTOMATION,,
711,theses,Indian Institute of Science Bangalore,ORG,Indian Institute of Science Bangalore,INDIAN_INSTITUTE_OF_SCIENCE_BANGALORE,,
711,theses,Bengaluru,GPE,Bengaluru,BENGALURU,,
712,theses,Electrical Communication Engineering,DEPARTMENT,Electrical Communication Engineering,ELECTRICAL_COMMUNICATION_ENGINEERING,,
712,theses,Indian Institute of Science Bangalore,ORG,Indian Institute of Science Bangalore,INDIAN_INSTITUTE_OF_SCIENCE_BANGALORE,,
712,theses,Bengaluru,GPE,Bengaluru,BENGALURU,,
713,theses,Electrical Communication Engineering,DEPARTMENT,Electrical Communication Engineering,ELECTRICAL_COMMUNICATION_ENGINEERING,,
713,theses,Indian Institute of Science Bangalore,ORG,Indian Institute of Science Bangalore,INDIAN_INSTITUTE_OF_SCIENCE_BANGALORE,,
713,theses,Bengaluru,GPE,Bengaluru,BENGALURU,,
714,theses,Chemical Engineering,DEPARTMENT,Chemical Engineering,CHEMICAL_ENGINEERING,,
714,theses,Indian Institute of Science Bangalore,ORG,Indian Institute of Science Bangalore,INDIAN_INSTITUTE_OF_SCIENCE_BANGALORE,,
714,theses,Bengaluru,GPE,Bengaluru,BENGALURU,,
715,theses,Centre for Sustainable Technology,DEPARTMENT,Centre for Sustainable Technology,CENTRE_FOR_SUSTAINABLE_TECHNOLOGY,,
715,theses,Indian Institute of Science Bangalore,ORG,Indian Institute of Science Bangalore,INDIAN_INSTITUTE_OF_SCIENCE_BANGALORE,,
715,theses,Bengaluru,GPE,Bengaluru,BENGALURU,,
716,theses,Electrical Communication Engineering,DEPARTMENT,Electrical Communication Engineering,ELECTRICAL_COMMUNICATION_ENGINEERING,,
716,theses,Indian Institute of Science Bangalore,ORG,Indian Institute of Science Bangalore,INDIAN_INSTITUTE_OF_SCIENCE_BANGALORE,,
716,theses,Bengaluru,GPE,Bengaluru,BENGALURU,,
717,theses,Materials Research Centre,DEPARTMENT,Materials Research Centre,MATERIALS_RESEARCH_CENTRE,,
717,theses,Indian Institute of Science Bangalore,ORG,Indian Institute of Science Bangalore,INDIAN_INSTITUTE_OF_SCIENCE_BANGALORE,,
717,theses,Bengaluru,GPE,Bengaluru,BENGALURU,,
718,theses,Materials Research Centre,DEPARTMENT,Materials Research Centre,MATERIALS_RESEARCH_CENTRE,,
718,theses,Indian Institute of Science Bangalore,ORG,Indian Institute of Science Bangalore,INDIAN_INSTITUTE_OF_SCIENCE_BANGALORE,,
718,theses,Bengaluru,GPE,Bengaluru,BENGALURU,,
719,theses,Electrical Engineering,DEPARTMENT,Electrical Engineering,ELECTRICAL_ENGINEERING,,
719,theses,Indian Institute of Science Bangalore,ORG,Indian Institute of Science Bangalore,INDIAN_INSTITUTE_OF_SCIENCE_BANGALORE,,
719,theses,Bengaluru,GPE,Bengaluru,BENGALURU,,
720,theses,Electrical Communication Engineering,DEPARTMENT,Electrical Communication Engineering,ELECTRICAL_COMMUNICATION_ENGINEERING,,
720,theses,Indian Institute of Science Bangalore,ORG,Indian Institute of Science Bangalore,INDIAN_INSTITUTE_OF_SCIENCE_BANGALORE,,
720,theses,Bengaluru,GPE,Bengaluru,BENGALURU,,
721,theses,Computer Science and Automation,DEPARTMENT,Computer Science and Automation,COMPUTER_SCIENCE_AND_AUTOMATION,,
721,theses,Indian Institute of Science Bangalore,ORG,Indian Institute of Science Bangalore,INDIAN_INSTITUTE_OF_SCIENCE_BANGALORE,,
721,theses,Bengaluru,GPE,Bengaluru,BENGALURU,,
722,theses,Materials Engineering,DEPARTMENT,Materials Engineering,MATERIALS_ENGINEERING,,
722,theses,Indian Institute of Science Bangalore,ORG,Indian Institute of Science Bangalore,INDIAN_INSTITUTE_OF_SCIENCE_BANGALORE,,
722,theses,Bengaluru,GPE,Bengaluru,BENGALURU,,
723,theses,Centre for Product Design and Manufacturing,DEPARTMENT,Centre for Product Design and Manufacturing,CENTRE_FOR_PRODUCT_DESIGN_AND_MANUFACTURING,,
723,theses,Indian Institute of Science Bangalore,ORG,Indian Institute of Science Bangalore,INDIAN_INSTITUTE_OF_SCIENCE_BANGALORE,,
723,theses,Bengaluru,GPE,Bengaluru,BENGALURU,,
724,theses,Electrical Communication Engineering,DEPARTMENT,Electrical Communication Engineering,ELECTRICAL_COMMUNICATION_ENGINEERING,,
724,theses,Indian Institute of Science Bangalore,ORG,Indian Institute of Science Bangalore,INDIAN_INSTITUTE_OF_SCIENCE_BANGALORE,,
724,theses,Bengaluru,GPE,Bengaluru,BENGALURU,,
34,theses,CMR Institute of Technology,ORG,CMR Institute of Technology,CMR_INSTITUTE_OF_TECHNOLOGY,,
34,theses,Bengaluru,GPE,Bengaluru,BENGALURU,,
725,theses,Electronic Systems Engineering,DEPARTMENT,Electronic Systems Engineering,ELECTRONIC_SYSTEMS_ENGINEERING,,
725,theses,Indian Institute of Science Bangalore,ORG,Indian Institute of Science Bangalore,INDIAN_INSTITUTE_OF_SCIENCE_BANGALORE,,
725,theses,Bengaluru,GPE,Bengaluru,BENGALURU,,
726,theses,Electronic Systems Engineering,DEPARTMENT,Electronic Systems Engineering,ELECTRONIC_SYSTEMS_ENGINEERING,,
726,theses,Indian Institute of Science Bangalore,ORG,Indian Institute of Science Bangalore,INDIAN_INSTITUTE_OF_SCIENCE_BANGALORE,,
726,theses,Bengaluru,GPE,Bengaluru,BENGALURU,,
727,theses,Civil Engineering,DEPARTMENT,Civil Engineering,CIVIL_ENGINEERING,,
727,theses,Indian Institute of Science Bangalore,ORG,Indian Institute of Science Bangalore,INDIAN_INSTITUTE_OF_SCIENCE_BANGALORE,,
727,theses,Bengaluru,GPE,Bengaluru,BENGALURU,,
728,theses,Mechanical Engineering,DEPARTMENT,Mechanical Engineering,MECHANICAL_ENGINEERING,,
728,theses,Indian Institute of Science Bangalore,ORG,Indian Institute of Science Bangalore,INDIAN_INSTITUTE_OF_SCIENCE_BANGALORE,,
728,theses,Bengaluru,GPE,Bengaluru,BENGALURU,,
729,theses,Aerospace Engineering,DEPARTMENT,Aerospace Engineering,AEROSPACE_ENGINEERING,,
729,theses,Indian Institute of Science Bangalore,ORG,Indian Institute of Science Bangalore,INDIAN_INSTITUTE_OF_SCIENCE_BANGALORE,,
729,theses,Bengaluru,GPE,Bengaluru,BENGALURU,,
730,theses,Computational and Data Sciences,DEPARTMENT,Computational and Data Sciences,COMPUTATIONAL_AND_DATA_SCIENCES,,
730,theses,Indian Institute of Science Bangalore,ORG,Indian Institute of Science Bangalore,INDIAN_INSTITUTE_OF_SCIENCE_BANGALORE,,
730,theses,Bengaluru,GPE,Bengaluru,BENGALURU,,
731,theses,Mechanical Engineering,DEPARTMENT,Mechanical Engineering,MECHANICAL_ENGINEERING,,
731,theses,Indian Institute of Science Bangalore,ORG,Indian Institute of Science Bangalore,INDIAN_INSTITUTE_OF_SCIENCE_BANGALORE,,
731,theses,Bengaluru,GPE,Bengaluru,BENGALURU,,
732,theses,Electrical Communication Engineering,DEPARTMENT,Electrical Communication Engineering,ELECTRICAL_COMMUNICATION_ENGINEERING,,
732,theses,Indian Institute of Science Bangalore,ORG,Indian Institute of Science Bangalore,INDIAN_INSTITUTE_OF_SCIENCE_BANGALORE,,
732,theses,Bengaluru,GPE,Bengaluru,BENGALURU,,
733,theses,Electrical Communication Engineering,DEPARTMENT,Electrical Communication Engineering,ELECTRICAL_COMMUNICATION_ENGINEERING,,
733,theses,Indian Institute of Science Bangalore,ORG,Indian Institute of Science Bangalore,INDIAN_INSTITUTE_OF_SCIENCE_BANGALORE,,
733,theses,Bengaluru,GPE,Bengaluru,BENGALURU,,
734,theses,Centre for Nano Science and Engineering,DEPARTMENT,Centre for Nano Science and Engineering,CENTRE_FOR_NANO_SCIENCE_AND_ENGINEERING,,
734,theses,Indian Institute of Science Bangalore,ORG,Indian Institute of Science Bangalore,INDIAN_INSTITUTE_OF_SCIENCE_BANGALORE,,
734,theses,Bengaluru,GPE,Bengaluru,BENGALURU,,
735,theses,Mechanical Engineering,DEPARTMENT,Mechanical Engineering,MECHANICAL_ENGINEERING,,
735,theses,Indian Institute of Science Bangalore,ORG,Indian Institute of Science Bangalore,INDIAN_INSTITUTE_OF_SCIENCE_BANGALORE,,
735,theses,Bengaluru,GPE,Bengaluru,BENGALURU,,
841,theses,Robert Bosch Centre for Cyber Physical Systems,DEPARTMENT,Robert Bosch Centre for Cyber Physical Systems,ROBERT_BOSCH_CENTRE_FOR_CYBER_PHYSICAL_SYSTEMS,,
841,theses,Indian Institute of Science Bangalore,ORG,Indian Institute of Science Bangalore,INDIAN_INSTITUTE_OF_SCIENCE_BANGALORE,,
841,theses,Bengaluru,GPE,Bengaluru,BENGALURU,,
736,theses,Physics,DEPARTMENT,Physics,PHYSICS,7,14
736,theses,Aerospace Engineering,DEPARTMENT,Aerospace Engineering,AEROSPACE_ENGINEERING,,
736,theses,Indian Institute of Science Bangalore,ORG,Indian Institute of Science Bangalore,INDIAN_INSTITUTE_OF_SCIENCE_BANGALORE,,
736,theses,Bengaluru,GPE,Bengaluru,BENGALURU,,
737,theses,Materials Engineering,DEPARTMENT,Materials Engineering,MATERIALS_ENGINEERING,,
737,theses,Indian Institute of Science Bangalore,ORG,Indian Institute of Science Bangalore,INDIAN_INSTITUTE_OF_SCIENCE_BANGALORE,,
737,theses,Bengaluru,GPE,Bengaluru,BENGALURU,,
738,theses,Computational and Data Sciences,DEPARTMENT,Computational and Data Sciences,COMPUTATIONAL_AND_DATA_SCIENCES,,
738,theses,Indian Institute of Science Bangalore,ORG,Indian Institute of Science Bangalore,INDIAN_INSTITUTE_OF_SCIENCE_BANGALORE,,
738,theses,Bengaluru,GPE,Bengaluru,BENGALURU,,
739,theses,Computer Science and Automation,DEPARTMENT,Computer Science and Automation,COMPUTER_SCIENCE_AND_AUTOMATION,,
739,theses,Indian Institute of Science Bangalore,ORG,Indian Institute of Science Bangalore,INDIAN_INSTITUTE_OF_SCIENCE_BANGALORE,,
739,theses,Bengaluru,GPE,Bengaluru,BENGALURU,,
740,theses,Mechanical Engineering,DEPARTMENT,Mechanical Engineering,MECHANICAL_ENGINEERING,,
740,theses,Indian Institute of Science Bangalore,ORG,Indian Institute of Science Bangalore,INDIAN_INSTITUTE_OF_SCIENCE_BANGALORE,,
740,theses,Bengaluru,GPE,Bengaluru,BENGALURU,,
741,theses,Mechanical Engineering,DEPARTMENT,Mechanical Engineering,MECHANICAL_ENGINEERING,,
741,theses,Indian Institute of Science Bangalore,ORG,Indian Institute of Science Bangalore,INDIAN_INSTITUTE_OF_SCIENCE_BANGALORE,,
741,theses,Bengaluru,GPE,Bengaluru,BENGALURU,,
742,theses,India,GPE,India,INDIA,186,191
742,theses,Centre for Earth Sciences,DEPARTMENT,Centre for Earth Sciences,CENTRE_FOR_EARTH_SCIENCES,,
742,theses,Indian Institute of Science Bangalore,ORG,Indian Institute of Science Bangalore,INDIAN_INSTITUTE_OF_SCIENCE_BANGALORE,,
742,theses,Bengaluru,GPE,Bengaluru,BENGALURU,,
743,theses,Electrical Communication Engineering,DEPARTMENT,Electrical Communication Engineering,ELECTRICAL_COMMUNICATION_ENGINEERING,,
743,theses,Indian Institute of Science Bangalore,ORG,Indian Institute of Science Bangalore,INDIAN_INSTITUTE_OF_SCIENCE_BANGALORE,,
743,theses,Bengaluru,GPE,Bengaluru,BENGALURU,,
744,theses,Centre for BioSystems Science and Engineering,DEPARTMENT,Centre for BioSystems Science and Engineering,CENTRE_FOR_BIOSYSTEMS_SCIENCE_AND_ENGINEERING,,
744,theses,Indian Institute of Science Bangalore,ORG,Indian Institute of Science Bangalore,INDIAN_INSTITUTE_OF_SCIENCE_BANGALORE,,
744,theses,Bengaluru,GPE,Bengaluru,BENGALURU,,
745,theses,Electrical Engineering,DEPARTMENT,Electrical Engineering,ELECTRICAL_ENGINEERING,,
745,theses,Indian Institute of Science Bangalore,ORG,Indian Institute of Science Bangalore,INDIAN_INSTITUTE_OF_SCIENCE_BANGALORE,,
745,theses,Bengaluru,GPE,Bengaluru,BENGALURU,,
746,theses,Civil Engineering,DEPARTMENT,Civil Engineering,CIVIL_ENGINEERING,,
746,theses,Indian Institute of Science Bangalore,ORG,Indian Institute of Science Bangalore,INDIAN_INSTITUTE_OF_SCIENCE_BANGALORE,,
746,theses,Bengaluru,GPE,Bengaluru,BENGALURU,,
747,theses,Electrical Engineering,DEPARTMENT,Electrical Engineering,ELECTRICAL_ENGINEERING,,
747,theses,Indian Institute of Science Bangalore,ORG,Indian Institute of Science Bangalore,INDIAN_INSTITUTE_OF_SCIENCE_BANGALORE,,
747,theses,Bengaluru,GPE,Bengaluru,BENGALURU,,
748,theses,Electrical Engineering,DEPARTMENT,Electrical Engineering,ELECTRICAL_ENGINEERING,,
748,theses,Indian Institute of Science Bangalore,ORG,Indian Institute of Science Bangalore,INDIAN_INSTITUTE_OF_SCIENCE_BANGALORE,,
748,theses,Bengaluru,GPE,Bengaluru,BENGALURU,,
749,theses,Aerospace Engineering,DEPARTMENT,Aerospace Engineering,AEROSPACE_ENGINEERING,,
749,theses,Indian Institute of Science Bangalore,ORG,Indian Institute of Science Bangalore,INDIAN_INSTITUTE_OF_SCIENCE_BANGALORE,,
749,theses,Bengaluru,GPE,Bengaluru,BENGALURU,,
750,theses,Materials Engineering,DEPARTMENT,Materials Engineering,MATERIALS_ENGINEERING,,
750,theses,Indian Institute of Science Bangalore,ORG,Indian Institute of Science Bangalore,INDIAN_INSTITUTE_OF_SCIENCE_BANGALORE,,
750,theses,Bengaluru,GPE,Bengaluru,BENGALURU,,
751,theses,Centre for Sustainable Technology,DEPARTMENT,Centre for Sustainable Technology,CENTRE_FOR_SUSTAINABLE_TECHNOLOGY,,
751,theses,Indian Institute of Science Bangalore,ORG,Indian Institute of Science Bangalore,INDIAN_INSTITUTE_OF_SCIENCE_BANGALORE,,
751,theses,Bengaluru,GPE,Bengaluru,BENGALURU,,
753,theses,Aerospace Engineering,DEPARTMENT,Aerospace Engineering,AEROSPACE_ENGINEERING,,
753,theses,Indian Institute of Science Bangalore,ORG,Indian Institute of Science Bangalore,INDIAN_INSTITUTE_OF_SCIENCE_BANGALORE,,
753,theses,Bengaluru,GPE,Bengaluru,BENGALURU,,
754,theses,Mechanical Engineering,DEPARTMENT,Mechanical Engineering,MECHANICAL_ENGINEERING,,
754,theses,Indian Institute of Science Bangalore,ORG,Indian Institute of Science Bangalore,INDIAN_INSTITUTE_OF_SCIENCE_BANGALORE,,
754,theses,Bengaluru,GPE,Bengaluru,BENGALURU,,
755,theses,Civil Engineering,DEPARTMENT,Civil Engineering,CIVIL_ENGINEERING,,
755,theses,Indian Institute of Science Bangalore,ORG,Indian Institute of Science Bangalore,INDIAN_INSTITUTE_OF_SCIENCE_BANGALORE,,
755,theses,Bengaluru,GPE,Bengaluru,BENGALURU,,
756,theses,Computer Science and Automation,DEPARTMENT,Computer Science and Automation,COMPUTER_SCIENCE_AND_AUTOMATION,,
756,theses,Indian Institute of Science Bangalore,ORG,Indian Institute of Science Bangalore,INDIAN_INSTITUTE_OF_SCIENCE_BANGALORE,,
756,theses,Bengaluru,GPE,Bengaluru,BENGALURU,,
757,theses,Civil Engineering,DEPARTMENT,Civil Engineering,CIVIL_ENGINEERING,,
757,theses,Indian Institute of Science Bangalore,ORG,Indian Institute of Science Bangalore,INDIAN_INSTITUTE_OF_SCIENCE_BANGALORE,,
757,theses,Bengaluru,GPE,Bengaluru,BENGALURU,,
758,theses,Computational and Data Sciences,DEPARTMENT,Computational and Data Sciences,COMPUTATIONAL_AND_DATA_SCIENCES,,
758,theses,Indian Institute of Science Bangalore,ORG,Indian Institute of Science Bangalore,INDIAN_INSTITUTE_OF_SCIENCE_BANGALORE,,
758,theses,Bengaluru,GPE,Bengaluru,BENGALURU,,
759,theses,Electrical Communication Engineering,DEPARTMENT,Electrical Communication Engineering,ELECTRICAL_COMMUNICATION_ENGINEERING,,
759,theses,Indian Institute of Science Bangalore,ORG,Indian Institute of Science Bangalore,INDIAN_INSTITUTE_OF_SCIENCE_BANGALORE,,
759,theses,Bengaluru,GPE,Bengaluru,BENGALURU,,
760,theses,Centre for BioSystems Science and Engineering,DEPARTMENT,Centre for BioSystems Science and Engineering,CENTRE_FOR_BIOSYSTEMS_SCIENCE_AND_ENGINEERING,,
760,theses,Indian Institute of Science Bangalore,ORG,Indian Institute of Science Bangalore,INDIAN_INSTITUTE_OF_SCIENCE_BANGALORE,,
760,theses,Bengaluru,GPE,Bengaluru,BENGALURU,,
761,theses,Materials Engineering,DEPARTMENT,Materials Engineering,MATERIALS_ENGINEERING,,
761,theses,Indian Institute of Science Bangalore,ORG,Indian Institute of Science Bangalore,INDIAN_INSTITUTE_OF_SCIENCE_BANGALORE,,
761,theses,Bengaluru,GPE,Bengaluru,BENGALURU,,
762,theses,Computer Science and Automation,DEPARTMENT,Computer Science and Automation,COMPUTER_SCIENCE_AND_AUTOMATION,,
762,theses,Indian Institute of Science Bangalore,ORG,Indian Institute of Science Bangalore,INDIAN_INSTITUTE_OF_SCIENCE_BANGALORE,,
762,theses,Bengaluru,GPE,Bengaluru,BENGALURU,,
763,theses,Materials Engineering,DEPARTMENT,Materials Engineering,MATERIALS_ENGINEERING,,
763,theses,Indian Institute of Science Bangalore,ORG,Indian Institute of Science Bangalore,INDIAN_INSTITUTE_OF_SCIENCE_BANGALORE,,
763,theses,Bengaluru,GPE,Bengaluru,BENGALURU,,
764,theses,Materials Engineering,DEPARTMENT,Materials Engineering,MATERIALS_ENGINEERING,,
764,theses,Indian Institute of Science Bangalore,ORG,Indian Institute of Science Bangalore,INDIAN_INSTITUTE_OF_SCIENCE_BANGALORE,,
764,theses,Bengaluru,GPE,Bengaluru,BENGALURU,,
765,theses,Aerospace Engineering,DEPARTMENT,Aerospace Engineering,AEROSPACE_ENGINEERING,,
765,theses,Indian Institute of Science Bangalore,ORG,Indian Institute of Science Bangalore,INDIAN_INSTITUTE_OF_SCIENCE_BANGALORE,,
765,theses,Bengaluru,GPE,Bengaluru,BENGALURU,,
766,theses,Electrical Communication Engineering,DEPARTMENT,Electrical Communication Engineering,ELECTRICAL_COMMUNICATION_ENGINEERING,,
766,theses,Indian Institute of Science Bangalore,ORG,Indian Institute of Science Bangalore,INDIAN_INSTITUTE_OF_SCIENCE_BANGALORE,,
766,theses,Bengaluru,GPE,Bengaluru,BENGALURU,,
767,theses,Materials Engineering,DEPARTMENT,Materials Engineering,MATERIALS_ENGINEERING,,
767,theses,Indian Institute of Science Bangalore,ORG,Indian Institute of Science Bangalore,INDIAN_INSTITUTE_OF_SCIENCE_BANGALORE,,
767,theses,Bengaluru,GPE,Bengaluru,BENGALURU,,
768,theses,Mechanical Engineering,DEPARTMENT,Mechanical Engineering,MECHANICAL_ENGINEERING,,
768,theses,Indian Institute of Science Bangalore,ORG,Indian Institute of Science Bangalore,INDIAN_INSTITUTE_OF_SCIENCE_BANGALORE,,
768,theses,Bengaluru,GPE,Bengaluru,BENGALURU,,
769,theses,Civil Engineering,DEPARTMENT,Civil Engineering,CIVIL_ENGINEERING,,
769,theses,Indian Institute of Science Bangalore,ORG,Indian Institute of Science Bangalore,INDIAN_INSTITUTE_OF_SCIENCE_BANGALORE,,
769,theses,Bengaluru,GPE,Bengaluru,BENGALURU,,
770,theses,Materials Engineering,DEPARTMENT,Materials Engineering,MATERIALS_ENGINEERING,,
770,theses,Indian Institute of Science Bangalore,ORG,Indian Institute of Science Bangalore,INDIAN_INSTITUTE_OF_SCIENCE_BANGALORE,,
770,theses,Bengaluru,GPE,Bengaluru,BENGALURU,,
771,theses,Centre for Nano Science and Engineering,DEPARTMENT,Centre for Nano Science and Engineering,CENTRE_FOR_NANO_SCIENCE_AND_ENGINEERING,,
771,theses,Indian Institute of Science Bangalore,ORG,Indian Institute of Science Bangalore,INDIAN_INSTITUTE_OF_SCIENCE_BANGALORE,,
771,theses,Bengaluru,GPE,Bengaluru,BENGALURU,,
772,theses,Mechanical Engineering,DEPARTMENT,Mechanical Engineering,MECHANICAL_ENGINEERING,,
772,theses,Indian Institute of Science Bangalore,ORG,Indian Institute of Science Bangalore,INDIAN_INSTITUTE_OF_SCIENCE_BANGALORE,,
772,theses,Bengaluru,GPE,Bengaluru,BENGALURU,,
773,theses,Aerospace Engineering,DEPARTMENT,Aerospace Engineering,AEROSPACE_ENGINEERING,,
773,theses,Indian Institute of Science Bangalore,ORG,Indian Institute of Science Bangalore,INDIAN_INSTITUTE_OF_SCIENCE_BANGALORE,,
773,theses,Bengaluru,GPE,Bengaluru,BENGALURU,,
774,theses,Centre for Atmospheric and Oceanic Sciences,DEPARTMENT,Centre for Atmospheric and Oceanic Sciences,CENTRE_FOR_ATMOSPHERIC_AND_OCEANIC_SCIENCES,,
774,theses,Indian Institute of Science Bangalore,ORG,Indian Institute of Science Bangalore,INDIAN_INSTITUTE_OF_SCIENCE_BANGALORE,,
774,theses,Bengaluru,GPE,Bengaluru,BENGALURU,,
775,theses,Computational and Data Sciences,DEPARTMENT,Computational and Data Sciences,COMPUTATIONAL_AND_DATA_SCIENCES,,
775,theses,Indian Institute of Science Bangalore,ORG,Indian Institute of Science Bangalore,INDIAN_INSTITUTE_OF_SCIENCE_BANGALORE,,
775,theses,Bengaluru,GPE,Bengaluru,BENGALURU,,
776,theses,Computational and Data Sciences,DEPARTMENT,Computational and Data Sciences,COMPUTATIONAL_AND_DATA_SCIENCES,,
776,theses,Indian Institute of Science Bangalore,ORG,Indian Institute of Science Bangalore,INDIAN_INSTITUTE_OF_SCIENCE_BANGALORE,,
776,theses,Bengaluru,GPE,Bengaluru,BENGALURU,,
777,theses,Computational and Data Sciences,DEPARTMENT,Computational and Data Sciences,COMPUTATIONAL_AND_DATA_SCIENCES,,
777,theses,Indian Institute of Science Bangalore,ORG,Indian Institute of Science Bangalore,INDIAN_INSTITUTE_OF_SCIENCE_BANGALORE,,
777,theses,Bengaluru,GPE,Bengaluru,BENGALURU,,
778,theses,Centre for Atmospheric and Oceanic Sciences,DEPARTMENT,Centre for Atmospheric and Oceanic Sciences,CENTRE_FOR_ATMOSPHERIC_AND_OCEANIC_SCIENCES,,
778,theses,Indian Institute of Science Bangalore,ORG,Indian Institute of Science Bangalore,INDIAN_INSTITUTE_OF_SCIENCE_BANGALORE,,
778,theses,Bengaluru,GPE,Bengaluru,BENGALURU,,
779,theses,Interdisciplinary Centre for Energy Research,DEPARTMENT,Interdisciplinary Centre for Energy Research,INTERDISCIPLINARY_CENTRE_FOR_ENERGY_RESEARCH,,
779,theses,Indian Institute of Science Bangalore,ORG,Indian Institute of Science Bangalore,INDIAN_INSTITUTE_OF_SCIENCE_BANGALORE,,
779,theses,Bengaluru,GPE,Bengaluru,BENGALURU,,
780,theses,Aerospace Engineering,DEPARTMENT,Aerospace Engineering,AEROSPACE_ENGINEERING,,
780,theses,Indian Institute of Science Bangalore,ORG,Indian Institute of Science Bangalore,INDIAN_INSTITUTE_OF_SCIENCE_BANGALORE,,
780,theses,Bengaluru,GPE,Bengaluru,BENGALURU,,
781,theses,Instrumentaion and Applied Physics,DEPARTMENT,Instrumentaion and Applied Physics,INSTRUMENTAION_AND_APPLIED_PHYSICS,,
781,theses,Indian Institute of Science Bangalore,ORG,Indian Institute of Science Bangalore,INDIAN_INSTITUTE_OF_SCIENCE_BANGALORE,,
781,theses,Bengaluru,GPE,Bengaluru,BENGALURU,,
782,theses,Centre for Product Design and Manufacturing,DEPARTMENT,Centre for Product Design and Manufacturing,CENTRE_FOR_PRODUCT_DESIGN_AND_MANUFACTURING,,
782,theses,Indian Institute of Science Bangalore,ORG,Indian Institute of Science Bangalore,INDIAN_INSTITUTE_OF_SCIENCE_BANGALORE,,
782,theses,Bengaluru,GPE,Bengaluru,BENGALURU,,
783,theses,Centre for BioSystems Science and Engineering,DEPARTMENT,Centre for BioSystems Science and Engineering,CENTRE_FOR_BIOSYSTEMS_SCIENCE_AND_ENGINEERING,,
783,theses,Indian Institute of Science Bangalore,ORG,Indian Institute of Science Bangalore,INDIAN_INSTITUTE_OF_SCIENCE_BANGALORE,,
783,theses,Bengaluru,GPE,Bengaluru,BENGALURU,,
784,theses,Instrumentaion and Applied Physics,DEPARTMENT,Instrumentaion and Applied Physics,INSTRUMENTAION_AND_APPLIED_PHYSICS,,
784,theses,Indian Institute of Science Bangalore,ORG,Indian Institute of Science Bangalore,INDIAN_INSTITUTE_OF_SCIENCE_BANGALORE,,
784,theses,Bengaluru,GPE,Bengaluru,BENGALURU,,
785,theses,Computer Science and Automation,DEPARTMENT,Computer Science and Automation,COMPUTER_SCIENCE_AND_AUTOMATION,,
785,theses,Indian Institute of Science Bangalore,ORG,Indian Institute of Science Bangalore,INDIAN_INSTITUTE_OF_SCIENCE_BANGALORE,,
785,theses,Bengaluru,GPE,Bengaluru,BENGALURU,,
786,theses,Interdisciplinary Centre for Energy Research,DEPARTMENT,Interdisciplinary Centre for Energy Research,INTERDISCIPLINARY_CENTRE_FOR_ENERGY_RESEARCH,,
786,theses,Indian Institute of Science Bangalore,ORG,Indian Institute of Science Bangalore,INDIAN_INSTITUTE_OF_SCIENCE_BANGALORE,,
786,theses,Bengaluru,GPE,Bengaluru,BENGALURU,,
787,theses,Materials Research Centre,DEPARTMENT,Materials Research Centre,MATERIALS_RESEARCH_CENTRE,,
787,theses,Indian Institute of Science Bangalore,ORG,Indian Institute of Science Bangalore,INDIAN_INSTITUTE_OF_SCIENCE_BANGALORE,,
787,theses,Bengaluru,GPE,Bengaluru,BENGALURU,,
788,theses,Electronic Systems Engineering,DEPARTMENT,Electronic Systems Engineering,ELECTRONIC_SYSTEMS_ENGINEERING,,
788,theses,Indian Institute of Science Bangalore,ORG,Indian Institute of Science Bangalore,INDIAN_INSTITUTE_OF_SCIENCE_BANGALORE,,
788,theses,Bengaluru,GPE,Bengaluru,BENGALURU,,
789,theses,Chemical Engineering,DEPARTMENT,Chemical Engineering,CHEMICAL_ENGINEERING,,
789,theses,Indian Institute of Science Bangalore,ORG,Indian Institute of Science Bangalore,INDIAN_INSTITUTE_OF_SCIENCE_BANGALORE,,
789,theses,Bengaluru,GPE,Bengaluru,BENGALURU,,
790,theses,Materials Research Centre,DEPARTMENT,Materials Research Centre,MATERIALS_RESEARCH_CENTRE,,
790,theses,Indian Institute of Science Bangalore,ORG,Indian Institute of Science Bangalore,INDIAN_INSTITUTE_OF_SCIENCE_BANGALORE,,
790,theses,Bengaluru,GPE,Bengaluru,BENGALURU,,
791,theses,Mechanical Engineering,DEPARTMENT,Mechanical Engineering,MECHANICAL_ENGINEERING,,
791,theses,Indian Institute of Science Bangalore,ORG,Indian Institute of Science Bangalore,INDIAN_INSTITUTE_OF_SCIENCE_BANGALORE,,
791,theses,Bengaluru,GPE,Bengaluru,BENGALURU,,
792,theses,Electrical Engineering,DEPARTMENT,Electrical Engineering,ELECTRICAL_ENGINEERING,,
792,theses,Indian Institute of Science Bangalore,ORG,Indian Institute of Science Bangalore,INDIAN_INSTITUTE_OF_SCIENCE_BANGALORE,,
792,theses,Bengaluru,GPE,Bengaluru,BENGALURU,,
793,theses,Electrical Engineering,DEPARTMENT,Electrical Engineering,ELECTRICAL_ENGINEERING,,
793,theses,Indian Institute of Science Bangalore,ORG,Indian Institute of Science Bangalore,INDIAN_INSTITUTE_OF_SCIENCE_BANGALORE,,
793,theses,Bengaluru,GPE,Bengaluru,BENGALURU,,
794,theses,Centre for Nano Science and Engineering,DEPARTMENT,Centre for Nano Science and Engineering,CENTRE_FOR_NANO_SCIENCE_AND_ENGINEERING,,
794,theses,Indian Institute of Science Bangalore,ORG,Indian Institute of Science Bangalore,INDIAN_INSTITUTE_OF_SCIENCE_BANGALORE,,
794,theses,Bengaluru,GPE,Bengaluru,BENGALURU,,
795,theses,Electrical Communication Engineering,DEPARTMENT,Electrical Communication Engineering,ELECTRICAL_COMMUNICATION_ENGINEERING,,
795,theses,Indian Institute of Science Bangalore,ORG,Indian Institute of Science Bangalore,INDIAN_INSTITUTE_OF_SCIENCE_BANGALORE,,
795,theses,Bengaluru,GPE,Bengaluru,BENGALURU,,
796,theses,Electrical Communication Engineering,DEPARTMENT,Electrical Communication Engineering,ELECTRICAL_COMMUNICATION_ENGINEERING,,
796,theses,Indian Institute of Science Bangalore,ORG,Indian Institute of Science Bangalore,INDIAN_INSTITUTE_OF_SCIENCE_BANGALORE,,
796,theses,Bengaluru,GPE,Bengaluru,BENGALURU,,
797,theses,Centre for Nano Science and Engineering,DEPARTMENT,Centre for Nano Science and Engineering,CENTRE_FOR_NANO_SCIENCE_AND_ENGINEERING,,
797,theses,Indian Institute of Science Bangalore,ORG,Indian Institute of Science Bangalore,INDIAN_INSTITUTE_OF_SCIENCE_BANGALORE,,
797,theses,Bengaluru,GPE,Bengaluru,BENGALURU,,
798,theses,Centre for Nano Science and Engineering,DEPARTMENT,Centre for Nano Science and Engineering,CENTRE_FOR_NANO_SCIENCE_AND_ENGINEERING,,
798,theses,Indian Institute of Science Bangalore,ORG,Indian Institute of Science Bangalore,INDIAN_INSTITUTE_OF_SCIENCE_BANGALORE,,
798,theses,Bengaluru,GPE,Bengaluru,BENGALURU,,
801,theses,Materials Engineering,DEPARTMENT,Materials Engineering,MATERIALS_ENGINEERING,,
801,theses,Indian Institute of Science Bangalore,ORG,Indian Institute of Science Bangalore,INDIAN_INSTITUTE_OF_SCIENCE_BANGALORE,,
801,theses,Bengaluru,GPE,Bengaluru,BENGALURU,,
802,theses,Civil Engineering,DEPARTMENT,Civil Engineering,CIVIL_ENGINEERING,,
802,theses,Indian Institute of Science Bangalore,ORG,Indian Institute of Science Bangalore,INDIAN_INSTITUTE_OF_SCIENCE_BANGALORE,,
802,theses,Bengaluru,GPE,Bengaluru,BENGALURU,,
803,theses,Interdisciplinary Centre for Energy Research,DEPARTMENT,Interdisciplinary Centre for Energy Research,INTERDISCIPLINARY_CENTRE_FOR_ENERGY_RESEARCH,,
803,theses,Indian Institute of Science Bangalore,ORG,Indian Institute of Science Bangalore,INDIAN_INSTITUTE_OF_SCIENCE_BANGALORE,,
803,theses,Bengaluru,GPE,Bengaluru,BENGALURU,,
1153,theses,R V College of Engineering,ORG,R V College of Engineering,R_V_COLLEGE_OF_ENGINEERING,,
1153,theses,Bengaluru,GPE,Bengaluru,BENGALURU,,
35,theses,CMR Institute of Technology,ORG,CMR Institute of Technology,CMR_INSTITUTE_OF_TECHNOLOGY,,
35,theses,Bengaluru,GPE,Bengaluru,BENGALURU,,
804,theses,Materials Engineering,DEPARTMENT,Materials Engineering,MATERIALS_ENGINEERING,,
804,theses,Indian Institute of Science Bangalore,ORG,Indian Institute of Science Bangalore,INDIAN_INSTITUTE_OF_SCIENCE_BANGALORE,,
804,theses,Bengaluru,GPE,Bengaluru,BENGALURU,,
805,theses,Civil Engineering,DEPARTMENT,Civil Engineering,CIVIL_ENGINEERING,,
805,theses,Indian Institute of Science Bangalore,ORG,Indian Institute of Science Bangalore,INDIAN_INSTITUTE_OF_SCIENCE_BANGALORE,,
805,theses,Bengaluru,GPE,Bengaluru,BENGALURU,,
806,theses,Chemical Engineering,DEPARTMENT,Chemical Engineering,CHEMICAL_ENGINEERING,,
806,theses,Indian Institute of Science Bangalore,ORG,Indian Institute of Science Bangalore,INDIAN_INSTITUTE_OF_SCIENCE_BANGALORE,,
806,theses,Bengaluru,GPE,Bengaluru,BENGALURU,,
807,theses,Robert Bosch Centre for Cyber Physical Systems,DEPARTMENT,Robert Bosch Centre for Cyber Physical Systems,ROBERT_BOSCH_CENTRE_FOR_CYBER_PHYSICAL_SYSTEMS,,
807,theses,Indian Institute of Science Bangalore,ORG,Indian Institute of Science Bangalore,INDIAN_INSTITUTE_OF_SCIENCE_BANGALORE,,
807,theses,Bengaluru,GPE,Bengaluru,BENGALURU,,
808,theses,Computational and Data Sciences,DEPARTMENT,Computational and Data Sciences,COMPUTATIONAL_AND_DATA_SCIENCES,,
808,theses,Indian Institute of Science Bangalore,ORG,Indian Institute of Science Bangalore,INDIAN_INSTITUTE_OF_SCIENCE_BANGALORE,,
808,theses,Bengaluru,GPE,Bengaluru,BENGALURU,,
922,theses,Electrical Communication Engineering,DEPARTMENT,Electrical Communication Engineering,ELECTRICAL_COMMUNICATION_ENGINEERING,,
922,theses,Indian Institute of Science Bangalore,ORG,Indian Institute of Science Bangalore,INDIAN_INSTITUTE_OF_SCIENCE_BANGALORE,,
922,theses,Bengaluru,GPE,Bengaluru,BENGALURU,,
809,theses,Electrical Communication Engineering,DEPARTMENT,Electrical Communication Engineering,ELECTRICAL_COMMUNICATION_ENGINEERING,,
809,theses,Indian Institute of Science Bangalore,ORG,Indian Institute of Science Bangalore,INDIAN_INSTITUTE_OF_SCIENCE_BANGALORE,,
809,theses,Bengaluru,GPE,Bengaluru,BENGALURU,,
810,theses,Centre for BioSystems Science and Engineering,DEPARTMENT,Centre for BioSystems Science and Engineering,CENTRE_FOR_BIOSYSTEMS_SCIENCE_AND_ENGINEERING,,
810,theses,Indian Institute of Science Bangalore,ORG,Indian Institute of Science Bangalore,INDIAN_INSTITUTE_OF_SCIENCE_BANGALORE,,
810,theses,Bengaluru,GPE,Bengaluru,BENGALURU,,
811,theses,Materials Engineering,DEPARTMENT,Materials Engineering,MATERIALS_ENGINEERING,,
811,theses,Indian Institute of Science Bangalore,ORG,Indian Institute of Science Bangalore,INDIAN_INSTITUTE_OF_SCIENCE_BANGALORE,,
811,theses,Bengaluru,GPE,Bengaluru,BENGALURU,,
812,theses,Electrical Engineering,DEPARTMENT,Electrical Engineering,ELECTRICAL_ENGINEERING,,
812,theses,Indian Institute of Science Bangalore,ORG,Indian Institute of Science Bangalore,INDIAN_INSTITUTE_OF_SCIENCE_BANGALORE,,
812,theses,Bengaluru,GPE,Bengaluru,BENGALURU,,
813,theses,Electrical Engineering,DEPARTMENT,Electrical Engineering,ELECTRICAL_ENGINEERING,,
813,theses,Indian Institute of Science Bangalore,ORG,Indian Institute of Science Bangalore,INDIAN_INSTITUTE_OF_SCIENCE_BANGALORE,,
813,theses,Bengaluru,GPE,Bengaluru,BENGALURU,,
814,theses,Electrical Communication Engineering,DEPARTMENT,Electrical Communication Engineering,ELECTRICAL_COMMUNICATION_ENGINEERING,,
814,theses,Indian Institute of Science Bangalore,ORG,Indian Institute of Science Bangalore,INDIAN_INSTITUTE_OF_SCIENCE_BANGALORE,,
814,theses,Bengaluru,GPE,Bengaluru,BENGALURU,,
816,theses,Centre for Nano Science and Engineering,DEPARTMENT,Centre for Nano Science and Engineering,CENTRE_FOR_NANO_SCIENCE_AND_ENGINEERING,,
816,theses,Indian Institute of Science Bangalore,ORG,Indian Institute of Science Bangalore,INDIAN_INSTITUTE_OF_SCIENCE_BANGALORE,,
816,theses,Bengaluru,GPE,Bengaluru,BENGALURU,,
817,theses,Centre for Product Design and Manufacturing,DEPARTMENT,Centre for Product Design and Manufacturing,CENTRE_FOR_PRODUCT_DESIGN_AND_MANUFACTURING,,
817,theses,Indian Institute of Science Bangalore,ORG,Indian Institute of Science Bangalore,INDIAN_INSTITUTE_OF_SCIENCE_BANGALORE,,
817,theses,Bengaluru,GPE,Bengaluru,BENGALURU,,
818,theses,Centre for Product Design and Manufacturing,DEPARTMENT,Centre for Product Design and Manufacturing,CENTRE_FOR_PRODUCT_DESIGN_AND_MANUFACTURING,,
818,theses,Indian Institute of Science Bangalore,ORG,Indian Institute of Science Bangalore,INDIAN_INSTITUTE_OF_SCIENCE_BANGALORE,,
818,theses,Bengaluru,GPE,Bengaluru,BENGALURU,,
819,theses,Centre for Product Design and Manufacturing,DEPARTMENT,Centre for Product Design and Manufacturing,CENTRE_FOR_PRODUCT_DESIGN_AND_MANUFACTURING,,
819,theses,Indian Institute of Science Bangalore,ORG,Indian Institute of Science Bangalore,INDIAN_INSTITUTE_OF_SCIENCE_BANGALORE,,
819,theses,Bengaluru,GPE,Bengaluru,BENGALURU,,
820,theses,Electrical Engineering,DEPARTMENT,Electrical Engineering,ELECTRICAL_ENGINEERING,,
820,theses,Indian Institute of Science Bangalore,ORG,Indian Institute of Science Bangalore,INDIAN_INSTITUTE_OF_SCIENCE_BANGALORE,,
820,theses,Bengaluru,GPE,Bengaluru,BENGALURU,,
821,theses,Computer Science and Automation,DEPARTMENT,Computer Science and Automation,COMPUTER_SCIENCE_AND_AUTOMATION,,
821,theses,Indian Institute of Science Bangalore,ORG,Indian Institute of Science Bangalore,INDIAN_INSTITUTE_OF_SCIENCE_BANGALORE,,
821,theses,Bengaluru,GPE,Bengaluru,BENGALURU,,
822,theses,Interdisciplinary Centre for Water Research,DEPARTMENT,Interdisciplinary Centre for Water Research,INTERDISCIPLINARY_CENTRE_FOR_WATER_RESEARCH,,
822,theses,Indian Institute of Science Bangalore,ORG,Indian Institute of Science Bangalore,INDIAN_INSTITUTE_OF_SCIENCE_BANGALORE,,
822,theses,Bengaluru,GPE,Bengaluru,BENGALURU,,
823,theses,Electronic Systems Engineering,DEPARTMENT,Electronic Systems Engineering,ELECTRONIC_SYSTEMS_ENGINEERING,,
823,theses,Indian Institute of Science Bangalore,ORG,Indian Institute of Science Bangalore,INDIAN_INSTITUTE_OF_SCIENCE_BANGALORE,,
823,theses,Bengaluru,GPE,Bengaluru,BENGALURU,,
824,theses,Mechanical Engineering,DEPARTMENT,Mechanical Engineering,MECHANICAL_ENGINEERING,,
824,theses,Indian Institute of Science Bangalore,ORG,Indian Institute of Science Bangalore,INDIAN_INSTITUTE_OF_SCIENCE_BANGALORE,,
824,theses,Bengaluru,GPE,Bengaluru,BENGALURU,,
825,theses,Centre for Nano Science and Engineering,DEPARTMENT,Centre for Nano Science and Engineering,CENTRE_FOR_NANO_SCIENCE_AND_ENGINEERING,,
825,theses,Indian Institute of Science Bangalore,ORG,Indian Institute of Science Bangalore,INDIAN_INSTITUTE_OF_SCIENCE_BANGALORE,,
825,theses,Bengaluru,GPE,Bengaluru,BENGALURU,,
826,theses,Computer Science and Automation,DEPARTMENT,Computer Science and Automation,COMPUTER_SCIENCE_AND_AUTOMATION,,
826,theses,Indian Institute of Science Bangalore,ORG,Indian Institute of Science Bangalore,INDIAN_INSTITUTE_OF_SCIENCE_BANGALORE,,
826,theses,Bengaluru,GPE,Bengaluru,BENGALURU,,
827,theses,Materials Engineering,DEPARTMENT,Materials Engineering,MATERIALS_ENGINEERING,,
827,theses,Indian Institute of Science Bangalore,ORG,Indian Institute of Science Bangalore,INDIAN_INSTITUTE_OF_SCIENCE_BANGALORE,,
827,theses,Bengaluru,GPE,Bengaluru,BENGALURU,,
828,theses,Centre for BioSystems Science and Engineering,DEPARTMENT,Centre for BioSystems Science and Engineering,CENTRE_FOR_BIOSYSTEMS_SCIENCE_AND_ENGINEERING,,
828,theses,Indian Institute of Science Bangalore,ORG,Indian Institute of Science Bangalore,INDIAN_INSTITUTE_OF_SCIENCE_BANGALORE,,
828,theses,Bengaluru,GPE,Bengaluru,BENGALURU,,
829,theses,Aerospace Engineering,DEPARTMENT,Aerospace Engineering,AEROSPACE_ENGINEERING,,
829,theses,Indian Institute of Science Bangalore,ORG,Indian Institute of Science Bangalore,INDIAN_INSTITUTE_OF_SCIENCE_BANGALORE,,
829,theses,Bengaluru,GPE,Bengaluru,BENGALURU,,
830,theses,Civil Engineering,DEPARTMENT,Civil Engineering,CIVIL_ENGINEERING,,
830,theses,Indian Institute of Science Bangalore,ORG,Indian Institute of Science Bangalore,INDIAN_INSTITUTE_OF_SCIENCE_BANGALORE,,
830,theses,Bengaluru,GPE,Bengaluru,BENGALURU,,
831,theses,Aerospace Engineering,DEPARTMENT,Aerospace Engineering,AEROSPACE_ENGINEERING,,
831,theses,Indian Institute of Science Bangalore,ORG,Indian Institute of Science Bangalore,INDIAN_INSTITUTE_OF_SCIENCE_BANGALORE,,
831,theses,Bengaluru,GPE,Bengaluru,BENGALURU,,
832,theses,Centre for Product Design and Manufacturing,DEPARTMENT,Centre for Product Design and Manufacturing,CENTRE_FOR_PRODUCT_DESIGN_AND_MANUFACTURING,,
832,theses,Indian Institute of Science Bangalore,ORG,Indian Institute of Science Bangalore,INDIAN_INSTITUTE_OF_SCIENCE_BANGALORE,,
832,theses,Bengaluru,GPE,Bengaluru,BENGALURU,,
833,theses,Computational and Data Sciences,DEPARTMENT,Computational and Data Sciences,COMPUTATIONAL_AND_DATA_SCIENCES,,
833,theses,Indian Institute of Science Bangalore,ORG,Indian Institute of Science Bangalore,INDIAN_INSTITUTE_OF_SCIENCE_BANGALORE,,
833,theses,Bengaluru,GPE,Bengaluru,BENGALURU,,
834,theses,Chemical Engineering,DEPARTMENT,Chemical Engineering,CHEMICAL_ENGINEERING,,
834,theses,Indian Institute of Science Bangalore,ORG,Indian Institute of Science Bangalore,INDIAN_INSTITUTE_OF_SCIENCE_BANGALORE,,
834,theses,Bengaluru,GPE,Bengaluru,BENGALURU,,
835,theses,Materials Engineering,DEPARTMENT,Materials Engineering,MATERIALS_ENGINEERING,,
835,theses,Indian Institute of Science Bangalore,ORG,Indian Institute of Science Bangalore,INDIAN_INSTITUTE_OF_SCIENCE_BANGALORE,,
835,theses,Bengaluru,GPE,Bengaluru,BENGALURU,,
836,theses,Robert Bosch Centre for Cyber Physical Systems,DEPARTMENT,Robert Bosch Centre for Cyber Physical Systems,ROBERT_BOSCH_CENTRE_FOR_CYBER_PHYSICAL_SYSTEMS,,
836,theses,Indian Institute of Science Bangalore,ORG,Indian Institute of Science Bangalore,INDIAN_INSTITUTE_OF_SCIENCE_BANGALORE,,
836,theses,Bengaluru,GPE,Bengaluru,BENGALURU,,
837,theses,Civil Engineering,DEPARTMENT,Civil Engineering,CIVIL_ENGINEERING,,
837,theses,Indian Institute of Science Bangalore,ORG,Indian Institute of Science Bangalore,INDIAN_INSTITUTE_OF_SCIENCE_BANGALORE,,
837,theses,Bengaluru,GPE,Bengaluru,BENGALURU,,
838,theses,Electrical Engineering,DEPARTMENT,Electrical Engineering,ELECTRICAL_ENGINEERING,,
838,theses,Indian Institute of Science Bangalore,ORG,Indian Institute of Science Bangalore,INDIAN_INSTITUTE_OF_SCIENCE_BANGALORE,,
838,theses,Bengaluru,GPE,Bengaluru,BENGALURU,,
839,theses,Electronic Systems Engineering,DEPARTMENT,Electronic Systems Engineering,ELECTRONIC_SYSTEMS_ENGINEERING,,
839,theses,Indian Institute of Science Bangalore,ORG,Indian Institute of Science Bangalore,INDIAN_INSTITUTE_OF_SCIENCE_BANGALORE,,
839,theses,Bengaluru,GPE,Bengaluru,BENGALURU,,
840,theses,Civil Engineering,DEPARTMENT,Civil Engineering,CIVIL_ENGINEERING,,
840,theses,Indian Institute of Science Bangalore,ORG,Indian Institute of Science Bangalore,INDIAN_INSTITUTE_OF_SCIENCE_BANGALORE,,
840,theses,Bengaluru,GPE,Bengaluru,BENGALURU,,
842,theses,Aerospace Engineering,DEPARTMENT,Aerospace Engineering,AEROSPACE_ENGINEERING,,
842,theses,Indian Institute of Science Bangalore,ORG,Indian Institute of Science Bangalore,INDIAN_INSTITUTE_OF_SCIENCE_BANGALORE,,
842,theses,Bengaluru,GPE,Bengaluru,BENGALURU,,
843,theses,Centre for Nano Science and Engineering,DEPARTMENT,Centre for Nano Science and Engineering,CENTRE_FOR_NANO_SCIENCE_AND_ENGINEERING,,
843,theses,Indian Institute of Science Bangalore,ORG,Indian Institute of Science Bangalore,INDIAN_INSTITUTE_OF_SCIENCE_BANGALORE,,
843,theses,Bengaluru,GPE,Bengaluru,BENGALURU,,
844,theses,Electrical Communication Engineering,DEPARTMENT,Electrical Communication Engineering,ELECTRICAL_COMMUNICATION_ENGINEERING,,
844,theses,Indian Institute of Science Bangalore,ORG,Indian Institute of Science Bangalore,INDIAN_INSTITUTE_OF_SCIENCE_BANGALORE,,
844,theses,Bengaluru,GPE,Bengaluru,BENGALURU,,
845,theses,Centre for Product Design and Manufacturing,DEPARTMENT,Centre for Product Design and Manufacturing,CENTRE_FOR_PRODUCT_DESIGN_AND_MANUFACTURING,,
845,theses,Indian Institute of Science Bangalore,ORG,Indian Institute of Science Bangalore,INDIAN_INSTITUTE_OF_SCIENCE_BANGALORE,,
845,theses,Bengaluru,GPE,Bengaluru,BENGALURU,,
846,theses,Computational and Data Sciences,DEPARTMENT,Computational and Data Sciences,COMPUTATIONAL_AND_DATA_SCIENCES,,
846,theses,Indian Institute of Science Bangalore,ORG,Indian Institute of Science Bangalore,INDIAN_INSTITUTE_OF_SCIENCE_BANGALORE,,
846,theses,Bengaluru,GPE,Bengaluru,BENGALURU,,
847,theses,Centre for Nano Science and Engineering,DEPARTMENT,Centre for Nano Science and Engineering,CENTRE_FOR_NANO_SCIENCE_AND_ENGINEERING,,
847,theses,Indian Institute of Science Bangalore,ORG,Indian Institute of Science Bangalore,INDIAN_INSTITUTE_OF_SCIENCE_BANGALORE,,
847,theses,Bengaluru,GPE,Bengaluru,BENGALURU,,
848,theses,Computer Science and Automation,DEPARTMENT,Computer Science and Automation,COMPUTER_SCIENCE_AND_AUTOMATION,,
848,theses,Indian Institute of Science Bangalore,ORG,Indian Institute of Science Bangalore,INDIAN_INSTITUTE_OF_SCIENCE_BANGALORE,,
848,theses,Bengaluru,GPE,Bengaluru,BENGALURU,,
849,theses,Mechanical Engineering,DEPARTMENT,Mechanical Engineering,MECHANICAL_ENGINEERING,,
849,theses,Indian Institute of Science Bangalore,ORG,Indian Institute of Science Bangalore,INDIAN_INSTITUTE_OF_SCIENCE_BANGALORE,,
849,theses,Bengaluru,GPE,Bengaluru,BENGALURU,,
850,theses,Electronic Systems Engineering,DEPARTMENT,Electronic Systems Engineering,ELECTRONIC_SYSTEMS_ENGINEERING,,
850,theses,Indian Institute of Science Bangalore,ORG,Indian Institute of Science Bangalore,INDIAN_INSTITUTE_OF_SCIENCE_BANGALORE,,
850,theses,Bengaluru,GPE,Bengaluru,BENGALURU,,
851,theses,Electronic Systems Engineering,DEPARTMENT,Electronic Systems Engineering,ELECTRONIC_SYSTEMS_ENGINEERING,,
851,theses,Indian Institute of Science Bangalore,ORG,Indian Institute of Science Bangalore,INDIAN_INSTITUTE_OF_SCIENCE_BANGALORE,,
851,theses,Bengaluru,GPE,Bengaluru,BENGALURU,,
852,theses,Centre for Nano Science and Engineering,DEPARTMENT,Centre for Nano Science and Engineering,CENTRE_FOR_NANO_SCIENCE_AND_ENGINEERING,,
852,theses,Indian Institute of Science Bangalore,ORG,Indian Institute of Science Bangalore,INDIAN_INSTITUTE_OF_SCIENCE_BANGALORE,,
852,theses,Bengaluru,GPE,Bengaluru,BENGALURU,,
853,theses,Electrical Communication Engineering,DEPARTMENT,Electrical Communication Engineering,ELECTRICAL_COMMUNICATION_ENGINEERING,,
853,theses,Indian Institute of Science Bangalore,ORG,Indian Institute of Science Bangalore,INDIAN_INSTITUTE_OF_SCIENCE_BANGALORE,,
853,theses,Bengaluru,GPE,Bengaluru,BENGALURU,,
854,theses,Civil Engineering,DEPARTMENT,Civil Engineering,CIVIL_ENGINEERING,,
854,theses,Indian Institute of Science Bangalore,ORG,Indian Institute of Science Bangalore,INDIAN_INSTITUTE_OF_SCIENCE_BANGALORE,,
854,theses,Bengaluru,GPE,Bengaluru,BENGALURU,,
855,theses,Electronic Systems Engineering,DEPARTMENT,Electronic Systems Engineering,ELECTRONIC_SYSTEMS_ENGINEERING,,
855,theses,Indian Institute of Science Bangalore,ORG,Indian Institute of Science Bangalore,INDIAN_INSTITUTE_OF_SCIENCE_BANGALORE,,
855,theses,Bengaluru,GPE,Bengaluru,BENGALURU,,
856,theses,Centre for Nano Science and Engineering,DEPARTMENT,Centre for Nano Science and Engineering,CENTRE_FOR_NANO_SCIENCE_AND_ENGINEERING,,
856,theses,Indian Institute of Science Bangalore,ORG,Indian Institute of Science Bangalore,INDIAN_INSTITUTE_OF_SCIENCE_BANGALORE,,
856,theses,Bengaluru,GPE,Bengaluru,BENGALURU,,
857,theses,Mechanical Engineering,DEPARTMENT,Mechanical Engineering,MECHANICAL_ENGINEERING,,
857,theses,Indian Institute of Science Bangalore,ORG,Indian Institute of Science Bangalore,INDIAN_INSTITUTE_OF_SCIENCE_BANGALORE,,
857,theses,Bengaluru,GPE,Bengaluru,BENGALURU,,
858,theses,Aerospace Engineering,DEPARTMENT,Aerospace Engineering,AEROSPACE_ENGINEERING,,
858,theses,Indian Institute of Science Bangalore,ORG,Indian Institute of Science Bangalore,INDIAN_INSTITUTE_OF_SCIENCE_BANGALORE,,
858,theses,Bengaluru,GPE,Bengaluru,BENGALURU,,
859,theses,Materials Research Centre,DEPARTMENT,Materials Research Centre,MATERIALS_RESEARCH_CENTRE,,
859,theses,Indian Institute of Science Bangalore,ORG,Indian Institute of Science Bangalore,INDIAN_INSTITUTE_OF_SCIENCE_BANGALORE,,
859,theses,Bengaluru,GPE,Bengaluru,BENGALURU,,
860,theses,Materials Research Centre,DEPARTMENT,Materials Research Centre,MATERIALS_RESEARCH_CENTRE,,
860,theses,Indian Institute of Science Bangalore,ORG,Indian Institute of Science Bangalore,INDIAN_INSTITUTE_OF_SCIENCE_BANGALORE,,
860,theses,Bengaluru,GPE,Bengaluru,BENGALURU,,
861,theses,Computer Science and Automation,DEPARTMENT,Computer Science and Automation,COMPUTER_SCIENCE_AND_AUTOMATION,,
861,theses,Indian Institute of Science Bangalore,ORG,Indian Institute of Science Bangalore,INDIAN_INSTITUTE_OF_SCIENCE_BANGALORE,,
861,theses,Bengaluru,GPE,Bengaluru,BENGALURU,,
862,theses,Aerospace Engineering,DEPARTMENT,Aerospace Engineering,AEROSPACE_ENGINEERING,,
862,theses,Indian Institute of Science Bangalore,ORG,Indian Institute of Science Bangalore,INDIAN_INSTITUTE_OF_SCIENCE_BANGALORE,,
862,theses,Bengaluru,GPE,Bengaluru,BENGALURU,,
863,theses,Materials Engineering,DEPARTMENT,Materials Engineering,MATERIALS_ENGINEERING,,
863,theses,Indian Institute of Science Bangalore,ORG,Indian Institute of Science Bangalore,INDIAN_INSTITUTE_OF_SCIENCE_BANGALORE,,
863,theses,Bengaluru,GPE,Bengaluru,BENGALURU,,
864,theses,Materials Engineering,DEPARTMENT,Materials Engineering,MATERIALS_ENGINEERING,,
864,theses,Indian Institute of Science Bangalore,ORG,Indian Institute of Science Bangalore,INDIAN_INSTITUTE_OF_SCIENCE_BANGALORE,,
864,theses,Bengaluru,GPE,Bengaluru,BENGALURU,,
865,theses,Materials Engineering,DEPARTMENT,Materials Engineering,MATERIALS_ENGINEERING,,
865,theses,Indian Institute of Science Bangalore,ORG,Indian Institute of Science Bangalore,INDIAN_INSTITUTE_OF_SCIENCE_BANGALORE,,
865,theses,Bengaluru,GPE,Bengaluru,BENGALURU,,
866,theses,Computational and Data Sciences,DEPARTMENT,Computational and Data Sciences,COMPUTATIONAL_AND_DATA_SCIENCES,,
866,theses,Indian Institute of Science Bangalore,ORG,Indian Institute of Science Bangalore,INDIAN_INSTITUTE_OF_SCIENCE_BANGALORE,,
866,theses,Bengaluru,GPE,Bengaluru,BENGALURU,,
867,theses,Materials Research Centre,DEPARTMENT,Materials Research Centre,MATERIALS_RESEARCH_CENTRE,,
867,theses,Indian Institute of Science Bangalore,ORG,Indian Institute of Science Bangalore,INDIAN_INSTITUTE_OF_SCIENCE_BANGALORE,,
867,theses,Bengaluru,GPE,Bengaluru,BENGALURU,,
1005,theses,Department of Data Sciences,DEPARTMENT,Department of Data Sciences,DEPARTMENT_OF_DATA_SCIENCES,,
1005,theses,International Institute of Information Technology Bangalore,ORG,International Institute of Information Technology Bangalore,INTERNATIONAL_INSTITUTE_OF_INFORMATION_TECHNOLOGY_BANGALORE,,
1005,theses,Bengaluru,GPE,Bengaluru,BENGALURU,,
36,theses,CMR Institute of Technology,ORG,CMR Institute of Technology,CMR_INSTITUTE_OF_TECHNOLOGY,,
36,theses,Bengaluru,GPE,Bengaluru,BENGALURU,,
868,theses,Materials Research Centre,DEPARTMENT,Materials Research Centre,MATERIALS_RESEARCH_CENTRE,,
868,theses,Indian Institute of Science Bangalore,ORG,Indian Institute of Science Bangalore,INDIAN_INSTITUTE_OF_SCIENCE_BANGALORE,,
868,theses,Bengaluru,GPE,Bengaluru,BENGALURU,,
869,theses,Electrical Communication Engineering,DEPARTMENT,Electrical Communication Engineering,ELECTRICAL_COMMUNICATION_ENGINEERING,,
869,theses,Indian Institute of Science Bangalore,ORG,Indian Institute of Science Bangalore,INDIAN_INSTITUTE_OF_SCIENCE_BANGALORE,,
869,theses,Bengaluru,GPE,Bengaluru,BENGALURU,,
870,theses,Centre for Product Design and Manufacturing,DEPARTMENT,Centre for Product Design and Manufacturing,CENTRE_FOR_PRODUCT_DESIGN_AND_MANUFACTURING,,
870,theses,Indian Institute of Science Bangalore,ORG,Indian Institute of Science Bangalore,INDIAN_INSTITUTE_OF_SCIENCE_BANGALORE,,
870,theses,Bengaluru,GPE,Bengaluru,BENGALURU,,
871,theses,Interdisciplinary Centre for Water Research,DEPARTMENT,Interdisciplinary Centre for Water Research,INTERDISCIPLINARY_CENTRE_FOR_WATER_RESEARCH,,
871,theses,Indian Institute of Science Bangalore,ORG,Indian Institute of Science Bangalore,INDIAN_INSTITUTE_OF_SCIENCE_BANGALORE,,
871,theses,Bengaluru,GPE,Bengaluru,BENGALURU,,
872,theses,Centre for Product Design and Manufacturing,DEPARTMENT,Centre for Product Design and Manufacturing,CENTRE_FOR_PRODUCT_DESIGN_AND_MANUFACTURING,,
872,theses,Indian Institute of Science Bangalore,ORG,Indian Institute of Science Bangalore,INDIAN_INSTITUTE_OF_SCIENCE_BANGALORE,,
872,theses,Bengaluru,GPE,Bengaluru,BENGALURU,,
873,theses,Electrical Communication Engineering,DEPARTMENT,Electrical Communication Engineering,ELECTRICAL_COMMUNICATION_ENGINEERING,,
873,theses,Indian Institute of Science Bangalore,ORG,Indian Institute of Science Bangalore,INDIAN_INSTITUTE_OF_SCIENCE_BANGALORE,,
873,theses,Bengaluru,GPE,Bengaluru,BENGALURU,,
874,theses,Electrical Engineering,DEPARTMENT,Electrical Engineering,ELECTRICAL_ENGINEERING,,
874,theses,Indian Institute of Science Bangalore,ORG,Indian Institute of Science Bangalore,INDIAN_INSTITUTE_OF_SCIENCE_BANGALORE,,
874,theses,Bengaluru,GPE,Bengaluru,BENGALURU,,
875,theses,Centre for Sustainable Technology,DEPARTMENT,Centre for Sustainable Technology,CENTRE_FOR_SUSTAINABLE_TECHNOLOGY,,
875,theses,Indian Institute of Science Bangalore,ORG,Indian Institute of Science Bangalore,INDIAN_INSTITUTE_OF_SCIENCE_BANGALORE,,
875,theses,Bengaluru,GPE,Bengaluru,BENGALURU,,
876,theses,Mechanical Engineering,DEPARTMENT,Mechanical Engineering,MECHANICAL_ENGINEERING,,
876,theses,Indian Institute of Science Bangalore,ORG,Indian Institute of Science Bangalore,INDIAN_INSTITUTE_OF_SCIENCE_BANGALORE,,
876,theses,Bengaluru,GPE,Bengaluru,BENGALURU,,
990,theses,Department of Networking Communication and Signal Processing,DEPARTMENT,Department of Networking Communication and Signal Processing,DEPARTMENT_OF_NETWORKING_COMMUNICATION_AND_SIGNAL_PROCESSING,,
990,theses,International Institute of Information Technology Bangalore,ORG,International Institute of Information Technology Bangalore,INTERNATIONAL_INSTITUTE_OF_INFORMATION_TECHNOLOGY_BANGALORE,,
990,theses,Bengaluru,GPE,Bengaluru,BENGALURU,,
61,theses,CMR Institute of Technology,ORG,CMR Institute of Technology,CMR_INSTITUTE_OF_TECHNOLOGY,,
61,theses,Bengaluru,GPE,Bengaluru,BENGALURU,,
62,theses,CMR Institute of Technology,ORG,CMR Institute of Technology,CMR_INSTITUTE_OF_TECHNOLOGY,,
62,theses,Bengaluru,GPE,Bengaluru,BENGALURU,,
877,theses,Civil Engineering,DEPARTMENT,Civil Engineering,CIVIL_ENGINEERING,,
877,theses,Indian Institute of Science Bangalore,ORG,Indian Institute of Science Bangalore,INDIAN_INSTITUTE_OF_SCIENCE_BANGALORE,,
877,theses,Bengaluru,GPE,Bengaluru,BENGALURU,,
878,theses,Chemical Engineering,DEPARTMENT,Chemical Engineering,CHEMICAL_ENGINEERING,,
878,theses,Indian Institute of Science Bangalore,ORG,Indian Institute of Science Bangalore,INDIAN_INSTITUTE_OF_SCIENCE_BANGALORE,,
878,theses,Bengaluru,GPE,Bengaluru,BENGALURU,,
879,theses,Mechanical Engineering,DEPARTMENT,Mechanical Engineering,MECHANICAL_ENGINEERING,,
879,theses,Indian Institute of Science Bangalore,ORG,Indian Institute of Science Bangalore,INDIAN_INSTITUTE_OF_SCIENCE_BANGALORE,,
879,theses,Bengaluru,GPE,Bengaluru,BENGALURU,,
880,theses,Electrical Communication Engineering,DEPARTMENT,Electrical Communication Engineering,ELECTRICAL_COMMUNICATION_ENGINEERING,,
880,theses,Indian Institute of Science Bangalore,ORG,Indian Institute of Science Bangalore,INDIAN_INSTITUTE_OF_SCIENCE_BANGALORE,,
880,theses,Bengaluru,GPE,Bengaluru,BENGALURU,,
881,theses,Materials Engineering,DEPARTMENT,Materials Engineering,MATERIALS_ENGINEERING,,
881,theses,Indian Institute of Science Bangalore,ORG,Indian Institute of Science Bangalore,INDIAN_INSTITUTE_OF_SCIENCE_BANGALORE,,
881,theses,Bengaluru,GPE,Bengaluru,BENGALURU,,
882,theses,Computer Science and Automation,DEPARTMENT,Computer Science and Automation,COMPUTER_SCIENCE_AND_AUTOMATION,,
882,theses,Indian Institute of Science Bangalore,ORG,Indian Institute of Science Bangalore,INDIAN_INSTITUTE_OF_SCIENCE_BANGALORE,,
882,theses,Bengaluru,GPE,Bengaluru,BENGALURU,,
883,theses,Interdisciplinary Centre for Energy Research,DEPARTMENT,Interdisciplinary Centre for Energy Research,INTERDISCIPLINARY_CENTRE_FOR_ENERGY_RESEARCH,,
883,theses,Indian Institute of Science Bangalore,ORG,Indian Institute of Science Bangalore,INDIAN_INSTITUTE_OF_SCIENCE_BANGALORE,,
883,theses,Bengaluru,GPE,Bengaluru,BENGALURU,,
884,theses,Centre for Nano Science and Engineering,DEPARTMENT,Centre for Nano Science and Engineering,CENTRE_FOR_NANO_SCIENCE_AND_ENGINEERING,,
884,theses,Indian Institute of Science Bangalore,ORG,Indian Institute of Science Bangalore,INDIAN_INSTITUTE_OF_SCIENCE_BANGALORE,,
884,theses,Bengaluru,GPE,Bengaluru,BENGALURU,,
885,theses,Centre for Nano Science and Engineering,DEPARTMENT,Centre for Nano Science and Engineering,CENTRE_FOR_NANO_SCIENCE_AND_ENGINEERING,,
885,theses,Indian Institute of Science Bangalore,ORG,Indian Institute of Science Bangalore,INDIAN_INSTITUTE_OF_SCIENCE_BANGALORE,,
885,theses,Bengaluru,GPE,Bengaluru,BENGALURU,,
886,theses,Aerospace Engineering,DEPARTMENT,Aerospace Engineering,AEROSPACE_ENGINEERING,,
886,theses,Indian Institute of Science Bangalore,ORG,Indian Institute of Science Bangalore,INDIAN_INSTITUTE_OF_SCIENCE_BANGALORE,,
886,theses,Bengaluru,GPE,Bengaluru,BENGALURU,,
887,theses,Electrical Engineering,DEPARTMENT,Electrical Engineering,ELECTRICAL_ENGINEERING,,
887,theses,Indian Institute of Science Bangalore,ORG,Indian Institute of Science Bangalore,INDIAN_INSTITUTE_OF_SCIENCE_BANGALORE,,
887,theses,Bengaluru,GPE,Bengaluru,BENGALURU,,
1007,theses,Department of Data Sciences,DEPARTMENT,Department of Data Sciences,DEPARTMENT_OF_DATA_SCIENCES,,
1007,theses,International Institute of Information Technology Bangalore,ORG,International Institute of Information Technology Bangalore,INTERNATIONAL_INSTITUTE_OF_INFORMATION_TECHNOLOGY_BANGALORE,,
1007,theses,Bengaluru,GPE,Bengaluru,BENGALURU,,
888,theses,Mechanical Engineering,DEPARTMENT,Mechanical Engineering,MECHANICAL_ENGINEERING,,
888,theses,Indian Institute of Science Bangalore,ORG,Indian Institute of Science Bangalore,INDIAN_INSTITUTE_OF_SCIENCE_BANGALORE,,
888,theses,Bengaluru,GPE,Bengaluru,BENGALURU,,
63,theses,CMR Institute of Technology,ORG,CMR Institute of Technology,CMR_INSTITUTE_OF_TECHNOLOGY,,
63,theses,Bengaluru,GPE,Bengaluru,BENGALURU,,
889,theses,Centre for Product Design and Manufacturing,DEPARTMENT,Centre for Product Design and Manufacturing,CENTRE_FOR_PRODUCT_DESIGN_AND_MANUFACTURING,,
889,theses,Indian Institute of Science Bangalore,ORG,Indian Institute of Science Bangalore,INDIAN_INSTITUTE_OF_SCIENCE_BANGALORE,,
889,theses,Bengaluru,GPE,Bengaluru,BENGALURU,,
890,theses,Centre for Nano Science and Engineering,DEPARTMENT,Centre for Nano Science and Engineering,CENTRE_FOR_NANO_SCIENCE_AND_ENGINEERING,,
890,theses,Indian Institute of Science Bangalore,ORG,Indian Institute of Science Bangalore,INDIAN_INSTITUTE_OF_SCIENCE_BANGALORE,,
890,theses,Bengaluru,GPE,Bengaluru,BENGALURU,,
891,theses,Civil Engineering,DEPARTMENT,Civil Engineering,CIVIL_ENGINEERING,,
891,theses,Indian Institute of Science Bangalore,ORG,Indian Institute of Science Bangalore,INDIAN_INSTITUTE_OF_SCIENCE_BANGALORE,,
891,theses,Bengaluru,GPE,Bengaluru,BENGALURU,,
892,theses,Electronic Systems Engineering,DEPARTMENT,Electronic Systems Engineering,ELECTRONIC_SYSTEMS_ENGINEERING,,
892,theses,Indian Institute of Science Bangalore,ORG,Indian Institute of Science Bangalore,INDIAN_INSTITUTE_OF_SCIENCE_BANGALORE,,
892,theses,Bengaluru,GPE,Bengaluru,BENGALURU,,
893,theses,Centre for Sustainable Technology,DEPARTMENT,Centre for Sustainable Technology,CENTRE_FOR_SUSTAINABLE_TECHNOLOGY,,
893,theses,Indian Institute of Science Bangalore,ORG,Indian Institute of Science Bangalore,INDIAN_INSTITUTE_OF_SCIENCE_BANGALORE,,
893,theses,Bengaluru,GPE,Bengaluru,BENGALURU,,
894,theses,Aerospace Engineering,DEPARTMENT,Aerospace Engineering,AEROSPACE_ENGINEERING,,
894,theses,Indian Institute of Science Bangalore,ORG,Indian Institute of Science Bangalore,INDIAN_INSTITUTE_OF_SCIENCE_BANGALORE,,
894,theses,Bengaluru,GPE,Bengaluru,BENGALURU,,
896,theses,Computational and Data Sciences,DEPARTMENT,Computational and Data Sciences,COMPUTATIONAL_AND_DATA_SCIENCES,,
896,theses,Indian Institute of Science Bangalore,ORG,Indian Institute of Science Bangalore,INDIAN_INSTITUTE_OF_SCIENCE_BANGALORE,,
896,theses,Bengaluru,GPE,Bengaluru,BENGALURU,,
897,theses,Centre for Sustainable Technology,DEPARTMENT,Centre for Sustainable Technology,CENTRE_FOR_SUSTAINABLE_TECHNOLOGY,,
897,theses,Indian Institute of Science Bangalore,ORG,Indian Institute of Science Bangalore,INDIAN_INSTITUTE_OF_SCIENCE_BANGALORE,,
897,theses,Bengaluru,GPE,Bengaluru,BENGALURU,,
898,theses,Centre for Nano Science and Engineering,DEPARTMENT,Centre for Nano Science and Engineering,CENTRE_FOR_NANO_SCIENCE_AND_ENGINEERING,,
898,theses,Indian Institute of Science Bangalore,ORG,Indian Institute of Science Bangalore,INDIAN_INSTITUTE_OF_SCIENCE_BANGALORE,,
898,theses,Bengaluru,GPE,Bengaluru,BENGALURU,,
899,theses,Centre for Sustainable Technology,DEPARTMENT,Centre for Sustainable Technology,CENTRE_FOR_SUSTAINABLE_TECHNOLOGY,,
899,theses,Indian Institute of Science Bangalore,ORG,Indian Institute of Science Bangalore,INDIAN_INSTITUTE_OF_SCIENCE_BANGALORE,,
899,theses,Bengaluru,GPE,Bengaluru,BENGALURU,,
1020,theses,Department of Electronics and Systems Design,DEPARTMENT,Department of Electronics and Systems Design,DEPARTMENT_OF_ELECTRONICS_AND_SYSTEMS_DESIGN,,
1020,theses,International Institute of Information Technology Bangalore,ORG,International Institute of Information Technology Bangalore,INTERNATIONAL_INSTITUTE_OF_INFORMATION_TECHNOLOGY_BANGALORE,,
1020,theses,Bengaluru,GPE,Bengaluru,BENGALURU,,
900,theses,Centre for Atmospheric and Oceanic Sciences,DEPARTMENT,Centre for Atmospheric and Oceanic Sciences,CENTRE_FOR_ATMOSPHERIC_AND_OCEANIC_SCIENCES,,
900,theses,Indian Institute of Science Bangalore,ORG,Indian Institute of Science Bangalore,INDIAN_INSTITUTE_OF_SCIENCE_BANGALORE,,
900,theses,Bengaluru,GPE,Bengaluru,BENGALURU,,
901,theses,Materials Engineering,DEPARTMENT,Materials Engineering,MATERIALS_ENGINEERING,,
901,theses,Indian Institute of Science Bangalore,ORG,Indian Institute of Science Bangalore,INDIAN_INSTITUTE_OF_SCIENCE_BANGALORE,,
901,theses,Bengaluru,GPE,Bengaluru,BENGALURU,,
902,theses,Robert Bosch Centre for Cyber Physical Systems,DEPARTMENT,Robert Bosch Centre for Cyber Physical Systems,ROBERT_BOSCH_CENTRE_FOR_CYBER_PHYSICAL_SYSTEMS,,
902,theses,Indian Institute of Science Bangalore,ORG,Indian Institute of Science Bangalore,INDIAN_INSTITUTE_OF_SCIENCE_BANGALORE,,
902,theses,Bengaluru,GPE,Bengaluru,BENGALURU,,
903,theses,Electrical Communication Engineering,DEPARTMENT,Electrical Communication Engineering,ELECTRICAL_COMMUNICATION_ENGINEERING,,
903,theses,Indian Institute of Science Bangalore,ORG,Indian Institute of Science Bangalore,INDIAN_INSTITUTE_OF_SCIENCE_BANGALORE,,
903,theses,Bengaluru,GPE,Bengaluru,BENGALURU,,
904,theses,Materials Engineering,DEPARTMENT,Materials Engineering,MATERIALS_ENGINEERING,,
904,theses,Indian Institute of Science Bangalore,ORG,Indian Institute of Science Bangalore,INDIAN_INSTITUTE_OF_SCIENCE_BANGALORE,,
904,theses,Bengaluru,GPE,Bengaluru,BENGALURU,,
905,theses,Computer Science and Automation,DEPARTMENT,Computer Science and Automation,COMPUTER_SCIENCE_AND_AUTOMATION,,
905,theses,Indian Institute of Science Bangalore,ORG,Indian Institute of Science Bangalore,INDIAN_INSTITUTE_OF_SCIENCE_BANGALORE,,
905,theses,Bengaluru,GPE,Bengaluru,BENGALURU,,
906,theses,Civil Engineering,DEPARTMENT,Civil Engineering,CIVIL_ENGINEERING,,
906,theses,Indian Institute of Science Bangalore,ORG,Indian Institute of Science Bangalore,INDIAN_INSTITUTE_OF_SCIENCE_BANGALORE,,
906,theses,Bengaluru,GPE,Bengaluru,BENGALURU,,
907,theses,Electrical Communication Engineering,DEPARTMENT,Electrical Communication Engineering,ELECTRICAL_COMMUNICATION_ENGINEERING,,
907,theses,Indian Institute of Science Bangalore,ORG,Indian Institute of Science Bangalore,INDIAN_INSTITUTE_OF_SCIENCE_BANGALORE,,
907,theses,Bengaluru,GPE,Bengaluru,BENGALURU,,
908,theses,Centre for BioSystems Science and Engineering,DEPARTMENT,Centre for BioSystems Science and Engineering,CENTRE_FOR_BIOSYSTEMS_SCIENCE_AND_ENGINEERING,,
908,theses,Indian Institute of Science Bangalore,ORG,Indian Institute of Science Bangalore,INDIAN_INSTITUTE_OF_SCIENCE_BANGALORE,,
908,theses,Bengaluru,GPE,Bengaluru,BENGALURU,,
909,theses,Aerospace Engineering,DEPARTMENT,Aerospace Engineering,AEROSPACE_ENGINEERING,,
909,theses,Indian Institute of Science Bangalore,ORG,Indian Institute of Science Bangalore,INDIAN_INSTITUTE_OF_SCIENCE_BANGALORE,,
909,theses,Bengaluru,GPE,Bengaluru,BENGALURU,,
910,theses,Civil Engineering,DEPARTMENT,Civil Engineering,CIVIL_ENGINEERING,,
910,theses,Indian Institute of Science Bangalore,ORG,Indian Institute of Science Bangalore,INDIAN_INSTITUTE_OF_SCIENCE_BANGALORE,,
910,theses,Bengaluru,GPE,Bengaluru,BENGALURU,,
912,theses,Electronic Systems Engineering,DEPARTMENT,Electronic Systems Engineering,ELECTRONIC_SYSTEMS_ENGINEERING,,
912,theses,Indian Institute of Science Bangalore,ORG,Indian Institute of Science Bangalore,INDIAN_INSTITUTE_OF_SCIENCE_BANGALORE,,
912,theses,Bengaluru,GPE,Bengaluru,BENGALURU,,
913,theses,Centre for Sustainable Technology,DEPARTMENT,Centre for Sustainable Technology,CENTRE_FOR_SUSTAINABLE_TECHNOLOGY,,
913,theses,Indian Institute of Science Bangalore,ORG,Indian Institute of Science Bangalore,INDIAN_INSTITUTE_OF_SCIENCE_BANGALORE,,
913,theses,Bengaluru,GPE,Bengaluru,BENGALURU,,
914,theses,Aerospace Engineering,DEPARTMENT,Aerospace Engineering,AEROSPACE_ENGINEERING,,
914,theses,Indian Institute of Science Bangalore,ORG,Indian Institute of Science Bangalore,INDIAN_INSTITUTE_OF_SCIENCE_BANGALORE,,
914,theses,Bengaluru,GPE,Bengaluru,BENGALURU,,
915,theses,Electrical Engineering,DEPARTMENT,Electrical Engineering,ELECTRICAL_ENGINEERING,,
915,theses,Indian Institute of Science Bangalore,ORG,Indian Institute of Science Bangalore,INDIAN_INSTITUTE_OF_SCIENCE_BANGALORE,,
915,theses,Bengaluru,GPE,Bengaluru,BENGALURU,,
916,theses,Centre for Nano Science and Engineering,DEPARTMENT,Centre for Nano Science and Engineering,CENTRE_FOR_NANO_SCIENCE_AND_ENGINEERING,,
916,theses,Indian Institute of Science Bangalore,ORG,Indian Institute of Science Bangalore,INDIAN_INSTITUTE_OF_SCIENCE_BANGALORE,,
916,theses,Bengaluru,GPE,Bengaluru,BENGALURU,,
917,theses,Centre for Product Design and Manufacturing,DEPARTMENT,Centre for Product Design and Manufacturing,CENTRE_FOR_PRODUCT_DESIGN_AND_MANUFACTURING,,
917,theses,Indian Institute of Science Bangalore,ORG,Indian Institute of Science Bangalore,INDIAN_INSTITUTE_OF_SCIENCE_BANGALORE,,
917,theses,Bengaluru,GPE,Bengaluru,BENGALURU,,
918,theses,Civil Engineering,DEPARTMENT,Civil Engineering,CIVIL_ENGINEERING,,
918,theses,Indian Institute of Science Bangalore,ORG,Indian Institute of Science Bangalore,INDIAN_INSTITUTE_OF_SCIENCE_BANGALORE,,
918,theses,Bengaluru,GPE,Bengaluru,BENGALURU,,
919,theses,Mechanical Engineering,DEPARTMENT,Mechanical Engineering,MECHANICAL_ENGINEERING,,
919,theses,Indian Institute of Science Bangalore,ORG,Indian Institute of Science Bangalore,INDIAN_INSTITUTE_OF_SCIENCE_BANGALORE,,
919,theses,Bengaluru,GPE,Bengaluru,BENGALURU,,
920,theses,Mechanical Engineering,DEPARTMENT,Mechanical Engineering,MECHANICAL_ENGINEERING,,
920,theses,Indian Institute of Science Bangalore,ORG,Indian Institute of Science Bangalore,INDIAN_INSTITUTE_OF_SCIENCE_BANGALORE,,
920,theses,Bengaluru,GPE,Bengaluru,BENGALURU,,
921,theses,Computational and Data Sciences,DEPARTMENT,Computational and Data Sciences,COMPUTATIONAL_AND_DATA_SCIENCES,,
921,theses,Indian Institute of Science Bangalore,ORG,Indian Institute of Science Bangalore,INDIAN_INSTITUTE_OF_SCIENCE_BANGALORE,,
921,theses,Bengaluru,GPE,Bengaluru,BENGALURU,,
923,theses,Electrical Engineering,DEPARTMENT,Electrical Engineering,ELECTRICAL_ENGINEERING,,
923,theses,Indian Institute of Science Bangalore,ORG,Indian Institute of Science Bangalore,INDIAN_INSTITUTE_OF_SCIENCE_BANGALORE,,
923,theses,Bengaluru,GPE,Bengaluru,BENGALURU,,
924,theses,Centre for Product Design and Manufacturing,DEPARTMENT,Centre for Product Design and Manufacturing,CENTRE_FOR_PRODUCT_DESIGN_AND_MANUFACTURING,,
924,theses,Indian Institute of Science Bangalore,ORG,Indian Institute of Science Bangalore,INDIAN_INSTITUTE_OF_SCIENCE_BANGALORE,,
924,theses,Bengaluru,GPE,Bengaluru,BENGALURU,,
925,theses,Electronic Systems Engineering,DEPARTMENT,Electronic Systems Engineering,ELECTRONIC_SYSTEMS_ENGINEERING,,
925,theses,Indian Institute of Science Bangalore,ORG,Indian Institute of Science Bangalore,INDIAN_INSTITUTE_OF_SCIENCE_BANGALORE,,
925,theses,Bengaluru,GPE,Bengaluru,BENGALURU,,
926,theses,Electrical Engineering,DEPARTMENT,Electrical Engineering,ELECTRICAL_ENGINEERING,,
926,theses,Indian Institute of Science Bangalore,ORG,Indian Institute of Science Bangalore,INDIAN_INSTITUTE_OF_SCIENCE_BANGALORE,,
926,theses,Bengaluru,GPE,Bengaluru,BENGALURU,,
927,theses,Computational and Data Sciences,DEPARTMENT,Computational and Data Sciences,COMPUTATIONAL_AND_DATA_SCIENCES,,
927,theses,Indian Institute of Science Bangalore,ORG,Indian Institute of Science Bangalore,INDIAN_INSTITUTE_OF_SCIENCE_BANGALORE,,
927,theses,Bengaluru,GPE,Bengaluru,BENGALURU,,
928,theses,Materials Research Centre,DEPARTMENT,Materials Research Centre,MATERIALS_RESEARCH_CENTRE,,
928,theses,Indian Institute of Science Bangalore,ORG,Indian Institute of Science Bangalore,INDIAN_INSTITUTE_OF_SCIENCE_BANGALORE,,
928,theses,Bengaluru,GPE,Bengaluru,BENGALURU,,
930,theses,Centre for BioSystems Science and Engineering,DEPARTMENT,Centre for BioSystems Science and Engineering,CENTRE_FOR_BIOSYSTEMS_SCIENCE_AND_ENGINEERING,,
930,theses,Indian Institute of Science Bangalore,ORG,Indian Institute of Science Bangalore,INDIAN_INSTITUTE_OF_SCIENCE_BANGALORE,,
930,theses,Bengaluru,GPE,Bengaluru,BENGALURU,,
931,theses,Civil Engineering,DEPARTMENT,Civil Engineering,CIVIL_ENGINEERING,,
931,theses,Indian Institute of Science Bangalore,ORG,Indian Institute of Science Bangalore,INDIAN_INSTITUTE_OF_SCIENCE_BANGALORE,,
931,theses,Bengaluru,GPE,Bengaluru,BENGALURU,,
932,theses,Centre for Sustainable Technology,DEPARTMENT,Centre for Sustainable Technology,CENTRE_FOR_SUSTAINABLE_TECHNOLOGY,,
932,theses,Indian Institute of Science Bangalore,ORG,Indian Institute of Science Bangalore,INDIAN_INSTITUTE_OF_SCIENCE_BANGALORE,,
932,theses,Bengaluru,GPE,Bengaluru,BENGALURU,,
933,theses,Electrical Communication Engineering,DEPARTMENT,Electrical Communication Engineering,ELECTRICAL_COMMUNICATION_ENGINEERING,,
933,theses,Indian Institute of Science Bangalore,ORG,Indian Institute of Science Bangalore,INDIAN_INSTITUTE_OF_SCIENCE_BANGALORE,,
933,theses,Bengaluru,GPE,Bengaluru,BENGALURU,,
934,theses,Mechanical Engineering,DEPARTMENT,Mechanical Engineering,MECHANICAL_ENGINEERING,,
934,theses,Indian Institute of Science Bangalore,ORG,Indian Institute of Science Bangalore,INDIAN_INSTITUTE_OF_SCIENCE_BANGALORE,,
934,theses,Bengaluru,GPE,Bengaluru,BENGALURU,,
935,theses,Aerospace Engineering,DEPARTMENT,Aerospace Engineering,AEROSPACE_ENGINEERING,,
935,theses,Indian Institute of Science Bangalore,ORG,Indian Institute of Science Bangalore,INDIAN_INSTITUTE_OF_SCIENCE_BANGALORE,,
935,theses,Bengaluru,GPE,Bengaluru,BENGALURU,,
64,theses,CMR Institute of Technology,ORG,CMR Institute of Technology,CMR_INSTITUTE_OF_TECHNOLOGY,,
64,theses,Bengaluru,GPE,Bengaluru,BENGALURU,,
77,theses,CMR Institute of Technology,ORG,CMR Institute of Technology,CMR_INSTITUTE_OF_TECHNOLOGY,,
77,theses,Bengaluru,GPE,Bengaluru,BENGALURU,,
936,theses,Electrical Engineering,DEPARTMENT,Electrical Engineering,ELECTRICAL_ENGINEERING,,
936,theses,Indian Institute of Science Bangalore,ORG,Indian Institute of Science Bangalore,INDIAN_INSTITUTE_OF_SCIENCE_BANGALORE,,
936,theses,Bengaluru,GPE,Bengaluru,BENGALURU,,
937,theses,Computational and Data Sciences,DEPARTMENT,Computational and Data Sciences,COMPUTATIONAL_AND_DATA_SCIENCES,,
937,theses,Indian Institute of Science Bangalore,ORG,Indian Institute of Science Bangalore,INDIAN_INSTITUTE_OF_SCIENCE_BANGALORE,,
937,theses,Bengaluru,GPE,Bengaluru,BENGALURU,,
938,theses,Aerospace Engineering,DEPARTMENT,Aerospace Engineering,AEROSPACE_ENGINEERING,,
938,theses,Indian Institute of Science Bangalore,ORG,Indian Institute of Science Bangalore,INDIAN_INSTITUTE_OF_SCIENCE_BANGALORE,,
938,theses,Bengaluru,GPE,Bengaluru,BENGALURU,,
939,theses,Civil Engineering,DEPARTMENT,Civil Engineering,CIVIL_ENGINEERING,,
939,theses,Indian Institute of Science Bangalore,ORG,Indian Institute of Science Bangalore,INDIAN_INSTITUTE_OF_SCIENCE_BANGALORE,,
939,theses,Bengaluru,GPE,Bengaluru,BENGALURU,,
940,theses,Materials Engineering,DEPARTMENT,Materials Engineering,MATERIALS_ENGINEERING,,
940,theses,Indian Institute of Science Bangalore,ORG,Indian Institute of Science Bangalore,INDIAN_INSTITUTE_OF_SCIENCE_BANGALORE,,
940,theses,Bengaluru,GPE,Bengaluru,BENGALURU,,
941,theses,Interdisciplinary Centre for Energy Research,DEPARTMENT,Interdisciplinary Centre for Energy Research,INTERDISCIPLINARY_CENTRE_FOR_ENERGY_RESEARCH,,
941,theses,Indian Institute of Science Bangalore,ORG,Indian Institute of Science Bangalore,INDIAN_INSTITUTE_OF_SCIENCE_BANGALORE,,
941,theses,Bengaluru,GPE,Bengaluru,BENGALURU,,
942,theses,Robert Bosch Centre for Cyber Physical Systems,DEPARTMENT,Robert Bosch Centre for Cyber Physical Systems,ROBERT_BOSCH_CENTRE_FOR_CYBER_PHYSICAL_SYSTEMS,,
942,theses,Indian Institute of Science Bangalore,ORG,Indian Institute of Science Bangalore,INDIAN_INSTITUTE_OF_SCIENCE_BANGALORE,,
942,theses,Bengaluru,GPE,Bengaluru,BENGALURU,,
944,theses,Materials Engineering,DEPARTMENT,Materials Engineering,MATERIALS_ENGINEERING,,
944,theses,Indian Institute of Science Bangalore,ORG,Indian Institute of Science Bangalore,INDIAN_INSTITUTE_OF_SCIENCE_BANGALORE,,
944,theses,Bengaluru,GPE,Bengaluru,BENGALURU,,
945,theses,Mechanical Engineering,DEPARTMENT,Mechanical Engineering,MECHANICAL_ENGINEERING,,
945,theses,Indian Institute of Science Bangalore,ORG,Indian Institute of Science Bangalore,INDIAN_INSTITUTE_OF_SCIENCE_BANGALORE,,
945,theses,Bengaluru,GPE,Bengaluru,BENGALURU,,
946,theses,Chemical Engineering,DEPARTMENT,Chemical Engineering,CHEMICAL_ENGINEERING,,
946,theses,Indian Institute of Science Bangalore,ORG,Indian Institute of Science Bangalore,INDIAN_INSTITUTE_OF_SCIENCE_BANGALORE,,
946,theses,Bengaluru,GPE,Bengaluru,BENGALURU,,
947,theses,Centre for Nano Science and Engineering,DEPARTMENT,Centre for Nano Science and Engineering,CENTRE_FOR_NANO_SCIENCE_AND_ENGINEERING,,
947,theses,Indian Institute of Science Bangalore,ORG,Indian Institute of Science Bangalore,INDIAN_INSTITUTE_OF_SCIENCE_BANGALORE,,
947,theses,Bengaluru,GPE,Bengaluru,BENGALURU,,
951,theses,Centre for Product Design and Manufacturing,DEPARTMENT,Centre for Product Design and Manufacturing,CENTRE_FOR_PRODUCT_DESIGN_AND_MANUFACTURING,,
951,theses,Indian Institute of Science Bangalore,ORG,Indian Institute of Science Bangalore,INDIAN_INSTITUTE_OF_SCIENCE_BANGALORE,,
951,theses,Bengaluru,GPE,Bengaluru,BENGALURU,,
952,theses,Mechanical Engineering,DEPARTMENT,Mechanical Engineering,MECHANICAL_ENGINEERING,,
952,theses,Indian Institute of Science Bangalore,ORG,Indian Institute of Science Bangalore,INDIAN_INSTITUTE_OF_SCIENCE_BANGALORE,,
952,theses,Bengaluru,GPE,Bengaluru,BENGALURU,,
953,theses,Computational and Data Sciences,DEPARTMENT,Computational and Data Sciences,COMPUTATIONAL_AND_DATA_SCIENCES,,
953,theses,Indian Institute of Science Bangalore,ORG,Indian Institute of Science Bangalore,INDIAN_INSTITUTE_OF_SCIENCE_BANGALORE,,
953,theses,Bengaluru,GPE,Bengaluru,BENGALURU,,
954,theses,Mechanical Engineering,DEPARTMENT,Mechanical Engineering,MECHANICAL_ENGINEERING,,
954,theses,Indian Institute of Science Bangalore,ORG,Indian Institute of Science Bangalore,INDIAN_INSTITUTE_OF_SCIENCE_BANGALORE,,
954,theses,Bengaluru,GPE,Bengaluru,BENGALURU,,
955,theses,Mechanical Engineering,DEPARTMENT,Mechanical Engineering,MECHANICAL_ENGINEERING,,
955,theses,Indian Institute of Science Bangalore,ORG,Indian Institute of Science Bangalore,INDIAN_INSTITUTE_OF_SCIENCE_BANGALORE,,
955,theses,Bengaluru,GPE,Bengaluru,BENGALURU,,
956,theses,Computer Science and Automation,DEPARTMENT,Computer Science and Automation,COMPUTER_SCIENCE_AND_AUTOMATION,,
956,theses,Indian Institute of Science Bangalore,ORG,Indian Institute of Science Bangalore,INDIAN_INSTITUTE_OF_SCIENCE_BANGALORE,,
956,theses,Bengaluru,GPE,Bengaluru,BENGALURU,,
957,theses,Interdisciplinary Centre for Energy Research,DEPARTMENT,Interdisciplinary Centre for Energy Research,INTERDISCIPLINARY_CENTRE_FOR_ENERGY_RESEARCH,,
957,theses,Indian Institute of Science Bangalore,ORG,Indian Institute of Science Bangalore,INDIAN_INSTITUTE_OF_SCIENCE_BANGALORE,,
957,theses,Bengaluru,GPE,Bengaluru,BENGALURU,,
958,theses,Interdisciplinary Centre for Energy Research,DEPARTMENT,Interdisciplinary Centre for Energy Research,INTERDISCIPLINARY_CENTRE_FOR_ENERGY_RESEARCH,,
958,theses,Indian Institute of Science Bangalore,ORG,Indian Institute of Science Bangalore,INDIAN_INSTITUTE_OF_SCIENCE_BANGALORE,,
958,theses,Bengaluru,GPE,Bengaluru,BENGALURU,,
959,theses,Computer Science and Automation,DEPARTMENT,Computer Science and Automation,COMPUTER_SCIENCE_AND_AUTOMATION,,
959,theses,Indian Institute of Science Bangalore,ORG,Indian Institute of Science Bangalore,INDIAN_INSTITUTE_OF_SCIENCE_BANGALORE,,
959,theses,Bengaluru,GPE,Bengaluru,BENGALURU,,
960,theses,Aerospace Engineering,DEPARTMENT,Aerospace Engineering,AEROSPACE_ENGINEERING,,
960,theses,Indian Institute of Science Bangalore,ORG,Indian Institute of Science Bangalore,INDIAN_INSTITUTE_OF_SCIENCE_BANGALORE,,
960,theses,Bengaluru,GPE,Bengaluru,BENGALURU,,
961,theses,Aerospace Engineering,DEPARTMENT,Aerospace Engineering,AEROSPACE_ENGINEERING,,
961,theses,Indian Institute of Science Bangalore,ORG,Indian Institute of Science Bangalore,INDIAN_INSTITUTE_OF_SCIENCE_BANGALORE,,
961,theses,Bengaluru,GPE,Bengaluru,BENGALURU,,
964,theses,Civil Engineering,DEPARTMENT,Civil Engineering,CIVIL_ENGINEERING,,
964,theses,Indian Institute of Science Bangalore,ORG,Indian Institute of Science Bangalore,INDIAN_INSTITUTE_OF_SCIENCE_BANGALORE,,
964,theses,Bengaluru,GPE,Bengaluru,BENGALURU,,
965,theses,Aerospace Engineering,DEPARTMENT,Aerospace Engineering,AEROSPACE_ENGINEERING,,
965,theses,Indian Institute of Science Bangalore,ORG,Indian Institute of Science Bangalore,INDIAN_INSTITUTE_OF_SCIENCE_BANGALORE,,
965,theses,Bengaluru,GPE,Bengaluru,BENGALURU,,
966,theses,Civil Engineering,DEPARTMENT,Civil Engineering,CIVIL_ENGINEERING,,
966,theses,Indian Institute of Science Bangalore,ORG,Indian Institute of Science Bangalore,INDIAN_INSTITUTE_OF_SCIENCE_BANGALORE,,
966,theses,Bengaluru,GPE,Bengaluru,BENGALURU,,
967,theses,Centre for Product Design and Manufacturing,DEPARTMENT,Centre for Product Design and Manufacturing,CENTRE_FOR_PRODUCT_DESIGN_AND_MANUFACTURING,,
967,theses,Indian Institute of Science Bangalore,ORG,Indian Institute of Science Bangalore,INDIAN_INSTITUTE_OF_SCIENCE_BANGALORE,,
967,theses,Bengaluru,GPE,Bengaluru,BENGALURU,,
968,theses,Mechanical Engineering,DEPARTMENT,Mechanical Engineering,MECHANICAL_ENGINEERING,,
968,theses,Indian Institute of Science Bangalore,ORG,Indian Institute of Science Bangalore,INDIAN_INSTITUTE_OF_SCIENCE_BANGALORE,,
968,theses,Bengaluru,GPE,Bengaluru,BENGALURU,,
970,theses,Centre for BioSystems Science and Engineering,DEPARTMENT,Centre for BioSystems Science and Engineering,CENTRE_FOR_BIOSYSTEMS_SCIENCE_AND_ENGINEERING,,
970,theses,Indian Institute of Science Bangalore,ORG,Indian Institute of Science Bangalore,INDIAN_INSTITUTE_OF_SCIENCE_BANGALORE,,
970,theses,Bengaluru,GPE,Bengaluru,BENGALURU,,
971,theses,Centre for Sustainable Technology,DEPARTMENT,Centre for Sustainable Technology,CENTRE_FOR_SUSTAINABLE_TECHNOLOGY,,
971,theses,Indian Institute of Science Bangalore,ORG,Indian Institute of Science Bangalore,INDIAN_INSTITUTE_OF_SCIENCE_BANGALORE,,
971,theses,Bengaluru,GPE,Bengaluru,BENGALURU,,
972,theses,Centre for BioSystems Science and Engineering,DEPARTMENT,Centre for BioSystems Science and Engineering,CENTRE_FOR_BIOSYSTEMS_SCIENCE_AND_ENGINEERING,,
972,theses,Indian Institute of Science Bangalore,ORG,Indian Institute of Science Bangalore,INDIAN_INSTITUTE_OF_SCIENCE_BANGALORE,,
972,theses,Bengaluru,GPE,Bengaluru,BENGALURU,,
973,theses,Aerospace Engineering,DEPARTMENT,Aerospace Engineering,AEROSPACE_ENGINEERING,,
973,theses,Indian Institute of Science Bangalore,ORG,Indian Institute of Science Bangalore,INDIAN_INSTITUTE_OF_SCIENCE_BANGALORE,,
973,theses,Bengaluru,GPE,Bengaluru,BENGALURU,,
974,theses,Aerospace Engineering,DEPARTMENT,Aerospace Engineering,AEROSPACE_ENGINEERING,,
974,theses,Indian Institute of Science Bangalore,ORG,Indian Institute of Science Bangalore,INDIAN_INSTITUTE_OF_SCIENCE_BANGALORE,,
974,theses,Bengaluru,GPE,Bengaluru,BENGALURU,,
975,theses,Mechanical Engineering,DEPARTMENT,Mechanical Engineering,MECHANICAL_ENGINEERING,,
975,theses,Indian Institute of Science Bangalore,ORG,Indian Institute of Science Bangalore,INDIAN_INSTITUTE_OF_SCIENCE_BANGALORE,,
975,theses,Bengaluru,GPE,Bengaluru,BENGALURU,,
976,theses,Computer Science and Automation,DEPARTMENT,Computer Science and Automation,COMPUTER_SCIENCE_AND_AUTOMATION,,
976,theses,Indian Institute of Science Bangalore,ORG,Indian Institute of Science Bangalore,INDIAN_INSTITUTE_OF_SCIENCE_BANGALORE,,
976,theses,Bengaluru,GPE,Bengaluru,BENGALURU,,
977,theses,Electrical Communication Engineering,DEPARTMENT,Electrical Communication Engineering,ELECTRICAL_COMMUNICATION_ENGINEERING,,
977,theses,Indian Institute of Science Bangalore,ORG,Indian Institute of Science Bangalore,INDIAN_INSTITUTE_OF_SCIENCE_BANGALORE,,
977,theses,Bengaluru,GPE,Bengaluru,BENGALURU,,
978,theses,Centre for Atmospheric and Oceanic Sciences,DEPARTMENT,Centre for Atmospheric and Oceanic Sciences,CENTRE_FOR_ATMOSPHERIC_AND_OCEANIC_SCIENCES,,
978,theses,Indian Institute of Science Bangalore,ORG,Indian Institute of Science Bangalore,INDIAN_INSTITUTE_OF_SCIENCE_BANGALORE,,
978,theses,Bengaluru,GPE,Bengaluru,BENGALURU,,
979,theses,Centre for Atmospheric and Oceanic Sciences,DEPARTMENT,Centre for Atmospheric and Oceanic Sciences,CENTRE_FOR_ATMOSPHERIC_AND_OCEANIC_SCIENCES,,
979,theses,Indian Institute of Science Bangalore,ORG,Indian Institute of Science Bangalore,INDIAN_INSTITUTE_OF_SCIENCE_BANGALORE,,
979,theses,Bengaluru,GPE,Bengaluru,BENGALURU,,
980,theses,Aerospace Engineering,DEPARTMENT,Aerospace Engineering,AEROSPACE_ENGINEERING,,
980,theses,Indian Institute of Science Bangalore,ORG,Indian Institute of Science Bangalore,INDIAN_INSTITUTE_OF_SCIENCE_BANGALORE,,
980,theses,Bengaluru,GPE,Bengaluru,BENGALURU,,
981,theses,Department of Computer Science,DEPARTMENT,Department of Computer Science,DEPARTMENT_OF_COMPUTER_SCIENCE,,
981,theses,International Institute of Information Technology Bangalore,ORG,International Institute of Information Technology Bangalore,INTERNATIONAL_INSTITUTE_OF_INFORMATION_TECHNOLOGY_BANGALORE,,
981,theses,Bengaluru,GPE,Bengaluru,BENGALURU,,
982,theses,Department of Computer Science,DEPARTMENT,Department of Computer Science,DEPARTMENT_OF_COMPUTER_SCIENCE,,
982,theses,International Institute of Information Technology Bangalore,ORG,International Institute of Information Technology Bangalore,INTERNATIONAL_INSTITUTE_OF_INFORMATION_TECHNOLOGY_BANGALORE,,
982,theses,Bengaluru,GPE,Bengaluru,BENGALURU,,
983,theses,Department of Electronics and Systems Design,DEPARTMENT,Department of Electronics and Systems Design,DEPARTMENT_OF_ELECTRONICS_AND_SYSTEMS_DESIGN,,
983,theses,International Institute of Information Technology Bangalore,ORG,International Institute of Information Technology Bangalore,INTERNATIONAL_INSTITUTE_OF_INFORMATION_TECHNOLOGY_BANGALORE,,
983,theses,Bengaluru,GPE,Bengaluru,BENGALURU,,
984,theses,Department of Computer Science,DEPARTMENT,Department of Computer Science,DEPARTMENT_OF_COMPUTER_SCIENCE,,
984,theses,International Institute of Information Technology Bangalore,ORG,International Institute of Information Technology Bangalore,INTERNATIONAL_INSTITUTE_OF_INFORMATION_TECHNOLOGY_BANGALORE,,
984,theses,Bengaluru,GPE,Bengaluru,BENGALURU,,
985,theses,Department of Computer Science,DEPARTMENT,Department of Computer Science,DEPARTMENT_OF_COMPUTER_SCIENCE,,
985,theses,International Institute of Information Technology Bangalore,ORG,International Institute of Information Technology Bangalore,INTERNATIONAL_INSTITUTE_OF_INFORMATION_TECHNOLOGY_BANGALORE,,
985,theses,Bengaluru,GPE,Bengaluru,BENGALURU,,
65,theses,CMR Institute of Technology,ORG,CMR Institute of Technology,CMR_INSTITUTE_OF_TECHNOLOGY,,
65,theses,Bengaluru,GPE,Bengaluru,BENGALURU,,
986,theses,Department of Electronics and Systems Design,DEPARTMENT,Department of Electronics and Systems Design,DEPARTMENT_OF_ELECTRONICS_AND_SYSTEMS_DESIGN,,
986,theses,International Institute of Information Technology Bangalore,ORG,International Institute of Information Technology Bangalore,INTERNATIONAL_INSTITUTE_OF_INFORMATION_TECHNOLOGY_BANGALORE,,
986,theses,Bengaluru,GPE,Bengaluru,BENGALURU,,
987,theses,Department of Computer Science,DEPARTMENT,Department of Computer Science,DEPARTMENT_OF_COMPUTER_SCIENCE,,
987,theses,International Institute of Information Technology Bangalore,ORG,International Institute of Information Technology Bangalore,INTERNATIONAL_INSTITUTE_OF_INFORMATION_TECHNOLOGY_BANGALORE,,
987,theses,Bengaluru,GPE,Bengaluru,BENGALURU,,
988,theses,Department of Software Engineering,DEPARTMENT,Department of Software Engineering,DEPARTMENT_OF_SOFTWARE_ENGINEERING,,
988,theses,International Institute of Information Technology Bangalore,ORG,International Institute of Information Technology Bangalore,INTERNATIONAL_INSTITUTE_OF_INFORMATION_TECHNOLOGY_BANGALORE,,
988,theses,Bengaluru,GPE,Bengaluru,BENGALURU,,
1072,theses,Faculty of Pharmaceutical Sciences,DEPARTMENT,Faculty of Pharmaceutical Sciences,FACULTY_OF_PHARMACEUTICAL_SCIENCES,,
1072,theses,PES University,ORG,PES University,PES_UNIVERSITY,,
1072,theses,Bengaluru,GPE,Bengaluru,BENGALURU,,
989,theses,Department of Data Sciences,DEPARTMENT,Department of Data Sciences,DEPARTMENT_OF_DATA_SCIENCES,,
989,theses,International Institute of Information Technology Bangalore,ORG,International Institute of Information Technology Bangalore,INTERNATIONAL_INSTITUTE_OF_INFORMATION_TECHNOLOGY_BANGALORE,,
989,theses,Bengaluru,GPE,Bengaluru,BENGALURU,,
991,theses,Department of Networking Communication and Signal Processing,DEPARTMENT,Department of Networking Communication and Signal Processing,DEPARTMENT_OF_NETWORKING_COMMUNICATION_AND_SIGNAL_PROCESSING,,
991,theses,International Institute of Information Technology Bangalore,ORG,International Institute of Information Technology Bangalore,INTERNATIONAL_INSTITUTE_OF_INFORMATION_TECHNOLOGY_BANGALORE,,
991,theses,Bengaluru,GPE,Bengaluru,BENGALURU,,
992,theses,Department of Software Engineering,DEPARTMENT,Department of Software Engineering,DEPARTMENT_OF_SOFTWARE_ENGINEERING,,
992,theses,International Institute of Information Technology Bangalore,ORG,International Institute of Information Technology Bangalore,INTERNATIONAL_INSTITUTE_OF_INFORMATION_TECHNOLOGY_BANGALORE,,
992,theses,Bengaluru,GPE,Bengaluru,BENGALURU,,
993,theses,Department of Computer Science,DEPARTMENT,Department of Computer Science,DEPARTMENT_OF_COMPUTER_SCIENCE,,
993,theses,International Institute of Information Technology Bangalore,ORG,International Institute of Information Technology Bangalore,INTERNATIONAL_INSTITUTE_OF_INFORMATION_TECHNOLOGY_BANGALORE,,
993,theses,Bengaluru,GPE,Bengaluru,BENGALURU,,
994,theses,Department of Networking Communication and Signal Processing,DEPARTMENT,Department of Networking Communication and Signal Processing,DEPARTMENT_OF_NETWORKING_COMMUNICATION_AND_SIGNAL_PROCESSING,,
994,theses,International Institute of Information Technology Bangalore,ORG,International Institute of Information Technology Bangalore,INTERNATIONAL_INSTITUTE_OF_INFORMATION_TECHNOLOGY_BANGALORE,,
994,theses,Bengaluru,GPE,Bengaluru,BENGALURU,,
995,theses,Department of Data Sciences,DEPARTMENT,Department of Data Sciences,DEPARTMENT_OF_DATA_SCIENCES,,
995,theses,International Institute of Information Technology Bangalore,ORG,International Institute of Information Technology Bangalore,INTERNATIONAL_INSTITUTE_OF_INFORMATION_TECHNOLOGY_BANGALORE,,
995,theses,Bengaluru,GPE,Bengaluru,BENGALURU,,
996,theses,Department of Data Sciences,DEPARTMENT,Department of Data Sciences,DEPARTMENT_OF_DATA_SCIENCES,,
996,theses,International Institute of Information Technology Bangalore,ORG,International Institute of Information Technology Bangalore,INTERNATIONAL_INSTITUTE_OF_INFORMATION_TECHNOLOGY_BANGALORE,,
996,theses,Bengaluru,GPE,Bengaluru,BENGALURU,,
997,theses,Department of Networking Communication and Signal Processing,DEPARTMENT,Department of Networking Communication and Signal Processing,DEPARTMENT_OF_NETWORKING_COMMUNICATION_AND_SIGNAL_PROCESSING,,
997,theses,International Institute of Information Technology Bangalore,ORG,International Institute of Information Technology Bangalore,INTERNATIONAL_INSTITUTE_OF_INFORMATION_TECHNOLOGY_BANGALORE,,
997,theses,Bengaluru,GPE,Bengaluru,BENGALURU,,
999,theses,Department of Networking Communication and Signal Processing,DEPARTMENT,Department of Networking Communication and Signal Processing,DEPARTMENT_OF_NETWORKING_COMMUNICATION_AND_SIGNAL_PROCESSING,,
999,theses,International Institute of Information Technology Bangalore,ORG,International Institute of Information Technology Bangalore,INTERNATIONAL_INSTITUTE_OF_INFORMATION_TECHNOLOGY_BANGALORE,,
999,theses,Bengaluru,GPE,Bengaluru,BENGALURU,,
1000,theses,Department of Networking Communication and Signal Processing,DEPARTMENT,Department of Networking Communication and Signal Processing,DEPARTMENT_OF_NETWORKING_COMMUNICATION_AND_SIGNAL_PROCESSING,,
1000,theses,International Institute of Information Technology Bangalore,ORG,International Institute of Information Technology Bangalore,INTERNATIONAL_INSTITUTE_OF_INFORMATION_TECHNOLOGY_BANGALORE,,
1000,theses,Bengaluru,GPE,Bengaluru,BENGALURU,,
66,theses,CMR Institute of Technology,ORG,CMR Institute of Technology,CMR_INSTITUTE_OF_TECHNOLOGY,,
66,theses,Bengaluru,GPE,Bengaluru,BENGALURU,,
67,theses,CMR Institute of Technology,ORG,CMR Institute of Technology,CMR_INSTITUTE_OF_TECHNOLOGY,,
67,theses,Bengaluru,GPE,Bengaluru,BENGALURU,,
1001,theses,Department of Data Sciences,DEPARTMENT,Department of Data Sciences,DEPARTMENT_OF_DATA_SCIENCES,,
1001,theses,International Institute of Information Technology Bangalore,ORG,International Institute of Information Technology Bangalore,INTERNATIONAL_INSTITUTE_OF_INFORMATION_TECHNOLOGY_BANGALORE,,
1001,theses,Bengaluru,GPE,Bengaluru,BENGALURU,,
1004,theses,Department of Networking Communication and Signal Processing,DEPARTMENT,Department of Networking Communication and Signal Processing,DEPARTMENT_OF_NETWORKING_COMMUNICATION_AND_SIGNAL_PROCESSING,,
1004,theses,International Institute of Information Technology Bangalore,ORG,International Institute of Information Technology Bangalore,INTERNATIONAL_INSTITUTE_OF_INFORMATION_TECHNOLOGY_BANGALORE,,
1004,theses,Bengaluru,GPE,Bengaluru,BENGALURU,,
1006,theses,Department of Information Technology and Society,DEPARTMENT,Department of Information Technology and Society,DEPARTMENT_OF_INFORMATION_TECHNOLOGY_AND_SOCIETY,,
1006,theses,International Institute of Information Technology Bangalore,ORG,International Institute of Information Technology Bangalore,INTERNATIONAL_INSTITUTE_OF_INFORMATION_TECHNOLOGY_BANGALORE,,
1006,theses,Bengaluru,GPE,Bengaluru,BENGALURU,,
1075,theses,Department of Computer Science & Engineering,DEPARTMENT,Department of Computer Science & Engineering,DEPARTMENT_OF_COMPUTER_SCIENCE_ENGINEERING,,
1075,theses,PES University,ORG,PES University,PES_UNIVERSITY,,
1075,theses,Bengaluru,GPE,Bengaluru,BENGALURU,,
1013,theses,Department of Information Technology and Society,DEPARTMENT,Department of Information Technology and Society,DEPARTMENT_OF_INFORMATION_TECHNOLOGY_AND_SOCIETY,,
1013,theses,International Institute of Information Technology Bangalore,ORG,International Institute of Information Technology Bangalore,INTERNATIONAL_INSTITUTE_OF_INFORMATION_TECHNOLOGY_BANGALORE,,
1013,theses,Bengaluru,GPE,Bengaluru,BENGALURU,,
1014,theses,Department of Software Engineering,DEPARTMENT,Department of Software Engineering,DEPARTMENT_OF_SOFTWARE_ENGINEERING,,
1014,theses,International Institute of Information Technology Bangalore,ORG,International Institute of Information Technology Bangalore,INTERNATIONAL_INSTITUTE_OF_INFORMATION_TECHNOLOGY_BANGALORE,,
1014,theses,Bengaluru,GPE,Bengaluru,BENGALURU,,
1015,theses,Department of Electronics and Systems Design,DEPARTMENT,Department of Electronics and Systems Design,DEPARTMENT_OF_ELECTRONICS_AND_SYSTEMS_DESIGN,,
1015,theses,International Institute of Information Technology Bangalore,ORG,International Institute of Information Technology Bangalore,INTERNATIONAL_INSTITUTE_OF_INFORMATION_TECHNOLOGY_BANGALORE,,
1015,theses,Bengaluru,GPE,Bengaluru,BENGALURU,,
1016,theses,Department of Software Engineering,DEPARTMENT,Department of Software Engineering,DEPARTMENT_OF_SOFTWARE_ENGINEERING,,
1016,theses,International Institute of Information Technology Bangalore,ORG,International Institute of Information Technology Bangalore,INTERNATIONAL_INSTITUTE_OF_INFORMATION_TECHNOLOGY_BANGALORE,,
1016,theses,Bengaluru,GPE,Bengaluru,BENGALURU,,
1017,theses,Department of Data Sciences,DEPARTMENT,Department of Data Sciences,DEPARTMENT_OF_DATA_SCIENCES,,
1017,theses,International Institute of Information Technology Bangalore,ORG,International Institute of Information Technology Bangalore,INTERNATIONAL_INSTITUTE_OF_INFORMATION_TECHNOLOGY_BANGALORE,,
1017,theses,Bengaluru,GPE,Bengaluru,BENGALURU,,
1018,theses,Department of Software Engineering,DEPARTMENT,Department of Software Engineering,DEPARTMENT_OF_SOFTWARE_ENGINEERING,,
1018,theses,International Institute of Information Technology Bangalore,ORG,International Institute of Information Technology Bangalore,INTERNATIONAL_INSTITUTE_OF_INFORMATION_TECHNOLOGY_BANGALORE,,
1018,theses,Bengaluru,GPE,Bengaluru,BENGALURU,,
1019,theses,Department of Networking Communication and Signal Processing,DEPARTMENT,Department of Networking Communication and Signal Processing,DEPARTMENT_OF_NETWORKING_COMMUNICATION_AND_SIGNAL_PROCESSING,,
1019,theses,International Institute of Information Technology Bangalore,ORG,International Institute of Information Technology Bangalore,INTERNATIONAL_INSTITUTE_OF_INFORMATION_TECHNOLOGY_BANGALORE,,
1019,theses,Bengaluru,GPE,Bengaluru,BENGALURU,,
1021,theses,Department of Data Sciences,DEPARTMENT,Department of Data Sciences,DEPARTMENT_OF_DATA_SCIENCES,,
1021,theses,International Institute of Information Technology Bangalore,ORG,International Institute of Information Technology Bangalore,INTERNATIONAL_INSTITUTE_OF_INFORMATION_TECHNOLOGY_BANGALORE,,
1021,theses,Bengaluru,GPE,Bengaluru,BENGALURU,,
38,theses,CMR Institute of Technology,ORG,CMR Institute of Technology,CMR_INSTITUTE_OF_TECHNOLOGY,,
38,theses,Bengaluru,GPE,Bengaluru,BENGALURU,,
74,theses,CMR Institute of Technology,ORG,CMR Institute of Technology,CMR_INSTITUTE_OF_TECHNOLOGY,,
74,theses,Bengaluru,GPE,Bengaluru,BENGALURU,,
79,theses,India,GPE,India,INDIA,93,98
79,theses,CMR Institute of Technology,ORG,CMR Institute of Technology,CMR_INSTITUTE_OF_TECHNOLOGY,,
79,theses,Bengaluru,GPE,Bengaluru,BENGALURU,,
80,theses,CMR Institute of Technology,ORG,CMR Institute of Technology,CMR_INSTITUTE_OF_TECHNOLOGY,,
80,theses,Bengaluru,GPE,Bengaluru,BENGALURU,,
90,theses,Dayananda Sagar College of Engineering,ORG,Dayananda Sagar College of Engineering,DAYANANDA_SAGAR_COLLEGE_OF_ENGINEERING,,
90,theses,Bengaluru,GPE,Bengaluru,BENGALURU,,
91,theses,Dayananda Sagar College of Engineering,ORG,Dayananda Sagar College of Engineering,DAYANANDA_SAGAR_COLLEGE_OF_ENGINEERING,,
91,theses,Bengaluru,GPE,Bengaluru,BENGALURU,,
671,theses,Electrical Engineering,DEPARTMENT,Electrical Engineering,ELECTRICAL_ENGINEERING,,
671,theses,Indian Institute of Science Bangalore,ORG,Indian Institute of Science Bangalore,INDIAN_INSTITUTE_OF_SCIENCE_BANGALORE,,
671,theses,Bengaluru,GPE,Bengaluru,BENGALURU,,
1022,theses,Department of Software Engineering,DEPARTMENT,Department of Software Engineering,DEPARTMENT_OF_SOFTWARE_ENGINEERING,,
1022,theses,International Institute of Information Technology Bangalore,ORG,International Institute of Information Technology Bangalore,INTERNATIONAL_INSTITUTE_OF_INFORMATION_TECHNOLOGY_BANGALORE,,
1022,theses,Bengaluru,GPE,Bengaluru,BENGALURU,,
1024,theses,Department of Networking Communication and Signal Processing,DEPARTMENT,Department of Networking Communication and Signal Processing,DEPARTMENT_OF_NETWORKING_COMMUNICATION_AND_SIGNAL_PROCESSING,,
1024,theses,International Institute of Information Technology Bangalore,ORG,International Institute of Information Technology Bangalore,INTERNATIONAL_INSTITUTE_OF_INFORMATION_TECHNOLOGY_BANGALORE,,
1024,theses,Bengaluru,GPE,Bengaluru,BENGALURU,,
1025,theses,Department of Data Sciences,DEPARTMENT,Department of Data Sciences,DEPARTMENT_OF_DATA_SCIENCES,,
1025,theses,International Institute of Information Technology Bangalore,ORG,International Institute of Information Technology Bangalore,INTERNATIONAL_INSTITUTE_OF_INFORMATION_TECHNOLOGY_BANGALORE,,
1025,theses,Bengaluru,GPE,Bengaluru,BENGALURU,,
1026,theses,Department of Electronics and Systems Design,DEPARTMENT,Department of Electronics and Systems Design,DEPARTMENT_OF_ELECTRONICS_AND_SYSTEMS_DESIGN,,
1026,theses,International Institute of Information Technology Bangalore,ORG,International Institute of Information Technology Bangalore,INTERNATIONAL_INSTITUTE_OF_INFORMATION_TECHNOLOGY_BANGALORE,,
1026,theses,Bengaluru,GPE,Bengaluru,BENGALURU,,
1027,theses,Department of Information Technology and Society,DEPARTMENT,Department of Information Technology and Society,DEPARTMENT_OF_INFORMATION_TECHNOLOGY_AND_SOCIETY,,
1027,theses,International Institute of Information Technology Bangalore,ORG,International Institute of Information Technology Bangalore,INTERNATIONAL_INSTITUTE_OF_INFORMATION_TECHNOLOGY_BANGALORE,,
1027,theses,Bengaluru,GPE,Bengaluru,BENGALURU,,
1028,theses,Department of Computer Science,DEPARTMENT,Department of Computer Science,DEPARTMENT_OF_COMPUTER_SCIENCE,,
1028,theses,International Institute of Information Technology Bangalore,ORG,International Institute of Information Technology Bangalore,INTERNATIONAL_INSTITUTE_OF_INFORMATION_TECHNOLOGY_BANGALORE,,
1028,theses,Bengaluru,GPE,Bengaluru,BENGALURU,,
1029,theses,Department of Computer Science,DEPARTMENT,Department of Computer Science,DEPARTMENT_OF_COMPUTER_SCIENCE,,
1029,theses,International Institute of Information Technology Bangalore,ORG,International Institute of Information Technology Bangalore,INTERNATIONAL_INSTITUTE_OF_INFORMATION_TECHNOLOGY_BANGALORE,,
1029,theses,Bengaluru,GPE,Bengaluru,BENGALURU,,
1030,theses,Department of Mathematics and Basic Sciences,DEPARTMENT,Department of Mathematics and Basic Sciences,DEPARTMENT_OF_MATHEMATICS_AND_BASIC_SCIENCES,,
1030,theses,International Institute of Information Technology Bangalore,ORG,International Institute of Information Technology Bangalore,INTERNATIONAL_INSTITUTE_OF_INFORMATION_TECHNOLOGY_BANGALORE,,
1030,theses,Bengaluru,GPE,Bengaluru,BENGALURU,,
1031,theses,Department of Electronics and Systems Design,DEPARTMENT,Department of Electronics and Systems Design,DEPARTMENT_OF_ELECTRONICS_AND_SYSTEMS_DESIGN,,
1031,theses,International Institute of Information Technology Bangalore,ORG,International Institute of Information Technology Bangalore,INTERNATIONAL_INSTITUTE_OF_INFORMATION_TECHNOLOGY_BANGALORE,,
1031,theses,Bengaluru,GPE,Bengaluru,BENGALURU,,
1033,theses,Department of Networking Communication and Signal Processing,DEPARTMENT,Department of Networking Communication and Signal Processing,DEPARTMENT_OF_NETWORKING_COMMUNICATION_AND_SIGNAL_PROCESSING,,
1033,theses,International Institute of Information Technology Bangalore,ORG,International Institute of Information Technology Bangalore,INTERNATIONAL_INSTITUTE_OF_INFORMATION_TECHNOLOGY_BANGALORE,,
1033,theses,Bengaluru,GPE,Bengaluru,BENGALURU,,
1034,theses,Department of Electronics and Systems Design,DEPARTMENT,Department of Electronics and Systems Design,DEPARTMENT_OF_ELECTRONICS_AND_SYSTEMS_DESIGN,,
1034,theses,International Institute of Information Technology Bangalore,ORG,International Institute of Information Technology Bangalore,INTERNATIONAL_INSTITUTE_OF_INFORMATION_TECHNOLOGY_BANGALORE,,
1034,theses,Bengaluru,GPE,Bengaluru,BENGALURU,,
1035,theses,Department of Data Sciences,DEPARTMENT,Department of Data Sciences,DEPARTMENT_OF_DATA_SCIENCES,,
1035,theses,International Institute of Information Technology Bangalore,ORG,International Institute of Information Technology Bangalore,INTERNATIONAL_INSTITUTE_OF_INFORMATION_TECHNOLOGY_BANGALORE,,
1035,theses,Bengaluru,GPE,Bengaluru,BENGALURU,,
1074,theses,Faculty of Pharmaceutical Sciences,DEPARTMENT,Faculty of Pharmaceutical Sciences,FACULTY_OF_PHARMACEUTICAL_SCIENCES,,
1074,theses,PES University,ORG,PES University,PES_UNIVERSITY,,
1074,theses,Bengaluru,GPE,Bengaluru,BENGALURU,,
1076,theses,Department of Electronics and Communication Engineering,DEPARTMENT,Department of Electronics and Communication Engineering,DEPARTMENT_OF_ELECTRONICS_AND_COMMUNICATION_ENGINEERING,,
1076,theses,PES University,ORG,PES University,PES_UNIVERSITY,,
1076,theses,Bengaluru,GPE,Bengaluru,BENGALURU,,
1036,theses,Department of Computer Science,DEPARTMENT,Department of Computer Science,DEPARTMENT_OF_COMPUTER_SCIENCE,,
1036,theses,International Institute of Information Technology Bangalore,ORG,International Institute of Information Technology Bangalore,INTERNATIONAL_INSTITUTE_OF_INFORMATION_TECHNOLOGY_BANGALORE,,
1036,theses,Bengaluru,GPE,Bengaluru,BENGALURU,,
1037,theses,Department of Networking Communication and Signal Processing,DEPARTMENT,Department of Networking Communication and Signal Processing,DEPARTMENT_OF_NETWORKING_COMMUNICATION_AND_SIGNAL_PROCESSING,,
1037,theses,International Institute of Information Technology Bangalore,ORG,International Institute of Information Technology Bangalore,INTERNATIONAL_INSTITUTE_OF_INFORMATION_TECHNOLOGY_BANGALORE,,
1037,theses,Bengaluru,GPE,Bengaluru,BENGALURU,,
948,theses,Centre for Product Design and Manufacturing,DEPARTMENT,Centre for Product Design and Manufacturing,CENTRE_FOR_PRODUCT_DESIGN_AND_MANUFACTURING,,
948,theses,Indian Institute of Science Bangalore,ORG,Indian Institute of Science Bangalore,INDIAN_INSTITUTE_OF_SCIENCE_BANGALORE,,
948,theses,Bengaluru,GPE,Bengaluru,BENGALURU,,
1038,theses,Department of Computer Science,DEPARTMENT,Department of Computer Science,DEPARTMENT_OF_COMPUTER_SCIENCE,,
1038,theses,International Institute of Information Technology Bangalore,ORG,International Institute of Information Technology Bangalore,INTERNATIONAL_INSTITUTE_OF_INFORMATION_TECHNOLOGY_BANGALORE,,
1038,theses,Bengaluru,GPE,Bengaluru,BENGALURU,,
1039,theses,Department of Computer Science,DEPARTMENT,Department of Computer Science,DEPARTMENT_OF_COMPUTER_SCIENCE,,
1039,theses,International Institute of Information Technology Bangalore,ORG,International Institute of Information Technology Bangalore,INTERNATIONAL_INSTITUTE_OF_INFORMATION_TECHNOLOGY_BANGALORE,,
1039,theses,Bengaluru,GPE,Bengaluru,BENGALURU,,
1040,theses,Department of Electronics and Systems Design,DEPARTMENT,Department of Electronics and Systems Design,DEPARTMENT_OF_ELECTRONICS_AND_SYSTEMS_DESIGN,,
1040,theses,International Institute of Information Technology Bangalore,ORG,International Institute of Information Technology Bangalore,INTERNATIONAL_INSTITUTE_OF_INFORMATION_TECHNOLOGY_BANGALORE,,
1040,theses,Bengaluru,GPE,Bengaluru,BENGALURU,,
1041,theses,Department of Information Technology and Society,DEPARTMENT,Department of Information Technology and Society,DEPARTMENT_OF_INFORMATION_TECHNOLOGY_AND_SOCIETY,,
1041,theses,International Institute of Information Technology Bangalore,ORG,International Institute of Information Technology Bangalore,INTERNATIONAL_INSTITUTE_OF_INFORMATION_TECHNOLOGY_BANGALORE,,
1041,theses,Bengaluru,GPE,Bengaluru,BENGALURU,,
1042,theses,Department of Information Technology and Society,DEPARTMENT,Department of Information Technology and Society,DEPARTMENT_OF_INFORMATION_TECHNOLOGY_AND_SOCIETY,,
1042,theses,International Institute of Information Technology Bangalore,ORG,International Institute of Information Technology Bangalore,INTERNATIONAL_INSTITUTE_OF_INFORMATION_TECHNOLOGY_BANGALORE,,
1042,theses,Bengaluru,GPE,Bengaluru,BENGALURU,,
1044,theses,Department of Networking Communication and Signal Processing,DEPARTMENT,Department of Networking Communication and Signal Processing,DEPARTMENT_OF_NETWORKING_COMMUNICATION_AND_SIGNAL_PROCESSING,,
1044,theses,International Institute of Information Technology Bangalore,ORG,International Institute of Information Technology Bangalore,INTERNATIONAL_INSTITUTE_OF_INFORMATION_TECHNOLOGY_BANGALORE,,
1044,theses,Bengaluru,GPE,Bengaluru,BENGALURU,,
1045,theses,Department of Computer Science,DEPARTMENT,Department of Computer Science,DEPARTMENT_OF_COMPUTER_SCIENCE,,
1045,theses,International Institute of Information Technology Bangalore,ORG,International Institute of Information Technology Bangalore,INTERNATIONAL_INSTITUTE_OF_INFORMATION_TECHNOLOGY_BANGALORE,,
1045,theses,Bengaluru,GPE,Bengaluru,BENGALURU,,
1046,theses,Department of Data Sciences,DEPARTMENT,Department of Data Sciences,DEPARTMENT_OF_DATA_SCIENCES,,
1046,theses,International Institute of Information Technology Bangalore,ORG,International Institute of Information Technology Bangalore,INTERNATIONAL_INSTITUTE_OF_INFORMATION_TECHNOLOGY_BANGALORE,,
1046,theses,Bengaluru,GPE,Bengaluru,BENGALURU,,
1047,theses,Department of Networking Communication and Signal Processing,DEPARTMENT,Department of Networking Communication and Signal Processing,DEPARTMENT_OF_NETWORKING_COMMUNICATION_AND_SIGNAL_PROCESSING,,
1047,theses,International Institute of Information Technology Bangalore,ORG,International Institute of Information Technology Bangalore,INTERNATIONAL_INSTITUTE_OF_INFORMATION_TECHNOLOGY_BANGALORE,,
1047,theses,Bengaluru,GPE,Bengaluru,BENGALURU,,
1048,theses,M.S. Ramaiah Institute of Technology,ORG,M S Ramaiah Institute of Technology,M_S_RAMAIAH_INSTITUTE_OF_TECHNOLOGY,,
1048,theses,Bengaluru,GPE,Bengaluru,BENGALURU,,
149,theses,Centre for Nano Science and Engineering,DEPARTMENT,Centre for Nano Science and Engineering,CENTRE_FOR_NANO_SCIENCE_AND_ENGINEERING,,
149,theses,Indian Institute of Science Bangalore,ORG,Indian Institute of Science Bangalore,INDIAN_INSTITUTE_OF_SCIENCE_BANGALORE,,
149,theses,Bengaluru,GPE,Bengaluru,BENGALURU,,
949,theses,Centre for Nano Science and Engineering,DEPARTMENT,Centre for Nano Science and Engineering,CENTRE_FOR_NANO_SCIENCE_AND_ENGINEERING,,
949,theses,Indian Institute of Science Bangalore,ORG,Indian Institute of Science Bangalore,INDIAN_INSTITUTE_OF_SCIENCE_BANGALORE,,
949,theses,Bengaluru,GPE,Bengaluru,BENGALURU,,
1049,theses,M.S. Ramaiah Institute of Technology,ORG,M S Ramaiah Institute of Technology,M_S_RAMAIAH_INSTITUTE_OF_TECHNOLOGY,,
1049,theses,Bengaluru,GPE,Bengaluru,BENGALURU,,
1050,theses,M.S. Ramaiah Institute of Technology,ORG,M S Ramaiah Institute of Technology,M_S_RAMAIAH_INSTITUTE_OF_TECHNOLOGY,,
1050,theses,Bengaluru,GPE,Bengaluru,BENGALURU,,
1053,theses,2007,DATE,2007,,1070,1074
1053,theses,M.S. Ramaiah Institute of Technology,ORG,M S Ramaiah Institute of Technology,M_S_RAMAIAH_INSTITUTE_OF_TECHNOLOGY,,
1053,theses,Bengaluru,GPE,Bengaluru,BENGALURU,,
1054,theses,M.S. Ramaiah Institute of Technology,ORG,M S Ramaiah Institute of Technology,M_S_RAMAIAH_INSTITUTE_OF_TECHNOLOGY,,
1054,theses,Bengaluru,GPE,Bengaluru,BENGALURU,,
950,theses,Centre for Nano Science and Engineering,DEPARTMENT,Centre for Nano Science and Engineering,CENTRE_FOR_NANO_SCIENCE_AND_ENGINEERING,,
950,theses,Indian Institute of Science Bangalore,ORG,Indian Institute of Science Bangalore,INDIAN_INSTITUTE_OF_SCIENCE_BANGALORE,,
950,theses,Bengaluru,GPE,Bengaluru,BENGALURU,,
169,theses,Electrical Communication Engineering,DEPARTMENT,Electrical Communication Engineering,ELECTRICAL_COMMUNICATION_ENGINEERING,,
169,theses,Indian Institute of Science Bangalore,ORG,Indian Institute of Science Bangalore,INDIAN_INSTITUTE_OF_SCIENCE_BANGALORE,,
169,theses,Bengaluru,GPE,Bengaluru,BENGALURU,,
190,theses,Mechanical Engineering,DEPARTMENT,Mechanical Engineering,MECHANICAL_ENGINEERING,,
190,theses,Indian Institute of Science Bangalore,ORG,Indian Institute of Science Bangalore,INDIAN_INSTITUTE_OF_SCIENCE_BANGALORE,,
190,theses,Bengaluru,GPE,Bengaluru,BENGALURU,,
191,theses,Centre for Sustainable Technology,DEPARTMENT,Centre for Sustainable Technology,CENTRE_FOR_SUSTAINABLE_TECHNOLOGY,,
191,theses,Indian Institute of Science Bangalore,ORG,Indian Institute of Science Bangalore,INDIAN_INSTITUTE_OF_SCIENCE_BANGALORE,,
191,theses,Bengaluru,GPE,Bengaluru,BENGALURU,,
193,theses,Aerospace Engineering,DEPARTMENT,Aerospace Engineering,AEROSPACE_ENGINEERING,,
193,theses,Indian Institute of Science Bangalore,ORG,Indian Institute of Science Bangalore,INDIAN_INSTITUTE_OF_SCIENCE_BANGALORE,,
193,theses,Bengaluru,GPE,Bengaluru,BENGALURU,,
197,theses,Materials Engineering,DEPARTMENT,Materials Engineering,MATERIALS_ENGINEERING,,
197,theses,Indian Institute of Science Bangalore,ORG,Indian Institute of Science Bangalore,INDIAN_INSTITUTE_OF_SCIENCE_BANGALORE,,
197,theses,Bengaluru,GPE,Bengaluru,BENGALURU,,
1151,theses,R V College of Engineering,ORG,R V College of Engineering,R_V_COLLEGE_OF_ENGINEERING,,
1151,theses,Bengaluru,GPE,Bengaluru,BENGALURU,,
210,theses,Chemical Engineering,DEPARTMENT,Chemical Engineering,CHEMICAL_ENGINEERING,,
210,theses,Indian Institute of Science Bangalore,ORG,Indian Institute of Science Bangalore,INDIAN_INSTITUTE_OF_SCIENCE_BANGALORE,,
210,theses,Bengaluru,GPE,Bengaluru,BENGALURU,,
1165,theses,R V College of Engineering,ORG,R V College of Engineering,R_V_COLLEGE_OF_ENGINEERING,,
1165,theses,Bengaluru,GPE,Bengaluru,BENGALURU,,
674,theses,Electronic Systems Engineering,DEPARTMENT,Electronic Systems Engineering,ELECTRONIC_SYSTEMS_ENGINEERING,,
674,theses,Indian Institute of Science Bangalore,ORG,Indian Institute of Science Bangalore,INDIAN_INSTITUTE_OF_SCIENCE_BANGALORE,,
674,theses,Bengaluru,GPE,Bengaluru,BENGALURU,,
1055,theses,M.S. Ramaiah Institute of Technology,ORG,M S Ramaiah Institute of Technology,M_S_RAMAIAH_INSTITUTE_OF_TECHNOLOGY,,
1055,theses,Bengaluru,GPE,Bengaluru,BENGALURU,,
653,theses,Aerospace Engineering,DEPARTMENT,Aerospace Engineering,AEROSPACE_ENGINEERING,,
653,theses,Indian Institute of Science Bangalore,ORG,Indian Institute of Science Bangalore,INDIAN_INSTITUTE_OF_SCIENCE_BANGALORE,,
653,theses,Bengaluru,GPE,Bengaluru,BENGALURU,,
654,theses,Electrical Engineering,DEPARTMENT,Electrical Engineering,ELECTRICAL_ENGINEERING,,
654,theses,Indian Institute of Science Bangalore,ORG,Indian Institute of Science Bangalore,INDIAN_INSTITUTE_OF_SCIENCE_BANGALORE,,
654,theses,Bengaluru,GPE,Bengaluru,BENGALURU,,
655,theses,Mechanical Engineering,DEPARTMENT,Mechanical Engineering,MECHANICAL_ENGINEERING,,
655,theses,Indian Institute of Science Bangalore,ORG,Indian Institute of Science Bangalore,INDIAN_INSTITUTE_OF_SCIENCE_BANGALORE,,
655,theses,Bengaluru,GPE,Bengaluru,BENGALURU,,
656,theses,Materials Engineering,DEPARTMENT,Materials Engineering,MATERIALS_ENGINEERING,,
656,theses,Indian Institute of Science Bangalore,ORG,Indian Institute of Science Bangalore,INDIAN_INSTITUTE_OF_SCIENCE_BANGALORE,,
656,theses,Bengaluru,GPE,Bengaluru,BENGALURU,,
657,theses,Electrical Communication Engineering,DEPARTMENT,Electrical Communication Engineering,ELECTRICAL_COMMUNICATION_ENGINEERING,,
657,theses,Indian Institute of Science Bangalore,ORG,Indian Institute of Science Bangalore,INDIAN_INSTITUTE_OF_SCIENCE_BANGALORE,,
657,theses,Bengaluru,GPE,Bengaluru,BENGALURU,,
659,theses,Materials Research Centre,DEPARTMENT,Materials Research Centre,MATERIALS_RESEARCH_CENTRE,,
659,theses,Indian Institute of Science Bangalore,ORG,Indian Institute of Science Bangalore,INDIAN_INSTITUTE_OF_SCIENCE_BANGALORE,,
659,theses,Bengaluru,GPE,Bengaluru,BENGALURU,,
300,theses,Electrical Engineering,DEPARTMENT,Electrical Engineering,ELECTRICAL_ENGINEERING,,
300,theses,Indian Institute of Science Bangalore,ORG,Indian Institute of Science Bangalore,INDIAN_INSTITUTE_OF_SCIENCE_BANGALORE,,
300,theses,Bengaluru,GPE,Bengaluru,BENGALURU,,
660,theses,Electrical Engineering,DEPARTMENT,Electrical Engineering,ELECTRICAL_ENGINEERING,,
660,theses,Indian Institute of Science Bangalore,ORG,Indian Institute of Science Bangalore,INDIAN_INSTITUTE_OF_SCIENCE_BANGALORE,,
660,theses,Bengaluru,GPE,Bengaluru,BENGALURU,,
1234,theses,India,GPE,India,INDIA,611,616
1234,theses,R V College of Engineering,ORG,R V College of Engineering,R_V_COLLEGE_OF_ENGINEERING,,
1234,theses,Bengaluru,GPE,Bengaluru,BENGALURU,,
1235,theses,R V College of Engineering,ORG,R V College of Engineering,R_V_COLLEGE_OF_ENGINEERING,,
1235,theses,Bengaluru,GPE,Bengaluru,BENGALURU,,
1236,theses,R V College of Engineering,ORG,R V College of Engineering,R_V_COLLEGE_OF_ENGINEERING,,
1236,theses,Bengaluru,GPE,Bengaluru,BENGALURU,,
1237,theses,R V College of Engineering,ORG,R V College of Engineering,R_V_COLLEGE_OF_ENGINEERING,,
1237,theses,Bengaluru,GPE,Bengaluru,BENGALURU,,
1238,theses,R V College of Engineering,ORG,R V College of Engineering,R_V_COLLEGE_OF_ENGINEERING,,
1238,theses,Bengaluru,GPE,Bengaluru,BENGALURU,,
1239,theses,R V College of Engineering,ORG,R V College of Engineering,R_V_COLLEGE_OF_ENGINEERING,,
1239,theses,Bengaluru,GPE,Bengaluru,BENGALURU,,
333,theses,Centre for Nano Science and Engineering,DEPARTMENT,Centre for Nano Science and Engineering,CENTRE_FOR_NANO_SCIENCE_AND_ENGINEERING,,
333,theses,Indian Institute of Science Bangalore,ORG,Indian Institute of Science Bangalore,INDIAN_INSTITUTE_OF_SCIENCE_BANGALORE,,
333,theses,Bengaluru,GPE,Bengaluru,BENGALURU,,
334,theses,Electrical Communication Engineering,DEPARTMENT,Electrical Communication Engineering,ELECTRICAL_COMMUNICATION_ENGINEERING,,
334,theses,Indian Institute of Science Bangalore,ORG,Indian Institute of Science Bangalore,INDIAN_INSTITUTE_OF_SCIENCE_BANGALORE,,
334,theses,Bengaluru,GPE,Bengaluru,BENGALURU,,
664,theses,Chemical Engineering,DEPARTMENT,Chemical Engineering,CHEMICAL_ENGINEERING,,
664,theses,Indian Institute of Science Bangalore,ORG,Indian Institute of Science Bangalore,INDIAN_INSTITUTE_OF_SCIENCE_BANGALORE,,
664,theses,Bengaluru,GPE,Bengaluru,BENGALURU,,
666,theses,Electrical Engineering,DEPARTMENT,Electrical Engineering,ELECTRICAL_ENGINEERING,,
666,theses,Indian Institute of Science Bangalore,ORG,Indian Institute of Science Bangalore,INDIAN_INSTITUTE_OF_SCIENCE_BANGALORE,,
666,theses,Bengaluru,GPE,Bengaluru,BENGALURU,,
1084,theses,Faculty of Pharmaceutical Sciences,DEPARTMENT,Faculty of Pharmaceutical Sciences,FACULTY_OF_PHARMACEUTICAL_SCIENCES,,
1084,theses,PES University,ORG,PES University,PES_UNIVERSITY,,
1084,theses,Bengaluru,GPE,Bengaluru,BENGALURU,,
969,theses,Aerospace Engineering,DEPARTMENT,Aerospace Engineering,AEROSPACE_ENGINEERING,,
969,theses,Indian Institute of Science Bangalore,ORG,Indian Institute of Science Bangalore,INDIAN_INSTITUTE_OF_SCIENCE_BANGALORE,,
969,theses,Bengaluru,GPE,Bengaluru,BENGALURU,,
387,theses,Materials Engineering,DEPARTMENT,Materials Engineering,MATERIALS_ENGINEERING,,
387,theses,Indian Institute of Science Bangalore,ORG,Indian Institute of Science Bangalore,INDIAN_INSTITUTE_OF_SCIENCE_BANGALORE,,
387,theses,Bengaluru,GPE,Bengaluru,BENGALURU,,
583,theses,Electrical Engineering,DEPARTMENT,Electrical Engineering,ELECTRICAL_ENGINEERING,,
583,theses,Indian Institute of Science Bangalore,ORG,Indian Institute of Science Bangalore,INDIAN_INSTITUTE_OF_SCIENCE_BANGALORE,,
583,theses,Bengaluru,GPE,Bengaluru,BENGALURU,,
1056,theses,M.S. Ramaiah Institute of Technology,ORG,M S Ramaiah Institute of Technology,M_S_RAMAIAH_INSTITUTE_OF_TECHNOLOGY,,
1056,theses,Bengaluru,GPE,Bengaluru,BENGALURU,,
439,theses,Electronic Systems Engineering,DEPARTMENT,Electronic Systems Engineering,ELECTRONIC_SYSTEMS_ENGINEERING,,
439,theses,Indian Institute of Science Bangalore,ORG,Indian Institute of Science Bangalore,INDIAN_INSTITUTE_OF_SCIENCE_BANGALORE,,
439,theses,Bengaluru,GPE,Bengaluru,BENGALURU,,
441,theses,Electrical Communication Engineering,DEPARTMENT,Electrical Communication Engineering,ELECTRICAL_COMMUNICATION_ENGINEERING,,
441,theses,Indian Institute of Science Bangalore,ORG,Indian Institute of Science Bangalore,INDIAN_INSTITUTE_OF_SCIENCE_BANGALORE,,
441,theses,Bengaluru,GPE,Bengaluru,BENGALURU,,
1113,theses,R V College of Engineering,ORG,R V College of Engineering,R_V_COLLEGE_OF_ENGINEERING,,
1113,theses,Bengaluru,GPE,Bengaluru,BENGALURU,,
463,theses,Civil Engineering,DEPARTMENT,Civil Engineering,CIVIL_ENGINEERING,,
463,theses,Indian Institute of Science Bangalore,ORG,Indian Institute of Science Bangalore,INDIAN_INSTITUTE_OF_SCIENCE_BANGALORE,,
463,theses,Bengaluru,GPE,Bengaluru,BENGALURU,,
464,theses,Electronic Systems Engineering,DEPARTMENT,Electronic Systems Engineering,ELECTRONIC_SYSTEMS_ENGINEERING,,
464,theses,Indian Institute of Science Bangalore,ORG,Indian Institute of Science Bangalore,INDIAN_INSTITUTE_OF_SCIENCE_BANGALORE,,
464,theses,Bengaluru,GPE,Bengaluru,BENGALURU,,
477,theses,Computer Science and Automation,DEPARTMENT,Computer Science and Automation,COMPUTER_SCIENCE_AND_AUTOMATION,,
477,theses,Indian Institute of Science Bangalore,ORG,Indian Institute of Science Bangalore,INDIAN_INSTITUTE_OF_SCIENCE_BANGALORE,,
477,theses,Bengaluru,GPE,Bengaluru,BENGALURU,,
505,theses,Materials Engineering,DEPARTMENT,Materials Engineering,MATERIALS_ENGINEERING,,
505,theses,Indian Institute of Science Bangalore,ORG,Indian Institute of Science Bangalore,INDIAN_INSTITUTE_OF_SCIENCE_BANGALORE,,
505,theses,Bengaluru,GPE,Bengaluru,BENGALURU,,
511,theses,Centre for BioSystems Science and Engineering,DEPARTMENT,Centre for BioSystems Science and Engineering,CENTRE_FOR_BIOSYSTEMS_SCIENCE_AND_ENGINEERING,,
511,theses,Indian Institute of Science Bangalore,ORG,Indian Institute of Science Bangalore,INDIAN_INSTITUTE_OF_SCIENCE_BANGALORE,,
511,theses,Bengaluru,GPE,Bengaluru,BENGALURU,,
516,theses,Computer Science and Automation,DEPARTMENT,Computer Science and Automation,COMPUTER_SCIENCE_AND_AUTOMATION,,
516,theses,Indian Institute of Science Bangalore,ORG,Indian Institute of Science Bangalore,INDIAN_INSTITUTE_OF_SCIENCE_BANGALORE,,
516,theses,Bengaluru,GPE,Bengaluru,BENGALURU,,
517,theses,Electronic Systems Engineering,DEPARTMENT,Electronic Systems Engineering,ELECTRONIC_SYSTEMS_ENGINEERING,,
517,theses,Indian Institute of Science Bangalore,ORG,Indian Institute of Science Bangalore,INDIAN_INSTITUTE_OF_SCIENCE_BANGALORE,,
517,theses,Bengaluru,GPE,Bengaluru,BENGALURU,,
562,theses,Aerospace Engineering,DEPARTMENT,Aerospace Engineering,AEROSPACE_ENGINEERING,,
562,theses,Indian Institute of Science Bangalore,ORG,Indian Institute of Science Bangalore,INDIAN_INSTITUTE_OF_SCIENCE_BANGALORE,,
562,theses,Bengaluru,GPE,Bengaluru,BENGALURU,,
564,theses,Centre for Product Design and Manufacturing,DEPARTMENT,Centre for Product Design and Manufacturing,CENTRE_FOR_PRODUCT_DESIGN_AND_MANUFACTURING,,
564,theses,Indian Institute of Science Bangalore,ORG,Indian Institute of Science Bangalore,INDIAN_INSTITUTE_OF_SCIENCE_BANGALORE,,
564,theses,Bengaluru,GPE,Bengaluru,BENGALURU,,
565,theses,Aerospace Engineering,DEPARTMENT,Aerospace Engineering,AEROSPACE_ENGINEERING,,
565,theses,Indian Institute of Science Bangalore,ORG,Indian Institute of Science Bangalore,INDIAN_INSTITUTE_OF_SCIENCE_BANGALORE,,
565,theses,Bengaluru,GPE,Bengaluru,BENGALURU,,
1002,theses,Department of Networking Communication and Signal Processing,DEPARTMENT,Department of Networking Communication and Signal Processing,DEPARTMENT_OF_NETWORKING_COMMUNICATION_AND_SIGNAL_PROCESSING,,
1002,theses,International Institute of Information Technology Bangalore,ORG,International Institute of Information Technology Bangalore,INTERNATIONAL_INSTITUTE_OF_INFORMATION_TECHNOLOGY_BANGALORE,,
1002,theses,Bengaluru,GPE,Bengaluru,BENGALURU,,
1057,theses,Bengaluru,GPE,Bengaluru,BENGALURU,78,87
1057,theses,Bengaluru,GPE,Bengaluru,BENGALURU,180,189
1057,theses,India,GPE,India,INDIA,1025,1030
1057,theses,India,GPE,India,INDIA,1042,1047
1057,theses,1952,DATE,1952,,1242,1246
1057,theses,M.S. Ramaiah Institute of Technology,ORG,M S Ramaiah Institute of Technology,M_S_RAMAIAH_INSTITUTE_OF_TECHNOLOGY,,
1058,theses,M.S. Ramaiah Institute of Technology,ORG,M S Ramaiah Institute of Technology,M_S_RAMAIAH_INSTITUTE_OF_TECHNOLOGY,,
1058,theses,Bengaluru,GPE,Bengaluru,BENGALURU,,
1059,theses,Bangalore,GPE,Bengaluru,BENGALURU,93,102
1059,theses,M.S. Ramaiah Institute of Technology,ORG,M S Ramaiah Institute of Technology,M_S_RAMAIAH_INSTITUTE_OF_TECHNOLOGY,,
1060,theses,M.S. Ramaiah Institute of Technology,ORG,M S Ramaiah Institute of Technology,M_S_RAMAIAH_INSTITUTE_OF_TECHNOLOGY,,
1060,theses,Bengaluru,GPE,Bengaluru,BENGALURU,,
1061,theses,M.S. Ramaiah Institute of Technology,ORG,M S Ramaiah Institute of Technology,M_S_RAMAIAH_INSTITUTE_OF_TECHNOLOGY,,
1061,theses,Bengaluru,GPE,Bengaluru,BENGALURU,,
1062,theses,M.S. Ramaiah Institute of Technology,ORG,M S Ramaiah Institute of Technology,M_S_RAMAIAH_INSTITUTE_OF_TECHNOLOGY,,
1062,theses,Bengaluru,GPE,Bengaluru,BENGALURU,,
597,theses,Electronic Systems Engineering,DEPARTMENT,Electronic Systems Engineering,ELECTRONIC_SYSTEMS_ENGINEERING,,
597,theses,Indian Institute of Science Bangalore,ORG,Indian Institute of Science Bangalore,INDIAN_INSTITUTE_OF_SCIENCE_BANGALORE,,
597,theses,Bengaluru,GPE,Bengaluru,BENGALURU,,
708,theses,Materials Engineering,DEPARTMENT,Materials Engineering,MATERIALS_ENGINEERING,,
708,theses,Indian Institute of Science Bangalore,ORG,Indian Institute of Science Bangalore,INDIAN_INSTITUTE_OF_SCIENCE_BANGALORE,,
708,theses,Bengaluru,GPE,Bengaluru,BENGALURU,,
752,theses,Electrical Engineering,DEPARTMENT,Electrical Engineering,ELECTRICAL_ENGINEERING,,
752,theses,Indian Institute of Science Bangalore,ORG,Indian Institute of Science Bangalore,INDIAN_INSTITUTE_OF_SCIENCE_BANGALORE,,
752,theses,Bengaluru,GPE,Bengaluru,BENGALURU,,
799,theses,Interdisciplinary Centre for Energy Research,DEPARTMENT,Interdisciplinary Centre for Energy Research,INTERDISCIPLINARY_CENTRE_FOR_ENERGY_RESEARCH,,
799,theses,Indian Institute of Science Bangalore,ORG,Indian Institute of Science Bangalore,INDIAN_INSTITUTE_OF_SCIENCE_BANGALORE,,
799,theses,Bengaluru,GPE,Bengaluru,BENGALURU,,
800,theses,Robert Bosch Centre for Cyber Physical Systems,DEPARTMENT,Robert Bosch Centre for Cyber Physical Systems,ROBERT_BOSCH_CENTRE_FOR_CYBER_PHYSICAL_SYSTEMS,,
800,theses,Indian Institute of Science Bangalore,ORG,Indian Institute of Science Bangalore,INDIAN_INSTITUTE_OF_SCIENCE_BANGALORE,,
800,theses,Bengaluru,GPE,Bengaluru,BENGALURU,,
815,theses,Electrical Engineering,DEPARTMENT,Electrical Engineering,ELECTRICAL_ENGINEERING,,
815,theses,Indian Institute of Science Bangalore,ORG,Indian Institute of Science Bangalore,INDIAN_INSTITUTE_OF_SCIENCE_BANGALORE,,
815,theses,Bengaluru,GPE,Bengaluru,BENGALURU,,
895,theses,Electrical Engineering,DEPARTMENT,Electrical Engineering,ELECTRICAL_ENGINEERING,,
895,theses,Indian Institute of Science Bangalore,ORG,Indian Institute of Science Bangalore,INDIAN_INSTITUTE_OF_SCIENCE_BANGALORE,,
895,theses,Bengaluru,GPE,Bengaluru,BENGALURU,,
911,theses,Computational and Data Sciences,DEPARTMENT,Computational and Data Sciences,COMPUTATIONAL_AND_DATA_SCIENCES,,
911,theses,Indian Institute of Science Bangalore,ORG,Indian Institute of Science Bangalore,INDIAN_INSTITUTE_OF_SCIENCE_BANGALORE,,
911,theses,Bengaluru,GPE,Bengaluru,BENGALURU,,
929,theses,Materials Research Centre,DEPARTMENT,Materials Research Centre,MATERIALS_RESEARCH_CENTRE,,
929,theses,Indian Institute of Science Bangalore,ORG,Indian Institute of Science Bangalore,INDIAN_INSTITUTE_OF_SCIENCE_BANGALORE,,
929,theses,Bengaluru,GPE,Bengaluru,BENGALURU,,
943,theses,Electrical Communication Engineering,DEPARTMENT,Electrical Communication Engineering,ELECTRICAL_COMMUNICATION_ENGINEERING,,
943,theses,Indian Institute of Science Bangalore,ORG,Indian Institute of Science Bangalore,INDIAN_INSTITUTE_OF_SCIENCE_BANGALORE,,
943,theses,Bengaluru,GPE,Bengaluru,BENGALURU,,
962,theses,Aerospace Engineering,DEPARTMENT,Aerospace Engineering,AEROSPACE_ENGINEERING,,
962,theses,Indian Institute of Science Bangalore,ORG,Indian Institute of Science Bangalore,INDIAN_INSTITUTE_OF_SCIENCE_BANGALORE,,
962,theses,Bengaluru,GPE,Bengaluru,BENGALURU,,
963,theses,Aerospace Engineering,DEPARTMENT,Aerospace Engineering,AEROSPACE_ENGINEERING,,
963,theses,Indian Institute of Science Bangalore,ORG,Indian Institute of Science Bangalore,INDIAN_INSTITUTE_OF_SCIENCE_BANGALORE,,
963,theses,Bengaluru,GPE,Bengaluru,BENGALURU,,
1195,theses,R V College of Engineering,ORG,R V College of Engineering,R_V_COLLEGE_OF_ENGINEERING,,
1195,theses,Bengaluru,GPE,Bengaluru,BENGALURU,,
998,theses,Department of Data Sciences,DEPARTMENT,Department of Data Sciences,DEPARTMENT_OF_DATA_SCIENCES,,
998,theses,International Institute of Information Technology Bangalore,ORG,International Institute of Information Technology Bangalore,INTERNATIONAL_INSTITUTE_OF_INFORMATION_TECHNOLOGY_BANGALORE,,
998,theses,Bengaluru,GPE,Bengaluru,BENGALURU,,
1003,theses,Department of Software Engineering,DEPARTMENT,Department of Software Engineering,DEPARTMENT_OF_SOFTWARE_ENGINEERING,,
1003,theses,International Institute of Information Technology Bangalore,ORG,International Institute of Information Technology Bangalore,INTERNATIONAL_INSTITUTE_OF_INFORMATION_TECHNOLOGY_BANGALORE,,
1003,theses,Bengaluru,GPE,Bengaluru,BENGALURU,,
1008,theses,Department of Electronics and Systems Design,DEPARTMENT,Department of Electronics and Systems Design,DEPARTMENT_OF_ELECTRONICS_AND_SYSTEMS_DESIGN,,
1008,theses,International Institute of Information Technology Bangalore,ORG,International Institute of Information Technology Bangalore,INTERNATIONAL_INSTITUTE_OF_INFORMATION_TECHNOLOGY_BANGALORE,,
1008,theses,Bengaluru,GPE,Bengaluru,BENGALURU,,
1009,theses,Department of Computer Science,DEPARTMENT,Department of Computer Science,DEPARTMENT_OF_COMPUTER_SCIENCE,,
1009,theses,International Institute of Information Technology Bangalore,ORG,International Institute of Information Technology Bangalore,INTERNATIONAL_INSTITUTE_OF_INFORMATION_TECHNOLOGY_BANGALORE,,
1009,theses,Bengaluru,GPE,Bengaluru,BENGALURU,,
1010,theses,Department of Computer Science,DEPARTMENT,Department of Computer Science,DEPARTMENT_OF_COMPUTER_SCIENCE,,
1010,theses,International Institute of Information Technology Bangalore,ORG,International Institute of Information Technology Bangalore,INTERNATIONAL_INSTITUTE_OF_INFORMATION_TECHNOLOGY_BANGALORE,,
1010,theses,Bengaluru,GPE,Bengaluru,BENGALURU,,
1011,theses,Department of Information Technology and Society,DEPARTMENT,Department of Information Technology and Society,DEPARTMENT_OF_INFORMATION_TECHNOLOGY_AND_SOCIETY,,
1011,theses,International Institute of Information Technology Bangalore,ORG,International Institute of Information Technology Bangalore,INTERNATIONAL_INSTITUTE_OF_INFORMATION_TECHNOLOGY_BANGALORE,,
1011,theses,Bengaluru,GPE,Bengaluru,BENGALURU,,
1012,theses,India,GPE,India,INDIA,110,115
1012,theses,Department of Information Technology and Society,DEPARTMENT,Department of Information Technology and Society,DEPARTMENT_OF_INFORMATION_TECHNOLOGY_AND_SOCIETY,,
1012,theses,International Institute of Information Technology Bangalore,ORG,International Institute of Information Technology Bangalore,INTERNATIONAL_INSTITUTE_OF_INFORMATION_TECHNOLOGY_BANGALORE,,
1012,theses,Bengaluru,GPE,Bengaluru,BENGALURU,,
1023,theses,Department of Software Engineering,DEPARTMENT,Department of Software Engineering,DEPARTMENT_OF_SOFTWARE_ENGINEERING,,
1023,theses,International Institute of Information Technology Bangalore,ORG,International Institute of Information Technology Bangalore,INTERNATIONAL_INSTITUTE_OF_INFORMATION_TECHNOLOGY_BANGALORE,,
1023,theses,Bengaluru,GPE,Bengaluru,BENGALURU,,
1032,theses,Department of Networking Communication and Signal Processing,DEPARTMENT,Department of Networking Communication and Signal Processing,DEPARTMENT_OF_NETWORKING_COMMUNICATION_AND_SIGNAL_PROCESSING,,
1032,theses,International Institute of Information Technology Bangalore,ORG,International Institute of Information Technology Bangalore,INTERNATIONAL_INSTITUTE_OF_INFORMATION_TECHNOLOGY_BANGALORE,,
1032,theses,Bengaluru,GPE,Bengaluru,BENGALURU,,
1043,theses,Bangalore,GPE,Bengaluru,BENGALURU,136,145
1043,theses,Department of Data Sciences,DEPARTMENT,Department of Data Sciences,DEPARTMENT_OF_DATA_SCIENCES,,
1043,theses,International Institute of Information Technology Bangalore,ORG,International Institute of Information Technology Bangalore,INTERNATIONAL_INSTITUTE_OF_INFORMATION_TECHNOLOGY_BANGALORE,,
1051,theses,M.S. Ramaiah Institute of Technology,ORG,M S Ramaiah Institute of Technology,M_S_RAMAIAH_INSTITUTE_OF_TECHNOLOGY,,
1051,theses,Bengaluru,GPE,Bengaluru,BENGALURU,,
1052,theses,M.S. Ramaiah Institute of Technology,ORG,M S Ramaiah Institute of Technology,M_S_RAMAIAH_INSTITUTE_OF_TECHNOLOGY,,
1052,theses,Bengaluru,GPE,Bengaluru,BENGALURU,,
1063,theses,M.S. Ramaiah Institute of Technology,ORG,M S Ramaiah Institute of Technology,M_S_RAMAIAH_INSTITUTE_OF_TECHNOLOGY,,
1063,theses,Bengaluru,GPE,Bengaluru,BENGALURU,,
1064,theses,M.S. Ramaiah Institute of Technology,ORG,M S Ramaiah Institute of Technology,M_S_RAMAIAH_INSTITUTE_OF_TECHNOLOGY,,
1064,theses,Bengaluru,GPE,Bengaluru,BENGALURU,,
1065,theses,M.S. Ramaiah Institute of Technology,ORG,M S Ramaiah Institute of Technology,M_S_RAMAIAH_INSTITUTE_OF_TECHNOLOGY,,
1065,theses,Bengaluru,GPE,Bengaluru,BENGALURU,,
1066,theses,M.S. Ramaiah Institute of Technology,ORG,M S Ramaiah Institute of Technology,M_S_RAMAIAH_INSTITUTE_OF_TECHNOLOGY,,
1066,theses,Bengaluru,GPE,Bengaluru,BENGALURU,,
1067,theses,Bengaluru,GPE,Bengaluru,BENGALURU,514,523
1067,theses,Bengaluru,GPE,Bengaluru,BENGALURU,1032,1041
1067,theses,M.S. Ramaiah Institute of Technology,ORG,M S Ramaiah Institute of Technology,M_S_RAMAIAH_INSTITUTE_OF_TECHNOLOGY,,
1068,theses,Department of Computer Science & Engineering,DEPARTMENT,Department of Computer Science & Engineering,DEPARTMENT_OF_COMPUTER_SCIENCE_ENGINEERING,,
1068,theses,PES University,ORG,PES University,PES_UNIVERSITY,,
1068,theses,Bengaluru,GPE,Bengaluru,BENGALURU,,
1071,theses,Faculty of Pharmaceutical Sciences,DEPARTMENT,Faculty of Pharmaceutical Sciences,FACULTY_OF_PHARMACEUTICAL_SCIENCES,,
1071,theses,PES University,ORG,PES University,PES_UNIVERSITY,,
1071,theses,Bengaluru,GPE,Bengaluru,BENGALURU,,
1073,theses,Faculty of Pharmaceutical Sciences,DEPARTMENT,Faculty of Pharmaceutical Sciences,FACULTY_OF_PHARMACEUTICAL_SCIENCES,,
1073,theses,PES University,ORG,PES University,PES_UNIVERSITY,,
1073,theses,Bengaluru,GPE,Bengaluru,BENGALURU,,
1077,theses,Department of Electronics and Communication Engineering,DEPARTMENT,Department of Electronics and Communication Engineering,DEPARTMENT_OF_ELECTRONICS_AND_COMMUNICATION_ENGINEERING,,
1077,theses,PES University,ORG,PES University,PES_UNIVERSITY,,
1077,theses,Bengaluru,GPE,Bengaluru,BENGALURU,,
1087,theses,R V College of Engineering,ORG,R V College of Engineering,R_V_COLLEGE_OF_ENGINEERING,,
1087,theses,Bengaluru,GPE,Bengaluru,BENGALURU,,
1078,theses,Department of Mechanical Engineering,DEPARTMENT,Department of Mechanical Engineering,DEPARTMENT_OF_MECHANICAL_ENGINEERING,,
1078,theses,PES University,ORG,PES University,PES_UNIVERSITY,,
1078,theses,Bengaluru,GPE,Bengaluru,BENGALURU,,
1080,theses,Faculty of Pharmaceutical Sciences,DEPARTMENT,Faculty of Pharmaceutical Sciences,FACULTY_OF_PHARMACEUTICAL_SCIENCES,,
1080,theses,PES University,ORG,PES University,PES_UNIVERSITY,,
1080,theses,Bengaluru,GPE,Bengaluru,BENGALURU,,
1081,theses,Faculty of Pharmaceutical Sciences,DEPARTMENT,Faculty of Pharmaceutical Sciences,FACULTY_OF_PHARMACEUTICAL_SCIENCES,,
1081,theses,PES University,ORG,PES University,PES_UNIVERSITY,,
1081,theses,Bengaluru,GPE,Bengaluru,BENGALURU,,
1082,theses,Faculty of Pharmaceutical Sciences,DEPARTMENT,Faculty of Pharmaceutical Sciences,FACULTY_OF_PHARMACEUTICAL_SCIENCES,,
1082,theses,PES University,ORG,PES University,PES_UNIVERSITY,,
1082,theses,Bengaluru,GPE,Bengaluru,BENGALURU,,
1083,theses,Faculty of Pharmaceutical Sciences,DEPARTMENT,Faculty of Pharmaceutical Sciences,FACULTY_OF_PHARMACEUTICAL_SCIENCES,,
1083,theses,PES University,ORG,PES University,PES_UNIVERSITY,,
1083,theses,Bengaluru,GPE,Bengaluru,BENGALURU,,
1088,theses,R V College of Engineering,ORG,R V College of Engineering,R_V_COLLEGE_OF_ENGINEERING,,
1088,theses,Bengaluru,GPE,Bengaluru,BENGALURU,,
1089,theses,India,GPE,India,INDIA,1983,1988
1089,theses,R V College of Engineering,ORG,R V College of Engineering,R_V_COLLEGE_OF_ENGINEERING,,
1089,theses,Bengaluru,GPE,Bengaluru,BENGALURU,,
1091,theses,R V College of Engineering,ORG,R V College of Engineering,R_V_COLLEGE_OF_ENGINEERING,,
1091,theses,Bengaluru,GPE,Bengaluru,BENGALURU,,
1092,theses,2022,DATE,2022,,585,589
1092,theses,R V College of Engineering,ORG,R V College of Engineering,R_V_COLLEGE_OF_ENGINEERING,,
1092,theses,Bengaluru,GPE,Bengaluru,BENGALURU,,
1095,theses,R V College of Engineering,ORG,R V College of Engineering,R_V_COLLEGE_OF_ENGINEERING,,
1095,theses,Bengaluru,GPE,Bengaluru,BENGALURU,,
1096,theses,R V College of Engineering,ORG,R V College of Engineering,R_V_COLLEGE_OF_ENGINEERING,,
1096,theses,Bengaluru,GPE,Bengaluru,BENGALURU,,
1097,theses,R V College of Engineering,ORG,R V College of Engineering,R_V_COLLEGE_OF_ENGINEERING,,
1097,theses,Bengaluru,GPE,Bengaluru,BENGALURU,,
1098,theses,R V College of Engineering,ORG,R V College of Engineering,R_V_COLLEGE_OF_ENGINEERING,,
1098,theses,Bengaluru,GPE,Bengaluru,BENGALURU,,
1099,theses,R V College of Engineering,ORG,R V College of Engineering,R_V_COLLEGE_OF_ENGINEERING,,
1099,theses,Bengaluru,GPE,Bengaluru,BENGALURU,,
1102,theses,R V College of Engineering,ORG,R V College of Engineering,R_V_COLLEGE_OF_ENGINEERING,,
1102,theses,Bengaluru,GPE,Bengaluru,BENGALURU,,
1103,theses,R V College of Engineering,ORG,R V College of Engineering,R_V_COLLEGE_OF_ENGINEERING,,
1103,theses,Bengaluru,GPE,Bengaluru,BENGALURU,,
1104,theses,R V College of Engineering,ORG,R V College of Engineering,R_V_COLLEGE_OF_ENGINEERING,,
1104,theses,Bengaluru,GPE,Bengaluru,BENGALURU,,
1105,theses,R V College of Engineering,ORG,R V College of Engineering,R_V_COLLEGE_OF_ENGINEERING,,
1105,theses,Bengaluru,GPE,Bengaluru,BENGALURU,,
1108,theses,R V College of Engineering,ORG,R V College of Engineering,R_V_COLLEGE_OF_ENGINEERING,,
1108,theses,Bengaluru,GPE,Bengaluru,BENGALURU,,
1109,theses,india,GPE,India,INDIA,57,62
1109,theses,Bengaluru,GPE,Bengaluru,BENGALURU,893,902
1109,theses,R V College of Engineering,ORG,R V College of Engineering,R_V_COLLEGE_OF_ENGINEERING,,
1110,theses,R V College of Engineering,ORG,R V College of Engineering,R_V_COLLEGE_OF_ENGINEERING,,
1110,theses,Bengaluru,GPE,Bengaluru,BENGALURU,,
1111,theses,R V College of Engineering,ORG,R V College of Engineering,R_V_COLLEGE_OF_ENGINEERING,,
1111,theses,Bengaluru,GPE,Bengaluru,BENGALURU,,
1112,theses,R V College of Engineering,ORG,R V College of Engineering,R_V_COLLEGE_OF_ENGINEERING,,
1112,theses,Bengaluru,GPE,Bengaluru,BENGALURU,,
1114,theses,R V College of Engineering,ORG,R V College of Engineering,R_V_COLLEGE_OF_ENGINEERING,,
1114,theses,Bengaluru,GPE,Bengaluru,BENGALURU,,
1117,theses,R V College of Engineering,ORG,R V College of Engineering,R_V_COLLEGE_OF_ENGINEERING,,
1117,theses,Bengaluru,GPE,Bengaluru,BENGALURU,,
1118,theses,R V College of Engineering,ORG,R V College of Engineering,R_V_COLLEGE_OF_ENGINEERING,,
1118,theses,Bengaluru,GPE,Bengaluru,BENGALURU,,
1119,theses,2025,DATE,2025,,1594,1598
1119,theses,R V College of Engineering,ORG,R V College of Engineering,R_V_COLLEGE_OF_ENGINEERING,,
1119,theses,Bengaluru,GPE,Bengaluru,BENGALURU,,
1069,theses,Department of Electronics and Communication Engineering,DEPARTMENT,Department of Electronics and Communication Engineering,DEPARTMENT_OF_ELECTRONICS_AND_COMMUNICATION_ENGINEERING,,
1069,theses,PES University,ORG,PES University,PES_UNIVERSITY,,
1069,theses,Bengaluru,GPE,Bengaluru,BENGALURU,,
1120,theses,2013,DATE,2013,,721,725
1120,theses,R V College of Engineering,ORG,R V College of Engineering,R_V_COLLEGE_OF_ENGINEERING,,
1120,theses,Bengaluru,GPE,Bengaluru,BENGALURU,,
1123,theses,R V College of Engineering,ORG,R V College of Engineering,R_V_COLLEGE_OF_ENGINEERING,,
1123,theses,Bengaluru,GPE,Bengaluru,BENGALURU,,
1126,theses,India,GPE,India,INDIA,112,117
1126,theses,R V College of Engineering,ORG,R V College of Engineering,R_V_COLLEGE_OF_ENGINEERING,,
1126,theses,Bengaluru,GPE,Bengaluru,BENGALURU,,
1127,theses,R V College of Engineering,ORG,R V College of Engineering,R_V_COLLEGE_OF_ENGINEERING,,
1127,theses,Bengaluru,GPE,Bengaluru,BENGALURU,,
1128,theses,India,GPE,India,INDIA,456,461
1128,theses,India,GPE,India,INDIA,629,634
1128,theses,2017,DATE,2017,,693,697
1128,theses,R V College of Engineering,ORG,R V College of Engineering,R_V_COLLEGE_OF_ENGINEERING,,
1128,theses,Bengaluru,GPE,Bengaluru,BENGALURU,,
1129,theses,R V College of Engineering,ORG,R V College of Engineering,R_V_COLLEGE_OF_ENGINEERING,,
1129,theses,Bengaluru,GPE,Bengaluru,BENGALURU,,
1131,theses,R V College of Engineering,ORG,R V College of Engineering,R_V_COLLEGE_OF_ENGINEERING,,
1131,theses,Bengaluru,GPE,Bengaluru,BENGALURU,,
1132,theses,R V College of Engineering,ORG,R V College of Engineering,R_V_COLLEGE_OF_ENGINEERING,,
1132,theses,Bengaluru,GPE,Bengaluru,BENGALURU,,
1133,theses,R V College of Engineering,ORG,R V College of Engineering,R_V_COLLEGE_OF_ENGINEERING,,
1133,theses,Bengaluru,GPE,Bengaluru,BENGALURU,,
1135,theses,R V College of Engineering,ORG,R V College of Engineering,R_V_COLLEGE_OF_ENGINEERING,,
1135,theses,Bengaluru,GPE,Bengaluru,BENGALURU,,
1136,theses,R V College of Engineering,ORG,R V College of Engineering,R_V_COLLEGE_OF_ENGINEERING,,
1136,theses,Bengaluru,GPE,Bengaluru,BENGALURU,,
1137,theses,R V College of Engineering,ORG,R V College of Engineering,R_V_COLLEGE_OF_ENGINEERING,,
1137,theses,Bengaluru,GPE,Bengaluru,BENGALURU,,
1138,theses,India,GPE,India,INDIA,108,113
1138,theses,India,GPE,India,INDIA,245,250
1138,theses,India,GPE,India,INDIA,480,485
1138,theses,2017,DATE,2017,,489,493
1138,theses,R V College of Engineering,ORG,R V College of Engineering,R_V_COLLEGE_OF_ENGINEERING,,
1138,theses,Bengaluru,GPE,Bengaluru,BENGALURU,,
1139,theses,R V College of Engineering,ORG,R V College of Engineering,R_V_COLLEGE_OF_ENGINEERING,,
1139,theses,Bengaluru,GPE,Bengaluru,BENGALURU,,
1140,theses,R V College of Engineering,ORG,R V College of Engineering,R_V_COLLEGE_OF_ENGINEERING,,
1140,theses,Bengaluru,GPE,Bengaluru,BENGALURU,,
1146,theses,R V College of Engineering,ORG,R V College of Engineering,R_V_COLLEGE_OF_ENGINEERING,,
1146,theses,Bengaluru,GPE,Bengaluru,BENGALURU,,
1141,theses,R V College of Engineering,ORG,R V College of Engineering,R_V_COLLEGE_OF_ENGINEERING,,
1141,theses,Bengaluru,GPE,Bengaluru,BENGALURU,,
1142,theses,1950,DATE,1950,,122,126
1142,theses,R V College of Engineering,ORG,R V College of Engineering,R_V_COLLEGE_OF_ENGINEERING,,
1142,theses,Bengaluru,GPE,Bengaluru,BENGALURU,,
1143,theses,R V College of Engineering,ORG,R V College of Engineering,R_V_COLLEGE_OF_ENGINEERING,,
1143,theses,Bengaluru,GPE,Bengaluru,BENGALURU,,
1152,theses,R V College of Engineering,ORG,R V College of Engineering,R_V_COLLEGE_OF_ENGINEERING,,
1152,theses,Bengaluru,GPE,Bengaluru,BENGALURU,,
1144,theses,R V College of Engineering,ORG,R V College of Engineering,R_V_COLLEGE_OF_ENGINEERING,,
1144,theses,Bengaluru,GPE,Bengaluru,BENGALURU,,
1145,theses,R V College of Engineering,ORG,R V College of Engineering,R_V_COLLEGE_OF_ENGINEERING,,
1145,theses,Bengaluru,GPE,Bengaluru,BENGALURU,,
1147,theses,R V College of Engineering,ORG,R V College of Engineering,R_V_COLLEGE_OF_ENGINEERING,,
1147,theses,Bengaluru,GPE,Bengaluru,BENGALURU,,
1148,theses,R V College of Engineering,ORG,R V College of Engineering,R_V_COLLEGE_OF_ENGINEERING,,
1148,theses,Bengaluru,GPE,Bengaluru,BENGALURU,,
1149,theses,R V College of Engineering,ORG,R V College of Engineering,R_V_COLLEGE_OF_ENGINEERING,,
1149,theses,Bengaluru,GPE,Bengaluru,BENGALURU,,
1150,theses,R V College of Engineering,ORG,R V College of Engineering,R_V_COLLEGE_OF_ENGINEERING,,
1150,theses,Bengaluru,GPE,Bengaluru,BENGALURU,,
1154,theses,R V College of Engineering,ORG,R V College of Engineering,R_V_COLLEGE_OF_ENGINEERING,,
1154,theses,Bengaluru,GPE,Bengaluru,BENGALURU,,
1155,theses,R V College of Engineering,ORG,R V College of Engineering,R_V_COLLEGE_OF_ENGINEERING,,
1155,theses,Bengaluru,GPE,Bengaluru,BENGALURU,,
1156,theses,R V College of Engineering,ORG,R V College of Engineering,R_V_COLLEGE_OF_ENGINEERING,,
1156,theses,Bengaluru,GPE,Bengaluru,BENGALURU,,
1157,theses,R V College of Engineering,ORG,R V College of Engineering,R_V_COLLEGE_OF_ENGINEERING,,
1157,theses,Bengaluru,GPE,Bengaluru,BENGALURU,,
1158,theses,R V College of Engineering,ORG,R V College of Engineering,R_V_COLLEGE_OF_ENGINEERING,,
1158,theses,Bengaluru,GPE,Bengaluru,BENGALURU,,
1159,theses,R V College of Engineering,ORG,R V College of Engineering,R_V_COLLEGE_OF_ENGINEERING,,
1159,theses,Bengaluru,GPE,Bengaluru,BENGALURU,,
1160,theses,R V College of Engineering,ORG,R V College of Engineering,R_V_COLLEGE_OF_ENGINEERING,,
1160,theses,Bengaluru,GPE,Bengaluru,BENGALURU,,
1161,theses,R V College of Engineering,ORG,R V College of Engineering,R_V_COLLEGE_OF_ENGINEERING,,
1161,theses,Bengaluru,GPE,Bengaluru,BENGALURU,,
1162,theses,R V College of Engineering,ORG,R V College of Engineering,R_V_COLLEGE_OF_ENGINEERING,,
1162,theses,Bengaluru,GPE,Bengaluru,BENGALURU,,
1163,theses,R V College of Engineering,ORG,R V College of Engineering,R_V_COLLEGE_OF_ENGINEERING,,
1163,theses,Bengaluru,GPE,Bengaluru,BENGALURU,,
1164,theses,R V College of Engineering,ORG,R V College of Engineering,R_V_COLLEGE_OF_ENGINEERING,,
1164,theses,Bengaluru,GPE,Bengaluru,BENGALURU,,
1166,theses,R V College of Engineering,ORG,R V College of Engineering,R_V_COLLEGE_OF_ENGINEERING,,
1166,theses,Bengaluru,GPE,Bengaluru,BENGALURU,,
1167,theses,R V College of Engineering,ORG,R V College of Engineering,R_V_COLLEGE_OF_ENGINEERING,,
1167,theses,Bengaluru,GPE,Bengaluru,BENGALURU,,
1168,theses,India,GPE,India,INDIA,164,169
1168,theses,R V College of Engineering,ORG,R V College of Engineering,R_V_COLLEGE_OF_ENGINEERING,,
1168,theses,Bengaluru,GPE,Bengaluru,BENGALURU,,
1169,theses,R V College of Engineering,ORG,R V College of Engineering,R_V_COLLEGE_OF_ENGINEERING,,
1169,theses,Bengaluru,GPE,Bengaluru,BENGALURU,,
1170,theses,R V College of Engineering,ORG,R V College of Engineering,R_V_COLLEGE_OF_ENGINEERING,,
1170,theses,Bengaluru,GPE,Bengaluru,BENGALURU,,
1171,theses,R V College of Engineering,ORG,R V College of Engineering,R_V_COLLEGE_OF_ENGINEERING,,
1171,theses,Bengaluru,GPE,Bengaluru,BENGALURU,,
1172,theses,R V College of Engineering,ORG,R V College of Engineering,R_V_COLLEGE_OF_ENGINEERING,,
1172,theses,Bengaluru,GPE,Bengaluru,BENGALURU,,
1173,theses,R V College of Engineering,ORG,R V College of Engineering,R_V_COLLEGE_OF_ENGINEERING,,
1173,theses,Bengaluru,GPE,Bengaluru,BENGALURU,,
1174,theses,R V College of Engineering,ORG,R V College of Engineering,R_V_COLLEGE_OF_ENGINEERING,,
1174,theses,Bengaluru,GPE,Bengaluru,BENGALURU,,
1175,theses,R V College of Engineering,ORG,R V College of Engineering,R_V_COLLEGE_OF_ENGINEERING,,
1175,theses,Bengaluru,GPE,Bengaluru,BENGALURU,,
1178,theses,R V College of Engineering,ORG,R V College of Engineering,R_V_COLLEGE_OF_ENGINEERING,,
1178,theses,Bengaluru,GPE,Bengaluru,BENGALURU,,
1181,theses,R V College of Engineering,ORG,R V College of Engineering,R_V_COLLEGE_OF_ENGINEERING,,
1181,theses,Bengaluru,GPE,Bengaluru,BENGALURU,,
1182,theses,R V College of Engineering,ORG,R V College of Engineering,R_V_COLLEGE_OF_ENGINEERING,,
1182,theses,Bengaluru,GPE,Bengaluru,BENGALURU,,
1184,theses,R V College of Engineering,ORG,R V College of Engineering,R_V_COLLEGE_OF_ENGINEERING,,
1184,theses,Bengaluru,GPE,Bengaluru,BENGALURU,,
1186,theses,R V College of Engineering,ORG,R V College of Engineering,R_V_COLLEGE_OF_ENGINEERING,,
1186,theses,Bengaluru,GPE,Bengaluru,BENGALURU,,
1187,theses,R V College of Engineering,ORG,R V College of Engineering,R_V_COLLEGE_OF_ENGINEERING,,
1187,theses,Bengaluru,GPE,Bengaluru,BENGALURU,,
1188,theses,R V College of Engineering,ORG,R V College of Engineering,R_V_COLLEGE_OF_ENGINEERING,,
1188,theses,Bengaluru,GPE,Bengaluru,BENGALURU,,
1189,theses,R V College of Engineering,ORG,R V College of Engineering,R_V_COLLEGE_OF_ENGINEERING,,
1189,theses,Bengaluru,GPE,Bengaluru,BENGALURU,,
1190,theses,R V College of Engineering,ORG,R V College of Engineering,R_V_COLLEGE_OF_ENGINEERING,,
1190,theses,Bengaluru,GPE,Bengaluru,BENGALURU,,
1191,theses,R V College of Engineering,ORG,R V College of Engineering,R_V_COLLEGE_OF_ENGINEERING,,
1191,theses,Bengaluru,GPE,Bengaluru,BENGALURU,,
1192,theses,R V College of Engineering,ORG,R V College of Engineering,R_V_COLLEGE_OF_ENGINEERING,,
1192,theses,Bengaluru,GPE,Bengaluru,BENGALURU,,
1193,theses,2020,DATE,2020,,942,946
1193,theses,2021,DATE,2021,,1005,1009
1193,theses,2026,DATE,2026,,1013,1017
1193,theses,R V College of Engineering,ORG,R V College of Engineering,R_V_COLLEGE_OF_ENGINEERING,,
1193,theses,Bengaluru,GPE,Bengaluru,BENGALURU,,
1194,theses,R V College of Engineering,ORG,R V College of Engineering,R_V_COLLEGE_OF_ENGINEERING,,
1194,theses,Bengaluru,GPE,Bengaluru,BENGALURU,,
1196,theses,R V College of Engineering,ORG,R V College of Engineering,R_V_COLLEGE_OF_ENGINEERING,,
1196,theses,Bengaluru,GPE,Bengaluru,BENGALURU,,
1197,theses,R V College of Engineering,ORG,R V College of Engineering,R_V_COLLEGE_OF_ENGINEERING,,
1197,theses,Bengaluru,GPE,Bengaluru,BENGALURU,,
1198,theses,R V College of Engineering,ORG,R V College of Engineering,R_V_COLLEGE_OF_ENGINEERING,,
1198,theses,Bengaluru,GPE,Bengaluru,BENGALURU,,
1199,theses,India,GPE,India,INDIA,356,361
1199,theses,R V College of Engineering,ORG,R V College of Engineering,R_V_COLLEGE_OF_ENGINEERING,,
1199,theses,Bengaluru,GPE,Bengaluru,BENGALURU,,
1200,theses,R V College of Engineering,ORG,R V College of Engineering,R_V_COLLEGE_OF_ENGINEERING,,
1200,theses,Bengaluru,GPE,Bengaluru,BENGALURU,,
1203,theses,R V College of Engineering,ORG,R V College of Engineering,R_V_COLLEGE_OF_ENGINEERING,,
1203,theses,Bengaluru,GPE,Bengaluru,BENGALURU,,
1204,theses,India,GPE,India,INDIA,1418,1423
1204,theses,India,GPE,India,INDIA,1577,1582
1204,theses,R V College of Engineering,ORG,R V College of Engineering,R_V_COLLEGE_OF_ENGINEERING,,
1204,theses,Bengaluru,GPE,Bengaluru,BENGALURU,,
1205,theses,R V College of Engineering,ORG,R V College of Engineering,R_V_COLLEGE_OF_ENGINEERING,,
1205,theses,Bengaluru,GPE,Bengaluru,BENGALURU,,
1206,theses,R V College of Engineering,ORG,R V College of Engineering,R_V_COLLEGE_OF_ENGINEERING,,
1206,theses,Bengaluru,GPE,Bengaluru,BENGALURU,,
1207,theses,R V College of Engineering,ORG,R V College of Engineering,R_V_COLLEGE_OF_ENGINEERING,,
1207,theses,Bengaluru,GPE,Bengaluru,BENGALURU,,
1208,theses,R V College of Engineering,ORG,R V College of Engineering,R_V_COLLEGE_OF_ENGINEERING,,
1208,theses,Bengaluru,GPE,Bengaluru,BENGALURU,,
1209,theses,R V College of Engineering,ORG,R V College of Engineering,R_V_COLLEGE_OF_ENGINEERING,,
1209,theses,Bengaluru,GPE,Bengaluru,BENGALURU,,
1210,theses,R V College of Engineering,ORG,R V College of Engineering,R_V_COLLEGE_OF_ENGINEERING,,
1210,theses,Bengaluru,GPE,Bengaluru,BENGALURU,,
1211,theses,R V College of Engineering,ORG,R V College of Engineering,R_V_COLLEGE_OF_ENGINEERING,,
1211,theses,Bengaluru,GPE,Bengaluru,BENGALURU,,
1213,theses,R V College of Engineering,ORG,R V College of Engineering,R_V_COLLEGE_OF_ENGINEERING,,
1213,theses,Bengaluru,GPE,Bengaluru,BENGALURU,,
1214,theses,R V College of Engineering,ORG,R V College of Engineering,R_V_COLLEGE_OF_ENGINEERING,,
1214,theses,Bengaluru,GPE,Bengaluru,BENGALURU,,
1215,theses,R V College of Engineering,ORG,R V College of Engineering,R_V_COLLEGE_OF_ENGINEERING,,
1215,theses,Bengaluru,GPE,Bengaluru,BENGALURU,,
1216,theses,R V College of Engineering,ORG,R V College of Engineering,R_V_COLLEGE_OF_ENGINEERING,,
1216,theses,Bengaluru,GPE,Bengaluru,BENGALURU,,
1217,theses,R V College of Engineering,ORG,R V College of Engineering,R_V_COLLEGE_OF_ENGINEERING,,
1217,theses,Bengaluru,GPE,Bengaluru,BENGALURU,,
1218,theses,R V College of Engineering,ORG,R V College of Engineering,R_V_COLLEGE_OF_ENGINEERING,,
1218,theses,Bengaluru,GPE,Bengaluru,BENGALURU,,
1219,theses,R V College of Engineering,ORG,R V College of Engineering,R_V_COLLEGE_OF_ENGINEERING,,
1219,theses,Bengaluru,GPE,Bengaluru,BENGALURU,,
1085,theses,Department of Mechanical Engineering,DEPARTMENT,Department of Mechanical Engineering,DEPARTMENT_OF_MECHANICAL_ENGINEERING,,
1085,theses,PES University,ORG,PES University,PES_UNIVERSITY,,
1085,theses,Bengaluru,GPE,Bengaluru,BENGALURU,,
1220,theses,R V College of Engineering,ORG,R V College of Engineering,R_V_COLLEGE_OF_ENGINEERING,,
1220,theses,Bengaluru,GPE,Bengaluru,BENGALURU,,
1221,theses,India,GPE,India,INDIA,356,361
1221,theses,India,GPE,India,INDIA,2311,2316
1221,theses,R V College of Engineering,ORG,R V College of Engineering,R_V_COLLEGE_OF_ENGINEERING,,
1221,theses,Bengaluru,GPE,Bengaluru,BENGALURU,,
1222,theses,RVCE Bangalore,ORG,R V College of Engineering,R_V_COLLEGE_OF_ENGINEERING,273,287
1222,theses,RVCE,ORG,R V College of Engineering,R_V_COLLEGE_OF_ENGINEERING,1057,1061
1222,theses,RVCE Bangalore,ORG,R V College of Engineering,R_V_COLLEGE_OF_ENGINEERING,1345,1359
1222,theses,RVCE Bangalore,ORG,R V College of Engineering,R_V_COLLEGE_OF_ENGINEERING,1471,1485
1222,theses,RVCE Bangalore,ORG,R V College of Engineering,R_V_COLLEGE_OF_ENGINEERING,1660,1674
1222,theses,Bengaluru,GPE,Bengaluru,BENGALURU,,
1223,theses,R V College of Engineering,ORG,R V College of Engineering,R_V_COLLEGE_OF_ENGINEERING,,
1223,theses,Bengaluru,GPE,Bengaluru,BENGALURU,,
1224,theses,R V College of Engineering,ORG,R V College of Engineering,R_V_COLLEGE_OF_ENGINEERING,,
1224,theses,Bengaluru,GPE,Bengaluru,BENGALURU,,
1226,theses,R V College of Engineering,ORG,R V College of Engineering,R_V_COLLEGE_OF_ENGINEERING,,
1226,theses,Bengaluru,GPE,Bengaluru,BENGALURU,,
1227,theses,R V College of Engineering,ORG,R V College of Engineering,R_V_COLLEGE_OF_ENGINEERING,,
1227,theses,Bengaluru,GPE,Bengaluru,BENGALURU,,
1228,theses,R V College of Engineering,ORG,R V College of Engineering,R_V_COLLEGE_OF_ENGINEERING,,
1228,theses,Bengaluru,GPE,Bengaluru,BENGALURU,,
1229,theses,R V College of Engineering,ORG,R V College of Engineering,R_V_COLLEGE_OF_ENGINEERING,,
1229,theses,Bengaluru,GPE,Bengaluru,BENGALURU,,
1230,theses,R V College of Engineering,ORG,R V College of Engineering,R_V_COLLEGE_OF_ENGINEERING,,
1230,theses,Bengaluru,GPE,Bengaluru,BENGALURU,,
1231,theses,R V College of Engineering,ORG,R V College of Engineering,R_V_COLLEGE_OF_ENGINEERING,,
1231,theses,Bengaluru,GPE,Bengaluru,BENGALURU,,
1070,theses,Faculty of Pharmaceutical Sciences,DEPARTMENT,Faculty of Pharmaceutical Sciences,FACULTY_OF_PHARMACEUTICAL_SCIENCES,,
1070,theses,PES University,ORG,PES University,PES_UNIVERSITY,,
1070,theses,Bengaluru,GPE,Bengaluru,BENGALURU,,
1090,theses,R V College of Engineering,ORG,R V College of Engineering,R_V_COLLEGE_OF_ENGINEERING,,
1090,theses,Bengaluru,GPE,Bengaluru,BENGALURU,,
1093,theses,R V College of Engineering,ORG,R V College of Engineering,R_V_COLLEGE_OF_ENGINEERING,,
1093,theses,Bengaluru,GPE,Bengaluru,BENGALURU,,
1094,theses,R V College of Engineering,ORG,R V College of Engineering,R_V_COLLEGE_OF_ENGINEERING,,
1094,theses,Bengaluru,GPE,Bengaluru,BENGALURU,,
1106,theses,R V College of Engineering,ORG,R V College of Engineering,R_V_COLLEGE_OF_ENGINEERING,,
1106,theses,Bengaluru,GPE,Bengaluru,BENGALURU,,
1116,theses,R V College of Engineering,ORG,R V College of Engineering,R_V_COLLEGE_OF_ENGINEERING,,
1116,theses,Bengaluru,GPE,Bengaluru,BENGALURU,,
1130,theses,India,GPE,India,INDIA,456,461
1130,theses,R V College of Engineering,ORG,R V College of Engineering,R_V_COLLEGE_OF_ENGINEERING,,
1130,theses,Bengaluru,GPE,Bengaluru,BENGALURU,,
1134,theses,Bengaluru,GPE,Bengaluru,BENGALURU,493,502
1134,theses,R V College of Engineering,ORG,R V College of Engineering,R_V_COLLEGE_OF_ENGINEERING,,
1185,theses,R V College of Engineering,ORG,R V College of Engineering,R_V_COLLEGE_OF_ENGINEERING,,
1185,theses,Bengaluru,GPE,Bengaluru,BENGALURU,,
1212,theses,R V College of Engineering,ORG,R V College of Engineering,R_V_COLLEGE_OF_ENGINEERING,,
1212,theses,Bengaluru,GPE,Bengaluru,BENGALURU,,
1225,theses,R V College of Engineering,ORG,R V College of Engineering,R_V_COLLEGE_OF_ENGINEERING,,
1225,theses,Bengaluru,GPE,Bengaluru,BENGALURU,,
1232,theses,R V College of Engineering,ORG,R V College of Engineering,R_V_COLLEGE_OF_ENGINEERING,,
1232,theses,Bengaluru,GPE,Bengaluru,BENGALURU,,
1233,theses,R V College of Engineering,ORG,R V College of Engineering,R_V_COLLEGE_OF_ENGINEERING,,
1233,theses,Bengaluru,GPE,Bengaluru,BENGALURU,,
1241,theses,R V College of Engineering,ORG,R V College of Engineering,R_V_COLLEGE_OF_ENGINEERING,,
1241,theses,Bengaluru,GPE,Bengaluru,BENGALURU,,
1242,theses,R V College of Engineering,ORG,R V College of Engineering,R_V_COLLEGE_OF_ENGINEERING,,
1242,theses,Bengaluru,GPE,Bengaluru,BENGALURU,,
1243,theses,R V College of Engineering,ORG,R V College of Engineering,R_V_COLLEGE_OF_ENGINEERING,,
1243,theses,Bengaluru,GPE,Bengaluru,BENGALURU,,
1244,theses,R V College of Engineering,ORG,R V College of Engineering,R_V_COLLEGE_OF_ENGINEERING,,
1244,theses,Bengaluru,GPE,Bengaluru,BENGALURU,,
1245,theses,R V College of Engineering,ORG,R V College of Engineering,R_V_COLLEGE_OF_ENGINEERING,,
1245,theses,Bengaluru,GPE,Bengaluru,BENGALURU,,
