record_id,source_table,entity_text,entity_label,canonical_name,entity_id,start_char,end_char
79,grants,ECE,DEPARTMENT,ECE,,,
79,grants,Indian Institute of Science Bangalore,ORG,Indian Institute of Science Bangalore,INDIAN_INSTITUTE_OF_SCIENCE_BANGALORE,,
79,grants,Bengaluru,GPE,Bengaluru,BENGALURU,,
79,grants,ANRF,FUNDING_AGENCY,ANRF,ANRF,,
9,grants,ME,DEPARTMENT,ME,,,
9,grants,Indian Institute of Science Bangalore,ORG,Indian Institute of Science Bangalore,INDIAN_INSTITUTE_OF_SCIENCE_BANGALORE,,
9,grants,Bengaluru,GPE,Bengaluru,BENGALURU,,
9,grants,ANRF,FUNDING_AGENCY,ANRF,ANRF,,
155,grants,CSE,DEPARTMENT,CSE,,,
155,grants,M.S. Ramaiah Institute of Technology,ORG,M S Ramaiah Institute of Technology,M_S_RAMAIAH_INSTITUTE_OF_TECHNOLOGY,,
155,grants,Bengaluru,GPE,Bengaluru,BENGALURU,,
10,grants,ME,DEPARTMENT,ME,,,
10,grants,Indian Institute of Science Bangalore,ORG,Indian Institute of Science Bangalore,INDIAN_INSTITUTE_OF_SCIENCE_BANGALORE,,
10,grants,Bengaluru,GPE,Bengaluru,BENGALURU,,
10,grants,ANRF,FUNDING_AGENCY,ANRF,ANRF,,
12,grants,ECE,DEPARTMENT,ECE,,,
12,grants,Indian Institute of Science Bangalore,ORG,Indian Institute of Science Bangalore,INDIAN_INSTITUTE_OF_SCIENCE_BANGALORE,,
12,grants,Bengaluru,GPE,Bengaluru,BENGALURU,,
12,grants,ANRF,FUNDING_AGENCY,ANRF,ANRF,,
13,grants,CSA,DEPARTMENT,CSA,,,
13,grants,Indian Institute of Science Bangalore,ORG,Indian Institute of Science Bangalore,INDIAN_INSTITUTE_OF_SCIENCE_BANGALORE,,
13,grants,Bengaluru,GPE,Bengaluru,BENGALURU,,
13,grants,ANRF,FUNDING_AGENCY,ANRF,ANRF,,
14,grants,CE,DEPARTMENT,CE,,,
14,grants,Indian Institute of Science Bangalore,ORG,Indian Institute of Science Bangalore,INDIAN_INSTITUTE_OF_SCIENCE_BANGALORE,,
14,grants,Bengaluru,GPE,Bengaluru,BENGALURU,,
14,grants,ANRF,FUNDING_AGENCY,ANRF,ANRF,,
245,grants,EEE,DEPARTMENT,EEE,,,
245,grants,CMR Institute of Technology,ORG,CMR Institute of Technology,CMR_INSTITUTE_OF_TECHNOLOGY,,
245,grants,Bengaluru,GPE,Bengaluru,BENGALURU,,
245,grants,"ATAL FDP, AICTE",FUNDING_AGENCY,"ATAL FDP, AICTE",ATAL_FDP_AICTE,,
8,grants,ECE,DEPARTMENT,ECE,,,
8,grants,Indian Institute of Science Bangalore,ORG,Indian Institute of Science Bangalore,INDIAN_INSTITUTE_OF_SCIENCE_BANGALORE,,
8,grants,Bengaluru,GPE,Bengaluru,BENGALURU,,
8,grants,ANRF,FUNDING_AGENCY,ANRF,ANRF,,
317,grants,ECE,DEPARTMENT,ECE,,,
317,grants,CMR Institute of Technology,ORG,CMR Institute of Technology,CMR_INSTITUTE_OF_TECHNOLOGY,,
317,grants,Bengaluru,GPE,Bengaluru,BENGALURU,,
317,grants,UBA,FUNDING_AGENCY,UBA,UBA,,
15,grants,CE,DEPARTMENT,CE,,,
15,grants,Indian Institute of Science Bangalore,ORG,Indian Institute of Science Bangalore,INDIAN_INSTITUTE_OF_SCIENCE_BANGALORE,,
15,grants,Bengaluru,GPE,Bengaluru,BENGALURU,,
15,grants,ANRF,FUNDING_AGENCY,ANRF,ANRF,,
11,grants,CE,DEPARTMENT,CE,,,
11,grants,Indian Institute of Science Bangalore,ORG,Indian Institute of Science Bangalore,INDIAN_INSTITUTE_OF_SCIENCE_BANGALORE,,
11,grants,Bengaluru,GPE,Bengaluru,BENGALURU,,
11,grants,ANRF,FUNDING_AGENCY,ANRF,ANRF,,
1,grants,ME,DEPARTMENT,ME,,,
1,grants,Indian Institute of Science Bangalore,ORG,Indian Institute of Science Bangalore,INDIAN_INSTITUTE_OF_SCIENCE_BANGALORE,,
1,grants,Bengaluru,GPE,Bengaluru,BENGALURU,,
1,grants,ANRF,FUNDING_AGENCY,ANRF,ANRF,,
2,grants,EE,DEPARTMENT,EE,,,
2,grants,Indian Institute of Science Bangalore,ORG,Indian Institute of Science Bangalore,INDIAN_INSTITUTE_OF_SCIENCE_BANGALORE,,
2,grants,Bengaluru,GPE,Bengaluru,BENGALURU,,
2,grants,ANRF,FUNDING_AGENCY,ANRF,ANRF,,
3,grants,CSA,DEPARTMENT,CSA,,,
3,grants,Indian Institute of Science Bangalore,ORG,Indian Institute of Science Bangalore,INDIAN_INSTITUTE_OF_SCIENCE_BANGALORE,,
3,grants,Bengaluru,GPE,Bengaluru,BENGALURU,,
3,grants,ANRF,FUNDING_AGENCY,ANRF,ANRF,,
4,grants,EE,DEPARTMENT,EE,,,
4,grants,Indian Institute of Science Bangalore,ORG,Indian Institute of Science Bangalore,INDIAN_INSTITUTE_OF_SCIENCE_BANGALORE,,
4,grants,Bengaluru,GPE,Bengaluru,BENGALURU,,
4,grants,ANRF,FUNDING_AGENCY,ANRF,ANRF,,
5,grants,ECE,DEPARTMENT,ECE,,,
5,grants,Indian Institute of Science Bangalore,ORG,Indian Institute of Science Bangalore,INDIAN_INSTITUTE_OF_SCIENCE_BANGALORE,,
5,grants,Bengaluru,GPE,Bengaluru,BENGALURU,,
5,grants,ANRF,FUNDING_AGENCY,ANRF,ANRF,,
6,grants,CSE,DEPARTMENT,CSE,,,
6,grants,International Institute of Information Technology Bangalore,ORG,International Institute of Information Technology Bangalore,INTERNATIONAL_INSTITUTE_OF_INFORMATION_TECHNOLOGY_BANGALORE,,
6,grants,Bengaluru,GPE,Bengaluru,BENGALURU,,
6,grants,ANRF,FUNDING_AGENCY,ANRF,ANRF,,
7,grants,ME,DEPARTMENT,ME,,,
7,grants,Indian Institute of Science Bangalore,ORG,Indian Institute of Science Bangalore,INDIAN_INSTITUTE_OF_SCIENCE_BANGALORE,,
7,grants,Bengaluru,GPE,Bengaluru,BENGALURU,,
7,grants,ANRF,FUNDING_AGENCY,ANRF,ANRF,,
16,grants,ECE,DEPARTMENT,ECE,,,
16,grants,International Institute of Information Technology Bangalore,ORG,International Institute of Information Technology Bangalore,INTERNATIONAL_INSTITUTE_OF_INFORMATION_TECHNOLOGY_BANGALORE,,
16,grants,Bengaluru,GPE,Bengaluru,BENGALURU,,
16,grants,ANRF,FUNDING_AGENCY,ANRF,ANRF,,
17,grants,ME,DEPARTMENT,ME,,,
17,grants,Indian Institute of Science Bangalore,ORG,Indian Institute of Science Bangalore,INDIAN_INSTITUTE_OF_SCIENCE_BANGALORE,,
17,grants,Bengaluru,GPE,Bengaluru,BENGALURU,,
17,grants,ANRF,FUNDING_AGENCY,ANRF,ANRF,,
18,grants,EE,DEPARTMENT,EE,,,
18,grants,Indian Institute of Science Bangalore,ORG,Indian Institute of Science Bangalore,INDIAN_INSTITUTE_OF_SCIENCE_BANGALORE,,
18,grants,Bengaluru,GPE,Bengaluru,BENGALURU,,
18,grants,ANRF,FUNDING_AGENCY,ANRF,ANRF,,
19,grants,ECE,DEPARTMENT,ECE,,,
19,grants,International Institute of Information Technology Bangalore,ORG,International Institute of Information Technology Bangalore,INTERNATIONAL_INSTITUTE_OF_INFORMATION_TECHNOLOGY_BANGALORE,,
19,grants,Bengaluru,GPE,Bengaluru,BENGALURU,,
19,grants,ANRF,FUNDING_AGENCY,ANRF,ANRF,,
20,grants,EE,DEPARTMENT,EE,,,
20,grants,Indian Institute of Science Bangalore,ORG,Indian Institute of Science Bangalore,INDIAN_INSTITUTE_OF_SCIENCE_BANGALORE,,
20,grants,Bengaluru,GPE,Bengaluru,BENGALURU,,
20,grants,ANRF,FUNDING_AGENCY,ANRF,ANRF,,
21,grants,ECE,DEPARTMENT,ECE,,,
21,grants,Indian Institute of Science Bangalore,ORG,Indian Institute of Science Bangalore,INDIAN_INSTITUTE_OF_SCIENCE_BANGALORE,,
21,grants,Bengaluru,GPE,Bengaluru,BENGALURU,,
21,grants,ANRF,FUNDING_AGENCY,ANRF,ANRF,,
22,grants,CE,DEPARTMENT,CE,,,
22,grants,Indian Institute of Science Bangalore,ORG,Indian Institute of Science Bangalore,INDIAN_INSTITUTE_OF_SCIENCE_BANGALORE,,
22,grants,Bengaluru,GPE,Bengaluru,BENGALURU,,
22,grants,ANRF,FUNDING_AGENCY,ANRF,ANRF,,
23,grants,ECE,DEPARTMENT,ECE,,,
23,grants,International Institute of Information Technology Bangalore,ORG,International Institute of Information Technology Bangalore,INTERNATIONAL_INSTITUTE_OF_INFORMATION_TECHNOLOGY_BANGALORE,,
23,grants,Bengaluru,GPE,Bengaluru,BENGALURU,,
23,grants,ANRF,FUNDING_AGENCY,ANRF,ANRF,,
24,grants,Math,DEPARTMENT,Math,,,
24,grants,Indian Institute of Science Bangalore,ORG,Indian Institute of Science Bangalore,INDIAN_INSTITUTE_OF_SCIENCE_BANGALORE,,
24,grants,Bengaluru,GPE,Bengaluru,BENGALURU,,
24,grants,ANRF,FUNDING_AGENCY,ANRF,ANRF,,
25,grants,ECE,DEPARTMENT,ECE,,,
25,grants,Indian Institute of Science Bangalore,ORG,Indian Institute of Science Bangalore,INDIAN_INSTITUTE_OF_SCIENCE_BANGALORE,,
25,grants,Bengaluru,GPE,Bengaluru,BENGALURU,,
25,grants,ANRF,FUNDING_AGENCY,ANRF,ANRF,,
26,grants,Math,DEPARTMENT,Math,,,
26,grants,Indian Institute of Science Bangalore,ORG,Indian Institute of Science Bangalore,INDIAN_INSTITUTE_OF_SCIENCE_BANGALORE,,
26,grants,Bengaluru,GPE,Bengaluru,BENGALURU,,
26,grants,ANRF,FUNDING_AGENCY,ANRF,ANRF,,
27,grants,Math,DEPARTMENT,Math,,,
27,grants,Indian Institute of Science Bangalore,ORG,Indian Institute of Science Bangalore,INDIAN_INSTITUTE_OF_SCIENCE_BANGALORE,,
27,grants,Bengaluru,GPE,Bengaluru,BENGALURU,,
27,grants,ANRF,FUNDING_AGENCY,ANRF,ANRF,,
28,grants,ECE,DEPARTMENT,ECE,,,
28,grants,B.M.S. College of Engineering,ORG,B.M.S. College of Engineering,BMS_COLLEGE_OF_ENGINEERING,,
28,grants,Bengaluru,GPE,Bengaluru,BENGALURU,,
28,grants,ANRF,FUNDING_AGENCY,ANRF,ANRF,,
29,grants,CES,DEPARTMENT,CES,,,
29,grants,Indian Institute of Science Bangalore,ORG,Indian Institute of Science Bangalore,INDIAN_INSTITUTE_OF_SCIENCE_BANGALORE,,
29,grants,Bengaluru,GPE,Bengaluru,BENGALURU,,
29,grants,ANRF,FUNDING_AGENCY,ANRF,ANRF,,
30,grants,CES,DEPARTMENT,CES,,,
30,grants,Indian Institute of Science Bangalore,ORG,Indian Institute of Science Bangalore,INDIAN_INSTITUTE_OF_SCIENCE_BANGALORE,,
30,grants,Bengaluru,GPE,Bengaluru,BENGALURU,,
30,grants,ANRF,FUNDING_AGENCY,ANRF,ANRF,,
31,grants,Physics,DEPARTMENT,Physics,,,
31,grants,Indian Institute of Science Bangalore,ORG,Indian Institute of Science Bangalore,INDIAN_INSTITUTE_OF_SCIENCE_BANGALORE,,
31,grants,Bengaluru,GPE,Bengaluru,BENGALURU,,
31,grants,ANRF,FUNDING_AGENCY,ANRF,ANRF,,
32,grants,ECE,DEPARTMENT,ECE,,,
32,grants,R V College of Engineering,ORG,R V College of Engineering,R_V_COLLEGE_OF_ENGINEERING,,
32,grants,Bengaluru,GPE,Bengaluru,BENGALURU,,
32,grants,ANRF,FUNDING_AGENCY,ANRF,ANRF,,
33,grants,CE,DEPARTMENT,CE,,,
33,grants,Indian Institute of Science Bangalore,ORG,Indian Institute of Science Bangalore,INDIAN_INSTITUTE_OF_SCIENCE_BANGALORE,,
33,grants,Bengaluru,GPE,Bengaluru,BENGALURU,,
33,grants,ANRF,FUNDING_AGENCY,ANRF,ANRF,,
34,grants,CES,DEPARTMENT,CES,,,
34,grants,Indian Institute of Science Bangalore,ORG,Indian Institute of Science Bangalore,INDIAN_INSTITUTE_OF_SCIENCE_BANGALORE,,
34,grants,Bengaluru,GPE,Bengaluru,BENGALURU,,
34,grants,ANRF,FUNDING_AGENCY,ANRF,ANRF,,
35,grants,CE,DEPARTMENT,CE,,,
35,grants,Indian Institute of Science Bangalore,ORG,Indian Institute of Science Bangalore,INDIAN_INSTITUTE_OF_SCIENCE_BANGALORE,,
35,grants,Bengaluru,GPE,Bengaluru,BENGALURU,,
35,grants,ANRF,FUNDING_AGENCY,ANRF,ANRF,,
36,grants,CSE,DEPARTMENT,CSE,,,
36,grants,International Institute of Information Technology Bangalore,ORG,International Institute of Information Technology Bangalore,INTERNATIONAL_INSTITUTE_OF_INFORMATION_TECHNOLOGY_BANGALORE,,
36,grants,Bengaluru,GPE,Bengaluru,BENGALURU,,
36,grants,ANRF,FUNDING_AGENCY,ANRF,ANRF,,
37,grants,CE,DEPARTMENT,CE,,,
37,grants,Indian Institute of Science Bangalore,ORG,Indian Institute of Science Bangalore,INDIAN_INSTITUTE_OF_SCIENCE_BANGALORE,,
37,grants,Bengaluru,GPE,Bengaluru,BENGALURU,,
37,grants,ANRF,FUNDING_AGENCY,ANRF,ANRF,,
38,grants,CSA,DEPARTMENT,CSA,,,
38,grants,Indian Institute of Science Bangalore,ORG,Indian Institute of Science Bangalore,INDIAN_INSTITUTE_OF_SCIENCE_BANGALORE,,
38,grants,Bengaluru,GPE,Bengaluru,BENGALURU,,
38,grants,ANRF,FUNDING_AGENCY,ANRF,ANRF,,
39,grants,Physics,DEPARTMENT,Physics,,,
39,grants,M.S. Ramaiah Institute of Technology,ORG,M S Ramaiah Institute of Technology,M_S_RAMAIAH_INSTITUTE_OF_TECHNOLOGY,,
39,grants,Bengaluru,GPE,Bengaluru,BENGALURU,,
39,grants,ANRF,FUNDING_AGENCY,ANRF,ANRF,,
40,grants,Indian Institute of Science Bangalore,ORG,Indian Institute of Science Bangalore,INDIAN_INSTITUTE_OF_SCIENCE_BANGALORE,,
40,grants,Bengaluru,GPE,Bengaluru,BENGALURU,,
40,grants,ANRF,FUNDING_AGENCY,ANRF,ANRF,,
41,grants,CE,DEPARTMENT,CE,,,
41,grants,Indian Institute of Science Bangalore,ORG,Indian Institute of Science Bangalore,INDIAN_INSTITUTE_OF_SCIENCE_BANGALORE,,
41,grants,Bengaluru,GPE,Bengaluru,BENGALURU,,
41,grants,ANRF,FUNDING_AGENCY,ANRF,ANRF,,
42,grants,ME,DEPARTMENT,ME,,,
42,grants,Indian Institute of Science Bangalore,ORG,Indian Institute of Science Bangalore,INDIAN_INSTITUTE_OF_SCIENCE_BANGALORE,,
42,grants,Bengaluru,GPE,Bengaluru,BENGALURU,,
42,grants,ANRF,FUNDING_AGENCY,ANRF,ANRF,,
43,grants,ME,DEPARTMENT,ME,,,
43,grants,Indian Institute of Science Bangalore,ORG,Indian Institute of Science Bangalore,INDIAN_INSTITUTE_OF_SCIENCE_BANGALORE,,
43,grants,Bengaluru,GPE,Bengaluru,BENGALURU,,
43,grants,ANRF,FUNDING_AGENCY,ANRF,ANRF,,
44,grants,Physics,DEPARTMENT,Physics,,,
44,grants,Indian Institute of Science Bangalore,ORG,Indian Institute of Science Bangalore,INDIAN_INSTITUTE_OF_SCIENCE_BANGALORE,,
44,grants,Bengaluru,GPE,Bengaluru,BENGALURU,,
44,grants,ANRF,FUNDING_AGENCY,ANRF,ANRF,,
45,grants,ECE,DEPARTMENT,ECE,,,
45,grants,Indian Institute of Science Bangalore,ORG,Indian Institute of Science Bangalore,INDIAN_INSTITUTE_OF_SCIENCE_BANGALORE,,
45,grants,Bengaluru,GPE,Bengaluru,BENGALURU,,
45,grants,ANRF,FUNDING_AGENCY,ANRF,ANRF,,
46,grants,ECE,DEPARTMENT,ECE,,,
46,grants,Indian Institute of Science Bangalore,ORG,Indian Institute of Science Bangalore,INDIAN_INSTITUTE_OF_SCIENCE_BANGALORE,,
46,grants,Bengaluru,GPE,Bengaluru,BENGALURU,,
46,grants,ANRF,FUNDING_AGENCY,ANRF,ANRF,,
47,grants,EE,DEPARTMENT,EE,,,
47,grants,Indian Institute of Science Bangalore,ORG,Indian Institute of Science Bangalore,INDIAN_INSTITUTE_OF_SCIENCE_BANGALORE,,
47,grants,Bengaluru,GPE,Bengaluru,BENGALURU,,
47,grants,ANRF,FUNDING_AGENCY,ANRF,ANRF,,
48,grants,ME,DEPARTMENT,ME,,,
48,grants,Indian Institute of Science Bangalore,ORG,Indian Institute of Science Bangalore,INDIAN_INSTITUTE_OF_SCIENCE_BANGALORE,,
48,grants,Bengaluru,GPE,Bengaluru,BENGALURU,,
48,grants,ANRF,FUNDING_AGENCY,ANRF,ANRF,,
49,grants,ME,DEPARTMENT,ME,,,
49,grants,Indian Institute of Science Bangalore,ORG,Indian Institute of Science Bangalore,INDIAN_INSTITUTE_OF_SCIENCE_BANGALORE,,
49,grants,Bengaluru,GPE,Bengaluru,BENGALURU,,
49,grants,ANRF,FUNDING_AGENCY,ANRF,ANRF,,
50,grants,EE,DEPARTMENT,EE,,,
50,grants,Indian Institute of Science Bangalore,ORG,Indian Institute of Science Bangalore,INDIAN_INSTITUTE_OF_SCIENCE_BANGALORE,,
50,grants,Bengaluru,GPE,Bengaluru,BENGALURU,,
50,grants,ANRF,FUNDING_AGENCY,ANRF,ANRF,,
51,grants,Physics,DEPARTMENT,Physics,,,
51,grants,Indian Institute of Science Bangalore,ORG,Indian Institute of Science Bangalore,INDIAN_INSTITUTE_OF_SCIENCE_BANGALORE,,
51,grants,Bengaluru,GPE,Bengaluru,BENGALURU,,
51,grants,ANRF,FUNDING_AGENCY,ANRF,ANRF,,
52,grants,Physics,DEPARTMENT,Physics,,,
52,grants,Indian Institute of Science Bangalore,ORG,Indian Institute of Science Bangalore,INDIAN_INSTITUTE_OF_SCIENCE_BANGALORE,,
52,grants,Bengaluru,GPE,Bengaluru,BENGALURU,,
52,grants,ANRF,FUNDING_AGENCY,ANRF,ANRF,,
53,grants,Math,DEPARTMENT,Math,,,
53,grants,Indian Institute of Science Bangalore,ORG,Indian Institute of Science Bangalore,INDIAN_INSTITUTE_OF_SCIENCE_BANGALORE,,
53,grants,Bengaluru,GPE,Bengaluru,BENGALURU,,
53,grants,ANRF,FUNDING_AGENCY,ANRF,ANRF,,
54,grants,Physics,DEPARTMENT,Physics,,,
54,grants,Indian Institute of Science Bangalore,ORG,Indian Institute of Science Bangalore,INDIAN_INSTITUTE_OF_SCIENCE_BANGALORE,,
54,grants,Bengaluru,GPE,Bengaluru,BENGALURU,,
54,grants,ANRF,FUNDING_AGENCY,ANRF,ANRF,,
55,grants,Math,DEPARTMENT,Math,,,
55,grants,Indian Institute of Science Bangalore,ORG,Indian Institute of Science Bangalore,INDIAN_INSTITUTE_OF_SCIENCE_BANGALORE,,
55,grants,Bengaluru,GPE,Bengaluru,BENGALURU,,
55,grants,ANRF,FUNDING_AGENCY,ANRF,ANRF,,
56,grants,Math,DEPARTMENT,Math,,,
56,grants,Indian Institute of Science Bangalore,ORG,Indian Institute of Science Bangalore,INDIAN_INSTITUTE_OF_SCIENCE_BANGALORE,,
56,grants,Bengaluru,GPE,Bengaluru,BENGALURU,,
56,grants,ANRF,FUNDING_AGENCY,ANRF,ANRF,,
57,grants,CES,DEPARTMENT,CES,,,
57,grants,Indian Institute of Science Bangalore,ORG,Indian Institute of Science Bangalore,INDIAN_INSTITUTE_OF_SCIENCE_BANGALORE,,
57,grants,Bengaluru,GPE,Bengaluru,BENGALURU,,
57,grants,ANRF,FUNDING_AGENCY,ANRF,ANRF,,
58,grants,CE,DEPARTMENT,CE,,,
58,grants,Indian Institute of Science Bangalore,ORG,Indian Institute of Science Bangalore,INDIAN_INSTITUTE_OF_SCIENCE_BANGALORE,,
58,grants,Bengaluru,GPE,Bengaluru,BENGALURU,,
58,grants,ANRF,FUNDING_AGENCY,ANRF,ANRF,,
59,grants,Physics,DEPARTMENT,Physics,,,
59,grants,Indian Institute of Science Bangalore,ORG,Indian Institute of Science Bangalore,INDIAN_INSTITUTE_OF_SCIENCE_BANGALORE,,
59,grants,Bengaluru,GPE,Bengaluru,BENGALURU,,
59,grants,ANRF,FUNDING_AGENCY,ANRF,ANRF,,
60,grants,Physics,DEPARTMENT,Physics,,,
60,grants,Indian Institute of Science Bangalore,ORG,Indian Institute of Science Bangalore,INDIAN_INSTITUTE_OF_SCIENCE_BANGALORE,,
60,grants,Bengaluru,GPE,Bengaluru,BENGALURU,,
60,grants,ANRF,FUNDING_AGENCY,ANRF,ANRF,,
61,grants,CE,DEPARTMENT,CE,,,
61,grants,Indian Institute of Science Bangalore,ORG,Indian Institute of Science Bangalore,INDIAN_INSTITUTE_OF_SCIENCE_BANGALORE,,
61,grants,Bengaluru,GPE,Bengaluru,BENGALURU,,
61,grants,ANRF,FUNDING_AGENCY,ANRF,ANRF,,
62,grants,Physics,DEPARTMENT,Physics,,,
62,grants,Indian Institute of Science Bangalore,ORG,Indian Institute of Science Bangalore,INDIAN_INSTITUTE_OF_SCIENCE_BANGALORE,,
62,grants,Bengaluru,GPE,Bengaluru,BENGALURU,,
62,grants,ANRF,FUNDING_AGENCY,ANRF,ANRF,,
63,grants,ECE,DEPARTMENT,ECE,,,
63,grants,Dayananda Sagar College of Engineering,ORG,Dayananda Sagar College of Engineering,DAYANANDA_SAGAR_COLLEGE_OF_ENGINEERING,,
63,grants,Bengaluru,GPE,Bengaluru,BENGALURU,,
63,grants,ANRF,FUNDING_AGENCY,ANRF,ANRF,,
64,grants,ME,DEPARTMENT,ME,,,
64,grants,Indian Institute of Science Bangalore,ORG,Indian Institute of Science Bangalore,INDIAN_INSTITUTE_OF_SCIENCE_BANGALORE,,
64,grants,Bengaluru,GPE,Bengaluru,BENGALURU,,
64,grants,ANRF,FUNDING_AGENCY,ANRF,ANRF,,
65,grants,ME,DEPARTMENT,ME,,,
65,grants,Indian Institute of Science Bangalore,ORG,Indian Institute of Science Bangalore,INDIAN_INSTITUTE_OF_SCIENCE_BANGALORE,,
65,grants,Bengaluru,GPE,Bengaluru,BENGALURU,,
65,grants,ANRF,FUNDING_AGENCY,ANRF,ANRF,,
66,grants,Math,DEPARTMENT,Math,,,
66,grants,Indian Institute of Science Bangalore,ORG,Indian Institute of Science Bangalore,INDIAN_INSTITUTE_OF_SCIENCE_BANGALORE,,
66,grants,Bengaluru,GPE,Bengaluru,BENGALURU,,
66,grants,ANRF,FUNDING_AGENCY,ANRF,ANRF,,
67,grants,ME,DEPARTMENT,ME,,,
67,grants,Indian Institute of Science Bangalore,ORG,Indian Institute of Science Bangalore,INDIAN_INSTITUTE_OF_SCIENCE_BANGALORE,,
67,grants,Bengaluru,GPE,Bengaluru,BENGALURU,,
67,grants,ANRF,FUNDING_AGENCY,ANRF,ANRF,,
68,grants,ECE,DEPARTMENT,ECE,,,
68,grants,Indian Institute of Science Bangalore,ORG,Indian Institute of Science Bangalore,INDIAN_INSTITUTE_OF_SCIENCE_BANGALORE,,
68,grants,Bengaluru,GPE,Bengaluru,BENGALURU,,
68,grants,ANRF,FUNDING_AGENCY,ANRF,ANRF,,
69,grants,ME,DEPARTMENT,ME,,,
69,grants,Indian Institute of Science Bangalore,ORG,Indian Institute of Science Bangalore,INDIAN_INSTITUTE_OF_SCIENCE_BANGALORE,,
69,grants,Bengaluru,GPE,Bengaluru,BENGALURU,,
69,grants,ANRF,FUNDING_AGENCY,ANRF,ANRF,,
70,grants,ME,DEPARTMENT,ME,,,
70,grants,Indian Institute of Science Bangalore,ORG,Indian Institute of Science Bangalore,INDIAN_INSTITUTE_OF_SCIENCE_BANGALORE,,
70,grants,Bengaluru,GPE,Bengaluru,BENGALURU,,
70,grants,ANRF,FUNDING_AGENCY,ANRF,ANRF,,
71,grants,ECE,DEPARTMENT,ECE,,,
71,grants,Indian Institute of Science Bangalore,ORG,Indian Institute of Science Bangalore,INDIAN_INSTITUTE_OF_SCIENCE_BANGALORE,,
71,grants,Bengaluru,GPE,Bengaluru,BENGALURU,,
71,grants,ANRF,FUNDING_AGENCY,ANRF,ANRF,,
72,grants,ME,DEPARTMENT,ME,,,
72,grants,Indian Institute of Science Bangalore,ORG,Indian Institute of Science Bangalore,INDIAN_INSTITUTE_OF_SCIENCE_BANGALORE,,
72,grants,Bengaluru,GPE,Bengaluru,BENGALURU,,
72,grants,ANRF,FUNDING_AGENCY,ANRF,ANRF,,
73,grants,CSA,DEPARTMENT,CSA,,,
73,grants,Indian Institute of Science Bangalore,ORG,Indian Institute of Science Bangalore,INDIAN_INSTITUTE_OF_SCIENCE_BANGALORE,,
73,grants,Bengaluru,GPE,Bengaluru,BENGALURU,,
73,grants,ANRF,FUNDING_AGENCY,ANRF,ANRF,,
74,grants,Indian Institute of Science Bangalore,ORG,Indian Institute of Science Bangalore,INDIAN_INSTITUTE_OF_SCIENCE_BANGALORE,,
74,grants,Bengaluru,GPE,Bengaluru,BENGALURU,,
74,grants,ANRF,FUNDING_AGENCY,ANRF,ANRF,,
75,grants,ECE,DEPARTMENT,ECE,,,
75,grants,Indian Institute of Science Bangalore,ORG,Indian Institute of Science Bangalore,INDIAN_INSTITUTE_OF_SCIENCE_BANGALORE,,
75,grants,Bengaluru,GPE,Bengaluru,BENGALURU,,
75,grants,ANRF,FUNDING_AGENCY,ANRF,ANRF,,
76,grants,Physics,DEPARTMENT,Physics,,,
76,grants,Indian Institute of Science Bangalore,ORG,Indian Institute of Science Bangalore,INDIAN_INSTITUTE_OF_SCIENCE_BANGALORE,,
76,grants,Bengaluru,GPE,Bengaluru,BENGALURU,,
76,grants,ANRF,FUNDING_AGENCY,ANRF,ANRF,,
77,grants,ECE,DEPARTMENT,ECE,,,
77,grants,Indian Institute of Science Bangalore,ORG,Indian Institute of Science Bangalore,INDIAN_INSTITUTE_OF_SCIENCE_BANGALORE,,
77,grants,Bengaluru,GPE,Bengaluru,BENGALURU,,
77,grants,ANRF,FUNDING_AGENCY,ANRF,ANRF,,
78,grants,Physics,DEPARTMENT,Physics,,,
78,grants,Indian Institute of Science Bangalore,ORG,Indian Institute of Science Bangalore,INDIAN_INSTITUTE_OF_SCIENCE_BANGALORE,,
78,grants,Bengaluru,GPE,Bengaluru,BENGALURU,,
78,grants,ANRF,FUNDING_AGENCY,ANRF,ANRF,,
80,grants,ME,DEPARTMENT,ME,,,
80,grants,Indian Institute of Science Bangalore,ORG,Indian Institute of Science Bangalore,INDIAN_INSTITUTE_OF_SCIENCE_BANGALORE,,
80,grants,Bengaluru,GPE,Bengaluru,BENGALURU,,
80,grants,ANRF,FUNDING_AGENCY,ANRF,ANRF,,
81,grants,Indian Institute of Science Bangalore,ORG,Indian Institute of Science Bangalore,INDIAN_INSTITUTE_OF_SCIENCE_BANGALORE,,
81,grants,Bengaluru,GPE,Bengaluru,BENGALURU,,
81,grants,ANRF,FUNDING_AGENCY,ANRF,ANRF,,
82,grants,Physics,DEPARTMENT,Physics,,,
82,grants,Indian Institute of Science Bangalore,ORG,Indian Institute of Science Bangalore,INDIAN_INSTITUTE_OF_SCIENCE_BANGALORE,,
82,grants,Bengaluru,GPE,Bengaluru,BENGALURU,,
82,grants,ANRF,FUNDING_AGENCY,ANRF,ANRF,,
83,grants,ME,DEPARTMENT,ME,,,
83,grants,Indian Institute of Science Bangalore,ORG,Indian Institute of Science Bangalore,INDIAN_INSTITUTE_OF_SCIENCE_BANGALORE,,
83,grants,Bengaluru,GPE,Bengaluru,BENGALURU,,
83,grants,ANRF,FUNDING_AGENCY,ANRF,ANRF,,
84,grants,CE,DEPARTMENT,CE,,,
84,grants,Indian Institute of Science Bangalore,ORG,Indian Institute of Science Bangalore,INDIAN_INSTITUTE_OF_SCIENCE_BANGALORE,,
84,grants,Bengaluru,GPE,Bengaluru,BENGALURU,,
84,grants,ANRF,FUNDING_AGENCY,ANRF,ANRF,,
85,grants,Physics,DEPARTMENT,Physics,,,
85,grants,Indian Institute of Science Bangalore,ORG,Indian Institute of Science Bangalore,INDIAN_INSTITUTE_OF_SCIENCE_BANGALORE,,
85,grants,Bengaluru,GPE,Bengaluru,BENGALURU,,
85,grants,ANRF,FUNDING_AGENCY,ANRF,ANRF,,
86,grants,CE,DEPARTMENT,CE,,,
86,grants,Indian Institute of Science Bangalore,ORG,Indian Institute of Science Bangalore,INDIAN_INSTITUTE_OF_SCIENCE_BANGALORE,,
86,grants,Bengaluru,GPE,Bengaluru,BENGALURU,,
86,grants,ANRF,FUNDING_AGENCY,ANRF,ANRF,,
87,grants,ME,DEPARTMENT,ME,,,
87,grants,Indian Institute of Science Bangalore,ORG,Indian Institute of Science Bangalore,INDIAN_INSTITUTE_OF_SCIENCE_BANGALORE,,
87,grants,Bengaluru,GPE,Bengaluru,BENGALURU,,
87,grants,ANRF,FUNDING_AGENCY,ANRF,ANRF,,
88,grants,ME,DEPARTMENT,ME,,,
88,grants,Indian Institute of Science Bangalore,ORG,Indian Institute of Science Bangalore,INDIAN_INSTITUTE_OF_SCIENCE_BANGALORE,,
88,grants,Bengaluru,GPE,Bengaluru,BENGALURU,,
88,grants,ANRF,FUNDING_AGENCY,ANRF,ANRF,,
89,grants,ME,DEPARTMENT,ME,,,
89,grants,Indian Institute of Science Bangalore,ORG,Indian Institute of Science Bangalore,INDIAN_INSTITUTE_OF_SCIENCE_BANGALORE,,
89,grants,Bengaluru,GPE,Bengaluru,BENGALURU,,
89,grants,ANRF,FUNDING_AGENCY,ANRF,ANRF,,
90,grants,EE,DEPARTMENT,EE,,,
90,grants,Indian Institute of Science Bangalore,ORG,Indian Institute of Science Bangalore,INDIAN_INSTITUTE_OF_SCIENCE_BANGALORE,,
90,grants,Bengaluru,GPE,Bengaluru,BENGALURU,,
90,grants,ANRF,FUNDING_AGENCY,ANRF,ANRF,,
91,grants,Physics,DEPARTMENT,Physics,,,
91,grants,Indian Institute of Science Bangalore,ORG,Indian Institute of Science Bangalore,INDIAN_INSTITUTE_OF_SCIENCE_BANGALORE,,
91,grants,Bengaluru,GPE,Bengaluru,BENGALURU,,
91,grants,ANRF,FUNDING_AGENCY,ANRF,ANRF,,
92,grants,CES,DEPARTMENT,CES,,,
92,grants,Indian Institute of Science Bangalore,ORG,Indian Institute of Science Bangalore,INDIAN_INSTITUTE_OF_SCIENCE_BANGALORE,,
92,grants,Bengaluru,GPE,Bengaluru,BENGALURU,,
92,grants,ANRF,FUNDING_AGENCY,ANRF,ANRF,,
93,grants,ECE,DEPARTMENT,ECE,,,
93,grants,Indian Institute of Science Bangalore,ORG,Indian Institute of Science Bangalore,INDIAN_INSTITUTE_OF_SCIENCE_BANGALORE,,
93,grants,Bengaluru,GPE,Bengaluru,BENGALURU,,
93,grants,ANRF,FUNDING_AGENCY,ANRF,ANRF,,
94,grants,ECE,DEPARTMENT,ECE,,,
94,grants,International Institute of Information Technology Bangalore,ORG,International Institute of Information Technology Bangalore,INTERNATIONAL_INSTITUTE_OF_INFORMATION_TECHNOLOGY_BANGALORE,,
94,grants,Bengaluru,GPE,Bengaluru,BENGALURU,,
94,grants,ANRF,FUNDING_AGENCY,ANRF,ANRF,,
95,grants,Physics,DEPARTMENT,Physics,,,
95,grants,Indian Institute of Science Bangalore,ORG,Indian Institute of Science Bangalore,INDIAN_INSTITUTE_OF_SCIENCE_BANGALORE,,
95,grants,Bengaluru,GPE,Bengaluru,BENGALURU,,
95,grants,ANRF,FUNDING_AGENCY,ANRF,ANRF,,
96,grants,ME,DEPARTMENT,ME,,,
96,grants,Indian Institute of Science Bangalore,ORG,Indian Institute of Science Bangalore,INDIAN_INSTITUTE_OF_SCIENCE_BANGALORE,,
96,grants,Bengaluru,GPE,Bengaluru,BENGALURU,,
96,grants,ANRF,FUNDING_AGENCY,ANRF,ANRF,,
97,grants,ECE,DEPARTMENT,ECE,,,
97,grants,Indian Institute of Science Bangalore,ORG,Indian Institute of Science Bangalore,INDIAN_INSTITUTE_OF_SCIENCE_BANGALORE,,
97,grants,Bengaluru,GPE,Bengaluru,BENGALURU,,
97,grants,ANRF,FUNDING_AGENCY,ANRF,ANRF,,
98,grants,Physics,DEPARTMENT,Physics,,,
98,grants,Indian Institute of Science Bangalore,ORG,Indian Institute of Science Bangalore,INDIAN_INSTITUTE_OF_SCIENCE_BANGALORE,,
98,grants,Bengaluru,GPE,Bengaluru,BENGALURU,,
98,grants,ANRF,FUNDING_AGENCY,ANRF,ANRF,,
99,grants,CE,DEPARTMENT,CE,,,
99,grants,Indian Institute of Science Bangalore,ORG,Indian Institute of Science Bangalore,INDIAN_INSTITUTE_OF_SCIENCE_BANGALORE,,
99,grants,Bengaluru,GPE,Bengaluru,BENGALURU,,
99,grants,ANRF,FUNDING_AGENCY,ANRF,ANRF,,
100,grants,CES,DEPARTMENT,CES,,,
100,grants,Indian Institute of Science Bangalore,ORG,Indian Institute of Science Bangalore,INDIAN_INSTITUTE_OF_SCIENCE_BANGALORE,,
100,grants,Bengaluru,GPE,Bengaluru,BENGALURU,,
100,grants,ANRF,FUNDING_AGENCY,ANRF,ANRF,,
101,grants,ME,DEPARTMENT,ME,,,
101,grants,Indian Institute of Science Bangalore,ORG,Indian Institute of Science Bangalore,INDIAN_INSTITUTE_OF_SCIENCE_BANGALORE,,
101,grants,Bengaluru,GPE,Bengaluru,BENGALURU,,
101,grants,ANRF,FUNDING_AGENCY,ANRF,ANRF,,
102,grants,ECE,DEPARTMENT,ECE,,,
102,grants,Indian Institute of Science Bangalore,ORG,Indian Institute of Science Bangalore,INDIAN_INSTITUTE_OF_SCIENCE_BANGALORE,,
102,grants,Bengaluru,GPE,Bengaluru,BENGALURU,,
102,grants,ANRF,FUNDING_AGENCY,ANRF,ANRF,,
103,grants,Physics,DEPARTMENT,Physics,,,
103,grants,Indian Institute of Science Bangalore,ORG,Indian Institute of Science Bangalore,INDIAN_INSTITUTE_OF_SCIENCE_BANGALORE,,
103,grants,Bengaluru,GPE,Bengaluru,BENGALURU,,
103,grants,ANRF,FUNDING_AGENCY,ANRF,ANRF,,
104,grants,ME,DEPARTMENT,ME,,,
104,grants,Indian Institute of Science Bangalore,ORG,Indian Institute of Science Bangalore,INDIAN_INSTITUTE_OF_SCIENCE_BANGALORE,,
104,grants,Bengaluru,GPE,Bengaluru,BENGALURU,,
104,grants,ANRF,FUNDING_AGENCY,ANRF,ANRF,,
105,grants,Math,DEPARTMENT,Math,,,
105,grants,Indian Institute of Science Bangalore,ORG,Indian Institute of Science Bangalore,INDIAN_INSTITUTE_OF_SCIENCE_BANGALORE,,
105,grants,Bengaluru,GPE,Bengaluru,BENGALURU,,
105,grants,ANRF,FUNDING_AGENCY,ANRF,ANRF,,
106,grants,Physics,DEPARTMENT,Physics,,,
106,grants,Indian Institute of Science Bangalore,ORG,Indian Institute of Science Bangalore,INDIAN_INSTITUTE_OF_SCIENCE_BANGALORE,,
106,grants,Bengaluru,GPE,Bengaluru,BENGALURU,,
106,grants,ANRF,FUNDING_AGENCY,ANRF,ANRF,,
107,grants,Math,DEPARTMENT,Math,,,
107,grants,Indian Institute of Science Bangalore,ORG,Indian Institute of Science Bangalore,INDIAN_INSTITUTE_OF_SCIENCE_BANGALORE,,
107,grants,Bengaluru,GPE,Bengaluru,BENGALURU,,
107,grants,ANRF,FUNDING_AGENCY,ANRF,ANRF,,
108,grants,Math,DEPARTMENT,Math,,,
108,grants,Indian Institute of Science Bangalore,ORG,Indian Institute of Science Bangalore,INDIAN_INSTITUTE_OF_SCIENCE_BANGALORE,,
108,grants,Bengaluru,GPE,Bengaluru,BENGALURU,,
108,grants,ANRF,FUNDING_AGENCY,ANRF,ANRF,,
109,grants,Math,DEPARTMENT,Math,,,
109,grants,Indian Institute of Science Bangalore,ORG,Indian Institute of Science Bangalore,INDIAN_INSTITUTE_OF_SCIENCE_BANGALORE,,
109,grants,Bengaluru,GPE,Bengaluru,BENGALURU,,
109,grants,ANRF,FUNDING_AGENCY,ANRF,ANRF,,
110,grants,Math,DEPARTMENT,Math,,,
110,grants,Indian Institute of Science Bangalore,ORG,Indian Institute of Science Bangalore,INDIAN_INSTITUTE_OF_SCIENCE_BANGALORE,,
110,grants,Bengaluru,GPE,Bengaluru,BENGALURU,,
110,grants,ANRF,FUNDING_AGENCY,ANRF,ANRF,,
111,grants,EE,DEPARTMENT,EE,,,
111,grants,Indian Institute of Science Bangalore,ORG,Indian Institute of Science Bangalore,INDIAN_INSTITUTE_OF_SCIENCE_BANGALORE,,
111,grants,Bengaluru,GPE,Bengaluru,BENGALURU,,
111,grants,ANRF,FUNDING_AGENCY,ANRF,ANRF,,
112,grants,ECE,DEPARTMENT,ECE,,,
112,grants,Indian Institute of Science Bangalore,ORG,Indian Institute of Science Bangalore,INDIAN_INSTITUTE_OF_SCIENCE_BANGALORE,,
112,grants,Bengaluru,GPE,Bengaluru,BENGALURU,,
112,grants,ANRF,FUNDING_AGENCY,ANRF,ANRF,,
113,grants,ME,DEPARTMENT,ME,,,
113,grants,Indian Institute of Science Bangalore,ORG,Indian Institute of Science Bangalore,INDIAN_INSTITUTE_OF_SCIENCE_BANGALORE,,
113,grants,Bengaluru,GPE,Bengaluru,BENGALURU,,
113,grants,ANRF,FUNDING_AGENCY,ANRF,ANRF,,
114,grants,CSA,DEPARTMENT,CSA,,,
114,grants,Indian Institute of Science Bangalore,ORG,Indian Institute of Science Bangalore,INDIAN_INSTITUTE_OF_SCIENCE_BANGALORE,,
114,grants,Bengaluru,GPE,Bengaluru,BENGALURU,,
114,grants,ANRF,FUNDING_AGENCY,ANRF,ANRF,,
115,grants,Math,DEPARTMENT,Math,,,
115,grants,Indian Institute of Science Bangalore,ORG,Indian Institute of Science Bangalore,INDIAN_INSTITUTE_OF_SCIENCE_BANGALORE,,
115,grants,Bengaluru,GPE,Bengaluru,BENGALURU,,
115,grants,ANRF,FUNDING_AGENCY,ANRF,ANRF,,
116,grants,Math,DEPARTMENT,Math,,,
116,grants,International Institute of Information Technology Bangalore,ORG,International Institute of Information Technology Bangalore,INTERNATIONAL_INSTITUTE_OF_INFORMATION_TECHNOLOGY_BANGALORE,,
116,grants,Bengaluru,GPE,Bengaluru,BENGALURU,,
116,grants,ANRF,FUNDING_AGENCY,ANRF,ANRF,,
117,grants,EC,DEPARTMENT,EC,,,
117,grants,B.M.S. College of Engineering,ORG,B.M.S. College of Engineering,BMS_COLLEGE_OF_ENGINEERING,,
117,grants,Bengaluru,GPE,Bengaluru,BENGALURU,,
117,grants,VGST,FUNDING_AGENCY,VGST,VGST,,
118,grants,CSE,DEPARTMENT,CSE,,,
118,grants,M.S. Ramaiah Institute of Technology,ORG,M S Ramaiah Institute of Technology,M_S_RAMAIAH_INSTITUTE_OF_TECHNOLOGY,,
118,grants,Bengaluru,GPE,Bengaluru,BENGALURU,,
118,grants,RIT,FUNDING_AGENCY,RIT,RIT,,
119,grants,EEE,DEPARTMENT,EEE,,,
119,grants,M.S. Ramaiah Institute of Technology,ORG,M S Ramaiah Institute of Technology,M_S_RAMAIAH_INSTITUTE_OF_TECHNOLOGY,,
119,grants,Bengaluru,GPE,Bengaluru,BENGALURU,,
119,grants,DST,FUNDING_AGENCY,DST,DST,,
120,grants,ECE,DEPARTMENT,ECE,,,
120,grants,M.S. Ramaiah Institute of Technology,ORG,M S Ramaiah Institute of Technology,M_S_RAMAIAH_INSTITUTE_OF_TECHNOLOGY,,
120,grants,Bengaluru,GPE,Bengaluru,BENGALURU,,
121,grants,CSE,DEPARTMENT,CSE,,,
121,grants,M.S. Ramaiah Institute of Technology,ORG,M S Ramaiah Institute of Technology,M_S_RAMAIAH_INSTITUTE_OF_TECHNOLOGY,,
121,grants,Bengaluru,GPE,Bengaluru,BENGALURU,,
122,grants,CSE,DEPARTMENT,CSE,,,
122,grants,M.S. Ramaiah Institute of Technology,ORG,M S Ramaiah Institute of Technology,M_S_RAMAIAH_INSTITUTE_OF_TECHNOLOGY,,
122,grants,Bengaluru,GPE,Bengaluru,BENGALURU,,
123,grants,CSE,DEPARTMENT,CSE,,,
123,grants,M.S. Ramaiah Institute of Technology,ORG,M S Ramaiah Institute of Technology,M_S_RAMAIAH_INSTITUTE_OF_TECHNOLOGY,,
123,grants,Bengaluru,GPE,Bengaluru,BENGALURU,,
124,grants,CSE,DEPARTMENT,CSE,,,
124,grants,M.S. Ramaiah Institute of Technology,ORG,M S Ramaiah Institute of Technology,M_S_RAMAIAH_INSTITUTE_OF_TECHNOLOGY,,
124,grants,Bengaluru,GPE,Bengaluru,BENGALURU,,
124,grants,RIT,FUNDING_AGENCY,RIT,RIT,,
125,grants,ECE,DEPARTMENT,ECE,,,
125,grants,M.S. Ramaiah Institute of Technology,ORG,M S Ramaiah Institute of Technology,M_S_RAMAIAH_INSTITUTE_OF_TECHNOLOGY,,
125,grants,Bengaluru,GPE,Bengaluru,BENGALURU,,
126,grants,ECE,DEPARTMENT,ECE,,,
126,grants,M.S. Ramaiah Institute of Technology,ORG,M S Ramaiah Institute of Technology,M_S_RAMAIAH_INSTITUTE_OF_TECHNOLOGY,,
126,grants,Bengaluru,GPE,Bengaluru,BENGALURU,,
127,grants,ME,DEPARTMENT,ME,,,
127,grants,M.S. Ramaiah Institute of Technology,ORG,M S Ramaiah Institute of Technology,M_S_RAMAIAH_INSTITUTE_OF_TECHNOLOGY,,
127,grants,Bengaluru,GPE,Bengaluru,BENGALURU,,
128,grants,ECE,DEPARTMENT,ECE,,,
128,grants,M.S. Ramaiah Institute of Technology,ORG,M S Ramaiah Institute of Technology,M_S_RAMAIAH_INSTITUTE_OF_TECHNOLOGY,,
128,grants,Bengaluru,GPE,Bengaluru,BENGALURU,,
129,grants,ECE,DEPARTMENT,ECE,,,
129,grants,Dayananda Sagar College of Engineering,ORG,Dayananda Sagar College of Engineering,DAYANANDA_SAGAR_COLLEGE_OF_ENGINEERING,,
129,grants,Bengaluru,GPE,Bengaluru,BENGALURU,,
129,grants,DST,FUNDING_AGENCY,DST,DST,,
130,grants,EC,DEPARTMENT,EC,,,
130,grants,B.M.S. College of Engineering,ORG,B.M.S. College of Engineering,BMS_COLLEGE_OF_ENGINEERING,,
130,grants,Bengaluru,GPE,Bengaluru,BENGALURU,,
130,grants,VGST,FUNDING_AGENCY,VGST,VGST,,
131,grants,EC,DEPARTMENT,EC,,,
131,grants,B.M.S. College of Engineering,ORG,B.M.S. College of Engineering,BMS_COLLEGE_OF_ENGINEERING,,
131,grants,Bengaluru,GPE,Bengaluru,BENGALURU,,
131,grants,ANRF,FUNDING_AGENCY,ANRF,ANRF,,
132,grants,EC,DEPARTMENT,EC,,,
132,grants,B.M.S. College of Engineering,ORG,B.M.S. College of Engineering,BMS_COLLEGE_OF_ENGINEERING,,
132,grants,Bengaluru,GPE,Bengaluru,BENGALURU,,
132,grants,VTU,FUNDING_AGENCY,VTU,VTU,,
133,grants,EE,DEPARTMENT,EE,,,
133,grants,B.M.S. College of Engineering,ORG,B.M.S. College of Engineering,BMS_COLLEGE_OF_ENGINEERING,,
133,grants,Bengaluru,GPE,Bengaluru,BENGALURU,,
133,grants,ANRF,FUNDING_AGENCY,ANRF,ANRF,,
134,grants,EEE,DEPARTMENT,EEE,,,
134,grants,B.M.S. College of Engineering,ORG,B.M.S. College of Engineering,BMS_COLLEGE_OF_ENGINEERING,,
134,grants,Bengaluru,GPE,Bengaluru,BENGALURU,,
134,grants,Dassualt Systems Foundation,FUNDING_AGENCY,Dassualt Systems Foundation,DASSUALT_SYSTEMS_FOUNDATION,,
135,grants,EEE,DEPARTMENT,EEE,,,
135,grants,B.M.S. College of Engineering,ORG,B.M.S. College of Engineering,BMS_COLLEGE_OF_ENGINEERING,,
135,grants,Bengaluru,GPE,Bengaluru,BENGALURU,,
135,grants,Dassualt Systems Foundation,FUNDING_AGENCY,Dassualt Systems Foundation,DASSUALT_SYSTEMS_FOUNDATION,,
136,grants,Karnataka,GPE,Karnataka,KARNATAKA,36,45
136,grants,EEE,DEPARTMENT,EEE,,,
136,grants,B.M.S. College of Engineering,ORG,B.M.S. College of Engineering,BMS_COLLEGE_OF_ENGINEERING,,
136,grants,Bengaluru,GPE,Bengaluru,BENGALURU,,
136,grants,KREDL,FUNDING_AGENCY,KREDL,KREDL,,
137,grants,AICTE,FUNDING_AGENCY,AICTE,AICTE,0,5
137,grants,EI,DEPARTMENT,EI,,,
137,grants,B.M.S. College of Engineering,ORG,B.M.S. College of Engineering,BMS_COLLEGE_OF_ENGINEERING,,
137,grants,Bengaluru,GPE,Bengaluru,BENGALURU,,
138,grants,IS,DEPARTMENT,IS,,,
138,grants,B.M.S. College of Engineering,ORG,B.M.S. College of Engineering,BMS_COLLEGE_OF_ENGINEERING,,
138,grants,Bengaluru,GPE,Bengaluru,BENGALURU,,
138,grants,AICTE,FUNDING_AGENCY,AICTE,AICTE,,
139,grants,ML,DEPARTMENT,ML,,,
139,grants,B.M.S. College of Engineering,ORG,B.M.S. College of Engineering,BMS_COLLEGE_OF_ENGINEERING,,
139,grants,Bengaluru,GPE,Bengaluru,BENGALURU,,
139,grants,DST,FUNDING_AGENCY,DST,DST,,
140,grants,ML,DEPARTMENT,ML,,,
140,grants,B.M.S. College of Engineering,ORG,B.M.S. College of Engineering,BMS_COLLEGE_OF_ENGINEERING,,
140,grants,Bengaluru,GPE,Bengaluru,BENGALURU,,
140,grants,VTU,FUNDING_AGENCY,VTU,VTU,,
141,grants,ML,DEPARTMENT,ML,,,
141,grants,B.M.S. College of Engineering,ORG,B.M.S. College of Engineering,BMS_COLLEGE_OF_ENGINEERING,,
141,grants,Bengaluru,GPE,Bengaluru,BENGALURU,,
141,grants,VTU,FUNDING_AGENCY,VTU,VTU,,
142,grants,PHY,DEPARTMENT,PHY,,,
142,grants,B.M.S. College of Engineering,ORG,B.M.S. College of Engineering,BMS_COLLEGE_OF_ENGINEERING,,
142,grants,Bengaluru,GPE,Bengaluru,BENGALURU,,
142,grants,DST,FUNDING_AGENCY,DST,DST,,
143,grants,PHY,DEPARTMENT,PHY,,,
143,grants,B.M.S. College of Engineering,ORG,B.M.S. College of Engineering,BMS_COLLEGE_OF_ENGINEERING,,
143,grants,Bengaluru,GPE,Bengaluru,BENGALURU,,
143,grants,VGST,FUNDING_AGENCY,VGST,VGST,,
144,grants,CSE,DEPARTMENT,CSE,,,
144,grants,M.S. Ramaiah Institute of Technology,ORG,M S Ramaiah Institute of Technology,M_S_RAMAIAH_INSTITUTE_OF_TECHNOLOGY,,
144,grants,Bengaluru,GPE,Bengaluru,BENGALURU,,
144,grants,VTU,FUNDING_AGENCY,VTU,VTU,,
145,grants,AICTE,FUNDING_AGENCY,AICTE,AICTE,5,10
145,grants,CSE,DEPARTMENT,CSE,,,
145,grants,M.S. Ramaiah Institute of Technology,ORG,M S Ramaiah Institute of Technology,M_S_RAMAIAH_INSTITUTE_OF_TECHNOLOGY,,
145,grants,Bengaluru,GPE,Bengaluru,BENGALURU,,
146,grants,CSE,DEPARTMENT,CSE,,,
146,grants,M.S. Ramaiah Institute of Technology,ORG,M S Ramaiah Institute of Technology,M_S_RAMAIAH_INSTITUTE_OF_TECHNOLOGY,,
146,grants,Bengaluru,GPE,Bengaluru,BENGALURU,,
147,grants,ECE,DEPARTMENT,ECE,,,
147,grants,M.S. Ramaiah Institute of Technology,ORG,M S Ramaiah Institute of Technology,M_S_RAMAIAH_INSTITUTE_OF_TECHNOLOGY,,
147,grants,Bengaluru,GPE,Bengaluru,BENGALURU,,
148,grants,CE,DEPARTMENT,CE,,,
148,grants,M.S. Ramaiah Institute of Technology,ORG,M S Ramaiah Institute of Technology,M_S_RAMAIAH_INSTITUTE_OF_TECHNOLOGY,,
148,grants,Bengaluru,GPE,Bengaluru,BENGALURU,,
148,grants,DST,FUNDING_AGENCY,DST,DST,,
150,grants,CSE,DEPARTMENT,CSE,,,
150,grants,M.S. Ramaiah Institute of Technology,ORG,M S Ramaiah Institute of Technology,M_S_RAMAIAH_INSTITUTE_OF_TECHNOLOGY,,
150,grants,Bengaluru,GPE,Bengaluru,BENGALURU,,
151,grants,ME,DEPARTMENT,ME,,,
151,grants,M.S. Ramaiah Institute of Technology,ORG,M S Ramaiah Institute of Technology,M_S_RAMAIAH_INSTITUTE_OF_TECHNOLOGY,,
151,grants,Bengaluru,GPE,Bengaluru,BENGALURU,,
149,grants,CSE,DEPARTMENT,CSE,,,
149,grants,M.S. Ramaiah Institute of Technology,ORG,M S Ramaiah Institute of Technology,M_S_RAMAIAH_INSTITUTE_OF_TECHNOLOGY,,
149,grants,Bengaluru,GPE,Bengaluru,BENGALURU,,
152,grants,AICTE,FUNDING_AGENCY,AICTE,AICTE,5,10
152,grants,CSE,DEPARTMENT,CSE,,,
152,grants,M.S. Ramaiah Institute of Technology,ORG,M S Ramaiah Institute of Technology,M_S_RAMAIAH_INSTITUTE_OF_TECHNOLOGY,,
152,grants,Bengaluru,GPE,Bengaluru,BENGALURU,,
153,grants,CSE,DEPARTMENT,CSE,,,
153,grants,M.S. Ramaiah Institute of Technology,ORG,M S Ramaiah Institute of Technology,M_S_RAMAIAH_INSTITUTE_OF_TECHNOLOGY,,
153,grants,Bengaluru,GPE,Bengaluru,BENGALURU,,
154,grants,ME,DEPARTMENT,ME,,,
154,grants,M.S. Ramaiah Institute of Technology,ORG,M S Ramaiah Institute of Technology,M_S_RAMAIAH_INSTITUTE_OF_TECHNOLOGY,,
154,grants,Bengaluru,GPE,Bengaluru,BENGALURU,,
156,grants,CSE,DEPARTMENT,CSE,,,
156,grants,M.S. Ramaiah Institute of Technology,ORG,M S Ramaiah Institute of Technology,M_S_RAMAIAH_INSTITUTE_OF_TECHNOLOGY,,
156,grants,Bengaluru,GPE,Bengaluru,BENGALURU,,
157,grants,CSE,DEPARTMENT,CSE,,,
157,grants,M.S. Ramaiah Institute of Technology,ORG,M S Ramaiah Institute of Technology,M_S_RAMAIAH_INSTITUTE_OF_TECHNOLOGY,,
157,grants,Bengaluru,GPE,Bengaluru,BENGALURU,,
158,grants,CSE,DEPARTMENT,CSE,,,
158,grants,M.S. Ramaiah Institute of Technology,ORG,M S Ramaiah Institute of Technology,M_S_RAMAIAH_INSTITUTE_OF_TECHNOLOGY,,
158,grants,Bengaluru,GPE,Bengaluru,BENGALURU,,
159,grants,ECE,DEPARTMENT,ECE,,,
159,grants,M.S. Ramaiah Institute of Technology,ORG,M S Ramaiah Institute of Technology,M_S_RAMAIAH_INSTITUTE_OF_TECHNOLOGY,,
159,grants,Bengaluru,GPE,Bengaluru,BENGALURU,,
160,grants,CSE,DEPARTMENT,CSE,,,
160,grants,M.S. Ramaiah Institute of Technology,ORG,M S Ramaiah Institute of Technology,M_S_RAMAIAH_INSTITUTE_OF_TECHNOLOGY,,
160,grants,Bengaluru,GPE,Bengaluru,BENGALURU,,
161,grants,KSCST,FUNDING_AGENCY,KSCST,KSCST,0,5
161,grants,Physics,DEPARTMENT,Physics,,,
161,grants,M.S. Ramaiah Institute of Technology,ORG,M S Ramaiah Institute of Technology,M_S_RAMAIAH_INSTITUTE_OF_TECHNOLOGY,,
161,grants,Bengaluru,GPE,Bengaluru,BENGALURU,,
162,grants,CE,DEPARTMENT,CE,,,
162,grants,M.S. Ramaiah Institute of Technology,ORG,M S Ramaiah Institute of Technology,M_S_RAMAIAH_INSTITUTE_OF_TECHNOLOGY,,
162,grants,Bengaluru,GPE,Bengaluru,BENGALURU,,
163,grants,CE,DEPARTMENT,CE,,,
163,grants,M.S. Ramaiah Institute of Technology,ORG,M S Ramaiah Institute of Technology,M_S_RAMAIAH_INSTITUTE_OF_TECHNOLOGY,,
163,grants,Bengaluru,GPE,Bengaluru,BENGALURU,,
164,grants,CE,DEPARTMENT,CE,,,
164,grants,M.S. Ramaiah Institute of Technology,ORG,M S Ramaiah Institute of Technology,M_S_RAMAIAH_INSTITUTE_OF_TECHNOLOGY,,
164,grants,Bengaluru,GPE,Bengaluru,BENGALURU,,
165,grants,CE,DEPARTMENT,CE,,,
165,grants,M.S. Ramaiah Institute of Technology,ORG,M S Ramaiah Institute of Technology,M_S_RAMAIAH_INSTITUTE_OF_TECHNOLOGY,,
165,grants,Bengaluru,GPE,Bengaluru,BENGALURU,,
166,grants,ECE,DEPARTMENT,ECE,,,
166,grants,CMR Institute of Technology,ORG,CMR Institute of Technology,CMR_INSTITUTE_OF_TECHNOLOGY,,
166,grants,Bengaluru,GPE,Bengaluru,BENGALURU,,
166,grants,KSCST,FUNDING_AGENCY,KSCST,KSCST,,
167,grants,CSE,DEPARTMENT,CSE,,,
167,grants,CMR Institute of Technology,ORG,CMR Institute of Technology,CMR_INSTITUTE_OF_TECHNOLOGY,,
167,grants,Bengaluru,GPE,Bengaluru,BENGALURU,,
167,grants,Samavrithi Innovation pvt ltd,FUNDING_AGENCY,Samavrithi Innovation pvt ltd,SAMAVRITHI_INNOVATION_PVT_LTD,,
168,grants,CSE,DEPARTMENT,CSE,,,
168,grants,CMR Institute of Technology,ORG,CMR Institute of Technology,CMR_INSTITUTE_OF_TECHNOLOGY,,
168,grants,Bengaluru,GPE,Bengaluru,BENGALURU,,
168,grants,AICTE,FUNDING_AGENCY,AICTE,AICTE,,
169,grants,ECE,DEPARTMENT,ECE,,,
169,grants,Indian Institute of Science Bangalore,ORG,Indian Institute of Science Bangalore,INDIAN_INSTITUTE_OF_SCIENCE_BANGALORE,,
169,grants,Bengaluru,GPE,Bengaluru,BENGALURU,,
169,grants,Department of Science and Technology,FUNDING_AGENCY,Department of Science and Technology,DEPARTMENT_OF_SCIENCE_AND_TECHNOLOGY,,
170,grants,ME,DEPARTMENT,ME,,,
170,grants,R V College of Engineering,ORG,R V College of Engineering,R_V_COLLEGE_OF_ENGINEERING,,
170,grants,Bengaluru,GPE,Bengaluru,BENGALURU,,
170,grants,Defence Research and Development Organisation,FUNDING_AGENCY,Defence Research and Development Organisation,DEFENCE_RESEARCH_AND_DEVELOPMENT_ORGANISATION,,
171,grants,CE,DEPARTMENT,CE,,,
171,grants,Indian Institute of Science Bangalore,ORG,Indian Institute of Science Bangalore,INDIAN_INSTITUTE_OF_SCIENCE_BANGALORE,,
171,grants,Bengaluru,GPE,Bengaluru,BENGALURU,,
171,grants,Department of Science and Technology,FUNDING_AGENCY,Department of Science and Technology,DEPARTMENT_OF_SCIENCE_AND_TECHNOLOGY,,
172,grants,CE,DEPARTMENT,CE,,,
172,grants,R V College of Engineering,ORG,R V College of Engineering,R_V_COLLEGE_OF_ENGINEERING,,
172,grants,Bengaluru,GPE,Bengaluru,BENGALURU,,
172,grants,Department of Science and Technology,FUNDING_AGENCY,Department of Science and Technology,DEPARTMENT_OF_SCIENCE_AND_TECHNOLOGY,,
174,grants,ECE,DEPARTMENT,ECE,,,
174,grants,Indian Institute of Science Bangalore,ORG,Indian Institute of Science Bangalore,INDIAN_INSTITUTE_OF_SCIENCE_BANGALORE,,
174,grants,Bengaluru,GPE,Bengaluru,BENGALURU,,
174,grants,Council of Scientific and Industrial Research,FUNDING_AGENCY,Council of Scientific and Industrial Research,COUNCIL_OF_SCIENTIFIC_AND_INDUSTRIAL_RESEARCH,,
175,grants,CE,DEPARTMENT,CE,,,
175,grants,Indian Institute of Science Bangalore,ORG,Indian Institute of Science Bangalore,INDIAN_INSTITUTE_OF_SCIENCE_BANGALORE,,
175,grants,Bengaluru,GPE,Bengaluru,BENGALURU,,
175,grants,Department of Science and Technology,FUNDING_AGENCY,Department of Science and Technology,DEPARTMENT_OF_SCIENCE_AND_TECHNOLOGY,,
176,grants,ME,DEPARTMENT,ME,,,
176,grants,Indian Institute of Science Bangalore,ORG,Indian Institute of Science Bangalore,INDIAN_INSTITUTE_OF_SCIENCE_BANGALORE,,
176,grants,Bengaluru,GPE,Bengaluru,BENGALURU,,
176,grants,Department of Science and Technology,FUNDING_AGENCY,Department of Science and Technology,DEPARTMENT_OF_SCIENCE_AND_TECHNOLOGY,,
177,grants,ME,DEPARTMENT,ME,,,
177,grants,Indian Institute of Science Bangalore,ORG,Indian Institute of Science Bangalore,INDIAN_INSTITUTE_OF_SCIENCE_BANGALORE,,
177,grants,Bengaluru,GPE,Bengaluru,BENGALURU,,
177,grants,Department of Science and Technology,FUNDING_AGENCY,Department of Science and Technology,DEPARTMENT_OF_SCIENCE_AND_TECHNOLOGY,,
173,grants,EE,DEPARTMENT,EE,,,
173,grants,Indian Institute of Science Bangalore,ORG,Indian Institute of Science Bangalore,INDIAN_INSTITUTE_OF_SCIENCE_BANGALORE,,
173,grants,Bengaluru,GPE,Bengaluru,BENGALURU,,
173,grants,Department of Science and Technology,FUNDING_AGENCY,Department of Science and Technology,DEPARTMENT_OF_SCIENCE_AND_TECHNOLOGY,,
178,grants,ME,DEPARTMENT,ME,,,
178,grants,Indian Institute of Science Bangalore,ORG,Indian Institute of Science Bangalore,INDIAN_INSTITUTE_OF_SCIENCE_BANGALORE,,
178,grants,Bengaluru,GPE,Bengaluru,BENGALURU,,
178,grants,Department of Science and Technology,FUNDING_AGENCY,Department of Science and Technology,DEPARTMENT_OF_SCIENCE_AND_TECHNOLOGY,,
179,grants,ME,DEPARTMENT,ME,,,
179,grants,Indian Institute of Science Bangalore,ORG,Indian Institute of Science Bangalore,INDIAN_INSTITUTE_OF_SCIENCE_BANGALORE,,
179,grants,Bengaluru,GPE,Bengaluru,BENGALURU,,
179,grants,Department of Science and Technology,FUNDING_AGENCY,Department of Science and Technology,DEPARTMENT_OF_SCIENCE_AND_TECHNOLOGY,,
180,grants,ME,DEPARTMENT,ME,,,
180,grants,Indian Institute of Science Bangalore,ORG,Indian Institute of Science Bangalore,INDIAN_INSTITUTE_OF_SCIENCE_BANGALORE,,
180,grants,Bengaluru,GPE,Bengaluru,BENGALURU,,
180,grants,Department of Science and Technology,FUNDING_AGENCY,Department of Science and Technology,DEPARTMENT_OF_SCIENCE_AND_TECHNOLOGY,,
181,grants,ME,DEPARTMENT,ME,,,
181,grants,Indian Institute of Science Bangalore,ORG,Indian Institute of Science Bangalore,INDIAN_INSTITUTE_OF_SCIENCE_BANGALORE,,
181,grants,Bengaluru,GPE,Bengaluru,BENGALURU,,
181,grants,Department of Science and Technology,FUNDING_AGENCY,Department of Science and Technology,DEPARTMENT_OF_SCIENCE_AND_TECHNOLOGY,,
182,grants,CE,DEPARTMENT,CE,,,
182,grants,Indian Institute of Science Bangalore,ORG,Indian Institute of Science Bangalore,INDIAN_INSTITUTE_OF_SCIENCE_BANGALORE,,
182,grants,Bengaluru,GPE,Bengaluru,BENGALURU,,
182,grants,Department of Science and Technology,FUNDING_AGENCY,Department of Science and Technology,DEPARTMENT_OF_SCIENCE_AND_TECHNOLOGY,,
183,grants,ME,DEPARTMENT,ME,,,
183,grants,Indian Institute of Science Bangalore,ORG,Indian Institute of Science Bangalore,INDIAN_INSTITUTE_OF_SCIENCE_BANGALORE,,
183,grants,Bengaluru,GPE,Bengaluru,BENGALURU,,
183,grants,Department of Science and Technology,FUNDING_AGENCY,Department of Science and Technology,DEPARTMENT_OF_SCIENCE_AND_TECHNOLOGY,,
184,grants,EE,DEPARTMENT,EE,,,
184,grants,Indian Institute of Science Bangalore,ORG,Indian Institute of Science Bangalore,INDIAN_INSTITUTE_OF_SCIENCE_BANGALORE,,
184,grants,Bengaluru,GPE,Bengaluru,BENGALURU,,
184,grants,Department of Science and Technology,FUNDING_AGENCY,Department of Science and Technology,DEPARTMENT_OF_SCIENCE_AND_TECHNOLOGY,,
185,grants,CSE,DEPARTMENT,CSE,,,
185,grants,International Institute of Information Technology Bangalore,ORG,International Institute of Information Technology Bangalore,INTERNATIONAL_INSTITUTE_OF_INFORMATION_TECHNOLOGY_BANGALORE,,
185,grants,Bengaluru,GPE,Bengaluru,BENGALURU,,
185,grants,Department of Science and Technology,FUNDING_AGENCY,Department of Science and Technology,DEPARTMENT_OF_SCIENCE_AND_TECHNOLOGY,,
186,grants,CSE,DEPARTMENT,CSE,,,
186,grants,International Institute of Information Technology Bangalore,ORG,International Institute of Information Technology Bangalore,INTERNATIONAL_INSTITUTE_OF_INFORMATION_TECHNOLOGY_BANGALORE,,
186,grants,Bengaluru,GPE,Bengaluru,BENGALURU,,
186,grants,Department of Science and Technology,FUNDING_AGENCY,Department of Science and Technology,DEPARTMENT_OF_SCIENCE_AND_TECHNOLOGY,,
187,grants,ME,DEPARTMENT,ME,,,
187,grants,Indian Institute of Science Bangalore,ORG,Indian Institute of Science Bangalore,INDIAN_INSTITUTE_OF_SCIENCE_BANGALORE,,
187,grants,Bengaluru,GPE,Bengaluru,BENGALURU,,
187,grants,Department of Science and Technology,FUNDING_AGENCY,Department of Science and Technology,DEPARTMENT_OF_SCIENCE_AND_TECHNOLOGY,,
188,grants,ME,DEPARTMENT,ME,,,
188,grants,Indian Institute of Science Bangalore,ORG,Indian Institute of Science Bangalore,INDIAN_INSTITUTE_OF_SCIENCE_BANGALORE,,
188,grants,Bengaluru,GPE,Bengaluru,BENGALURU,,
188,grants,Department of Science and Technology,FUNDING_AGENCY,Department of Science and Technology,DEPARTMENT_OF_SCIENCE_AND_TECHNOLOGY,,
189,grants,ECE,DEPARTMENT,ECE,,,
189,grants,Indian Institute of Science Bangalore,ORG,Indian Institute of Science Bangalore,INDIAN_INSTITUTE_OF_SCIENCE_BANGALORE,,
189,grants,Bengaluru,GPE,Bengaluru,BENGALURU,,
189,grants,Department of Science and Technology,FUNDING_AGENCY,Department of Science and Technology,DEPARTMENT_OF_SCIENCE_AND_TECHNOLOGY,,
190,grants,CSA,DEPARTMENT,CSA,,,
190,grants,Indian Institute of Science Bangalore,ORG,Indian Institute of Science Bangalore,INDIAN_INSTITUTE_OF_SCIENCE_BANGALORE,,
190,grants,Bengaluru,GPE,Bengaluru,BENGALURU,,
190,grants,Department of Science and Technology,FUNDING_AGENCY,Department of Science and Technology,DEPARTMENT_OF_SCIENCE_AND_TECHNOLOGY,,
191,grants,ME,DEPARTMENT,ME,,,
191,grants,Indian Institute of Science Bangalore,ORG,Indian Institute of Science Bangalore,INDIAN_INSTITUTE_OF_SCIENCE_BANGALORE,,
191,grants,Bengaluru,GPE,Bengaluru,BENGALURU,,
191,grants,Department of Science and Technology,FUNDING_AGENCY,Department of Science and Technology,DEPARTMENT_OF_SCIENCE_AND_TECHNOLOGY,,
192,grants,ME,DEPARTMENT,ME,,,
192,grants,Indian Institute of Science Bangalore,ORG,Indian Institute of Science Bangalore,INDIAN_INSTITUTE_OF_SCIENCE_BANGALORE,,
192,grants,Bengaluru,GPE,Bengaluru,BENGALURU,,
192,grants,Defence Research and Development Organisation,FUNDING_AGENCY,Defence Research and Development Organisation,DEFENCE_RESEARCH_AND_DEVELOPMENT_ORGANISATION,,
193,grants,ME,DEPARTMENT,ME,,,
193,grants,Indian Institute of Science Bangalore,ORG,Indian Institute of Science Bangalore,INDIAN_INSTITUTE_OF_SCIENCE_BANGALORE,,
193,grants,Bengaluru,GPE,Bengaluru,BENGALURU,,
193,grants,Department of Science and Technology,FUNDING_AGENCY,Department of Science and Technology,DEPARTMENT_OF_SCIENCE_AND_TECHNOLOGY,,
194,grants,ME,DEPARTMENT,ME,,,
194,grants,Indian Institute of Science Bangalore,ORG,Indian Institute of Science Bangalore,INDIAN_INSTITUTE_OF_SCIENCE_BANGALORE,,
194,grants,Bengaluru,GPE,Bengaluru,BENGALURU,,
194,grants,Department of Science and Technology,FUNDING_AGENCY,Department of Science and Technology,DEPARTMENT_OF_SCIENCE_AND_TECHNOLOGY,,
195,grants,ME,DEPARTMENT,ME,,,
195,grants,B.M.S. College of Engineering,ORG,B.M.S. College of Engineering,BMS_COLLEGE_OF_ENGINEERING,,
195,grants,Bengaluru,GPE,Bengaluru,BENGALURU,,
195,grants,Department of Science and Technology,FUNDING_AGENCY,Department of Science and Technology,DEPARTMENT_OF_SCIENCE_AND_TECHNOLOGY,,
196,grants,EE,DEPARTMENT,EE,,,
196,grants,Indian Institute of Science Bangalore,ORG,Indian Institute of Science Bangalore,INDIAN_INSTITUTE_OF_SCIENCE_BANGALORE,,
196,grants,Bengaluru,GPE,Bengaluru,BENGALURU,,
196,grants,Department of Science and Technology,FUNDING_AGENCY,Department of Science and Technology,DEPARTMENT_OF_SCIENCE_AND_TECHNOLOGY,,
197,grants,ECE,DEPARTMENT,ECE,,,
197,grants,R V College of Engineering,ORG,R V College of Engineering,R_V_COLLEGE_OF_ENGINEERING,,
197,grants,Bengaluru,GPE,Bengaluru,BENGALURU,,
197,grants,All India Council for Technical Education,FUNDING_AGENCY,All India Council for Technical Education,ALL_INDIA_COUNCIL_FOR_TECHNICAL_EDUCATION,,
198,grants,EEE,DEPARTMENT,EEE,,,
198,grants,M.S. Ramaiah Institute of Technology,ORG,M S Ramaiah Institute of Technology,M_S_RAMAIAH_INSTITUTE_OF_TECHNOLOGY,,
198,grants,Bengaluru,GPE,Bengaluru,BENGALURU,,
198,grants,Department of Science and Technology,FUNDING_AGENCY,Department of Science and Technology,DEPARTMENT_OF_SCIENCE_AND_TECHNOLOGY,,
199,grants,CE,DEPARTMENT,CE,,,
199,grants,Indian Institute of Science Bangalore,ORG,Indian Institute of Science Bangalore,INDIAN_INSTITUTE_OF_SCIENCE_BANGALORE,,
199,grants,Bengaluru,GPE,Bengaluru,BENGALURU,,
199,grants,Department of Science and Technology,FUNDING_AGENCY,Department of Science and Technology,DEPARTMENT_OF_SCIENCE_AND_TECHNOLOGY,,
200,grants,CE,DEPARTMENT,CE,,,
200,grants,R V College of Engineering,ORG,R V College of Engineering,R_V_COLLEGE_OF_ENGINEERING,,
200,grants,Bengaluru,GPE,Bengaluru,BENGALURU,,
200,grants,Department of Science and Technology,FUNDING_AGENCY,Department of Science and Technology,DEPARTMENT_OF_SCIENCE_AND_TECHNOLOGY,,
201,grants,ECE,DEPARTMENT,ECE,,,
201,grants,Indian Institute of Science Bangalore,ORG,Indian Institute of Science Bangalore,INDIAN_INSTITUTE_OF_SCIENCE_BANGALORE,,
201,grants,Bengaluru,GPE,Bengaluru,BENGALURU,,
201,grants,Department of Science and Technology,FUNDING_AGENCY,Department of Science and Technology,DEPARTMENT_OF_SCIENCE_AND_TECHNOLOGY,,
202,grants,ECE,DEPARTMENT,ECE,,,
202,grants,Indian Institute of Science Bangalore,ORG,Indian Institute of Science Bangalore,INDIAN_INSTITUTE_OF_SCIENCE_BANGALORE,,
202,grants,Bengaluru,GPE,Bengaluru,BENGALURU,,
202,grants,Department of Science and Technology,FUNDING_AGENCY,Department of Science and Technology,DEPARTMENT_OF_SCIENCE_AND_TECHNOLOGY,,
203,grants,CE,DEPARTMENT,CE,,,
203,grants,Indian Institute of Science Bangalore,ORG,Indian Institute of Science Bangalore,INDIAN_INSTITUTE_OF_SCIENCE_BANGALORE,,
203,grants,Bengaluru,GPE,Bengaluru,BENGALURU,,
203,grants,Ministry of Power,FUNDING_AGENCY,Ministry of Power,MINISTRY_OF_POWER,,
204,grants,ISE,DEPARTMENT,ISE,,,
204,grants,CMR Institute of Technology,ORG,CMR Institute of Technology,CMR_INSTITUTE_OF_TECHNOLOGY,,
204,grants,Bengaluru,GPE,Bengaluru,BENGALURU,,
204,grants,AICTE -GOC,FUNDING_AGENCY,AICTE -GOC,AICTE_GOC,,
205,grants,EEE,DEPARTMENT,EEE,,,
205,grants,CMR Institute of Technology,ORG,CMR Institute of Technology,CMR_INSTITUTE_OF_TECHNOLOGY,,
205,grants,Bengaluru,GPE,Bengaluru,BENGALURU,,
205,grants,AICTE - STTP,FUNDING_AGENCY,AICTE - STTP,AICTE_STTP,,
206,grants,CSE,DEPARTMENT,CSE,,,
206,grants,B.M.S. College of Engineering,ORG,B.M.S. College of Engineering,BMS_COLLEGE_OF_ENGINEERING,,
206,grants,Bengaluru,GPE,Bengaluru,BENGALURU,,
206,grants,VGST,FUNDING_AGENCY,VGST,VGST,,
207,grants,IS,DEPARTMENT,IS,,,
207,grants,B.M.S. College of Engineering,ORG,B.M.S. College of Engineering,BMS_COLLEGE_OF_ENGINEERING,,
207,grants,Bengaluru,GPE,Bengaluru,BENGALURU,,
207,grants,AICTE,FUNDING_AGENCY,AICTE,AICTE,,
208,grants,ISE,DEPARTMENT,ISE,,,
208,grants,B.M.S. College of Engineering,ORG,B.M.S. College of Engineering,BMS_COLLEGE_OF_ENGINEERING,,
208,grants,Bengaluru,GPE,Bengaluru,BENGALURU,,
208,grants,VGST,FUNDING_AGENCY,VGST,VGST,,
209,grants,CSE,DEPARTMENT,CSE,,,
209,grants,M.S. Ramaiah Institute of Technology,ORG,M S Ramaiah Institute of Technology,M_S_RAMAIAH_INSTITUTE_OF_TECHNOLOGY,,
209,grants,Bengaluru,GPE,Bengaluru,BENGALURU,,
210,grants,CSE,DEPARTMENT,CSE,,,
210,grants,M.S. Ramaiah Institute of Technology,ORG,M S Ramaiah Institute of Technology,M_S_RAMAIAH_INSTITUTE_OF_TECHNOLOGY,,
210,grants,Bengaluru,GPE,Bengaluru,BENGALURU,,
211,grants,ECE,DEPARTMENT,ECE,,,
211,grants,M.S. Ramaiah Institute of Technology,ORG,M S Ramaiah Institute of Technology,M_S_RAMAIAH_INSTITUTE_OF_TECHNOLOGY,,
211,grants,Bengaluru,GPE,Bengaluru,BENGALURU,,
212,grants,CSE,DEPARTMENT,CSE,,,
212,grants,M.S. Ramaiah Institute of Technology,ORG,M S Ramaiah Institute of Technology,M_S_RAMAIAH_INSTITUTE_OF_TECHNOLOGY,,
212,grants,Bengaluru,GPE,Bengaluru,BENGALURU,,
213,grants,CSE,DEPARTMENT,CSE,,,
213,grants,M.S. Ramaiah Institute of Technology,ORG,M S Ramaiah Institute of Technology,M_S_RAMAIAH_INSTITUTE_OF_TECHNOLOGY,,
213,grants,Bengaluru,GPE,Bengaluru,BENGALURU,,
214,grants,CSE,DEPARTMENT,CSE,,,
214,grants,M.S. Ramaiah Institute of Technology,ORG,M S Ramaiah Institute of Technology,M_S_RAMAIAH_INSTITUTE_OF_TECHNOLOGY,,
214,grants,Bengaluru,GPE,Bengaluru,BENGALURU,,
214,grants,DST,FUNDING_AGENCY,DST,DST,,
215,grants,CSE,DEPARTMENT,CSE,,,
215,grants,M.S. Ramaiah Institute of Technology,ORG,M S Ramaiah Institute of Technology,M_S_RAMAIAH_INSTITUTE_OF_TECHNOLOGY,,
215,grants,Bengaluru,GPE,Bengaluru,BENGALURU,,
216,grants,ECE,DEPARTMENT,ECE,,,
216,grants,M.S. Ramaiah Institute of Technology,ORG,M S Ramaiah Institute of Technology,M_S_RAMAIAH_INSTITUTE_OF_TECHNOLOGY,,
216,grants,Bengaluru,GPE,Bengaluru,BENGALURU,,
217,grants,CSE,DEPARTMENT,CSE,,,
217,grants,M.S. Ramaiah Institute of Technology,ORG,M S Ramaiah Institute of Technology,M_S_RAMAIAH_INSTITUTE_OF_TECHNOLOGY,,
217,grants,Bengaluru,GPE,Bengaluru,BENGALURU,,
218,grants,CSE,DEPARTMENT,CSE,,,
218,grants,M.S. Ramaiah Institute of Technology,ORG,M S Ramaiah Institute of Technology,M_S_RAMAIAH_INSTITUTE_OF_TECHNOLOGY,,
218,grants,Bengaluru,GPE,Bengaluru,BENGALURU,,
219,grants,CSE,DEPARTMENT,CSE,,,
219,grants,M.S. Ramaiah Institute of Technology,ORG,M S Ramaiah Institute of Technology,M_S_RAMAIAH_INSTITUTE_OF_TECHNOLOGY,,
219,grants,Bengaluru,GPE,Bengaluru,BENGALURU,,
219,grants,31-08-2021,FUNDING_AGENCY,31-08-2021,,,
220,grants,CSE,DEPARTMENT,CSE,,,
220,grants,M.S. Ramaiah Institute of Technology,ORG,M S Ramaiah Institute of Technology,M_S_RAMAIAH_INSTITUTE_OF_TECHNOLOGY,,
220,grants,Bengaluru,GPE,Bengaluru,BENGALURU,,
221,grants,2022,DATE,2022,,14,18
221,grants,CSE,DEPARTMENT,CSE,,,
221,grants,M.S. Ramaiah Institute of Technology,ORG,M S Ramaiah Institute of Technology,M_S_RAMAIAH_INSTITUTE_OF_TECHNOLOGY,,
221,grants,Bengaluru,GPE,Bengaluru,BENGALURU,,
222,grants,CE,DEPARTMENT,CE,,,
222,grants,M.S. Ramaiah Institute of Technology,ORG,M S Ramaiah Institute of Technology,M_S_RAMAIAH_INSTITUTE_OF_TECHNOLOGY,,
222,grants,Bengaluru,GPE,Bengaluru,BENGALURU,,
223,grants,CE,DEPARTMENT,CE,,,
223,grants,M.S. Ramaiah Institute of Technology,ORG,M S Ramaiah Institute of Technology,M_S_RAMAIAH_INSTITUTE_OF_TECHNOLOGY,,
223,grants,Bengaluru,GPE,Bengaluru,BENGALURU,,
224,grants,ECE,DEPARTMENT,ECE,,,
224,grants,M.S. Ramaiah Institute of Technology,ORG,M S Ramaiah Institute of Technology,M_S_RAMAIAH_INSTITUTE_OF_TECHNOLOGY,,
224,grants,Bengaluru,GPE,Bengaluru,BENGALURU,,
225,grants,CE,DEPARTMENT,CE,,,
225,grants,M.S. Ramaiah Institute of Technology,ORG,M S Ramaiah Institute of Technology,M_S_RAMAIAH_INSTITUTE_OF_TECHNOLOGY,,
225,grants,Bengaluru,GPE,Bengaluru,BENGALURU,,
226,grants,India,GPE,India,INDIA,76,81
226,grants,ECE,DEPARTMENT,ECE,,,
226,grants,M.S. Ramaiah Institute of Technology,ORG,M S Ramaiah Institute of Technology,M_S_RAMAIAH_INSTITUTE_OF_TECHNOLOGY,,
226,grants,Bengaluru,GPE,Bengaluru,BENGALURU,,
227,grants,India,GPE,India,INDIA,60,65
227,grants,CE,DEPARTMENT,CE,,,
227,grants,M.S. Ramaiah Institute of Technology,ORG,M S Ramaiah Institute of Technology,M_S_RAMAIAH_INSTITUTE_OF_TECHNOLOGY,,
227,grants,Bengaluru,GPE,Bengaluru,BENGALURU,,
228,grants,CE,DEPARTMENT,CE,,,
228,grants,M.S. Ramaiah Institute of Technology,ORG,M S Ramaiah Institute of Technology,M_S_RAMAIAH_INSTITUTE_OF_TECHNOLOGY,,
228,grants,Bengaluru,GPE,Bengaluru,BENGALURU,,
229,grants,CSE,DEPARTMENT,CSE,,,
229,grants,CMR Institute of Technology,ORG,CMR Institute of Technology,CMR_INSTITUTE_OF_TECHNOLOGY,,
229,grants,Bengaluru,GPE,Bengaluru,BENGALURU,,
229,grants,SAARCI Automation solutions private limited,FUNDING_AGENCY,SAARCI Automation solutions private limited,SAARCI_AUTOMATION_SOLUTIONS_PRIVATE_LIMITED,,
230,grants,ECE,DEPARTMENT,ECE,,,
230,grants,CMR Institute of Technology,ORG,CMR Institute of Technology,CMR_INSTITUTE_OF_TECHNOLOGY,,
230,grants,Bengaluru,GPE,Bengaluru,BENGALURU,,
230,grants,VGST,FUNDING_AGENCY,VGST,VGST,,
231,grants,CSE,DEPARTMENT,CSE,,,
231,grants,CMR Institute of Technology,ORG,CMR Institute of Technology,CMR_INSTITUTE_OF_TECHNOLOGY,,
231,grants,Bengaluru,GPE,Bengaluru,BENGALURU,,
231,grants,Kalpavruksha Travel Solutions,FUNDING_AGENCY,Kalpavruksha Travel Solutions,KALPAVRUKSHA_TRAVEL_SOLUTIONS,,
232,grants,CSE,DEPARTMENT,CSE,,,
232,grants,CMR Institute of Technology,ORG,CMR Institute of Technology,CMR_INSTITUTE_OF_TECHNOLOGY,,
232,grants,Bengaluru,GPE,Bengaluru,BENGALURU,,
232,grants,Indian Servers Pvt. Ltd.,FUNDING_AGENCY,Indian Servers Pvt. Ltd.,INDIAN_SERVERS_PVT_LTD,,
233,grants,ECE,DEPARTMENT,ECE,,,
233,grants,CMR Institute of Technology,ORG,CMR Institute of Technology,CMR_INSTITUTE_OF_TECHNOLOGY,,
233,grants,Bengaluru,GPE,Bengaluru,BENGALURU,,
233,grants,Procom enterprises Pvt Ltd.,FUNDING_AGENCY,Procom enterprises Pvt Ltd.,PROCOM_ENTERPRISES_PVT_LTD,,
234,grants,ECE,DEPARTMENT,ECE,,,
234,grants,CMR Institute of Technology,ORG,CMR Institute of Technology,CMR_INSTITUTE_OF_TECHNOLOGY,,
234,grants,Bengaluru,GPE,Bengaluru,BENGALURU,,
234,grants,"AICTE/ MHRD IIC, POC contest winner, Government of India",FUNDING_AGENCY,"AICTE/ MHRD IIC, POC contest winner, Government of India",AICTE_MHRD_IIC_POC_CONTEST_WINNER_GOVERNMENT_OF_INDIA,,
235,grants,EEE,DEPARTMENT,EEE,,,
235,grants,CMR Institute of Technology,ORG,CMR Institute of Technology,CMR_INSTITUTE_OF_TECHNOLOGY,,
235,grants,Bengaluru,GPE,Bengaluru,BENGALURU,,
235,grants,VTU Financial Assistance for innovative Projects,FUNDING_AGENCY,VTU Financial Assistance for innovative Projects,VTU_FINANCIAL_ASSISTANCE_FOR_INNOVATIVE_PROJECTS,,
236,grants,EEE,DEPARTMENT,EEE,,,
236,grants,CMR Institute of Technology,ORG,CMR Institute of Technology,CMR_INSTITUTE_OF_TECHNOLOGY,,
236,grants,Bengaluru,GPE,Bengaluru,BENGALURU,,
236,grants,VTU Financial Assistance for innovative Projects,FUNDING_AGENCY,VTU Financial Assistance for innovative Projects,VTU_FINANCIAL_ASSISTANCE_FOR_INNOVATIVE_PROJECTS,,
237,grants,ECE,DEPARTMENT,ECE,,,
237,grants,CMR Institute of Technology,ORG,CMR Institute of Technology,CMR_INSTITUTE_OF_TECHNOLOGY,,
237,grants,Bengaluru,GPE,Bengaluru,BENGALURU,,
237,grants,VTU Financial Assistance for innovative Projects,FUNDING_AGENCY,VTU Financial Assistance for innovative Projects,VTU_FINANCIAL_ASSISTANCE_FOR_INNOVATIVE_PROJECTS,,
238,grants,ECE,DEPARTMENT,ECE,,,
238,grants,CMR Institute of Technology,ORG,CMR Institute of Technology,CMR_INSTITUTE_OF_TECHNOLOGY,,
238,grants,Bengaluru,GPE,Bengaluru,BENGALURU,,
238,grants,VTU Financial Assistance for innovative Projects,FUNDING_AGENCY,VTU Financial Assistance for innovative Projects,VTU_FINANCIAL_ASSISTANCE_FOR_INNOVATIVE_PROJECTS,,
239,grants,ISE,DEPARTMENT,ISE,,,
239,grants,CMR Institute of Technology,ORG,CMR Institute of Technology,CMR_INSTITUTE_OF_TECHNOLOGY,,
239,grants,Bengaluru,GPE,Bengaluru,BENGALURU,,
239,grants,VTU Financial Assistance for innovative Projects,FUNDING_AGENCY,VTU Financial Assistance for innovative Projects,VTU_FINANCIAL_ASSISTANCE_FOR_INNOVATIVE_PROJECTS,,
240,grants,ISE,DEPARTMENT,ISE,,,
240,grants,CMR Institute of Technology,ORG,CMR Institute of Technology,CMR_INSTITUTE_OF_TECHNOLOGY,,
240,grants,Bengaluru,GPE,Bengaluru,BENGALURU,,
240,grants,VTU Financial Assistance for innovative Projects,FUNDING_AGENCY,VTU Financial Assistance for innovative Projects,VTU_FINANCIAL_ASSISTANCE_FOR_INNOVATIVE_PROJECTS,,
241,grants,CSE,DEPARTMENT,CSE,,,
241,grants,CMR Institute of Technology,ORG,CMR Institute of Technology,CMR_INSTITUTE_OF_TECHNOLOGY,,
241,grants,Bengaluru,GPE,Bengaluru,BENGALURU,,
241,grants,VTU Financial Assistance for innovative Projects,FUNDING_AGENCY,VTU Financial Assistance for innovative Projects,VTU_FINANCIAL_ASSISTANCE_FOR_INNOVATIVE_PROJECTS,,
242,grants,CSE,DEPARTMENT,CSE,,,
242,grants,CMR Institute of Technology,ORG,CMR Institute of Technology,CMR_INSTITUTE_OF_TECHNOLOGY,,
242,grants,Bengaluru,GPE,Bengaluru,BENGALURU,,
242,grants,VTU Financial Assistance for innovative Projects,FUNDING_AGENCY,VTU Financial Assistance for innovative Projects,VTU_FINANCIAL_ASSISTANCE_FOR_INNOVATIVE_PROJECTS,,
243,grants,EEE,DEPARTMENT,EEE,,,
243,grants,R V College of Engineering,ORG,R V College of Engineering,R_V_COLLEGE_OF_ENGINEERING,,
243,grants,Bengaluru,GPE,Bengaluru,BENGALURU,,
243,grants,DST/WOS-B,FUNDING_AGENCY,DST/WOS-B,DSTWOSB,,
244,grants,EEE,DEPARTMENT,EEE,,,
244,grants,R V College of Engineering,ORG,R V College of Engineering,R_V_COLLEGE_OF_ENGINEERING,,
244,grants,Bengaluru,GPE,Bengaluru,BENGALURU,,
244,grants,FINP-INAE-NIAS,FUNDING_AGENCY,FINP-INAE-NIAS,FINPINAENIAS,,
246,grants,EEE,DEPARTMENT,EEE,,,
246,grants,CMR Institute of Technology,ORG,CMR Institute of Technology,CMR_INSTITUTE_OF_TECHNOLOGY,,
246,grants,Bengaluru,GPE,Bengaluru,BENGALURU,,
246,grants,ATAL-FDP,FUNDING_AGENCY,ATAL-FDP,ATALFDP,,
247,grants,CSE,DEPARTMENT,CSE,,,
247,grants,CMR Institute of Technology,ORG,CMR Institute of Technology,CMR_INSTITUTE_OF_TECHNOLOGY,,
247,grants,Bengaluru,GPE,Bengaluru,BENGALURU,,
247,grants,Karnataka State Council for Science and Technology(KSCST) for students project,FUNDING_AGENCY,Karnataka State Council for Science and Technology(KSCST) for students project,KARNATAKA_STATE_COUNCIL_FOR_SCIENCE_AND_TECHNOLOGYKSCST_FOR_STUDENTS_PROJECT,,
248,grants,ISE,DEPARTMENT,ISE,,,
248,grants,CMR Institute of Technology,ORG,CMR Institute of Technology,CMR_INSTITUTE_OF_TECHNOLOGY,,
248,grants,Bengaluru,GPE,Bengaluru,BENGALURU,,
248,grants,UBA,FUNDING_AGENCY,UBA,UBA,,
249,grants,EEE,DEPARTMENT,EEE,,,
249,grants,CMR Institute of Technology,ORG,CMR Institute of Technology,CMR_INSTITUTE_OF_TECHNOLOGY,,
249,grants,Bengaluru,GPE,Bengaluru,BENGALURU,,
249,grants,Karnataka State Council for Science and Technology(KSCST) for students project,FUNDING_AGENCY,Karnataka State Council for Science and Technology(KSCST) for students project,KARNATAKA_STATE_COUNCIL_FOR_SCIENCE_AND_TECHNOLOGYKSCST_FOR_STUDENTS_PROJECT,,
250,grants,CS,DEPARTMENT,CS,,,
250,grants,B.M.S. College of Engineering,ORG,B.M.S. College of Engineering,BMS_COLLEGE_OF_ENGINEERING,,
250,grants,Bengaluru,GPE,Bengaluru,BENGALURU,,
250,grants,KSCST,FUNDING_AGENCY,KSCST,KSCST,,
251,grants,EC,DEPARTMENT,EC,,,
251,grants,B.M.S. College of Engineering,ORG,B.M.S. College of Engineering,BMS_COLLEGE_OF_ENGINEERING,,
251,grants,Bengaluru,GPE,Bengaluru,BENGALURU,,
251,grants,AICTE,FUNDING_AGENCY,AICTE,AICTE,,
253,grants,ECE,DEPARTMENT,ECE,,,
253,grants,B.M.S. College of Engineering,ORG,B.M.S. College of Engineering,BMS_COLLEGE_OF_ENGINEERING,,
253,grants,Bengaluru,GPE,Bengaluru,BENGALURU,,
253,grants,Pvt Fund,FUNDING_AGENCY,Pvt Fund,PVT_FUND,,
252,grants,ECE,DEPARTMENT,ECE,,,
252,grants,B.M.S. College of Engineering,ORG,B.M.S. College of Engineering,BMS_COLLEGE_OF_ENGINEERING,,
252,grants,Bengaluru,GPE,Bengaluru,BENGALURU,,
252,grants,VGST,FUNDING_AGENCY,VGST,VGST,,
254,grants,EIE,DEPARTMENT,EIE,,,
254,grants,B.M.S. College of Engineering,ORG,B.M.S. College of Engineering,BMS_COLLEGE_OF_ENGINEERING,,
254,grants,Bengaluru,GPE,Bengaluru,BENGALURU,,
254,grants,GIAN,FUNDING_AGENCY,GIAN,GIAN,,
255,grants,ISE,DEPARTMENT,ISE,,,
255,grants,B.M.S. College of Engineering,ORG,B.M.S. College of Engineering,BMS_COLLEGE_OF_ENGINEERING,,
255,grants,Bengaluru,GPE,Bengaluru,BENGALURU,,
255,grants,DST-TIH,FUNDING_AGENCY,DST-TIH,DSTTIH,,
256,grants,2022,DATE,2022,,106,110
256,grants,ISE,DEPARTMENT,ISE,,,
256,grants,B.M.S. College of Engineering,ORG,B.M.S. College of Engineering,BMS_COLLEGE_OF_ENGINEERING,,
256,grants,Bengaluru,GPE,Bengaluru,BENGALURU,,
256,grants,DST-TIH,FUNDING_AGENCY,DST-TIH,DSTTIH,,
257,grants,MATH,DEPARTMENT,MATH,,,
257,grants,B.M.S. College of Engineering,ORG,B.M.S. College of Engineering,BMS_COLLEGE_OF_ENGINEERING,,
257,grants,Bengaluru,GPE,Bengaluru,BENGALURU,,
257,grants,VGST,FUNDING_AGENCY,VGST,VGST,,
258,grants,PHY,DEPARTMENT,PHY,,,
258,grants,B.M.S. College of Engineering,ORG,B.M.S. College of Engineering,BMS_COLLEGE_OF_ENGINEERING,,
258,grants,Bengaluru,GPE,Bengaluru,BENGALURU,,
258,grants,ANRF,FUNDING_AGENCY,ANRF,ANRF,,
259,grants,ECE,DEPARTMENT,ECE,,,
259,grants,M.S. Ramaiah Institute of Technology,ORG,M S Ramaiah Institute of Technology,M_S_RAMAIAH_INSTITUTE_OF_TECHNOLOGY,,
259,grants,Bengaluru,GPE,Bengaluru,BENGALURU,,
260,grants,India,GPE,India,INDIA,49,54
260,grants,EEE,DEPARTMENT,EEE,,,
260,grants,CMR Institute of Technology,ORG,CMR Institute of Technology,CMR_INSTITUTE_OF_TECHNOLOGY,,
260,grants,Bengaluru,GPE,Bengaluru,BENGALURU,,
260,grants,Karnataka State Govt.,FUNDING_AGENCY,Karnataka State Govt.,KARNATAKA_STATE_GOVT,,
261,grants,EEE,DEPARTMENT,EEE,,,
261,grants,CMR Institute of Technology,ORG,CMR Institute of Technology,CMR_INSTITUTE_OF_TECHNOLOGY,,
261,grants,Bengaluru,GPE,Bengaluru,BENGALURU,,
261,grants,Karnataka State Govt.,FUNDING_AGENCY,Karnataka State Govt.,KARNATAKA_STATE_GOVT,,
262,grants,EEE,DEPARTMENT,EEE,,,
262,grants,CMR Institute of Technology,ORG,CMR Institute of Technology,CMR_INSTITUTE_OF_TECHNOLOGY,,
262,grants,Bengaluru,GPE,Bengaluru,BENGALURU,,
262,grants,Karnataka State Govt.,FUNDING_AGENCY,Karnataka State Govt.,KARNATAKA_STATE_GOVT,,
263,grants,ISE,DEPARTMENT,ISE,,,
263,grants,CMR Institute of Technology,ORG,CMR Institute of Technology,CMR_INSTITUTE_OF_TECHNOLOGY,,
263,grants,Bengaluru,GPE,Bengaluru,BENGALURU,,
263,grants,"VGST, KSTePS, GoK",FUNDING_AGENCY,"VGST, KSTePS, GoK",VGST_KSTEPS_GOK,,
264,grants,ECE,DEPARTMENT,ECE,,,
264,grants,CMR Institute of Technology,ORG,CMR Institute of Technology,CMR_INSTITUTE_OF_TECHNOLOGY,,
264,grants,Bengaluru,GPE,Bengaluru,BENGALURU,,
264,grants,VTU-Research Grant Scheme,FUNDING_AGENCY,VTU-Research Grant Scheme,VTURESEARCH_GRANT_SCHEME,,
265,grants,ECE,DEPARTMENT,ECE,,,
265,grants,CMR Institute of Technology,ORG,CMR Institute of Technology,CMR_INSTITUTE_OF_TECHNOLOGY,,
265,grants,Bengaluru,GPE,Bengaluru,BENGALURU,,
265,grants,ANRF,FUNDING_AGENCY,ANRF,ANRF,,
266,grants,ECE,DEPARTMENT,ECE,,,
266,grants,CMR Institute of Technology,ORG,CMR Institute of Technology,CMR_INSTITUTE_OF_TECHNOLOGY,,
266,grants,Bengaluru,GPE,Bengaluru,BENGALURU,,
266,grants,KSCST,FUNDING_AGENCY,KSCST,KSCST,,
267,grants,ECE,DEPARTMENT,ECE,,,
267,grants,CMR Institute of Technology,ORG,CMR Institute of Technology,CMR_INSTITUTE_OF_TECHNOLOGY,,
267,grants,Bengaluru,GPE,Bengaluru,BENGALURU,,
267,grants,KSCST,FUNDING_AGENCY,KSCST,KSCST,,
268,grants,EEE,DEPARTMENT,EEE,,,
268,grants,R V College of Engineering,ORG,R V College of Engineering,R_V_COLLEGE_OF_ENGINEERING,,
268,grants,Bengaluru,GPE,Bengaluru,BENGALURU,,
268,grants,"IIT, Roorkee under MNRE",FUNDING_AGENCY,"IIT, Roorkee under MNRE",IIT_ROORKEE_UNDER_MNRE,,
269,grants,EEE,DEPARTMENT,EEE,,,
269,grants,R V College of Engineering,ORG,R V College of Engineering,R_V_COLLEGE_OF_ENGINEERING,,
269,grants,Bengaluru,GPE,Bengaluru,BENGALURU,,
269,grants,IFERP â Innovative Project Seed Funding,FUNDING_AGENCY,IFERP â Innovative Project Seed Funding,IFERP_Â_INNOVATIVE_PROJECT_SEED_FUNDING,,
270,grants,EEE,DEPARTMENT,EEE,,,
270,grants,R V College of Engineering,ORG,R V College of Engineering,R_V_COLLEGE_OF_ENGINEERING,,
270,grants,Bengaluru,GPE,Bengaluru,BENGALURU,,
270,grants,FINP-INAE-NIAS,FUNDING_AGENCY,FINP-INAE-NIAS,FINPINAENIAS,,
271,grants,EEE,DEPARTMENT,EEE,,,
271,grants,R V College of Engineering,ORG,R V College of Engineering,R_V_COLLEGE_OF_ENGINEERING,,
271,grants,Bengaluru,GPE,Bengaluru,BENGALURU,,
271,grants,FINP-INAE-NIAS,FUNDING_AGENCY,FINP-INAE-NIAS,FINPINAENIAS,,
272,grants,IISc,ORG,Indian Institute of Science Bangalore,INDIAN_INSTITUTE_OF_SCIENCE_BANGALORE,42,46
272,grants,EEE,DEPARTMENT,EEE,,,
272,grants,R V College of Engineering,ORG,R V College of Engineering,R_V_COLLEGE_OF_ENGINEERING,,
272,grants,Bengaluru,GPE,Bengaluru,BENGALURU,,
272,grants,Wipro (Interdisciplinary College Project),FUNDING_AGENCY,Wipro (Interdisciplinary College Project),WIPRO_INTERDISCIPLINARY_COLLEGE_PROJECT,,
273,grants,DST,FUNDING_AGENCY,DST,DST,1,4
273,grants,ECE,DEPARTMENT,ECE,,,
273,grants,Dayananda Sagar College of Engineering,ORG,Dayananda Sagar College of Engineering,DAYANANDA_SAGAR_COLLEGE_OF_ENGINEERING,,
273,grants,Bengaluru,GPE,Bengaluru,BENGALURU,,
274,grants,ECE,DEPARTMENT,ECE,,,
274,grants,Dayananda Sagar College of Engineering,ORG,Dayananda Sagar College of Engineering,DAYANANDA_SAGAR_COLLEGE_OF_ENGINEERING,,
274,grants,Bengaluru,GPE,Bengaluru,BENGALURU,,
274,grants,KSCST,FUNDING_AGENCY,KSCST,KSCST,,
275,grants,CS,DEPARTMENT,CS,,,
275,grants,B.M.S. College of Engineering,ORG,B.M.S. College of Engineering,BMS_COLLEGE_OF_ENGINEERING,,
275,grants,Bengaluru,GPE,Bengaluru,BENGALURU,,
275,grants,Pvt Fund,FUNDING_AGENCY,Pvt Fund,PVT_FUND,,
276,grants,CS,DEPARTMENT,CS,,,
276,grants,B.M.S. College of Engineering,ORG,B.M.S. College of Engineering,BMS_COLLEGE_OF_ENGINEERING,,
276,grants,Bengaluru,GPE,Bengaluru,BENGALURU,,
276,grants,AICTE,FUNDING_AGENCY,AICTE,AICTE,,
277,grants,CS,DEPARTMENT,CS,,,
277,grants,B.M.S. College of Engineering,ORG,B.M.S. College of Engineering,BMS_COLLEGE_OF_ENGINEERING,,
277,grants,Bengaluru,GPE,Bengaluru,BENGALURU,,
277,grants,AICTE,FUNDING_AGENCY,AICTE,AICTE,,
278,grants,Bengaluru,GPE,Bengaluru,BENGALURU,131,140
278,grants,EC,DEPARTMENT,EC,,,
278,grants,B.M.S. College of Engineering,ORG,B.M.S. College of Engineering,BMS_COLLEGE_OF_ENGINEERING,,
278,grants,GOI-Ministry of Electronic & Informatin Technology- Meit Y,FUNDING_AGENCY,GOI-Ministry of Electronic & Informatin Technology- Meit Y,GOIMINISTRY_OF_ELECTRONIC_INFORMATIN_TECHNOLOGY_MEIT_Y,,
279,grants,EC,DEPARTMENT,EC,,,
279,grants,B.M.S. College of Engineering,ORG,B.M.S. College of Engineering,BMS_COLLEGE_OF_ENGINEERING,,
279,grants,Bengaluru,GPE,Bengaluru,BENGALURU,,
279,grants,PVT,FUNDING_AGENCY,PVT,PVT,,
280,grants,2023,DATE,2023,,13,17
280,grants,2023,DATE,2023,,53,57
280,grants,2023,DATE,2023,,70,74
280,grants,EE,DEPARTMENT,EE,,,
280,grants,B.M.S. College of Engineering,ORG,B.M.S. College of Engineering,BMS_COLLEGE_OF_ENGINEERING,,
280,grants,Bengaluru,GPE,Bengaluru,BENGALURU,,
280,grants,ANRF,FUNDING_AGENCY,ANRF,ANRF,,
281,grants,EE,DEPARTMENT,EE,,,
281,grants,B.M.S. College of Engineering,ORG,B.M.S. College of Engineering,BMS_COLLEGE_OF_ENGINEERING,,
281,grants,Bengaluru,GPE,Bengaluru,BENGALURU,,
281,grants,ANRF,FUNDING_AGENCY,ANRF,ANRF,,
282,grants,EE,DEPARTMENT,EE,,,
282,grants,B.M.S. College of Engineering,ORG,B.M.S. College of Engineering,BMS_COLLEGE_OF_ENGINEERING,,
282,grants,Bengaluru,GPE,Bengaluru,BENGALURU,,
282,grants,AICTE,FUNDING_AGENCY,AICTE,AICTE,,
283,grants,IS,DEPARTMENT,IS,,,
283,grants,B.M.S. College of Engineering,ORG,B.M.S. College of Engineering,BMS_COLLEGE_OF_ENGINEERING,,
283,grants,Bengaluru,GPE,Bengaluru,BENGALURU,,
283,grants,Pvt Fund,FUNDING_AGENCY,Pvt Fund,PVT_FUND,,
284,grants,MAT,DEPARTMENT,MAT,,,
284,grants,B.M.S. College of Engineering,ORG,B.M.S. College of Engineering,BMS_COLLEGE_OF_ENGINEERING,,
284,grants,Bengaluru,GPE,Bengaluru,BENGALURU,,
284,grants,IIS,FUNDING_AGENCY,IIS,IIS,,
285,grants,ML,DEPARTMENT,ML,,,
285,grants,B.M.S. College of Engineering,ORG,B.M.S. College of Engineering,BMS_COLLEGE_OF_ENGINEERING,,
285,grants,Bengaluru,GPE,Bengaluru,BENGALURU,,
285,grants,Pvt Fund,FUNDING_AGENCY,Pvt Fund,PVT_FUND,,
286,grants,ML,DEPARTMENT,ML,,,
286,grants,B.M.S. College of Engineering,ORG,B.M.S. College of Engineering,BMS_COLLEGE_OF_ENGINEERING,,
286,grants,Bengaluru,GPE,Bengaluru,BENGALURU,,
286,grants,ANRF,FUNDING_AGENCY,ANRF,ANRF,,
287,grants,ML,DEPARTMENT,ML,,,
287,grants,B.M.S. College of Engineering,ORG,B.M.S. College of Engineering,BMS_COLLEGE_OF_ENGINEERING,,
287,grants,Bengaluru,GPE,Bengaluru,BENGALURU,,
287,grants,DST,FUNDING_AGENCY,DST,DST,,
288,grants,MSME,FUNDING_AGENCY,MSME,MSME,42,46
288,grants,ML,DEPARTMENT,ML,,,
288,grants,B.M.S. College of Engineering,ORG,B.M.S. College of Engineering,BMS_COLLEGE_OF_ENGINEERING,,
288,grants,Bengaluru,GPE,Bengaluru,BENGALURU,,
289,grants,EEE,DEPARTMENT,EEE,,,
289,grants,CMR Institute of Technology,ORG,CMR Institute of Technology,CMR_INSTITUTE_OF_TECHNOLOGY,,
289,grants,Bengaluru,GPE,Bengaluru,BENGALURU,,
289,grants,State Govt,FUNDING_AGENCY,State Govt,STATE_GOVT,,
290,grants,ISE,DEPARTMENT,ISE,,,
290,grants,CMR Institute of Technology,ORG,CMR Institute of Technology,CMR_INSTITUTE_OF_TECHNOLOGY,,
290,grants,Bengaluru,GPE,Bengaluru,BENGALURU,,
290,grants,"KSCST, DST, GoK",FUNDING_AGENCY,"KSCST, DST, GoK",KSCST_DST_GOK,,
291,grants,ISE,DEPARTMENT,ISE,,,
291,grants,CMR Institute of Technology,ORG,CMR Institute of Technology,CMR_INSTITUTE_OF_TECHNOLOGY,,
291,grants,Bengaluru,GPE,Bengaluru,BENGALURU,,
291,grants,"KSCST, DST, GoK",FUNDING_AGENCY,"KSCST, DST, GoK",KSCST_DST_GOK,,
292,grants,EEE,DEPARTMENT,EEE,,,
292,grants,CMR Institute of Technology,ORG,CMR Institute of Technology,CMR_INSTITUTE_OF_TECHNOLOGY,,
292,grants,Bengaluru,GPE,Bengaluru,BENGALURU,,
292,grants,AICTE,FUNDING_AGENCY,AICTE,AICTE,,
293,grants,CSE,DEPARTMENT,CSE,,,
293,grants,CMR Institute of Technology,ORG,CMR Institute of Technology,CMR_INSTITUTE_OF_TECHNOLOGY,,
293,grants,Bengaluru,GPE,Bengaluru,BENGALURU,,
293,grants,AICTE ATAL-FDP,FUNDING_AGENCY,AICTE ATAL-FDP,AICTE_ATALFDP,,
294,grants,CSE,DEPARTMENT,CSE,,,
294,grants,CMR Institute of Technology,ORG,CMR Institute of Technology,CMR_INSTITUTE_OF_TECHNOLOGY,,
294,grants,Bengaluru,GPE,Bengaluru,BENGALURU,,
294,grants,AICTE ATAL-FDP,FUNDING_AGENCY,AICTE ATAL-FDP,AICTE_ATALFDP,,
295,grants,ECE,DEPARTMENT,ECE,,,
295,grants,CMR Institute of Technology,ORG,CMR Institute of Technology,CMR_INSTITUTE_OF_TECHNOLOGY,,
295,grants,Bengaluru,GPE,Bengaluru,BENGALURU,,
295,grants,ANRF,FUNDING_AGENCY,ANRF,ANRF,,
296,grants,ECE,DEPARTMENT,ECE,,,
296,grants,CMR Institute of Technology,ORG,CMR Institute of Technology,CMR_INSTITUTE_OF_TECHNOLOGY,,
296,grants,Bengaluru,GPE,Bengaluru,BENGALURU,,
296,grants,AICTE ATAL-FDP,FUNDING_AGENCY,AICTE ATAL-FDP,AICTE_ATALFDP,,
297,grants,ECE,DEPARTMENT,ECE,,,
297,grants,CMR Institute of Technology,ORG,CMR Institute of Technology,CMR_INSTITUTE_OF_TECHNOLOGY,,
297,grants,Bengaluru,GPE,Bengaluru,BENGALURU,,
297,grants,DST,FUNDING_AGENCY,DST,DST,,
298,grants,EEE,DEPARTMENT,EEE,,,
298,grants,R V College of Engineering,ORG,R V College of Engineering,R_V_COLLEGE_OF_ENGINEERING,,
298,grants,Bengaluru,GPE,Bengaluru,BENGALURU,,
298,grants,KSCST student project Programme,FUNDING_AGENCY,KSCST student project programme,KSCST_STUDENT_PROJECT_PROGRAMME,,
299,grants,EEE,DEPARTMENT,EEE,,,
299,grants,R V College of Engineering,ORG,R V College of Engineering,R_V_COLLEGE_OF_ENGINEERING,,
299,grants,Bengaluru,GPE,Bengaluru,BENGALURU,,
299,grants,KSCST student project programme,FUNDING_AGENCY,KSCST student project programme,KSCST_STUDENT_PROJECT_PROGRAMME,,
300,grants,CSE,DEPARTMENT,CSE,,,
300,grants,R V College of Engineering,ORG,R V College of Engineering,R_V_COLLEGE_OF_ENGINEERING,,
300,grants,Bengaluru,GPE,Bengaluru,BENGALURU,,
300,grants,AICTE,FUNDING_AGENCY,AICTE,AICTE,,
301,grants,ECE,DEPARTMENT,ECE,,,
301,grants,R V College of Engineering,ORG,R V College of Engineering,R_V_COLLEGE_OF_ENGINEERING,,
301,grants,Bengaluru,GPE,Bengaluru,BENGALURU,,
301,grants,AICTE,FUNDING_AGENCY,AICTE,AICTE,,
302,grants,2023,DATE,2023,,106,110
302,grants,2023,DATE,2023,,120,124
302,grants,AIML,DEPARTMENT,AIML,,,
302,grants,R V College of Engineering,ORG,R V College of Engineering,R_V_COLLEGE_OF_ENGINEERING,,
302,grants,Bengaluru,GPE,Bengaluru,BENGALURU,,
302,grants,AICTE,FUNDING_AGENCY,AICTE,AICTE,,
303,grants,ECE,DEPARTMENT,ECE,,,
303,grants,Dayananda Sagar College of Engineering,ORG,Dayananda Sagar College of Engineering,DAYANANDA_SAGAR_COLLEGE_OF_ENGINEERING,,
303,grants,Bengaluru,GPE,Bengaluru,BENGALURU,,
303,grants,ANRF,FUNDING_AGENCY,ANRF,ANRF,,
304,grants,CS,DEPARTMENT,CS,,,
304,grants,B.M.S. College of Engineering,ORG,B.M.S. College of Engineering,BMS_COLLEGE_OF_ENGINEERING,,
304,grants,Bengaluru,GPE,Bengaluru,BENGALURU,,
304,grants,Pvt Grants,FUNDING_AGENCY,Pvt Grants,PVT_GRANTS,,
305,grants,CS,DEPARTMENT,CS,,,
305,grants,B.M.S. College of Engineering,ORG,B.M.S. College of Engineering,BMS_COLLEGE_OF_ENGINEERING,,
305,grants,Bengaluru,GPE,Bengaluru,BENGALURU,,
305,grants,Pvt Grants,FUNDING_AGENCY,Pvt Grants,PVT_GRANTS,,
306,grants,EE,DEPARTMENT,EE,,,
306,grants,B.M.S. College of Engineering,ORG,B.M.S. College of Engineering,BMS_COLLEGE_OF_ENGINEERING,,
306,grants,Bengaluru,GPE,Bengaluru,BENGALURU,,
306,grants,ER&IPR -Govt of India,FUNDING_AGENCY,ER&IPR -Govt of India,ERIPR_GOVT_OF_INDIA,,
307,grants,CSE,DEPARTMENT,CSE,,,
307,grants,CMR Institute of Technology,ORG,CMR Institute of Technology,CMR_INSTITUTE_OF_TECHNOLOGY,,
307,grants,Bengaluru,GPE,Bengaluru,BENGALURU,,
307,grants,MSME,FUNDING_AGENCY,MSME,MSME,,
308,grants,CSE,DEPARTMENT,CSE,,,
308,grants,CMR Institute of Technology,ORG,CMR Institute of Technology,CMR_INSTITUTE_OF_TECHNOLOGY,,
308,grants,Bengaluru,GPE,Bengaluru,BENGALURU,,
308,grants,UBA,FUNDING_AGENCY,UBA,UBA,,
309,grants,ECE,DEPARTMENT,ECE,,,
309,grants,CMR Institute of Technology,ORG,CMR Institute of Technology,CMR_INSTITUTE_OF_TECHNOLOGY,,
309,grants,Bengaluru,GPE,Bengaluru,BENGALURU,,
309,grants,KSCST,FUNDING_AGENCY,KSCST,KSCST,,
310,grants,ECE,DEPARTMENT,ECE,,,
310,grants,CMR Institute of Technology,ORG,CMR Institute of Technology,CMR_INSTITUTE_OF_TECHNOLOGY,,
310,grants,Bengaluru,GPE,Bengaluru,BENGALURU,,
310,grants,ANRF,FUNDING_AGENCY,ANRF,ANRF,,
311,grants,ECE,DEPARTMENT,ECE,,,
311,grants,CMR Institute of Technology,ORG,CMR Institute of Technology,CMR_INSTITUTE_OF_TECHNOLOGY,,
311,grants,Bengaluru,GPE,Bengaluru,BENGALURU,,
311,grants,KSCST,FUNDING_AGENCY,KSCST,KSCST,,
312,grants,CSE,DEPARTMENT,CSE,,,
312,grants,CMR Institute of Technology,ORG,CMR Institute of Technology,CMR_INSTITUTE_OF_TECHNOLOGY,,
312,grants,Bengaluru,GPE,Bengaluru,BENGALURU,,
312,grants,UBA,FUNDING_AGENCY,UBA,UBA,,
313,grants,CSE,DEPARTMENT,CSE,,,
313,grants,CMR Institute of Technology,ORG,CMR Institute of Technology,CMR_INSTITUTE_OF_TECHNOLOGY,,
313,grants,Bengaluru,GPE,Bengaluru,BENGALURU,,
313,grants,UBA,FUNDING_AGENCY,UBA,UBA,,
314,grants,ECE,DEPARTMENT,ECE,,,
314,grants,CMR Institute of Technology,ORG,CMR Institute of Technology,CMR_INSTITUTE_OF_TECHNOLOGY,,
314,grants,Bengaluru,GPE,Bengaluru,BENGALURU,,
314,grants,UBA,FUNDING_AGENCY,UBA,UBA,,
315,grants,ECE,DEPARTMENT,ECE,,,
315,grants,CMR Institute of Technology,ORG,CMR Institute of Technology,CMR_INSTITUTE_OF_TECHNOLOGY,,
315,grants,Bengaluru,GPE,Bengaluru,BENGALURU,,
315,grants,UBA,FUNDING_AGENCY,UBA,UBA,,
316,grants,ECE,DEPARTMENT,ECE,,,
316,grants,CMR Institute of Technology,ORG,CMR Institute of Technology,CMR_INSTITUTE_OF_TECHNOLOGY,,
316,grants,Bengaluru,GPE,Bengaluru,BENGALURU,,
316,grants,UBA,FUNDING_AGENCY,UBA,UBA,,
318,grants,AICTE,FUNDING_AGENCY,AICTE,AICTE,0,5
318,grants,ECE,DEPARTMENT,ECE,,,
318,grants,CMR Institute of Technology,ORG,CMR Institute of Technology,CMR_INSTITUTE_OF_TECHNOLOGY,,
318,grants,Bengaluru,GPE,Bengaluru,BENGALURU,,
319,grants,CSE,DEPARTMENT,CSE,,,
319,grants,CMR Institute of Technology,ORG,CMR Institute of Technology,CMR_INSTITUTE_OF_TECHNOLOGY,,
319,grants,Bengaluru,GPE,Bengaluru,BENGALURU,,
319,grants,"Ministry of MSME,
Government of India",FUNDING_AGENCY,"Ministry of MSME,
Government of India",,,
320,grants,CSE,DEPARTMENT,CSE,,,
320,grants,CMR Institute of Technology,ORG,CMR Institute of Technology,CMR_INSTITUTE_OF_TECHNOLOGY,,
320,grants,Bengaluru,GPE,Bengaluru,BENGALURU,,
320,grants,"Ministry of MSME,
Government of India",FUNDING_AGENCY,"Ministry of MSME,
Government of India",,,
321,grants,CSE,DEPARTMENT,CSE,,,
321,grants,CMR Institute of Technology,ORG,CMR Institute of Technology,CMR_INSTITUTE_OF_TECHNOLOGY,,
321,grants,Bengaluru,GPE,Bengaluru,BENGALURU,,
321,grants,"Ministry of MSME,
Government of India",FUNDING_AGENCY,"Ministry of MSME,
Government of India",,,
322,grants,CSE,DEPARTMENT,CSE,,,
322,grants,CMR Institute of Technology,ORG,CMR Institute of Technology,CMR_INSTITUTE_OF_TECHNOLOGY,,
322,grants,Bengaluru,GPE,Bengaluru,BENGALURU,,
322,grants,"Ministry of MSME,
Government of India",FUNDING_AGENCY,"Ministry of MSME,
Government of India",,,
323,grants,ECE,DEPARTMENT,ECE,,,
323,grants,CMR Institute of Technology,ORG,CMR Institute of Technology,CMR_INSTITUTE_OF_TECHNOLOGY,,
323,grants,Bengaluru,GPE,Bengaluru,BENGALURU,,
323,grants,"DST
Link",FUNDING_AGENCY,"DST
Link",,,
324,grants,CSE,DEPARTMENT,CSE,,,
324,grants,CMR Institute of Technology,ORG,CMR Institute of Technology,CMR_INSTITUTE_OF_TECHNOLOGY,,
324,grants,Bengaluru,GPE,Bengaluru,BENGALURU,,
324,grants,"Ministry of MSME, Government of India",FUNDING_AGENCY,"Ministry of MSME, Government of India",MINISTRY_OF_MSME_GOVERNMENT_OF_INDIA,,
325,grants,CSE,DEPARTMENT,CSE,,,
325,grants,CMR Institute of Technology,ORG,CMR Institute of Technology,CMR_INSTITUTE_OF_TECHNOLOGY,,
325,grants,Bengaluru,GPE,Bengaluru,BENGALURU,,
325,grants,"Ministry of MSME, Government of India",FUNDING_AGENCY,"Ministry of MSME, Government of India",MINISTRY_OF_MSME_GOVERNMENT_OF_INDIA,,
326,grants,EEE,DEPARTMENT,EEE,,,
326,grants,R V College of Engineering,ORG,R V College of Engineering,R_V_COLLEGE_OF_ENGINEERING,,
326,grants,Bengaluru,GPE,Bengaluru,BENGALURU,,
326,grants,Swan Sorter Systems Pvt Ltd,FUNDING_AGENCY,Swan Sorter Systems Pvt Ltd,SWAN_SORTER_SYSTEMS_PVT_LTD,,
327,grants,EEE,DEPARTMENT,EEE,,,
327,grants,R V College of Engineering,ORG,R V College of Engineering,R_V_COLLEGE_OF_ENGINEERING,,
327,grants,Bengaluru,GPE,Bengaluru,BENGALURU,,
327,grants,Greeneria Pvt Ltd,FUNDING_AGENCY,Greeneria Pvt Ltd,GREENERIA_PVT_LTD,,
328,grants,ECE,DEPARTMENT,ECE,,,
328,grants,R V College of Engineering,ORG,R V College of Engineering,R_V_COLLEGE_OF_ENGINEERING,,
328,grants,Bengaluru,GPE,Bengaluru,BENGALURU,,
328,grants,AICTE,FUNDING_AGENCY,AICTE,AICTE,,
329,grants,ETE,DEPARTMENT,ETE,,,
329,grants,R V College of Engineering,ORG,R V College of Engineering,R_V_COLLEGE_OF_ENGINEERING,,
329,grants,Bengaluru,GPE,Bengaluru,BENGALURU,,
329,grants,VTU,FUNDING_AGENCY,VTU,VTU,,
330,grants,ISE,DEPARTMENT,ISE,,,
330,grants,R V College of Engineering,ORG,R V College of Engineering,R_V_COLLEGE_OF_ENGINEERING,,
330,grants,Bengaluru,GPE,Bengaluru,BENGALURU,,
330,grants,Bat Conservation India Trust,FUNDING_AGENCY,Bat Conservation India Trust,BAT_CONSERVATION_INDIA_TRUST,,
331,grants,"ME, ECE",DEPARTMENT,"ME, ECE",,,
331,grants,R V College of Engineering,ORG,R V College of Engineering,R_V_COLLEGE_OF_ENGINEERING,,
331,grants,Bengaluru,GPE,Bengaluru,BENGALURU,,
331,grants,Tata technology,FUNDING_AGENCY,Tata technology,TATA_TECHNOLOGY,,
332,grants,ECE,DEPARTMENT,ECE,,,
332,grants,R V College of Engineering,ORG,R V College of Engineering,R_V_COLLEGE_OF_ENGINEERING,,
332,grants,Bengaluru,GPE,Bengaluru,BENGALURU,,
332,grants,MSME,FUNDING_AGENCY,MSME,MSME,,
333,grants,ECE,DEPARTMENT,ECE,,,
333,grants,R V College of Engineering,ORG,R V College of Engineering,R_V_COLLEGE_OF_ENGINEERING,,
333,grants,Bengaluru,GPE,Bengaluru,BENGALURU,,
333,grants,CSB-Central Silk Technological Research Institute (CSB-CSTRI),FUNDING_AGENCY,CSB-Central Silk Technological Research Institute (CSB-CSTRI),CSBCENTRAL_SILK_TECHNOLOGICAL_RESEARCH_INSTITUTE_CSBCSTRI,,
334,grants,EEE,DEPARTMENT,EEE,,,
334,grants,R V College of Engineering,ORG,R V College of Engineering,R_V_COLLEGE_OF_ENGINEERING,,
334,grants,Bengaluru,GPE,Bengaluru,BENGALURU,,
334,grants,ISRO,FUNDING_AGENCY,ISRO,ISRO,,
335,grants,EEE,DEPARTMENT,EEE,,,
335,grants,R V College of Engineering,ORG,R V College of Engineering,R_V_COLLEGE_OF_ENGINEERING,,
335,grants,Bengaluru,GPE,Bengaluru,BENGALURU,,
335,grants,ISRO,FUNDING_AGENCY,ISRO,ISRO,,
336,grants,ECE,DEPARTMENT,ECE,,,
336,grants,R V College of Engineering,ORG,R V College of Engineering,R_V_COLLEGE_OF_ENGINEERING,,
336,grants,Bengaluru,GPE,Bengaluru,BENGALURU,,
336,grants,CARS,FUNDING_AGENCY,CARS,CARS,,
337,grants,ECE,DEPARTMENT,ECE,,,
337,grants,R V College of Engineering,ORG,R V College of Engineering,R_V_COLLEGE_OF_ENGINEERING,,
337,grants,Bengaluru,GPE,Bengaluru,BENGALURU,,
337,grants,CSIR - EMR,FUNDING_AGENCY,CSIR - EMR,CSIR_EMR,,
338,grants,ECE,DEPARTMENT,ECE,,,
338,grants,R V College of Engineering,ORG,R V College of Engineering,R_V_COLLEGE_OF_ENGINEERING,,
338,grants,Bengaluru,GPE,Bengaluru,BENGALURU,,
338,grants,MSMI 4.0,FUNDING_AGENCY,MSMI 4.0,MSMI_40,,
339,grants,CSE,DEPARTMENT,CSE,,,
339,grants,R V College of Engineering,ORG,R V College of Engineering,R_V_COLLEGE_OF_ENGINEERING,,
339,grants,Bengaluru,GPE,Bengaluru,BENGALURU,,
339,grants,Secureinteli (Private-MNC),FUNDING_AGENCY,Secureinteli (Private-MNC),SECUREINTELI_PRIVATEMNC,,
340,grants,MSGP,FUNDING_AGENCY,MSGP,MSGP,98,102
340,grants,CSE,DEPARTMENT,CSE,,,
340,grants,R V College of Engineering,ORG,R V College of Engineering,R_V_COLLEGE_OF_ENGINEERING,,
340,grants,Bengaluru,GPE,Bengaluru,BENGALURU,,
341,grants,"ECE, ISE and ETE",DEPARTMENT,"ECE, ISE and ETE",,,
341,grants,R V College of Engineering,ORG,R V College of Engineering,R_V_COLLEGE_OF_ENGINEERING,,
341,grants,Bengaluru,GPE,Bengaluru,BENGALURU,,
341,grants,DG ECS DRDO,FUNDING_AGENCY,DG ECS DRDO,DG_ECS_DRDO,,
342,grants,"ECE, CSE RV
University",DEPARTMENT,"ECE, CSE RV
University",,,
342,grants,R V College of Engineering,ORG,R V College of Engineering,R_V_COLLEGE_OF_ENGINEERING,,
342,grants,Bengaluru,GPE,Bengaluru,BENGALURU,,
342,grants,ISRO-URSC,FUNDING_AGENCY,ISRO-URSC,ISROURSC,,
343,grants,ECE,DEPARTMENT,ECE,,,
343,grants,R V College of Engineering,ORG,R V College of Engineering,R_V_COLLEGE_OF_ENGINEERING,,
343,grants,Bengaluru,GPE,Bengaluru,BENGALURU,,
343,grants,Intugine Technologies Private Limited,FUNDING_AGENCY,Intugine Technologies Private Limited,INTUGINE_TECHNOLOGIES_PRIVATE_LIMITED,,
344,grants,"CS, ETE",DEPARTMENT,"CS, ETE",,,
344,grants,R V College of Engineering,ORG,R V College of Engineering,R_V_COLLEGE_OF_ENGINEERING,,
344,grants,Bengaluru,GPE,Bengaluru,BENGALURU,,
344,grants,DST Nidhi Prayas JIT,FUNDING_AGENCY,DST Nidhi Prayas JIT,DST_NIDHI_PRAYAS_JIT,,
345,grants,ECE,DEPARTMENT,ECE,,,
345,grants,R V College of Engineering,ORG,R V College of Engineering,R_V_COLLEGE_OF_ENGINEERING,,
345,grants,Bengaluru,GPE,Bengaluru,BENGALURU,,
345,grants,PreMedAI LABS,FUNDING_AGENCY,PreMedAI LABS,PREMEDAI_LABS,,
346,grants,"ECE,CSE",DEPARTMENT,"ECE,CSE",,,
346,grants,R V College of Engineering,ORG,R V College of Engineering,R_V_COLLEGE_OF_ENGINEERING,,
346,grants,Bengaluru,GPE,Bengaluru,BENGALURU,,
346,grants,PremedAI,FUNDING_AGENCY,PremedAI,PREMEDAI,,
347,grants,CSE,DEPARTMENT,CSE,,,
347,grants,R V College of Engineering,ORG,R V College of Engineering,R_V_COLLEGE_OF_ENGINEERING,,
347,grants,Bengaluru,GPE,Bengaluru,BENGALURU,,
347,grants,CASDIC - DRDO,FUNDING_AGENCY,CASDIC - DRDO,CASDIC_DRDO,,
348,grants,CSE,DEPARTMENT,CSE,,,
348,grants,R V College of Engineering,ORG,R V College of Engineering,R_V_COLLEGE_OF_ENGINEERING,,
348,grants,Bengaluru,GPE,Bengaluru,BENGALURU,,
348,grants,IITI Drishti CPS foundation,FUNDING_AGENCY,IITI Drishti CPS foundation,IITI_DRISHTI_CPS_FOUNDATION,,
349,grants,CSE,DEPARTMENT,CSE,,,
349,grants,R V College of Engineering,ORG,R V College of Engineering,R_V_COLLEGE_OF_ENGINEERING,,
349,grants,Bengaluru,GPE,Bengaluru,BENGALURU,,
349,grants,ISRO,FUNDING_AGENCY,ISRO,ISRO,,
350,grants,Engineering Sciences,DEPARTMENT,Engineering Sciences,,,
350,grants,B.M.S. College of Engineering,ORG,B.M.S. College of Engineering,BMS_COLLEGE_OF_ENGINEERING,,
350,grants,Bengaluru,GPE,Bengaluru,BENGALURU,,
350,grants,Department of Science and Technology (DST),FUNDING_AGENCY,Department of Science and Technology (DST),DEPARTMENT_OF_SCIENCE_AND_TECHNOLOGY_DST,,
351,grants,Engineering Sciences,DEPARTMENT,Engineering Sciences,,,
351,grants,Indian Institute of Science Bangalore,ORG,Indian Institute of Science Bangalore,INDIAN_INSTITUTE_OF_SCIENCE_BANGALORE,,
351,grants,Bengaluru,GPE,Bengaluru,BENGALURU,,
351,grants,Department of Science and Technology (DST),FUNDING_AGENCY,Department of Science and Technology (DST),DEPARTMENT_OF_SCIENCE_AND_TECHNOLOGY_DST,,
352,grants,Engineering Sciences,DEPARTMENT,Engineering Sciences,,,
352,grants,Indian Institute of Science Bangalore,ORG,Indian Institute of Science Bangalore,INDIAN_INSTITUTE_OF_SCIENCE_BANGALORE,,
352,grants,Bengaluru,GPE,Bengaluru,BENGALURU,,
352,grants,Department of Science and Technology (DST),FUNDING_AGENCY,Department of Science and Technology (DST),DEPARTMENT_OF_SCIENCE_AND_TECHNOLOGY_DST,,
353,grants,Engineering Sciences,DEPARTMENT,Engineering Sciences,,,
353,grants,Indian Institute of Science Bangalore,ORG,Indian Institute of Science Bangalore,INDIAN_INSTITUTE_OF_SCIENCE_BANGALORE,,
353,grants,Bengaluru,GPE,Bengaluru,BENGALURU,,
353,grants,ANRF,FUNDING_AGENCY,ANRF,ANRF,,
354,grants,Engineering Sciences,DEPARTMENT,Engineering Sciences,,,
354,grants,Indian Institute of Science Bangalore,ORG,Indian Institute of Science Bangalore,INDIAN_INSTITUTE_OF_SCIENCE_BANGALORE,,
354,grants,Bengaluru,GPE,Bengaluru,BENGALURU,,
354,grants,ANRF,FUNDING_AGENCY,ANRF,ANRF,,
355,grants,Engineering Sciences,DEPARTMENT,Engineering Sciences,,,
355,grants,Indian Institute of Science Bangalore,ORG,Indian Institute of Science Bangalore,INDIAN_INSTITUTE_OF_SCIENCE_BANGALORE,,
355,grants,Bengaluru,GPE,Bengaluru,BENGALURU,,
355,grants,ANRF,FUNDING_AGENCY,ANRF,ANRF,,
356,grants,Engineering Sciences,DEPARTMENT,Engineering Sciences,,,
356,grants,Indian Institute of Science Bangalore,ORG,Indian Institute of Science Bangalore,INDIAN_INSTITUTE_OF_SCIENCE_BANGALORE,,
356,grants,Bengaluru,GPE,Bengaluru,BENGALURU,,
356,grants,ANRF,FUNDING_AGENCY,ANRF,ANRF,,
357,grants,Engineering Sciences,DEPARTMENT,Engineering Sciences,,,
357,grants,Indian Institute of Science Bangalore,ORG,Indian Institute of Science Bangalore,INDIAN_INSTITUTE_OF_SCIENCE_BANGALORE,,
357,grants,Bengaluru,GPE,Bengaluru,BENGALURU,,
357,grants,ANRF,FUNDING_AGENCY,ANRF,ANRF,,
358,grants,Engineering Sciences,DEPARTMENT,Engineering Sciences,,,
358,grants,Indian Institute of Science Bangalore,ORG,Indian Institute of Science Bangalore,INDIAN_INSTITUTE_OF_SCIENCE_BANGALORE,,
358,grants,Bengaluru,GPE,Bengaluru,BENGALURU,,
358,grants,ANRF,FUNDING_AGENCY,ANRF,ANRF,,
359,grants,Engineering Sciences,DEPARTMENT,Engineering Sciences,,,
359,grants,Indian Institute of Science Bangalore,ORG,Indian Institute of Science Bangalore,INDIAN_INSTITUTE_OF_SCIENCE_BANGALORE,,
359,grants,Bengaluru,GPE,Bengaluru,BENGALURU,,
359,grants,ANRF,FUNDING_AGENCY,ANRF,ANRF,,
360,grants,Engineering Sciences,DEPARTMENT,Engineering Sciences,,,
360,grants,Indian Institute of Science Bangalore,ORG,Indian Institute of Science Bangalore,INDIAN_INSTITUTE_OF_SCIENCE_BANGALORE,,
360,grants,Bengaluru,GPE,Bengaluru,BENGALURU,,
360,grants,ANRF,FUNDING_AGENCY,ANRF,ANRF,,
361,grants,Engineering Sciences,DEPARTMENT,Engineering Sciences,,,
361,grants,Indian Institute of Science Bangalore,ORG,Indian Institute of Science Bangalore,INDIAN_INSTITUTE_OF_SCIENCE_BANGALORE,,
361,grants,Bengaluru,GPE,Bengaluru,BENGALURU,,
361,grants,ANRF,FUNDING_AGENCY,ANRF,ANRF,,
362,grants,Engineering Sciences,DEPARTMENT,Engineering Sciences,,,
362,grants,Indian Institute of Science Bangalore,ORG,Indian Institute of Science Bangalore,INDIAN_INSTITUTE_OF_SCIENCE_BANGALORE,,
362,grants,Bengaluru,GPE,Bengaluru,BENGALURU,,
362,grants,ANRF,FUNDING_AGENCY,ANRF,ANRF,,
363,grants,Engineering Sciences,DEPARTMENT,Engineering Sciences,,,
363,grants,Indian Institute of Science Bangalore,ORG,Indian Institute of Science Bangalore,INDIAN_INSTITUTE_OF_SCIENCE_BANGALORE,,
363,grants,Bengaluru,GPE,Bengaluru,BENGALURU,,
363,grants,ANRF,FUNDING_AGENCY,ANRF,ANRF,,
364,grants,Engineering Sciences,DEPARTMENT,Engineering Sciences,,,
364,grants,Indian Institute of Science Bangalore,ORG,Indian Institute of Science Bangalore,INDIAN_INSTITUTE_OF_SCIENCE_BANGALORE,,
364,grants,Bengaluru,GPE,Bengaluru,BENGALURU,,
364,grants,ANRF,FUNDING_AGENCY,ANRF,ANRF,,
365,grants,Engineering Sciences,DEPARTMENT,Engineering Sciences,,,
365,grants,Indian Institute of Science Bangalore,ORG,Indian Institute of Science Bangalore,INDIAN_INSTITUTE_OF_SCIENCE_BANGALORE,,
365,grants,Bengaluru,GPE,Bengaluru,BENGALURU,,
365,grants,ANRF,FUNDING_AGENCY,ANRF,ANRF,,
366,grants,Engineering Sciences,DEPARTMENT,Engineering Sciences,,,
366,grants,Indian Institute of Science Bangalore,ORG,Indian Institute of Science Bangalore,INDIAN_INSTITUTE_OF_SCIENCE_BANGALORE,,
366,grants,Bengaluru,GPE,Bengaluru,BENGALURU,,
366,grants,ANRF,FUNDING_AGENCY,ANRF,ANRF,,
367,grants,Engineering Sciences,DEPARTMENT,Engineering Sciences,,,
367,grants,Indian Institute of Science Bangalore,ORG,Indian Institute of Science Bangalore,INDIAN_INSTITUTE_OF_SCIENCE_BANGALORE,,
367,grants,Bengaluru,GPE,Bengaluru,BENGALURU,,
367,grants,ANRF,FUNDING_AGENCY,ANRF,ANRF,,
368,grants,Engineering Sciences,DEPARTMENT,Engineering Sciences,,,
368,grants,Indian Institute of Science Bangalore,ORG,Indian Institute of Science Bangalore,INDIAN_INSTITUTE_OF_SCIENCE_BANGALORE,,
368,grants,Bengaluru,GPE,Bengaluru,BENGALURU,,
368,grants,ANRF,FUNDING_AGENCY,ANRF,ANRF,,
369,grants,Engineering Sciences,DEPARTMENT,Engineering Sciences,,,
369,grants,Indian Institute of Science Bangalore,ORG,Indian Institute of Science Bangalore,INDIAN_INSTITUTE_OF_SCIENCE_BANGALORE,,
369,grants,Bengaluru,GPE,Bengaluru,BENGALURU,,
369,grants,ANRF,FUNDING_AGENCY,ANRF,ANRF,,
370,grants,Engineering Sciences,DEPARTMENT,Engineering Sciences,,,
370,grants,Indian Institute of Science Bangalore,ORG,Indian Institute of Science Bangalore,INDIAN_INSTITUTE_OF_SCIENCE_BANGALORE,,
370,grants,Bengaluru,GPE,Bengaluru,BENGALURU,,
370,grants,ANRF,FUNDING_AGENCY,ANRF,ANRF,,
371,grants,Engineering Sciences,DEPARTMENT,Engineering Sciences,,,
371,grants,Indian Institute of Science Bangalore,ORG,Indian Institute of Science Bangalore,INDIAN_INSTITUTE_OF_SCIENCE_BANGALORE,,
371,grants,Bengaluru,GPE,Bengaluru,BENGALURU,,
371,grants,ANRF,FUNDING_AGENCY,ANRF,ANRF,,
372,grants,Engineering Sciences,DEPARTMENT,Engineering Sciences,,,
372,grants,Indian Institute of Science Bangalore,ORG,Indian Institute of Science Bangalore,INDIAN_INSTITUTE_OF_SCIENCE_BANGALORE,,
372,grants,Bengaluru,GPE,Bengaluru,BENGALURU,,
372,grants,ANRF,FUNDING_AGENCY,ANRF,ANRF,,
373,grants,Engineering Sciences,DEPARTMENT,Engineering Sciences,,,
373,grants,Indian Institute of Science Bangalore,ORG,Indian Institute of Science Bangalore,INDIAN_INSTITUTE_OF_SCIENCE_BANGALORE,,
373,grants,Bengaluru,GPE,Bengaluru,BENGALURU,,
373,grants,ANRF,FUNDING_AGENCY,ANRF,ANRF,,
374,grants,Engineering Sciences,DEPARTMENT,Engineering Sciences,,,
374,grants,Indian Institute of Science Bangalore,ORG,Indian Institute of Science Bangalore,INDIAN_INSTITUTE_OF_SCIENCE_BANGALORE,,
374,grants,Bengaluru,GPE,Bengaluru,BENGALURU,,
374,grants,ANRF,FUNDING_AGENCY,ANRF,ANRF,,
375,grants,Engineering Sciences,DEPARTMENT,Engineering Sciences,,,
375,grants,Indian Institute of Science Bangalore,ORG,Indian Institute of Science Bangalore,INDIAN_INSTITUTE_OF_SCIENCE_BANGALORE,,
375,grants,Bengaluru,GPE,Bengaluru,BENGALURU,,
375,grants,ANRF,FUNDING_AGENCY,ANRF,ANRF,,
380,grants,Engineering Sciences,DEPARTMENT,Engineering Sciences,,,
380,grants,Indian Institute of Science Bangalore,ORG,Indian Institute of Science Bangalore,INDIAN_INSTITUTE_OF_SCIENCE_BANGALORE,,
380,grants,Bengaluru,GPE,Bengaluru,BENGALURU,,
380,grants,ANRF,FUNDING_AGENCY,ANRF,ANRF,,
376,grants,Engineering Sciences,DEPARTMENT,Engineering Sciences,,,
376,grants,Indian Institute of Science Bangalore,ORG,Indian Institute of Science Bangalore,INDIAN_INSTITUTE_OF_SCIENCE_BANGALORE,,
376,grants,Bengaluru,GPE,Bengaluru,BENGALURU,,
376,grants,ANRF,FUNDING_AGENCY,ANRF,ANRF,,
377,grants,Engineering Sciences,DEPARTMENT,Engineering Sciences,,,
377,grants,Indian Institute of Science Bangalore,ORG,Indian Institute of Science Bangalore,INDIAN_INSTITUTE_OF_SCIENCE_BANGALORE,,
377,grants,Bengaluru,GPE,Bengaluru,BENGALURU,,
377,grants,ANRF,FUNDING_AGENCY,ANRF,ANRF,,
378,grants,Engineering Sciences,DEPARTMENT,Engineering Sciences,,,
378,grants,Indian Institute of Science Bangalore,ORG,Indian Institute of Science Bangalore,INDIAN_INSTITUTE_OF_SCIENCE_BANGALORE,,
378,grants,Bengaluru,GPE,Bengaluru,BENGALURU,,
378,grants,ANRF,FUNDING_AGENCY,ANRF,ANRF,,
379,grants,Engineering Sciences,DEPARTMENT,Engineering Sciences,,,
379,grants,Indian Institute of Science Bangalore,ORG,Indian Institute of Science Bangalore,INDIAN_INSTITUTE_OF_SCIENCE_BANGALORE,,
379,grants,Bengaluru,GPE,Bengaluru,BENGALURU,,
379,grants,ANRF,FUNDING_AGENCY,ANRF,ANRF,,
381,grants,Engineering Sciences,DEPARTMENT,Engineering Sciences,,,
381,grants,Indian Institute of Science Bangalore,ORG,Indian Institute of Science Bangalore,INDIAN_INSTITUTE_OF_SCIENCE_BANGALORE,,
381,grants,Bengaluru,GPE,Bengaluru,BENGALURU,,
381,grants,ANRF,FUNDING_AGENCY,ANRF,ANRF,,
382,grants,Engineering Sciences,DEPARTMENT,Engineering Sciences,,,
382,grants,Indian Institute of Science Bangalore,ORG,Indian Institute of Science Bangalore,INDIAN_INSTITUTE_OF_SCIENCE_BANGALORE,,
382,grants,Bengaluru,GPE,Bengaluru,BENGALURU,,
382,grants,ANRF,FUNDING_AGENCY,ANRF,ANRF,,
383,grants,Engineering Sciences,DEPARTMENT,Engineering Sciences,,,
383,grants,Indian Institute of Science Bangalore,ORG,Indian Institute of Science Bangalore,INDIAN_INSTITUTE_OF_SCIENCE_BANGALORE,,
383,grants,Bengaluru,GPE,Bengaluru,BENGALURU,,
383,grants,ANRF,FUNDING_AGENCY,ANRF,ANRF,,
384,grants,Engineering Sciences,DEPARTMENT,Engineering Sciences,,,
384,grants,Indian Institute of Science Bangalore,ORG,Indian Institute of Science Bangalore,INDIAN_INSTITUTE_OF_SCIENCE_BANGALORE,,
384,grants,Bengaluru,GPE,Bengaluru,BENGALURU,,
384,grants,ANRF,FUNDING_AGENCY,ANRF,ANRF,,
385,grants,Engineering Sciences,DEPARTMENT,Engineering Sciences,,,
385,grants,Indian Institute of Science Bangalore,ORG,Indian Institute of Science Bangalore,INDIAN_INSTITUTE_OF_SCIENCE_BANGALORE,,
385,grants,Bengaluru,GPE,Bengaluru,BENGALURU,,
385,grants,ANRF,FUNDING_AGENCY,ANRF,ANRF,,
386,grants,Engineering Sciences,DEPARTMENT,Engineering Sciences,,,
386,grants,Indian Institute of Science Bangalore,ORG,Indian Institute of Science Bangalore,INDIAN_INSTITUTE_OF_SCIENCE_BANGALORE,,
386,grants,Bengaluru,GPE,Bengaluru,BENGALURU,,
386,grants,ANRF,FUNDING_AGENCY,ANRF,ANRF,,
387,grants,Engineering Sciences,DEPARTMENT,Engineering Sciences,,,
387,grants,Indian Institute of Science Bangalore,ORG,Indian Institute of Science Bangalore,INDIAN_INSTITUTE_OF_SCIENCE_BANGALORE,,
387,grants,Bengaluru,GPE,Bengaluru,BENGALURU,,
387,grants,ANRF,FUNDING_AGENCY,ANRF,ANRF,,
388,grants,Engineering Sciences,DEPARTMENT,Engineering Sciences,,,
388,grants,Indian Institute of Science Bangalore,ORG,Indian Institute of Science Bangalore,INDIAN_INSTITUTE_OF_SCIENCE_BANGALORE,,
388,grants,Bengaluru,GPE,Bengaluru,BENGALURU,,
388,grants,ANRF,FUNDING_AGENCY,ANRF,ANRF,,
389,grants,Engineering Sciences,DEPARTMENT,Engineering Sciences,,,
389,grants,Indian Institute of Science Bangalore,ORG,Indian Institute of Science Bangalore,INDIAN_INSTITUTE_OF_SCIENCE_BANGALORE,,
389,grants,Bengaluru,GPE,Bengaluru,BENGALURU,,
389,grants,ANRF,FUNDING_AGENCY,ANRF,ANRF,,
390,grants,Engineering Sciences,DEPARTMENT,Engineering Sciences,,,
390,grants,Indian Institute of Science Bangalore,ORG,Indian Institute of Science Bangalore,INDIAN_INSTITUTE_OF_SCIENCE_BANGALORE,,
390,grants,Bengaluru,GPE,Bengaluru,BENGALURU,,
390,grants,ANRF,FUNDING_AGENCY,ANRF,ANRF,,
391,grants,Engineering Sciences,DEPARTMENT,Engineering Sciences,,,
391,grants,Indian Institute of Science Bangalore,ORG,Indian Institute of Science Bangalore,INDIAN_INSTITUTE_OF_SCIENCE_BANGALORE,,
391,grants,Bengaluru,GPE,Bengaluru,BENGALURU,,
391,grants,ANRF,FUNDING_AGENCY,ANRF,ANRF,,
392,grants,Engineering Sciences,DEPARTMENT,Engineering Sciences,,,
392,grants,R V College of Engineering,ORG,R V College of Engineering,R_V_COLLEGE_OF_ENGINEERING,,
392,grants,Bengaluru,GPE,Bengaluru,BENGALURU,,
392,grants,ANRF,FUNDING_AGENCY,ANRF,ANRF,,
393,grants,Engineering Sciences,DEPARTMENT,Engineering Sciences,,,
393,grants,Indian Institute of Science Bangalore,ORG,Indian Institute of Science Bangalore,INDIAN_INSTITUTE_OF_SCIENCE_BANGALORE,,
393,grants,Bengaluru,GPE,Bengaluru,BENGALURU,,
393,grants,ANRF,FUNDING_AGENCY,ANRF,ANRF,,
394,grants,Engineering Sciences,DEPARTMENT,Engineering Sciences,,,
394,grants,B.M.S. College of Engineering,ORG,B.M.S. College of Engineering,BMS_COLLEGE_OF_ENGINEERING,,
394,grants,Bengaluru,GPE,Bengaluru,BENGALURU,,
394,grants,ANRF,FUNDING_AGENCY,ANRF,ANRF,,
395,grants,Engineering Sciences,DEPARTMENT,Engineering Sciences,,,
395,grants,Indian Institute of Science Bangalore,ORG,Indian Institute of Science Bangalore,INDIAN_INSTITUTE_OF_SCIENCE_BANGALORE,,
395,grants,Bengaluru,GPE,Bengaluru,BENGALURU,,
395,grants,ANRF,FUNDING_AGENCY,ANRF,ANRF,,
396,grants,Engineering Sciences,DEPARTMENT,Engineering Sciences,,,
396,grants,Indian Institute of Science Bangalore,ORG,Indian Institute of Science Bangalore,INDIAN_INSTITUTE_OF_SCIENCE_BANGALORE,,
396,grants,Bengaluru,GPE,Bengaluru,BENGALURU,,
396,grants,ANRF,FUNDING_AGENCY,ANRF,ANRF,,
397,grants,Engineering Sciences,DEPARTMENT,Engineering Sciences,,,
397,grants,Indian Institute of Science Bangalore,ORG,Indian Institute of Science Bangalore,INDIAN_INSTITUTE_OF_SCIENCE_BANGALORE,,
397,grants,Bengaluru,GPE,Bengaluru,BENGALURU,,
397,grants,ANRF,FUNDING_AGENCY,ANRF,ANRF,,
398,grants,Engineering Sciences,DEPARTMENT,Engineering Sciences,,,
398,grants,Indian Institute of Science Bangalore,ORG,Indian Institute of Science Bangalore,INDIAN_INSTITUTE_OF_SCIENCE_BANGALORE,,
398,grants,Bengaluru,GPE,Bengaluru,BENGALURU,,
398,grants,ANRF,FUNDING_AGENCY,ANRF,ANRF,,
399,grants,Engineering Sciences,DEPARTMENT,Engineering Sciences,,,
399,grants,Indian Institute of Science Bangalore,ORG,Indian Institute of Science Bangalore,INDIAN_INSTITUTE_OF_SCIENCE_BANGALORE,,
399,grants,Bengaluru,GPE,Bengaluru,BENGALURU,,
399,grants,ANRF,FUNDING_AGENCY,ANRF,ANRF,,
400,grants,India,GPE,India,INDIA,61,66
400,grants,Engineering Sciences,DEPARTMENT,Engineering Sciences,,,
400,grants,Indian Institute of Science Bangalore,ORG,Indian Institute of Science Bangalore,INDIAN_INSTITUTE_OF_SCIENCE_BANGALORE,,
400,grants,Bengaluru,GPE,Bengaluru,BENGALURU,,
400,grants,ANRF,FUNDING_AGENCY,ANRF,ANRF,,
401,grants,Engineering Sciences,DEPARTMENT,Engineering Sciences,,,
401,grants,Indian Institute of Science Bangalore,ORG,Indian Institute of Science Bangalore,INDIAN_INSTITUTE_OF_SCIENCE_BANGALORE,,
401,grants,Bengaluru,GPE,Bengaluru,BENGALURU,,
401,grants,ANRF,FUNDING_AGENCY,ANRF,ANRF,,
402,grants,Engineering Sciences,DEPARTMENT,Engineering Sciences,,,
402,grants,Indian Institute of Science Bangalore,ORG,Indian Institute of Science Bangalore,INDIAN_INSTITUTE_OF_SCIENCE_BANGALORE,,
402,grants,Bengaluru,GPE,Bengaluru,BENGALURU,,
402,grants,ANRF,FUNDING_AGENCY,ANRF,ANRF,,
403,grants,Engineering Sciences,DEPARTMENT,Engineering Sciences,,,
403,grants,Indian Institute of Science Bangalore,ORG,Indian Institute of Science Bangalore,INDIAN_INSTITUTE_OF_SCIENCE_BANGALORE,,
403,grants,Bengaluru,GPE,Bengaluru,BENGALURU,,
403,grants,ANRF,FUNDING_AGENCY,ANRF,ANRF,,
404,grants,Engineering Sciences,DEPARTMENT,Engineering Sciences,,,
404,grants,Indian Institute of Science Bangalore,ORG,Indian Institute of Science Bangalore,INDIAN_INSTITUTE_OF_SCIENCE_BANGALORE,,
404,grants,Bengaluru,GPE,Bengaluru,BENGALURU,,
404,grants,ANRF,FUNDING_AGENCY,ANRF,ANRF,,
405,grants,Computer Sciences and Information Technology,DEPARTMENT,Computer Sciences and Information Technology,,,
405,grants,Indian Institute of Science Bangalore,ORG,Indian Institute of Science Bangalore,INDIAN_INSTITUTE_OF_SCIENCE_BANGALORE,,
405,grants,Bengaluru,GPE,Bengaluru,BENGALURU,,
405,grants,ANRF,FUNDING_AGENCY,ANRF,ANRF,,
406,grants,Computer Sciences and Information Technology,DEPARTMENT,Computer Sciences and Information Technology,,,
406,grants,Indian Institute of Science Bangalore,ORG,Indian Institute of Science Bangalore,INDIAN_INSTITUTE_OF_SCIENCE_BANGALORE,,
406,grants,Bengaluru,GPE,Bengaluru,BENGALURU,,
406,grants,ANRF,FUNDING_AGENCY,ANRF,ANRF,,
407,grants,Computer Sciences and Information Technology,DEPARTMENT,Computer Sciences and Information Technology,,,
407,grants,Indian Institute of Science Bangalore,ORG,Indian Institute of Science Bangalore,INDIAN_INSTITUTE_OF_SCIENCE_BANGALORE,,
407,grants,Bengaluru,GPE,Bengaluru,BENGALURU,,
407,grants,ANRF,FUNDING_AGENCY,ANRF,ANRF,,
408,grants,Computer Sciences and Information Technology,DEPARTMENT,Computer Sciences and Information Technology,,,
408,grants,Indian Institute of Science Bangalore,ORG,Indian Institute of Science Bangalore,INDIAN_INSTITUTE_OF_SCIENCE_BANGALORE,,
408,grants,Bengaluru,GPE,Bengaluru,BENGALURU,,
408,grants,ANRF,FUNDING_AGENCY,ANRF,ANRF,,
409,grants,Computer Sciences and Information Technology,DEPARTMENT,Computer Sciences and Information Technology,,,
409,grants,Indian Institute of Science Bangalore,ORG,Indian Institute of Science Bangalore,INDIAN_INSTITUTE_OF_SCIENCE_BANGALORE,,
409,grants,Bengaluru,GPE,Bengaluru,BENGALURU,,
409,grants,Department of Science and Technology (DST) Source: Department of Science and Technology (DST),FUNDING_AGENCY,Department of Science and Technology (DST) Source: Department of Science and Technology (DST),DEPARTMENT_OF_SCIENCE_AND_TECHNOLOGY_DST_SOURCE_DEPARTMENT_OF_SCIENCE_AND_TECHNOLOGY_DST,,
410,grants,Computer Sciences and Information Technology,DEPARTMENT,Computer Sciences and Information Technology,,,
410,grants,Indian Institute of Science Bangalore,ORG,Indian Institute of Science Bangalore,INDIAN_INSTITUTE_OF_SCIENCE_BANGALORE,,
410,grants,Bengaluru,GPE,Bengaluru,BENGALURU,,
410,grants,ANRF,FUNDING_AGENCY,ANRF,ANRF,,
411,grants,Computer Sciences and Information Technology,DEPARTMENT,Computer Sciences and Information Technology,,,
411,grants,Indian Institute of Science Bangalore,ORG,Indian Institute of Science Bangalore,INDIAN_INSTITUTE_OF_SCIENCE_BANGALORE,,
411,grants,Bengaluru,GPE,Bengaluru,BENGALURU,,
411,grants,ANRF,FUNDING_AGENCY,ANRF,ANRF,,
412,grants,Computer Sciences and Information Technology,DEPARTMENT,Computer Sciences and Information Technology,,,
412,grants,Indian Institute of Science Bangalore,ORG,Indian Institute of Science Bangalore,INDIAN_INSTITUTE_OF_SCIENCE_BANGALORE,,
412,grants,Bengaluru,GPE,Bengaluru,BENGALURU,,
412,grants,ANRF,FUNDING_AGENCY,ANRF,ANRF,,
413,grants,Computer Sciences and Information Technology,DEPARTMENT,Computer Sciences and Information Technology,,,
413,grants,Indian Institute of Science Bangalore,ORG,Indian Institute of Science Bangalore,INDIAN_INSTITUTE_OF_SCIENCE_BANGALORE,,
413,grants,Bengaluru,GPE,Bengaluru,BENGALURU,,
413,grants,ANRF,FUNDING_AGENCY,ANRF,ANRF,,
414,grants,Computer Sciences and Information Technology,DEPARTMENT,Computer Sciences and Information Technology,,,
414,grants,International Institute of Information Technology Bangalore,ORG,International Institute of Information Technology Bangalore,INTERNATIONAL_INSTITUTE_OF_INFORMATION_TECHNOLOGY_BANGALORE,,
414,grants,Bengaluru,GPE,Bengaluru,BENGALURU,,
414,grants,ANRF,FUNDING_AGENCY,ANRF,ANRF,,
415,grants,Computer Sciences and Information Technology,DEPARTMENT,Computer Sciences and Information Technology,,,
415,grants,Indian Institute of Science Bangalore,ORG,Indian Institute of Science Bangalore,INDIAN_INSTITUTE_OF_SCIENCE_BANGALORE,,
415,grants,Bengaluru,GPE,Bengaluru,BENGALURU,,
416,grants,Computer Sciences and Information Technology,DEPARTMENT,Computer Sciences and Information Technology,,,
416,grants,Indian Institute of Science Bangalore,ORG,Indian Institute of Science Bangalore,INDIAN_INSTITUTE_OF_SCIENCE_BANGALORE,,
416,grants,Bengaluru,GPE,Bengaluru,BENGALURU,,
417,grants,Computer Sciences and Information Technology,DEPARTMENT,Computer Sciences and Information Technology,,,
417,grants,Indian Institute of Science Bangalore,ORG,Indian Institute of Science Bangalore,INDIAN_INSTITUTE_OF_SCIENCE_BANGALORE,,
417,grants,Bengaluru,GPE,Bengaluru,BENGALURU,,
418,grants,Computer Sciences and Information Technology,DEPARTMENT,Computer Sciences and Information Technology,,,
418,grants,Indian Institute of Science Bangalore,ORG,Indian Institute of Science Bangalore,INDIAN_INSTITUTE_OF_SCIENCE_BANGALORE,,
418,grants,Bengaluru,GPE,Bengaluru,BENGALURU,,
419,grants,Computer Sciences and Information Technology,DEPARTMENT,Computer Sciences and Information Technology,,,
419,grants,Indian Institute of Science Bangalore,ORG,Indian Institute of Science Bangalore,INDIAN_INSTITUTE_OF_SCIENCE_BANGALORE,,
419,grants,Bengaluru,GPE,Bengaluru,BENGALURU,,
420,grants,Computer Sciences and Information Technology,DEPARTMENT,Computer Sciences and Information Technology,,,
420,grants,Indian Institute of Science Bangalore,ORG,Indian Institute of Science Bangalore,INDIAN_INSTITUTE_OF_SCIENCE_BANGALORE,,
420,grants,Bengaluru,GPE,Bengaluru,BENGALURU,,
421,grants,Computer Sciences and Information Technology,DEPARTMENT,Computer Sciences and Information Technology,,,
421,grants,Indian Institute of Science Bangalore,ORG,Indian Institute of Science Bangalore,INDIAN_INSTITUTE_OF_SCIENCE_BANGALORE,,
421,grants,Bengaluru,GPE,Bengaluru,BENGALURU,,
422,grants,Computer Sciences and Information Technology,DEPARTMENT,Computer Sciences and Information Technology,,,
422,grants,Indian Institute of Science Bangalore,ORG,Indian Institute of Science Bangalore,INDIAN_INSTITUTE_OF_SCIENCE_BANGALORE,,
422,grants,Bengaluru,GPE,Bengaluru,BENGALURU,,
423,grants,Computer Sciences and Information Technology,DEPARTMENT,Computer Sciences and Information Technology,,,
423,grants,Indian Institute of Science Bangalore,ORG,Indian Institute of Science Bangalore,INDIAN_INSTITUTE_OF_SCIENCE_BANGALORE,,
423,grants,Bengaluru,GPE,Bengaluru,BENGALURU,,
424,grants,Computer Sciences and Information Technology,DEPARTMENT,Computer Sciences and Information Technology,,,
424,grants,Indian Institute of Science Bangalore,ORG,Indian Institute of Science Bangalore,INDIAN_INSTITUTE_OF_SCIENCE_BANGALORE,,
424,grants,Bengaluru,GPE,Bengaluru,BENGALURU,,
425,grants,Computer Sciences and Information Technology,DEPARTMENT,Computer Sciences and Information Technology,,,
425,grants,Indian Institute of Science Bangalore,ORG,Indian Institute of Science Bangalore,INDIAN_INSTITUTE_OF_SCIENCE_BANGALORE,,
425,grants,Bengaluru,GPE,Bengaluru,BENGALURU,,
426,grants,Computer Sciences and Information Technology,DEPARTMENT,Computer Sciences and Information Technology,,,
426,grants,Indian Institute of Science Bangalore,ORG,Indian Institute of Science Bangalore,INDIAN_INSTITUTE_OF_SCIENCE_BANGALORE,,
426,grants,Bengaluru,GPE,Bengaluru,BENGALURU,,
427,grants,Computer Sciences and Information Technology,DEPARTMENT,Computer Sciences and Information Technology,,,
427,grants,Indian Institute of Science Bangalore,ORG,Indian Institute of Science Bangalore,INDIAN_INSTITUTE_OF_SCIENCE_BANGALORE,,
427,grants,Bengaluru,GPE,Bengaluru,BENGALURU,,
428,grants,Computer Sciences and Information Technology,DEPARTMENT,Computer Sciences and Information Technology,,,
428,grants,Indian Institute of Science Bangalore,ORG,Indian Institute of Science Bangalore,INDIAN_INSTITUTE_OF_SCIENCE_BANGALORE,,
428,grants,Bengaluru,GPE,Bengaluru,BENGALURU,,
429,grants,Computer Sciences and Information Technology,DEPARTMENT,Computer Sciences and Information Technology,,,
429,grants,Indian Institute of Science Bangalore,ORG,Indian Institute of Science Bangalore,INDIAN_INSTITUTE_OF_SCIENCE_BANGALORE,,
429,grants,Bengaluru,GPE,Bengaluru,BENGALURU,,
430,grants,Computer Sciences and Information Technology,DEPARTMENT,Computer Sciences and Information Technology,,,
430,grants,Indian Institute of Science Bangalore,ORG,Indian Institute of Science Bangalore,INDIAN_INSTITUTE_OF_SCIENCE_BANGALORE,,
430,grants,Bengaluru,GPE,Bengaluru,BENGALURU,,
431,grants,Computer Sciences and Information Technology,DEPARTMENT,Computer Sciences and Information Technology,,,
431,grants,Indian Institute of Science Bangalore,ORG,Indian Institute of Science Bangalore,INDIAN_INSTITUTE_OF_SCIENCE_BANGALORE,,
431,grants,Bengaluru,GPE,Bengaluru,BENGALURU,,
432,grants,Computer Sciences and Information Technology,DEPARTMENT,Computer Sciences and Information Technology,,,
432,grants,Indian Institute of Science Bangalore,ORG,Indian Institute of Science Bangalore,INDIAN_INSTITUTE_OF_SCIENCE_BANGALORE,,
432,grants,Bengaluru,GPE,Bengaluru,BENGALURU,,
433,grants,Computer Sciences and Information Technology,DEPARTMENT,Computer Sciences and Information Technology,,,
433,grants,Indian Institute of Science Bangalore,ORG,Indian Institute of Science Bangalore,INDIAN_INSTITUTE_OF_SCIENCE_BANGALORE,,
433,grants,Bengaluru,GPE,Bengaluru,BENGALURU,,
434,grants,India,GPE,India,INDIA,45,50
434,grants,Computer Sciences and Information Technology,DEPARTMENT,Computer Sciences and Information Technology,,,
434,grants,Indian Institute of Science Bangalore,ORG,Indian Institute of Science Bangalore,INDIAN_INSTITUTE_OF_SCIENCE_BANGALORE,,
434,grants,Bengaluru,GPE,Bengaluru,BENGALURU,,
435,grants,Computer Sciences and Information Technology,DEPARTMENT,Computer Sciences and Information Technology,,,
435,grants,Indian Institute of Science Bangalore,ORG,Indian Institute of Science Bangalore,INDIAN_INSTITUTE_OF_SCIENCE_BANGALORE,,
435,grants,Bengaluru,GPE,Bengaluru,BENGALURU,,
436,grants,Computer Sciences and Information Technology,DEPARTMENT,Computer Sciences and Information Technology,,,
436,grants,Indian Institute of Science Bangalore,ORG,Indian Institute of Science Bangalore,INDIAN_INSTITUTE_OF_SCIENCE_BANGALORE,,
436,grants,Bengaluru,GPE,Bengaluru,BENGALURU,,
437,grants,Computer Sciences and Information Technology,DEPARTMENT,Computer Sciences and Information Technology,,,
437,grants,Indian Institute of Science Bangalore,ORG,Indian Institute of Science Bangalore,INDIAN_INSTITUTE_OF_SCIENCE_BANGALORE,,
437,grants,Bengaluru,GPE,Bengaluru,BENGALURU,,
438,grants,Computer Sciences and Information Technology,DEPARTMENT,Computer Sciences and Information Technology,,,
438,grants,Indian Institute of Science Bangalore,ORG,Indian Institute of Science Bangalore,INDIAN_INSTITUTE_OF_SCIENCE_BANGALORE,,
438,grants,Bengaluru,GPE,Bengaluru,BENGALURU,,
438,grants,"Department of Science and Technology (DST), Govt of India Ministry of Education (MoE), Govt of India",FUNDING_AGENCY,"Department of Science and Technology (DST), Govt of India Ministry of Education (MoE), Govt of India",DEPARTMENT_OF_SCIENCE_AND_TECHNOLOGY_DST_GOVT_OF_INDIA_MINISTRY_OF_EDUCATION_MOE_GOVT_OF_INDIA,,
439,grants,Computer Sciences and Information Technology,DEPARTMENT,Computer Sciences and Information Technology,,,
439,grants,Indian Institute of Science Bangalore,ORG,Indian Institute of Science Bangalore,INDIAN_INSTITUTE_OF_SCIENCE_BANGALORE,,
439,grants,Bengaluru,GPE,Bengaluru,BENGALURU,,
439,grants,ANRF,FUNDING_AGENCY,ANRF,ANRF,,
440,grants,Computer Sciences and Information Technology,DEPARTMENT,Computer Sciences and Information Technology,,,
440,grants,Indian Institute of Science Bangalore,ORG,Indian Institute of Science Bangalore,INDIAN_INSTITUTE_OF_SCIENCE_BANGALORE,,
440,grants,Bengaluru,GPE,Bengaluru,BENGALURU,,
440,grants,"Department of Science and Technology (DST), Govt of India Ministry of Education (MoE), Govt of India",FUNDING_AGENCY,"Department of Science and Technology (DST), Govt of India Ministry of Education (MoE), Govt of India",DEPARTMENT_OF_SCIENCE_AND_TECHNOLOGY_DST_GOVT_OF_INDIA_MINISTRY_OF_EDUCATION_MOE_GOVT_OF_INDIA,,
441,grants,Computer Sciences and Information Technology,DEPARTMENT,Computer Sciences and Information Technology,,,
441,grants,Indian Institute of Science Bangalore,ORG,Indian Institute of Science Bangalore,INDIAN_INSTITUTE_OF_SCIENCE_BANGALORE,,
441,grants,Bengaluru,GPE,Bengaluru,BENGALURU,,
441,grants,Department of Science and Technology,FUNDING_AGENCY,Department of Science and Technology,DEPARTMENT_OF_SCIENCE_AND_TECHNOLOGY,,
442,grants,Computer Sciences and Information Technology,DEPARTMENT,Computer Sciences and Information Technology,,,
442,grants,Indian Institute of Science Bangalore,ORG,Indian Institute of Science Bangalore,INDIAN_INSTITUTE_OF_SCIENCE_BANGALORE,,
442,grants,Bengaluru,GPE,Bengaluru,BENGALURU,,
442,grants,"Department of Science and Technology (DST), Govt. of India",FUNDING_AGENCY,"Department of Science and Technology (DST), Govt. of India",DEPARTMENT_OF_SCIENCE_AND_TECHNOLOGY_DST_GOVT_OF_INDIA,,
